<?xml version="1.0" encoding="UTF-8"?>
<gpx creator="StravaGPX" version="1.1" xmlns="http://www.topografix.com/GPX/1/1" xmlns:xsi="http://www.w3.org/2001/XMLSchema-instance" xsi:schemaLocation="http://www.topografix.com/GPX/1/1 http://www.topografix.com/GPX/1/1/gpx.xsd">
 <metadata>
  <time>2025-04-02T17:52:05Z</time>
 </metadata>
 <trk>
  <name>Course à pied le soir</name>
  <type>running</type>
  <trkseg>
   <trkpt lat="45.7637410" lon="4.7756540">
    <ele>221.1</ele>
    <time>2025-04-02T17:52:05Z</time>
   </trkpt>
   <trkpt lat="45.7637410" lon="4.7756540">
    <ele>221.1</ele>
    <time>2025-04-02T17:52:08Z</time>
   </trkpt>
   <trkpt lat="45.7637330" lon="4.7756370">
    <ele>221.1</ele>
    <time>2025-04-02T17:52:09Z</time>
   </trkpt>
   <trkpt lat="45.7637160" lon="4.7755980">
    <ele>221.1</ele>
    <time>2025-04-02T17:52:10Z</time>
   </trkpt>
   <trkpt lat="45.7637100" lon="4.7755840">
    <ele>221.1</ele>
    <time>2025-04-02T17:52:11Z</time>
   </trkpt>
   <trkpt lat="45.7636880" lon="4.7755540">
    <ele>221.0</ele>
    <time>2025-04-02T17:52:12Z</time>
   </trkpt>
   <trkpt lat="45.7636820" lon="4.7755470">
    <ele>221.0</ele>
    <time>2025-04-02T17:52:13Z</time>
   </trkpt>
   <trkpt lat="45.7636710" lon="4.7755110">
    <ele>221.0</ele>
    <time>2025-04-02T17:52:14Z</time>
   </trkpt>
   <trkpt lat="45.7636660" lon="4.7754990">
    <ele>221.0</ele>
    <time>2025-04-02T17:52:15Z</time>
   </trkpt>
   <trkpt lat="45.7636630" lon="4.7754400">
    <ele>221.0</ele>
    <time>2025-04-02T17:52:16Z</time>
   </trkpt>
   <trkpt lat="45.7636610" lon="4.7754190">
    <ele>221.0</ele>
    <time>2025-04-02T17:52:17Z</time>
   </trkpt>
   <trkpt lat="45.7636530" lon="4.7753820">
    <ele>221.0</ele>
    <time>2025-04-02T17:52:18Z</time>
   </trkpt>
   <trkpt lat="45.7636530" lon="4.7753270">
    <ele>221.0</ele>
    <time>2025-04-02T17:52:19Z</time>
   </trkpt>
   <trkpt lat="45.7636540" lon="4.7753110">
    <ele>221.0</ele>
    <time>2025-04-02T17:52:20Z</time>
   </trkpt>
   <trkpt lat="45.7636620" lon="4.7752690">
    <ele>221.0</ele>
    <time>2025-04-02T17:52:21Z</time>
   </trkpt>
   <trkpt lat="45.7636630" lon="4.7752110">
    <ele>221.0</ele>
    <time>2025-04-02T17:52:22Z</time>
   </trkpt>
   <trkpt lat="45.7636330" lon="4.7751510">
    <ele>221.0</ele>
    <time>2025-04-02T17:52:23Z</time>
   </trkpt>
   <trkpt lat="45.7635950" lon="4.7751080">
    <ele>220.9</ele>
    <time>2025-04-02T17:52:24Z</time>
   </trkpt>
   <trkpt lat="45.7635590" lon="4.7750730">
    <ele>220.9</ele>
    <time>2025-04-02T17:52:25Z</time>
   </trkpt>
   <trkpt lat="45.7635320" lon="4.7750250">
    <ele>220.9</ele>
    <time>2025-04-02T17:52:26Z</time>
   </trkpt>
   <trkpt lat="45.7635260" lon="4.7749850">
    <ele>220.9</ele>
    <time>2025-04-02T17:52:27Z</time>
   </trkpt>
   <trkpt lat="45.7635500" lon="4.7749210">
    <ele>220.9</ele>
    <time>2025-04-02T17:52:28Z</time>
   </trkpt>
   <trkpt lat="45.7635590" lon="4.7748750">
    <ele>220.9</ele>
    <time>2025-04-02T17:52:29Z</time>
   </trkpt>
   <trkpt lat="45.7635630" lon="4.7748320">
    <ele>220.9</ele>
    <time>2025-04-02T17:52:30Z</time>
   </trkpt>
   <trkpt lat="45.7635640" lon="4.7747910">
    <ele>220.9</ele>
    <time>2025-04-02T17:52:31Z</time>
   </trkpt>
   <trkpt lat="45.7635650" lon="4.7747360">
    <ele>220.9</ele>
    <time>2025-04-02T17:52:32Z</time>
   </trkpt>
   <trkpt lat="45.7635660" lon="4.7747180">
    <ele>220.9</ele>
    <time>2025-04-02T17:52:33Z</time>
   </trkpt>
   <trkpt lat="45.7636320" lon="4.7747190">
    <ele>220.8</ele>
    <time>2025-04-02T17:52:34Z</time>
   </trkpt>
   <trkpt lat="45.7636220" lon="4.7746700">
    <ele>220.8</ele>
    <time>2025-04-02T17:52:35Z</time>
   </trkpt>
   <trkpt lat="45.7636110" lon="4.7746290">
    <ele>220.8</ele>
    <time>2025-04-02T17:52:36Z</time>
   </trkpt>
   <trkpt lat="45.7636220" lon="4.7745910">
    <ele>220.8</ele>
    <time>2025-04-02T17:52:37Z</time>
   </trkpt>
   <trkpt lat="45.7636190" lon="4.7745760">
    <ele>220.8</ele>
    <time>2025-04-02T17:52:38Z</time>
   </trkpt>
   <trkpt lat="45.7636790" lon="4.7745550">
    <ele>220.7</ele>
    <time>2025-04-02T17:52:39Z</time>
   </trkpt>
   <trkpt lat="45.7636430" lon="4.7744990">
    <ele>220.7</ele>
    <time>2025-04-02T17:52:40Z</time>
   </trkpt>
   <trkpt lat="45.7636220" lon="4.7744610">
    <ele>220.7</ele>
    <time>2025-04-02T17:52:41Z</time>
   </trkpt>
   <trkpt lat="45.7636120" lon="4.7744150">
    <ele>220.7</ele>
    <time>2025-04-02T17:52:42Z</time>
   </trkpt>
   <trkpt lat="45.7636100" lon="4.7743760">
    <ele>220.6</ele>
    <time>2025-04-02T17:52:43Z</time>
   </trkpt>
   <trkpt lat="45.7636010" lon="4.7743290">
    <ele>220.6</ele>
    <time>2025-04-02T17:52:44Z</time>
   </trkpt>
   <trkpt lat="45.7636000" lon="4.7742910">
    <ele>220.6</ele>
    <time>2025-04-02T17:52:45Z</time>
   </trkpt>
   <trkpt lat="45.7636080" lon="4.7742360">
    <ele>220.6</ele>
    <time>2025-04-02T17:52:46Z</time>
   </trkpt>
   <trkpt lat="45.7636120" lon="4.7742130">
    <ele>220.6</ele>
    <time>2025-04-02T17:52:47Z</time>
   </trkpt>
   <trkpt lat="45.7636030" lon="4.7741760">
    <ele>220.6</ele>
    <time>2025-04-02T17:52:48Z</time>
   </trkpt>
   <trkpt lat="45.7636070" lon="4.7741150">
    <ele>220.6</ele>
    <time>2025-04-02T17:52:49Z</time>
   </trkpt>
   <trkpt lat="45.7636050" lon="4.7740930">
    <ele>220.6</ele>
    <time>2025-04-02T17:52:50Z</time>
   </trkpt>
   <trkpt lat="45.7636080" lon="4.7740510">
    <ele>220.6</ele>
    <time>2025-04-02T17:52:51Z</time>
   </trkpt>
   <trkpt lat="45.7636090" lon="4.7740080">
    <ele>220.6</ele>
    <time>2025-04-02T17:52:52Z</time>
   </trkpt>
   <trkpt lat="45.7636000" lon="4.7739670">
    <ele>220.6</ele>
    <time>2025-04-02T17:52:53Z</time>
   </trkpt>
   <trkpt lat="45.7636070" lon="4.7739180">
    <ele>220.6</ele>
    <time>2025-04-02T17:52:54Z</time>
   </trkpt>
   <trkpt lat="45.7636120" lon="4.7739020">
    <ele>220.6</ele>
    <time>2025-04-02T17:52:55Z</time>
   </trkpt>
   <trkpt lat="45.7636070" lon="4.7738530">
    <ele>220.6</ele>
    <time>2025-04-02T17:52:56Z</time>
   </trkpt>
   <trkpt lat="45.7636030" lon="4.7738130">
    <ele>220.6</ele>
    <time>2025-04-02T17:52:57Z</time>
   </trkpt>
   <trkpt lat="45.7635960" lon="4.7737720">
    <ele>220.7</ele>
    <time>2025-04-02T17:52:58Z</time>
   </trkpt>
   <trkpt lat="45.7635770" lon="4.7737130">
    <ele>220.7</ele>
    <time>2025-04-02T17:52:59Z</time>
   </trkpt>
   <trkpt lat="45.7635670" lon="4.7736870">
    <ele>220.7</ele>
    <time>2025-04-02T17:53:00Z</time>
   </trkpt>
   <trkpt lat="45.7635530" lon="4.7736340">
    <ele>220.7</ele>
    <time>2025-04-02T17:53:01Z</time>
   </trkpt>
   <trkpt lat="45.7635490" lon="4.7736130">
    <ele>220.7</ele>
    <time>2025-04-02T17:53:02Z</time>
   </trkpt>
   <trkpt lat="45.7635480" lon="4.7735680">
    <ele>220.7</ele>
    <time>2025-04-02T17:53:03Z</time>
   </trkpt>
   <trkpt lat="45.7635440" lon="4.7735280">
    <ele>220.7</ele>
    <time>2025-04-02T17:53:04Z</time>
   </trkpt>
   <trkpt lat="45.7635430" lon="4.7734840">
    <ele>220.8</ele>
    <time>2025-04-02T17:53:05Z</time>
   </trkpt>
   <trkpt lat="45.7635480" lon="4.7734340">
    <ele>220.8</ele>
    <time>2025-04-02T17:53:06Z</time>
   </trkpt>
   <trkpt lat="45.7635500" lon="4.7734170">
    <ele>220.9</ele>
    <time>2025-04-02T17:53:07Z</time>
   </trkpt>
   <trkpt lat="45.7635610" lon="4.7733710">
    <ele>220.9</ele>
    <time>2025-04-02T17:53:08Z</time>
   </trkpt>
   <trkpt lat="45.7635610" lon="4.7733520">
    <ele>220.9</ele>
    <time>2025-04-02T17:53:09Z</time>
   </trkpt>
   <trkpt lat="45.7635920" lon="4.7733140">
    <ele>221.0</ele>
    <time>2025-04-02T17:53:10Z</time>
   </trkpt>
   <trkpt lat="45.7636010" lon="4.7732940">
    <ele>221.0</ele>
    <time>2025-04-02T17:53:11Z</time>
   </trkpt>
   <trkpt lat="45.7635950" lon="4.7732420">
    <ele>221.1</ele>
    <time>2025-04-02T17:53:12Z</time>
   </trkpt>
   <trkpt lat="45.7636020" lon="4.7731980">
    <ele>221.2</ele>
    <time>2025-04-02T17:53:13Z</time>
   </trkpt>
   <trkpt lat="45.7636030" lon="4.7731480">
    <ele>221.4</ele>
    <time>2025-04-02T17:53:14Z</time>
   </trkpt>
   <trkpt lat="45.7636000" lon="4.7731310">
    <ele>221.4</ele>
    <time>2025-04-02T17:53:15Z</time>
   </trkpt>
   <trkpt lat="45.7635960" lon="4.7730920">
    <ele>221.6</ele>
    <time>2025-04-02T17:53:16Z</time>
   </trkpt>
   <trkpt lat="45.7635940" lon="4.7730440">
    <ele>221.8</ele>
    <time>2025-04-02T17:53:17Z</time>
   </trkpt>
   <trkpt lat="45.7635960" lon="4.7729920">
    <ele>221.9</ele>
    <time>2025-04-02T17:53:18Z</time>
   </trkpt>
   <trkpt lat="45.7635940" lon="4.7729770">
    <ele>222.0</ele>
    <time>2025-04-02T17:53:19Z</time>
   </trkpt>
   <trkpt lat="45.7635950" lon="4.7729240">
    <ele>222.2</ele>
    <time>2025-04-02T17:53:20Z</time>
   </trkpt>
   <trkpt lat="45.7635950" lon="4.7729050">
    <ele>222.2</ele>
    <time>2025-04-02T17:53:21Z</time>
   </trkpt>
   <trkpt lat="45.7635980" lon="4.7728510">
    <ele>222.4</ele>
    <time>2025-04-02T17:53:22Z</time>
   </trkpt>
   <trkpt lat="45.7635990" lon="4.7728310">
    <ele>222.6</ele>
    <time>2025-04-02T17:53:23Z</time>
   </trkpt>
   <trkpt lat="45.7635960" lon="4.7727810">
    <ele>222.8</ele>
    <time>2025-04-02T17:53:24Z</time>
   </trkpt>
   <trkpt lat="45.7635960" lon="4.7727630">
    <ele>222.9</ele>
    <time>2025-04-02T17:53:25Z</time>
   </trkpt>
   <trkpt lat="45.7635980" lon="4.7727060">
    <ele>223.3</ele>
    <time>2025-04-02T17:53:26Z</time>
   </trkpt>
   <trkpt lat="45.7635960" lon="4.7726840">
    <ele>223.4</ele>
    <time>2025-04-02T17:53:27Z</time>
   </trkpt>
   <trkpt lat="45.7636000" lon="4.7726270">
    <ele>223.7</ele>
    <time>2025-04-02T17:53:28Z</time>
   </trkpt>
   <trkpt lat="45.7636020" lon="4.7726070">
    <ele>223.8</ele>
    <time>2025-04-02T17:53:29Z</time>
   </trkpt>
   <trkpt lat="45.7636090" lon="4.7725620">
    <ele>224.1</ele>
    <time>2025-04-02T17:53:30Z</time>
   </trkpt>
   <trkpt lat="45.7636250" lon="4.7725090">
    <ele>224.3</ele>
    <time>2025-04-02T17:53:31Z</time>
   </trkpt>
   <trkpt lat="45.7636270" lon="4.7724540">
    <ele>224.6</ele>
    <time>2025-04-02T17:53:32Z</time>
   </trkpt>
   <trkpt lat="45.7636320" lon="4.7723980">
    <ele>224.8</ele>
    <time>2025-04-02T17:53:33Z</time>
   </trkpt>
   <trkpt lat="45.7636390" lon="4.7723420">
    <ele>224.9</ele>
    <time>2025-04-02T17:53:34Z</time>
   </trkpt>
   <trkpt lat="45.7636390" lon="4.7722950">
    <ele>225.0</ele>
    <time>2025-04-02T17:53:35Z</time>
   </trkpt>
   <trkpt lat="45.7636540" lon="4.7722400">
    <ele>225.1</ele>
    <time>2025-04-02T17:53:36Z</time>
   </trkpt>
   <trkpt lat="45.7636540" lon="4.7721680">
    <ele>225.3</ele>
    <time>2025-04-02T17:53:37Z</time>
   </trkpt>
   <trkpt lat="45.7636670" lon="4.7721120">
    <ele>225.3</ele>
    <time>2025-04-02T17:53:38Z</time>
   </trkpt>
   <trkpt lat="45.7636750" lon="4.7720620">
    <ele>225.4</ele>
    <time>2025-04-02T17:53:39Z</time>
   </trkpt>
   <trkpt lat="45.7636760" lon="4.7720130">
    <ele>225.5</ele>
    <time>2025-04-02T17:53:40Z</time>
   </trkpt>
   <trkpt lat="45.7636850" lon="4.7719730">
    <ele>225.5</ele>
    <time>2025-04-02T17:53:41Z</time>
   </trkpt>
   <trkpt lat="45.7636900" lon="4.7719320">
    <ele>225.5</ele>
    <time>2025-04-02T17:53:42Z</time>
   </trkpt>
   <trkpt lat="45.7636930" lon="4.7718840">
    <ele>225.5</ele>
    <time>2025-04-02T17:53:43Z</time>
   </trkpt>
   <trkpt lat="45.7637040" lon="4.7718450">
    <ele>225.6</ele>
    <time>2025-04-02T17:53:44Z</time>
   </trkpt>
   <trkpt lat="45.7637100" lon="4.7718030">
    <ele>225.6</ele>
    <time>2025-04-02T17:53:45Z</time>
   </trkpt>
   <trkpt lat="45.7637170" lon="4.7717580">
    <ele>225.5</ele>
    <time>2025-04-02T17:53:46Z</time>
   </trkpt>
   <trkpt lat="45.7637190" lon="4.7717040">
    <ele>225.5</ele>
    <time>2025-04-02T17:53:47Z</time>
   </trkpt>
   <trkpt lat="45.7637200" lon="4.7716840">
    <ele>225.5</ele>
    <time>2025-04-02T17:53:48Z</time>
   </trkpt>
   <trkpt lat="45.7637240" lon="4.7716410">
    <ele>225.5</ele>
    <time>2025-04-02T17:53:49Z</time>
   </trkpt>
   <trkpt lat="45.7637390" lon="4.7715990">
    <ele>225.5</ele>
    <time>2025-04-02T17:53:50Z</time>
   </trkpt>
   <trkpt lat="45.7637440" lon="4.7715480">
    <ele>225.4</ele>
    <time>2025-04-02T17:53:51Z</time>
   </trkpt>
   <trkpt lat="45.7637500" lon="4.7715100">
    <ele>225.4</ele>
    <time>2025-04-02T17:53:52Z</time>
   </trkpt>
   <trkpt lat="45.7637500" lon="4.7714670">
    <ele>225.3</ele>
    <time>2025-04-02T17:53:53Z</time>
   </trkpt>
   <trkpt lat="45.7637620" lon="4.7714210">
    <ele>225.3</ele>
    <time>2025-04-02T17:53:54Z</time>
   </trkpt>
   <trkpt lat="45.7637710" lon="4.7713790">
    <ele>225.2</ele>
    <time>2025-04-02T17:53:55Z</time>
   </trkpt>
   <trkpt lat="45.7637780" lon="4.7713370">
    <ele>225.1</ele>
    <time>2025-04-02T17:53:56Z</time>
   </trkpt>
   <trkpt lat="45.7637870" lon="4.7712970">
    <ele>225.0</ele>
    <time>2025-04-02T17:53:57Z</time>
   </trkpt>
   <trkpt lat="45.7637930" lon="4.7712510">
    <ele>224.9</ele>
    <time>2025-04-02T17:53:58Z</time>
   </trkpt>
   <trkpt lat="45.7637970" lon="4.7712100">
    <ele>224.8</ele>
    <time>2025-04-02T17:53:59Z</time>
   </trkpt>
   <trkpt lat="45.7638030" lon="4.7711670">
    <ele>224.6</ele>
    <time>2025-04-02T17:54:00Z</time>
   </trkpt>
   <trkpt lat="45.7638140" lon="4.7711150">
    <ele>224.5</ele>
    <time>2025-04-02T17:54:01Z</time>
   </trkpt>
   <trkpt lat="45.7638170" lon="4.7710950">
    <ele>224.4</ele>
    <time>2025-04-02T17:54:02Z</time>
   </trkpt>
   <trkpt lat="45.7638200" lon="4.7710380">
    <ele>224.2</ele>
    <time>2025-04-02T17:54:03Z</time>
   </trkpt>
   <trkpt lat="45.7638180" lon="4.7710170">
    <ele>224.2</ele>
    <time>2025-04-02T17:54:04Z</time>
   </trkpt>
   <trkpt lat="45.7638310" lon="4.7709700">
    <ele>224.0</ele>
    <time>2025-04-02T17:54:05Z</time>
   </trkpt>
   <trkpt lat="45.7638360" lon="4.7709230">
    <ele>223.8</ele>
    <time>2025-04-02T17:54:06Z</time>
   </trkpt>
   <trkpt lat="45.7638430" lon="4.7708760">
    <ele>223.7</ele>
    <time>2025-04-02T17:54:07Z</time>
   </trkpt>
   <trkpt lat="45.7638470" lon="4.7708340">
    <ele>223.5</ele>
    <time>2025-04-02T17:54:08Z</time>
   </trkpt>
   <trkpt lat="45.7638530" lon="4.7707900">
    <ele>223.4</ele>
    <time>2025-04-02T17:54:09Z</time>
   </trkpt>
   <trkpt lat="45.7638600" lon="4.7707500">
    <ele>223.2</ele>
    <time>2025-04-02T17:54:10Z</time>
   </trkpt>
   <trkpt lat="45.7638560" lon="4.7707050">
    <ele>223.1</ele>
    <time>2025-04-02T17:54:11Z</time>
   </trkpt>
   <trkpt lat="45.7638650" lon="4.7706660">
    <ele>223.0</ele>
    <time>2025-04-02T17:54:12Z</time>
   </trkpt>
   <trkpt lat="45.7638700" lon="4.7706210">
    <ele>222.8</ele>
    <time>2025-04-02T17:54:13Z</time>
   </trkpt>
   <trkpt lat="45.7638720" lon="4.7705750">
    <ele>222.7</ele>
    <time>2025-04-02T17:54:14Z</time>
   </trkpt>
   <trkpt lat="45.7638770" lon="4.7705290">
    <ele>222.5</ele>
    <time>2025-04-02T17:54:15Z</time>
   </trkpt>
   <trkpt lat="45.7638830" lon="4.7704880">
    <ele>222.4</ele>
    <time>2025-04-02T17:54:16Z</time>
   </trkpt>
   <trkpt lat="45.7638850" lon="4.7704360">
    <ele>222.2</ele>
    <time>2025-04-02T17:54:17Z</time>
   </trkpt>
   <trkpt lat="45.7638910" lon="4.7703940">
    <ele>222.1</ele>
    <time>2025-04-02T17:54:18Z</time>
   </trkpt>
   <trkpt lat="45.7638980" lon="4.7703490">
    <ele>222.0</ele>
    <time>2025-04-02T17:54:19Z</time>
   </trkpt>
   <trkpt lat="45.7639070" lon="4.7703070">
    <ele>221.9</ele>
    <time>2025-04-02T17:54:20Z</time>
   </trkpt>
   <trkpt lat="45.7639090" lon="4.7702640">
    <ele>221.7</ele>
    <time>2025-04-02T17:54:21Z</time>
   </trkpt>
   <trkpt lat="45.7639110" lon="4.7702200">
    <ele>221.6</ele>
    <time>2025-04-02T17:54:22Z</time>
   </trkpt>
   <trkpt lat="45.7639170" lon="4.7701790">
    <ele>221.5</ele>
    <time>2025-04-02T17:54:23Z</time>
   </trkpt>
   <trkpt lat="45.7639190" lon="4.7701220">
    <ele>221.4</ele>
    <time>2025-04-02T17:54:24Z</time>
   </trkpt>
   <trkpt lat="45.7639200" lon="4.7700990">
    <ele>221.4</ele>
    <time>2025-04-02T17:54:25Z</time>
   </trkpt>
   <trkpt lat="45.7639280" lon="4.7700500">
    <ele>221.3</ele>
    <time>2025-04-02T17:54:26Z</time>
   </trkpt>
   <trkpt lat="45.7639230" lon="4.7700030">
    <ele>221.2</ele>
    <time>2025-04-02T17:54:27Z</time>
   </trkpt>
   <trkpt lat="45.7639330" lon="4.7699670">
    <ele>221.1</ele>
    <time>2025-04-02T17:54:28Z</time>
   </trkpt>
   <trkpt lat="45.7639390" lon="4.7699230">
    <ele>221.0</ele>
    <time>2025-04-02T17:54:29Z</time>
   </trkpt>
   <trkpt lat="45.7639320" lon="4.7698860">
    <ele>221.0</ele>
    <time>2025-04-02T17:54:30Z</time>
   </trkpt>
   <trkpt lat="45.7639380" lon="4.7698390">
    <ele>220.9</ele>
    <time>2025-04-02T17:54:31Z</time>
   </trkpt>
   <trkpt lat="45.7639370" lon="4.7697900">
    <ele>220.8</ele>
    <time>2025-04-02T17:54:32Z</time>
   </trkpt>
   <trkpt lat="45.7639370" lon="4.7697480">
    <ele>220.8</ele>
    <time>2025-04-02T17:54:33Z</time>
   </trkpt>
   <trkpt lat="45.7639380" lon="4.7697010">
    <ele>220.8</ele>
    <time>2025-04-02T17:54:34Z</time>
   </trkpt>
   <trkpt lat="45.7639380" lon="4.7696580">
    <ele>220.8</ele>
    <time>2025-04-02T17:54:35Z</time>
   </trkpt>
   <trkpt lat="45.7639290" lon="4.7696070">
    <ele>220.8</ele>
    <time>2025-04-02T17:54:36Z</time>
   </trkpt>
   <trkpt lat="45.7639240" lon="4.7695950">
    <ele>220.8</ele>
    <time>2025-04-02T17:54:37Z</time>
   </trkpt>
   <trkpt lat="45.7639240" lon="4.7695460">
    <ele>220.8</ele>
    <time>2025-04-02T17:54:38Z</time>
   </trkpt>
   <trkpt lat="45.7639330" lon="4.7694990">
    <ele>220.8</ele>
    <time>2025-04-02T17:54:39Z</time>
   </trkpt>
   <trkpt lat="45.7639210" lon="4.7694430">
    <ele>220.9</ele>
    <time>2025-04-02T17:54:40Z</time>
   </trkpt>
   <trkpt lat="45.7639140" lon="4.7694030">
    <ele>221.0</ele>
    <time>2025-04-02T17:54:41Z</time>
   </trkpt>
   <trkpt lat="45.7639100" lon="4.7693640">
    <ele>221.1</ele>
    <time>2025-04-02T17:54:42Z</time>
   </trkpt>
   <trkpt lat="45.7639000" lon="4.7693170">
    <ele>221.2</ele>
    <time>2025-04-02T17:54:43Z</time>
   </trkpt>
   <trkpt lat="45.7638950" lon="4.7693020">
    <ele>221.3</ele>
    <time>2025-04-02T17:54:44Z</time>
   </trkpt>
   <trkpt lat="45.7638960" lon="4.7692600">
    <ele>221.4</ele>
    <time>2025-04-02T17:54:45Z</time>
   </trkpt>
   <trkpt lat="45.7638820" lon="4.7692260">
    <ele>221.5</ele>
    <time>2025-04-02T17:54:46Z</time>
   </trkpt>
   <trkpt lat="45.7638710" lon="4.7691890">
    <ele>221.6</ele>
    <time>2025-04-02T17:54:47Z</time>
   </trkpt>
   <trkpt lat="45.7638580" lon="4.7691520">
    <ele>221.8</ele>
    <time>2025-04-02T17:54:48Z</time>
   </trkpt>
   <trkpt lat="45.7638450" lon="4.7691140">
    <ele>221.9</ele>
    <time>2025-04-02T17:54:49Z</time>
   </trkpt>
   <trkpt lat="45.7638310" lon="4.7690760">
    <ele>222.1</ele>
    <time>2025-04-02T17:54:50Z</time>
   </trkpt>
   <trkpt lat="45.7638120" lon="4.7690220">
    <ele>222.3</ele>
    <time>2025-04-02T17:54:51Z</time>
   </trkpt>
   <trkpt lat="45.7637980" lon="4.7690040">
    <ele>222.4</ele>
    <time>2025-04-02T17:54:52Z</time>
   </trkpt>
   <trkpt lat="45.7637710" lon="4.7689700">
    <ele>222.6</ele>
    <time>2025-04-02T17:54:53Z</time>
   </trkpt>
   <trkpt lat="45.7637640" lon="4.7689540">
    <ele>222.7</ele>
    <time>2025-04-02T17:54:54Z</time>
   </trkpt>
   <trkpt lat="45.7637380" lon="4.7689100">
    <ele>223.0</ele>
    <time>2025-04-02T17:54:55Z</time>
   </trkpt>
   <trkpt lat="45.7637290" lon="4.7688980">
    <ele>223.0</ele>
    <time>2025-04-02T17:54:56Z</time>
   </trkpt>
   <trkpt lat="45.7637080" lon="4.7688470">
    <ele>223.1</ele>
    <time>2025-04-02T17:54:57Z</time>
   </trkpt>
   <trkpt lat="45.7637000" lon="4.7688280">
    <ele>223.1</ele>
    <time>2025-04-02T17:54:58Z</time>
   </trkpt>
   <trkpt lat="45.7636780" lon="4.7687820">
    <ele>223.2</ele>
    <time>2025-04-02T17:54:59Z</time>
   </trkpt>
   <trkpt lat="45.7636740" lon="4.7687630">
    <ele>223.3</ele>
    <time>2025-04-02T17:55:00Z</time>
   </trkpt>
   <trkpt lat="45.7636510" lon="4.7687200">
    <ele>223.5</ele>
    <time>2025-04-02T17:55:01Z</time>
   </trkpt>
   <trkpt lat="45.7636450" lon="4.7687040">
    <ele>223.6</ele>
    <time>2025-04-02T17:55:02Z</time>
   </trkpt>
   <trkpt lat="45.7636250" lon="4.7686570">
    <ele>223.8</ele>
    <time>2025-04-02T17:55:03Z</time>
   </trkpt>
   <trkpt lat="45.7636190" lon="4.7686430">
    <ele>223.8</ele>
    <time>2025-04-02T17:55:04Z</time>
   </trkpt>
   <trkpt lat="45.7636030" lon="4.7685990">
    <ele>224.0</ele>
    <time>2025-04-02T17:55:05Z</time>
   </trkpt>
   <trkpt lat="45.7636000" lon="4.7685820">
    <ele>224.1</ele>
    <time>2025-04-02T17:55:06Z</time>
   </trkpt>
   <trkpt lat="45.7635790" lon="4.7685530">
    <ele>224.2</ele>
    <time>2025-04-02T17:55:07Z</time>
   </trkpt>
   <trkpt lat="45.7635670" lon="4.7685120">
    <ele>224.4</ele>
    <time>2025-04-02T17:55:08Z</time>
   </trkpt>
   <trkpt lat="45.7635570" lon="4.7684670">
    <ele>224.6</ele>
    <time>2025-04-02T17:55:09Z</time>
   </trkpt>
   <trkpt lat="45.7635440" lon="4.7684150">
    <ele>224.8</ele>
    <time>2025-04-02T17:55:10Z</time>
   </trkpt>
   <trkpt lat="45.7635390" lon="4.7683960">
    <ele>224.9</ele>
    <time>2025-04-02T17:55:11Z</time>
   </trkpt>
   <trkpt lat="45.7635300" lon="4.7683580">
    <ele>225.0</ele>
    <time>2025-04-02T17:55:12Z</time>
   </trkpt>
   <trkpt lat="45.7635130" lon="4.7683100">
    <ele>225.2</ele>
    <time>2025-04-02T17:55:13Z</time>
   </trkpt>
   <trkpt lat="45.7635080" lon="4.7682880">
    <ele>225.3</ele>
    <time>2025-04-02T17:55:14Z</time>
   </trkpt>
   <trkpt lat="45.7634970" lon="4.7682360">
    <ele>225.5</ele>
    <time>2025-04-02T17:55:15Z</time>
   </trkpt>
   <trkpt lat="45.7634960" lon="4.7682150">
    <ele>225.6</ele>
    <time>2025-04-02T17:55:16Z</time>
   </trkpt>
   <trkpt lat="45.7635020" lon="4.7681740">
    <ele>225.8</ele>
    <time>2025-04-02T17:55:17Z</time>
   </trkpt>
   <trkpt lat="45.7635190" lon="4.7681660">
    <ele>225.9</ele>
    <time>2025-04-02T17:55:18Z</time>
   </trkpt>
   <trkpt lat="45.7635080" lon="4.7681240">
    <ele>226.0</ele>
    <time>2025-04-02T17:55:19Z</time>
   </trkpt>
   <trkpt lat="45.7634910" lon="4.7680890">
    <ele>226.1</ele>
    <time>2025-04-02T17:55:20Z</time>
   </trkpt>
   <trkpt lat="45.7634890" lon="4.7680470">
    <ele>226.2</ele>
    <time>2025-04-02T17:55:21Z</time>
   </trkpt>
   <trkpt lat="45.7634870" lon="4.7679900">
    <ele>226.2</ele>
    <time>2025-04-02T17:55:22Z</time>
   </trkpt>
   <trkpt lat="45.7634890" lon="4.7679700">
    <ele>226.3</ele>
    <time>2025-04-02T17:55:23Z</time>
   </trkpt>
   <trkpt lat="45.7634860" lon="4.7679290">
    <ele>226.3</ele>
    <time>2025-04-02T17:55:24Z</time>
   </trkpt>
   <trkpt lat="45.7634910" lon="4.7678870">
    <ele>226.5</ele>
    <time>2025-04-02T17:55:25Z</time>
   </trkpt>
   <trkpt lat="45.7634940" lon="4.7678470">
    <ele>226.7</ele>
    <time>2025-04-02T17:55:26Z</time>
   </trkpt>
   <trkpt lat="45.7634970" lon="4.7678050">
    <ele>226.9</ele>
    <time>2025-04-02T17:55:27Z</time>
   </trkpt>
   <trkpt lat="45.7634790" lon="4.7677420">
    <ele>227.2</ele>
    <time>2025-04-02T17:55:28Z</time>
   </trkpt>
   <trkpt lat="45.7634670" lon="4.7677130">
    <ele>227.4</ele>
    <time>2025-04-02T17:55:29Z</time>
   </trkpt>
   <trkpt lat="45.7634910" lon="4.7676850">
    <ele>227.6</ele>
    <time>2025-04-02T17:55:30Z</time>
   </trkpt>
   <trkpt lat="45.7635040" lon="4.7676860">
    <ele>227.7</ele>
    <time>2025-04-02T17:55:31Z</time>
   </trkpt>
   <trkpt lat="45.7634980" lon="4.7676380">
    <ele>227.9</ele>
    <time>2025-04-02T17:55:32Z</time>
   </trkpt>
   <trkpt lat="45.7634950" lon="4.7675820">
    <ele>228.2</ele>
    <time>2025-04-02T17:55:33Z</time>
   </trkpt>
   <trkpt lat="45.7634920" lon="4.7675650">
    <ele>228.3</ele>
    <time>2025-04-02T17:55:34Z</time>
   </trkpt>
   <trkpt lat="45.7634870" lon="4.7675080">
    <ele>228.5</ele>
    <time>2025-04-02T17:55:35Z</time>
   </trkpt>
   <trkpt lat="45.7634850" lon="4.7674880">
    <ele>228.6</ele>
    <time>2025-04-02T17:55:36Z</time>
   </trkpt>
   <trkpt lat="45.7634920" lon="4.7674390">
    <ele>228.9</ele>
    <time>2025-04-02T17:55:37Z</time>
   </trkpt>
   <trkpt lat="45.7634940" lon="4.7674200">
    <ele>229.0</ele>
    <time>2025-04-02T17:55:38Z</time>
   </trkpt>
   <trkpt lat="45.7635040" lon="4.7673600">
    <ele>229.3</ele>
    <time>2025-04-02T17:55:39Z</time>
   </trkpt>
   <trkpt lat="45.7634950" lon="4.7673210">
    <ele>229.4</ele>
    <time>2025-04-02T17:55:40Z</time>
   </trkpt>
   <trkpt lat="45.7634860" lon="4.7672760">
    <ele>229.7</ele>
    <time>2025-04-02T17:55:41Z</time>
   </trkpt>
   <trkpt lat="45.7634820" lon="4.7672600">
    <ele>229.7</ele>
    <time>2025-04-02T17:55:42Z</time>
   </trkpt>
   <trkpt lat="45.7634820" lon="4.7672100">
    <ele>230.0</ele>
    <time>2025-04-02T17:55:43Z</time>
   </trkpt>
   <trkpt lat="45.7634810" lon="4.7671900">
    <ele>230.1</ele>
    <time>2025-04-02T17:55:44Z</time>
   </trkpt>
   <trkpt lat="45.7634740" lon="4.7671410">
    <ele>230.3</ele>
    <time>2025-04-02T17:55:45Z</time>
   </trkpt>
   <trkpt lat="45.7634760" lon="4.7671240">
    <ele>230.4</ele>
    <time>2025-04-02T17:55:46Z</time>
   </trkpt>
   <trkpt lat="45.7634690" lon="4.7670690">
    <ele>230.6</ele>
    <time>2025-04-02T17:55:47Z</time>
   </trkpt>
   <trkpt lat="45.7634670" lon="4.7670500">
    <ele>230.7</ele>
    <time>2025-04-02T17:55:48Z</time>
   </trkpt>
   <trkpt lat="45.7634670" lon="4.7669960">
    <ele>231.0</ele>
    <time>2025-04-02T17:55:49Z</time>
   </trkpt>
   <trkpt lat="45.7634660" lon="4.7669770">
    <ele>231.0</ele>
    <time>2025-04-02T17:55:50Z</time>
   </trkpt>
   <trkpt lat="45.7634720" lon="4.7669290">
    <ele>231.2</ele>
    <time>2025-04-02T17:55:51Z</time>
   </trkpt>
   <trkpt lat="45.7634770" lon="4.7669110">
    <ele>231.3</ele>
    <time>2025-04-02T17:55:52Z</time>
   </trkpt>
   <trkpt lat="45.7634690" lon="4.7668580">
    <ele>231.5</ele>
    <time>2025-04-02T17:55:53Z</time>
   </trkpt>
   <trkpt lat="45.7634630" lon="4.7668410">
    <ele>231.6</ele>
    <time>2025-04-02T17:55:54Z</time>
   </trkpt>
   <trkpt lat="45.7634610" lon="4.7668010">
    <ele>231.7</ele>
    <time>2025-04-02T17:55:55Z</time>
   </trkpt>
   <trkpt lat="45.7634560" lon="4.7667560">
    <ele>231.9</ele>
    <time>2025-04-02T17:55:56Z</time>
   </trkpt>
   <trkpt lat="45.7634500" lon="4.7667170">
    <ele>232.1</ele>
    <time>2025-04-02T17:55:57Z</time>
   </trkpt>
   <trkpt lat="45.7634530" lon="4.7666610">
    <ele>232.2</ele>
    <time>2025-04-02T17:55:58Z</time>
   </trkpt>
   <trkpt lat="45.7634590" lon="4.7666420">
    <ele>232.3</ele>
    <time>2025-04-02T17:55:59Z</time>
   </trkpt>
   <trkpt lat="45.7634430" lon="4.7665960">
    <ele>232.4</ele>
    <time>2025-04-02T17:56:00Z</time>
   </trkpt>
   <trkpt lat="45.7634380" lon="4.7665790">
    <ele>232.5</ele>
    <time>2025-04-02T17:56:01Z</time>
   </trkpt>
   <trkpt lat="45.7634420" lon="4.7665390">
    <ele>232.6</ele>
    <time>2025-04-02T17:56:02Z</time>
   </trkpt>
   <trkpt lat="45.7634430" lon="4.7664840">
    <ele>232.7</ele>
    <time>2025-04-02T17:56:03Z</time>
   </trkpt>
   <trkpt lat="45.7634490" lon="4.7664620">
    <ele>232.8</ele>
    <time>2025-04-02T17:56:04Z</time>
   </trkpt>
   <trkpt lat="45.7634460" lon="4.7664210">
    <ele>232.9</ele>
    <time>2025-04-02T17:56:05Z</time>
   </trkpt>
   <trkpt lat="45.7634600" lon="4.7663710">
    <ele>233.0</ele>
    <time>2025-04-02T17:56:06Z</time>
   </trkpt>
   <trkpt lat="45.7634580" lon="4.7663300">
    <ele>233.1</ele>
    <time>2025-04-02T17:56:07Z</time>
   </trkpt>
   <trkpt lat="45.7634630" lon="4.7662820">
    <ele>233.2</ele>
    <time>2025-04-02T17:56:08Z</time>
   </trkpt>
   <trkpt lat="45.7634460" lon="4.7662500">
    <ele>233.3</ele>
    <time>2025-04-02T17:56:09Z</time>
   </trkpt>
   <trkpt lat="45.7634530" lon="4.7662080">
    <ele>233.4</ele>
    <time>2025-04-02T17:56:10Z</time>
   </trkpt>
   <trkpt lat="45.7634560" lon="4.7661540">
    <ele>233.5</ele>
    <time>2025-04-02T17:56:11Z</time>
   </trkpt>
   <trkpt lat="45.7634600" lon="4.7661340">
    <ele>233.6</ele>
    <time>2025-04-02T17:56:12Z</time>
   </trkpt>
   <trkpt lat="45.7634750" lon="4.7660950">
    <ele>233.6</ele>
    <time>2025-04-02T17:56:13Z</time>
   </trkpt>
   <trkpt lat="45.7634530" lon="4.7660510">
    <ele>233.7</ele>
    <time>2025-04-02T17:56:14Z</time>
   </trkpt>
   <trkpt lat="45.7634470" lon="4.7660060">
    <ele>233.8</ele>
    <time>2025-04-02T17:56:15Z</time>
   </trkpt>
   <trkpt lat="45.7634390" lon="4.7659670">
    <ele>233.9</ele>
    <time>2025-04-02T17:56:16Z</time>
   </trkpt>
   <trkpt lat="45.7634440" lon="4.7659100">
    <ele>234.0</ele>
    <time>2025-04-02T17:56:17Z</time>
   </trkpt>
   <trkpt lat="45.7634470" lon="4.7658870">
    <ele>234.0</ele>
    <time>2025-04-02T17:56:18Z</time>
   </trkpt>
   <trkpt lat="45.7634590" lon="4.7658430">
    <ele>234.1</ele>
    <time>2025-04-02T17:56:19Z</time>
   </trkpt>
   <trkpt lat="45.7634690" lon="4.7658010">
    <ele>234.2</ele>
    <time>2025-04-02T17:56:20Z</time>
   </trkpt>
   <trkpt lat="45.7634800" lon="4.7657460">
    <ele>234.2</ele>
    <time>2025-04-02T17:56:21Z</time>
   </trkpt>
   <trkpt lat="45.7634820" lon="4.7657260">
    <ele>234.2</ele>
    <time>2025-04-02T17:56:22Z</time>
   </trkpt>
   <trkpt lat="45.7634960" lon="4.7656880">
    <ele>234.3</ele>
    <time>2025-04-02T17:56:23Z</time>
   </trkpt>
   <trkpt lat="45.7635040" lon="4.7656380">
    <ele>234.4</ele>
    <time>2025-04-02T17:56:24Z</time>
   </trkpt>
   <trkpt lat="45.7634990" lon="4.7655850">
    <ele>234.4</ele>
    <time>2025-04-02T17:56:25Z</time>
   </trkpt>
   <trkpt lat="45.7635020" lon="4.7655370">
    <ele>234.5</ele>
    <time>2025-04-02T17:56:26Z</time>
   </trkpt>
   <trkpt lat="45.7634910" lon="4.7654930">
    <ele>234.5</ele>
    <time>2025-04-02T17:56:27Z</time>
   </trkpt>
   <trkpt lat="45.7635010" lon="4.7654590">
    <ele>234.6</ele>
    <time>2025-04-02T17:56:28Z</time>
   </trkpt>
   <trkpt lat="45.7635050" lon="4.7654330">
    <ele>234.6</ele>
    <time>2025-04-02T17:56:29Z</time>
   </trkpt>
   <trkpt lat="45.7635110" lon="4.7653830">
    <ele>234.7</ele>
    <time>2025-04-02T17:56:30Z</time>
   </trkpt>
   <trkpt lat="45.7635130" lon="4.7653240">
    <ele>234.7</ele>
    <time>2025-04-02T17:56:31Z</time>
   </trkpt>
   <trkpt lat="45.7635100" lon="4.7652840">
    <ele>234.8</ele>
    <time>2025-04-02T17:56:32Z</time>
   </trkpt>
   <trkpt lat="45.7635070" lon="4.7652410">
    <ele>234.8</ele>
    <time>2025-04-02T17:56:33Z</time>
   </trkpt>
   <trkpt lat="45.7635170" lon="4.7651820">
    <ele>234.9</ele>
    <time>2025-04-02T17:56:34Z</time>
   </trkpt>
   <trkpt lat="45.7635220" lon="4.7651590">
    <ele>234.9</ele>
    <time>2025-04-02T17:56:35Z</time>
   </trkpt>
   <trkpt lat="45.7635280" lon="4.7651090">
    <ele>235.0</ele>
    <time>2025-04-02T17:56:36Z</time>
   </trkpt>
   <trkpt lat="45.7635320" lon="4.7650890">
    <ele>235.0</ele>
    <time>2025-04-02T17:56:37Z</time>
   </trkpt>
   <trkpt lat="45.7635350" lon="4.7650490">
    <ele>235.1</ele>
    <time>2025-04-02T17:56:38Z</time>
   </trkpt>
   <trkpt lat="45.7635410" lon="4.7649960">
    <ele>235.1</ele>
    <time>2025-04-02T17:56:39Z</time>
   </trkpt>
   <trkpt lat="45.7635430" lon="4.7649550">
    <ele>235.2</ele>
    <time>2025-04-02T17:56:40Z</time>
   </trkpt>
   <trkpt lat="45.7635410" lon="4.7649090">
    <ele>235.3</ele>
    <time>2025-04-02T17:56:41Z</time>
   </trkpt>
   <trkpt lat="45.7635470" lon="4.7648670">
    <ele>235.3</ele>
    <time>2025-04-02T17:56:42Z</time>
   </trkpt>
   <trkpt lat="45.7635520" lon="4.7648280">
    <ele>235.4</ele>
    <time>2025-04-02T17:56:43Z</time>
   </trkpt>
   <trkpt lat="45.7635590" lon="4.7647720">
    <ele>235.5</ele>
    <time>2025-04-02T17:56:44Z</time>
   </trkpt>
   <trkpt lat="45.7635650" lon="4.7647520">
    <ele>235.5</ele>
    <time>2025-04-02T17:56:45Z</time>
   </trkpt>
   <trkpt lat="45.7635690" lon="4.7647110">
    <ele>235.6</ele>
    <time>2025-04-02T17:56:46Z</time>
   </trkpt>
   <trkpt lat="45.7635720" lon="4.7646670">
    <ele>235.6</ele>
    <time>2025-04-02T17:56:47Z</time>
   </trkpt>
   <trkpt lat="45.7635830" lon="4.7646300">
    <ele>235.7</ele>
    <time>2025-04-02T17:56:48Z</time>
   </trkpt>
   <trkpt lat="45.7635880" lon="4.7645880">
    <ele>235.8</ele>
    <time>2025-04-02T17:56:49Z</time>
   </trkpt>
   <trkpt lat="45.7635880" lon="4.7645490">
    <ele>235.8</ele>
    <time>2025-04-02T17:56:50Z</time>
   </trkpt>
   <trkpt lat="45.7635960" lon="4.7644900">
    <ele>235.9</ele>
    <time>2025-04-02T17:56:51Z</time>
   </trkpt>
   <trkpt lat="45.7635980" lon="4.7644680">
    <ele>236.0</ele>
    <time>2025-04-02T17:56:52Z</time>
   </trkpt>
   <trkpt lat="45.7636010" lon="4.7644270">
    <ele>236.0</ele>
    <time>2025-04-02T17:56:53Z</time>
   </trkpt>
   <trkpt lat="45.7636110" lon="4.7643670">
    <ele>236.1</ele>
    <time>2025-04-02T17:56:54Z</time>
   </trkpt>
   <trkpt lat="45.7636180" lon="4.7643440">
    <ele>236.2</ele>
    <time>2025-04-02T17:56:55Z</time>
   </trkpt>
   <trkpt lat="45.7636190" lon="4.7643030">
    <ele>236.2</ele>
    <time>2025-04-02T17:56:56Z</time>
   </trkpt>
   <trkpt lat="45.7636250" lon="4.7642470">
    <ele>236.3</ele>
    <time>2025-04-02T17:56:57Z</time>
   </trkpt>
   <trkpt lat="45.7636240" lon="4.7642280">
    <ele>236.3</ele>
    <time>2025-04-02T17:56:58Z</time>
   </trkpt>
   <trkpt lat="45.7636210" lon="4.7641880">
    <ele>236.4</ele>
    <time>2025-04-02T17:56:59Z</time>
   </trkpt>
   <trkpt lat="45.7636360" lon="4.7641410">
    <ele>236.5</ele>
    <time>2025-04-02T17:57:00Z</time>
   </trkpt>
   <trkpt lat="45.7636250" lon="4.7640880">
    <ele>236.6</ele>
    <time>2025-04-02T17:57:01Z</time>
   </trkpt>
   <trkpt lat="45.7636310" lon="4.7640320">
    <ele>236.6</ele>
    <time>2025-04-02T17:57:02Z</time>
   </trkpt>
   <trkpt lat="45.7636310" lon="4.7640070">
    <ele>236.7</ele>
    <time>2025-04-02T17:57:03Z</time>
   </trkpt>
   <trkpt lat="45.7636310" lon="4.7639650">
    <ele>236.7</ele>
    <time>2025-04-02T17:57:04Z</time>
   </trkpt>
   <trkpt lat="45.7636400" lon="4.7639070">
    <ele>236.8</ele>
    <time>2025-04-02T17:57:05Z</time>
   </trkpt>
   <trkpt lat="45.7636440" lon="4.7638860">
    <ele>236.9</ele>
    <time>2025-04-02T17:57:06Z</time>
   </trkpt>
   <trkpt lat="45.7636510" lon="4.7638330">
    <ele>236.9</ele>
    <time>2025-04-02T17:57:07Z</time>
   </trkpt>
   <trkpt lat="45.7636520" lon="4.7638110">
    <ele>237.0</ele>
    <time>2025-04-02T17:57:08Z</time>
   </trkpt>
   <trkpt lat="45.7636530" lon="4.7637670">
    <ele>237.0</ele>
    <time>2025-04-02T17:57:09Z</time>
   </trkpt>
   <trkpt lat="45.7636530" lon="4.7637210">
    <ele>237.1</ele>
    <time>2025-04-02T17:57:10Z</time>
   </trkpt>
   <trkpt lat="45.7636590" lon="4.7636620">
    <ele>237.1</ele>
    <time>2025-04-02T17:57:11Z</time>
   </trkpt>
   <trkpt lat="45.7636640" lon="4.7636380">
    <ele>237.2</ele>
    <time>2025-04-02T17:57:12Z</time>
   </trkpt>
   <trkpt lat="45.7636650" lon="4.7635760">
    <ele>237.2</ele>
    <time>2025-04-02T17:57:13Z</time>
   </trkpt>
   <trkpt lat="45.7636670" lon="4.7635520">
    <ele>237.3</ele>
    <time>2025-04-02T17:57:14Z</time>
   </trkpt>
   <trkpt lat="45.7636600" lon="4.7635090">
    <ele>237.3</ele>
    <time>2025-04-02T17:57:15Z</time>
   </trkpt>
   <trkpt lat="45.7636760" lon="4.7634600">
    <ele>237.4</ele>
    <time>2025-04-02T17:57:16Z</time>
   </trkpt>
   <trkpt lat="45.7636790" lon="4.7634230">
    <ele>237.4</ele>
    <time>2025-04-02T17:57:17Z</time>
   </trkpt>
   <trkpt lat="45.7636850" lon="4.7633870">
    <ele>237.5</ele>
    <time>2025-04-02T17:57:19Z</time>
   </trkpt>
   <trkpt lat="45.7636950" lon="4.7633480">
    <ele>237.5</ele>
    <time>2025-04-02T17:57:20Z</time>
   </trkpt>
   <trkpt lat="45.7637040" lon="4.7633090">
    <ele>237.6</ele>
    <time>2025-04-02T17:57:21Z</time>
   </trkpt>
   <trkpt lat="45.7637120" lon="4.7632560">
    <ele>237.7</ele>
    <time>2025-04-02T17:57:22Z</time>
   </trkpt>
   <trkpt lat="45.7637110" lon="4.7632380">
    <ele>237.7</ele>
    <time>2025-04-02T17:57:23Z</time>
   </trkpt>
   <trkpt lat="45.7637070" lon="4.7631950">
    <ele>237.7</ele>
    <time>2025-04-02T17:57:24Z</time>
   </trkpt>
   <trkpt lat="45.7637060" lon="4.7631550">
    <ele>237.8</ele>
    <time>2025-04-02T17:57:25Z</time>
   </trkpt>
   <trkpt lat="45.7637170" lon="4.7630940">
    <ele>237.9</ele>
    <time>2025-04-02T17:57:26Z</time>
   </trkpt>
   <trkpt lat="45.7637190" lon="4.7630700">
    <ele>237.9</ele>
    <time>2025-04-02T17:57:27Z</time>
   </trkpt>
   <trkpt lat="45.7637260" lon="4.7630110">
    <ele>238.0</ele>
    <time>2025-04-02T17:57:28Z</time>
   </trkpt>
   <trkpt lat="45.7637270" lon="4.7629890">
    <ele>238.0</ele>
    <time>2025-04-02T17:57:29Z</time>
   </trkpt>
   <trkpt lat="45.7637230" lon="4.7629500">
    <ele>238.0</ele>
    <time>2025-04-02T17:57:30Z</time>
   </trkpt>
   <trkpt lat="45.7637280" lon="4.7628990">
    <ele>238.1</ele>
    <time>2025-04-02T17:57:31Z</time>
   </trkpt>
   <trkpt lat="45.7637360" lon="4.7628620">
    <ele>238.1</ele>
    <time>2025-04-02T17:57:32Z</time>
   </trkpt>
   <trkpt lat="45.7637390" lon="4.7628010">
    <ele>238.2</ele>
    <time>2025-04-02T17:57:33Z</time>
   </trkpt>
   <trkpt lat="45.7637440" lon="4.7627790">
    <ele>238.2</ele>
    <time>2025-04-02T17:57:34Z</time>
   </trkpt>
   <trkpt lat="45.7637270" lon="4.7627380">
    <ele>238.2</ele>
    <time>2025-04-02T17:57:35Z</time>
   </trkpt>
   <trkpt lat="45.7637500" lon="4.7626980">
    <ele>238.3</ele>
    <time>2025-04-02T17:57:36Z</time>
   </trkpt>
   <trkpt lat="45.7637540" lon="4.7626530">
    <ele>238.3</ele>
    <time>2025-04-02T17:57:37Z</time>
   </trkpt>
   <trkpt lat="45.7637610" lon="4.7625980">
    <ele>238.4</ele>
    <time>2025-04-02T17:57:38Z</time>
   </trkpt>
   <trkpt lat="45.7637580" lon="4.7625750">
    <ele>238.4</ele>
    <time>2025-04-02T17:57:39Z</time>
   </trkpt>
   <trkpt lat="45.7637720" lon="4.7625310">
    <ele>238.5</ele>
    <time>2025-04-02T17:57:40Z</time>
   </trkpt>
   <trkpt lat="45.7637750" lon="4.7624800">
    <ele>238.5</ele>
    <time>2025-04-02T17:57:41Z</time>
   </trkpt>
   <trkpt lat="45.7637500" lon="4.7624500">
    <ele>238.6</ele>
    <time>2025-04-02T17:57:42Z</time>
   </trkpt>
   <trkpt lat="45.7637570" lon="4.7624070">
    <ele>238.6</ele>
    <time>2025-04-02T17:57:43Z</time>
   </trkpt>
   <trkpt lat="45.7637670" lon="4.7623670">
    <ele>238.7</ele>
    <time>2025-04-02T17:57:44Z</time>
   </trkpt>
   <trkpt lat="45.7637720" lon="4.7623250">
    <ele>238.7</ele>
    <time>2025-04-02T17:57:45Z</time>
   </trkpt>
   <trkpt lat="45.7637750" lon="4.7622820">
    <ele>238.7</ele>
    <time>2025-04-02T17:57:46Z</time>
   </trkpt>
   <trkpt lat="45.7637740" lon="4.7622370">
    <ele>238.8</ele>
    <time>2025-04-02T17:57:47Z</time>
   </trkpt>
   <trkpt lat="45.7637870" lon="4.7621880">
    <ele>238.8</ele>
    <time>2025-04-02T17:57:48Z</time>
   </trkpt>
   <trkpt lat="45.7637790" lon="4.7621250">
    <ele>238.9</ele>
    <time>2025-04-02T17:57:49Z</time>
   </trkpt>
   <trkpt lat="45.7637810" lon="4.7620960">
    <ele>238.9</ele>
    <time>2025-04-02T17:57:50Z</time>
   </trkpt>
   <trkpt lat="45.7637840" lon="4.7620530">
    <ele>238.9</ele>
    <time>2025-04-02T17:57:51Z</time>
   </trkpt>
   <trkpt lat="45.7637850" lon="4.7620350">
    <ele>239.0</ele>
    <time>2025-04-02T17:57:52Z</time>
   </trkpt>
   <trkpt lat="45.7637880" lon="4.7619950">
    <ele>239.0</ele>
    <time>2025-04-02T17:57:53Z</time>
   </trkpt>
   <trkpt lat="45.7637920" lon="4.7619390">
    <ele>239.0</ele>
    <time>2025-04-02T17:57:54Z</time>
   </trkpt>
   <trkpt lat="45.7637920" lon="4.7619130">
    <ele>239.0</ele>
    <time>2025-04-02T17:57:55Z</time>
   </trkpt>
   <trkpt lat="45.7638030" lon="4.7618650">
    <ele>239.0</ele>
    <time>2025-04-02T17:57:56Z</time>
   </trkpt>
   <trkpt lat="45.7637980" lon="4.7618150">
    <ele>239.1</ele>
    <time>2025-04-02T17:57:57Z</time>
   </trkpt>
   <trkpt lat="45.7638010" lon="4.7617740">
    <ele>239.1</ele>
    <time>2025-04-02T17:57:58Z</time>
   </trkpt>
   <trkpt lat="45.7638130" lon="4.7617350">
    <ele>239.1</ele>
    <time>2025-04-02T17:57:59Z</time>
   </trkpt>
   <trkpt lat="45.7638240" lon="4.7616840">
    <ele>239.1</ele>
    <time>2025-04-02T17:58:00Z</time>
   </trkpt>
   <trkpt lat="45.7638260" lon="4.7616620">
    <ele>239.1</ele>
    <time>2025-04-02T17:58:01Z</time>
   </trkpt>
   <trkpt lat="45.7638390" lon="4.7616090">
    <ele>239.1</ele>
    <time>2025-04-02T17:58:02Z</time>
   </trkpt>
   <trkpt lat="45.7638360" lon="4.7615700">
    <ele>239.1</ele>
    <time>2025-04-02T17:58:03Z</time>
   </trkpt>
   <trkpt lat="45.7638530" lon="4.7615140">
    <ele>239.2</ele>
    <time>2025-04-02T17:58:04Z</time>
   </trkpt>
   <trkpt lat="45.7638580" lon="4.7614930">
    <ele>239.2</ele>
    <time>2025-04-02T17:58:05Z</time>
   </trkpt>
   <trkpt lat="45.7638580" lon="4.7614440">
    <ele>239.2</ele>
    <time>2025-04-02T17:58:06Z</time>
   </trkpt>
   <trkpt lat="45.7638660" lon="4.7614070">
    <ele>239.2</ele>
    <time>2025-04-02T17:58:07Z</time>
   </trkpt>
   <trkpt lat="45.7638740" lon="4.7613520">
    <ele>239.2</ele>
    <time>2025-04-02T17:58:08Z</time>
   </trkpt>
   <trkpt lat="45.7638720" lon="4.7612930">
    <ele>239.3</ele>
    <time>2025-04-02T17:58:09Z</time>
   </trkpt>
   <trkpt lat="45.7638700" lon="4.7612690">
    <ele>239.3</ele>
    <time>2025-04-02T17:58:10Z</time>
   </trkpt>
   <trkpt lat="45.7638820" lon="4.7612270">
    <ele>239.3</ele>
    <time>2025-04-02T17:58:11Z</time>
   </trkpt>
   <trkpt lat="45.7638900" lon="4.7611870">
    <ele>239.3</ele>
    <time>2025-04-02T17:58:12Z</time>
   </trkpt>
   <trkpt lat="45.7638900" lon="4.7611340">
    <ele>239.3</ele>
    <time>2025-04-02T17:58:13Z</time>
   </trkpt>
   <trkpt lat="45.7638990" lon="4.7610930">
    <ele>239.3</ele>
    <time>2025-04-02T17:58:14Z</time>
   </trkpt>
   <trkpt lat="45.7639010" lon="4.7610510">
    <ele>239.3</ele>
    <time>2025-04-02T17:58:15Z</time>
   </trkpt>
   <trkpt lat="45.7639080" lon="4.7610130">
    <ele>239.2</ele>
    <time>2025-04-02T17:58:16Z</time>
   </trkpt>
   <trkpt lat="45.7639250" lon="4.7609520">
    <ele>239.2</ele>
    <time>2025-04-02T17:58:17Z</time>
   </trkpt>
   <trkpt lat="45.7639350" lon="4.7609280">
    <ele>239.2</ele>
    <time>2025-04-02T17:58:18Z</time>
   </trkpt>
   <trkpt lat="45.7639250" lon="4.7608830">
    <ele>239.2</ele>
    <time>2025-04-02T17:58:19Z</time>
   </trkpt>
   <trkpt lat="45.7639440" lon="4.7608390">
    <ele>239.2</ele>
    <time>2025-04-02T17:58:20Z</time>
   </trkpt>
   <trkpt lat="45.7639440" lon="4.7607960">
    <ele>239.2</ele>
    <time>2025-04-02T17:58:21Z</time>
   </trkpt>
   <trkpt lat="45.7639660" lon="4.7607430">
    <ele>239.2</ele>
    <time>2025-04-02T17:58:22Z</time>
   </trkpt>
   <trkpt lat="45.7639760" lon="4.7607240">
    <ele>239.2</ele>
    <time>2025-04-02T17:58:23Z</time>
   </trkpt>
   <trkpt lat="45.7639740" lon="4.7606780">
    <ele>239.2</ele>
    <time>2025-04-02T17:58:24Z</time>
   </trkpt>
   <trkpt lat="45.7639930" lon="4.7605920">
    <ele>239.2</ele>
    <time>2025-04-02T17:58:25Z</time>
   </trkpt>
   <trkpt lat="45.7639800" lon="4.7605480">
    <ele>239.2</ele>
    <time>2025-04-02T17:58:26Z</time>
   </trkpt>
   <trkpt lat="45.7639920" lon="4.7604980">
    <ele>239.2</ele>
    <time>2025-04-02T17:58:27Z</time>
   </trkpt>
   <trkpt lat="45.7640010" lon="4.7604800">
    <ele>239.3</ele>
    <time>2025-04-02T17:58:28Z</time>
   </trkpt>
   <trkpt lat="45.7639950" lon="4.7604160">
    <ele>239.3</ele>
    <time>2025-04-02T17:58:29Z</time>
   </trkpt>
   <trkpt lat="45.7639830" lon="4.7603740">
    <ele>239.3</ele>
    <time>2025-04-02T17:58:30Z</time>
   </trkpt>
   <trkpt lat="45.7639750" lon="4.7603230">
    <ele>239.3</ele>
    <time>2025-04-02T17:58:31Z</time>
   </trkpt>
   <trkpt lat="45.7639780" lon="4.7602560">
    <ele>239.3</ele>
    <time>2025-04-02T17:58:32Z</time>
   </trkpt>
   <trkpt lat="45.7639950" lon="4.7602240">
    <ele>239.3</ele>
    <time>2025-04-02T17:58:33Z</time>
   </trkpt>
   <trkpt lat="45.7640140" lon="4.7601850">
    <ele>239.3</ele>
    <time>2025-04-02T17:58:34Z</time>
   </trkpt>
   <trkpt lat="45.7640540" lon="4.7601820">
    <ele>239.4</ele>
    <time>2025-04-02T17:58:35Z</time>
   </trkpt>
   <trkpt lat="45.7640710" lon="4.7601360">
    <ele>239.4</ele>
    <time>2025-04-02T17:58:36Z</time>
   </trkpt>
   <trkpt lat="45.7640870" lon="4.7600860">
    <ele>239.4</ele>
    <time>2025-04-02T17:58:37Z</time>
   </trkpt>
   <trkpt lat="45.7640900" lon="4.7600350">
    <ele>239.4</ele>
    <time>2025-04-02T17:58:38Z</time>
   </trkpt>
   <trkpt lat="45.7641120" lon="4.7599900">
    <ele>239.4</ele>
    <time>2025-04-02T17:58:39Z</time>
   </trkpt>
   <trkpt lat="45.7641190" lon="4.7599440">
    <ele>239.4</ele>
    <time>2025-04-02T17:58:40Z</time>
   </trkpt>
   <trkpt lat="45.7641310" lon="4.7598960">
    <ele>239.4</ele>
    <time>2025-04-02T17:58:41Z</time>
   </trkpt>
   <trkpt lat="45.7641350" lon="4.7598410">
    <ele>239.4</ele>
    <time>2025-04-02T17:58:42Z</time>
   </trkpt>
   <trkpt lat="45.7641400" lon="4.7598160">
    <ele>239.4</ele>
    <time>2025-04-02T17:58:43Z</time>
   </trkpt>
   <trkpt lat="45.7641500" lon="4.7597670">
    <ele>239.4</ele>
    <time>2025-04-02T17:58:44Z</time>
   </trkpt>
   <trkpt lat="45.7641760" lon="4.7597300">
    <ele>239.4</ele>
    <time>2025-04-02T17:58:45Z</time>
   </trkpt>
   <trkpt lat="45.7641820" lon="4.7596840">
    <ele>239.5</ele>
    <time>2025-04-02T17:58:46Z</time>
   </trkpt>
   <trkpt lat="45.7642020" lon="4.7596190">
    <ele>239.5</ele>
    <time>2025-04-02T17:58:47Z</time>
   </trkpt>
   <trkpt lat="45.7642130" lon="4.7595810">
    <ele>239.5</ele>
    <time>2025-04-02T17:58:48Z</time>
   </trkpt>
   <trkpt lat="45.7642150" lon="4.7595360">
    <ele>239.5</ele>
    <time>2025-04-02T17:58:49Z</time>
   </trkpt>
   <trkpt lat="45.7642310" lon="4.7594830">
    <ele>239.5</ele>
    <time>2025-04-02T17:58:50Z</time>
   </trkpt>
   <trkpt lat="45.7642480" lon="4.7594290">
    <ele>239.5</ele>
    <time>2025-04-02T17:58:51Z</time>
   </trkpt>
   <trkpt lat="45.7642590" lon="4.7594080">
    <ele>239.5</ele>
    <time>2025-04-02T17:58:52Z</time>
   </trkpt>
   <trkpt lat="45.7642730" lon="4.7593500">
    <ele>239.5</ele>
    <time>2025-04-02T17:58:53Z</time>
   </trkpt>
   <trkpt lat="45.7642780" lon="4.7593280">
    <ele>239.5</ele>
    <time>2025-04-02T17:58:54Z</time>
   </trkpt>
   <trkpt lat="45.7642890" lon="4.7592660">
    <ele>239.5</ele>
    <time>2025-04-02T17:58:55Z</time>
   </trkpt>
   <trkpt lat="45.7642940" lon="4.7592400">
    <ele>239.5</ele>
    <time>2025-04-02T17:58:56Z</time>
   </trkpt>
   <trkpt lat="45.7643160" lon="4.7591930">
    <ele>239.5</ele>
    <time>2025-04-02T17:58:57Z</time>
   </trkpt>
   <trkpt lat="45.7643220" lon="4.7591570">
    <ele>239.5</ele>
    <time>2025-04-02T17:58:58Z</time>
   </trkpt>
   <trkpt lat="45.7643260" lon="4.7591170">
    <ele>239.5</ele>
    <time>2025-04-02T17:59:00Z</time>
   </trkpt>
   <trkpt lat="45.7643380" lon="4.7590630">
    <ele>239.5</ele>
    <time>2025-04-02T17:59:01Z</time>
   </trkpt>
   <trkpt lat="45.7643440" lon="4.7590430">
    <ele>239.4</ele>
    <time>2025-04-02T17:59:02Z</time>
   </trkpt>
   <trkpt lat="45.7643450" lon="4.7589980">
    <ele>239.4</ele>
    <time>2025-04-02T17:59:03Z</time>
   </trkpt>
   <trkpt lat="45.7643630" lon="4.7589450">
    <ele>239.4</ele>
    <time>2025-04-02T17:59:04Z</time>
   </trkpt>
   <trkpt lat="45.7643670" lon="4.7589050">
    <ele>239.4</ele>
    <time>2025-04-02T17:59:05Z</time>
   </trkpt>
   <trkpt lat="45.7643730" lon="4.7588650">
    <ele>239.4</ele>
    <time>2025-04-02T17:59:06Z</time>
   </trkpt>
   <trkpt lat="45.7643860" lon="4.7588090">
    <ele>239.4</ele>
    <time>2025-04-02T17:59:07Z</time>
   </trkpt>
   <trkpt lat="45.7643980" lon="4.7587510">
    <ele>239.4</ele>
    <time>2025-04-02T17:59:08Z</time>
   </trkpt>
   <trkpt lat="45.7644050" lon="4.7587300">
    <ele>239.4</ele>
    <time>2025-04-02T17:59:09Z</time>
   </trkpt>
   <trkpt lat="45.7644000" lon="4.7586920">
    <ele>239.4</ele>
    <time>2025-04-02T17:59:10Z</time>
   </trkpt>
   <trkpt lat="45.7644090" lon="4.7586520">
    <ele>239.4</ele>
    <time>2025-04-02T17:59:11Z</time>
   </trkpt>
   <trkpt lat="45.7644210" lon="4.7585940">
    <ele>239.4</ele>
    <time>2025-04-02T17:59:12Z</time>
   </trkpt>
   <trkpt lat="45.7644310" lon="4.7585670">
    <ele>239.4</ele>
    <time>2025-04-02T17:59:13Z</time>
   </trkpt>
   <trkpt lat="45.7644440" lon="4.7585290">
    <ele>239.4</ele>
    <time>2025-04-02T17:59:14Z</time>
   </trkpt>
   <trkpt lat="45.7644520" lon="4.7584870">
    <ele>239.4</ele>
    <time>2025-04-02T17:59:15Z</time>
   </trkpt>
   <trkpt lat="45.7644670" lon="4.7584470">
    <ele>239.4</ele>
    <time>2025-04-02T17:59:16Z</time>
   </trkpt>
   <trkpt lat="45.7644860" lon="4.7584090">
    <ele>239.3</ele>
    <time>2025-04-02T17:59:17Z</time>
   </trkpt>
   <trkpt lat="45.7644890" lon="4.7583640">
    <ele>239.3</ele>
    <time>2025-04-02T17:59:18Z</time>
   </trkpt>
   <trkpt lat="45.7645070" lon="4.7583190">
    <ele>239.3</ele>
    <time>2025-04-02T17:59:19Z</time>
   </trkpt>
   <trkpt lat="45.7645110" lon="4.7582730">
    <ele>239.3</ele>
    <time>2025-04-02T17:59:20Z</time>
   </trkpt>
   <trkpt lat="45.7645240" lon="4.7582330">
    <ele>239.3</ele>
    <time>2025-04-02T17:59:21Z</time>
   </trkpt>
   <trkpt lat="45.7645400" lon="4.7581770">
    <ele>239.3</ele>
    <time>2025-04-02T17:59:22Z</time>
   </trkpt>
   <trkpt lat="45.7645420" lon="4.7581520">
    <ele>239.3</ele>
    <time>2025-04-02T17:59:23Z</time>
   </trkpt>
   <trkpt lat="45.7645460" lon="4.7581090">
    <ele>239.2</ele>
    <time>2025-04-02T17:59:24Z</time>
   </trkpt>
   <trkpt lat="45.7645580" lon="4.7580660">
    <ele>239.2</ele>
    <time>2025-04-02T17:59:25Z</time>
   </trkpt>
   <trkpt lat="45.7645660" lon="4.7580240">
    <ele>239.2</ele>
    <time>2025-04-02T17:59:26Z</time>
   </trkpt>
   <trkpt lat="45.7645820" lon="4.7579890">
    <ele>239.2</ele>
    <time>2025-04-02T17:59:27Z</time>
   </trkpt>
   <trkpt lat="45.7646020" lon="4.7579320">
    <ele>239.2</ele>
    <time>2025-04-02T17:59:28Z</time>
   </trkpt>
   <trkpt lat="45.7646130" lon="4.7579070">
    <ele>239.2</ele>
    <time>2025-04-02T17:59:29Z</time>
   </trkpt>
   <trkpt lat="45.7646190" lon="4.7578620">
    <ele>239.1</ele>
    <time>2025-04-02T17:59:30Z</time>
   </trkpt>
   <trkpt lat="45.7646180" lon="4.7578030">
    <ele>239.1</ele>
    <time>2025-04-02T17:59:31Z</time>
   </trkpt>
   <trkpt lat="45.7646250" lon="4.7577530">
    <ele>239.1</ele>
    <time>2025-04-02T17:59:32Z</time>
   </trkpt>
   <trkpt lat="45.7646320" lon="4.7577130">
    <ele>239.1</ele>
    <time>2025-04-02T17:59:33Z</time>
   </trkpt>
   <trkpt lat="45.7646390" lon="4.7576720">
    <ele>239.1</ele>
    <time>2025-04-02T17:59:34Z</time>
   </trkpt>
   <trkpt lat="45.7646570" lon="4.7576210">
    <ele>239.2</ele>
    <time>2025-04-02T17:59:35Z</time>
   </trkpt>
   <trkpt lat="45.7646640" lon="4.7576030">
    <ele>239.2</ele>
    <time>2025-04-02T17:59:36Z</time>
   </trkpt>
   <trkpt lat="45.7646730" lon="4.7575600">
    <ele>239.2</ele>
    <time>2025-04-02T17:59:37Z</time>
   </trkpt>
   <trkpt lat="45.7646830" lon="4.7575180">
    <ele>239.2</ele>
    <time>2025-04-02T17:59:38Z</time>
   </trkpt>
   <trkpt lat="45.7646970" lon="4.7574770">
    <ele>239.2</ele>
    <time>2025-04-02T17:59:39Z</time>
   </trkpt>
   <trkpt lat="45.7647020" lon="4.7574390">
    <ele>239.2</ele>
    <time>2025-04-02T17:59:40Z</time>
   </trkpt>
   <trkpt lat="45.7647110" lon="4.7573830">
    <ele>239.2</ele>
    <time>2025-04-02T17:59:41Z</time>
   </trkpt>
   <trkpt lat="45.7647130" lon="4.7573620">
    <ele>239.2</ele>
    <time>2025-04-02T17:59:42Z</time>
   </trkpt>
   <trkpt lat="45.7647320" lon="4.7573290">
    <ele>239.2</ele>
    <time>2025-04-02T17:59:43Z</time>
   </trkpt>
   <trkpt lat="45.7647400" lon="4.7572700">
    <ele>239.2</ele>
    <time>2025-04-02T17:59:44Z</time>
   </trkpt>
   <trkpt lat="45.7647430" lon="4.7572470">
    <ele>239.2</ele>
    <time>2025-04-02T17:59:45Z</time>
   </trkpt>
   <trkpt lat="45.7647400" lon="4.7572070">
    <ele>239.2</ele>
    <time>2025-04-02T17:59:46Z</time>
   </trkpt>
   <trkpt lat="45.7647410" lon="4.7571630">
    <ele>239.3</ele>
    <time>2025-04-02T17:59:47Z</time>
   </trkpt>
   <trkpt lat="45.7647570" lon="4.7571300">
    <ele>239.3</ele>
    <time>2025-04-02T17:59:48Z</time>
   </trkpt>
   <trkpt lat="45.7647600" lon="4.7570790">
    <ele>239.3</ele>
    <time>2025-04-02T17:59:49Z</time>
   </trkpt>
   <trkpt lat="45.7647650" lon="4.7570230">
    <ele>239.3</ele>
    <time>2025-04-02T17:59:50Z</time>
   </trkpt>
   <trkpt lat="45.7647690" lon="4.7570030">
    <ele>239.3</ele>
    <time>2025-04-02T17:59:51Z</time>
   </trkpt>
   <trkpt lat="45.7647790" lon="4.7569590">
    <ele>239.3</ele>
    <time>2025-04-02T17:59:52Z</time>
   </trkpt>
   <trkpt lat="45.7647830" lon="4.7568920">
    <ele>239.3</ele>
    <time>2025-04-02T17:59:53Z</time>
   </trkpt>
   <trkpt lat="45.7647800" lon="4.7568610">
    <ele>239.3</ele>
    <time>2025-04-02T17:59:54Z</time>
   </trkpt>
   <trkpt lat="45.7647960" lon="4.7568100">
    <ele>239.3</ele>
    <time>2025-04-02T17:59:55Z</time>
   </trkpt>
   <trkpt lat="45.7647980" lon="4.7567930">
    <ele>239.3</ele>
    <time>2025-04-02T17:59:56Z</time>
   </trkpt>
   <trkpt lat="45.7647940" lon="4.7567430">
    <ele>239.4</ele>
    <time>2025-04-02T17:59:57Z</time>
   </trkpt>
   <trkpt lat="45.7648080" lon="4.7567040">
    <ele>239.4</ele>
    <time>2025-04-02T17:59:58Z</time>
   </trkpt>
   <trkpt lat="45.7648150" lon="4.7566470">
    <ele>239.4</ele>
    <time>2025-04-02T17:59:59Z</time>
   </trkpt>
   <trkpt lat="45.7648140" lon="4.7566230">
    <ele>239.4</ele>
    <time>2025-04-02T18:00:00Z</time>
   </trkpt>
   <trkpt lat="45.7648160" lon="4.7565830">
    <ele>239.5</ele>
    <time>2025-04-02T18:00:01Z</time>
   </trkpt>
   <trkpt lat="45.7648260" lon="4.7565440">
    <ele>239.5</ele>
    <time>2025-04-02T18:00:02Z</time>
   </trkpt>
   <trkpt lat="45.7648270" lon="4.7565000">
    <ele>239.5</ele>
    <time>2025-04-02T18:00:03Z</time>
   </trkpt>
   <trkpt lat="45.7648300" lon="4.7564390">
    <ele>239.5</ele>
    <time>2025-04-02T18:00:04Z</time>
   </trkpt>
   <trkpt lat="45.7648310" lon="4.7564160">
    <ele>239.5</ele>
    <time>2025-04-02T18:00:05Z</time>
   </trkpt>
   <trkpt lat="45.7648420" lon="4.7563750">
    <ele>239.5</ele>
    <time>2025-04-02T18:00:06Z</time>
   </trkpt>
   <trkpt lat="45.7648430" lon="4.7563340">
    <ele>239.5</ele>
    <time>2025-04-02T18:00:07Z</time>
   </trkpt>
   <trkpt lat="45.7648460" lon="4.7562940">
    <ele>239.5</ele>
    <time>2025-04-02T18:00:08Z</time>
   </trkpt>
   <trkpt lat="45.7648540" lon="4.7562560">
    <ele>239.6</ele>
    <time>2025-04-02T18:00:09Z</time>
   </trkpt>
   <trkpt lat="45.7648610" lon="4.7562170">
    <ele>239.6</ele>
    <time>2025-04-02T18:00:10Z</time>
   </trkpt>
   <trkpt lat="45.7648610" lon="4.7561760">
    <ele>239.6</ele>
    <time>2025-04-02T18:00:11Z</time>
   </trkpt>
   <trkpt lat="45.7648700" lon="4.7561290">
    <ele>239.6</ele>
    <time>2025-04-02T18:00:12Z</time>
   </trkpt>
   <trkpt lat="45.7648720" lon="4.7561150">
    <ele>239.6</ele>
    <time>2025-04-02T18:00:13Z</time>
   </trkpt>
   <trkpt lat="45.7648760" lon="4.7560590">
    <ele>239.6</ele>
    <time>2025-04-02T18:00:14Z</time>
   </trkpt>
   <trkpt lat="45.7648730" lon="4.7560390">
    <ele>239.6</ele>
    <time>2025-04-02T18:00:15Z</time>
   </trkpt>
   <trkpt lat="45.7648810" lon="4.7559950">
    <ele>239.6</ele>
    <time>2025-04-02T18:00:16Z</time>
   </trkpt>
   <trkpt lat="45.7648870" lon="4.7559410">
    <ele>239.6</ele>
    <time>2025-04-02T18:00:17Z</time>
   </trkpt>
   <trkpt lat="45.7648890" lon="4.7559010">
    <ele>239.6</ele>
    <time>2025-04-02T18:00:18Z</time>
   </trkpt>
   <trkpt lat="45.7648990" lon="4.7558560">
    <ele>239.6</ele>
    <time>2025-04-02T18:00:19Z</time>
   </trkpt>
   <trkpt lat="45.7649000" lon="4.7558120">
    <ele>239.7</ele>
    <time>2025-04-02T18:00:20Z</time>
   </trkpt>
   <trkpt lat="45.7649050" lon="4.7557730">
    <ele>239.7</ele>
    <time>2025-04-02T18:00:21Z</time>
   </trkpt>
   <trkpt lat="45.7649010" lon="4.7557190">
    <ele>239.7</ele>
    <time>2025-04-02T18:00:22Z</time>
   </trkpt>
   <trkpt lat="45.7649080" lon="4.7556790">
    <ele>239.7</ele>
    <time>2025-04-02T18:00:23Z</time>
   </trkpt>
   <trkpt lat="45.7649100" lon="4.7556640">
    <ele>239.7</ele>
    <time>2025-04-02T18:00:24Z</time>
   </trkpt>
   <trkpt lat="45.7649160" lon="4.7556020">
    <ele>239.7</ele>
    <time>2025-04-02T18:00:25Z</time>
   </trkpt>
   <trkpt lat="45.7649170" lon="4.7555750">
    <ele>239.7</ele>
    <time>2025-04-02T18:00:26Z</time>
   </trkpt>
   <trkpt lat="45.7649280" lon="4.7555370">
    <ele>239.8</ele>
    <time>2025-04-02T18:00:27Z</time>
   </trkpt>
   <trkpt lat="45.7649290" lon="4.7555150">
    <ele>239.8</ele>
    <time>2025-04-02T18:00:28Z</time>
   </trkpt>
   <trkpt lat="45.7649340" lon="4.7554740">
    <ele>239.8</ele>
    <time>2025-04-02T18:00:29Z</time>
   </trkpt>
   <trkpt lat="45.7649450" lon="4.7554040">
    <ele>239.8</ele>
    <time>2025-04-02T18:00:30Z</time>
   </trkpt>
   <trkpt lat="45.7649530" lon="4.7553680">
    <ele>239.8</ele>
    <time>2025-04-02T18:00:31Z</time>
   </trkpt>
   <trkpt lat="45.7649570" lon="4.7553180">
    <ele>239.8</ele>
    <time>2025-04-02T18:00:32Z</time>
   </trkpt>
   <trkpt lat="45.7649600" lon="4.7552990">
    <ele>239.8</ele>
    <time>2025-04-02T18:00:33Z</time>
   </trkpt>
   <trkpt lat="45.7649660" lon="4.7552430">
    <ele>239.8</ele>
    <time>2025-04-02T18:00:34Z</time>
   </trkpt>
   <trkpt lat="45.7649680" lon="4.7552210">
    <ele>239.8</ele>
    <time>2025-04-02T18:00:35Z</time>
   </trkpt>
   <trkpt lat="45.7649770" lon="4.7551830">
    <ele>239.8</ele>
    <time>2025-04-02T18:00:36Z</time>
   </trkpt>
   <trkpt lat="45.7649800" lon="4.7551430">
    <ele>239.8</ele>
    <time>2025-04-02T18:00:37Z</time>
   </trkpt>
   <trkpt lat="45.7649800" lon="4.7551000">
    <ele>239.8</ele>
    <time>2025-04-02T18:00:38Z</time>
   </trkpt>
   <trkpt lat="45.7649960" lon="4.7550450">
    <ele>239.8</ele>
    <time>2025-04-02T18:00:39Z</time>
   </trkpt>
   <trkpt lat="45.7650030" lon="4.7549650">
    <ele>239.8</ele>
    <time>2025-04-02T18:00:40Z</time>
   </trkpt>
   <trkpt lat="45.7650010" lon="4.7549040">
    <ele>239.7</ele>
    <time>2025-04-02T18:00:41Z</time>
   </trkpt>
   <trkpt lat="45.7650060" lon="4.7548550">
    <ele>239.7</ele>
    <time>2025-04-02T18:00:42Z</time>
   </trkpt>
   <trkpt lat="45.7650120" lon="4.7548110">
    <ele>239.6</ele>
    <time>2025-04-02T18:00:43Z</time>
   </trkpt>
   <trkpt lat="45.7650230" lon="4.7547710">
    <ele>239.6</ele>
    <time>2025-04-02T18:00:44Z</time>
   </trkpt>
   <trkpt lat="45.7650310" lon="4.7547180">
    <ele>239.5</ele>
    <time>2025-04-02T18:00:45Z</time>
   </trkpt>
   <trkpt lat="45.7650320" lon="4.7546720">
    <ele>239.5</ele>
    <time>2025-04-02T18:00:46Z</time>
   </trkpt>
   <trkpt lat="45.7650320" lon="4.7546100">
    <ele>239.4</ele>
    <time>2025-04-02T18:00:47Z</time>
   </trkpt>
   <trkpt lat="45.7650400" lon="4.7545640">
    <ele>239.3</ele>
    <time>2025-04-02T18:00:48Z</time>
   </trkpt>
   <trkpt lat="45.7650390" lon="4.7545220">
    <ele>239.2</ele>
    <time>2025-04-02T18:00:49Z</time>
   </trkpt>
   <trkpt lat="45.7650580" lon="4.7544770">
    <ele>239.1</ele>
    <time>2025-04-02T18:00:50Z</time>
   </trkpt>
   <trkpt lat="45.7650670" lon="4.7544280">
    <ele>238.9</ele>
    <time>2025-04-02T18:00:51Z</time>
   </trkpt>
   <trkpt lat="45.7650860" lon="4.7543880">
    <ele>238.8</ele>
    <time>2025-04-02T18:00:52Z</time>
   </trkpt>
   <trkpt lat="45.7650970" lon="4.7543410">
    <ele>238.7</ele>
    <time>2025-04-02T18:00:53Z</time>
   </trkpt>
   <trkpt lat="45.7650970" lon="4.7542840">
    <ele>238.5</ele>
    <time>2025-04-02T18:00:54Z</time>
   </trkpt>
   <trkpt lat="45.7651070" lon="4.7542420">
    <ele>238.4</ele>
    <time>2025-04-02T18:00:55Z</time>
   </trkpt>
   <trkpt lat="45.7651160" lon="4.7541970">
    <ele>238.2</ele>
    <time>2025-04-02T18:00:56Z</time>
   </trkpt>
   <trkpt lat="45.7651240" lon="4.7541440">
    <ele>238.0</ele>
    <time>2025-04-02T18:00:57Z</time>
   </trkpt>
   <trkpt lat="45.7651340" lon="4.7541000">
    <ele>237.9</ele>
    <time>2025-04-02T18:00:58Z</time>
   </trkpt>
   <trkpt lat="45.7651430" lon="4.7540340">
    <ele>237.6</ele>
    <time>2025-04-02T18:00:59Z</time>
   </trkpt>
   <trkpt lat="45.7651550" lon="4.7539770">
    <ele>237.3</ele>
    <time>2025-04-02T18:01:00Z</time>
   </trkpt>
   <trkpt lat="45.7651590" lon="4.7539560">
    <ele>237.3</ele>
    <time>2025-04-02T18:01:01Z</time>
   </trkpt>
   <trkpt lat="45.7651680" lon="4.7539100">
    <ele>237.0</ele>
    <time>2025-04-02T18:01:02Z</time>
   </trkpt>
   <trkpt lat="45.7651730" lon="4.7538580">
    <ele>236.8</ele>
    <time>2025-04-02T18:01:03Z</time>
   </trkpt>
   <trkpt lat="45.7651790" lon="4.7538120">
    <ele>236.6</ele>
    <time>2025-04-02T18:01:04Z</time>
   </trkpt>
   <trkpt lat="45.7651850" lon="4.7537610">
    <ele>236.3</ele>
    <time>2025-04-02T18:01:05Z</time>
   </trkpt>
   <trkpt lat="45.7652000" lon="4.7537230">
    <ele>236.1</ele>
    <time>2025-04-02T18:01:06Z</time>
   </trkpt>
   <trkpt lat="45.7651990" lon="4.7536770">
    <ele>235.9</ele>
    <time>2025-04-02T18:01:07Z</time>
   </trkpt>
   <trkpt lat="45.7652160" lon="4.7536410">
    <ele>235.6</ele>
    <time>2025-04-02T18:01:08Z</time>
   </trkpt>
   <trkpt lat="45.7652070" lon="4.7535720">
    <ele>235.3</ele>
    <time>2025-04-02T18:01:09Z</time>
   </trkpt>
   <trkpt lat="45.7652210" lon="4.7535230">
    <ele>235.0</ele>
    <time>2025-04-02T18:01:10Z</time>
   </trkpt>
   <trkpt lat="45.7652340" lon="4.7534790">
    <ele>234.7</ele>
    <time>2025-04-02T18:01:11Z</time>
   </trkpt>
   <trkpt lat="45.7652480" lon="4.7534350">
    <ele>234.4</ele>
    <time>2025-04-02T18:01:12Z</time>
   </trkpt>
   <trkpt lat="45.7652610" lon="4.7533780">
    <ele>234.0</ele>
    <time>2025-04-02T18:01:13Z</time>
   </trkpt>
   <trkpt lat="45.7652800" lon="4.7533480">
    <ele>233.8</ele>
    <time>2025-04-02T18:01:14Z</time>
   </trkpt>
   <trkpt lat="45.7652880" lon="4.7532950">
    <ele>233.4</ele>
    <time>2025-04-02T18:01:15Z</time>
   </trkpt>
   <trkpt lat="45.7652990" lon="4.7532550">
    <ele>233.2</ele>
    <time>2025-04-02T18:01:16Z</time>
   </trkpt>
   <trkpt lat="45.7653070" lon="4.7532110">
    <ele>233.0</ele>
    <time>2025-04-02T18:01:17Z</time>
   </trkpt>
   <trkpt lat="45.7653090" lon="4.7531640">
    <ele>232.7</ele>
    <time>2025-04-02T18:01:18Z</time>
   </trkpt>
   <trkpt lat="45.7653060" lon="4.7530980">
    <ele>232.4</ele>
    <time>2025-04-02T18:01:19Z</time>
   </trkpt>
   <trkpt lat="45.7653190" lon="4.7530500">
    <ele>232.1</ele>
    <time>2025-04-02T18:01:20Z</time>
   </trkpt>
   <trkpt lat="45.7653280" lon="4.7529980">
    <ele>231.9</ele>
    <time>2025-04-02T18:01:21Z</time>
   </trkpt>
   <trkpt lat="45.7653330" lon="4.7529540">
    <ele>231.8</ele>
    <time>2025-04-02T18:01:22Z</time>
   </trkpt>
   <trkpt lat="45.7653490" lon="4.7529090">
    <ele>231.6</ele>
    <time>2025-04-02T18:01:24Z</time>
   </trkpt>
   <trkpt lat="45.7653620" lon="4.7528610">
    <ele>231.5</ele>
    <time>2025-04-02T18:01:25Z</time>
   </trkpt>
   <trkpt lat="45.7653770" lon="4.7528140">
    <ele>231.4</ele>
    <time>2025-04-02T18:01:26Z</time>
   </trkpt>
   <trkpt lat="45.7653930" lon="4.7527790">
    <ele>231.3</ele>
    <time>2025-04-02T18:01:27Z</time>
   </trkpt>
   <trkpt lat="45.7654160" lon="4.7527490">
    <ele>231.1</ele>
    <time>2025-04-02T18:01:28Z</time>
   </trkpt>
   <trkpt lat="45.7654260" lon="4.7527010">
    <ele>230.9</ele>
    <time>2025-04-02T18:01:29Z</time>
   </trkpt>
   <trkpt lat="45.7654300" lon="4.7526500">
    <ele>230.7</ele>
    <time>2025-04-02T18:01:30Z</time>
   </trkpt>
   <trkpt lat="45.7654360" lon="4.7526070">
    <ele>230.6</ele>
    <time>2025-04-02T18:01:31Z</time>
   </trkpt>
   <trkpt lat="45.7654440" lon="4.7525540">
    <ele>230.4</ele>
    <time>2025-04-02T18:01:32Z</time>
   </trkpt>
   <trkpt lat="45.7654490" lon="4.7525130">
    <ele>230.3</ele>
    <time>2025-04-02T18:01:33Z</time>
   </trkpt>
   <trkpt lat="45.7654550" lon="4.7524680">
    <ele>230.2</ele>
    <time>2025-04-02T18:01:34Z</time>
   </trkpt>
   <trkpt lat="45.7654470" lon="4.7524050">
    <ele>230.0</ele>
    <time>2025-04-02T18:01:35Z</time>
   </trkpt>
   <trkpt lat="45.7654380" lon="4.7523540">
    <ele>229.9</ele>
    <time>2025-04-02T18:01:36Z</time>
   </trkpt>
   <trkpt lat="45.7654270" lon="4.7523060">
    <ele>229.8</ele>
    <time>2025-04-02T18:01:37Z</time>
   </trkpt>
   <trkpt lat="45.7654070" lon="4.7522660">
    <ele>229.6</ele>
    <time>2025-04-02T18:01:38Z</time>
   </trkpt>
   <trkpt lat="45.7653750" lon="4.7522410">
    <ele>229.4</ele>
    <time>2025-04-02T18:01:39Z</time>
   </trkpt>
   <trkpt lat="45.7653470" lon="4.7522100">
    <ele>229.2</ele>
    <time>2025-04-02T18:01:40Z</time>
   </trkpt>
   <trkpt lat="45.7653170" lon="4.7521830">
    <ele>229.1</ele>
    <time>2025-04-02T18:01:41Z</time>
   </trkpt>
   <trkpt lat="45.7652990" lon="4.7521490">
    <ele>229.0</ele>
    <time>2025-04-02T18:01:42Z</time>
   </trkpt>
   <trkpt lat="45.7652750" lon="4.7521120">
    <ele>228.9</ele>
    <time>2025-04-02T18:01:43Z</time>
   </trkpt>
   <trkpt lat="45.7652590" lon="4.7520690">
    <ele>228.8</ele>
    <time>2025-04-02T18:01:44Z</time>
   </trkpt>
   <trkpt lat="45.7652440" lon="4.7520210">
    <ele>228.7</ele>
    <time>2025-04-02T18:01:45Z</time>
   </trkpt>
   <trkpt lat="45.7652290" lon="4.7519720">
    <ele>228.6</ele>
    <time>2025-04-02T18:01:46Z</time>
   </trkpt>
   <trkpt lat="45.7652220" lon="4.7519280">
    <ele>228.6</ele>
    <time>2025-04-02T18:01:47Z</time>
   </trkpt>
   <trkpt lat="45.7652170" lon="4.7518800">
    <ele>228.5</ele>
    <time>2025-04-02T18:01:48Z</time>
   </trkpt>
   <trkpt lat="45.7652140" lon="4.7518260">
    <ele>228.5</ele>
    <time>2025-04-02T18:01:49Z</time>
   </trkpt>
   <trkpt lat="45.7652140" lon="4.7517780">
    <ele>228.5</ele>
    <time>2025-04-02T18:01:50Z</time>
   </trkpt>
   <trkpt lat="45.7652180" lon="4.7517350">
    <ele>228.5</ele>
    <time>2025-04-02T18:01:51Z</time>
   </trkpt>
   <trkpt lat="45.7652200" lon="4.7516850">
    <ele>228.5</ele>
    <time>2025-04-02T18:01:52Z</time>
   </trkpt>
   <trkpt lat="45.7652270" lon="4.7516420">
    <ele>228.6</ele>
    <time>2025-04-02T18:01:53Z</time>
   </trkpt>
   <trkpt lat="45.7652360" lon="4.7515990">
    <ele>228.6</ele>
    <time>2025-04-02T18:01:54Z</time>
   </trkpt>
   <trkpt lat="45.7652470" lon="4.7515550">
    <ele>228.6</ele>
    <time>2025-04-02T18:01:55Z</time>
   </trkpt>
   <trkpt lat="45.7652670" lon="4.7515200">
    <ele>228.6</ele>
    <time>2025-04-02T18:01:56Z</time>
   </trkpt>
   <trkpt lat="45.7652840" lon="4.7514800">
    <ele>228.7</ele>
    <time>2025-04-02T18:01:57Z</time>
   </trkpt>
   <trkpt lat="45.7653010" lon="4.7514400">
    <ele>228.7</ele>
    <time>2025-04-02T18:01:58Z</time>
   </trkpt>
   <trkpt lat="45.7653210" lon="4.7514060">
    <ele>228.7</ele>
    <time>2025-04-02T18:01:59Z</time>
   </trkpt>
   <trkpt lat="45.7653480" lon="4.7513870">
    <ele>228.8</ele>
    <time>2025-04-02T18:02:00Z</time>
   </trkpt>
   <trkpt lat="45.7653720" lon="4.7513640">
    <ele>228.8</ele>
    <time>2025-04-02T18:02:01Z</time>
   </trkpt>
   <trkpt lat="45.7653990" lon="4.7513540">
    <ele>228.8</ele>
    <time>2025-04-02T18:02:02Z</time>
   </trkpt>
   <trkpt lat="45.7654290" lon="4.7513330">
    <ele>228.8</ele>
    <time>2025-04-02T18:02:03Z</time>
   </trkpt>
   <trkpt lat="45.7654590" lon="4.7513290">
    <ele>228.7</ele>
    <time>2025-04-02T18:02:04Z</time>
   </trkpt>
   <trkpt lat="45.7654960" lon="4.7513380">
    <ele>228.5</ele>
    <time>2025-04-02T18:02:05Z</time>
   </trkpt>
   <trkpt lat="45.7655340" lon="4.7513450">
    <ele>228.8</ele>
    <time>2025-04-02T18:02:06Z</time>
   </trkpt>
   <trkpt lat="45.7655660" lon="4.7513390">
    <ele>229.1</ele>
    <time>2025-04-02T18:02:07Z</time>
   </trkpt>
   <trkpt lat="45.7656070" lon="4.7513210">
    <ele>229.5</ele>
    <time>2025-04-02T18:02:08Z</time>
   </trkpt>
   <trkpt lat="45.7656210" lon="4.7513090">
    <ele>229.6</ele>
    <time>2025-04-02T18:02:09Z</time>
   </trkpt>
   <trkpt lat="45.7656440" lon="4.7512590">
    <ele>229.6</ele>
    <time>2025-04-02T18:02:10Z</time>
   </trkpt>
   <trkpt lat="45.7656520" lon="4.7512050">
    <ele>229.5</ele>
    <time>2025-04-02T18:02:11Z</time>
   </trkpt>
   <trkpt lat="45.7656470" lon="4.7511530">
    <ele>229.3</ele>
    <time>2025-04-02T18:02:12Z</time>
   </trkpt>
   <trkpt lat="45.7656540" lon="4.7511080">
    <ele>229.2</ele>
    <time>2025-04-02T18:02:13Z</time>
   </trkpt>
   <trkpt lat="45.7656450" lon="4.7510580">
    <ele>229.1</ele>
    <time>2025-04-02T18:02:14Z</time>
   </trkpt>
   <trkpt lat="45.7656340" lon="4.7510040">
    <ele>229.0</ele>
    <time>2025-04-02T18:02:15Z</time>
   </trkpt>
   <trkpt lat="45.7656280" lon="4.7509630">
    <ele>228.9</ele>
    <time>2025-04-02T18:02:16Z</time>
   </trkpt>
   <trkpt lat="45.7656210" lon="4.7509200">
    <ele>228.8</ele>
    <time>2025-04-02T18:02:17Z</time>
   </trkpt>
   <trkpt lat="45.7656190" lon="4.7508730">
    <ele>228.7</ele>
    <time>2025-04-02T18:02:18Z</time>
   </trkpt>
   <trkpt lat="45.7656270" lon="4.7508220">
    <ele>228.6</ele>
    <time>2025-04-02T18:02:19Z</time>
   </trkpt>
   <trkpt lat="45.7656290" lon="4.7507800">
    <ele>228.6</ele>
    <time>2025-04-02T18:02:20Z</time>
   </trkpt>
   <trkpt lat="45.7656370" lon="4.7507380">
    <ele>228.5</ele>
    <time>2025-04-02T18:02:21Z</time>
   </trkpt>
   <trkpt lat="45.7656380" lon="4.7506930">
    <ele>228.5</ele>
    <time>2025-04-02T18:02:22Z</time>
   </trkpt>
   <trkpt lat="45.7656400" lon="4.7506510">
    <ele>228.4</ele>
    <time>2025-04-02T18:02:23Z</time>
   </trkpt>
   <trkpt lat="45.7656340" lon="4.7506040">
    <ele>228.3</ele>
    <time>2025-04-02T18:02:24Z</time>
   </trkpt>
   <trkpt lat="45.7656390" lon="4.7505560">
    <ele>228.2</ele>
    <time>2025-04-02T18:02:25Z</time>
   </trkpt>
   <trkpt lat="45.7656460" lon="4.7505120">
    <ele>228.1</ele>
    <time>2025-04-02T18:02:26Z</time>
   </trkpt>
   <trkpt lat="45.7656490" lon="4.7504590">
    <ele>228.0</ele>
    <time>2025-04-02T18:02:27Z</time>
   </trkpt>
   <trkpt lat="45.7656450" lon="4.7504070">
    <ele>227.9</ele>
    <time>2025-04-02T18:02:28Z</time>
   </trkpt>
   <trkpt lat="45.7656410" lon="4.7503600">
    <ele>227.8</ele>
    <time>2025-04-02T18:02:29Z</time>
   </trkpt>
   <trkpt lat="45.7656370" lon="4.7503060">
    <ele>227.7</ele>
    <time>2025-04-02T18:02:30Z</time>
   </trkpt>
   <trkpt lat="45.7656400" lon="4.7502500">
    <ele>227.6</ele>
    <time>2025-04-02T18:02:31Z</time>
   </trkpt>
   <trkpt lat="45.7656350" lon="4.7501970">
    <ele>227.5</ele>
    <time>2025-04-02T18:02:32Z</time>
   </trkpt>
   <trkpt lat="45.7656370" lon="4.7501530">
    <ele>227.4</ele>
    <time>2025-04-02T18:02:33Z</time>
   </trkpt>
   <trkpt lat="45.7656350" lon="4.7500900">
    <ele>227.3</ele>
    <time>2025-04-02T18:02:34Z</time>
   </trkpt>
   <trkpt lat="45.7656320" lon="4.7500470">
    <ele>227.3</ele>
    <time>2025-04-02T18:02:35Z</time>
   </trkpt>
   <trkpt lat="45.7656260" lon="4.7499980">
    <ele>227.2</ele>
    <time>2025-04-02T18:02:36Z</time>
   </trkpt>
   <trkpt lat="45.7656290" lon="4.7499000">
    <ele>227.1</ele>
    <time>2025-04-02T18:02:37Z</time>
   </trkpt>
   <trkpt lat="45.7656370" lon="4.7498450">
    <ele>227.0</ele>
    <time>2025-04-02T18:02:38Z</time>
   </trkpt>
   <trkpt lat="45.7656430" lon="4.7497970">
    <ele>227.0</ele>
    <time>2025-04-02T18:02:39Z</time>
   </trkpt>
   <trkpt lat="45.7656530" lon="4.7497560">
    <ele>226.9</ele>
    <time>2025-04-02T18:02:40Z</time>
   </trkpt>
   <trkpt lat="45.7656500" lon="4.7497110">
    <ele>226.9</ele>
    <time>2025-04-02T18:02:41Z</time>
   </trkpt>
   <trkpt lat="45.7656460" lon="4.7496640">
    <ele>226.8</ele>
    <time>2025-04-02T18:02:42Z</time>
   </trkpt>
   <trkpt lat="45.7656450" lon="4.7496160">
    <ele>226.8</ele>
    <time>2025-04-02T18:02:43Z</time>
   </trkpt>
   <trkpt lat="45.7656370" lon="4.7495610">
    <ele>226.7</ele>
    <time>2025-04-02T18:02:44Z</time>
   </trkpt>
   <trkpt lat="45.7656380" lon="4.7495200">
    <ele>226.7</ele>
    <time>2025-04-02T18:02:45Z</time>
   </trkpt>
   <trkpt lat="45.7656380" lon="4.7494580">
    <ele>226.7</ele>
    <time>2025-04-02T18:02:46Z</time>
   </trkpt>
   <trkpt lat="45.7656250" lon="4.7494060">
    <ele>226.6</ele>
    <time>2025-04-02T18:02:47Z</time>
   </trkpt>
   <trkpt lat="45.7656310" lon="4.7493630">
    <ele>226.6</ele>
    <time>2025-04-02T18:02:48Z</time>
   </trkpt>
   <trkpt lat="45.7656340" lon="4.7493020">
    <ele>226.6</ele>
    <time>2025-04-02T18:02:49Z</time>
   </trkpt>
   <trkpt lat="45.7656150" lon="4.7492580">
    <ele>226.5</ele>
    <time>2025-04-02T18:02:50Z</time>
   </trkpt>
   <trkpt lat="45.7656160" lon="4.7492070">
    <ele>226.5</ele>
    <time>2025-04-02T18:02:51Z</time>
   </trkpt>
   <trkpt lat="45.7656250" lon="4.7491700">
    <ele>226.5</ele>
    <time>2025-04-02T18:02:52Z</time>
   </trkpt>
   <trkpt lat="45.7656210" lon="4.7491210">
    <ele>226.5</ele>
    <time>2025-04-02T18:02:53Z</time>
   </trkpt>
   <trkpt lat="45.7656300" lon="4.7490770">
    <ele>226.4</ele>
    <time>2025-04-02T18:02:54Z</time>
   </trkpt>
   <trkpt lat="45.7656280" lon="4.7490290">
    <ele>226.4</ele>
    <time>2025-04-02T18:02:55Z</time>
   </trkpt>
   <trkpt lat="45.7656280" lon="4.7489880">
    <ele>226.4</ele>
    <time>2025-04-02T18:02:56Z</time>
   </trkpt>
   <trkpt lat="45.7656250" lon="4.7489420">
    <ele>226.4</ele>
    <time>2025-04-02T18:02:57Z</time>
   </trkpt>
   <trkpt lat="45.7656160" lon="4.7488940">
    <ele>226.5</ele>
    <time>2025-04-02T18:02:58Z</time>
   </trkpt>
   <trkpt lat="45.7656220" lon="4.7488540">
    <ele>226.5</ele>
    <time>2025-04-02T18:02:59Z</time>
   </trkpt>
   <trkpt lat="45.7656210" lon="4.7488050">
    <ele>226.5</ele>
    <time>2025-04-02T18:03:00Z</time>
   </trkpt>
   <trkpt lat="45.7656240" lon="4.7487450">
    <ele>226.6</ele>
    <time>2025-04-02T18:03:01Z</time>
   </trkpt>
   <trkpt lat="45.7656220" lon="4.7487220">
    <ele>226.6</ele>
    <time>2025-04-02T18:03:02Z</time>
   </trkpt>
   <trkpt lat="45.7656130" lon="4.7486770">
    <ele>226.7</ele>
    <time>2025-04-02T18:03:03Z</time>
   </trkpt>
   <trkpt lat="45.7656130" lon="4.7486360">
    <ele>226.7</ele>
    <time>2025-04-02T18:03:04Z</time>
   </trkpt>
   <trkpt lat="45.7656080" lon="4.7485840">
    <ele>226.8</ele>
    <time>2025-04-02T18:03:05Z</time>
   </trkpt>
   <trkpt lat="45.7656130" lon="4.7485290">
    <ele>226.9</ele>
    <time>2025-04-02T18:03:06Z</time>
   </trkpt>
   <trkpt lat="45.7656140" lon="4.7484900">
    <ele>227.0</ele>
    <time>2025-04-02T18:03:07Z</time>
   </trkpt>
   <trkpt lat="45.7656100" lon="4.7484470">
    <ele>227.0</ele>
    <time>2025-04-02T18:03:08Z</time>
   </trkpt>
   <trkpt lat="45.7656120" lon="4.7483900">
    <ele>227.1</ele>
    <time>2025-04-02T18:03:10Z</time>
   </trkpt>
   <trkpt lat="45.7656130" lon="4.7483690">
    <ele>227.2</ele>
    <time>2025-04-02T18:03:11Z</time>
   </trkpt>
   <trkpt lat="45.7656110" lon="4.7483280">
    <ele>227.2</ele>
    <time>2025-04-02T18:03:12Z</time>
   </trkpt>
   <trkpt lat="45.7656110" lon="4.7482690">
    <ele>227.3</ele>
    <time>2025-04-02T18:03:13Z</time>
   </trkpt>
   <trkpt lat="45.7656110" lon="4.7482470">
    <ele>227.3</ele>
    <time>2025-04-02T18:03:14Z</time>
   </trkpt>
   <trkpt lat="45.7656170" lon="4.7481880">
    <ele>227.4</ele>
    <time>2025-04-02T18:03:15Z</time>
   </trkpt>
   <trkpt lat="45.7656150" lon="4.7481640">
    <ele>227.5</ele>
    <time>2025-04-02T18:03:16Z</time>
   </trkpt>
   <trkpt lat="45.7656170" lon="4.7481210">
    <ele>227.6</ele>
    <time>2025-04-02T18:03:17Z</time>
   </trkpt>
   <trkpt lat="45.7656220" lon="4.7480670">
    <ele>227.7</ele>
    <time>2025-04-02T18:03:18Z</time>
   </trkpt>
   <trkpt lat="45.7656250" lon="4.7480470">
    <ele>227.7</ele>
    <time>2025-04-02T18:03:19Z</time>
   </trkpt>
   <trkpt lat="45.7656200" lon="4.7479890">
    <ele>227.8</ele>
    <time>2025-04-02T18:03:20Z</time>
   </trkpt>
   <trkpt lat="45.7656150" lon="4.7479690">
    <ele>227.9</ele>
    <time>2025-04-02T18:03:21Z</time>
   </trkpt>
   <trkpt lat="45.7656230" lon="4.7479250">
    <ele>228.0</ele>
    <time>2025-04-02T18:03:22Z</time>
   </trkpt>
   <trkpt lat="45.7656350" lon="4.7478740">
    <ele>228.1</ele>
    <time>2025-04-02T18:03:23Z</time>
   </trkpt>
   <trkpt lat="45.7656390" lon="4.7478570">
    <ele>228.2</ele>
    <time>2025-04-02T18:03:24Z</time>
   </trkpt>
   <trkpt lat="45.7656430" lon="4.7478150">
    <ele>228.3</ele>
    <time>2025-04-02T18:03:25Z</time>
   </trkpt>
   <trkpt lat="45.7656420" lon="4.7477680">
    <ele>228.5</ele>
    <time>2025-04-02T18:03:26Z</time>
   </trkpt>
   <trkpt lat="45.7656550" lon="4.7477180">
    <ele>228.6</ele>
    <time>2025-04-02T18:03:27Z</time>
   </trkpt>
   <trkpt lat="45.7656600" lon="4.7477020">
    <ele>228.7</ele>
    <time>2025-04-02T18:03:28Z</time>
   </trkpt>
   <trkpt lat="45.7656600" lon="4.7476390">
    <ele>228.9</ele>
    <time>2025-04-02T18:03:29Z</time>
   </trkpt>
   <trkpt lat="45.7656620" lon="4.7476140">
    <ele>229.0</ele>
    <time>2025-04-02T18:03:30Z</time>
   </trkpt>
   <trkpt lat="45.7656960" lon="4.7476120">
    <ele>229.2</ele>
    <time>2025-04-02T18:03:31Z</time>
   </trkpt>
   <trkpt lat="45.7657220" lon="4.7475900">
    <ele>229.3</ele>
    <time>2025-04-02T18:03:32Z</time>
   </trkpt>
   <trkpt lat="45.7657450" lon="4.7475690">
    <ele>229.5</ele>
    <time>2025-04-02T18:03:33Z</time>
   </trkpt>
   <trkpt lat="45.7657750" lon="4.7475610">
    <ele>229.6</ele>
    <time>2025-04-02T18:03:34Z</time>
   </trkpt>
   <trkpt lat="45.7657990" lon="4.7475200">
    <ele>229.7</ele>
    <time>2025-04-02T18:03:35Z</time>
   </trkpt>
   <trkpt lat="45.7658070" lon="4.7474750">
    <ele>229.8</ele>
    <time>2025-04-02T18:03:36Z</time>
   </trkpt>
   <trkpt lat="45.7657970" lon="4.7474230">
    <ele>229.9</ele>
    <time>2025-04-02T18:03:37Z</time>
   </trkpt>
   <trkpt lat="45.7657730" lon="4.7473970">
    <ele>230.0</ele>
    <time>2025-04-02T18:03:38Z</time>
   </trkpt>
   <trkpt lat="45.7657520" lon="4.7473580">
    <ele>230.1</ele>
    <time>2025-04-02T18:03:39Z</time>
   </trkpt>
   <trkpt lat="45.7657500" lon="4.7473430">
    <ele>230.2</ele>
    <time>2025-04-02T18:03:40Z</time>
   </trkpt>
   <trkpt lat="45.7657360" lon="4.7472950">
    <ele>230.3</ele>
    <time>2025-04-02T18:03:41Z</time>
   </trkpt>
   <trkpt lat="45.7657310" lon="4.7472800">
    <ele>230.4</ele>
    <time>2025-04-02T18:03:42Z</time>
   </trkpt>
   <trkpt lat="45.7657170" lon="4.7472470">
    <ele>230.5</ele>
    <time>2025-04-02T18:03:43Z</time>
   </trkpt>
   <trkpt lat="45.7657130" lon="4.7472030">
    <ele>230.7</ele>
    <time>2025-04-02T18:03:44Z</time>
   </trkpt>
   <trkpt lat="45.7657390" lon="4.7471540">
    <ele>231.0</ele>
    <time>2025-04-02T18:03:45Z</time>
   </trkpt>
   <trkpt lat="45.7657490" lon="4.7471370">
    <ele>231.1</ele>
    <time>2025-04-02T18:03:46Z</time>
   </trkpt>
   <trkpt lat="45.7657620" lon="4.7471030">
    <ele>231.3</ele>
    <time>2025-04-02T18:03:47Z</time>
   </trkpt>
   <trkpt lat="45.7657670" lon="4.7470530">
    <ele>231.6</ele>
    <time>2025-04-02T18:03:48Z</time>
   </trkpt>
   <trkpt lat="45.7657640" lon="4.7470350">
    <ele>231.7</ele>
    <time>2025-04-02T18:03:49Z</time>
   </trkpt>
   <trkpt lat="45.7657850" lon="4.7470070">
    <ele>231.9</ele>
    <time>2025-04-02T18:03:50Z</time>
   </trkpt>
   <trkpt lat="45.7658000" lon="4.7469680">
    <ele>232.2</ele>
    <time>2025-04-02T18:03:51Z</time>
   </trkpt>
   <trkpt lat="45.7658260" lon="4.7469280">
    <ele>232.4</ele>
    <time>2025-04-02T18:03:52Z</time>
   </trkpt>
   <trkpt lat="45.7658340" lon="4.7469150">
    <ele>232.5</ele>
    <time>2025-04-02T18:03:53Z</time>
   </trkpt>
   <trkpt lat="45.7658410" lon="4.7468760">
    <ele>232.7</ele>
    <time>2025-04-02T18:03:54Z</time>
   </trkpt>
   <trkpt lat="45.7658580" lon="4.7468430">
    <ele>233.0</ele>
    <time>2025-04-02T18:03:55Z</time>
   </trkpt>
   <trkpt lat="45.7658800" lon="4.7468190">
    <ele>233.1</ele>
    <time>2025-04-02T18:03:56Z</time>
   </trkpt>
   <trkpt lat="45.7659030" lon="4.7467880">
    <ele>233.4</ele>
    <time>2025-04-02T18:03:57Z</time>
   </trkpt>
   <trkpt lat="45.7659200" lon="4.7467500">
    <ele>233.6</ele>
    <time>2025-04-02T18:03:58Z</time>
   </trkpt>
   <trkpt lat="45.7659430" lon="4.7467170">
    <ele>233.8</ele>
    <time>2025-04-02T18:03:59Z</time>
   </trkpt>
   <trkpt lat="45.7659580" lon="4.7466780">
    <ele>234.0</ele>
    <time>2025-04-02T18:04:00Z</time>
   </trkpt>
   <trkpt lat="45.7659790" lon="4.7466360">
    <ele>234.3</ele>
    <time>2025-04-02T18:04:01Z</time>
   </trkpt>
   <trkpt lat="45.7660120" lon="4.7466140">
    <ele>234.5</ele>
    <time>2025-04-02T18:04:02Z</time>
   </trkpt>
   <trkpt lat="45.7660230" lon="4.7466020">
    <ele>234.6</ele>
    <time>2025-04-02T18:04:03Z</time>
   </trkpt>
   <trkpt lat="45.7660660" lon="4.7465860">
    <ele>234.9</ele>
    <time>2025-04-02T18:04:04Z</time>
   </trkpt>
   <trkpt lat="45.7660910" lon="4.7465960">
    <ele>235.1</ele>
    <time>2025-04-02T18:04:05Z</time>
   </trkpt>
   <trkpt lat="45.7661010" lon="4.7465580">
    <ele>235.3</ele>
    <time>2025-04-02T18:04:06Z</time>
   </trkpt>
   <trkpt lat="45.7661130" lon="4.7465220">
    <ele>235.5</ele>
    <time>2025-04-02T18:04:07Z</time>
   </trkpt>
   <trkpt lat="45.7661180" lon="4.7464660">
    <ele>235.8</ele>
    <time>2025-04-02T18:04:08Z</time>
   </trkpt>
   <trkpt lat="45.7661210" lon="4.7464000">
    <ele>236.1</ele>
    <time>2025-04-02T18:04:09Z</time>
   </trkpt>
   <trkpt lat="45.7661510" lon="4.7463880">
    <ele>236.3</ele>
    <time>2025-04-02T18:04:10Z</time>
   </trkpt>
   <trkpt lat="45.7661590" lon="4.7463760">
    <ele>236.4</ele>
    <time>2025-04-02T18:04:11Z</time>
   </trkpt>
   <trkpt lat="45.7661820" lon="4.7463420">
    <ele>236.6</ele>
    <time>2025-04-02T18:04:12Z</time>
   </trkpt>
   <trkpt lat="45.7662080" lon="4.7463090">
    <ele>236.8</ele>
    <time>2025-04-02T18:04:13Z</time>
   </trkpt>
   <trkpt lat="45.7662180" lon="4.7462950">
    <ele>236.9</ele>
    <time>2025-04-02T18:04:14Z</time>
   </trkpt>
   <trkpt lat="45.7662510" lon="4.7462680">
    <ele>237.2</ele>
    <time>2025-04-02T18:04:15Z</time>
   </trkpt>
   <trkpt lat="45.7662620" lon="4.7462590">
    <ele>237.3</ele>
    <time>2025-04-02T18:04:16Z</time>
   </trkpt>
   <trkpt lat="45.7662810" lon="4.7462310">
    <ele>237.4</ele>
    <time>2025-04-02T18:04:17Z</time>
   </trkpt>
   <trkpt lat="45.7663000" lon="4.7462030">
    <ele>237.6</ele>
    <time>2025-04-02T18:04:18Z</time>
   </trkpt>
   <trkpt lat="45.7663270" lon="4.7461800">
    <ele>237.8</ele>
    <time>2025-04-02T18:04:19Z</time>
   </trkpt>
   <trkpt lat="45.7663340" lon="4.7461730">
    <ele>237.9</ele>
    <time>2025-04-02T18:04:20Z</time>
   </trkpt>
   <trkpt lat="45.7663550" lon="4.7461440">
    <ele>238.1</ele>
    <time>2025-04-02T18:04:21Z</time>
   </trkpt>
   <trkpt lat="45.7663640" lon="4.7461360">
    <ele>238.2</ele>
    <time>2025-04-02T18:04:22Z</time>
   </trkpt>
   <trkpt lat="45.7663970" lon="4.7461240">
    <ele>238.4</ele>
    <time>2025-04-02T18:04:23Z</time>
   </trkpt>
   <trkpt lat="45.7664080" lon="4.7461200">
    <ele>238.5</ele>
    <time>2025-04-02T18:04:24Z</time>
   </trkpt>
   <trkpt lat="45.7664360" lon="4.7460940">
    <ele>238.7</ele>
    <time>2025-04-02T18:04:25Z</time>
   </trkpt>
   <trkpt lat="45.7664440" lon="4.7460850">
    <ele>238.8</ele>
    <time>2025-04-02T18:04:26Z</time>
   </trkpt>
   <trkpt lat="45.7664750" lon="4.7460610">
    <ele>239.0</ele>
    <time>2025-04-02T18:04:27Z</time>
   </trkpt>
   <trkpt lat="45.7664860" lon="4.7460530">
    <ele>239.1</ele>
    <time>2025-04-02T18:04:28Z</time>
   </trkpt>
   <trkpt lat="45.7665130" lon="4.7460470">
    <ele>239.2</ele>
    <time>2025-04-02T18:04:29Z</time>
   </trkpt>
   <trkpt lat="45.7665370" lon="4.7460270">
    <ele>239.4</ele>
    <time>2025-04-02T18:04:30Z</time>
   </trkpt>
   <trkpt lat="45.7665640" lon="4.7460260">
    <ele>239.6</ele>
    <time>2025-04-02T18:04:31Z</time>
   </trkpt>
   <trkpt lat="45.7666000" lon="4.7460130">
    <ele>239.8</ele>
    <time>2025-04-02T18:04:32Z</time>
   </trkpt>
   <trkpt lat="45.7666110" lon="4.7460010">
    <ele>239.9</ele>
    <time>2025-04-02T18:04:33Z</time>
   </trkpt>
   <trkpt lat="45.7666430" lon="4.7459700">
    <ele>240.2</ele>
    <time>2025-04-02T18:04:34Z</time>
   </trkpt>
   <trkpt lat="45.7666530" lon="4.7459610">
    <ele>240.2</ele>
    <time>2025-04-02T18:04:35Z</time>
   </trkpt>
   <trkpt lat="45.7666800" lon="4.7459570">
    <ele>240.4</ele>
    <time>2025-04-02T18:04:36Z</time>
   </trkpt>
   <trkpt lat="45.7667200" lon="4.7459240">
    <ele>240.7</ele>
    <time>2025-04-02T18:04:37Z</time>
   </trkpt>
   <trkpt lat="45.7667360" lon="4.7459110">
    <ele>240.8</ele>
    <time>2025-04-02T18:04:38Z</time>
   </trkpt>
   <trkpt lat="45.7667740" lon="4.7459110">
    <ele>241.1</ele>
    <time>2025-04-02T18:04:39Z</time>
   </trkpt>
   <trkpt lat="45.7668090" lon="4.7458900">
    <ele>241.4</ele>
    <time>2025-04-02T18:04:40Z</time>
   </trkpt>
   <trkpt lat="45.7668410" lon="4.7458690">
    <ele>241.6</ele>
    <time>2025-04-02T18:04:41Z</time>
   </trkpt>
   <trkpt lat="45.7668740" lon="4.7458780">
    <ele>241.8</ele>
    <time>2025-04-02T18:04:42Z</time>
   </trkpt>
   <trkpt lat="45.7669230" lon="4.7458540">
    <ele>242.2</ele>
    <time>2025-04-02T18:04:43Z</time>
   </trkpt>
   <trkpt lat="45.7669520" lon="4.7458370">
    <ele>242.4</ele>
    <time>2025-04-02T18:04:44Z</time>
   </trkpt>
   <trkpt lat="45.7669860" lon="4.7458280">
    <ele>242.7</ele>
    <time>2025-04-02T18:04:45Z</time>
   </trkpt>
   <trkpt lat="45.7670160" lon="4.7458240">
    <ele>242.9</ele>
    <time>2025-04-02T18:04:46Z</time>
   </trkpt>
   <trkpt lat="45.7670420" lon="4.7458150">
    <ele>243.1</ele>
    <time>2025-04-02T18:04:47Z</time>
   </trkpt>
   <trkpt lat="45.7670650" lon="4.7457850">
    <ele>243.3</ele>
    <time>2025-04-02T18:04:48Z</time>
   </trkpt>
   <trkpt lat="45.7670950" lon="4.7457910">
    <ele>243.5</ele>
    <time>2025-04-02T18:04:49Z</time>
   </trkpt>
   <trkpt lat="45.7671280" lon="4.7457800">
    <ele>243.7</ele>
    <time>2025-04-02T18:04:50Z</time>
   </trkpt>
   <trkpt lat="45.7671680" lon="4.7457660">
    <ele>244.0</ele>
    <time>2025-04-02T18:04:51Z</time>
   </trkpt>
   <trkpt lat="45.7671820" lon="4.7457600">
    <ele>244.1</ele>
    <time>2025-04-02T18:04:52Z</time>
   </trkpt>
   <trkpt lat="45.7672100" lon="4.7457460">
    <ele>244.3</ele>
    <time>2025-04-02T18:04:53Z</time>
   </trkpt>
   <trkpt lat="45.7672410" lon="4.7457290">
    <ele>244.5</ele>
    <time>2025-04-02T18:04:54Z</time>
   </trkpt>
   <trkpt lat="45.7672690" lon="4.7457090">
    <ele>244.7</ele>
    <time>2025-04-02T18:04:55Z</time>
   </trkpt>
   <trkpt lat="45.7673070" lon="4.7456960">
    <ele>244.9</ele>
    <time>2025-04-02T18:04:56Z</time>
   </trkpt>
   <trkpt lat="45.7673200" lon="4.7456940">
    <ele>245.0</ele>
    <time>2025-04-02T18:04:57Z</time>
   </trkpt>
   <trkpt lat="45.7673630" lon="4.7456860">
    <ele>245.3</ele>
    <time>2025-04-02T18:04:58Z</time>
   </trkpt>
   <trkpt lat="45.7673810" lon="4.7456930">
    <ele>245.4</ele>
    <time>2025-04-02T18:04:59Z</time>
   </trkpt>
   <trkpt lat="45.7674220" lon="4.7456700">
    <ele>245.7</ele>
    <time>2025-04-02T18:05:01Z</time>
   </trkpt>
   <trkpt lat="45.7674370" lon="4.7456620">
    <ele>245.8</ele>
    <time>2025-04-02T18:05:02Z</time>
   </trkpt>
   <trkpt lat="45.7674520" lon="4.7456540">
    <ele>245.9</ele>
    <time>2025-04-02T18:05:03Z</time>
   </trkpt>
   <trkpt lat="45.7674810" lon="4.7456400">
    <ele>246.1</ele>
    <time>2025-04-02T18:05:04Z</time>
   </trkpt>
   <trkpt lat="45.7675080" lon="4.7456190">
    <ele>246.3</ele>
    <time>2025-04-02T18:05:05Z</time>
   </trkpt>
   <trkpt lat="45.7675360" lon="4.7456080">
    <ele>246.5</ele>
    <time>2025-04-02T18:05:06Z</time>
   </trkpt>
   <trkpt lat="45.7675660" lon="4.7456100">
    <ele>246.7</ele>
    <time>2025-04-02T18:05:07Z</time>
   </trkpt>
   <trkpt lat="45.7676050" lon="4.7456000">
    <ele>247.0</ele>
    <time>2025-04-02T18:05:08Z</time>
   </trkpt>
   <trkpt lat="45.7676200" lon="4.7455920">
    <ele>247.1</ele>
    <time>2025-04-02T18:05:09Z</time>
   </trkpt>
   <trkpt lat="45.7676480" lon="4.7455800">
    <ele>247.3</ele>
    <time>2025-04-02T18:05:10Z</time>
   </trkpt>
   <trkpt lat="45.7676770" lon="4.7455740">
    <ele>247.5</ele>
    <time>2025-04-02T18:05:11Z</time>
   </trkpt>
   <trkpt lat="45.7677050" lon="4.7455590">
    <ele>247.7</ele>
    <time>2025-04-02T18:05:12Z</time>
   </trkpt>
   <trkpt lat="45.7677390" lon="4.7455330">
    <ele>247.9</ele>
    <time>2025-04-02T18:05:13Z</time>
   </trkpt>
   <trkpt lat="45.7677500" lon="4.7455210">
    <ele>248.0</ele>
    <time>2025-04-02T18:05:14Z</time>
   </trkpt>
   <trkpt lat="45.7677890" lon="4.7455020">
    <ele>248.3</ele>
    <time>2025-04-02T18:05:15Z</time>
   </trkpt>
   <trkpt lat="45.7678030" lon="4.7454930">
    <ele>248.4</ele>
    <time>2025-04-02T18:05:16Z</time>
   </trkpt>
   <trkpt lat="45.7678410" lon="4.7454850">
    <ele>248.6</ele>
    <time>2025-04-02T18:05:17Z</time>
   </trkpt>
   <trkpt lat="45.7678570" lon="4.7454910">
    <ele>248.7</ele>
    <time>2025-04-02T18:05:18Z</time>
   </trkpt>
   <trkpt lat="45.7678840" lon="4.7454900">
    <ele>248.9</ele>
    <time>2025-04-02T18:05:19Z</time>
   </trkpt>
   <trkpt lat="45.7679160" lon="4.7454820">
    <ele>249.1</ele>
    <time>2025-04-02T18:05:20Z</time>
   </trkpt>
   <trkpt lat="45.7679490" lon="4.7454510">
    <ele>249.4</ele>
    <time>2025-04-02T18:05:21Z</time>
   </trkpt>
   <trkpt lat="45.7679620" lon="4.7454350">
    <ele>249.5</ele>
    <time>2025-04-02T18:05:22Z</time>
   </trkpt>
   <trkpt lat="45.7680010" lon="4.7454340">
    <ele>249.7</ele>
    <time>2025-04-02T18:05:23Z</time>
   </trkpt>
   <trkpt lat="45.7680150" lon="4.7454300">
    <ele>249.8</ele>
    <time>2025-04-02T18:05:24Z</time>
   </trkpt>
   <trkpt lat="45.7680480" lon="4.7454070">
    <ele>250.0</ele>
    <time>2025-04-02T18:05:25Z</time>
   </trkpt>
   <trkpt lat="45.7680590" lon="4.7454000">
    <ele>250.1</ele>
    <time>2025-04-02T18:05:26Z</time>
   </trkpt>
   <trkpt lat="45.7680960" lon="4.7453790">
    <ele>250.4</ele>
    <time>2025-04-02T18:05:27Z</time>
   </trkpt>
   <trkpt lat="45.7681070" lon="4.7453660">
    <ele>250.5</ele>
    <time>2025-04-02T18:05:28Z</time>
   </trkpt>
   <trkpt lat="45.7681300" lon="4.7453380">
    <ele>250.6</ele>
    <time>2025-04-02T18:05:29Z</time>
   </trkpt>
   <trkpt lat="45.7681620" lon="4.7453360">
    <ele>250.8</ele>
    <time>2025-04-02T18:05:30Z</time>
   </trkpt>
   <trkpt lat="45.7681840" lon="4.7453000">
    <ele>251.0</ele>
    <time>2025-04-02T18:05:31Z</time>
   </trkpt>
   <trkpt lat="45.7682060" lon="4.7452760">
    <ele>251.2</ele>
    <time>2025-04-02T18:05:32Z</time>
   </trkpt>
   <trkpt lat="45.7682390" lon="4.7452430">
    <ele>251.5</ele>
    <time>2025-04-02T18:05:33Z</time>
   </trkpt>
   <trkpt lat="45.7682500" lon="4.7452310">
    <ele>251.5</ele>
    <time>2025-04-02T18:05:34Z</time>
   </trkpt>
   <trkpt lat="45.7682780" lon="4.7452160">
    <ele>251.7</ele>
    <time>2025-04-02T18:05:35Z</time>
   </trkpt>
   <trkpt lat="45.7682990" lon="4.7451920">
    <ele>251.9</ele>
    <time>2025-04-02T18:05:36Z</time>
   </trkpt>
   <trkpt lat="45.7683320" lon="4.7451650">
    <ele>252.1</ele>
    <time>2025-04-02T18:05:37Z</time>
   </trkpt>
   <trkpt lat="45.7683410" lon="4.7451510">
    <ele>252.2</ele>
    <time>2025-04-02T18:05:38Z</time>
   </trkpt>
   <trkpt lat="45.7683650" lon="4.7451260">
    <ele>252.4</ele>
    <time>2025-04-02T18:05:39Z</time>
   </trkpt>
   <trkpt lat="45.7683840" lon="4.7450970">
    <ele>252.5</ele>
    <time>2025-04-02T18:05:40Z</time>
   </trkpt>
   <trkpt lat="45.7684130" lon="4.7450840">
    <ele>252.7</ele>
    <time>2025-04-02T18:05:41Z</time>
   </trkpt>
   <trkpt lat="45.7684380" lon="4.7450450">
    <ele>252.9</ele>
    <time>2025-04-02T18:05:42Z</time>
   </trkpt>
   <trkpt lat="45.7684480" lon="4.7450290">
    <ele>253.0</ele>
    <time>2025-04-02T18:05:43Z</time>
   </trkpt>
   <trkpt lat="45.7684740" lon="4.7450020">
    <ele>253.2</ele>
    <time>2025-04-02T18:05:44Z</time>
   </trkpt>
   <trkpt lat="45.7685010" lon="4.7449660">
    <ele>253.3</ele>
    <time>2025-04-02T18:05:45Z</time>
   </trkpt>
   <trkpt lat="45.7685070" lon="4.7449450">
    <ele>253.4</ele>
    <time>2025-04-02T18:05:46Z</time>
   </trkpt>
   <trkpt lat="45.7685260" lon="4.7449150">
    <ele>253.6</ele>
    <time>2025-04-02T18:05:47Z</time>
   </trkpt>
   <trkpt lat="45.7685500" lon="4.7448930">
    <ele>253.7</ele>
    <time>2025-04-02T18:05:48Z</time>
   </trkpt>
   <trkpt lat="45.7685690" lon="4.7448640">
    <ele>253.9</ele>
    <time>2025-04-02T18:05:49Z</time>
   </trkpt>
   <trkpt lat="45.7685710" lon="4.7448100">
    <ele>254.1</ele>
    <time>2025-04-02T18:05:50Z</time>
   </trkpt>
   <trkpt lat="45.7685980" lon="4.7447790">
    <ele>254.3</ele>
    <time>2025-04-02T18:05:51Z</time>
   </trkpt>
   <trkpt lat="45.7686200" lon="4.7447330">
    <ele>254.5</ele>
    <time>2025-04-02T18:05:52Z</time>
   </trkpt>
   <trkpt lat="45.7686270" lon="4.7447090">
    <ele>254.6</ele>
    <time>2025-04-02T18:05:53Z</time>
   </trkpt>
   <trkpt lat="45.7686490" lon="4.7446640">
    <ele>254.8</ele>
    <time>2025-04-02T18:05:54Z</time>
   </trkpt>
   <trkpt lat="45.7686540" lon="4.7446430">
    <ele>254.8</ele>
    <time>2025-04-02T18:05:55Z</time>
   </trkpt>
   <trkpt lat="45.7686780" lon="4.7445990">
    <ele>255.1</ele>
    <time>2025-04-02T18:05:56Z</time>
   </trkpt>
   <trkpt lat="45.7686880" lon="4.7445870">
    <ele>255.1</ele>
    <time>2025-04-02T18:05:57Z</time>
   </trkpt>
   <trkpt lat="45.7687130" lon="4.7445630">
    <ele>255.3</ele>
    <time>2025-04-02T18:05:58Z</time>
   </trkpt>
   <trkpt lat="45.7687430" lon="4.7445280">
    <ele>255.5</ele>
    <time>2025-04-02T18:05:59Z</time>
   </trkpt>
   <trkpt lat="45.7687500" lon="4.7445060">
    <ele>255.6</ele>
    <time>2025-04-02T18:06:00Z</time>
   </trkpt>
   <trkpt lat="45.7687610" lon="4.7444600">
    <ele>255.8</ele>
    <time>2025-04-02T18:06:01Z</time>
   </trkpt>
   <trkpt lat="45.7687820" lon="4.7444100">
    <ele>256.0</ele>
    <time>2025-04-02T18:06:02Z</time>
   </trkpt>
   <trkpt lat="45.7687860" lon="4.7443880">
    <ele>256.1</ele>
    <time>2025-04-02T18:06:03Z</time>
   </trkpt>
   <trkpt lat="45.7688030" lon="4.7443530">
    <ele>256.3</ele>
    <time>2025-04-02T18:06:04Z</time>
   </trkpt>
   <trkpt lat="45.7688150" lon="4.7443110">
    <ele>256.5</ele>
    <time>2025-04-02T18:06:05Z</time>
   </trkpt>
   <trkpt lat="45.7688340" lon="4.7442680">
    <ele>256.7</ele>
    <time>2025-04-02T18:06:06Z</time>
   </trkpt>
   <trkpt lat="45.7688570" lon="4.7442290">
    <ele>256.9</ele>
    <time>2025-04-02T18:06:07Z</time>
   </trkpt>
   <trkpt lat="45.7688670" lon="4.7442230">
    <ele>257.0</ele>
    <time>2025-04-02T18:06:08Z</time>
   </trkpt>
   <trkpt lat="45.7688800" lon="4.7441740">
    <ele>257.2</ele>
    <time>2025-04-02T18:06:09Z</time>
   </trkpt>
   <trkpt lat="45.7688970" lon="4.7441400">
    <ele>257.3</ele>
    <time>2025-04-02T18:06:10Z</time>
   </trkpt>
   <trkpt lat="45.7689080" lon="4.7440980">
    <ele>257.5</ele>
    <time>2025-04-02T18:06:11Z</time>
   </trkpt>
   <trkpt lat="45.7689350" lon="4.7440550">
    <ele>257.8</ele>
    <time>2025-04-02T18:06:12Z</time>
   </trkpt>
   <trkpt lat="45.7689430" lon="4.7440400">
    <ele>257.9</ele>
    <time>2025-04-02T18:06:13Z</time>
   </trkpt>
   <trkpt lat="45.7689640" lon="4.7440100">
    <ele>258.0</ele>
    <time>2025-04-02T18:06:14Z</time>
   </trkpt>
   <trkpt lat="45.7689820" lon="4.7439690">
    <ele>258.2</ele>
    <time>2025-04-02T18:06:15Z</time>
   </trkpt>
   <trkpt lat="45.7690010" lon="4.7439360">
    <ele>258.4</ele>
    <time>2025-04-02T18:06:16Z</time>
   </trkpt>
   <trkpt lat="45.7690270" lon="4.7438940">
    <ele>258.7</ele>
    <time>2025-04-02T18:06:17Z</time>
   </trkpt>
   <trkpt lat="45.7690350" lon="4.7438750">
    <ele>258.7</ele>
    <time>2025-04-02T18:06:18Z</time>
   </trkpt>
   <trkpt lat="45.7690530" lon="4.7438350">
    <ele>258.9</ele>
    <time>2025-04-02T18:06:19Z</time>
   </trkpt>
   <trkpt lat="45.7690750" lon="4.7438110">
    <ele>259.1</ele>
    <time>2025-04-02T18:06:20Z</time>
   </trkpt>
   <trkpt lat="45.7690900" lon="4.7437770">
    <ele>259.3</ele>
    <time>2025-04-02T18:06:21Z</time>
   </trkpt>
   <trkpt lat="45.7691100" lon="4.7437430">
    <ele>259.5</ele>
    <time>2025-04-02T18:06:22Z</time>
   </trkpt>
   <trkpt lat="45.7691260" lon="4.7437120">
    <ele>259.6</ele>
    <time>2025-04-02T18:06:23Z</time>
   </trkpt>
   <trkpt lat="45.7691440" lon="4.7436780">
    <ele>259.8</ele>
    <time>2025-04-02T18:06:24Z</time>
   </trkpt>
   <trkpt lat="45.7691670" lon="4.7436450">
    <ele>260.0</ele>
    <time>2025-04-02T18:06:25Z</time>
   </trkpt>
   <trkpt lat="45.7691870" lon="4.7435980">
    <ele>260.3</ele>
    <time>2025-04-02T18:06:26Z</time>
   </trkpt>
   <trkpt lat="45.7691960" lon="4.7435520">
    <ele>260.5</ele>
    <time>2025-04-02T18:06:27Z</time>
   </trkpt>
   <trkpt lat="45.7692010" lon="4.7435360">
    <ele>260.5</ele>
    <time>2025-04-02T18:06:28Z</time>
   </trkpt>
   <trkpt lat="45.7692250" lon="4.7435090">
    <ele>260.7</ele>
    <time>2025-04-02T18:06:29Z</time>
   </trkpt>
   <trkpt lat="45.7692550" lon="4.7434670">
    <ele>261.0</ele>
    <time>2025-04-02T18:06:30Z</time>
   </trkpt>
   <trkpt lat="45.7692650" lon="4.7434480">
    <ele>261.1</ele>
    <time>2025-04-02T18:06:31Z</time>
   </trkpt>
   <trkpt lat="45.7692790" lon="4.7434010">
    <ele>261.3</ele>
    <time>2025-04-02T18:06:32Z</time>
   </trkpt>
   <trkpt lat="45.7692860" lon="4.7433810">
    <ele>261.4</ele>
    <time>2025-04-02T18:06:33Z</time>
   </trkpt>
   <trkpt lat="45.7693060" lon="4.7433300">
    <ele>261.7</ele>
    <time>2025-04-02T18:06:34Z</time>
   </trkpt>
   <trkpt lat="45.7693150" lon="4.7433140">
    <ele>261.8</ele>
    <time>2025-04-02T18:06:35Z</time>
   </trkpt>
   <trkpt lat="45.7693460" lon="4.7432820">
    <ele>262.0</ele>
    <time>2025-04-02T18:06:36Z</time>
   </trkpt>
   <trkpt lat="45.7693610" lon="4.7432380">
    <ele>262.2</ele>
    <time>2025-04-02T18:06:37Z</time>
   </trkpt>
   <trkpt lat="45.7693660" lon="4.7432210">
    <ele>262.3</ele>
    <time>2025-04-02T18:06:38Z</time>
   </trkpt>
   <trkpt lat="45.7693870" lon="4.7431680">
    <ele>262.5</ele>
    <time>2025-04-02T18:06:39Z</time>
   </trkpt>
   <trkpt lat="45.7693910" lon="4.7431460">
    <ele>262.5</ele>
    <time>2025-04-02T18:06:40Z</time>
   </trkpt>
   <trkpt lat="45.7694010" lon="4.7431080">
    <ele>262.6</ele>
    <time>2025-04-02T18:06:41Z</time>
   </trkpt>
   <trkpt lat="45.7694150" lon="4.7430640">
    <ele>262.7</ele>
    <time>2025-04-02T18:06:42Z</time>
   </trkpt>
   <trkpt lat="45.7694220" lon="4.7430180">
    <ele>262.8</ele>
    <time>2025-04-02T18:06:43Z</time>
   </trkpt>
   <trkpt lat="45.7694290" lon="4.7429710">
    <ele>263.0</ele>
    <time>2025-04-02T18:06:44Z</time>
   </trkpt>
   <trkpt lat="45.7694560" lon="4.7429360">
    <ele>263.3</ele>
    <time>2025-04-02T18:06:45Z</time>
   </trkpt>
   <trkpt lat="45.7694680" lon="4.7429260">
    <ele>263.4</ele>
    <time>2025-04-02T18:06:46Z</time>
   </trkpt>
   <trkpt lat="45.7694900" lon="4.7428950">
    <ele>263.6</ele>
    <time>2025-04-02T18:06:47Z</time>
   </trkpt>
   <trkpt lat="45.7695140" lon="4.7428510">
    <ele>263.9</ele>
    <time>2025-04-02T18:06:48Z</time>
   </trkpt>
   <trkpt lat="45.7695240" lon="4.7428390">
    <ele>264.0</ele>
    <time>2025-04-02T18:06:49Z</time>
   </trkpt>
   <trkpt lat="45.7695430" lon="4.7428000">
    <ele>264.3</ele>
    <time>2025-04-02T18:06:50Z</time>
   </trkpt>
   <trkpt lat="45.7695530" lon="4.7427590">
    <ele>264.5</ele>
    <time>2025-04-02T18:06:51Z</time>
   </trkpt>
   <trkpt lat="45.7695830" lon="4.7427450">
    <ele>264.8</ele>
    <time>2025-04-02T18:06:52Z</time>
   </trkpt>
   <trkpt lat="45.7695950" lon="4.7427330">
    <ele>264.9</ele>
    <time>2025-04-02T18:06:53Z</time>
   </trkpt>
   <trkpt lat="45.7696200" lon="4.7426950">
    <ele>265.1</ele>
    <time>2025-04-02T18:06:54Z</time>
   </trkpt>
   <trkpt lat="45.7696280" lon="4.7426570">
    <ele>265.3</ele>
    <time>2025-04-02T18:06:55Z</time>
   </trkpt>
   <trkpt lat="45.7696240" lon="4.7425930">
    <ele>265.7</ele>
    <time>2025-04-02T18:06:56Z</time>
   </trkpt>
   <trkpt lat="45.7696310" lon="4.7425540">
    <ele>265.9</ele>
    <time>2025-04-02T18:06:57Z</time>
   </trkpt>
   <trkpt lat="45.7696320" lon="4.7425090">
    <ele>266.1</ele>
    <time>2025-04-02T18:06:58Z</time>
   </trkpt>
   <trkpt lat="45.7696360" lon="4.7424670">
    <ele>266.3</ele>
    <time>2025-04-02T18:06:59Z</time>
   </trkpt>
   <trkpt lat="45.7696430" lon="4.7424180">
    <ele>266.5</ele>
    <time>2025-04-02T18:07:00Z</time>
   </trkpt>
   <trkpt lat="45.7696740" lon="4.7423770">
    <ele>266.7</ele>
    <time>2025-04-02T18:07:01Z</time>
   </trkpt>
   <trkpt lat="45.7696860" lon="4.7423650">
    <ele>266.8</ele>
    <time>2025-04-02T18:07:02Z</time>
   </trkpt>
   <trkpt lat="45.7697100" lon="4.7423320">
    <ele>267.0</ele>
    <time>2025-04-02T18:07:03Z</time>
   </trkpt>
   <trkpt lat="45.7697200" lon="4.7422930">
    <ele>267.2</ele>
    <time>2025-04-02T18:07:04Z</time>
   </trkpt>
   <trkpt lat="45.7697360" lon="4.7422540">
    <ele>267.8</ele>
    <time>2025-04-02T18:07:05Z</time>
   </trkpt>
   <trkpt lat="45.7697420" lon="4.7422060">
    <ele>267.9</ele>
    <time>2025-04-02T18:07:06Z</time>
   </trkpt>
   <trkpt lat="45.7697180" lon="4.7421410">
    <ele>268.1</ele>
    <time>2025-04-02T18:07:07Z</time>
   </trkpt>
   <trkpt lat="45.7696950" lon="4.7421100">
    <ele>268.3</ele>
    <time>2025-04-02T18:07:08Z</time>
   </trkpt>
   <trkpt lat="45.7696720" lon="4.7420650">
    <ele>268.4</ele>
    <time>2025-04-02T18:07:09Z</time>
   </trkpt>
   <trkpt lat="45.7696430" lon="4.7420360">
    <ele>268.6</ele>
    <time>2025-04-02T18:07:10Z</time>
   </trkpt>
   <trkpt lat="45.7696340" lon="4.7420230">
    <ele>268.6</ele>
    <time>2025-04-02T18:07:11Z</time>
   </trkpt>
   <trkpt lat="45.7696060" lon="4.7420020">
    <ele>268.8</ele>
    <time>2025-04-02T18:07:12Z</time>
   </trkpt>
   <trkpt lat="45.7695870" lon="4.7419640">
    <ele>268.9</ele>
    <time>2025-04-02T18:07:13Z</time>
   </trkpt>
   <trkpt lat="45.7695610" lon="4.7419330">
    <ele>269.1</ele>
    <time>2025-04-02T18:07:14Z</time>
   </trkpt>
   <trkpt lat="45.7695510" lon="4.7419230">
    <ele>269.1</ele>
    <time>2025-04-02T18:07:15Z</time>
   </trkpt>
   <trkpt lat="45.7695270" lon="4.7419030">
    <ele>269.3</ele>
    <time>2025-04-02T18:07:16Z</time>
   </trkpt>
   <trkpt lat="45.7694900" lon="4.7419010">
    <ele>269.3</ele>
    <time>2025-04-02T18:07:17Z</time>
   </trkpt>
   <trkpt lat="45.7694780" lon="4.7419020">
    <ele>269.3</ele>
    <time>2025-04-02T18:07:18Z</time>
   </trkpt>
   <trkpt lat="45.7694460" lon="4.7419050">
    <ele>269.3</ele>
    <time>2025-04-02T18:07:19Z</time>
   </trkpt>
   <trkpt lat="45.7694170" lon="4.7419070">
    <ele>269.3</ele>
    <time>2025-04-02T18:07:20Z</time>
   </trkpt>
   <trkpt lat="45.7693870" lon="4.7419250">
    <ele>269.4</ele>
    <time>2025-04-02T18:07:21Z</time>
   </trkpt>
   <trkpt lat="45.7693590" lon="4.7419280">
    <ele>269.4</ele>
    <time>2025-04-02T18:07:22Z</time>
   </trkpt>
   <trkpt lat="45.7693300" lon="4.7419400">
    <ele>269.4</ele>
    <time>2025-04-02T18:07:23Z</time>
   </trkpt>
   <trkpt lat="45.7693020" lon="4.7419500">
    <ele>269.4</ele>
    <time>2025-04-02T18:07:24Z</time>
   </trkpt>
   <trkpt lat="45.7692710" lon="4.7419670">
    <ele>269.5</ele>
    <time>2025-04-02T18:07:25Z</time>
   </trkpt>
   <trkpt lat="45.7692440" lon="4.7419810">
    <ele>269.5</ele>
    <time>2025-04-02T18:07:26Z</time>
   </trkpt>
   <trkpt lat="45.7692150" lon="4.7419930">
    <ele>269.5</ele>
    <time>2025-04-02T18:07:27Z</time>
   </trkpt>
   <trkpt lat="45.7691870" lon="4.7420070">
    <ele>269.5</ele>
    <time>2025-04-02T18:07:28Z</time>
   </trkpt>
   <trkpt lat="45.7691610" lon="4.7420310">
    <ele>269.5</ele>
    <time>2025-04-02T18:07:29Z</time>
   </trkpt>
   <trkpt lat="45.7691290" lon="4.7420360">
    <ele>269.6</ele>
    <time>2025-04-02T18:07:30Z</time>
   </trkpt>
   <trkpt lat="45.7690980" lon="4.7420490">
    <ele>269.6</ele>
    <time>2025-04-02T18:07:31Z</time>
   </trkpt>
   <trkpt lat="45.7690660" lon="4.7420710">
    <ele>269.6</ele>
    <time>2025-04-02T18:07:32Z</time>
   </trkpt>
   <trkpt lat="45.7690400" lon="4.7420860">
    <ele>269.6</ele>
    <time>2025-04-02T18:07:33Z</time>
   </trkpt>
   <trkpt lat="45.7690050" lon="4.7421120">
    <ele>269.7</ele>
    <time>2025-04-02T18:07:34Z</time>
   </trkpt>
   <trkpt lat="45.7689750" lon="4.7421280">
    <ele>269.7</ele>
    <time>2025-04-02T18:07:35Z</time>
   </trkpt>
   <trkpt lat="45.7689490" lon="4.7421470">
    <ele>269.7</ele>
    <time>2025-04-02T18:07:36Z</time>
   </trkpt>
   <trkpt lat="45.7689150" lon="4.7421810">
    <ele>269.7</ele>
    <time>2025-04-02T18:07:37Z</time>
   </trkpt>
   <trkpt lat="45.7688940" lon="4.7421940">
    <ele>269.7</ele>
    <time>2025-04-02T18:07:38Z</time>
   </trkpt>
   <trkpt lat="45.7688670" lon="4.7422050">
    <ele>269.7</ele>
    <time>2025-04-02T18:07:39Z</time>
   </trkpt>
   <trkpt lat="45.7688550" lon="4.7422120">
    <ele>269.8</ele>
    <time>2025-04-02T18:07:40Z</time>
   </trkpt>
   <trkpt lat="45.7688270" lon="4.7422230">
    <ele>269.8</ele>
    <time>2025-04-02T18:07:41Z</time>
   </trkpt>
   <trkpt lat="45.7688030" lon="4.7422410">
    <ele>269.8</ele>
    <time>2025-04-02T18:07:42Z</time>
   </trkpt>
   <trkpt lat="45.7687760" lon="4.7422600">
    <ele>269.8</ele>
    <time>2025-04-02T18:07:43Z</time>
   </trkpt>
   <trkpt lat="45.7687460" lon="4.7422680">
    <ele>269.8</ele>
    <time>2025-04-02T18:07:44Z</time>
   </trkpt>
   <trkpt lat="45.7687160" lon="4.7422880">
    <ele>269.8</ele>
    <time>2025-04-02T18:07:46Z</time>
   </trkpt>
   <trkpt lat="45.7686790" lon="4.7423090">
    <ele>269.9</ele>
    <time>2025-04-02T18:07:47Z</time>
   </trkpt>
   <trkpt lat="45.7686370" lon="4.7423150">
    <ele>269.9</ele>
    <time>2025-04-02T18:07:48Z</time>
   </trkpt>
   <trkpt lat="45.7686090" lon="4.7423200">
    <ele>269.9</ele>
    <time>2025-04-02T18:07:49Z</time>
   </trkpt>
   <trkpt lat="45.7685780" lon="4.7423310">
    <ele>269.9</ele>
    <time>2025-04-02T18:07:50Z</time>
   </trkpt>
   <trkpt lat="45.7685500" lon="4.7423350">
    <ele>269.9</ele>
    <time>2025-04-02T18:07:51Z</time>
   </trkpt>
   <trkpt lat="45.7685200" lon="4.7423460">
    <ele>269.9</ele>
    <time>2025-04-02T18:07:52Z</time>
   </trkpt>
   <trkpt lat="45.7684900" lon="4.7423600">
    <ele>270.0</ele>
    <time>2025-04-02T18:07:53Z</time>
   </trkpt>
   <trkpt lat="45.7684620" lon="4.7423830">
    <ele>270.0</ele>
    <time>2025-04-02T18:07:54Z</time>
   </trkpt>
   <trkpt lat="45.7684340" lon="4.7424080">
    <ele>270.0</ele>
    <time>2025-04-02T18:07:55Z</time>
   </trkpt>
   <trkpt lat="45.7684060" lon="4.7424340">
    <ele>270.0</ele>
    <time>2025-04-02T18:07:56Z</time>
   </trkpt>
   <trkpt lat="45.7683780" lon="4.7424580">
    <ele>270.1</ele>
    <time>2025-04-02T18:07:57Z</time>
   </trkpt>
   <trkpt lat="45.7683510" lon="4.7424620">
    <ele>270.1</ele>
    <time>2025-04-02T18:07:58Z</time>
   </trkpt>
   <trkpt lat="45.7683240" lon="4.7424880">
    <ele>270.1</ele>
    <time>2025-04-02T18:07:59Z</time>
   </trkpt>
   <trkpt lat="45.7682990" lon="4.7425070">
    <ele>270.1</ele>
    <time>2025-04-02T18:08:00Z</time>
   </trkpt>
   <trkpt lat="45.7682640" lon="4.7425340">
    <ele>270.1</ele>
    <time>2025-04-02T18:08:01Z</time>
   </trkpt>
   <trkpt lat="45.7682500" lon="4.7425440">
    <ele>270.2</ele>
    <time>2025-04-02T18:08:02Z</time>
   </trkpt>
   <trkpt lat="45.7682210" lon="4.7425680">
    <ele>270.2</ele>
    <time>2025-04-02T18:08:03Z</time>
   </trkpt>
   <trkpt lat="45.7681960" lon="4.7425920">
    <ele>270.2</ele>
    <time>2025-04-02T18:08:04Z</time>
   </trkpt>
   <trkpt lat="45.7681640" lon="4.7426050">
    <ele>270.2</ele>
    <time>2025-04-02T18:08:05Z</time>
   </trkpt>
   <trkpt lat="45.7681360" lon="4.7426410">
    <ele>270.3</ele>
    <time>2025-04-02T18:08:06Z</time>
   </trkpt>
   <trkpt lat="45.7681080" lon="4.7426630">
    <ele>270.3</ele>
    <time>2025-04-02T18:08:07Z</time>
   </trkpt>
   <trkpt lat="45.7680850" lon="4.7426900">
    <ele>270.3</ele>
    <time>2025-04-02T18:08:08Z</time>
   </trkpt>
   <trkpt lat="45.7680530" lon="4.7427190">
    <ele>270.4</ele>
    <time>2025-04-02T18:08:09Z</time>
   </trkpt>
   <trkpt lat="45.7680290" lon="4.7427380">
    <ele>270.4</ele>
    <time>2025-04-02T18:08:10Z</time>
   </trkpt>
   <trkpt lat="45.7680000" lon="4.7427510">
    <ele>270.4</ele>
    <time>2025-04-02T18:08:11Z</time>
   </trkpt>
   <trkpt lat="45.7679730" lon="4.7427750">
    <ele>270.4</ele>
    <time>2025-04-02T18:08:12Z</time>
   </trkpt>
   <trkpt lat="45.7679460" lon="4.7428050">
    <ele>270.5</ele>
    <time>2025-04-02T18:08:13Z</time>
   </trkpt>
   <trkpt lat="45.7679150" lon="4.7428020">
    <ele>270.5</ele>
    <time>2025-04-02T18:08:14Z</time>
   </trkpt>
   <trkpt lat="45.7678890" lon="4.7428450">
    <ele>270.5</ele>
    <time>2025-04-02T18:08:15Z</time>
   </trkpt>
   <trkpt lat="45.7678670" lon="4.7428690">
    <ele>270.6</ele>
    <time>2025-04-02T18:08:16Z</time>
   </trkpt>
   <trkpt lat="45.7678380" lon="4.7428860">
    <ele>270.6</ele>
    <time>2025-04-02T18:08:17Z</time>
   </trkpt>
   <trkpt lat="45.7678130" lon="4.7429080">
    <ele>270.6</ele>
    <time>2025-04-02T18:08:18Z</time>
   </trkpt>
   <trkpt lat="45.7677930" lon="4.7429460">
    <ele>270.6</ele>
    <time>2025-04-02T18:08:19Z</time>
   </trkpt>
   <trkpt lat="45.7677580" lon="4.7429690">
    <ele>270.6</ele>
    <time>2025-04-02T18:08:20Z</time>
   </trkpt>
   <trkpt lat="45.7677290" lon="4.7429900">
    <ele>270.7</ele>
    <time>2025-04-02T18:08:21Z</time>
   </trkpt>
   <trkpt lat="45.7677000" lon="4.7430110">
    <ele>270.7</ele>
    <time>2025-04-02T18:08:22Z</time>
   </trkpt>
   <trkpt lat="45.7676740" lon="4.7430310">
    <ele>270.7</ele>
    <time>2025-04-02T18:08:23Z</time>
   </trkpt>
   <trkpt lat="45.7676430" lon="4.7430500">
    <ele>270.7</ele>
    <time>2025-04-02T18:08:24Z</time>
   </trkpt>
   <trkpt lat="45.7676120" lon="4.7430660">
    <ele>270.7</ele>
    <time>2025-04-02T18:08:25Z</time>
   </trkpt>
   <trkpt lat="45.7675860" lon="4.7430850">
    <ele>270.7</ele>
    <time>2025-04-02T18:08:26Z</time>
   </trkpt>
   <trkpt lat="45.7675480" lon="4.7431080">
    <ele>270.7</ele>
    <time>2025-04-02T18:08:27Z</time>
   </trkpt>
   <trkpt lat="45.7675330" lon="4.7431170">
    <ele>270.7</ele>
    <time>2025-04-02T18:08:28Z</time>
   </trkpt>
   <trkpt lat="45.7675000" lon="4.7431330">
    <ele>270.7</ele>
    <time>2025-04-02T18:08:29Z</time>
   </trkpt>
   <trkpt lat="45.7674680" lon="4.7431440">
    <ele>270.7</ele>
    <time>2025-04-02T18:08:30Z</time>
   </trkpt>
   <trkpt lat="45.7674390" lon="4.7431470">
    <ele>270.7</ele>
    <time>2025-04-02T18:08:31Z</time>
   </trkpt>
   <trkpt lat="45.7674130" lon="4.7431760">
    <ele>270.7</ele>
    <time>2025-04-02T18:08:32Z</time>
   </trkpt>
   <trkpt lat="45.7673780" lon="4.7431950">
    <ele>270.8</ele>
    <time>2025-04-02T18:08:33Z</time>
   </trkpt>
   <trkpt lat="45.7673610" lon="4.7431960">
    <ele>270.8</ele>
    <time>2025-04-02T18:08:34Z</time>
   </trkpt>
   <trkpt lat="45.7673300" lon="4.7432020">
    <ele>270.8</ele>
    <time>2025-04-02T18:08:35Z</time>
   </trkpt>
   <trkpt lat="45.7673080" lon="4.7431790">
    <ele>270.8</ele>
    <time>2025-04-02T18:08:36Z</time>
   </trkpt>
   <trkpt lat="45.7672780" lon="4.7431870">
    <ele>270.8</ele>
    <time>2025-04-02T18:08:37Z</time>
   </trkpt>
   <trkpt lat="45.7672470" lon="4.7431880">
    <ele>270.8</ele>
    <time>2025-04-02T18:08:38Z</time>
   </trkpt>
   <trkpt lat="45.7672000" lon="4.7432070">
    <ele>270.8</ele>
    <time>2025-04-02T18:08:39Z</time>
   </trkpt>
   <trkpt lat="45.7671680" lon="4.7432250">
    <ele>270.8</ele>
    <time>2025-04-02T18:08:40Z</time>
   </trkpt>
   <trkpt lat="45.7671270" lon="4.7432190">
    <ele>270.8</ele>
    <time>2025-04-02T18:08:41Z</time>
   </trkpt>
   <trkpt lat="45.7671000" lon="4.7432410">
    <ele>270.8</ele>
    <time>2025-04-02T18:08:42Z</time>
   </trkpt>
   <trkpt lat="45.7670680" lon="4.7432480">
    <ele>270.8</ele>
    <time>2025-04-02T18:08:43Z</time>
   </trkpt>
   <trkpt lat="45.7670350" lon="4.7432570">
    <ele>270.8</ele>
    <time>2025-04-02T18:08:44Z</time>
   </trkpt>
   <trkpt lat="45.7669920" lon="4.7432730">
    <ele>270.8</ele>
    <time>2025-04-02T18:08:45Z</time>
   </trkpt>
   <trkpt lat="45.7669620" lon="4.7433030">
    <ele>270.8</ele>
    <time>2025-04-02T18:08:46Z</time>
   </trkpt>
   <trkpt lat="45.7669350" lon="4.7433250">
    <ele>270.8</ele>
    <time>2025-04-02T18:08:47Z</time>
   </trkpt>
   <trkpt lat="45.7669020" lon="4.7433350">
    <ele>270.8</ele>
    <time>2025-04-02T18:08:48Z</time>
   </trkpt>
   <trkpt lat="45.7668730" lon="4.7433390">
    <ele>270.8</ele>
    <time>2025-04-02T18:08:49Z</time>
   </trkpt>
   <trkpt lat="45.7668390" lon="4.7433500">
    <ele>270.8</ele>
    <time>2025-04-02T18:08:50Z</time>
   </trkpt>
   <trkpt lat="45.7668020" lon="4.7433610">
    <ele>270.8</ele>
    <time>2025-04-02T18:08:51Z</time>
   </trkpt>
   <trkpt lat="45.7667720" lon="4.7433790">
    <ele>270.8</ele>
    <time>2025-04-02T18:08:52Z</time>
   </trkpt>
   <trkpt lat="45.7667420" lon="4.7433900">
    <ele>270.8</ele>
    <time>2025-04-02T18:08:53Z</time>
   </trkpt>
   <trkpt lat="45.7667130" lon="4.7434000">
    <ele>270.8</ele>
    <time>2025-04-02T18:08:54Z</time>
   </trkpt>
   <trkpt lat="45.7666480" lon="4.7434160">
    <ele>270.9</ele>
    <time>2025-04-02T18:08:55Z</time>
   </trkpt>
   <trkpt lat="45.7666190" lon="4.7434280">
    <ele>270.9</ele>
    <time>2025-04-02T18:08:56Z</time>
   </trkpt>
   <trkpt lat="45.7665880" lon="4.7434390">
    <ele>270.9</ele>
    <time>2025-04-02T18:08:57Z</time>
   </trkpt>
   <trkpt lat="45.7665570" lon="4.7434490">
    <ele>270.9</ele>
    <time>2025-04-02T18:08:58Z</time>
   </trkpt>
   <trkpt lat="45.7665290" lon="4.7434600">
    <ele>270.9</ele>
    <time>2025-04-02T18:08:59Z</time>
   </trkpt>
   <trkpt lat="45.7664970" lon="4.7434760">
    <ele>270.9</ele>
    <time>2025-04-02T18:09:00Z</time>
   </trkpt>
   <trkpt lat="45.7664680" lon="4.7434930">
    <ele>271.0</ele>
    <time>2025-04-02T18:09:01Z</time>
   </trkpt>
   <trkpt lat="45.7664400" lon="4.7435000">
    <ele>271.0</ele>
    <time>2025-04-02T18:09:02Z</time>
   </trkpt>
   <trkpt lat="45.7664080" lon="4.7434910">
    <ele>271.0</ele>
    <time>2025-04-02T18:09:03Z</time>
   </trkpt>
   <trkpt lat="45.7663770" lon="4.7435090">
    <ele>271.0</ele>
    <time>2025-04-02T18:09:04Z</time>
   </trkpt>
   <trkpt lat="45.7663440" lon="4.7435340">
    <ele>271.0</ele>
    <time>2025-04-02T18:09:05Z</time>
   </trkpt>
   <trkpt lat="45.7663090" lon="4.7435240">
    <ele>271.0</ele>
    <time>2025-04-02T18:09:06Z</time>
   </trkpt>
   <trkpt lat="45.7662830" lon="4.7435460">
    <ele>271.1</ele>
    <time>2025-04-02T18:09:07Z</time>
   </trkpt>
   <trkpt lat="45.7662520" lon="4.7435540">
    <ele>271.1</ele>
    <time>2025-04-02T18:09:08Z</time>
   </trkpt>
   <trkpt lat="45.7662200" lon="4.7435540">
    <ele>271.1</ele>
    <time>2025-04-02T18:09:09Z</time>
   </trkpt>
   <trkpt lat="45.7661860" lon="4.7435610">
    <ele>271.1</ele>
    <time>2025-04-02T18:09:10Z</time>
   </trkpt>
   <trkpt lat="45.7661530" lon="4.7435780">
    <ele>271.1</ele>
    <time>2025-04-02T18:09:11Z</time>
   </trkpt>
   <trkpt lat="45.7661250" lon="4.7435890">
    <ele>271.1</ele>
    <time>2025-04-02T18:09:13Z</time>
   </trkpt>
   <trkpt lat="45.7660910" lon="4.7436050">
    <ele>271.2</ele>
    <time>2025-04-02T18:09:14Z</time>
   </trkpt>
   <trkpt lat="45.7660610" lon="4.7436060">
    <ele>271.2</ele>
    <time>2025-04-02T18:09:15Z</time>
   </trkpt>
   <trkpt lat="45.7660310" lon="4.7436130">
    <ele>271.2</ele>
    <time>2025-04-02T18:09:16Z</time>
   </trkpt>
   <trkpt lat="45.7659980" lon="4.7436240">
    <ele>271.2</ele>
    <time>2025-04-02T18:09:17Z</time>
   </trkpt>
   <trkpt lat="45.7659730" lon="4.7436470">
    <ele>271.3</ele>
    <time>2025-04-02T18:09:18Z</time>
   </trkpt>
   <trkpt lat="45.7659440" lon="4.7436590">
    <ele>271.3</ele>
    <time>2025-04-02T18:09:19Z</time>
   </trkpt>
   <trkpt lat="45.7659110" lon="4.7436600">
    <ele>271.3</ele>
    <time>2025-04-02T18:09:20Z</time>
   </trkpt>
   <trkpt lat="45.7658780" lon="4.7436660">
    <ele>271.4</ele>
    <time>2025-04-02T18:09:21Z</time>
   </trkpt>
   <trkpt lat="45.7658480" lon="4.7436750">
    <ele>271.4</ele>
    <time>2025-04-02T18:09:22Z</time>
   </trkpt>
   <trkpt lat="45.7658190" lon="4.7436870">
    <ele>271.4</ele>
    <time>2025-04-02T18:09:23Z</time>
   </trkpt>
   <trkpt lat="45.7657880" lon="4.7436980">
    <ele>271.5</ele>
    <time>2025-04-02T18:09:24Z</time>
   </trkpt>
   <trkpt lat="45.7657590" lon="4.7437050">
    <ele>271.5</ele>
    <time>2025-04-02T18:09:25Z</time>
   </trkpt>
   <trkpt lat="45.7657200" lon="4.7437370">
    <ele>271.5</ele>
    <time>2025-04-02T18:09:26Z</time>
   </trkpt>
   <trkpt lat="45.7656850" lon="4.7437340">
    <ele>271.6</ele>
    <time>2025-04-02T18:09:27Z</time>
   </trkpt>
   <trkpt lat="45.7656600" lon="4.7437510">
    <ele>271.6</ele>
    <time>2025-04-02T18:09:28Z</time>
   </trkpt>
   <trkpt lat="45.7656280" lon="4.7437620">
    <ele>271.6</ele>
    <time>2025-04-02T18:09:29Z</time>
   </trkpt>
   <trkpt lat="45.7656010" lon="4.7437840">
    <ele>271.6</ele>
    <time>2025-04-02T18:09:30Z</time>
   </trkpt>
   <trkpt lat="45.7655590" lon="4.7437820">
    <ele>271.6</ele>
    <time>2025-04-02T18:09:31Z</time>
   </trkpt>
   <trkpt lat="45.7655400" lon="4.7437890">
    <ele>271.6</ele>
    <time>2025-04-02T18:09:32Z</time>
   </trkpt>
   <trkpt lat="45.7655140" lon="4.7438010">
    <ele>271.6</ele>
    <time>2025-04-02T18:09:33Z</time>
   </trkpt>
   <trkpt lat="45.7654810" lon="4.7438130">
    <ele>271.6</ele>
    <time>2025-04-02T18:09:34Z</time>
   </trkpt>
   <trkpt lat="45.7654470" lon="4.7438460">
    <ele>271.6</ele>
    <time>2025-04-02T18:09:35Z</time>
   </trkpt>
   <trkpt lat="45.7654170" lon="4.7438780">
    <ele>271.6</ele>
    <time>2025-04-02T18:09:36Z</time>
   </trkpt>
   <trkpt lat="45.7653810" lon="4.7438960">
    <ele>271.6</ele>
    <time>2025-04-02T18:09:37Z</time>
   </trkpt>
   <trkpt lat="45.7653510" lon="4.7439110">
    <ele>271.6</ele>
    <time>2025-04-02T18:09:38Z</time>
   </trkpt>
   <trkpt lat="45.7653220" lon="4.7439190">
    <ele>271.6</ele>
    <time>2025-04-02T18:09:39Z</time>
   </trkpt>
   <trkpt lat="45.7652870" lon="4.7439230">
    <ele>271.6</ele>
    <time>2025-04-02T18:09:40Z</time>
   </trkpt>
   <trkpt lat="45.7652530" lon="4.7439490">
    <ele>271.6</ele>
    <time>2025-04-02T18:09:41Z</time>
   </trkpt>
   <trkpt lat="45.7652190" lon="4.7439700">
    <ele>271.6</ele>
    <time>2025-04-02T18:09:42Z</time>
   </trkpt>
   <trkpt lat="45.7651910" lon="4.7439710">
    <ele>271.7</ele>
    <time>2025-04-02T18:09:43Z</time>
   </trkpt>
   <trkpt lat="45.7651470" lon="4.7439880">
    <ele>271.7</ele>
    <time>2025-04-02T18:09:44Z</time>
   </trkpt>
   <trkpt lat="45.7651190" lon="4.7440090">
    <ele>271.7</ele>
    <time>2025-04-02T18:09:45Z</time>
   </trkpt>
   <trkpt lat="45.7650860" lon="4.7440370">
    <ele>271.7</ele>
    <time>2025-04-02T18:09:46Z</time>
   </trkpt>
   <trkpt lat="45.7650540" lon="4.7440510">
    <ele>271.7</ele>
    <time>2025-04-02T18:09:47Z</time>
   </trkpt>
   <trkpt lat="45.7650230" lon="4.7440690">
    <ele>271.7</ele>
    <time>2025-04-02T18:09:48Z</time>
   </trkpt>
   <trkpt lat="45.7649960" lon="4.7440850">
    <ele>271.7</ele>
    <time>2025-04-02T18:09:49Z</time>
   </trkpt>
   <trkpt lat="45.7649570" lon="4.7441030">
    <ele>271.7</ele>
    <time>2025-04-02T18:09:50Z</time>
   </trkpt>
   <trkpt lat="45.7649260" lon="4.7441080">
    <ele>271.8</ele>
    <time>2025-04-02T18:09:51Z</time>
   </trkpt>
   <trkpt lat="45.7648880" lon="4.7441150">
    <ele>271.8</ele>
    <time>2025-04-02T18:09:52Z</time>
   </trkpt>
   <trkpt lat="45.7648680" lon="4.7441510">
    <ele>271.8</ele>
    <time>2025-04-02T18:09:53Z</time>
   </trkpt>
   <trkpt lat="45.7648310" lon="4.7441610">
    <ele>271.9</ele>
    <time>2025-04-02T18:09:54Z</time>
   </trkpt>
   <trkpt lat="45.7647970" lon="4.7441720">
    <ele>271.9</ele>
    <time>2025-04-02T18:09:55Z</time>
   </trkpt>
   <trkpt lat="45.7647680" lon="4.7441800">
    <ele>271.9</ele>
    <time>2025-04-02T18:09:56Z</time>
   </trkpt>
   <trkpt lat="45.7647310" lon="4.7441880">
    <ele>271.9</ele>
    <time>2025-04-02T18:09:57Z</time>
   </trkpt>
   <trkpt lat="45.7647000" lon="4.7442010">
    <ele>271.9</ele>
    <time>2025-04-02T18:09:58Z</time>
   </trkpt>
   <trkpt lat="45.7646780" lon="4.7442230">
    <ele>271.9</ele>
    <time>2025-04-02T18:09:59Z</time>
   </trkpt>
   <trkpt lat="45.7646460" lon="4.7442330">
    <ele>271.9</ele>
    <time>2025-04-02T18:10:00Z</time>
   </trkpt>
   <trkpt lat="45.7646050" lon="4.7442400">
    <ele>272.0</ele>
    <time>2025-04-02T18:10:01Z</time>
   </trkpt>
   <trkpt lat="45.7645760" lon="4.7442520">
    <ele>272.0</ele>
    <time>2025-04-02T18:10:02Z</time>
   </trkpt>
   <trkpt lat="45.7645480" lon="4.7442640">
    <ele>272.0</ele>
    <time>2025-04-02T18:10:03Z</time>
   </trkpt>
   <trkpt lat="45.7645140" lon="4.7442650">
    <ele>271.9</ele>
    <time>2025-04-02T18:10:04Z</time>
   </trkpt>
   <trkpt lat="45.7644790" lon="4.7442830">
    <ele>271.9</ele>
    <time>2025-04-02T18:10:05Z</time>
   </trkpt>
   <trkpt lat="45.7644400" lon="4.7443170">
    <ele>271.9</ele>
    <time>2025-04-02T18:10:06Z</time>
   </trkpt>
   <trkpt lat="45.7644150" lon="4.7442960">
    <ele>271.9</ele>
    <time>2025-04-02T18:10:07Z</time>
   </trkpt>
   <trkpt lat="45.7643830" lon="4.7443010">
    <ele>271.9</ele>
    <time>2025-04-02T18:10:08Z</time>
   </trkpt>
   <trkpt lat="45.7643500" lon="4.7443120">
    <ele>271.9</ele>
    <time>2025-04-02T18:10:09Z</time>
   </trkpt>
   <trkpt lat="45.7643210" lon="4.7443240">
    <ele>271.9</ele>
    <time>2025-04-02T18:10:10Z</time>
   </trkpt>
   <trkpt lat="45.7642870" lon="4.7443200">
    <ele>271.9</ele>
    <time>2025-04-02T18:10:11Z</time>
   </trkpt>
   <trkpt lat="45.7642520" lon="4.7443250">
    <ele>271.9</ele>
    <time>2025-04-02T18:10:12Z</time>
   </trkpt>
   <trkpt lat="45.7642180" lon="4.7443280">
    <ele>271.8</ele>
    <time>2025-04-02T18:10:13Z</time>
   </trkpt>
   <trkpt lat="45.7641860" lon="4.7443380">
    <ele>271.8</ele>
    <time>2025-04-02T18:10:14Z</time>
   </trkpt>
   <trkpt lat="45.7641480" lon="4.7443580">
    <ele>271.7</ele>
    <time>2025-04-02T18:10:15Z</time>
   </trkpt>
   <trkpt lat="45.7641110" lon="4.7443750">
    <ele>271.7</ele>
    <time>2025-04-02T18:10:16Z</time>
   </trkpt>
   <trkpt lat="45.7640810" lon="4.7443790">
    <ele>271.7</ele>
    <time>2025-04-02T18:10:17Z</time>
   </trkpt>
   <trkpt lat="45.7640510" lon="4.7443950">
    <ele>271.6</ele>
    <time>2025-04-02T18:10:18Z</time>
   </trkpt>
   <trkpt lat="45.7640140" lon="4.7444190">
    <ele>271.6</ele>
    <time>2025-04-02T18:10:19Z</time>
   </trkpt>
   <trkpt lat="45.7639970" lon="4.7444260">
    <ele>271.6</ele>
    <time>2025-04-02T18:10:20Z</time>
   </trkpt>
   <trkpt lat="45.7639640" lon="4.7444430">
    <ele>271.5</ele>
    <time>2025-04-02T18:10:21Z</time>
   </trkpt>
   <trkpt lat="45.7639170" lon="4.7444130">
    <ele>271.4</ele>
    <time>2025-04-02T18:10:22Z</time>
   </trkpt>
   <trkpt lat="45.7638920" lon="4.7444300">
    <ele>271.4</ele>
    <time>2025-04-02T18:10:23Z</time>
   </trkpt>
   <trkpt lat="45.7638670" lon="4.7444730">
    <ele>271.3</ele>
    <time>2025-04-02T18:10:24Z</time>
   </trkpt>
   <trkpt lat="45.7638380" lon="4.7445010">
    <ele>271.2</ele>
    <time>2025-04-02T18:10:25Z</time>
   </trkpt>
   <trkpt lat="45.7638110" lon="4.7445380">
    <ele>271.1</ele>
    <time>2025-04-02T18:10:26Z</time>
   </trkpt>
   <trkpt lat="45.7637790" lon="4.7445520">
    <ele>271.0</ele>
    <time>2025-04-02T18:10:27Z</time>
   </trkpt>
   <trkpt lat="45.7637480" lon="4.7445730">
    <ele>271.0</ele>
    <time>2025-04-02T18:10:28Z</time>
   </trkpt>
   <trkpt lat="45.7637190" lon="4.7445940">
    <ele>270.9</ele>
    <time>2025-04-02T18:10:29Z</time>
   </trkpt>
   <trkpt lat="45.7636970" lon="4.7446300">
    <ele>270.8</ele>
    <time>2025-04-02T18:10:30Z</time>
   </trkpt>
   <trkpt lat="45.7636650" lon="4.7446530">
    <ele>270.7</ele>
    <time>2025-04-02T18:10:31Z</time>
   </trkpt>
   <trkpt lat="45.7636360" lon="4.7446750">
    <ele>270.7</ele>
    <time>2025-04-02T18:10:32Z</time>
   </trkpt>
   <trkpt lat="45.7636070" lon="4.7447050">
    <ele>270.6</ele>
    <time>2025-04-02T18:10:33Z</time>
   </trkpt>
   <trkpt lat="45.7635800" lon="4.7447240">
    <ele>270.6</ele>
    <time>2025-04-02T18:10:34Z</time>
   </trkpt>
   <trkpt lat="45.7635550" lon="4.7447600">
    <ele>270.5</ele>
    <time>2025-04-02T18:10:35Z</time>
   </trkpt>
   <trkpt lat="45.7635250" lon="4.7447980">
    <ele>270.4</ele>
    <time>2025-04-02T18:10:36Z</time>
   </trkpt>
   <trkpt lat="45.7634940" lon="4.7448190">
    <ele>270.4</ele>
    <time>2025-04-02T18:10:37Z</time>
   </trkpt>
   <trkpt lat="45.7634640" lon="4.7448440">
    <ele>270.3</ele>
    <time>2025-04-02T18:10:38Z</time>
   </trkpt>
   <trkpt lat="45.7634360" lon="4.7448360">
    <ele>270.3</ele>
    <time>2025-04-02T18:10:39Z</time>
   </trkpt>
   <trkpt lat="45.7634130" lon="4.7448650">
    <ele>270.2</ele>
    <time>2025-04-02T18:10:40Z</time>
   </trkpt>
   <trkpt lat="45.7633840" lon="4.7448900">
    <ele>270.2</ele>
    <time>2025-04-02T18:10:41Z</time>
   </trkpt>
   <trkpt lat="45.7633630" lon="4.7449370">
    <ele>270.2</ele>
    <time>2025-04-02T18:10:42Z</time>
   </trkpt>
   <trkpt lat="45.7633280" lon="4.7449650">
    <ele>270.2</ele>
    <time>2025-04-02T18:10:43Z</time>
   </trkpt>
   <trkpt lat="45.7632990" lon="4.7449960">
    <ele>270.2</ele>
    <time>2025-04-02T18:10:44Z</time>
   </trkpt>
   <trkpt lat="45.7632610" lon="4.7450150">
    <ele>270.2</ele>
    <time>2025-04-02T18:10:45Z</time>
   </trkpt>
   <trkpt lat="45.7632320" lon="4.7450540">
    <ele>270.2</ele>
    <time>2025-04-02T18:10:46Z</time>
   </trkpt>
   <trkpt lat="45.7632020" lon="4.7450700">
    <ele>270.2</ele>
    <time>2025-04-02T18:10:47Z</time>
   </trkpt>
   <trkpt lat="45.7631710" lon="4.7450960">
    <ele>270.2</ele>
    <time>2025-04-02T18:10:48Z</time>
   </trkpt>
   <trkpt lat="45.7631430" lon="4.7451150">
    <ele>270.2</ele>
    <time>2025-04-02T18:10:49Z</time>
   </trkpt>
   <trkpt lat="45.7631130" lon="4.7451380">
    <ele>270.2</ele>
    <time>2025-04-02T18:10:50Z</time>
   </trkpt>
   <trkpt lat="45.7630790" lon="4.7451650">
    <ele>270.2</ele>
    <time>2025-04-02T18:10:51Z</time>
   </trkpt>
   <trkpt lat="45.7630420" lon="4.7451770">
    <ele>270.2</ele>
    <time>2025-04-02T18:10:52Z</time>
   </trkpt>
   <trkpt lat="45.7630080" lon="4.7452120">
    <ele>270.2</ele>
    <time>2025-04-02T18:10:53Z</time>
   </trkpt>
   <trkpt lat="45.7629770" lon="4.7452250">
    <ele>270.1</ele>
    <time>2025-04-02T18:10:54Z</time>
   </trkpt>
   <trkpt lat="45.7629450" lon="4.7452400">
    <ele>270.1</ele>
    <time>2025-04-02T18:10:55Z</time>
   </trkpt>
   <trkpt lat="45.7629180" lon="4.7452570">
    <ele>270.1</ele>
    <time>2025-04-02T18:10:56Z</time>
   </trkpt>
   <trkpt lat="45.7628810" lon="4.7452560">
    <ele>270.1</ele>
    <time>2025-04-02T18:10:57Z</time>
   </trkpt>
   <trkpt lat="45.7628380" lon="4.7452850">
    <ele>270.1</ele>
    <time>2025-04-02T18:10:58Z</time>
   </trkpt>
   <trkpt lat="45.7628080" lon="4.7452770">
    <ele>270.1</ele>
    <time>2025-04-02T18:10:59Z</time>
   </trkpt>
   <trkpt lat="45.7627710" lon="4.7452930">
    <ele>270.1</ele>
    <time>2025-04-02T18:11:00Z</time>
   </trkpt>
   <trkpt lat="45.7627380" lon="4.7453100">
    <ele>270.1</ele>
    <time>2025-04-02T18:11:01Z</time>
   </trkpt>
   <trkpt lat="45.7627040" lon="4.7453290">
    <ele>270.2</ele>
    <time>2025-04-02T18:11:02Z</time>
   </trkpt>
   <trkpt lat="45.7626730" lon="4.7453420">
    <ele>270.2</ele>
    <time>2025-04-02T18:11:03Z</time>
   </trkpt>
   <trkpt lat="45.7626390" lon="4.7453420">
    <ele>270.2</ele>
    <time>2025-04-02T18:11:04Z</time>
   </trkpt>
   <trkpt lat="45.7625990" lon="4.7453570">
    <ele>270.2</ele>
    <time>2025-04-02T18:11:05Z</time>
   </trkpt>
   <trkpt lat="45.7625700" lon="4.7453580">
    <ele>270.2</ele>
    <time>2025-04-02T18:11:06Z</time>
   </trkpt>
   <trkpt lat="45.7625340" lon="4.7453750">
    <ele>270.2</ele>
    <time>2025-04-02T18:11:07Z</time>
   </trkpt>
   <trkpt lat="45.7624950" lon="4.7453750">
    <ele>270.2</ele>
    <time>2025-04-02T18:11:08Z</time>
   </trkpt>
   <trkpt lat="45.7624640" lon="4.7453800">
    <ele>270.2</ele>
    <time>2025-04-02T18:11:09Z</time>
   </trkpt>
   <trkpt lat="45.7624280" lon="4.7453870">
    <ele>270.2</ele>
    <time>2025-04-02T18:11:10Z</time>
   </trkpt>
   <trkpt lat="45.7624000" lon="4.7454080">
    <ele>270.2</ele>
    <time>2025-04-02T18:11:11Z</time>
   </trkpt>
   <trkpt lat="45.7623730" lon="4.7454150">
    <ele>270.1</ele>
    <time>2025-04-02T18:11:12Z</time>
   </trkpt>
   <trkpt lat="45.7623400" lon="4.7454260">
    <ele>270.1</ele>
    <time>2025-04-02T18:11:13Z</time>
   </trkpt>
   <trkpt lat="45.7623020" lon="4.7454450">
    <ele>270.1</ele>
    <time>2025-04-02T18:11:14Z</time>
   </trkpt>
   <trkpt lat="45.7622720" lon="4.7454750">
    <ele>270.0</ele>
    <time>2025-04-02T18:11:15Z</time>
   </trkpt>
   <trkpt lat="45.7622390" lon="4.7454820">
    <ele>270.0</ele>
    <time>2025-04-02T18:11:16Z</time>
   </trkpt>
   <trkpt lat="45.7622090" lon="4.7454900">
    <ele>269.9</ele>
    <time>2025-04-02T18:11:17Z</time>
   </trkpt>
   <trkpt lat="45.7621750" lon="4.7455080">
    <ele>269.9</ele>
    <time>2025-04-02T18:11:18Z</time>
   </trkpt>
   <trkpt lat="45.7621420" lon="4.7455390">
    <ele>269.8</ele>
    <time>2025-04-02T18:11:19Z</time>
   </trkpt>
   <trkpt lat="45.7621110" lon="4.7455640">
    <ele>269.7</ele>
    <time>2025-04-02T18:11:20Z</time>
   </trkpt>
   <trkpt lat="45.7620650" lon="4.7456400">
    <ele>269.5</ele>
    <time>2025-04-02T18:11:21Z</time>
   </trkpt>
   <trkpt lat="45.7620380" lon="4.7456900">
    <ele>269.4</ele>
    <time>2025-04-02T18:11:22Z</time>
   </trkpt>
   <trkpt lat="45.7620080" lon="4.7457250">
    <ele>269.3</ele>
    <time>2025-04-02T18:11:23Z</time>
   </trkpt>
   <trkpt lat="45.7619890" lon="4.7457630">
    <ele>269.2</ele>
    <time>2025-04-02T18:11:24Z</time>
   </trkpt>
   <trkpt lat="45.7619610" lon="4.7457940">
    <ele>269.1</ele>
    <time>2025-04-02T18:11:25Z</time>
   </trkpt>
   <trkpt lat="45.7619400" lon="4.7458210">
    <ele>269.0</ele>
    <time>2025-04-02T18:11:26Z</time>
   </trkpt>
   <trkpt lat="45.7619170" lon="4.7458630">
    <ele>268.9</ele>
    <time>2025-04-02T18:11:27Z</time>
   </trkpt>
   <trkpt lat="45.7618940" lon="4.7459000">
    <ele>268.8</ele>
    <time>2025-04-02T18:11:28Z</time>
   </trkpt>
   <trkpt lat="45.7618710" lon="4.7459430">
    <ele>268.7</ele>
    <time>2025-04-02T18:11:29Z</time>
   </trkpt>
   <trkpt lat="45.7618480" lon="4.7459730">
    <ele>268.6</ele>
    <time>2025-04-02T18:11:30Z</time>
   </trkpt>
   <trkpt lat="45.7618230" lon="4.7460190">
    <ele>268.5</ele>
    <time>2025-04-02T18:11:31Z</time>
   </trkpt>
   <trkpt lat="45.7617970" lon="4.7460430">
    <ele>268.4</ele>
    <time>2025-04-02T18:11:32Z</time>
   </trkpt>
   <trkpt lat="45.7617680" lon="4.7460850">
    <ele>268.3</ele>
    <time>2025-04-02T18:11:33Z</time>
   </trkpt>
   <trkpt lat="45.7617410" lon="4.7461100">
    <ele>268.3</ele>
    <time>2025-04-02T18:11:34Z</time>
   </trkpt>
   <trkpt lat="45.7617230" lon="4.7461520">
    <ele>268.2</ele>
    <time>2025-04-02T18:11:35Z</time>
   </trkpt>
   <trkpt lat="45.7616930" lon="4.7461690">
    <ele>268.1</ele>
    <time>2025-04-02T18:11:36Z</time>
   </trkpt>
   <trkpt lat="45.7616680" lon="4.7462180">
    <ele>268.1</ele>
    <time>2025-04-02T18:11:37Z</time>
   </trkpt>
   <trkpt lat="45.7616510" lon="4.7462600">
    <ele>268.0</ele>
    <time>2025-04-02T18:11:38Z</time>
   </trkpt>
   <trkpt lat="45.7616250" lon="4.7462910">
    <ele>268.0</ele>
    <time>2025-04-02T18:11:39Z</time>
   </trkpt>
   <trkpt lat="45.7615960" lon="4.7463230">
    <ele>267.9</ele>
    <time>2025-04-02T18:11:40Z</time>
   </trkpt>
   <trkpt lat="45.7615690" lon="4.7463630">
    <ele>267.9</ele>
    <time>2025-04-02T18:11:42Z</time>
   </trkpt>
   <trkpt lat="45.7615430" lon="4.7463910">
    <ele>267.8</ele>
    <time>2025-04-02T18:11:43Z</time>
   </trkpt>
   <trkpt lat="45.7615160" lon="4.7464380">
    <ele>267.8</ele>
    <time>2025-04-02T18:11:44Z</time>
   </trkpt>
   <trkpt lat="45.7614900" lon="4.7464620">
    <ele>267.8</ele>
    <time>2025-04-02T18:11:45Z</time>
   </trkpt>
   <trkpt lat="45.7614630" lon="4.7464970">
    <ele>267.7</ele>
    <time>2025-04-02T18:11:46Z</time>
   </trkpt>
   <trkpt lat="45.7614340" lon="4.7465320">
    <ele>267.7</ele>
    <time>2025-04-02T18:11:47Z</time>
   </trkpt>
   <trkpt lat="45.7614080" lon="4.7465750">
    <ele>267.6</ele>
    <time>2025-04-02T18:11:48Z</time>
   </trkpt>
   <trkpt lat="45.7613870" lon="4.7466260">
    <ele>267.5</ele>
    <time>2025-04-02T18:11:49Z</time>
   </trkpt>
   <trkpt lat="45.7613680" lon="4.7466710">
    <ele>267.4</ele>
    <time>2025-04-02T18:11:50Z</time>
   </trkpt>
   <trkpt lat="45.7613560" lon="4.7467020">
    <ele>267.3</ele>
    <time>2025-04-02T18:11:51Z</time>
   </trkpt>
   <trkpt lat="45.7613480" lon="4.7467230">
    <ele>267.3</ele>
    <time>2025-04-02T18:11:52Z</time>
   </trkpt>
   <trkpt lat="45.7613270" lon="4.7467700">
    <ele>267.1</ele>
    <time>2025-04-02T18:11:53Z</time>
   </trkpt>
   <trkpt lat="45.7613210" lon="4.7467900">
    <ele>267.1</ele>
    <time>2025-04-02T18:11:54Z</time>
   </trkpt>
   <trkpt lat="45.7613070" lon="4.7468240">
    <ele>267.0</ele>
    <time>2025-04-02T18:11:55Z</time>
   </trkpt>
   <trkpt lat="45.7612830" lon="4.7468460">
    <ele>266.9</ele>
    <time>2025-04-02T18:11:56Z</time>
   </trkpt>
   <trkpt lat="45.7612580" lon="4.7468810">
    <ele>266.8</ele>
    <time>2025-04-02T18:11:57Z</time>
   </trkpt>
   <trkpt lat="45.7612300" lon="4.7469220">
    <ele>266.7</ele>
    <time>2025-04-02T18:11:58Z</time>
   </trkpt>
   <trkpt lat="45.7612160" lon="4.7469350">
    <ele>266.6</ele>
    <time>2025-04-02T18:11:59Z</time>
   </trkpt>
   <trkpt lat="45.7612040" lon="4.7469740">
    <ele>266.5</ele>
    <time>2025-04-02T18:12:00Z</time>
   </trkpt>
   <trkpt lat="45.7611770" lon="4.7470300">
    <ele>266.3</ele>
    <time>2025-04-02T18:12:01Z</time>
   </trkpt>
   <trkpt lat="45.7611570" lon="4.7470910">
    <ele>266.1</ele>
    <time>2025-04-02T18:12:02Z</time>
   </trkpt>
   <trkpt lat="45.7611350" lon="4.7471350">
    <ele>266.0</ele>
    <time>2025-04-02T18:12:03Z</time>
   </trkpt>
   <trkpt lat="45.7611150" lon="4.7471810">
    <ele>265.8</ele>
    <time>2025-04-02T18:12:04Z</time>
   </trkpt>
   <trkpt lat="45.7611010" lon="4.7472290">
    <ele>265.6</ele>
    <time>2025-04-02T18:12:05Z</time>
   </trkpt>
   <trkpt lat="45.7610890" lon="4.7472710">
    <ele>265.5</ele>
    <time>2025-04-02T18:12:06Z</time>
   </trkpt>
   <trkpt lat="45.7610680" lon="4.7473260">
    <ele>265.2</ele>
    <time>2025-04-02T18:12:07Z</time>
   </trkpt>
   <trkpt lat="45.7610400" lon="4.7473740">
    <ele>265.0</ele>
    <time>2025-04-02T18:12:08Z</time>
   </trkpt>
   <trkpt lat="45.7610200" lon="4.7474330">
    <ele>264.7</ele>
    <time>2025-04-02T18:12:09Z</time>
   </trkpt>
   <trkpt lat="45.7610190" lon="4.7475120">
    <ele>264.3</ele>
    <time>2025-04-02T18:12:10Z</time>
   </trkpt>
   <trkpt lat="45.7609990" lon="4.7475640">
    <ele>264.0</ele>
    <time>2025-04-02T18:12:11Z</time>
   </trkpt>
   <trkpt lat="45.7609980" lon="4.7476330">
    <ele>263.6</ele>
    <time>2025-04-02T18:12:12Z</time>
   </trkpt>
   <trkpt lat="45.7609740" lon="4.7476660">
    <ele>263.4</ele>
    <time>2025-04-02T18:12:13Z</time>
   </trkpt>
   <trkpt lat="45.7609580" lon="4.7477020">
    <ele>263.1</ele>
    <time>2025-04-02T18:12:14Z</time>
   </trkpt>
   <trkpt lat="45.7609380" lon="4.7477560">
    <ele>262.8</ele>
    <time>2025-04-02T18:12:15Z</time>
   </trkpt>
   <trkpt lat="45.7608980" lon="4.7478040">
    <ele>262.4</ele>
    <time>2025-04-02T18:12:16Z</time>
   </trkpt>
   <trkpt lat="45.7608880" lon="4.7478710">
    <ele>262.0</ele>
    <time>2025-04-02T18:12:17Z</time>
   </trkpt>
   <trkpt lat="45.7608670" lon="4.7479300">
    <ele>261.6</ele>
    <time>2025-04-02T18:12:18Z</time>
   </trkpt>
   <trkpt lat="45.7608490" lon="4.7479750">
    <ele>261.3</ele>
    <time>2025-04-02T18:12:19Z</time>
   </trkpt>
   <trkpt lat="45.7608220" lon="4.7480340">
    <ele>260.8</ele>
    <time>2025-04-02T18:12:20Z</time>
   </trkpt>
   <trkpt lat="45.7607960" lon="4.7480840">
    <ele>260.5</ele>
    <time>2025-04-02T18:12:21Z</time>
   </trkpt>
   <trkpt lat="45.7607680" lon="4.7481350">
    <ele>260.1</ele>
    <time>2025-04-02T18:12:22Z</time>
   </trkpt>
   <trkpt lat="45.7607340" lon="4.7481610">
    <ele>259.7</ele>
    <time>2025-04-02T18:12:23Z</time>
   </trkpt>
   <trkpt lat="45.7607090" lon="4.7482040">
    <ele>259.4</ele>
    <time>2025-04-02T18:12:24Z</time>
   </trkpt>
   <trkpt lat="45.7606800" lon="4.7482570">
    <ele>259.0</ele>
    <time>2025-04-02T18:12:25Z</time>
   </trkpt>
   <trkpt lat="45.7606500" lon="4.7482870">
    <ele>258.7</ele>
    <time>2025-04-02T18:12:26Z</time>
   </trkpt>
   <trkpt lat="45.7606200" lon="4.7483250">
    <ele>258.3</ele>
    <time>2025-04-02T18:12:27Z</time>
   </trkpt>
   <trkpt lat="45.7605910" lon="4.7483880">
    <ele>257.9</ele>
    <time>2025-04-02T18:12:28Z</time>
   </trkpt>
   <trkpt lat="45.7605650" lon="4.7484570">
    <ele>257.4</ele>
    <time>2025-04-02T18:12:29Z</time>
   </trkpt>
   <trkpt lat="45.7605240" lon="4.7484960">
    <ele>257.0</ele>
    <time>2025-04-02T18:12:30Z</time>
   </trkpt>
   <trkpt lat="45.7604960" lon="4.7485440">
    <ele>256.6</ele>
    <time>2025-04-02T18:12:31Z</time>
   </trkpt>
   <trkpt lat="45.7604600" lon="4.7485800">
    <ele>256.2</ele>
    <time>2025-04-02T18:12:32Z</time>
   </trkpt>
   <trkpt lat="45.7604340" lon="4.7486170">
    <ele>255.8</ele>
    <time>2025-04-02T18:12:33Z</time>
   </trkpt>
   <trkpt lat="45.7604030" lon="4.7486560">
    <ele>255.4</ele>
    <time>2025-04-02T18:12:34Z</time>
   </trkpt>
   <trkpt lat="45.7603690" lon="4.7487170">
    <ele>254.9</ele>
    <time>2025-04-02T18:12:35Z</time>
   </trkpt>
   <trkpt lat="45.7603320" lon="4.7487500">
    <ele>254.5</ele>
    <time>2025-04-02T18:12:36Z</time>
   </trkpt>
   <trkpt lat="45.7602990" lon="4.7487890">
    <ele>254.2</ele>
    <time>2025-04-02T18:12:37Z</time>
   </trkpt>
   <trkpt lat="45.7602830" lon="4.7488370">
    <ele>253.8</ele>
    <time>2025-04-02T18:12:38Z</time>
   </trkpt>
   <trkpt lat="45.7602470" lon="4.7488660">
    <ele>253.5</ele>
    <time>2025-04-02T18:12:39Z</time>
   </trkpt>
   <trkpt lat="45.7602110" lon="4.7488970">
    <ele>253.2</ele>
    <time>2025-04-02T18:12:40Z</time>
   </trkpt>
   <trkpt lat="45.7601770" lon="4.7489330">
    <ele>252.9</ele>
    <time>2025-04-02T18:12:41Z</time>
   </trkpt>
   <trkpt lat="45.7601450" lon="4.7489610">
    <ele>252.6</ele>
    <time>2025-04-02T18:12:42Z</time>
   </trkpt>
   <trkpt lat="45.7601130" lon="4.7489950">
    <ele>252.3</ele>
    <time>2025-04-02T18:12:43Z</time>
   </trkpt>
   <trkpt lat="45.7600880" lon="4.7490270">
    <ele>252.0</ele>
    <time>2025-04-02T18:12:44Z</time>
   </trkpt>
   <trkpt lat="45.7600520" lon="4.7490460">
    <ele>251.7</ele>
    <time>2025-04-02T18:12:45Z</time>
   </trkpt>
   <trkpt lat="45.7600170" lon="4.7490790">
    <ele>251.4</ele>
    <time>2025-04-02T18:12:46Z</time>
   </trkpt>
   <trkpt lat="45.7599720" lon="4.7490990">
    <ele>251.0</ele>
    <time>2025-04-02T18:12:47Z</time>
   </trkpt>
   <trkpt lat="45.7599370" lon="4.7491240">
    <ele>250.7</ele>
    <time>2025-04-02T18:12:48Z</time>
   </trkpt>
   <trkpt lat="45.7599000" lon="4.7491340">
    <ele>250.4</ele>
    <time>2025-04-02T18:12:49Z</time>
   </trkpt>
   <trkpt lat="45.7598620" lon="4.7491310">
    <ele>250.1</ele>
    <time>2025-04-02T18:12:50Z</time>
   </trkpt>
   <trkpt lat="45.7598220" lon="4.7491390">
    <ele>249.8</ele>
    <time>2025-04-02T18:12:51Z</time>
   </trkpt>
   <trkpt lat="45.7597690" lon="4.7491410">
    <ele>249.3</ele>
    <time>2025-04-02T18:12:52Z</time>
   </trkpt>
   <trkpt lat="45.7597370" lon="4.7491250">
    <ele>249.1</ele>
    <time>2025-04-02T18:12:53Z</time>
   </trkpt>
   <trkpt lat="45.7596950" lon="4.7491040">
    <ele>248.7</ele>
    <time>2025-04-02T18:12:54Z</time>
   </trkpt>
   <trkpt lat="45.7596530" lon="4.7490840">
    <ele>248.3</ele>
    <time>2025-04-02T18:12:55Z</time>
   </trkpt>
   <trkpt lat="45.7596330" lon="4.7490750">
    <ele>248.2</ele>
    <time>2025-04-02T18:12:56Z</time>
   </trkpt>
   <trkpt lat="45.7596170" lon="4.7490340">
    <ele>247.9</ele>
    <time>2025-04-02T18:12:57Z</time>
   </trkpt>
   <trkpt lat="45.7595810" lon="4.7490060">
    <ele>247.6</ele>
    <time>2025-04-02T18:12:58Z</time>
   </trkpt>
   <trkpt lat="45.7595550" lon="4.7489700">
    <ele>247.3</ele>
    <time>2025-04-02T18:12:59Z</time>
   </trkpt>
   <trkpt lat="45.7595020" lon="4.7489280">
    <ele>246.9</ele>
    <time>2025-04-02T18:13:00Z</time>
   </trkpt>
   <trkpt lat="45.7594890" lon="4.7488590">
    <ele>246.5</ele>
    <time>2025-04-02T18:13:01Z</time>
   </trkpt>
   <trkpt lat="45.7594590" lon="4.7488270">
    <ele>246.2</ele>
    <time>2025-04-02T18:13:02Z</time>
   </trkpt>
   <trkpt lat="45.7594370" lon="4.7487810">
    <ele>246.0</ele>
    <time>2025-04-02T18:13:03Z</time>
   </trkpt>
   <trkpt lat="45.7594200" lon="4.7487090">
    <ele>245.6</ele>
    <time>2025-04-02T18:13:04Z</time>
   </trkpt>
   <trkpt lat="45.7593960" lon="4.7486850">
    <ele>245.4</ele>
    <time>2025-04-02T18:13:05Z</time>
   </trkpt>
   <trkpt lat="45.7593750" lon="4.7486470">
    <ele>245.1</ele>
    <time>2025-04-02T18:13:06Z</time>
   </trkpt>
   <trkpt lat="45.7593230" lon="4.7485540">
    <ele>244.5</ele>
    <time>2025-04-02T18:13:07Z</time>
   </trkpt>
   <trkpt lat="45.7593050" lon="4.7485080">
    <ele>244.3</ele>
    <time>2025-04-02T18:13:08Z</time>
   </trkpt>
   <trkpt lat="45.7592780" lon="4.7484680">
    <ele>244.0</ele>
    <time>2025-04-02T18:13:09Z</time>
   </trkpt>
   <trkpt lat="45.7592470" lon="4.7484330">
    <ele>243.8</ele>
    <time>2025-04-02T18:13:10Z</time>
   </trkpt>
   <trkpt lat="45.7592200" lon="4.7483990">
    <ele>243.5</ele>
    <time>2025-04-02T18:13:11Z</time>
   </trkpt>
   <trkpt lat="45.7591900" lon="4.7483610">
    <ele>243.3</ele>
    <time>2025-04-02T18:13:12Z</time>
   </trkpt>
   <trkpt lat="45.7591650" lon="4.7483220">
    <ele>243.0</ele>
    <time>2025-04-02T18:13:13Z</time>
   </trkpt>
   <trkpt lat="45.7591360" lon="4.7482810">
    <ele>242.8</ele>
    <time>2025-04-02T18:13:14Z</time>
   </trkpt>
   <trkpt lat="45.7591080" lon="4.7482410">
    <ele>242.5</ele>
    <time>2025-04-02T18:13:15Z</time>
   </trkpt>
   <trkpt lat="45.7590780" lon="4.7481970">
    <ele>242.2</ele>
    <time>2025-04-02T18:13:16Z</time>
   </trkpt>
   <trkpt lat="45.7590530" lon="4.7481560">
    <ele>241.9</ele>
    <time>2025-04-02T18:13:17Z</time>
   </trkpt>
   <trkpt lat="45.7590370" lon="4.7481160">
    <ele>241.7</ele>
    <time>2025-04-02T18:13:18Z</time>
   </trkpt>
   <trkpt lat="45.7590110" lon="4.7480700">
    <ele>241.5</ele>
    <time>2025-04-02T18:13:19Z</time>
   </trkpt>
   <trkpt lat="45.7589930" lon="4.7480110">
    <ele>241.2</ele>
    <time>2025-04-02T18:13:20Z</time>
   </trkpt>
   <trkpt lat="45.7589630" lon="4.7479700">
    <ele>240.9</ele>
    <time>2025-04-02T18:13:21Z</time>
   </trkpt>
   <trkpt lat="45.7589290" lon="4.7479400">
    <ele>240.6</ele>
    <time>2025-04-02T18:13:22Z</time>
   </trkpt>
   <trkpt lat="45.7588910" lon="4.7479140">
    <ele>240.3</ele>
    <time>2025-04-02T18:13:23Z</time>
   </trkpt>
   <trkpt lat="45.7588600" lon="4.7478750">
    <ele>240.0</ele>
    <time>2025-04-02T18:13:24Z</time>
   </trkpt>
   <trkpt lat="45.7588170" lon="4.7478670">
    <ele>239.7</ele>
    <time>2025-04-02T18:13:25Z</time>
   </trkpt>
   <trkpt lat="45.7587850" lon="4.7478390">
    <ele>239.4</ele>
    <time>2025-04-02T18:13:27Z</time>
   </trkpt>
   <trkpt lat="45.7587430" lon="4.7478150">
    <ele>239.0</ele>
    <time>2025-04-02T18:13:28Z</time>
   </trkpt>
   <trkpt lat="45.7587050" lon="4.7477900">
    <ele>238.7</ele>
    <time>2025-04-02T18:13:29Z</time>
   </trkpt>
   <trkpt lat="45.7586690" lon="4.7477850">
    <ele>238.3</ele>
    <time>2025-04-02T18:13:30Z</time>
   </trkpt>
   <trkpt lat="45.7586220" lon="4.7478100">
    <ele>237.9</ele>
    <time>2025-04-02T18:13:31Z</time>
   </trkpt>
   <trkpt lat="45.7585830" lon="4.7478280">
    <ele>237.5</ele>
    <time>2025-04-02T18:13:32Z</time>
   </trkpt>
   <trkpt lat="45.7585500" lon="4.7478240">
    <ele>237.2</ele>
    <time>2025-04-02T18:13:33Z</time>
   </trkpt>
   <trkpt lat="45.7585210" lon="4.7478540">
    <ele>236.8</ele>
    <time>2025-04-02T18:13:34Z</time>
   </trkpt>
   <trkpt lat="45.7584850" lon="4.7478800">
    <ele>236.4</ele>
    <time>2025-04-02T18:13:35Z</time>
   </trkpt>
   <trkpt lat="45.7584500" lon="4.7479170">
    <ele>236.0</ele>
    <time>2025-04-02T18:13:36Z</time>
   </trkpt>
   <trkpt lat="45.7584260" lon="4.7479480">
    <ele>235.6</ele>
    <time>2025-04-02T18:13:37Z</time>
   </trkpt>
   <trkpt lat="45.7583940" lon="4.7480030">
    <ele>235.1</ele>
    <time>2025-04-02T18:13:38Z</time>
   </trkpt>
   <trkpt lat="45.7583600" lon="4.7480350">
    <ele>234.7</ele>
    <time>2025-04-02T18:13:39Z</time>
   </trkpt>
   <trkpt lat="45.7583310" lon="4.7480850">
    <ele>234.2</ele>
    <time>2025-04-02T18:13:40Z</time>
   </trkpt>
   <trkpt lat="45.7583100" lon="4.7481420">
    <ele>233.7</ele>
    <time>2025-04-02T18:13:41Z</time>
   </trkpt>
   <trkpt lat="45.7582970" lon="4.7481810">
    <ele>233.4</ele>
    <time>2025-04-02T18:13:42Z</time>
   </trkpt>
   <trkpt lat="45.7582730" lon="4.7482350">
    <ele>232.9</ele>
    <time>2025-04-02T18:13:43Z</time>
   </trkpt>
   <trkpt lat="45.7582520" lon="4.7482530">
    <ele>232.7</ele>
    <time>2025-04-02T18:13:44Z</time>
   </trkpt>
   <trkpt lat="45.7582170" lon="4.7483230">
    <ele>232.0</ele>
    <time>2025-04-02T18:13:45Z</time>
   </trkpt>
   <trkpt lat="45.7581790" lon="4.7483410">
    <ele>231.6</ele>
    <time>2025-04-02T18:13:46Z</time>
   </trkpt>
   <trkpt lat="45.7581450" lon="4.7483720">
    <ele>231.2</ele>
    <time>2025-04-02T18:13:47Z</time>
   </trkpt>
   <trkpt lat="45.7581340" lon="4.7484120">
    <ele>230.9</ele>
    <time>2025-04-02T18:13:48Z</time>
   </trkpt>
   <trkpt lat="45.7581190" lon="4.7484680">
    <ele>230.5</ele>
    <time>2025-04-02T18:13:49Z</time>
   </trkpt>
   <trkpt lat="45.7581300" lon="4.7485350">
    <ele>230.0</ele>
    <time>2025-04-02T18:13:50Z</time>
   </trkpt>
   <trkpt lat="45.7581340" lon="4.7485900">
    <ele>229.6</ele>
    <time>2025-04-02T18:13:51Z</time>
   </trkpt>
   <trkpt lat="45.7581700" lon="4.7486220">
    <ele>229.1</ele>
    <time>2025-04-02T18:13:52Z</time>
   </trkpt>
   <trkpt lat="45.7581810" lon="4.7486420">
    <ele>229.0</ele>
    <time>2025-04-02T18:13:53Z</time>
   </trkpt>
   <trkpt lat="45.7581950" lon="4.7486930">
    <ele>228.6</ele>
    <time>2025-04-02T18:13:54Z</time>
   </trkpt>
   <trkpt lat="45.7582330" lon="4.7487410">
    <ele>228.1</ele>
    <time>2025-04-02T18:13:55Z</time>
   </trkpt>
   <trkpt lat="45.7582580" lon="4.7487700">
    <ele>227.8</ele>
    <time>2025-04-02T18:13:56Z</time>
   </trkpt>
   <trkpt lat="45.7582910" lon="4.7488020">
    <ele>227.4</ele>
    <time>2025-04-02T18:13:57Z</time>
   </trkpt>
   <trkpt lat="45.7583250" lon="4.7488490">
    <ele>226.9</ele>
    <time>2025-04-02T18:13:58Z</time>
   </trkpt>
   <trkpt lat="45.7583470" lon="4.7488780">
    <ele>226.7</ele>
    <time>2025-04-02T18:13:59Z</time>
   </trkpt>
   <trkpt lat="45.7583820" lon="4.7489160">
    <ele>226.3</ele>
    <time>2025-04-02T18:14:00Z</time>
   </trkpt>
   <trkpt lat="45.7584080" lon="4.7489540">
    <ele>226.0</ele>
    <time>2025-04-02T18:14:01Z</time>
   </trkpt>
   <trkpt lat="45.7584460" lon="4.7490010">
    <ele>225.5</ele>
    <time>2025-04-02T18:14:02Z</time>
   </trkpt>
   <trkpt lat="45.7584650" lon="4.7490300">
    <ele>225.3</ele>
    <time>2025-04-02T18:14:03Z</time>
   </trkpt>
   <trkpt lat="45.7585050" lon="4.7490640">
    <ele>224.9</ele>
    <time>2025-04-02T18:14:04Z</time>
   </trkpt>
   <trkpt lat="45.7585260" lon="4.7491020">
    <ele>224.6</ele>
    <time>2025-04-02T18:14:05Z</time>
   </trkpt>
   <trkpt lat="45.7585560" lon="4.7491410">
    <ele>224.3</ele>
    <time>2025-04-02T18:14:06Z</time>
   </trkpt>
   <trkpt lat="45.7585880" lon="4.7491830">
    <ele>223.9</ele>
    <time>2025-04-02T18:14:07Z</time>
   </trkpt>
   <trkpt lat="45.7586120" lon="4.7492190">
    <ele>223.6</ele>
    <time>2025-04-02T18:14:08Z</time>
   </trkpt>
   <trkpt lat="45.7586460" lon="4.7492580">
    <ele>223.3</ele>
    <time>2025-04-02T18:14:09Z</time>
   </trkpt>
   <trkpt lat="45.7586680" lon="4.7493000">
    <ele>223.0</ele>
    <time>2025-04-02T18:14:10Z</time>
   </trkpt>
   <trkpt lat="45.7587070" lon="4.7493420">
    <ele>222.6</ele>
    <time>2025-04-02T18:14:11Z</time>
   </trkpt>
   <trkpt lat="45.7587280" lon="4.7493870">
    <ele>222.3</ele>
    <time>2025-04-02T18:14:12Z</time>
   </trkpt>
   <trkpt lat="45.7587560" lon="4.7494260">
    <ele>222.0</ele>
    <time>2025-04-02T18:14:13Z</time>
   </trkpt>
   <trkpt lat="45.7587780" lon="4.7494710">
    <ele>221.7</ele>
    <time>2025-04-02T18:14:14Z</time>
   </trkpt>
   <trkpt lat="45.7587970" lon="4.7495150">
    <ele>221.4</ele>
    <time>2025-04-02T18:14:15Z</time>
   </trkpt>
   <trkpt lat="45.7588260" lon="4.7495640">
    <ele>221.0</ele>
    <time>2025-04-02T18:14:16Z</time>
   </trkpt>
   <trkpt lat="45.7588390" lon="4.7496040">
    <ele>220.8</ele>
    <time>2025-04-02T18:14:17Z</time>
   </trkpt>
   <trkpt lat="45.7588610" lon="4.7496550">
    <ele>220.4</ele>
    <time>2025-04-02T18:14:18Z</time>
   </trkpt>
   <trkpt lat="45.7588700" lon="4.7496950">
    <ele>220.2</ele>
    <time>2025-04-02T18:14:19Z</time>
   </trkpt>
   <trkpt lat="45.7588980" lon="4.7497500">
    <ele>219.8</ele>
    <time>2025-04-02T18:14:20Z</time>
   </trkpt>
   <trkpt lat="45.7589130" lon="4.7498120">
    <ele>219.5</ele>
    <time>2025-04-02T18:14:21Z</time>
   </trkpt>
   <trkpt lat="45.7589220" lon="4.7498560">
    <ele>219.2</ele>
    <time>2025-04-02T18:14:22Z</time>
   </trkpt>
   <trkpt lat="45.7589360" lon="4.7499160">
    <ele>218.9</ele>
    <time>2025-04-02T18:14:23Z</time>
   </trkpt>
   <trkpt lat="45.7589480" lon="4.7499750">
    <ele>218.6</ele>
    <time>2025-04-02T18:14:24Z</time>
   </trkpt>
   <trkpt lat="45.7589530" lon="4.7500320">
    <ele>218.3</ele>
    <time>2025-04-02T18:14:25Z</time>
   </trkpt>
   <trkpt lat="45.7589560" lon="4.7500960">
    <ele>217.9</ele>
    <time>2025-04-02T18:14:26Z</time>
   </trkpt>
   <trkpt lat="45.7589630" lon="4.7501540">
    <ele>217.6</ele>
    <time>2025-04-02T18:14:27Z</time>
   </trkpt>
   <trkpt lat="45.7589590" lon="4.7502130">
    <ele>217.3</ele>
    <time>2025-04-02T18:14:28Z</time>
   </trkpt>
   <trkpt lat="45.7589310" lon="4.7502630">
    <ele>216.9</ele>
    <time>2025-04-02T18:14:29Z</time>
   </trkpt>
   <trkpt lat="45.7589010" lon="4.7503180">
    <ele>216.5</ele>
    <time>2025-04-02T18:14:30Z</time>
   </trkpt>
   <trkpt lat="45.7588680" lon="4.7503480">
    <ele>216.2</ele>
    <time>2025-04-02T18:14:31Z</time>
   </trkpt>
   <trkpt lat="45.7588200" lon="4.7503840">
    <ele>215.7</ele>
    <time>2025-04-02T18:14:32Z</time>
   </trkpt>
   <trkpt lat="45.7587800" lon="4.7504250">
    <ele>215.2</ele>
    <time>2025-04-02T18:14:33Z</time>
   </trkpt>
   <trkpt lat="45.7587430" lon="4.7504650">
    <ele>214.8</ele>
    <time>2025-04-02T18:14:34Z</time>
   </trkpt>
   <trkpt lat="45.7587010" lon="4.7504920">
    <ele>214.4</ele>
    <time>2025-04-02T18:14:35Z</time>
   </trkpt>
   <trkpt lat="45.7586570" lon="4.7505040">
    <ele>214.0</ele>
    <time>2025-04-02T18:14:36Z</time>
   </trkpt>
   <trkpt lat="45.7586050" lon="4.7505160">
    <ele>213.6</ele>
    <time>2025-04-02T18:14:37Z</time>
   </trkpt>
   <trkpt lat="45.7585670" lon="4.7505250">
    <ele>213.2</ele>
    <time>2025-04-02T18:14:38Z</time>
   </trkpt>
   <trkpt lat="45.7585220" lon="4.7505320">
    <ele>212.8</ele>
    <time>2025-04-02T18:14:39Z</time>
   </trkpt>
   <trkpt lat="45.7584870" lon="4.7505370">
    <ele>212.6</ele>
    <time>2025-04-02T18:14:40Z</time>
   </trkpt>
   <trkpt lat="45.7584470" lon="4.7505430">
    <ele>212.2</ele>
    <time>2025-04-02T18:14:41Z</time>
   </trkpt>
   <trkpt lat="45.7584090" lon="4.7505500">
    <ele>211.9</ele>
    <time>2025-04-02T18:14:42Z</time>
   </trkpt>
   <trkpt lat="45.7583630" lon="4.7505610">
    <ele>211.5</ele>
    <time>2025-04-02T18:14:43Z</time>
   </trkpt>
   <trkpt lat="45.7583240" lon="4.7505650">
    <ele>211.2</ele>
    <time>2025-04-02T18:14:44Z</time>
   </trkpt>
   <trkpt lat="45.7582800" lon="4.7505870">
    <ele>210.8</ele>
    <time>2025-04-02T18:14:45Z</time>
   </trkpt>
   <trkpt lat="45.7582440" lon="4.7506100">
    <ele>210.5</ele>
    <time>2025-04-02T18:14:46Z</time>
   </trkpt>
   <trkpt lat="45.7581840" lon="4.7506120">
    <ele>210.1</ele>
    <time>2025-04-02T18:14:47Z</time>
   </trkpt>
   <trkpt lat="45.7581470" lon="4.7506250">
    <ele>209.8</ele>
    <time>2025-04-02T18:14:48Z</time>
   </trkpt>
   <trkpt lat="45.7581070" lon="4.7506450">
    <ele>209.6</ele>
    <time>2025-04-02T18:14:49Z</time>
   </trkpt>
   <trkpt lat="45.7580650" lon="4.7506510">
    <ele>209.3</ele>
    <time>2025-04-02T18:14:50Z</time>
   </trkpt>
   <trkpt lat="45.7580280" lon="4.7506510">
    <ele>209.1</ele>
    <time>2025-04-02T18:14:51Z</time>
   </trkpt>
   <trkpt lat="45.7579860" lon="4.7506690">
    <ele>208.8</ele>
    <time>2025-04-02T18:14:52Z</time>
   </trkpt>
   <trkpt lat="45.7579560" lon="4.7506970">
    <ele>208.6</ele>
    <time>2025-04-02T18:14:53Z</time>
   </trkpt>
   <trkpt lat="45.7579210" lon="4.7507230">
    <ele>208.4</ele>
    <time>2025-04-02T18:14:54Z</time>
   </trkpt>
   <trkpt lat="45.7579180" lon="4.7507860">
    <ele>208.0</ele>
    <time>2025-04-02T18:14:55Z</time>
   </trkpt>
   <trkpt lat="45.7579030" lon="4.7508320">
    <ele>207.9</ele>
    <time>2025-04-02T18:14:56Z</time>
   </trkpt>
   <trkpt lat="45.7578840" lon="4.7508890">
    <ele>207.9</ele>
    <time>2025-04-02T18:14:57Z</time>
   </trkpt>
   <trkpt lat="45.7578680" lon="4.7509390">
    <ele>207.8</ele>
    <time>2025-04-02T18:14:58Z</time>
   </trkpt>
   <trkpt lat="45.7578750" lon="4.7509970">
    <ele>207.7</ele>
    <time>2025-04-02T18:14:59Z</time>
   </trkpt>
   <trkpt lat="45.7578820" lon="4.7510480">
    <ele>207.7</ele>
    <time>2025-04-02T18:15:00Z</time>
   </trkpt>
   <trkpt lat="45.7579010" lon="4.7510800">
    <ele>207.6</ele>
    <time>2025-04-02T18:15:01Z</time>
   </trkpt>
   <trkpt lat="45.7579160" lon="4.7511310">
    <ele>207.6</ele>
    <time>2025-04-02T18:15:02Z</time>
   </trkpt>
   <trkpt lat="45.7579330" lon="4.7511800">
    <ele>207.6</ele>
    <time>2025-04-02T18:15:03Z</time>
   </trkpt>
   <trkpt lat="45.7579520" lon="4.7512300">
    <ele>207.6</ele>
    <time>2025-04-02T18:15:04Z</time>
   </trkpt>
   <trkpt lat="45.7579680" lon="4.7512760">
    <ele>207.6</ele>
    <time>2025-04-02T18:15:05Z</time>
   </trkpt>
   <trkpt lat="45.7579920" lon="4.7513240">
    <ele>207.6</ele>
    <time>2025-04-02T18:15:06Z</time>
   </trkpt>
   <trkpt lat="45.7580020" lon="4.7513750">
    <ele>207.6</ele>
    <time>2025-04-02T18:15:07Z</time>
   </trkpt>
   <trkpt lat="45.7580050" lon="4.7514230">
    <ele>207.6</ele>
    <time>2025-04-02T18:15:08Z</time>
   </trkpt>
   <trkpt lat="45.7580380" lon="4.7514730">
    <ele>207.6</ele>
    <time>2025-04-02T18:15:09Z</time>
   </trkpt>
   <trkpt lat="45.7580590" lon="4.7515110">
    <ele>207.6</ele>
    <time>2025-04-02T18:15:10Z</time>
   </trkpt>
   <trkpt lat="45.7580840" lon="4.7515600">
    <ele>207.6</ele>
    <time>2025-04-02T18:15:11Z</time>
   </trkpt>
   <trkpt lat="45.7581050" lon="4.7516050">
    <ele>207.6</ele>
    <time>2025-04-02T18:15:12Z</time>
   </trkpt>
   <trkpt lat="45.7581240" lon="4.7516470">
    <ele>207.6</ele>
    <time>2025-04-02T18:15:13Z</time>
   </trkpt>
   <trkpt lat="45.7581540" lon="4.7516830">
    <ele>207.6</ele>
    <time>2025-04-02T18:15:14Z</time>
   </trkpt>
   <trkpt lat="45.7581460" lon="4.7517310">
    <ele>207.6</ele>
    <time>2025-04-02T18:15:15Z</time>
   </trkpt>
   <trkpt lat="45.7581100" lon="4.7517800">
    <ele>207.6</ele>
    <time>2025-04-02T18:15:16Z</time>
   </trkpt>
   <trkpt lat="45.7580690" lon="4.7517840">
    <ele>207.7</ele>
    <time>2025-04-02T18:15:17Z</time>
   </trkpt>
   <trkpt lat="45.7580250" lon="4.7517700">
    <ele>207.6</ele>
    <time>2025-04-02T18:15:18Z</time>
   </trkpt>
   <trkpt lat="45.7579800" lon="4.7517520">
    <ele>207.6</ele>
    <time>2025-04-02T18:15:19Z</time>
   </trkpt>
   <trkpt lat="45.7579410" lon="4.7517340">
    <ele>207.5</ele>
    <time>2025-04-02T18:15:20Z</time>
   </trkpt>
   <trkpt lat="45.7579020" lon="4.7517320">
    <ele>207.5</ele>
    <time>2025-04-02T18:15:21Z</time>
   </trkpt>
   <trkpt lat="45.7578630" lon="4.7517240">
    <ele>207.5</ele>
    <time>2025-04-02T18:15:22Z</time>
   </trkpt>
   <trkpt lat="45.7578200" lon="4.7517150">
    <ele>207.5</ele>
    <time>2025-04-02T18:15:23Z</time>
   </trkpt>
   <trkpt lat="45.7577810" lon="4.7517200">
    <ele>207.5</ele>
    <time>2025-04-02T18:15:24Z</time>
   </trkpt>
   <trkpt lat="45.7577460" lon="4.7517220">
    <ele>207.5</ele>
    <time>2025-04-02T18:15:25Z</time>
   </trkpt>
   <trkpt lat="45.7577060" lon="4.7517220">
    <ele>207.6</ele>
    <time>2025-04-02T18:15:26Z</time>
   </trkpt>
   <trkpt lat="45.7576680" lon="4.7517250">
    <ele>207.6</ele>
    <time>2025-04-02T18:15:27Z</time>
   </trkpt>
   <trkpt lat="45.7576290" lon="4.7517330">
    <ele>207.7</ele>
    <time>2025-04-02T18:15:28Z</time>
   </trkpt>
   <trkpt lat="45.7575920" lon="4.7517340">
    <ele>207.8</ele>
    <time>2025-04-02T18:15:29Z</time>
   </trkpt>
   <trkpt lat="45.7575540" lon="4.7517540">
    <ele>207.8</ele>
    <time>2025-04-02T18:15:30Z</time>
   </trkpt>
   <trkpt lat="45.7575180" lon="4.7517450">
    <ele>207.9</ele>
    <time>2025-04-02T18:15:31Z</time>
   </trkpt>
   <trkpt lat="45.7574870" lon="4.7517230">
    <ele>208.0</ele>
    <time>2025-04-02T18:15:32Z</time>
   </trkpt>
   <trkpt lat="45.7574470" lon="4.7517250">
    <ele>208.1</ele>
    <time>2025-04-02T18:15:33Z</time>
   </trkpt>
   <trkpt lat="45.7574140" lon="4.7517190">
    <ele>208.2</ele>
    <time>2025-04-02T18:15:34Z</time>
   </trkpt>
   <trkpt lat="45.7573780" lon="4.7517340">
    <ele>208.3</ele>
    <time>2025-04-02T18:15:35Z</time>
   </trkpt>
   <trkpt lat="45.7573430" lon="4.7517280">
    <ele>208.4</ele>
    <time>2025-04-02T18:15:36Z</time>
   </trkpt>
   <trkpt lat="45.7573070" lon="4.7517190">
    <ele>208.5</ele>
    <time>2025-04-02T18:15:37Z</time>
   </trkpt>
   <trkpt lat="45.7572740" lon="4.7517120">
    <ele>208.7</ele>
    <time>2025-04-02T18:15:38Z</time>
   </trkpt>
   <trkpt lat="45.7572400" lon="4.7517010">
    <ele>208.8</ele>
    <time>2025-04-02T18:15:39Z</time>
   </trkpt>
   <trkpt lat="45.7572010" lon="4.7517020">
    <ele>208.9</ele>
    <time>2025-04-02T18:15:40Z</time>
   </trkpt>
   <trkpt lat="45.7571760" lon="4.7516800">
    <ele>209.0</ele>
    <time>2025-04-02T18:15:41Z</time>
   </trkpt>
   <trkpt lat="45.7571400" lon="4.7516890">
    <ele>209.2</ele>
    <time>2025-04-02T18:15:42Z</time>
   </trkpt>
   <trkpt lat="45.7571080" lon="4.7516760">
    <ele>209.2</ele>
    <time>2025-04-02T18:15:43Z</time>
   </trkpt>
   <trkpt lat="45.7570720" lon="4.7516730">
    <ele>209.2</ele>
    <time>2025-04-02T18:15:44Z</time>
   </trkpt>
   <trkpt lat="45.7570430" lon="4.7516580">
    <ele>209.3</ele>
    <time>2025-04-02T18:15:45Z</time>
   </trkpt>
   <trkpt lat="45.7570160" lon="4.7516550">
    <ele>209.5</ele>
    <time>2025-04-02T18:15:46Z</time>
   </trkpt>
   <trkpt lat="45.7569900" lon="4.7516290">
    <ele>209.8</ele>
    <time>2025-04-02T18:15:47Z</time>
   </trkpt>
   <trkpt lat="45.7569600" lon="4.7516120">
    <ele>210.0</ele>
    <time>2025-04-02T18:15:48Z</time>
   </trkpt>
   <trkpt lat="45.7569270" lon="4.7516100">
    <ele>210.2</ele>
    <time>2025-04-02T18:15:49Z</time>
   </trkpt>
   <trkpt lat="45.7568910" lon="4.7516130">
    <ele>210.5</ele>
    <time>2025-04-02T18:15:50Z</time>
   </trkpt>
   <trkpt lat="45.7568500" lon="4.7516000">
    <ele>210.8</ele>
    <time>2025-04-02T18:15:51Z</time>
   </trkpt>
   <trkpt lat="45.7568330" lon="4.7516010">
    <ele>211.0</ele>
    <time>2025-04-02T18:15:52Z</time>
   </trkpt>
   <trkpt lat="45.7567960" lon="4.7515900">
    <ele>211.3</ele>
    <time>2025-04-02T18:15:53Z</time>
   </trkpt>
   <trkpt lat="45.7567820" lon="4.7515900">
    <ele>211.4</ele>
    <time>2025-04-02T18:15:54Z</time>
   </trkpt>
   <trkpt lat="45.7567510" lon="4.7515990">
    <ele>211.6</ele>
    <time>2025-04-02T18:15:55Z</time>
   </trkpt>
   <trkpt lat="45.7567240" lon="4.7516010">
    <ele>211.9</ele>
    <time>2025-04-02T18:15:56Z</time>
   </trkpt>
   <trkpt lat="45.7566940" lon="4.7516010">
    <ele>212.1</ele>
    <time>2025-04-02T18:15:57Z</time>
   </trkpt>
   <trkpt lat="45.7566680" lon="4.7515920">
    <ele>212.3</ele>
    <time>2025-04-02T18:15:58Z</time>
   </trkpt>
   <trkpt lat="45.7566380" lon="4.7516040">
    <ele>212.6</ele>
    <time>2025-04-02T18:15:59Z</time>
   </trkpt>
   <trkpt lat="45.7566120" lon="4.7515920">
    <ele>212.8</ele>
    <time>2025-04-02T18:16:00Z</time>
   </trkpt>
   <trkpt lat="45.7565820" lon="4.7515930">
    <ele>213.0</ele>
    <time>2025-04-02T18:16:01Z</time>
   </trkpt>
   <trkpt lat="45.7565450" lon="4.7515970">
    <ele>213.3</ele>
    <time>2025-04-02T18:16:02Z</time>
   </trkpt>
   <trkpt lat="45.7565160" lon="4.7516010">
    <ele>213.5</ele>
    <time>2025-04-02T18:16:03Z</time>
   </trkpt>
   <trkpt lat="45.7564820" lon="4.7515890">
    <ele>213.8</ele>
    <time>2025-04-02T18:16:04Z</time>
   </trkpt>
   <trkpt lat="45.7564500" lon="4.7516010">
    <ele>213.9</ele>
    <time>2025-04-02T18:16:05Z</time>
   </trkpt>
   <trkpt lat="45.7564110" lon="4.7515840">
    <ele>214.0</ele>
    <time>2025-04-02T18:16:06Z</time>
   </trkpt>
   <trkpt lat="45.7563980" lon="4.7515770">
    <ele>214.1</ele>
    <time>2025-04-02T18:16:07Z</time>
   </trkpt>
   <trkpt lat="45.7563670" lon="4.7515790">
    <ele>214.1</ele>
    <time>2025-04-02T18:16:08Z</time>
   </trkpt>
   <trkpt lat="45.7563380" lon="4.7515780">
    <ele>214.2</ele>
    <time>2025-04-02T18:16:09Z</time>
   </trkpt>
   <trkpt lat="45.7563070" lon="4.7515740">
    <ele>214.3</ele>
    <time>2025-04-02T18:16:10Z</time>
   </trkpt>
   <trkpt lat="45.7562830" lon="4.7516150">
    <ele>214.3</ele>
    <time>2025-04-02T18:16:11Z</time>
   </trkpt>
   <trkpt lat="45.7562340" lon="4.7515770">
    <ele>214.5</ele>
    <time>2025-04-02T18:16:12Z</time>
   </trkpt>
   <trkpt lat="45.7562020" lon="4.7515700">
    <ele>214.5</ele>
    <time>2025-04-02T18:16:13Z</time>
   </trkpt>
   <trkpt lat="45.7561690" lon="4.7515710">
    <ele>214.6</ele>
    <time>2025-04-02T18:16:14Z</time>
   </trkpt>
   <trkpt lat="45.7561330" lon="4.7515560">
    <ele>214.7</ele>
    <time>2025-04-02T18:16:15Z</time>
   </trkpt>
   <trkpt lat="45.7561160" lon="4.7515570">
    <ele>214.8</ele>
    <time>2025-04-02T18:16:16Z</time>
   </trkpt>
   <trkpt lat="45.7560880" lon="4.7515500">
    <ele>214.8</ele>
    <time>2025-04-02T18:16:17Z</time>
   </trkpt>
   <trkpt lat="45.7560480" lon="4.7515410">
    <ele>214.9</ele>
    <time>2025-04-02T18:16:18Z</time>
   </trkpt>
   <trkpt lat="45.7560180" lon="4.7515330">
    <ele>215.0</ele>
    <time>2025-04-02T18:16:19Z</time>
   </trkpt>
   <trkpt lat="45.7559880" lon="4.7515390">
    <ele>215.1</ele>
    <time>2025-04-02T18:16:20Z</time>
   </trkpt>
   <trkpt lat="45.7559560" lon="4.7515300">
    <ele>215.2</ele>
    <time>2025-04-02T18:16:21Z</time>
   </trkpt>
   <trkpt lat="45.7559230" lon="4.7515230">
    <ele>215.2</ele>
    <time>2025-04-02T18:16:22Z</time>
   </trkpt>
   <trkpt lat="45.7558840" lon="4.7515050">
    <ele>215.3</ele>
    <time>2025-04-02T18:16:23Z</time>
   </trkpt>
   <trkpt lat="45.7558680" lon="4.7514970">
    <ele>215.4</ele>
    <time>2025-04-02T18:16:24Z</time>
   </trkpt>
   <trkpt lat="45.7558340" lon="4.7514910">
    <ele>215.4</ele>
    <time>2025-04-02T18:16:25Z</time>
   </trkpt>
   <trkpt lat="45.7557990" lon="4.7514930">
    <ele>215.5</ele>
    <time>2025-04-02T18:16:26Z</time>
   </trkpt>
   <trkpt lat="45.7557700" lon="4.7514760">
    <ele>215.6</ele>
    <time>2025-04-02T18:16:27Z</time>
   </trkpt>
   <trkpt lat="45.7557430" lon="4.7514920">
    <ele>215.6</ele>
    <time>2025-04-02T18:16:28Z</time>
   </trkpt>
   <trkpt lat="45.7557090" lon="4.7514660">
    <ele>215.7</ele>
    <time>2025-04-02T18:16:29Z</time>
   </trkpt>
   <trkpt lat="45.7556790" lon="4.7514460">
    <ele>215.8</ele>
    <time>2025-04-02T18:16:30Z</time>
   </trkpt>
   <trkpt lat="45.7556470" lon="4.7514350">
    <ele>215.8</ele>
    <time>2025-04-02T18:16:31Z</time>
   </trkpt>
   <trkpt lat="45.7556100" lon="4.7514290">
    <ele>215.9</ele>
    <time>2025-04-02T18:16:32Z</time>
   </trkpt>
   <trkpt lat="45.7555830" lon="4.7514120">
    <ele>216.0</ele>
    <time>2025-04-02T18:16:33Z</time>
   </trkpt>
   <trkpt lat="45.7555610" lon="4.7513840">
    <ele>216.0</ele>
    <time>2025-04-02T18:16:34Z</time>
   </trkpt>
   <trkpt lat="45.7555340" lon="4.7513690">
    <ele>216.0</ele>
    <time>2025-04-02T18:16:35Z</time>
   </trkpt>
   <trkpt lat="45.7555070" lon="4.7513530">
    <ele>216.1</ele>
    <time>2025-04-02T18:16:36Z</time>
   </trkpt>
   <trkpt lat="45.7554840" lon="4.7513240">
    <ele>216.1</ele>
    <time>2025-04-02T18:16:37Z</time>
   </trkpt>
   <trkpt lat="45.7554590" lon="4.7512860">
    <ele>216.1</ele>
    <time>2025-04-02T18:16:38Z</time>
   </trkpt>
   <trkpt lat="45.7554410" lon="4.7512480">
    <ele>216.2</ele>
    <time>2025-04-02T18:16:39Z</time>
   </trkpt>
   <trkpt lat="45.7554150" lon="4.7512170">
    <ele>216.2</ele>
    <time>2025-04-02T18:16:40Z</time>
   </trkpt>
   <trkpt lat="45.7554060" lon="4.7511670">
    <ele>216.3</ele>
    <time>2025-04-02T18:16:41Z</time>
   </trkpt>
   <trkpt lat="45.7553870" lon="4.7511210">
    <ele>216.3</ele>
    <time>2025-04-02T18:16:42Z</time>
   </trkpt>
   <trkpt lat="45.7553850" lon="4.7511010">
    <ele>216.4</ele>
    <time>2025-04-02T18:16:43Z</time>
   </trkpt>
   <trkpt lat="45.7553640" lon="4.7510550">
    <ele>216.4</ele>
    <time>2025-04-02T18:16:44Z</time>
   </trkpt>
   <trkpt lat="45.7553600" lon="4.7510170">
    <ele>216.5</ele>
    <time>2025-04-02T18:16:45Z</time>
   </trkpt>
   <trkpt lat="45.7553460" lon="4.7509710">
    <ele>216.5</ele>
    <time>2025-04-02T18:16:46Z</time>
   </trkpt>
   <trkpt lat="45.7553290" lon="4.7509380">
    <ele>216.6</ele>
    <time>2025-04-02T18:16:47Z</time>
   </trkpt>
   <trkpt lat="45.7553130" lon="4.7508910">
    <ele>216.7</ele>
    <time>2025-04-02T18:16:48Z</time>
   </trkpt>
   <trkpt lat="45.7552910" lon="4.7508410">
    <ele>216.8</ele>
    <time>2025-04-02T18:16:49Z</time>
   </trkpt>
   <trkpt lat="45.7552850" lon="4.7508190">
    <ele>216.8</ele>
    <time>2025-04-02T18:16:50Z</time>
   </trkpt>
   <trkpt lat="45.7552740" lon="4.7507800">
    <ele>216.9</ele>
    <time>2025-04-02T18:16:51Z</time>
   </trkpt>
   <trkpt lat="45.7552490" lon="4.7507340">
    <ele>217.1</ele>
    <time>2025-04-02T18:16:52Z</time>
   </trkpt>
   <trkpt lat="45.7552390" lon="4.7507200">
    <ele>217.1</ele>
    <time>2025-04-02T18:16:53Z</time>
   </trkpt>
   <trkpt lat="45.7552180" lon="4.7506870">
    <ele>217.2</ele>
    <time>2025-04-02T18:16:54Z</time>
   </trkpt>
   <trkpt lat="45.7551990" lon="4.7506480">
    <ele>217.4</ele>
    <time>2025-04-02T18:16:55Z</time>
   </trkpt>
   <trkpt lat="45.7551730" lon="4.7506270">
    <ele>217.5</ele>
    <time>2025-04-02T18:16:56Z</time>
   </trkpt>
   <trkpt lat="45.7551530" lon="4.7505960">
    <ele>217.5</ele>
    <time>2025-04-02T18:16:57Z</time>
   </trkpt>
   <trkpt lat="45.7551250" lon="4.7505650">
    <ele>217.5</ele>
    <time>2025-04-02T18:16:58Z</time>
   </trkpt>
   <trkpt lat="45.7551120" lon="4.7505620">
    <ele>217.5</ele>
    <time>2025-04-02T18:16:59Z</time>
   </trkpt>
   <trkpt lat="45.7550810" lon="4.7505300">
    <ele>217.7</ele>
    <time>2025-04-02T18:17:00Z</time>
   </trkpt>
   <trkpt lat="45.7550680" lon="4.7505260">
    <ele>217.7</ele>
    <time>2025-04-02T18:17:01Z</time>
   </trkpt>
   <trkpt lat="45.7550410" lon="4.7505140">
    <ele>217.8</ele>
    <time>2025-04-02T18:17:02Z</time>
   </trkpt>
   <trkpt lat="45.7550030" lon="4.7505010">
    <ele>217.9</ele>
    <time>2025-04-02T18:17:03Z</time>
   </trkpt>
   <trkpt lat="45.7549910" lon="4.7504910">
    <ele>218.0</ele>
    <time>2025-04-02T18:17:04Z</time>
   </trkpt>
   <trkpt lat="45.7549510" lon="4.7504840">
    <ele>218.1</ele>
    <time>2025-04-02T18:17:05Z</time>
   </trkpt>
   <trkpt lat="45.7549360" lon="4.7504870">
    <ele>218.2</ele>
    <time>2025-04-02T18:17:06Z</time>
   </trkpt>
   <trkpt lat="45.7549090" lon="4.7504760">
    <ele>218.3</ele>
    <time>2025-04-02T18:17:07Z</time>
   </trkpt>
   <trkpt lat="45.7548810" lon="4.7504680">
    <ele>218.4</ele>
    <time>2025-04-02T18:17:08Z</time>
   </trkpt>
   <trkpt lat="45.7548540" lon="4.7504820">
    <ele>218.5</ele>
    <time>2025-04-02T18:17:09Z</time>
   </trkpt>
   <trkpt lat="45.7548140" lon="4.7504700">
    <ele>218.7</ele>
    <time>2025-04-02T18:17:10Z</time>
   </trkpt>
   <trkpt lat="45.7548000" lon="4.7504650">
    <ele>218.8</ele>
    <time>2025-04-02T18:17:11Z</time>
   </trkpt>
   <trkpt lat="45.7547710" lon="4.7504610">
    <ele>218.9</ele>
    <time>2025-04-02T18:17:12Z</time>
   </trkpt>
   <trkpt lat="45.7547330" lon="4.7504530">
    <ele>219.1</ele>
    <time>2025-04-02T18:17:13Z</time>
   </trkpt>
   <trkpt lat="45.7547190" lon="4.7504550">
    <ele>219.2</ele>
    <time>2025-04-02T18:17:14Z</time>
   </trkpt>
   <trkpt lat="45.7546940" lon="4.7504360">
    <ele>219.3</ele>
    <time>2025-04-02T18:17:15Z</time>
   </trkpt>
   <trkpt lat="45.7546670" lon="4.7504490">
    <ele>219.5</ele>
    <time>2025-04-02T18:17:16Z</time>
   </trkpt>
   <trkpt lat="45.7546280" lon="4.7504440">
    <ele>219.7</ele>
    <time>2025-04-02T18:17:17Z</time>
   </trkpt>
   <trkpt lat="45.7546140" lon="4.7504460">
    <ele>219.8</ele>
    <time>2025-04-02T18:17:18Z</time>
   </trkpt>
   <trkpt lat="45.7545850" lon="4.7504580">
    <ele>220.0</ele>
    <time>2025-04-02T18:17:19Z</time>
   </trkpt>
   <trkpt lat="45.7545540" lon="4.7504490">
    <ele>220.2</ele>
    <time>2025-04-02T18:17:20Z</time>
   </trkpt>
   <trkpt lat="45.7545230" lon="4.7504600">
    <ele>220.4</ele>
    <time>2025-04-02T18:17:21Z</time>
   </trkpt>
   <trkpt lat="45.7544880" lon="4.7504430">
    <ele>220.7</ele>
    <time>2025-04-02T18:17:22Z</time>
   </trkpt>
   <trkpt lat="45.7544780" lon="4.7504380">
    <ele>220.7</ele>
    <time>2025-04-02T18:17:23Z</time>
   </trkpt>
   <trkpt lat="45.7544490" lon="4.7504270">
    <ele>220.9</ele>
    <time>2025-04-02T18:17:24Z</time>
   </trkpt>
   <trkpt lat="45.7544170" lon="4.7504300">
    <ele>221.1</ele>
    <time>2025-04-02T18:17:25Z</time>
   </trkpt>
   <trkpt lat="45.7543910" lon="4.7504550">
    <ele>221.3</ele>
    <time>2025-04-02T18:17:26Z</time>
   </trkpt>
   <trkpt lat="45.7543610" lon="4.7504340">
    <ele>221.5</ele>
    <time>2025-04-02T18:17:27Z</time>
   </trkpt>
   <trkpt lat="45.7543270" lon="4.7504040">
    <ele>221.8</ele>
    <time>2025-04-02T18:17:28Z</time>
   </trkpt>
   <trkpt lat="45.7543150" lon="4.7503910">
    <ele>221.9</ele>
    <time>2025-04-02T18:17:29Z</time>
   </trkpt>
   <trkpt lat="45.7543130" lon="4.7503470">
    <ele>222.1</ele>
    <time>2025-04-02T18:17:30Z</time>
   </trkpt>
   <trkpt lat="45.7542970" lon="4.7503120">
    <ele>222.3</ele>
    <time>2025-04-02T18:17:31Z</time>
   </trkpt>
   <trkpt lat="45.7542940" lon="4.7502680">
    <ele>222.5</ele>
    <time>2025-04-02T18:17:32Z</time>
   </trkpt>
   <trkpt lat="45.7542720" lon="4.7502320">
    <ele>222.8</ele>
    <time>2025-04-02T18:17:33Z</time>
   </trkpt>
   <trkpt lat="45.7542650" lon="4.7502230">
    <ele>222.8</ele>
    <time>2025-04-02T18:17:34Z</time>
   </trkpt>
   <trkpt lat="45.7542570" lon="4.7501870">
    <ele>223.0</ele>
    <time>2025-04-02T18:17:35Z</time>
   </trkpt>
   <trkpt lat="45.7542380" lon="4.7501540">
    <ele>223.2</ele>
    <time>2025-04-02T18:17:36Z</time>
   </trkpt>
   <trkpt lat="45.7542300" lon="4.7501140">
    <ele>223.4</ele>
    <time>2025-04-02T18:17:37Z</time>
   </trkpt>
   <trkpt lat="45.7542120" lon="4.7500800">
    <ele>223.7</ele>
    <time>2025-04-02T18:17:38Z</time>
   </trkpt>
   <trkpt lat="45.7541990" lon="4.7500360">
    <ele>223.9</ele>
    <time>2025-04-02T18:17:39Z</time>
   </trkpt>
   <trkpt lat="45.7541860" lon="4.7499960">
    <ele>224.2</ele>
    <time>2025-04-02T18:17:40Z</time>
   </trkpt>
   <trkpt lat="45.7541780" lon="4.7499790">
    <ele>224.3</ele>
    <time>2025-04-02T18:17:41Z</time>
   </trkpt>
   <trkpt lat="45.7541610" lon="4.7499320">
    <ele>224.6</ele>
    <time>2025-04-02T18:17:42Z</time>
   </trkpt>
   <trkpt lat="45.7541520" lon="4.7499210">
    <ele>224.7</ele>
    <time>2025-04-02T18:17:43Z</time>
   </trkpt>
   <trkpt lat="45.7541430" lon="4.7498790">
    <ele>224.9</ele>
    <time>2025-04-02T18:17:44Z</time>
   </trkpt>
   <trkpt lat="45.7541290" lon="4.7498440">
    <ele>225.2</ele>
    <time>2025-04-02T18:17:45Z</time>
   </trkpt>
   <trkpt lat="45.7541190" lon="4.7498330">
    <ele>225.3</ele>
    <time>2025-04-02T18:17:46Z</time>
   </trkpt>
   <trkpt lat="45.7541100" lon="4.7497910">
    <ele>225.5</ele>
    <time>2025-04-02T18:17:47Z</time>
   </trkpt>
   <trkpt lat="45.7540860" lon="4.7497480">
    <ele>225.8</ele>
    <time>2025-04-02T18:17:48Z</time>
   </trkpt>
   <trkpt lat="45.7540820" lon="4.7497240">
    <ele>226.0</ele>
    <time>2025-04-02T18:17:49Z</time>
   </trkpt>
   <trkpt lat="45.7540640" lon="4.7496740">
    <ele>226.5</ele>
    <time>2025-04-02T18:17:50Z</time>
   </trkpt>
   <trkpt lat="45.7540560" lon="4.7496590">
    <ele>226.7</ele>
    <time>2025-04-02T18:17:51Z</time>
   </trkpt>
   <trkpt lat="45.7540440" lon="4.7496240">
    <ele>227.0</ele>
    <time>2025-04-02T18:17:52Z</time>
   </trkpt>
   <trkpt lat="45.7540310" lon="4.7495880">
    <ele>227.5</ele>
    <time>2025-04-02T18:17:53Z</time>
   </trkpt>
   <trkpt lat="45.7540240" lon="4.7495720">
    <ele>227.6</ele>
    <time>2025-04-02T18:17:54Z</time>
   </trkpt>
   <trkpt lat="45.7540060" lon="4.7495330">
    <ele>228.1</ele>
    <time>2025-04-02T18:17:55Z</time>
   </trkpt>
   <trkpt lat="45.7539970" lon="4.7495250">
    <ele>228.3</ele>
    <time>2025-04-02T18:17:56Z</time>
   </trkpt>
   <trkpt lat="45.7539860" lon="4.7494840">
    <ele>228.7</ele>
    <time>2025-04-02T18:17:57Z</time>
   </trkpt>
   <trkpt lat="45.7539750" lon="4.7494430">
    <ele>229.2</ele>
    <time>2025-04-02T18:17:58Z</time>
   </trkpt>
   <trkpt lat="45.7539790" lon="4.7494370">
    <ele>229.3</ele>
    <time>2025-04-02T18:17:59Z</time>
   </trkpt>
   <trkpt lat="45.7539580" lon="4.7494100">
    <ele>229.7</ele>
    <time>2025-04-02T18:18:00Z</time>
   </trkpt>
   <trkpt lat="45.7539410" lon="4.7493750">
    <ele>230.2</ele>
    <time>2025-04-02T18:18:01Z</time>
   </trkpt>
   <trkpt lat="45.7539320" lon="4.7493640">
    <ele>230.3</ele>
    <time>2025-04-02T18:18:02Z</time>
   </trkpt>
   <trkpt lat="45.7539190" lon="4.7493170">
    <ele>230.9</ele>
    <time>2025-04-02T18:18:03Z</time>
   </trkpt>
   <trkpt lat="45.7539170" lon="4.7493030">
    <ele>231.0</ele>
    <time>2025-04-02T18:18:04Z</time>
   </trkpt>
   <trkpt lat="45.7538960" lon="4.7492530">
    <ele>231.6</ele>
    <time>2025-04-02T18:18:05Z</time>
   </trkpt>
   <trkpt lat="45.7538900" lon="4.7492330">
    <ele>231.9</ele>
    <time>2025-04-02T18:18:06Z</time>
   </trkpt>
   <trkpt lat="45.7538770" lon="4.7491780">
    <ele>232.5</ele>
    <time>2025-04-02T18:18:07Z</time>
   </trkpt>
   <trkpt lat="45.7538710" lon="4.7491580">
    <ele>232.7</ele>
    <time>2025-04-02T18:18:08Z</time>
   </trkpt>
   <trkpt lat="45.7538600" lon="4.7491490">
    <ele>232.9</ele>
    <time>2025-04-02T18:18:09Z</time>
   </trkpt>
   <trkpt lat="45.7538440" lon="4.7491260">
    <ele>233.2</ele>
    <time>2025-04-02T18:18:10Z</time>
   </trkpt>
   <trkpt lat="45.7538230" lon="4.7490910">
    <ele>233.3</ele>
    <time>2025-04-02T18:18:11Z</time>
   </trkpt>
   <trkpt lat="45.7538330" lon="4.7490370">
    <ele>233.3</ele>
    <time>2025-04-02T18:18:12Z</time>
   </trkpt>
   <trkpt lat="45.7538160" lon="4.7489940">
    <ele>233.8</ele>
    <time>2025-04-02T18:18:13Z</time>
   </trkpt>
   <trkpt lat="45.7538080" lon="4.7489730">
    <ele>234.0</ele>
    <time>2025-04-02T18:18:14Z</time>
   </trkpt>
   <trkpt lat="45.7537980" lon="4.7489450">
    <ele>234.3</ele>
    <time>2025-04-02T18:18:15Z</time>
   </trkpt>
   <trkpt lat="45.7537910" lon="4.7489300">
    <ele>234.5</ele>
    <time>2025-04-02T18:18:16Z</time>
   </trkpt>
   <trkpt lat="45.7537820" lon="4.7488880">
    <ele>234.9</ele>
    <time>2025-04-02T18:18:17Z</time>
   </trkpt>
   <trkpt lat="45.7537570" lon="4.7488450">
    <ele>235.4</ele>
    <time>2025-04-02T18:18:18Z</time>
   </trkpt>
   <trkpt lat="45.7537460" lon="4.7488260">
    <ele>235.6</ele>
    <time>2025-04-02T18:18:19Z</time>
   </trkpt>
   <trkpt lat="45.7537370" lon="4.7487800">
    <ele>236.0</ele>
    <time>2025-04-02T18:18:20Z</time>
   </trkpt>
   <trkpt lat="45.7537320" lon="4.7487630">
    <ele>236.2</ele>
    <time>2025-04-02T18:18:21Z</time>
   </trkpt>
   <trkpt lat="45.7537190" lon="4.7487250">
    <ele>236.6</ele>
    <time>2025-04-02T18:18:22Z</time>
   </trkpt>
   <trkpt lat="45.7536980" lon="4.7486830">
    <ele>237.1</ele>
    <time>2025-04-02T18:18:23Z</time>
   </trkpt>
   <trkpt lat="45.7536900" lon="4.7486640">
    <ele>237.3</ele>
    <time>2025-04-02T18:18:24Z</time>
   </trkpt>
   <trkpt lat="45.7536760" lon="4.7486240">
    <ele>237.7</ele>
    <time>2025-04-02T18:18:25Z</time>
   </trkpt>
   <trkpt lat="45.7536710" lon="4.7486160">
    <ele>237.8</ele>
    <time>2025-04-02T18:18:26Z</time>
   </trkpt>
   <trkpt lat="45.7536540" lon="4.7485760">
    <ele>238.3</ele>
    <time>2025-04-02T18:18:27Z</time>
   </trkpt>
   <trkpt lat="45.7536300" lon="4.7485460">
    <ele>238.7</ele>
    <time>2025-04-02T18:18:28Z</time>
   </trkpt>
   <trkpt lat="45.7536230" lon="4.7485250">
    <ele>238.9</ele>
    <time>2025-04-02T18:18:29Z</time>
   </trkpt>
   <trkpt lat="45.7535990" lon="4.7485030">
    <ele>239.3</ele>
    <time>2025-04-02T18:18:30Z</time>
   </trkpt>
   <trkpt lat="45.7535760" lon="4.7484680">
    <ele>239.8</ele>
    <time>2025-04-02T18:18:31Z</time>
   </trkpt>
   <trkpt lat="45.7535710" lon="4.7484450">
    <ele>240.1</ele>
    <time>2025-04-02T18:18:32Z</time>
   </trkpt>
   <trkpt lat="45.7535590" lon="4.7484030">
    <ele>240.5</ele>
    <time>2025-04-02T18:18:33Z</time>
   </trkpt>
   <trkpt lat="45.7535560" lon="4.7483870">
    <ele>240.7</ele>
    <time>2025-04-02T18:18:34Z</time>
   </trkpt>
   <trkpt lat="45.7535380" lon="4.7483440">
    <ele>241.2</ele>
    <time>2025-04-02T18:18:35Z</time>
   </trkpt>
   <trkpt lat="45.7535270" lon="4.7483030">
    <ele>241.6</ele>
    <time>2025-04-02T18:18:36Z</time>
   </trkpt>
   <trkpt lat="45.7535170" lon="4.7482810">
    <ele>241.9</ele>
    <time>2025-04-02T18:18:37Z</time>
   </trkpt>
   <trkpt lat="45.7534970" lon="4.7482350">
    <ele>242.5</ele>
    <time>2025-04-02T18:18:38Z</time>
   </trkpt>
   <trkpt lat="45.7534940" lon="4.7482180">
    <ele>242.7</ele>
    <time>2025-04-02T18:18:39Z</time>
   </trkpt>
   <trkpt lat="45.7534680" lon="4.7481930">
    <ele>243.2</ele>
    <time>2025-04-02T18:18:40Z</time>
   </trkpt>
   <trkpt lat="45.7534520" lon="4.7481450">
    <ele>243.7</ele>
    <time>2025-04-02T18:18:41Z</time>
   </trkpt>
   <trkpt lat="45.7534410" lon="4.7481290">
    <ele>244.0</ele>
    <time>2025-04-02T18:18:42Z</time>
   </trkpt>
   <trkpt lat="45.7534290" lon="4.7480850">
    <ele>244.5</ele>
    <time>2025-04-02T18:18:43Z</time>
   </trkpt>
   <trkpt lat="45.7534230" lon="4.7480400">
    <ele>244.9</ele>
    <time>2025-04-02T18:18:44Z</time>
   </trkpt>
   <trkpt lat="45.7534140" lon="4.7480220">
    <ele>245.2</ele>
    <time>2025-04-02T18:18:45Z</time>
   </trkpt>
   <trkpt lat="45.7533960" lon="4.7479830">
    <ele>245.7</ele>
    <time>2025-04-02T18:18:46Z</time>
   </trkpt>
   <trkpt lat="45.7533880" lon="4.7479650">
    <ele>245.9</ele>
    <time>2025-04-02T18:18:47Z</time>
   </trkpt>
   <trkpt lat="45.7533720" lon="4.7479290">
    <ele>246.3</ele>
    <time>2025-04-02T18:18:48Z</time>
   </trkpt>
   <trkpt lat="45.7533670" lon="4.7479180">
    <ele>246.5</ele>
    <time>2025-04-02T18:18:49Z</time>
   </trkpt>
   <trkpt lat="45.7533380" lon="4.7478800">
    <ele>247.1</ele>
    <time>2025-04-02T18:18:50Z</time>
   </trkpt>
   <trkpt lat="45.7533200" lon="4.7478410">
    <ele>247.6</ele>
    <time>2025-04-02T18:18:51Z</time>
   </trkpt>
   <trkpt lat="45.7533150" lon="4.7478230">
    <ele>247.8</ele>
    <time>2025-04-02T18:18:52Z</time>
   </trkpt>
   <trkpt lat="45.7532970" lon="4.7477880">
    <ele>248.2</ele>
    <time>2025-04-02T18:18:53Z</time>
   </trkpt>
   <trkpt lat="45.7532840" lon="4.7477490">
    <ele>248.6</ele>
    <time>2025-04-02T18:18:54Z</time>
   </trkpt>
   <trkpt lat="45.7532710" lon="4.7477270">
    <ele>248.7</ele>
    <time>2025-04-02T18:18:55Z</time>
   </trkpt>
   <trkpt lat="45.7532510" lon="4.7476910">
    <ele>248.7</ele>
    <time>2025-04-02T18:18:56Z</time>
   </trkpt>
   <trkpt lat="45.7532380" lon="4.7476510">
    <ele>249.1</ele>
    <time>2025-04-02T18:18:57Z</time>
   </trkpt>
   <trkpt lat="45.7532250" lon="4.7476160">
    <ele>249.5</ele>
    <time>2025-04-02T18:18:58Z</time>
   </trkpt>
   <trkpt lat="45.7532140" lon="4.7475800">
    <ele>249.9</ele>
    <time>2025-04-02T18:18:59Z</time>
   </trkpt>
   <trkpt lat="45.7532050" lon="4.7475620">
    <ele>250.1</ele>
    <time>2025-04-02T18:19:00Z</time>
   </trkpt>
   <trkpt lat="45.7531930" lon="4.7475160">
    <ele>250.5</ele>
    <time>2025-04-02T18:19:01Z</time>
   </trkpt>
   <trkpt lat="45.7531850" lon="4.7474930">
    <ele>250.8</ele>
    <time>2025-04-02T18:19:02Z</time>
   </trkpt>
   <trkpt lat="45.7531630" lon="4.7474520">
    <ele>251.3</ele>
    <time>2025-04-02T18:19:03Z</time>
   </trkpt>
   <trkpt lat="45.7531600" lon="4.7474390">
    <ele>251.4</ele>
    <time>2025-04-02T18:19:04Z</time>
   </trkpt>
   <trkpt lat="45.7531500" lon="4.7474000">
    <ele>251.8</ele>
    <time>2025-04-02T18:19:05Z</time>
   </trkpt>
   <trkpt lat="45.7531430" lon="4.7473860">
    <ele>252.0</ele>
    <time>2025-04-02T18:19:06Z</time>
   </trkpt>
   <trkpt lat="45.7531270" lon="4.7473440">
    <ele>252.4</ele>
    <time>2025-04-02T18:19:07Z</time>
   </trkpt>
   <trkpt lat="45.7531060" lon="4.7472980">
    <ele>252.9</ele>
    <time>2025-04-02T18:19:08Z</time>
   </trkpt>
   <trkpt lat="45.7531020" lon="4.7472820">
    <ele>253.1</ele>
    <time>2025-04-02T18:19:09Z</time>
   </trkpt>
   <trkpt lat="45.7530860" lon="4.7472420">
    <ele>253.5</ele>
    <time>2025-04-02T18:19:10Z</time>
   </trkpt>
   <trkpt lat="45.7530680" lon="4.7472130">
    <ele>253.9</ele>
    <time>2025-04-02T18:19:11Z</time>
   </trkpt>
   <trkpt lat="45.7530550" lon="4.7471990">
    <ele>254.1</ele>
    <time>2025-04-02T18:19:12Z</time>
   </trkpt>
   <trkpt lat="45.7530570" lon="4.7471530">
    <ele>254.5</ele>
    <time>2025-04-02T18:19:13Z</time>
   </trkpt>
   <trkpt lat="45.7530500" lon="4.7471370">
    <ele>254.7</ele>
    <time>2025-04-02T18:19:14Z</time>
   </trkpt>
   <trkpt lat="45.7530270" lon="4.7471000">
    <ele>255.2</ele>
    <time>2025-04-02T18:19:15Z</time>
   </trkpt>
   <trkpt lat="45.7530110" lon="4.7470530">
    <ele>255.7</ele>
    <time>2025-04-02T18:19:16Z</time>
   </trkpt>
   <trkpt lat="45.7529990" lon="4.7470370">
    <ele>255.9</ele>
    <time>2025-04-02T18:19:17Z</time>
   </trkpt>
   <trkpt lat="45.7529880" lon="4.7470160">
    <ele>256.1</ele>
    <time>2025-04-02T18:19:18Z</time>
   </trkpt>
   <trkpt lat="45.7529570" lon="4.7469910">
    <ele>256.5</ele>
    <time>2025-04-02T18:19:19Z</time>
   </trkpt>
   <trkpt lat="45.7529470" lon="4.7469750">
    <ele>256.7</ele>
    <time>2025-04-02T18:19:20Z</time>
   </trkpt>
   <trkpt lat="45.7529390" lon="4.7469140">
    <ele>257.2</ele>
    <time>2025-04-02T18:19:21Z</time>
   </trkpt>
   <trkpt lat="45.7529310" lon="4.7468910">
    <ele>257.4</ele>
    <time>2025-04-02T18:19:22Z</time>
   </trkpt>
   <trkpt lat="45.7529160" lon="4.7468510">
    <ele>257.8</ele>
    <time>2025-04-02T18:19:23Z</time>
   </trkpt>
   <trkpt lat="45.7529090" lon="4.7468410">
    <ele>257.9</ele>
    <time>2025-04-02T18:19:24Z</time>
   </trkpt>
   <trkpt lat="45.7528890" lon="4.7467630">
    <ele>258.5</ele>
    <time>2025-04-02T18:19:25Z</time>
   </trkpt>
   <trkpt lat="45.7528740" lon="4.7467240">
    <ele>258.8</ele>
    <time>2025-04-02T18:19:26Z</time>
   </trkpt>
   <trkpt lat="45.7528550" lon="4.7467030">
    <ele>259.1</ele>
    <time>2025-04-02T18:19:28Z</time>
   </trkpt>
   <trkpt lat="45.7528470" lon="4.7466910">
    <ele>259.2</ele>
    <time>2025-04-02T18:19:29Z</time>
   </trkpt>
   <trkpt lat="45.7528360" lon="4.7466520">
    <ele>259.6</ele>
    <time>2025-04-02T18:19:30Z</time>
   </trkpt>
   <trkpt lat="45.7528340" lon="4.7466090">
    <ele>259.9</ele>
    <time>2025-04-02T18:19:31Z</time>
   </trkpt>
   <trkpt lat="45.7528050" lon="4.7465680">
    <ele>260.3</ele>
    <time>2025-04-02T18:19:32Z</time>
   </trkpt>
   <trkpt lat="45.7527970" lon="4.7465460">
    <ele>260.5</ele>
    <time>2025-04-02T18:19:33Z</time>
   </trkpt>
   <trkpt lat="45.7527690" lon="4.7465340">
    <ele>260.8</ele>
    <time>2025-04-02T18:19:34Z</time>
   </trkpt>
   <trkpt lat="45.7527560" lon="4.7464790">
    <ele>261.2</ele>
    <time>2025-04-02T18:19:35Z</time>
   </trkpt>
   <trkpt lat="45.7527550" lon="4.7464530">
    <ele>261.4</ele>
    <time>2025-04-02T18:19:36Z</time>
   </trkpt>
   <trkpt lat="45.7527430" lon="4.7464190">
    <ele>261.6</ele>
    <time>2025-04-02T18:19:37Z</time>
   </trkpt>
   <trkpt lat="45.7527350" lon="4.7464040">
    <ele>261.7</ele>
    <time>2025-04-02T18:19:38Z</time>
   </trkpt>
   <trkpt lat="45.7527220" lon="4.7463640">
    <ele>262.0</ele>
    <time>2025-04-02T18:19:39Z</time>
   </trkpt>
   <trkpt lat="45.7526960" lon="4.7463170">
    <ele>262.4</ele>
    <time>2025-04-02T18:19:40Z</time>
   </trkpt>
   <trkpt lat="45.7526900" lon="4.7462940">
    <ele>262.5</ele>
    <time>2025-04-02T18:19:41Z</time>
   </trkpt>
   <trkpt lat="45.7526780" lon="4.7462720">
    <ele>262.6</ele>
    <time>2025-04-02T18:19:42Z</time>
   </trkpt>
   <trkpt lat="45.7526760" lon="4.7462510">
    <ele>262.8</ele>
    <time>2025-04-02T18:19:43Z</time>
   </trkpt>
   <trkpt lat="45.7526540" lon="4.7462130">
    <ele>263.0</ele>
    <time>2025-04-02T18:19:44Z</time>
   </trkpt>
   <trkpt lat="45.7526320" lon="4.7461840">
    <ele>263.0</ele>
    <time>2025-04-02T18:19:45Z</time>
   </trkpt>
   <trkpt lat="45.7526040" lon="4.7461360">
    <ele>263.1</ele>
    <time>2025-04-02T18:19:46Z</time>
   </trkpt>
   <trkpt lat="45.7525690" lon="4.7460980">
    <ele>263.1</ele>
    <time>2025-04-02T18:19:47Z</time>
   </trkpt>
   <trkpt lat="45.7525510" lon="4.7460890">
    <ele>263.2</ele>
    <time>2025-04-02T18:19:48Z</time>
   </trkpt>
   <trkpt lat="45.7525210" lon="4.7460660">
    <ele>263.3</ele>
    <time>2025-04-02T18:19:49Z</time>
   </trkpt>
   <trkpt lat="45.7524980" lon="4.7460400">
    <ele>263.3</ele>
    <time>2025-04-02T18:19:50Z</time>
   </trkpt>
   <trkpt lat="45.7524730" lon="4.7460060">
    <ele>263.4</ele>
    <time>2025-04-02T18:19:51Z</time>
   </trkpt>
   <trkpt lat="45.7524620" lon="4.7459610">
    <ele>263.4</ele>
    <time>2025-04-02T18:19:52Z</time>
   </trkpt>
   <trkpt lat="45.7524370" lon="4.7459410">
    <ele>263.5</ele>
    <time>2025-04-02T18:19:53Z</time>
   </trkpt>
   <trkpt lat="45.7524140" lon="4.7459340">
    <ele>263.5</ele>
    <time>2025-04-02T18:19:54Z</time>
   </trkpt>
  </trkseg>
 </trk>
</gpx>
