<?xml version="1.0" encoding="UTF-8"?>
<gpx creator="StravaGPX" version="1.1" xmlns="http://www.topografix.com/GPX/1/1" xmlns:xsi="http://www.w3.org/2001/XMLSchema-instance" xsi:schemaLocation="http://www.topografix.com/GPX/1/1 http://www.topografix.com/GPX/1/1/gpx.xsd">
 <metadata>
  <time>2025-04-02T18:39:42Z</time>
 </metadata>
 <trk>
  <name>Course à pied le soir</name>
  <type>running</type>
  <trkseg>
   <trkpt lat="45.7519360" lon="4.7458080">
    <ele>263.2</ele>
    <time>2025-04-02T18:39:42Z</time>
   </trkpt>
   <trkpt lat="45.7519010" lon="4.7457730">
    <ele>263.2</ele>
    <time>2025-04-02T18:39:45Z</time>
   </trkpt>
   <trkpt lat="45.7518650" lon="4.7457390">
    <ele>263.2</ele>
    <time>2025-04-02T18:39:46Z</time>
   </trkpt>
   <trkpt lat="45.7518380" lon="4.7457210">
    <ele>263.2</ele>
    <time>2025-04-02T18:39:47Z</time>
   </trkpt>
   <trkpt lat="45.7518070" lon="4.7456990">
    <ele>263.2</ele>
    <time>2025-04-02T18:39:48Z</time>
   </trkpt>
   <trkpt lat="45.7517790" lon="4.7456790">
    <ele>263.2</ele>
    <time>2025-04-02T18:39:49Z</time>
   </trkpt>
   <trkpt lat="45.7517500" lon="4.7456580">
    <ele>263.2</ele>
    <time>2025-04-02T18:39:50Z</time>
   </trkpt>
   <trkpt lat="45.7517230" lon="4.7456370">
    <ele>263.2</ele>
    <time>2025-04-02T18:39:51Z</time>
   </trkpt>
   <trkpt lat="45.7516970" lon="4.7456120">
    <ele>263.2</ele>
    <time>2025-04-02T18:39:52Z</time>
   </trkpt>
   <trkpt lat="45.7516710" lon="4.7455840">
    <ele>263.2</ele>
    <time>2025-04-02T18:39:53Z</time>
   </trkpt>
   <trkpt lat="45.7516430" lon="4.7455520">
    <ele>263.2</ele>
    <time>2025-04-02T18:39:54Z</time>
   </trkpt>
   <trkpt lat="45.7516140" lon="4.7455210">
    <ele>263.2</ele>
    <time>2025-04-02T18:39:55Z</time>
   </trkpt>
   <trkpt lat="45.7515810" lon="4.7454880">
    <ele>263.2</ele>
    <time>2025-04-02T18:39:56Z</time>
   </trkpt>
   <trkpt lat="45.7515480" lon="4.7454550">
    <ele>263.2</ele>
    <time>2025-04-02T18:39:57Z</time>
   </trkpt>
   <trkpt lat="45.7515160" lon="4.7454280">
    <ele>263.2</ele>
    <time>2025-04-02T18:39:58Z</time>
   </trkpt>
   <trkpt lat="45.7514870" lon="4.7453970">
    <ele>263.2</ele>
    <time>2025-04-02T18:39:59Z</time>
   </trkpt>
   <trkpt lat="45.7514640" lon="4.7453700">
    <ele>263.2</ele>
    <time>2025-04-02T18:40:00Z</time>
   </trkpt>
   <trkpt lat="45.7514360" lon="4.7453420">
    <ele>263.2</ele>
    <time>2025-04-02T18:40:01Z</time>
   </trkpt>
   <trkpt lat="45.7514090" lon="4.7453110">
    <ele>263.2</ele>
    <time>2025-04-02T18:40:02Z</time>
   </trkpt>
   <trkpt lat="45.7513830" lon="4.7452850">
    <ele>263.2</ele>
    <time>2025-04-02T18:40:03Z</time>
   </trkpt>
   <trkpt lat="45.7513560" lon="4.7452520">
    <ele>263.1</ele>
    <time>2025-04-02T18:40:04Z</time>
   </trkpt>
   <trkpt lat="45.7513300" lon="4.7452220">
    <ele>263.1</ele>
    <time>2025-04-02T18:40:05Z</time>
   </trkpt>
   <trkpt lat="45.7512960" lon="4.7451850">
    <ele>263.0</ele>
    <time>2025-04-02T18:40:06Z</time>
   </trkpt>
   <trkpt lat="45.7512670" lon="4.7451600">
    <ele>263.0</ele>
    <time>2025-04-02T18:40:07Z</time>
   </trkpt>
   <trkpt lat="45.7512430" lon="4.7451380">
    <ele>263.0</ele>
    <time>2025-04-02T18:40:08Z</time>
   </trkpt>
   <trkpt lat="45.7512140" lon="4.7451140">
    <ele>262.9</ele>
    <time>2025-04-02T18:40:09Z</time>
   </trkpt>
   <trkpt lat="45.7511850" lon="4.7450850">
    <ele>262.9</ele>
    <time>2025-04-02T18:40:10Z</time>
   </trkpt>
   <trkpt lat="45.7511570" lon="4.7450570">
    <ele>262.9</ele>
    <time>2025-04-02T18:40:11Z</time>
   </trkpt>
   <trkpt lat="45.7511300" lon="4.7450270">
    <ele>262.9</ele>
    <time>2025-04-02T18:40:12Z</time>
   </trkpt>
   <trkpt lat="45.7511050" lon="4.7450050">
    <ele>262.8</ele>
    <time>2025-04-02T18:40:13Z</time>
   </trkpt>
   <trkpt lat="45.7510620" lon="4.7450090">
    <ele>262.8</ele>
    <time>2025-04-02T18:40:14Z</time>
   </trkpt>
   <trkpt lat="45.7510450" lon="4.7450160">
    <ele>262.8</ele>
    <time>2025-04-02T18:40:15Z</time>
   </trkpt>
   <trkpt lat="45.7510150" lon="4.7450540">
    <ele>262.8</ele>
    <time>2025-04-02T18:40:16Z</time>
   </trkpt>
   <trkpt lat="45.7509880" lon="4.7451010">
    <ele>262.8</ele>
    <time>2025-04-02T18:40:17Z</time>
   </trkpt>
   <trkpt lat="45.7509680" lon="4.7452200">
    <ele>262.9</ele>
    <time>2025-04-02T18:40:18Z</time>
   </trkpt>
   <trkpt lat="45.7509560" lon="4.7452770">
    <ele>262.9</ele>
    <time>2025-04-02T18:40:19Z</time>
   </trkpt>
   <trkpt lat="45.7509670" lon="4.7453290">
    <ele>262.9</ele>
    <time>2025-04-02T18:40:20Z</time>
   </trkpt>
   <trkpt lat="45.7509660" lon="4.7453820">
    <ele>262.9</ele>
    <time>2025-04-02T18:40:21Z</time>
   </trkpt>
   <trkpt lat="45.7509650" lon="4.7454320">
    <ele>262.9</ele>
    <time>2025-04-02T18:40:22Z</time>
   </trkpt>
   <trkpt lat="45.7509680" lon="4.7454860">
    <ele>262.9</ele>
    <time>2025-04-02T18:40:23Z</time>
   </trkpt>
   <trkpt lat="45.7509780" lon="4.7455300">
    <ele>262.9</ele>
    <time>2025-04-02T18:40:24Z</time>
   </trkpt>
   <trkpt lat="45.7509870" lon="4.7455900">
    <ele>262.9</ele>
    <time>2025-04-02T18:40:25Z</time>
   </trkpt>
   <trkpt lat="45.7509750" lon="4.7456380">
    <ele>262.9</ele>
    <time>2025-04-02T18:40:26Z</time>
   </trkpt>
   <trkpt lat="45.7509560" lon="4.7456940">
    <ele>262.9</ele>
    <time>2025-04-02T18:40:27Z</time>
   </trkpt>
   <trkpt lat="45.7509430" lon="4.7457410">
    <ele>262.9</ele>
    <time>2025-04-02T18:40:28Z</time>
   </trkpt>
   <trkpt lat="45.7509420" lon="4.7457910">
    <ele>262.9</ele>
    <time>2025-04-02T18:40:29Z</time>
   </trkpt>
   <trkpt lat="45.7509380" lon="4.7458380">
    <ele>262.9</ele>
    <time>2025-04-02T18:40:30Z</time>
   </trkpt>
   <trkpt lat="45.7509300" lon="4.7458890">
    <ele>262.9</ele>
    <time>2025-04-02T18:40:31Z</time>
   </trkpt>
   <trkpt lat="45.7509290" lon="4.7459430">
    <ele>262.8</ele>
    <time>2025-04-02T18:40:32Z</time>
   </trkpt>
   <trkpt lat="45.7509200" lon="4.7459920">
    <ele>262.8</ele>
    <time>2025-04-02T18:40:33Z</time>
   </trkpt>
   <trkpt lat="45.7509060" lon="4.7460460">
    <ele>262.7</ele>
    <time>2025-04-02T18:40:34Z</time>
   </trkpt>
   <trkpt lat="45.7509010" lon="4.7460940">
    <ele>262.6</ele>
    <time>2025-04-02T18:40:35Z</time>
   </trkpt>
   <trkpt lat="45.7509040" lon="4.7461490">
    <ele>262.5</ele>
    <time>2025-04-02T18:40:36Z</time>
   </trkpt>
   <trkpt lat="45.7509010" lon="4.7461980">
    <ele>262.4</ele>
    <time>2025-04-02T18:40:37Z</time>
   </trkpt>
   <trkpt lat="45.7508920" lon="4.7462570">
    <ele>262.3</ele>
    <time>2025-04-02T18:40:38Z</time>
   </trkpt>
   <trkpt lat="45.7508870" lon="4.7463070">
    <ele>262.2</ele>
    <time>2025-04-02T18:40:39Z</time>
   </trkpt>
   <trkpt lat="45.7508870" lon="4.7463570">
    <ele>262.1</ele>
    <time>2025-04-02T18:40:40Z</time>
   </trkpt>
   <trkpt lat="45.7508900" lon="4.7464080">
    <ele>262.0</ele>
    <time>2025-04-02T18:40:41Z</time>
   </trkpt>
   <trkpt lat="45.7508790" lon="4.7464590">
    <ele>261.9</ele>
    <time>2025-04-02T18:40:42Z</time>
   </trkpt>
   <trkpt lat="45.7508680" lon="4.7465070">
    <ele>261.7</ele>
    <time>2025-04-02T18:40:43Z</time>
   </trkpt>
   <trkpt lat="45.7508260" lon="4.7465220">
    <ele>261.7</ele>
    <time>2025-04-02T18:40:44Z</time>
   </trkpt>
   <trkpt lat="45.7507830" lon="4.7465240">
    <ele>261.8</ele>
    <time>2025-04-02T18:40:45Z</time>
   </trkpt>
   <trkpt lat="45.7507530" lon="4.7465370">
    <ele>261.8</ele>
    <time>2025-04-02T18:40:46Z</time>
   </trkpt>
   <trkpt lat="45.7507220" lon="4.7465520">
    <ele>261.9</ele>
    <time>2025-04-02T18:40:47Z</time>
   </trkpt>
   <trkpt lat="45.7506850" lon="4.7465540">
    <ele>262.0</ele>
    <time>2025-04-02T18:40:48Z</time>
   </trkpt>
   <trkpt lat="45.7506460" lon="4.7465510">
    <ele>262.0</ele>
    <time>2025-04-02T18:40:49Z</time>
   </trkpt>
   <trkpt lat="45.7506040" lon="4.7465380">
    <ele>262.1</ele>
    <time>2025-04-02T18:40:50Z</time>
   </trkpt>
   <trkpt lat="45.7505880" lon="4.7465350">
    <ele>262.2</ele>
    <time>2025-04-02T18:40:51Z</time>
   </trkpt>
   <trkpt lat="45.7505550" lon="4.7465410">
    <ele>262.2</ele>
    <time>2025-04-02T18:40:52Z</time>
   </trkpt>
   <trkpt lat="45.7505170" lon="4.7465310">
    <ele>262.3</ele>
    <time>2025-04-02T18:40:53Z</time>
   </trkpt>
   <trkpt lat="45.7504820" lon="4.7465220">
    <ele>262.3</ele>
    <time>2025-04-02T18:40:54Z</time>
   </trkpt>
   <trkpt lat="45.7504480" lon="4.7465060">
    <ele>262.4</ele>
    <time>2025-04-02T18:40:55Z</time>
   </trkpt>
   <trkpt lat="45.7504210" lon="4.7464980">
    <ele>262.4</ele>
    <time>2025-04-02T18:40:56Z</time>
   </trkpt>
   <trkpt lat="45.7503920" lon="4.7464930">
    <ele>262.5</ele>
    <time>2025-04-02T18:40:57Z</time>
   </trkpt>
   <trkpt lat="45.7503560" lon="4.7464850">
    <ele>262.5</ele>
    <time>2025-04-02T18:40:58Z</time>
   </trkpt>
   <trkpt lat="45.7503240" lon="4.7465000">
    <ele>262.5</ele>
    <time>2025-04-02T18:40:59Z</time>
   </trkpt>
   <trkpt lat="45.7502910" lon="4.7464850">
    <ele>262.5</ele>
    <time>2025-04-02T18:41:00Z</time>
   </trkpt>
   <trkpt lat="45.7502570" lon="4.7464690">
    <ele>262.5</ele>
    <time>2025-04-02T18:41:01Z</time>
   </trkpt>
   <trkpt lat="45.7502200" lon="4.7464740">
    <ele>262.6</ele>
    <time>2025-04-02T18:41:02Z</time>
   </trkpt>
   <trkpt lat="45.7501870" lon="4.7464700">
    <ele>262.6</ele>
    <time>2025-04-02T18:41:03Z</time>
   </trkpt>
   <trkpt lat="45.7501540" lon="4.7464670">
    <ele>262.6</ele>
    <time>2025-04-02T18:41:04Z</time>
   </trkpt>
   <trkpt lat="45.7501230" lon="4.7464510">
    <ele>262.6</ele>
    <time>2025-04-02T18:41:05Z</time>
   </trkpt>
   <trkpt lat="45.7500770" lon="4.7464460">
    <ele>262.6</ele>
    <time>2025-04-02T18:41:06Z</time>
   </trkpt>
   <trkpt lat="45.7500410" lon="4.7464450">
    <ele>262.6</ele>
    <time>2025-04-02T18:41:07Z</time>
   </trkpt>
   <trkpt lat="45.7500040" lon="4.7464380">
    <ele>262.6</ele>
    <time>2025-04-02T18:41:08Z</time>
   </trkpt>
   <trkpt lat="45.7499680" lon="4.7464270">
    <ele>262.6</ele>
    <time>2025-04-02T18:41:09Z</time>
   </trkpt>
   <trkpt lat="45.7499340" lon="4.7464290">
    <ele>262.6</ele>
    <time>2025-04-02T18:41:10Z</time>
   </trkpt>
   <trkpt lat="45.7499000" lon="4.7464320">
    <ele>262.6</ele>
    <time>2025-04-02T18:41:11Z</time>
   </trkpt>
   <trkpt lat="45.7498620" lon="4.7464220">
    <ele>262.6</ele>
    <time>2025-04-02T18:41:12Z</time>
   </trkpt>
   <trkpt lat="45.7498270" lon="4.7464080">
    <ele>262.6</ele>
    <time>2025-04-02T18:41:13Z</time>
   </trkpt>
   <trkpt lat="45.7497950" lon="4.7464120">
    <ele>262.6</ele>
    <time>2025-04-02T18:41:14Z</time>
   </trkpt>
   <trkpt lat="45.7497560" lon="4.7464070">
    <ele>262.6</ele>
    <time>2025-04-02T18:41:15Z</time>
   </trkpt>
   <trkpt lat="45.7497220" lon="4.7464060">
    <ele>262.6</ele>
    <time>2025-04-02T18:41:16Z</time>
   </trkpt>
   <trkpt lat="45.7496840" lon="4.7464060">
    <ele>262.6</ele>
    <time>2025-04-02T18:41:17Z</time>
   </trkpt>
   <trkpt lat="45.7496530" lon="4.7464060">
    <ele>262.6</ele>
    <time>2025-04-02T18:41:18Z</time>
   </trkpt>
   <trkpt lat="45.7496150" lon="4.7464010">
    <ele>262.6</ele>
    <time>2025-04-02T18:41:19Z</time>
   </trkpt>
   <trkpt lat="45.7495820" lon="4.7464070">
    <ele>262.6</ele>
    <time>2025-04-02T18:41:20Z</time>
   </trkpt>
   <trkpt lat="45.7495480" lon="4.7463960">
    <ele>262.6</ele>
    <time>2025-04-02T18:41:21Z</time>
   </trkpt>
   <trkpt lat="45.7495150" lon="4.7464040">
    <ele>262.6</ele>
    <time>2025-04-02T18:41:22Z</time>
   </trkpt>
   <trkpt lat="45.7494790" lon="4.7464010">
    <ele>262.6</ele>
    <time>2025-04-02T18:41:23Z</time>
   </trkpt>
   <trkpt lat="45.7494480" lon="4.7464040">
    <ele>262.6</ele>
    <time>2025-04-02T18:41:24Z</time>
   </trkpt>
   <trkpt lat="45.7494160" lon="4.7464080">
    <ele>262.6</ele>
    <time>2025-04-02T18:41:25Z</time>
   </trkpt>
   <trkpt lat="45.7493830" lon="4.7464040">
    <ele>262.6</ele>
    <time>2025-04-02T18:41:26Z</time>
   </trkpt>
   <trkpt lat="45.7493540" lon="4.7464100">
    <ele>262.6</ele>
    <time>2025-04-02T18:41:27Z</time>
   </trkpt>
   <trkpt lat="45.7493150" lon="4.7464200">
    <ele>262.6</ele>
    <time>2025-04-02T18:41:28Z</time>
   </trkpt>
   <trkpt lat="45.7492820" lon="4.7464320">
    <ele>262.6</ele>
    <time>2025-04-02T18:41:29Z</time>
   </trkpt>
   <trkpt lat="45.7492450" lon="4.7464220">
    <ele>262.6</ele>
    <time>2025-04-02T18:41:30Z</time>
   </trkpt>
   <trkpt lat="45.7492060" lon="4.7464230">
    <ele>262.6</ele>
    <time>2025-04-02T18:41:31Z</time>
   </trkpt>
   <trkpt lat="45.7491640" lon="4.7464220">
    <ele>262.6</ele>
    <time>2025-04-02T18:41:32Z</time>
   </trkpt>
   <trkpt lat="45.7491350" lon="4.7464310">
    <ele>262.6</ele>
    <time>2025-04-02T18:41:33Z</time>
   </trkpt>
   <trkpt lat="45.7490970" lon="4.7464340">
    <ele>262.6</ele>
    <time>2025-04-02T18:41:34Z</time>
   </trkpt>
   <trkpt lat="45.7490620" lon="4.7464440">
    <ele>262.6</ele>
    <time>2025-04-02T18:41:35Z</time>
   </trkpt>
   <trkpt lat="45.7490260" lon="4.7464480">
    <ele>262.6</ele>
    <time>2025-04-02T18:41:36Z</time>
   </trkpt>
   <trkpt lat="45.7489880" lon="4.7464470">
    <ele>262.6</ele>
    <time>2025-04-02T18:41:37Z</time>
   </trkpt>
   <trkpt lat="45.7489510" lon="4.7464540">
    <ele>262.7</ele>
    <time>2025-04-02T18:41:38Z</time>
   </trkpt>
   <trkpt lat="45.7489140" lon="4.7464550">
    <ele>262.7</ele>
    <time>2025-04-02T18:41:39Z</time>
   </trkpt>
   <trkpt lat="45.7488750" lon="4.7464520">
    <ele>262.7</ele>
    <time>2025-04-02T18:41:40Z</time>
   </trkpt>
   <trkpt lat="45.7488460" lon="4.7464470">
    <ele>262.7</ele>
    <time>2025-04-02T18:41:41Z</time>
   </trkpt>
   <trkpt lat="45.7488140" lon="4.7464610">
    <ele>262.7</ele>
    <time>2025-04-02T18:41:42Z</time>
   </trkpt>
   <trkpt lat="45.7487710" lon="4.7464710">
    <ele>262.7</ele>
    <time>2025-04-02T18:41:43Z</time>
   </trkpt>
   <trkpt lat="45.7487380" lon="4.7464740">
    <ele>262.7</ele>
    <time>2025-04-02T18:41:44Z</time>
   </trkpt>
   <trkpt lat="45.7487050" lon="4.7464670">
    <ele>262.7</ele>
    <time>2025-04-02T18:41:45Z</time>
   </trkpt>
   <trkpt lat="45.7486660" lon="4.7464680">
    <ele>262.7</ele>
    <time>2025-04-02T18:41:46Z</time>
   </trkpt>
   <trkpt lat="45.7486320" lon="4.7464770">
    <ele>262.7</ele>
    <time>2025-04-02T18:41:47Z</time>
   </trkpt>
   <trkpt lat="45.7485910" lon="4.7464810">
    <ele>262.7</ele>
    <time>2025-04-02T18:41:48Z</time>
   </trkpt>
   <trkpt lat="45.7485570" lon="4.7464800">
    <ele>262.7</ele>
    <time>2025-04-02T18:41:49Z</time>
   </trkpt>
   <trkpt lat="45.7485220" lon="4.7464990">
    <ele>262.7</ele>
    <time>2025-04-02T18:41:50Z</time>
   </trkpt>
   <trkpt lat="45.7484860" lon="4.7465020">
    <ele>262.7</ele>
    <time>2025-04-02T18:41:51Z</time>
   </trkpt>
   <trkpt lat="45.7484580" lon="4.7464990">
    <ele>262.7</ele>
    <time>2025-04-02T18:41:52Z</time>
   </trkpt>
   <trkpt lat="45.7484250" lon="4.7465140">
    <ele>262.7</ele>
    <time>2025-04-02T18:41:53Z</time>
   </trkpt>
   <trkpt lat="45.7483940" lon="4.7465170">
    <ele>262.7</ele>
    <time>2025-04-02T18:41:54Z</time>
   </trkpt>
   <trkpt lat="45.7483590" lon="4.7465280">
    <ele>262.7</ele>
    <time>2025-04-02T18:41:55Z</time>
   </trkpt>
   <trkpt lat="45.7483230" lon="4.7465160">
    <ele>262.7</ele>
    <time>2025-04-02T18:41:56Z</time>
   </trkpt>
   <trkpt lat="45.7482910" lon="4.7465120">
    <ele>262.7</ele>
    <time>2025-04-02T18:41:57Z</time>
   </trkpt>
   <trkpt lat="45.7482530" lon="4.7465090">
    <ele>262.7</ele>
    <time>2025-04-02T18:41:58Z</time>
   </trkpt>
   <trkpt lat="45.7482240" lon="4.7465010">
    <ele>262.7</ele>
    <time>2025-04-02T18:41:59Z</time>
   </trkpt>
   <trkpt lat="45.7481860" lon="4.7464970">
    <ele>262.7</ele>
    <time>2025-04-02T18:42:00Z</time>
   </trkpt>
   <trkpt lat="45.7481510" lon="4.7464910">
    <ele>262.7</ele>
    <time>2025-04-02T18:42:01Z</time>
   </trkpt>
   <trkpt lat="45.7481160" lon="4.7464840">
    <ele>262.7</ele>
    <time>2025-04-02T18:42:02Z</time>
   </trkpt>
   <trkpt lat="45.7480790" lon="4.7464760">
    <ele>262.8</ele>
    <time>2025-04-02T18:42:03Z</time>
   </trkpt>
   <trkpt lat="45.7480440" lon="4.7464660">
    <ele>262.8</ele>
    <time>2025-04-02T18:42:04Z</time>
   </trkpt>
   <trkpt lat="45.7480080" lon="4.7464540">
    <ele>262.8</ele>
    <time>2025-04-02T18:42:05Z</time>
   </trkpt>
   <trkpt lat="45.7479690" lon="4.7464390">
    <ele>262.8</ele>
    <time>2025-04-02T18:42:06Z</time>
   </trkpt>
   <trkpt lat="45.7479390" lon="4.7464370">
    <ele>262.8</ele>
    <time>2025-04-02T18:42:07Z</time>
   </trkpt>
   <trkpt lat="45.7479000" lon="4.7464370">
    <ele>262.8</ele>
    <time>2025-04-02T18:42:08Z</time>
   </trkpt>
   <trkpt lat="45.7478710" lon="4.7464350">
    <ele>262.9</ele>
    <time>2025-04-02T18:42:09Z</time>
   </trkpt>
   <trkpt lat="45.7478350" lon="4.7464140">
    <ele>262.9</ele>
    <time>2025-04-02T18:42:10Z</time>
   </trkpt>
   <trkpt lat="45.7478030" lon="4.7464030">
    <ele>262.9</ele>
    <time>2025-04-02T18:42:11Z</time>
   </trkpt>
   <trkpt lat="45.7477690" lon="4.7463950">
    <ele>262.9</ele>
    <time>2025-04-02T18:42:12Z</time>
   </trkpt>
   <trkpt lat="45.7477360" lon="4.7463830">
    <ele>262.9</ele>
    <time>2025-04-02T18:42:13Z</time>
   </trkpt>
   <trkpt lat="45.7477060" lon="4.7463710">
    <ele>262.9</ele>
    <time>2025-04-02T18:42:14Z</time>
   </trkpt>
   <trkpt lat="45.7476750" lon="4.7463670">
    <ele>262.9</ele>
    <time>2025-04-02T18:42:15Z</time>
   </trkpt>
   <trkpt lat="45.7476420" lon="4.7463620">
    <ele>263.0</ele>
    <time>2025-04-02T18:42:16Z</time>
   </trkpt>
   <trkpt lat="45.7476090" lon="4.7463600">
    <ele>263.0</ele>
    <time>2025-04-02T18:42:17Z</time>
   </trkpt>
   <trkpt lat="45.7475760" lon="4.7463380">
    <ele>263.0</ele>
    <time>2025-04-02T18:42:18Z</time>
   </trkpt>
   <trkpt lat="45.7475410" lon="4.7463350">
    <ele>263.1</ele>
    <time>2025-04-02T18:42:19Z</time>
   </trkpt>
   <trkpt lat="45.7475050" lon="4.7463200">
    <ele>263.1</ele>
    <time>2025-04-02T18:42:20Z</time>
   </trkpt>
   <trkpt lat="45.7474770" lon="4.7463230">
    <ele>263.1</ele>
    <time>2025-04-02T18:42:21Z</time>
   </trkpt>
   <trkpt lat="45.7474400" lon="4.7463230">
    <ele>263.2</ele>
    <time>2025-04-02T18:42:22Z</time>
   </trkpt>
   <trkpt lat="45.7474190" lon="4.7463610">
    <ele>263.2</ele>
    <time>2025-04-02T18:42:23Z</time>
   </trkpt>
   <trkpt lat="45.7474010" lon="4.7464100">
    <ele>263.2</ele>
    <time>2025-04-02T18:42:24Z</time>
   </trkpt>
   <trkpt lat="45.7474010" lon="4.7464610">
    <ele>263.1</ele>
    <time>2025-04-02T18:42:25Z</time>
   </trkpt>
   <trkpt lat="45.7474110" lon="4.7465100">
    <ele>263.1</ele>
    <time>2025-04-02T18:42:26Z</time>
   </trkpt>
   <trkpt lat="45.7474120" lon="4.7465560">
    <ele>263.1</ele>
    <time>2025-04-02T18:42:27Z</time>
   </trkpt>
   <trkpt lat="45.7474180" lon="4.7465960">
    <ele>263.0</ele>
    <time>2025-04-02T18:42:28Z</time>
   </trkpt>
   <trkpt lat="45.7474120" lon="4.7466470">
    <ele>263.0</ele>
    <time>2025-04-02T18:42:29Z</time>
   </trkpt>
   <trkpt lat="45.7473990" lon="4.7466890">
    <ele>262.9</ele>
    <time>2025-04-02T18:42:30Z</time>
   </trkpt>
   <trkpt lat="45.7474060" lon="4.7467480">
    <ele>262.9</ele>
    <time>2025-04-02T18:42:31Z</time>
   </trkpt>
   <trkpt lat="45.7473950" lon="4.7467930">
    <ele>262.8</ele>
    <time>2025-04-02T18:42:32Z</time>
   </trkpt>
   <trkpt lat="45.7474020" lon="4.7468390">
    <ele>262.8</ele>
    <time>2025-04-02T18:42:33Z</time>
   </trkpt>
   <trkpt lat="45.7474020" lon="4.7468870">
    <ele>262.7</ele>
    <time>2025-04-02T18:42:34Z</time>
   </trkpt>
   <trkpt lat="45.7474010" lon="4.7469340">
    <ele>262.7</ele>
    <time>2025-04-02T18:42:35Z</time>
   </trkpt>
   <trkpt lat="45.7473970" lon="4.7469890">
    <ele>262.6</ele>
    <time>2025-04-02T18:42:36Z</time>
   </trkpt>
   <trkpt lat="45.7473960" lon="4.7470440">
    <ele>262.6</ele>
    <time>2025-04-02T18:42:37Z</time>
   </trkpt>
   <trkpt lat="45.7474010" lon="4.7470880">
    <ele>262.5</ele>
    <time>2025-04-02T18:42:38Z</time>
   </trkpt>
   <trkpt lat="45.7474030" lon="4.7471360">
    <ele>262.5</ele>
    <time>2025-04-02T18:42:39Z</time>
   </trkpt>
   <trkpt lat="45.7474080" lon="4.7471840">
    <ele>262.4</ele>
    <time>2025-04-02T18:42:40Z</time>
   </trkpt>
   <trkpt lat="45.7474040" lon="4.7472390">
    <ele>262.4</ele>
    <time>2025-04-02T18:42:41Z</time>
   </trkpt>
   <trkpt lat="45.7474040" lon="4.7472920">
    <ele>262.3</ele>
    <time>2025-04-02T18:42:42Z</time>
   </trkpt>
   <trkpt lat="45.7474090" lon="4.7473370">
    <ele>262.2</ele>
    <time>2025-04-02T18:42:43Z</time>
   </trkpt>
   <trkpt lat="45.7474130" lon="4.7473800">
    <ele>262.2</ele>
    <time>2025-04-02T18:42:44Z</time>
   </trkpt>
   <trkpt lat="45.7474130" lon="4.7474320">
    <ele>262.1</ele>
    <time>2025-04-02T18:42:45Z</time>
   </trkpt>
   <trkpt lat="45.7474170" lon="4.7474830">
    <ele>262.0</ele>
    <time>2025-04-02T18:42:46Z</time>
   </trkpt>
   <trkpt lat="45.7474150" lon="4.7475330">
    <ele>261.9</ele>
    <time>2025-04-02T18:42:47Z</time>
   </trkpt>
   <trkpt lat="45.7474140" lon="4.7475890">
    <ele>261.8</ele>
    <time>2025-04-02T18:42:48Z</time>
   </trkpt>
   <trkpt lat="45.7474150" lon="4.7476280">
    <ele>261.7</ele>
    <time>2025-04-02T18:42:49Z</time>
   </trkpt>
   <trkpt lat="45.7474160" lon="4.7476770">
    <ele>261.6</ele>
    <time>2025-04-02T18:42:50Z</time>
   </trkpt>
   <trkpt lat="45.7474110" lon="4.7477160">
    <ele>261.5</ele>
    <time>2025-04-02T18:42:51Z</time>
   </trkpt>
   <trkpt lat="45.7474090" lon="4.7477710">
    <ele>261.4</ele>
    <time>2025-04-02T18:42:52Z</time>
   </trkpt>
   <trkpt lat="45.7474060" lon="4.7478360">
    <ele>261.2</ele>
    <time>2025-04-02T18:42:53Z</time>
   </trkpt>
   <trkpt lat="45.7474140" lon="4.7478810">
    <ele>261.1</ele>
    <time>2025-04-02T18:42:54Z</time>
   </trkpt>
   <trkpt lat="45.7474120" lon="4.7479470">
    <ele>260.9</ele>
    <time>2025-04-02T18:42:55Z</time>
   </trkpt>
   <trkpt lat="45.7474100" lon="4.7480010">
    <ele>260.8</ele>
    <time>2025-04-02T18:42:56Z</time>
   </trkpt>
   <trkpt lat="45.7474080" lon="4.7480500">
    <ele>260.6</ele>
    <time>2025-04-02T18:42:57Z</time>
   </trkpt>
   <trkpt lat="45.7474050" lon="4.7481110">
    <ele>260.4</ele>
    <time>2025-04-02T18:42:58Z</time>
   </trkpt>
   <trkpt lat="45.7474040" lon="4.7481580">
    <ele>260.3</ele>
    <time>2025-04-02T18:42:59Z</time>
   </trkpt>
   <trkpt lat="45.7474030" lon="4.7482120">
    <ele>260.1</ele>
    <time>2025-04-02T18:43:00Z</time>
   </trkpt>
   <trkpt lat="45.7474070" lon="4.7482610">
    <ele>259.9</ele>
    <time>2025-04-02T18:43:01Z</time>
   </trkpt>
   <trkpt lat="45.7473990" lon="4.7483120">
    <ele>259.8</ele>
    <time>2025-04-02T18:43:02Z</time>
   </trkpt>
   <trkpt lat="45.7474060" lon="4.7483610">
    <ele>259.6</ele>
    <time>2025-04-02T18:43:03Z</time>
   </trkpt>
   <trkpt lat="45.7474080" lon="4.7484100">
    <ele>259.5</ele>
    <time>2025-04-02T18:43:04Z</time>
   </trkpt>
   <trkpt lat="45.7474080" lon="4.7484640">
    <ele>259.3</ele>
    <time>2025-04-02T18:43:05Z</time>
   </trkpt>
   <trkpt lat="45.7474120" lon="4.7485090">
    <ele>259.2</ele>
    <time>2025-04-02T18:43:06Z</time>
   </trkpt>
   <trkpt lat="45.7474060" lon="4.7485630">
    <ele>259.0</ele>
    <time>2025-04-02T18:43:07Z</time>
   </trkpt>
   <trkpt lat="45.7474070" lon="4.7486040">
    <ele>258.9</ele>
    <time>2025-04-02T18:43:08Z</time>
   </trkpt>
   <trkpt lat="45.7474010" lon="4.7486560">
    <ele>258.7</ele>
    <time>2025-04-02T18:43:09Z</time>
   </trkpt>
   <trkpt lat="45.7474020" lon="4.7487050">
    <ele>258.6</ele>
    <time>2025-04-02T18:43:10Z</time>
   </trkpt>
   <trkpt lat="45.7474070" lon="4.7487540">
    <ele>258.4</ele>
    <time>2025-04-02T18:43:11Z</time>
   </trkpt>
   <trkpt lat="45.7474050" lon="4.7488030">
    <ele>258.3</ele>
    <time>2025-04-02T18:43:12Z</time>
   </trkpt>
   <trkpt lat="45.7474080" lon="4.7488460">
    <ele>258.2</ele>
    <time>2025-04-02T18:43:13Z</time>
   </trkpt>
   <trkpt lat="45.7474090" lon="4.7488870">
    <ele>258.1</ele>
    <time>2025-04-02T18:43:14Z</time>
   </trkpt>
   <trkpt lat="45.7474130" lon="4.7489300">
    <ele>257.9</ele>
    <time>2025-04-02T18:43:15Z</time>
   </trkpt>
   <trkpt lat="45.7474230" lon="4.7489950">
    <ele>257.8</ele>
    <time>2025-04-02T18:43:16Z</time>
   </trkpt>
   <trkpt lat="45.7474240" lon="4.7490260">
    <ele>257.7</ele>
    <time>2025-04-02T18:43:17Z</time>
   </trkpt>
   <trkpt lat="45.7474210" lon="4.7490880">
    <ele>257.5</ele>
    <time>2025-04-02T18:43:18Z</time>
   </trkpt>
   <trkpt lat="45.7474160" lon="4.7491440">
    <ele>257.3</ele>
    <time>2025-04-02T18:43:19Z</time>
   </trkpt>
   <trkpt lat="45.7474110" lon="4.7491890">
    <ele>257.2</ele>
    <time>2025-04-02T18:43:20Z</time>
   </trkpt>
   <trkpt lat="45.7474150" lon="4.7492440">
    <ele>257.0</ele>
    <time>2025-04-02T18:43:21Z</time>
   </trkpt>
   <trkpt lat="45.7474090" lon="4.7492980">
    <ele>256.9</ele>
    <time>2025-04-02T18:43:22Z</time>
   </trkpt>
   <trkpt lat="45.7474060" lon="4.7493460">
    <ele>256.7</ele>
    <time>2025-04-02T18:43:23Z</time>
   </trkpt>
   <trkpt lat="45.7474080" lon="4.7493930">
    <ele>256.6</ele>
    <time>2025-04-02T18:43:24Z</time>
   </trkpt>
   <trkpt lat="45.7474050" lon="4.7494420">
    <ele>256.4</ele>
    <time>2025-04-02T18:43:25Z</time>
   </trkpt>
   <trkpt lat="45.7474050" lon="4.7494930">
    <ele>256.3</ele>
    <time>2025-04-02T18:43:26Z</time>
   </trkpt>
   <trkpt lat="45.7474040" lon="4.7495430">
    <ele>256.1</ele>
    <time>2025-04-02T18:43:27Z</time>
   </trkpt>
   <trkpt lat="45.7474110" lon="4.7495950">
    <ele>256.0</ele>
    <time>2025-04-02T18:43:28Z</time>
   </trkpt>
   <trkpt lat="45.7474220" lon="4.7496490">
    <ele>255.9</ele>
    <time>2025-04-02T18:43:29Z</time>
   </trkpt>
   <trkpt lat="45.7474100" lon="4.7496990">
    <ele>255.8</ele>
    <time>2025-04-02T18:43:30Z</time>
   </trkpt>
   <trkpt lat="45.7473950" lon="4.7497500">
    <ele>255.7</ele>
    <time>2025-04-02T18:43:31Z</time>
   </trkpt>
   <trkpt lat="45.7474000" lon="4.7498060">
    <ele>255.6</ele>
    <time>2025-04-02T18:43:32Z</time>
   </trkpt>
   <trkpt lat="45.7473930" lon="4.7498590">
    <ele>255.5</ele>
    <time>2025-04-02T18:43:33Z</time>
   </trkpt>
   <trkpt lat="45.7474000" lon="4.7499070">
    <ele>255.5</ele>
    <time>2025-04-02T18:43:34Z</time>
   </trkpt>
   <trkpt lat="45.7474100" lon="4.7499500">
    <ele>255.4</ele>
    <time>2025-04-02T18:43:35Z</time>
   </trkpt>
   <trkpt lat="45.7474020" lon="4.7500190">
    <ele>255.3</ele>
    <time>2025-04-02T18:43:36Z</time>
   </trkpt>
   <trkpt lat="45.7474010" lon="4.7500620">
    <ele>255.2</ele>
    <time>2025-04-02T18:43:37Z</time>
   </trkpt>
   <trkpt lat="45.7474030" lon="4.7501110">
    <ele>255.1</ele>
    <time>2025-04-02T18:43:38Z</time>
   </trkpt>
   <trkpt lat="45.7473960" lon="4.7501630">
    <ele>255.0</ele>
    <time>2025-04-02T18:43:39Z</time>
   </trkpt>
   <trkpt lat="45.7473930" lon="4.7502180">
    <ele>254.8</ele>
    <time>2025-04-02T18:43:40Z</time>
   </trkpt>
   <trkpt lat="45.7473760" lon="4.7502820">
    <ele>254.6</ele>
    <time>2025-04-02T18:43:41Z</time>
   </trkpt>
   <trkpt lat="45.7473850" lon="4.7503180">
    <ele>254.5</ele>
    <time>2025-04-02T18:43:42Z</time>
   </trkpt>
   <trkpt lat="45.7473920" lon="4.7503690">
    <ele>254.3</ele>
    <time>2025-04-02T18:43:43Z</time>
   </trkpt>
   <trkpt lat="45.7473910" lon="4.7504160">
    <ele>254.1</ele>
    <time>2025-04-02T18:43:44Z</time>
   </trkpt>
   <trkpt lat="45.7473920" lon="4.7504680">
    <ele>254.0</ele>
    <time>2025-04-02T18:43:45Z</time>
   </trkpt>
   <trkpt lat="45.7473940" lon="4.7505170">
    <ele>253.8</ele>
    <time>2025-04-02T18:43:46Z</time>
   </trkpt>
   <trkpt lat="45.7474000" lon="4.7505700">
    <ele>253.6</ele>
    <time>2025-04-02T18:43:47Z</time>
   </trkpt>
   <trkpt lat="45.7474000" lon="4.7506210">
    <ele>253.4</ele>
    <time>2025-04-02T18:43:48Z</time>
   </trkpt>
   <trkpt lat="45.7473990" lon="4.7506720">
    <ele>253.3</ele>
    <time>2025-04-02T18:43:49Z</time>
   </trkpt>
   <trkpt lat="45.7473980" lon="4.7507280">
    <ele>253.1</ele>
    <time>2025-04-02T18:43:50Z</time>
   </trkpt>
   <trkpt lat="45.7473990" lon="4.7507820">
    <ele>252.9</ele>
    <time>2025-04-02T18:43:51Z</time>
   </trkpt>
   <trkpt lat="45.7474020" lon="4.7508350">
    <ele>252.8</ele>
    <time>2025-04-02T18:43:52Z</time>
   </trkpt>
   <trkpt lat="45.7473990" lon="4.7508940">
    <ele>252.6</ele>
    <time>2025-04-02T18:43:53Z</time>
   </trkpt>
   <trkpt lat="45.7474020" lon="4.7509450">
    <ele>252.5</ele>
    <time>2025-04-02T18:43:54Z</time>
   </trkpt>
   <trkpt lat="45.7474020" lon="4.7509950">
    <ele>252.4</ele>
    <time>2025-04-02T18:43:55Z</time>
   </trkpt>
   <trkpt lat="45.7474000" lon="4.7510500">
    <ele>252.2</ele>
    <time>2025-04-02T18:43:56Z</time>
   </trkpt>
   <trkpt lat="45.7474030" lon="4.7510920">
    <ele>252.1</ele>
    <time>2025-04-02T18:43:57Z</time>
   </trkpt>
   <trkpt lat="45.7474020" lon="4.7511360">
    <ele>252.1</ele>
    <time>2025-04-02T18:43:58Z</time>
   </trkpt>
   <trkpt lat="45.7473850" lon="4.7511930">
    <ele>251.9</ele>
    <time>2025-04-02T18:43:59Z</time>
   </trkpt>
   <trkpt lat="45.7473930" lon="4.7512450">
    <ele>251.8</ele>
    <time>2025-04-02T18:44:00Z</time>
   </trkpt>
   <trkpt lat="45.7474050" lon="4.7512890">
    <ele>251.7</ele>
    <time>2025-04-02T18:44:01Z</time>
   </trkpt>
   <trkpt lat="45.7474030" lon="4.7513390">
    <ele>251.6</ele>
    <time>2025-04-02T18:44:02Z</time>
   </trkpt>
   <trkpt lat="45.7474020" lon="4.7513930">
    <ele>251.5</ele>
    <time>2025-04-02T18:44:03Z</time>
   </trkpt>
   <trkpt lat="45.7473850" lon="4.7514470">
    <ele>251.4</ele>
    <time>2025-04-02T18:44:04Z</time>
   </trkpt>
   <trkpt lat="45.7473990" lon="4.7515070">
    <ele>251.3</ele>
    <time>2025-04-02T18:44:05Z</time>
   </trkpt>
   <trkpt lat="45.7473960" lon="4.7515550">
    <ele>251.2</ele>
    <time>2025-04-02T18:44:06Z</time>
   </trkpt>
   <trkpt lat="45.7474030" lon="4.7516040">
    <ele>251.1</ele>
    <time>2025-04-02T18:44:07Z</time>
   </trkpt>
   <trkpt lat="45.7474080" lon="4.7516600">
    <ele>250.9</ele>
    <time>2025-04-02T18:44:08Z</time>
   </trkpt>
   <trkpt lat="45.7474000" lon="4.7517300">
    <ele>250.8</ele>
    <time>2025-04-02T18:44:09Z</time>
   </trkpt>
   <trkpt lat="45.7474030" lon="4.7517970">
    <ele>250.6</ele>
    <time>2025-04-02T18:44:10Z</time>
   </trkpt>
   <trkpt lat="45.7474220" lon="4.7518490">
    <ele>250.5</ele>
    <time>2025-04-02T18:44:11Z</time>
   </trkpt>
   <trkpt lat="45.7474280" lon="4.7519040">
    <ele>250.3</ele>
    <time>2025-04-02T18:44:12Z</time>
   </trkpt>
   <trkpt lat="45.7474330" lon="4.7519530">
    <ele>250.2</ele>
    <time>2025-04-02T18:44:13Z</time>
   </trkpt>
   <trkpt lat="45.7474350" lon="4.7520040">
    <ele>250.1</ele>
    <time>2025-04-02T18:44:14Z</time>
   </trkpt>
   <trkpt lat="45.7474320" lon="4.7520700">
    <ele>249.9</ele>
    <time>2025-04-02T18:44:15Z</time>
   </trkpt>
   <trkpt lat="45.7474310" lon="4.7521210">
    <ele>249.8</ele>
    <time>2025-04-02T18:44:16Z</time>
   </trkpt>
   <trkpt lat="45.7474330" lon="4.7521800">
    <ele>249.7</ele>
    <time>2025-04-02T18:44:17Z</time>
   </trkpt>
   <trkpt lat="45.7474400" lon="4.7522420">
    <ele>249.6</ele>
    <time>2025-04-02T18:44:18Z</time>
   </trkpt>
   <trkpt lat="45.7474340" lon="4.7522920">
    <ele>249.5</ele>
    <time>2025-04-02T18:44:19Z</time>
   </trkpt>
   <trkpt lat="45.7474320" lon="4.7523490">
    <ele>249.3</ele>
    <time>2025-04-02T18:44:20Z</time>
   </trkpt>
   <trkpt lat="45.7474230" lon="4.7523980">
    <ele>249.2</ele>
    <time>2025-04-02T18:44:21Z</time>
   </trkpt>
   <trkpt lat="45.7474200" lon="4.7524480">
    <ele>249.2</ele>
    <time>2025-04-02T18:44:22Z</time>
   </trkpt>
   <trkpt lat="45.7473910" lon="4.7524950">
    <ele>249.0</ele>
    <time>2025-04-02T18:44:23Z</time>
   </trkpt>
   <trkpt lat="45.7473610" lon="4.7525360">
    <ele>248.9</ele>
    <time>2025-04-02T18:44:24Z</time>
   </trkpt>
   <trkpt lat="45.7473380" lon="4.7525750">
    <ele>248.8</ele>
    <time>2025-04-02T18:44:25Z</time>
   </trkpt>
   <trkpt lat="45.7473220" lon="4.7526420">
    <ele>248.7</ele>
    <time>2025-04-02T18:44:26Z</time>
   </trkpt>
   <trkpt lat="45.7473130" lon="4.7526920">
    <ele>248.6</ele>
    <time>2025-04-02T18:44:27Z</time>
   </trkpt>
   <trkpt lat="45.7473040" lon="4.7527520">
    <ele>248.5</ele>
    <time>2025-04-02T18:44:28Z</time>
   </trkpt>
   <trkpt lat="45.7472950" lon="4.7528090">
    <ele>248.4</ele>
    <time>2025-04-02T18:44:29Z</time>
   </trkpt>
   <trkpt lat="45.7473120" lon="4.7528630">
    <ele>248.3</ele>
    <time>2025-04-02T18:44:30Z</time>
   </trkpt>
   <trkpt lat="45.7473140" lon="4.7529230">
    <ele>248.2</ele>
    <time>2025-04-02T18:44:31Z</time>
   </trkpt>
   <trkpt lat="45.7473170" lon="4.7529710">
    <ele>248.1</ele>
    <time>2025-04-02T18:44:32Z</time>
   </trkpt>
   <trkpt lat="45.7473160" lon="4.7530330">
    <ele>248.0</ele>
    <time>2025-04-02T18:44:33Z</time>
   </trkpt>
   <trkpt lat="45.7473130" lon="4.7530880">
    <ele>247.9</ele>
    <time>2025-04-02T18:44:34Z</time>
   </trkpt>
   <trkpt lat="45.7473050" lon="4.7531380">
    <ele>247.8</ele>
    <time>2025-04-02T18:44:35Z</time>
   </trkpt>
   <trkpt lat="45.7473030" lon="4.7532000">
    <ele>247.7</ele>
    <time>2025-04-02T18:44:36Z</time>
   </trkpt>
   <trkpt lat="45.7473010" lon="4.7532630">
    <ele>247.6</ele>
    <time>2025-04-02T18:44:37Z</time>
   </trkpt>
   <trkpt lat="45.7473040" lon="4.7533150">
    <ele>247.5</ele>
    <time>2025-04-02T18:44:38Z</time>
   </trkpt>
   <trkpt lat="45.7473040" lon="4.7533690">
    <ele>247.4</ele>
    <time>2025-04-02T18:44:39Z</time>
   </trkpt>
   <trkpt lat="45.7473050" lon="4.7534170">
    <ele>247.3</ele>
    <time>2025-04-02T18:44:40Z</time>
   </trkpt>
   <trkpt lat="45.7473080" lon="4.7534650">
    <ele>247.2</ele>
    <time>2025-04-02T18:44:41Z</time>
   </trkpt>
   <trkpt lat="45.7473190" lon="4.7535220">
    <ele>247.2</ele>
    <time>2025-04-02T18:44:42Z</time>
   </trkpt>
   <trkpt lat="45.7473100" lon="4.7535740">
    <ele>247.1</ele>
    <time>2025-04-02T18:44:43Z</time>
   </trkpt>
   <trkpt lat="45.7473120" lon="4.7536310">
    <ele>247.0</ele>
    <time>2025-04-02T18:44:44Z</time>
   </trkpt>
   <trkpt lat="45.7473260" lon="4.7536930">
    <ele>247.0</ele>
    <time>2025-04-02T18:44:45Z</time>
   </trkpt>
   <trkpt lat="45.7473260" lon="4.7537450">
    <ele>246.9</ele>
    <time>2025-04-02T18:44:46Z</time>
   </trkpt>
   <trkpt lat="45.7473290" lon="4.7538020">
    <ele>246.8</ele>
    <time>2025-04-02T18:44:47Z</time>
   </trkpt>
   <trkpt lat="45.7473170" lon="4.7538460">
    <ele>246.8</ele>
    <time>2025-04-02T18:44:48Z</time>
   </trkpt>
   <trkpt lat="45.7473140" lon="4.7538990">
    <ele>246.8</ele>
    <time>2025-04-02T18:44:49Z</time>
   </trkpt>
   <trkpt lat="45.7473120" lon="4.7539420">
    <ele>246.7</ele>
    <time>2025-04-02T18:44:50Z</time>
   </trkpt>
   <trkpt lat="45.7473110" lon="4.7540050">
    <ele>246.7</ele>
    <time>2025-04-02T18:44:51Z</time>
   </trkpt>
   <trkpt lat="45.7473100" lon="4.7540640">
    <ele>246.7</ele>
    <time>2025-04-02T18:44:52Z</time>
   </trkpt>
   <trkpt lat="45.7473170" lon="4.7541130">
    <ele>246.6</ele>
    <time>2025-04-02T18:44:53Z</time>
   </trkpt>
   <trkpt lat="45.7473170" lon="4.7541600">
    <ele>246.6</ele>
    <time>2025-04-02T18:44:54Z</time>
   </trkpt>
   <trkpt lat="45.7473310" lon="4.7542150">
    <ele>246.6</ele>
    <time>2025-04-02T18:44:55Z</time>
   </trkpt>
   <trkpt lat="45.7473250" lon="4.7542720">
    <ele>246.6</ele>
    <time>2025-04-02T18:44:56Z</time>
   </trkpt>
   <trkpt lat="45.7473210" lon="4.7543340">
    <ele>246.5</ele>
    <time>2025-04-02T18:44:57Z</time>
   </trkpt>
   <trkpt lat="45.7473130" lon="4.7543820">
    <ele>246.5</ele>
    <time>2025-04-02T18:44:58Z</time>
   </trkpt>
   <trkpt lat="45.7473110" lon="4.7544420">
    <ele>246.4</ele>
    <time>2025-04-02T18:44:59Z</time>
   </trkpt>
   <trkpt lat="45.7473150" lon="4.7544910">
    <ele>246.4</ele>
    <time>2025-04-02T18:45:00Z</time>
   </trkpt>
   <trkpt lat="45.7473200" lon="4.7545310">
    <ele>246.4</ele>
    <time>2025-04-02T18:45:01Z</time>
   </trkpt>
   <trkpt lat="45.7473270" lon="4.7545810">
    <ele>246.3</ele>
    <time>2025-04-02T18:45:02Z</time>
   </trkpt>
   <trkpt lat="45.7473240" lon="4.7546410">
    <ele>246.3</ele>
    <time>2025-04-02T18:45:03Z</time>
   </trkpt>
   <trkpt lat="45.7473230" lon="4.7546670">
    <ele>246.2</ele>
    <time>2025-04-02T18:45:04Z</time>
   </trkpt>
   <trkpt lat="45.7473260" lon="4.7547270">
    <ele>246.2</ele>
    <time>2025-04-02T18:45:05Z</time>
   </trkpt>
   <trkpt lat="45.7473250" lon="4.7547790">
    <ele>246.2</ele>
    <time>2025-04-02T18:45:06Z</time>
   </trkpt>
   <trkpt lat="45.7473380" lon="4.7548280">
    <ele>246.2</ele>
    <time>2025-04-02T18:45:07Z</time>
   </trkpt>
   <trkpt lat="45.7473400" lon="4.7548870">
    <ele>246.1</ele>
    <time>2025-04-02T18:45:08Z</time>
   </trkpt>
   <trkpt lat="45.7473330" lon="4.7549400">
    <ele>246.1</ele>
    <time>2025-04-02T18:45:09Z</time>
   </trkpt>
   <trkpt lat="45.7473270" lon="4.7549900">
    <ele>246.1</ele>
    <time>2025-04-02T18:45:10Z</time>
   </trkpt>
   <trkpt lat="45.7473350" lon="4.7550490">
    <ele>246.0</ele>
    <time>2025-04-02T18:45:11Z</time>
   </trkpt>
   <trkpt lat="45.7473270" lon="4.7550930">
    <ele>246.0</ele>
    <time>2025-04-02T18:45:12Z</time>
   </trkpt>
   <trkpt lat="45.7473210" lon="4.7551450">
    <ele>246.0</ele>
    <time>2025-04-02T18:45:13Z</time>
   </trkpt>
   <trkpt lat="45.7473420" lon="4.7552030">
    <ele>245.9</ele>
    <time>2025-04-02T18:45:14Z</time>
   </trkpt>
   <trkpt lat="45.7473390" lon="4.7552660">
    <ele>245.9</ele>
    <time>2025-04-02T18:45:15Z</time>
   </trkpt>
   <trkpt lat="45.7473410" lon="4.7552950">
    <ele>245.9</ele>
    <time>2025-04-02T18:45:16Z</time>
   </trkpt>
   <trkpt lat="45.7473560" lon="4.7553420">
    <ele>245.9</ele>
    <time>2025-04-02T18:45:17Z</time>
   </trkpt>
   <trkpt lat="45.7473500" lon="4.7553860">
    <ele>245.8</ele>
    <time>2025-04-02T18:45:18Z</time>
   </trkpt>
   <trkpt lat="45.7473550" lon="4.7554340">
    <ele>245.8</ele>
    <time>2025-04-02T18:45:19Z</time>
   </trkpt>
   <trkpt lat="45.7473670" lon="4.7554740">
    <ele>245.8</ele>
    <time>2025-04-02T18:45:20Z</time>
   </trkpt>
   <trkpt lat="45.7473600" lon="4.7555210">
    <ele>245.7</ele>
    <time>2025-04-02T18:45:21Z</time>
   </trkpt>
   <trkpt lat="45.7473590" lon="4.7555800">
    <ele>245.7</ele>
    <time>2025-04-02T18:45:22Z</time>
   </trkpt>
   <trkpt lat="45.7473660" lon="4.7556350">
    <ele>245.7</ele>
    <time>2025-04-02T18:45:23Z</time>
   </trkpt>
   <trkpt lat="45.7473580" lon="4.7556760">
    <ele>245.6</ele>
    <time>2025-04-02T18:45:24Z</time>
   </trkpt>
   <trkpt lat="45.7473540" lon="4.7557280">
    <ele>245.6</ele>
    <time>2025-04-02T18:45:25Z</time>
   </trkpt>
   <trkpt lat="45.7473550" lon="4.7557860">
    <ele>245.6</ele>
    <time>2025-04-02T18:45:26Z</time>
   </trkpt>
   <trkpt lat="45.7473610" lon="4.7558460">
    <ele>245.6</ele>
    <time>2025-04-02T18:45:27Z</time>
   </trkpt>
   <trkpt lat="45.7473630" lon="4.7558980">
    <ele>245.5</ele>
    <time>2025-04-02T18:45:28Z</time>
   </trkpt>
   <trkpt lat="45.7473630" lon="4.7559770">
    <ele>245.4</ele>
    <time>2025-04-02T18:45:29Z</time>
   </trkpt>
   <trkpt lat="45.7473560" lon="4.7560450">
    <ele>245.4</ele>
    <time>2025-04-02T18:45:30Z</time>
   </trkpt>
   <trkpt lat="45.7473430" lon="4.7560980">
    <ele>245.3</ele>
    <time>2025-04-02T18:45:31Z</time>
   </trkpt>
   <trkpt lat="45.7473750" lon="4.7561620">
    <ele>245.2</ele>
    <time>2025-04-02T18:45:32Z</time>
   </trkpt>
   <trkpt lat="45.7473550" lon="4.7562290">
    <ele>245.1</ele>
    <time>2025-04-02T18:45:33Z</time>
   </trkpt>
   <trkpt lat="45.7473500" lon="4.7562770">
    <ele>245.0</ele>
    <time>2025-04-02T18:45:34Z</time>
   </trkpt>
   <trkpt lat="45.7473410" lon="4.7563530">
    <ele>244.8</ele>
    <time>2025-04-02T18:45:35Z</time>
   </trkpt>
   <trkpt lat="45.7473360" lon="4.7564150">
    <ele>244.7</ele>
    <time>2025-04-02T18:45:36Z</time>
   </trkpt>
   <trkpt lat="45.7473330" lon="4.7564800">
    <ele>244.6</ele>
    <time>2025-04-02T18:45:37Z</time>
   </trkpt>
   <trkpt lat="45.7473320" lon="4.7565440">
    <ele>244.5</ele>
    <time>2025-04-02T18:45:38Z</time>
   </trkpt>
   <trkpt lat="45.7473270" lon="4.7565990">
    <ele>244.3</ele>
    <time>2025-04-02T18:45:39Z</time>
   </trkpt>
   <trkpt lat="45.7473350" lon="4.7566500">
    <ele>244.2</ele>
    <time>2025-04-02T18:45:40Z</time>
   </trkpt>
   <trkpt lat="45.7473390" lon="4.7567000">
    <ele>244.1</ele>
    <time>2025-04-02T18:45:41Z</time>
   </trkpt>
   <trkpt lat="45.7473350" lon="4.7567640">
    <ele>243.9</ele>
    <time>2025-04-02T18:45:42Z</time>
   </trkpt>
   <trkpt lat="45.7473240" lon="4.7568180">
    <ele>243.7</ele>
    <time>2025-04-02T18:45:43Z</time>
   </trkpt>
   <trkpt lat="45.7473220" lon="4.7568780">
    <ele>243.6</ele>
    <time>2025-04-02T18:45:44Z</time>
   </trkpt>
   <trkpt lat="45.7473280" lon="4.7569440">
    <ele>243.4</ele>
    <time>2025-04-02T18:45:45Z</time>
   </trkpt>
   <trkpt lat="45.7473400" lon="4.7570090">
    <ele>243.2</ele>
    <time>2025-04-02T18:45:46Z</time>
   </trkpt>
   <trkpt lat="45.7473440" lon="4.7570630">
    <ele>243.0</ele>
    <time>2025-04-02T18:45:47Z</time>
   </trkpt>
   <trkpt lat="45.7473550" lon="4.7571200">
    <ele>242.9</ele>
    <time>2025-04-02T18:45:48Z</time>
   </trkpt>
   <trkpt lat="45.7473500" lon="4.7571590">
    <ele>242.7</ele>
    <time>2025-04-02T18:45:49Z</time>
   </trkpt>
   <trkpt lat="45.7473440" lon="4.7572150">
    <ele>242.6</ele>
    <time>2025-04-02T18:45:50Z</time>
   </trkpt>
   <trkpt lat="45.7473380" lon="4.7572640">
    <ele>242.4</ele>
    <time>2025-04-02T18:45:51Z</time>
   </trkpt>
   <trkpt lat="45.7473490" lon="4.7573220">
    <ele>242.2</ele>
    <time>2025-04-02T18:45:52Z</time>
   </trkpt>
   <trkpt lat="45.7473550" lon="4.7573740">
    <ele>242.1</ele>
    <time>2025-04-02T18:45:53Z</time>
   </trkpt>
   <trkpt lat="45.7473550" lon="4.7574240">
    <ele>241.9</ele>
    <time>2025-04-02T18:45:54Z</time>
   </trkpt>
   <trkpt lat="45.7473670" lon="4.7574700">
    <ele>241.8</ele>
    <time>2025-04-02T18:45:55Z</time>
   </trkpt>
   <trkpt lat="45.7473830" lon="4.7575100">
    <ele>241.6</ele>
    <time>2025-04-02T18:45:56Z</time>
   </trkpt>
   <trkpt lat="45.7473710" lon="4.7575490">
    <ele>241.5</ele>
    <time>2025-04-02T18:45:57Z</time>
   </trkpt>
   <trkpt lat="45.7473750" lon="4.7576040">
    <ele>241.3</ele>
    <time>2025-04-02T18:45:58Z</time>
   </trkpt>
   <trkpt lat="45.7473750" lon="4.7576230">
    <ele>241.2</ele>
    <time>2025-04-02T18:45:59Z</time>
   </trkpt>
   <trkpt lat="45.7473980" lon="4.7576780">
    <ele>241.0</ele>
    <time>2025-04-02T18:46:00Z</time>
   </trkpt>
   <trkpt lat="45.7473930" lon="4.7577610">
    <ele>240.8</ele>
    <time>2025-04-02T18:46:01Z</time>
   </trkpt>
   <trkpt lat="45.7474040" lon="4.7578220">
    <ele>240.5</ele>
    <time>2025-04-02T18:46:02Z</time>
   </trkpt>
   <trkpt lat="45.7474140" lon="4.7578710">
    <ele>240.4</ele>
    <time>2025-04-02T18:46:03Z</time>
   </trkpt>
   <trkpt lat="45.7474220" lon="4.7579150">
    <ele>240.2</ele>
    <time>2025-04-02T18:46:04Z</time>
   </trkpt>
   <trkpt lat="45.7474400" lon="4.7579670">
    <ele>240.0</ele>
    <time>2025-04-02T18:46:05Z</time>
   </trkpt>
   <trkpt lat="45.7474460" lon="4.7580400">
    <ele>239.8</ele>
    <time>2025-04-02T18:46:06Z</time>
   </trkpt>
   <trkpt lat="45.7474540" lon="4.7580950">
    <ele>239.6</ele>
    <time>2025-04-02T18:46:07Z</time>
   </trkpt>
   <trkpt lat="45.7474630" lon="4.7581520">
    <ele>239.4</ele>
    <time>2025-04-02T18:46:08Z</time>
   </trkpt>
   <trkpt lat="45.7474610" lon="4.7581950">
    <ele>239.2</ele>
    <time>2025-04-02T18:46:09Z</time>
   </trkpt>
   <trkpt lat="45.7474690" lon="4.7582570">
    <ele>239.0</ele>
    <time>2025-04-02T18:46:10Z</time>
   </trkpt>
   <trkpt lat="45.7474880" lon="4.7583170">
    <ele>238.8</ele>
    <time>2025-04-02T18:46:11Z</time>
   </trkpt>
   <trkpt lat="45.7474940" lon="4.7583720">
    <ele>238.6</ele>
    <time>2025-04-02T18:46:12Z</time>
   </trkpt>
   <trkpt lat="45.7475070" lon="4.7584410">
    <ele>238.3</ele>
    <time>2025-04-02T18:46:13Z</time>
   </trkpt>
   <trkpt lat="45.7475190" lon="4.7585020">
    <ele>237.9</ele>
    <time>2025-04-02T18:46:14Z</time>
   </trkpt>
   <trkpt lat="45.7475360" lon="4.7585610">
    <ele>237.6</ele>
    <time>2025-04-02T18:46:15Z</time>
   </trkpt>
   <trkpt lat="45.7475390" lon="4.7586220">
    <ele>237.2</ele>
    <time>2025-04-02T18:46:16Z</time>
   </trkpt>
   <trkpt lat="45.7475490" lon="4.7586750">
    <ele>236.8</ele>
    <time>2025-04-02T18:46:17Z</time>
   </trkpt>
   <trkpt lat="45.7475730" lon="4.7587250">
    <ele>236.4</ele>
    <time>2025-04-02T18:46:18Z</time>
   </trkpt>
   <trkpt lat="45.7475720" lon="4.7587670">
    <ele>236.1</ele>
    <time>2025-04-02T18:46:19Z</time>
   </trkpt>
   <trkpt lat="45.7475980" lon="4.7588310">
    <ele>235.6</ele>
    <time>2025-04-02T18:46:20Z</time>
   </trkpt>
   <trkpt lat="45.7476100" lon="4.7588800">
    <ele>235.2</ele>
    <time>2025-04-02T18:46:21Z</time>
   </trkpt>
   <trkpt lat="45.7476250" lon="4.7589370">
    <ele>234.8</ele>
    <time>2025-04-02T18:46:22Z</time>
   </trkpt>
   <trkpt lat="45.7476310" lon="4.7589880">
    <ele>234.5</ele>
    <time>2025-04-02T18:46:23Z</time>
   </trkpt>
   <trkpt lat="45.7476420" lon="4.7590400">
    <ele>234.1</ele>
    <time>2025-04-02T18:46:24Z</time>
   </trkpt>
   <trkpt lat="45.7476640" lon="4.7590920">
    <ele>233.6</ele>
    <time>2025-04-02T18:46:25Z</time>
   </trkpt>
   <trkpt lat="45.7476830" lon="4.7591460">
    <ele>233.2</ele>
    <time>2025-04-02T18:46:26Z</time>
   </trkpt>
   <trkpt lat="45.7476970" lon="4.7591970">
    <ele>232.8</ele>
    <time>2025-04-02T18:46:27Z</time>
   </trkpt>
   <trkpt lat="45.7477230" lon="4.7592580">
    <ele>232.3</ele>
    <time>2025-04-02T18:46:28Z</time>
   </trkpt>
   <trkpt lat="45.7477320" lon="4.7593090">
    <ele>231.9</ele>
    <time>2025-04-02T18:46:29Z</time>
   </trkpt>
   <trkpt lat="45.7477620" lon="4.7593600">
    <ele>231.5</ele>
    <time>2025-04-02T18:46:30Z</time>
   </trkpt>
   <trkpt lat="45.7477770" lon="4.7594160">
    <ele>231.1</ele>
    <time>2025-04-02T18:46:31Z</time>
   </trkpt>
   <trkpt lat="45.7478000" lon="4.7594690">
    <ele>230.7</ele>
    <time>2025-04-02T18:46:32Z</time>
   </trkpt>
   <trkpt lat="45.7478240" lon="4.7595240">
    <ele>230.4</ele>
    <time>2025-04-02T18:46:33Z</time>
   </trkpt>
   <trkpt lat="45.7478350" lon="4.7595780">
    <ele>230.0</ele>
    <time>2025-04-02T18:46:34Z</time>
   </trkpt>
   <trkpt lat="45.7478560" lon="4.7596250">
    <ele>229.7</ele>
    <time>2025-04-02T18:46:35Z</time>
   </trkpt>
   <trkpt lat="45.7478810" lon="4.7596710">
    <ele>229.4</ele>
    <time>2025-04-02T18:46:36Z</time>
   </trkpt>
   <trkpt lat="45.7478890" lon="4.7597250">
    <ele>229.0</ele>
    <time>2025-04-02T18:46:37Z</time>
   </trkpt>
   <trkpt lat="45.7479280" lon="4.7597760">
    <ele>228.6</ele>
    <time>2025-04-02T18:46:38Z</time>
   </trkpt>
   <trkpt lat="45.7479410" lon="4.7598250">
    <ele>228.2</ele>
    <time>2025-04-02T18:46:39Z</time>
   </trkpt>
   <trkpt lat="45.7479650" lon="4.7598770">
    <ele>227.8</ele>
    <time>2025-04-02T18:46:40Z</time>
   </trkpt>
   <trkpt lat="45.7479890" lon="4.7599310">
    <ele>227.4</ele>
    <time>2025-04-02T18:46:41Z</time>
   </trkpt>
   <trkpt lat="45.7480100" lon="4.7599860">
    <ele>227.1</ele>
    <time>2025-04-02T18:46:42Z</time>
   </trkpt>
   <trkpt lat="45.7480360" lon="4.7600380">
    <ele>226.7</ele>
    <time>2025-04-02T18:46:43Z</time>
   </trkpt>
   <trkpt lat="45.7480510" lon="4.7600860">
    <ele>226.4</ele>
    <time>2025-04-02T18:46:44Z</time>
   </trkpt>
   <trkpt lat="45.7480760" lon="4.7601430">
    <ele>226.0</ele>
    <time>2025-04-02T18:46:45Z</time>
   </trkpt>
   <trkpt lat="45.7480960" lon="4.7601970">
    <ele>225.7</ele>
    <time>2025-04-02T18:46:46Z</time>
   </trkpt>
   <trkpt lat="45.7481160" lon="4.7602460">
    <ele>225.4</ele>
    <time>2025-04-02T18:46:47Z</time>
   </trkpt>
   <trkpt lat="45.7481500" lon="4.7602860">
    <ele>225.0</ele>
    <time>2025-04-02T18:46:48Z</time>
   </trkpt>
   <trkpt lat="45.7481650" lon="4.7603450">
    <ele>224.7</ele>
    <time>2025-04-02T18:46:49Z</time>
   </trkpt>
   <trkpt lat="45.7481930" lon="4.7603950">
    <ele>224.4</ele>
    <time>2025-04-02T18:46:50Z</time>
   </trkpt>
   <trkpt lat="45.7482090" lon="4.7604420">
    <ele>224.1</ele>
    <time>2025-04-02T18:46:51Z</time>
   </trkpt>
   <trkpt lat="45.7482350" lon="4.7604950">
    <ele>223.8</ele>
    <time>2025-04-02T18:46:52Z</time>
   </trkpt>
   <trkpt lat="45.7482630" lon="4.7605380">
    <ele>223.5</ele>
    <time>2025-04-02T18:46:53Z</time>
   </trkpt>
   <trkpt lat="45.7482880" lon="4.7605780">
    <ele>223.2</ele>
    <time>2025-04-02T18:46:54Z</time>
   </trkpt>
   <trkpt lat="45.7483070" lon="4.7606200">
    <ele>222.9</ele>
    <time>2025-04-02T18:46:55Z</time>
   </trkpt>
   <trkpt lat="45.7483350" lon="4.7606560">
    <ele>222.6</ele>
    <time>2025-04-02T18:46:56Z</time>
   </trkpt>
   <trkpt lat="45.7483620" lon="4.7606980">
    <ele>222.3</ele>
    <time>2025-04-02T18:46:57Z</time>
   </trkpt>
   <trkpt lat="45.7483950" lon="4.7607300">
    <ele>221.9</ele>
    <time>2025-04-02T18:46:58Z</time>
   </trkpt>
   <trkpt lat="45.7484250" lon="4.7607560">
    <ele>221.6</ele>
    <time>2025-04-02T18:46:59Z</time>
   </trkpt>
   <trkpt lat="45.7484540" lon="4.7607910">
    <ele>221.3</ele>
    <time>2025-04-02T18:47:00Z</time>
   </trkpt>
   <trkpt lat="45.7484870" lon="4.7608110">
    <ele>221.0</ele>
    <time>2025-04-02T18:47:01Z</time>
   </trkpt>
   <trkpt lat="45.7485330" lon="4.7608530">
    <ele>220.6</ele>
    <time>2025-04-02T18:47:02Z</time>
   </trkpt>
   <trkpt lat="45.7485690" lon="4.7608800">
    <ele>220.4</ele>
    <time>2025-04-02T18:47:03Z</time>
   </trkpt>
   <trkpt lat="45.7486030" lon="4.7609000">
    <ele>220.2</ele>
    <time>2025-04-02T18:47:04Z</time>
   </trkpt>
   <trkpt lat="45.7486360" lon="4.7609300">
    <ele>220.0</ele>
    <time>2025-04-02T18:47:05Z</time>
   </trkpt>
   <trkpt lat="45.7486740" lon="4.7609480">
    <ele>219.7</ele>
    <time>2025-04-02T18:47:06Z</time>
   </trkpt>
   <trkpt lat="45.7487110" lon="4.7609600">
    <ele>219.5</ele>
    <time>2025-04-02T18:47:07Z</time>
   </trkpt>
   <trkpt lat="45.7487430" lon="4.7609800">
    <ele>219.3</ele>
    <time>2025-04-02T18:47:08Z</time>
   </trkpt>
   <trkpt lat="45.7487800" lon="4.7609850">
    <ele>219.0</ele>
    <time>2025-04-02T18:47:09Z</time>
   </trkpt>
   <trkpt lat="45.7488150" lon="4.7610090">
    <ele>218.7</ele>
    <time>2025-04-02T18:47:10Z</time>
   </trkpt>
   <trkpt lat="45.7488630" lon="4.7610320">
    <ele>218.4</ele>
    <time>2025-04-02T18:47:11Z</time>
   </trkpt>
   <trkpt lat="45.7489160" lon="4.7610300">
    <ele>218.0</ele>
    <time>2025-04-02T18:47:12Z</time>
   </trkpt>
   <trkpt lat="45.7489480" lon="4.7610380">
    <ele>217.7</ele>
    <time>2025-04-02T18:47:13Z</time>
   </trkpt>
   <trkpt lat="45.7489950" lon="4.7610440">
    <ele>217.3</ele>
    <time>2025-04-02T18:47:14Z</time>
   </trkpt>
   <trkpt lat="45.7490390" lon="4.7610450">
    <ele>217.0</ele>
    <time>2025-04-02T18:47:15Z</time>
   </trkpt>
   <trkpt lat="45.7490850" lon="4.7610310">
    <ele>216.6</ele>
    <time>2025-04-02T18:47:16Z</time>
   </trkpt>
   <trkpt lat="45.7491250" lon="4.7610340">
    <ele>216.3</ele>
    <time>2025-04-02T18:47:17Z</time>
   </trkpt>
   <trkpt lat="45.7491710" lon="4.7610580">
    <ele>215.9</ele>
    <time>2025-04-02T18:47:18Z</time>
   </trkpt>
   <trkpt lat="45.7492150" lon="4.7610670">
    <ele>215.6</ele>
    <time>2025-04-02T18:47:19Z</time>
   </trkpt>
   <trkpt lat="45.7492650" lon="4.7610640">
    <ele>215.3</ele>
    <time>2025-04-02T18:47:20Z</time>
   </trkpt>
   <trkpt lat="45.7493080" lon="4.7610720">
    <ele>215.0</ele>
    <time>2025-04-02T18:47:21Z</time>
   </trkpt>
   <trkpt lat="45.7493450" lon="4.7610910">
    <ele>214.7</ele>
    <time>2025-04-02T18:47:22Z</time>
   </trkpt>
   <trkpt lat="45.7493860" lon="4.7610980">
    <ele>214.4</ele>
    <time>2025-04-02T18:47:23Z</time>
   </trkpt>
   <trkpt lat="45.7494300" lon="4.7611110">
    <ele>214.1</ele>
    <time>2025-04-02T18:47:24Z</time>
   </trkpt>
   <trkpt lat="45.7494690" lon="4.7611200">
    <ele>213.9</ele>
    <time>2025-04-02T18:47:25Z</time>
   </trkpt>
   <trkpt lat="45.7495050" lon="4.7611380">
    <ele>213.7</ele>
    <time>2025-04-02T18:47:26Z</time>
   </trkpt>
   <trkpt lat="45.7495520" lon="4.7611570">
    <ele>213.4</ele>
    <time>2025-04-02T18:47:27Z</time>
   </trkpt>
   <trkpt lat="45.7495870" lon="4.7611600">
    <ele>213.2</ele>
    <time>2025-04-02T18:47:28Z</time>
   </trkpt>
   <trkpt lat="45.7496370" lon="4.7611720">
    <ele>212.9</ele>
    <time>2025-04-02T18:47:29Z</time>
   </trkpt>
   <trkpt lat="45.7496800" lon="4.7611820">
    <ele>212.6</ele>
    <time>2025-04-02T18:47:30Z</time>
   </trkpt>
   <trkpt lat="45.7497080" lon="4.7611940">
    <ele>212.5</ele>
    <time>2025-04-02T18:47:31Z</time>
   </trkpt>
   <trkpt lat="45.7497370" lon="4.7612020">
    <ele>212.3</ele>
    <time>2025-04-02T18:47:32Z</time>
   </trkpt>
   <trkpt lat="45.7497690" lon="4.7611990">
    <ele>212.1</ele>
    <time>2025-04-02T18:47:33Z</time>
   </trkpt>
   <trkpt lat="45.7497810" lon="4.7611970">
    <ele>212.1</ele>
    <time>2025-04-02T18:47:34Z</time>
   </trkpt>
   <trkpt lat="45.7498080" lon="4.7612110">
    <ele>211.9</ele>
    <time>2025-04-02T18:47:35Z</time>
   </trkpt>
   <trkpt lat="45.7498400" lon="4.7612110">
    <ele>211.7</ele>
    <time>2025-04-02T18:47:36Z</time>
   </trkpt>
   <trkpt lat="45.7498770" lon="4.7612120">
    <ele>211.6</ele>
    <time>2025-04-02T18:47:37Z</time>
   </trkpt>
   <trkpt lat="45.7499130" lon="4.7612250">
    <ele>211.4</ele>
    <time>2025-04-02T18:47:38Z</time>
   </trkpt>
   <trkpt lat="45.7499590" lon="4.7612240">
    <ele>211.2</ele>
    <time>2025-04-02T18:47:39Z</time>
   </trkpt>
   <trkpt lat="45.7499790" lon="4.7612340">
    <ele>211.1</ele>
    <time>2025-04-02T18:47:40Z</time>
   </trkpt>
   <trkpt lat="45.7500240" lon="4.7612460">
    <ele>210.9</ele>
    <time>2025-04-02T18:47:41Z</time>
   </trkpt>
   <trkpt lat="45.7500810" lon="4.7612640">
    <ele>210.7</ele>
    <time>2025-04-02T18:47:42Z</time>
   </trkpt>
   <trkpt lat="45.7501350" lon="4.7612810">
    <ele>210.4</ele>
    <time>2025-04-02T18:47:43Z</time>
   </trkpt>
   <trkpt lat="45.7501780" lon="4.7612940">
    <ele>210.3</ele>
    <time>2025-04-02T18:47:44Z</time>
   </trkpt>
   <trkpt lat="45.7502190" lon="4.7613050">
    <ele>210.1</ele>
    <time>2025-04-02T18:47:45Z</time>
   </trkpt>
   <trkpt lat="45.7502660" lon="4.7613210">
    <ele>210.0</ele>
    <time>2025-04-02T18:47:46Z</time>
   </trkpt>
   <trkpt lat="45.7503100" lon="4.7613300">
    <ele>209.8</ele>
    <time>2025-04-02T18:47:47Z</time>
   </trkpt>
   <trkpt lat="45.7503780" lon="4.7613320">
    <ele>209.6</ele>
    <time>2025-04-02T18:47:48Z</time>
   </trkpt>
   <trkpt lat="45.7504250" lon="4.7613500">
    <ele>209.4</ele>
    <time>2025-04-02T18:47:49Z</time>
   </trkpt>
   <trkpt lat="45.7504600" lon="4.7613610">
    <ele>209.3</ele>
    <time>2025-04-02T18:47:50Z</time>
   </trkpt>
   <trkpt lat="45.7504940" lon="4.7613690">
    <ele>209.2</ele>
    <time>2025-04-02T18:47:51Z</time>
   </trkpt>
   <trkpt lat="45.7505220" lon="4.7613790">
    <ele>209.2</ele>
    <time>2025-04-02T18:47:52Z</time>
   </trkpt>
   <trkpt lat="45.7505610" lon="4.7613680">
    <ele>209.1</ele>
    <time>2025-04-02T18:47:53Z</time>
   </trkpt>
   <trkpt lat="45.7506050" lon="4.7613570">
    <ele>208.9</ele>
    <time>2025-04-02T18:47:54Z</time>
   </trkpt>
   <trkpt lat="45.7506330" lon="4.7613460">
    <ele>208.8</ele>
    <time>2025-04-02T18:47:55Z</time>
   </trkpt>
   <trkpt lat="45.7506700" lon="4.7613430">
    <ele>208.7</ele>
    <time>2025-04-02T18:47:56Z</time>
   </trkpt>
   <trkpt lat="45.7507060" lon="4.7613680">
    <ele>208.6</ele>
    <time>2025-04-02T18:47:57Z</time>
   </trkpt>
   <trkpt lat="45.7507430" lon="4.7613940">
    <ele>208.5</ele>
    <time>2025-04-02T18:47:58Z</time>
   </trkpt>
   <trkpt lat="45.7507830" lon="4.7614120">
    <ele>208.4</ele>
    <time>2025-04-02T18:47:59Z</time>
   </trkpt>
   <trkpt lat="45.7508240" lon="4.7614250">
    <ele>208.2</ele>
    <time>2025-04-02T18:48:00Z</time>
   </trkpt>
   <trkpt lat="45.7508780" lon="4.7614440">
    <ele>208.1</ele>
    <time>2025-04-02T18:48:01Z</time>
   </trkpt>
   <trkpt lat="45.7509250" lon="4.7614420">
    <ele>208.0</ele>
    <time>2025-04-02T18:48:02Z</time>
   </trkpt>
   <trkpt lat="45.7509660" lon="4.7614110">
    <ele>207.9</ele>
    <time>2025-04-02T18:48:03Z</time>
   </trkpt>
   <trkpt lat="45.7510010" lon="4.7614020">
    <ele>207.8</ele>
    <time>2025-04-02T18:48:04Z</time>
   </trkpt>
   <trkpt lat="45.7510390" lon="4.7613830">
    <ele>207.6</ele>
    <time>2025-04-02T18:48:05Z</time>
   </trkpt>
   <trkpt lat="45.7510690" lon="4.7613830">
    <ele>207.5</ele>
    <time>2025-04-02T18:48:06Z</time>
   </trkpt>
   <trkpt lat="45.7511030" lon="4.7613910">
    <ele>207.4</ele>
    <time>2025-04-02T18:48:07Z</time>
   </trkpt>
   <trkpt lat="45.7511440" lon="4.7613780">
    <ele>207.2</ele>
    <time>2025-04-02T18:48:08Z</time>
   </trkpt>
   <trkpt lat="45.7511890" lon="4.7613790">
    <ele>207.0</ele>
    <time>2025-04-02T18:48:09Z</time>
   </trkpt>
   <trkpt lat="45.7512320" lon="4.7613860">
    <ele>206.8</ele>
    <time>2025-04-02T18:48:10Z</time>
   </trkpt>
   <trkpt lat="45.7512720" lon="4.7614050">
    <ele>206.6</ele>
    <time>2025-04-02T18:48:11Z</time>
   </trkpt>
   <trkpt lat="45.7513070" lon="4.7614230">
    <ele>206.5</ele>
    <time>2025-04-02T18:48:12Z</time>
   </trkpt>
   <trkpt lat="45.7513570" lon="4.7614340">
    <ele>206.2</ele>
    <time>2025-04-02T18:48:13Z</time>
   </trkpt>
   <trkpt lat="45.7513950" lon="4.7614600">
    <ele>206.1</ele>
    <time>2025-04-02T18:48:14Z</time>
   </trkpt>
   <trkpt lat="45.7514380" lon="4.7614770">
    <ele>205.9</ele>
    <time>2025-04-02T18:48:15Z</time>
   </trkpt>
   <trkpt lat="45.7514830" lon="4.7614780">
    <ele>205.7</ele>
    <time>2025-04-02T18:48:16Z</time>
   </trkpt>
   <trkpt lat="45.7515260" lon="4.7614910">
    <ele>205.5</ele>
    <time>2025-04-02T18:48:17Z</time>
   </trkpt>
   <trkpt lat="45.7515620" lon="4.7614960">
    <ele>205.3</ele>
    <time>2025-04-02T18:48:18Z</time>
   </trkpt>
   <trkpt lat="45.7515940" lon="4.7615320">
    <ele>205.2</ele>
    <time>2025-04-02T18:48:19Z</time>
   </trkpt>
   <trkpt lat="45.7516190" lon="4.7616340">
    <ele>204.9</ele>
    <time>2025-04-02T18:48:20Z</time>
   </trkpt>
   <trkpt lat="45.7516400" lon="4.7616730">
    <ele>204.8</ele>
    <time>2025-04-02T18:48:21Z</time>
   </trkpt>
   <trkpt lat="45.7516740" lon="4.7616990">
    <ele>204.7</ele>
    <time>2025-04-02T18:48:22Z</time>
   </trkpt>
   <trkpt lat="45.7517110" lon="4.7617140">
    <ele>204.6</ele>
    <time>2025-04-02T18:48:23Z</time>
   </trkpt>
   <trkpt lat="45.7517380" lon="4.7617390">
    <ele>204.5</ele>
    <time>2025-04-02T18:48:24Z</time>
   </trkpt>
   <trkpt lat="45.7517650" lon="4.7617720">
    <ele>204.5</ele>
    <time>2025-04-02T18:48:25Z</time>
   </trkpt>
   <trkpt lat="45.7517820" lon="4.7618050">
    <ele>204.5</ele>
    <time>2025-04-02T18:48:26Z</time>
   </trkpt>
   <trkpt lat="45.7518010" lon="4.7618380">
    <ele>204.5</ele>
    <time>2025-04-02T18:48:27Z</time>
   </trkpt>
   <trkpt lat="45.7518170" lon="4.7618810">
    <ele>204.5</ele>
    <time>2025-04-02T18:48:28Z</time>
   </trkpt>
   <trkpt lat="45.7518220" lon="4.7619420">
    <ele>204.5</ele>
    <time>2025-04-02T18:48:29Z</time>
   </trkpt>
   <trkpt lat="45.7518340" lon="4.7620040">
    <ele>204.5</ele>
    <time>2025-04-02T18:48:30Z</time>
   </trkpt>
   <trkpt lat="45.7518520" lon="4.7620470">
    <ele>204.5</ele>
    <time>2025-04-02T18:48:31Z</time>
   </trkpt>
   <trkpt lat="45.7518650" lon="4.7620970">
    <ele>204.5</ele>
    <time>2025-04-02T18:48:32Z</time>
   </trkpt>
   <trkpt lat="45.7518710" lon="4.7621350">
    <ele>204.5</ele>
    <time>2025-04-02T18:48:33Z</time>
   </trkpt>
   <trkpt lat="45.7518910" lon="4.7621870">
    <ele>204.4</ele>
    <time>2025-04-02T18:48:34Z</time>
   </trkpt>
   <trkpt lat="45.7518970" lon="4.7622130">
    <ele>204.4</ele>
    <time>2025-04-02T18:48:35Z</time>
   </trkpt>
   <trkpt lat="45.7519100" lon="4.7622640">
    <ele>204.3</ele>
    <time>2025-04-02T18:48:36Z</time>
   </trkpt>
   <trkpt lat="45.7519190" lon="4.7623070">
    <ele>204.3</ele>
    <time>2025-04-02T18:48:37Z</time>
   </trkpt>
   <trkpt lat="45.7519210" lon="4.7623640">
    <ele>204.4</ele>
    <time>2025-04-02T18:48:38Z</time>
   </trkpt>
   <trkpt lat="45.7519270" lon="4.7624080">
    <ele>204.5</ele>
    <time>2025-04-02T18:48:39Z</time>
   </trkpt>
   <trkpt lat="45.7519210" lon="4.7624650">
    <ele>204.6</ele>
    <time>2025-04-02T18:48:40Z</time>
   </trkpt>
   <trkpt lat="45.7519080" lon="4.7625180">
    <ele>204.7</ele>
    <time>2025-04-02T18:48:41Z</time>
   </trkpt>
   <trkpt lat="45.7519090" lon="4.7625630">
    <ele>204.8</ele>
    <time>2025-04-02T18:48:42Z</time>
   </trkpt>
   <trkpt lat="45.7519060" lon="4.7626130">
    <ele>204.9</ele>
    <time>2025-04-02T18:48:43Z</time>
   </trkpt>
   <trkpt lat="45.7518930" lon="4.7626600">
    <ele>205.0</ele>
    <time>2025-04-02T18:48:44Z</time>
   </trkpt>
   <trkpt lat="45.7518840" lon="4.7627050">
    <ele>205.0</ele>
    <time>2025-04-02T18:48:45Z</time>
   </trkpt>
   <trkpt lat="45.7518720" lon="4.7627310">
    <ele>205.1</ele>
    <time>2025-04-02T18:48:46Z</time>
   </trkpt>
   <trkpt lat="45.7518480" lon="4.7627860">
    <ele>205.2</ele>
    <time>2025-04-02T18:48:47Z</time>
   </trkpt>
   <trkpt lat="45.7518300" lon="4.7628430">
    <ele>205.3</ele>
    <time>2025-04-02T18:48:48Z</time>
   </trkpt>
   <trkpt lat="45.7518200" lon="4.7628680">
    <ele>205.4</ele>
    <time>2025-04-02T18:48:49Z</time>
   </trkpt>
   <trkpt lat="45.7517890" lon="4.7629090">
    <ele>205.5</ele>
    <time>2025-04-02T18:48:50Z</time>
   </trkpt>
   <trkpt lat="45.7517750" lon="4.7629580">
    <ele>205.7</ele>
    <time>2025-04-02T18:48:51Z</time>
   </trkpt>
   <trkpt lat="45.7517550" lon="4.7629920">
    <ele>205.8</ele>
    <time>2025-04-02T18:48:52Z</time>
   </trkpt>
   <trkpt lat="45.7517410" lon="4.7630370">
    <ele>205.9</ele>
    <time>2025-04-02T18:48:53Z</time>
   </trkpt>
   <trkpt lat="45.7517220" lon="4.7630840">
    <ele>206.0</ele>
    <time>2025-04-02T18:48:54Z</time>
   </trkpt>
   <trkpt lat="45.7516960" lon="4.7630960">
    <ele>206.1</ele>
    <time>2025-04-02T18:48:55Z</time>
   </trkpt>
   <trkpt lat="45.7516780" lon="4.7631300">
    <ele>206.2</ele>
    <time>2025-04-02T18:48:56Z</time>
   </trkpt>
   <trkpt lat="45.7516640" lon="4.7631740">
    <ele>206.3</ele>
    <time>2025-04-02T18:48:57Z</time>
   </trkpt>
   <trkpt lat="45.7516380" lon="4.7632150">
    <ele>206.4</ele>
    <time>2025-04-02T18:48:58Z</time>
   </trkpt>
   <trkpt lat="45.7516270" lon="4.7632670">
    <ele>206.6</ele>
    <time>2025-04-02T18:48:59Z</time>
   </trkpt>
   <trkpt lat="45.7516040" lon="4.7633120">
    <ele>206.7</ele>
    <time>2025-04-02T18:49:00Z</time>
   </trkpt>
   <trkpt lat="45.7515950" lon="4.7633270">
    <ele>206.8</ele>
    <time>2025-04-02T18:49:01Z</time>
   </trkpt>
   <trkpt lat="45.7515800" lon="4.7633590">
    <ele>206.9</ele>
    <time>2025-04-02T18:49:02Z</time>
   </trkpt>
   <trkpt lat="45.7515570" lon="4.7633860">
    <ele>207.0</ele>
    <time>2025-04-02T18:49:03Z</time>
   </trkpt>
   <trkpt lat="45.7515400" lon="4.7634270">
    <ele>207.2</ele>
    <time>2025-04-02T18:49:04Z</time>
   </trkpt>
   <trkpt lat="45.7515160" lon="4.7634610">
    <ele>207.3</ele>
    <time>2025-04-02T18:49:05Z</time>
   </trkpt>
   <trkpt lat="45.7514860" lon="4.7634830">
    <ele>207.5</ele>
    <time>2025-04-02T18:49:06Z</time>
   </trkpt>
   <trkpt lat="45.7514620" lon="4.7635390">
    <ele>207.8</ele>
    <time>2025-04-02T18:49:07Z</time>
   </trkpt>
   <trkpt lat="45.7514500" lon="4.7635640">
    <ele>207.9</ele>
    <time>2025-04-02T18:49:08Z</time>
   </trkpt>
   <trkpt lat="45.7514210" lon="4.7635950">
    <ele>208.1</ele>
    <time>2025-04-02T18:49:09Z</time>
   </trkpt>
   <trkpt lat="45.7513890" lon="4.7636100">
    <ele>208.3</ele>
    <time>2025-04-02T18:49:10Z</time>
   </trkpt>
   <trkpt lat="45.7513600" lon="4.7636510">
    <ele>208.5</ele>
    <time>2025-04-02T18:49:11Z</time>
   </trkpt>
   <trkpt lat="45.7513510" lon="4.7636760">
    <ele>208.6</ele>
    <time>2025-04-02T18:49:12Z</time>
   </trkpt>
   <trkpt lat="45.7513250" lon="4.7636910">
    <ele>208.8</ele>
    <time>2025-04-02T18:49:13Z</time>
   </trkpt>
   <trkpt lat="45.7512980" lon="4.7637300">
    <ele>209.0</ele>
    <time>2025-04-02T18:49:14Z</time>
   </trkpt>
   <trkpt lat="45.7512640" lon="4.7637540">
    <ele>209.2</ele>
    <time>2025-04-02T18:49:15Z</time>
   </trkpt>
   <trkpt lat="45.7512540" lon="4.7637700">
    <ele>209.3</ele>
    <time>2025-04-02T18:49:16Z</time>
   </trkpt>
   <trkpt lat="45.7512230" lon="4.7637820">
    <ele>209.5</ele>
    <time>2025-04-02T18:49:17Z</time>
   </trkpt>
   <trkpt lat="45.7511990" lon="4.7638200">
    <ele>209.7</ele>
    <time>2025-04-02T18:49:18Z</time>
   </trkpt>
   <trkpt lat="45.7511720" lon="4.7638380">
    <ele>209.9</ele>
    <time>2025-04-02T18:49:19Z</time>
   </trkpt>
   <trkpt lat="45.7511420" lon="4.7638750">
    <ele>210.1</ele>
    <time>2025-04-02T18:49:20Z</time>
   </trkpt>
   <trkpt lat="45.7511280" lon="4.7638850">
    <ele>210.2</ele>
    <time>2025-04-02T18:49:21Z</time>
   </trkpt>
   <trkpt lat="45.7510950" lon="4.7639090">
    <ele>210.5</ele>
    <time>2025-04-02T18:49:22Z</time>
   </trkpt>
   <trkpt lat="45.7510630" lon="4.7639360">
    <ele>210.7</ele>
    <time>2025-04-02T18:49:23Z</time>
   </trkpt>
   <trkpt lat="45.7510510" lon="4.7639500">
    <ele>210.8</ele>
    <time>2025-04-02T18:49:24Z</time>
   </trkpt>
   <trkpt lat="45.7510220" lon="4.7639800">
    <ele>211.0</ele>
    <time>2025-04-02T18:49:25Z</time>
   </trkpt>
   <trkpt lat="45.7509910" lon="4.7640030">
    <ele>211.3</ele>
    <time>2025-04-02T18:49:26Z</time>
   </trkpt>
   <trkpt lat="45.7509640" lon="4.7640360">
    <ele>211.5</ele>
    <time>2025-04-02T18:49:27Z</time>
   </trkpt>
   <trkpt lat="45.7509400" lon="4.7640570">
    <ele>211.7</ele>
    <time>2025-04-02T18:49:28Z</time>
   </trkpt>
   <trkpt lat="45.7509140" lon="4.7640870">
    <ele>211.9</ele>
    <time>2025-04-02T18:49:29Z</time>
   </trkpt>
   <trkpt lat="45.7508890" lon="4.7641100">
    <ele>212.1</ele>
    <time>2025-04-02T18:49:30Z</time>
   </trkpt>
   <trkpt lat="45.7508570" lon="4.7641390">
    <ele>212.4</ele>
    <time>2025-04-02T18:49:31Z</time>
   </trkpt>
   <trkpt lat="45.7508230" lon="4.7641750">
    <ele>212.7</ele>
    <time>2025-04-02T18:49:32Z</time>
   </trkpt>
   <trkpt lat="45.7508080" lon="4.7641910">
    <ele>212.8</ele>
    <time>2025-04-02T18:49:33Z</time>
   </trkpt>
   <trkpt lat="45.7507820" lon="4.7642050">
    <ele>213.0</ele>
    <time>2025-04-02T18:49:34Z</time>
   </trkpt>
   <trkpt lat="45.7507670" lon="4.7642420">
    <ele>213.3</ele>
    <time>2025-04-02T18:49:35Z</time>
   </trkpt>
   <trkpt lat="45.7507450" lon="4.7642750">
    <ele>213.5</ele>
    <time>2025-04-02T18:49:36Z</time>
   </trkpt>
   <trkpt lat="45.7507140" lon="4.7643230">
    <ele>213.8</ele>
    <time>2025-04-02T18:49:37Z</time>
   </trkpt>
   <trkpt lat="45.7506890" lon="4.7643450">
    <ele>214.0</ele>
    <time>2025-04-02T18:49:38Z</time>
   </trkpt>
   <trkpt lat="45.7506640" lon="4.7643680">
    <ele>214.2</ele>
    <time>2025-04-02T18:49:39Z</time>
   </trkpt>
   <trkpt lat="45.7506310" lon="4.7643740">
    <ele>214.5</ele>
    <time>2025-04-02T18:49:40Z</time>
   </trkpt>
   <trkpt lat="45.7506040" lon="4.7644140">
    <ele>214.8</ele>
    <time>2025-04-02T18:49:41Z</time>
   </trkpt>
   <trkpt lat="45.7505740" lon="4.7644320">
    <ele>215.0</ele>
    <time>2025-04-02T18:49:42Z</time>
   </trkpt>
   <trkpt lat="45.7505570" lon="4.7644870">
    <ele>215.4</ele>
    <time>2025-04-02T18:49:43Z</time>
   </trkpt>
   <trkpt lat="45.7505420" lon="4.7645440">
    <ele>215.7</ele>
    <time>2025-04-02T18:49:44Z</time>
   </trkpt>
   <trkpt lat="45.7505430" lon="4.7645710">
    <ele>215.8</ele>
    <time>2025-04-02T18:49:45Z</time>
   </trkpt>
   <trkpt lat="45.7505270" lon="4.7646050">
    <ele>216.1</ele>
    <time>2025-04-02T18:49:46Z</time>
   </trkpt>
   <trkpt lat="45.7505290" lon="4.7646550">
    <ele>216.3</ele>
    <time>2025-04-02T18:49:47Z</time>
   </trkpt>
   <trkpt lat="45.7505240" lon="4.7647110">
    <ele>216.7</ele>
    <time>2025-04-02T18:49:48Z</time>
   </trkpt>
   <trkpt lat="45.7505230" lon="4.7647380">
    <ele>216.8</ele>
    <time>2025-04-02T18:49:49Z</time>
   </trkpt>
   <trkpt lat="45.7505150" lon="4.7647750">
    <ele>217.0</ele>
    <time>2025-04-02T18:49:50Z</time>
   </trkpt>
   <trkpt lat="45.7505270" lon="4.7648180">
    <ele>217.2</ele>
    <time>2025-04-02T18:49:51Z</time>
   </trkpt>
   <trkpt lat="45.7505150" lon="4.7648590">
    <ele>217.5</ele>
    <time>2025-04-02T18:49:52Z</time>
   </trkpt>
   <trkpt lat="45.7505080" lon="4.7649110">
    <ele>217.7</ele>
    <time>2025-04-02T18:49:53Z</time>
   </trkpt>
   <trkpt lat="45.7504940" lon="4.7649480">
    <ele>217.9</ele>
    <time>2025-04-02T18:49:54Z</time>
   </trkpt>
   <trkpt lat="45.7504980" lon="4.7649920">
    <ele>218.1</ele>
    <time>2025-04-02T18:49:55Z</time>
   </trkpt>
   <trkpt lat="45.7505100" lon="4.7650430">
    <ele>218.4</ele>
    <time>2025-04-02T18:49:56Z</time>
   </trkpt>
   <trkpt lat="45.7505160" lon="4.7650640">
    <ele>218.5</ele>
    <time>2025-04-02T18:49:57Z</time>
   </trkpt>
   <trkpt lat="45.7505290" lon="4.7651100">
    <ele>218.8</ele>
    <time>2025-04-02T18:49:58Z</time>
   </trkpt>
   <trkpt lat="45.7505380" lon="4.7651540">
    <ele>219.1</ele>
    <time>2025-04-02T18:49:59Z</time>
   </trkpt>
   <trkpt lat="45.7505550" lon="4.7651920">
    <ele>219.3</ele>
    <time>2025-04-02T18:50:00Z</time>
   </trkpt>
   <trkpt lat="45.7505850" lon="4.7652390">
    <ele>219.7</ele>
    <time>2025-04-02T18:50:01Z</time>
   </trkpt>
   <trkpt lat="45.7506020" lon="4.7652540">
    <ele>219.8</ele>
    <time>2025-04-02T18:50:02Z</time>
   </trkpt>
   <trkpt lat="45.7506320" lon="4.7652660">
    <ele>220.1</ele>
    <time>2025-04-02T18:50:03Z</time>
   </trkpt>
   <trkpt lat="45.7506700" lon="4.7652960">
    <ele>220.4</ele>
    <time>2025-04-02T18:50:04Z</time>
   </trkpt>
   <trkpt lat="45.7507080" lon="4.7653070">
    <ele>220.6</ele>
    <time>2025-04-02T18:50:05Z</time>
   </trkpt>
   <trkpt lat="45.7507420" lon="4.7653220">
    <ele>220.6</ele>
    <time>2025-04-02T18:50:06Z</time>
   </trkpt>
   <trkpt lat="45.7507640" lon="4.7653640">
    <ele>220.7</ele>
    <time>2025-04-02T18:50:07Z</time>
   </trkpt>
   <trkpt lat="45.7507850" lon="4.7654020">
    <ele>220.9</ele>
    <time>2025-04-02T18:50:08Z</time>
   </trkpt>
   <trkpt lat="45.7508130" lon="4.7654290">
    <ele>221.0</ele>
    <time>2025-04-02T18:50:09Z</time>
   </trkpt>
   <trkpt lat="45.7508470" lon="4.7654640">
    <ele>221.0</ele>
    <time>2025-04-02T18:50:10Z</time>
   </trkpt>
   <trkpt lat="45.7508750" lon="4.7654830">
    <ele>221.1</ele>
    <time>2025-04-02T18:50:11Z</time>
   </trkpt>
   <trkpt lat="45.7509000" lon="4.7655120">
    <ele>221.2</ele>
    <time>2025-04-02T18:50:12Z</time>
   </trkpt>
   <trkpt lat="45.7509250" lon="4.7655530">
    <ele>221.2</ele>
    <time>2025-04-02T18:50:13Z</time>
   </trkpt>
   <trkpt lat="45.7509520" lon="4.7655760">
    <ele>221.3</ele>
    <time>2025-04-02T18:50:14Z</time>
   </trkpt>
   <trkpt lat="45.7509750" lon="4.7656100">
    <ele>221.4</ele>
    <time>2025-04-02T18:50:15Z</time>
   </trkpt>
   <trkpt lat="45.7510030" lon="4.7656460">
    <ele>221.5</ele>
    <time>2025-04-02T18:50:16Z</time>
   </trkpt>
   <trkpt lat="45.7510320" lon="4.7656670">
    <ele>221.6</ele>
    <time>2025-04-02T18:50:17Z</time>
   </trkpt>
   <trkpt lat="45.7510660" lon="4.7656880">
    <ele>221.7</ele>
    <time>2025-04-02T18:50:18Z</time>
   </trkpt>
   <trkpt lat="45.7511360" lon="4.7657310">
    <ele>221.8</ele>
    <time>2025-04-02T18:50:19Z</time>
   </trkpt>
   <trkpt lat="45.7511710" lon="4.7657430">
    <ele>221.9</ele>
    <time>2025-04-02T18:50:20Z</time>
   </trkpt>
   <trkpt lat="45.7512100" lon="4.7657590">
    <ele>222.0</ele>
    <time>2025-04-02T18:50:21Z</time>
   </trkpt>
   <trkpt lat="45.7512510" lon="4.7657680">
    <ele>222.0</ele>
    <time>2025-04-02T18:50:22Z</time>
   </trkpt>
   <trkpt lat="45.7512820" lon="4.7657870">
    <ele>222.1</ele>
    <time>2025-04-02T18:50:23Z</time>
   </trkpt>
   <trkpt lat="45.7513020" lon="4.7658180">
    <ele>222.1</ele>
    <time>2025-04-02T18:50:24Z</time>
   </trkpt>
   <trkpt lat="45.7513360" lon="4.7658350">
    <ele>222.2</ele>
    <time>2025-04-02T18:50:25Z</time>
   </trkpt>
   <trkpt lat="45.7513650" lon="4.7658590">
    <ele>222.2</ele>
    <time>2025-04-02T18:50:26Z</time>
   </trkpt>
   <trkpt lat="45.7514210" lon="4.7658720">
    <ele>222.3</ele>
    <time>2025-04-02T18:50:27Z</time>
   </trkpt>
   <trkpt lat="45.7514510" lon="4.7658890">
    <ele>222.4</ele>
    <time>2025-04-02T18:50:28Z</time>
   </trkpt>
   <trkpt lat="45.7514830" lon="4.7659050">
    <ele>222.4</ele>
    <time>2025-04-02T18:50:29Z</time>
   </trkpt>
   <trkpt lat="45.7515190" lon="4.7659210">
    <ele>222.5</ele>
    <time>2025-04-02T18:50:30Z</time>
   </trkpt>
   <trkpt lat="45.7515500" lon="4.7659200">
    <ele>222.5</ele>
    <time>2025-04-02T18:50:31Z</time>
   </trkpt>
   <trkpt lat="45.7515810" lon="4.7659200">
    <ele>222.6</ele>
    <time>2025-04-02T18:50:32Z</time>
   </trkpt>
   <trkpt lat="45.7516270" lon="4.7658970">
    <ele>222.6</ele>
    <time>2025-04-02T18:50:33Z</time>
   </trkpt>
   <trkpt lat="45.7516590" lon="4.7658920">
    <ele>222.7</ele>
    <time>2025-04-02T18:50:34Z</time>
   </trkpt>
   <trkpt lat="45.7516990" lon="4.7658750">
    <ele>222.7</ele>
    <time>2025-04-02T18:50:35Z</time>
   </trkpt>
   <trkpt lat="45.7517160" lon="4.7658670">
    <ele>222.8</ele>
    <time>2025-04-02T18:50:36Z</time>
   </trkpt>
   <trkpt lat="45.7517520" lon="4.7658660">
    <ele>222.8</ele>
    <time>2025-04-02T18:50:37Z</time>
   </trkpt>
   <trkpt lat="45.7517850" lon="4.7658510">
    <ele>222.8</ele>
    <time>2025-04-02T18:50:38Z</time>
   </trkpt>
   <trkpt lat="45.7518190" lon="4.7658550">
    <ele>222.8</ele>
    <time>2025-04-02T18:50:39Z</time>
   </trkpt>
   <trkpt lat="45.7518460" lon="4.7658510">
    <ele>222.9</ele>
    <time>2025-04-02T18:50:40Z</time>
   </trkpt>
   <trkpt lat="45.7518870" lon="4.7658550">
    <ele>222.9</ele>
    <time>2025-04-02T18:50:41Z</time>
   </trkpt>
   <trkpt lat="45.7519240" lon="4.7658550">
    <ele>222.9</ele>
    <time>2025-04-02T18:50:42Z</time>
   </trkpt>
   <trkpt lat="45.7519690" lon="4.7658440">
    <ele>222.9</ele>
    <time>2025-04-02T18:50:43Z</time>
   </trkpt>
   <trkpt lat="45.7519870" lon="4.7658320">
    <ele>222.9</ele>
    <time>2025-04-02T18:50:44Z</time>
   </trkpt>
   <trkpt lat="45.7520180" lon="4.7658310">
    <ele>222.9</ele>
    <time>2025-04-02T18:50:45Z</time>
   </trkpt>
   <trkpt lat="45.7520500" lon="4.7658220">
    <ele>223.0</ele>
    <time>2025-04-02T18:50:46Z</time>
   </trkpt>
   <trkpt lat="45.7520810" lon="4.7658320">
    <ele>223.0</ele>
    <time>2025-04-02T18:50:47Z</time>
   </trkpt>
   <trkpt lat="45.7521160" lon="4.7657930">
    <ele>223.0</ele>
    <time>2025-04-02T18:50:48Z</time>
   </trkpt>
   <trkpt lat="45.7521490" lon="4.7657850">
    <ele>223.0</ele>
    <time>2025-04-02T18:50:49Z</time>
   </trkpt>
   <trkpt lat="45.7521810" lon="4.7657590">
    <ele>223.0</ele>
    <time>2025-04-02T18:50:50Z</time>
   </trkpt>
   <trkpt lat="45.7522200" lon="4.7657150">
    <ele>223.0</ele>
    <time>2025-04-02T18:50:51Z</time>
   </trkpt>
   <trkpt lat="45.7522350" lon="4.7657160">
    <ele>223.0</ele>
    <time>2025-04-02T18:50:52Z</time>
   </trkpt>
   <trkpt lat="45.7522540" lon="4.7657090">
    <ele>223.0</ele>
    <time>2025-04-02T18:50:53Z</time>
   </trkpt>
   <trkpt lat="45.7522730" lon="4.7657020">
    <ele>223.0</ele>
    <time>2025-04-02T18:50:54Z</time>
   </trkpt>
   <trkpt lat="45.7523410" lon="4.7656900">
    <ele>223.0</ele>
    <time>2025-04-02T18:50:55Z</time>
   </trkpt>
   <trkpt lat="45.7523840" lon="4.7656650">
    <ele>223.1</ele>
    <time>2025-04-02T18:50:56Z</time>
   </trkpt>
   <trkpt lat="45.7524040" lon="4.7656860">
    <ele>223.1</ele>
    <time>2025-04-02T18:50:57Z</time>
   </trkpt>
   <trkpt lat="45.7524190" lon="4.7656810">
    <ele>223.1</ele>
    <time>2025-04-02T18:50:58Z</time>
   </trkpt>
   <trkpt lat="45.7524350" lon="4.7656750">
    <ele>223.1</ele>
    <time>2025-04-02T18:50:59Z</time>
   </trkpt>
   <trkpt lat="45.7524890" lon="4.7656630">
    <ele>223.2</ele>
    <time>2025-04-02T18:51:00Z</time>
   </trkpt>
   <trkpt lat="45.7525230" lon="4.7656550">
    <ele>223.2</ele>
    <time>2025-04-02T18:51:01Z</time>
   </trkpt>
   <trkpt lat="45.7525690" lon="4.7656250">
    <ele>223.3</ele>
    <time>2025-04-02T18:51:02Z</time>
   </trkpt>
   <trkpt lat="45.7526060" lon="4.7656050">
    <ele>223.3</ele>
    <time>2025-04-02T18:51:03Z</time>
   </trkpt>
   <trkpt lat="45.7526390" lon="4.7655870">
    <ele>223.4</ele>
    <time>2025-04-02T18:51:04Z</time>
   </trkpt>
   <trkpt lat="45.7526780" lon="4.7655760">
    <ele>223.4</ele>
    <time>2025-04-02T18:51:05Z</time>
   </trkpt>
   <trkpt lat="45.7527140" lon="4.7655750">
    <ele>223.5</ele>
    <time>2025-04-02T18:51:06Z</time>
   </trkpt>
   <trkpt lat="45.7527590" lon="4.7655430">
    <ele>223.5</ele>
    <time>2025-04-02T18:51:07Z</time>
   </trkpt>
   <trkpt lat="45.7527920" lon="4.7655300">
    <ele>223.6</ele>
    <time>2025-04-02T18:51:08Z</time>
   </trkpt>
   <trkpt lat="45.7528340" lon="4.7655120">
    <ele>223.6</ele>
    <time>2025-04-02T18:51:09Z</time>
   </trkpt>
   <trkpt lat="45.7528720" lon="4.7654980">
    <ele>223.6</ele>
    <time>2025-04-02T18:51:10Z</time>
   </trkpt>
   <trkpt lat="45.7529050" lon="4.7654910">
    <ele>223.7</ele>
    <time>2025-04-02T18:51:11Z</time>
   </trkpt>
   <trkpt lat="45.7529410" lon="4.7654690">
    <ele>223.7</ele>
    <time>2025-04-02T18:51:12Z</time>
   </trkpt>
   <trkpt lat="45.7529760" lon="4.7654520">
    <ele>223.7</ele>
    <time>2025-04-02T18:51:13Z</time>
   </trkpt>
   <trkpt lat="45.7530100" lon="4.7654400">
    <ele>223.7</ele>
    <time>2025-04-02T18:51:14Z</time>
   </trkpt>
   <trkpt lat="45.7530410" lon="4.7654200">
    <ele>223.7</ele>
    <time>2025-04-02T18:51:15Z</time>
   </trkpt>
   <trkpt lat="45.7530770" lon="4.7654090">
    <ele>223.7</ele>
    <time>2025-04-02T18:51:16Z</time>
   </trkpt>
   <trkpt lat="45.7531070" lon="4.7653890">
    <ele>223.7</ele>
    <time>2025-04-02T18:51:17Z</time>
   </trkpt>
   <trkpt lat="45.7531410" lon="4.7653690">
    <ele>223.7</ele>
    <time>2025-04-02T18:51:18Z</time>
   </trkpt>
   <trkpt lat="45.7531820" lon="4.7653660">
    <ele>223.7</ele>
    <time>2025-04-02T18:51:19Z</time>
   </trkpt>
   <trkpt lat="45.7532120" lon="4.7653420">
    <ele>223.7</ele>
    <time>2025-04-02T18:51:20Z</time>
   </trkpt>
   <trkpt lat="45.7532510" lon="4.7653060">
    <ele>223.8</ele>
    <time>2025-04-02T18:51:21Z</time>
   </trkpt>
   <trkpt lat="45.7532800" lon="4.7652970">
    <ele>223.8</ele>
    <time>2025-04-02T18:51:22Z</time>
   </trkpt>
   <trkpt lat="45.7533100" lon="4.7652830">
    <ele>223.8</ele>
    <time>2025-04-02T18:51:23Z</time>
   </trkpt>
   <trkpt lat="45.7533450" lon="4.7652570">
    <ele>223.8</ele>
    <time>2025-04-02T18:51:24Z</time>
   </trkpt>
   <trkpt lat="45.7533800" lon="4.7652220">
    <ele>223.8</ele>
    <time>2025-04-02T18:51:25Z</time>
   </trkpt>
   <trkpt lat="45.7534140" lon="4.7651990">
    <ele>223.8</ele>
    <time>2025-04-02T18:51:26Z</time>
   </trkpt>
   <trkpt lat="45.7534480" lon="4.7651710">
    <ele>223.8</ele>
    <time>2025-04-02T18:51:27Z</time>
   </trkpt>
   <trkpt lat="45.7534780" lon="4.7651490">
    <ele>223.8</ele>
    <time>2025-04-02T18:51:28Z</time>
   </trkpt>
   <trkpt lat="45.7535080" lon="4.7651250">
    <ele>223.8</ele>
    <time>2025-04-02T18:51:29Z</time>
   </trkpt>
   <trkpt lat="45.7535430" lon="4.7650990">
    <ele>223.8</ele>
    <time>2025-04-02T18:51:31Z</time>
   </trkpt>
   <trkpt lat="45.7535740" lon="4.7650800">
    <ele>223.8</ele>
    <time>2025-04-02T18:51:32Z</time>
   </trkpt>
   <trkpt lat="45.7535960" lon="4.7650510">
    <ele>223.8</ele>
    <time>2025-04-02T18:51:33Z</time>
   </trkpt>
   <trkpt lat="45.7536270" lon="4.7650280">
    <ele>223.8</ele>
    <time>2025-04-02T18:51:34Z</time>
   </trkpt>
   <trkpt lat="45.7536610" lon="4.7650050">
    <ele>223.8</ele>
    <time>2025-04-02T18:51:35Z</time>
   </trkpt>
   <trkpt lat="45.7536930" lon="4.7649850">
    <ele>223.8</ele>
    <time>2025-04-02T18:51:36Z</time>
   </trkpt>
   <trkpt lat="45.7537210" lon="4.7649490">
    <ele>223.8</ele>
    <time>2025-04-02T18:51:37Z</time>
   </trkpt>
   <trkpt lat="45.7537530" lon="4.7649120">
    <ele>223.8</ele>
    <time>2025-04-02T18:51:38Z</time>
   </trkpt>
   <trkpt lat="45.7537870" lon="4.7648850">
    <ele>223.8</ele>
    <time>2025-04-02T18:51:39Z</time>
   </trkpt>
   <trkpt lat="45.7538160" lon="4.7648560">
    <ele>223.8</ele>
    <time>2025-04-02T18:51:40Z</time>
   </trkpt>
   <trkpt lat="45.7538410" lon="4.7648250">
    <ele>223.8</ele>
    <time>2025-04-02T18:51:41Z</time>
   </trkpt>
   <trkpt lat="45.7538760" lon="4.7647960">
    <ele>223.8</ele>
    <time>2025-04-02T18:51:42Z</time>
   </trkpt>
   <trkpt lat="45.7539170" lon="4.7647950">
    <ele>223.8</ele>
    <time>2025-04-02T18:51:43Z</time>
   </trkpt>
   <trkpt lat="45.7539540" lon="4.7648330">
    <ele>223.8</ele>
    <time>2025-04-02T18:51:44Z</time>
   </trkpt>
   <trkpt lat="45.7539740" lon="4.7648900">
    <ele>223.8</ele>
    <time>2025-04-02T18:51:45Z</time>
   </trkpt>
   <trkpt lat="45.7539980" lon="4.7649360">
    <ele>223.9</ele>
    <time>2025-04-02T18:51:46Z</time>
   </trkpt>
   <trkpt lat="45.7540140" lon="4.7649810">
    <ele>223.9</ele>
    <time>2025-04-02T18:51:47Z</time>
   </trkpt>
   <trkpt lat="45.7540070" lon="4.7650290">
    <ele>223.9</ele>
    <time>2025-04-02T18:51:48Z</time>
   </trkpt>
   <trkpt lat="45.7540160" lon="4.7650860">
    <ele>223.9</ele>
    <time>2025-04-02T18:51:49Z</time>
   </trkpt>
   <trkpt lat="45.7540220" lon="4.7651450">
    <ele>223.9</ele>
    <time>2025-04-02T18:51:50Z</time>
   </trkpt>
   <trkpt lat="45.7540300" lon="4.7651910">
    <ele>223.9</ele>
    <time>2025-04-02T18:51:51Z</time>
   </trkpt>
   <trkpt lat="45.7540340" lon="4.7652390">
    <ele>224.0</ele>
    <time>2025-04-02T18:51:52Z</time>
   </trkpt>
   <trkpt lat="45.7540460" lon="4.7652930">
    <ele>224.0</ele>
    <time>2025-04-02T18:51:53Z</time>
   </trkpt>
   <trkpt lat="45.7540510" lon="4.7653440">
    <ele>224.0</ele>
    <time>2025-04-02T18:51:54Z</time>
   </trkpt>
   <trkpt lat="45.7540510" lon="4.7653920">
    <ele>224.0</ele>
    <time>2025-04-02T18:51:55Z</time>
   </trkpt>
   <trkpt lat="45.7540570" lon="4.7654470">
    <ele>224.0</ele>
    <time>2025-04-02T18:51:56Z</time>
   </trkpt>
   <trkpt lat="45.7540570" lon="4.7654900">
    <ele>224.0</ele>
    <time>2025-04-02T18:51:57Z</time>
   </trkpt>
   <trkpt lat="45.7540710" lon="4.7655480">
    <ele>224.0</ele>
    <time>2025-04-02T18:51:58Z</time>
   </trkpt>
   <trkpt lat="45.7540690" lon="4.7655960">
    <ele>223.9</ele>
    <time>2025-04-02T18:51:59Z</time>
   </trkpt>
   <trkpt lat="45.7540740" lon="4.7656500">
    <ele>223.9</ele>
    <time>2025-04-02T18:52:00Z</time>
   </trkpt>
   <trkpt lat="45.7540780" lon="4.7657030">
    <ele>223.9</ele>
    <time>2025-04-02T18:52:01Z</time>
   </trkpt>
   <trkpt lat="45.7540870" lon="4.7657630">
    <ele>223.9</ele>
    <time>2025-04-02T18:52:02Z</time>
   </trkpt>
   <trkpt lat="45.7540830" lon="4.7658060">
    <ele>223.9</ele>
    <time>2025-04-02T18:52:03Z</time>
   </trkpt>
   <trkpt lat="45.7540800" lon="4.7658550">
    <ele>223.8</ele>
    <time>2025-04-02T18:52:04Z</time>
   </trkpt>
   <trkpt lat="45.7540910" lon="4.7659110">
    <ele>223.8</ele>
    <time>2025-04-02T18:52:05Z</time>
   </trkpt>
   <trkpt lat="45.7540990" lon="4.7659560">
    <ele>223.8</ele>
    <time>2025-04-02T18:52:06Z</time>
   </trkpt>
   <trkpt lat="45.7541060" lon="4.7660140">
    <ele>223.7</ele>
    <time>2025-04-02T18:52:07Z</time>
   </trkpt>
   <trkpt lat="45.7541210" lon="4.7660690">
    <ele>223.7</ele>
    <time>2025-04-02T18:52:08Z</time>
   </trkpt>
   <trkpt lat="45.7541270" lon="4.7661160">
    <ele>223.7</ele>
    <time>2025-04-02T18:52:09Z</time>
   </trkpt>
   <trkpt lat="45.7541360" lon="4.7661710">
    <ele>223.6</ele>
    <time>2025-04-02T18:52:10Z</time>
   </trkpt>
   <trkpt lat="45.7541390" lon="4.7662270">
    <ele>223.6</ele>
    <time>2025-04-02T18:52:11Z</time>
   </trkpt>
   <trkpt lat="45.7541390" lon="4.7662780">
    <ele>223.6</ele>
    <time>2025-04-02T18:52:12Z</time>
   </trkpt>
   <trkpt lat="45.7541400" lon="4.7663260">
    <ele>223.6</ele>
    <time>2025-04-02T18:52:13Z</time>
   </trkpt>
   <trkpt lat="45.7541500" lon="4.7663710">
    <ele>223.6</ele>
    <time>2025-04-02T18:52:14Z</time>
   </trkpt>
   <trkpt lat="45.7541740" lon="4.7664170">
    <ele>223.5</ele>
    <time>2025-04-02T18:52:15Z</time>
   </trkpt>
   <trkpt lat="45.7542140" lon="4.7664400">
    <ele>223.5</ele>
    <time>2025-04-02T18:52:16Z</time>
   </trkpt>
   <trkpt lat="45.7542590" lon="4.7664560">
    <ele>223.5</ele>
    <time>2025-04-02T18:52:17Z</time>
   </trkpt>
   <trkpt lat="45.7542940" lon="4.7664610">
    <ele>223.4</ele>
    <time>2025-04-02T18:52:18Z</time>
   </trkpt>
   <trkpt lat="45.7543300" lon="4.7664700">
    <ele>223.4</ele>
    <time>2025-04-02T18:52:19Z</time>
   </trkpt>
   <trkpt lat="45.7543690" lon="4.7664660">
    <ele>223.4</ele>
    <time>2025-04-02T18:52:20Z</time>
   </trkpt>
   <trkpt lat="45.7543990" lon="4.7664710">
    <ele>223.4</ele>
    <time>2025-04-02T18:52:21Z</time>
   </trkpt>
   <trkpt lat="45.7544370" lon="4.7664630">
    <ele>223.4</ele>
    <time>2025-04-02T18:52:22Z</time>
   </trkpt>
   <trkpt lat="45.7544660" lon="4.7664740">
    <ele>223.4</ele>
    <time>2025-04-02T18:52:23Z</time>
   </trkpt>
   <trkpt lat="45.7545040" lon="4.7664620">
    <ele>223.4</ele>
    <time>2025-04-02T18:52:24Z</time>
   </trkpt>
   <trkpt lat="45.7545770" lon="4.7664520">
    <ele>223.3</ele>
    <time>2025-04-02T18:52:25Z</time>
   </trkpt>
   <trkpt lat="45.7546090" lon="4.7664660">
    <ele>223.3</ele>
    <time>2025-04-02T18:52:26Z</time>
   </trkpt>
   <trkpt lat="45.7546430" lon="4.7664680">
    <ele>223.2</ele>
    <time>2025-04-02T18:52:27Z</time>
   </trkpt>
   <trkpt lat="45.7546770" lon="4.7664800">
    <ele>223.1</ele>
    <time>2025-04-02T18:52:28Z</time>
   </trkpt>
   <trkpt lat="45.7547050" lon="4.7664870">
    <ele>223.1</ele>
    <time>2025-04-02T18:52:29Z</time>
   </trkpt>
   <trkpt lat="45.7547420" lon="4.7664990">
    <ele>223.0</ele>
    <time>2025-04-02T18:52:30Z</time>
   </trkpt>
   <trkpt lat="45.7547720" lon="4.7665270">
    <ele>222.9</ele>
    <time>2025-04-02T18:52:31Z</time>
   </trkpt>
   <trkpt lat="45.7548030" lon="4.7665560">
    <ele>222.9</ele>
    <time>2025-04-02T18:52:32Z</time>
   </trkpt>
   <trkpt lat="45.7548290" lon="4.7665930">
    <ele>222.8</ele>
    <time>2025-04-02T18:52:33Z</time>
   </trkpt>
   <trkpt lat="45.7548520" lon="4.7666370">
    <ele>222.7</ele>
    <time>2025-04-02T18:52:34Z</time>
   </trkpt>
   <trkpt lat="45.7548690" lon="4.7666850">
    <ele>222.6</ele>
    <time>2025-04-02T18:52:35Z</time>
   </trkpt>
   <trkpt lat="45.7548770" lon="4.7667260">
    <ele>222.6</ele>
    <time>2025-04-02T18:52:36Z</time>
   </trkpt>
   <trkpt lat="45.7548770" lon="4.7667780">
    <ele>222.5</ele>
    <time>2025-04-02T18:52:37Z</time>
   </trkpt>
   <trkpt lat="45.7548870" lon="4.7668270">
    <ele>222.5</ele>
    <time>2025-04-02T18:52:38Z</time>
   </trkpt>
   <trkpt lat="45.7548920" lon="4.7668880">
    <ele>222.4</ele>
    <time>2025-04-02T18:52:39Z</time>
   </trkpt>
   <trkpt lat="45.7548890" lon="4.7669380">
    <ele>222.3</ele>
    <time>2025-04-02T18:52:40Z</time>
   </trkpt>
   <trkpt lat="45.7548900" lon="4.7669880">
    <ele>222.3</ele>
    <time>2025-04-02T18:52:41Z</time>
   </trkpt>
   <trkpt lat="45.7548880" lon="4.7670370">
    <ele>222.2</ele>
    <time>2025-04-02T18:52:42Z</time>
   </trkpt>
   <trkpt lat="45.7548880" lon="4.7670950">
    <ele>222.2</ele>
    <time>2025-04-02T18:52:43Z</time>
   </trkpt>
   <trkpt lat="45.7548880" lon="4.7671500">
    <ele>222.1</ele>
    <time>2025-04-02T18:52:44Z</time>
   </trkpt>
   <trkpt lat="45.7548950" lon="4.7672030">
    <ele>222.1</ele>
    <time>2025-04-02T18:52:45Z</time>
   </trkpt>
   <trkpt lat="45.7549090" lon="4.7672440">
    <ele>222.1</ele>
    <time>2025-04-02T18:52:46Z</time>
   </trkpt>
   <trkpt lat="45.7549230" lon="4.7672980">
    <ele>222.1</ele>
    <time>2025-04-02T18:52:48Z</time>
   </trkpt>
   <trkpt lat="45.7549350" lon="4.7673430">
    <ele>222.1</ele>
    <time>2025-04-02T18:52:49Z</time>
   </trkpt>
   <trkpt lat="45.7549520" lon="4.7673910">
    <ele>222.2</ele>
    <time>2025-04-02T18:52:50Z</time>
   </trkpt>
   <trkpt lat="45.7549790" lon="4.7674240">
    <ele>222.2</ele>
    <time>2025-04-02T18:52:51Z</time>
   </trkpt>
   <trkpt lat="45.7550130" lon="4.7674460">
    <ele>222.2</ele>
    <time>2025-04-02T18:52:52Z</time>
   </trkpt>
   <trkpt lat="45.7550520" lon="4.7674600">
    <ele>222.2</ele>
    <time>2025-04-02T18:52:53Z</time>
   </trkpt>
   <trkpt lat="45.7550890" lon="4.7674720">
    <ele>222.2</ele>
    <time>2025-04-02T18:52:54Z</time>
   </trkpt>
   <trkpt lat="45.7551150" lon="4.7674800">
    <ele>222.3</ele>
    <time>2025-04-02T18:52:55Z</time>
   </trkpt>
   <trkpt lat="45.7551500" lon="4.7674730">
    <ele>222.3</ele>
    <time>2025-04-02T18:52:56Z</time>
   </trkpt>
   <trkpt lat="45.7551860" lon="4.7674620">
    <ele>222.3</ele>
    <time>2025-04-02T18:52:57Z</time>
   </trkpt>
   <trkpt lat="45.7552210" lon="4.7674720">
    <ele>222.3</ele>
    <time>2025-04-02T18:52:58Z</time>
   </trkpt>
   <trkpt lat="45.7552610" lon="4.7674670">
    <ele>222.3</ele>
    <time>2025-04-02T18:52:59Z</time>
   </trkpt>
   <trkpt lat="45.7552930" lon="4.7674660">
    <ele>222.4</ele>
    <time>2025-04-02T18:53:00Z</time>
   </trkpt>
   <trkpt lat="45.7553350" lon="4.7674610">
    <ele>222.4</ele>
    <time>2025-04-02T18:53:01Z</time>
   </trkpt>
   <trkpt lat="45.7553670" lon="4.7674630">
    <ele>222.4</ele>
    <time>2025-04-02T18:53:02Z</time>
   </trkpt>
   <trkpt lat="45.7553990" lon="4.7674660">
    <ele>222.4</ele>
    <time>2025-04-02T18:53:03Z</time>
   </trkpt>
   <trkpt lat="45.7554370" lon="4.7674640">
    <ele>222.4</ele>
    <time>2025-04-02T18:53:04Z</time>
   </trkpt>
   <trkpt lat="45.7554740" lon="4.7674690">
    <ele>222.5</ele>
    <time>2025-04-02T18:53:05Z</time>
   </trkpt>
   <trkpt lat="45.7555110" lon="4.7674690">
    <ele>222.5</ele>
    <time>2025-04-02T18:53:06Z</time>
   </trkpt>
   <trkpt lat="45.7555480" lon="4.7674670">
    <ele>222.5</ele>
    <time>2025-04-02T18:53:07Z</time>
   </trkpt>
   <trkpt lat="45.7555810" lon="4.7674730">
    <ele>222.5</ele>
    <time>2025-04-02T18:53:08Z</time>
   </trkpt>
   <trkpt lat="45.7556220" lon="4.7674730">
    <ele>222.5</ele>
    <time>2025-04-02T18:53:09Z</time>
   </trkpt>
   <trkpt lat="45.7556620" lon="4.7674680">
    <ele>222.5</ele>
    <time>2025-04-02T18:53:10Z</time>
   </trkpt>
   <trkpt lat="45.7556970" lon="4.7674710">
    <ele>222.5</ele>
    <time>2025-04-02T18:53:11Z</time>
   </trkpt>
   <trkpt lat="45.7557340" lon="4.7674710">
    <ele>222.5</ele>
    <time>2025-04-02T18:53:12Z</time>
   </trkpt>
   <trkpt lat="45.7557750" lon="4.7674680">
    <ele>222.5</ele>
    <time>2025-04-02T18:53:13Z</time>
   </trkpt>
   <trkpt lat="45.7558190" lon="4.7674620">
    <ele>222.6</ele>
    <time>2025-04-02T18:53:14Z</time>
   </trkpt>
   <trkpt lat="45.7558550" lon="4.7674580">
    <ele>222.6</ele>
    <time>2025-04-02T18:53:15Z</time>
   </trkpt>
   <trkpt lat="45.7558950" lon="4.7674610">
    <ele>222.6</ele>
    <time>2025-04-02T18:53:16Z</time>
   </trkpt>
   <trkpt lat="45.7559300" lon="4.7674700">
    <ele>222.6</ele>
    <time>2025-04-02T18:53:17Z</time>
   </trkpt>
   <trkpt lat="45.7559690" lon="4.7674600">
    <ele>222.6</ele>
    <time>2025-04-02T18:53:18Z</time>
   </trkpt>
   <trkpt lat="45.7560040" lon="4.7674650">
    <ele>222.6</ele>
    <time>2025-04-02T18:53:19Z</time>
   </trkpt>
   <trkpt lat="45.7560390" lon="4.7674710">
    <ele>222.6</ele>
    <time>2025-04-02T18:53:20Z</time>
   </trkpt>
   <trkpt lat="45.7560770" lon="4.7674650">
    <ele>222.6</ele>
    <time>2025-04-02T18:53:21Z</time>
   </trkpt>
   <trkpt lat="45.7561140" lon="4.7674530">
    <ele>222.6</ele>
    <time>2025-04-02T18:53:22Z</time>
   </trkpt>
   <trkpt lat="45.7561470" lon="4.7674530">
    <ele>222.6</ele>
    <time>2025-04-02T18:53:23Z</time>
   </trkpt>
   <trkpt lat="45.7561820" lon="4.7674610">
    <ele>222.6</ele>
    <time>2025-04-02T18:53:24Z</time>
   </trkpt>
   <trkpt lat="45.7562220" lon="4.7674730">
    <ele>222.5</ele>
    <time>2025-04-02T18:53:25Z</time>
   </trkpt>
   <trkpt lat="45.7562650" lon="4.7674510">
    <ele>222.5</ele>
    <time>2025-04-02T18:53:26Z</time>
   </trkpt>
   <trkpt lat="45.7563050" lon="4.7674610">
    <ele>222.5</ele>
    <time>2025-04-02T18:53:27Z</time>
   </trkpt>
   <trkpt lat="45.7563460" lon="4.7674490">
    <ele>222.5</ele>
    <time>2025-04-02T18:53:28Z</time>
   </trkpt>
   <trkpt lat="45.7563850" lon="4.7674430">
    <ele>222.5</ele>
    <time>2025-04-02T18:53:29Z</time>
   </trkpt>
   <trkpt lat="45.7564140" lon="4.7674430">
    <ele>222.4</ele>
    <time>2025-04-02T18:53:30Z</time>
   </trkpt>
   <trkpt lat="45.7564560" lon="4.7674420">
    <ele>222.4</ele>
    <time>2025-04-02T18:53:31Z</time>
   </trkpt>
   <trkpt lat="45.7564970" lon="4.7674280">
    <ele>222.4</ele>
    <time>2025-04-02T18:53:32Z</time>
   </trkpt>
   <trkpt lat="45.7565330" lon="4.7674180">
    <ele>222.4</ele>
    <time>2025-04-02T18:53:33Z</time>
   </trkpt>
   <trkpt lat="45.7565700" lon="4.7674200">
    <ele>222.3</ele>
    <time>2025-04-02T18:53:34Z</time>
   </trkpt>
   <trkpt lat="45.7565850" lon="4.7674230">
    <ele>222.3</ele>
    <time>2025-04-02T18:53:35Z</time>
   </trkpt>
   <trkpt lat="45.7566130" lon="4.7674080">
    <ele>222.3</ele>
    <time>2025-04-02T18:53:36Z</time>
   </trkpt>
   <trkpt lat="45.7566460" lon="4.7674070">
    <ele>222.3</ele>
    <time>2025-04-02T18:53:37Z</time>
   </trkpt>
   <trkpt lat="45.7566770" lon="4.7674060">
    <ele>222.3</ele>
    <time>2025-04-02T18:53:38Z</time>
   </trkpt>
   <trkpt lat="45.7567130" lon="4.7673860">
    <ele>222.2</ele>
    <time>2025-04-02T18:53:39Z</time>
   </trkpt>
   <trkpt lat="45.7567610" lon="4.7673830">
    <ele>222.2</ele>
    <time>2025-04-02T18:53:40Z</time>
   </trkpt>
   <trkpt lat="45.7567980" lon="4.7673560">
    <ele>222.2</ele>
    <time>2025-04-02T18:53:41Z</time>
   </trkpt>
   <trkpt lat="45.7568420" lon="4.7673690">
    <ele>222.2</ele>
    <time>2025-04-02T18:53:42Z</time>
   </trkpt>
   <trkpt lat="45.7568800" lon="4.7673770">
    <ele>222.1</ele>
    <time>2025-04-02T18:53:43Z</time>
   </trkpt>
   <trkpt lat="45.7569230" lon="4.7673800">
    <ele>222.1</ele>
    <time>2025-04-02T18:53:44Z</time>
   </trkpt>
   <trkpt lat="45.7569610" lon="4.7673880">
    <ele>222.1</ele>
    <time>2025-04-02T18:53:45Z</time>
   </trkpt>
   <trkpt lat="45.7569970" lon="4.7673960">
    <ele>222.0</ele>
    <time>2025-04-02T18:53:46Z</time>
   </trkpt>
   <trkpt lat="45.7570420" lon="4.7673770">
    <ele>222.0</ele>
    <time>2025-04-02T18:53:47Z</time>
   </trkpt>
   <trkpt lat="45.7570830" lon="4.7673880">
    <ele>222.0</ele>
    <time>2025-04-02T18:53:48Z</time>
   </trkpt>
   <trkpt lat="45.7571260" lon="4.7673880">
    <ele>221.9</ele>
    <time>2025-04-02T18:53:49Z</time>
   </trkpt>
   <trkpt lat="45.7571660" lon="4.7673920">
    <ele>221.9</ele>
    <time>2025-04-02T18:53:50Z</time>
   </trkpt>
   <trkpt lat="45.7572030" lon="4.7673870">
    <ele>221.9</ele>
    <time>2025-04-02T18:53:51Z</time>
   </trkpt>
   <trkpt lat="45.7572380" lon="4.7673770">
    <ele>221.9</ele>
    <time>2025-04-02T18:53:52Z</time>
   </trkpt>
   <trkpt lat="45.7572770" lon="4.7673780">
    <ele>221.8</ele>
    <time>2025-04-02T18:53:53Z</time>
   </trkpt>
   <trkpt lat="45.7573170" lon="4.7673780">
    <ele>221.8</ele>
    <time>2025-04-02T18:53:54Z</time>
   </trkpt>
   <trkpt lat="45.7573590" lon="4.7673730">
    <ele>221.8</ele>
    <time>2025-04-02T18:53:55Z</time>
   </trkpt>
   <trkpt lat="45.7573940" lon="4.7673780">
    <ele>221.8</ele>
    <time>2025-04-02T18:53:56Z</time>
   </trkpt>
   <trkpt lat="45.7574320" lon="4.7673670">
    <ele>221.8</ele>
    <time>2025-04-02T18:53:57Z</time>
   </trkpt>
   <trkpt lat="45.7574710" lon="4.7673640">
    <ele>221.8</ele>
    <time>2025-04-02T18:53:58Z</time>
   </trkpt>
   <trkpt lat="45.7575150" lon="4.7673600">
    <ele>221.8</ele>
    <time>2025-04-02T18:53:59Z</time>
   </trkpt>
   <trkpt lat="45.7575480" lon="4.7673640">
    <ele>221.7</ele>
    <time>2025-04-02T18:54:00Z</time>
   </trkpt>
   <trkpt lat="45.7575900" lon="4.7673600">
    <ele>221.7</ele>
    <time>2025-04-02T18:54:01Z</time>
   </trkpt>
   <trkpt lat="45.7576300" lon="4.7673540">
    <ele>221.7</ele>
    <time>2025-04-02T18:54:02Z</time>
   </trkpt>
   <trkpt lat="45.7576690" lon="4.7673450">
    <ele>221.7</ele>
    <time>2025-04-02T18:54:03Z</time>
   </trkpt>
   <trkpt lat="45.7576990" lon="4.7673430">
    <ele>221.7</ele>
    <time>2025-04-02T18:54:04Z</time>
   </trkpt>
   <trkpt lat="45.7577370" lon="4.7673430">
    <ele>221.7</ele>
    <time>2025-04-02T18:54:05Z</time>
   </trkpt>
   <trkpt lat="45.7577700" lon="4.7673740">
    <ele>221.6</ele>
    <time>2025-04-02T18:54:06Z</time>
   </trkpt>
   <trkpt lat="45.7577980" lon="4.7673910">
    <ele>221.6</ele>
    <time>2025-04-02T18:54:07Z</time>
   </trkpt>
   <trkpt lat="45.7578390" lon="4.7673890">
    <ele>221.6</ele>
    <time>2025-04-02T18:54:08Z</time>
   </trkpt>
   <trkpt lat="45.7578790" lon="4.7673820">
    <ele>221.6</ele>
    <time>2025-04-02T18:54:09Z</time>
   </trkpt>
   <trkpt lat="45.7579150" lon="4.7673760">
    <ele>221.6</ele>
    <time>2025-04-02T18:54:10Z</time>
   </trkpt>
   <trkpt lat="45.7579560" lon="4.7673790">
    <ele>221.5</ele>
    <time>2025-04-02T18:54:11Z</time>
   </trkpt>
   <trkpt lat="45.7579920" lon="4.7673840">
    <ele>221.5</ele>
    <time>2025-04-02T18:54:12Z</time>
   </trkpt>
   <trkpt lat="45.7580350" lon="4.7673800">
    <ele>221.5</ele>
    <time>2025-04-02T18:54:13Z</time>
   </trkpt>
   <trkpt lat="45.7580720" lon="4.7673840">
    <ele>221.5</ele>
    <time>2025-04-02T18:54:14Z</time>
   </trkpt>
   <trkpt lat="45.7581150" lon="4.7673720">
    <ele>221.4</ele>
    <time>2025-04-02T18:54:15Z</time>
   </trkpt>
   <trkpt lat="45.7581510" lon="4.7673760">
    <ele>221.4</ele>
    <time>2025-04-02T18:54:16Z</time>
   </trkpt>
   <trkpt lat="45.7581880" lon="4.7673890">
    <ele>221.4</ele>
    <time>2025-04-02T18:54:17Z</time>
   </trkpt>
   <trkpt lat="45.7582280" lon="4.7673850">
    <ele>221.3</ele>
    <time>2025-04-02T18:54:18Z</time>
   </trkpt>
   <trkpt lat="45.7582640" lon="4.7673790">
    <ele>221.3</ele>
    <time>2025-04-02T18:54:19Z</time>
   </trkpt>
   <trkpt lat="45.7583010" lon="4.7673750">
    <ele>221.3</ele>
    <time>2025-04-02T18:54:20Z</time>
   </trkpt>
   <trkpt lat="45.7583440" lon="4.7673680">
    <ele>221.2</ele>
    <time>2025-04-02T18:54:21Z</time>
   </trkpt>
   <trkpt lat="45.7583830" lon="4.7673670">
    <ele>221.2</ele>
    <time>2025-04-02T18:54:22Z</time>
   </trkpt>
   <trkpt lat="45.7584210" lon="4.7673650">
    <ele>221.2</ele>
    <time>2025-04-02T18:54:23Z</time>
   </trkpt>
   <trkpt lat="45.7584560" lon="4.7673720">
    <ele>221.1</ele>
    <time>2025-04-02T18:54:24Z</time>
   </trkpt>
   <trkpt lat="45.7584950" lon="4.7673730">
    <ele>221.1</ele>
    <time>2025-04-02T18:54:25Z</time>
   </trkpt>
   <trkpt lat="45.7585350" lon="4.7673670">
    <ele>221.1</ele>
    <time>2025-04-02T18:54:26Z</time>
   </trkpt>
   <trkpt lat="45.7585730" lon="4.7673810">
    <ele>221.0</ele>
    <time>2025-04-02T18:54:27Z</time>
   </trkpt>
   <trkpt lat="45.7586170" lon="4.7673870">
    <ele>221.0</ele>
    <time>2025-04-02T18:54:28Z</time>
   </trkpt>
   <trkpt lat="45.7586360" lon="4.7673830">
    <ele>221.0</ele>
    <time>2025-04-02T18:54:29Z</time>
   </trkpt>
   <trkpt lat="45.7586780" lon="4.7673770">
    <ele>221.0</ele>
    <time>2025-04-02T18:54:30Z</time>
   </trkpt>
   <trkpt lat="45.7587600" lon="4.7674100">
    <ele>220.9</ele>
    <time>2025-04-02T18:54:31Z</time>
   </trkpt>
   <trkpt lat="45.7587900" lon="4.7674420">
    <ele>220.9</ele>
    <time>2025-04-02T18:54:32Z</time>
   </trkpt>
   <trkpt lat="45.7588330" lon="4.7674760">
    <ele>220.9</ele>
    <time>2025-04-02T18:54:33Z</time>
   </trkpt>
   <trkpt lat="45.7588620" lon="4.7675190">
    <ele>220.9</ele>
    <time>2025-04-02T18:54:34Z</time>
   </trkpt>
   <trkpt lat="45.7588790" lon="4.7675740">
    <ele>220.7</ele>
    <time>2025-04-02T18:54:35Z</time>
   </trkpt>
   <trkpt lat="45.7588870" lon="4.7676270">
    <ele>220.7</ele>
    <time>2025-04-02T18:54:36Z</time>
   </trkpt>
   <trkpt lat="45.7589010" lon="4.7676790">
    <ele>220.6</ele>
    <time>2025-04-02T18:54:37Z</time>
   </trkpt>
   <trkpt lat="45.7589120" lon="4.7677270">
    <ele>220.5</ele>
    <time>2025-04-02T18:54:38Z</time>
   </trkpt>
   <trkpt lat="45.7589240" lon="4.7677690">
    <ele>220.4</ele>
    <time>2025-04-02T18:54:39Z</time>
   </trkpt>
   <trkpt lat="45.7589300" lon="4.7678260">
    <ele>220.3</ele>
    <time>2025-04-02T18:54:40Z</time>
   </trkpt>
   <trkpt lat="45.7589470" lon="4.7678620">
    <ele>220.2</ele>
    <time>2025-04-02T18:54:41Z</time>
   </trkpt>
   <trkpt lat="45.7589570" lon="4.7679130">
    <ele>220.2</ele>
    <time>2025-04-02T18:54:42Z</time>
   </trkpt>
   <trkpt lat="45.7589640" lon="4.7679630">
    <ele>220.1</ele>
    <time>2025-04-02T18:54:43Z</time>
   </trkpt>
   <trkpt lat="45.7589650" lon="4.7680250">
    <ele>220.0</ele>
    <time>2025-04-02T18:54:44Z</time>
   </trkpt>
   <trkpt lat="45.7589630" lon="4.7680690">
    <ele>219.9</ele>
    <time>2025-04-02T18:54:45Z</time>
   </trkpt>
   <trkpt lat="45.7589750" lon="4.7681360">
    <ele>219.8</ele>
    <time>2025-04-02T18:54:46Z</time>
   </trkpt>
   <trkpt lat="45.7589750" lon="4.7681850">
    <ele>219.7</ele>
    <time>2025-04-02T18:54:48Z</time>
   </trkpt>
   <trkpt lat="45.7589800" lon="4.7682390">
    <ele>219.7</ele>
    <time>2025-04-02T18:54:49Z</time>
   </trkpt>
   <trkpt lat="45.7589820" lon="4.7682930">
    <ele>219.6</ele>
    <time>2025-04-02T18:54:50Z</time>
   </trkpt>
   <trkpt lat="45.7589850" lon="4.7683450">
    <ele>219.6</ele>
    <time>2025-04-02T18:54:51Z</time>
   </trkpt>
   <trkpt lat="45.7589910" lon="4.7684080">
    <ele>219.5</ele>
    <time>2025-04-02T18:54:52Z</time>
   </trkpt>
   <trkpt lat="45.7589900" lon="4.7684580">
    <ele>219.5</ele>
    <time>2025-04-02T18:54:53Z</time>
   </trkpt>
   <trkpt lat="45.7589890" lon="4.7685160">
    <ele>219.5</ele>
    <time>2025-04-02T18:54:54Z</time>
   </trkpt>
   <trkpt lat="45.7589850" lon="4.7685680">
    <ele>219.4</ele>
    <time>2025-04-02T18:54:55Z</time>
   </trkpt>
   <trkpt lat="45.7589790" lon="4.7686280">
    <ele>219.4</ele>
    <time>2025-04-02T18:54:56Z</time>
   </trkpt>
   <trkpt lat="45.7589820" lon="4.7686680">
    <ele>219.4</ele>
    <time>2025-04-02T18:54:57Z</time>
   </trkpt>
   <trkpt lat="45.7589780" lon="4.7687370">
    <ele>219.4</ele>
    <time>2025-04-02T18:54:58Z</time>
   </trkpt>
   <trkpt lat="45.7589860" lon="4.7687800">
    <ele>219.4</ele>
    <time>2025-04-02T18:54:59Z</time>
   </trkpt>
   <trkpt lat="45.7589860" lon="4.7688330">
    <ele>219.4</ele>
    <time>2025-04-02T18:55:00Z</time>
   </trkpt>
   <trkpt lat="45.7589840" lon="4.7688900">
    <ele>219.3</ele>
    <time>2025-04-02T18:55:01Z</time>
   </trkpt>
   <trkpt lat="45.7590020" lon="4.7689330">
    <ele>219.3</ele>
    <time>2025-04-02T18:55:02Z</time>
   </trkpt>
   <trkpt lat="45.7590110" lon="4.7689810">
    <ele>219.3</ele>
    <time>2025-04-02T18:55:03Z</time>
   </trkpt>
   <trkpt lat="45.7590130" lon="4.7690330">
    <ele>219.3</ele>
    <time>2025-04-02T18:55:04Z</time>
   </trkpt>
   <trkpt lat="45.7590190" lon="4.7690720">
    <ele>219.3</ele>
    <time>2025-04-02T18:55:05Z</time>
   </trkpt>
   <trkpt lat="45.7590320" lon="4.7691200">
    <ele>219.3</ele>
    <time>2025-04-02T18:55:06Z</time>
   </trkpt>
   <trkpt lat="45.7590600" lon="4.7691390">
    <ele>219.3</ele>
    <time>2025-04-02T18:55:07Z</time>
   </trkpt>
   <trkpt lat="45.7591120" lon="4.7691440">
    <ele>219.2</ele>
    <time>2025-04-02T18:55:08Z</time>
   </trkpt>
   <trkpt lat="45.7591430" lon="4.7691520">
    <ele>219.2</ele>
    <time>2025-04-02T18:55:09Z</time>
   </trkpt>
   <trkpt lat="45.7591830" lon="4.7691440">
    <ele>219.2</ele>
    <time>2025-04-02T18:55:10Z</time>
   </trkpt>
   <trkpt lat="45.7592150" lon="4.7691460">
    <ele>219.2</ele>
    <time>2025-04-02T18:55:11Z</time>
   </trkpt>
   <trkpt lat="45.7592540" lon="4.7691270">
    <ele>219.2</ele>
    <time>2025-04-02T18:55:12Z</time>
   </trkpt>
   <trkpt lat="45.7592880" lon="4.7691390">
    <ele>219.2</ele>
    <time>2025-04-02T18:55:13Z</time>
   </trkpt>
   <trkpt lat="45.7593290" lon="4.7691350">
    <ele>219.1</ele>
    <time>2025-04-02T18:55:14Z</time>
   </trkpt>
   <trkpt lat="45.7593590" lon="4.7691440">
    <ele>219.1</ele>
    <time>2025-04-02T18:55:15Z</time>
   </trkpt>
   <trkpt lat="45.7593920" lon="4.7691460">
    <ele>219.1</ele>
    <time>2025-04-02T18:55:16Z</time>
   </trkpt>
   <trkpt lat="45.7594300" lon="4.7691460">
    <ele>219.1</ele>
    <time>2025-04-02T18:55:17Z</time>
   </trkpt>
   <trkpt lat="45.7594700" lon="4.7691410">
    <ele>219.1</ele>
    <time>2025-04-02T18:55:18Z</time>
   </trkpt>
   <trkpt lat="45.7594980" lon="4.7691400">
    <ele>219.1</ele>
    <time>2025-04-02T18:55:19Z</time>
   </trkpt>
   <trkpt lat="45.7595370" lon="4.7691500">
    <ele>219.2</ele>
    <time>2025-04-02T18:55:20Z</time>
   </trkpt>
   <trkpt lat="45.7595640" lon="4.7691480">
    <ele>219.2</ele>
    <time>2025-04-02T18:55:21Z</time>
   </trkpt>
   <trkpt lat="45.7596080" lon="4.7691510">
    <ele>219.2</ele>
    <time>2025-04-02T18:55:22Z</time>
   </trkpt>
   <trkpt lat="45.7596400" lon="4.7691430">
    <ele>219.2</ele>
    <time>2025-04-02T18:55:23Z</time>
   </trkpt>
   <trkpt lat="45.7596740" lon="4.7691490">
    <ele>219.2</ele>
    <time>2025-04-02T18:55:24Z</time>
   </trkpt>
   <trkpt lat="45.7597070" lon="4.7691460">
    <ele>219.2</ele>
    <time>2025-04-02T18:55:25Z</time>
   </trkpt>
   <trkpt lat="45.7597470" lon="4.7691320">
    <ele>219.3</ele>
    <time>2025-04-02T18:55:26Z</time>
   </trkpt>
   <trkpt lat="45.7597800" lon="4.7691260">
    <ele>219.3</ele>
    <time>2025-04-02T18:55:27Z</time>
   </trkpt>
   <trkpt lat="45.7598100" lon="4.7691230">
    <ele>219.3</ele>
    <time>2025-04-02T18:55:28Z</time>
   </trkpt>
   <trkpt lat="45.7598450" lon="4.7691180">
    <ele>219.3</ele>
    <time>2025-04-02T18:55:29Z</time>
   </trkpt>
   <trkpt lat="45.7598840" lon="4.7691230">
    <ele>219.3</ele>
    <time>2025-04-02T18:55:30Z</time>
   </trkpt>
   <trkpt lat="45.7599200" lon="4.7691210">
    <ele>219.3</ele>
    <time>2025-04-02T18:55:31Z</time>
   </trkpt>
   <trkpt lat="45.7599580" lon="4.7691140">
    <ele>219.4</ele>
    <time>2025-04-02T18:55:32Z</time>
   </trkpt>
   <trkpt lat="45.7599940" lon="4.7691180">
    <ele>219.4</ele>
    <time>2025-04-02T18:55:33Z</time>
   </trkpt>
   <trkpt lat="45.7600240" lon="4.7691220">
    <ele>219.4</ele>
    <time>2025-04-02T18:55:34Z</time>
   </trkpt>
   <trkpt lat="45.7600580" lon="4.7691130">
    <ele>219.4</ele>
    <time>2025-04-02T18:55:35Z</time>
   </trkpt>
   <trkpt lat="45.7600900" lon="4.7691210">
    <ele>219.4</ele>
    <time>2025-04-02T18:55:36Z</time>
   </trkpt>
   <trkpt lat="45.7601370" lon="4.7691220">
    <ele>219.5</ele>
    <time>2025-04-02T18:55:37Z</time>
   </trkpt>
   <trkpt lat="45.7601740" lon="4.7691320">
    <ele>219.5</ele>
    <time>2025-04-02T18:55:38Z</time>
   </trkpt>
   <trkpt lat="45.7602250" lon="4.7691340">
    <ele>219.6</ele>
    <time>2025-04-02T18:55:39Z</time>
   </trkpt>
   <trkpt lat="45.7602620" lon="4.7691380">
    <ele>219.7</ele>
    <time>2025-04-02T18:55:40Z</time>
   </trkpt>
   <trkpt lat="45.7602890" lon="4.7691610">
    <ele>219.7</ele>
    <time>2025-04-02T18:55:41Z</time>
   </trkpt>
   <trkpt lat="45.7603310" lon="4.7691720">
    <ele>219.8</ele>
    <time>2025-04-02T18:55:42Z</time>
   </trkpt>
   <trkpt lat="45.7603740" lon="4.7691820">
    <ele>219.9</ele>
    <time>2025-04-02T18:55:43Z</time>
   </trkpt>
   <trkpt lat="45.7604130" lon="4.7691820">
    <ele>220.0</ele>
    <time>2025-04-02T18:55:44Z</time>
   </trkpt>
   <trkpt lat="45.7604480" lon="4.7691800">
    <ele>220.1</ele>
    <time>2025-04-02T18:55:45Z</time>
   </trkpt>
   <trkpt lat="45.7604890" lon="4.7691950">
    <ele>220.1</ele>
    <time>2025-04-02T18:55:46Z</time>
   </trkpt>
   <trkpt lat="45.7605160" lon="4.7692460">
    <ele>220.2</ele>
    <time>2025-04-02T18:55:47Z</time>
   </trkpt>
   <trkpt lat="45.7605240" lon="4.7693230">
    <ele>220.1</ele>
    <time>2025-04-02T18:55:48Z</time>
   </trkpt>
   <trkpt lat="45.7605290" lon="4.7693920">
    <ele>220.1</ele>
    <time>2025-04-02T18:55:49Z</time>
   </trkpt>
   <trkpt lat="45.7605220" lon="4.7694470">
    <ele>220.1</ele>
    <time>2025-04-02T18:55:50Z</time>
   </trkpt>
   <trkpt lat="45.7605090" lon="4.7694940">
    <ele>220.0</ele>
    <time>2025-04-02T18:55:51Z</time>
   </trkpt>
   <trkpt lat="45.7605030" lon="4.7695470">
    <ele>220.0</ele>
    <time>2025-04-02T18:55:52Z</time>
   </trkpt>
   <trkpt lat="45.7604950" lon="4.7696010">
    <ele>220.0</ele>
    <time>2025-04-02T18:55:53Z</time>
   </trkpt>
   <trkpt lat="45.7604880" lon="4.7696470">
    <ele>219.9</ele>
    <time>2025-04-02T18:55:54Z</time>
   </trkpt>
   <trkpt lat="45.7604740" lon="4.7696870">
    <ele>219.9</ele>
    <time>2025-04-02T18:55:55Z</time>
   </trkpt>
   <trkpt lat="45.7604650" lon="4.7697420">
    <ele>219.9</ele>
    <time>2025-04-02T18:55:56Z</time>
   </trkpt>
   <trkpt lat="45.7604530" lon="4.7697950">
    <ele>219.9</ele>
    <time>2025-04-02T18:55:57Z</time>
   </trkpt>
   <trkpt lat="45.7604440" lon="4.7698440">
    <ele>219.9</ele>
    <time>2025-04-02T18:55:58Z</time>
   </trkpt>
   <trkpt lat="45.7604290" lon="4.7698920">
    <ele>219.9</ele>
    <time>2025-04-02T18:55:59Z</time>
   </trkpt>
   <trkpt lat="45.7604280" lon="4.7699450">
    <ele>219.9</ele>
    <time>2025-04-02T18:56:00Z</time>
   </trkpt>
   <trkpt lat="45.7604310" lon="4.7700120">
    <ele>219.9</ele>
    <time>2025-04-02T18:56:01Z</time>
   </trkpt>
   <trkpt lat="45.7604360" lon="4.7700760">
    <ele>219.9</ele>
    <time>2025-04-02T18:56:02Z</time>
   </trkpt>
   <trkpt lat="45.7604400" lon="4.7701310">
    <ele>219.9</ele>
    <time>2025-04-02T18:56:03Z</time>
   </trkpt>
   <trkpt lat="45.7604330" lon="4.7701940">
    <ele>219.9</ele>
    <time>2025-04-02T18:56:04Z</time>
   </trkpt>
   <trkpt lat="45.7604310" lon="4.7702430">
    <ele>219.9</ele>
    <time>2025-04-02T18:56:05Z</time>
   </trkpt>
   <trkpt lat="45.7604340" lon="4.7702970">
    <ele>219.9</ele>
    <time>2025-04-02T18:56:06Z</time>
   </trkpt>
   <trkpt lat="45.7604390" lon="4.7703570">
    <ele>219.9</ele>
    <time>2025-04-02T18:56:07Z</time>
   </trkpt>
   <trkpt lat="45.7604380" lon="4.7704100">
    <ele>219.9</ele>
    <time>2025-04-02T18:56:08Z</time>
   </trkpt>
   <trkpt lat="45.7604420" lon="4.7704480">
    <ele>219.9</ele>
    <time>2025-04-02T18:56:09Z</time>
   </trkpt>
   <trkpt lat="45.7604430" lon="4.7705030">
    <ele>219.9</ele>
    <time>2025-04-02T18:56:10Z</time>
   </trkpt>
   <trkpt lat="45.7604400" lon="4.7705570">
    <ele>219.9</ele>
    <time>2025-04-02T18:56:11Z</time>
   </trkpt>
   <trkpt lat="45.7604460" lon="4.7706070">
    <ele>219.9</ele>
    <time>2025-04-02T18:56:12Z</time>
   </trkpt>
   <trkpt lat="45.7604440" lon="4.7706580">
    <ele>219.9</ele>
    <time>2025-04-02T18:56:13Z</time>
   </trkpt>
   <trkpt lat="45.7604460" lon="4.7707200">
    <ele>219.9</ele>
    <time>2025-04-02T18:56:14Z</time>
   </trkpt>
   <trkpt lat="45.7604380" lon="4.7707670">
    <ele>219.9</ele>
    <time>2025-04-02T18:56:15Z</time>
   </trkpt>
   <trkpt lat="45.7604420" lon="4.7708090">
    <ele>219.9</ele>
    <time>2025-04-02T18:56:16Z</time>
   </trkpt>
   <trkpt lat="45.7604310" lon="4.7708630">
    <ele>219.9</ele>
    <time>2025-04-02T18:56:17Z</time>
   </trkpt>
   <trkpt lat="45.7604340" lon="4.7709140">
    <ele>219.9</ele>
    <time>2025-04-02T18:56:18Z</time>
   </trkpt>
   <trkpt lat="45.7604270" lon="4.7709670">
    <ele>219.9</ele>
    <time>2025-04-02T18:56:19Z</time>
   </trkpt>
   <trkpt lat="45.7604210" lon="4.7710240">
    <ele>220.0</ele>
    <time>2025-04-02T18:56:20Z</time>
   </trkpt>
   <trkpt lat="45.7604170" lon="4.7710690">
    <ele>220.0</ele>
    <time>2025-04-02T18:56:21Z</time>
   </trkpt>
   <trkpt lat="45.7604130" lon="4.7711260">
    <ele>220.0</ele>
    <time>2025-04-02T18:56:22Z</time>
   </trkpt>
   <trkpt lat="45.7604210" lon="4.7711860">
    <ele>220.0</ele>
    <time>2025-04-02T18:56:23Z</time>
   </trkpt>
   <trkpt lat="45.7604050" lon="4.7712450">
    <ele>220.0</ele>
    <time>2025-04-02T18:56:24Z</time>
   </trkpt>
   <trkpt lat="45.7604170" lon="4.7713010">
    <ele>220.0</ele>
    <time>2025-04-02T18:56:25Z</time>
   </trkpt>
   <trkpt lat="45.7604130" lon="4.7713540">
    <ele>220.1</ele>
    <time>2025-04-02T18:56:26Z</time>
   </trkpt>
   <trkpt lat="45.7604060" lon="4.7714050">
    <ele>220.1</ele>
    <time>2025-04-02T18:56:27Z</time>
   </trkpt>
   <trkpt lat="45.7604110" lon="4.7714590">
    <ele>220.1</ele>
    <time>2025-04-02T18:56:28Z</time>
   </trkpt>
   <trkpt lat="45.7604020" lon="4.7715050">
    <ele>220.1</ele>
    <time>2025-04-02T18:56:29Z</time>
   </trkpt>
   <trkpt lat="45.7604160" lon="4.7715530">
    <ele>220.1</ele>
    <time>2025-04-02T18:56:30Z</time>
   </trkpt>
   <trkpt lat="45.7604180" lon="4.7716090">
    <ele>220.2</ele>
    <time>2025-04-02T18:56:31Z</time>
   </trkpt>
   <trkpt lat="45.7604330" lon="4.7716680">
    <ele>220.2</ele>
    <time>2025-04-02T18:56:32Z</time>
   </trkpt>
   <trkpt lat="45.7604310" lon="4.7717280">
    <ele>220.2</ele>
    <time>2025-04-02T18:56:33Z</time>
   </trkpt>
   <trkpt lat="45.7604320" lon="4.7717890">
    <ele>220.3</ele>
    <time>2025-04-02T18:56:34Z</time>
   </trkpt>
   <trkpt lat="45.7604270" lon="4.7718320">
    <ele>220.3</ele>
    <time>2025-04-02T18:56:35Z</time>
   </trkpt>
   <trkpt lat="45.7604320" lon="4.7718900">
    <ele>220.3</ele>
    <time>2025-04-02T18:56:36Z</time>
   </trkpt>
   <trkpt lat="45.7604320" lon="4.7719440">
    <ele>220.3</ele>
    <time>2025-04-02T18:56:37Z</time>
   </trkpt>
   <trkpt lat="45.7604340" lon="4.7720010">
    <ele>220.4</ele>
    <time>2025-04-02T18:56:38Z</time>
   </trkpt>
   <trkpt lat="45.7604350" lon="4.7720560">
    <ele>220.4</ele>
    <time>2025-04-02T18:56:39Z</time>
   </trkpt>
   <trkpt lat="45.7604300" lon="4.7721170">
    <ele>220.4</ele>
    <time>2025-04-02T18:56:40Z</time>
   </trkpt>
   <trkpt lat="45.7604270" lon="4.7721610">
    <ele>220.5</ele>
    <time>2025-04-02T18:56:41Z</time>
   </trkpt>
   <trkpt lat="45.7604240" lon="4.7722210">
    <ele>220.5</ele>
    <time>2025-04-02T18:56:42Z</time>
   </trkpt>
   <trkpt lat="45.7604250" lon="4.7722680">
    <ele>220.5</ele>
    <time>2025-04-02T18:56:43Z</time>
   </trkpt>
   <trkpt lat="45.7604290" lon="4.7723210">
    <ele>220.5</ele>
    <time>2025-04-02T18:56:44Z</time>
   </trkpt>
   <trkpt lat="45.7604180" lon="4.7723650">
    <ele>220.6</ele>
    <time>2025-04-02T18:56:45Z</time>
   </trkpt>
   <trkpt lat="45.7604160" lon="4.7724260">
    <ele>220.6</ele>
    <time>2025-04-02T18:56:46Z</time>
   </trkpt>
   <trkpt lat="45.7603990" lon="4.7725410">
    <ele>220.6</ele>
    <time>2025-04-02T18:56:47Z</time>
   </trkpt>
   <trkpt lat="45.7604000" lon="4.7725860">
    <ele>220.6</ele>
    <time>2025-04-02T18:56:48Z</time>
   </trkpt>
   <trkpt lat="45.7603870" lon="4.7726350">
    <ele>220.6</ele>
    <time>2025-04-02T18:56:49Z</time>
   </trkpt>
   <trkpt lat="45.7603830" lon="4.7726890">
    <ele>220.7</ele>
    <time>2025-04-02T18:56:50Z</time>
   </trkpt>
   <trkpt lat="45.7603800" lon="4.7727460">
    <ele>220.7</ele>
    <time>2025-04-02T18:56:51Z</time>
   </trkpt>
   <trkpt lat="45.7603760" lon="4.7727880">
    <ele>220.7</ele>
    <time>2025-04-02T18:56:52Z</time>
   </trkpt>
   <trkpt lat="45.7603880" lon="4.7728290">
    <ele>220.7</ele>
    <time>2025-04-02T18:56:53Z</time>
   </trkpt>
   <trkpt lat="45.7603830" lon="4.7728950">
    <ele>220.8</ele>
    <time>2025-04-02T18:56:54Z</time>
   </trkpt>
   <trkpt lat="45.7603940" lon="4.7729480">
    <ele>220.8</ele>
    <time>2025-04-02T18:56:55Z</time>
   </trkpt>
   <trkpt lat="45.7603970" lon="4.7729880">
    <ele>220.8</ele>
    <time>2025-04-02T18:56:56Z</time>
   </trkpt>
   <trkpt lat="45.7603860" lon="4.7730520">
    <ele>220.9</ele>
    <time>2025-04-02T18:56:57Z</time>
   </trkpt>
   <trkpt lat="45.7603940" lon="4.7731070">
    <ele>220.9</ele>
    <time>2025-04-02T18:56:58Z</time>
   </trkpt>
   <trkpt lat="45.7603920" lon="4.7731600">
    <ele>220.9</ele>
    <time>2025-04-02T18:56:59Z</time>
   </trkpt>
   <trkpt lat="45.7604100" lon="4.7732140">
    <ele>220.9</ele>
    <time>2025-04-02T18:57:00Z</time>
   </trkpt>
   <trkpt lat="45.7604250" lon="4.7732580">
    <ele>220.9</ele>
    <time>2025-04-02T18:57:01Z</time>
   </trkpt>
   <trkpt lat="45.7604520" lon="4.7732980">
    <ele>220.9</ele>
    <time>2025-04-02T18:57:02Z</time>
   </trkpt>
   <trkpt lat="45.7604860" lon="4.7733510">
    <ele>220.9</ele>
    <time>2025-04-02T18:57:03Z</time>
   </trkpt>
   <trkpt lat="45.7605080" lon="4.7733950">
    <ele>220.9</ele>
    <time>2025-04-02T18:57:04Z</time>
   </trkpt>
   <trkpt lat="45.7605160" lon="4.7734530">
    <ele>220.9</ele>
    <time>2025-04-02T18:57:05Z</time>
   </trkpt>
   <trkpt lat="45.7605180" lon="4.7735110">
    <ele>220.9</ele>
    <time>2025-04-02T18:57:06Z</time>
   </trkpt>
   <trkpt lat="45.7605380" lon="4.7735630">
    <ele>220.8</ele>
    <time>2025-04-02T18:57:07Z</time>
   </trkpt>
   <trkpt lat="45.7605630" lon="4.7736060">
    <ele>220.8</ele>
    <time>2025-04-02T18:57:08Z</time>
   </trkpt>
   <trkpt lat="45.7605930" lon="4.7736530">
    <ele>220.8</ele>
    <time>2025-04-02T18:57:09Z</time>
   </trkpt>
   <trkpt lat="45.7606090" lon="4.7736980">
    <ele>220.8</ele>
    <time>2025-04-02T18:57:10Z</time>
   </trkpt>
   <trkpt lat="45.7606300" lon="4.7737530">
    <ele>220.8</ele>
    <time>2025-04-02T18:57:11Z</time>
   </trkpt>
   <trkpt lat="45.7606530" lon="4.7737950">
    <ele>220.8</ele>
    <time>2025-04-02T18:57:12Z</time>
   </trkpt>
   <trkpt lat="45.7606820" lon="4.7738380">
    <ele>220.8</ele>
    <time>2025-04-02T18:57:13Z</time>
   </trkpt>
   <trkpt lat="45.7607020" lon="4.7738950">
    <ele>220.7</ele>
    <time>2025-04-02T18:57:14Z</time>
   </trkpt>
   <trkpt lat="45.7607170" lon="4.7739440">
    <ele>220.7</ele>
    <time>2025-04-02T18:57:15Z</time>
   </trkpt>
   <trkpt lat="45.7607420" lon="4.7739920">
    <ele>220.7</ele>
    <time>2025-04-02T18:57:16Z</time>
   </trkpt>
   <trkpt lat="45.7607610" lon="4.7740400">
    <ele>220.7</ele>
    <time>2025-04-02T18:57:17Z</time>
   </trkpt>
   <trkpt lat="45.7607820" lon="4.7740820">
    <ele>220.7</ele>
    <time>2025-04-02T18:57:18Z</time>
   </trkpt>
   <trkpt lat="45.7608150" lon="4.7741660">
    <ele>220.7</ele>
    <time>2025-04-02T18:57:20Z</time>
   </trkpt>
   <trkpt lat="45.7608360" lon="4.7742210">
    <ele>220.7</ele>
    <time>2025-04-02T18:57:21Z</time>
   </trkpt>
   <trkpt lat="45.7608570" lon="4.7742680">
    <ele>220.7</ele>
    <time>2025-04-02T18:57:22Z</time>
   </trkpt>
   <trkpt lat="45.7608690" lon="4.7743090">
    <ele>220.7</ele>
    <time>2025-04-02T18:57:23Z</time>
   </trkpt>
   <trkpt lat="45.7608950" lon="4.7743500">
    <ele>220.7</ele>
    <time>2025-04-02T18:57:24Z</time>
   </trkpt>
   <trkpt lat="45.7609010" lon="4.7744010">
    <ele>220.7</ele>
    <time>2025-04-02T18:57:25Z</time>
   </trkpt>
   <trkpt lat="45.7609170" lon="4.7744500">
    <ele>220.7</ele>
    <time>2025-04-02T18:57:26Z</time>
   </trkpt>
   <trkpt lat="45.7609350" lon="4.7744980">
    <ele>220.7</ele>
    <time>2025-04-02T18:57:27Z</time>
   </trkpt>
   <trkpt lat="45.7610190" lon="4.7747240">
    <ele>220.7</ele>
    <time>2025-04-02T18:57:32Z</time>
   </trkpt>
   <trkpt lat="45.7610360" lon="4.7747680">
    <ele>220.7</ele>
    <time>2025-04-02T18:57:33Z</time>
   </trkpt>
   <trkpt lat="45.7610680" lon="4.7748110">
    <ele>220.8</ele>
    <time>2025-04-02T18:57:34Z</time>
   </trkpt>
   <trkpt lat="45.7610990" lon="4.7748610">
    <ele>220.8</ele>
    <time>2025-04-02T18:57:35Z</time>
   </trkpt>
   <trkpt lat="45.7611110" lon="4.7749050">
    <ele>220.8</ele>
    <time>2025-04-02T18:57:36Z</time>
   </trkpt>
   <trkpt lat="45.7611280" lon="4.7749510">
    <ele>220.8</ele>
    <time>2025-04-02T18:57:37Z</time>
   </trkpt>
   <trkpt lat="45.7611320" lon="4.7749990">
    <ele>220.8</ele>
    <time>2025-04-02T18:57:38Z</time>
   </trkpt>
   <trkpt lat="45.7611500" lon="4.7750450">
    <ele>220.8</ele>
    <time>2025-04-02T18:57:39Z</time>
   </trkpt>
   <trkpt lat="45.7611650" lon="4.7750920">
    <ele>220.9</ele>
    <time>2025-04-02T18:57:41Z</time>
   </trkpt>
   <trkpt lat="45.7611730" lon="4.7751320">
    <ele>220.9</ele>
    <time>2025-04-02T18:57:42Z</time>
   </trkpt>
   <trkpt lat="45.7611910" lon="4.7751820">
    <ele>220.9</ele>
    <time>2025-04-02T18:57:43Z</time>
   </trkpt>
   <trkpt lat="45.7612120" lon="4.7752310">
    <ele>220.9</ele>
    <time>2025-04-02T18:57:44Z</time>
   </trkpt>
   <trkpt lat="45.7612210" lon="4.7752760">
    <ele>220.9</ele>
    <time>2025-04-02T18:57:45Z</time>
   </trkpt>
   <trkpt lat="45.7612590" lon="4.7753170">
    <ele>221.0</ele>
    <time>2025-04-02T18:57:46Z</time>
   </trkpt>
   <trkpt lat="45.7612640" lon="4.7753560">
    <ele>221.0</ele>
    <time>2025-04-02T18:57:47Z</time>
   </trkpt>
   <trkpt lat="45.7612990" lon="4.7754090">
    <ele>221.0</ele>
    <time>2025-04-02T18:57:48Z</time>
   </trkpt>
   <trkpt lat="45.7613180" lon="4.7754550">
    <ele>221.1</ele>
    <time>2025-04-02T18:57:49Z</time>
   </trkpt>
   <trkpt lat="45.7613410" lon="4.7754940">
    <ele>221.1</ele>
    <time>2025-04-02T18:57:50Z</time>
   </trkpt>
   <trkpt lat="45.7613540" lon="4.7755350">
    <ele>221.1</ele>
    <time>2025-04-02T18:57:51Z</time>
   </trkpt>
   <trkpt lat="45.7613570" lon="4.7755820">
    <ele>221.1</ele>
    <time>2025-04-02T18:57:52Z</time>
   </trkpt>
   <trkpt lat="45.7613760" lon="4.7756280">
    <ele>221.1</ele>
    <time>2025-04-02T18:57:53Z</time>
   </trkpt>
   <trkpt lat="45.7613920" lon="4.7756830">
    <ele>221.1</ele>
    <time>2025-04-02T18:57:54Z</time>
   </trkpt>
   <trkpt lat="45.7614090" lon="4.7757340">
    <ele>221.2</ele>
    <time>2025-04-02T18:57:55Z</time>
   </trkpt>
   <trkpt lat="45.7614270" lon="4.7757880">
    <ele>221.2</ele>
    <time>2025-04-02T18:57:56Z</time>
   </trkpt>
   <trkpt lat="45.7614430" lon="4.7758390">
    <ele>221.2</ele>
    <time>2025-04-02T18:57:57Z</time>
   </trkpt>
   <trkpt lat="45.7614490" lon="4.7758600">
    <ele>221.2</ele>
    <time>2025-04-02T18:57:58Z</time>
   </trkpt>
   <trkpt lat="45.7614740" lon="4.7759000">
    <ele>221.3</ele>
    <time>2025-04-02T18:57:59Z</time>
   </trkpt>
   <trkpt lat="45.7614870" lon="4.7759460">
    <ele>221.3</ele>
    <time>2025-04-02T18:58:00Z</time>
   </trkpt>
   <trkpt lat="45.7615050" lon="4.7760010">
    <ele>221.3</ele>
    <time>2025-04-02T18:58:01Z</time>
   </trkpt>
   <trkpt lat="45.7615240" lon="4.7760500">
    <ele>221.4</ele>
    <time>2025-04-02T18:58:02Z</time>
   </trkpt>
   <trkpt lat="45.7615390" lon="4.7760930">
    <ele>221.4</ele>
    <time>2025-04-02T18:58:03Z</time>
   </trkpt>
   <trkpt lat="45.7615560" lon="4.7761440">
    <ele>221.4</ele>
    <time>2025-04-02T18:58:04Z</time>
   </trkpt>
   <trkpt lat="45.7615710" lon="4.7761900">
    <ele>221.5</ele>
    <time>2025-04-02T18:58:05Z</time>
   </trkpt>
   <trkpt lat="45.7615990" lon="4.7762360">
    <ele>221.5</ele>
    <time>2025-04-02T18:58:06Z</time>
   </trkpt>
   <trkpt lat="45.7616090" lon="4.7762910">
    <ele>221.6</ele>
    <time>2025-04-02T18:58:07Z</time>
   </trkpt>
   <trkpt lat="45.7616160" lon="4.7763400">
    <ele>221.6</ele>
    <time>2025-04-02T18:58:08Z</time>
   </trkpt>
   <trkpt lat="45.7616230" lon="4.7763850">
    <ele>221.7</ele>
    <time>2025-04-02T18:58:09Z</time>
   </trkpt>
   <trkpt lat="45.7616340" lon="4.7764330">
    <ele>221.7</ele>
    <time>2025-04-02T18:58:10Z</time>
   </trkpt>
   <trkpt lat="45.7616530" lon="4.7764880">
    <ele>221.8</ele>
    <time>2025-04-02T18:58:11Z</time>
   </trkpt>
   <trkpt lat="45.7616840" lon="4.7765420">
    <ele>221.9</ele>
    <time>2025-04-02T18:58:12Z</time>
   </trkpt>
   <trkpt lat="45.7617000" lon="4.7765920">
    <ele>221.9</ele>
    <time>2025-04-02T18:58:13Z</time>
   </trkpt>
   <trkpt lat="45.7617180" lon="4.7766500">
    <ele>221.9</ele>
    <time>2025-04-02T18:58:14Z</time>
   </trkpt>
   <trkpt lat="45.7617300" lon="4.7766930">
    <ele>222.0</ele>
    <time>2025-04-02T18:58:15Z</time>
   </trkpt>
   <trkpt lat="45.7617410" lon="4.7767440">
    <ele>222.0</ele>
    <time>2025-04-02T18:58:16Z</time>
   </trkpt>
   <trkpt lat="45.7617630" lon="4.7767900">
    <ele>222.0</ele>
    <time>2025-04-02T18:58:17Z</time>
   </trkpt>
   <trkpt lat="45.7617770" lon="4.7768380">
    <ele>222.1</ele>
    <time>2025-04-02T18:58:18Z</time>
   </trkpt>
   <trkpt lat="45.7617980" lon="4.7768830">
    <ele>222.1</ele>
    <time>2025-04-02T18:58:19Z</time>
   </trkpt>
   <trkpt lat="45.7618090" lon="4.7769350">
    <ele>222.1</ele>
    <time>2025-04-02T18:58:20Z</time>
   </trkpt>
   <trkpt lat="45.7618280" lon="4.7769930">
    <ele>222.2</ele>
    <time>2025-04-02T18:58:21Z</time>
   </trkpt>
   <trkpt lat="45.7618370" lon="4.7770490">
    <ele>222.2</ele>
    <time>2025-04-02T18:58:22Z</time>
   </trkpt>
   <trkpt lat="45.7618540" lon="4.7770950">
    <ele>222.3</ele>
    <time>2025-04-02T18:58:23Z</time>
   </trkpt>
   <trkpt lat="45.7618990" lon="4.7771190">
    <ele>222.3</ele>
    <time>2025-04-02T18:58:24Z</time>
   </trkpt>
   <trkpt lat="45.7618940" lon="4.7771870">
    <ele>222.4</ele>
    <time>2025-04-02T18:58:25Z</time>
   </trkpt>
   <trkpt lat="45.7618980" lon="4.7771860">
    <ele>222.3</ele>
    <time>2025-04-02T18:58:26Z</time>
   </trkpt>
   <trkpt lat="45.7619220" lon="4.7771650">
    <ele>222.3</ele>
    <time>2025-04-02T18:58:27Z</time>
   </trkpt>
   <trkpt lat="45.7619660" lon="4.7771510">
    <ele>222.3</ele>
    <time>2025-04-02T18:58:28Z</time>
   </trkpt>
   <trkpt lat="45.7620030" lon="4.7771330">
    <ele>222.2</ele>
    <time>2025-04-02T18:58:29Z</time>
   </trkpt>
   <trkpt lat="45.7620600" lon="4.7771630">
    <ele>222.1</ele>
    <time>2025-04-02T18:58:30Z</time>
   </trkpt>
   <trkpt lat="45.7621020" lon="4.7771740">
    <ele>222.1</ele>
    <time>2025-04-02T18:58:31Z</time>
   </trkpt>
   <trkpt lat="45.7621300" lon="4.7771900">
    <ele>222.0</ele>
    <time>2025-04-02T18:58:32Z</time>
   </trkpt>
   <trkpt lat="45.7621670" lon="4.7772150">
    <ele>222.0</ele>
    <time>2025-04-02T18:58:33Z</time>
   </trkpt>
   <trkpt lat="45.7622090" lon="4.7771730">
    <ele>221.9</ele>
    <time>2025-04-02T18:58:34Z</time>
   </trkpt>
   <trkpt lat="45.7622560" lon="4.7771590">
    <ele>221.9</ele>
    <time>2025-04-02T18:58:35Z</time>
   </trkpt>
   <trkpt lat="45.7623060" lon="4.7771650">
    <ele>221.9</ele>
    <time>2025-04-02T18:58:36Z</time>
   </trkpt>
   <trkpt lat="45.7623320" lon="4.7771330">
    <ele>221.9</ele>
    <time>2025-04-02T18:58:37Z</time>
   </trkpt>
   <trkpt lat="45.7623840" lon="4.7771390">
    <ele>221.8</ele>
    <time>2025-04-02T18:58:38Z</time>
   </trkpt>
   <trkpt lat="45.7624200" lon="4.7771100">
    <ele>221.8</ele>
    <time>2025-04-02T18:58:39Z</time>
   </trkpt>
   <trkpt lat="45.7624550" lon="4.7771210">
    <ele>221.8</ele>
    <time>2025-04-02T18:58:40Z</time>
   </trkpt>
   <trkpt lat="45.7624980" lon="4.7771160">
    <ele>221.8</ele>
    <time>2025-04-02T18:58:41Z</time>
   </trkpt>
   <trkpt lat="45.7625870" lon="4.7771260">
    <ele>221.8</ele>
    <time>2025-04-02T18:58:42Z</time>
   </trkpt>
   <trkpt lat="45.7626220" lon="4.7770990">
    <ele>221.8</ele>
    <time>2025-04-02T18:58:43Z</time>
   </trkpt>
   <trkpt lat="45.7626650" lon="4.7771100">
    <ele>221.7</ele>
    <time>2025-04-02T18:58:44Z</time>
   </trkpt>
   <trkpt lat="45.7626990" lon="4.7770910">
    <ele>221.7</ele>
    <time>2025-04-02T18:58:45Z</time>
   </trkpt>
   <trkpt lat="45.7627260" lon="4.7770830">
    <ele>221.7</ele>
    <time>2025-04-02T18:58:46Z</time>
   </trkpt>
   <trkpt lat="45.7627750" lon="4.7770720">
    <ele>221.7</ele>
    <time>2025-04-02T18:58:47Z</time>
   </trkpt>
   <trkpt lat="45.7628080" lon="4.7770750">
    <ele>221.7</ele>
    <time>2025-04-02T18:58:48Z</time>
   </trkpt>
   <trkpt lat="45.7628440" lon="4.7770470">
    <ele>221.7</ele>
    <time>2025-04-02T18:58:49Z</time>
   </trkpt>
   <trkpt lat="45.7628870" lon="4.7770590">
    <ele>221.7</ele>
    <time>2025-04-02T18:58:50Z</time>
   </trkpt>
   <trkpt lat="45.7629350" lon="4.7770500">
    <ele>221.7</ele>
    <time>2025-04-02T18:58:51Z</time>
   </trkpt>
   <trkpt lat="45.7629740" lon="4.7770410">
    <ele>221.7</ele>
    <time>2025-04-02T18:58:52Z</time>
   </trkpt>
   <trkpt lat="45.7630140" lon="4.7770460">
    <ele>221.6</ele>
    <time>2025-04-02T18:58:53Z</time>
   </trkpt>
   <trkpt lat="45.7630430" lon="4.7770270">
    <ele>221.6</ele>
    <time>2025-04-02T18:58:54Z</time>
   </trkpt>
   <trkpt lat="45.7630780" lon="4.7770570">
    <ele>221.6</ele>
    <time>2025-04-02T18:58:55Z</time>
   </trkpt>
   <trkpt lat="45.7631150" lon="4.7770400">
    <ele>221.6</ele>
    <time>2025-04-02T18:58:56Z</time>
   </trkpt>
   <trkpt lat="45.7631550" lon="4.7770590">
    <ele>221.6</ele>
    <time>2025-04-02T18:58:57Z</time>
   </trkpt>
   <trkpt lat="45.7631860" lon="4.7770620">
    <ele>221.6</ele>
    <time>2025-04-02T18:58:58Z</time>
   </trkpt>
   <trkpt lat="45.7632210" lon="4.7770440">
    <ele>221.6</ele>
    <time>2025-04-02T18:58:59Z</time>
   </trkpt>
   <trkpt lat="45.7632570" lon="4.7770270">
    <ele>221.6</ele>
    <time>2025-04-02T18:59:00Z</time>
   </trkpt>
   <trkpt lat="45.7632990" lon="4.7770260">
    <ele>221.6</ele>
    <time>2025-04-02T18:59:01Z</time>
   </trkpt>
   <trkpt lat="45.7633150" lon="4.7770200">
    <ele>221.6</ele>
    <time>2025-04-02T18:59:02Z</time>
   </trkpt>
   <trkpt lat="45.7633540" lon="4.7770140">
    <ele>221.6</ele>
    <time>2025-04-02T18:59:04Z</time>
   </trkpt>
   <trkpt lat="45.7633980" lon="4.7770200">
    <ele>221.6</ele>
    <time>2025-04-02T18:59:05Z</time>
   </trkpt>
   <trkpt lat="45.7634360" lon="4.7770170">
    <ele>221.6</ele>
    <time>2025-04-02T18:59:06Z</time>
   </trkpt>
   <trkpt lat="45.7634840" lon="4.7769610">
    <ele>221.6</ele>
    <time>2025-04-02T18:59:07Z</time>
   </trkpt>
   <trkpt lat="45.7635250" lon="4.7769530">
    <ele>221.6</ele>
    <time>2025-04-02T18:59:08Z</time>
   </trkpt>
   <trkpt lat="45.7635460" lon="4.7769570">
    <ele>221.6</ele>
    <time>2025-04-02T18:59:09Z</time>
   </trkpt>
   <trkpt lat="45.7635870" lon="4.7769590">
    <ele>221.6</ele>
    <time>2025-04-02T18:59:10Z</time>
   </trkpt>
   <trkpt lat="45.7636260" lon="4.7769710">
    <ele>221.6</ele>
    <time>2025-04-02T18:59:11Z</time>
   </trkpt>
   <trkpt lat="45.7636660" lon="4.7769800">
    <ele>221.6</ele>
    <time>2025-04-02T18:59:12Z</time>
   </trkpt>
   <trkpt lat="45.7637070" lon="4.7769720">
    <ele>221.6</ele>
    <time>2025-04-02T18:59:13Z</time>
   </trkpt>
   <trkpt lat="45.7637320" lon="4.7769050">
    <ele>221.5</ele>
    <time>2025-04-02T18:59:14Z</time>
   </trkpt>
   <trkpt lat="45.7637330" lon="4.7768290">
    <ele>221.5</ele>
    <time>2025-04-02T18:59:15Z</time>
   </trkpt>
   <trkpt lat="45.7637320" lon="4.7767920">
    <ele>221.4</ele>
    <time>2025-04-02T18:59:16Z</time>
   </trkpt>
   <trkpt lat="45.7637410" lon="4.7767330">
    <ele>221.4</ele>
    <time>2025-04-02T18:59:17Z</time>
   </trkpt>
   <trkpt lat="45.7637250" lon="4.7766760">
    <ele>221.4</ele>
    <time>2025-04-02T18:59:18Z</time>
   </trkpt>
   <trkpt lat="45.7637390" lon="4.7766270">
    <ele>221.3</ele>
    <time>2025-04-02T18:59:19Z</time>
   </trkpt>
   <trkpt lat="45.7637230" lon="4.7765670">
    <ele>221.3</ele>
    <time>2025-04-02T18:59:20Z</time>
   </trkpt>
   <trkpt lat="45.7637400" lon="4.7765050">
    <ele>221.3</ele>
    <time>2025-04-02T18:59:21Z</time>
   </trkpt>
   <trkpt lat="45.7637150" lon="4.7764480">
    <ele>221.2</ele>
    <time>2025-04-02T18:59:22Z</time>
   </trkpt>
   <trkpt lat="45.7637050" lon="4.7763780">
    <ele>221.2</ele>
    <time>2025-04-02T18:59:23Z</time>
   </trkpt>
   <trkpt lat="45.7636940" lon="4.7763030">
    <ele>221.2</ele>
    <time>2025-04-02T18:59:24Z</time>
   </trkpt>
   <trkpt lat="45.7637020" lon="4.7762380">
    <ele>221.2</ele>
    <time>2025-04-02T18:59:25Z</time>
   </trkpt>
   <trkpt lat="45.7636950" lon="4.7761950">
    <ele>221.2</ele>
    <time>2025-04-02T18:59:26Z</time>
   </trkpt>
   <trkpt lat="45.7636900" lon="4.7761420">
    <ele>221.2</ele>
    <time>2025-04-02T18:59:27Z</time>
   </trkpt>
   <trkpt lat="45.7636790" lon="4.7761020">
    <ele>221.2</ele>
    <time>2025-04-02T18:59:28Z</time>
   </trkpt>
   <trkpt lat="45.7636740" lon="4.7760360">
    <ele>221.1</ele>
    <time>2025-04-02T18:59:29Z</time>
   </trkpt>
   <trkpt lat="45.7636930" lon="4.7759690">
    <ele>221.1</ele>
    <time>2025-04-02T18:59:30Z</time>
   </trkpt>
   <trkpt lat="45.7637060" lon="4.7759080">
    <ele>221.1</ele>
    <time>2025-04-02T18:59:31Z</time>
   </trkpt>
   <trkpt lat="45.7637120" lon="4.7758760">
    <ele>221.1</ele>
    <time>2025-04-02T18:59:32Z</time>
   </trkpt>
   <trkpt lat="45.7637000" lon="4.7758080">
    <ele>221.1</ele>
    <time>2025-04-02T18:59:33Z</time>
   </trkpt>
   <trkpt lat="45.7637170" lon="4.7757680">
    <ele>221.1</ele>
    <time>2025-04-02T18:59:34Z</time>
   </trkpt>
   <trkpt lat="45.7637170" lon="4.7757140">
    <ele>221.1</ele>
    <time>2025-04-02T18:59:35Z</time>
   </trkpt>
   <trkpt lat="45.7637160" lon="4.7756500">
    <ele>221.1</ele>
    <time>2025-04-02T18:59:36Z</time>
   </trkpt>
   <trkpt lat="45.7637130" lon="4.7755840">
    <ele>221.1</ele>
    <time>2025-04-02T18:59:37Z</time>
   </trkpt>
   <trkpt lat="45.7637230" lon="4.7755110">
    <ele>221.0</ele>
    <time>2025-04-02T18:59:38Z</time>
   </trkpt>
   <trkpt lat="45.7636880" lon="4.7754540">
    <ele>221.0</ele>
    <time>2025-04-02T18:59:39Z</time>
   </trkpt>
   <trkpt lat="45.7636830" lon="4.7753910">
    <ele>221.0</ele>
    <time>2025-04-02T18:59:40Z</time>
   </trkpt>
   <trkpt lat="45.7636970" lon="4.7753330">
    <ele>221.0</ele>
    <time>2025-04-02T18:59:41Z</time>
   </trkpt>
   <trkpt lat="45.7636850" lon="4.7752730">
    <ele>221.0</ele>
    <time>2025-04-02T18:59:42Z</time>
   </trkpt>
   <trkpt lat="45.7636800" lon="4.7752130">
    <ele>221.0</ele>
    <time>2025-04-02T18:59:43Z</time>
   </trkpt>
   <trkpt lat="45.7636760" lon="4.7751570">
    <ele>221.0</ele>
    <time>2025-04-02T18:59:44Z</time>
   </trkpt>
   <trkpt lat="45.7636760" lon="4.7750980">
    <ele>220.9</ele>
    <time>2025-04-02T18:59:45Z</time>
   </trkpt>
   <trkpt lat="45.7636610" lon="4.7750500">
    <ele>220.9</ele>
    <time>2025-04-02T18:59:46Z</time>
   </trkpt>
   <trkpt lat="45.7636600" lon="4.7749930">
    <ele>220.9</ele>
    <time>2025-04-02T18:59:47Z</time>
   </trkpt>
   <trkpt lat="45.7636670" lon="4.7749260">
    <ele>220.9</ele>
    <time>2025-04-02T18:59:48Z</time>
   </trkpt>
  </trkseg>
 </trk>
</gpx>
