<?xml version="1.0" encoding="UTF-8"?>
<gpx creator="StravaGPX" version="1.1" xmlns="http://www.topografix.com/GPX/1/1" xmlns:xsi="http://www.w3.org/2001/XMLSchema-instance" xsi:schemaLocation="http://www.topografix.com/GPX/1/1 http://www.topografix.com/GPX/1/1/gpx.xsd">
 <metadata>
  <time>2025-04-08T07:56:03Z</time>
 </metadata>
 <trk>
  <name>Course à pied matinale</name>
  <type>running</type>
  <trkseg>
   <trkpt lat="45.7638030" lon="4.7763920">
    <ele>221.2</ele>
    <time>2025-04-08T07:56:03Z</time>
   </trkpt>
   <trkpt lat="45.7638030" lon="4.7763920">
    <ele>221.2</ele>
    <time>2025-04-08T07:56:07Z</time>
   </trkpt>
   <trkpt lat="45.7638120" lon="4.7764070">
    <ele>221.2</ele>
    <time>2025-04-08T07:56:08Z</time>
   </trkpt>
   <trkpt lat="45.7638190" lon="4.7764230">
    <ele>221.2</ele>
    <time>2025-04-08T07:56:09Z</time>
   </trkpt>
   <trkpt lat="45.7638180" lon="4.7764420">
    <ele>221.2</ele>
    <time>2025-04-08T07:56:10Z</time>
   </trkpt>
   <trkpt lat="45.7638140" lon="4.7764580">
    <ele>221.2</ele>
    <time>2025-04-08T07:56:11Z</time>
   </trkpt>
   <trkpt lat="45.7638090" lon="4.7764710">
    <ele>221.2</ele>
    <time>2025-04-08T07:56:12Z</time>
   </trkpt>
   <trkpt lat="45.7638060" lon="4.7764870">
    <ele>221.2</ele>
    <time>2025-04-08T07:56:13Z</time>
   </trkpt>
   <trkpt lat="45.7638080" lon="4.7765030">
    <ele>221.2</ele>
    <time>2025-04-08T07:56:14Z</time>
   </trkpt>
   <trkpt lat="45.7638080" lon="4.7765190">
    <ele>221.2</ele>
    <time>2025-04-08T07:56:15Z</time>
   </trkpt>
   <trkpt lat="45.7638090" lon="4.7765300">
    <ele>221.2</ele>
    <time>2025-04-08T07:56:16Z</time>
   </trkpt>
   <trkpt lat="45.7638110" lon="4.7765480">
    <ele>221.2</ele>
    <time>2025-04-08T07:56:17Z</time>
   </trkpt>
   <trkpt lat="45.7638110" lon="4.7765540">
    <ele>221.2</ele>
    <time>2025-04-08T07:56:18Z</time>
   </trkpt>
   <trkpt lat="45.7638060" lon="4.7765530">
    <ele>221.2</ele>
    <time>2025-04-08T07:56:19Z</time>
   </trkpt>
   <trkpt lat="45.7638010" lon="4.7765610">
    <ele>221.2</ele>
    <time>2025-04-08T07:56:20Z</time>
   </trkpt>
   <trkpt lat="45.7638000" lon="4.7765940">
    <ele>221.2</ele>
    <time>2025-04-08T07:56:21Z</time>
   </trkpt>
   <trkpt lat="45.7638030" lon="4.7766070">
    <ele>221.2</ele>
    <time>2025-04-08T07:56:22Z</time>
   </trkpt>
   <trkpt lat="45.7638010" lon="4.7766310">
    <ele>221.2</ele>
    <time>2025-04-08T07:56:23Z</time>
   </trkpt>
   <trkpt lat="45.7637990" lon="4.7766590">
    <ele>221.3</ele>
    <time>2025-04-08T07:56:24Z</time>
   </trkpt>
   <trkpt lat="45.7637970" lon="4.7766830">
    <ele>221.3</ele>
    <time>2025-04-08T07:56:25Z</time>
   </trkpt>
   <trkpt lat="45.7637970" lon="4.7767060">
    <ele>221.3</ele>
    <time>2025-04-08T07:56:26Z</time>
   </trkpt>
   <trkpt lat="45.7638010" lon="4.7767260">
    <ele>221.3</ele>
    <time>2025-04-08T07:56:27Z</time>
   </trkpt>
   <trkpt lat="45.7638000" lon="4.7767470">
    <ele>221.3</ele>
    <time>2025-04-08T07:56:28Z</time>
   </trkpt>
   <trkpt lat="45.7638070" lon="4.7767760">
    <ele>221.3</ele>
    <time>2025-04-08T07:56:29Z</time>
   </trkpt>
   <trkpt lat="45.7638090" lon="4.7767870">
    <ele>221.3</ele>
    <time>2025-04-08T07:56:30Z</time>
   </trkpt>
   <trkpt lat="45.7638110" lon="4.7767970">
    <ele>221.3</ele>
    <time>2025-04-08T07:56:31Z</time>
   </trkpt>
   <trkpt lat="45.7638430" lon="4.7768520">
    <ele>221.4</ele>
    <time>2025-04-08T07:56:32Z</time>
   </trkpt>
   <trkpt lat="45.7638740" lon="4.7768880">
    <ele>221.4</ele>
    <time>2025-04-08T07:56:33Z</time>
   </trkpt>
   <trkpt lat="45.7638710" lon="4.7769040">
    <ele>221.4</ele>
    <time>2025-04-08T07:56:34Z</time>
   </trkpt>
   <trkpt lat="45.7638660" lon="4.7769170">
    <ele>221.4</ele>
    <time>2025-04-08T07:56:35Z</time>
   </trkpt>
   <trkpt lat="45.7638590" lon="4.7769250">
    <ele>221.4</ele>
    <time>2025-04-08T07:56:36Z</time>
   </trkpt>
   <trkpt lat="45.7638520" lon="4.7769390">
    <ele>221.4</ele>
    <time>2025-04-08T07:56:37Z</time>
   </trkpt>
   <trkpt lat="45.7638310" lon="4.7769570">
    <ele>221.4</ele>
    <time>2025-04-08T07:56:38Z</time>
   </trkpt>
   <trkpt lat="45.7638260" lon="4.7769690">
    <ele>221.4</ele>
    <time>2025-04-08T07:56:39Z</time>
   </trkpt>
   <trkpt lat="45.7638200" lon="4.7769860">
    <ele>221.4</ele>
    <time>2025-04-08T07:56:40Z</time>
   </trkpt>
   <trkpt lat="45.7638170" lon="4.7770020">
    <ele>221.4</ele>
    <time>2025-04-08T07:56:41Z</time>
   </trkpt>
   <trkpt lat="45.7638100" lon="4.7770310">
    <ele>221.4</ele>
    <time>2025-04-08T07:56:42Z</time>
   </trkpt>
   <trkpt lat="45.7638070" lon="4.7770420">
    <ele>221.4</ele>
    <time>2025-04-08T07:56:43Z</time>
   </trkpt>
   <trkpt lat="45.7638040" lon="4.7770540">
    <ele>221.4</ele>
    <time>2025-04-08T07:56:44Z</time>
   </trkpt>
   <trkpt lat="45.7638060" lon="4.7770650">
    <ele>221.5</ele>
    <time>2025-04-08T07:56:45Z</time>
   </trkpt>
   <trkpt lat="45.7638060" lon="4.7770800">
    <ele>221.5</ele>
    <time>2025-04-08T07:56:46Z</time>
   </trkpt>
   <trkpt lat="45.7638030" lon="4.7770870">
    <ele>221.5</ele>
    <time>2025-04-08T07:56:47Z</time>
   </trkpt>
   <trkpt lat="45.7638010" lon="4.7770940">
    <ele>221.5</ele>
    <time>2025-04-08T07:56:48Z</time>
   </trkpt>
   <trkpt lat="45.7638090" lon="4.7771050">
    <ele>221.5</ele>
    <time>2025-04-08T07:56:55Z</time>
   </trkpt>
   <trkpt lat="45.7638300" lon="4.7771160">
    <ele>221.5</ele>
    <time>2025-04-08T07:56:56Z</time>
   </trkpt>
   <trkpt lat="45.7638620" lon="4.7771300">
    <ele>221.5</ele>
    <time>2025-04-08T07:56:57Z</time>
   </trkpt>
   <trkpt lat="45.7638800" lon="4.7771730">
    <ele>221.5</ele>
    <time>2025-04-08T07:56:58Z</time>
   </trkpt>
   <trkpt lat="45.7638900" lon="4.7772330">
    <ele>221.5</ele>
    <time>2025-04-08T07:56:59Z</time>
   </trkpt>
   <trkpt lat="45.7638970" lon="4.7772830">
    <ele>221.5</ele>
    <time>2025-04-08T07:57:00Z</time>
   </trkpt>
   <trkpt lat="45.7639050" lon="4.7773340">
    <ele>221.5</ele>
    <time>2025-04-08T07:57:01Z</time>
   </trkpt>
   <trkpt lat="45.7639060" lon="4.7773750">
    <ele>221.5</ele>
    <time>2025-04-08T07:57:02Z</time>
   </trkpt>
   <trkpt lat="45.7639060" lon="4.7773950">
    <ele>221.5</ele>
    <time>2025-04-08T07:57:03Z</time>
   </trkpt>
   <trkpt lat="45.7639110" lon="4.7774360">
    <ele>221.5</ele>
    <time>2025-04-08T07:57:04Z</time>
   </trkpt>
   <trkpt lat="45.7639120" lon="4.7774950">
    <ele>221.5</ele>
    <time>2025-04-08T07:57:05Z</time>
   </trkpt>
   <trkpt lat="45.7639110" lon="4.7775160">
    <ele>221.6</ele>
    <time>2025-04-08T07:57:06Z</time>
   </trkpt>
   <trkpt lat="45.7639120" lon="4.7775730">
    <ele>221.6</ele>
    <time>2025-04-08T07:57:07Z</time>
   </trkpt>
   <trkpt lat="45.7639110" lon="4.7775920">
    <ele>221.6</ele>
    <time>2025-04-08T07:57:08Z</time>
   </trkpt>
   <trkpt lat="45.7639030" lon="4.7776350">
    <ele>221.6</ele>
    <time>2025-04-08T07:57:09Z</time>
   </trkpt>
   <trkpt lat="45.7638920" lon="4.7776980">
    <ele>221.6</ele>
    <time>2025-04-08T07:57:10Z</time>
   </trkpt>
   <trkpt lat="45.7638920" lon="4.7777570">
    <ele>221.6</ele>
    <time>2025-04-08T07:57:11Z</time>
   </trkpt>
   <trkpt lat="45.7638890" lon="4.7777990">
    <ele>221.7</ele>
    <time>2025-04-08T07:57:12Z</time>
   </trkpt>
   <trkpt lat="45.7638930" lon="4.7778390">
    <ele>221.7</ele>
    <time>2025-04-08T07:57:13Z</time>
   </trkpt>
   <trkpt lat="45.7638960" lon="4.7778800">
    <ele>221.7</ele>
    <time>2025-04-08T07:57:14Z</time>
   </trkpt>
   <trkpt lat="45.7639040" lon="4.7779320">
    <ele>221.8</ele>
    <time>2025-04-08T07:57:15Z</time>
   </trkpt>
   <trkpt lat="45.7638950" lon="4.7779920">
    <ele>221.8</ele>
    <time>2025-04-08T07:57:16Z</time>
   </trkpt>
   <trkpt lat="45.7638970" lon="4.7780480">
    <ele>221.8</ele>
    <time>2025-04-08T07:57:17Z</time>
   </trkpt>
   <trkpt lat="45.7638850" lon="4.7781010">
    <ele>221.9</ele>
    <time>2025-04-08T07:57:18Z</time>
   </trkpt>
   <trkpt lat="45.7638930" lon="4.7781600">
    <ele>221.9</ele>
    <time>2025-04-08T07:57:19Z</time>
   </trkpt>
   <trkpt lat="45.7638890" lon="4.7781850">
    <ele>221.9</ele>
    <time>2025-04-08T07:57:20Z</time>
   </trkpt>
   <trkpt lat="45.7638730" lon="4.7782350">
    <ele>222.0</ele>
    <time>2025-04-08T07:57:21Z</time>
   </trkpt>
   <trkpt lat="45.7638610" lon="4.7782800">
    <ele>222.0</ele>
    <time>2025-04-08T07:57:22Z</time>
   </trkpt>
   <trkpt lat="45.7638520" lon="4.7783230">
    <ele>222.1</ele>
    <time>2025-04-08T07:57:23Z</time>
   </trkpt>
   <trkpt lat="45.7638410" lon="4.7783670">
    <ele>222.1</ele>
    <time>2025-04-08T07:57:24Z</time>
   </trkpt>
   <trkpt lat="45.7638250" lon="4.7784000">
    <ele>222.1</ele>
    <time>2025-04-08T07:57:25Z</time>
   </trkpt>
   <trkpt lat="45.7638190" lon="4.7784680">
    <ele>222.2</ele>
    <time>2025-04-08T07:57:26Z</time>
   </trkpt>
   <trkpt lat="45.7638100" lon="4.7785230">
    <ele>222.2</ele>
    <time>2025-04-08T07:57:27Z</time>
   </trkpt>
   <trkpt lat="45.7638150" lon="4.7785770">
    <ele>222.3</ele>
    <time>2025-04-08T07:57:28Z</time>
   </trkpt>
   <trkpt lat="45.7638060" lon="4.7786320">
    <ele>222.3</ele>
    <time>2025-04-08T07:57:29Z</time>
   </trkpt>
   <trkpt lat="45.7638170" lon="4.7786820">
    <ele>222.4</ele>
    <time>2025-04-08T07:57:30Z</time>
   </trkpt>
   <trkpt lat="45.7638280" lon="4.7787360">
    <ele>222.4</ele>
    <time>2025-04-08T07:57:31Z</time>
   </trkpt>
   <trkpt lat="45.7638300" lon="4.7787870">
    <ele>222.4</ele>
    <time>2025-04-08T07:57:32Z</time>
   </trkpt>
   <trkpt lat="45.7638400" lon="4.7788450">
    <ele>222.4</ele>
    <time>2025-04-08T07:57:33Z</time>
   </trkpt>
   <trkpt lat="45.7638580" lon="4.7789050">
    <ele>222.5</ele>
    <time>2025-04-08T07:57:34Z</time>
   </trkpt>
   <trkpt lat="45.7638640" lon="4.7789320">
    <ele>222.5</ele>
    <time>2025-04-08T07:57:35Z</time>
   </trkpt>
   <trkpt lat="45.7638760" lon="4.7789880">
    <ele>222.5</ele>
    <time>2025-04-08T07:57:36Z</time>
   </trkpt>
   <trkpt lat="45.7638810" lon="4.7790390">
    <ele>222.5</ele>
    <time>2025-04-08T07:57:37Z</time>
   </trkpt>
   <trkpt lat="45.7639000" lon="4.7790890">
    <ele>222.6</ele>
    <time>2025-04-08T07:57:38Z</time>
   </trkpt>
   <trkpt lat="45.7639050" lon="4.7791400">
    <ele>222.6</ele>
    <time>2025-04-08T07:57:39Z</time>
   </trkpt>
   <trkpt lat="45.7638920" lon="4.7791870">
    <ele>222.6</ele>
    <time>2025-04-08T07:57:40Z</time>
   </trkpt>
   <trkpt lat="45.7639030" lon="4.7792450">
    <ele>222.6</ele>
    <time>2025-04-08T07:57:41Z</time>
   </trkpt>
   <trkpt lat="45.7639090" lon="4.7792960">
    <ele>222.7</ele>
    <time>2025-04-08T07:57:42Z</time>
   </trkpt>
   <trkpt lat="45.7639000" lon="4.7793420">
    <ele>222.7</ele>
    <time>2025-04-08T07:57:43Z</time>
   </trkpt>
   <trkpt lat="45.7638950" lon="4.7793830">
    <ele>222.7</ele>
    <time>2025-04-08T07:57:44Z</time>
   </trkpt>
   <trkpt lat="45.7638880" lon="4.7794380">
    <ele>222.7</ele>
    <time>2025-04-08T07:57:45Z</time>
   </trkpt>
   <trkpt lat="45.7638870" lon="4.7794870">
    <ele>222.7</ele>
    <time>2025-04-08T07:57:46Z</time>
   </trkpt>
   <trkpt lat="45.7638920" lon="4.7795450">
    <ele>222.7</ele>
    <time>2025-04-08T07:57:47Z</time>
   </trkpt>
   <trkpt lat="45.7638940" lon="4.7795980">
    <ele>222.7</ele>
    <time>2025-04-08T07:57:48Z</time>
   </trkpt>
   <trkpt lat="45.7638820" lon="4.7796350">
    <ele>222.8</ele>
    <time>2025-04-08T07:57:49Z</time>
   </trkpt>
   <trkpt lat="45.7638830" lon="4.7796840">
    <ele>222.8</ele>
    <time>2025-04-08T07:57:50Z</time>
   </trkpt>
   <trkpt lat="45.7638970" lon="4.7797300">
    <ele>222.8</ele>
    <time>2025-04-08T07:57:51Z</time>
   </trkpt>
   <trkpt lat="45.7639030" lon="4.7797790">
    <ele>222.8</ele>
    <time>2025-04-08T07:57:52Z</time>
   </trkpt>
   <trkpt lat="45.7639070" lon="4.7798290">
    <ele>222.9</ele>
    <time>2025-04-08T07:57:53Z</time>
   </trkpt>
   <trkpt lat="45.7639090" lon="4.7798780">
    <ele>222.9</ele>
    <time>2025-04-08T07:57:54Z</time>
   </trkpt>
   <trkpt lat="45.7639190" lon="4.7799230">
    <ele>222.9</ele>
    <time>2025-04-08T07:57:55Z</time>
   </trkpt>
   <trkpt lat="45.7639090" lon="4.7799740">
    <ele>223.0</ele>
    <time>2025-04-08T07:57:56Z</time>
   </trkpt>
   <trkpt lat="45.7639080" lon="4.7800140">
    <ele>223.0</ele>
    <time>2025-04-08T07:57:57Z</time>
   </trkpt>
   <trkpt lat="45.7639230" lon="4.7800570">
    <ele>223.0</ele>
    <time>2025-04-08T07:57:58Z</time>
   </trkpt>
   <trkpt lat="45.7639240" lon="4.7801010">
    <ele>223.1</ele>
    <time>2025-04-08T07:57:59Z</time>
   </trkpt>
   <trkpt lat="45.7639300" lon="4.7801470">
    <ele>223.1</ele>
    <time>2025-04-08T07:58:00Z</time>
   </trkpt>
   <trkpt lat="45.7639260" lon="4.7801960">
    <ele>223.1</ele>
    <time>2025-04-08T07:58:01Z</time>
   </trkpt>
   <trkpt lat="45.7639240" lon="4.7802360">
    <ele>223.1</ele>
    <time>2025-04-08T07:58:02Z</time>
   </trkpt>
   <trkpt lat="45.7639400" lon="4.7802840">
    <ele>223.2</ele>
    <time>2025-04-08T07:58:03Z</time>
   </trkpt>
   <trkpt lat="45.7639520" lon="4.7803320">
    <ele>223.2</ele>
    <time>2025-04-08T07:58:04Z</time>
   </trkpt>
   <trkpt lat="45.7639610" lon="4.7803850">
    <ele>223.2</ele>
    <time>2025-04-08T07:58:05Z</time>
   </trkpt>
   <trkpt lat="45.7639470" lon="4.7804450">
    <ele>223.3</ele>
    <time>2025-04-08T07:58:06Z</time>
   </trkpt>
   <trkpt lat="45.7639400" lon="4.7804690">
    <ele>223.3</ele>
    <time>2025-04-08T07:58:07Z</time>
   </trkpt>
   <trkpt lat="45.7639190" lon="4.7804960">
    <ele>223.3</ele>
    <time>2025-04-08T07:58:08Z</time>
   </trkpt>
   <trkpt lat="45.7639190" lon="4.7805650">
    <ele>223.3</ele>
    <time>2025-04-08T07:58:09Z</time>
   </trkpt>
   <trkpt lat="45.7639220" lon="4.7805970">
    <ele>223.3</ele>
    <time>2025-04-08T07:58:10Z</time>
   </trkpt>
   <trkpt lat="45.7639290" lon="4.7806470">
    <ele>223.4</ele>
    <time>2025-04-08T07:58:11Z</time>
   </trkpt>
   <trkpt lat="45.7639240" lon="4.7806970">
    <ele>223.4</ele>
    <time>2025-04-08T07:58:12Z</time>
   </trkpt>
   <trkpt lat="45.7639300" lon="4.7807450">
    <ele>223.4</ele>
    <time>2025-04-08T07:58:13Z</time>
   </trkpt>
   <trkpt lat="45.7639320" lon="4.7807930">
    <ele>223.4</ele>
    <time>2025-04-08T07:58:14Z</time>
   </trkpt>
   <trkpt lat="45.7639350" lon="4.7808450">
    <ele>223.4</ele>
    <time>2025-04-08T07:58:15Z</time>
   </trkpt>
   <trkpt lat="45.7639460" lon="4.7808970">
    <ele>223.5</ele>
    <time>2025-04-08T07:58:16Z</time>
   </trkpt>
   <trkpt lat="45.7639500" lon="4.7809150">
    <ele>223.5</ele>
    <time>2025-04-08T07:58:17Z</time>
   </trkpt>
   <trkpt lat="45.7639530" lon="4.7809650">
    <ele>223.5</ele>
    <time>2025-04-08T07:58:18Z</time>
   </trkpt>
   <trkpt lat="45.7639520" lon="4.7810110">
    <ele>223.5</ele>
    <time>2025-04-08T07:58:19Z</time>
   </trkpt>
   <trkpt lat="45.7639600" lon="4.7810580">
    <ele>223.5</ele>
    <time>2025-04-08T07:58:20Z</time>
   </trkpt>
   <trkpt lat="45.7639620" lon="4.7810970">
    <ele>223.5</ele>
    <time>2025-04-08T07:58:21Z</time>
   </trkpt>
   <trkpt lat="45.7639590" lon="4.7811370">
    <ele>223.5</ele>
    <time>2025-04-08T07:58:22Z</time>
   </trkpt>
   <trkpt lat="45.7639690" lon="4.7811850">
    <ele>223.5</ele>
    <time>2025-04-08T07:58:23Z</time>
   </trkpt>
   <trkpt lat="45.7639710" lon="4.7812010">
    <ele>223.5</ele>
    <time>2025-04-08T07:58:24Z</time>
   </trkpt>
   <trkpt lat="45.7639890" lon="4.7812400">
    <ele>223.5</ele>
    <time>2025-04-08T07:58:25Z</time>
   </trkpt>
   <trkpt lat="45.7640010" lon="4.7812610">
    <ele>223.6</ele>
    <time>2025-04-08T07:58:26Z</time>
   </trkpt>
   <trkpt lat="45.7640470" lon="4.7813010">
    <ele>223.6</ele>
    <time>2025-04-08T07:58:27Z</time>
   </trkpt>
   <trkpt lat="45.7640820" lon="4.7813390">
    <ele>223.6</ele>
    <time>2025-04-08T07:58:28Z</time>
   </trkpt>
   <trkpt lat="45.7641060" lon="4.7813830">
    <ele>223.6</ele>
    <time>2025-04-08T07:58:29Z</time>
   </trkpt>
   <trkpt lat="45.7641210" lon="4.7814230">
    <ele>223.6</ele>
    <time>2025-04-08T07:58:30Z</time>
   </trkpt>
   <trkpt lat="45.7641280" lon="4.7814760">
    <ele>223.6</ele>
    <time>2025-04-08T07:58:31Z</time>
   </trkpt>
   <trkpt lat="45.7641430" lon="4.7815200">
    <ele>223.6</ele>
    <time>2025-04-08T07:58:32Z</time>
   </trkpt>
   <trkpt lat="45.7641750" lon="4.7815450">
    <ele>223.6</ele>
    <time>2025-04-08T07:58:33Z</time>
   </trkpt>
   <trkpt lat="45.7641910" lon="4.7815770">
    <ele>223.5</ele>
    <time>2025-04-08T07:58:34Z</time>
   </trkpt>
   <trkpt lat="45.7642020" lon="4.7816260">
    <ele>223.4</ele>
    <time>2025-04-08T07:58:36Z</time>
   </trkpt>
   <trkpt lat="45.7642200" lon="4.7816640">
    <ele>223.3</ele>
    <time>2025-04-08T07:58:37Z</time>
   </trkpt>
   <trkpt lat="45.7642310" lon="4.7816690">
    <ele>223.2</ele>
    <time>2025-04-08T07:58:38Z</time>
   </trkpt>
   <trkpt lat="45.7642430" lon="4.7816980">
    <ele>223.0</ele>
    <time>2025-04-08T07:58:39Z</time>
   </trkpt>
   <trkpt lat="45.7642490" lon="4.7817090">
    <ele>223.0</ele>
    <time>2025-04-08T07:58:40Z</time>
   </trkpt>
   <trkpt lat="45.7642550" lon="4.7817200">
    <ele>222.9</ele>
    <time>2025-04-08T07:58:41Z</time>
   </trkpt>
   <trkpt lat="45.7642780" lon="4.7817590">
    <ele>222.7</ele>
    <time>2025-04-08T07:58:42Z</time>
   </trkpt>
   <trkpt lat="45.7643030" lon="4.7817890">
    <ele>222.6</ele>
    <time>2025-04-08T07:58:43Z</time>
   </trkpt>
   <trkpt lat="45.7643230" lon="4.7818200">
    <ele>222.4</ele>
    <time>2025-04-08T07:58:44Z</time>
   </trkpt>
   <trkpt lat="45.7643550" lon="4.7818550">
    <ele>222.2</ele>
    <time>2025-04-08T07:58:45Z</time>
   </trkpt>
   <trkpt lat="45.7643780" lon="4.7818880">
    <ele>222.1</ele>
    <time>2025-04-08T07:58:46Z</time>
   </trkpt>
   <trkpt lat="45.7643970" lon="4.7819330">
    <ele>221.9</ele>
    <time>2025-04-08T07:58:47Z</time>
   </trkpt>
   <trkpt lat="45.7644190" lon="4.7819610">
    <ele>221.7</ele>
    <time>2025-04-08T07:58:48Z</time>
   </trkpt>
   <trkpt lat="45.7644430" lon="4.7819940">
    <ele>221.6</ele>
    <time>2025-04-08T07:58:49Z</time>
   </trkpt>
   <trkpt lat="45.7644740" lon="4.7820240">
    <ele>221.4</ele>
    <time>2025-04-08T07:58:50Z</time>
   </trkpt>
   <trkpt lat="45.7645020" lon="4.7820580">
    <ele>221.2</ele>
    <time>2025-04-08T07:58:51Z</time>
   </trkpt>
   <trkpt lat="45.7645300" lon="4.7820830">
    <ele>221.0</ele>
    <time>2025-04-08T07:58:52Z</time>
   </trkpt>
   <trkpt lat="45.7645580" lon="4.7821110">
    <ele>220.8</ele>
    <time>2025-04-08T07:58:53Z</time>
   </trkpt>
   <trkpt lat="45.7645900" lon="4.7821380">
    <ele>220.7</ele>
    <time>2025-04-08T07:58:54Z</time>
   </trkpt>
   <trkpt lat="45.7646210" lon="4.7821660">
    <ele>220.5</ele>
    <time>2025-04-08T07:58:55Z</time>
   </trkpt>
   <trkpt lat="45.7646510" lon="4.7821980">
    <ele>220.3</ele>
    <time>2025-04-08T07:58:56Z</time>
   </trkpt>
   <trkpt lat="45.7646750" lon="4.7822240">
    <ele>220.1</ele>
    <time>2025-04-08T07:58:57Z</time>
   </trkpt>
   <trkpt lat="45.7646980" lon="4.7822490">
    <ele>220.0</ele>
    <time>2025-04-08T07:58:58Z</time>
   </trkpt>
   <trkpt lat="45.7647260" lon="4.7822740">
    <ele>219.8</ele>
    <time>2025-04-08T07:58:59Z</time>
   </trkpt>
   <trkpt lat="45.7647550" lon="4.7823050">
    <ele>219.7</ele>
    <time>2025-04-08T07:59:00Z</time>
   </trkpt>
   <trkpt lat="45.7647860" lon="4.7823370">
    <ele>219.5</ele>
    <time>2025-04-08T07:59:01Z</time>
   </trkpt>
   <trkpt lat="45.7648100" lon="4.7823690">
    <ele>219.3</ele>
    <time>2025-04-08T07:59:02Z</time>
   </trkpt>
   <trkpt lat="45.7648350" lon="4.7823960">
    <ele>219.2</ele>
    <time>2025-04-08T07:59:03Z</time>
   </trkpt>
   <trkpt lat="45.7648600" lon="4.7824220">
    <ele>219.0</ele>
    <time>2025-04-08T07:59:04Z</time>
   </trkpt>
   <trkpt lat="45.7648820" lon="4.7824560">
    <ele>219.0</ele>
    <time>2025-04-08T07:59:05Z</time>
   </trkpt>
   <trkpt lat="45.7649040" lon="4.7824860">
    <ele>218.9</ele>
    <time>2025-04-08T07:59:06Z</time>
   </trkpt>
   <trkpt lat="45.7649190" lon="4.7825240">
    <ele>218.9</ele>
    <time>2025-04-08T07:59:07Z</time>
   </trkpt>
   <trkpt lat="45.7649410" lon="4.7825760">
    <ele>218.8</ele>
    <time>2025-04-08T07:59:08Z</time>
   </trkpt>
   <trkpt lat="45.7649520" lon="4.7825940">
    <ele>218.8</ele>
    <time>2025-04-08T07:59:09Z</time>
   </trkpt>
   <trkpt lat="45.7649790" lon="4.7826220">
    <ele>218.7</ele>
    <time>2025-04-08T07:59:10Z</time>
   </trkpt>
   <trkpt lat="45.7650010" lon="4.7826490">
    <ele>218.6</ele>
    <time>2025-04-08T07:59:11Z</time>
   </trkpt>
   <trkpt lat="45.7650250" lon="4.7826750">
    <ele>218.5</ele>
    <time>2025-04-08T07:59:12Z</time>
   </trkpt>
   <trkpt lat="45.7650430" lon="4.7827140">
    <ele>218.3</ele>
    <time>2025-04-08T07:59:13Z</time>
   </trkpt>
   <trkpt lat="45.7650640" lon="4.7827460">
    <ele>218.2</ele>
    <time>2025-04-08T07:59:14Z</time>
   </trkpt>
   <trkpt lat="45.7650930" lon="4.7827740">
    <ele>218.0</ele>
    <time>2025-04-08T07:59:15Z</time>
   </trkpt>
   <trkpt lat="45.7651140" lon="4.7828120">
    <ele>217.8</ele>
    <time>2025-04-08T07:59:16Z</time>
   </trkpt>
   <trkpt lat="45.7651510" lon="4.7828420">
    <ele>217.6</ele>
    <time>2025-04-08T07:59:17Z</time>
   </trkpt>
   <trkpt lat="45.7651680" lon="4.7828510">
    <ele>217.5</ele>
    <time>2025-04-08T07:59:18Z</time>
   </trkpt>
   <trkpt lat="45.7652040" lon="4.7828580">
    <ele>217.3</ele>
    <time>2025-04-08T07:59:19Z</time>
   </trkpt>
   <trkpt lat="45.7652380" lon="4.7828740">
    <ele>217.2</ele>
    <time>2025-04-08T07:59:20Z</time>
   </trkpt>
   <trkpt lat="45.7652660" lon="4.7829080">
    <ele>217.0</ele>
    <time>2025-04-08T07:59:21Z</time>
   </trkpt>
   <trkpt lat="45.7652960" lon="4.7829390">
    <ele>216.9</ele>
    <time>2025-04-08T07:59:22Z</time>
   </trkpt>
   <trkpt lat="45.7653280" lon="4.7829770">
    <ele>216.8</ele>
    <time>2025-04-08T07:59:23Z</time>
   </trkpt>
   <trkpt lat="45.7653600" lon="4.7830050">
    <ele>216.6</ele>
    <time>2025-04-08T07:59:24Z</time>
   </trkpt>
   <trkpt lat="45.7653880" lon="4.7830350">
    <ele>216.5</ele>
    <time>2025-04-08T07:59:25Z</time>
   </trkpt>
   <trkpt lat="45.7654200" lon="4.7830660">
    <ele>216.4</ele>
    <time>2025-04-08T07:59:26Z</time>
   </trkpt>
   <trkpt lat="45.7654470" lon="4.7831000">
    <ele>216.2</ele>
    <time>2025-04-08T07:59:27Z</time>
   </trkpt>
   <trkpt lat="45.7654670" lon="4.7831390">
    <ele>216.1</ele>
    <time>2025-04-08T07:59:28Z</time>
   </trkpt>
   <trkpt lat="45.7654840" lon="4.7831920">
    <ele>216.0</ele>
    <time>2025-04-08T07:59:29Z</time>
   </trkpt>
   <trkpt lat="45.7655030" lon="4.7832320">
    <ele>215.8</ele>
    <time>2025-04-08T07:59:30Z</time>
   </trkpt>
   <trkpt lat="45.7655350" lon="4.7832540">
    <ele>215.7</ele>
    <time>2025-04-08T07:59:31Z</time>
   </trkpt>
   <trkpt lat="45.7655610" lon="4.7832850">
    <ele>215.6</ele>
    <time>2025-04-08T07:59:32Z</time>
   </trkpt>
   <trkpt lat="45.7655880" lon="4.7833220">
    <ele>215.4</ele>
    <time>2025-04-08T07:59:33Z</time>
   </trkpt>
   <trkpt lat="45.7656160" lon="4.7833540">
    <ele>215.3</ele>
    <time>2025-04-08T07:59:34Z</time>
   </trkpt>
   <trkpt lat="45.7656280" lon="4.7833600">
    <ele>215.2</ele>
    <time>2025-04-08T07:59:35Z</time>
   </trkpt>
   <trkpt lat="45.7656640" lon="4.7833860">
    <ele>215.1</ele>
    <time>2025-04-08T07:59:36Z</time>
   </trkpt>
   <trkpt lat="45.7656910" lon="4.7834050">
    <ele>214.9</ele>
    <time>2025-04-08T07:59:37Z</time>
   </trkpt>
   <trkpt lat="45.7657240" lon="4.7834370">
    <ele>214.8</ele>
    <time>2025-04-08T07:59:38Z</time>
   </trkpt>
   <trkpt lat="45.7657540" lon="4.7834710">
    <ele>214.6</ele>
    <time>2025-04-08T07:59:39Z</time>
   </trkpt>
   <trkpt lat="45.7657820" lon="4.7835030">
    <ele>214.5</ele>
    <time>2025-04-08T07:59:40Z</time>
   </trkpt>
   <trkpt lat="45.7658050" lon="4.7835330">
    <ele>214.4</ele>
    <time>2025-04-08T07:59:41Z</time>
   </trkpt>
   <trkpt lat="45.7658290" lon="4.7835680">
    <ele>214.3</ele>
    <time>2025-04-08T07:59:42Z</time>
   </trkpt>
   <trkpt lat="45.7658590" lon="4.7836010">
    <ele>214.1</ele>
    <time>2025-04-08T07:59:43Z</time>
   </trkpt>
   <trkpt lat="45.7658780" lon="4.7836390">
    <ele>214.0</ele>
    <time>2025-04-08T07:59:44Z</time>
   </trkpt>
   <trkpt lat="45.7659070" lon="4.7836810">
    <ele>213.9</ele>
    <time>2025-04-08T07:59:45Z</time>
   </trkpt>
   <trkpt lat="45.7659490" lon="4.7836940">
    <ele>213.8</ele>
    <time>2025-04-08T07:59:46Z</time>
   </trkpt>
   <trkpt lat="45.7659770" lon="4.7837170">
    <ele>213.7</ele>
    <time>2025-04-08T07:59:47Z</time>
   </trkpt>
   <trkpt lat="45.7659990" lon="4.7837470">
    <ele>213.6</ele>
    <time>2025-04-08T07:59:48Z</time>
   </trkpt>
   <trkpt lat="45.7660340" lon="4.7837630">
    <ele>213.4</ele>
    <time>2025-04-08T07:59:49Z</time>
   </trkpt>
   <trkpt lat="45.7660650" lon="4.7837670">
    <ele>213.3</ele>
    <time>2025-04-08T07:59:50Z</time>
   </trkpt>
   <trkpt lat="45.7660910" lon="4.7837760">
    <ele>213.2</ele>
    <time>2025-04-08T07:59:51Z</time>
   </trkpt>
   <trkpt lat="45.7660980" lon="4.7837890">
    <ele>213.2</ele>
    <time>2025-04-08T07:59:53Z</time>
   </trkpt>
   <trkpt lat="45.7661060" lon="4.7838030">
    <ele>213.1</ele>
    <time>2025-04-08T07:59:54Z</time>
   </trkpt>
   <trkpt lat="45.7661320" lon="4.7838460">
    <ele>213.0</ele>
    <time>2025-04-08T07:59:55Z</time>
   </trkpt>
   <trkpt lat="45.7661610" lon="4.7838870">
    <ele>212.8</ele>
    <time>2025-04-08T07:59:56Z</time>
   </trkpt>
   <trkpt lat="45.7661840" lon="4.7839190">
    <ele>212.8</ele>
    <time>2025-04-08T07:59:57Z</time>
   </trkpt>
   <trkpt lat="45.7662070" lon="4.7839500">
    <ele>212.7</ele>
    <time>2025-04-08T07:59:58Z</time>
   </trkpt>
   <trkpt lat="45.7662300" lon="4.7839850">
    <ele>212.5</ele>
    <time>2025-04-08T07:59:59Z</time>
   </trkpt>
   <trkpt lat="45.7662530" lon="4.7840220">
    <ele>212.3</ele>
    <time>2025-04-08T08:00:00Z</time>
   </trkpt>
   <trkpt lat="45.7662830" lon="4.7840520">
    <ele>212.1</ele>
    <time>2025-04-08T08:00:01Z</time>
   </trkpt>
   <trkpt lat="45.7663050" lon="4.7840910">
    <ele>211.9</ele>
    <time>2025-04-08T08:00:02Z</time>
   </trkpt>
   <trkpt lat="45.7663410" lon="4.7841220">
    <ele>211.6</ele>
    <time>2025-04-08T08:00:03Z</time>
   </trkpt>
   <trkpt lat="45.7663560" lon="4.7841390">
    <ele>211.5</ele>
    <time>2025-04-08T08:00:04Z</time>
   </trkpt>
   <trkpt lat="45.7663870" lon="4.7841700">
    <ele>211.3</ele>
    <time>2025-04-08T08:00:05Z</time>
   </trkpt>
   <trkpt lat="45.7664130" lon="4.7841930">
    <ele>211.1</ele>
    <time>2025-04-08T08:00:06Z</time>
   </trkpt>
   <trkpt lat="45.7664290" lon="4.7842300">
    <ele>211.0</ele>
    <time>2025-04-08T08:00:07Z</time>
   </trkpt>
   <trkpt lat="45.7664600" lon="4.7842500">
    <ele>210.8</ele>
    <time>2025-04-08T08:00:08Z</time>
   </trkpt>
   <trkpt lat="45.7664840" lon="4.7842750">
    <ele>210.6</ele>
    <time>2025-04-08T08:00:09Z</time>
   </trkpt>
   <trkpt lat="45.7665030" lon="4.7843090">
    <ele>210.4</ele>
    <time>2025-04-08T08:00:10Z</time>
   </trkpt>
   <trkpt lat="45.7665190" lon="4.7843410">
    <ele>210.3</ele>
    <time>2025-04-08T08:00:11Z</time>
   </trkpt>
   <trkpt lat="45.7665500" lon="4.7843570">
    <ele>210.1</ele>
    <time>2025-04-08T08:00:12Z</time>
   </trkpt>
   <trkpt lat="45.7665680" lon="4.7843880">
    <ele>209.9</ele>
    <time>2025-04-08T08:00:13Z</time>
   </trkpt>
   <trkpt lat="45.7665900" lon="4.7844180">
    <ele>209.8</ele>
    <time>2025-04-08T08:00:14Z</time>
   </trkpt>
   <trkpt lat="45.7666190" lon="4.7844470">
    <ele>209.6</ele>
    <time>2025-04-08T08:00:15Z</time>
   </trkpt>
   <trkpt lat="45.7666510" lon="4.7844840">
    <ele>209.4</ele>
    <time>2025-04-08T08:00:16Z</time>
   </trkpt>
   <trkpt lat="45.7666630" lon="4.7844970">
    <ele>209.3</ele>
    <time>2025-04-08T08:00:17Z</time>
   </trkpt>
   <trkpt lat="45.7667100" lon="4.7845400">
    <ele>209.0</ele>
    <time>2025-04-08T08:00:18Z</time>
   </trkpt>
   <trkpt lat="45.7667390" lon="4.7845730">
    <ele>208.8</ele>
    <time>2025-04-08T08:00:19Z</time>
   </trkpt>
   <trkpt lat="45.7667650" lon="4.7845980">
    <ele>208.7</ele>
    <time>2025-04-08T08:00:20Z</time>
   </trkpt>
   <trkpt lat="45.7667870" lon="4.7846270">
    <ele>208.6</ele>
    <time>2025-04-08T08:00:21Z</time>
   </trkpt>
   <trkpt lat="45.7668080" lon="4.7846580">
    <ele>208.4</ele>
    <time>2025-04-08T08:00:22Z</time>
   </trkpt>
   <trkpt lat="45.7668380" lon="4.7846790">
    <ele>208.3</ele>
    <time>2025-04-08T08:00:23Z</time>
   </trkpt>
   <trkpt lat="45.7668730" lon="4.7847090">
    <ele>208.1</ele>
    <time>2025-04-08T08:00:24Z</time>
   </trkpt>
   <trkpt lat="45.7668900" lon="4.7847450">
    <ele>207.9</ele>
    <time>2025-04-08T08:00:25Z</time>
   </trkpt>
   <trkpt lat="45.7669170" lon="4.7847710">
    <ele>207.8</ele>
    <time>2025-04-08T08:00:26Z</time>
   </trkpt>
   <trkpt lat="45.7669440" lon="4.7847980">
    <ele>207.6</ele>
    <time>2025-04-08T08:00:27Z</time>
   </trkpt>
   <trkpt lat="45.7669720" lon="4.7848300">
    <ele>207.5</ele>
    <time>2025-04-08T08:00:28Z</time>
   </trkpt>
   <trkpt lat="45.7669990" lon="4.7848620">
    <ele>207.3</ele>
    <time>2025-04-08T08:00:29Z</time>
   </trkpt>
   <trkpt lat="45.7670310" lon="4.7848870">
    <ele>207.1</ele>
    <time>2025-04-08T08:00:30Z</time>
   </trkpt>
   <trkpt lat="45.7670550" lon="4.7849160">
    <ele>207.0</ele>
    <time>2025-04-08T08:00:31Z</time>
   </trkpt>
   <trkpt lat="45.7670760" lon="4.7849510">
    <ele>206.9</ele>
    <time>2025-04-08T08:00:32Z</time>
   </trkpt>
   <trkpt lat="45.7671030" lon="4.7849830">
    <ele>206.7</ele>
    <time>2025-04-08T08:00:33Z</time>
   </trkpt>
   <trkpt lat="45.7671330" lon="4.7850010">
    <ele>206.6</ele>
    <time>2025-04-08T08:00:34Z</time>
   </trkpt>
   <trkpt lat="45.7671550" lon="4.7850400">
    <ele>206.4</ele>
    <time>2025-04-08T08:00:35Z</time>
   </trkpt>
   <trkpt lat="45.7671780" lon="4.7850730">
    <ele>206.3</ele>
    <time>2025-04-08T08:00:36Z</time>
   </trkpt>
   <trkpt lat="45.7672130" lon="4.7850980">
    <ele>206.2</ele>
    <time>2025-04-08T08:00:37Z</time>
   </trkpt>
   <trkpt lat="45.7672350" lon="4.7851270">
    <ele>206.0</ele>
    <time>2025-04-08T08:00:38Z</time>
   </trkpt>
   <trkpt lat="45.7672610" lon="4.7851540">
    <ele>205.9</ele>
    <time>2025-04-08T08:00:39Z</time>
   </trkpt>
   <trkpt lat="45.7672850" lon="4.7851890">
    <ele>205.8</ele>
    <time>2025-04-08T08:00:40Z</time>
   </trkpt>
   <trkpt lat="45.7673030" lon="4.7852340">
    <ele>205.6</ele>
    <time>2025-04-08T08:00:41Z</time>
   </trkpt>
   <trkpt lat="45.7673140" lon="4.7852490">
    <ele>205.6</ele>
    <time>2025-04-08T08:00:42Z</time>
   </trkpt>
   <trkpt lat="45.7673460" lon="4.7852690">
    <ele>205.4</ele>
    <time>2025-04-08T08:00:43Z</time>
   </trkpt>
   <trkpt lat="45.7673730" lon="4.7852990">
    <ele>205.3</ele>
    <time>2025-04-08T08:00:44Z</time>
   </trkpt>
   <trkpt lat="45.7674020" lon="4.7853320">
    <ele>205.2</ele>
    <time>2025-04-08T08:00:45Z</time>
   </trkpt>
   <trkpt lat="45.7674290" lon="4.7853680">
    <ele>205.1</ele>
    <time>2025-04-08T08:00:46Z</time>
   </trkpt>
   <trkpt lat="45.7674570" lon="4.7854010">
    <ele>205.0</ele>
    <time>2025-04-08T08:00:47Z</time>
   </trkpt>
   <trkpt lat="45.7674830" lon="4.7854330">
    <ele>204.9</ele>
    <time>2025-04-08T08:00:48Z</time>
   </trkpt>
   <trkpt lat="45.7675040" lon="4.7854780">
    <ele>204.7</ele>
    <time>2025-04-08T08:00:49Z</time>
   </trkpt>
   <trkpt lat="45.7675380" lon="4.7855000">
    <ele>204.6</ele>
    <time>2025-04-08T08:00:50Z</time>
   </trkpt>
   <trkpt lat="45.7675670" lon="4.7855270">
    <ele>204.5</ele>
    <time>2025-04-08T08:00:51Z</time>
   </trkpt>
   <trkpt lat="45.7675950" lon="4.7855570">
    <ele>204.4</ele>
    <time>2025-04-08T08:00:52Z</time>
   </trkpt>
   <trkpt lat="45.7676250" lon="4.7855920">
    <ele>204.2</ele>
    <time>2025-04-08T08:00:53Z</time>
   </trkpt>
   <trkpt lat="45.7676530" lon="4.7856230">
    <ele>204.1</ele>
    <time>2025-04-08T08:00:54Z</time>
   </trkpt>
   <trkpt lat="45.7676810" lon="4.7856570">
    <ele>204.0</ele>
    <time>2025-04-08T08:00:55Z</time>
   </trkpt>
   <trkpt lat="45.7677040" lon="4.7856830">
    <ele>203.9</ele>
    <time>2025-04-08T08:00:56Z</time>
   </trkpt>
   <trkpt lat="45.7677280" lon="4.7857150">
    <ele>203.8</ele>
    <time>2025-04-08T08:00:57Z</time>
   </trkpt>
   <trkpt lat="45.7677600" lon="4.7857410">
    <ele>203.7</ele>
    <time>2025-04-08T08:00:58Z</time>
   </trkpt>
   <trkpt lat="45.7677850" lon="4.7857710">
    <ele>203.6</ele>
    <time>2025-04-08T08:00:59Z</time>
   </trkpt>
   <trkpt lat="45.7678150" lon="4.7858070">
    <ele>203.5</ele>
    <time>2025-04-08T08:01:00Z</time>
   </trkpt>
   <trkpt lat="45.7678440" lon="4.7858380">
    <ele>203.4</ele>
    <time>2025-04-08T08:01:01Z</time>
   </trkpt>
   <trkpt lat="45.7678680" lon="4.7858660">
    <ele>203.3</ele>
    <time>2025-04-08T08:01:02Z</time>
   </trkpt>
   <trkpt lat="45.7678970" lon="4.7858980">
    <ele>203.2</ele>
    <time>2025-04-08T08:01:03Z</time>
   </trkpt>
   <trkpt lat="45.7679210" lon="4.7859280">
    <ele>203.2</ele>
    <time>2025-04-08T08:01:04Z</time>
   </trkpt>
   <trkpt lat="45.7679430" lon="4.7859540">
    <ele>203.1</ele>
    <time>2025-04-08T08:01:05Z</time>
   </trkpt>
   <trkpt lat="45.7679670" lon="4.7859890">
    <ele>203.0</ele>
    <time>2025-04-08T08:01:06Z</time>
   </trkpt>
   <trkpt lat="45.7679930" lon="4.7860190">
    <ele>203.0</ele>
    <time>2025-04-08T08:01:07Z</time>
   </trkpt>
   <trkpt lat="45.7680150" lon="4.7860460">
    <ele>202.9</ele>
    <time>2025-04-08T08:01:08Z</time>
   </trkpt>
   <trkpt lat="45.7680490" lon="4.7860860">
    <ele>202.9</ele>
    <time>2025-04-08T08:01:09Z</time>
   </trkpt>
   <trkpt lat="45.7680620" lon="4.7861000">
    <ele>202.8</ele>
    <time>2025-04-08T08:01:10Z</time>
   </trkpt>
   <trkpt lat="45.7680890" lon="4.7861330">
    <ele>202.7</ele>
    <time>2025-04-08T08:01:11Z</time>
   </trkpt>
   <trkpt lat="45.7681140" lon="4.7861620">
    <ele>202.7</ele>
    <time>2025-04-08T08:01:12Z</time>
   </trkpt>
   <trkpt lat="45.7681330" lon="4.7861940">
    <ele>202.6</ele>
    <time>2025-04-08T08:01:13Z</time>
   </trkpt>
   <trkpt lat="45.7681610" lon="4.7862250">
    <ele>202.5</ele>
    <time>2025-04-08T08:01:14Z</time>
   </trkpt>
   <trkpt lat="45.7681890" lon="4.7862550">
    <ele>202.4</ele>
    <time>2025-04-08T08:01:15Z</time>
   </trkpt>
   <trkpt lat="45.7682120" lon="4.7862870">
    <ele>202.3</ele>
    <time>2025-04-08T08:01:16Z</time>
   </trkpt>
   <trkpt lat="45.7682330" lon="4.7863150">
    <ele>202.2</ele>
    <time>2025-04-08T08:01:17Z</time>
   </trkpt>
   <trkpt lat="45.7682630" lon="4.7863460">
    <ele>202.1</ele>
    <time>2025-04-08T08:01:18Z</time>
   </trkpt>
   <trkpt lat="45.7682840" lon="4.7863790">
    <ele>202.0</ele>
    <time>2025-04-08T08:01:19Z</time>
   </trkpt>
   <trkpt lat="45.7683090" lon="4.7864060">
    <ele>201.9</ele>
    <time>2025-04-08T08:01:20Z</time>
   </trkpt>
   <trkpt lat="45.7683310" lon="4.7864390">
    <ele>201.7</ele>
    <time>2025-04-08T08:01:21Z</time>
   </trkpt>
   <trkpt lat="45.7683540" lon="4.7864710">
    <ele>201.6</ele>
    <time>2025-04-08T08:01:22Z</time>
   </trkpt>
   <trkpt lat="45.7683680" lon="4.7865050">
    <ele>201.5</ele>
    <time>2025-04-08T08:01:23Z</time>
   </trkpt>
   <trkpt lat="45.7683820" lon="4.7865480">
    <ele>201.4</ele>
    <time>2025-04-08T08:01:24Z</time>
   </trkpt>
   <trkpt lat="45.7684250" lon="4.7865570">
    <ele>201.3</ele>
    <time>2025-04-08T08:01:25Z</time>
   </trkpt>
   <trkpt lat="45.7684620" lon="4.7865680">
    <ele>201.2</ele>
    <time>2025-04-08T08:01:26Z</time>
   </trkpt>
   <trkpt lat="45.7684900" lon="4.7866000">
    <ele>201.0</ele>
    <time>2025-04-08T08:01:27Z</time>
   </trkpt>
   <trkpt lat="45.7685150" lon="4.7866370">
    <ele>200.9</ele>
    <time>2025-04-08T08:01:28Z</time>
   </trkpt>
   <trkpt lat="45.7685420" lon="4.7866570">
    <ele>200.8</ele>
    <time>2025-04-08T08:01:29Z</time>
   </trkpt>
   <trkpt lat="45.7685640" lon="4.7866890">
    <ele>200.7</ele>
    <time>2025-04-08T08:01:30Z</time>
   </trkpt>
   <trkpt lat="45.7685930" lon="4.7867150">
    <ele>200.6</ele>
    <time>2025-04-08T08:01:31Z</time>
   </trkpt>
   <trkpt lat="45.7686170" lon="4.7867380">
    <ele>200.5</ele>
    <time>2025-04-08T08:01:32Z</time>
   </trkpt>
   <trkpt lat="45.7686360" lon="4.7867700">
    <ele>200.4</ele>
    <time>2025-04-08T08:01:33Z</time>
   </trkpt>
   <trkpt lat="45.7686630" lon="4.7867920">
    <ele>200.3</ele>
    <time>2025-04-08T08:01:34Z</time>
   </trkpt>
   <trkpt lat="45.7686910" lon="4.7868260">
    <ele>200.2</ele>
    <time>2025-04-08T08:01:35Z</time>
   </trkpt>
   <trkpt lat="45.7687120" lon="4.7868580">
    <ele>200.0</ele>
    <time>2025-04-08T08:01:36Z</time>
   </trkpt>
   <trkpt lat="45.7687330" lon="4.7868890">
    <ele>200.0</ele>
    <time>2025-04-08T08:01:37Z</time>
   </trkpt>
   <trkpt lat="45.7687600" lon="4.7869120">
    <ele>199.9</ele>
    <time>2025-04-08T08:01:39Z</time>
   </trkpt>
   <trkpt lat="45.7687900" lon="4.7869370">
    <ele>199.9</ele>
    <time>2025-04-08T08:01:40Z</time>
   </trkpt>
   <trkpt lat="45.7688120" lon="4.7869660">
    <ele>199.8</ele>
    <time>2025-04-08T08:01:41Z</time>
   </trkpt>
   <trkpt lat="45.7688390" lon="4.7869920">
    <ele>199.7</ele>
    <time>2025-04-08T08:01:42Z</time>
   </trkpt>
   <trkpt lat="45.7688640" lon="4.7870190">
    <ele>199.7</ele>
    <time>2025-04-08T08:01:43Z</time>
   </trkpt>
   <trkpt lat="45.7688740" lon="4.7870560">
    <ele>199.6</ele>
    <time>2025-04-08T08:01:44Z</time>
   </trkpt>
   <trkpt lat="45.7688710" lon="4.7870710">
    <ele>199.6</ele>
    <time>2025-04-08T08:01:45Z</time>
   </trkpt>
   <trkpt lat="45.7688670" lon="4.7870850">
    <ele>199.6</ele>
    <time>2025-04-08T08:01:49Z</time>
   </trkpt>
   <trkpt lat="45.7688630" lon="4.7870990">
    <ele>199.6</ele>
    <time>2025-04-08T08:01:50Z</time>
   </trkpt>
   <trkpt lat="45.7688470" lon="4.7871470">
    <ele>199.5</ele>
    <time>2025-04-08T08:01:51Z</time>
   </trkpt>
   <trkpt lat="45.7688350" lon="4.7871920">
    <ele>199.4</ele>
    <time>2025-04-08T08:01:52Z</time>
   </trkpt>
   <trkpt lat="45.7688370" lon="4.7872380">
    <ele>199.5</ele>
    <time>2025-04-08T08:01:53Z</time>
   </trkpt>
   <trkpt lat="45.7688570" lon="4.7872780">
    <ele>199.6</ele>
    <time>2025-04-08T08:01:54Z</time>
   </trkpt>
   <trkpt lat="45.7688890" lon="4.7873110">
    <ele>199.6</ele>
    <time>2025-04-08T08:01:55Z</time>
   </trkpt>
   <trkpt lat="45.7689180" lon="4.7873370">
    <ele>199.6</ele>
    <time>2025-04-08T08:01:56Z</time>
   </trkpt>
   <trkpt lat="45.7689530" lon="4.7873520">
    <ele>199.6</ele>
    <time>2025-04-08T08:01:57Z</time>
   </trkpt>
   <trkpt lat="45.7689780" lon="4.7873870">
    <ele>199.5</ele>
    <time>2025-04-08T08:01:58Z</time>
   </trkpt>
   <trkpt lat="45.7690110" lon="4.7874110">
    <ele>199.5</ele>
    <time>2025-04-08T08:01:59Z</time>
   </trkpt>
   <trkpt lat="45.7690370" lon="4.7874360">
    <ele>199.5</ele>
    <time>2025-04-08T08:02:00Z</time>
   </trkpt>
   <trkpt lat="45.7690640" lon="4.7874690">
    <ele>199.4</ele>
    <time>2025-04-08T08:02:01Z</time>
   </trkpt>
   <trkpt lat="45.7690880" lon="4.7875030">
    <ele>199.4</ele>
    <time>2025-04-08T08:02:02Z</time>
   </trkpt>
   <trkpt lat="45.7691230" lon="4.7875250">
    <ele>199.4</ele>
    <time>2025-04-08T08:02:03Z</time>
   </trkpt>
   <trkpt lat="45.7691560" lon="4.7875510">
    <ele>199.4</ele>
    <time>2025-04-08T08:02:04Z</time>
   </trkpt>
   <trkpt lat="45.7691820" lon="4.7875950">
    <ele>199.3</ele>
    <time>2025-04-08T08:02:05Z</time>
   </trkpt>
   <trkpt lat="45.7692120" lon="4.7876200">
    <ele>199.1</ele>
    <time>2025-04-08T08:02:06Z</time>
   </trkpt>
   <trkpt lat="45.7692310" lon="4.7876490">
    <ele>199.0</ele>
    <time>2025-04-08T08:02:07Z</time>
   </trkpt>
   <trkpt lat="45.7692660" lon="4.7876740">
    <ele>198.9</ele>
    <time>2025-04-08T08:02:08Z</time>
   </trkpt>
   <trkpt lat="45.7692920" lon="4.7877080">
    <ele>198.8</ele>
    <time>2025-04-08T08:02:09Z</time>
   </trkpt>
   <trkpt lat="45.7693200" lon="4.7877440">
    <ele>198.6</ele>
    <time>2025-04-08T08:02:10Z</time>
   </trkpt>
   <trkpt lat="45.7693480" lon="4.7877740">
    <ele>198.5</ele>
    <time>2025-04-08T08:02:11Z</time>
   </trkpt>
   <trkpt lat="45.7693740" lon="4.7877940">
    <ele>198.4</ele>
    <time>2025-04-08T08:02:12Z</time>
   </trkpt>
   <trkpt lat="45.7694010" lon="4.7878330">
    <ele>198.2</ele>
    <time>2025-04-08T08:02:13Z</time>
   </trkpt>
   <trkpt lat="45.7694260" lon="4.7878570">
    <ele>198.1</ele>
    <time>2025-04-08T08:02:14Z</time>
   </trkpt>
   <trkpt lat="45.7694610" lon="4.7878900">
    <ele>197.9</ele>
    <time>2025-04-08T08:02:15Z</time>
   </trkpt>
   <trkpt lat="45.7694770" lon="4.7879010">
    <ele>197.9</ele>
    <time>2025-04-08T08:02:16Z</time>
   </trkpt>
   <trkpt lat="45.7695060" lon="4.7879190">
    <ele>197.7</ele>
    <time>2025-04-08T08:02:17Z</time>
   </trkpt>
   <trkpt lat="45.7695350" lon="4.7879400">
    <ele>197.6</ele>
    <time>2025-04-08T08:02:18Z</time>
   </trkpt>
   <trkpt lat="45.7695690" lon="4.7879600">
    <ele>197.4</ele>
    <time>2025-04-08T08:02:19Z</time>
   </trkpt>
   <trkpt lat="45.7695920" lon="4.7879920">
    <ele>197.3</ele>
    <time>2025-04-08T08:02:20Z</time>
   </trkpt>
   <trkpt lat="45.7696180" lon="4.7880190">
    <ele>197.1</ele>
    <time>2025-04-08T08:02:21Z</time>
   </trkpt>
   <trkpt lat="45.7696480" lon="4.7880500">
    <ele>196.9</ele>
    <time>2025-04-08T08:02:22Z</time>
   </trkpt>
   <trkpt lat="45.7696810" lon="4.7880840">
    <ele>196.7</ele>
    <time>2025-04-08T08:02:23Z</time>
   </trkpt>
   <trkpt lat="45.7697410" lon="4.7881370">
    <ele>196.4</ele>
    <time>2025-04-08T08:02:24Z</time>
   </trkpt>
   <trkpt lat="45.7697720" lon="4.7881750">
    <ele>196.1</ele>
    <time>2025-04-08T08:02:25Z</time>
   </trkpt>
   <trkpt lat="45.7697980" lon="4.7882270">
    <ele>195.9</ele>
    <time>2025-04-08T08:02:26Z</time>
   </trkpt>
   <trkpt lat="45.7698270" lon="4.7882810">
    <ele>195.7</ele>
    <time>2025-04-08T08:02:27Z</time>
   </trkpt>
   <trkpt lat="45.7698590" lon="4.7883340">
    <ele>195.4</ele>
    <time>2025-04-08T08:02:28Z</time>
   </trkpt>
   <trkpt lat="45.7698840" lon="4.7883790">
    <ele>195.2</ele>
    <time>2025-04-08T08:02:29Z</time>
   </trkpt>
   <trkpt lat="45.7699120" lon="4.7884190">
    <ele>195.1</ele>
    <time>2025-04-08T08:02:30Z</time>
   </trkpt>
   <trkpt lat="45.7699430" lon="4.7884660">
    <ele>194.9</ele>
    <time>2025-04-08T08:02:31Z</time>
   </trkpt>
   <trkpt lat="45.7699730" lon="4.7885030">
    <ele>194.8</ele>
    <time>2025-04-08T08:02:32Z</time>
   </trkpt>
   <trkpt lat="45.7700030" lon="4.7885440">
    <ele>194.7</ele>
    <time>2025-04-08T08:02:33Z</time>
   </trkpt>
   <trkpt lat="45.7700260" lon="4.7885900">
    <ele>194.5</ele>
    <time>2025-04-08T08:02:34Z</time>
   </trkpt>
   <trkpt lat="45.7700630" lon="4.7886190">
    <ele>194.4</ele>
    <time>2025-04-08T08:02:35Z</time>
   </trkpt>
   <trkpt lat="45.7700930" lon="4.7886520">
    <ele>194.3</ele>
    <time>2025-04-08T08:02:36Z</time>
   </trkpt>
   <trkpt lat="45.7701160" lon="4.7886860">
    <ele>194.2</ele>
    <time>2025-04-08T08:02:37Z</time>
   </trkpt>
   <trkpt lat="45.7701400" lon="4.7887230">
    <ele>194.1</ele>
    <time>2025-04-08T08:02:38Z</time>
   </trkpt>
   <trkpt lat="45.7701700" lon="4.7887580">
    <ele>194.0</ele>
    <time>2025-04-08T08:02:39Z</time>
   </trkpt>
   <trkpt lat="45.7702020" lon="4.7887850">
    <ele>193.9</ele>
    <time>2025-04-08T08:02:40Z</time>
   </trkpt>
   <trkpt lat="45.7702320" lon="4.7888280">
    <ele>193.8</ele>
    <time>2025-04-08T08:02:41Z</time>
   </trkpt>
   <trkpt lat="45.7702560" lon="4.7888580">
    <ele>193.7</ele>
    <time>2025-04-08T08:02:42Z</time>
   </trkpt>
   <trkpt lat="45.7702840" lon="4.7888910">
    <ele>193.6</ele>
    <time>2025-04-08T08:02:43Z</time>
   </trkpt>
   <trkpt lat="45.7703150" lon="4.7889200">
    <ele>193.6</ele>
    <time>2025-04-08T08:02:44Z</time>
   </trkpt>
   <trkpt lat="45.7703390" lon="4.7889530">
    <ele>193.5</ele>
    <time>2025-04-08T08:02:45Z</time>
   </trkpt>
   <trkpt lat="45.7703640" lon="4.7889870">
    <ele>193.5</ele>
    <time>2025-04-08T08:02:46Z</time>
   </trkpt>
   <trkpt lat="45.7703880" lon="4.7890140">
    <ele>193.4</ele>
    <time>2025-04-08T08:02:47Z</time>
   </trkpt>
   <trkpt lat="45.7704170" lon="4.7890430">
    <ele>193.3</ele>
    <time>2025-04-08T08:02:48Z</time>
   </trkpt>
   <trkpt lat="45.7704460" lon="4.7890740">
    <ele>193.3</ele>
    <time>2025-04-08T08:02:49Z</time>
   </trkpt>
   <trkpt lat="45.7704710" lon="4.7891020">
    <ele>193.2</ele>
    <time>2025-04-08T08:02:50Z</time>
   </trkpt>
   <trkpt lat="45.7704960" lon="4.7891390">
    <ele>193.2</ele>
    <time>2025-04-08T08:02:51Z</time>
   </trkpt>
   <trkpt lat="45.7705260" lon="4.7891670">
    <ele>193.1</ele>
    <time>2025-04-08T08:02:52Z</time>
   </trkpt>
   <trkpt lat="45.7705500" lon="4.7891970">
    <ele>193.1</ele>
    <time>2025-04-08T08:02:53Z</time>
   </trkpt>
   <trkpt lat="45.7705720" lon="4.7892270">
    <ele>193.0</ele>
    <time>2025-04-08T08:02:54Z</time>
   </trkpt>
   <trkpt lat="45.7705990" lon="4.7892550">
    <ele>192.9</ele>
    <time>2025-04-08T08:02:55Z</time>
   </trkpt>
   <trkpt lat="45.7706240" lon="4.7892900">
    <ele>192.9</ele>
    <time>2025-04-08T08:02:56Z</time>
   </trkpt>
   <trkpt lat="45.7706520" lon="4.7893120">
    <ele>192.8</ele>
    <time>2025-04-08T08:02:57Z</time>
   </trkpt>
   <trkpt lat="45.7706840" lon="4.7893400">
    <ele>192.7</ele>
    <time>2025-04-08T08:02:58Z</time>
   </trkpt>
   <trkpt lat="45.7707110" lon="4.7893720">
    <ele>192.7</ele>
    <time>2025-04-08T08:02:59Z</time>
   </trkpt>
   <trkpt lat="45.7707370" lon="4.7894030">
    <ele>192.6</ele>
    <time>2025-04-08T08:03:00Z</time>
   </trkpt>
   <trkpt lat="45.7707620" lon="4.7894300">
    <ele>192.5</ele>
    <time>2025-04-08T08:03:01Z</time>
   </trkpt>
   <trkpt lat="45.7707900" lon="4.7894620">
    <ele>192.4</ele>
    <time>2025-04-08T08:03:02Z</time>
   </trkpt>
   <trkpt lat="45.7708170" lon="4.7894890">
    <ele>192.3</ele>
    <time>2025-04-08T08:03:03Z</time>
   </trkpt>
   <trkpt lat="45.7708420" lon="4.7895210">
    <ele>192.3</ele>
    <time>2025-04-08T08:03:04Z</time>
   </trkpt>
   <trkpt lat="45.7708740" lon="4.7895400">
    <ele>192.2</ele>
    <time>2025-04-08T08:03:05Z</time>
   </trkpt>
   <trkpt lat="45.7708990" lon="4.7895750">
    <ele>192.1</ele>
    <time>2025-04-08T08:03:06Z</time>
   </trkpt>
   <trkpt lat="45.7709240" lon="4.7896100">
    <ele>192.0</ele>
    <time>2025-04-08T08:03:07Z</time>
   </trkpt>
   <trkpt lat="45.7709500" lon="4.7896500">
    <ele>191.9</ele>
    <time>2025-04-08T08:03:08Z</time>
   </trkpt>
   <trkpt lat="45.7709770" lon="4.7896790">
    <ele>191.9</ele>
    <time>2025-04-08T08:03:09Z</time>
   </trkpt>
   <trkpt lat="45.7710020" lon="4.7897040">
    <ele>191.8</ele>
    <time>2025-04-08T08:03:10Z</time>
   </trkpt>
   <trkpt lat="45.7710300" lon="4.7897430">
    <ele>191.7</ele>
    <time>2025-04-08T08:03:11Z</time>
   </trkpt>
   <trkpt lat="45.7710580" lon="4.7897680">
    <ele>191.7</ele>
    <time>2025-04-08T08:03:12Z</time>
   </trkpt>
   <trkpt lat="45.7710840" lon="4.7898060">
    <ele>191.6</ele>
    <time>2025-04-08T08:03:13Z</time>
   </trkpt>
   <trkpt lat="45.7711110" lon="4.7898430">
    <ele>191.5</ele>
    <time>2025-04-08T08:03:14Z</time>
   </trkpt>
   <trkpt lat="45.7711410" lon="4.7898800">
    <ele>191.4</ele>
    <time>2025-04-08T08:03:15Z</time>
   </trkpt>
   <trkpt lat="45.7711670" lon="4.7899070">
    <ele>191.4</ele>
    <time>2025-04-08T08:03:16Z</time>
   </trkpt>
   <trkpt lat="45.7711980" lon="4.7899250">
    <ele>191.3</ele>
    <time>2025-04-08T08:03:17Z</time>
   </trkpt>
   <trkpt lat="45.7712250" lon="4.7899490">
    <ele>191.3</ele>
    <time>2025-04-08T08:03:18Z</time>
   </trkpt>
   <trkpt lat="45.7712430" lon="4.7899800">
    <ele>191.2</ele>
    <time>2025-04-08T08:03:19Z</time>
   </trkpt>
   <trkpt lat="45.7712740" lon="4.7900060">
    <ele>191.2</ele>
    <time>2025-04-08T08:03:20Z</time>
   </trkpt>
   <trkpt lat="45.7713020" lon="4.7900340">
    <ele>191.1</ele>
    <time>2025-04-08T08:03:21Z</time>
   </trkpt>
   <trkpt lat="45.7713230" lon="4.7900660">
    <ele>191.1</ele>
    <time>2025-04-08T08:03:22Z</time>
   </trkpt>
   <trkpt lat="45.7713490" lon="4.7900930">
    <ele>191.0</ele>
    <time>2025-04-08T08:03:23Z</time>
   </trkpt>
   <trkpt lat="45.7713720" lon="4.7901240">
    <ele>191.0</ele>
    <time>2025-04-08T08:03:24Z</time>
   </trkpt>
   <trkpt lat="45.7713940" lon="4.7901640">
    <ele>190.9</ele>
    <time>2025-04-08T08:03:25Z</time>
   </trkpt>
   <trkpt lat="45.7714220" lon="4.7901970">
    <ele>190.8</ele>
    <time>2025-04-08T08:03:26Z</time>
   </trkpt>
   <trkpt lat="45.7714430" lon="4.7902290">
    <ele>190.8</ele>
    <time>2025-04-08T08:03:27Z</time>
   </trkpt>
   <trkpt lat="45.7714620" lon="4.7902570">
    <ele>190.7</ele>
    <time>2025-04-08T08:03:28Z</time>
   </trkpt>
   <trkpt lat="45.7715010" lon="4.7902780">
    <ele>190.6</ele>
    <time>2025-04-08T08:03:29Z</time>
   </trkpt>
   <trkpt lat="45.7715360" lon="4.7902950">
    <ele>190.6</ele>
    <time>2025-04-08T08:03:30Z</time>
   </trkpt>
   <trkpt lat="45.7715650" lon="4.7903280">
    <ele>190.5</ele>
    <time>2025-04-08T08:03:31Z</time>
   </trkpt>
   <trkpt lat="45.7715870" lon="4.7903580">
    <ele>190.4</ele>
    <time>2025-04-08T08:03:32Z</time>
   </trkpt>
   <trkpt lat="45.7716170" lon="4.7903780">
    <ele>190.3</ele>
    <time>2025-04-08T08:03:33Z</time>
   </trkpt>
   <trkpt lat="45.7716290" lon="4.7903720">
    <ele>190.3</ele>
    <time>2025-04-08T08:03:34Z</time>
   </trkpt>
   <trkpt lat="45.7716480" lon="4.7903810">
    <ele>190.2</ele>
    <time>2025-04-08T08:03:35Z</time>
   </trkpt>
   <trkpt lat="45.7716780" lon="4.7904320">
    <ele>190.1</ele>
    <time>2025-04-08T08:03:36Z</time>
   </trkpt>
   <trkpt lat="45.7717150" lon="4.7904630">
    <ele>190.0</ele>
    <time>2025-04-08T08:03:37Z</time>
   </trkpt>
   <trkpt lat="45.7717280" lon="4.7904800">
    <ele>190.0</ele>
    <time>2025-04-08T08:03:38Z</time>
   </trkpt>
   <trkpt lat="45.7717630" lon="4.7905330">
    <ele>189.8</ele>
    <time>2025-04-08T08:03:39Z</time>
   </trkpt>
   <trkpt lat="45.7717840" lon="4.7905650">
    <ele>189.8</ele>
    <time>2025-04-08T08:03:40Z</time>
   </trkpt>
   <trkpt lat="45.7718130" lon="4.7905930">
    <ele>189.7</ele>
    <time>2025-04-08T08:03:41Z</time>
   </trkpt>
   <trkpt lat="45.7718440" lon="4.7906180">
    <ele>189.6</ele>
    <time>2025-04-08T08:03:42Z</time>
   </trkpt>
   <trkpt lat="45.7718700" lon="4.7906630">
    <ele>189.5</ele>
    <time>2025-04-08T08:03:43Z</time>
   </trkpt>
   <trkpt lat="45.7718860" lon="4.7907100">
    <ele>189.5</ele>
    <time>2025-04-08T08:03:44Z</time>
   </trkpt>
   <trkpt lat="45.7719150" lon="4.7907470">
    <ele>189.4</ele>
    <time>2025-04-08T08:03:45Z</time>
   </trkpt>
   <trkpt lat="45.7719340" lon="4.7907790">
    <ele>189.4</ele>
    <time>2025-04-08T08:03:46Z</time>
   </trkpt>
   <trkpt lat="45.7719570" lon="4.7908130">
    <ele>189.3</ele>
    <time>2025-04-08T08:03:47Z</time>
   </trkpt>
   <trkpt lat="45.7719800" lon="4.7908500">
    <ele>189.2</ele>
    <time>2025-04-08T08:03:48Z</time>
   </trkpt>
   <trkpt lat="45.7720060" lon="4.7908800">
    <ele>189.2</ele>
    <time>2025-04-08T08:03:49Z</time>
   </trkpt>
   <trkpt lat="45.7720260" lon="4.7909090">
    <ele>189.1</ele>
    <time>2025-04-08T08:03:50Z</time>
   </trkpt>
   <trkpt lat="45.7720510" lon="4.7909420">
    <ele>189.1</ele>
    <time>2025-04-08T08:03:51Z</time>
   </trkpt>
   <trkpt lat="45.7720740" lon="4.7909800">
    <ele>189.0</ele>
    <time>2025-04-08T08:03:52Z</time>
   </trkpt>
   <trkpt lat="45.7721000" lon="4.7910100">
    <ele>189.0</ele>
    <time>2025-04-08T08:03:53Z</time>
   </trkpt>
   <trkpt lat="45.7721230" lon="4.7910400">
    <ele>188.9</ele>
    <time>2025-04-08T08:03:55Z</time>
   </trkpt>
   <trkpt lat="45.7721510" lon="4.7910810">
    <ele>188.8</ele>
    <time>2025-04-08T08:03:56Z</time>
   </trkpt>
   <trkpt lat="45.7721750" lon="4.7911170">
    <ele>188.8</ele>
    <time>2025-04-08T08:03:57Z</time>
   </trkpt>
   <trkpt lat="45.7722070" lon="4.7911470">
    <ele>188.7</ele>
    <time>2025-04-08T08:03:58Z</time>
   </trkpt>
   <trkpt lat="45.7722330" lon="4.7911710">
    <ele>188.7</ele>
    <time>2025-04-08T08:03:59Z</time>
   </trkpt>
   <trkpt lat="45.7722610" lon="4.7911940">
    <ele>188.6</ele>
    <time>2025-04-08T08:04:00Z</time>
   </trkpt>
   <trkpt lat="45.7722850" lon="4.7912200">
    <ele>188.6</ele>
    <time>2025-04-08T08:04:01Z</time>
   </trkpt>
   <trkpt lat="45.7723100" lon="4.7912490">
    <ele>188.5</ele>
    <time>2025-04-08T08:04:02Z</time>
   </trkpt>
   <trkpt lat="45.7723350" lon="4.7912770">
    <ele>188.5</ele>
    <time>2025-04-08T08:04:03Z</time>
   </trkpt>
   <trkpt lat="45.7723630" lon="4.7913080">
    <ele>188.4</ele>
    <time>2025-04-08T08:04:04Z</time>
   </trkpt>
   <trkpt lat="45.7723840" lon="4.7913360">
    <ele>188.4</ele>
    <time>2025-04-08T08:04:05Z</time>
   </trkpt>
   <trkpt lat="45.7724140" lon="4.7913650">
    <ele>188.4</ele>
    <time>2025-04-08T08:04:06Z</time>
   </trkpt>
   <trkpt lat="45.7724370" lon="4.7913900">
    <ele>188.3</ele>
    <time>2025-04-08T08:04:07Z</time>
   </trkpt>
   <trkpt lat="45.7724600" lon="4.7914210">
    <ele>188.3</ele>
    <time>2025-04-08T08:04:08Z</time>
   </trkpt>
   <trkpt lat="45.7724880" lon="4.7914550">
    <ele>188.2</ele>
    <time>2025-04-08T08:04:09Z</time>
   </trkpt>
   <trkpt lat="45.7725140" lon="4.7914840">
    <ele>188.2</ele>
    <time>2025-04-08T08:04:10Z</time>
   </trkpt>
   <trkpt lat="45.7725340" lon="4.7915220">
    <ele>188.1</ele>
    <time>2025-04-08T08:04:11Z</time>
   </trkpt>
   <trkpt lat="45.7725570" lon="4.7915510">
    <ele>188.1</ele>
    <time>2025-04-08T08:04:12Z</time>
   </trkpt>
   <trkpt lat="45.7725790" lon="4.7915880">
    <ele>188.0</ele>
    <time>2025-04-08T08:04:13Z</time>
   </trkpt>
   <trkpt lat="45.7726040" lon="4.7916160">
    <ele>187.9</ele>
    <time>2025-04-08T08:04:14Z</time>
   </trkpt>
   <trkpt lat="45.7726290" lon="4.7916490">
    <ele>187.9</ele>
    <time>2025-04-08T08:04:15Z</time>
   </trkpt>
   <trkpt lat="45.7726470" lon="4.7916790">
    <ele>187.8</ele>
    <time>2025-04-08T08:04:16Z</time>
   </trkpt>
   <trkpt lat="45.7726750" lon="4.7917120">
    <ele>187.8</ele>
    <time>2025-04-08T08:04:17Z</time>
   </trkpt>
   <trkpt lat="45.7727020" lon="4.7917310">
    <ele>187.7</ele>
    <time>2025-04-08T08:04:18Z</time>
   </trkpt>
   <trkpt lat="45.7727310" lon="4.7917450">
    <ele>187.7</ele>
    <time>2025-04-08T08:04:19Z</time>
   </trkpt>
   <trkpt lat="45.7727520" lon="4.7917750">
    <ele>187.6</ele>
    <time>2025-04-08T08:04:20Z</time>
   </trkpt>
   <trkpt lat="45.7727820" lon="4.7918040">
    <ele>187.6</ele>
    <time>2025-04-08T08:04:21Z</time>
   </trkpt>
   <trkpt lat="45.7728050" lon="4.7918430">
    <ele>187.5</ele>
    <time>2025-04-08T08:04:22Z</time>
   </trkpt>
   <trkpt lat="45.7728290" lon="4.7918700">
    <ele>187.5</ele>
    <time>2025-04-08T08:04:23Z</time>
   </trkpt>
   <trkpt lat="45.7728540" lon="4.7919020">
    <ele>187.4</ele>
    <time>2025-04-08T08:04:24Z</time>
   </trkpt>
   <trkpt lat="45.7728810" lon="4.7919360">
    <ele>187.4</ele>
    <time>2025-04-08T08:04:25Z</time>
   </trkpt>
   <trkpt lat="45.7729130" lon="4.7919700">
    <ele>187.3</ele>
    <time>2025-04-08T08:04:26Z</time>
   </trkpt>
   <trkpt lat="45.7729210" lon="4.7919860">
    <ele>187.3</ele>
    <time>2025-04-08T08:04:27Z</time>
   </trkpt>
   <trkpt lat="45.7729420" lon="4.7920230">
    <ele>187.2</ele>
    <time>2025-04-08T08:04:28Z</time>
   </trkpt>
   <trkpt lat="45.7729740" lon="4.7920550">
    <ele>187.2</ele>
    <time>2025-04-08T08:04:29Z</time>
   </trkpt>
   <trkpt lat="45.7730250" lon="4.7921150">
    <ele>187.1</ele>
    <time>2025-04-08T08:04:30Z</time>
   </trkpt>
   <trkpt lat="45.7730460" lon="4.7921530">
    <ele>187.0</ele>
    <time>2025-04-08T08:04:31Z</time>
   </trkpt>
   <trkpt lat="45.7730760" lon="4.7921560">
    <ele>187.0</ele>
    <time>2025-04-08T08:04:32Z</time>
   </trkpt>
   <trkpt lat="45.7731120" lon="4.7921570">
    <ele>186.9</ele>
    <time>2025-04-08T08:04:33Z</time>
   </trkpt>
   <trkpt lat="45.7731450" lon="4.7921960">
    <ele>186.8</ele>
    <time>2025-04-08T08:04:34Z</time>
   </trkpt>
   <trkpt lat="45.7731580" lon="4.7922160">
    <ele>186.8</ele>
    <time>2025-04-08T08:04:35Z</time>
   </trkpt>
   <trkpt lat="45.7731810" lon="4.7922350">
    <ele>186.8</ele>
    <time>2025-04-08T08:04:36Z</time>
   </trkpt>
   <trkpt lat="45.7732190" lon="4.7922370">
    <ele>186.7</ele>
    <time>2025-04-08T08:04:37Z</time>
   </trkpt>
   <trkpt lat="45.7732510" lon="4.7922540">
    <ele>186.6</ele>
    <time>2025-04-08T08:04:38Z</time>
   </trkpt>
   <trkpt lat="45.7732570" lon="4.7922820">
    <ele>186.6</ele>
    <time>2025-04-08T08:04:39Z</time>
   </trkpt>
   <trkpt lat="45.7732800" lon="4.7923090">
    <ele>186.5</ele>
    <time>2025-04-08T08:04:40Z</time>
   </trkpt>
   <trkpt lat="45.7733080" lon="4.7923370">
    <ele>186.5</ele>
    <time>2025-04-08T08:04:41Z</time>
   </trkpt>
   <trkpt lat="45.7733320" lon="4.7923780">
    <ele>186.4</ele>
    <time>2025-04-08T08:04:42Z</time>
   </trkpt>
   <trkpt lat="45.7733260" lon="4.7924320">
    <ele>186.3</ele>
    <time>2025-04-08T08:04:43Z</time>
   </trkpt>
   <trkpt lat="45.7733130" lon="4.7924950">
    <ele>186.2</ele>
    <time>2025-04-08T08:04:44Z</time>
   </trkpt>
   <trkpt lat="45.7732950" lon="4.7925390">
    <ele>186.2</ele>
    <time>2025-04-08T08:04:45Z</time>
   </trkpt>
   <trkpt lat="45.7733060" lon="4.7925620">
    <ele>186.2</ele>
    <time>2025-04-08T08:04:46Z</time>
   </trkpt>
   <trkpt lat="45.7733190" lon="4.7925570">
    <ele>186.1</ele>
    <time>2025-04-08T08:04:47Z</time>
   </trkpt>
   <trkpt lat="45.7733330" lon="4.7925510">
    <ele>186.1</ele>
    <time>2025-04-08T08:04:48Z</time>
   </trkpt>
   <trkpt lat="45.7733620" lon="4.7925940">
    <ele>186.0</ele>
    <time>2025-04-08T08:04:49Z</time>
   </trkpt>
   <trkpt lat="45.7733760" lon="4.7926170">
    <ele>185.9</ele>
    <time>2025-04-08T08:04:50Z</time>
   </trkpt>
   <trkpt lat="45.7734160" lon="4.7926580">
    <ele>185.9</ele>
    <time>2025-04-08T08:04:51Z</time>
   </trkpt>
   <trkpt lat="45.7734430" lon="4.7927020">
    <ele>185.8</ele>
    <time>2025-04-08T08:04:52Z</time>
   </trkpt>
   <trkpt lat="45.7734690" lon="4.7927400">
    <ele>185.7</ele>
    <time>2025-04-08T08:04:53Z</time>
   </trkpt>
   <trkpt lat="45.7735040" lon="4.7927810">
    <ele>185.6</ele>
    <time>2025-04-08T08:04:54Z</time>
   </trkpt>
   <trkpt lat="45.7735340" lon="4.7928320">
    <ele>185.4</ele>
    <time>2025-04-08T08:04:55Z</time>
   </trkpt>
   <trkpt lat="45.7735490" lon="4.7928750">
    <ele>185.3</ele>
    <time>2025-04-08T08:04:56Z</time>
   </trkpt>
   <trkpt lat="45.7735320" lon="4.7929330">
    <ele>185.0</ele>
    <time>2025-04-08T08:04:57Z</time>
   </trkpt>
   <trkpt lat="45.7735070" lon="4.7929840">
    <ele>184.7</ele>
    <time>2025-04-08T08:04:58Z</time>
   </trkpt>
   <trkpt lat="45.7735210" lon="4.7930390">
    <ele>184.4</ele>
    <time>2025-04-08T08:04:59Z</time>
   </trkpt>
   <trkpt lat="45.7735210" lon="4.7930860">
    <ele>184.1</ele>
    <time>2025-04-08T08:05:00Z</time>
   </trkpt>
   <trkpt lat="45.7735310" lon="4.7931320">
    <ele>183.8</ele>
    <time>2025-04-08T08:05:01Z</time>
   </trkpt>
   <trkpt lat="45.7735450" lon="4.7931800">
    <ele>183.5</ele>
    <time>2025-04-08T08:05:02Z</time>
   </trkpt>
   <trkpt lat="45.7735470" lon="4.7932300">
    <ele>183.2</ele>
    <time>2025-04-08T08:05:03Z</time>
   </trkpt>
   <trkpt lat="45.7735650" lon="4.7932730">
    <ele>182.9</ele>
    <time>2025-04-08T08:05:04Z</time>
   </trkpt>
   <trkpt lat="45.7735630" lon="4.7933290">
    <ele>182.6</ele>
    <time>2025-04-08T08:05:05Z</time>
   </trkpt>
   <trkpt lat="45.7735400" lon="4.7933950">
    <ele>182.1</ele>
    <time>2025-04-08T08:05:06Z</time>
   </trkpt>
   <trkpt lat="45.7735330" lon="4.7934510">
    <ele>181.7</ele>
    <time>2025-04-08T08:05:07Z</time>
   </trkpt>
   <trkpt lat="45.7735360" lon="4.7935140">
    <ele>181.3</ele>
    <time>2025-04-08T08:05:08Z</time>
   </trkpt>
   <trkpt lat="45.7735340" lon="4.7935660">
    <ele>181.0</ele>
    <time>2025-04-08T08:05:09Z</time>
   </trkpt>
   <trkpt lat="45.7735370" lon="4.7936090">
    <ele>180.7</ele>
    <time>2025-04-08T08:05:10Z</time>
   </trkpt>
   <trkpt lat="45.7735360" lon="4.7936530">
    <ele>180.5</ele>
    <time>2025-04-08T08:05:11Z</time>
   </trkpt>
   <trkpt lat="45.7735390" lon="4.7937130">
    <ele>180.1</ele>
    <time>2025-04-08T08:05:12Z</time>
   </trkpt>
   <trkpt lat="45.7735350" lon="4.7937550">
    <ele>179.8</ele>
    <time>2025-04-08T08:05:13Z</time>
   </trkpt>
   <trkpt lat="45.7735310" lon="4.7937990">
    <ele>179.6</ele>
    <time>2025-04-08T08:05:15Z</time>
   </trkpt>
   <trkpt lat="45.7735370" lon="4.7938520">
    <ele>179.3</ele>
    <time>2025-04-08T08:05:16Z</time>
   </trkpt>
   <trkpt lat="45.7735350" lon="4.7938970">
    <ele>179.0</ele>
    <time>2025-04-08T08:05:17Z</time>
   </trkpt>
   <trkpt lat="45.7735380" lon="4.7939600">
    <ele>178.6</ele>
    <time>2025-04-08T08:05:18Z</time>
   </trkpt>
   <trkpt lat="45.7735430" lon="4.7940050">
    <ele>178.4</ele>
    <time>2025-04-08T08:05:19Z</time>
   </trkpt>
   <trkpt lat="45.7735540" lon="4.7940600">
    <ele>178.1</ele>
    <time>2025-04-08T08:05:20Z</time>
   </trkpt>
   <trkpt lat="45.7735610" lon="4.7941060">
    <ele>178.1</ele>
    <time>2025-04-08T08:05:21Z</time>
   </trkpt>
   <trkpt lat="45.7735700" lon="4.7941570">
    <ele>178.0</ele>
    <time>2025-04-08T08:05:22Z</time>
   </trkpt>
   <trkpt lat="45.7735760" lon="4.7942040">
    <ele>178.0</ele>
    <time>2025-04-08T08:05:23Z</time>
   </trkpt>
   <trkpt lat="45.7735810" lon="4.7942440">
    <ele>178.0</ele>
    <time>2025-04-08T08:05:24Z</time>
   </trkpt>
   <trkpt lat="45.7735850" lon="4.7942920">
    <ele>177.8</ele>
    <time>2025-04-08T08:05:25Z</time>
   </trkpt>
   <trkpt lat="45.7735800" lon="4.7943350">
    <ele>177.7</ele>
    <time>2025-04-08T08:05:26Z</time>
   </trkpt>
   <trkpt lat="45.7735790" lon="4.7943740">
    <ele>177.6</ele>
    <time>2025-04-08T08:05:27Z</time>
   </trkpt>
   <trkpt lat="45.7735820" lon="4.7944210">
    <ele>177.5</ele>
    <time>2025-04-08T08:05:28Z</time>
   </trkpt>
   <trkpt lat="45.7735800" lon="4.7944730">
    <ele>177.3</ele>
    <time>2025-04-08T08:05:29Z</time>
   </trkpt>
   <trkpt lat="45.7735610" lon="4.7945160">
    <ele>177.2</ele>
    <time>2025-04-08T08:05:30Z</time>
   </trkpt>
   <trkpt lat="45.7735610" lon="4.7945560">
    <ele>177.1</ele>
    <time>2025-04-08T08:05:31Z</time>
   </trkpt>
   <trkpt lat="45.7735670" lon="4.7946130">
    <ele>176.9</ele>
    <time>2025-04-08T08:05:32Z</time>
   </trkpt>
   <trkpt lat="45.7735670" lon="4.7946390">
    <ele>176.9</ele>
    <time>2025-04-08T08:05:33Z</time>
   </trkpt>
   <trkpt lat="45.7735650" lon="4.7946910">
    <ele>176.8</ele>
    <time>2025-04-08T08:05:34Z</time>
   </trkpt>
   <trkpt lat="45.7735570" lon="4.7947390">
    <ele>176.7</ele>
    <time>2025-04-08T08:05:35Z</time>
   </trkpt>
   <trkpt lat="45.7735500" lon="4.7947790">
    <ele>176.6</ele>
    <time>2025-04-08T08:05:36Z</time>
   </trkpt>
   <trkpt lat="45.7735480" lon="4.7948280">
    <ele>176.5</ele>
    <time>2025-04-08T08:05:37Z</time>
   </trkpt>
   <trkpt lat="45.7735550" lon="4.7948780">
    <ele>176.4</ele>
    <time>2025-04-08T08:05:38Z</time>
   </trkpt>
   <trkpt lat="45.7735570" lon="4.7949310">
    <ele>176.3</ele>
    <time>2025-04-08T08:05:39Z</time>
   </trkpt>
   <trkpt lat="45.7735520" lon="4.7949750">
    <ele>176.2</ele>
    <time>2025-04-08T08:05:40Z</time>
   </trkpt>
   <trkpt lat="45.7735560" lon="4.7950210">
    <ele>176.2</ele>
    <time>2025-04-08T08:05:41Z</time>
   </trkpt>
   <trkpt lat="45.7735750" lon="4.7950690">
    <ele>176.0</ele>
    <time>2025-04-08T08:05:42Z</time>
   </trkpt>
   <trkpt lat="45.7735910" lon="4.7951090">
    <ele>176.0</ele>
    <time>2025-04-08T08:05:43Z</time>
   </trkpt>
   <trkpt lat="45.7736480" lon="4.7951390">
    <ele>175.8</ele>
    <time>2025-04-08T08:05:44Z</time>
   </trkpt>
   <trkpt lat="45.7736600" lon="4.7951940">
    <ele>175.7</ele>
    <time>2025-04-08T08:05:45Z</time>
   </trkpt>
   <trkpt lat="45.7736660" lon="4.7952470">
    <ele>175.6</ele>
    <time>2025-04-08T08:05:46Z</time>
   </trkpt>
   <trkpt lat="45.7736610" lon="4.7952980">
    <ele>175.5</ele>
    <time>2025-04-08T08:05:47Z</time>
   </trkpt>
   <trkpt lat="45.7736520" lon="4.7953470">
    <ele>175.4</ele>
    <time>2025-04-08T08:05:48Z</time>
   </trkpt>
   <trkpt lat="45.7736500" lon="4.7953610">
    <ele>175.4</ele>
    <time>2025-04-08T08:05:49Z</time>
   </trkpt>
   <trkpt lat="45.7736470" lon="4.7954120">
    <ele>175.3</ele>
    <time>2025-04-08T08:05:50Z</time>
   </trkpt>
   <trkpt lat="45.7736490" lon="4.7954690">
    <ele>175.2</ele>
    <time>2025-04-08T08:05:51Z</time>
   </trkpt>
   <trkpt lat="45.7736480" lon="4.7955130">
    <ele>175.2</ele>
    <time>2025-04-08T08:05:52Z</time>
   </trkpt>
   <trkpt lat="45.7736590" lon="4.7955630">
    <ele>175.1</ele>
    <time>2025-04-08T08:05:53Z</time>
   </trkpt>
   <trkpt lat="45.7736550" lon="4.7956120">
    <ele>175.0</ele>
    <time>2025-04-08T08:05:54Z</time>
   </trkpt>
   <trkpt lat="45.7736630" lon="4.7956570">
    <ele>175.0</ele>
    <time>2025-04-08T08:05:55Z</time>
   </trkpt>
   <trkpt lat="45.7736680" lon="4.7957070">
    <ele>175.0</ele>
    <time>2025-04-08T08:05:56Z</time>
   </trkpt>
   <trkpt lat="45.7736710" lon="4.7957550">
    <ele>174.9</ele>
    <time>2025-04-08T08:05:57Z</time>
   </trkpt>
   <trkpt lat="45.7736730" lon="4.7958060">
    <ele>174.9</ele>
    <time>2025-04-08T08:05:58Z</time>
   </trkpt>
   <trkpt lat="45.7736730" lon="4.7958530">
    <ele>174.9</ele>
    <time>2025-04-08T08:05:59Z</time>
   </trkpt>
   <trkpt lat="45.7736600" lon="4.7959000">
    <ele>174.8</ele>
    <time>2025-04-08T08:06:00Z</time>
   </trkpt>
   <trkpt lat="45.7736550" lon="4.7959590">
    <ele>174.8</ele>
    <time>2025-04-08T08:06:01Z</time>
   </trkpt>
   <trkpt lat="45.7736560" lon="4.7959820">
    <ele>174.8</ele>
    <time>2025-04-08T08:06:02Z</time>
   </trkpt>
   <trkpt lat="45.7736510" lon="4.7960260">
    <ele>174.8</ele>
    <time>2025-04-08T08:06:03Z</time>
   </trkpt>
   <trkpt lat="45.7736480" lon="4.7960750">
    <ele>174.7</ele>
    <time>2025-04-08T08:06:04Z</time>
   </trkpt>
   <trkpt lat="45.7736410" lon="4.7961180">
    <ele>174.7</ele>
    <time>2025-04-08T08:06:05Z</time>
   </trkpt>
   <trkpt lat="45.7736280" lon="4.7961670">
    <ele>174.6</ele>
    <time>2025-04-08T08:06:06Z</time>
   </trkpt>
   <trkpt lat="45.7736290" lon="4.7962180">
    <ele>174.6</ele>
    <time>2025-04-08T08:06:07Z</time>
   </trkpt>
   <trkpt lat="45.7736290" lon="4.7962670">
    <ele>174.5</ele>
    <time>2025-04-08T08:06:08Z</time>
   </trkpt>
   <trkpt lat="45.7736380" lon="4.7963170">
    <ele>174.5</ele>
    <time>2025-04-08T08:06:09Z</time>
   </trkpt>
   <trkpt lat="45.7736380" lon="4.7963620">
    <ele>174.4</ele>
    <time>2025-04-08T08:06:10Z</time>
   </trkpt>
   <trkpt lat="45.7736390" lon="4.7964060">
    <ele>174.4</ele>
    <time>2025-04-08T08:06:11Z</time>
   </trkpt>
   <trkpt lat="45.7736390" lon="4.7964520">
    <ele>174.4</ele>
    <time>2025-04-08T08:06:12Z</time>
   </trkpt>
   <trkpt lat="45.7736340" lon="4.7964980">
    <ele>174.3</ele>
    <time>2025-04-08T08:06:13Z</time>
   </trkpt>
   <trkpt lat="45.7736360" lon="4.7965450">
    <ele>174.3</ele>
    <time>2025-04-08T08:06:14Z</time>
   </trkpt>
   <trkpt lat="45.7736370" lon="4.7966050">
    <ele>174.2</ele>
    <time>2025-04-08T08:06:15Z</time>
   </trkpt>
   <trkpt lat="45.7736350" lon="4.7966280">
    <ele>174.2</ele>
    <time>2025-04-08T08:06:16Z</time>
   </trkpt>
   <trkpt lat="45.7736340" lon="4.7966720">
    <ele>174.2</ele>
    <time>2025-04-08T08:06:17Z</time>
   </trkpt>
   <trkpt lat="45.7736250" lon="4.7967200">
    <ele>174.1</ele>
    <time>2025-04-08T08:06:18Z</time>
   </trkpt>
   <trkpt lat="45.7736270" lon="4.7967600">
    <ele>174.1</ele>
    <time>2025-04-08T08:06:19Z</time>
   </trkpt>
   <trkpt lat="45.7736270" lon="4.7968100">
    <ele>174.1</ele>
    <time>2025-04-08T08:06:20Z</time>
   </trkpt>
   <trkpt lat="45.7736300" lon="4.7968570">
    <ele>174.0</ele>
    <time>2025-04-08T08:06:21Z</time>
   </trkpt>
   <trkpt lat="45.7736260" lon="4.7969060">
    <ele>174.0</ele>
    <time>2025-04-08T08:06:22Z</time>
   </trkpt>
   <trkpt lat="45.7736180" lon="4.7969450">
    <ele>173.9</ele>
    <time>2025-04-08T08:06:23Z</time>
   </trkpt>
   <trkpt lat="45.7736160" lon="4.7970060">
    <ele>173.9</ele>
    <time>2025-04-08T08:06:24Z</time>
   </trkpt>
   <trkpt lat="45.7736160" lon="4.7970320">
    <ele>173.9</ele>
    <time>2025-04-08T08:06:25Z</time>
   </trkpt>
   <trkpt lat="45.7736170" lon="4.7970860">
    <ele>173.8</ele>
    <time>2025-04-08T08:06:26Z</time>
   </trkpt>
   <trkpt lat="45.7736190" lon="4.7971380">
    <ele>173.8</ele>
    <time>2025-04-08T08:06:27Z</time>
   </trkpt>
   <trkpt lat="45.7736160" lon="4.7971920">
    <ele>173.7</ele>
    <time>2025-04-08T08:06:28Z</time>
   </trkpt>
   <trkpt lat="45.7736210" lon="4.7972410">
    <ele>173.7</ele>
    <time>2025-04-08T08:06:29Z</time>
   </trkpt>
   <trkpt lat="45.7736180" lon="4.7972830">
    <ele>173.7</ele>
    <time>2025-04-08T08:06:30Z</time>
   </trkpt>
   <trkpt lat="45.7736170" lon="4.7973250">
    <ele>173.6</ele>
    <time>2025-04-08T08:06:31Z</time>
   </trkpt>
   <trkpt lat="45.7736200" lon="4.7973680">
    <ele>173.6</ele>
    <time>2025-04-08T08:06:32Z</time>
   </trkpt>
   <trkpt lat="45.7736180" lon="4.7974110">
    <ele>173.6</ele>
    <time>2025-04-08T08:06:33Z</time>
   </trkpt>
   <trkpt lat="45.7736100" lon="4.7974480">
    <ele>173.5</ele>
    <time>2025-04-08T08:06:34Z</time>
   </trkpt>
   <trkpt lat="45.7736090" lon="4.7974990">
    <ele>173.5</ele>
    <time>2025-04-08T08:06:35Z</time>
   </trkpt>
   <trkpt lat="45.7736070" lon="4.7975950">
    <ele>173.4</ele>
    <time>2025-04-08T08:06:36Z</time>
   </trkpt>
   <trkpt lat="45.7736130" lon="4.7976350">
    <ele>173.4</ele>
    <time>2025-04-08T08:06:37Z</time>
   </trkpt>
   <trkpt lat="45.7736060" lon="4.7976930">
    <ele>173.4</ele>
    <time>2025-04-08T08:06:38Z</time>
   </trkpt>
   <trkpt lat="45.7736050" lon="4.7977150">
    <ele>173.4</ele>
    <time>2025-04-08T08:06:39Z</time>
   </trkpt>
   <trkpt lat="45.7736050" lon="4.7977740">
    <ele>173.3</ele>
    <time>2025-04-08T08:06:40Z</time>
   </trkpt>
   <trkpt lat="45.7736030" lon="4.7978240">
    <ele>173.3</ele>
    <time>2025-04-08T08:06:41Z</time>
   </trkpt>
   <trkpt lat="45.7736010" lon="4.7978680">
    <ele>173.3</ele>
    <time>2025-04-08T08:06:42Z</time>
   </trkpt>
   <trkpt lat="45.7735950" lon="4.7979120">
    <ele>173.2</ele>
    <time>2025-04-08T08:06:43Z</time>
   </trkpt>
   <trkpt lat="45.7735950" lon="4.7979590">
    <ele>173.2</ele>
    <time>2025-04-08T08:06:44Z</time>
   </trkpt>
   <trkpt lat="45.7735900" lon="4.7979960">
    <ele>173.2</ele>
    <time>2025-04-08T08:06:45Z</time>
   </trkpt>
   <trkpt lat="45.7735870" lon="4.7980230">
    <ele>173.2</ele>
    <time>2025-04-08T08:06:47Z</time>
   </trkpt>
   <trkpt lat="45.7735680" lon="4.7980860">
    <ele>173.1</ele>
    <time>2025-04-08T08:06:48Z</time>
   </trkpt>
   <trkpt lat="45.7735440" lon="4.7981280">
    <ele>173.1</ele>
    <time>2025-04-08T08:06:49Z</time>
   </trkpt>
   <trkpt lat="45.7735620" lon="4.7981730">
    <ele>173.1</ele>
    <time>2025-04-08T08:06:51Z</time>
   </trkpt>
   <trkpt lat="45.7735640" lon="4.7982340">
    <ele>173.0</ele>
    <time>2025-04-08T08:06:52Z</time>
   </trkpt>
   <trkpt lat="45.7735720" lon="4.7983100">
    <ele>173.0</ele>
    <time>2025-04-08T08:06:53Z</time>
   </trkpt>
   <trkpt lat="45.7735680" lon="4.7983640">
    <ele>173.0</ele>
    <time>2025-04-08T08:06:54Z</time>
   </trkpt>
   <trkpt lat="45.7735630" lon="4.7984130">
    <ele>173.0</ele>
    <time>2025-04-08T08:06:55Z</time>
   </trkpt>
   <trkpt lat="45.7735560" lon="4.7984660">
    <ele>172.9</ele>
    <time>2025-04-08T08:06:56Z</time>
   </trkpt>
   <trkpt lat="45.7735420" lon="4.7985110">
    <ele>172.9</ele>
    <time>2025-04-08T08:06:57Z</time>
   </trkpt>
   <trkpt lat="45.7735230" lon="4.7985540">
    <ele>172.9</ele>
    <time>2025-04-08T08:06:58Z</time>
   </trkpt>
   <trkpt lat="45.7735110" lon="4.7985990">
    <ele>172.9</ele>
    <time>2025-04-08T08:06:59Z</time>
   </trkpt>
   <trkpt lat="45.7735170" lon="4.7986550">
    <ele>172.9</ele>
    <time>2025-04-08T08:07:00Z</time>
   </trkpt>
   <trkpt lat="45.7735120" lon="4.7987020">
    <ele>172.8</ele>
    <time>2025-04-08T08:07:01Z</time>
   </trkpt>
   <trkpt lat="45.7735040" lon="4.7987460">
    <ele>172.8</ele>
    <time>2025-04-08T08:07:02Z</time>
   </trkpt>
   <trkpt lat="45.7734900" lon="4.7987860">
    <ele>172.8</ele>
    <time>2025-04-08T08:07:03Z</time>
   </trkpt>
   <trkpt lat="45.7734860" lon="4.7988370">
    <ele>172.8</ele>
    <time>2025-04-08T08:07:04Z</time>
   </trkpt>
   <trkpt lat="45.7734610" lon="4.7988740">
    <ele>172.7</ele>
    <time>2025-04-08T08:07:05Z</time>
   </trkpt>
   <trkpt lat="45.7734550" lon="4.7989130">
    <ele>172.7</ele>
    <time>2025-04-08T08:07:06Z</time>
   </trkpt>
   <trkpt lat="45.7734490" lon="4.7989530">
    <ele>172.7</ele>
    <time>2025-04-08T08:07:07Z</time>
   </trkpt>
   <trkpt lat="45.7734560" lon="4.7990000">
    <ele>172.7</ele>
    <time>2025-04-08T08:07:08Z</time>
   </trkpt>
   <trkpt lat="45.7734380" lon="4.7990380">
    <ele>172.7</ele>
    <time>2025-04-08T08:07:09Z</time>
   </trkpt>
   <trkpt lat="45.7734360" lon="4.7991020">
    <ele>172.7</ele>
    <time>2025-04-08T08:07:10Z</time>
   </trkpt>
   <trkpt lat="45.7734370" lon="4.7991290">
    <ele>172.7</ele>
    <time>2025-04-08T08:07:11Z</time>
   </trkpt>
   <trkpt lat="45.7734360" lon="4.7991730">
    <ele>172.6</ele>
    <time>2025-04-08T08:07:12Z</time>
   </trkpt>
   <trkpt lat="45.7734340" lon="4.7992130">
    <ele>172.6</ele>
    <time>2025-04-08T08:07:13Z</time>
   </trkpt>
   <trkpt lat="45.7734330" lon="4.7992720">
    <ele>172.6</ele>
    <time>2025-04-08T08:07:14Z</time>
   </trkpt>
   <trkpt lat="45.7734350" lon="4.7992950">
    <ele>172.6</ele>
    <time>2025-04-08T08:07:15Z</time>
   </trkpt>
   <trkpt lat="45.7734350" lon="4.7993400">
    <ele>172.6</ele>
    <time>2025-04-08T08:07:16Z</time>
   </trkpt>
   <trkpt lat="45.7734390" lon="4.7994020">
    <ele>172.6</ele>
    <time>2025-04-08T08:07:17Z</time>
   </trkpt>
   <trkpt lat="45.7734560" lon="4.7994660">
    <ele>172.6</ele>
    <time>2025-04-08T08:07:18Z</time>
   </trkpt>
   <trkpt lat="45.7734760" lon="4.7995220">
    <ele>172.6</ele>
    <time>2025-04-08T08:07:19Z</time>
   </trkpt>
   <trkpt lat="45.7734800" lon="4.7995690">
    <ele>172.6</ele>
    <time>2025-04-08T08:07:20Z</time>
   </trkpt>
   <trkpt lat="45.7734740" lon="4.7996210">
    <ele>172.6</ele>
    <time>2025-04-08T08:07:21Z</time>
   </trkpt>
   <trkpt lat="45.7734720" lon="4.7996730">
    <ele>172.6</ele>
    <time>2025-04-08T08:07:22Z</time>
   </trkpt>
   <trkpt lat="45.7734670" lon="4.7997200">
    <ele>172.6</ele>
    <time>2025-04-08T08:07:23Z</time>
   </trkpt>
   <trkpt lat="45.7734730" lon="4.7997620">
    <ele>172.6</ele>
    <time>2025-04-08T08:07:24Z</time>
   </trkpt>
   <trkpt lat="45.7734770" lon="4.7998140">
    <ele>172.6</ele>
    <time>2025-04-08T08:07:25Z</time>
   </trkpt>
   <trkpt lat="45.7734830" lon="4.7998720">
    <ele>172.5</ele>
    <time>2025-04-08T08:07:26Z</time>
   </trkpt>
   <trkpt lat="45.7734860" lon="4.7998930">
    <ele>172.5</ele>
    <time>2025-04-08T08:07:27Z</time>
   </trkpt>
   <trkpt lat="45.7734910" lon="4.7999140">
    <ele>172.5</ele>
    <time>2025-04-08T08:07:28Z</time>
   </trkpt>
   <trkpt lat="45.7734930" lon="4.7999440">
    <ele>172.5</ele>
    <time>2025-04-08T08:07:29Z</time>
   </trkpt>
   <trkpt lat="45.7734850" lon="4.8000230">
    <ele>172.5</ele>
    <time>2025-04-08T08:07:30Z</time>
   </trkpt>
   <trkpt lat="45.7734850" lon="4.8000310">
    <ele>172.5</ele>
    <time>2025-04-08T08:07:31Z</time>
   </trkpt>
   <trkpt lat="45.7734790" lon="4.8000670">
    <ele>172.5</ele>
    <time>2025-04-08T08:07:32Z</time>
   </trkpt>
   <trkpt lat="45.7734830" lon="4.8001250">
    <ele>172.5</ele>
    <time>2025-04-08T08:07:33Z</time>
   </trkpt>
   <trkpt lat="45.7735130" lon="4.8001860">
    <ele>172.5</ele>
    <time>2025-04-08T08:07:34Z</time>
   </trkpt>
   <trkpt lat="45.7735240" lon="4.8002230">
    <ele>172.5</ele>
    <time>2025-04-08T08:07:35Z</time>
   </trkpt>
   <trkpt lat="45.7735210" lon="4.8002380">
    <ele>172.5</ele>
    <time>2025-04-08T08:07:36Z</time>
   </trkpt>
   <trkpt lat="45.7735320" lon="4.8002710">
    <ele>172.5</ele>
    <time>2025-04-08T08:07:37Z</time>
   </trkpt>
   <trkpt lat="45.7735490" lon="4.8003150">
    <ele>172.5</ele>
    <time>2025-04-08T08:07:38Z</time>
   </trkpt>
   <trkpt lat="45.7735600" lon="4.8003630">
    <ele>172.5</ele>
    <time>2025-04-08T08:07:39Z</time>
   </trkpt>
   <trkpt lat="45.7735620" lon="4.8003830">
    <ele>172.5</ele>
    <time>2025-04-08T08:07:40Z</time>
   </trkpt>
   <trkpt lat="45.7735710" lon="4.8004210">
    <ele>172.4</ele>
    <time>2025-04-08T08:07:41Z</time>
   </trkpt>
   <trkpt lat="45.7735880" lon="4.8004710">
    <ele>172.4</ele>
    <time>2025-04-08T08:07:42Z</time>
   </trkpt>
   <trkpt lat="45.7735970" lon="4.8004880">
    <ele>172.4</ele>
    <time>2025-04-08T08:07:43Z</time>
   </trkpt>
   <trkpt lat="45.7736240" lon="4.8005240">
    <ele>172.4</ele>
    <time>2025-04-08T08:07:44Z</time>
   </trkpt>
   <trkpt lat="45.7736380" lon="4.8005430">
    <ele>172.4</ele>
    <time>2025-04-08T08:07:45Z</time>
   </trkpt>
   <trkpt lat="45.7736500" lon="4.8005760">
    <ele>172.3</ele>
    <time>2025-04-08T08:07:46Z</time>
   </trkpt>
   <trkpt lat="45.7736570" lon="4.8005900">
    <ele>172.3</ele>
    <time>2025-04-08T08:07:47Z</time>
   </trkpt>
   <trkpt lat="45.7736770" lon="4.8006280">
    <ele>172.3</ele>
    <time>2025-04-08T08:07:48Z</time>
   </trkpt>
   <trkpt lat="45.7737040" lon="4.8006660">
    <ele>172.2</ele>
    <time>2025-04-08T08:07:49Z</time>
   </trkpt>
   <trkpt lat="45.7737160" lon="4.8006860">
    <ele>172.2</ele>
    <time>2025-04-08T08:07:50Z</time>
   </trkpt>
   <trkpt lat="45.7737330" lon="4.8007140">
    <ele>172.2</ele>
    <time>2025-04-08T08:07:51Z</time>
   </trkpt>
   <trkpt lat="45.7737440" lon="4.8007270">
    <ele>172.1</ele>
    <time>2025-04-08T08:07:52Z</time>
   </trkpt>
   <trkpt lat="45.7737710" lon="4.8007630">
    <ele>172.1</ele>
    <time>2025-04-08T08:07:53Z</time>
   </trkpt>
   <trkpt lat="45.7737790" lon="4.8007770">
    <ele>172.1</ele>
    <time>2025-04-08T08:07:54Z</time>
   </trkpt>
   <trkpt lat="45.7738100" lon="4.8008170">
    <ele>172.0</ele>
    <time>2025-04-08T08:07:55Z</time>
   </trkpt>
   <trkpt lat="45.7738190" lon="4.8008090">
    <ele>172.0</ele>
    <time>2025-04-08T08:07:56Z</time>
   </trkpt>
   <trkpt lat="45.7738410" lon="4.8008120">
    <ele>172.0</ele>
    <time>2025-04-08T08:07:57Z</time>
   </trkpt>
   <trkpt lat="45.7738470" lon="4.8008690">
    <ele>171.9</ele>
    <time>2025-04-08T08:07:58Z</time>
   </trkpt>
   <trkpt lat="45.7738600" lon="4.8009130">
    <ele>171.9</ele>
    <time>2025-04-08T08:07:59Z</time>
   </trkpt>
   <trkpt lat="45.7738650" lon="4.8009270">
    <ele>171.9</ele>
    <time>2025-04-08T08:08:00Z</time>
   </trkpt>
   <trkpt lat="45.7738910" lon="4.8009660">
    <ele>171.9</ele>
    <time>2025-04-08T08:08:01Z</time>
   </trkpt>
   <trkpt lat="45.7739190" lon="4.8010100">
    <ele>171.9</ele>
    <time>2025-04-08T08:08:02Z</time>
   </trkpt>
   <trkpt lat="45.7739410" lon="4.8010400">
    <ele>171.8</ele>
    <time>2025-04-08T08:08:03Z</time>
   </trkpt>
   <trkpt lat="45.7739580" lon="4.8010820">
    <ele>171.8</ele>
    <time>2025-04-08T08:08:04Z</time>
   </trkpt>
   <trkpt lat="45.7739770" lon="4.8011150">
    <ele>171.8</ele>
    <time>2025-04-08T08:08:05Z</time>
   </trkpt>
   <trkpt lat="45.7739940" lon="4.8011530">
    <ele>171.8</ele>
    <time>2025-04-08T08:08:06Z</time>
   </trkpt>
   <trkpt lat="45.7740180" lon="4.8011900">
    <ele>171.8</ele>
    <time>2025-04-08T08:08:07Z</time>
   </trkpt>
   <trkpt lat="45.7740400" lon="4.8012180">
    <ele>171.8</ele>
    <time>2025-04-08T08:08:08Z</time>
   </trkpt>
   <trkpt lat="45.7740580" lon="4.8012540">
    <ele>171.8</ele>
    <time>2025-04-08T08:08:09Z</time>
   </trkpt>
   <trkpt lat="45.7740810" lon="4.8012990">
    <ele>171.9</ele>
    <time>2025-04-08T08:08:10Z</time>
   </trkpt>
   <trkpt lat="45.7741030" lon="4.8013400">
    <ele>171.9</ele>
    <time>2025-04-08T08:08:11Z</time>
   </trkpt>
   <trkpt lat="45.7741350" lon="4.8013790">
    <ele>171.9</ele>
    <time>2025-04-08T08:08:12Z</time>
   </trkpt>
   <trkpt lat="45.7741670" lon="4.8014270">
    <ele>171.9</ele>
    <time>2025-04-08T08:08:13Z</time>
   </trkpt>
   <trkpt lat="45.7742010" lon="4.8014730">
    <ele>171.9</ele>
    <time>2025-04-08T08:08:14Z</time>
   </trkpt>
   <trkpt lat="45.7742340" lon="4.8015170">
    <ele>172.0</ele>
    <time>2025-04-08T08:08:15Z</time>
   </trkpt>
   <trkpt lat="45.7742580" lon="4.8015570">
    <ele>172.0</ele>
    <time>2025-04-08T08:08:16Z</time>
   </trkpt>
   <trkpt lat="45.7742850" lon="4.8015960">
    <ele>172.0</ele>
    <time>2025-04-08T08:08:17Z</time>
   </trkpt>
   <trkpt lat="45.7743080" lon="4.8016350">
    <ele>172.0</ele>
    <time>2025-04-08T08:08:18Z</time>
   </trkpt>
   <trkpt lat="45.7743200" lon="4.8016740">
    <ele>172.0</ele>
    <time>2025-04-08T08:08:19Z</time>
   </trkpt>
   <trkpt lat="45.7743280" lon="4.8017260">
    <ele>172.0</ele>
    <time>2025-04-08T08:08:20Z</time>
   </trkpt>
   <trkpt lat="45.7743390" lon="4.8017630">
    <ele>172.0</ele>
    <time>2025-04-08T08:08:21Z</time>
   </trkpt>
   <trkpt lat="45.7743530" lon="4.8018080">
    <ele>172.0</ele>
    <time>2025-04-08T08:08:22Z</time>
   </trkpt>
   <trkpt lat="45.7743660" lon="4.8018540">
    <ele>172.0</ele>
    <time>2025-04-08T08:08:23Z</time>
   </trkpt>
   <trkpt lat="45.7743650" lon="4.8019120">
    <ele>172.0</ele>
    <time>2025-04-08T08:08:24Z</time>
   </trkpt>
   <trkpt lat="45.7743640" lon="4.8019380">
    <ele>172.0</ele>
    <time>2025-04-08T08:08:25Z</time>
   </trkpt>
   <trkpt lat="45.7743620" lon="4.8019860">
    <ele>172.0</ele>
    <time>2025-04-08T08:08:26Z</time>
   </trkpt>
   <trkpt lat="45.7743600" lon="4.8020340">
    <ele>172.1</ele>
    <time>2025-04-08T08:08:27Z</time>
   </trkpt>
   <trkpt lat="45.7743550" lon="4.8020790">
    <ele>172.1</ele>
    <time>2025-04-08T08:08:28Z</time>
   </trkpt>
   <trkpt lat="45.7743540" lon="4.8021200">
    <ele>172.1</ele>
    <time>2025-04-08T08:08:29Z</time>
   </trkpt>
   <trkpt lat="45.7743460" lon="4.8021600">
    <ele>172.1</ele>
    <time>2025-04-08T08:08:30Z</time>
   </trkpt>
   <trkpt lat="45.7743440" lon="4.8022040">
    <ele>172.1</ele>
    <time>2025-04-08T08:08:31Z</time>
   </trkpt>
   <trkpt lat="45.7743340" lon="4.8022400">
    <ele>172.1</ele>
    <time>2025-04-08T08:08:32Z</time>
   </trkpt>
   <trkpt lat="45.7743200" lon="4.8022860">
    <ele>172.1</ele>
    <time>2025-04-08T08:08:33Z</time>
   </trkpt>
   <trkpt lat="45.7743120" lon="4.8023350">
    <ele>172.1</ele>
    <time>2025-04-08T08:08:34Z</time>
   </trkpt>
   <trkpt lat="45.7743070" lon="4.8023740">
    <ele>172.1</ele>
    <time>2025-04-08T08:08:35Z</time>
   </trkpt>
   <trkpt lat="45.7743020" lon="4.8024120">
    <ele>172.1</ele>
    <time>2025-04-08T08:08:36Z</time>
   </trkpt>
   <trkpt lat="45.7742890" lon="4.8024550">
    <ele>172.1</ele>
    <time>2025-04-08T08:08:37Z</time>
   </trkpt>
   <trkpt lat="45.7742840" lon="4.8025020">
    <ele>172.1</ele>
    <time>2025-04-08T08:08:38Z</time>
   </trkpt>
   <trkpt lat="45.7742780" lon="4.8025450">
    <ele>172.1</ele>
    <time>2025-04-08T08:08:39Z</time>
   </trkpt>
   <trkpt lat="45.7742640" lon="4.8025870">
    <ele>172.0</ele>
    <time>2025-04-08T08:08:40Z</time>
   </trkpt>
   <trkpt lat="45.7742620" lon="4.8026430">
    <ele>172.0</ele>
    <time>2025-04-08T08:08:41Z</time>
   </trkpt>
   <trkpt lat="45.7742460" lon="4.8027010">
    <ele>172.0</ele>
    <time>2025-04-08T08:08:42Z</time>
   </trkpt>
   <trkpt lat="45.7742360" lon="4.8027210">
    <ele>172.0</ele>
    <time>2025-04-08T08:08:43Z</time>
   </trkpt>
   <trkpt lat="45.7742210" lon="4.8027600">
    <ele>172.0</ele>
    <time>2025-04-08T08:08:44Z</time>
   </trkpt>
   <trkpt lat="45.7742190" lon="4.8028050">
    <ele>172.0</ele>
    <time>2025-04-08T08:08:45Z</time>
   </trkpt>
   <trkpt lat="45.7742060" lon="4.8028510">
    <ele>172.0</ele>
    <time>2025-04-08T08:08:46Z</time>
   </trkpt>
   <trkpt lat="45.7742070" lon="4.8028930">
    <ele>172.0</ele>
    <time>2025-04-08T08:08:47Z</time>
   </trkpt>
   <trkpt lat="45.7742000" lon="4.8029320">
    <ele>172.0</ele>
    <time>2025-04-08T08:08:48Z</time>
   </trkpt>
   <trkpt lat="45.7741990" lon="4.8029840">
    <ele>172.0</ele>
    <time>2025-04-08T08:08:49Z</time>
   </trkpt>
   <trkpt lat="45.7741940" lon="4.8030300">
    <ele>172.0</ele>
    <time>2025-04-08T08:08:50Z</time>
   </trkpt>
   <trkpt lat="45.7741890" lon="4.8030810">
    <ele>172.0</ele>
    <time>2025-04-08T08:08:51Z</time>
   </trkpt>
   <trkpt lat="45.7741870" lon="4.8031240">
    <ele>171.9</ele>
    <time>2025-04-08T08:08:52Z</time>
   </trkpt>
   <trkpt lat="45.7741760" lon="4.8031740">
    <ele>171.9</ele>
    <time>2025-04-08T08:08:53Z</time>
   </trkpt>
   <trkpt lat="45.7741740" lon="4.8032190">
    <ele>171.9</ele>
    <time>2025-04-08T08:08:54Z</time>
   </trkpt>
   <trkpt lat="45.7741650" lon="4.8032650">
    <ele>171.9</ele>
    <time>2025-04-08T08:08:55Z</time>
   </trkpt>
   <trkpt lat="45.7741540" lon="4.8033090">
    <ele>171.9</ele>
    <time>2025-04-08T08:08:56Z</time>
   </trkpt>
   <trkpt lat="45.7741550" lon="4.8033570">
    <ele>171.9</ele>
    <time>2025-04-08T08:08:57Z</time>
   </trkpt>
   <trkpt lat="45.7741510" lon="4.8034020">
    <ele>171.9</ele>
    <time>2025-04-08T08:08:58Z</time>
   </trkpt>
   <trkpt lat="45.7741500" lon="4.8034420">
    <ele>171.9</ele>
    <time>2025-04-08T08:08:59Z</time>
   </trkpt>
   <trkpt lat="45.7741550" lon="4.8034930">
    <ele>171.9</ele>
    <time>2025-04-08T08:09:00Z</time>
   </trkpt>
   <trkpt lat="45.7741600" lon="4.8035430">
    <ele>171.8</ele>
    <time>2025-04-08T08:09:01Z</time>
   </trkpt>
   <trkpt lat="45.7741650" lon="4.8035920">
    <ele>171.8</ele>
    <time>2025-04-08T08:09:02Z</time>
   </trkpt>
   <trkpt lat="45.7741760" lon="4.8036390">
    <ele>171.8</ele>
    <time>2025-04-08T08:09:03Z</time>
   </trkpt>
   <trkpt lat="45.7741800" lon="4.8036820">
    <ele>171.8</ele>
    <time>2025-04-08T08:09:04Z</time>
   </trkpt>
   <trkpt lat="45.7741830" lon="4.8037260">
    <ele>171.8</ele>
    <time>2025-04-08T08:09:05Z</time>
   </trkpt>
   <trkpt lat="45.7741890" lon="4.8037730">
    <ele>171.8</ele>
    <time>2025-04-08T08:09:06Z</time>
   </trkpt>
   <trkpt lat="45.7741960" lon="4.8038250">
    <ele>171.8</ele>
    <time>2025-04-08T08:09:07Z</time>
   </trkpt>
   <trkpt lat="45.7742060" lon="4.8038720">
    <ele>171.8</ele>
    <time>2025-04-08T08:09:08Z</time>
   </trkpt>
   <trkpt lat="45.7742110" lon="4.8039110">
    <ele>171.8</ele>
    <time>2025-04-08T08:09:09Z</time>
   </trkpt>
   <trkpt lat="45.7742220" lon="4.8039630">
    <ele>171.7</ele>
    <time>2025-04-08T08:09:10Z</time>
   </trkpt>
   <trkpt lat="45.7742290" lon="4.8040060">
    <ele>171.7</ele>
    <time>2025-04-08T08:09:11Z</time>
   </trkpt>
   <trkpt lat="45.7742330" lon="4.8040500">
    <ele>171.7</ele>
    <time>2025-04-08T08:09:12Z</time>
   </trkpt>
   <trkpt lat="45.7742430" lon="4.8040960">
    <ele>171.7</ele>
    <time>2025-04-08T08:09:13Z</time>
   </trkpt>
   <trkpt lat="45.7742520" lon="4.8041410">
    <ele>171.6</ele>
    <time>2025-04-08T08:09:14Z</time>
   </trkpt>
   <trkpt lat="45.7742590" lon="4.8041850">
    <ele>171.6</ele>
    <time>2025-04-08T08:09:15Z</time>
   </trkpt>
   <trkpt lat="45.7742670" lon="4.8042320">
    <ele>171.6</ele>
    <time>2025-04-08T08:09:16Z</time>
   </trkpt>
   <trkpt lat="45.7742810" lon="4.8042750">
    <ele>171.6</ele>
    <time>2025-04-08T08:09:17Z</time>
   </trkpt>
   <trkpt lat="45.7742840" lon="4.8043180">
    <ele>171.6</ele>
    <time>2025-04-08T08:09:18Z</time>
   </trkpt>
   <trkpt lat="45.7742930" lon="4.8043690">
    <ele>171.6</ele>
    <time>2025-04-08T08:09:19Z</time>
   </trkpt>
   <trkpt lat="45.7742990" lon="4.8044140">
    <ele>171.6</ele>
    <time>2025-04-08T08:09:20Z</time>
   </trkpt>
   <trkpt lat="45.7743010" lon="4.8044570">
    <ele>171.5</ele>
    <time>2025-04-08T08:09:21Z</time>
   </trkpt>
   <trkpt lat="45.7743050" lon="4.8044990">
    <ele>171.5</ele>
    <time>2025-04-08T08:09:22Z</time>
   </trkpt>
   <trkpt lat="45.7743060" lon="4.8045480">
    <ele>171.5</ele>
    <time>2025-04-08T08:09:23Z</time>
   </trkpt>
   <trkpt lat="45.7743030" lon="4.8045980">
    <ele>171.6</ele>
    <time>2025-04-08T08:09:24Z</time>
   </trkpt>
   <trkpt lat="45.7743110" lon="4.8046390">
    <ele>171.6</ele>
    <time>2025-04-08T08:09:25Z</time>
   </trkpt>
   <trkpt lat="45.7743090" lon="4.8046900">
    <ele>171.6</ele>
    <time>2025-04-08T08:09:26Z</time>
   </trkpt>
   <trkpt lat="45.7743030" lon="4.8047330">
    <ele>171.6</ele>
    <time>2025-04-08T08:09:27Z</time>
   </trkpt>
   <trkpt lat="45.7743050" lon="4.8047840">
    <ele>171.6</ele>
    <time>2025-04-08T08:09:28Z</time>
   </trkpt>
   <trkpt lat="45.7743020" lon="4.8048310">
    <ele>171.7</ele>
    <time>2025-04-08T08:09:29Z</time>
   </trkpt>
   <trkpt lat="45.7743040" lon="4.8048750">
    <ele>171.7</ele>
    <time>2025-04-08T08:09:30Z</time>
   </trkpt>
   <trkpt lat="45.7743010" lon="4.8049210">
    <ele>171.8</ele>
    <time>2025-04-08T08:09:31Z</time>
   </trkpt>
   <trkpt lat="45.7742990" lon="4.8049670">
    <ele>171.8</ele>
    <time>2025-04-08T08:09:32Z</time>
   </trkpt>
   <trkpt lat="45.7742960" lon="4.8050110">
    <ele>171.8</ele>
    <time>2025-04-08T08:09:33Z</time>
   </trkpt>
   <trkpt lat="45.7742870" lon="4.8050550">
    <ele>171.9</ele>
    <time>2025-04-08T08:09:34Z</time>
   </trkpt>
   <trkpt lat="45.7742820" lon="4.8050990">
    <ele>171.9</ele>
    <time>2025-04-08T08:09:35Z</time>
   </trkpt>
   <trkpt lat="45.7742830" lon="4.8051550">
    <ele>172.0</ele>
    <time>2025-04-08T08:09:36Z</time>
   </trkpt>
   <trkpt lat="45.7742790" lon="4.8051740">
    <ele>172.0</ele>
    <time>2025-04-08T08:09:37Z</time>
   </trkpt>
   <trkpt lat="45.7742580" lon="4.8052190">
    <ele>172.0</ele>
    <time>2025-04-08T08:09:38Z</time>
   </trkpt>
   <trkpt lat="45.7742390" lon="4.8052680">
    <ele>172.1</ele>
    <time>2025-04-08T08:09:39Z</time>
   </trkpt>
   <trkpt lat="45.7742320" lon="4.8052830">
    <ele>172.1</ele>
    <time>2025-04-08T08:09:40Z</time>
   </trkpt>
   <trkpt lat="45.7742180" lon="4.8052980">
    <ele>172.1</ele>
    <time>2025-04-08T08:09:41Z</time>
   </trkpt>
   <trkpt lat="45.7742050" lon="4.8053130">
    <ele>172.1</ele>
    <time>2025-04-08T08:09:42Z</time>
   </trkpt>
   <trkpt lat="45.7741870" lon="4.8053450">
    <ele>172.1</ele>
    <time>2025-04-08T08:09:43Z</time>
   </trkpt>
   <trkpt lat="45.7741710" lon="4.8053640">
    <ele>172.1</ele>
    <time>2025-04-08T08:09:47Z</time>
   </trkpt>
   <trkpt lat="45.7741540" lon="4.8053840">
    <ele>172.1</ele>
    <time>2025-04-08T08:09:48Z</time>
   </trkpt>
   <trkpt lat="45.7741540" lon="4.8054310">
    <ele>172.1</ele>
    <time>2025-04-08T08:09:49Z</time>
   </trkpt>
   <trkpt lat="45.7741600" lon="4.8054840">
    <ele>172.1</ele>
    <time>2025-04-08T08:09:50Z</time>
   </trkpt>
   <trkpt lat="45.7741790" lon="4.8055370">
    <ele>172.1</ele>
    <time>2025-04-08T08:09:51Z</time>
   </trkpt>
   <trkpt lat="45.7741870" lon="4.8055830">
    <ele>172.0</ele>
    <time>2025-04-08T08:09:52Z</time>
   </trkpt>
   <trkpt lat="45.7741910" lon="4.8056300">
    <ele>172.0</ele>
    <time>2025-04-08T08:09:53Z</time>
   </trkpt>
   <trkpt lat="45.7741950" lon="4.8056810">
    <ele>172.0</ele>
    <time>2025-04-08T08:09:54Z</time>
   </trkpt>
   <trkpt lat="45.7742020" lon="4.8057310">
    <ele>172.0</ele>
    <time>2025-04-08T08:09:55Z</time>
   </trkpt>
   <trkpt lat="45.7742020" lon="4.8057800">
    <ele>172.0</ele>
    <time>2025-04-08T08:09:56Z</time>
   </trkpt>
   <trkpt lat="45.7741990" lon="4.8058260">
    <ele>172.0</ele>
    <time>2025-04-08T08:09:57Z</time>
   </trkpt>
   <trkpt lat="45.7742060" lon="4.8058780">
    <ele>171.9</ele>
    <time>2025-04-08T08:09:58Z</time>
   </trkpt>
   <trkpt lat="45.7742000" lon="4.8059300">
    <ele>171.9</ele>
    <time>2025-04-08T08:09:59Z</time>
   </trkpt>
   <trkpt lat="45.7741980" lon="4.8059810">
    <ele>171.9</ele>
    <time>2025-04-08T08:10:00Z</time>
   </trkpt>
   <trkpt lat="45.7741950" lon="4.8060280">
    <ele>171.8</ele>
    <time>2025-04-08T08:10:01Z</time>
   </trkpt>
   <trkpt lat="45.7741880" lon="4.8060720">
    <ele>171.8</ele>
    <time>2025-04-08T08:10:02Z</time>
   </trkpt>
   <trkpt lat="45.7741840" lon="4.8061200">
    <ele>171.8</ele>
    <time>2025-04-08T08:10:03Z</time>
   </trkpt>
   <trkpt lat="45.7741720" lon="4.8061640">
    <ele>171.8</ele>
    <time>2025-04-08T08:10:04Z</time>
   </trkpt>
   <trkpt lat="45.7741630" lon="4.8062110">
    <ele>171.7</ele>
    <time>2025-04-08T08:10:05Z</time>
   </trkpt>
   <trkpt lat="45.7741560" lon="4.8062530">
    <ele>171.7</ele>
    <time>2025-04-08T08:10:06Z</time>
   </trkpt>
   <trkpt lat="45.7741450" lon="4.8062920">
    <ele>171.7</ele>
    <time>2025-04-08T08:10:07Z</time>
   </trkpt>
   <trkpt lat="45.7741210" lon="4.8063240">
    <ele>171.6</ele>
    <time>2025-04-08T08:10:08Z</time>
   </trkpt>
   <trkpt lat="45.7741130" lon="4.8063680">
    <ele>171.6</ele>
    <time>2025-04-08T08:10:09Z</time>
   </trkpt>
   <trkpt lat="45.7741180" lon="4.8064090">
    <ele>171.6</ele>
    <time>2025-04-08T08:10:10Z</time>
   </trkpt>
   <trkpt lat="45.7741230" lon="4.8064530">
    <ele>171.6</ele>
    <time>2025-04-08T08:10:11Z</time>
   </trkpt>
   <trkpt lat="45.7741130" lon="4.8065070">
    <ele>171.6</ele>
    <time>2025-04-08T08:10:12Z</time>
   </trkpt>
   <trkpt lat="45.7740900" lon="4.8065400">
    <ele>171.5</ele>
    <time>2025-04-08T08:10:13Z</time>
   </trkpt>
   <trkpt lat="45.7740680" lon="4.8065790">
    <ele>171.5</ele>
    <time>2025-04-08T08:10:14Z</time>
   </trkpt>
   <trkpt lat="45.7740520" lon="4.8066170">
    <ele>171.5</ele>
    <time>2025-04-08T08:10:15Z</time>
   </trkpt>
   <trkpt lat="45.7740310" lon="4.8066500">
    <ele>171.5</ele>
    <time>2025-04-08T08:10:16Z</time>
   </trkpt>
   <trkpt lat="45.7740140" lon="4.8066890">
    <ele>171.5</ele>
    <time>2025-04-08T08:10:17Z</time>
   </trkpt>
   <trkpt lat="45.7739960" lon="4.8067270">
    <ele>171.5</ele>
    <time>2025-04-08T08:10:18Z</time>
   </trkpt>
   <trkpt lat="45.7739820" lon="4.8067710">
    <ele>171.5</ele>
    <time>2025-04-08T08:10:19Z</time>
   </trkpt>
   <trkpt lat="45.7739640" lon="4.8068040">
    <ele>171.5</ele>
    <time>2025-04-08T08:10:20Z</time>
   </trkpt>
   <trkpt lat="45.7739470" lon="4.8068430">
    <ele>171.5</ele>
    <time>2025-04-08T08:10:21Z</time>
   </trkpt>
   <trkpt lat="45.7739230" lon="4.8068700">
    <ele>171.4</ele>
    <time>2025-04-08T08:10:22Z</time>
   </trkpt>
   <trkpt lat="45.7738980" lon="4.8069130">
    <ele>171.4</ele>
    <time>2025-04-08T08:10:23Z</time>
   </trkpt>
   <trkpt lat="45.7738480" lon="4.8069590">
    <ele>171.4</ele>
    <time>2025-04-08T08:10:24Z</time>
   </trkpt>
   <trkpt lat="45.7738190" lon="4.8069770">
    <ele>171.4</ele>
    <time>2025-04-08T08:10:25Z</time>
   </trkpt>
   <trkpt lat="45.7738120" lon="4.8069820">
    <ele>171.4</ele>
    <time>2025-04-08T08:10:26Z</time>
   </trkpt>
   <trkpt lat="45.7737840" lon="4.8069970">
    <ele>171.4</ele>
    <time>2025-04-08T08:10:27Z</time>
   </trkpt>
   <trkpt lat="45.7737540" lon="4.8070230">
    <ele>171.4</ele>
    <time>2025-04-08T08:10:28Z</time>
   </trkpt>
   <trkpt lat="45.7737230" lon="4.8070390">
    <ele>171.4</ele>
    <time>2025-04-08T08:10:29Z</time>
   </trkpt>
   <trkpt lat="45.7737020" lon="4.8070670">
    <ele>171.4</ele>
    <time>2025-04-08T08:10:30Z</time>
   </trkpt>
   <trkpt lat="45.7736820" lon="4.8071030">
    <ele>171.4</ele>
    <time>2025-04-08T08:10:31Z</time>
   </trkpt>
   <trkpt lat="45.7736510" lon="4.8071250">
    <ele>171.4</ele>
    <time>2025-04-08T08:10:32Z</time>
   </trkpt>
   <trkpt lat="45.7736190" lon="4.8071420">
    <ele>171.4</ele>
    <time>2025-04-08T08:10:33Z</time>
   </trkpt>
   <trkpt lat="45.7735890" lon="4.8071850">
    <ele>171.4</ele>
    <time>2025-04-08T08:10:34Z</time>
   </trkpt>
   <trkpt lat="45.7735780" lon="4.8072020">
    <ele>171.4</ele>
    <time>2025-04-08T08:10:35Z</time>
   </trkpt>
   <trkpt lat="45.7735490" lon="4.8072240">
    <ele>171.5</ele>
    <time>2025-04-08T08:10:36Z</time>
   </trkpt>
   <trkpt lat="45.7735240" lon="4.8072410">
    <ele>171.5</ele>
    <time>2025-04-08T08:10:37Z</time>
   </trkpt>
   <trkpt lat="45.7734910" lon="4.8072740">
    <ele>171.6</ele>
    <time>2025-04-08T08:10:38Z</time>
   </trkpt>
   <trkpt lat="45.7734800" lon="4.8072850">
    <ele>171.6</ele>
    <time>2025-04-08T08:10:39Z</time>
   </trkpt>
   <trkpt lat="45.7734580" lon="4.8073260">
    <ele>171.6</ele>
    <time>2025-04-08T08:10:40Z</time>
   </trkpt>
   <trkpt lat="45.7734380" lon="4.8073600">
    <ele>171.7</ele>
    <time>2025-04-08T08:10:41Z</time>
   </trkpt>
   <trkpt lat="45.7734050" lon="4.8073930">
    <ele>171.7</ele>
    <time>2025-04-08T08:10:42Z</time>
   </trkpt>
   <trkpt lat="45.7733940" lon="4.8074050">
    <ele>171.8</ele>
    <time>2025-04-08T08:10:43Z</time>
   </trkpt>
   <trkpt lat="45.7733700" lon="4.8074350">
    <ele>171.8</ele>
    <time>2025-04-08T08:10:44Z</time>
   </trkpt>
   <trkpt lat="45.7733500" lon="4.8074750">
    <ele>171.9</ele>
    <time>2025-04-08T08:10:45Z</time>
   </trkpt>
   <trkpt lat="45.7733280" lon="4.8075080">
    <ele>172.0</ele>
    <time>2025-04-08T08:10:46Z</time>
   </trkpt>
   <trkpt lat="45.7732960" lon="4.8075180">
    <ele>172.0</ele>
    <time>2025-04-08T08:10:47Z</time>
   </trkpt>
   <trkpt lat="45.7732680" lon="4.8075330">
    <ele>172.0</ele>
    <time>2025-04-08T08:10:48Z</time>
   </trkpt>
   <trkpt lat="45.7732560" lon="4.8075940">
    <ele>172.1</ele>
    <time>2025-04-08T08:10:49Z</time>
   </trkpt>
   <trkpt lat="45.7732630" lon="4.8076370">
    <ele>172.1</ele>
    <time>2025-04-08T08:10:50Z</time>
   </trkpt>
   <trkpt lat="45.7732230" lon="4.8076320">
    <ele>172.2</ele>
    <time>2025-04-08T08:10:51Z</time>
   </trkpt>
   <trkpt lat="45.7731840" lon="4.8076780">
    <ele>172.3</ele>
    <time>2025-04-08T08:10:52Z</time>
   </trkpt>
   <trkpt lat="45.7731680" lon="4.8077280">
    <ele>172.3</ele>
    <time>2025-04-08T08:10:53Z</time>
   </trkpt>
   <trkpt lat="45.7731880" lon="4.8077730">
    <ele>172.3</ele>
    <time>2025-04-08T08:10:54Z</time>
   </trkpt>
   <trkpt lat="45.7732210" lon="4.8078190">
    <ele>172.3</ele>
    <time>2025-04-08T08:10:55Z</time>
   </trkpt>
   <trkpt lat="45.7732420" lon="4.8078490">
    <ele>172.3</ele>
    <time>2025-04-08T08:10:56Z</time>
   </trkpt>
   <trkpt lat="45.7732610" lon="4.8078920">
    <ele>172.4</ele>
    <time>2025-04-08T08:10:57Z</time>
   </trkpt>
   <trkpt lat="45.7732850" lon="4.8079280">
    <ele>172.4</ele>
    <time>2025-04-08T08:10:58Z</time>
   </trkpt>
   <trkpt lat="45.7733040" lon="4.8079590">
    <ele>172.4</ele>
    <time>2025-04-08T08:10:59Z</time>
   </trkpt>
   <trkpt lat="45.7733230" lon="4.8079940">
    <ele>172.4</ele>
    <time>2025-04-08T08:11:00Z</time>
   </trkpt>
   <trkpt lat="45.7733490" lon="4.8080170">
    <ele>172.4</ele>
    <time>2025-04-08T08:11:01Z</time>
   </trkpt>
   <trkpt lat="45.7733810" lon="4.8080540">
    <ele>172.3</ele>
    <time>2025-04-08T08:11:02Z</time>
   </trkpt>
   <trkpt lat="45.7733910" lon="4.8080660">
    <ele>172.3</ele>
    <time>2025-04-08T08:11:03Z</time>
   </trkpt>
   <trkpt lat="45.7734170" lon="4.8081020">
    <ele>172.2</ele>
    <time>2025-04-08T08:11:04Z</time>
   </trkpt>
   <trkpt lat="45.7734340" lon="4.8081450">
    <ele>172.1</ele>
    <time>2025-04-08T08:11:05Z</time>
   </trkpt>
   <trkpt lat="45.7734490" lon="4.8081870">
    <ele>172.0</ele>
    <time>2025-04-08T08:11:06Z</time>
   </trkpt>
   <trkpt lat="45.7734740" lon="4.8082250">
    <ele>172.0</ele>
    <time>2025-04-08T08:11:07Z</time>
   </trkpt>
   <trkpt lat="45.7734800" lon="4.8082730">
    <ele>171.9</ele>
    <time>2025-04-08T08:11:08Z</time>
   </trkpt>
   <trkpt lat="45.7735010" lon="4.8083150">
    <ele>171.8</ele>
    <time>2025-04-08T08:11:09Z</time>
   </trkpt>
   <trkpt lat="45.7735130" lon="4.8083560">
    <ele>171.8</ele>
    <time>2025-04-08T08:11:10Z</time>
   </trkpt>
   <trkpt lat="45.7735350" lon="4.8083900">
    <ele>171.7</ele>
    <time>2025-04-08T08:11:11Z</time>
   </trkpt>
   <trkpt lat="45.7735510" lon="4.8084220">
    <ele>171.7</ele>
    <time>2025-04-08T08:11:12Z</time>
   </trkpt>
   <trkpt lat="45.7735680" lon="4.8084570">
    <ele>171.7</ele>
    <time>2025-04-08T08:11:13Z</time>
   </trkpt>
   <trkpt lat="45.7735800" lon="4.8084940">
    <ele>171.6</ele>
    <time>2025-04-08T08:11:14Z</time>
   </trkpt>
   <trkpt lat="45.7735970" lon="4.8085420">
    <ele>171.6</ele>
    <time>2025-04-08T08:11:15Z</time>
   </trkpt>
   <trkpt lat="45.7736100" lon="4.8085840">
    <ele>171.6</ele>
    <time>2025-04-08T08:11:16Z</time>
   </trkpt>
   <trkpt lat="45.7736290" lon="4.8086170">
    <ele>171.6</ele>
    <time>2025-04-08T08:11:17Z</time>
   </trkpt>
   <trkpt lat="45.7736470" lon="4.8086470">
    <ele>171.6</ele>
    <time>2025-04-08T08:11:18Z</time>
   </trkpt>
   <trkpt lat="45.7736560" lon="4.8086870">
    <ele>171.6</ele>
    <time>2025-04-08T08:11:19Z</time>
   </trkpt>
   <trkpt lat="45.7736830" lon="4.8087190">
    <ele>171.6</ele>
    <time>2025-04-08T08:11:20Z</time>
   </trkpt>
   <trkpt lat="45.7736950" lon="4.8087300">
    <ele>171.6</ele>
    <time>2025-04-08T08:11:21Z</time>
   </trkpt>
   <trkpt lat="45.7736940" lon="4.8087800">
    <ele>171.6</ele>
    <time>2025-04-08T08:11:22Z</time>
   </trkpt>
   <trkpt lat="45.7736750" lon="4.8088140">
    <ele>171.6</ele>
    <time>2025-04-08T08:11:23Z</time>
   </trkpt>
   <trkpt lat="45.7736610" lon="4.8088540">
    <ele>171.6</ele>
    <time>2025-04-08T08:11:24Z</time>
   </trkpt>
   <trkpt lat="45.7736760" lon="4.8088960">
    <ele>171.7</ele>
    <time>2025-04-08T08:11:25Z</time>
   </trkpt>
   <trkpt lat="45.7736920" lon="4.8089510">
    <ele>171.7</ele>
    <time>2025-04-08T08:11:26Z</time>
   </trkpt>
   <trkpt lat="45.7736960" lon="4.8089750">
    <ele>171.7</ele>
    <time>2025-04-08T08:11:27Z</time>
   </trkpt>
   <trkpt lat="45.7736990" lon="4.8090320">
    <ele>171.7</ele>
    <time>2025-04-08T08:11:28Z</time>
   </trkpt>
   <trkpt lat="45.7737000" lon="4.8090520">
    <ele>171.7</ele>
    <time>2025-04-08T08:11:29Z</time>
   </trkpt>
   <trkpt lat="45.7737080" lon="4.8090940">
    <ele>171.7</ele>
    <time>2025-04-08T08:11:30Z</time>
   </trkpt>
   <trkpt lat="45.7737100" lon="4.8091030">
    <ele>171.7</ele>
    <time>2025-04-08T08:11:31Z</time>
   </trkpt>
   <trkpt lat="45.7737190" lon="4.8091080">
    <ele>171.7</ele>
    <time>2025-04-08T08:11:34Z</time>
   </trkpt>
   <trkpt lat="45.7737310" lon="4.8091450">
    <ele>171.7</ele>
    <time>2025-04-08T08:11:35Z</time>
   </trkpt>
   <trkpt lat="45.7737420" lon="4.8091980">
    <ele>171.8</ele>
    <time>2025-04-08T08:11:36Z</time>
   </trkpt>
   <trkpt lat="45.7737470" lon="4.8092480">
    <ele>171.8</ele>
    <time>2025-04-08T08:11:37Z</time>
   </trkpt>
   <trkpt lat="45.7737530" lon="4.8093000">
    <ele>171.9</ele>
    <time>2025-04-08T08:11:38Z</time>
   </trkpt>
   <trkpt lat="45.7737680" lon="4.8093540">
    <ele>171.9</ele>
    <time>2025-04-08T08:11:39Z</time>
   </trkpt>
   <trkpt lat="45.7737890" lon="4.8094080">
    <ele>171.9</ele>
    <time>2025-04-08T08:11:40Z</time>
   </trkpt>
   <trkpt lat="45.7738040" lon="4.8094580">
    <ele>171.8</ele>
    <time>2025-04-08T08:11:41Z</time>
   </trkpt>
   <trkpt lat="45.7738240" lon="4.8094940">
    <ele>171.7</ele>
    <time>2025-04-08T08:11:42Z</time>
   </trkpt>
   <trkpt lat="45.7738590" lon="4.8094960">
    <ele>171.7</ele>
    <time>2025-04-08T08:11:43Z</time>
   </trkpt>
   <trkpt lat="45.7738940" lon="4.8094770">
    <ele>171.8</ele>
    <time>2025-04-08T08:11:44Z</time>
   </trkpt>
   <trkpt lat="45.7739180" lon="4.8094420">
    <ele>171.8</ele>
    <time>2025-04-08T08:11:45Z</time>
   </trkpt>
   <trkpt lat="45.7739250" lon="4.8094330">
    <ele>171.8</ele>
    <time>2025-04-08T08:11:46Z</time>
   </trkpt>
   <trkpt lat="45.7739520" lon="4.8094150">
    <ele>171.8</ele>
    <time>2025-04-08T08:11:47Z</time>
   </trkpt>
   <trkpt lat="45.7739880" lon="4.8093980">
    <ele>171.7</ele>
    <time>2025-04-08T08:11:48Z</time>
   </trkpt>
   <trkpt lat="45.7739990" lon="4.8093830">
    <ele>171.7</ele>
    <time>2025-04-08T08:11:49Z</time>
   </trkpt>
   <trkpt lat="45.7740270" lon="4.8093630">
    <ele>171.7</ele>
    <time>2025-04-08T08:11:50Z</time>
   </trkpt>
   <trkpt lat="45.7740610" lon="4.8093430">
    <ele>171.6</ele>
    <time>2025-04-08T08:11:51Z</time>
   </trkpt>
   <trkpt lat="45.7740720" lon="4.8093370">
    <ele>171.6</ele>
    <time>2025-04-08T08:11:52Z</time>
   </trkpt>
   <trkpt lat="45.7741000" lon="4.8093100">
    <ele>171.5</ele>
    <time>2025-04-08T08:11:53Z</time>
   </trkpt>
   <trkpt lat="45.7741230" lon="4.8092890">
    <ele>171.5</ele>
    <time>2025-04-08T08:11:54Z</time>
   </trkpt>
   <trkpt lat="45.7741590" lon="4.8092580">
    <ele>171.4</ele>
    <time>2025-04-08T08:11:55Z</time>
   </trkpt>
   <trkpt lat="45.7741720" lon="4.8092450">
    <ele>171.4</ele>
    <time>2025-04-08T08:11:56Z</time>
   </trkpt>
   <trkpt lat="45.7742070" lon="4.8092160">
    <ele>171.3</ele>
    <time>2025-04-08T08:11:57Z</time>
   </trkpt>
   <trkpt lat="45.7742180" lon="4.8092040">
    <ele>171.3</ele>
    <time>2025-04-08T08:11:58Z</time>
   </trkpt>
   <trkpt lat="45.7742470" lon="4.8091840">
    <ele>171.3</ele>
    <time>2025-04-08T08:11:59Z</time>
   </trkpt>
   <trkpt lat="45.7742800" lon="4.8091580">
    <ele>171.3</ele>
    <time>2025-04-08T08:12:00Z</time>
   </trkpt>
   <trkpt lat="45.7742900" lon="4.8091450">
    <ele>171.2</ele>
    <time>2025-04-08T08:12:01Z</time>
   </trkpt>
   <trkpt lat="45.7743230" lon="4.8091250">
    <ele>171.2</ele>
    <time>2025-04-08T08:12:02Z</time>
   </trkpt>
   <trkpt lat="45.7743520" lon="4.8091080">
    <ele>171.2</ele>
    <time>2025-04-08T08:12:03Z</time>
   </trkpt>
   <trkpt lat="45.7743780" lon="4.8090810">
    <ele>171.2</ele>
    <time>2025-04-08T08:12:04Z</time>
   </trkpt>
   <trkpt lat="45.7744040" lon="4.8090580">
    <ele>171.2</ele>
    <time>2025-04-08T08:12:05Z</time>
   </trkpt>
   <trkpt lat="45.7744370" lon="4.8090340">
    <ele>171.2</ele>
    <time>2025-04-08T08:12:06Z</time>
   </trkpt>
   <trkpt lat="45.7744500" lon="4.8090280">
    <ele>171.2</ele>
    <time>2025-04-08T08:12:07Z</time>
   </trkpt>
   <trkpt lat="45.7744720" lon="4.8090030">
    <ele>171.2</ele>
    <time>2025-04-08T08:12:08Z</time>
   </trkpt>
   <trkpt lat="45.7745040" lon="4.8089730">
    <ele>171.2</ele>
    <time>2025-04-08T08:12:09Z</time>
   </trkpt>
   <trkpt lat="45.7745140" lon="4.8089570">
    <ele>171.2</ele>
    <time>2025-04-08T08:12:10Z</time>
   </trkpt>
   <trkpt lat="45.7745400" lon="4.8089320">
    <ele>171.2</ele>
    <time>2025-04-08T08:12:11Z</time>
   </trkpt>
   <trkpt lat="45.7745500" lon="4.8089200">
    <ele>171.2</ele>
    <time>2025-04-08T08:12:12Z</time>
   </trkpt>
   <trkpt lat="45.7745820" lon="4.8088870">
    <ele>171.3</ele>
    <time>2025-04-08T08:12:13Z</time>
   </trkpt>
   <trkpt lat="45.7745930" lon="4.8088750">
    <ele>171.3</ele>
    <time>2025-04-08T08:12:14Z</time>
   </trkpt>
   <trkpt lat="45.7746250" lon="4.8088710">
    <ele>171.3</ele>
    <time>2025-04-08T08:12:15Z</time>
   </trkpt>
   <trkpt lat="45.7746530" lon="4.8088490">
    <ele>171.4</ele>
    <time>2025-04-08T08:12:16Z</time>
   </trkpt>
   <trkpt lat="45.7746830" lon="4.8088180">
    <ele>171.6</ele>
    <time>2025-04-08T08:12:17Z</time>
   </trkpt>
   <trkpt lat="45.7747110" lon="4.8087990">
    <ele>171.6</ele>
    <time>2025-04-08T08:12:18Z</time>
   </trkpt>
   <trkpt lat="45.7747380" lon="4.8088150">
    <ele>171.8</ele>
    <time>2025-04-08T08:12:19Z</time>
   </trkpt>
   <trkpt lat="45.7747500" lon="4.8088260">
    <ele>171.9</ele>
    <time>2025-04-08T08:12:20Z</time>
   </trkpt>
   <trkpt lat="45.7747660" lon="4.8088700">
    <ele>172.1</ele>
    <time>2025-04-08T08:12:21Z</time>
   </trkpt>
   <trkpt lat="45.7747700" lon="4.8089160">
    <ele>172.6</ele>
    <time>2025-04-08T08:12:22Z</time>
   </trkpt>
   <trkpt lat="45.7747720" lon="4.8089550">
    <ele>172.7</ele>
    <time>2025-04-08T08:12:23Z</time>
   </trkpt>
   <trkpt lat="45.7747640" lon="4.8089990">
    <ele>172.8</ele>
    <time>2025-04-08T08:12:24Z</time>
   </trkpt>
   <trkpt lat="45.7747650" lon="4.8090420">
    <ele>172.9</ele>
    <time>2025-04-08T08:12:25Z</time>
   </trkpt>
   <trkpt lat="45.7747630" lon="4.8090820">
    <ele>173.0</ele>
    <time>2025-04-08T08:12:26Z</time>
   </trkpt>
   <trkpt lat="45.7747640" lon="4.8091230">
    <ele>173.1</ele>
    <time>2025-04-08T08:12:27Z</time>
   </trkpt>
   <trkpt lat="45.7747640" lon="4.8091630">
    <ele>173.2</ele>
    <time>2025-04-08T08:12:28Z</time>
   </trkpt>
   <trkpt lat="45.7747610" lon="4.8092100">
    <ele>173.4</ele>
    <time>2025-04-08T08:12:29Z</time>
   </trkpt>
   <trkpt lat="45.7747570" lon="4.8092670">
    <ele>173.5</ele>
    <time>2025-04-08T08:12:30Z</time>
   </trkpt>
   <trkpt lat="45.7747500" lon="4.8092870">
    <ele>173.5</ele>
    <time>2025-04-08T08:12:31Z</time>
   </trkpt>
   <trkpt lat="45.7747410" lon="4.8093390">
    <ele>173.7</ele>
    <time>2025-04-08T08:12:32Z</time>
   </trkpt>
   <trkpt lat="45.7747410" lon="4.8093600">
    <ele>173.7</ele>
    <time>2025-04-08T08:12:33Z</time>
   </trkpt>
   <trkpt lat="45.7747410" lon="4.8094040">
    <ele>173.8</ele>
    <time>2025-04-08T08:12:34Z</time>
   </trkpt>
   <trkpt lat="45.7747390" lon="4.8094460">
    <ele>173.9</ele>
    <time>2025-04-08T08:12:35Z</time>
   </trkpt>
   <trkpt lat="45.7747410" lon="4.8094910">
    <ele>173.9</ele>
    <time>2025-04-08T08:12:36Z</time>
   </trkpt>
   <trkpt lat="45.7747400" lon="4.8095350">
    <ele>174.0</ele>
    <time>2025-04-08T08:12:37Z</time>
   </trkpt>
   <trkpt lat="45.7747380" lon="4.8095810">
    <ele>174.0</ele>
    <time>2025-04-08T08:12:38Z</time>
   </trkpt>
   <trkpt lat="45.7747410" lon="4.8096250">
    <ele>174.1</ele>
    <time>2025-04-08T08:12:39Z</time>
   </trkpt>
   <trkpt lat="45.7747400" lon="4.8096730">
    <ele>174.1</ele>
    <time>2025-04-08T08:12:40Z</time>
   </trkpt>
   <trkpt lat="45.7747370" lon="4.8097200">
    <ele>174.2</ele>
    <time>2025-04-08T08:12:41Z</time>
   </trkpt>
   <trkpt lat="45.7747370" lon="4.8097610">
    <ele>174.2</ele>
    <time>2025-04-08T08:12:42Z</time>
   </trkpt>
   <trkpt lat="45.7747340" lon="4.8098060">
    <ele>174.2</ele>
    <time>2025-04-08T08:12:43Z</time>
   </trkpt>
   <trkpt lat="45.7747300" lon="4.8098510">
    <ele>174.2</ele>
    <time>2025-04-08T08:12:44Z</time>
   </trkpt>
   <trkpt lat="45.7747260" lon="4.8098940">
    <ele>174.2</ele>
    <time>2025-04-08T08:12:45Z</time>
   </trkpt>
   <trkpt lat="45.7747200" lon="4.8099370">
    <ele>174.2</ele>
    <time>2025-04-08T08:12:46Z</time>
   </trkpt>
   <trkpt lat="45.7747150" lon="4.8099810">
    <ele>174.2</ele>
    <time>2025-04-08T08:12:47Z</time>
   </trkpt>
   <trkpt lat="45.7747140" lon="4.8100260">
    <ele>174.2</ele>
    <time>2025-04-08T08:12:48Z</time>
   </trkpt>
   <trkpt lat="45.7747120" lon="4.8100690">
    <ele>174.2</ele>
    <time>2025-04-08T08:12:49Z</time>
   </trkpt>
   <trkpt lat="45.7747130" lon="4.8101130">
    <ele>174.2</ele>
    <time>2025-04-08T08:12:50Z</time>
   </trkpt>
   <trkpt lat="45.7747050" lon="4.8101710">
    <ele>174.2</ele>
    <time>2025-04-08T08:12:51Z</time>
   </trkpt>
   <trkpt lat="45.7747020" lon="4.8101940">
    <ele>174.2</ele>
    <time>2025-04-08T08:12:52Z</time>
   </trkpt>
   <trkpt lat="45.7746990" lon="4.8102380">
    <ele>174.1</ele>
    <time>2025-04-08T08:12:53Z</time>
   </trkpt>
   <trkpt lat="45.7746960" lon="4.8102890">
    <ele>174.1</ele>
    <time>2025-04-08T08:12:54Z</time>
   </trkpt>
   <trkpt lat="45.7746920" lon="4.8103360">
    <ele>174.1</ele>
    <time>2025-04-08T08:12:55Z</time>
   </trkpt>
   <trkpt lat="45.7746890" lon="4.8103820">
    <ele>174.0</ele>
    <time>2025-04-08T08:12:56Z</time>
   </trkpt>
   <trkpt lat="45.7746880" lon="4.8104250">
    <ele>174.0</ele>
    <time>2025-04-08T08:12:57Z</time>
   </trkpt>
   <trkpt lat="45.7746860" lon="4.8104680">
    <ele>174.0</ele>
    <time>2025-04-08T08:12:58Z</time>
   </trkpt>
   <trkpt lat="45.7746790" lon="4.8105130">
    <ele>174.0</ele>
    <time>2025-04-08T08:12:59Z</time>
   </trkpt>
   <trkpt lat="45.7746760" lon="4.8105560">
    <ele>174.0</ele>
    <time>2025-04-08T08:13:00Z</time>
   </trkpt>
   <trkpt lat="45.7746730" lon="4.8106060">
    <ele>174.0</ele>
    <time>2025-04-08T08:13:01Z</time>
   </trkpt>
   <trkpt lat="45.7746700" lon="4.8106490">
    <ele>174.0</ele>
    <time>2025-04-08T08:13:02Z</time>
   </trkpt>
   <trkpt lat="45.7746640" lon="4.8106930">
    <ele>174.0</ele>
    <time>2025-04-08T08:13:03Z</time>
   </trkpt>
   <trkpt lat="45.7746610" lon="4.8107370">
    <ele>174.0</ele>
    <time>2025-04-08T08:13:04Z</time>
   </trkpt>
   <trkpt lat="45.7746600" lon="4.8107770">
    <ele>174.0</ele>
    <time>2025-04-08T08:13:05Z</time>
   </trkpt>
   <trkpt lat="45.7746500" lon="4.8108240">
    <ele>174.0</ele>
    <time>2025-04-08T08:13:06Z</time>
   </trkpt>
   <trkpt lat="45.7746420" lon="4.8108670">
    <ele>173.9</ele>
    <time>2025-04-08T08:13:07Z</time>
   </trkpt>
   <trkpt lat="45.7746380" lon="4.8109070">
    <ele>173.8</ele>
    <time>2025-04-08T08:13:08Z</time>
   </trkpt>
   <trkpt lat="45.7746300" lon="4.8109480">
    <ele>173.7</ele>
    <time>2025-04-08T08:13:09Z</time>
   </trkpt>
   <trkpt lat="45.7746210" lon="4.8109860">
    <ele>173.6</ele>
    <time>2025-04-08T08:13:10Z</time>
   </trkpt>
   <trkpt lat="45.7746240" lon="4.8110160">
    <ele>173.6</ele>
    <time>2025-04-08T08:13:11Z</time>
   </trkpt>
   <trkpt lat="45.7746280" lon="4.8110360">
    <ele>173.6</ele>
    <time>2025-04-08T08:13:12Z</time>
   </trkpt>
   <trkpt lat="45.7746400" lon="4.8110590">
    <ele>173.7</ele>
    <time>2025-04-08T08:13:13Z</time>
   </trkpt>
   <trkpt lat="45.7746490" lon="4.8110660">
    <ele>173.8</ele>
    <time>2025-04-08T08:13:25Z</time>
   </trkpt>
   <trkpt lat="45.7746570" lon="4.8110740">
    <ele>173.8</ele>
    <time>2025-04-08T08:13:26Z</time>
   </trkpt>
   <trkpt lat="45.7746660" lon="4.8110820">
    <ele>173.9</ele>
    <time>2025-04-08T08:13:27Z</time>
   </trkpt>
   <trkpt lat="45.7746950" lon="4.8110860">
    <ele>173.9</ele>
    <time>2025-04-08T08:13:28Z</time>
   </trkpt>
   <trkpt lat="45.7747050" lon="4.8110850">
    <ele>173.9</ele>
    <time>2025-04-08T08:13:29Z</time>
   </trkpt>
   <trkpt lat="45.7747060" lon="4.8111020">
    <ele>173.9</ele>
    <time>2025-04-08T08:13:30Z</time>
   </trkpt>
   <trkpt lat="45.7747190" lon="4.8111120">
    <ele>173.9</ele>
    <time>2025-04-08T08:13:31Z</time>
   </trkpt>
   <trkpt lat="45.7747500" lon="4.8111400">
    <ele>173.8</ele>
    <time>2025-04-08T08:13:32Z</time>
   </trkpt>
   <trkpt lat="45.7747890" lon="4.8111410">
    <ele>173.8</ele>
    <time>2025-04-08T08:13:33Z</time>
   </trkpt>
   <trkpt lat="45.7748200" lon="4.8111410">
    <ele>173.8</ele>
    <time>2025-04-08T08:13:34Z</time>
   </trkpt>
   <trkpt lat="45.7748420" lon="4.8111670">
    <ele>173.7</ele>
    <time>2025-04-08T08:13:35Z</time>
   </trkpt>
   <trkpt lat="45.7748530" lon="4.8112130">
    <ele>173.7</ele>
    <time>2025-04-08T08:13:36Z</time>
   </trkpt>
   <trkpt lat="45.7748420" lon="4.8112670">
    <ele>173.6</ele>
    <time>2025-04-08T08:13:37Z</time>
   </trkpt>
   <trkpt lat="45.7748370" lon="4.8113190">
    <ele>173.5</ele>
    <time>2025-04-08T08:13:38Z</time>
   </trkpt>
   <trkpt lat="45.7748350" lon="4.8113640">
    <ele>173.4</ele>
    <time>2025-04-08T08:13:39Z</time>
   </trkpt>
   <trkpt lat="45.7748310" lon="4.8114150">
    <ele>173.4</ele>
    <time>2025-04-08T08:13:40Z</time>
   </trkpt>
   <trkpt lat="45.7748270" lon="4.8114630">
    <ele>173.3</ele>
    <time>2025-04-08T08:13:41Z</time>
   </trkpt>
   <trkpt lat="45.7748250" lon="4.8115060">
    <ele>173.3</ele>
    <time>2025-04-08T08:13:42Z</time>
   </trkpt>
   <trkpt lat="45.7748230" lon="4.8115500">
    <ele>173.3</ele>
    <time>2025-04-08T08:13:43Z</time>
   </trkpt>
   <trkpt lat="45.7748220" lon="4.8115940">
    <ele>173.2</ele>
    <time>2025-04-08T08:13:44Z</time>
   </trkpt>
   <trkpt lat="45.7748190" lon="4.8116420">
    <ele>173.2</ele>
    <time>2025-04-08T08:13:45Z</time>
   </trkpt>
   <trkpt lat="45.7748180" lon="4.8116860">
    <ele>173.2</ele>
    <time>2025-04-08T08:13:46Z</time>
   </trkpt>
   <trkpt lat="45.7748130" lon="4.8117250">
    <ele>173.2</ele>
    <time>2025-04-08T08:13:47Z</time>
   </trkpt>
   <trkpt lat="45.7748070" lon="4.8117730">
    <ele>173.2</ele>
    <time>2025-04-08T08:13:48Z</time>
   </trkpt>
   <trkpt lat="45.7748120" lon="4.8118180">
    <ele>173.2</ele>
    <time>2025-04-08T08:13:49Z</time>
   </trkpt>
   <trkpt lat="45.7748090" lon="4.8118580">
    <ele>173.2</ele>
    <time>2025-04-08T08:13:50Z</time>
   </trkpt>
   <trkpt lat="45.7748050" lon="4.8119080">
    <ele>173.2</ele>
    <time>2025-04-08T08:13:51Z</time>
   </trkpt>
   <trkpt lat="45.7748010" lon="4.8119500">
    <ele>173.2</ele>
    <time>2025-04-08T08:13:52Z</time>
   </trkpt>
   <trkpt lat="45.7747950" lon="4.8119900">
    <ele>173.2</ele>
    <time>2025-04-08T08:13:53Z</time>
   </trkpt>
   <trkpt lat="45.7747890" lon="4.8120450">
    <ele>173.2</ele>
    <time>2025-04-08T08:13:54Z</time>
   </trkpt>
   <trkpt lat="45.7747850" lon="4.8120650">
    <ele>173.2</ele>
    <time>2025-04-08T08:13:55Z</time>
   </trkpt>
   <trkpt lat="45.7747820" lon="4.8121070">
    <ele>173.2</ele>
    <time>2025-04-08T08:13:56Z</time>
   </trkpt>
   <trkpt lat="45.7747770" lon="4.8121630">
    <ele>173.2</ele>
    <time>2025-04-08T08:13:57Z</time>
   </trkpt>
   <trkpt lat="45.7747760" lon="4.8121890">
    <ele>173.2</ele>
    <time>2025-04-08T08:13:58Z</time>
   </trkpt>
   <trkpt lat="45.7747700" lon="4.8122440">
    <ele>173.2</ele>
    <time>2025-04-08T08:13:59Z</time>
   </trkpt>
   <trkpt lat="45.7747680" lon="4.8122650">
    <ele>173.2</ele>
    <time>2025-04-08T08:14:00Z</time>
   </trkpt>
   <trkpt lat="45.7747710" lon="4.8123110">
    <ele>173.2</ele>
    <time>2025-04-08T08:14:01Z</time>
   </trkpt>
   <trkpt lat="45.7747660" lon="4.8123630">
    <ele>173.2</ele>
    <time>2025-04-08T08:14:02Z</time>
   </trkpt>
   <trkpt lat="45.7747640" lon="4.8124090">
    <ele>173.2</ele>
    <time>2025-04-08T08:14:03Z</time>
   </trkpt>
   <trkpt lat="45.7747600" lon="4.8124520">
    <ele>173.3</ele>
    <time>2025-04-08T08:14:04Z</time>
   </trkpt>
   <trkpt lat="45.7747550" lon="4.8124950">
    <ele>173.3</ele>
    <time>2025-04-08T08:14:05Z</time>
   </trkpt>
   <trkpt lat="45.7747500" lon="4.8125420">
    <ele>173.3</ele>
    <time>2025-04-08T08:14:06Z</time>
   </trkpt>
   <trkpt lat="45.7747440" lon="4.8125910">
    <ele>173.4</ele>
    <time>2025-04-08T08:14:07Z</time>
   </trkpt>
   <trkpt lat="45.7747430" lon="4.8126380">
    <ele>173.4</ele>
    <time>2025-04-08T08:14:08Z</time>
   </trkpt>
   <trkpt lat="45.7747410" lon="4.8126800">
    <ele>173.5</ele>
    <time>2025-04-08T08:14:09Z</time>
   </trkpt>
   <trkpt lat="45.7747380" lon="4.8127250">
    <ele>173.5</ele>
    <time>2025-04-08T08:14:10Z</time>
   </trkpt>
   <trkpt lat="45.7747350" lon="4.8127670">
    <ele>173.6</ele>
    <time>2025-04-08T08:14:11Z</time>
   </trkpt>
   <trkpt lat="45.7747310" lon="4.8128170">
    <ele>173.6</ele>
    <time>2025-04-08T08:14:12Z</time>
   </trkpt>
   <trkpt lat="45.7747240" lon="4.8128610">
    <ele>173.6</ele>
    <time>2025-04-08T08:14:13Z</time>
   </trkpt>
   <trkpt lat="45.7747180" lon="4.8129020">
    <ele>173.6</ele>
    <time>2025-04-08T08:14:14Z</time>
   </trkpt>
   <trkpt lat="45.7747190" lon="4.8129450">
    <ele>173.6</ele>
    <time>2025-04-08T08:14:15Z</time>
   </trkpt>
   <trkpt lat="45.7747160" lon="4.8129930">
    <ele>173.6</ele>
    <time>2025-04-08T08:14:16Z</time>
   </trkpt>
   <trkpt lat="45.7747100" lon="4.8130370">
    <ele>173.6</ele>
    <time>2025-04-08T08:14:17Z</time>
   </trkpt>
   <trkpt lat="45.7747070" lon="4.8130810">
    <ele>173.7</ele>
    <time>2025-04-08T08:14:18Z</time>
   </trkpt>
   <trkpt lat="45.7747020" lon="4.8131250">
    <ele>173.7</ele>
    <time>2025-04-08T08:14:19Z</time>
   </trkpt>
   <trkpt lat="45.7747000" lon="4.8131710">
    <ele>173.7</ele>
    <time>2025-04-08T08:14:20Z</time>
   </trkpt>
   <trkpt lat="45.7746910" lon="4.8132160">
    <ele>173.7</ele>
    <time>2025-04-08T08:14:21Z</time>
   </trkpt>
   <trkpt lat="45.7746870" lon="4.8132550">
    <ele>173.7</ele>
    <time>2025-04-08T08:14:22Z</time>
   </trkpt>
   <trkpt lat="45.7746850" lon="4.8132940">
    <ele>173.7</ele>
    <time>2025-04-08T08:14:23Z</time>
   </trkpt>
   <trkpt lat="45.7746790" lon="4.8133380">
    <ele>173.7</ele>
    <time>2025-04-08T08:14:24Z</time>
   </trkpt>
   <trkpt lat="45.7746810" lon="4.8133790">
    <ele>173.7</ele>
    <time>2025-04-08T08:14:25Z</time>
   </trkpt>
   <trkpt lat="45.7746710" lon="4.8134230">
    <ele>173.7</ele>
    <time>2025-04-08T08:14:26Z</time>
   </trkpt>
   <trkpt lat="45.7746670" lon="4.8134720">
    <ele>173.7</ele>
    <time>2025-04-08T08:14:27Z</time>
   </trkpt>
   <trkpt lat="45.7746670" lon="4.8135190">
    <ele>173.8</ele>
    <time>2025-04-08T08:14:28Z</time>
   </trkpt>
   <trkpt lat="45.7746620" lon="4.8135630">
    <ele>173.8</ele>
    <time>2025-04-08T08:14:29Z</time>
   </trkpt>
   <trkpt lat="45.7746560" lon="4.8136090">
    <ele>173.8</ele>
    <time>2025-04-08T08:14:30Z</time>
   </trkpt>
   <trkpt lat="45.7746500" lon="4.8136490">
    <ele>173.8</ele>
    <time>2025-04-08T08:14:31Z</time>
   </trkpt>
   <trkpt lat="45.7746460" lon="4.8136950">
    <ele>173.8</ele>
    <time>2025-04-08T08:14:32Z</time>
   </trkpt>
   <trkpt lat="45.7746480" lon="4.8137390">
    <ele>173.8</ele>
    <time>2025-04-08T08:14:33Z</time>
   </trkpt>
   <trkpt lat="45.7746460" lon="4.8137840">
    <ele>173.9</ele>
    <time>2025-04-08T08:14:34Z</time>
   </trkpt>
   <trkpt lat="45.7746440" lon="4.8138330">
    <ele>173.9</ele>
    <time>2025-04-08T08:14:35Z</time>
   </trkpt>
   <trkpt lat="45.7746440" lon="4.8138750">
    <ele>173.9</ele>
    <time>2025-04-08T08:14:36Z</time>
   </trkpt>
   <trkpt lat="45.7746380" lon="4.8139180">
    <ele>173.9</ele>
    <time>2025-04-08T08:14:37Z</time>
   </trkpt>
   <trkpt lat="45.7746390" lon="4.8139640">
    <ele>173.9</ele>
    <time>2025-04-08T08:14:38Z</time>
   </trkpt>
   <trkpt lat="45.7746410" lon="4.8140160">
    <ele>173.9</ele>
    <time>2025-04-08T08:14:39Z</time>
   </trkpt>
   <trkpt lat="45.7746390" lon="4.8140580">
    <ele>174.0</ele>
    <time>2025-04-08T08:14:40Z</time>
   </trkpt>
   <trkpt lat="45.7746340" lon="4.8140980">
    <ele>174.0</ele>
    <time>2025-04-08T08:14:41Z</time>
   </trkpt>
   <trkpt lat="45.7746360" lon="4.8141450">
    <ele>174.0</ele>
    <time>2025-04-08T08:14:42Z</time>
   </trkpt>
   <trkpt lat="45.7746360" lon="4.8141880">
    <ele>174.0</ele>
    <time>2025-04-08T08:14:43Z</time>
   </trkpt>
   <trkpt lat="45.7746360" lon="4.8142330">
    <ele>174.0</ele>
    <time>2025-04-08T08:14:44Z</time>
   </trkpt>
   <trkpt lat="45.7746370" lon="4.8142900">
    <ele>174.1</ele>
    <time>2025-04-08T08:14:45Z</time>
   </trkpt>
   <trkpt lat="45.7746380" lon="4.8143110">
    <ele>174.1</ele>
    <time>2025-04-08T08:14:46Z</time>
   </trkpt>
   <trkpt lat="45.7746380" lon="4.8143540">
    <ele>174.2</ele>
    <time>2025-04-08T08:14:47Z</time>
   </trkpt>
   <trkpt lat="45.7746400" lon="4.8143970">
    <ele>174.2</ele>
    <time>2025-04-08T08:14:48Z</time>
   </trkpt>
   <trkpt lat="45.7746400" lon="4.8144410">
    <ele>174.2</ele>
    <time>2025-04-08T08:14:49Z</time>
   </trkpt>
   <trkpt lat="45.7746370" lon="4.8144850">
    <ele>174.3</ele>
    <time>2025-04-08T08:14:50Z</time>
   </trkpt>
   <trkpt lat="45.7746440" lon="4.8145280">
    <ele>174.4</ele>
    <time>2025-04-08T08:14:51Z</time>
   </trkpt>
   <trkpt lat="45.7746460" lon="4.8145720">
    <ele>174.4</ele>
    <time>2025-04-08T08:14:52Z</time>
   </trkpt>
   <trkpt lat="45.7746480" lon="4.8146190">
    <ele>174.5</ele>
    <time>2025-04-08T08:14:53Z</time>
   </trkpt>
   <trkpt lat="45.7746660" lon="4.8146650">
    <ele>174.6</ele>
    <time>2025-04-08T08:14:54Z</time>
   </trkpt>
   <trkpt lat="45.7746680" lon="4.8147120">
    <ele>174.7</ele>
    <time>2025-04-08T08:14:55Z</time>
   </trkpt>
   <trkpt lat="45.7746810" lon="4.8147580">
    <ele>174.7</ele>
    <time>2025-04-08T08:14:56Z</time>
   </trkpt>
   <trkpt lat="45.7746870" lon="4.8148050">
    <ele>174.8</ele>
    <time>2025-04-08T08:14:57Z</time>
   </trkpt>
   <trkpt lat="45.7746930" lon="4.8148520">
    <ele>174.8</ele>
    <time>2025-04-08T08:14:58Z</time>
   </trkpt>
   <trkpt lat="45.7747000" lon="4.8148950">
    <ele>174.8</ele>
    <time>2025-04-08T08:14:59Z</time>
   </trkpt>
   <trkpt lat="45.7747050" lon="4.8149470">
    <ele>174.9</ele>
    <time>2025-04-08T08:15:00Z</time>
   </trkpt>
   <trkpt lat="45.7747110" lon="4.8149940">
    <ele>174.9</ele>
    <time>2025-04-08T08:15:01Z</time>
   </trkpt>
   <trkpt lat="45.7748390" lon="4.8149470">
    <ele>180.4</ele>
    <time>2025-04-08T08:15:02Z</time>
   </trkpt>
   <trkpt lat="45.7748450" lon="4.8149940">
    <ele>186.9</ele>
    <time>2025-04-08T08:15:03Z</time>
   </trkpt>
   <trkpt lat="45.7748500" lon="4.8150370">
    <ele>193.5</ele>
    <time>2025-04-08T08:15:04Z</time>
   </trkpt>
   <trkpt lat="45.7748570" lon="4.8150950">
    <ele>200.2</ele>
    <time>2025-04-08T08:15:05Z</time>
   </trkpt>
   <trkpt lat="45.7748600" lon="4.8151160">
    <ele>206.7</ele>
    <time>2025-04-08T08:15:06Z</time>
   </trkpt>
   <trkpt lat="45.7746140" lon="4.8212060">
    <ele>245.0</ele>
    <time>2025-04-08T08:16:29Z</time>
   </trkpt>
   <trkpt lat="45.7733780" lon="4.8286760">
    <ele>258.0</ele>
    <time>2025-04-08T08:18:38Z</time>
   </trkpt>
   <trkpt lat="45.7727360" lon="4.8368790">
    <ele>173.9</ele>
    <time>2025-04-08T08:23:33Z</time>
   </trkpt>
   <trkpt lat="45.7727850" lon="4.8369940">
    <ele>174.5</ele>
    <time>2025-04-08T08:23:34Z</time>
   </trkpt>
   <trkpt lat="45.7728180" lon="4.8370120">
    <ele>174.7</ele>
    <time>2025-04-08T08:23:35Z</time>
   </trkpt>
   <trkpt lat="45.7728210" lon="4.8370980">
    <ele>175.1</ele>
    <time>2025-04-08T08:23:36Z</time>
   </trkpt>
   <trkpt lat="45.7728210" lon="4.8371500">
    <ele>175.3</ele>
    <time>2025-04-08T08:23:37Z</time>
   </trkpt>
   <trkpt lat="45.7728180" lon="4.8372030">
    <ele>175.4</ele>
    <time>2025-04-08T08:23:38Z</time>
   </trkpt>
   <trkpt lat="45.7728180" lon="4.8372960">
    <ele>175.5</ele>
    <time>2025-04-08T08:23:39Z</time>
   </trkpt>
   <trkpt lat="45.7728160" lon="4.8373360">
    <ele>175.4</ele>
    <time>2025-04-08T08:23:40Z</time>
   </trkpt>
   <trkpt lat="45.7728160" lon="4.8373810">
    <ele>175.4</ele>
    <time>2025-04-08T08:23:41Z</time>
   </trkpt>
   <trkpt lat="45.7728130" lon="4.8374260">
    <ele>175.4</ele>
    <time>2025-04-08T08:23:42Z</time>
   </trkpt>
   <trkpt lat="45.7728060" lon="4.8374710">
    <ele>175.4</ele>
    <time>2025-04-08T08:23:43Z</time>
   </trkpt>
   <trkpt lat="45.7728010" lon="4.8375280">
    <ele>175.3</ele>
    <time>2025-04-08T08:23:44Z</time>
   </trkpt>
   <trkpt lat="45.7728010" lon="4.8375490">
    <ele>175.4</ele>
    <time>2025-04-08T08:23:45Z</time>
   </trkpt>
   <trkpt lat="45.7728020" lon="4.8375920">
    <ele>175.5</ele>
    <time>2025-04-08T08:23:46Z</time>
   </trkpt>
   <trkpt lat="45.7727990" lon="4.8376480">
    <ele>175.6</ele>
    <time>2025-04-08T08:23:47Z</time>
   </trkpt>
   <trkpt lat="45.7727970" lon="4.8376670">
    <ele>175.6</ele>
    <time>2025-04-08T08:23:48Z</time>
   </trkpt>
   <trkpt lat="45.7727830" lon="4.8377010">
    <ele>175.7</ele>
    <time>2025-04-08T08:23:49Z</time>
   </trkpt>
   <trkpt lat="45.7727740" lon="4.8377540">
    <ele>175.8</ele>
    <time>2025-04-08T08:23:50Z</time>
   </trkpt>
   <trkpt lat="45.7727720" lon="4.8377740">
    <ele>175.9</ele>
    <time>2025-04-08T08:23:51Z</time>
   </trkpt>
   <trkpt lat="45.7727680" lon="4.8378200">
    <ele>176.0</ele>
    <time>2025-04-08T08:23:52Z</time>
   </trkpt>
   <trkpt lat="45.7727620" lon="4.8378590">
    <ele>176.1</ele>
    <time>2025-04-08T08:23:53Z</time>
   </trkpt>
   <trkpt lat="45.7727610" lon="4.8378990">
    <ele>176.1</ele>
    <time>2025-04-08T08:23:54Z</time>
   </trkpt>
   <trkpt lat="45.7727620" lon="4.8379450">
    <ele>176.2</ele>
    <time>2025-04-08T08:23:55Z</time>
   </trkpt>
   <trkpt lat="45.7727580" lon="4.8379880">
    <ele>176.3</ele>
    <time>2025-04-08T08:23:56Z</time>
   </trkpt>
   <trkpt lat="45.7727550" lon="4.8380440">
    <ele>176.4</ele>
    <time>2025-04-08T08:23:57Z</time>
   </trkpt>
   <trkpt lat="45.7727540" lon="4.8380630">
    <ele>176.5</ele>
    <time>2025-04-08T08:23:58Z</time>
   </trkpt>
   <trkpt lat="45.7727520" lon="4.8381030">
    <ele>176.7</ele>
    <time>2025-04-08T08:23:59Z</time>
   </trkpt>
   <trkpt lat="45.7727420" lon="4.8381390">
    <ele>176.7</ele>
    <time>2025-04-08T08:24:00Z</time>
   </trkpt>
   <trkpt lat="45.7727400" lon="4.8381840">
    <ele>176.8</ele>
    <time>2025-04-08T08:24:01Z</time>
   </trkpt>
   <trkpt lat="45.7727360" lon="4.8382420">
    <ele>177.0</ele>
    <time>2025-04-08T08:24:02Z</time>
   </trkpt>
   <trkpt lat="45.7727350" lon="4.8382610">
    <ele>177.0</ele>
    <time>2025-04-08T08:24:03Z</time>
   </trkpt>
   <trkpt lat="45.7727320" lon="4.8383080">
    <ele>177.1</ele>
    <time>2025-04-08T08:24:04Z</time>
   </trkpt>
   <trkpt lat="45.7727230" lon="4.8383550">
    <ele>177.2</ele>
    <time>2025-04-08T08:24:05Z</time>
   </trkpt>
   <trkpt lat="45.7727180" lon="4.8384040">
    <ele>177.3</ele>
    <time>2025-04-08T08:24:06Z</time>
   </trkpt>
   <trkpt lat="45.7727160" lon="4.8384560">
    <ele>177.4</ele>
    <time>2025-04-08T08:24:07Z</time>
   </trkpt>
   <trkpt lat="45.7727110" lon="4.8384990">
    <ele>177.5</ele>
    <time>2025-04-08T08:24:09Z</time>
   </trkpt>
   <trkpt lat="45.7727070" lon="4.8385420">
    <ele>177.5</ele>
    <time>2025-04-08T08:24:10Z</time>
   </trkpt>
   <trkpt lat="45.7726920" lon="4.8385830">
    <ele>177.5</ele>
    <time>2025-04-08T08:24:11Z</time>
   </trkpt>
   <trkpt lat="45.7726590" lon="4.8386100">
    <ele>177.5</ele>
    <time>2025-04-08T08:24:12Z</time>
   </trkpt>
   <trkpt lat="45.7726330" lon="4.8386440">
    <ele>177.6</ele>
    <time>2025-04-08T08:24:13Z</time>
   </trkpt>
   <trkpt lat="45.7726150" lon="4.8386840">
    <ele>177.6</ele>
    <time>2025-04-08T08:24:14Z</time>
   </trkpt>
   <trkpt lat="45.7726070" lon="4.8387310">
    <ele>177.5</ele>
    <time>2025-04-08T08:24:15Z</time>
   </trkpt>
   <trkpt lat="45.7725920" lon="4.8387720">
    <ele>177.5</ele>
    <time>2025-04-08T08:24:16Z</time>
   </trkpt>
   <trkpt lat="45.7725880" lon="4.8388150">
    <ele>177.5</ele>
    <time>2025-04-08T08:24:17Z</time>
   </trkpt>
   <trkpt lat="45.7725910" lon="4.8388580">
    <ele>177.5</ele>
    <time>2025-04-08T08:24:18Z</time>
   </trkpt>
   <trkpt lat="45.7725970" lon="4.8389000">
    <ele>177.5</ele>
    <time>2025-04-08T08:24:19Z</time>
   </trkpt>
   <trkpt lat="45.7725900" lon="4.8389470">
    <ele>177.4</ele>
    <time>2025-04-08T08:24:20Z</time>
   </trkpt>
   <trkpt lat="45.7725810" lon="4.8389920">
    <ele>177.4</ele>
    <time>2025-04-08T08:24:21Z</time>
   </trkpt>
   <trkpt lat="45.7725790" lon="4.8390380">
    <ele>177.3</ele>
    <time>2025-04-08T08:24:22Z</time>
   </trkpt>
   <trkpt lat="45.7725740" lon="4.8390810">
    <ele>177.3</ele>
    <time>2025-04-08T08:24:23Z</time>
   </trkpt>
   <trkpt lat="45.7725700" lon="4.8391240">
    <ele>177.2</ele>
    <time>2025-04-08T08:24:24Z</time>
   </trkpt>
   <trkpt lat="45.7725680" lon="4.8391660">
    <ele>177.2</ele>
    <time>2025-04-08T08:24:25Z</time>
   </trkpt>
   <trkpt lat="45.7725640" lon="4.8392090">
    <ele>177.2</ele>
    <time>2025-04-08T08:24:26Z</time>
   </trkpt>
   <trkpt lat="45.7725660" lon="4.8392580">
    <ele>177.1</ele>
    <time>2025-04-08T08:24:27Z</time>
   </trkpt>
   <trkpt lat="45.7725630" lon="4.8392980">
    <ele>177.1</ele>
    <time>2025-04-08T08:24:28Z</time>
   </trkpt>
   <trkpt lat="45.7725620" lon="4.8393470">
    <ele>177.0</ele>
    <time>2025-04-08T08:24:29Z</time>
   </trkpt>
   <trkpt lat="45.7725580" lon="4.8393870">
    <ele>177.0</ele>
    <time>2025-04-08T08:24:30Z</time>
   </trkpt>
   <trkpt lat="45.7725520" lon="4.8394270">
    <ele>176.9</ele>
    <time>2025-04-08T08:24:31Z</time>
   </trkpt>
   <trkpt lat="45.7725440" lon="4.8394710">
    <ele>176.9</ele>
    <time>2025-04-08T08:24:32Z</time>
   </trkpt>
   <trkpt lat="45.7725410" lon="4.8395110">
    <ele>176.9</ele>
    <time>2025-04-08T08:24:33Z</time>
   </trkpt>
   <trkpt lat="45.7725370" lon="4.8395550">
    <ele>176.8</ele>
    <time>2025-04-08T08:24:34Z</time>
   </trkpt>
   <trkpt lat="45.7725370" lon="4.8396000">
    <ele>176.8</ele>
    <time>2025-04-08T08:24:35Z</time>
   </trkpt>
   <trkpt lat="45.7725380" lon="4.8396470">
    <ele>176.7</ele>
    <time>2025-04-08T08:24:36Z</time>
   </trkpt>
   <trkpt lat="45.7725360" lon="4.8396890">
    <ele>176.7</ele>
    <time>2025-04-08T08:24:37Z</time>
   </trkpt>
   <trkpt lat="45.7725320" lon="4.8397400">
    <ele>176.6</ele>
    <time>2025-04-08T08:24:38Z</time>
   </trkpt>
   <trkpt lat="45.7725300" lon="4.8397830">
    <ele>176.5</ele>
    <time>2025-04-08T08:24:39Z</time>
   </trkpt>
   <trkpt lat="45.7725280" lon="4.8398270">
    <ele>176.5</ele>
    <time>2025-04-08T08:24:40Z</time>
   </trkpt>
   <trkpt lat="45.7725230" lon="4.8398740">
    <ele>176.4</ele>
    <time>2025-04-08T08:24:41Z</time>
   </trkpt>
   <trkpt lat="45.7725190" lon="4.8399210">
    <ele>176.3</ele>
    <time>2025-04-08T08:24:42Z</time>
   </trkpt>
   <trkpt lat="45.7725100" lon="4.8399700">
    <ele>176.2</ele>
    <time>2025-04-08T08:24:43Z</time>
   </trkpt>
   <trkpt lat="45.7725070" lon="4.8400180">
    <ele>176.1</ele>
    <time>2025-04-08T08:24:44Z</time>
   </trkpt>
   <trkpt lat="45.7725000" lon="4.8400680">
    <ele>176.0</ele>
    <time>2025-04-08T08:24:45Z</time>
   </trkpt>
   <trkpt lat="45.7724990" lon="4.8400860">
    <ele>176.0</ele>
    <time>2025-04-08T08:24:46Z</time>
   </trkpt>
   <trkpt lat="45.7725010" lon="4.8401370">
    <ele>175.9</ele>
    <time>2025-04-08T08:24:47Z</time>
   </trkpt>
   <trkpt lat="45.7724990" lon="4.8401800">
    <ele>175.8</ele>
    <time>2025-04-08T08:24:48Z</time>
   </trkpt>
   <trkpt lat="45.7724940" lon="4.8402240">
    <ele>175.7</ele>
    <time>2025-04-08T08:24:49Z</time>
   </trkpt>
   <trkpt lat="45.7724940" lon="4.8402760">
    <ele>175.6</ele>
    <time>2025-04-08T08:24:50Z</time>
   </trkpt>
   <trkpt lat="45.7724920" lon="4.8403240">
    <ele>175.5</ele>
    <time>2025-04-08T08:24:51Z</time>
   </trkpt>
   <trkpt lat="45.7724930" lon="4.8403710">
    <ele>175.4</ele>
    <time>2025-04-08T08:24:52Z</time>
   </trkpt>
   <trkpt lat="45.7724890" lon="4.8404170">
    <ele>175.3</ele>
    <time>2025-04-08T08:24:53Z</time>
   </trkpt>
   <trkpt lat="45.7724840" lon="4.8404680">
    <ele>175.2</ele>
    <time>2025-04-08T08:24:54Z</time>
   </trkpt>
   <trkpt lat="45.7724820" lon="4.8405170">
    <ele>175.1</ele>
    <time>2025-04-08T08:24:55Z</time>
   </trkpt>
   <trkpt lat="45.7724780" lon="4.8405630">
    <ele>175.1</ele>
    <time>2025-04-08T08:24:56Z</time>
   </trkpt>
   <trkpt lat="45.7724780" lon="4.8406040">
    <ele>175.0</ele>
    <time>2025-04-08T08:24:57Z</time>
   </trkpt>
   <trkpt lat="45.7724700" lon="4.8406510">
    <ele>174.9</ele>
    <time>2025-04-08T08:24:58Z</time>
   </trkpt>
   <trkpt lat="45.7724720" lon="4.8406990">
    <ele>174.8</ele>
    <time>2025-04-08T08:24:59Z</time>
   </trkpt>
   <trkpt lat="45.7724750" lon="4.8407470">
    <ele>174.7</ele>
    <time>2025-04-08T08:25:00Z</time>
   </trkpt>
   <trkpt lat="45.7724720" lon="4.8408040">
    <ele>174.6</ele>
    <time>2025-04-08T08:25:01Z</time>
   </trkpt>
   <trkpt lat="45.7724710" lon="4.8408240">
    <ele>174.5</ele>
    <time>2025-04-08T08:25:02Z</time>
   </trkpt>
   <trkpt lat="45.7724710" lon="4.8408640">
    <ele>174.4</ele>
    <time>2025-04-08T08:25:03Z</time>
   </trkpt>
   <trkpt lat="45.7724710" lon="4.8409120">
    <ele>174.4</ele>
    <time>2025-04-08T08:25:04Z</time>
   </trkpt>
   <trkpt lat="45.7724760" lon="4.8409620">
    <ele>174.3</ele>
    <time>2025-04-08T08:25:05Z</time>
   </trkpt>
   <trkpt lat="45.7724820" lon="4.8410040">
    <ele>174.3</ele>
    <time>2025-04-08T08:25:06Z</time>
   </trkpt>
   <trkpt lat="45.7724940" lon="4.8410400">
    <ele>174.3</ele>
    <time>2025-04-08T08:25:07Z</time>
   </trkpt>
   <trkpt lat="45.7725210" lon="4.8410710">
    <ele>173.6</ele>
    <time>2025-04-08T08:25:08Z</time>
   </trkpt>
   <trkpt lat="45.7725300" lon="4.8410740">
    <ele>173.5</ele>
    <time>2025-04-08T08:25:09Z</time>
   </trkpt>
   <trkpt lat="45.7725430" lon="4.8410660">
    <ele>173.2</ele>
    <time>2025-04-08T08:25:10Z</time>
   </trkpt>
   <trkpt lat="45.7725440" lon="4.8410450">
    <ele>173.0</ele>
    <time>2025-04-08T08:25:11Z</time>
   </trkpt>
   <trkpt lat="45.7725400" lon="4.8410370">
    <ele>172.9</ele>
    <time>2025-04-08T08:25:12Z</time>
   </trkpt>
   <trkpt lat="45.7725590" lon="4.8410410">
    <ele>172.7</ele>
    <time>2025-04-08T08:25:13Z</time>
   </trkpt>
   <trkpt lat="45.7725680" lon="4.8410440">
    <ele>172.6</ele>
    <time>2025-04-08T08:25:14Z</time>
   </trkpt>
   <trkpt lat="45.7725780" lon="4.8410460">
    <ele>172.5</ele>
    <time>2025-04-08T08:25:15Z</time>
   </trkpt>
   <trkpt lat="45.7725840" lon="4.8410370">
    <ele>172.4</ele>
    <time>2025-04-08T08:25:16Z</time>
   </trkpt>
   <trkpt lat="45.7725540" lon="4.8410080">
    <ele>171.6</ele>
    <time>2025-04-08T08:25:17Z</time>
   </trkpt>
   <trkpt lat="45.7725160" lon="4.8409850">
    <ele>171.3</ele>
    <time>2025-04-08T08:25:18Z</time>
   </trkpt>
   <trkpt lat="45.7724770" lon="4.8409680">
    <ele>171.3</ele>
    <time>2025-04-08T08:25:19Z</time>
   </trkpt>
   <trkpt lat="45.7724340" lon="4.8409650">
    <ele>171.3</ele>
    <time>2025-04-08T08:25:20Z</time>
   </trkpt>
   <trkpt lat="45.7723990" lon="4.8409540">
    <ele>171.3</ele>
    <time>2025-04-08T08:25:21Z</time>
   </trkpt>
   <trkpt lat="45.7723670" lon="4.8409420">
    <ele>171.3</ele>
    <time>2025-04-08T08:25:22Z</time>
   </trkpt>
   <trkpt lat="45.7723340" lon="4.8409300">
    <ele>171.3</ele>
    <time>2025-04-08T08:25:23Z</time>
   </trkpt>
   <trkpt lat="45.7723030" lon="4.8409210">
    <ele>171.3</ele>
    <time>2025-04-08T08:25:24Z</time>
   </trkpt>
   <trkpt lat="45.7722710" lon="4.8409130">
    <ele>171.2</ele>
    <time>2025-04-08T08:25:25Z</time>
   </trkpt>
   <trkpt lat="45.7722390" lon="4.8408980">
    <ele>171.2</ele>
    <time>2025-04-08T08:25:26Z</time>
   </trkpt>
   <trkpt lat="45.7721380" lon="4.8408650">
    <ele>171.2</ele>
    <time>2025-04-08T08:25:30Z</time>
   </trkpt>
   <trkpt lat="45.7721080" lon="4.8408700">
    <ele>171.2</ele>
    <time>2025-04-08T08:25:31Z</time>
   </trkpt>
   <trkpt lat="45.7720730" lon="4.8409090">
    <ele>171.2</ele>
    <time>2025-04-08T08:25:32Z</time>
   </trkpt>
   <trkpt lat="45.7720400" lon="4.8409120">
    <ele>171.3</ele>
    <time>2025-04-08T08:25:33Z</time>
   </trkpt>
   <trkpt lat="45.7720090" lon="4.8409120">
    <ele>171.3</ele>
    <time>2025-04-08T08:25:34Z</time>
   </trkpt>
   <trkpt lat="45.7719750" lon="4.8409150">
    <ele>171.3</ele>
    <time>2025-04-08T08:25:35Z</time>
   </trkpt>
   <trkpt lat="45.7719420" lon="4.8409200">
    <ele>171.3</ele>
    <time>2025-04-08T08:25:36Z</time>
   </trkpt>
   <trkpt lat="45.7719090" lon="4.8409220">
    <ele>171.3</ele>
    <time>2025-04-08T08:25:37Z</time>
   </trkpt>
   <trkpt lat="45.7718800" lon="4.8409210">
    <ele>171.3</ele>
    <time>2025-04-08T08:25:38Z</time>
   </trkpt>
   <trkpt lat="45.7718510" lon="4.8409250">
    <ele>171.4</ele>
    <time>2025-04-08T08:25:39Z</time>
   </trkpt>
   <trkpt lat="45.7718190" lon="4.8409250">
    <ele>171.4</ele>
    <time>2025-04-08T08:25:40Z</time>
   </trkpt>
   <trkpt lat="45.7717890" lon="4.8409240">
    <ele>171.5</ele>
    <time>2025-04-08T08:25:41Z</time>
   </trkpt>
   <trkpt lat="45.7717560" lon="4.8409250">
    <ele>171.5</ele>
    <time>2025-04-08T08:25:42Z</time>
   </trkpt>
   <trkpt lat="45.7717190" lon="4.8409250">
    <ele>171.6</ele>
    <time>2025-04-08T08:25:43Z</time>
   </trkpt>
   <trkpt lat="45.7716810" lon="4.8409310">
    <ele>171.7</ele>
    <time>2025-04-08T08:25:44Z</time>
   </trkpt>
   <trkpt lat="45.7716130" lon="4.8409490">
    <ele>171.8</ele>
    <time>2025-04-08T08:25:45Z</time>
   </trkpt>
   <trkpt lat="45.7715820" lon="4.8409620">
    <ele>171.9</ele>
    <time>2025-04-08T08:25:46Z</time>
   </trkpt>
   <trkpt lat="45.7715520" lon="4.8409690">
    <ele>171.9</ele>
    <time>2025-04-08T08:25:47Z</time>
   </trkpt>
   <trkpt lat="45.7715140" lon="4.8409710">
    <ele>172.0</ele>
    <time>2025-04-08T08:25:48Z</time>
   </trkpt>
   <trkpt lat="45.7714880" lon="4.8409580">
    <ele>172.0</ele>
    <time>2025-04-08T08:25:49Z</time>
   </trkpt>
   <trkpt lat="45.7714640" lon="4.8409320">
    <ele>172.0</ele>
    <time>2025-04-08T08:25:50Z</time>
   </trkpt>
   <trkpt lat="45.7714390" lon="4.8409060">
    <ele>171.9</ele>
    <time>2025-04-08T08:25:51Z</time>
   </trkpt>
   <trkpt lat="45.7713980" lon="4.8408950">
    <ele>171.9</ele>
    <time>2025-04-08T08:25:52Z</time>
   </trkpt>
   <trkpt lat="45.7713800" lon="4.8408880">
    <ele>171.9</ele>
    <time>2025-04-08T08:25:53Z</time>
   </trkpt>
   <trkpt lat="45.7713440" lon="4.8408790">
    <ele>171.6</ele>
    <time>2025-04-08T08:25:54Z</time>
   </trkpt>
   <trkpt lat="45.7713090" lon="4.8408660">
    <ele>171.6</ele>
    <time>2025-04-08T08:25:55Z</time>
   </trkpt>
   <trkpt lat="45.7712730" lon="4.8408530">
    <ele>171.6</ele>
    <time>2025-04-08T08:25:57Z</time>
   </trkpt>
   <trkpt lat="45.7712340" lon="4.8408470">
    <ele>171.6</ele>
    <time>2025-04-08T08:25:58Z</time>
   </trkpt>
   <trkpt lat="45.7712070" lon="4.8408440">
    <ele>171.7</ele>
    <time>2025-04-08T08:25:59Z</time>
   </trkpt>
   <trkpt lat="45.7711740" lon="4.8408390">
    <ele>171.7</ele>
    <time>2025-04-08T08:26:00Z</time>
   </trkpt>
   <trkpt lat="45.7711410" lon="4.8408360">
    <ele>171.7</ele>
    <time>2025-04-08T08:26:01Z</time>
   </trkpt>
   <trkpt lat="45.7711090" lon="4.8408390">
    <ele>171.7</ele>
    <time>2025-04-08T08:26:02Z</time>
   </trkpt>
   <trkpt lat="45.7710750" lon="4.8408280">
    <ele>171.7</ele>
    <time>2025-04-08T08:26:03Z</time>
   </trkpt>
   <trkpt lat="45.7710430" lon="4.8408270">
    <ele>171.7</ele>
    <time>2025-04-08T08:26:04Z</time>
   </trkpt>
   <trkpt lat="45.7710160" lon="4.8408270">
    <ele>171.7</ele>
    <time>2025-04-08T08:26:05Z</time>
   </trkpt>
   <trkpt lat="45.7709820" lon="4.8408220">
    <ele>171.7</ele>
    <time>2025-04-08T08:26:06Z</time>
   </trkpt>
   <trkpt lat="45.7709460" lon="4.8408240">
    <ele>171.7</ele>
    <time>2025-04-08T08:26:07Z</time>
   </trkpt>
   <trkpt lat="45.7709330" lon="4.8408220">
    <ele>171.7</ele>
    <time>2025-04-08T08:26:08Z</time>
   </trkpt>
   <trkpt lat="45.7708890" lon="4.8408140">
    <ele>171.7</ele>
    <time>2025-04-08T08:26:09Z</time>
   </trkpt>
   <trkpt lat="45.7708700" lon="4.8408130">
    <ele>171.7</ele>
    <time>2025-04-08T08:26:10Z</time>
   </trkpt>
   <trkpt lat="45.7708410" lon="4.8408110">
    <ele>171.7</ele>
    <time>2025-04-08T08:26:11Z</time>
   </trkpt>
   <trkpt lat="45.7708120" lon="4.8408110">
    <ele>171.7</ele>
    <time>2025-04-08T08:26:12Z</time>
   </trkpt>
   <trkpt lat="45.7707820" lon="4.8408170">
    <ele>171.6</ele>
    <time>2025-04-08T08:26:13Z</time>
   </trkpt>
   <trkpt lat="45.7707490" lon="4.8407990">
    <ele>171.6</ele>
    <time>2025-04-08T08:26:14Z</time>
   </trkpt>
   <trkpt lat="45.7707100" lon="4.8407980">
    <ele>171.6</ele>
    <time>2025-04-08T08:26:15Z</time>
   </trkpt>
   <trkpt lat="45.7706940" lon="4.8407980">
    <ele>171.6</ele>
    <time>2025-04-08T08:26:16Z</time>
   </trkpt>
   <trkpt lat="45.7706620" lon="4.8407960">
    <ele>171.6</ele>
    <time>2025-04-08T08:26:17Z</time>
   </trkpt>
   <trkpt lat="45.7706340" lon="4.8408090">
    <ele>171.6</ele>
    <time>2025-04-08T08:26:18Z</time>
   </trkpt>
   <trkpt lat="45.7706030" lon="4.8407990">
    <ele>171.6</ele>
    <time>2025-04-08T08:26:19Z</time>
   </trkpt>
   <trkpt lat="45.7705710" lon="4.8407950">
    <ele>171.5</ele>
    <time>2025-04-08T08:26:20Z</time>
   </trkpt>
   <trkpt lat="45.7705350" lon="4.8407980">
    <ele>171.5</ele>
    <time>2025-04-08T08:26:21Z</time>
   </trkpt>
   <trkpt lat="45.7705190" lon="4.8407970">
    <ele>171.5</ele>
    <time>2025-04-08T08:26:22Z</time>
   </trkpt>
   <trkpt lat="45.7704780" lon="4.8407890">
    <ele>171.5</ele>
    <time>2025-04-08T08:26:23Z</time>
   </trkpt>
   <trkpt lat="45.7704400" lon="4.8407870">
    <ele>171.5</ele>
    <time>2025-04-08T08:26:24Z</time>
   </trkpt>
   <trkpt lat="45.7704110" lon="4.8407760">
    <ele>171.5</ele>
    <time>2025-04-08T08:26:25Z</time>
   </trkpt>
   <trkpt lat="45.7703810" lon="4.8407770">
    <ele>171.5</ele>
    <time>2025-04-08T08:26:26Z</time>
   </trkpt>
   <trkpt lat="45.7703400" lon="4.8407850">
    <ele>171.4</ele>
    <time>2025-04-08T08:26:27Z</time>
   </trkpt>
   <trkpt lat="45.7703250" lon="4.8407940">
    <ele>171.4</ele>
    <time>2025-04-08T08:26:28Z</time>
   </trkpt>
   <trkpt lat="45.7702950" lon="4.8407910">
    <ele>171.4</ele>
    <time>2025-04-08T08:26:29Z</time>
   </trkpt>
   <trkpt lat="45.7702640" lon="4.8407780">
    <ele>171.4</ele>
    <time>2025-04-08T08:26:30Z</time>
   </trkpt>
   <trkpt lat="45.7702280" lon="4.8407750">
    <ele>171.4</ele>
    <time>2025-04-08T08:26:31Z</time>
   </trkpt>
   <trkpt lat="45.7702110" lon="4.8407790">
    <ele>171.4</ele>
    <time>2025-04-08T08:26:32Z</time>
   </trkpt>
   <trkpt lat="45.7701740" lon="4.8407720">
    <ele>171.4</ele>
    <time>2025-04-08T08:26:33Z</time>
   </trkpt>
   <trkpt lat="45.7701570" lon="4.8407710">
    <ele>171.4</ele>
    <time>2025-04-08T08:26:34Z</time>
   </trkpt>
   <trkpt lat="45.7701210" lon="4.8407630">
    <ele>171.4</ele>
    <time>2025-04-08T08:26:35Z</time>
   </trkpt>
   <trkpt lat="45.7701040" lon="4.8407640">
    <ele>171.4</ele>
    <time>2025-04-08T08:26:36Z</time>
   </trkpt>
   <trkpt lat="45.7700610" lon="4.8407700">
    <ele>171.4</ele>
    <time>2025-04-08T08:26:37Z</time>
   </trkpt>
   <trkpt lat="45.7700290" lon="4.8407760">
    <ele>171.4</ele>
    <time>2025-04-08T08:26:38Z</time>
   </trkpt>
   <trkpt lat="45.7699980" lon="4.8407710">
    <ele>171.4</ele>
    <time>2025-04-08T08:26:39Z</time>
   </trkpt>
   <trkpt lat="45.7699680" lon="4.8407600">
    <ele>171.4</ele>
    <time>2025-04-08T08:26:40Z</time>
   </trkpt>
   <trkpt lat="45.7699380" lon="4.8407610">
    <ele>171.3</ele>
    <time>2025-04-08T08:26:41Z</time>
   </trkpt>
   <trkpt lat="45.7699050" lon="4.8407630">
    <ele>171.3</ele>
    <time>2025-04-08T08:26:42Z</time>
   </trkpt>
   <trkpt lat="45.7698730" lon="4.8407630">
    <ele>171.3</ele>
    <time>2025-04-08T08:26:43Z</time>
   </trkpt>
   <trkpt lat="45.7698410" lon="4.8407640">
    <ele>171.3</ele>
    <time>2025-04-08T08:26:44Z</time>
   </trkpt>
   <trkpt lat="45.7698130" lon="4.8407640">
    <ele>171.3</ele>
    <time>2025-04-08T08:26:45Z</time>
   </trkpt>
   <trkpt lat="45.7697840" lon="4.8407520">
    <ele>171.3</ele>
    <time>2025-04-08T08:26:46Z</time>
   </trkpt>
   <trkpt lat="45.7697730" lon="4.8407500">
    <ele>171.1</ele>
    <time>2025-04-08T08:26:47Z</time>
   </trkpt>
   <trkpt lat="45.7697630" lon="4.8407380">
    <ele>170.8</ele>
    <time>2025-04-08T08:26:48Z</time>
   </trkpt>
   <trkpt lat="45.7697620" lon="4.8407260">
    <ele>170.7</ele>
    <time>2025-04-08T08:26:49Z</time>
   </trkpt>
   <trkpt lat="45.7697600" lon="4.8407130">
    <ele>170.5</ele>
    <time>2025-04-08T08:26:50Z</time>
   </trkpt>
   <trkpt lat="45.7697580" lon="4.8407010">
    <ele>170.3</ele>
    <time>2025-04-08T08:26:51Z</time>
   </trkpt>
   <trkpt lat="45.7697380" lon="4.8406640">
    <ele>169.6</ele>
    <time>2025-04-08T08:26:52Z</time>
   </trkpt>
   <trkpt lat="45.7696930" lon="4.8406480">
    <ele>168.7</ele>
    <time>2025-04-08T08:26:53Z</time>
   </trkpt>
   <trkpt lat="45.7696480" lon="4.8406390">
    <ele>168.6</ele>
    <time>2025-04-08T08:26:54Z</time>
   </trkpt>
   <trkpt lat="45.7696130" lon="4.8406260">
    <ele>168.6</ele>
    <time>2025-04-08T08:26:55Z</time>
   </trkpt>
   <trkpt lat="45.7695770" lon="4.8406130">
    <ele>168.6</ele>
    <time>2025-04-08T08:26:56Z</time>
   </trkpt>
   <trkpt lat="45.7695420" lon="4.8406160">
    <ele>168.6</ele>
    <time>2025-04-08T08:26:57Z</time>
   </trkpt>
   <trkpt lat="45.7695120" lon="4.8406220">
    <ele>168.6</ele>
    <time>2025-04-08T08:26:58Z</time>
   </trkpt>
   <trkpt lat="45.7694760" lon="4.8406190">
    <ele>168.6</ele>
    <time>2025-04-08T08:26:59Z</time>
   </trkpt>
   <trkpt lat="45.7694420" lon="4.8406170">
    <ele>168.6</ele>
    <time>2025-04-08T08:27:00Z</time>
   </trkpt>
   <trkpt lat="45.7694100" lon="4.8406130">
    <ele>168.6</ele>
    <time>2025-04-08T08:27:01Z</time>
   </trkpt>
   <trkpt lat="45.7693680" lon="4.8406110">
    <ele>168.6</ele>
    <time>2025-04-08T08:27:02Z</time>
   </trkpt>
   <trkpt lat="45.7693240" lon="4.8406150">
    <ele>168.6</ele>
    <time>2025-04-08T08:27:03Z</time>
   </trkpt>
   <trkpt lat="45.7692940" lon="4.8406120">
    <ele>168.6</ele>
    <time>2025-04-08T08:27:04Z</time>
   </trkpt>
   <trkpt lat="45.7692610" lon="4.8406180">
    <ele>168.5</ele>
    <time>2025-04-08T08:27:05Z</time>
   </trkpt>
   <trkpt lat="45.7692170" lon="4.8406160">
    <ele>168.5</ele>
    <time>2025-04-08T08:27:06Z</time>
   </trkpt>
   <trkpt lat="45.7692000" lon="4.8406120">
    <ele>168.5</ele>
    <time>2025-04-08T08:27:07Z</time>
   </trkpt>
   <trkpt lat="45.7691620" lon="4.8406140">
    <ele>168.5</ele>
    <time>2025-04-08T08:27:08Z</time>
   </trkpt>
   <trkpt lat="45.7691250" lon="4.8406210">
    <ele>168.4</ele>
    <time>2025-04-08T08:27:09Z</time>
   </trkpt>
   <trkpt lat="45.7691120" lon="4.8406220">
    <ele>168.4</ele>
    <time>2025-04-08T08:27:10Z</time>
   </trkpt>
   <trkpt lat="45.7690760" lon="4.8406220">
    <ele>168.4</ele>
    <time>2025-04-08T08:27:11Z</time>
   </trkpt>
   <trkpt lat="45.7690390" lon="4.8406290">
    <ele>168.4</ele>
    <time>2025-04-08T08:27:12Z</time>
   </trkpt>
   <trkpt lat="45.7690000" lon="4.8406440">
    <ele>168.3</ele>
    <time>2025-04-08T08:27:13Z</time>
   </trkpt>
   <trkpt lat="45.7689850" lon="4.8406450">
    <ele>168.3</ele>
    <time>2025-04-08T08:27:14Z</time>
   </trkpt>
   <trkpt lat="45.7689440" lon="4.8406430">
    <ele>168.2</ele>
    <time>2025-04-08T08:27:15Z</time>
   </trkpt>
   <trkpt lat="45.7689040" lon="4.8406470">
    <ele>168.2</ele>
    <time>2025-04-08T08:27:16Z</time>
   </trkpt>
   <trkpt lat="45.7688680" lon="4.8406490">
    <ele>168.1</ele>
    <time>2025-04-08T08:27:17Z</time>
   </trkpt>
   <trkpt lat="45.7688260" lon="4.8406480">
    <ele>168.1</ele>
    <time>2025-04-08T08:27:18Z</time>
   </trkpt>
   <trkpt lat="45.7687910" lon="4.8406450">
    <ele>168.0</ele>
    <time>2025-04-08T08:27:19Z</time>
   </trkpt>
   <trkpt lat="45.7687540" lon="4.8406410">
    <ele>168.0</ele>
    <time>2025-04-08T08:27:20Z</time>
   </trkpt>
   <trkpt lat="45.7687190" lon="4.8406390">
    <ele>168.0</ele>
    <time>2025-04-08T08:27:21Z</time>
   </trkpt>
   <trkpt lat="45.7686780" lon="4.8406440">
    <ele>167.9</ele>
    <time>2025-04-08T08:27:22Z</time>
   </trkpt>
   <trkpt lat="45.7686630" lon="4.8406440">
    <ele>167.9</ele>
    <time>2025-04-08T08:27:23Z</time>
   </trkpt>
   <trkpt lat="45.7686180" lon="4.8406420">
    <ele>167.8</ele>
    <time>2025-04-08T08:27:24Z</time>
   </trkpt>
   <trkpt lat="45.7685980" lon="4.8406410">
    <ele>167.8</ele>
    <time>2025-04-08T08:27:25Z</time>
   </trkpt>
   <trkpt lat="45.7685520" lon="4.8406490">
    <ele>167.8</ele>
    <time>2025-04-08T08:27:26Z</time>
   </trkpt>
   <trkpt lat="45.7685100" lon="4.8406540">
    <ele>167.8</ele>
    <time>2025-04-08T08:27:27Z</time>
   </trkpt>
   <trkpt lat="45.7684940" lon="4.8406540">
    <ele>167.8</ele>
    <time>2025-04-08T08:27:28Z</time>
   </trkpt>
   <trkpt lat="45.7684670" lon="4.8406580">
    <ele>167.8</ele>
    <time>2025-04-08T08:27:29Z</time>
   </trkpt>
   <trkpt lat="45.7684240" lon="4.8406650">
    <ele>167.8</ele>
    <time>2025-04-08T08:27:30Z</time>
   </trkpt>
   <trkpt lat="45.7683840" lon="4.8406650">
    <ele>167.8</ele>
    <time>2025-04-08T08:27:31Z</time>
   </trkpt>
   <trkpt lat="45.7683500" lon="4.8406680">
    <ele>167.8</ele>
    <time>2025-04-08T08:27:32Z</time>
   </trkpt>
   <trkpt lat="45.7683170" lon="4.8406730">
    <ele>167.8</ele>
    <time>2025-04-08T08:27:33Z</time>
   </trkpt>
   <trkpt lat="45.7682850" lon="4.8406720">
    <ele>167.8</ele>
    <time>2025-04-08T08:27:34Z</time>
   </trkpt>
   <trkpt lat="45.7682450" lon="4.8406750">
    <ele>167.8</ele>
    <time>2025-04-08T08:27:35Z</time>
   </trkpt>
   <trkpt lat="45.7682070" lon="4.8406840">
    <ele>167.8</ele>
    <time>2025-04-08T08:27:36Z</time>
   </trkpt>
   <trkpt lat="45.7681780" lon="4.8406840">
    <ele>167.8</ele>
    <time>2025-04-08T08:27:37Z</time>
   </trkpt>
   <trkpt lat="45.7681440" lon="4.8406830">
    <ele>167.8</ele>
    <time>2025-04-08T08:27:38Z</time>
   </trkpt>
   <trkpt lat="45.7681120" lon="4.8406810">
    <ele>167.8</ele>
    <time>2025-04-08T08:27:39Z</time>
   </trkpt>
   <trkpt lat="45.7680820" lon="4.8406830">
    <ele>167.8</ele>
    <time>2025-04-08T08:27:40Z</time>
   </trkpt>
   <trkpt lat="45.7680480" lon="4.8406830">
    <ele>167.8</ele>
    <time>2025-04-08T08:27:41Z</time>
   </trkpt>
   <trkpt lat="45.7680170" lon="4.8406890">
    <ele>167.8</ele>
    <time>2025-04-08T08:27:42Z</time>
   </trkpt>
   <trkpt lat="45.7679820" lon="4.8406920">
    <ele>167.8</ele>
    <time>2025-04-08T08:27:43Z</time>
   </trkpt>
   <trkpt lat="45.7679420" lon="4.8406910">
    <ele>167.8</ele>
    <time>2025-04-08T08:27:44Z</time>
   </trkpt>
   <trkpt lat="45.7679080" lon="4.8406900">
    <ele>167.8</ele>
    <time>2025-04-08T08:27:45Z</time>
   </trkpt>
   <trkpt lat="45.7678650" lon="4.8406860">
    <ele>167.7</ele>
    <time>2025-04-08T08:27:46Z</time>
   </trkpt>
   <trkpt lat="45.7678480" lon="4.8406850">
    <ele>167.7</ele>
    <time>2025-04-08T08:27:47Z</time>
   </trkpt>
   <trkpt lat="45.7678090" lon="4.8406910">
    <ele>167.7</ele>
    <time>2025-04-08T08:27:48Z</time>
   </trkpt>
   <trkpt lat="45.7677720" lon="4.8406910">
    <ele>167.7</ele>
    <time>2025-04-08T08:27:49Z</time>
   </trkpt>
   <trkpt lat="45.7677370" lon="4.8406950">
    <ele>167.7</ele>
    <time>2025-04-08T08:27:50Z</time>
   </trkpt>
   <trkpt lat="45.7677050" lon="4.8406940">
    <ele>167.7</ele>
    <time>2025-04-08T08:27:51Z</time>
   </trkpt>
   <trkpt lat="45.7676710" lon="4.8407000">
    <ele>167.7</ele>
    <time>2025-04-08T08:27:52Z</time>
   </trkpt>
   <trkpt lat="45.7676370" lon="4.8407020">
    <ele>167.6</ele>
    <time>2025-04-08T08:27:53Z</time>
   </trkpt>
   <trkpt lat="45.7676040" lon="4.8407020">
    <ele>167.6</ele>
    <time>2025-04-08T08:27:54Z</time>
   </trkpt>
   <trkpt lat="45.7675740" lon="4.8407080">
    <ele>167.6</ele>
    <time>2025-04-08T08:27:55Z</time>
   </trkpt>
   <trkpt lat="45.7675390" lon="4.8407060">
    <ele>167.6</ele>
    <time>2025-04-08T08:27:56Z</time>
   </trkpt>
   <trkpt lat="45.7675060" lon="4.8407140">
    <ele>167.6</ele>
    <time>2025-04-08T08:27:57Z</time>
   </trkpt>
   <trkpt lat="45.7674740" lon="4.8407080">
    <ele>167.6</ele>
    <time>2025-04-08T08:27:58Z</time>
   </trkpt>
   <trkpt lat="45.7674470" lon="4.8407140">
    <ele>167.6</ele>
    <time>2025-04-08T08:27:59Z</time>
   </trkpt>
   <trkpt lat="45.7674120" lon="4.8407250">
    <ele>167.6</ele>
    <time>2025-04-08T08:28:00Z</time>
   </trkpt>
   <trkpt lat="45.7673780" lon="4.8407300">
    <ele>167.6</ele>
    <time>2025-04-08T08:28:01Z</time>
   </trkpt>
   <trkpt lat="45.7673460" lon="4.8407310">
    <ele>167.5</ele>
    <time>2025-04-08T08:28:02Z</time>
   </trkpt>
   <trkpt lat="45.7673040" lon="4.8407340">
    <ele>167.5</ele>
    <time>2025-04-08T08:28:03Z</time>
   </trkpt>
   <trkpt lat="45.7672710" lon="4.8407390">
    <ele>167.5</ele>
    <time>2025-04-08T08:28:04Z</time>
   </trkpt>
   <trkpt lat="45.7672390" lon="4.8407440">
    <ele>167.5</ele>
    <time>2025-04-08T08:28:05Z</time>
   </trkpt>
   <trkpt lat="45.7672020" lon="4.8407530">
    <ele>167.5</ele>
    <time>2025-04-08T08:28:06Z</time>
   </trkpt>
   <trkpt lat="45.7671690" lon="4.8407600">
    <ele>167.5</ele>
    <time>2025-04-08T08:28:07Z</time>
   </trkpt>
   <trkpt lat="45.7671330" lon="4.8407660">
    <ele>167.5</ele>
    <time>2025-04-08T08:28:08Z</time>
   </trkpt>
   <trkpt lat="45.7670970" lon="4.8407710">
    <ele>167.5</ele>
    <time>2025-04-08T08:28:09Z</time>
   </trkpt>
   <trkpt lat="45.7670640" lon="4.8407770">
    <ele>167.5</ele>
    <time>2025-04-08T08:28:10Z</time>
   </trkpt>
   <trkpt lat="45.7670360" lon="4.8407810">
    <ele>167.5</ele>
    <time>2025-04-08T08:28:11Z</time>
   </trkpt>
   <trkpt lat="45.7670040" lon="4.8407930">
    <ele>167.5</ele>
    <time>2025-04-08T08:28:12Z</time>
   </trkpt>
   <trkpt lat="45.7669670" lon="4.8407970">
    <ele>167.5</ele>
    <time>2025-04-08T08:28:13Z</time>
   </trkpt>
   <trkpt lat="45.7669320" lon="4.8407970">
    <ele>167.4</ele>
    <time>2025-04-08T08:28:14Z</time>
   </trkpt>
   <trkpt lat="45.7668950" lon="4.8408030">
    <ele>167.4</ele>
    <time>2025-04-08T08:28:15Z</time>
   </trkpt>
   <trkpt lat="45.7668620" lon="4.8408060">
    <ele>167.4</ele>
    <time>2025-04-08T08:28:16Z</time>
   </trkpt>
   <trkpt lat="45.7668300" lon="4.8408090">
    <ele>167.4</ele>
    <time>2025-04-08T08:28:17Z</time>
   </trkpt>
   <trkpt lat="45.7667970" lon="4.8408160">
    <ele>167.4</ele>
    <time>2025-04-08T08:28:18Z</time>
   </trkpt>
   <trkpt lat="45.7667630" lon="4.8408180">
    <ele>167.4</ele>
    <time>2025-04-08T08:28:19Z</time>
   </trkpt>
   <trkpt lat="45.7667340" lon="4.8408240">
    <ele>167.4</ele>
    <time>2025-04-08T08:28:20Z</time>
   </trkpt>
   <trkpt lat="45.7666990" lon="4.8408280">
    <ele>167.4</ele>
    <time>2025-04-08T08:28:21Z</time>
   </trkpt>
   <trkpt lat="45.7666650" lon="4.8408320">
    <ele>167.4</ele>
    <time>2025-04-08T08:28:22Z</time>
   </trkpt>
   <trkpt lat="45.7666320" lon="4.8408320">
    <ele>167.4</ele>
    <time>2025-04-08T08:28:23Z</time>
   </trkpt>
   <trkpt lat="45.7666000" lon="4.8408410">
    <ele>167.4</ele>
    <time>2025-04-08T08:28:24Z</time>
   </trkpt>
   <trkpt lat="45.7665590" lon="4.8408500">
    <ele>167.4</ele>
    <time>2025-04-08T08:28:25Z</time>
   </trkpt>
   <trkpt lat="45.7665440" lon="4.8408510">
    <ele>167.4</ele>
    <time>2025-04-08T08:28:26Z</time>
   </trkpt>
   <trkpt lat="45.7665110" lon="4.8408540">
    <ele>167.3</ele>
    <time>2025-04-08T08:28:27Z</time>
   </trkpt>
   <trkpt lat="45.7664800" lon="4.8408630">
    <ele>167.3</ele>
    <time>2025-04-08T08:28:28Z</time>
   </trkpt>
   <trkpt lat="45.7664480" lon="4.8408650">
    <ele>167.3</ele>
    <time>2025-04-08T08:28:29Z</time>
   </trkpt>
   <trkpt lat="45.7664190" lon="4.8408690">
    <ele>167.3</ele>
    <time>2025-04-08T08:28:30Z</time>
   </trkpt>
   <trkpt lat="45.7663900" lon="4.8408720">
    <ele>167.3</ele>
    <time>2025-04-08T08:28:31Z</time>
   </trkpt>
   <trkpt lat="45.7663610" lon="4.8408760">
    <ele>167.3</ele>
    <time>2025-04-08T08:28:32Z</time>
   </trkpt>
   <trkpt lat="45.7663280" lon="4.8408770">
    <ele>167.3</ele>
    <time>2025-04-08T08:28:33Z</time>
   </trkpt>
   <trkpt lat="45.7662970" lon="4.8408850">
    <ele>167.3</ele>
    <time>2025-04-08T08:28:34Z</time>
   </trkpt>
   <trkpt lat="45.7662690" lon="4.8408880">
    <ele>167.3</ele>
    <time>2025-04-08T08:28:35Z</time>
   </trkpt>
   <trkpt lat="45.7662380" lon="4.8408920">
    <ele>167.3</ele>
    <time>2025-04-08T08:28:36Z</time>
   </trkpt>
   <trkpt lat="45.7662100" lon="4.8408950">
    <ele>167.3</ele>
    <time>2025-04-08T08:28:37Z</time>
   </trkpt>
   <trkpt lat="45.7661780" lon="4.8409000">
    <ele>167.3</ele>
    <time>2025-04-08T08:28:38Z</time>
   </trkpt>
   <trkpt lat="45.7661460" lon="4.8409060">
    <ele>167.3</ele>
    <time>2025-04-08T08:28:39Z</time>
   </trkpt>
   <trkpt lat="45.7661180" lon="4.8409080">
    <ele>167.3</ele>
    <time>2025-04-08T08:28:40Z</time>
   </trkpt>
   <trkpt lat="45.7660870" lon="4.8409130">
    <ele>167.3</ele>
    <time>2025-04-08T08:28:41Z</time>
   </trkpt>
   <trkpt lat="45.7660600" lon="4.8409140">
    <ele>167.3</ele>
    <time>2025-04-08T08:28:42Z</time>
   </trkpt>
   <trkpt lat="45.7660240" lon="4.8409240">
    <ele>167.3</ele>
    <time>2025-04-08T08:28:43Z</time>
   </trkpt>
   <trkpt lat="45.7660090" lon="4.8409240">
    <ele>167.3</ele>
    <time>2025-04-08T08:28:44Z</time>
   </trkpt>
   <trkpt lat="45.7659780" lon="4.8409340">
    <ele>167.3</ele>
    <time>2025-04-08T08:28:45Z</time>
   </trkpt>
   <trkpt lat="45.7659480" lon="4.8409370">
    <ele>167.3</ele>
    <time>2025-04-08T08:28:46Z</time>
   </trkpt>
   <trkpt lat="45.7659180" lon="4.8409400">
    <ele>167.3</ele>
    <time>2025-04-08T08:28:47Z</time>
   </trkpt>
   <trkpt lat="45.7658870" lon="4.8409490">
    <ele>167.3</ele>
    <time>2025-04-08T08:28:48Z</time>
   </trkpt>
   <trkpt lat="45.7658480" lon="4.8409570">
    <ele>167.3</ele>
    <time>2025-04-08T08:28:49Z</time>
   </trkpt>
   <trkpt lat="45.7658160" lon="4.8409580">
    <ele>167.3</ele>
    <time>2025-04-08T08:28:50Z</time>
   </trkpt>
   <trkpt lat="45.7657840" lon="4.8409640">
    <ele>167.3</ele>
    <time>2025-04-08T08:28:51Z</time>
   </trkpt>
   <trkpt lat="45.7657490" lon="4.8409690">
    <ele>167.3</ele>
    <time>2025-04-08T08:28:52Z</time>
   </trkpt>
   <trkpt lat="45.7657150" lon="4.8409690">
    <ele>167.3</ele>
    <time>2025-04-08T08:28:53Z</time>
   </trkpt>
   <trkpt lat="45.7656770" lon="4.8409750">
    <ele>167.3</ele>
    <time>2025-04-08T08:28:54Z</time>
   </trkpt>
   <trkpt lat="45.7656630" lon="4.8409760">
    <ele>167.3</ele>
    <time>2025-04-08T08:28:55Z</time>
   </trkpt>
   <trkpt lat="45.7656210" lon="4.8409840">
    <ele>167.3</ele>
    <time>2025-04-08T08:28:56Z</time>
   </trkpt>
   <trkpt lat="45.7656050" lon="4.8409820">
    <ele>167.3</ele>
    <time>2025-04-08T08:28:57Z</time>
   </trkpt>
   <trkpt lat="45.7655710" lon="4.8409770">
    <ele>167.3</ele>
    <time>2025-04-08T08:28:58Z</time>
   </trkpt>
   <trkpt lat="45.7655380" lon="4.8409750">
    <ele>167.3</ele>
    <time>2025-04-08T08:28:59Z</time>
   </trkpt>
   <trkpt lat="45.7655100" lon="4.8409780">
    <ele>167.3</ele>
    <time>2025-04-08T08:29:00Z</time>
   </trkpt>
   <trkpt lat="45.7654740" lon="4.8409800">
    <ele>167.3</ele>
    <time>2025-04-08T08:29:01Z</time>
   </trkpt>
   <trkpt lat="45.7654410" lon="4.8409780">
    <ele>167.3</ele>
    <time>2025-04-08T08:29:02Z</time>
   </trkpt>
   <trkpt lat="45.7654070" lon="4.8409790">
    <ele>167.3</ele>
    <time>2025-04-08T08:29:03Z</time>
   </trkpt>
   <trkpt lat="45.7653780" lon="4.8409780">
    <ele>167.3</ele>
    <time>2025-04-08T08:29:04Z</time>
   </trkpt>
   <trkpt lat="45.7653490" lon="4.8409810">
    <ele>167.3</ele>
    <time>2025-04-08T08:29:05Z</time>
   </trkpt>
   <trkpt lat="45.7653200" lon="4.8409800">
    <ele>167.3</ele>
    <time>2025-04-08T08:29:06Z</time>
   </trkpt>
   <trkpt lat="45.7652890" lon="4.8409800">
    <ele>167.3</ele>
    <time>2025-04-08T08:29:07Z</time>
   </trkpt>
   <trkpt lat="45.7652610" lon="4.8409820">
    <ele>167.3</ele>
    <time>2025-04-08T08:29:08Z</time>
   </trkpt>
   <trkpt lat="45.7652250" lon="4.8409780">
    <ele>167.3</ele>
    <time>2025-04-08T08:29:09Z</time>
   </trkpt>
   <trkpt lat="45.7651830" lon="4.8409750">
    <ele>167.3</ele>
    <time>2025-04-08T08:29:10Z</time>
   </trkpt>
   <trkpt lat="45.7651660" lon="4.8409750">
    <ele>167.3</ele>
    <time>2025-04-08T08:29:11Z</time>
   </trkpt>
   <trkpt lat="45.7651330" lon="4.8409700">
    <ele>167.3</ele>
    <time>2025-04-08T08:29:12Z</time>
   </trkpt>
   <trkpt lat="45.7650880" lon="4.8409680">
    <ele>167.3</ele>
    <time>2025-04-08T08:29:13Z</time>
   </trkpt>
   <trkpt lat="45.7650700" lon="4.8409670">
    <ele>167.3</ele>
    <time>2025-04-08T08:29:14Z</time>
   </trkpt>
   <trkpt lat="45.7650370" lon="4.8409730">
    <ele>167.3</ele>
    <time>2025-04-08T08:29:15Z</time>
   </trkpt>
   <trkpt lat="45.7650050" lon="4.8409890">
    <ele>167.3</ele>
    <time>2025-04-08T08:29:16Z</time>
   </trkpt>
   <trkpt lat="45.7649730" lon="4.8409960">
    <ele>167.3</ele>
    <time>2025-04-08T08:29:17Z</time>
   </trkpt>
   <trkpt lat="45.7649390" lon="4.8409830">
    <ele>167.2</ele>
    <time>2025-04-08T08:29:18Z</time>
   </trkpt>
   <trkpt lat="45.7649030" lon="4.8409810">
    <ele>167.2</ele>
    <time>2025-04-08T08:29:19Z</time>
   </trkpt>
   <trkpt lat="45.7648680" lon="4.8409790">
    <ele>167.2</ele>
    <time>2025-04-08T08:29:20Z</time>
   </trkpt>
   <trkpt lat="45.7648340" lon="4.8409780">
    <ele>167.2</ele>
    <time>2025-04-08T08:29:21Z</time>
   </trkpt>
   <trkpt lat="45.7648040" lon="4.8409720">
    <ele>167.2</ele>
    <time>2025-04-08T08:29:22Z</time>
   </trkpt>
   <trkpt lat="45.7647670" lon="4.8409750">
    <ele>167.2</ele>
    <time>2025-04-08T08:29:23Z</time>
   </trkpt>
   <trkpt lat="45.7647340" lon="4.8409710">
    <ele>167.2</ele>
    <time>2025-04-08T08:29:24Z</time>
   </trkpt>
   <trkpt lat="45.7646970" lon="4.8409700">
    <ele>167.2</ele>
    <time>2025-04-08T08:29:25Z</time>
   </trkpt>
   <trkpt lat="45.7646540" lon="4.8409700">
    <ele>167.2</ele>
    <time>2025-04-08T08:29:26Z</time>
   </trkpt>
   <trkpt lat="45.7646370" lon="4.8409730">
    <ele>167.2</ele>
    <time>2025-04-08T08:29:27Z</time>
   </trkpt>
   <trkpt lat="45.7646030" lon="4.8409710">
    <ele>167.2</ele>
    <time>2025-04-08T08:29:28Z</time>
   </trkpt>
   <trkpt lat="45.7645660" lon="4.8409670">
    <ele>167.2</ele>
    <time>2025-04-08T08:29:29Z</time>
   </trkpt>
   <trkpt lat="45.7645340" lon="4.8409640">
    <ele>167.1</ele>
    <time>2025-04-08T08:29:30Z</time>
   </trkpt>
   <trkpt lat="45.7645010" lon="4.8409590">
    <ele>167.1</ele>
    <time>2025-04-08T08:29:31Z</time>
   </trkpt>
   <trkpt lat="45.7644680" lon="4.8409610">
    <ele>167.1</ele>
    <time>2025-04-08T08:29:32Z</time>
   </trkpt>
   <trkpt lat="45.7644330" lon="4.8409580">
    <ele>167.1</ele>
    <time>2025-04-08T08:29:33Z</time>
   </trkpt>
   <trkpt lat="45.7644030" lon="4.8409560">
    <ele>167.1</ele>
    <time>2025-04-08T08:29:34Z</time>
   </trkpt>
   <trkpt lat="45.7643710" lon="4.8409520">
    <ele>167.1</ele>
    <time>2025-04-08T08:29:35Z</time>
   </trkpt>
   <trkpt lat="45.7643370" lon="4.8409570">
    <ele>167.1</ele>
    <time>2025-04-08T08:29:36Z</time>
   </trkpt>
   <trkpt lat="45.7643020" lon="4.8409590">
    <ele>167.1</ele>
    <time>2025-04-08T08:29:37Z</time>
   </trkpt>
   <trkpt lat="45.7642690" lon="4.8409590">
    <ele>167.1</ele>
    <time>2025-04-08T08:29:38Z</time>
   </trkpt>
   <trkpt lat="45.7642400" lon="4.8409510">
    <ele>167.1</ele>
    <time>2025-04-08T08:29:39Z</time>
   </trkpt>
   <trkpt lat="45.7642090" lon="4.8409290">
    <ele>167.1</ele>
    <time>2025-04-08T08:29:40Z</time>
   </trkpt>
   <trkpt lat="45.7641790" lon="4.8409270">
    <ele>167.1</ele>
    <time>2025-04-08T08:29:41Z</time>
   </trkpt>
   <trkpt lat="45.7641440" lon="4.8409280">
    <ele>167.1</ele>
    <time>2025-04-08T08:29:42Z</time>
   </trkpt>
   <trkpt lat="45.7641100" lon="4.8409320">
    <ele>167.1</ele>
    <time>2025-04-08T08:29:43Z</time>
   </trkpt>
   <trkpt lat="45.7640770" lon="4.8409260">
    <ele>167.0</ele>
    <time>2025-04-08T08:29:44Z</time>
   </trkpt>
   <trkpt lat="45.7640330" lon="4.8409240">
    <ele>167.0</ele>
    <time>2025-04-08T08:29:45Z</time>
   </trkpt>
   <trkpt lat="45.7640150" lon="4.8409230">
    <ele>167.0</ele>
    <time>2025-04-08T08:29:46Z</time>
   </trkpt>
   <trkpt lat="45.7639820" lon="4.8409160">
    <ele>167.0</ele>
    <time>2025-04-08T08:29:47Z</time>
   </trkpt>
   <trkpt lat="45.7639510" lon="4.8409080">
    <ele>167.0</ele>
    <time>2025-04-08T08:29:48Z</time>
   </trkpt>
   <trkpt lat="45.7639160" lon="4.8409090">
    <ele>167.0</ele>
    <time>2025-04-08T08:29:49Z</time>
   </trkpt>
   <trkpt lat="45.7638820" lon="4.8409100">
    <ele>167.0</ele>
    <time>2025-04-08T08:29:50Z</time>
   </trkpt>
   <trkpt lat="45.7638470" lon="4.8409100">
    <ele>166.9</ele>
    <time>2025-04-08T08:29:51Z</time>
   </trkpt>
   <trkpt lat="45.7638100" lon="4.8409060">
    <ele>166.9</ele>
    <time>2025-04-08T08:29:52Z</time>
   </trkpt>
   <trkpt lat="45.7637760" lon="4.8409030">
    <ele>166.9</ele>
    <time>2025-04-08T08:29:53Z</time>
   </trkpt>
   <trkpt lat="45.7637430" lon="4.8408980">
    <ele>166.9</ele>
    <time>2025-04-08T08:29:54Z</time>
   </trkpt>
   <trkpt lat="45.7637070" lon="4.8408920">
    <ele>166.8</ele>
    <time>2025-04-08T08:29:55Z</time>
   </trkpt>
   <trkpt lat="45.7636740" lon="4.8408840">
    <ele>166.8</ele>
    <time>2025-04-08T08:29:56Z</time>
   </trkpt>
   <trkpt lat="45.7636410" lon="4.8408820">
    <ele>166.8</ele>
    <time>2025-04-08T08:29:57Z</time>
   </trkpt>
   <trkpt lat="45.7636080" lon="4.8408680">
    <ele>166.8</ele>
    <time>2025-04-08T08:29:58Z</time>
   </trkpt>
   <trkpt lat="45.7635940" lon="4.8408640">
    <ele>166.8</ele>
    <time>2025-04-08T08:29:59Z</time>
   </trkpt>
   <trkpt lat="45.7635660" lon="4.8408420">
    <ele>166.8</ele>
    <time>2025-04-08T08:30:00Z</time>
   </trkpt>
   <trkpt lat="45.7635320" lon="4.8408240">
    <ele>166.8</ele>
    <time>2025-04-08T08:30:01Z</time>
   </trkpt>
   <trkpt lat="45.7634920" lon="4.8408260">
    <ele>166.8</ele>
    <time>2025-04-08T08:30:02Z</time>
   </trkpt>
   <trkpt lat="45.7634610" lon="4.8407920">
    <ele>166.8</ele>
    <time>2025-04-08T08:30:03Z</time>
   </trkpt>
   <trkpt lat="45.7634160" lon="4.8408320">
    <ele>166.8</ele>
    <time>2025-04-08T08:30:04Z</time>
   </trkpt>
   <trkpt lat="45.7633760" lon="4.8408610">
    <ele>166.9</ele>
    <time>2025-04-08T08:30:05Z</time>
   </trkpt>
   <trkpt lat="45.7633480" lon="4.8408470">
    <ele>166.9</ele>
    <time>2025-04-08T08:30:06Z</time>
   </trkpt>
   <trkpt lat="45.7633160" lon="4.8408420">
    <ele>166.9</ele>
    <time>2025-04-08T08:30:07Z</time>
   </trkpt>
   <trkpt lat="45.7632890" lon="4.8408380">
    <ele>166.9</ele>
    <time>2025-04-08T08:30:08Z</time>
   </trkpt>
   <trkpt lat="45.7632570" lon="4.8408350">
    <ele>166.9</ele>
    <time>2025-04-08T08:30:09Z</time>
   </trkpt>
   <trkpt lat="45.7632240" lon="4.8408340">
    <ele>166.9</ele>
    <time>2025-04-08T08:30:10Z</time>
   </trkpt>
   <trkpt lat="45.7631970" lon="4.8408310">
    <ele>166.9</ele>
    <time>2025-04-08T08:30:11Z</time>
   </trkpt>
   <trkpt lat="45.7631680" lon="4.8408210">
    <ele>166.9</ele>
    <time>2025-04-08T08:30:12Z</time>
   </trkpt>
   <trkpt lat="45.7631280" lon="4.8408220">
    <ele>167.0</ele>
    <time>2025-04-08T08:30:13Z</time>
   </trkpt>
   <trkpt lat="45.7631130" lon="4.8408170">
    <ele>167.0</ele>
    <time>2025-04-08T08:30:14Z</time>
   </trkpt>
   <trkpt lat="45.7630810" lon="4.8408160">
    <ele>167.0</ele>
    <time>2025-04-08T08:30:15Z</time>
   </trkpt>
   <trkpt lat="45.7630480" lon="4.8408160">
    <ele>167.0</ele>
    <time>2025-04-08T08:30:16Z</time>
   </trkpt>
   <trkpt lat="45.7630140" lon="4.8408170">
    <ele>167.0</ele>
    <time>2025-04-08T08:30:17Z</time>
   </trkpt>
   <trkpt lat="45.7629810" lon="4.8408130">
    <ele>167.0</ele>
    <time>2025-04-08T08:30:18Z</time>
   </trkpt>
   <trkpt lat="45.7629470" lon="4.8408130">
    <ele>167.0</ele>
    <time>2025-04-08T08:30:19Z</time>
   </trkpt>
   <trkpt lat="45.7629080" lon="4.8408100">
    <ele>167.0</ele>
    <time>2025-04-08T08:30:20Z</time>
   </trkpt>
   <trkpt lat="45.7628710" lon="4.8408090">
    <ele>167.0</ele>
    <time>2025-04-08T08:30:21Z</time>
   </trkpt>
   <trkpt lat="45.7628320" lon="4.8408090">
    <ele>167.0</ele>
    <time>2025-04-08T08:30:22Z</time>
   </trkpt>
   <trkpt lat="45.7628030" lon="4.8408130">
    <ele>167.0</ele>
    <time>2025-04-08T08:30:23Z</time>
   </trkpt>
   <trkpt lat="45.7627700" lon="4.8408110">
    <ele>167.0</ele>
    <time>2025-04-08T08:30:24Z</time>
   </trkpt>
   <trkpt lat="45.7627400" lon="4.8408100">
    <ele>167.0</ele>
    <time>2025-04-08T08:30:25Z</time>
   </trkpt>
   <trkpt lat="45.7627200" lon="4.8407650">
    <ele>167.0</ele>
    <time>2025-04-08T08:30:26Z</time>
   </trkpt>
   <trkpt lat="45.7626820" lon="4.8407600">
    <ele>167.0</ele>
    <time>2025-04-08T08:30:27Z</time>
   </trkpt>
   <trkpt lat="45.7626420" lon="4.8407610">
    <ele>167.0</ele>
    <time>2025-04-08T08:30:28Z</time>
   </trkpt>
   <trkpt lat="45.7626080" lon="4.8407560">
    <ele>167.0</ele>
    <time>2025-04-08T08:30:29Z</time>
   </trkpt>
   <trkpt lat="45.7625710" lon="4.8407480">
    <ele>167.0</ele>
    <time>2025-04-08T08:30:30Z</time>
   </trkpt>
   <trkpt lat="45.7625340" lon="4.8407450">
    <ele>167.0</ele>
    <time>2025-04-08T08:30:31Z</time>
   </trkpt>
   <trkpt lat="45.7624980" lon="4.8407450">
    <ele>167.1</ele>
    <time>2025-04-08T08:30:32Z</time>
   </trkpt>
   <trkpt lat="45.7624640" lon="4.8407470">
    <ele>167.1</ele>
    <time>2025-04-08T08:30:33Z</time>
   </trkpt>
   <trkpt lat="45.7624290" lon="4.8407430">
    <ele>167.1</ele>
    <time>2025-04-08T08:30:34Z</time>
   </trkpt>
   <trkpt lat="45.7623950" lon="4.8407340">
    <ele>167.1</ele>
    <time>2025-04-08T08:30:35Z</time>
   </trkpt>
   <trkpt lat="45.7623600" lon="4.8407270">
    <ele>167.1</ele>
    <time>2025-04-08T08:30:36Z</time>
   </trkpt>
   <trkpt lat="45.7623220" lon="4.8407250">
    <ele>167.1</ele>
    <time>2025-04-08T08:30:37Z</time>
   </trkpt>
   <trkpt lat="45.7622900" lon="4.8407140">
    <ele>167.1</ele>
    <time>2025-04-08T08:30:38Z</time>
   </trkpt>
   <trkpt lat="45.7622580" lon="4.8407110">
    <ele>167.1</ele>
    <time>2025-04-08T08:30:39Z</time>
   </trkpt>
   <trkpt lat="45.7622200" lon="4.8407130">
    <ele>167.0</ele>
    <time>2025-04-08T08:30:40Z</time>
   </trkpt>
   <trkpt lat="45.7621850" lon="4.8407090">
    <ele>167.0</ele>
    <time>2025-04-08T08:30:41Z</time>
   </trkpt>
   <trkpt lat="45.7621480" lon="4.8407050">
    <ele>167.0</ele>
    <time>2025-04-08T08:30:42Z</time>
   </trkpt>
   <trkpt lat="45.7621170" lon="4.8406890">
    <ele>167.0</ele>
    <time>2025-04-08T08:30:43Z</time>
   </trkpt>
   <trkpt lat="45.7620860" lon="4.8406870">
    <ele>167.0</ele>
    <time>2025-04-08T08:30:44Z</time>
   </trkpt>
   <trkpt lat="45.7620490" lon="4.8406840">
    <ele>167.1</ele>
    <time>2025-04-08T08:30:45Z</time>
   </trkpt>
   <trkpt lat="45.7620130" lon="4.8406820">
    <ele>167.1</ele>
    <time>2025-04-08T08:30:46Z</time>
   </trkpt>
   <trkpt lat="45.7619780" lon="4.8406740">
    <ele>167.1</ele>
    <time>2025-04-08T08:30:47Z</time>
   </trkpt>
   <trkpt lat="45.7619410" lon="4.8406720">
    <ele>167.1</ele>
    <time>2025-04-08T08:30:48Z</time>
   </trkpt>
   <trkpt lat="45.7619060" lon="4.8406640">
    <ele>167.1</ele>
    <time>2025-04-08T08:30:49Z</time>
   </trkpt>
   <trkpt lat="45.7618740" lon="4.8406610">
    <ele>167.1</ele>
    <time>2025-04-08T08:30:50Z</time>
   </trkpt>
   <trkpt lat="45.7618400" lon="4.8406560">
    <ele>167.1</ele>
    <time>2025-04-08T08:30:51Z</time>
   </trkpt>
   <trkpt lat="45.7618110" lon="4.8406440">
    <ele>167.1</ele>
    <time>2025-04-08T08:30:52Z</time>
   </trkpt>
   <trkpt lat="45.7617720" lon="4.8406410">
    <ele>167.1</ele>
    <time>2025-04-08T08:30:53Z</time>
   </trkpt>
   <trkpt lat="45.7617370" lon="4.8406380">
    <ele>167.1</ele>
    <time>2025-04-08T08:30:54Z</time>
   </trkpt>
   <trkpt lat="45.7617060" lon="4.8406360">
    <ele>167.1</ele>
    <time>2025-04-08T08:30:55Z</time>
   </trkpt>
   <trkpt lat="45.7616720" lon="4.8406290">
    <ele>167.1</ele>
    <time>2025-04-08T08:30:56Z</time>
   </trkpt>
   <trkpt lat="45.7616370" lon="4.8406200">
    <ele>167.1</ele>
    <time>2025-04-08T08:30:57Z</time>
   </trkpt>
   <trkpt lat="45.7616000" lon="4.8406200">
    <ele>167.1</ele>
    <time>2025-04-08T08:30:58Z</time>
   </trkpt>
   <trkpt lat="45.7615670" lon="4.8406140">
    <ele>167.1</ele>
    <time>2025-04-08T08:30:59Z</time>
   </trkpt>
   <trkpt lat="45.7615340" lon="4.8406060">
    <ele>167.1</ele>
    <time>2025-04-08T08:31:00Z</time>
   </trkpt>
   <trkpt lat="45.7614950" lon="4.8406020">
    <ele>167.1</ele>
    <time>2025-04-08T08:31:01Z</time>
   </trkpt>
   <trkpt lat="45.7614520" lon="4.8405930">
    <ele>167.1</ele>
    <time>2025-04-08T08:31:02Z</time>
   </trkpt>
   <trkpt lat="45.7614340" lon="4.8405930">
    <ele>167.1</ele>
    <time>2025-04-08T08:31:03Z</time>
   </trkpt>
   <trkpt lat="45.7614030" lon="4.8405830">
    <ele>167.1</ele>
    <time>2025-04-08T08:31:04Z</time>
   </trkpt>
   <trkpt lat="45.7613630" lon="4.8405830">
    <ele>167.1</ele>
    <time>2025-04-08T08:31:06Z</time>
   </trkpt>
   <trkpt lat="45.7613340" lon="4.8405820">
    <ele>167.1</ele>
    <time>2025-04-08T08:31:07Z</time>
   </trkpt>
   <trkpt lat="45.7613050" lon="4.8405750">
    <ele>167.1</ele>
    <time>2025-04-08T08:31:08Z</time>
   </trkpt>
   <trkpt lat="45.7612690" lon="4.8405740">
    <ele>167.1</ele>
    <time>2025-04-08T08:31:09Z</time>
   </trkpt>
   <trkpt lat="45.7612370" lon="4.8405670">
    <ele>167.1</ele>
    <time>2025-04-08T08:31:10Z</time>
   </trkpt>
   <trkpt lat="45.7612050" lon="4.8405670">
    <ele>167.1</ele>
    <time>2025-04-08T08:31:11Z</time>
   </trkpt>
   <trkpt lat="45.7611720" lon="4.8405640">
    <ele>167.0</ele>
    <time>2025-04-08T08:31:12Z</time>
   </trkpt>
   <trkpt lat="45.7611360" lon="4.8405630">
    <ele>167.0</ele>
    <time>2025-04-08T08:31:13Z</time>
   </trkpt>
   <trkpt lat="45.7611070" lon="4.8405620">
    <ele>167.0</ele>
    <time>2025-04-08T08:31:14Z</time>
   </trkpt>
   <trkpt lat="45.7610670" lon="4.8405600">
    <ele>167.0</ele>
    <time>2025-04-08T08:31:15Z</time>
   </trkpt>
   <trkpt lat="45.7610340" lon="4.8405540">
    <ele>167.0</ele>
    <time>2025-04-08T08:31:16Z</time>
   </trkpt>
   <trkpt lat="45.7610020" lon="4.8405490">
    <ele>167.0</ele>
    <time>2025-04-08T08:31:17Z</time>
   </trkpt>
   <trkpt lat="45.7609720" lon="4.8405470">
    <ele>167.0</ele>
    <time>2025-04-08T08:31:18Z</time>
   </trkpt>
   <trkpt lat="45.7609420" lon="4.8405390">
    <ele>167.0</ele>
    <time>2025-04-08T08:31:19Z</time>
   </trkpt>
   <trkpt lat="45.7609090" lon="4.8405250">
    <ele>167.0</ele>
    <time>2025-04-08T08:31:20Z</time>
   </trkpt>
   <trkpt lat="45.7608740" lon="4.8405190">
    <ele>167.0</ele>
    <time>2025-04-08T08:31:21Z</time>
   </trkpt>
   <trkpt lat="45.7608440" lon="4.8405150">
    <ele>167.0</ele>
    <time>2025-04-08T08:31:22Z</time>
   </trkpt>
   <trkpt lat="45.7608150" lon="4.8405110">
    <ele>167.0</ele>
    <time>2025-04-08T08:31:23Z</time>
   </trkpt>
   <trkpt lat="45.7607850" lon="4.8405090">
    <ele>167.0</ele>
    <time>2025-04-08T08:31:24Z</time>
   </trkpt>
   <trkpt lat="45.7607570" lon="4.8405020">
    <ele>167.0</ele>
    <time>2025-04-08T08:31:25Z</time>
   </trkpt>
   <trkpt lat="45.7607240" lon="4.8404980">
    <ele>167.0</ele>
    <time>2025-04-08T08:31:26Z</time>
   </trkpt>
   <trkpt lat="45.7606930" lon="4.8404940">
    <ele>167.0</ele>
    <time>2025-04-08T08:31:27Z</time>
   </trkpt>
   <trkpt lat="45.7606640" lon="4.8404850">
    <ele>167.0</ele>
    <time>2025-04-08T08:31:28Z</time>
   </trkpt>
   <trkpt lat="45.7606340" lon="4.8404800">
    <ele>167.0</ele>
    <time>2025-04-08T08:31:29Z</time>
   </trkpt>
   <trkpt lat="45.7606010" lon="4.8404780">
    <ele>167.0</ele>
    <time>2025-04-08T08:31:30Z</time>
   </trkpt>
   <trkpt lat="45.7605690" lon="4.8404750">
    <ele>167.0</ele>
    <time>2025-04-08T08:31:31Z</time>
   </trkpt>
   <trkpt lat="45.7605360" lon="4.8404670">
    <ele>166.9</ele>
    <time>2025-04-08T08:31:32Z</time>
   </trkpt>
   <trkpt lat="45.7604950" lon="4.8404640">
    <ele>166.9</ele>
    <time>2025-04-08T08:31:33Z</time>
   </trkpt>
   <trkpt lat="45.7604790" lon="4.8404610">
    <ele>166.9</ele>
    <time>2025-04-08T08:31:34Z</time>
   </trkpt>
   <trkpt lat="45.7604350" lon="4.8404570">
    <ele>166.9</ele>
    <time>2025-04-08T08:31:35Z</time>
   </trkpt>
   <trkpt lat="45.7604170" lon="4.8404560">
    <ele>166.9</ele>
    <time>2025-04-08T08:31:36Z</time>
   </trkpt>
   <trkpt lat="45.7603860" lon="4.8404490">
    <ele>166.9</ele>
    <time>2025-04-08T08:31:37Z</time>
   </trkpt>
   <trkpt lat="45.7603530" lon="4.8404450">
    <ele>166.8</ele>
    <time>2025-04-08T08:31:38Z</time>
   </trkpt>
   <trkpt lat="45.7603180" lon="4.8404420">
    <ele>166.8</ele>
    <time>2025-04-08T08:31:39Z</time>
   </trkpt>
   <trkpt lat="45.7602840" lon="4.8404370">
    <ele>166.7</ele>
    <time>2025-04-08T08:31:40Z</time>
   </trkpt>
   <trkpt lat="45.7602500" lon="4.8404300">
    <ele>166.7</ele>
    <time>2025-04-08T08:31:41Z</time>
   </trkpt>
   <trkpt lat="45.7602160" lon="4.8404290">
    <ele>166.7</ele>
    <time>2025-04-08T08:31:42Z</time>
   </trkpt>
   <trkpt lat="45.7601860" lon="4.8404170">
    <ele>166.6</ele>
    <time>2025-04-08T08:31:43Z</time>
   </trkpt>
   <trkpt lat="45.7601520" lon="4.8404160">
    <ele>166.6</ele>
    <time>2025-04-08T08:31:44Z</time>
   </trkpt>
   <trkpt lat="45.7601160" lon="4.8404120">
    <ele>166.6</ele>
    <time>2025-04-08T08:31:45Z</time>
   </trkpt>
   <trkpt lat="45.7600820" lon="4.8404100">
    <ele>166.6</ele>
    <time>2025-04-08T08:31:46Z</time>
   </trkpt>
   <trkpt lat="45.7600510" lon="4.8404060">
    <ele>166.6</ele>
    <time>2025-04-08T08:31:47Z</time>
   </trkpt>
   <trkpt lat="45.7600160" lon="4.8403940">
    <ele>166.6</ele>
    <time>2025-04-08T08:31:48Z</time>
   </trkpt>
   <trkpt lat="45.7599850" lon="4.8403860">
    <ele>166.6</ele>
    <time>2025-04-08T08:31:49Z</time>
   </trkpt>
   <trkpt lat="45.7599580" lon="4.8403720">
    <ele>166.6</ele>
    <time>2025-04-08T08:31:50Z</time>
   </trkpt>
   <trkpt lat="45.7599290" lon="4.8403540">
    <ele>166.6</ele>
    <time>2025-04-08T08:31:51Z</time>
   </trkpt>
   <trkpt lat="45.7598930" lon="4.8403650">
    <ele>166.6</ele>
    <time>2025-04-08T08:31:52Z</time>
   </trkpt>
   <trkpt lat="45.7598520" lon="4.8403730">
    <ele>166.7</ele>
    <time>2025-04-08T08:31:53Z</time>
   </trkpt>
   <trkpt lat="45.7598360" lon="4.8403740">
    <ele>166.7</ele>
    <time>2025-04-08T08:31:54Z</time>
   </trkpt>
   <trkpt lat="45.7598010" lon="4.8403670">
    <ele>166.7</ele>
    <time>2025-04-08T08:31:55Z</time>
   </trkpt>
   <trkpt lat="45.7597560" lon="4.8403590">
    <ele>166.7</ele>
    <time>2025-04-08T08:31:56Z</time>
   </trkpt>
   <trkpt lat="45.7597370" lon="4.8403600">
    <ele>166.7</ele>
    <time>2025-04-08T08:31:57Z</time>
   </trkpt>
   <trkpt lat="45.7597010" lon="4.8403580">
    <ele>166.7</ele>
    <time>2025-04-08T08:31:58Z</time>
   </trkpt>
   <trkpt lat="45.7596680" lon="4.8403580">
    <ele>166.7</ele>
    <time>2025-04-08T08:31:59Z</time>
   </trkpt>
   <trkpt lat="45.7596370" lon="4.8403590">
    <ele>166.7</ele>
    <time>2025-04-08T08:32:00Z</time>
   </trkpt>
   <trkpt lat="45.7596030" lon="4.8403570">
    <ele>166.7</ele>
    <time>2025-04-08T08:32:01Z</time>
   </trkpt>
   <trkpt lat="45.7595700" lon="4.8403540">
    <ele>166.7</ele>
    <time>2025-04-08T08:32:02Z</time>
   </trkpt>
   <trkpt lat="45.7595060" lon="4.8403470">
    <ele>166.7</ele>
    <time>2025-04-08T08:32:03Z</time>
   </trkpt>
   <trkpt lat="45.7594770" lon="4.8403460">
    <ele>166.7</ele>
    <time>2025-04-08T08:32:04Z</time>
   </trkpt>
   <trkpt lat="45.7594470" lon="4.8403460">
    <ele>166.8</ele>
    <time>2025-04-08T08:32:05Z</time>
   </trkpt>
   <trkpt lat="45.7594110" lon="4.8403390">
    <ele>166.8</ele>
    <time>2025-04-08T08:32:06Z</time>
   </trkpt>
   <trkpt lat="45.7593810" lon="4.8403340">
    <ele>166.8</ele>
    <time>2025-04-08T08:32:07Z</time>
   </trkpt>
   <trkpt lat="45.7593460" lon="4.8403260">
    <ele>166.8</ele>
    <time>2025-04-08T08:32:08Z</time>
   </trkpt>
   <trkpt lat="45.7593140" lon="4.8403230">
    <ele>166.8</ele>
    <time>2025-04-08T08:32:09Z</time>
   </trkpt>
   <trkpt lat="45.7592800" lon="4.8403190">
    <ele>166.8</ele>
    <time>2025-04-08T08:32:10Z</time>
   </trkpt>
   <trkpt lat="45.7592520" lon="4.8403170">
    <ele>166.8</ele>
    <time>2025-04-08T08:32:11Z</time>
   </trkpt>
   <trkpt lat="45.7592170" lon="4.8403150">
    <ele>166.8</ele>
    <time>2025-04-08T08:32:12Z</time>
   </trkpt>
   <trkpt lat="45.7591820" lon="4.8403080">
    <ele>166.8</ele>
    <time>2025-04-08T08:32:13Z</time>
   </trkpt>
   <trkpt lat="45.7591470" lon="4.8403020">
    <ele>166.7</ele>
    <time>2025-04-08T08:32:14Z</time>
   </trkpt>
   <trkpt lat="45.7591200" lon="4.8402930">
    <ele>166.7</ele>
    <time>2025-04-08T08:32:15Z</time>
   </trkpt>
   <trkpt lat="45.7590890" lon="4.8402900">
    <ele>166.7</ele>
    <time>2025-04-08T08:32:16Z</time>
   </trkpt>
   <trkpt lat="45.7590470" lon="4.8402810">
    <ele>166.7</ele>
    <time>2025-04-08T08:32:17Z</time>
   </trkpt>
   <trkpt lat="45.7590310" lon="4.8402770">
    <ele>166.7</ele>
    <time>2025-04-08T08:32:18Z</time>
   </trkpt>
   <trkpt lat="45.7589960" lon="4.8402760">
    <ele>166.7</ele>
    <time>2025-04-08T08:32:19Z</time>
   </trkpt>
   <trkpt lat="45.7589620" lon="4.8402700">
    <ele>166.7</ele>
    <time>2025-04-08T08:32:20Z</time>
   </trkpt>
   <trkpt lat="45.7589310" lon="4.8402650">
    <ele>166.7</ele>
    <time>2025-04-08T08:32:21Z</time>
   </trkpt>
   <trkpt lat="45.7588970" lon="4.8402650">
    <ele>166.7</ele>
    <time>2025-04-08T08:32:23Z</time>
   </trkpt>
   <trkpt lat="45.7588670" lon="4.8402590">
    <ele>166.7</ele>
    <time>2025-04-08T08:32:24Z</time>
   </trkpt>
   <trkpt lat="45.7588340" lon="4.8402540">
    <ele>166.7</ele>
    <time>2025-04-08T08:32:25Z</time>
   </trkpt>
   <trkpt lat="45.7587990" lon="4.8402430">
    <ele>166.7</ele>
    <time>2025-04-08T08:32:26Z</time>
   </trkpt>
   <trkpt lat="45.7587680" lon="4.8402410">
    <ele>166.7</ele>
    <time>2025-04-08T08:32:27Z</time>
   </trkpt>
   <trkpt lat="45.7587340" lon="4.8402330">
    <ele>166.7</ele>
    <time>2025-04-08T08:32:28Z</time>
   </trkpt>
   <trkpt lat="45.7587060" lon="4.8402270">
    <ele>166.7</ele>
    <time>2025-04-08T08:32:29Z</time>
   </trkpt>
   <trkpt lat="45.7586670" lon="4.8402250">
    <ele>166.7</ele>
    <time>2025-04-08T08:32:30Z</time>
   </trkpt>
   <trkpt lat="45.7586370" lon="4.8402190">
    <ele>166.7</ele>
    <time>2025-04-08T08:32:31Z</time>
   </trkpt>
   <trkpt lat="45.7586020" lon="4.8402160">
    <ele>166.7</ele>
    <time>2025-04-08T08:32:32Z</time>
   </trkpt>
   <trkpt lat="45.7585700" lon="4.8402160">
    <ele>166.7</ele>
    <time>2025-04-08T08:32:33Z</time>
   </trkpt>
   <trkpt lat="45.7585380" lon="4.8402070">
    <ele>166.7</ele>
    <time>2025-04-08T08:32:34Z</time>
   </trkpt>
   <trkpt lat="45.7585070" lon="4.8402090">
    <ele>166.7</ele>
    <time>2025-04-08T08:32:35Z</time>
   </trkpt>
   <trkpt lat="45.7584730" lon="4.8402060">
    <ele>166.7</ele>
    <time>2025-04-08T08:32:36Z</time>
   </trkpt>
   <trkpt lat="45.7584390" lon="4.8402000">
    <ele>166.7</ele>
    <time>2025-04-08T08:32:37Z</time>
   </trkpt>
   <trkpt lat="45.7583990" lon="4.8401870">
    <ele>166.7</ele>
    <time>2025-04-08T08:32:38Z</time>
   </trkpt>
   <trkpt lat="45.7583850" lon="4.8401850">
    <ele>166.7</ele>
    <time>2025-04-08T08:32:39Z</time>
   </trkpt>
   <trkpt lat="45.7583470" lon="4.8401730">
    <ele>166.7</ele>
    <time>2025-04-08T08:32:40Z</time>
   </trkpt>
   <trkpt lat="45.7583180" lon="4.8401590">
    <ele>166.7</ele>
    <time>2025-04-08T08:32:41Z</time>
   </trkpt>
   <trkpt lat="45.7582850" lon="4.8401480">
    <ele>166.6</ele>
    <time>2025-04-08T08:32:42Z</time>
   </trkpt>
   <trkpt lat="45.7582550" lon="4.8401380">
    <ele>166.6</ele>
    <time>2025-04-08T08:32:43Z</time>
   </trkpt>
   <trkpt lat="45.7582200" lon="4.8401360">
    <ele>166.6</ele>
    <time>2025-04-08T08:32:44Z</time>
   </trkpt>
   <trkpt lat="45.7581860" lon="4.8401290">
    <ele>166.6</ele>
    <time>2025-04-08T08:32:45Z</time>
   </trkpt>
   <trkpt lat="45.7581590" lon="4.8401170">
    <ele>166.6</ele>
    <time>2025-04-08T08:32:46Z</time>
   </trkpt>
   <trkpt lat="45.7581280" lon="4.8401070">
    <ele>166.6</ele>
    <time>2025-04-08T08:32:47Z</time>
   </trkpt>
   <trkpt lat="45.7580920" lon="4.8401020">
    <ele>166.5</ele>
    <time>2025-04-08T08:32:48Z</time>
   </trkpt>
   <trkpt lat="45.7580620" lon="4.8400850">
    <ele>166.5</ele>
    <time>2025-04-08T08:32:49Z</time>
   </trkpt>
   <trkpt lat="45.7580300" lon="4.8400760">
    <ele>166.5</ele>
    <time>2025-04-08T08:32:50Z</time>
   </trkpt>
   <trkpt lat="45.7579960" lon="4.8400680">
    <ele>166.5</ele>
    <time>2025-04-08T08:32:51Z</time>
   </trkpt>
   <trkpt lat="45.7579670" lon="4.8400550">
    <ele>166.5</ele>
    <time>2025-04-08T08:32:52Z</time>
   </trkpt>
   <trkpt lat="45.7579320" lon="4.8400450">
    <ele>166.5</ele>
    <time>2025-04-08T08:32:53Z</time>
   </trkpt>
   <trkpt lat="45.7579010" lon="4.8400400">
    <ele>166.5</ele>
    <time>2025-04-08T08:32:54Z</time>
   </trkpt>
   <trkpt lat="45.7578670" lon="4.8400300">
    <ele>166.4</ele>
    <time>2025-04-08T08:32:55Z</time>
   </trkpt>
   <trkpt lat="45.7578360" lon="4.8400230">
    <ele>166.4</ele>
    <time>2025-04-08T08:32:56Z</time>
   </trkpt>
   <trkpt lat="45.7578080" lon="4.8400120">
    <ele>166.4</ele>
    <time>2025-04-08T08:32:57Z</time>
   </trkpt>
   <trkpt lat="45.7577790" lon="4.8400020">
    <ele>166.4</ele>
    <time>2025-04-08T08:32:58Z</time>
   </trkpt>
   <trkpt lat="45.7577480" lon="4.8399910">
    <ele>166.4</ele>
    <time>2025-04-08T08:32:59Z</time>
   </trkpt>
   <trkpt lat="45.7577160" lon="4.8399780">
    <ele>166.4</ele>
    <time>2025-04-08T08:33:00Z</time>
   </trkpt>
   <trkpt lat="45.7576870" lon="4.8399690">
    <ele>166.4</ele>
    <time>2025-04-08T08:33:01Z</time>
   </trkpt>
   <trkpt lat="45.7576520" lon="4.8399580">
    <ele>166.4</ele>
    <time>2025-04-08T08:33:02Z</time>
   </trkpt>
   <trkpt lat="45.7576230" lon="4.8399440">
    <ele>166.3</ele>
    <time>2025-04-08T08:33:03Z</time>
   </trkpt>
   <trkpt lat="45.7575920" lon="4.8399310">
    <ele>166.3</ele>
    <time>2025-04-08T08:33:04Z</time>
   </trkpt>
   <trkpt lat="45.7575590" lon="4.8399180">
    <ele>166.3</ele>
    <time>2025-04-08T08:33:05Z</time>
   </trkpt>
   <trkpt lat="45.7575290" lon="4.8399080">
    <ele>166.3</ele>
    <time>2025-04-08T08:33:06Z</time>
   </trkpt>
   <trkpt lat="45.7574990" lon="4.8398990">
    <ele>166.3</ele>
    <time>2025-04-08T08:33:07Z</time>
   </trkpt>
   <trkpt lat="45.7574700" lon="4.8398850">
    <ele>166.3</ele>
    <time>2025-04-08T08:33:08Z</time>
   </trkpt>
   <trkpt lat="45.7574380" lon="4.8398750">
    <ele>166.3</ele>
    <time>2025-04-08T08:33:09Z</time>
   </trkpt>
   <trkpt lat="45.7574040" lon="4.8398590">
    <ele>166.3</ele>
    <time>2025-04-08T08:33:10Z</time>
   </trkpt>
   <trkpt lat="45.7573750" lon="4.8398460">
    <ele>166.3</ele>
    <time>2025-04-08T08:33:11Z</time>
   </trkpt>
   <trkpt lat="45.7573460" lon="4.8398350">
    <ele>166.3</ele>
    <time>2025-04-08T08:33:12Z</time>
   </trkpt>
   <trkpt lat="45.7573180" lon="4.8398200">
    <ele>166.3</ele>
    <time>2025-04-08T08:33:13Z</time>
   </trkpt>
   <trkpt lat="45.7572860" lon="4.8398090">
    <ele>166.3</ele>
    <time>2025-04-08T08:33:14Z</time>
   </trkpt>
   <trkpt lat="45.7572540" lon="4.8398000">
    <ele>166.3</ele>
    <time>2025-04-08T08:33:15Z</time>
   </trkpt>
   <trkpt lat="45.7572250" lon="4.8397830">
    <ele>166.3</ele>
    <time>2025-04-08T08:33:16Z</time>
   </trkpt>
   <trkpt lat="45.7571950" lon="4.8397690">
    <ele>166.3</ele>
    <time>2025-04-08T08:33:17Z</time>
   </trkpt>
   <trkpt lat="45.7571670" lon="4.8397570">
    <ele>166.2</ele>
    <time>2025-04-08T08:33:18Z</time>
   </trkpt>
   <trkpt lat="45.7571370" lon="4.8397450">
    <ele>166.2</ele>
    <time>2025-04-08T08:33:19Z</time>
   </trkpt>
   <trkpt lat="45.7571070" lon="4.8397300">
    <ele>166.2</ele>
    <time>2025-04-08T08:33:20Z</time>
   </trkpt>
   <trkpt lat="45.7570780" lon="4.8397150">
    <ele>166.2</ele>
    <time>2025-04-08T08:33:21Z</time>
   </trkpt>
   <trkpt lat="45.7570410" lon="4.8397010">
    <ele>166.2</ele>
    <time>2025-04-08T08:33:22Z</time>
   </trkpt>
   <trkpt lat="45.7570250" lon="4.8396950">
    <ele>166.2</ele>
    <time>2025-04-08T08:33:23Z</time>
   </trkpt>
   <trkpt lat="45.7569950" lon="4.8396780">
    <ele>166.2</ele>
    <time>2025-04-08T08:33:24Z</time>
   </trkpt>
   <trkpt lat="45.7569660" lon="4.8396640">
    <ele>166.2</ele>
    <time>2025-04-08T08:33:25Z</time>
   </trkpt>
   <trkpt lat="45.7569350" lon="4.8396480">
    <ele>166.2</ele>
    <time>2025-04-08T08:33:26Z</time>
   </trkpt>
   <trkpt lat="45.7569070" lon="4.8396330">
    <ele>166.2</ele>
    <time>2025-04-08T08:33:27Z</time>
   </trkpt>
   <trkpt lat="45.7568680" lon="4.8396110">
    <ele>166.2</ele>
    <time>2025-04-08T08:33:28Z</time>
   </trkpt>
   <trkpt lat="45.7568540" lon="4.8396030">
    <ele>166.2</ele>
    <time>2025-04-08T08:33:29Z</time>
   </trkpt>
   <trkpt lat="45.7568250" lon="4.8395910">
    <ele>166.2</ele>
    <time>2025-04-08T08:33:30Z</time>
   </trkpt>
   <trkpt lat="45.7567950" lon="4.8395760">
    <ele>166.2</ele>
    <time>2025-04-08T08:33:31Z</time>
   </trkpt>
   <trkpt lat="45.7567660" lon="4.8395610">
    <ele>166.2</ele>
    <time>2025-04-08T08:33:32Z</time>
   </trkpt>
   <trkpt lat="45.7567400" lon="4.8395480">
    <ele>166.2</ele>
    <time>2025-04-08T08:33:33Z</time>
   </trkpt>
   <trkpt lat="45.7567050" lon="4.8395360">
    <ele>166.2</ele>
    <time>2025-04-08T08:33:34Z</time>
   </trkpt>
   <trkpt lat="45.7566750" lon="4.8395220">
    <ele>166.2</ele>
    <time>2025-04-08T08:33:35Z</time>
   </trkpt>
   <trkpt lat="45.7566490" lon="4.8395090">
    <ele>166.2</ele>
    <time>2025-04-08T08:33:36Z</time>
   </trkpt>
   <trkpt lat="45.7566200" lon="4.8394930">
    <ele>166.2</ele>
    <time>2025-04-08T08:33:37Z</time>
   </trkpt>
   <trkpt lat="45.7565890" lon="4.8394780">
    <ele>166.2</ele>
    <time>2025-04-08T08:33:38Z</time>
   </trkpt>
   <trkpt lat="45.7565590" lon="4.8394680">
    <ele>166.2</ele>
    <time>2025-04-08T08:33:39Z</time>
   </trkpt>
   <trkpt lat="45.7565280" lon="4.8394540">
    <ele>166.2</ele>
    <time>2025-04-08T08:33:40Z</time>
   </trkpt>
   <trkpt lat="45.7565090" lon="4.8394400">
    <ele>166.2</ele>
    <time>2025-04-08T08:33:41Z</time>
   </trkpt>
   <trkpt lat="45.7565020" lon="4.8394220">
    <ele>166.2</ele>
    <time>2025-04-08T08:33:42Z</time>
   </trkpt>
   <trkpt lat="45.7564960" lon="4.8394170">
    <ele>166.2</ele>
    <time>2025-04-08T08:33:43Z</time>
   </trkpt>
   <trkpt lat="45.7564840" lon="4.8394080">
    <ele>166.2</ele>
    <time>2025-04-08T08:33:44Z</time>
   </trkpt>
   <trkpt lat="45.7564710" lon="4.8394000">
    <ele>166.2</ele>
    <time>2025-04-08T08:33:45Z</time>
   </trkpt>
   <trkpt lat="45.7564590" lon="4.8393910">
    <ele>166.2</ele>
    <time>2025-04-08T08:33:46Z</time>
   </trkpt>
   <trkpt lat="45.7564470" lon="4.8393820">
    <ele>166.2</ele>
    <time>2025-04-08T08:33:47Z</time>
   </trkpt>
   <trkpt lat="45.7563840" lon="4.8393840">
    <ele>166.1</ele>
    <time>2025-04-08T08:33:48Z</time>
   </trkpt>
   <trkpt lat="45.7563570" lon="4.8393670">
    <ele>166.1</ele>
    <time>2025-04-08T08:33:49Z</time>
   </trkpt>
   <trkpt lat="45.7563340" lon="4.8393460">
    <ele>166.1</ele>
    <time>2025-04-08T08:33:50Z</time>
   </trkpt>
   <trkpt lat="45.7563090" lon="4.8393230">
    <ele>166.1</ele>
    <time>2025-04-08T08:33:51Z</time>
   </trkpt>
   <trkpt lat="45.7562980" lon="4.8393120">
    <ele>166.1</ele>
    <time>2025-04-08T08:33:52Z</time>
   </trkpt>
   <trkpt lat="45.7562710" lon="4.8392940">
    <ele>166.1</ele>
    <time>2025-04-08T08:33:53Z</time>
   </trkpt>
   <trkpt lat="45.7562250" lon="4.8392720">
    <ele>166.1</ele>
    <time>2025-04-08T08:33:54Z</time>
   </trkpt>
   <trkpt lat="45.7561910" lon="4.8392520">
    <ele>166.0</ele>
    <time>2025-04-08T08:33:55Z</time>
   </trkpt>
   <trkpt lat="45.7561540" lon="4.8392310">
    <ele>166.0</ele>
    <time>2025-04-08T08:33:56Z</time>
   </trkpt>
   <trkpt lat="45.7561210" lon="4.8392090">
    <ele>166.0</ele>
    <time>2025-04-08T08:33:57Z</time>
   </trkpt>
   <trkpt lat="45.7560880" lon="4.8391990">
    <ele>166.0</ele>
    <time>2025-04-08T08:33:58Z</time>
   </trkpt>
   <trkpt lat="45.7560560" lon="4.8391880">
    <ele>166.0</ele>
    <time>2025-04-08T08:33:59Z</time>
   </trkpt>
   <trkpt lat="45.7560230" lon="4.8391700">
    <ele>166.0</ele>
    <time>2025-04-08T08:34:00Z</time>
   </trkpt>
   <trkpt lat="45.7559910" lon="4.8391570">
    <ele>166.0</ele>
    <time>2025-04-08T08:34:01Z</time>
   </trkpt>
   <trkpt lat="45.7559620" lon="4.8391410">
    <ele>166.0</ele>
    <time>2025-04-08T08:34:02Z</time>
   </trkpt>
   <trkpt lat="45.7559370" lon="4.8391240">
    <ele>166.0</ele>
    <time>2025-04-08T08:34:03Z</time>
   </trkpt>
   <trkpt lat="45.7559050" lon="4.8391100">
    <ele>166.0</ele>
    <time>2025-04-08T08:34:04Z</time>
   </trkpt>
   <trkpt lat="45.7558760" lon="4.8390940">
    <ele>166.0</ele>
    <time>2025-04-08T08:34:05Z</time>
   </trkpt>
   <trkpt lat="45.7558440" lon="4.8390770">
    <ele>166.0</ele>
    <time>2025-04-08T08:34:06Z</time>
   </trkpt>
   <trkpt lat="45.7558150" lon="4.8390610">
    <ele>165.9</ele>
    <time>2025-04-08T08:34:07Z</time>
   </trkpt>
   <trkpt lat="45.7557870" lon="4.8390430">
    <ele>165.9</ele>
    <time>2025-04-08T08:34:08Z</time>
   </trkpt>
   <trkpt lat="45.7557470" lon="4.8390130">
    <ele>165.9</ele>
    <time>2025-04-08T08:34:09Z</time>
   </trkpt>
   <trkpt lat="45.7557300" lon="4.8390020">
    <ele>165.9</ele>
    <time>2025-04-08T08:34:10Z</time>
   </trkpt>
   <trkpt lat="45.7557030" lon="4.8389880">
    <ele>165.9</ele>
    <time>2025-04-08T08:34:11Z</time>
   </trkpt>
   <trkpt lat="45.7556750" lon="4.8389720">
    <ele>165.9</ele>
    <time>2025-04-08T08:34:12Z</time>
   </trkpt>
   <trkpt lat="45.7556470" lon="4.8389630">
    <ele>165.9</ele>
    <time>2025-04-08T08:34:13Z</time>
   </trkpt>
   <trkpt lat="45.7556190" lon="4.8389460">
    <ele>165.9</ele>
    <time>2025-04-08T08:34:14Z</time>
   </trkpt>
   <trkpt lat="45.7555940" lon="4.8389170">
    <ele>165.9</ele>
    <time>2025-04-08T08:34:15Z</time>
   </trkpt>
   <trkpt lat="45.7555680" lon="4.8388980">
    <ele>165.9</ele>
    <time>2025-04-08T08:34:16Z</time>
   </trkpt>
   <trkpt lat="45.7555410" lon="4.8388750">
    <ele>165.9</ele>
    <time>2025-04-08T08:34:17Z</time>
   </trkpt>
   <trkpt lat="45.7555190" lon="4.8388490">
    <ele>165.9</ele>
    <time>2025-04-08T08:34:18Z</time>
   </trkpt>
   <trkpt lat="45.7554970" lon="4.8388270">
    <ele>165.9</ele>
    <time>2025-04-08T08:34:19Z</time>
   </trkpt>
   <trkpt lat="45.7554690" lon="4.8388030">
    <ele>165.9</ele>
    <time>2025-04-08T08:34:20Z</time>
   </trkpt>
   <trkpt lat="45.7554450" lon="4.8387780">
    <ele>165.9</ele>
    <time>2025-04-08T08:34:21Z</time>
   </trkpt>
   <trkpt lat="45.7554250" lon="4.8387480">
    <ele>165.9</ele>
    <time>2025-04-08T08:34:22Z</time>
   </trkpt>
   <trkpt lat="45.7553920" lon="4.8387310">
    <ele>165.9</ele>
    <time>2025-04-08T08:34:23Z</time>
   </trkpt>
   <trkpt lat="45.7553670" lon="4.8387130">
    <ele>165.9</ele>
    <time>2025-04-08T08:34:24Z</time>
   </trkpt>
   <trkpt lat="45.7553420" lon="4.8386950">
    <ele>165.9</ele>
    <time>2025-04-08T08:34:25Z</time>
   </trkpt>
   <trkpt lat="45.7553100" lon="4.8386780">
    <ele>165.9</ele>
    <time>2025-04-08T08:34:26Z</time>
   </trkpt>
   <trkpt lat="45.7552800" lon="4.8386580">
    <ele>165.9</ele>
    <time>2025-04-08T08:34:27Z</time>
   </trkpt>
   <trkpt lat="45.7552520" lon="4.8386410">
    <ele>165.9</ele>
    <time>2025-04-08T08:34:28Z</time>
   </trkpt>
   <trkpt lat="45.7552240" lon="4.8386260">
    <ele>165.9</ele>
    <time>2025-04-08T08:34:29Z</time>
   </trkpt>
   <trkpt lat="45.7551930" lon="4.8386080">
    <ele>165.9</ele>
    <time>2025-04-08T08:34:30Z</time>
   </trkpt>
   <trkpt lat="45.7551610" lon="4.8385910">
    <ele>165.9</ele>
    <time>2025-04-08T08:34:31Z</time>
   </trkpt>
   <trkpt lat="45.7551340" lon="4.8385710">
    <ele>165.9</ele>
    <time>2025-04-08T08:34:32Z</time>
   </trkpt>
   <trkpt lat="45.7551070" lon="4.8385490">
    <ele>165.9</ele>
    <time>2025-04-08T08:34:33Z</time>
   </trkpt>
   <trkpt lat="45.7550770" lon="4.8385310">
    <ele>165.9</ele>
    <time>2025-04-08T08:34:34Z</time>
   </trkpt>
   <trkpt lat="45.7550500" lon="4.8385100">
    <ele>165.9</ele>
    <time>2025-04-08T08:34:35Z</time>
   </trkpt>
   <trkpt lat="45.7550220" lon="4.8384910">
    <ele>165.9</ele>
    <time>2025-04-08T08:34:36Z</time>
   </trkpt>
   <trkpt lat="45.7549930" lon="4.8384760">
    <ele>165.9</ele>
    <time>2025-04-08T08:34:37Z</time>
   </trkpt>
   <trkpt lat="45.7549640" lon="4.8384610">
    <ele>165.9</ele>
    <time>2025-04-08T08:34:38Z</time>
   </trkpt>
   <trkpt lat="45.7549370" lon="4.8384420">
    <ele>165.9</ele>
    <time>2025-04-08T08:34:39Z</time>
   </trkpt>
   <trkpt lat="45.7549100" lon="4.8384250">
    <ele>165.9</ele>
    <time>2025-04-08T08:34:40Z</time>
   </trkpt>
   <trkpt lat="45.7548840" lon="4.8384050">
    <ele>165.9</ele>
    <time>2025-04-08T08:34:41Z</time>
   </trkpt>
   <trkpt lat="45.7548580" lon="4.8383860">
    <ele>165.9</ele>
    <time>2025-04-08T08:34:42Z</time>
   </trkpt>
   <trkpt lat="45.7548280" lon="4.8383660">
    <ele>165.9</ele>
    <time>2025-04-08T08:34:43Z</time>
   </trkpt>
   <trkpt lat="45.7547990" lon="4.8383470">
    <ele>165.9</ele>
    <time>2025-04-08T08:34:44Z</time>
   </trkpt>
   <trkpt lat="45.7547710" lon="4.8383290">
    <ele>165.9</ele>
    <time>2025-04-08T08:34:45Z</time>
   </trkpt>
   <trkpt lat="45.7547430" lon="4.8383120">
    <ele>165.9</ele>
    <time>2025-04-08T08:34:46Z</time>
   </trkpt>
   <trkpt lat="45.7547140" lon="4.8382890">
    <ele>165.9</ele>
    <time>2025-04-08T08:34:47Z</time>
   </trkpt>
   <trkpt lat="45.7546850" lon="4.8382660">
    <ele>165.9</ele>
    <time>2025-04-08T08:34:48Z</time>
   </trkpt>
   <trkpt lat="45.7546570" lon="4.8382470">
    <ele>165.9</ele>
    <time>2025-04-08T08:34:49Z</time>
   </trkpt>
   <trkpt lat="45.7546280" lon="4.8382270">
    <ele>165.9</ele>
    <time>2025-04-08T08:34:50Z</time>
   </trkpt>
   <trkpt lat="45.7546020" lon="4.8382060">
    <ele>165.9</ele>
    <time>2025-04-08T08:34:51Z</time>
   </trkpt>
   <trkpt lat="45.7545720" lon="4.8381890">
    <ele>165.9</ele>
    <time>2025-04-08T08:34:52Z</time>
   </trkpt>
   <trkpt lat="45.7545420" lon="4.8381710">
    <ele>165.9</ele>
    <time>2025-04-08T08:34:53Z</time>
   </trkpt>
   <trkpt lat="45.7545130" lon="4.8381530">
    <ele>165.9</ele>
    <time>2025-04-08T08:34:54Z</time>
   </trkpt>
   <trkpt lat="45.7544850" lon="4.8381350">
    <ele>165.9</ele>
    <time>2025-04-08T08:34:55Z</time>
   </trkpt>
   <trkpt lat="45.7544570" lon="4.8381130">
    <ele>165.9</ele>
    <time>2025-04-08T08:34:56Z</time>
   </trkpt>
   <trkpt lat="45.7544260" lon="4.8380960">
    <ele>165.9</ele>
    <time>2025-04-08T08:34:57Z</time>
   </trkpt>
   <trkpt lat="45.7543960" lon="4.8380770">
    <ele>165.9</ele>
    <time>2025-04-08T08:34:58Z</time>
   </trkpt>
   <trkpt lat="45.7543680" lon="4.8380620">
    <ele>165.9</ele>
    <time>2025-04-08T08:34:59Z</time>
   </trkpt>
   <trkpt lat="45.7543380" lon="4.8380400">
    <ele>165.9</ele>
    <time>2025-04-08T08:35:00Z</time>
   </trkpt>
   <trkpt lat="45.7543060" lon="4.8380200">
    <ele>165.9</ele>
    <time>2025-04-08T08:35:01Z</time>
   </trkpt>
   <trkpt lat="45.7542760" lon="4.8380030">
    <ele>165.9</ele>
    <time>2025-04-08T08:35:02Z</time>
   </trkpt>
   <trkpt lat="45.7542490" lon="4.8379800">
    <ele>165.9</ele>
    <time>2025-04-08T08:35:03Z</time>
   </trkpt>
   <trkpt lat="45.7542260" lon="4.8379540">
    <ele>165.9</ele>
    <time>2025-04-08T08:35:04Z</time>
   </trkpt>
   <trkpt lat="45.7541970" lon="4.8379330">
    <ele>165.9</ele>
    <time>2025-04-08T08:35:05Z</time>
   </trkpt>
   <trkpt lat="45.7541650" lon="4.8379110">
    <ele>165.9</ele>
    <time>2025-04-08T08:35:06Z</time>
   </trkpt>
   <trkpt lat="45.7541330" lon="4.8378910">
    <ele>165.9</ele>
    <time>2025-04-08T08:35:07Z</time>
   </trkpt>
   <trkpt lat="45.7541070" lon="4.8378670">
    <ele>165.9</ele>
    <time>2025-04-08T08:35:08Z</time>
   </trkpt>
   <trkpt lat="45.7540770" lon="4.8378480">
    <ele>165.9</ele>
    <time>2025-04-08T08:35:09Z</time>
   </trkpt>
   <trkpt lat="45.7540420" lon="4.8378140">
    <ele>165.9</ele>
    <time>2025-04-08T08:35:10Z</time>
   </trkpt>
   <trkpt lat="45.7540250" lon="4.8378040">
    <ele>165.9</ele>
    <time>2025-04-08T08:35:11Z</time>
   </trkpt>
   <trkpt lat="45.7539950" lon="4.8377810">
    <ele>165.9</ele>
    <time>2025-04-08T08:35:12Z</time>
   </trkpt>
   <trkpt lat="45.7539620" lon="4.8377630">
    <ele>165.9</ele>
    <time>2025-04-08T08:35:13Z</time>
   </trkpt>
   <trkpt lat="45.7539360" lon="4.8377430">
    <ele>165.9</ele>
    <time>2025-04-08T08:35:14Z</time>
   </trkpt>
   <trkpt lat="45.7539090" lon="4.8377250">
    <ele>165.9</ele>
    <time>2025-04-08T08:35:15Z</time>
   </trkpt>
   <trkpt lat="45.7538790" lon="4.8377000">
    <ele>165.9</ele>
    <time>2025-04-08T08:35:16Z</time>
   </trkpt>
   <trkpt lat="45.7538490" lon="4.8376760">
    <ele>165.9</ele>
    <time>2025-04-08T08:35:17Z</time>
   </trkpt>
   <trkpt lat="45.7538180" lon="4.8376570">
    <ele>165.9</ele>
    <time>2025-04-08T08:35:18Z</time>
   </trkpt>
   <trkpt lat="45.7537950" lon="4.8376210">
    <ele>165.9</ele>
    <time>2025-04-08T08:35:19Z</time>
   </trkpt>
   <trkpt lat="45.7537640" lon="4.8375870">
    <ele>165.9</ele>
    <time>2025-04-08T08:35:20Z</time>
   </trkpt>
   <trkpt lat="45.7537310" lon="4.8375680">
    <ele>165.9</ele>
    <time>2025-04-08T08:35:21Z</time>
   </trkpt>
   <trkpt lat="45.7536970" lon="4.8375450">
    <ele>165.9</ele>
    <time>2025-04-08T08:35:22Z</time>
   </trkpt>
   <trkpt lat="45.7536630" lon="4.8375200">
    <ele>165.9</ele>
    <time>2025-04-08T08:35:23Z</time>
   </trkpt>
   <trkpt lat="45.7536290" lon="4.8374980">
    <ele>165.9</ele>
    <time>2025-04-08T08:35:24Z</time>
   </trkpt>
   <trkpt lat="45.7535970" lon="4.8374720">
    <ele>166.0</ele>
    <time>2025-04-08T08:35:25Z</time>
   </trkpt>
   <trkpt lat="45.7535680" lon="4.8374490">
    <ele>166.0</ele>
    <time>2025-04-08T08:35:26Z</time>
   </trkpt>
   <trkpt lat="45.7535380" lon="4.8374260">
    <ele>166.0</ele>
    <time>2025-04-08T08:35:27Z</time>
   </trkpt>
   <trkpt lat="45.7535090" lon="4.8374010">
    <ele>166.0</ele>
    <time>2025-04-08T08:35:28Z</time>
   </trkpt>
   <trkpt lat="45.7534810" lon="4.8373760">
    <ele>166.0</ele>
    <time>2025-04-08T08:35:29Z</time>
   </trkpt>
   <trkpt lat="45.7534350" lon="4.8373520">
    <ele>166.0</ele>
    <time>2025-04-08T08:35:30Z</time>
   </trkpt>
   <trkpt lat="45.7534040" lon="4.8373260">
    <ele>166.0</ele>
    <time>2025-04-08T08:35:31Z</time>
   </trkpt>
   <trkpt lat="45.7533760" lon="4.8373020">
    <ele>166.0</ele>
    <time>2025-04-08T08:35:32Z</time>
   </trkpt>
   <trkpt lat="45.7533460" lon="4.8372790">
    <ele>166.0</ele>
    <time>2025-04-08T08:35:33Z</time>
   </trkpt>
   <trkpt lat="45.7533140" lon="4.8372550">
    <ele>165.9</ele>
    <time>2025-04-08T08:35:34Z</time>
   </trkpt>
   <trkpt lat="45.7532850" lon="4.8372280">
    <ele>165.9</ele>
    <time>2025-04-08T08:35:35Z</time>
   </trkpt>
   <trkpt lat="45.7532520" lon="4.8372030">
    <ele>165.9</ele>
    <time>2025-04-08T08:35:36Z</time>
   </trkpt>
   <trkpt lat="45.7532190" lon="4.8371780">
    <ele>165.9</ele>
    <time>2025-04-08T08:35:37Z</time>
   </trkpt>
   <trkpt lat="45.7531890" lon="4.8371550">
    <ele>165.9</ele>
    <time>2025-04-08T08:35:38Z</time>
   </trkpt>
   <trkpt lat="45.7531570" lon="4.8371290">
    <ele>165.9</ele>
    <time>2025-04-08T08:35:39Z</time>
   </trkpt>
   <trkpt lat="45.7531230" lon="4.8371040">
    <ele>165.9</ele>
    <time>2025-04-08T08:35:40Z</time>
   </trkpt>
   <trkpt lat="45.7530940" lon="4.8370780">
    <ele>165.9</ele>
    <time>2025-04-08T08:35:41Z</time>
   </trkpt>
   <trkpt lat="45.7530620" lon="4.8370560">
    <ele>165.9</ele>
    <time>2025-04-08T08:35:42Z</time>
   </trkpt>
   <trkpt lat="45.7530290" lon="4.8370270">
    <ele>165.9</ele>
    <time>2025-04-08T08:35:43Z</time>
   </trkpt>
   <trkpt lat="45.7529980" lon="4.8370030">
    <ele>165.9</ele>
    <time>2025-04-08T08:35:44Z</time>
   </trkpt>
   <trkpt lat="45.7529650" lon="4.8369750">
    <ele>165.9</ele>
    <time>2025-04-08T08:35:45Z</time>
   </trkpt>
   <trkpt lat="45.7529310" lon="4.8369490">
    <ele>165.9</ele>
    <time>2025-04-08T08:35:46Z</time>
   </trkpt>
   <trkpt lat="45.7528970" lon="4.8369240">
    <ele>165.9</ele>
    <time>2025-04-08T08:35:47Z</time>
   </trkpt>
   <trkpt lat="45.7528620" lon="4.8368990">
    <ele>165.9</ele>
    <time>2025-04-08T08:35:48Z</time>
   </trkpt>
   <trkpt lat="45.7528320" lon="4.8368750">
    <ele>165.9</ele>
    <time>2025-04-08T08:35:49Z</time>
   </trkpt>
   <trkpt lat="45.7527990" lon="4.8368470">
    <ele>165.9</ele>
    <time>2025-04-08T08:35:50Z</time>
   </trkpt>
   <trkpt lat="45.7527680" lon="4.8368230">
    <ele>165.9</ele>
    <time>2025-04-08T08:35:51Z</time>
   </trkpt>
   <trkpt lat="45.7527350" lon="4.8367950">
    <ele>165.9</ele>
    <time>2025-04-08T08:35:52Z</time>
   </trkpt>
   <trkpt lat="45.7527020" lon="4.8367660">
    <ele>165.9</ele>
    <time>2025-04-08T08:35:53Z</time>
   </trkpt>
   <trkpt lat="45.7526760" lon="4.8367430">
    <ele>165.9</ele>
    <time>2025-04-08T08:35:54Z</time>
   </trkpt>
   <trkpt lat="45.7526410" lon="4.8367200">
    <ele>165.9</ele>
    <time>2025-04-08T08:35:55Z</time>
   </trkpt>
   <trkpt lat="45.7526080" lon="4.8366940">
    <ele>165.9</ele>
    <time>2025-04-08T08:35:56Z</time>
   </trkpt>
   <trkpt lat="45.7525730" lon="4.8366760">
    <ele>165.8</ele>
    <time>2025-04-08T08:35:57Z</time>
   </trkpt>
   <trkpt lat="45.7525350" lon="4.8366510">
    <ele>165.8</ele>
    <time>2025-04-08T08:35:58Z</time>
   </trkpt>
   <trkpt lat="45.7524980" lon="4.8366310">
    <ele>165.8</ele>
    <time>2025-04-08T08:35:59Z</time>
   </trkpt>
   <trkpt lat="45.7524640" lon="4.8366080">
    <ele>165.7</ele>
    <time>2025-04-08T08:36:00Z</time>
   </trkpt>
   <trkpt lat="45.7524250" lon="4.8365870">
    <ele>165.7</ele>
    <time>2025-04-08T08:36:01Z</time>
   </trkpt>
   <trkpt lat="45.7523850" lon="4.8365710">
    <ele>165.6</ele>
    <time>2025-04-08T08:36:02Z</time>
   </trkpt>
   <trkpt lat="45.7523470" lon="4.8365550">
    <ele>165.6</ele>
    <time>2025-04-08T08:36:03Z</time>
   </trkpt>
   <trkpt lat="45.7523070" lon="4.8365380">
    <ele>165.5</ele>
    <time>2025-04-08T08:36:04Z</time>
   </trkpt>
   <trkpt lat="45.7522660" lon="4.8365230">
    <ele>165.4</ele>
    <time>2025-04-08T08:36:05Z</time>
   </trkpt>
   <trkpt lat="45.7522250" lon="4.8365080">
    <ele>165.4</ele>
    <time>2025-04-08T08:36:06Z</time>
   </trkpt>
   <trkpt lat="45.7521910" lon="4.8365020">
    <ele>165.3</ele>
    <time>2025-04-08T08:36:07Z</time>
   </trkpt>
   <trkpt lat="45.7521640" lon="4.8364890">
    <ele>165.3</ele>
    <time>2025-04-08T08:36:08Z</time>
   </trkpt>
   <trkpt lat="45.7521380" lon="4.8364670">
    <ele>165.3</ele>
    <time>2025-04-08T08:36:09Z</time>
   </trkpt>
   <trkpt lat="45.7521300" lon="4.8364550">
    <ele>165.3</ele>
    <time>2025-04-08T08:36:10Z</time>
   </trkpt>
   <trkpt lat="45.7521020" lon="4.8364230">
    <ele>165.2</ele>
    <time>2025-04-08T08:36:11Z</time>
   </trkpt>
   <trkpt lat="45.7520900" lon="4.8364110">
    <ele>165.2</ele>
    <time>2025-04-08T08:36:12Z</time>
   </trkpt>
   <trkpt lat="45.7520570" lon="4.8363740">
    <ele>165.2</ele>
    <time>2025-04-08T08:36:13Z</time>
   </trkpt>
   <trkpt lat="45.7520360" lon="4.8363650">
    <ele>165.2</ele>
    <time>2025-04-08T08:36:14Z</time>
   </trkpt>
   <trkpt lat="45.7519750" lon="4.8363250">
    <ele>165.2</ele>
    <time>2025-04-08T08:36:15Z</time>
   </trkpt>
   <trkpt lat="45.7519490" lon="4.8362830">
    <ele>165.2</ele>
    <time>2025-04-08T08:36:16Z</time>
   </trkpt>
   <trkpt lat="45.7519170" lon="4.8362420">
    <ele>165.2</ele>
    <time>2025-04-08T08:36:17Z</time>
   </trkpt>
   <trkpt lat="45.7518800" lon="4.8362180">
    <ele>165.2</ele>
    <time>2025-04-08T08:36:18Z</time>
   </trkpt>
   <trkpt lat="45.7518360" lon="4.8361900">
    <ele>165.2</ele>
    <time>2025-04-08T08:36:19Z</time>
   </trkpt>
   <trkpt lat="45.7518030" lon="4.8361650">
    <ele>165.3</ele>
    <time>2025-04-08T08:36:21Z</time>
   </trkpt>
   <trkpt lat="45.7517670" lon="4.8361390">
    <ele>165.3</ele>
    <time>2025-04-08T08:36:22Z</time>
   </trkpt>
   <trkpt lat="45.7517370" lon="4.8361100">
    <ele>165.3</ele>
    <time>2025-04-08T08:36:23Z</time>
   </trkpt>
   <trkpt lat="45.7517140" lon="4.8360840">
    <ele>165.3</ele>
    <time>2025-04-08T08:36:24Z</time>
   </trkpt>
   <trkpt lat="45.7516810" lon="4.8360620">
    <ele>165.3</ele>
    <time>2025-04-08T08:36:25Z</time>
   </trkpt>
   <trkpt lat="45.7516510" lon="4.8360340">
    <ele>165.4</ele>
    <time>2025-04-08T08:36:26Z</time>
   </trkpt>
   <trkpt lat="45.7516170" lon="4.8360140">
    <ele>165.4</ele>
    <time>2025-04-08T08:36:27Z</time>
   </trkpt>
   <trkpt lat="45.7515840" lon="4.8359880">
    <ele>165.4</ele>
    <time>2025-04-08T08:36:28Z</time>
   </trkpt>
   <trkpt lat="45.7515570" lon="4.8359690">
    <ele>165.4</ele>
    <time>2025-04-08T08:36:29Z</time>
   </trkpt>
   <trkpt lat="45.7515240" lon="4.8359420">
    <ele>165.4</ele>
    <time>2025-04-08T08:36:30Z</time>
   </trkpt>
   <trkpt lat="45.7514950" lon="4.8359180">
    <ele>165.4</ele>
    <time>2025-04-08T08:36:31Z</time>
   </trkpt>
   <trkpt lat="45.7514650" lon="4.8358930">
    <ele>165.5</ele>
    <time>2025-04-08T08:36:32Z</time>
   </trkpt>
   <trkpt lat="45.7514350" lon="4.8358660">
    <ele>165.5</ele>
    <time>2025-04-08T08:36:33Z</time>
   </trkpt>
   <trkpt lat="45.7514010" lon="4.8358450">
    <ele>165.5</ele>
    <time>2025-04-08T08:36:34Z</time>
   </trkpt>
   <trkpt lat="45.7513730" lon="4.8358230">
    <ele>165.5</ele>
    <time>2025-04-08T08:36:35Z</time>
   </trkpt>
   <trkpt lat="45.7513430" lon="4.8357980">
    <ele>165.4</ele>
    <time>2025-04-08T08:36:36Z</time>
   </trkpt>
   <trkpt lat="45.7513150" lon="4.8357740">
    <ele>165.4</ele>
    <time>2025-04-08T08:36:37Z</time>
   </trkpt>
   <trkpt lat="45.7512820" lon="4.8357450">
    <ele>165.4</ele>
    <time>2025-04-08T08:36:38Z</time>
   </trkpt>
   <trkpt lat="45.7512590" lon="4.8357210">
    <ele>165.4</ele>
    <time>2025-04-08T08:36:39Z</time>
   </trkpt>
   <trkpt lat="45.7512320" lon="4.8356930">
    <ele>165.4</ele>
    <time>2025-04-08T08:36:40Z</time>
   </trkpt>
   <trkpt lat="45.7512050" lon="4.8356770">
    <ele>165.4</ele>
    <time>2025-04-08T08:36:41Z</time>
   </trkpt>
   <trkpt lat="45.7511760" lon="4.8356520">
    <ele>165.4</ele>
    <time>2025-04-08T08:36:42Z</time>
   </trkpt>
   <trkpt lat="45.7511480" lon="4.8356300">
    <ele>165.4</ele>
    <time>2025-04-08T08:36:43Z</time>
   </trkpt>
   <trkpt lat="45.7511210" lon="4.8356090">
    <ele>165.4</ele>
    <time>2025-04-08T08:36:44Z</time>
   </trkpt>
   <trkpt lat="45.7510920" lon="4.8355850">
    <ele>165.4</ele>
    <time>2025-04-08T08:36:45Z</time>
   </trkpt>
   <trkpt lat="45.7510590" lon="4.8355650">
    <ele>165.4</ele>
    <time>2025-04-08T08:36:46Z</time>
   </trkpt>
   <trkpt lat="45.7510260" lon="4.8355470">
    <ele>165.4</ele>
    <time>2025-04-08T08:36:47Z</time>
   </trkpt>
   <trkpt lat="45.7509930" lon="4.8355300">
    <ele>165.4</ele>
    <time>2025-04-08T08:36:48Z</time>
   </trkpt>
   <trkpt lat="45.7509630" lon="4.8355090">
    <ele>165.4</ele>
    <time>2025-04-08T08:36:49Z</time>
   </trkpt>
   <trkpt lat="45.7509300" lon="4.8354720">
    <ele>165.4</ele>
    <time>2025-04-08T08:36:50Z</time>
   </trkpt>
   <trkpt lat="45.7509110" lon="4.8354620">
    <ele>165.4</ele>
    <time>2025-04-08T08:36:51Z</time>
   </trkpt>
   <trkpt lat="45.7508780" lon="4.8354340">
    <ele>165.4</ele>
    <time>2025-04-08T08:36:52Z</time>
   </trkpt>
   <trkpt lat="45.7508490" lon="4.8354150">
    <ele>165.4</ele>
    <time>2025-04-08T08:36:53Z</time>
   </trkpt>
   <trkpt lat="45.7508210" lon="4.8353890">
    <ele>165.4</ele>
    <time>2025-04-08T08:36:54Z</time>
   </trkpt>
   <trkpt lat="45.7507910" lon="4.8353670">
    <ele>165.4</ele>
    <time>2025-04-08T08:36:55Z</time>
   </trkpt>
   <trkpt lat="45.7507620" lon="4.8353510">
    <ele>165.4</ele>
    <time>2025-04-08T08:36:56Z</time>
   </trkpt>
   <trkpt lat="45.7507280" lon="4.8353290">
    <ele>165.4</ele>
    <time>2025-04-08T08:36:57Z</time>
   </trkpt>
   <trkpt lat="45.7506980" lon="4.8353060">
    <ele>165.4</ele>
    <time>2025-04-08T08:36:58Z</time>
   </trkpt>
   <trkpt lat="45.7506720" lon="4.8352810">
    <ele>165.4</ele>
    <time>2025-04-08T08:36:59Z</time>
   </trkpt>
   <trkpt lat="45.7506390" lon="4.8352550">
    <ele>165.3</ele>
    <time>2025-04-08T08:37:00Z</time>
   </trkpt>
   <trkpt lat="45.7506110" lon="4.8352300">
    <ele>165.3</ele>
    <time>2025-04-08T08:37:01Z</time>
   </trkpt>
   <trkpt lat="45.7505740" lon="4.8352100">
    <ele>165.3</ele>
    <time>2025-04-08T08:37:02Z</time>
   </trkpt>
   <trkpt lat="45.7505350" lon="4.8351780">
    <ele>165.3</ele>
    <time>2025-04-08T08:37:03Z</time>
   </trkpt>
   <trkpt lat="45.7505180" lon="4.8351660">
    <ele>165.3</ele>
    <time>2025-04-08T08:37:04Z</time>
   </trkpt>
   <trkpt lat="45.7504900" lon="4.8351420">
    <ele>165.3</ele>
    <time>2025-04-08T08:37:05Z</time>
   </trkpt>
   <trkpt lat="45.7504610" lon="4.8351140">
    <ele>165.3</ele>
    <time>2025-04-08T08:37:06Z</time>
   </trkpt>
   <trkpt lat="45.7504360" lon="4.8350940">
    <ele>165.3</ele>
    <time>2025-04-08T08:37:07Z</time>
   </trkpt>
   <trkpt lat="45.7504130" lon="4.8350740">
    <ele>165.3</ele>
    <time>2025-04-08T08:37:08Z</time>
   </trkpt>
   <trkpt lat="45.7503840" lon="4.8350490">
    <ele>165.3</ele>
    <time>2025-04-08T08:37:09Z</time>
   </trkpt>
   <trkpt lat="45.7503520" lon="4.8350300">
    <ele>165.3</ele>
    <time>2025-04-08T08:37:10Z</time>
   </trkpt>
   <trkpt lat="45.7503220" lon="4.8350110">
    <ele>165.3</ele>
    <time>2025-04-08T08:37:11Z</time>
   </trkpt>
   <trkpt lat="45.7502930" lon="4.8349900">
    <ele>165.3</ele>
    <time>2025-04-08T08:37:12Z</time>
   </trkpt>
   <trkpt lat="45.7502570" lon="4.8349570">
    <ele>165.3</ele>
    <time>2025-04-08T08:37:13Z</time>
   </trkpt>
   <trkpt lat="45.7502420" lon="4.8349450">
    <ele>165.3</ele>
    <time>2025-04-08T08:37:14Z</time>
   </trkpt>
   <trkpt lat="45.7502110" lon="4.8349250">
    <ele>165.3</ele>
    <time>2025-04-08T08:37:15Z</time>
   </trkpt>
   <trkpt lat="45.7501770" lon="4.8348970">
    <ele>165.3</ele>
    <time>2025-04-08T08:37:16Z</time>
   </trkpt>
   <trkpt lat="45.7501590" lon="4.8348900">
    <ele>165.3</ele>
    <time>2025-04-08T08:37:17Z</time>
   </trkpt>
   <trkpt lat="45.7501260" lon="4.8348870">
    <ele>165.3</ele>
    <time>2025-04-08T08:37:18Z</time>
   </trkpt>
   <trkpt lat="45.7500880" lon="4.8348800">
    <ele>165.3</ele>
    <time>2025-04-08T08:37:19Z</time>
   </trkpt>
   <trkpt lat="45.7500570" lon="4.8348550">
    <ele>165.3</ele>
    <time>2025-04-08T08:37:20Z</time>
   </trkpt>
   <trkpt lat="45.7500330" lon="4.8348290">
    <ele>165.3</ele>
    <time>2025-04-08T08:37:21Z</time>
   </trkpt>
   <trkpt lat="45.7500010" lon="4.8348060">
    <ele>165.3</ele>
    <time>2025-04-08T08:37:22Z</time>
   </trkpt>
   <trkpt lat="45.7499660" lon="4.8347880">
    <ele>165.3</ele>
    <time>2025-04-08T08:37:23Z</time>
   </trkpt>
   <trkpt lat="45.7499390" lon="4.8347640">
    <ele>165.3</ele>
    <time>2025-04-08T08:37:24Z</time>
   </trkpt>
   <trkpt lat="45.7499080" lon="4.8347440">
    <ele>165.3</ele>
    <time>2025-04-08T08:37:25Z</time>
   </trkpt>
   <trkpt lat="45.7498830" lon="4.8347210">
    <ele>165.2</ele>
    <time>2025-04-08T08:37:26Z</time>
   </trkpt>
   <trkpt lat="45.7498540" lon="4.8347000">
    <ele>165.2</ele>
    <time>2025-04-08T08:37:27Z</time>
   </trkpt>
   <trkpt lat="45.7498300" lon="4.8346790">
    <ele>165.2</ele>
    <time>2025-04-08T08:37:28Z</time>
   </trkpt>
   <trkpt lat="45.7497980" lon="4.8346570">
    <ele>165.2</ele>
    <time>2025-04-08T08:37:29Z</time>
   </trkpt>
   <trkpt lat="45.7497700" lon="4.8346320">
    <ele>165.2</ele>
    <time>2025-04-08T08:37:30Z</time>
   </trkpt>
   <trkpt lat="45.7497450" lon="4.8346090">
    <ele>165.2</ele>
    <time>2025-04-08T08:37:31Z</time>
   </trkpt>
   <trkpt lat="45.7497140" lon="4.8345880">
    <ele>165.2</ele>
    <time>2025-04-08T08:37:32Z</time>
   </trkpt>
   <trkpt lat="45.7496890" lon="4.8345690">
    <ele>165.2</ele>
    <time>2025-04-08T08:37:33Z</time>
   </trkpt>
   <trkpt lat="45.7496580" lon="4.8345480">
    <ele>165.2</ele>
    <time>2025-04-08T08:37:34Z</time>
   </trkpt>
   <trkpt lat="45.7496300" lon="4.8345320">
    <ele>165.2</ele>
    <time>2025-04-08T08:37:35Z</time>
   </trkpt>
   <trkpt lat="45.7495970" lon="4.8345110">
    <ele>165.2</ele>
    <time>2025-04-08T08:37:36Z</time>
   </trkpt>
   <trkpt lat="45.7495680" lon="4.8344870">
    <ele>165.2</ele>
    <time>2025-04-08T08:37:37Z</time>
   </trkpt>
   <trkpt lat="45.7495380" lon="4.8344690">
    <ele>165.2</ele>
    <time>2025-04-08T08:37:38Z</time>
   </trkpt>
   <trkpt lat="45.7495150" lon="4.8344440">
    <ele>165.2</ele>
    <time>2025-04-08T08:37:39Z</time>
   </trkpt>
   <trkpt lat="45.7494850" lon="4.8344220">
    <ele>165.2</ele>
    <time>2025-04-08T08:37:40Z</time>
   </trkpt>
   <trkpt lat="45.7494500" lon="4.8343920">
    <ele>165.2</ele>
    <time>2025-04-08T08:37:41Z</time>
   </trkpt>
   <trkpt lat="45.7494350" lon="4.8343810">
    <ele>165.2</ele>
    <time>2025-04-08T08:37:42Z</time>
   </trkpt>
   <trkpt lat="45.7494060" lon="4.8343650">
    <ele>165.2</ele>
    <time>2025-04-08T08:37:43Z</time>
   </trkpt>
   <trkpt lat="45.7493760" lon="4.8343460">
    <ele>165.5</ele>
    <time>2025-04-08T08:37:44Z</time>
   </trkpt>
   <trkpt lat="45.7493390" lon="4.8343150">
    <ele>165.5</ele>
    <time>2025-04-08T08:37:45Z</time>
   </trkpt>
   <trkpt lat="45.7493220" lon="4.8343050">
    <ele>165.5</ele>
    <time>2025-04-08T08:37:46Z</time>
   </trkpt>
   <trkpt lat="45.7492910" lon="4.8342840">
    <ele>165.5</ele>
    <time>2025-04-08T08:37:47Z</time>
   </trkpt>
   <trkpt lat="45.7492610" lon="4.8342620">
    <ele>165.5</ele>
    <time>2025-04-08T08:37:48Z</time>
   </trkpt>
   <trkpt lat="45.7492290" lon="4.8342370">
    <ele>165.5</ele>
    <time>2025-04-08T08:37:49Z</time>
   </trkpt>
   <trkpt lat="45.7492020" lon="4.8342090">
    <ele>165.5</ele>
    <time>2025-04-08T08:37:50Z</time>
   </trkpt>
   <trkpt lat="45.7491750" lon="4.8341820">
    <ele>165.5</ele>
    <time>2025-04-08T08:37:51Z</time>
   </trkpt>
   <trkpt lat="45.7491470" lon="4.8341630">
    <ele>165.5</ele>
    <time>2025-04-08T08:37:52Z</time>
   </trkpt>
   <trkpt lat="45.7491210" lon="4.8341360">
    <ele>165.5</ele>
    <time>2025-04-08T08:37:53Z</time>
   </trkpt>
   <trkpt lat="45.7490890" lon="4.8341120">
    <ele>165.5</ele>
    <time>2025-04-08T08:37:54Z</time>
   </trkpt>
   <trkpt lat="45.7490650" lon="4.8340880">
    <ele>165.5</ele>
    <time>2025-04-08T08:37:55Z</time>
   </trkpt>
   <trkpt lat="45.7490370" lon="4.8340630">
    <ele>165.5</ele>
    <time>2025-04-08T08:37:56Z</time>
   </trkpt>
   <trkpt lat="45.7490050" lon="4.8340430">
    <ele>165.6</ele>
    <time>2025-04-08T08:37:57Z</time>
   </trkpt>
   <trkpt lat="45.7489790" lon="4.8340170">
    <ele>165.6</ele>
    <time>2025-04-08T08:37:58Z</time>
   </trkpt>
   <trkpt lat="45.7489510" lon="4.8340030">
    <ele>165.6</ele>
    <time>2025-04-08T08:37:59Z</time>
   </trkpt>
   <trkpt lat="45.7489230" lon="4.8339770">
    <ele>165.6</ele>
    <time>2025-04-08T08:38:00Z</time>
   </trkpt>
   <trkpt lat="45.7488990" lon="4.8339530">
    <ele>165.6</ele>
    <time>2025-04-08T08:38:01Z</time>
   </trkpt>
   <trkpt lat="45.7488710" lon="4.8339190">
    <ele>165.6</ele>
    <time>2025-04-08T08:38:02Z</time>
   </trkpt>
   <trkpt lat="45.7488430" lon="4.8338920">
    <ele>165.6</ele>
    <time>2025-04-08T08:38:03Z</time>
   </trkpt>
   <trkpt lat="45.7488130" lon="4.8338710">
    <ele>165.6</ele>
    <time>2025-04-08T08:38:04Z</time>
   </trkpt>
   <trkpt lat="45.7487830" lon="4.8338500">
    <ele>165.6</ele>
    <time>2025-04-08T08:38:05Z</time>
   </trkpt>
   <trkpt lat="45.7487480" lon="4.8338350">
    <ele>165.6</ele>
    <time>2025-04-08T08:38:06Z</time>
   </trkpt>
   <trkpt lat="45.7487170" lon="4.8338140">
    <ele>165.6</ele>
    <time>2025-04-08T08:38:07Z</time>
   </trkpt>
   <trkpt lat="45.7486860" lon="4.8337860">
    <ele>165.6</ele>
    <time>2025-04-08T08:38:08Z</time>
   </trkpt>
   <trkpt lat="45.7486610" lon="4.8337680">
    <ele>165.6</ele>
    <time>2025-04-08T08:38:09Z</time>
   </trkpt>
   <trkpt lat="45.7486320" lon="4.8337470">
    <ele>165.5</ele>
    <time>2025-04-08T08:38:10Z</time>
   </trkpt>
   <trkpt lat="45.7486020" lon="4.8337310">
    <ele>165.5</ele>
    <time>2025-04-08T08:38:11Z</time>
   </trkpt>
   <trkpt lat="45.7485770" lon="4.8337040">
    <ele>165.5</ele>
    <time>2025-04-08T08:38:12Z</time>
   </trkpt>
   <trkpt lat="45.7485430" lon="4.8336810">
    <ele>165.5</ele>
    <time>2025-04-08T08:38:13Z</time>
   </trkpt>
   <trkpt lat="45.7485150" lon="4.8336560">
    <ele>165.5</ele>
    <time>2025-04-08T08:38:14Z</time>
   </trkpt>
   <trkpt lat="45.7484870" lon="4.8336280">
    <ele>165.5</ele>
    <time>2025-04-08T08:38:15Z</time>
   </trkpt>
   <trkpt lat="45.7484550" lon="4.8335980">
    <ele>165.5</ele>
    <time>2025-04-08T08:38:16Z</time>
   </trkpt>
   <trkpt lat="45.7484240" lon="4.8335720">
    <ele>165.5</ele>
    <time>2025-04-08T08:38:17Z</time>
   </trkpt>
   <trkpt lat="45.7483910" lon="4.8335520">
    <ele>165.5</ele>
    <time>2025-04-08T08:38:18Z</time>
   </trkpt>
   <trkpt lat="45.7483580" lon="4.8335280">
    <ele>165.5</ele>
    <time>2025-04-08T08:38:19Z</time>
   </trkpt>
   <trkpt lat="45.7483270" lon="4.8335080">
    <ele>165.5</ele>
    <time>2025-04-08T08:38:20Z</time>
   </trkpt>
   <trkpt lat="45.7482930" lon="4.8334820">
    <ele>165.5</ele>
    <time>2025-04-08T08:38:21Z</time>
   </trkpt>
   <trkpt lat="45.7482580" lon="4.8334530">
    <ele>165.4</ele>
    <time>2025-04-08T08:38:22Z</time>
   </trkpt>
   <trkpt lat="45.7482310" lon="4.8334340">
    <ele>165.4</ele>
    <time>2025-04-08T08:38:23Z</time>
   </trkpt>
   <trkpt lat="45.7481980" lon="4.8334140">
    <ele>165.4</ele>
    <time>2025-04-08T08:38:24Z</time>
   </trkpt>
   <trkpt lat="45.7481660" lon="4.8333910">
    <ele>165.4</ele>
    <time>2025-04-08T08:38:25Z</time>
   </trkpt>
   <trkpt lat="45.7481310" lon="4.8333620">
    <ele>165.3</ele>
    <time>2025-04-08T08:38:26Z</time>
   </trkpt>
   <trkpt lat="45.7481030" lon="4.8333390">
    <ele>165.3</ele>
    <time>2025-04-08T08:38:27Z</time>
   </trkpt>
   <trkpt lat="45.7480690" lon="4.8333110">
    <ele>165.3</ele>
    <time>2025-04-08T08:38:28Z</time>
   </trkpt>
   <trkpt lat="45.7480470" lon="4.8332840">
    <ele>165.3</ele>
    <time>2025-04-08T08:38:29Z</time>
   </trkpt>
   <trkpt lat="45.7480120" lon="4.8332600">
    <ele>165.3</ele>
    <time>2025-04-08T08:38:30Z</time>
   </trkpt>
   <trkpt lat="45.7479990" lon="4.8332530">
    <ele>165.2</ele>
    <time>2025-04-08T08:38:31Z</time>
   </trkpt>
   <trkpt lat="45.7479610" lon="4.8332360">
    <ele>165.2</ele>
    <time>2025-04-08T08:38:32Z</time>
   </trkpt>
   <trkpt lat="45.7479450" lon="4.8332280">
    <ele>165.2</ele>
    <time>2025-04-08T08:38:33Z</time>
   </trkpt>
   <trkpt lat="45.7479190" lon="4.8332130">
    <ele>165.3</ele>
    <time>2025-04-08T08:38:34Z</time>
   </trkpt>
   <trkpt lat="45.7479130" lon="4.8331980">
    <ele>165.3</ele>
    <time>2025-04-08T08:38:35Z</time>
   </trkpt>
   <trkpt lat="45.7478790" lon="4.8331580">
    <ele>165.3</ele>
    <time>2025-04-08T08:38:36Z</time>
   </trkpt>
   <trkpt lat="45.7478380" lon="4.8331520">
    <ele>165.3</ele>
    <time>2025-04-08T08:38:37Z</time>
   </trkpt>
   <trkpt lat="45.7478010" lon="4.8331320">
    <ele>165.3</ele>
    <time>2025-04-08T08:38:38Z</time>
   </trkpt>
   <trkpt lat="45.7477600" lon="4.8331040">
    <ele>165.3</ele>
    <time>2025-04-08T08:38:39Z</time>
   </trkpt>
   <trkpt lat="45.7477380" lon="4.8330890">
    <ele>165.3</ele>
    <time>2025-04-08T08:38:40Z</time>
   </trkpt>
   <trkpt lat="45.7476970" lon="4.8330610">
    <ele>165.4</ele>
    <time>2025-04-08T08:38:41Z</time>
   </trkpt>
   <trkpt lat="45.7476580" lon="4.8330360">
    <ele>165.4</ele>
    <time>2025-04-08T08:38:42Z</time>
   </trkpt>
   <trkpt lat="45.7476220" lon="4.8330210">
    <ele>165.4</ele>
    <time>2025-04-08T08:38:43Z</time>
   </trkpt>
   <trkpt lat="45.7475910" lon="4.8330000">
    <ele>165.5</ele>
    <time>2025-04-08T08:38:44Z</time>
   </trkpt>
   <trkpt lat="45.7475550" lon="4.8329820">
    <ele>165.5</ele>
    <time>2025-04-08T08:38:45Z</time>
   </trkpt>
   <trkpt lat="45.7475200" lon="4.8329640">
    <ele>165.5</ele>
    <time>2025-04-08T08:38:46Z</time>
   </trkpt>
   <trkpt lat="45.7474860" lon="4.8329490">
    <ele>165.6</ele>
    <time>2025-04-08T08:38:47Z</time>
   </trkpt>
   <trkpt lat="45.7474480" lon="4.8329360">
    <ele>165.7</ele>
    <time>2025-04-08T08:38:48Z</time>
   </trkpt>
   <trkpt lat="45.7474160" lon="4.8329150">
    <ele>165.8</ele>
    <time>2025-04-08T08:38:49Z</time>
   </trkpt>
   <trkpt lat="45.7473830" lon="4.8328910">
    <ele>165.9</ele>
    <time>2025-04-08T08:38:50Z</time>
   </trkpt>
   <trkpt lat="45.7473550" lon="4.8328690">
    <ele>166.0</ele>
    <time>2025-04-08T08:38:51Z</time>
   </trkpt>
   <trkpt lat="45.7473110" lon="4.8328530">
    <ele>166.1</ele>
    <time>2025-04-08T08:38:52Z</time>
   </trkpt>
   <trkpt lat="45.7472840" lon="4.8328250">
    <ele>166.2</ele>
    <time>2025-04-08T08:38:53Z</time>
   </trkpt>
   <trkpt lat="45.7472570" lon="4.8328070">
    <ele>166.3</ele>
    <time>2025-04-08T08:38:54Z</time>
   </trkpt>
   <trkpt lat="45.7472310" lon="4.8327880">
    <ele>166.4</ele>
    <time>2025-04-08T08:38:55Z</time>
   </trkpt>
   <trkpt lat="45.7472040" lon="4.8327700">
    <ele>166.6</ele>
    <time>2025-04-08T08:38:56Z</time>
   </trkpt>
   <trkpt lat="45.7471750" lon="4.8327480">
    <ele>166.7</ele>
    <time>2025-04-08T08:38:57Z</time>
   </trkpt>
   <trkpt lat="45.7471430" lon="4.8327270">
    <ele>166.8</ele>
    <time>2025-04-08T08:38:58Z</time>
   </trkpt>
   <trkpt lat="45.7471160" lon="4.8327070">
    <ele>167.0</ele>
    <time>2025-04-08T08:38:59Z</time>
   </trkpt>
   <trkpt lat="45.7470840" lon="4.8326760">
    <ele>167.1</ele>
    <time>2025-04-08T08:39:00Z</time>
   </trkpt>
   <trkpt lat="45.7470710" lon="4.8326660">
    <ele>167.2</ele>
    <time>2025-04-08T08:39:01Z</time>
   </trkpt>
   <trkpt lat="45.7470470" lon="4.8326440">
    <ele>167.3</ele>
    <time>2025-04-08T08:39:02Z</time>
   </trkpt>
   <trkpt lat="45.7470200" lon="4.8326260">
    <ele>167.4</ele>
    <time>2025-04-08T08:39:03Z</time>
   </trkpt>
   <trkpt lat="45.7469920" lon="4.8326110">
    <ele>167.6</ele>
    <time>2025-04-08T08:39:04Z</time>
   </trkpt>
   <trkpt lat="45.7469670" lon="4.8325890">
    <ele>167.7</ele>
    <time>2025-04-08T08:39:05Z</time>
   </trkpt>
   <trkpt lat="45.7469380" lon="4.8325690">
    <ele>167.8</ele>
    <time>2025-04-08T08:39:06Z</time>
   </trkpt>
   <trkpt lat="45.7469040" lon="4.8325490">
    <ele>168.0</ele>
    <time>2025-04-08T08:39:07Z</time>
   </trkpt>
   <trkpt lat="45.7468710" lon="4.8325270">
    <ele>168.1</ele>
    <time>2025-04-08T08:39:08Z</time>
   </trkpt>
   <trkpt lat="45.7468600" lon="4.8325200">
    <ele>168.2</ele>
    <time>2025-04-08T08:39:09Z</time>
   </trkpt>
   <trkpt lat="45.7468310" lon="4.8324990">
    <ele>168.3</ele>
    <time>2025-04-08T08:39:10Z</time>
   </trkpt>
   <trkpt lat="45.7467990" lon="4.8324740">
    <ele>168.5</ele>
    <time>2025-04-08T08:39:11Z</time>
   </trkpt>
   <trkpt lat="45.7467730" lon="4.8324570">
    <ele>168.6</ele>
    <time>2025-04-08T08:39:12Z</time>
   </trkpt>
   <trkpt lat="45.7467450" lon="4.8324430">
    <ele>168.7</ele>
    <time>2025-04-08T08:39:13Z</time>
   </trkpt>
   <trkpt lat="45.7467210" lon="4.8324230">
    <ele>168.8</ele>
    <time>2025-04-08T08:39:14Z</time>
   </trkpt>
   <trkpt lat="45.7466930" lon="4.8324090">
    <ele>168.9</ele>
    <time>2025-04-08T08:39:15Z</time>
   </trkpt>
   <trkpt lat="45.7466540" lon="4.8323870">
    <ele>169.0</ele>
    <time>2025-04-08T08:39:16Z</time>
   </trkpt>
   <trkpt lat="45.7466380" lon="4.8323840">
    <ele>169.0</ele>
    <time>2025-04-08T08:39:17Z</time>
   </trkpt>
   <trkpt lat="45.7466100" lon="4.8323680">
    <ele>169.1</ele>
    <time>2025-04-08T08:39:18Z</time>
   </trkpt>
   <trkpt lat="45.7465780" lon="4.8323490">
    <ele>169.2</ele>
    <time>2025-04-08T08:39:19Z</time>
   </trkpt>
   <trkpt lat="45.7465480" lon="4.8323350">
    <ele>169.2</ele>
    <time>2025-04-08T08:39:20Z</time>
   </trkpt>
   <trkpt lat="45.7465060" lon="4.8323280">
    <ele>169.2</ele>
    <time>2025-04-08T08:39:21Z</time>
   </trkpt>
   <trkpt lat="45.7464670" lon="4.8323170">
    <ele>169.3</ele>
    <time>2025-04-08T08:39:22Z</time>
   </trkpt>
   <trkpt lat="45.7464520" lon="4.8323150">
    <ele>169.3</ele>
    <time>2025-04-08T08:39:23Z</time>
   </trkpt>
   <trkpt lat="45.7464200" lon="4.8323100">
    <ele>169.3</ele>
    <time>2025-04-08T08:39:24Z</time>
   </trkpt>
   <trkpt lat="45.7463910" lon="4.8323030">
    <ele>169.3</ele>
    <time>2025-04-08T08:39:25Z</time>
   </trkpt>
   <trkpt lat="45.7463630" lon="4.8322870">
    <ele>169.3</ele>
    <time>2025-04-08T08:39:26Z</time>
   </trkpt>
   <trkpt lat="45.7463310" lon="4.8322800">
    <ele>169.3</ele>
    <time>2025-04-08T08:39:27Z</time>
   </trkpt>
   <trkpt lat="45.7462970" lon="4.8322740">
    <ele>169.4</ele>
    <time>2025-04-08T08:39:28Z</time>
   </trkpt>
   <trkpt lat="45.7462850" lon="4.8322720">
    <ele>169.5</ele>
    <time>2025-04-08T08:39:29Z</time>
   </trkpt>
   <trkpt lat="45.7462550" lon="4.8322800">
    <ele>169.7</ele>
    <time>2025-04-08T08:39:30Z</time>
   </trkpt>
   <trkpt lat="45.7462230" lon="4.8323260">
    <ele>169.8</ele>
    <time>2025-04-08T08:39:31Z</time>
   </trkpt>
   <trkpt lat="45.7462100" lon="4.8323480">
    <ele>169.9</ele>
    <time>2025-04-08T08:39:32Z</time>
   </trkpt>
   <trkpt lat="45.7461910" lon="4.8323850">
    <ele>169.9</ele>
    <time>2025-04-08T08:39:33Z</time>
   </trkpt>
   <trkpt lat="45.7461650" lon="4.8324150">
    <ele>169.9</ele>
    <time>2025-04-08T08:39:34Z</time>
   </trkpt>
   <trkpt lat="45.7461470" lon="4.8324510">
    <ele>170.0</ele>
    <time>2025-04-08T08:39:35Z</time>
   </trkpt>
   <trkpt lat="45.7461180" lon="4.8324730">
    <ele>170.0</ele>
    <time>2025-04-08T08:39:36Z</time>
   </trkpt>
   <trkpt lat="45.7460790" lon="4.8324740">
    <ele>169.8</ele>
    <time>2025-04-08T08:39:37Z</time>
   </trkpt>
   <trkpt lat="45.7460440" lon="4.8324600">
    <ele>169.8</ele>
    <time>2025-04-08T08:39:38Z</time>
   </trkpt>
   <trkpt lat="45.7460110" lon="4.8324470">
    <ele>169.7</ele>
    <time>2025-04-08T08:39:39Z</time>
   </trkpt>
   <trkpt lat="45.7459830" lon="4.8324370">
    <ele>169.7</ele>
    <time>2025-04-08T08:39:40Z</time>
   </trkpt>
   <trkpt lat="45.7459500" lon="4.8324210">
    <ele>169.6</ele>
    <time>2025-04-08T08:39:41Z</time>
   </trkpt>
   <trkpt lat="45.7459380" lon="4.8324150">
    <ele>169.6</ele>
    <time>2025-04-08T08:39:42Z</time>
   </trkpt>
   <trkpt lat="45.7459080" lon="4.8324030">
    <ele>169.5</ele>
    <time>2025-04-08T08:39:43Z</time>
   </trkpt>
   <trkpt lat="45.7458760" lon="4.8323910">
    <ele>169.5</ele>
    <time>2025-04-08T08:39:44Z</time>
   </trkpt>
   <trkpt lat="45.7458380" lon="4.8323580">
    <ele>169.5</ele>
    <time>2025-04-08T08:39:45Z</time>
   </trkpt>
   <trkpt lat="45.7458250" lon="4.8323340">
    <ele>169.5</ele>
    <time>2025-04-08T08:39:46Z</time>
   </trkpt>
   <trkpt lat="45.7457930" lon="4.8323350">
    <ele>169.5</ele>
    <time>2025-04-08T08:39:47Z</time>
   </trkpt>
   <trkpt lat="45.7457470" lon="4.8323540">
    <ele>169.5</ele>
    <time>2025-04-08T08:39:48Z</time>
   </trkpt>
   <trkpt lat="45.7457280" lon="4.8323040">
    <ele>169.6</ele>
    <time>2025-04-08T08:39:49Z</time>
   </trkpt>
   <trkpt lat="45.7456860" lon="4.8322620">
    <ele>169.6</ele>
    <time>2025-04-08T08:39:50Z</time>
   </trkpt>
   <trkpt lat="45.7456510" lon="4.8322270">
    <ele>169.6</ele>
    <time>2025-04-08T08:39:51Z</time>
   </trkpt>
   <trkpt lat="45.7456260" lon="4.8322070">
    <ele>169.6</ele>
    <time>2025-04-08T08:39:52Z</time>
   </trkpt>
   <trkpt lat="45.7455920" lon="4.8321770">
    <ele>169.7</ele>
    <time>2025-04-08T08:39:53Z</time>
   </trkpt>
   <trkpt lat="45.7455600" lon="4.8321360">
    <ele>169.7</ele>
    <time>2025-04-08T08:39:54Z</time>
   </trkpt>
   <trkpt lat="45.7455420" lon="4.8321270">
    <ele>169.7</ele>
    <time>2025-04-08T08:39:55Z</time>
   </trkpt>
   <trkpt lat="45.7455030" lon="4.8321010">
    <ele>169.7</ele>
    <time>2025-04-08T08:39:56Z</time>
   </trkpt>
   <trkpt lat="45.7454700" lon="4.8320810">
    <ele>169.7</ele>
    <time>2025-04-08T08:39:57Z</time>
   </trkpt>
   <trkpt lat="45.7454380" lon="4.8320540">
    <ele>169.7</ele>
    <time>2025-04-08T08:39:58Z</time>
   </trkpt>
   <trkpt lat="45.7454110" lon="4.8320330">
    <ele>169.8</ele>
    <time>2025-04-08T08:39:59Z</time>
   </trkpt>
   <trkpt lat="45.7453830" lon="4.8320080">
    <ele>169.8</ele>
    <time>2025-04-08T08:40:00Z</time>
   </trkpt>
   <trkpt lat="45.7453570" lon="4.8319880">
    <ele>169.8</ele>
    <time>2025-04-08T08:40:01Z</time>
   </trkpt>
   <trkpt lat="45.7453180" lon="4.8319770">
    <ele>169.8</ele>
    <time>2025-04-08T08:40:02Z</time>
   </trkpt>
   <trkpt lat="45.7452880" lon="4.8319560">
    <ele>169.8</ele>
    <time>2025-04-08T08:40:03Z</time>
   </trkpt>
   <trkpt lat="45.7452660" lon="4.8319300">
    <ele>169.8</ele>
    <time>2025-04-08T08:40:04Z</time>
   </trkpt>
   <trkpt lat="45.7452350" lon="4.8319040">
    <ele>169.8</ele>
    <time>2025-04-08T08:40:05Z</time>
   </trkpt>
   <trkpt lat="45.7452100" lon="4.8318830">
    <ele>169.9</ele>
    <time>2025-04-08T08:40:06Z</time>
   </trkpt>
   <trkpt lat="45.7451790" lon="4.8318560">
    <ele>169.9</ele>
    <time>2025-04-08T08:40:07Z</time>
   </trkpt>
   <trkpt lat="45.7451410" lon="4.8318270">
    <ele>169.9</ele>
    <time>2025-04-08T08:40:08Z</time>
   </trkpt>
   <trkpt lat="45.7451250" lon="4.8318160">
    <ele>169.9</ele>
    <time>2025-04-08T08:40:09Z</time>
   </trkpt>
   <trkpt lat="45.7450980" lon="4.8318000">
    <ele>170.0</ele>
    <time>2025-04-08T08:40:10Z</time>
   </trkpt>
   <trkpt lat="45.7450630" lon="4.8317760">
    <ele>170.0</ele>
    <time>2025-04-08T08:40:11Z</time>
   </trkpt>
   <trkpt lat="45.7450350" lon="4.8317490">
    <ele>170.0</ele>
    <time>2025-04-08T08:40:12Z</time>
   </trkpt>
   <trkpt lat="45.7450040" lon="4.8317280">
    <ele>170.0</ele>
    <time>2025-04-08T08:40:13Z</time>
   </trkpt>
   <trkpt lat="45.7449770" lon="4.8317000">
    <ele>170.0</ele>
    <time>2025-04-08T08:40:14Z</time>
   </trkpt>
   <trkpt lat="45.7449480" lon="4.8316770">
    <ele>170.0</ele>
    <time>2025-04-08T08:40:15Z</time>
   </trkpt>
   <trkpt lat="45.7449180" lon="4.8316480">
    <ele>170.0</ele>
    <time>2025-04-08T08:40:16Z</time>
   </trkpt>
   <trkpt lat="45.7448880" lon="4.8316270">
    <ele>170.0</ele>
    <time>2025-04-08T08:40:17Z</time>
   </trkpt>
   <trkpt lat="45.7448570" lon="4.8316120">
    <ele>170.0</ele>
    <time>2025-04-08T08:40:18Z</time>
   </trkpt>
   <trkpt lat="45.7448250" lon="4.8315900">
    <ele>170.0</ele>
    <time>2025-04-08T08:40:19Z</time>
   </trkpt>
   <trkpt lat="45.7447990" lon="4.8315630">
    <ele>170.0</ele>
    <time>2025-04-08T08:40:20Z</time>
   </trkpt>
   <trkpt lat="45.7447670" lon="4.8315390">
    <ele>170.0</ele>
    <time>2025-04-08T08:40:21Z</time>
   </trkpt>
   <trkpt lat="45.7447410" lon="4.8315210">
    <ele>170.0</ele>
    <time>2025-04-08T08:40:22Z</time>
   </trkpt>
   <trkpt lat="45.7447090" lon="4.8314990">
    <ele>170.0</ele>
    <time>2025-04-08T08:40:23Z</time>
   </trkpt>
   <trkpt lat="45.7446930" lon="4.8314890">
    <ele>170.0</ele>
    <time>2025-04-08T08:40:24Z</time>
   </trkpt>
   <trkpt lat="45.7446690" lon="4.8314580">
    <ele>170.0</ele>
    <time>2025-04-08T08:40:25Z</time>
   </trkpt>
   <trkpt lat="45.7446350" lon="4.8314370">
    <ele>170.0</ele>
    <time>2025-04-08T08:40:26Z</time>
   </trkpt>
   <trkpt lat="45.7446060" lon="4.8314190">
    <ele>170.0</ele>
    <time>2025-04-08T08:40:27Z</time>
   </trkpt>
   <trkpt lat="45.7445760" lon="4.8314230">
    <ele>170.0</ele>
    <time>2025-04-08T08:40:28Z</time>
   </trkpt>
   <trkpt lat="45.7445470" lon="4.8314490">
    <ele>169.9</ele>
    <time>2025-04-08T08:40:29Z</time>
   </trkpt>
   <trkpt lat="45.7445380" lon="4.8315150">
    <ele>169.9</ele>
    <time>2025-04-08T08:40:30Z</time>
   </trkpt>
   <trkpt lat="45.7445230" lon="4.8315730">
    <ele>169.8</ele>
    <time>2025-04-08T08:40:31Z</time>
   </trkpt>
   <trkpt lat="45.7445070" lon="4.8316190">
    <ele>169.8</ele>
    <time>2025-04-08T08:40:32Z</time>
   </trkpt>
   <trkpt lat="45.7444860" lon="4.8316540">
    <ele>169.8</ele>
    <time>2025-04-08T08:40:33Z</time>
   </trkpt>
   <trkpt lat="45.7444690" lon="4.8317000">
    <ele>169.7</ele>
    <time>2025-04-08T08:40:34Z</time>
   </trkpt>
   <trkpt lat="45.7444460" lon="4.8317360">
    <ele>169.7</ele>
    <time>2025-04-08T08:40:35Z</time>
   </trkpt>
   <trkpt lat="45.7444350" lon="4.8317880">
    <ele>169.6</ele>
    <time>2025-04-08T08:40:36Z</time>
   </trkpt>
   <trkpt lat="45.7444200" lon="4.8318310">
    <ele>169.6</ele>
    <time>2025-04-08T08:40:37Z</time>
   </trkpt>
   <trkpt lat="45.7444030" lon="4.8318760">
    <ele>169.6</ele>
    <time>2025-04-08T08:40:38Z</time>
   </trkpt>
   <trkpt lat="45.7443850" lon="4.8319080">
    <ele>169.6</ele>
    <time>2025-04-08T08:40:39Z</time>
   </trkpt>
   <trkpt lat="45.7443640" lon="4.8319490">
    <ele>169.5</ele>
    <time>2025-04-08T08:40:40Z</time>
   </trkpt>
   <trkpt lat="45.7443490" lon="4.8319940">
    <ele>169.5</ele>
    <time>2025-04-08T08:40:41Z</time>
   </trkpt>
   <trkpt lat="45.7443330" lon="4.8320310">
    <ele>169.5</ele>
    <time>2025-04-08T08:40:42Z</time>
   </trkpt>
   <trkpt lat="45.7443120" lon="4.8320680">
    <ele>169.5</ele>
    <time>2025-04-08T08:40:43Z</time>
   </trkpt>
   <trkpt lat="45.7442970" lon="4.8321080">
    <ele>169.5</ele>
    <time>2025-04-08T08:40:44Z</time>
   </trkpt>
   <trkpt lat="45.7443060" lon="4.8321720">
    <ele>169.5</ele>
    <time>2025-04-08T08:40:45Z</time>
   </trkpt>
   <trkpt lat="45.7442800" lon="4.8322040">
    <ele>169.5</ele>
    <time>2025-04-08T08:40:46Z</time>
   </trkpt>
   <trkpt lat="45.7442560" lon="4.8322450">
    <ele>169.5</ele>
    <time>2025-04-08T08:40:47Z</time>
   </trkpt>
   <trkpt lat="45.7442360" lon="4.8322790">
    <ele>169.5</ele>
    <time>2025-04-08T08:40:48Z</time>
   </trkpt>
   <trkpt lat="45.7442260" lon="4.8323260">
    <ele>169.5</ele>
    <time>2025-04-08T08:40:49Z</time>
   </trkpt>
   <trkpt lat="45.7442060" lon="4.8323600">
    <ele>169.5</ele>
    <time>2025-04-08T08:40:50Z</time>
   </trkpt>
   <trkpt lat="45.7441920" lon="4.8324090">
    <ele>169.4</ele>
    <time>2025-04-08T08:40:51Z</time>
   </trkpt>
   <trkpt lat="45.7441660" lon="4.8324570">
    <ele>169.4</ele>
    <time>2025-04-08T08:40:52Z</time>
   </trkpt>
   <trkpt lat="45.7441570" lon="4.8324800">
    <ele>169.4</ele>
    <time>2025-04-08T08:40:53Z</time>
   </trkpt>
   <trkpt lat="45.7441420" lon="4.8325240">
    <ele>169.4</ele>
    <time>2025-04-08T08:40:54Z</time>
   </trkpt>
   <trkpt lat="45.7441310" lon="4.8325680">
    <ele>169.4</ele>
    <time>2025-04-08T08:40:55Z</time>
   </trkpt>
   <trkpt lat="45.7441240" lon="4.8326090">
    <ele>169.4</ele>
    <time>2025-04-08T08:40:56Z</time>
   </trkpt>
   <trkpt lat="45.7440950" lon="4.8326360">
    <ele>169.3</ele>
    <time>2025-04-08T08:40:57Z</time>
   </trkpt>
   <trkpt lat="45.7440740" lon="4.8326640">
    <ele>169.3</ele>
    <time>2025-04-08T08:40:58Z</time>
   </trkpt>
   <trkpt lat="45.7440510" lon="4.8326930">
    <ele>169.3</ele>
    <time>2025-04-08T08:40:59Z</time>
   </trkpt>
   <trkpt lat="45.7440140" lon="4.8327140">
    <ele>169.2</ele>
    <time>2025-04-08T08:41:00Z</time>
   </trkpt>
   <trkpt lat="45.7439850" lon="4.8327390">
    <ele>169.2</ele>
    <time>2025-04-08T08:41:01Z</time>
   </trkpt>
   <trkpt lat="45.7439660" lon="4.8327750">
    <ele>169.2</ele>
    <time>2025-04-08T08:41:02Z</time>
   </trkpt>
   <trkpt lat="45.7439530" lon="4.8328230">
    <ele>169.2</ele>
    <time>2025-04-08T08:41:03Z</time>
   </trkpt>
   <trkpt lat="45.7439370" lon="4.8328850">
    <ele>169.1</ele>
    <time>2025-04-08T08:41:04Z</time>
   </trkpt>
   <trkpt lat="45.7439260" lon="4.8329350">
    <ele>169.1</ele>
    <time>2025-04-08T08:41:05Z</time>
   </trkpt>
   <trkpt lat="45.7439190" lon="4.8329920">
    <ele>169.1</ele>
    <time>2025-04-08T08:41:06Z</time>
   </trkpt>
   <trkpt lat="45.7439060" lon="4.8330340">
    <ele>169.0</ele>
    <time>2025-04-08T08:41:07Z</time>
   </trkpt>
   <trkpt lat="45.7438910" lon="4.8330850">
    <ele>169.0</ele>
    <time>2025-04-08T08:41:08Z</time>
   </trkpt>
   <trkpt lat="45.7438830" lon="4.8331430">
    <ele>169.0</ele>
    <time>2025-04-08T08:41:09Z</time>
   </trkpt>
   <trkpt lat="45.7438620" lon="4.8331870">
    <ele>169.0</ele>
    <time>2025-04-08T08:41:10Z</time>
   </trkpt>
   <trkpt lat="45.7438450" lon="4.8332350">
    <ele>169.0</ele>
    <time>2025-04-08T08:41:11Z</time>
   </trkpt>
   <trkpt lat="45.7438330" lon="4.8332810">
    <ele>169.0</ele>
    <time>2025-04-08T08:41:12Z</time>
   </trkpt>
   <trkpt lat="45.7438180" lon="4.8333340">
    <ele>169.0</ele>
    <time>2025-04-08T08:41:13Z</time>
   </trkpt>
   <trkpt lat="45.7438030" lon="4.8333860">
    <ele>169.0</ele>
    <time>2025-04-08T08:41:14Z</time>
   </trkpt>
   <trkpt lat="45.7437870" lon="4.8334250">
    <ele>169.0</ele>
    <time>2025-04-08T08:41:15Z</time>
   </trkpt>
   <trkpt lat="45.7437670" lon="4.8334630">
    <ele>168.9</ele>
    <time>2025-04-08T08:41:16Z</time>
   </trkpt>
   <trkpt lat="45.7437430" lon="4.8334980">
    <ele>168.9</ele>
    <time>2025-04-08T08:41:17Z</time>
   </trkpt>
   <trkpt lat="45.7437090" lon="4.8335130">
    <ele>168.9</ele>
    <time>2025-04-08T08:41:18Z</time>
   </trkpt>
   <trkpt lat="45.7436710" lon="4.8335300">
    <ele>168.9</ele>
    <time>2025-04-08T08:41:19Z</time>
   </trkpt>
   <trkpt lat="45.7436530" lon="4.8335780">
    <ele>168.9</ele>
    <time>2025-04-08T08:41:20Z</time>
   </trkpt>
   <trkpt lat="45.7436480" lon="4.8336380">
    <ele>168.9</ele>
    <time>2025-04-08T08:41:21Z</time>
   </trkpt>
   <trkpt lat="45.7436290" lon="4.8336860">
    <ele>168.9</ele>
    <time>2025-04-08T08:41:22Z</time>
   </trkpt>
   <trkpt lat="45.7436180" lon="4.8337420">
    <ele>168.9</ele>
    <time>2025-04-08T08:41:23Z</time>
   </trkpt>
   <trkpt lat="45.7436020" lon="4.8337890">
    <ele>168.9</ele>
    <time>2025-04-08T08:41:24Z</time>
   </trkpt>
   <trkpt lat="45.7435830" lon="4.8338340">
    <ele>168.9</ele>
    <time>2025-04-08T08:41:25Z</time>
   </trkpt>
   <trkpt lat="45.7435670" lon="4.8338860">
    <ele>168.9</ele>
    <time>2025-04-08T08:41:26Z</time>
   </trkpt>
   <trkpt lat="45.7435510" lon="4.8339270">
    <ele>168.8</ele>
    <time>2025-04-08T08:41:27Z</time>
   </trkpt>
   <trkpt lat="45.7435390" lon="4.8339790">
    <ele>168.8</ele>
    <time>2025-04-08T08:41:28Z</time>
   </trkpt>
   <trkpt lat="45.7435260" lon="4.8340290">
    <ele>168.8</ele>
    <time>2025-04-08T08:41:29Z</time>
   </trkpt>
   <trkpt lat="45.7435000" lon="4.8340710">
    <ele>168.8</ele>
    <time>2025-04-08T08:41:30Z</time>
   </trkpt>
   <trkpt lat="45.7434950" lon="4.8341260">
    <ele>168.8</ele>
    <time>2025-04-08T08:41:31Z</time>
   </trkpt>
   <trkpt lat="45.7434790" lon="4.8341620">
    <ele>168.8</ele>
    <time>2025-04-08T08:41:32Z</time>
   </trkpt>
   <trkpt lat="45.7434600" lon="4.8342140">
    <ele>168.8</ele>
    <time>2025-04-08T08:41:33Z</time>
   </trkpt>
   <trkpt lat="45.7434490" lon="4.8342610">
    <ele>168.9</ele>
    <time>2025-04-08T08:41:34Z</time>
   </trkpt>
   <trkpt lat="45.7434280" lon="4.8343030">
    <ele>169.0</ele>
    <time>2025-04-08T08:41:35Z</time>
   </trkpt>
   <trkpt lat="45.7433940" lon="4.8343080">
    <ele>168.9</ele>
    <time>2025-04-08T08:41:36Z</time>
   </trkpt>
   <trkpt lat="45.7433740" lon="4.8343410">
    <ele>168.9</ele>
    <time>2025-04-08T08:41:37Z</time>
   </trkpt>
   <trkpt lat="45.7433560" lon="4.8343870">
    <ele>168.9</ele>
    <time>2025-04-08T08:41:38Z</time>
   </trkpt>
   <trkpt lat="45.7433390" lon="4.8344390">
    <ele>168.9</ele>
    <time>2025-04-08T08:41:39Z</time>
   </trkpt>
   <trkpt lat="45.7433260" lon="4.8344860">
    <ele>168.9</ele>
    <time>2025-04-08T08:41:40Z</time>
   </trkpt>
   <trkpt lat="45.7432920" lon="4.8345090">
    <ele>168.9</ele>
    <time>2025-04-08T08:41:41Z</time>
   </trkpt>
   <trkpt lat="45.7432580" lon="4.8345210">
    <ele>168.9</ele>
    <time>2025-04-08T08:41:42Z</time>
   </trkpt>
   <trkpt lat="45.7432420" lon="4.8345690">
    <ele>169.0</ele>
    <time>2025-04-08T08:41:43Z</time>
   </trkpt>
   <trkpt lat="45.7432420" lon="4.8345930">
    <ele>169.0</ele>
    <time>2025-04-08T08:41:44Z</time>
   </trkpt>
   <trkpt lat="45.7432570" lon="4.8346270">
    <ele>169.0</ele>
    <time>2025-04-08T08:41:45Z</time>
   </trkpt>
   <trkpt lat="45.7432680" lon="4.8346430">
    <ele>169.0</ele>
    <time>2025-04-08T08:41:46Z</time>
   </trkpt>
  </trkseg>
 </trk>
</gpx>
