<?xml version="1.0" encoding="UTF-8"?>
<gpx creator="StravaGPX" version="1.1" xmlns="http://www.topografix.com/GPX/1/1" xmlns:xsi="http://www.w3.org/2001/XMLSchema-instance" xsi:schemaLocation="http://www.topografix.com/GPX/1/1 http://www.topografix.com/GPX/1/1/gpx.xsd">
 <metadata>
  <time>2026-03-24T17:50:30Z</time>
 </metadata>
 <trk>
  <name>Course à pied le soir</name>
  <type>running</type>
  <trkseg>
   <trkpt lat="45.7567240" lon="4.7805470">
    <ele>224.7</ele>
    <time>2026-03-24T17:50:30Z</time>
   </trkpt>
   <trkpt lat="45.7567900" lon="4.7806330">
    <ele>225.1</ele>
    <time>2026-03-24T17:51:20Z</time>
   </trkpt>
   <trkpt lat="45.7567930" lon="4.7806240">
    <ele>225.1</ele>
    <time>2026-03-24T17:51:21Z</time>
   </trkpt>
   <trkpt lat="45.7567960" lon="4.7806140">
    <ele>225.2</ele>
    <time>2026-03-24T17:51:22Z</time>
   </trkpt>
   <trkpt lat="45.7567990" lon="4.7806040">
    <ele>225.2</ele>
    <time>2026-03-24T17:51:23Z</time>
   </trkpt>
   <trkpt lat="45.7568230" lon="4.7805850">
    <ele>225.3</ele>
    <time>2026-03-24T17:51:24Z</time>
   </trkpt>
   <trkpt lat="45.7568550" lon="4.7805870">
    <ele>225.5</ele>
    <time>2026-03-24T17:51:25Z</time>
   </trkpt>
   <trkpt lat="45.7568880" lon="4.7805860">
    <ele>225.6</ele>
    <time>2026-03-24T17:51:26Z</time>
   </trkpt>
   <trkpt lat="45.7568950" lon="4.7805830">
    <ele>225.6</ele>
    <time>2026-03-24T17:51:27Z</time>
   </trkpt>
   <trkpt lat="45.7569110" lon="4.7805530">
    <ele>225.7</ele>
    <time>2026-03-24T17:51:28Z</time>
   </trkpt>
   <trkpt lat="45.7569150" lon="4.7805320">
    <ele>225.7</ele>
    <time>2026-03-24T17:51:29Z</time>
   </trkpt>
   <trkpt lat="45.7569490" lon="4.7804580">
    <ele>225.6</ele>
    <time>2026-03-24T17:51:30Z</time>
   </trkpt>
   <trkpt lat="45.7569590" lon="4.7804450">
    <ele>225.5</ele>
    <time>2026-03-24T17:51:31Z</time>
   </trkpt>
   <trkpt lat="45.7569690" lon="4.7804150">
    <ele>225.4</ele>
    <time>2026-03-24T17:51:32Z</time>
   </trkpt>
   <trkpt lat="45.7569820" lon="4.7803760">
    <ele>225.1</ele>
    <time>2026-03-24T17:51:33Z</time>
   </trkpt>
   <trkpt lat="45.7569860" lon="4.7803590">
    <ele>225.0</ele>
    <time>2026-03-24T17:51:34Z</time>
   </trkpt>
   <trkpt lat="45.7569990" lon="4.7803170">
    <ele>224.8</ele>
    <time>2026-03-24T17:51:35Z</time>
   </trkpt>
   <trkpt lat="45.7570060" lon="4.7803060">
    <ele>224.7</ele>
    <time>2026-03-24T17:51:36Z</time>
   </trkpt>
   <trkpt lat="45.7570170" lon="4.7802680">
    <ele>224.6</ele>
    <time>2026-03-24T17:51:37Z</time>
   </trkpt>
   <trkpt lat="45.7570260" lon="4.7802150">
    <ele>224.4</ele>
    <time>2026-03-24T17:51:38Z</time>
   </trkpt>
   <trkpt lat="45.7570280" lon="4.7801960">
    <ele>224.4</ele>
    <time>2026-03-24T17:51:39Z</time>
   </trkpt>
   <trkpt lat="45.7570410" lon="4.7801480">
    <ele>224.3</ele>
    <time>2026-03-24T17:51:40Z</time>
   </trkpt>
   <trkpt lat="45.7570420" lon="4.7801280">
    <ele>224.2</ele>
    <time>2026-03-24T17:51:41Z</time>
   </trkpt>
   <trkpt lat="45.7570490" lon="4.7800750">
    <ele>224.1</ele>
    <time>2026-03-24T17:51:42Z</time>
   </trkpt>
   <trkpt lat="45.7570550" lon="4.7800530">
    <ele>224.1</ele>
    <time>2026-03-24T17:51:43Z</time>
   </trkpt>
   <trkpt lat="45.7570700" lon="4.7800000">
    <ele>224.0</ele>
    <time>2026-03-24T17:51:44Z</time>
   </trkpt>
   <trkpt lat="45.7570750" lon="4.7799810">
    <ele>223.9</ele>
    <time>2026-03-24T17:51:45Z</time>
   </trkpt>
   <trkpt lat="45.7570730" lon="4.7799370">
    <ele>223.8</ele>
    <time>2026-03-24T17:51:46Z</time>
   </trkpt>
   <trkpt lat="45.7570830" lon="4.7798970">
    <ele>223.8</ele>
    <time>2026-03-24T17:51:47Z</time>
   </trkpt>
   <trkpt lat="45.7570790" lon="4.7798450">
    <ele>223.7</ele>
    <time>2026-03-24T17:51:48Z</time>
   </trkpt>
   <trkpt lat="45.7570790" lon="4.7798280">
    <ele>223.7</ele>
    <time>2026-03-24T17:51:49Z</time>
   </trkpt>
   <trkpt lat="45.7570980" lon="4.7797820">
    <ele>223.6</ele>
    <time>2026-03-24T17:51:50Z</time>
   </trkpt>
   <trkpt lat="45.7571020" lon="4.7797630">
    <ele>223.5</ele>
    <time>2026-03-24T17:51:51Z</time>
   </trkpt>
   <trkpt lat="45.7571060" lon="4.7797170">
    <ele>223.5</ele>
    <time>2026-03-24T17:51:52Z</time>
   </trkpt>
   <trkpt lat="45.7571080" lon="4.7797040">
    <ele>223.4</ele>
    <time>2026-03-24T17:51:53Z</time>
   </trkpt>
   <trkpt lat="45.7571210" lon="4.7796570">
    <ele>223.4</ele>
    <time>2026-03-24T17:51:54Z</time>
   </trkpt>
   <trkpt lat="45.7571230" lon="4.7796420">
    <ele>223.3</ele>
    <time>2026-03-24T17:51:55Z</time>
   </trkpt>
   <trkpt lat="45.7571270" lon="4.7795970">
    <ele>223.3</ele>
    <time>2026-03-24T17:51:56Z</time>
   </trkpt>
   <trkpt lat="45.7571360" lon="4.7795500">
    <ele>223.2</ele>
    <time>2026-03-24T17:51:57Z</time>
   </trkpt>
   <trkpt lat="45.7571440" lon="4.7794980">
    <ele>223.1</ele>
    <time>2026-03-24T17:51:58Z</time>
   </trkpt>
   <trkpt lat="45.7571550" lon="4.7794380">
    <ele>223.0</ele>
    <time>2026-03-24T17:51:59Z</time>
   </trkpt>
   <trkpt lat="45.7571600" lon="4.7794100">
    <ele>223.0</ele>
    <time>2026-03-24T17:52:00Z</time>
   </trkpt>
   <trkpt lat="45.7571770" lon="4.7793540">
    <ele>222.9</ele>
    <time>2026-03-24T17:52:01Z</time>
   </trkpt>
   <trkpt lat="45.7571810" lon="4.7793310">
    <ele>222.9</ele>
    <time>2026-03-24T17:52:02Z</time>
   </trkpt>
   <trkpt lat="45.7571780" lon="4.7792910">
    <ele>222.8</ele>
    <time>2026-03-24T17:52:03Z</time>
   </trkpt>
   <trkpt lat="45.7571850" lon="4.7792510">
    <ele>222.8</ele>
    <time>2026-03-24T17:52:04Z</time>
   </trkpt>
   <trkpt lat="45.7571950" lon="4.7792100">
    <ele>222.7</ele>
    <time>2026-03-24T17:52:05Z</time>
   </trkpt>
   <trkpt lat="45.7572130" lon="4.7791560">
    <ele>222.7</ele>
    <time>2026-03-24T17:52:06Z</time>
   </trkpt>
   <trkpt lat="45.7572230" lon="4.7791360">
    <ele>222.7</ele>
    <time>2026-03-24T17:52:07Z</time>
   </trkpt>
   <trkpt lat="45.7572260" lon="4.7790940">
    <ele>222.6</ele>
    <time>2026-03-24T17:52:08Z</time>
   </trkpt>
   <trkpt lat="45.7572290" lon="4.7790470">
    <ele>222.6</ele>
    <time>2026-03-24T17:52:09Z</time>
   </trkpt>
   <trkpt lat="45.7572270" lon="4.7790260">
    <ele>222.6</ele>
    <time>2026-03-24T17:52:10Z</time>
   </trkpt>
   <trkpt lat="45.7572250" lon="4.7789720">
    <ele>222.5</ele>
    <time>2026-03-24T17:52:11Z</time>
   </trkpt>
   <trkpt lat="45.7572300" lon="4.7789220">
    <ele>222.5</ele>
    <time>2026-03-24T17:52:12Z</time>
   </trkpt>
   <trkpt lat="45.7572360" lon="4.7788650">
    <ele>222.4</ele>
    <time>2026-03-24T17:52:13Z</time>
   </trkpt>
   <trkpt lat="45.7572340" lon="4.7788440">
    <ele>222.4</ele>
    <time>2026-03-24T17:52:14Z</time>
   </trkpt>
   <trkpt lat="45.7572400" lon="4.7788060">
    <ele>222.4</ele>
    <time>2026-03-24T17:52:15Z</time>
   </trkpt>
   <trkpt lat="45.7572490" lon="4.7787640">
    <ele>222.4</ele>
    <time>2026-03-24T17:52:16Z</time>
   </trkpt>
   <trkpt lat="45.7572490" lon="4.7787170">
    <ele>222.3</ele>
    <time>2026-03-24T17:52:17Z</time>
   </trkpt>
   <trkpt lat="45.7572500" lon="4.7786680">
    <ele>222.3</ele>
    <time>2026-03-24T17:52:18Z</time>
   </trkpt>
   <trkpt lat="45.7572490" lon="4.7786580">
    <ele>222.3</ele>
    <time>2026-03-24T17:52:19Z</time>
   </trkpt>
   <trkpt lat="45.7572720" lon="4.7786280">
    <ele>222.2</ele>
    <time>2026-03-24T17:52:20Z</time>
   </trkpt>
   <trkpt lat="45.7572980" lon="4.7785900">
    <ele>222.2</ele>
    <time>2026-03-24T17:52:21Z</time>
   </trkpt>
   <trkpt lat="45.7573220" lon="4.7785450">
    <ele>222.1</ele>
    <time>2026-03-24T17:52:22Z</time>
   </trkpt>
   <trkpt lat="45.7573260" lon="4.7785210">
    <ele>222.1</ele>
    <time>2026-03-24T17:52:23Z</time>
   </trkpt>
   <trkpt lat="45.7573230" lon="4.7784700">
    <ele>222.1</ele>
    <time>2026-03-24T17:52:24Z</time>
   </trkpt>
   <trkpt lat="45.7573190" lon="4.7784540">
    <ele>222.0</ele>
    <time>2026-03-24T17:52:25Z</time>
   </trkpt>
   <trkpt lat="45.7572960" lon="4.7784020">
    <ele>222.0</ele>
    <time>2026-03-24T17:52:26Z</time>
   </trkpt>
   <trkpt lat="45.7572840" lon="4.7783520">
    <ele>221.9</ele>
    <time>2026-03-24T17:52:27Z</time>
   </trkpt>
   <trkpt lat="45.7572740" lon="4.7783160">
    <ele>221.9</ele>
    <time>2026-03-24T17:52:28Z</time>
   </trkpt>
   <trkpt lat="45.7572630" lon="4.7782730">
    <ele>221.9</ele>
    <time>2026-03-24T17:52:29Z</time>
   </trkpt>
   <trkpt lat="45.7572590" lon="4.7782590">
    <ele>221.9</ele>
    <time>2026-03-24T17:52:30Z</time>
   </trkpt>
   <trkpt lat="45.7572280" lon="4.7782420">
    <ele>221.9</ele>
    <time>2026-03-24T17:52:31Z</time>
   </trkpt>
   <trkpt lat="45.7571980" lon="4.7782170">
    <ele>221.9</ele>
    <time>2026-03-24T17:52:32Z</time>
   </trkpt>
   <trkpt lat="45.7571800" lon="4.7782110">
    <ele>221.9</ele>
    <time>2026-03-24T17:52:33Z</time>
   </trkpt>
   <trkpt lat="45.7571440" lon="4.7782110">
    <ele>221.9</ele>
    <time>2026-03-24T17:52:34Z</time>
   </trkpt>
   <trkpt lat="45.7571090" lon="4.7782070">
    <ele>221.9</ele>
    <time>2026-03-24T17:52:35Z</time>
   </trkpt>
   <trkpt lat="45.7570870" lon="4.7782030">
    <ele>221.9</ele>
    <time>2026-03-24T17:52:36Z</time>
   </trkpt>
   <trkpt lat="45.7570530" lon="4.7781980">
    <ele>221.8</ele>
    <time>2026-03-24T17:52:38Z</time>
   </trkpt>
   <trkpt lat="45.7570430" lon="4.7781940">
    <ele>221.8</ele>
    <time>2026-03-24T17:52:39Z</time>
   </trkpt>
   <trkpt lat="45.7570270" lon="4.7781620">
    <ele>221.8</ele>
    <time>2026-03-24T17:52:40Z</time>
   </trkpt>
   <trkpt lat="45.7569960" lon="4.7781280">
    <ele>221.8</ele>
    <time>2026-03-24T17:52:41Z</time>
   </trkpt>
   <trkpt lat="45.7569850" lon="4.7781120">
    <ele>221.8</ele>
    <time>2026-03-24T17:52:42Z</time>
   </trkpt>
   <trkpt lat="45.7569550" lon="4.7780910">
    <ele>221.8</ele>
    <time>2026-03-24T17:52:43Z</time>
   </trkpt>
   <trkpt lat="45.7569200" lon="4.7780800">
    <ele>221.8</ele>
    <time>2026-03-24T17:52:44Z</time>
   </trkpt>
   <trkpt lat="45.7569080" lon="4.7780770">
    <ele>221.8</ele>
    <time>2026-03-24T17:52:45Z</time>
   </trkpt>
   <trkpt lat="45.7568800" lon="4.7780750">
    <ele>221.8</ele>
    <time>2026-03-24T17:52:46Z</time>
   </trkpt>
   <trkpt lat="45.7568670" lon="4.7780320">
    <ele>221.7</ele>
    <time>2026-03-24T17:52:47Z</time>
   </trkpt>
   <trkpt lat="45.7568370" lon="4.7780230">
    <ele>221.7</ele>
    <time>2026-03-24T17:52:48Z</time>
   </trkpt>
   <trkpt lat="45.7568260" lon="4.7780160">
    <ele>221.7</ele>
    <time>2026-03-24T17:52:49Z</time>
   </trkpt>
   <trkpt lat="45.7567890" lon="4.7780230">
    <ele>221.7</ele>
    <time>2026-03-24T17:52:50Z</time>
   </trkpt>
   <trkpt lat="45.7567600" lon="4.7780440">
    <ele>221.7</ele>
    <time>2026-03-24T17:52:51Z</time>
   </trkpt>
   <trkpt lat="45.7567100" lon="4.7780290">
    <ele>221.7</ele>
    <time>2026-03-24T17:52:52Z</time>
   </trkpt>
   <trkpt lat="45.7566850" lon="4.7780230">
    <ele>221.7</ele>
    <time>2026-03-24T17:52:53Z</time>
   </trkpt>
   <trkpt lat="45.7566440" lon="4.7780190">
    <ele>221.7</ele>
    <time>2026-03-24T17:52:54Z</time>
   </trkpt>
   <trkpt lat="45.7566190" lon="4.7779920">
    <ele>221.6</ele>
    <time>2026-03-24T17:52:55Z</time>
   </trkpt>
   <trkpt lat="45.7565940" lon="4.7779510">
    <ele>221.6</ele>
    <time>2026-03-24T17:52:56Z</time>
   </trkpt>
   <trkpt lat="45.7565570" lon="4.7779320">
    <ele>221.6</ele>
    <time>2026-03-24T17:52:57Z</time>
   </trkpt>
   <trkpt lat="45.7565420" lon="4.7779280">
    <ele>221.6</ele>
    <time>2026-03-24T17:52:58Z</time>
   </trkpt>
   <trkpt lat="45.7565100" lon="4.7779040">
    <ele>221.6</ele>
    <time>2026-03-24T17:52:59Z</time>
   </trkpt>
   <trkpt lat="45.7565000" lon="4.7778960">
    <ele>221.6</ele>
    <time>2026-03-24T17:53:00Z</time>
   </trkpt>
   <trkpt lat="45.7564690" lon="4.7778640">
    <ele>221.6</ele>
    <time>2026-03-24T17:53:01Z</time>
   </trkpt>
   <trkpt lat="45.7564580" lon="4.7778560">
    <ele>221.6</ele>
    <time>2026-03-24T17:53:02Z</time>
   </trkpt>
   <trkpt lat="45.7564220" lon="4.7778310">
    <ele>221.5</ele>
    <time>2026-03-24T17:53:03Z</time>
   </trkpt>
   <trkpt lat="45.7564110" lon="4.7778200">
    <ele>221.5</ele>
    <time>2026-03-24T17:53:04Z</time>
   </trkpt>
   <trkpt lat="45.7563920" lon="4.7777760">
    <ele>221.5</ele>
    <time>2026-03-24T17:53:05Z</time>
   </trkpt>
   <trkpt lat="45.7563830" lon="4.7777640">
    <ele>221.5</ele>
    <time>2026-03-24T17:53:06Z</time>
   </trkpt>
   <trkpt lat="45.7563530" lon="4.7777570">
    <ele>221.5</ele>
    <time>2026-03-24T17:53:07Z</time>
   </trkpt>
   <trkpt lat="45.7563220" lon="4.7777630">
    <ele>221.5</ele>
    <time>2026-03-24T17:53:08Z</time>
   </trkpt>
   <trkpt lat="45.7562830" lon="4.7777010">
    <ele>221.4</ele>
    <time>2026-03-24T17:53:09Z</time>
   </trkpt>
   <trkpt lat="45.7562590" lon="4.7776610">
    <ele>221.4</ele>
    <time>2026-03-24T17:53:10Z</time>
   </trkpt>
   <trkpt lat="45.7562500" lon="4.7776490">
    <ele>221.4</ele>
    <time>2026-03-24T17:53:11Z</time>
   </trkpt>
   <trkpt lat="45.7562290" lon="4.7776190">
    <ele>221.4</ele>
    <time>2026-03-24T17:53:12Z</time>
   </trkpt>
   <trkpt lat="45.7562170" lon="4.7776100">
    <ele>221.4</ele>
    <time>2026-03-24T17:53:13Z</time>
   </trkpt>
   <trkpt lat="45.7561880" lon="4.7775870">
    <ele>221.4</ele>
    <time>2026-03-24T17:53:14Z</time>
   </trkpt>
   <trkpt lat="45.7561620" lon="4.7775660">
    <ele>221.4</ele>
    <time>2026-03-24T17:53:15Z</time>
   </trkpt>
   <trkpt lat="45.7561480" lon="4.7775730">
    <ele>221.4</ele>
    <time>2026-03-24T17:53:16Z</time>
   </trkpt>
   <trkpt lat="45.7561210" lon="4.7775410">
    <ele>221.4</ele>
    <time>2026-03-24T17:53:17Z</time>
   </trkpt>
   <trkpt lat="45.7561080" lon="4.7775380">
    <ele>221.4</ele>
    <time>2026-03-24T17:53:18Z</time>
   </trkpt>
   <trkpt lat="45.7560780" lon="4.7775170">
    <ele>221.4</ele>
    <time>2026-03-24T17:53:19Z</time>
   </trkpt>
   <trkpt lat="45.7560420" lon="4.7774960">
    <ele>221.4</ele>
    <time>2026-03-24T17:53:20Z</time>
   </trkpt>
   <trkpt lat="45.7560100" lon="4.7774720">
    <ele>221.4</ele>
    <time>2026-03-24T17:53:21Z</time>
   </trkpt>
   <trkpt lat="45.7560010" lon="4.7774670">
    <ele>221.4</ele>
    <time>2026-03-24T17:53:22Z</time>
   </trkpt>
   <trkpt lat="45.7559710" lon="4.7774450">
    <ele>221.4</ele>
    <time>2026-03-24T17:53:23Z</time>
   </trkpt>
   <trkpt lat="45.7559640" lon="4.7774340">
    <ele>221.4</ele>
    <time>2026-03-24T17:53:24Z</time>
   </trkpt>
   <trkpt lat="45.7559350" lon="4.7774160">
    <ele>221.4</ele>
    <time>2026-03-24T17:53:25Z</time>
   </trkpt>
   <trkpt lat="45.7559250" lon="4.7774070">
    <ele>221.4</ele>
    <time>2026-03-24T17:53:26Z</time>
   </trkpt>
   <trkpt lat="45.7558930" lon="4.7773740">
    <ele>221.4</ele>
    <time>2026-03-24T17:53:27Z</time>
   </trkpt>
   <trkpt lat="45.7558820" lon="4.7773640">
    <ele>221.3</ele>
    <time>2026-03-24T17:53:28Z</time>
   </trkpt>
   <trkpt lat="45.7558630" lon="4.7773350">
    <ele>221.3</ele>
    <time>2026-03-24T17:53:29Z</time>
   </trkpt>
   <trkpt lat="45.7558380" lon="4.7773000">
    <ele>221.3</ele>
    <time>2026-03-24T17:53:30Z</time>
   </trkpt>
   <trkpt lat="45.7558340" lon="4.7772830">
    <ele>221.3</ele>
    <time>2026-03-24T17:53:31Z</time>
   </trkpt>
   <trkpt lat="45.7558040" lon="4.7772510">
    <ele>221.3</ele>
    <time>2026-03-24T17:53:32Z</time>
   </trkpt>
   <trkpt lat="45.7557940" lon="4.7772420">
    <ele>221.3</ele>
    <time>2026-03-24T17:53:33Z</time>
   </trkpt>
   <trkpt lat="45.7557710" lon="4.7772190">
    <ele>221.3</ele>
    <time>2026-03-24T17:53:34Z</time>
   </trkpt>
   <trkpt lat="45.7557420" lon="4.7771760">
    <ele>221.2</ele>
    <time>2026-03-24T17:53:35Z</time>
   </trkpt>
   <trkpt lat="45.7557270" lon="4.7771610">
    <ele>221.2</ele>
    <time>2026-03-24T17:53:36Z</time>
   </trkpt>
   <trkpt lat="45.7557010" lon="4.7771230">
    <ele>221.2</ele>
    <time>2026-03-24T17:53:37Z</time>
   </trkpt>
   <trkpt lat="45.7556940" lon="4.7771060">
    <ele>221.2</ele>
    <time>2026-03-24T17:53:38Z</time>
   </trkpt>
   <trkpt lat="45.7556670" lon="4.7770720">
    <ele>221.2</ele>
    <time>2026-03-24T17:53:39Z</time>
   </trkpt>
   <trkpt lat="45.7556620" lon="4.7770580">
    <ele>221.2</ele>
    <time>2026-03-24T17:53:40Z</time>
   </trkpt>
   <trkpt lat="45.7556430" lon="4.7770240">
    <ele>221.1</ele>
    <time>2026-03-24T17:53:41Z</time>
   </trkpt>
   <trkpt lat="45.7556210" lon="4.7769830">
    <ele>221.1</ele>
    <time>2026-03-24T17:53:42Z</time>
   </trkpt>
   <trkpt lat="45.7556140" lon="4.7769690">
    <ele>221.1</ele>
    <time>2026-03-24T17:53:43Z</time>
   </trkpt>
   <trkpt lat="45.7555970" lon="4.7769280">
    <ele>221.1</ele>
    <time>2026-03-24T17:53:44Z</time>
   </trkpt>
   <trkpt lat="45.7555800" lon="4.7768820">
    <ele>221.0</ele>
    <time>2026-03-24T17:53:45Z</time>
   </trkpt>
   <trkpt lat="45.7555750" lon="4.7768650">
    <ele>221.0</ele>
    <time>2026-03-24T17:53:46Z</time>
   </trkpt>
   <trkpt lat="45.7555500" lon="4.7768300">
    <ele>220.9</ele>
    <time>2026-03-24T17:53:47Z</time>
   </trkpt>
   <trkpt lat="45.7555440" lon="4.7768140">
    <ele>220.9</ele>
    <time>2026-03-24T17:53:48Z</time>
   </trkpt>
   <trkpt lat="45.7555290" lon="4.7767690">
    <ele>220.9</ele>
    <time>2026-03-24T17:53:49Z</time>
   </trkpt>
   <trkpt lat="45.7555240" lon="4.7767530">
    <ele>220.9</ele>
    <time>2026-03-24T17:53:50Z</time>
   </trkpt>
   <trkpt lat="45.7555180" lon="4.7767120">
    <ele>220.8</ele>
    <time>2026-03-24T17:53:51Z</time>
   </trkpt>
   <trkpt lat="45.7555160" lon="4.7766960">
    <ele>220.8</ele>
    <time>2026-03-24T17:53:52Z</time>
   </trkpt>
   <trkpt lat="45.7555070" lon="4.7766590">
    <ele>220.8</ele>
    <time>2026-03-24T17:53:53Z</time>
   </trkpt>
   <trkpt lat="45.7554850" lon="4.7766170">
    <ele>220.7</ele>
    <time>2026-03-24T17:53:54Z</time>
   </trkpt>
   <trkpt lat="45.7554780" lon="4.7765750">
    <ele>220.7</ele>
    <time>2026-03-24T17:53:55Z</time>
   </trkpt>
   <trkpt lat="45.7554570" lon="4.7765380">
    <ele>220.6</ele>
    <time>2026-03-24T17:53:56Z</time>
   </trkpt>
   <trkpt lat="45.7554470" lon="4.7765270">
    <ele>220.6</ele>
    <time>2026-03-24T17:53:57Z</time>
   </trkpt>
   <trkpt lat="45.7554380" lon="4.7764790">
    <ele>220.6</ele>
    <time>2026-03-24T17:53:58Z</time>
   </trkpt>
   <trkpt lat="45.7554310" lon="4.7764630">
    <ele>220.5</ele>
    <time>2026-03-24T17:53:59Z</time>
   </trkpt>
   <trkpt lat="45.7554090" lon="4.7764320">
    <ele>220.5</ele>
    <time>2026-03-24T17:54:00Z</time>
   </trkpt>
   <trkpt lat="45.7553870" lon="4.7763820">
    <ele>220.4</ele>
    <time>2026-03-24T17:54:01Z</time>
   </trkpt>
   <trkpt lat="45.7553800" lon="4.7763640">
    <ele>220.4</ele>
    <time>2026-03-24T17:54:02Z</time>
   </trkpt>
   <trkpt lat="45.7553710" lon="4.7763200">
    <ele>220.4</ele>
    <time>2026-03-24T17:54:03Z</time>
   </trkpt>
   <trkpt lat="45.7553450" lon="4.7762740">
    <ele>220.3</ele>
    <time>2026-03-24T17:54:04Z</time>
   </trkpt>
   <trkpt lat="45.7553350" lon="4.7762570">
    <ele>220.3</ele>
    <time>2026-03-24T17:54:05Z</time>
   </trkpt>
   <trkpt lat="45.7553290" lon="4.7762160">
    <ele>220.2</ele>
    <time>2026-03-24T17:54:06Z</time>
   </trkpt>
   <trkpt lat="45.7553180" lon="4.7761800">
    <ele>220.2</ele>
    <time>2026-03-24T17:54:07Z</time>
   </trkpt>
   <trkpt lat="45.7553020" lon="4.7761310">
    <ele>220.1</ele>
    <time>2026-03-24T17:54:08Z</time>
   </trkpt>
   <trkpt lat="45.7552940" lon="4.7761190">
    <ele>220.1</ele>
    <time>2026-03-24T17:54:09Z</time>
   </trkpt>
   <trkpt lat="45.7552710" lon="4.7760790">
    <ele>220.0</ele>
    <time>2026-03-24T17:54:10Z</time>
   </trkpt>
   <trkpt lat="45.7552410" lon="4.7760600">
    <ele>220.0</ele>
    <time>2026-03-24T17:54:11Z</time>
   </trkpt>
   <trkpt lat="45.7552290" lon="4.7760120">
    <ele>219.9</ele>
    <time>2026-03-24T17:54:12Z</time>
   </trkpt>
   <trkpt lat="45.7552260" lon="4.7759950">
    <ele>219.9</ele>
    <time>2026-03-24T17:54:13Z</time>
   </trkpt>
   <trkpt lat="45.7552190" lon="4.7759520">
    <ele>219.8</ele>
    <time>2026-03-24T17:54:14Z</time>
   </trkpt>
   <trkpt lat="45.7552120" lon="4.7758970">
    <ele>219.8</ele>
    <time>2026-03-24T17:54:15Z</time>
   </trkpt>
   <trkpt lat="45.7552140" lon="4.7758780">
    <ele>219.8</ele>
    <time>2026-03-24T17:54:16Z</time>
   </trkpt>
   <trkpt lat="45.7552010" lon="4.7758320">
    <ele>219.7</ele>
    <time>2026-03-24T17:54:17Z</time>
   </trkpt>
   <trkpt lat="45.7551950" lon="4.7758160">
    <ele>219.7</ele>
    <time>2026-03-24T17:54:18Z</time>
   </trkpt>
   <trkpt lat="45.7551860" lon="4.7757690">
    <ele>219.6</ele>
    <time>2026-03-24T17:54:19Z</time>
   </trkpt>
   <trkpt lat="45.7551800" lon="4.7757210">
    <ele>219.6</ele>
    <time>2026-03-24T17:54:20Z</time>
   </trkpt>
   <trkpt lat="45.7551750" lon="4.7757040">
    <ele>219.5</ele>
    <time>2026-03-24T17:54:21Z</time>
   </trkpt>
   <trkpt lat="45.7551600" lon="4.7756690">
    <ele>219.5</ele>
    <time>2026-03-24T17:54:22Z</time>
   </trkpt>
   <trkpt lat="45.7551510" lon="4.7756590">
    <ele>219.5</ele>
    <time>2026-03-24T17:54:23Z</time>
   </trkpt>
   <trkpt lat="45.7551460" lon="4.7756210">
    <ele>219.4</ele>
    <time>2026-03-24T17:54:24Z</time>
   </trkpt>
   <trkpt lat="45.7551370" lon="4.7755700">
    <ele>219.4</ele>
    <time>2026-03-24T17:54:25Z</time>
   </trkpt>
   <trkpt lat="45.7551360" lon="4.7755520">
    <ele>219.3</ele>
    <time>2026-03-24T17:54:26Z</time>
   </trkpt>
   <trkpt lat="45.7551320" lon="4.7755090">
    <ele>219.3</ele>
    <time>2026-03-24T17:54:27Z</time>
   </trkpt>
   <trkpt lat="45.7551290" lon="4.7754940">
    <ele>219.3</ele>
    <time>2026-03-24T17:54:28Z</time>
   </trkpt>
   <trkpt lat="45.7551240" lon="4.7754470">
    <ele>219.2</ele>
    <time>2026-03-24T17:54:29Z</time>
   </trkpt>
   <trkpt lat="45.7551230" lon="4.7754340">
    <ele>219.2</ele>
    <time>2026-03-24T17:54:30Z</time>
   </trkpt>
   <trkpt lat="45.7551210" lon="4.7753940">
    <ele>219.1</ele>
    <time>2026-03-24T17:54:31Z</time>
   </trkpt>
   <trkpt lat="45.7551120" lon="4.7753410">
    <ele>219.1</ele>
    <time>2026-03-24T17:54:32Z</time>
   </trkpt>
   <trkpt lat="45.7551060" lon="4.7753250">
    <ele>219.1</ele>
    <time>2026-03-24T17:54:33Z</time>
   </trkpt>
   <trkpt lat="45.7550990" lon="4.7752690">
    <ele>219.0</ele>
    <time>2026-03-24T17:54:34Z</time>
   </trkpt>
   <trkpt lat="45.7551000" lon="4.7752420">
    <ele>219.0</ele>
    <time>2026-03-24T17:54:35Z</time>
   </trkpt>
   <trkpt lat="45.7550930" lon="4.7751970">
    <ele>218.9</ele>
    <time>2026-03-24T17:54:36Z</time>
   </trkpt>
   <trkpt lat="45.7550960" lon="4.7751770">
    <ele>218.9</ele>
    <time>2026-03-24T17:54:37Z</time>
   </trkpt>
   <trkpt lat="45.7550950" lon="4.7751270">
    <ele>218.8</ele>
    <time>2026-03-24T17:54:38Z</time>
   </trkpt>
   <trkpt lat="45.7550950" lon="4.7751050">
    <ele>218.8</ele>
    <time>2026-03-24T17:54:39Z</time>
   </trkpt>
   <trkpt lat="45.7550840" lon="4.7750520">
    <ele>218.7</ele>
    <time>2026-03-24T17:54:40Z</time>
   </trkpt>
   <trkpt lat="45.7550820" lon="4.7750080">
    <ele>218.7</ele>
    <time>2026-03-24T17:54:41Z</time>
   </trkpt>
   <trkpt lat="45.7550800" lon="4.7749940">
    <ele>218.6</ele>
    <time>2026-03-24T17:54:42Z</time>
   </trkpt>
   <trkpt lat="45.7550810" lon="4.7749470">
    <ele>218.6</ele>
    <time>2026-03-24T17:54:44Z</time>
   </trkpt>
   <trkpt lat="45.7550790" lon="4.7749340">
    <ele>218.5</ele>
    <time>2026-03-24T17:54:45Z</time>
   </trkpt>
   <trkpt lat="45.7550750" lon="4.7748700">
    <ele>218.5</ele>
    <time>2026-03-24T17:54:46Z</time>
   </trkpt>
   <trkpt lat="45.7550700" lon="4.7748440">
    <ele>218.4</ele>
    <time>2026-03-24T17:54:47Z</time>
   </trkpt>
   <trkpt lat="45.7550620" lon="4.7748030">
    <ele>218.4</ele>
    <time>2026-03-24T17:54:48Z</time>
   </trkpt>
   <trkpt lat="45.7550520" lon="4.7747640">
    <ele>218.3</ele>
    <time>2026-03-24T17:54:49Z</time>
   </trkpt>
   <trkpt lat="45.7550460" lon="4.7747240">
    <ele>218.2</ele>
    <time>2026-03-24T17:54:50Z</time>
   </trkpt>
   <trkpt lat="45.7550300" lon="4.7746810">
    <ele>218.2</ele>
    <time>2026-03-24T17:54:51Z</time>
   </trkpt>
   <trkpt lat="45.7550180" lon="4.7746330">
    <ele>218.1</ele>
    <time>2026-03-24T17:54:52Z</time>
   </trkpt>
   <trkpt lat="45.7550130" lon="4.7746160">
    <ele>218.1</ele>
    <time>2026-03-24T17:54:53Z</time>
   </trkpt>
   <trkpt lat="45.7550000" lon="4.7745580">
    <ele>218.1</ele>
    <time>2026-03-24T17:54:54Z</time>
   </trkpt>
   <trkpt lat="45.7549920" lon="4.7745350">
    <ele>218.0</ele>
    <time>2026-03-24T17:54:55Z</time>
   </trkpt>
   <trkpt lat="45.7549750" lon="4.7744980">
    <ele>218.0</ele>
    <time>2026-03-24T17:54:56Z</time>
   </trkpt>
   <trkpt lat="45.7549750" lon="4.7744550">
    <ele>218.0</ele>
    <time>2026-03-24T17:54:57Z</time>
   </trkpt>
   <trkpt lat="45.7549750" lon="4.7743960">
    <ele>217.9</ele>
    <time>2026-03-24T17:54:58Z</time>
   </trkpt>
   <trkpt lat="45.7549740" lon="4.7743710">
    <ele>217.9</ele>
    <time>2026-03-24T17:54:59Z</time>
   </trkpt>
   <trkpt lat="45.7549560" lon="4.7743230">
    <ele>217.8</ele>
    <time>2026-03-24T17:55:00Z</time>
   </trkpt>
   <trkpt lat="45.7549480" lon="4.7743100">
    <ele>217.8</ele>
    <time>2026-03-24T17:55:01Z</time>
   </trkpt>
   <trkpt lat="45.7549450" lon="4.7742570">
    <ele>217.8</ele>
    <time>2026-03-24T17:55:02Z</time>
   </trkpt>
   <trkpt lat="45.7549430" lon="4.7742410">
    <ele>217.8</ele>
    <time>2026-03-24T17:55:03Z</time>
   </trkpt>
   <trkpt lat="45.7549330" lon="4.7742030">
    <ele>217.7</ele>
    <time>2026-03-24T17:55:04Z</time>
   </trkpt>
   <trkpt lat="45.7549150" lon="4.7741400">
    <ele>217.7</ele>
    <time>2026-03-24T17:55:05Z</time>
   </trkpt>
   <trkpt lat="45.7549070" lon="4.7741120">
    <ele>217.6</ele>
    <time>2026-03-24T17:55:06Z</time>
   </trkpt>
   <trkpt lat="45.7548840" lon="4.7740720">
    <ele>217.6</ele>
    <time>2026-03-24T17:55:07Z</time>
   </trkpt>
   <trkpt lat="45.7548700" lon="4.7740280">
    <ele>217.6</ele>
    <time>2026-03-24T17:55:08Z</time>
   </trkpt>
   <trkpt lat="45.7548510" lon="4.7739850">
    <ele>217.5</ele>
    <time>2026-03-24T17:55:09Z</time>
   </trkpt>
   <trkpt lat="45.7548300" lon="4.7739470">
    <ele>217.5</ele>
    <time>2026-03-24T17:55:10Z</time>
   </trkpt>
   <trkpt lat="45.7548220" lon="4.7739280">
    <ele>217.5</ele>
    <time>2026-03-24T17:55:11Z</time>
   </trkpt>
   <trkpt lat="45.7547910" lon="4.7739070">
    <ele>217.5</ele>
    <time>2026-03-24T17:55:12Z</time>
   </trkpt>
   <trkpt lat="45.7547650" lon="4.7738590">
    <ele>217.4</ele>
    <time>2026-03-24T17:55:13Z</time>
   </trkpt>
   <trkpt lat="45.7547540" lon="4.7738440">
    <ele>217.4</ele>
    <time>2026-03-24T17:55:14Z</time>
   </trkpt>
   <trkpt lat="45.7547260" lon="4.7738050">
    <ele>217.4</ele>
    <time>2026-03-24T17:55:15Z</time>
   </trkpt>
   <trkpt lat="45.7547140" lon="4.7737930">
    <ele>217.4</ele>
    <time>2026-03-24T17:55:16Z</time>
   </trkpt>
   <trkpt lat="45.7546940" lon="4.7737580">
    <ele>217.3</ele>
    <time>2026-03-24T17:55:17Z</time>
   </trkpt>
   <trkpt lat="45.7546850" lon="4.7737040">
    <ele>217.3</ele>
    <time>2026-03-24T17:55:18Z</time>
   </trkpt>
   <trkpt lat="45.7546800" lon="4.7736880">
    <ele>217.3</ele>
    <time>2026-03-24T17:55:19Z</time>
   </trkpt>
   <trkpt lat="45.7546640" lon="4.7736540">
    <ele>217.3</ele>
    <time>2026-03-24T17:55:20Z</time>
   </trkpt>
   <trkpt lat="45.7546390" lon="4.7736250">
    <ele>217.2</ele>
    <time>2026-03-24T17:55:21Z</time>
   </trkpt>
   <trkpt lat="45.7546220" lon="4.7735950">
    <ele>217.2</ele>
    <time>2026-03-24T17:55:22Z</time>
   </trkpt>
   <trkpt lat="45.7546070" lon="4.7735590">
    <ele>217.2</ele>
    <time>2026-03-24T17:55:23Z</time>
   </trkpt>
   <trkpt lat="45.7545800" lon="4.7735210">
    <ele>217.1</ele>
    <time>2026-03-24T17:55:24Z</time>
   </trkpt>
   <trkpt lat="45.7545720" lon="4.7735100">
    <ele>217.1</ele>
    <time>2026-03-24T17:55:25Z</time>
   </trkpt>
   <trkpt lat="45.7545440" lon="4.7734750">
    <ele>217.1</ele>
    <time>2026-03-24T17:55:26Z</time>
   </trkpt>
   <trkpt lat="45.7545330" lon="4.7734670">
    <ele>217.1</ele>
    <time>2026-03-24T17:55:27Z</time>
   </trkpt>
   <trkpt lat="45.7545010" lon="4.7734390">
    <ele>217.0</ele>
    <time>2026-03-24T17:55:28Z</time>
   </trkpt>
   <trkpt lat="45.7544890" lon="4.7734290">
    <ele>217.0</ele>
    <time>2026-03-24T17:55:29Z</time>
   </trkpt>
   <trkpt lat="45.7544660" lon="4.7733920">
    <ele>217.0</ele>
    <time>2026-03-24T17:55:30Z</time>
   </trkpt>
   <trkpt lat="45.7544560" lon="4.7733770">
    <ele>217.0</ele>
    <time>2026-03-24T17:55:31Z</time>
   </trkpt>
   <trkpt lat="45.7544380" lon="4.7733430">
    <ele>217.0</ele>
    <time>2026-03-24T17:55:32Z</time>
   </trkpt>
   <trkpt lat="45.7544260" lon="4.7733330">
    <ele>216.9</ele>
    <time>2026-03-24T17:55:33Z</time>
   </trkpt>
   <trkpt lat="45.7544030" lon="4.7733070">
    <ele>216.9</ele>
    <time>2026-03-24T17:55:34Z</time>
   </trkpt>
   <trkpt lat="45.7543820" lon="4.7732780">
    <ele>216.9</ele>
    <time>2026-03-24T17:55:35Z</time>
   </trkpt>
   <trkpt lat="45.7543720" lon="4.7732260">
    <ele>216.9</ele>
    <time>2026-03-24T17:55:36Z</time>
   </trkpt>
   <trkpt lat="45.7543690" lon="4.7732070">
    <ele>216.9</ele>
    <time>2026-03-24T17:55:37Z</time>
   </trkpt>
   <trkpt lat="45.7543470" lon="4.7731770">
    <ele>216.8</ele>
    <time>2026-03-24T17:55:38Z</time>
   </trkpt>
   <trkpt lat="45.7543340" lon="4.7731430">
    <ele>216.8</ele>
    <time>2026-03-24T17:55:39Z</time>
   </trkpt>
   <trkpt lat="45.7543090" lon="4.7731160">
    <ele>216.8</ele>
    <time>2026-03-24T17:55:40Z</time>
   </trkpt>
   <trkpt lat="45.7542830" lon="4.7730770">
    <ele>216.7</ele>
    <time>2026-03-24T17:55:41Z</time>
   </trkpt>
   <trkpt lat="45.7542770" lon="4.7730610">
    <ele>216.7</ele>
    <time>2026-03-24T17:55:42Z</time>
   </trkpt>
   <trkpt lat="45.7542590" lon="4.7730200">
    <ele>216.7</ele>
    <time>2026-03-24T17:55:43Z</time>
   </trkpt>
   <trkpt lat="45.7542210" lon="4.7730070">
    <ele>216.6</ele>
    <time>2026-03-24T17:55:44Z</time>
   </trkpt>
   <trkpt lat="45.7541970" lon="4.7729600">
    <ele>216.6</ele>
    <time>2026-03-24T17:55:45Z</time>
   </trkpt>
   <trkpt lat="45.7541870" lon="4.7729400">
    <ele>216.6</ele>
    <time>2026-03-24T17:55:46Z</time>
   </trkpt>
   <trkpt lat="45.7541610" lon="4.7729020">
    <ele>216.6</ele>
    <time>2026-03-24T17:55:47Z</time>
   </trkpt>
   <trkpt lat="45.7541520" lon="4.7728890">
    <ele>216.6</ele>
    <time>2026-03-24T17:55:48Z</time>
   </trkpt>
   <trkpt lat="45.7541240" lon="4.7728630">
    <ele>216.5</ele>
    <time>2026-03-24T17:55:49Z</time>
   </trkpt>
   <trkpt lat="45.7540910" lon="4.7728400">
    <ele>216.5</ele>
    <time>2026-03-24T17:55:50Z</time>
   </trkpt>
   <trkpt lat="45.7540570" lon="4.7728140">
    <ele>216.5</ele>
    <time>2026-03-24T17:55:51Z</time>
   </trkpt>
   <trkpt lat="45.7540410" lon="4.7728040">
    <ele>216.5</ele>
    <time>2026-03-24T17:55:52Z</time>
   </trkpt>
   <trkpt lat="45.7540120" lon="4.7727890">
    <ele>216.4</ele>
    <time>2026-03-24T17:55:53Z</time>
   </trkpt>
   <trkpt lat="45.7539820" lon="4.7727660">
    <ele>216.4</ele>
    <time>2026-03-24T17:55:54Z</time>
   </trkpt>
   <trkpt lat="45.7539540" lon="4.7727490">
    <ele>216.4</ele>
    <time>2026-03-24T17:55:55Z</time>
   </trkpt>
   <trkpt lat="45.7539200" lon="4.7727300">
    <ele>216.3</ele>
    <time>2026-03-24T17:55:56Z</time>
   </trkpt>
   <trkpt lat="45.7539090" lon="4.7727240">
    <ele>216.3</ele>
    <time>2026-03-24T17:55:57Z</time>
   </trkpt>
   <trkpt lat="45.7538860" lon="4.7726900">
    <ele>216.3</ele>
    <time>2026-03-24T17:55:58Z</time>
   </trkpt>
   <trkpt lat="45.7538700" lon="4.7726810">
    <ele>216.3</ele>
    <time>2026-03-24T17:55:59Z</time>
   </trkpt>
   <trkpt lat="45.7538420" lon="4.7726600">
    <ele>216.3</ele>
    <time>2026-03-24T17:56:00Z</time>
   </trkpt>
   <trkpt lat="45.7538090" lon="4.7726400">
    <ele>216.3</ele>
    <time>2026-03-24T17:56:01Z</time>
   </trkpt>
   <trkpt lat="45.7537970" lon="4.7726360">
    <ele>216.3</ele>
    <time>2026-03-24T17:56:02Z</time>
   </trkpt>
   <trkpt lat="45.7537690" lon="4.7726040">
    <ele>216.2</ele>
    <time>2026-03-24T17:56:03Z</time>
   </trkpt>
   <trkpt lat="45.7537350" lon="4.7725760">
    <ele>216.2</ele>
    <time>2026-03-24T17:56:04Z</time>
   </trkpt>
   <trkpt lat="45.7537240" lon="4.7725630">
    <ele>216.2</ele>
    <time>2026-03-24T17:56:05Z</time>
   </trkpt>
   <trkpt lat="45.7536950" lon="4.7725400">
    <ele>216.2</ele>
    <time>2026-03-24T17:56:06Z</time>
   </trkpt>
   <trkpt lat="45.7536810" lon="4.7725330">
    <ele>216.2</ele>
    <time>2026-03-24T17:56:07Z</time>
   </trkpt>
   <trkpt lat="45.7536500" lon="4.7725110">
    <ele>216.2</ele>
    <time>2026-03-24T17:56:08Z</time>
   </trkpt>
   <trkpt lat="45.7536150" lon="4.7724940">
    <ele>216.1</ele>
    <time>2026-03-24T17:56:09Z</time>
   </trkpt>
   <trkpt lat="45.7536030" lon="4.7724880">
    <ele>216.1</ele>
    <time>2026-03-24T17:56:10Z</time>
   </trkpt>
   <trkpt lat="45.7535780" lon="4.7724730">
    <ele>216.1</ele>
    <time>2026-03-24T17:56:11Z</time>
   </trkpt>
   <trkpt lat="45.7535540" lon="4.7724500">
    <ele>216.1</ele>
    <time>2026-03-24T17:56:12Z</time>
   </trkpt>
   <trkpt lat="45.7535280" lon="4.7724340">
    <ele>216.1</ele>
    <time>2026-03-24T17:56:13Z</time>
   </trkpt>
   <trkpt lat="45.7534910" lon="4.7724110">
    <ele>216.1</ele>
    <time>2026-03-24T17:56:14Z</time>
   </trkpt>
   <trkpt lat="45.7534780" lon="4.7723990">
    <ele>216.1</ele>
    <time>2026-03-24T17:56:15Z</time>
   </trkpt>
   <trkpt lat="45.7534420" lon="4.7723700">
    <ele>216.1</ele>
    <time>2026-03-24T17:56:16Z</time>
   </trkpt>
   <trkpt lat="45.7534270" lon="4.7723560">
    <ele>216.1</ele>
    <time>2026-03-24T17:56:17Z</time>
   </trkpt>
   <trkpt lat="45.7533980" lon="4.7723310">
    <ele>216.1</ele>
    <time>2026-03-24T17:56:18Z</time>
   </trkpt>
   <trkpt lat="45.7533880" lon="4.7723210">
    <ele>216.1</ele>
    <time>2026-03-24T17:56:19Z</time>
   </trkpt>
   <trkpt lat="45.7533520" lon="4.7722970">
    <ele>216.0</ele>
    <time>2026-03-24T17:56:20Z</time>
   </trkpt>
   <trkpt lat="45.7533260" lon="4.7722710">
    <ele>216.0</ele>
    <time>2026-03-24T17:56:21Z</time>
   </trkpt>
   <trkpt lat="45.7533160" lon="4.7722610">
    <ele>216.0</ele>
    <time>2026-03-24T17:56:22Z</time>
   </trkpt>
   <trkpt lat="45.7532810" lon="4.7722350">
    <ele>216.0</ele>
    <time>2026-03-24T17:56:23Z</time>
   </trkpt>
   <trkpt lat="45.7532650" lon="4.7722300">
    <ele>216.0</ele>
    <time>2026-03-24T17:56:24Z</time>
   </trkpt>
   <trkpt lat="45.7532370" lon="4.7722180">
    <ele>216.0</ele>
    <time>2026-03-24T17:56:25Z</time>
   </trkpt>
   <trkpt lat="45.7532080" lon="4.7722100">
    <ele>216.0</ele>
    <time>2026-03-24T17:56:26Z</time>
   </trkpt>
   <trkpt lat="45.7531770" lon="4.7721880">
    <ele>216.0</ele>
    <time>2026-03-24T17:56:27Z</time>
   </trkpt>
   <trkpt lat="45.7531670" lon="4.7721820">
    <ele>216.0</ele>
    <time>2026-03-24T17:56:28Z</time>
   </trkpt>
   <trkpt lat="45.7531400" lon="4.7721480">
    <ele>216.0</ele>
    <time>2026-03-24T17:56:29Z</time>
   </trkpt>
   <trkpt lat="45.7531280" lon="4.7721360">
    <ele>216.0</ele>
    <time>2026-03-24T17:56:30Z</time>
   </trkpt>
   <trkpt lat="45.7530960" lon="4.7721270">
    <ele>216.0</ele>
    <time>2026-03-24T17:56:31Z</time>
   </trkpt>
   <trkpt lat="45.7530720" lon="4.7720990">
    <ele>216.0</ele>
    <time>2026-03-24T17:56:32Z</time>
   </trkpt>
   <trkpt lat="45.7530560" lon="4.7720910">
    <ele>216.0</ele>
    <time>2026-03-24T17:56:33Z</time>
   </trkpt>
   <trkpt lat="45.7530220" lon="4.7720700">
    <ele>216.0</ele>
    <time>2026-03-24T17:56:34Z</time>
   </trkpt>
   <trkpt lat="45.7530120" lon="4.7720620">
    <ele>216.0</ele>
    <time>2026-03-24T17:56:35Z</time>
   </trkpt>
   <trkpt lat="45.7529910" lon="4.7720360">
    <ele>216.0</ele>
    <time>2026-03-24T17:56:36Z</time>
   </trkpt>
   <trkpt lat="45.7529830" lon="4.7720240">
    <ele>216.0</ele>
    <time>2026-03-24T17:56:37Z</time>
   </trkpt>
   <trkpt lat="45.7529590" lon="4.7720010">
    <ele>216.0</ele>
    <time>2026-03-24T17:56:38Z</time>
   </trkpt>
   <trkpt lat="45.7529280" lon="4.7719850">
    <ele>216.0</ele>
    <time>2026-03-24T17:56:39Z</time>
   </trkpt>
   <trkpt lat="45.7529090" lon="4.7719470">
    <ele>216.0</ele>
    <time>2026-03-24T17:56:40Z</time>
   </trkpt>
   <trkpt lat="45.7528840" lon="4.7718990">
    <ele>216.0</ele>
    <time>2026-03-24T17:56:41Z</time>
   </trkpt>
   <trkpt lat="45.7528720" lon="4.7718850">
    <ele>216.0</ele>
    <time>2026-03-24T17:56:42Z</time>
   </trkpt>
   <trkpt lat="45.7528380" lon="4.7718570">
    <ele>216.0</ele>
    <time>2026-03-24T17:56:43Z</time>
   </trkpt>
   <trkpt lat="45.7528250" lon="4.7718490">
    <ele>216.0</ele>
    <time>2026-03-24T17:56:44Z</time>
   </trkpt>
   <trkpt lat="45.7527990" lon="4.7718290">
    <ele>216.0</ele>
    <time>2026-03-24T17:56:45Z</time>
   </trkpt>
   <trkpt lat="45.7527740" lon="4.7718140">
    <ele>216.0</ele>
    <time>2026-03-24T17:56:46Z</time>
   </trkpt>
   <trkpt lat="45.7527540" lon="4.7717860">
    <ele>216.0</ele>
    <time>2026-03-24T17:56:47Z</time>
   </trkpt>
   <trkpt lat="45.7527410" lon="4.7717410">
    <ele>216.0</ele>
    <time>2026-03-24T17:56:48Z</time>
   </trkpt>
   <trkpt lat="45.7527160" lon="4.7717180">
    <ele>216.0</ele>
    <time>2026-03-24T17:56:50Z</time>
   </trkpt>
   <trkpt lat="45.7527080" lon="4.7717150">
    <ele>216.0</ele>
    <time>2026-03-24T17:56:51Z</time>
   </trkpt>
   <trkpt lat="45.7526890" lon="4.7716730">
    <ele>216.0</ele>
    <time>2026-03-24T17:56:52Z</time>
   </trkpt>
   <trkpt lat="45.7526590" lon="4.7716400">
    <ele>216.1</ele>
    <time>2026-03-24T17:56:53Z</time>
   </trkpt>
   <trkpt lat="45.7526460" lon="4.7716320">
    <ele>216.1</ele>
    <time>2026-03-24T17:56:54Z</time>
   </trkpt>
   <trkpt lat="45.7526340" lon="4.7715950">
    <ele>216.1</ele>
    <time>2026-03-24T17:56:55Z</time>
   </trkpt>
   <trkpt lat="45.7525970" lon="4.7715650">
    <ele>216.1</ele>
    <time>2026-03-24T17:56:56Z</time>
   </trkpt>
   <trkpt lat="45.7525830" lon="4.7715540">
    <ele>216.1</ele>
    <time>2026-03-24T17:56:57Z</time>
   </trkpt>
   <trkpt lat="45.7525560" lon="4.7715240">
    <ele>216.1</ele>
    <time>2026-03-24T17:56:58Z</time>
   </trkpt>
   <trkpt lat="45.7525290" lon="4.7714950">
    <ele>216.1</ele>
    <time>2026-03-24T17:56:59Z</time>
   </trkpt>
   <trkpt lat="45.7525200" lon="4.7714860">
    <ele>216.1</ele>
    <time>2026-03-24T17:57:00Z</time>
   </trkpt>
   <trkpt lat="45.7525100" lon="4.7714630">
    <ele>216.1</ele>
    <time>2026-03-24T17:57:01Z</time>
   </trkpt>
   <trkpt lat="45.7525000" lon="4.7714530">
    <ele>216.1</ele>
    <time>2026-03-24T17:57:02Z</time>
   </trkpt>
   <trkpt lat="45.7524800" lon="4.7713830">
    <ele>216.1</ele>
    <time>2026-03-24T17:57:03Z</time>
   </trkpt>
   <trkpt lat="45.7524700" lon="4.7713390">
    <ele>216.1</ele>
    <time>2026-03-24T17:57:04Z</time>
   </trkpt>
   <trkpt lat="45.7524390" lon="4.7713060">
    <ele>216.1</ele>
    <time>2026-03-24T17:57:05Z</time>
   </trkpt>
   <trkpt lat="45.7524280" lon="4.7712920">
    <ele>216.1</ele>
    <time>2026-03-24T17:57:06Z</time>
   </trkpt>
   <trkpt lat="45.7524150" lon="4.7712570">
    <ele>216.1</ele>
    <time>2026-03-24T17:57:07Z</time>
   </trkpt>
   <trkpt lat="45.7524160" lon="4.7712150">
    <ele>216.1</ele>
    <time>2026-03-24T17:57:08Z</time>
   </trkpt>
   <trkpt lat="45.7524080" lon="4.7711780">
    <ele>216.1</ele>
    <time>2026-03-24T17:57:09Z</time>
   </trkpt>
   <trkpt lat="45.7523900" lon="4.7711290">
    <ele>216.1</ele>
    <time>2026-03-24T17:57:10Z</time>
   </trkpt>
   <trkpt lat="45.7523810" lon="4.7711110">
    <ele>216.1</ele>
    <time>2026-03-24T17:57:11Z</time>
   </trkpt>
   <trkpt lat="45.7523780" lon="4.7710700">
    <ele>216.1</ele>
    <time>2026-03-24T17:57:12Z</time>
   </trkpt>
   <trkpt lat="45.7523780" lon="4.7710220">
    <ele>216.1</ele>
    <time>2026-03-24T17:57:13Z</time>
   </trkpt>
   <trkpt lat="45.7523740" lon="4.7710090">
    <ele>216.1</ele>
    <time>2026-03-24T17:57:14Z</time>
   </trkpt>
   <trkpt lat="45.7523620" lon="4.7709550">
    <ele>216.1</ele>
    <time>2026-03-24T17:57:15Z</time>
   </trkpt>
   <trkpt lat="45.7523450" lon="4.7709210">
    <ele>216.1</ele>
    <time>2026-03-24T17:57:16Z</time>
   </trkpt>
   <trkpt lat="45.7523250" lon="4.7708730">
    <ele>216.1</ele>
    <time>2026-03-24T17:57:17Z</time>
   </trkpt>
   <trkpt lat="45.7523030" lon="4.7708370">
    <ele>216.1</ele>
    <time>2026-03-24T17:57:18Z</time>
   </trkpt>
   <trkpt lat="45.7522940" lon="4.7708210">
    <ele>216.1</ele>
    <time>2026-03-24T17:57:19Z</time>
   </trkpt>
   <trkpt lat="45.7522760" lon="4.7707880">
    <ele>216.0</ele>
    <time>2026-03-24T17:57:20Z</time>
   </trkpt>
   <trkpt lat="45.7522430" lon="4.7707460">
    <ele>216.0</ele>
    <time>2026-03-24T17:57:21Z</time>
   </trkpt>
   <trkpt lat="45.7522310" lon="4.7707260">
    <ele>216.0</ele>
    <time>2026-03-24T17:57:22Z</time>
   </trkpt>
   <trkpt lat="45.7522030" lon="4.7706880">
    <ele>215.9</ele>
    <time>2026-03-24T17:57:23Z</time>
   </trkpt>
   <trkpt lat="45.7521910" lon="4.7706790">
    <ele>215.9</ele>
    <time>2026-03-24T17:57:24Z</time>
   </trkpt>
   <trkpt lat="45.7521690" lon="4.7706550">
    <ele>215.9</ele>
    <time>2026-03-24T17:57:25Z</time>
   </trkpt>
   <trkpt lat="45.7521300" lon="4.7706490">
    <ele>215.9</ele>
    <time>2026-03-24T17:57:26Z</time>
   </trkpt>
   <trkpt lat="45.7521160" lon="4.7706370">
    <ele>215.9</ele>
    <time>2026-03-24T17:57:27Z</time>
   </trkpt>
   <trkpt lat="45.7520950" lon="4.7705970">
    <ele>215.8</ele>
    <time>2026-03-24T17:57:28Z</time>
   </trkpt>
   <trkpt lat="45.7520630" lon="4.7705750">
    <ele>215.8</ele>
    <time>2026-03-24T17:57:29Z</time>
   </trkpt>
   <trkpt lat="45.7520530" lon="4.7705730">
    <ele>215.8</ele>
    <time>2026-03-24T17:57:30Z</time>
   </trkpt>
   <trkpt lat="45.7520220" lon="4.7705520">
    <ele>215.8</ele>
    <time>2026-03-24T17:57:31Z</time>
   </trkpt>
   <trkpt lat="45.7520160" lon="4.7705410">
    <ele>215.8</ele>
    <time>2026-03-24T17:57:32Z</time>
   </trkpt>
   <trkpt lat="45.7519990" lon="4.7705020">
    <ele>215.8</ele>
    <time>2026-03-24T17:57:33Z</time>
   </trkpt>
   <trkpt lat="45.7519890" lon="4.7704880">
    <ele>215.8</ele>
    <time>2026-03-24T17:57:34Z</time>
   </trkpt>
   <trkpt lat="45.7519690" lon="4.7704600">
    <ele>215.7</ele>
    <time>2026-03-24T17:57:35Z</time>
   </trkpt>
   <trkpt lat="45.7519460" lon="4.7704150">
    <ele>215.7</ele>
    <time>2026-03-24T17:57:36Z</time>
   </trkpt>
   <trkpt lat="45.7519390" lon="4.7704010">
    <ele>215.7</ele>
    <time>2026-03-24T17:57:37Z</time>
   </trkpt>
   <trkpt lat="45.7519090" lon="4.7703750">
    <ele>215.7</ele>
    <time>2026-03-24T17:57:38Z</time>
   </trkpt>
   <trkpt lat="45.7518940" lon="4.7703670">
    <ele>215.7</ele>
    <time>2026-03-24T17:57:39Z</time>
   </trkpt>
   <trkpt lat="45.7518770" lon="4.7703370">
    <ele>215.7</ele>
    <time>2026-03-24T17:57:40Z</time>
   </trkpt>
   <trkpt lat="45.7518530" lon="4.7703000">
    <ele>215.6</ele>
    <time>2026-03-24T17:57:41Z</time>
   </trkpt>
   <trkpt lat="45.7518430" lon="4.7702860">
    <ele>215.6</ele>
    <time>2026-03-24T17:57:42Z</time>
   </trkpt>
   <trkpt lat="45.7518160" lon="4.7702430">
    <ele>215.6</ele>
    <time>2026-03-24T17:57:43Z</time>
   </trkpt>
   <trkpt lat="45.7518080" lon="4.7702280">
    <ele>215.6</ele>
    <time>2026-03-24T17:57:44Z</time>
   </trkpt>
   <trkpt lat="45.7517810" lon="4.7702080">
    <ele>215.5</ele>
    <time>2026-03-24T17:57:45Z</time>
   </trkpt>
   <trkpt lat="45.7517620" lon="4.7701650">
    <ele>215.5</ele>
    <time>2026-03-24T17:57:46Z</time>
   </trkpt>
   <trkpt lat="45.7517570" lon="4.7701510">
    <ele>215.5</ele>
    <time>2026-03-24T17:57:47Z</time>
   </trkpt>
   <trkpt lat="45.7517510" lon="4.7701070">
    <ele>215.5</ele>
    <time>2026-03-24T17:57:48Z</time>
   </trkpt>
   <trkpt lat="45.7517420" lon="4.7700590">
    <ele>215.4</ele>
    <time>2026-03-24T17:57:49Z</time>
   </trkpt>
   <trkpt lat="45.7517170" lon="4.7700200">
    <ele>215.4</ele>
    <time>2026-03-24T17:57:50Z</time>
   </trkpt>
   <trkpt lat="45.7516910" lon="4.7699620">
    <ele>215.3</ele>
    <time>2026-03-24T17:57:51Z</time>
   </trkpt>
   <trkpt lat="45.7516800" lon="4.7699250">
    <ele>215.3</ele>
    <time>2026-03-24T17:57:52Z</time>
   </trkpt>
   <trkpt lat="45.7516770" lon="4.7699070">
    <ele>215.3</ele>
    <time>2026-03-24T17:57:53Z</time>
   </trkpt>
   <trkpt lat="45.7516600" lon="4.7698690">
    <ele>215.3</ele>
    <time>2026-03-24T17:57:54Z</time>
   </trkpt>
   <trkpt lat="45.7516450" lon="4.7698300">
    <ele>215.2</ele>
    <time>2026-03-24T17:57:55Z</time>
   </trkpt>
   <trkpt lat="45.7516400" lon="4.7698160">
    <ele>215.2</ele>
    <time>2026-03-24T17:57:56Z</time>
   </trkpt>
   <trkpt lat="45.7516270" lon="4.7697810">
    <ele>215.2</ele>
    <time>2026-03-24T17:57:57Z</time>
   </trkpt>
   <trkpt lat="45.7515960" lon="4.7697380">
    <ele>215.1</ele>
    <time>2026-03-24T17:57:58Z</time>
   </trkpt>
   <trkpt lat="45.7515840" lon="4.7697220">
    <ele>215.1</ele>
    <time>2026-03-24T17:57:59Z</time>
   </trkpt>
   <trkpt lat="45.7515490" lon="4.7696920">
    <ele>215.1</ele>
    <time>2026-03-24T17:58:00Z</time>
   </trkpt>
   <trkpt lat="45.7515380" lon="4.7696780">
    <ele>215.1</ele>
    <time>2026-03-24T17:58:01Z</time>
   </trkpt>
   <trkpt lat="45.7515250" lon="4.7696410">
    <ele>215.0</ele>
    <time>2026-03-24T17:58:02Z</time>
   </trkpt>
   <trkpt lat="45.7515110" lon="4.7695990">
    <ele>215.0</ele>
    <time>2026-03-24T17:58:03Z</time>
   </trkpt>
   <trkpt lat="45.7514970" lon="4.7695600">
    <ele>215.0</ele>
    <time>2026-03-24T17:58:04Z</time>
   </trkpt>
   <trkpt lat="45.7514750" lon="4.7695310">
    <ele>215.0</ele>
    <time>2026-03-24T17:58:05Z</time>
   </trkpt>
   <trkpt lat="45.7514580" lon="4.7694970">
    <ele>215.0</ele>
    <time>2026-03-24T17:58:06Z</time>
   </trkpt>
   <trkpt lat="45.7514370" lon="4.7694690">
    <ele>215.0</ele>
    <time>2026-03-24T17:58:07Z</time>
   </trkpt>
   <trkpt lat="45.7514090" lon="4.7694490">
    <ele>215.0</ele>
    <time>2026-03-24T17:58:08Z</time>
   </trkpt>
   <trkpt lat="45.7513940" lon="4.7694150">
    <ele>215.0</ele>
    <time>2026-03-24T17:58:09Z</time>
   </trkpt>
   <trkpt lat="45.7513960" lon="4.7693610">
    <ele>215.0</ele>
    <time>2026-03-24T17:58:10Z</time>
   </trkpt>
   <trkpt lat="45.7513990" lon="4.7693170">
    <ele>215.0</ele>
    <time>2026-03-24T17:58:11Z</time>
   </trkpt>
   <trkpt lat="45.7513780" lon="4.7692730">
    <ele>215.0</ele>
    <time>2026-03-24T17:58:12Z</time>
   </trkpt>
   <trkpt lat="45.7513710" lon="4.7692620">
    <ele>215.0</ele>
    <time>2026-03-24T17:58:13Z</time>
   </trkpt>
   <trkpt lat="45.7513540" lon="4.7692260">
    <ele>215.0</ele>
    <time>2026-03-24T17:58:14Z</time>
   </trkpt>
   <trkpt lat="45.7513460" lon="4.7692120">
    <ele>215.0</ele>
    <time>2026-03-24T17:58:15Z</time>
   </trkpt>
   <trkpt lat="45.7513300" lon="4.7691650">
    <ele>215.0</ele>
    <time>2026-03-24T17:58:16Z</time>
   </trkpt>
   <trkpt lat="45.7513250" lon="4.7691470">
    <ele>215.0</ele>
    <time>2026-03-24T17:58:17Z</time>
   </trkpt>
   <trkpt lat="45.7513240" lon="4.7691240">
    <ele>215.1</ele>
    <time>2026-03-24T17:58:18Z</time>
   </trkpt>
   <trkpt lat="45.7513130" lon="4.7691000">
    <ele>215.1</ele>
    <time>2026-03-24T17:58:19Z</time>
   </trkpt>
   <trkpt lat="45.7512800" lon="4.7690660">
    <ele>215.1</ele>
    <time>2026-03-24T17:58:20Z</time>
   </trkpt>
   <trkpt lat="45.7512620" lon="4.7690320">
    <ele>215.1</ele>
    <time>2026-03-24T17:58:21Z</time>
   </trkpt>
   <trkpt lat="45.7512540" lon="4.7690250">
    <ele>215.1</ele>
    <time>2026-03-24T17:58:22Z</time>
   </trkpt>
   <trkpt lat="45.7512400" lon="4.7689920">
    <ele>215.1</ele>
    <time>2026-03-24T17:58:23Z</time>
   </trkpt>
   <trkpt lat="45.7512170" lon="4.7689550">
    <ele>215.1</ele>
    <time>2026-03-24T17:58:24Z</time>
   </trkpt>
   <trkpt lat="45.7512100" lon="4.7689440">
    <ele>215.1</ele>
    <time>2026-03-24T17:58:25Z</time>
   </trkpt>
   <trkpt lat="45.7511930" lon="4.7689070">
    <ele>215.1</ele>
    <time>2026-03-24T17:58:26Z</time>
   </trkpt>
   <trkpt lat="45.7511740" lon="4.7688730">
    <ele>215.1</ele>
    <time>2026-03-24T17:58:27Z</time>
   </trkpt>
   <trkpt lat="45.7511520" lon="4.7688280">
    <ele>215.1</ele>
    <time>2026-03-24T17:58:28Z</time>
   </trkpt>
   <trkpt lat="45.7511450" lon="4.7688140">
    <ele>215.1</ele>
    <time>2026-03-24T17:58:29Z</time>
   </trkpt>
   <trkpt lat="45.7511280" lon="4.7687690">
    <ele>215.1</ele>
    <time>2026-03-24T17:58:30Z</time>
   </trkpt>
   <trkpt lat="45.7511060" lon="4.7687420">
    <ele>215.1</ele>
    <time>2026-03-24T17:58:31Z</time>
   </trkpt>
   <trkpt lat="45.7510760" lon="4.7687130">
    <ele>215.2</ele>
    <time>2026-03-24T17:58:32Z</time>
   </trkpt>
   <trkpt lat="45.7510660" lon="4.7687050">
    <ele>215.3</ele>
    <time>2026-03-24T17:58:33Z</time>
   </trkpt>
   <trkpt lat="45.7510470" lon="4.7686760">
    <ele>215.3</ele>
    <time>2026-03-24T17:58:34Z</time>
   </trkpt>
   <trkpt lat="45.7510290" lon="4.7686510">
    <ele>215.2</ele>
    <time>2026-03-24T17:58:35Z</time>
   </trkpt>
   <trkpt lat="45.7510210" lon="4.7686410">
    <ele>215.2</ele>
    <time>2026-03-24T17:58:36Z</time>
   </trkpt>
   <trkpt lat="45.7509990" lon="4.7686110">
    <ele>215.2</ele>
    <time>2026-03-24T17:58:37Z</time>
   </trkpt>
   <trkpt lat="45.7509850" lon="4.7685750">
    <ele>215.2</ele>
    <time>2026-03-24T17:58:38Z</time>
   </trkpt>
   <trkpt lat="45.7509640" lon="4.7685390">
    <ele>215.2</ele>
    <time>2026-03-24T17:58:39Z</time>
   </trkpt>
   <trkpt lat="45.7509440" lon="4.7685000">
    <ele>215.2</ele>
    <time>2026-03-24T17:58:40Z</time>
   </trkpt>
   <trkpt lat="45.7509170" lon="4.7684620">
    <ele>215.2</ele>
    <time>2026-03-24T17:58:41Z</time>
   </trkpt>
   <trkpt lat="45.7509070" lon="4.7684470">
    <ele>215.2</ele>
    <time>2026-03-24T17:58:42Z</time>
   </trkpt>
   <trkpt lat="45.7508810" lon="4.7683990">
    <ele>215.1</ele>
    <time>2026-03-24T17:58:43Z</time>
   </trkpt>
   <trkpt lat="45.7508700" lon="4.7683830">
    <ele>215.1</ele>
    <time>2026-03-24T17:58:44Z</time>
   </trkpt>
   <trkpt lat="45.7508420" lon="4.7683400">
    <ele>215.1</ele>
    <time>2026-03-24T17:58:45Z</time>
   </trkpt>
   <trkpt lat="45.7508310" lon="4.7683240">
    <ele>215.1</ele>
    <time>2026-03-24T17:58:46Z</time>
   </trkpt>
   <trkpt lat="45.7508100" lon="4.7682800">
    <ele>215.0</ele>
    <time>2026-03-24T17:58:47Z</time>
   </trkpt>
   <trkpt lat="45.7508050" lon="4.7682660">
    <ele>215.0</ele>
    <time>2026-03-24T17:58:48Z</time>
   </trkpt>
   <trkpt lat="45.7507790" lon="4.7682280">
    <ele>215.0</ele>
    <time>2026-03-24T17:58:49Z</time>
   </trkpt>
   <trkpt lat="45.7507690" lon="4.7682180">
    <ele>215.0</ele>
    <time>2026-03-24T17:58:50Z</time>
   </trkpt>
   <trkpt lat="45.7507470" lon="4.7681810">
    <ele>214.9</ele>
    <time>2026-03-24T17:58:51Z</time>
   </trkpt>
   <trkpt lat="45.7507480" lon="4.7681310">
    <ele>214.9</ele>
    <time>2026-03-24T17:58:52Z</time>
   </trkpt>
   <trkpt lat="45.7507330" lon="4.7680940">
    <ele>214.9</ele>
    <time>2026-03-24T17:58:53Z</time>
   </trkpt>
   <trkpt lat="45.7507020" lon="4.7680610">
    <ele>214.8</ele>
    <time>2026-03-24T17:58:54Z</time>
   </trkpt>
   <trkpt lat="45.7506920" lon="4.7680470">
    <ele>214.8</ele>
    <time>2026-03-24T17:58:55Z</time>
   </trkpt>
   <trkpt lat="45.7506710" lon="4.7680230">
    <ele>214.8</ele>
    <time>2026-03-24T17:58:56Z</time>
   </trkpt>
   <trkpt lat="45.7506510" lon="4.7679950">
    <ele>214.7</ele>
    <time>2026-03-24T17:58:57Z</time>
   </trkpt>
   <trkpt lat="45.7506330" lon="4.7679520">
    <ele>214.7</ele>
    <time>2026-03-24T17:58:58Z</time>
   </trkpt>
   <trkpt lat="45.7506200" lon="4.7679420">
    <ele>214.7</ele>
    <time>2026-03-24T17:58:59Z</time>
   </trkpt>
   <trkpt lat="45.7505960" lon="4.7679160">
    <ele>214.7</ele>
    <time>2026-03-24T17:59:00Z</time>
   </trkpt>
   <trkpt lat="45.7505690" lon="4.7678820">
    <ele>214.7</ele>
    <time>2026-03-24T17:59:01Z</time>
   </trkpt>
   <trkpt lat="45.7505570" lon="4.7678690">
    <ele>214.7</ele>
    <time>2026-03-24T17:59:02Z</time>
   </trkpt>
   <trkpt lat="45.7505410" lon="4.7678370">
    <ele>214.6</ele>
    <time>2026-03-24T17:59:03Z</time>
   </trkpt>
   <trkpt lat="45.7505210" lon="4.7678050">
    <ele>214.6</ele>
    <time>2026-03-24T17:59:04Z</time>
   </trkpt>
   <trkpt lat="45.7504990" lon="4.7677820">
    <ele>214.6</ele>
    <time>2026-03-24T17:59:05Z</time>
   </trkpt>
   <trkpt lat="45.7504700" lon="4.7677480">
    <ele>214.6</ele>
    <time>2026-03-24T17:59:06Z</time>
   </trkpt>
   <trkpt lat="45.7504590" lon="4.7677350">
    <ele>214.6</ele>
    <time>2026-03-24T17:59:07Z</time>
   </trkpt>
   <trkpt lat="45.7504360" lon="4.7676980">
    <ele>214.5</ele>
    <time>2026-03-24T17:59:08Z</time>
   </trkpt>
   <trkpt lat="45.7504140" lon="4.7676620">
    <ele>214.5</ele>
    <time>2026-03-24T17:59:09Z</time>
   </trkpt>
   <trkpt lat="45.7503820" lon="4.7676250">
    <ele>214.5</ele>
    <time>2026-03-24T17:59:10Z</time>
   </trkpt>
   <trkpt lat="45.7503720" lon="4.7676090">
    <ele>214.5</ele>
    <time>2026-03-24T17:59:11Z</time>
   </trkpt>
   <trkpt lat="45.7503540" lon="4.7675740">
    <ele>214.5</ele>
    <time>2026-03-24T17:59:12Z</time>
   </trkpt>
   <trkpt lat="45.7503350" lon="4.7675430">
    <ele>214.5</ele>
    <time>2026-03-24T17:59:13Z</time>
   </trkpt>
   <trkpt lat="45.7503060" lon="4.7675130">
    <ele>214.5</ele>
    <time>2026-03-24T17:59:14Z</time>
   </trkpt>
   <trkpt lat="45.7502970" lon="4.7675090">
    <ele>214.5</ele>
    <time>2026-03-24T17:59:15Z</time>
   </trkpt>
   <trkpt lat="45.7502620" lon="4.7674860">
    <ele>214.5</ele>
    <time>2026-03-24T17:59:16Z</time>
   </trkpt>
   <trkpt lat="45.7502480" lon="4.7674720">
    <ele>214.5</ele>
    <time>2026-03-24T17:59:17Z</time>
   </trkpt>
   <trkpt lat="45.7502260" lon="4.7674390">
    <ele>214.5</ele>
    <time>2026-03-24T17:59:18Z</time>
   </trkpt>
   <trkpt lat="45.7502030" lon="4.7674170">
    <ele>214.6</ele>
    <time>2026-03-24T17:59:19Z</time>
   </trkpt>
   <trkpt lat="45.7501720" lon="4.7674020">
    <ele>214.6</ele>
    <time>2026-03-24T17:59:20Z</time>
   </trkpt>
   <trkpt lat="45.7501460" lon="4.7673700">
    <ele>214.6</ele>
    <time>2026-03-24T17:59:21Z</time>
   </trkpt>
   <trkpt lat="45.7501360" lon="4.7673510">
    <ele>214.6</ele>
    <time>2026-03-24T17:59:22Z</time>
   </trkpt>
   <trkpt lat="45.7501110" lon="4.7673210">
    <ele>214.6</ele>
    <time>2026-03-24T17:59:23Z</time>
   </trkpt>
   <trkpt lat="45.7501060" lon="4.7672770">
    <ele>214.7</ele>
    <time>2026-03-24T17:59:24Z</time>
   </trkpt>
   <trkpt lat="45.7500800" lon="4.7672520">
    <ele>214.7</ele>
    <time>2026-03-24T17:59:25Z</time>
   </trkpt>
   <trkpt lat="45.7500650" lon="4.7672400">
    <ele>214.7</ele>
    <time>2026-03-24T17:59:26Z</time>
   </trkpt>
   <trkpt lat="45.7500410" lon="4.7672170">
    <ele>214.8</ele>
    <time>2026-03-24T17:59:27Z</time>
   </trkpt>
   <trkpt lat="45.7500350" lon="4.7671980">
    <ele>214.8</ele>
    <time>2026-03-24T17:59:28Z</time>
   </trkpt>
   <trkpt lat="45.7500140" lon="4.7671860">
    <ele>214.8</ele>
    <time>2026-03-24T17:59:29Z</time>
   </trkpt>
   <trkpt lat="45.7500030" lon="4.7671820">
    <ele>214.8</ele>
    <time>2026-03-24T17:59:30Z</time>
   </trkpt>
   <trkpt lat="45.7499650" lon="4.7671930">
    <ele>214.9</ele>
    <time>2026-03-24T17:59:31Z</time>
   </trkpt>
   <trkpt lat="45.7499530" lon="4.7671960">
    <ele>214.9</ele>
    <time>2026-03-24T17:59:32Z</time>
   </trkpt>
   <trkpt lat="45.7499200" lon="4.7671800">
    <ele>214.9</ele>
    <time>2026-03-24T17:59:33Z</time>
   </trkpt>
   <trkpt lat="45.7499070" lon="4.7671670">
    <ele>215.0</ele>
    <time>2026-03-24T17:59:34Z</time>
   </trkpt>
   <trkpt lat="45.7498870" lon="4.7671400">
    <ele>215.0</ele>
    <time>2026-03-24T17:59:35Z</time>
   </trkpt>
   <trkpt lat="45.7498590" lon="4.7671130">
    <ele>215.0</ele>
    <time>2026-03-24T17:59:36Z</time>
   </trkpt>
   <trkpt lat="45.7498440" lon="4.7670780">
    <ele>215.1</ele>
    <time>2026-03-24T17:59:37Z</time>
   </trkpt>
   <trkpt lat="45.7498220" lon="4.7670420">
    <ele>215.2</ele>
    <time>2026-03-24T17:59:38Z</time>
   </trkpt>
   <trkpt lat="45.7498160" lon="4.7670290">
    <ele>215.2</ele>
    <time>2026-03-24T17:59:39Z</time>
   </trkpt>
   <trkpt lat="45.7497910" lon="4.7669910">
    <ele>215.2</ele>
    <time>2026-03-24T17:59:40Z</time>
   </trkpt>
   <trkpt lat="45.7497780" lon="4.7669790">
    <ele>215.3</ele>
    <time>2026-03-24T17:59:41Z</time>
   </trkpt>
   <trkpt lat="45.7497500" lon="4.7669430">
    <ele>215.3</ele>
    <time>2026-03-24T17:59:42Z</time>
   </trkpt>
   <trkpt lat="45.7497400" lon="4.7669340">
    <ele>215.4</ele>
    <time>2026-03-24T17:59:43Z</time>
   </trkpt>
   <trkpt lat="45.7497210" lon="4.7668990">
    <ele>215.4</ele>
    <time>2026-03-24T17:59:44Z</time>
   </trkpt>
   <trkpt lat="45.7497170" lon="4.7668900">
    <ele>215.4</ele>
    <time>2026-03-24T17:59:45Z</time>
   </trkpt>
   <trkpt lat="45.7496960" lon="4.7668610">
    <ele>215.5</ele>
    <time>2026-03-24T17:59:46Z</time>
   </trkpt>
   <trkpt lat="45.7496790" lon="4.7668040">
    <ele>215.6</ele>
    <time>2026-03-24T17:59:47Z</time>
   </trkpt>
   <trkpt lat="45.7496720" lon="4.7667830">
    <ele>215.7</ele>
    <time>2026-03-24T17:59:48Z</time>
   </trkpt>
   <trkpt lat="45.7496610" lon="4.7667450">
    <ele>215.7</ele>
    <time>2026-03-24T17:59:49Z</time>
   </trkpt>
   <trkpt lat="45.7496440" lon="4.7667060">
    <ele>215.8</ele>
    <time>2026-03-24T17:59:50Z</time>
   </trkpt>
   <trkpt lat="45.7496250" lon="4.7666770">
    <ele>215.9</ele>
    <time>2026-03-24T17:59:51Z</time>
   </trkpt>
   <trkpt lat="45.7496100" lon="4.7666400">
    <ele>216.0</ele>
    <time>2026-03-24T17:59:52Z</time>
   </trkpt>
   <trkpt lat="45.7496030" lon="4.7666260">
    <ele>216.0</ele>
    <time>2026-03-24T17:59:53Z</time>
   </trkpt>
   <trkpt lat="45.7495800" lon="4.7665930">
    <ele>216.1</ele>
    <time>2026-03-24T17:59:54Z</time>
   </trkpt>
   <trkpt lat="45.7495610" lon="4.7665520">
    <ele>216.1</ele>
    <time>2026-03-24T17:59:55Z</time>
   </trkpt>
   <trkpt lat="45.7495410" lon="4.7665090">
    <ele>216.2</ele>
    <time>2026-03-24T17:59:56Z</time>
   </trkpt>
   <trkpt lat="45.7495320" lon="4.7664960">
    <ele>216.2</ele>
    <time>2026-03-24T17:59:57Z</time>
   </trkpt>
   <trkpt lat="45.7495120" lon="4.7664690">
    <ele>216.1</ele>
    <time>2026-03-24T17:59:58Z</time>
   </trkpt>
   <trkpt lat="45.7494900" lon="4.7664390">
    <ele>215.9</ele>
    <time>2026-03-24T17:59:59Z</time>
   </trkpt>
   <trkpt lat="45.7494820" lon="4.7664270">
    <ele>215.9</ele>
    <time>2026-03-24T18:00:00Z</time>
   </trkpt>
   <trkpt lat="45.7494530" lon="4.7664130">
    <ele>215.7</ele>
    <time>2026-03-24T18:00:01Z</time>
   </trkpt>
   <trkpt lat="45.7494390" lon="4.7664110">
    <ele>215.6</ele>
    <time>2026-03-24T18:00:02Z</time>
   </trkpt>
   <trkpt lat="45.7494100" lon="4.7664070">
    <ele>215.4</ele>
    <time>2026-03-24T18:00:03Z</time>
   </trkpt>
   <trkpt lat="45.7493780" lon="4.7664110">
    <ele>215.2</ele>
    <time>2026-03-24T18:00:04Z</time>
   </trkpt>
   <trkpt lat="45.7493670" lon="4.7664160">
    <ele>215.1</ele>
    <time>2026-03-24T18:00:05Z</time>
   </trkpt>
   <trkpt lat="45.7493420" lon="4.7664470">
    <ele>214.8</ele>
    <time>2026-03-24T18:00:06Z</time>
   </trkpt>
   <trkpt lat="45.7493180" lon="4.7664700">
    <ele>214.6</ele>
    <time>2026-03-24T18:00:07Z</time>
   </trkpt>
   <trkpt lat="45.7492930" lon="4.7665100">
    <ele>214.3</ele>
    <time>2026-03-24T18:00:08Z</time>
   </trkpt>
   <trkpt lat="45.7492840" lon="4.7665250">
    <ele>214.2</ele>
    <time>2026-03-24T18:00:09Z</time>
   </trkpt>
   <trkpt lat="45.7492550" lon="4.7665490">
    <ele>213.9</ele>
    <time>2026-03-24T18:00:10Z</time>
   </trkpt>
   <trkpt lat="45.7492430" lon="4.7665550">
    <ele>213.8</ele>
    <time>2026-03-24T18:00:11Z</time>
   </trkpt>
   <trkpt lat="45.7492080" lon="4.7665600">
    <ele>213.5</ele>
    <time>2026-03-24T18:00:12Z</time>
   </trkpt>
   <trkpt lat="45.7491960" lon="4.7665610">
    <ele>213.4</ele>
    <time>2026-03-24T18:00:13Z</time>
   </trkpt>
   <trkpt lat="45.7491630" lon="4.7666000">
    <ele>213.0</ele>
    <time>2026-03-24T18:00:14Z</time>
   </trkpt>
   <trkpt lat="45.7491490" lon="4.7666170">
    <ele>212.8</ele>
    <time>2026-03-24T18:00:15Z</time>
   </trkpt>
   <trkpt lat="45.7491250" lon="4.7666400">
    <ele>212.6</ele>
    <time>2026-03-24T18:00:16Z</time>
   </trkpt>
   <trkpt lat="45.7491000" lon="4.7666670">
    <ele>212.3</ele>
    <time>2026-03-24T18:00:17Z</time>
   </trkpt>
   <trkpt lat="45.7490690" lon="4.7666950">
    <ele>212.0</ele>
    <time>2026-03-24T18:00:18Z</time>
   </trkpt>
   <trkpt lat="45.7490600" lon="4.7667050">
    <ele>211.9</ele>
    <time>2026-03-24T18:00:19Z</time>
   </trkpt>
   <trkpt lat="45.7490290" lon="4.7667230">
    <ele>211.6</ele>
    <time>2026-03-24T18:00:20Z</time>
   </trkpt>
   <trkpt lat="45.7490200" lon="4.7667350">
    <ele>211.4</ele>
    <time>2026-03-24T18:00:21Z</time>
   </trkpt>
   <trkpt lat="45.7489920" lon="4.7667500">
    <ele>211.2</ele>
    <time>2026-03-24T18:00:22Z</time>
   </trkpt>
   <trkpt lat="45.7489650" lon="4.7667890">
    <ele>210.8</ele>
    <time>2026-03-24T18:00:23Z</time>
   </trkpt>
   <trkpt lat="45.7489530" lon="4.7667990">
    <ele>210.7</ele>
    <time>2026-03-24T18:00:24Z</time>
   </trkpt>
   <trkpt lat="45.7489240" lon="4.7668130">
    <ele>210.4</ele>
    <time>2026-03-24T18:00:25Z</time>
   </trkpt>
   <trkpt lat="45.7488940" lon="4.7668470">
    <ele>210.1</ele>
    <time>2026-03-24T18:00:26Z</time>
   </trkpt>
   <trkpt lat="45.7488810" lon="4.7668590">
    <ele>209.9</ele>
    <time>2026-03-24T18:00:27Z</time>
   </trkpt>
   <trkpt lat="45.7488580" lon="4.7668800">
    <ele>209.7</ele>
    <time>2026-03-24T18:00:28Z</time>
   </trkpt>
   <trkpt lat="45.7488350" lon="4.7669020">
    <ele>209.4</ele>
    <time>2026-03-24T18:00:29Z</time>
   </trkpt>
   <trkpt lat="45.7487980" lon="4.7669220">
    <ele>209.1</ele>
    <time>2026-03-24T18:00:30Z</time>
   </trkpt>
   <trkpt lat="45.7487850" lon="4.7669310">
    <ele>209.0</ele>
    <time>2026-03-24T18:00:31Z</time>
   </trkpt>
   <trkpt lat="45.7487480" lon="4.7669590">
    <ele>208.7</ele>
    <time>2026-03-24T18:00:32Z</time>
   </trkpt>
   <trkpt lat="45.7487350" lon="4.7669700">
    <ele>208.6</ele>
    <time>2026-03-24T18:00:33Z</time>
   </trkpt>
   <trkpt lat="45.7487050" lon="4.7669880">
    <ele>208.4</ele>
    <time>2026-03-24T18:00:34Z</time>
   </trkpt>
   <trkpt lat="45.7486710" lon="4.7670170">
    <ele>208.1</ele>
    <time>2026-03-24T18:00:35Z</time>
   </trkpt>
   <trkpt lat="45.7486560" lon="4.7670260">
    <ele>208.0</ele>
    <time>2026-03-24T18:00:36Z</time>
   </trkpt>
   <trkpt lat="45.7486190" lon="4.7670510">
    <ele>207.7</ele>
    <time>2026-03-24T18:00:37Z</time>
   </trkpt>
   <trkpt lat="45.7485850" lon="4.7670740">
    <ele>207.5</ele>
    <time>2026-03-24T18:00:38Z</time>
   </trkpt>
   <trkpt lat="45.7485730" lon="4.7670900">
    <ele>207.4</ele>
    <time>2026-03-24T18:00:39Z</time>
   </trkpt>
   <trkpt lat="45.7485480" lon="4.7671080">
    <ele>207.2</ele>
    <time>2026-03-24T18:00:40Z</time>
   </trkpt>
   <trkpt lat="45.7485190" lon="4.7671420">
    <ele>207.0</ele>
    <time>2026-03-24T18:00:41Z</time>
   </trkpt>
   <trkpt lat="45.7485090" lon="4.7671520">
    <ele>206.9</ele>
    <time>2026-03-24T18:00:42Z</time>
   </trkpt>
   <trkpt lat="45.7484780" lon="4.7671690">
    <ele>206.7</ele>
    <time>2026-03-24T18:00:43Z</time>
   </trkpt>
   <trkpt lat="45.7484490" lon="4.7671850">
    <ele>206.5</ele>
    <time>2026-03-24T18:00:44Z</time>
   </trkpt>
   <trkpt lat="45.7484160" lon="4.7671960">
    <ele>206.3</ele>
    <time>2026-03-24T18:00:45Z</time>
   </trkpt>
   <trkpt lat="45.7483820" lon="4.7671970">
    <ele>206.1</ele>
    <time>2026-03-24T18:00:46Z</time>
   </trkpt>
   <trkpt lat="45.7483590" lon="4.7672310">
    <ele>205.9</ele>
    <time>2026-03-24T18:00:47Z</time>
   </trkpt>
   <trkpt lat="45.7483240" lon="4.7672530">
    <ele>205.7</ele>
    <time>2026-03-24T18:00:48Z</time>
   </trkpt>
   <trkpt lat="45.7483130" lon="4.7672630">
    <ele>205.6</ele>
    <time>2026-03-24T18:00:49Z</time>
   </trkpt>
   <trkpt lat="45.7482870" lon="4.7672910">
    <ele>205.4</ele>
    <time>2026-03-24T18:00:50Z</time>
   </trkpt>
   <trkpt lat="45.7482600" lon="4.7673020">
    <ele>205.2</ele>
    <time>2026-03-24T18:00:51Z</time>
   </trkpt>
   <trkpt lat="45.7482230" lon="4.7673210">
    <ele>205.0</ele>
    <time>2026-03-24T18:00:52Z</time>
   </trkpt>
   <trkpt lat="45.7482100" lon="4.7673250">
    <ele>204.9</ele>
    <time>2026-03-24T18:00:53Z</time>
   </trkpt>
   <trkpt lat="45.7481720" lon="4.7673410">
    <ele>204.7</ele>
    <time>2026-03-24T18:00:54Z</time>
   </trkpt>
   <trkpt lat="45.7481580" lon="4.7673490">
    <ele>204.6</ele>
    <time>2026-03-24T18:00:55Z</time>
   </trkpt>
   <trkpt lat="45.7481310" lon="4.7673550">
    <ele>204.5</ele>
    <time>2026-03-24T18:00:56Z</time>
   </trkpt>
   <trkpt lat="45.7481000" lon="4.7673620">
    <ele>204.3</ele>
    <time>2026-03-24T18:00:57Z</time>
   </trkpt>
   <trkpt lat="45.7480740" lon="4.7674080">
    <ele>204.0</ele>
    <time>2026-03-24T18:00:58Z</time>
   </trkpt>
   <trkpt lat="45.7480650" lon="4.7674270">
    <ele>203.9</ele>
    <time>2026-03-24T18:00:59Z</time>
   </trkpt>
   <trkpt lat="45.7480450" lon="4.7674520">
    <ele>203.8</ele>
    <time>2026-03-24T18:01:00Z</time>
   </trkpt>
   <trkpt lat="45.7480140" lon="4.7674680">
    <ele>203.6</ele>
    <time>2026-03-24T18:01:01Z</time>
   </trkpt>
   <trkpt lat="45.7479990" lon="4.7675050">
    <ele>203.4</ele>
    <time>2026-03-24T18:01:02Z</time>
   </trkpt>
   <trkpt lat="45.7479650" lon="4.7675250">
    <ele>203.1</ele>
    <time>2026-03-24T18:01:03Z</time>
   </trkpt>
   <trkpt lat="45.7479550" lon="4.7675330">
    <ele>203.0</ele>
    <time>2026-03-24T18:01:04Z</time>
   </trkpt>
   <trkpt lat="45.7479460" lon="4.7675780">
    <ele>202.8</ele>
    <time>2026-03-24T18:01:05Z</time>
   </trkpt>
   <trkpt lat="45.7479290" lon="4.7676190">
    <ele>202.6</ele>
    <time>2026-03-24T18:01:06Z</time>
   </trkpt>
   <trkpt lat="45.7479050" lon="4.7676490">
    <ele>202.4</ele>
    <time>2026-03-24T18:01:07Z</time>
   </trkpt>
   <trkpt lat="45.7478940" lon="4.7676570">
    <ele>202.3</ele>
    <time>2026-03-24T18:01:08Z</time>
   </trkpt>
   <trkpt lat="45.7478670" lon="4.7676680">
    <ele>202.1</ele>
    <time>2026-03-24T18:01:09Z</time>
   </trkpt>
   <trkpt lat="45.7478370" lon="4.7676810">
    <ele>201.9</ele>
    <time>2026-03-24T18:01:10Z</time>
   </trkpt>
   <trkpt lat="45.7478160" lon="4.7677180">
    <ele>201.7</ele>
    <time>2026-03-24T18:01:11Z</time>
   </trkpt>
   <trkpt lat="45.7477860" lon="4.7677310">
    <ele>201.5</ele>
    <time>2026-03-24T18:01:12Z</time>
   </trkpt>
   <trkpt lat="45.7477550" lon="4.7677530">
    <ele>201.3</ele>
    <time>2026-03-24T18:01:13Z</time>
   </trkpt>
   <trkpt lat="45.7477270" lon="4.7677650">
    <ele>201.2</ele>
    <time>2026-03-24T18:01:14Z</time>
   </trkpt>
   <trkpt lat="45.7476950" lon="4.7677770">
    <ele>201.0</ele>
    <time>2026-03-24T18:01:15Z</time>
   </trkpt>
   <trkpt lat="45.7476680" lon="4.7677890">
    <ele>200.8</ele>
    <time>2026-03-24T18:01:16Z</time>
   </trkpt>
   <trkpt lat="45.7476350" lon="4.7677940">
    <ele>200.7</ele>
    <time>2026-03-24T18:01:17Z</time>
   </trkpt>
   <trkpt lat="45.7476090" lon="4.7678140">
    <ele>200.5</ele>
    <time>2026-03-24T18:01:18Z</time>
   </trkpt>
   <trkpt lat="45.7475860" lon="4.7678410">
    <ele>200.4</ele>
    <time>2026-03-24T18:01:19Z</time>
   </trkpt>
   <trkpt lat="45.7475610" lon="4.7678700">
    <ele>200.3</ele>
    <time>2026-03-24T18:01:20Z</time>
   </trkpt>
   <trkpt lat="45.7475210" lon="4.7679000">
    <ele>200.1</ele>
    <time>2026-03-24T18:01:21Z</time>
   </trkpt>
   <trkpt lat="45.7475030" lon="4.7679070">
    <ele>200.0</ele>
    <time>2026-03-24T18:01:22Z</time>
   </trkpt>
   <trkpt lat="45.7474700" lon="4.7679210">
    <ele>199.9</ele>
    <time>2026-03-24T18:01:23Z</time>
   </trkpt>
   <trkpt lat="45.7474380" lon="4.7679410">
    <ele>199.7</ele>
    <time>2026-03-24T18:01:24Z</time>
   </trkpt>
   <trkpt lat="45.7474290" lon="4.7679450">
    <ele>199.7</ele>
    <time>2026-03-24T18:01:25Z</time>
   </trkpt>
   <trkpt lat="45.7474010" lon="4.7679510">
    <ele>199.6</ele>
    <time>2026-03-24T18:01:26Z</time>
   </trkpt>
   <trkpt lat="45.7473880" lon="4.7679510">
    <ele>199.6</ele>
    <time>2026-03-24T18:01:27Z</time>
   </trkpt>
   <trkpt lat="45.7473580" lon="4.7679350">
    <ele>199.5</ele>
    <time>2026-03-24T18:01:28Z</time>
   </trkpt>
   <trkpt lat="45.7473310" lon="4.7679210">
    <ele>199.4</ele>
    <time>2026-03-24T18:01:29Z</time>
   </trkpt>
   <trkpt lat="45.7473200" lon="4.7679040">
    <ele>199.3</ele>
    <time>2026-03-24T18:01:30Z</time>
   </trkpt>
   <trkpt lat="45.7472990" lon="4.7679000">
    <ele>199.3</ele>
    <time>2026-03-24T18:01:31Z</time>
   </trkpt>
   <trkpt lat="45.7472700" lon="4.7678880">
    <ele>199.2</ele>
    <time>2026-03-24T18:01:32Z</time>
   </trkpt>
   <trkpt lat="45.7472510" lon="4.7678590">
    <ele>199.1</ele>
    <time>2026-03-24T18:01:33Z</time>
   </trkpt>
   <trkpt lat="45.7472470" lon="4.7678420">
    <ele>199.1</ele>
    <time>2026-03-24T18:01:34Z</time>
   </trkpt>
   <trkpt lat="45.7472200" lon="4.7678290">
    <ele>199.1</ele>
    <time>2026-03-24T18:01:35Z</time>
   </trkpt>
   <trkpt lat="45.7472090" lon="4.7678230">
    <ele>199.0</ele>
    <time>2026-03-24T18:01:36Z</time>
   </trkpt>
   <trkpt lat="45.7471830" lon="4.7678050">
    <ele>199.0</ele>
    <time>2026-03-24T18:01:37Z</time>
   </trkpt>
   <trkpt lat="45.7471560" lon="4.7677670">
    <ele>198.9</ele>
    <time>2026-03-24T18:01:38Z</time>
   </trkpt>
   <trkpt lat="45.7471120" lon="4.7677480">
    <ele>198.8</ele>
    <time>2026-03-24T18:01:39Z</time>
   </trkpt>
   <trkpt lat="45.7470760" lon="4.7677410">
    <ele>198.8</ele>
    <time>2026-03-24T18:01:40Z</time>
   </trkpt>
   <trkpt lat="45.7470390" lon="4.7677130">
    <ele>198.7</ele>
    <time>2026-03-24T18:01:41Z</time>
   </trkpt>
   <trkpt lat="45.7470090" lon="4.7676940">
    <ele>198.7</ele>
    <time>2026-03-24T18:01:42Z</time>
   </trkpt>
   <trkpt lat="45.7469720" lon="4.7676830">
    <ele>198.7</ele>
    <time>2026-03-24T18:01:43Z</time>
   </trkpt>
   <trkpt lat="45.7469360" lon="4.7676800">
    <ele>198.6</ele>
    <time>2026-03-24T18:01:44Z</time>
   </trkpt>
   <trkpt lat="45.7468990" lon="4.7676810">
    <ele>198.6</ele>
    <time>2026-03-24T18:01:45Z</time>
   </trkpt>
   <trkpt lat="45.7468610" lon="4.7676660">
    <ele>198.6</ele>
    <time>2026-03-24T18:01:46Z</time>
   </trkpt>
   <trkpt lat="45.7468480" lon="4.7676620">
    <ele>198.6</ele>
    <time>2026-03-24T18:01:47Z</time>
   </trkpt>
   <trkpt lat="45.7468130" lon="4.7676650">
    <ele>198.6</ele>
    <time>2026-03-24T18:01:48Z</time>
   </trkpt>
   <trkpt lat="45.7467850" lon="4.7676420">
    <ele>198.6</ele>
    <time>2026-03-24T18:01:49Z</time>
   </trkpt>
   <trkpt lat="45.7467510" lon="4.7676310">
    <ele>198.6</ele>
    <time>2026-03-24T18:01:50Z</time>
   </trkpt>
   <trkpt lat="45.7467140" lon="4.7676280">
    <ele>198.6</ele>
    <time>2026-03-24T18:01:51Z</time>
   </trkpt>
   <trkpt lat="45.7467020" lon="4.7676280">
    <ele>198.7</ele>
    <time>2026-03-24T18:01:52Z</time>
   </trkpt>
   <trkpt lat="45.7466640" lon="4.7676390">
    <ele>198.7</ele>
    <time>2026-03-24T18:01:53Z</time>
   </trkpt>
   <trkpt lat="45.7466500" lon="4.7676420">
    <ele>198.7</ele>
    <time>2026-03-24T18:01:54Z</time>
   </trkpt>
   <trkpt lat="45.7466160" lon="4.7676480">
    <ele>198.7</ele>
    <time>2026-03-24T18:01:55Z</time>
   </trkpt>
   <trkpt lat="45.7466060" lon="4.7676480">
    <ele>198.7</ele>
    <time>2026-03-24T18:01:56Z</time>
   </trkpt>
   <trkpt lat="45.7465680" lon="4.7676520">
    <ele>198.7</ele>
    <time>2026-03-24T18:01:57Z</time>
   </trkpt>
   <trkpt lat="45.7465560" lon="4.7676540">
    <ele>198.7</ele>
    <time>2026-03-24T18:01:58Z</time>
   </trkpt>
   <trkpt lat="45.7465250" lon="4.7676510">
    <ele>198.7</ele>
    <time>2026-03-24T18:01:59Z</time>
   </trkpt>
   <trkpt lat="45.7464970" lon="4.7676510">
    <ele>198.7</ele>
    <time>2026-03-24T18:02:00Z</time>
   </trkpt>
   <trkpt lat="45.7464680" lon="4.7676530">
    <ele>198.7</ele>
    <time>2026-03-24T18:02:01Z</time>
   </trkpt>
   <trkpt lat="45.7464330" lon="4.7676540">
    <ele>198.7</ele>
    <time>2026-03-24T18:02:02Z</time>
   </trkpt>
   <trkpt lat="45.7464230" lon="4.7676600">
    <ele>198.7</ele>
    <time>2026-03-24T18:02:03Z</time>
   </trkpt>
   <trkpt lat="45.7463920" lon="4.7676700">
    <ele>198.7</ele>
    <time>2026-03-24T18:02:04Z</time>
   </trkpt>
   <trkpt lat="45.7463560" lon="4.7676830">
    <ele>198.7</ele>
    <time>2026-03-24T18:02:05Z</time>
   </trkpt>
   <trkpt lat="45.7463440" lon="4.7676890">
    <ele>198.7</ele>
    <time>2026-03-24T18:02:06Z</time>
   </trkpt>
   <trkpt lat="45.7463170" lon="4.7677070">
    <ele>198.7</ele>
    <time>2026-03-24T18:02:07Z</time>
   </trkpt>
   <trkpt lat="45.7462850" lon="4.7677190">
    <ele>198.7</ele>
    <time>2026-03-24T18:02:08Z</time>
   </trkpt>
   <trkpt lat="45.7462520" lon="4.7677290">
    <ele>198.7</ele>
    <time>2026-03-24T18:02:09Z</time>
   </trkpt>
   <trkpt lat="45.7462420" lon="4.7677260">
    <ele>198.7</ele>
    <time>2026-03-24T18:02:10Z</time>
   </trkpt>
   <trkpt lat="45.7462170" lon="4.7677550">
    <ele>198.7</ele>
    <time>2026-03-24T18:02:11Z</time>
   </trkpt>
   <trkpt lat="45.7461900" lon="4.7677850">
    <ele>198.7</ele>
    <time>2026-03-24T18:02:12Z</time>
   </trkpt>
   <trkpt lat="45.7461790" lon="4.7677970">
    <ele>198.7</ele>
    <time>2026-03-24T18:02:13Z</time>
   </trkpt>
   <trkpt lat="45.7461470" lon="4.7678350">
    <ele>198.7</ele>
    <time>2026-03-24T18:02:14Z</time>
   </trkpt>
   <trkpt lat="45.7461320" lon="4.7678460">
    <ele>198.7</ele>
    <time>2026-03-24T18:02:15Z</time>
   </trkpt>
   <trkpt lat="45.7460940" lon="4.7678640">
    <ele>198.7</ele>
    <time>2026-03-24T18:02:16Z</time>
   </trkpt>
   <trkpt lat="45.7460670" lon="4.7678780">
    <ele>198.8</ele>
    <time>2026-03-24T18:02:17Z</time>
   </trkpt>
   <trkpt lat="45.7460290" lon="4.7678970">
    <ele>198.8</ele>
    <time>2026-03-24T18:02:18Z</time>
   </trkpt>
   <trkpt lat="45.7460120" lon="4.7679020">
    <ele>198.8</ele>
    <time>2026-03-24T18:02:19Z</time>
   </trkpt>
   <trkpt lat="45.7459710" lon="4.7679080">
    <ele>198.8</ele>
    <time>2026-03-24T18:02:20Z</time>
   </trkpt>
   <trkpt lat="45.7459410" lon="4.7679080">
    <ele>198.8</ele>
    <time>2026-03-24T18:02:21Z</time>
   </trkpt>
   <trkpt lat="45.7459140" lon="4.7679240">
    <ele>198.8</ele>
    <time>2026-03-24T18:02:22Z</time>
   </trkpt>
   <trkpt lat="45.7458840" lon="4.7679190">
    <ele>198.8</ele>
    <time>2026-03-24T18:02:23Z</time>
   </trkpt>
   <trkpt lat="45.7458540" lon="4.7679230">
    <ele>198.8</ele>
    <time>2026-03-24T18:02:24Z</time>
   </trkpt>
   <trkpt lat="45.7458240" lon="4.7679170">
    <ele>198.7</ele>
    <time>2026-03-24T18:02:25Z</time>
   </trkpt>
   <trkpt lat="45.7457960" lon="4.7679240">
    <ele>198.7</ele>
    <time>2026-03-24T18:02:26Z</time>
   </trkpt>
   <trkpt lat="45.7457670" lon="4.7679230">
    <ele>198.7</ele>
    <time>2026-03-24T18:02:27Z</time>
   </trkpt>
   <trkpt lat="45.7457390" lon="4.7679380">
    <ele>198.6</ele>
    <time>2026-03-24T18:02:28Z</time>
   </trkpt>
   <trkpt lat="45.7457000" lon="4.7679450">
    <ele>198.6</ele>
    <time>2026-03-24T18:02:29Z</time>
   </trkpt>
   <trkpt lat="45.7456870" lon="4.7679460">
    <ele>198.5</ele>
    <time>2026-03-24T18:02:30Z</time>
   </trkpt>
   <trkpt lat="45.7456590" lon="4.7679430">
    <ele>198.5</ele>
    <time>2026-03-24T18:02:31Z</time>
   </trkpt>
   <trkpt lat="45.7456290" lon="4.7679370">
    <ele>198.4</ele>
    <time>2026-03-24T18:02:32Z</time>
   </trkpt>
   <trkpt lat="45.7456040" lon="4.7679510">
    <ele>198.4</ele>
    <time>2026-03-24T18:02:33Z</time>
   </trkpt>
   <trkpt lat="45.7455760" lon="4.7679540">
    <ele>198.3</ele>
    <time>2026-03-24T18:02:34Z</time>
   </trkpt>
   <trkpt lat="45.7455480" lon="4.7679620">
    <ele>198.2</ele>
    <time>2026-03-24T18:02:35Z</time>
   </trkpt>
   <trkpt lat="45.7455170" lon="4.7679640">
    <ele>198.2</ele>
    <time>2026-03-24T18:02:36Z</time>
   </trkpt>
   <trkpt lat="45.7454800" lon="4.7679650">
    <ele>198.1</ele>
    <time>2026-03-24T18:02:37Z</time>
   </trkpt>
   <trkpt lat="45.7454670" lon="4.7679610">
    <ele>198.0</ele>
    <time>2026-03-24T18:02:38Z</time>
   </trkpt>
   <trkpt lat="45.7454290" lon="4.7679730">
    <ele>197.9</ele>
    <time>2026-03-24T18:02:39Z</time>
   </trkpt>
   <trkpt lat="45.7454160" lon="4.7679730">
    <ele>197.9</ele>
    <time>2026-03-24T18:02:40Z</time>
   </trkpt>
   <trkpt lat="45.7453850" lon="4.7679820">
    <ele>197.8</ele>
    <time>2026-03-24T18:02:41Z</time>
   </trkpt>
   <trkpt lat="45.7453500" lon="4.7679900">
    <ele>197.8</ele>
    <time>2026-03-24T18:02:42Z</time>
   </trkpt>
   <trkpt lat="45.7453360" lon="4.7679940">
    <ele>197.7</ele>
    <time>2026-03-24T18:02:43Z</time>
   </trkpt>
   <trkpt lat="45.7453070" lon="4.7679950">
    <ele>197.6</ele>
    <time>2026-03-24T18:02:44Z</time>
   </trkpt>
   <trkpt lat="45.7452740" lon="4.7680160">
    <ele>197.5</ele>
    <time>2026-03-24T18:02:45Z</time>
   </trkpt>
   <trkpt lat="45.7452610" lon="4.7680190">
    <ele>197.5</ele>
    <time>2026-03-24T18:02:46Z</time>
   </trkpt>
   <trkpt lat="45.7452330" lon="4.7680170">
    <ele>197.4</ele>
    <time>2026-03-24T18:02:47Z</time>
   </trkpt>
   <trkpt lat="45.7452060" lon="4.7680140">
    <ele>197.3</ele>
    <time>2026-03-24T18:02:48Z</time>
   </trkpt>
   <trkpt lat="45.7451660" lon="4.7679990">
    <ele>197.2</ele>
    <time>2026-03-24T18:02:49Z</time>
   </trkpt>
   <trkpt lat="45.7451510" lon="4.7679980">
    <ele>197.1</ele>
    <time>2026-03-24T18:02:50Z</time>
   </trkpt>
   <trkpt lat="45.7451240" lon="4.7679900">
    <ele>197.0</ele>
    <time>2026-03-24T18:02:51Z</time>
   </trkpt>
   <trkpt lat="45.7450860" lon="4.7679760">
    <ele>196.8</ele>
    <time>2026-03-24T18:02:52Z</time>
   </trkpt>
   <trkpt lat="45.7450730" lon="4.7679740">
    <ele>196.7</ele>
    <time>2026-03-24T18:02:53Z</time>
   </trkpt>
   <trkpt lat="45.7450280" lon="4.7679740">
    <ele>196.6</ele>
    <time>2026-03-24T18:02:54Z</time>
   </trkpt>
   <trkpt lat="45.7450010" lon="4.7679770">
    <ele>196.4</ele>
    <time>2026-03-24T18:02:55Z</time>
   </trkpt>
   <trkpt lat="45.7449600" lon="4.7679740">
    <ele>196.3</ele>
    <time>2026-03-24T18:02:56Z</time>
   </trkpt>
   <trkpt lat="45.7449380" lon="4.7679690">
    <ele>196.2</ele>
    <time>2026-03-24T18:02:57Z</time>
   </trkpt>
   <trkpt lat="45.7449110" lon="4.7679540">
    <ele>196.1</ele>
    <time>2026-03-24T18:02:58Z</time>
   </trkpt>
   <trkpt lat="45.7448740" lon="4.7679420">
    <ele>196.0</ele>
    <time>2026-03-24T18:02:59Z</time>
   </trkpt>
   <trkpt lat="45.7448470" lon="4.7679580">
    <ele>195.9</ele>
    <time>2026-03-24T18:03:00Z</time>
   </trkpt>
   <trkpt lat="45.7448260" lon="4.7679280">
    <ele>195.8</ele>
    <time>2026-03-24T18:03:01Z</time>
   </trkpt>
   <trkpt lat="45.7447870" lon="4.7679180">
    <ele>195.7</ele>
    <time>2026-03-24T18:03:02Z</time>
   </trkpt>
   <trkpt lat="45.7447730" lon="4.7679180">
    <ele>195.7</ele>
    <time>2026-03-24T18:03:03Z</time>
   </trkpt>
   <trkpt lat="45.7447470" lon="4.7679040">
    <ele>195.6</ele>
    <time>2026-03-24T18:03:04Z</time>
   </trkpt>
   <trkpt lat="45.7447170" lon="4.7678930">
    <ele>195.6</ele>
    <time>2026-03-24T18:03:05Z</time>
   </trkpt>
   <trkpt lat="45.7446800" lon="4.7678750">
    <ele>195.5</ele>
    <time>2026-03-24T18:03:06Z</time>
   </trkpt>
   <trkpt lat="45.7446530" lon="4.7678510">
    <ele>195.5</ele>
    <time>2026-03-24T18:03:07Z</time>
   </trkpt>
   <trkpt lat="45.7446240" lon="4.7678190">
    <ele>195.4</ele>
    <time>2026-03-24T18:03:08Z</time>
   </trkpt>
   <trkpt lat="45.7446110" lon="4.7678030">
    <ele>195.4</ele>
    <time>2026-03-24T18:03:09Z</time>
   </trkpt>
   <trkpt lat="45.7445800" lon="4.7677920">
    <ele>195.4</ele>
    <time>2026-03-24T18:03:10Z</time>
   </trkpt>
   <trkpt lat="45.7445600" lon="4.7677650">
    <ele>195.4</ele>
    <time>2026-03-24T18:03:11Z</time>
   </trkpt>
   <trkpt lat="45.7445280" lon="4.7677590">
    <ele>195.3</ele>
    <time>2026-03-24T18:03:12Z</time>
   </trkpt>
   <trkpt lat="45.7444890" lon="4.7677700">
    <ele>195.3</ele>
    <time>2026-03-24T18:03:13Z</time>
   </trkpt>
   <trkpt lat="45.7444540" lon="4.7677630">
    <ele>195.3</ele>
    <time>2026-03-24T18:03:14Z</time>
   </trkpt>
   <trkpt lat="45.7444380" lon="4.7677610">
    <ele>195.3</ele>
    <time>2026-03-24T18:03:15Z</time>
   </trkpt>
   <trkpt lat="45.7444060" lon="4.7677740">
    <ele>195.3</ele>
    <time>2026-03-24T18:03:16Z</time>
   </trkpt>
   <trkpt lat="45.7443970" lon="4.7677750">
    <ele>195.3</ele>
    <time>2026-03-24T18:03:17Z</time>
   </trkpt>
   <trkpt lat="45.7443680" lon="4.7677630">
    <ele>195.3</ele>
    <time>2026-03-24T18:03:18Z</time>
   </trkpt>
   <trkpt lat="45.7443330" lon="4.7677740">
    <ele>195.3</ele>
    <time>2026-03-24T18:03:19Z</time>
   </trkpt>
   <trkpt lat="45.7443210" lon="4.7677760">
    <ele>195.4</ele>
    <time>2026-03-24T18:03:20Z</time>
   </trkpt>
   <trkpt lat="45.7442850" lon="4.7677830">
    <ele>195.4</ele>
    <time>2026-03-24T18:03:21Z</time>
   </trkpt>
   <trkpt lat="45.7442710" lon="4.7677860">
    <ele>195.4</ele>
    <time>2026-03-24T18:03:22Z</time>
   </trkpt>
   <trkpt lat="45.7442330" lon="4.7677960">
    <ele>195.4</ele>
    <time>2026-03-24T18:03:23Z</time>
   </trkpt>
   <trkpt lat="45.7442200" lon="4.7677990">
    <ele>195.4</ele>
    <time>2026-03-24T18:03:24Z</time>
   </trkpt>
   <trkpt lat="45.7441910" lon="4.7678050">
    <ele>195.4</ele>
    <time>2026-03-24T18:03:25Z</time>
   </trkpt>
   <trkpt lat="45.7441540" lon="4.7678160">
    <ele>195.4</ele>
    <time>2026-03-24T18:03:26Z</time>
   </trkpt>
   <trkpt lat="45.7441410" lon="4.7678180">
    <ele>195.4</ele>
    <time>2026-03-24T18:03:27Z</time>
   </trkpt>
   <trkpt lat="45.7441090" lon="4.7678170">
    <ele>195.3</ele>
    <time>2026-03-24T18:03:28Z</time>
   </trkpt>
   <trkpt lat="45.7440790" lon="4.7678150">
    <ele>195.3</ele>
    <time>2026-03-24T18:03:29Z</time>
   </trkpt>
   <trkpt lat="45.7440410" lon="4.7678140">
    <ele>195.3</ele>
    <time>2026-03-24T18:03:30Z</time>
   </trkpt>
   <trkpt lat="45.7440250" lon="4.7678170">
    <ele>195.3</ele>
    <time>2026-03-24T18:03:31Z</time>
   </trkpt>
   <trkpt lat="45.7439980" lon="4.7678250">
    <ele>195.3</ele>
    <time>2026-03-24T18:03:32Z</time>
   </trkpt>
   <trkpt lat="45.7439700" lon="4.7678400">
    <ele>195.2</ele>
    <time>2026-03-24T18:03:33Z</time>
   </trkpt>
   <trkpt lat="45.7439360" lon="4.7678670">
    <ele>195.2</ele>
    <time>2026-03-24T18:03:34Z</time>
   </trkpt>
   <trkpt lat="45.7439210" lon="4.7678690">
    <ele>195.2</ele>
    <time>2026-03-24T18:03:35Z</time>
   </trkpt>
   <trkpt lat="45.7438950" lon="4.7678810">
    <ele>195.2</ele>
    <time>2026-03-24T18:03:36Z</time>
   </trkpt>
   <trkpt lat="45.7438670" lon="4.7678940">
    <ele>195.2</ele>
    <time>2026-03-24T18:03:37Z</time>
   </trkpt>
   <trkpt lat="45.7438330" lon="4.7679070">
    <ele>195.2</ele>
    <time>2026-03-24T18:03:38Z</time>
   </trkpt>
   <trkpt lat="45.7438200" lon="4.7679100">
    <ele>195.1</ele>
    <time>2026-03-24T18:03:39Z</time>
   </trkpt>
   <trkpt lat="45.7437930" lon="4.7679220">
    <ele>195.1</ele>
    <time>2026-03-24T18:03:40Z</time>
   </trkpt>
   <trkpt lat="45.7437670" lon="4.7679390">
    <ele>195.1</ele>
    <time>2026-03-24T18:03:41Z</time>
   </trkpt>
   <trkpt lat="45.7437330" lon="4.7679580">
    <ele>195.1</ele>
    <time>2026-03-24T18:03:42Z</time>
   </trkpt>
   <trkpt lat="45.7437230" lon="4.7679640">
    <ele>195.1</ele>
    <time>2026-03-24T18:03:43Z</time>
   </trkpt>
   <trkpt lat="45.7436930" lon="4.7679730">
    <ele>195.1</ele>
    <time>2026-03-24T18:03:44Z</time>
   </trkpt>
   <trkpt lat="45.7436670" lon="4.7679990">
    <ele>195.1</ele>
    <time>2026-03-24T18:03:45Z</time>
   </trkpt>
   <trkpt lat="45.7436400" lon="4.7680310">
    <ele>195.0</ele>
    <time>2026-03-24T18:03:46Z</time>
   </trkpt>
   <trkpt lat="45.7436230" lon="4.7680400">
    <ele>195.0</ele>
    <time>2026-03-24T18:03:47Z</time>
   </trkpt>
   <trkpt lat="45.7435970" lon="4.7680700">
    <ele>195.0</ele>
    <time>2026-03-24T18:03:48Z</time>
   </trkpt>
   <trkpt lat="45.7435600" lon="4.7680800">
    <ele>195.0</ele>
    <time>2026-03-24T18:03:49Z</time>
   </trkpt>
   <trkpt lat="45.7435450" lon="4.7680800">
    <ele>195.0</ele>
    <time>2026-03-24T18:03:50Z</time>
   </trkpt>
   <trkpt lat="45.7435090" lon="4.7680790">
    <ele>195.0</ele>
    <time>2026-03-24T18:03:51Z</time>
   </trkpt>
   <trkpt lat="45.7434970" lon="4.7680790">
    <ele>195.0</ele>
    <time>2026-03-24T18:03:52Z</time>
   </trkpt>
   <trkpt lat="45.7434660" lon="4.7680670">
    <ele>195.0</ele>
    <time>2026-03-24T18:03:53Z</time>
   </trkpt>
   <trkpt lat="45.7434330" lon="4.7680710">
    <ele>195.0</ele>
    <time>2026-03-24T18:03:54Z</time>
   </trkpt>
   <trkpt lat="45.7434220" lon="4.7680720">
    <ele>195.0</ele>
    <time>2026-03-24T18:03:55Z</time>
   </trkpt>
   <trkpt lat="45.7433920" lon="4.7680720">
    <ele>195.0</ele>
    <time>2026-03-24T18:03:56Z</time>
   </trkpt>
   <trkpt lat="45.7433630" lon="4.7680720">
    <ele>195.0</ele>
    <time>2026-03-24T18:03:57Z</time>
   </trkpt>
   <trkpt lat="45.7433320" lon="4.7680740">
    <ele>194.9</ele>
    <time>2026-03-24T18:03:58Z</time>
   </trkpt>
   <trkpt lat="45.7433030" lon="4.7680740">
    <ele>194.9</ele>
    <time>2026-03-24T18:03:59Z</time>
   </trkpt>
   <trkpt lat="45.7432760" lon="4.7680810">
    <ele>194.9</ele>
    <time>2026-03-24T18:04:00Z</time>
   </trkpt>
   <trkpt lat="45.7432410" lon="4.7680860">
    <ele>194.9</ele>
    <time>2026-03-24T18:04:01Z</time>
   </trkpt>
   <trkpt lat="45.7432290" lon="4.7680890">
    <ele>194.9</ele>
    <time>2026-03-24T18:04:02Z</time>
   </trkpt>
   <trkpt lat="45.7431990" lon="4.7681020">
    <ele>194.9</ele>
    <time>2026-03-24T18:04:03Z</time>
   </trkpt>
   <trkpt lat="45.7431630" lon="4.7681060">
    <ele>194.8</ele>
    <time>2026-03-24T18:04:04Z</time>
   </trkpt>
   <trkpt lat="45.7431510" lon="4.7681070">
    <ele>194.8</ele>
    <time>2026-03-24T18:04:05Z</time>
   </trkpt>
   <trkpt lat="45.7431130" lon="4.7681120">
    <ele>194.8</ele>
    <time>2026-03-24T18:04:06Z</time>
   </trkpt>
   <trkpt lat="45.7431010" lon="4.7681100">
    <ele>194.8</ele>
    <time>2026-03-24T18:04:07Z</time>
   </trkpt>
   <trkpt lat="45.7430720" lon="4.7681100">
    <ele>194.8</ele>
    <time>2026-03-24T18:04:08Z</time>
   </trkpt>
   <trkpt lat="45.7430370" lon="4.7681090">
    <ele>194.7</ele>
    <time>2026-03-24T18:04:09Z</time>
   </trkpt>
   <trkpt lat="45.7430230" lon="4.7681060">
    <ele>194.7</ele>
    <time>2026-03-24T18:04:10Z</time>
   </trkpt>
   <trkpt lat="45.7429910" lon="4.7680970">
    <ele>194.7</ele>
    <time>2026-03-24T18:04:11Z</time>
   </trkpt>
   <trkpt lat="45.7429560" lon="4.7680920">
    <ele>194.7</ele>
    <time>2026-03-24T18:04:12Z</time>
   </trkpt>
   <trkpt lat="45.7429430" lon="4.7680900">
    <ele>194.6</ele>
    <time>2026-03-24T18:04:13Z</time>
   </trkpt>
   <trkpt lat="45.7429120" lon="4.7680860">
    <ele>194.6</ele>
    <time>2026-03-24T18:04:14Z</time>
   </trkpt>
   <trkpt lat="45.7428750" lon="4.7680910">
    <ele>194.6</ele>
    <time>2026-03-24T18:04:15Z</time>
   </trkpt>
   <trkpt lat="45.7428620" lon="4.7680880">
    <ele>194.6</ele>
    <time>2026-03-24T18:04:16Z</time>
   </trkpt>
   <trkpt lat="45.7428250" lon="4.7680740">
    <ele>194.5</ele>
    <time>2026-03-24T18:04:17Z</time>
   </trkpt>
   <trkpt lat="45.7428120" lon="4.7680730">
    <ele>194.5</ele>
    <time>2026-03-24T18:04:18Z</time>
   </trkpt>
   <trkpt lat="45.7427770" lon="4.7680710">
    <ele>194.5</ele>
    <time>2026-03-24T18:04:19Z</time>
   </trkpt>
   <trkpt lat="45.7427660" lon="4.7680660">
    <ele>194.5</ele>
    <time>2026-03-24T18:04:20Z</time>
   </trkpt>
   <trkpt lat="45.7427380" lon="4.7680620">
    <ele>194.5</ele>
    <time>2026-03-24T18:04:21Z</time>
   </trkpt>
   <trkpt lat="45.7427090" lon="4.7680510">
    <ele>194.4</ele>
    <time>2026-03-24T18:04:22Z</time>
   </trkpt>
   <trkpt lat="45.7426800" lon="4.7680400">
    <ele>194.4</ele>
    <time>2026-03-24T18:04:23Z</time>
   </trkpt>
   <trkpt lat="45.7426430" lon="4.7680380">
    <ele>194.4</ele>
    <time>2026-03-24T18:04:24Z</time>
   </trkpt>
   <trkpt lat="45.7426300" lon="4.7680380">
    <ele>194.4</ele>
    <time>2026-03-24T18:04:25Z</time>
   </trkpt>
   <trkpt lat="45.7426020" lon="4.7680440">
    <ele>194.4</ele>
    <time>2026-03-24T18:04:26Z</time>
   </trkpt>
   <trkpt lat="45.7425640" lon="4.7680420">
    <ele>194.3</ele>
    <time>2026-03-24T18:04:27Z</time>
   </trkpt>
   <trkpt lat="45.7425500" lon="4.7680380">
    <ele>194.3</ele>
    <time>2026-03-24T18:04:28Z</time>
   </trkpt>
   <trkpt lat="45.7425200" lon="4.7680430">
    <ele>194.3</ele>
    <time>2026-03-24T18:04:29Z</time>
   </trkpt>
   <trkpt lat="45.7424860" lon="4.7680540">
    <ele>194.3</ele>
    <time>2026-03-24T18:04:30Z</time>
   </trkpt>
   <trkpt lat="45.7424760" lon="4.7680570">
    <ele>194.3</ele>
    <time>2026-03-24T18:04:31Z</time>
   </trkpt>
   <trkpt lat="45.7424450" lon="4.7680510">
    <ele>194.3</ele>
    <time>2026-03-24T18:04:32Z</time>
   </trkpt>
   <trkpt lat="45.7424180" lon="4.7680560">
    <ele>194.3</ele>
    <time>2026-03-24T18:04:33Z</time>
   </trkpt>
   <trkpt lat="45.7423870" lon="4.7680600">
    <ele>194.2</ele>
    <time>2026-03-24T18:04:34Z</time>
   </trkpt>
   <trkpt lat="45.7423570" lon="4.7680590">
    <ele>194.2</ele>
    <time>2026-03-24T18:04:35Z</time>
   </trkpt>
   <trkpt lat="45.7423270" lon="4.7680630">
    <ele>194.2</ele>
    <time>2026-03-24T18:04:36Z</time>
   </trkpt>
   <trkpt lat="45.7422990" lon="4.7680640">
    <ele>194.2</ele>
    <time>2026-03-24T18:04:37Z</time>
   </trkpt>
   <trkpt lat="45.7422710" lon="4.7680660">
    <ele>194.2</ele>
    <time>2026-03-24T18:04:38Z</time>
   </trkpt>
   <trkpt lat="45.7422310" lon="4.7680640">
    <ele>194.2</ele>
    <time>2026-03-24T18:04:39Z</time>
   </trkpt>
   <trkpt lat="45.7422170" lon="4.7680620">
    <ele>194.2</ele>
    <time>2026-03-24T18:04:40Z</time>
   </trkpt>
   <trkpt lat="45.7421890" lon="4.7680650">
    <ele>194.1</ele>
    <time>2026-03-24T18:04:41Z</time>
   </trkpt>
   <trkpt lat="45.7421610" lon="4.7680600">
    <ele>194.1</ele>
    <time>2026-03-24T18:04:42Z</time>
   </trkpt>
   <trkpt lat="45.7421290" lon="4.7680500">
    <ele>194.1</ele>
    <time>2026-03-24T18:04:43Z</time>
   </trkpt>
   <trkpt lat="45.7421010" lon="4.7680480">
    <ele>194.1</ele>
    <time>2026-03-24T18:04:44Z</time>
   </trkpt>
   <trkpt lat="45.7420640" lon="4.7680600">
    <ele>194.1</ele>
    <time>2026-03-24T18:04:45Z</time>
   </trkpt>
   <trkpt lat="45.7420510" lon="4.7680630">
    <ele>194.1</ele>
    <time>2026-03-24T18:04:46Z</time>
   </trkpt>
   <trkpt lat="45.7420250" lon="4.7680730">
    <ele>194.0</ele>
    <time>2026-03-24T18:04:47Z</time>
   </trkpt>
   <trkpt lat="45.7419950" lon="4.7680590">
    <ele>194.0</ele>
    <time>2026-03-24T18:04:48Z</time>
   </trkpt>
   <trkpt lat="45.7419650" lon="4.7680590">
    <ele>194.0</ele>
    <time>2026-03-24T18:04:49Z</time>
   </trkpt>
   <trkpt lat="45.7419260" lon="4.7680630">
    <ele>194.0</ele>
    <time>2026-03-24T18:04:50Z</time>
   </trkpt>
   <trkpt lat="45.7419110" lon="4.7680640">
    <ele>194.0</ele>
    <time>2026-03-24T18:04:51Z</time>
   </trkpt>
   <trkpt lat="45.7418720" lon="4.7680720">
    <ele>193.9</ele>
    <time>2026-03-24T18:04:52Z</time>
   </trkpt>
   <trkpt lat="45.7418580" lon="4.7680740">
    <ele>193.9</ele>
    <time>2026-03-24T18:04:53Z</time>
   </trkpt>
   <trkpt lat="45.7418200" lon="4.7680710">
    <ele>193.9</ele>
    <time>2026-03-24T18:04:54Z</time>
   </trkpt>
   <trkpt lat="45.7418070" lon="4.7680720">
    <ele>193.9</ele>
    <time>2026-03-24T18:04:55Z</time>
   </trkpt>
   <trkpt lat="45.7417820" lon="4.7680910">
    <ele>193.9</ele>
    <time>2026-03-24T18:04:56Z</time>
   </trkpt>
   <trkpt lat="45.7417520" lon="4.7681110">
    <ele>193.9</ele>
    <time>2026-03-24T18:04:57Z</time>
   </trkpt>
   <trkpt lat="45.7417420" lon="4.7681120">
    <ele>193.9</ele>
    <time>2026-03-24T18:04:58Z</time>
   </trkpt>
   <trkpt lat="45.7417080" lon="4.7681120">
    <ele>193.9</ele>
    <time>2026-03-24T18:04:59Z</time>
   </trkpt>
   <trkpt lat="45.7416780" lon="4.7681170">
    <ele>193.9</ele>
    <time>2026-03-24T18:05:00Z</time>
   </trkpt>
   <trkpt lat="45.7416370" lon="4.7681300">
    <ele>193.9</ele>
    <time>2026-03-24T18:05:01Z</time>
   </trkpt>
   <trkpt lat="45.7416220" lon="4.7681370">
    <ele>193.9</ele>
    <time>2026-03-24T18:05:02Z</time>
   </trkpt>
   <trkpt lat="45.7415990" lon="4.7681370">
    <ele>193.9</ele>
    <time>2026-03-24T18:05:03Z</time>
   </trkpt>
   <trkpt lat="45.7415870" lon="4.7681440">
    <ele>193.8</ele>
    <time>2026-03-24T18:05:04Z</time>
   </trkpt>
   <trkpt lat="45.7415690" lon="4.7681080">
    <ele>193.8</ele>
    <time>2026-03-24T18:05:05Z</time>
   </trkpt>
   <trkpt lat="45.7415690" lon="4.7680870">
    <ele>193.8</ele>
    <time>2026-03-24T18:05:06Z</time>
   </trkpt>
   <trkpt lat="45.7415800" lon="4.7680490">
    <ele>193.9</ele>
    <time>2026-03-24T18:05:07Z</time>
   </trkpt>
   <trkpt lat="45.7415850" lon="4.7680100">
    <ele>193.9</ele>
    <time>2026-03-24T18:05:08Z</time>
   </trkpt>
   <trkpt lat="45.7415910" lon="4.7679690">
    <ele>193.9</ele>
    <time>2026-03-24T18:05:09Z</time>
   </trkpt>
   <trkpt lat="45.7416010" lon="4.7679300">
    <ele>194.0</ele>
    <time>2026-03-24T18:05:10Z</time>
   </trkpt>
   <trkpt lat="45.7416110" lon="4.7678860">
    <ele>194.0</ele>
    <time>2026-03-24T18:05:11Z</time>
   </trkpt>
   <trkpt lat="45.7416170" lon="4.7678730">
    <ele>194.0</ele>
    <time>2026-03-24T18:05:12Z</time>
   </trkpt>
   <trkpt lat="45.7416330" lon="4.7678310">
    <ele>194.1</ele>
    <time>2026-03-24T18:05:13Z</time>
   </trkpt>
   <trkpt lat="45.7416400" lon="4.7678150">
    <ele>194.1</ele>
    <time>2026-03-24T18:05:14Z</time>
   </trkpt>
   <trkpt lat="45.7416580" lon="4.7677810">
    <ele>194.1</ele>
    <time>2026-03-24T18:05:15Z</time>
   </trkpt>
   <trkpt lat="45.7416700" lon="4.7677440">
    <ele>194.1</ele>
    <time>2026-03-24T18:05:16Z</time>
   </trkpt>
   <trkpt lat="45.7416850" lon="4.7676960">
    <ele>194.2</ele>
    <time>2026-03-24T18:05:17Z</time>
   </trkpt>
   <trkpt lat="45.7417030" lon="4.7676500">
    <ele>194.2</ele>
    <time>2026-03-24T18:05:18Z</time>
   </trkpt>
   <trkpt lat="45.7417230" lon="4.7675990">
    <ele>194.3</ele>
    <time>2026-03-24T18:05:19Z</time>
   </trkpt>
   <trkpt lat="45.7417280" lon="4.7675800">
    <ele>194.3</ele>
    <time>2026-03-24T18:05:20Z</time>
   </trkpt>
   <trkpt lat="45.7417400" lon="4.7675350">
    <ele>194.3</ele>
    <time>2026-03-24T18:05:21Z</time>
   </trkpt>
   <trkpt lat="45.7417520" lon="4.7674840">
    <ele>194.3</ele>
    <time>2026-03-24T18:05:22Z</time>
   </trkpt>
   <trkpt lat="45.7417550" lon="4.7674690">
    <ele>194.4</ele>
    <time>2026-03-24T18:05:23Z</time>
   </trkpt>
   <trkpt lat="45.7417720" lon="4.7674290">
    <ele>194.4</ele>
    <time>2026-03-24T18:05:24Z</time>
   </trkpt>
   <trkpt lat="45.7417770" lon="4.7674160">
    <ele>194.4</ele>
    <time>2026-03-24T18:05:25Z</time>
   </trkpt>
   <trkpt lat="45.7417960" lon="4.7673700">
    <ele>194.4</ele>
    <time>2026-03-24T18:05:26Z</time>
   </trkpt>
   <trkpt lat="45.7418020" lon="4.7673580">
    <ele>194.4</ele>
    <time>2026-03-24T18:05:27Z</time>
   </trkpt>
   <trkpt lat="45.7418210" lon="4.7673150">
    <ele>194.4</ele>
    <time>2026-03-24T18:05:28Z</time>
   </trkpt>
   <trkpt lat="45.7418280" lon="4.7672980">
    <ele>194.4</ele>
    <time>2026-03-24T18:05:29Z</time>
   </trkpt>
   <trkpt lat="45.7418480" lon="4.7672520">
    <ele>194.4</ele>
    <time>2026-03-24T18:05:30Z</time>
   </trkpt>
   <trkpt lat="45.7418540" lon="4.7672350">
    <ele>194.3</ele>
    <time>2026-03-24T18:05:31Z</time>
   </trkpt>
   <trkpt lat="45.7418690" lon="4.7672030">
    <ele>194.3</ele>
    <time>2026-03-24T18:05:32Z</time>
   </trkpt>
   <trkpt lat="45.7418860" lon="4.7671710">
    <ele>194.3</ele>
    <time>2026-03-24T18:05:33Z</time>
   </trkpt>
   <trkpt lat="45.7419130" lon="4.7671270">
    <ele>194.3</ele>
    <time>2026-03-24T18:05:34Z</time>
   </trkpt>
   <trkpt lat="45.7419210" lon="4.7671100">
    <ele>194.2</ele>
    <time>2026-03-24T18:05:35Z</time>
   </trkpt>
   <trkpt lat="45.7419340" lon="4.7670560">
    <ele>194.2</ele>
    <time>2026-03-24T18:05:36Z</time>
   </trkpt>
   <trkpt lat="45.7419380" lon="4.7670370">
    <ele>194.2</ele>
    <time>2026-03-24T18:05:37Z</time>
   </trkpt>
   <trkpt lat="45.7419470" lon="4.7669820">
    <ele>194.1</ele>
    <time>2026-03-24T18:05:38Z</time>
   </trkpt>
   <trkpt lat="45.7419520" lon="4.7669630">
    <ele>194.1</ele>
    <time>2026-03-24T18:05:39Z</time>
   </trkpt>
   <trkpt lat="45.7419650" lon="4.7669280">
    <ele>194.1</ele>
    <time>2026-03-24T18:05:40Z</time>
   </trkpt>
   <trkpt lat="45.7419820" lon="4.7668970">
    <ele>194.1</ele>
    <time>2026-03-24T18:05:41Z</time>
   </trkpt>
   <trkpt lat="45.7419860" lon="4.7668470">
    <ele>194.1</ele>
    <time>2026-03-24T18:05:42Z</time>
   </trkpt>
   <trkpt lat="45.7419950" lon="4.7668100">
    <ele>194.1</ele>
    <time>2026-03-24T18:05:43Z</time>
   </trkpt>
   <trkpt lat="45.7420100" lon="4.7667590">
    <ele>194.1</ele>
    <time>2026-03-24T18:05:44Z</time>
   </trkpt>
   <trkpt lat="45.7420160" lon="4.7667430">
    <ele>194.1</ele>
    <time>2026-03-24T18:05:45Z</time>
   </trkpt>
   <trkpt lat="45.7420240" lon="4.7666900">
    <ele>194.1</ele>
    <time>2026-03-24T18:05:46Z</time>
   </trkpt>
   <trkpt lat="45.7420240" lon="4.7666710">
    <ele>194.1</ele>
    <time>2026-03-24T18:05:47Z</time>
   </trkpt>
   <trkpt lat="45.7420380" lon="4.7666260">
    <ele>194.1</ele>
    <time>2026-03-24T18:05:48Z</time>
   </trkpt>
   <trkpt lat="45.7420540" lon="4.7665720">
    <ele>194.1</ele>
    <time>2026-03-24T18:05:49Z</time>
   </trkpt>
   <trkpt lat="45.7420610" lon="4.7665530">
    <ele>194.1</ele>
    <time>2026-03-24T18:05:50Z</time>
   </trkpt>
   <trkpt lat="45.7420730" lon="4.7665190">
    <ele>194.1</ele>
    <time>2026-03-24T18:05:51Z</time>
   </trkpt>
   <trkpt lat="45.7420750" lon="4.7664710">
    <ele>194.1</ele>
    <time>2026-03-24T18:05:52Z</time>
   </trkpt>
   <trkpt lat="45.7420740" lon="4.7664300">
    <ele>194.1</ele>
    <time>2026-03-24T18:05:53Z</time>
   </trkpt>
   <trkpt lat="45.7420780" lon="4.7663840">
    <ele>194.1</ele>
    <time>2026-03-24T18:05:54Z</time>
   </trkpt>
   <trkpt lat="45.7420810" lon="4.7663340">
    <ele>194.0</ele>
    <time>2026-03-24T18:05:55Z</time>
   </trkpt>
   <trkpt lat="45.7420820" lon="4.7663120">
    <ele>194.0</ele>
    <time>2026-03-24T18:05:56Z</time>
   </trkpt>
   <trkpt lat="45.7420830" lon="4.7662620">
    <ele>194.0</ele>
    <time>2026-03-24T18:05:57Z</time>
   </trkpt>
   <trkpt lat="45.7420800" lon="4.7662440">
    <ele>193.9</ele>
    <time>2026-03-24T18:05:58Z</time>
   </trkpt>
   <trkpt lat="45.7420810" lon="4.7662030">
    <ele>193.9</ele>
    <time>2026-03-24T18:05:59Z</time>
   </trkpt>
   <trkpt lat="45.7420890" lon="4.7661580">
    <ele>193.9</ele>
    <time>2026-03-24T18:06:00Z</time>
   </trkpt>
   <trkpt lat="45.7420900" lon="4.7661060">
    <ele>193.8</ele>
    <time>2026-03-24T18:06:01Z</time>
   </trkpt>
   <trkpt lat="45.7420950" lon="4.7660580">
    <ele>193.8</ele>
    <time>2026-03-24T18:06:02Z</time>
   </trkpt>
   <trkpt lat="45.7420940" lon="4.7660030">
    <ele>193.7</ele>
    <time>2026-03-24T18:06:03Z</time>
   </trkpt>
   <trkpt lat="45.7420960" lon="4.7659840">
    <ele>193.7</ele>
    <time>2026-03-24T18:06:04Z</time>
   </trkpt>
   <trkpt lat="45.7420990" lon="4.7659380">
    <ele>193.7</ele>
    <time>2026-03-24T18:06:05Z</time>
   </trkpt>
   <trkpt lat="45.7420890" lon="4.7659010">
    <ele>193.7</ele>
    <time>2026-03-24T18:06:06Z</time>
   </trkpt>
   <trkpt lat="45.7420910" lon="4.7658600">
    <ele>193.7</ele>
    <time>2026-03-24T18:06:07Z</time>
   </trkpt>
   <trkpt lat="45.7420960" lon="4.7658210">
    <ele>193.7</ele>
    <time>2026-03-24T18:06:08Z</time>
   </trkpt>
   <trkpt lat="45.7421000" lon="4.7657800">
    <ele>193.7</ele>
    <time>2026-03-24T18:06:09Z</time>
   </trkpt>
   <trkpt lat="45.7420980" lon="4.7657310">
    <ele>193.7</ele>
    <time>2026-03-24T18:06:10Z</time>
   </trkpt>
   <trkpt lat="45.7420940" lon="4.7656880">
    <ele>193.7</ele>
    <time>2026-03-24T18:06:11Z</time>
   </trkpt>
   <trkpt lat="45.7420930" lon="4.7656330">
    <ele>193.7</ele>
    <time>2026-03-24T18:06:12Z</time>
   </trkpt>
   <trkpt lat="45.7420920" lon="4.7656170">
    <ele>193.8</ele>
    <time>2026-03-24T18:06:13Z</time>
   </trkpt>
   <trkpt lat="45.7420900" lon="4.7655600">
    <ele>193.8</ele>
    <time>2026-03-24T18:06:14Z</time>
   </trkpt>
   <trkpt lat="45.7420890" lon="4.7655420">
    <ele>193.8</ele>
    <time>2026-03-24T18:06:15Z</time>
   </trkpt>
   <trkpt lat="45.7420820" lon="4.7654950">
    <ele>193.8</ele>
    <time>2026-03-24T18:06:16Z</time>
   </trkpt>
   <trkpt lat="45.7420740" lon="4.7654460">
    <ele>193.8</ele>
    <time>2026-03-24T18:06:17Z</time>
   </trkpt>
   <trkpt lat="45.7420720" lon="4.7654280">
    <ele>193.9</ele>
    <time>2026-03-24T18:06:18Z</time>
   </trkpt>
   <trkpt lat="45.7420720" lon="4.7653870">
    <ele>193.9</ele>
    <time>2026-03-24T18:06:19Z</time>
   </trkpt>
   <trkpt lat="45.7420710" lon="4.7653480">
    <ele>193.9</ele>
    <time>2026-03-24T18:06:20Z</time>
   </trkpt>
   <trkpt lat="45.7420700" lon="4.7653010">
    <ele>194.0</ele>
    <time>2026-03-24T18:06:21Z</time>
   </trkpt>
   <trkpt lat="45.7420740" lon="4.7652600">
    <ele>194.0</ele>
    <time>2026-03-24T18:06:22Z</time>
   </trkpt>
   <trkpt lat="45.7420720" lon="4.7652110">
    <ele>194.1</ele>
    <time>2026-03-24T18:06:23Z</time>
   </trkpt>
   <trkpt lat="45.7420690" lon="4.7651900">
    <ele>194.1</ele>
    <time>2026-03-24T18:06:24Z</time>
   </trkpt>
   <trkpt lat="45.7420580" lon="4.7651540">
    <ele>194.2</ele>
    <time>2026-03-24T18:06:25Z</time>
   </trkpt>
   <trkpt lat="45.7420550" lon="4.7651100">
    <ele>194.3</ele>
    <time>2026-03-24T18:06:26Z</time>
   </trkpt>
   <trkpt lat="45.7420570" lon="4.7650930">
    <ele>194.3</ele>
    <time>2026-03-24T18:06:27Z</time>
   </trkpt>
   <trkpt lat="45.7420550" lon="4.7650480">
    <ele>194.4</ele>
    <time>2026-03-24T18:06:28Z</time>
   </trkpt>
   <trkpt lat="45.7420550" lon="4.7650000">
    <ele>194.5</ele>
    <time>2026-03-24T18:06:29Z</time>
   </trkpt>
   <trkpt lat="45.7420540" lon="4.7649850">
    <ele>194.5</ele>
    <time>2026-03-24T18:06:30Z</time>
   </trkpt>
   <trkpt lat="45.7420600" lon="4.7649440">
    <ele>194.6</ele>
    <time>2026-03-24T18:06:31Z</time>
   </trkpt>
   <trkpt lat="45.7420650" lon="4.7648940">
    <ele>194.6</ele>
    <time>2026-03-24T18:06:32Z</time>
   </trkpt>
   <trkpt lat="45.7420650" lon="4.7648780">
    <ele>194.7</ele>
    <time>2026-03-24T18:06:33Z</time>
   </trkpt>
   <trkpt lat="45.7420610" lon="4.7648400">
    <ele>194.7</ele>
    <time>2026-03-24T18:06:34Z</time>
   </trkpt>
   <trkpt lat="45.7420600" lon="4.7647830">
    <ele>194.7</ele>
    <time>2026-03-24T18:06:35Z</time>
   </trkpt>
   <trkpt lat="45.7420620" lon="4.7647410">
    <ele>194.7</ele>
    <time>2026-03-24T18:06:36Z</time>
   </trkpt>
   <trkpt lat="45.7420730" lon="4.7646860">
    <ele>194.7</ele>
    <time>2026-03-24T18:06:37Z</time>
   </trkpt>
   <trkpt lat="45.7420780" lon="4.7646680">
    <ele>194.7</ele>
    <time>2026-03-24T18:06:38Z</time>
   </trkpt>
   <trkpt lat="45.7420810" lon="4.7646250">
    <ele>194.7</ele>
    <time>2026-03-24T18:06:39Z</time>
   </trkpt>
   <trkpt lat="45.7420780" lon="4.7645800">
    <ele>194.7</ele>
    <time>2026-03-24T18:06:40Z</time>
   </trkpt>
   <trkpt lat="45.7420820" lon="4.7645690">
    <ele>194.7</ele>
    <time>2026-03-24T18:06:41Z</time>
   </trkpt>
   <trkpt lat="45.7420810" lon="4.7645230">
    <ele>194.7</ele>
    <time>2026-03-24T18:06:42Z</time>
   </trkpt>
   <trkpt lat="45.7420750" lon="4.7645030">
    <ele>194.8</ele>
    <time>2026-03-24T18:06:43Z</time>
   </trkpt>
   <trkpt lat="45.7420690" lon="4.7644470">
    <ele>194.8</ele>
    <time>2026-03-24T18:06:44Z</time>
   </trkpt>
   <trkpt lat="45.7420680" lon="4.7644290">
    <ele>194.8</ele>
    <time>2026-03-24T18:06:45Z</time>
   </trkpt>
   <trkpt lat="45.7420650" lon="4.7643820">
    <ele>194.9</ele>
    <time>2026-03-24T18:06:46Z</time>
   </trkpt>
   <trkpt lat="45.7420700" lon="4.7643340">
    <ele>194.9</ele>
    <time>2026-03-24T18:06:47Z</time>
   </trkpt>
   <trkpt lat="45.7420700" lon="4.7642950">
    <ele>195.0</ele>
    <time>2026-03-24T18:06:48Z</time>
   </trkpt>
   <trkpt lat="45.7420570" lon="4.7642790">
    <ele>195.0</ele>
    <time>2026-03-24T18:06:49Z</time>
   </trkpt>
   <trkpt lat="45.7420540" lon="4.7642580">
    <ele>195.0</ele>
    <time>2026-03-24T18:06:50Z</time>
   </trkpt>
   <trkpt lat="45.7420550" lon="4.7642030">
    <ele>195.1</ele>
    <time>2026-03-24T18:06:51Z</time>
   </trkpt>
   <trkpt lat="45.7420520" lon="4.7641860">
    <ele>195.1</ele>
    <time>2026-03-24T18:06:52Z</time>
   </trkpt>
   <trkpt lat="45.7420510" lon="4.7641460">
    <ele>195.1</ele>
    <time>2026-03-24T18:06:53Z</time>
   </trkpt>
   <trkpt lat="45.7420430" lon="4.7641140">
    <ele>195.0</ele>
    <time>2026-03-24T18:06:54Z</time>
   </trkpt>
   <trkpt lat="45.7420380" lon="4.7641030">
    <ele>195.0</ele>
    <time>2026-03-24T18:06:55Z</time>
   </trkpt>
   <trkpt lat="45.7420330" lon="4.7640930">
    <ele>195.0</ele>
    <time>2026-03-24T18:06:56Z</time>
   </trkpt>
   <trkpt lat="45.7420610" lon="4.7640780">
    <ele>194.9</ele>
    <time>2026-03-24T18:06:57Z</time>
   </trkpt>
   <trkpt lat="45.7420710" lon="4.7640800">
    <ele>194.8</ele>
    <time>2026-03-24T18:06:58Z</time>
   </trkpt>
   <trkpt lat="45.7420930" lon="4.7641020">
    <ele>194.8</ele>
    <time>2026-03-24T18:06:59Z</time>
   </trkpt>
   <trkpt lat="45.7421210" lon="4.7641250">
    <ele>194.7</ele>
    <time>2026-03-24T18:07:00Z</time>
   </trkpt>
   <trkpt lat="45.7421300" lon="4.7641350">
    <ele>194.7</ele>
    <time>2026-03-24T18:07:01Z</time>
   </trkpt>
   <trkpt lat="45.7421600" lon="4.7641330">
    <ele>194.6</ele>
    <time>2026-03-24T18:07:02Z</time>
   </trkpt>
   <trkpt lat="45.7421950" lon="4.7641420">
    <ele>194.6</ele>
    <time>2026-03-24T18:07:03Z</time>
   </trkpt>
   <trkpt lat="45.7422080" lon="4.7641400">
    <ele>194.6</ele>
    <time>2026-03-24T18:07:04Z</time>
   </trkpt>
   <trkpt lat="45.7422380" lon="4.7641430">
    <ele>194.7</ele>
    <time>2026-03-24T18:07:05Z</time>
   </trkpt>
   <trkpt lat="45.7422530" lon="4.7641440">
    <ele>194.7</ele>
    <time>2026-03-24T18:07:06Z</time>
   </trkpt>
   <trkpt lat="45.7422840" lon="4.7641430">
    <ele>194.9</ele>
    <time>2026-03-24T18:07:07Z</time>
   </trkpt>
   <trkpt lat="45.7423110" lon="4.7641100">
    <ele>195.0</ele>
    <time>2026-03-24T18:07:08Z</time>
   </trkpt>
   <trkpt lat="45.7423160" lon="4.7640950">
    <ele>195.0</ele>
    <time>2026-03-24T18:07:09Z</time>
   </trkpt>
   <trkpt lat="45.7423310" lon="4.7640530">
    <ele>195.2</ele>
    <time>2026-03-24T18:07:10Z</time>
   </trkpt>
   <trkpt lat="45.7423380" lon="4.7640410">
    <ele>195.3</ele>
    <time>2026-03-24T18:07:11Z</time>
   </trkpt>
   <trkpt lat="45.7423630" lon="4.7640000">
    <ele>195.6</ele>
    <time>2026-03-24T18:07:12Z</time>
   </trkpt>
   <trkpt lat="45.7423700" lon="4.7639840">
    <ele>195.7</ele>
    <time>2026-03-24T18:07:13Z</time>
   </trkpt>
   <trkpt lat="45.7423790" lon="4.7639300">
    <ele>196.0</ele>
    <time>2026-03-24T18:07:14Z</time>
   </trkpt>
   <trkpt lat="45.7423830" lon="4.7639120">
    <ele>196.1</ele>
    <time>2026-03-24T18:07:15Z</time>
   </trkpt>
   <trkpt lat="45.7423880" lon="4.7638600">
    <ele>196.5</ele>
    <time>2026-03-24T18:07:16Z</time>
   </trkpt>
   <trkpt lat="45.7424240" lon="4.7638360">
    <ele>196.6</ele>
    <time>2026-03-24T18:07:17Z</time>
   </trkpt>
   <trkpt lat="45.7424400" lon="4.7638310">
    <ele>196.6</ele>
    <time>2026-03-24T18:07:18Z</time>
   </trkpt>
   <trkpt lat="45.7424690" lon="4.7638270">
    <ele>196.6</ele>
    <time>2026-03-24T18:07:19Z</time>
   </trkpt>
   <trkpt lat="45.7425020" lon="4.7638220">
    <ele>196.7</ele>
    <time>2026-03-24T18:07:20Z</time>
   </trkpt>
   <trkpt lat="45.7425120" lon="4.7638270">
    <ele>196.7</ele>
    <time>2026-03-24T18:07:21Z</time>
   </trkpt>
   <trkpt lat="45.7425430" lon="4.7638220">
    <ele>196.7</ele>
    <time>2026-03-24T18:07:22Z</time>
   </trkpt>
   <trkpt lat="45.7425530" lon="4.7638220">
    <ele>196.7</ele>
    <time>2026-03-24T18:07:23Z</time>
   </trkpt>
   <trkpt lat="45.7425700" lon="4.7637830">
    <ele>196.7</ele>
    <time>2026-03-24T18:07:24Z</time>
   </trkpt>
   <trkpt lat="45.7425670" lon="4.7637700">
    <ele>196.7</ele>
    <time>2026-03-24T18:07:25Z</time>
   </trkpt>
   <trkpt lat="45.7425810" lon="4.7637270">
    <ele>196.7</ele>
    <time>2026-03-24T18:07:26Z</time>
   </trkpt>
   <trkpt lat="45.7425900" lon="4.7636720">
    <ele>196.7</ele>
    <time>2026-03-24T18:07:27Z</time>
   </trkpt>
   <trkpt lat="45.7426100" lon="4.7636400">
    <ele>196.7</ele>
    <time>2026-03-24T18:07:28Z</time>
   </trkpt>
   <trkpt lat="45.7426420" lon="4.7636230">
    <ele>196.7</ele>
    <time>2026-03-24T18:07:29Z</time>
   </trkpt>
   <trkpt lat="45.7426720" lon="4.7636110">
    <ele>196.7</ele>
    <time>2026-03-24T18:07:30Z</time>
   </trkpt>
   <trkpt lat="45.7427010" lon="4.7635880">
    <ele>196.7</ele>
    <time>2026-03-24T18:07:31Z</time>
   </trkpt>
   <trkpt lat="45.7427330" lon="4.7635670">
    <ele>196.7</ele>
    <time>2026-03-24T18:07:32Z</time>
   </trkpt>
   <trkpt lat="45.7427410" lon="4.7635630">
    <ele>196.7</ele>
    <time>2026-03-24T18:07:33Z</time>
   </trkpt>
   <trkpt lat="45.7427680" lon="4.7635480">
    <ele>196.8</ele>
    <time>2026-03-24T18:07:34Z</time>
   </trkpt>
   <trkpt lat="45.7427900" lon="4.7635210">
    <ele>196.8</ele>
    <time>2026-03-24T18:07:35Z</time>
   </trkpt>
   <trkpt lat="45.7427990" lon="4.7635170">
    <ele>196.8</ele>
    <time>2026-03-24T18:07:36Z</time>
   </trkpt>
   <trkpt lat="45.7428380" lon="4.7635260">
    <ele>196.9</ele>
    <time>2026-03-24T18:07:37Z</time>
   </trkpt>
   <trkpt lat="45.7428500" lon="4.7635320">
    <ele>196.9</ele>
    <time>2026-03-24T18:07:38Z</time>
   </trkpt>
   <trkpt lat="45.7428740" lon="4.7635130">
    <ele>197.0</ele>
    <time>2026-03-24T18:07:39Z</time>
   </trkpt>
   <trkpt lat="45.7428970" lon="4.7634760">
    <ele>197.0</ele>
    <time>2026-03-24T18:07:40Z</time>
   </trkpt>
   <trkpt lat="45.7429160" lon="4.7634400">
    <ele>197.1</ele>
    <time>2026-03-24T18:07:41Z</time>
   </trkpt>
   <trkpt lat="45.7429390" lon="4.7634110">
    <ele>197.1</ele>
    <time>2026-03-24T18:07:42Z</time>
   </trkpt>
   <trkpt lat="45.7429500" lon="4.7634070">
    <ele>197.1</ele>
    <time>2026-03-24T18:07:43Z</time>
   </trkpt>
   <trkpt lat="45.7429810" lon="4.7633890">
    <ele>197.2</ele>
    <time>2026-03-24T18:07:44Z</time>
   </trkpt>
   <trkpt lat="45.7430080" lon="4.7633700">
    <ele>197.2</ele>
    <time>2026-03-24T18:07:45Z</time>
   </trkpt>
   <trkpt lat="45.7430370" lon="4.7633490">
    <ele>197.3</ele>
    <time>2026-03-24T18:07:46Z</time>
   </trkpt>
   <trkpt lat="45.7430680" lon="4.7633210">
    <ele>197.3</ele>
    <time>2026-03-24T18:07:47Z</time>
   </trkpt>
   <trkpt lat="45.7430800" lon="4.7633120">
    <ele>197.3</ele>
    <time>2026-03-24T18:07:48Z</time>
   </trkpt>
   <trkpt lat="45.7431100" lon="4.7632940">
    <ele>197.4</ele>
    <time>2026-03-24T18:07:49Z</time>
   </trkpt>
   <trkpt lat="45.7431180" lon="4.7632850">
    <ele>197.4</ele>
    <time>2026-03-24T18:07:50Z</time>
   </trkpt>
   <trkpt lat="45.7431550" lon="4.7632580">
    <ele>197.4</ele>
    <time>2026-03-24T18:07:51Z</time>
   </trkpt>
   <trkpt lat="45.7431720" lon="4.7632470">
    <ele>197.4</ele>
    <time>2026-03-24T18:07:52Z</time>
   </trkpt>
   <trkpt lat="45.7432000" lon="4.7632220">
    <ele>197.4</ele>
    <time>2026-03-24T18:07:53Z</time>
   </trkpt>
   <trkpt lat="45.7432250" lon="4.7631950">
    <ele>197.5</ele>
    <time>2026-03-24T18:07:54Z</time>
   </trkpt>
   <trkpt lat="45.7432480" lon="4.7631750">
    <ele>197.5</ele>
    <time>2026-03-24T18:07:55Z</time>
   </trkpt>
   <trkpt lat="45.7432710" lon="4.7631460">
    <ele>197.5</ele>
    <time>2026-03-24T18:07:56Z</time>
   </trkpt>
   <trkpt lat="45.7432830" lon="4.7631360">
    <ele>197.5</ele>
    <time>2026-03-24T18:07:57Z</time>
   </trkpt>
   <trkpt lat="45.7433020" lon="4.7631300">
    <ele>197.5</ele>
    <time>2026-03-24T18:07:58Z</time>
   </trkpt>
   <trkpt lat="45.7433150" lon="4.7631110">
    <ele>197.5</ele>
    <time>2026-03-24T18:07:59Z</time>
   </trkpt>
   <trkpt lat="45.7433330" lon="4.7630760">
    <ele>197.5</ele>
    <time>2026-03-24T18:08:00Z</time>
   </trkpt>
   <trkpt lat="45.7433510" lon="4.7630350">
    <ele>197.5</ele>
    <time>2026-03-24T18:08:01Z</time>
   </trkpt>
   <trkpt lat="45.7433820" lon="4.7630230">
    <ele>197.5</ele>
    <time>2026-03-24T18:08:02Z</time>
   </trkpt>
   <trkpt lat="45.7434100" lon="4.7630000">
    <ele>197.5</ele>
    <time>2026-03-24T18:08:03Z</time>
   </trkpt>
   <trkpt lat="45.7434340" lon="4.7629590">
    <ele>197.5</ele>
    <time>2026-03-24T18:08:04Z</time>
   </trkpt>
   <trkpt lat="45.7434410" lon="4.7629460">
    <ele>197.5</ele>
    <time>2026-03-24T18:08:05Z</time>
   </trkpt>
   <trkpt lat="45.7434710" lon="4.7629230">
    <ele>197.5</ele>
    <time>2026-03-24T18:08:06Z</time>
   </trkpt>
   <trkpt lat="45.7434820" lon="4.7629090">
    <ele>197.5</ele>
    <time>2026-03-24T18:08:07Z</time>
   </trkpt>
   <trkpt lat="45.7435110" lon="4.7628870">
    <ele>197.5</ele>
    <time>2026-03-24T18:08:08Z</time>
   </trkpt>
   <trkpt lat="45.7435200" lon="4.7628840">
    <ele>197.5</ele>
    <time>2026-03-24T18:08:09Z</time>
   </trkpt>
   <trkpt lat="45.7435480" lon="4.7628610">
    <ele>197.6</ele>
    <time>2026-03-24T18:08:10Z</time>
   </trkpt>
   <trkpt lat="45.7435580" lon="4.7628490">
    <ele>197.6</ele>
    <time>2026-03-24T18:08:11Z</time>
   </trkpt>
   <trkpt lat="45.7435830" lon="4.7628210">
    <ele>197.6</ele>
    <time>2026-03-24T18:08:12Z</time>
   </trkpt>
   <trkpt lat="45.7436080" lon="4.7627870">
    <ele>197.6</ele>
    <time>2026-03-24T18:08:13Z</time>
   </trkpt>
   <trkpt lat="45.7436300" lon="4.7627570">
    <ele>197.7</ele>
    <time>2026-03-24T18:08:14Z</time>
   </trkpt>
   <trkpt lat="45.7436560" lon="4.7627350">
    <ele>197.7</ele>
    <time>2026-03-24T18:08:15Z</time>
   </trkpt>
   <trkpt lat="45.7436860" lon="4.7627030">
    <ele>197.7</ele>
    <time>2026-03-24T18:08:16Z</time>
   </trkpt>
   <trkpt lat="45.7436970" lon="4.7626870">
    <ele>197.8</ele>
    <time>2026-03-24T18:08:17Z</time>
   </trkpt>
   <trkpt lat="45.7437300" lon="4.7626550">
    <ele>197.8</ele>
    <time>2026-03-24T18:08:18Z</time>
   </trkpt>
   <trkpt lat="45.7437420" lon="4.7626430">
    <ele>197.9</ele>
    <time>2026-03-24T18:08:19Z</time>
   </trkpt>
   <trkpt lat="45.7437790" lon="4.7626260">
    <ele>197.9</ele>
    <time>2026-03-24T18:08:20Z</time>
   </trkpt>
   <trkpt lat="45.7437920" lon="4.7626190">
    <ele>197.9</ele>
    <time>2026-03-24T18:08:21Z</time>
   </trkpt>
   <trkpt lat="45.7438180" lon="4.7625850">
    <ele>198.0</ele>
    <time>2026-03-24T18:08:22Z</time>
   </trkpt>
   <trkpt lat="45.7438260" lon="4.7625740">
    <ele>198.0</ele>
    <time>2026-03-24T18:08:23Z</time>
   </trkpt>
   <trkpt lat="45.7438460" lon="4.7625340">
    <ele>198.1</ele>
    <time>2026-03-24T18:08:24Z</time>
   </trkpt>
   <trkpt lat="45.7438530" lon="4.7625200">
    <ele>198.1</ele>
    <time>2026-03-24T18:08:25Z</time>
   </trkpt>
   <trkpt lat="45.7438560" lon="4.7624710">
    <ele>198.2</ele>
    <time>2026-03-24T18:08:26Z</time>
   </trkpt>
   <trkpt lat="45.7438570" lon="4.7624230">
    <ele>198.2</ele>
    <time>2026-03-24T18:08:27Z</time>
   </trkpt>
   <trkpt lat="45.7438580" lon="4.7623760">
    <ele>198.3</ele>
    <time>2026-03-24T18:08:28Z</time>
   </trkpt>
   <trkpt lat="45.7438570" lon="4.7623240">
    <ele>198.3</ele>
    <time>2026-03-24T18:08:29Z</time>
   </trkpt>
   <trkpt lat="45.7438630" lon="4.7623020">
    <ele>198.3</ele>
    <time>2026-03-24T18:08:30Z</time>
   </trkpt>
   <trkpt lat="45.7438660" lon="4.7622490">
    <ele>198.4</ele>
    <time>2026-03-24T18:08:31Z</time>
   </trkpt>
   <trkpt lat="45.7438680" lon="4.7622290">
    <ele>198.4</ele>
    <time>2026-03-24T18:08:32Z</time>
   </trkpt>
   <trkpt lat="45.7438670" lon="4.7621900">
    <ele>198.4</ele>
    <time>2026-03-24T18:08:33Z</time>
   </trkpt>
   <trkpt lat="45.7437940" lon="4.7619800">
    <ele>198.6</ele>
    <time>2026-03-24T18:08:40Z</time>
   </trkpt>
   <trkpt lat="45.7437770" lon="4.7619420">
    <ele>198.6</ele>
    <time>2026-03-24T18:08:41Z</time>
   </trkpt>
   <trkpt lat="45.7437680" lon="4.7619120">
    <ele>198.7</ele>
    <time>2026-03-24T18:08:42Z</time>
   </trkpt>
   <trkpt lat="45.7437730" lon="4.7618970">
    <ele>198.7</ele>
    <time>2026-03-24T18:08:43Z</time>
   </trkpt>
   <trkpt lat="45.7437630" lon="4.7618510">
    <ele>198.7</ele>
    <time>2026-03-24T18:08:44Z</time>
   </trkpt>
   <trkpt lat="45.7437590" lon="4.7618380">
    <ele>198.7</ele>
    <time>2026-03-24T18:08:45Z</time>
   </trkpt>
   <trkpt lat="45.7437600" lon="4.7617900">
    <ele>198.8</ele>
    <time>2026-03-24T18:08:46Z</time>
   </trkpt>
   <trkpt lat="45.7437600" lon="4.7617660">
    <ele>198.8</ele>
    <time>2026-03-24T18:08:47Z</time>
   </trkpt>
   <trkpt lat="45.7437610" lon="4.7617070">
    <ele>198.9</ele>
    <time>2026-03-24T18:08:48Z</time>
   </trkpt>
   <trkpt lat="45.7437570" lon="4.7616850">
    <ele>198.9</ele>
    <time>2026-03-24T18:08:49Z</time>
   </trkpt>
   <trkpt lat="45.7437410" lon="4.7616330">
    <ele>198.9</ele>
    <time>2026-03-24T18:08:50Z</time>
   </trkpt>
   <trkpt lat="45.7437410" lon="4.7615930">
    <ele>198.9</ele>
    <time>2026-03-24T18:08:51Z</time>
   </trkpt>
   <trkpt lat="45.7437360" lon="4.7615540">
    <ele>199.0</ele>
    <time>2026-03-24T18:08:52Z</time>
   </trkpt>
   <trkpt lat="45.7437340" lon="4.7615400">
    <ele>199.0</ele>
    <time>2026-03-24T18:08:53Z</time>
   </trkpt>
   <trkpt lat="45.7437400" lon="4.7615260">
    <ele>199.0</ele>
    <time>2026-03-24T18:08:54Z</time>
   </trkpt>
   <trkpt lat="45.7437400" lon="4.7615020">
    <ele>199.0</ele>
    <time>2026-03-24T18:08:55Z</time>
   </trkpt>
   <trkpt lat="45.7437250" lon="4.7614980">
    <ele>199.0</ele>
    <time>2026-03-24T18:08:56Z</time>
   </trkpt>
   <trkpt lat="45.7437180" lon="4.7614650">
    <ele>199.1</ele>
    <time>2026-03-24T18:08:57Z</time>
   </trkpt>
   <trkpt lat="45.7437030" lon="4.7614250">
    <ele>199.1</ele>
    <time>2026-03-24T18:08:58Z</time>
   </trkpt>
   <trkpt lat="45.7437030" lon="4.7613820">
    <ele>199.1</ele>
    <time>2026-03-24T18:08:59Z</time>
   </trkpt>
   <trkpt lat="45.7437040" lon="4.7613670">
    <ele>199.2</ele>
    <time>2026-03-24T18:09:00Z</time>
   </trkpt>
   <trkpt lat="45.7436940" lon="4.7613280">
    <ele>199.2</ele>
    <time>2026-03-24T18:09:01Z</time>
   </trkpt>
   <trkpt lat="45.7436880" lon="4.7613100">
    <ele>199.2</ele>
    <time>2026-03-24T18:09:02Z</time>
   </trkpt>
   <trkpt lat="45.7436780" lon="4.7612740">
    <ele>199.2</ele>
    <time>2026-03-24T18:09:03Z</time>
   </trkpt>
   <trkpt lat="45.7436740" lon="4.7612610">
    <ele>199.3</ele>
    <time>2026-03-24T18:09:04Z</time>
   </trkpt>
   <trkpt lat="45.7436530" lon="4.7612230">
    <ele>199.3</ele>
    <time>2026-03-24T18:09:05Z</time>
   </trkpt>
   <trkpt lat="45.7436370" lon="4.7611910">
    <ele>199.3</ele>
    <time>2026-03-24T18:09:06Z</time>
   </trkpt>
   <trkpt lat="45.7436310" lon="4.7611800">
    <ele>199.4</ele>
    <time>2026-03-24T18:09:07Z</time>
   </trkpt>
   <trkpt lat="45.7436140" lon="4.7611310">
    <ele>199.4</ele>
    <time>2026-03-24T18:09:08Z</time>
   </trkpt>
   <trkpt lat="45.7436050" lon="4.7611130">
    <ele>199.4</ele>
    <time>2026-03-24T18:09:09Z</time>
   </trkpt>
   <trkpt lat="45.7435900" lon="4.7610870">
    <ele>199.4</ele>
    <time>2026-03-24T18:09:10Z</time>
   </trkpt>
   <trkpt lat="45.7435930" lon="4.7610740">
    <ele>199.4</ele>
    <time>2026-03-24T18:09:11Z</time>
   </trkpt>
   <trkpt lat="45.7435890" lon="4.7610370">
    <ele>199.5</ele>
    <time>2026-03-24T18:09:12Z</time>
   </trkpt>
   <trkpt lat="45.7435870" lon="4.7610220">
    <ele>199.5</ele>
    <time>2026-03-24T18:09:13Z</time>
   </trkpt>
   <trkpt lat="45.7435730" lon="4.7609810">
    <ele>199.5</ele>
    <time>2026-03-24T18:09:14Z</time>
   </trkpt>
   <trkpt lat="45.7435750" lon="4.7609410">
    <ele>199.5</ele>
    <time>2026-03-24T18:09:15Z</time>
   </trkpt>
   <trkpt lat="45.7435810" lon="4.7608920">
    <ele>199.5</ele>
    <time>2026-03-24T18:09:16Z</time>
   </trkpt>
   <trkpt lat="45.7435810" lon="4.7608770">
    <ele>199.5</ele>
    <time>2026-03-24T18:09:17Z</time>
   </trkpt>
   <trkpt lat="45.7435810" lon="4.7608540">
    <ele>199.5</ele>
    <time>2026-03-24T18:09:18Z</time>
   </trkpt>
   <trkpt lat="45.7435820" lon="4.7608330">
    <ele>199.5</ele>
    <time>2026-03-24T18:09:19Z</time>
   </trkpt>
   <trkpt lat="45.7435890" lon="4.7607970">
    <ele>199.4</ele>
    <time>2026-03-24T18:09:20Z</time>
   </trkpt>
   <trkpt lat="45.7435900" lon="4.7607760">
    <ele>199.4</ele>
    <time>2026-03-24T18:09:21Z</time>
   </trkpt>
   <trkpt lat="45.7436160" lon="4.7607450">
    <ele>199.4</ele>
    <time>2026-03-24T18:09:22Z</time>
   </trkpt>
   <trkpt lat="45.7436240" lon="4.7607360">
    <ele>199.4</ele>
    <time>2026-03-24T18:09:23Z</time>
   </trkpt>
   <trkpt lat="45.7436250" lon="4.7607180">
    <ele>199.4</ele>
    <time>2026-03-24T18:09:24Z</time>
   </trkpt>
   <trkpt lat="45.7436230" lon="4.7606960">
    <ele>199.4</ele>
    <time>2026-03-24T18:09:25Z</time>
   </trkpt>
   <trkpt lat="45.7436280" lon="4.7606400">
    <ele>199.4</ele>
    <time>2026-03-24T18:09:26Z</time>
   </trkpt>
   <trkpt lat="45.7436270" lon="4.7606190">
    <ele>199.4</ele>
    <time>2026-03-24T18:09:27Z</time>
   </trkpt>
   <trkpt lat="45.7436250" lon="4.7605710">
    <ele>199.4</ele>
    <time>2026-03-24T18:09:28Z</time>
   </trkpt>
   <trkpt lat="45.7436170" lon="4.7605230">
    <ele>199.4</ele>
    <time>2026-03-24T18:09:29Z</time>
   </trkpt>
   <trkpt lat="45.7436140" lon="4.7604800">
    <ele>199.4</ele>
    <time>2026-03-24T18:09:30Z</time>
   </trkpt>
   <trkpt lat="45.7436010" lon="4.7604360">
    <ele>199.4</ele>
    <time>2026-03-24T18:09:31Z</time>
   </trkpt>
   <trkpt lat="45.7435930" lon="4.7603870">
    <ele>199.4</ele>
    <time>2026-03-24T18:09:32Z</time>
   </trkpt>
   <trkpt lat="45.7435930" lon="4.7603670">
    <ele>199.4</ele>
    <time>2026-03-24T18:09:33Z</time>
   </trkpt>
   <trkpt lat="45.7435940" lon="4.7603130">
    <ele>199.4</ele>
    <time>2026-03-24T18:09:34Z</time>
   </trkpt>
   <trkpt lat="45.7435990" lon="4.7602950">
    <ele>199.4</ele>
    <time>2026-03-24T18:09:35Z</time>
   </trkpt>
   <trkpt lat="45.7435950" lon="4.7602560">
    <ele>199.5</ele>
    <time>2026-03-24T18:09:36Z</time>
   </trkpt>
   <trkpt lat="45.7435930" lon="4.7602420">
    <ele>199.5</ele>
    <time>2026-03-24T18:09:37Z</time>
   </trkpt>
   <trkpt lat="45.7435840" lon="4.7601990">
    <ele>199.5</ele>
    <time>2026-03-24T18:09:38Z</time>
   </trkpt>
   <trkpt lat="45.7435820" lon="4.7601850">
    <ele>199.6</ele>
    <time>2026-03-24T18:09:39Z</time>
   </trkpt>
   <trkpt lat="45.7435900" lon="4.7601580">
    <ele>199.6</ele>
    <time>2026-03-24T18:09:40Z</time>
   </trkpt>
   <trkpt lat="45.7435970" lon="4.7601390">
    <ele>199.6</ele>
    <time>2026-03-24T18:09:41Z</time>
   </trkpt>
   <trkpt lat="45.7436050" lon="4.7600910">
    <ele>199.6</ele>
    <time>2026-03-24T18:09:42Z</time>
   </trkpt>
   <trkpt lat="45.7436070" lon="4.7600750">
    <ele>199.7</ele>
    <time>2026-03-24T18:09:43Z</time>
   </trkpt>
   <trkpt lat="45.7436090" lon="4.7600580">
    <ele>199.7</ele>
    <time>2026-03-24T18:09:44Z</time>
   </trkpt>
   <trkpt lat="45.7436180" lon="4.7600370">
    <ele>199.7</ele>
    <time>2026-03-24T18:09:45Z</time>
   </trkpt>
   <trkpt lat="45.7436190" lon="4.7599920">
    <ele>199.7</ele>
    <time>2026-03-24T18:09:46Z</time>
   </trkpt>
   <trkpt lat="45.7436350" lon="4.7599420">
    <ele>199.7</ele>
    <time>2026-03-24T18:09:47Z</time>
   </trkpt>
   <trkpt lat="45.7436430" lon="4.7599240">
    <ele>199.7</ele>
    <time>2026-03-24T18:09:48Z</time>
   </trkpt>
   <trkpt lat="45.7436560" lon="4.7598740">
    <ele>199.7</ele>
    <time>2026-03-24T18:09:49Z</time>
   </trkpt>
   <trkpt lat="45.7436590" lon="4.7598520">
    <ele>199.6</ele>
    <time>2026-03-24T18:09:50Z</time>
   </trkpt>
   <trkpt lat="45.7436660" lon="4.7598120">
    <ele>199.6</ele>
    <time>2026-03-24T18:09:51Z</time>
   </trkpt>
   <trkpt lat="45.7436730" lon="4.7597700">
    <ele>199.6</ele>
    <time>2026-03-24T18:09:52Z</time>
   </trkpt>
   <trkpt lat="45.7436770" lon="4.7597540">
    <ele>199.6</ele>
    <time>2026-03-24T18:09:53Z</time>
   </trkpt>
   <trkpt lat="45.7436920" lon="4.7597060">
    <ele>199.6</ele>
    <time>2026-03-24T18:09:54Z</time>
   </trkpt>
   <trkpt lat="45.7436990" lon="4.7596870">
    <ele>199.6</ele>
    <time>2026-03-24T18:09:55Z</time>
   </trkpt>
   <trkpt lat="45.7437110" lon="4.7596490">
    <ele>199.6</ele>
    <time>2026-03-24T18:09:56Z</time>
   </trkpt>
   <trkpt lat="45.7437180" lon="4.7596220">
    <ele>199.6</ele>
    <time>2026-03-24T18:09:57Z</time>
   </trkpt>
   <trkpt lat="45.7437220" lon="4.7596020">
    <ele>199.6</ele>
    <time>2026-03-24T18:09:58Z</time>
   </trkpt>
   <trkpt lat="45.7437300" lon="4.7595560">
    <ele>199.6</ele>
    <time>2026-03-24T18:09:59Z</time>
   </trkpt>
   <trkpt lat="45.7437330" lon="4.7595360">
    <ele>199.6</ele>
    <time>2026-03-24T18:10:00Z</time>
   </trkpt>
   <trkpt lat="45.7437450" lon="4.7594920">
    <ele>199.7</ele>
    <time>2026-03-24T18:10:01Z</time>
   </trkpt>
   <trkpt lat="45.7437440" lon="4.7594800">
    <ele>199.7</ele>
    <time>2026-03-24T18:10:02Z</time>
   </trkpt>
   <trkpt lat="45.7437480" lon="4.7594310">
    <ele>199.7</ele>
    <time>2026-03-24T18:10:03Z</time>
   </trkpt>
   <trkpt lat="45.7437510" lon="4.7594200">
    <ele>199.7</ele>
    <time>2026-03-24T18:10:04Z</time>
   </trkpt>
   <trkpt lat="45.7437530" lon="4.7593660">
    <ele>199.8</ele>
    <time>2026-03-24T18:10:05Z</time>
   </trkpt>
   <trkpt lat="45.7437550" lon="4.7593410">
    <ele>199.8</ele>
    <time>2026-03-24T18:10:06Z</time>
   </trkpt>
   <trkpt lat="45.7437640" lon="4.7593010">
    <ele>199.9</ele>
    <time>2026-03-24T18:10:07Z</time>
   </trkpt>
   <trkpt lat="45.7437690" lon="4.7592860">
    <ele>199.9</ele>
    <time>2026-03-24T18:10:08Z</time>
   </trkpt>
   <trkpt lat="45.7437820" lon="4.7592620">
    <ele>200.0</ele>
    <time>2026-03-24T18:10:09Z</time>
   </trkpt>
   <trkpt lat="45.7437860" lon="4.7592490">
    <ele>200.0</ele>
    <time>2026-03-24T18:10:10Z</time>
   </trkpt>
   <trkpt lat="45.7437920" lon="4.7592320">
    <ele>200.0</ele>
    <time>2026-03-24T18:10:11Z</time>
   </trkpt>
   <trkpt lat="45.7437910" lon="4.7592020">
    <ele>200.0</ele>
    <time>2026-03-24T18:10:12Z</time>
   </trkpt>
   <trkpt lat="45.7437840" lon="4.7591550">
    <ele>200.1</ele>
    <time>2026-03-24T18:10:13Z</time>
   </trkpt>
   <trkpt lat="45.7437850" lon="4.7591330">
    <ele>200.2</ele>
    <time>2026-03-24T18:10:14Z</time>
   </trkpt>
   <trkpt lat="45.7437950" lon="4.7590860">
    <ele>200.2</ele>
    <time>2026-03-24T18:10:15Z</time>
   </trkpt>
   <trkpt lat="45.7438070" lon="4.7590390">
    <ele>200.3</ele>
    <time>2026-03-24T18:10:16Z</time>
   </trkpt>
   <trkpt lat="45.7438130" lon="4.7590150">
    <ele>200.4</ele>
    <time>2026-03-24T18:10:17Z</time>
   </trkpt>
   <trkpt lat="45.7438160" lon="4.7589670">
    <ele>200.4</ele>
    <time>2026-03-24T18:10:18Z</time>
   </trkpt>
   <trkpt lat="45.7438220" lon="4.7589160">
    <ele>200.5</ele>
    <time>2026-03-24T18:10:19Z</time>
   </trkpt>
   <trkpt lat="45.7438190" lon="4.7588950">
    <ele>200.5</ele>
    <time>2026-03-24T18:10:20Z</time>
   </trkpt>
   <trkpt lat="45.7438140" lon="4.7588560">
    <ele>200.6</ele>
    <time>2026-03-24T18:10:21Z</time>
   </trkpt>
   <trkpt lat="45.7438080" lon="4.7588130">
    <ele>200.6</ele>
    <time>2026-03-24T18:10:22Z</time>
   </trkpt>
   <trkpt lat="45.7438060" lon="4.7588000">
    <ele>200.6</ele>
    <time>2026-03-24T18:10:23Z</time>
   </trkpt>
   <trkpt lat="45.7438160" lon="4.7587400">
    <ele>200.6</ele>
    <time>2026-03-24T18:10:24Z</time>
   </trkpt>
   <trkpt lat="45.7438310" lon="4.7586980">
    <ele>200.6</ele>
    <time>2026-03-24T18:10:25Z</time>
   </trkpt>
   <trkpt lat="45.7438370" lon="4.7586540">
    <ele>200.7</ele>
    <time>2026-03-24T18:10:26Z</time>
   </trkpt>
   <trkpt lat="45.7438390" lon="4.7586330">
    <ele>200.7</ele>
    <time>2026-03-24T18:10:27Z</time>
   </trkpt>
   <trkpt lat="45.7438490" lon="4.7585960">
    <ele>200.7</ele>
    <time>2026-03-24T18:10:28Z</time>
   </trkpt>
   <trkpt lat="45.7438380" lon="4.7585490">
    <ele>200.7</ele>
    <time>2026-03-24T18:10:29Z</time>
   </trkpt>
   <trkpt lat="45.7438320" lon="4.7585300">
    <ele>200.7</ele>
    <time>2026-03-24T18:10:30Z</time>
   </trkpt>
   <trkpt lat="45.7438070" lon="4.7584810">
    <ele>200.8</ele>
    <time>2026-03-24T18:10:31Z</time>
   </trkpt>
   <trkpt lat="45.7437910" lon="4.7584300">
    <ele>200.8</ele>
    <time>2026-03-24T18:10:32Z</time>
   </trkpt>
   <trkpt lat="45.7437880" lon="4.7583950">
    <ele>200.9</ele>
    <time>2026-03-24T18:10:33Z</time>
   </trkpt>
   <trkpt lat="45.7437900" lon="4.7583760">
    <ele>200.9</ele>
    <time>2026-03-24T18:10:34Z</time>
   </trkpt>
   <trkpt lat="45.7437920" lon="4.7583190">
    <ele>201.0</ele>
    <time>2026-03-24T18:10:35Z</time>
   </trkpt>
   <trkpt lat="45.7437920" lon="4.7582970">
    <ele>201.0</ele>
    <time>2026-03-24T18:10:36Z</time>
   </trkpt>
   <trkpt lat="45.7437680" lon="4.7582590">
    <ele>201.0</ele>
    <time>2026-03-24T18:10:37Z</time>
   </trkpt>
   <trkpt lat="45.7437510" lon="4.7582150">
    <ele>201.1</ele>
    <time>2026-03-24T18:10:38Z</time>
   </trkpt>
   <trkpt lat="45.7437430" lon="4.7581990">
    <ele>201.1</ele>
    <time>2026-03-24T18:10:39Z</time>
   </trkpt>
   <trkpt lat="45.7437410" lon="4.7581510">
    <ele>201.1</ele>
    <time>2026-03-24T18:10:40Z</time>
   </trkpt>
   <trkpt lat="45.7437390" lon="4.7581330">
    <ele>201.1</ele>
    <time>2026-03-24T18:10:41Z</time>
   </trkpt>
   <trkpt lat="45.7437410" lon="4.7580930">
    <ele>201.2</ele>
    <time>2026-03-24T18:10:42Z</time>
   </trkpt>
   <trkpt lat="45.7437370" lon="4.7580810">
    <ele>201.2</ele>
    <time>2026-03-24T18:10:43Z</time>
   </trkpt>
   <trkpt lat="45.7437180" lon="4.7580390">
    <ele>201.2</ele>
    <time>2026-03-24T18:10:44Z</time>
   </trkpt>
   <trkpt lat="45.7437110" lon="4.7580250">
    <ele>201.2</ele>
    <time>2026-03-24T18:10:45Z</time>
   </trkpt>
   <trkpt lat="45.7437040" lon="4.7579870">
    <ele>201.3</ele>
    <time>2026-03-24T18:10:46Z</time>
   </trkpt>
   <trkpt lat="45.7436990" lon="4.7579450">
    <ele>201.3</ele>
    <time>2026-03-24T18:10:47Z</time>
   </trkpt>
   <trkpt lat="45.7436760" lon="4.7579160">
    <ele>201.4</ele>
    <time>2026-03-24T18:10:48Z</time>
   </trkpt>
   <trkpt lat="45.7436580" lon="4.7578850">
    <ele>201.5</ele>
    <time>2026-03-24T18:10:49Z</time>
   </trkpt>
   <trkpt lat="45.7436390" lon="4.7578400">
    <ele>201.6</ele>
    <time>2026-03-24T18:10:50Z</time>
   </trkpt>
   <trkpt lat="45.7436300" lon="4.7578250">
    <ele>201.6</ele>
    <time>2026-03-24T18:10:51Z</time>
   </trkpt>
   <trkpt lat="45.7436270" lon="4.7577840">
    <ele>201.7</ele>
    <time>2026-03-24T18:10:52Z</time>
   </trkpt>
   <trkpt lat="45.7436200" lon="4.7577650">
    <ele>201.8</ele>
    <time>2026-03-24T18:10:53Z</time>
   </trkpt>
   <trkpt lat="45.7436090" lon="4.7577200">
    <ele>201.9</ele>
    <time>2026-03-24T18:10:54Z</time>
   </trkpt>
   <trkpt lat="45.7436020" lon="4.7576760">
    <ele>202.1</ele>
    <time>2026-03-24T18:10:55Z</time>
   </trkpt>
   <trkpt lat="45.7435970" lon="4.7576590">
    <ele>202.1</ele>
    <time>2026-03-24T18:10:56Z</time>
   </trkpt>
   <trkpt lat="45.7435760" lon="4.7576320">
    <ele>202.2</ele>
    <time>2026-03-24T18:10:57Z</time>
   </trkpt>
   <trkpt lat="45.7435610" lon="4.7575960">
    <ele>202.3</ele>
    <time>2026-03-24T18:10:58Z</time>
   </trkpt>
   <trkpt lat="45.7435500" lon="4.7575510">
    <ele>202.5</ele>
    <time>2026-03-24T18:10:59Z</time>
   </trkpt>
   <trkpt lat="45.7435420" lon="4.7574980">
    <ele>202.6</ele>
    <time>2026-03-24T18:11:00Z</time>
   </trkpt>
   <trkpt lat="45.7435400" lon="4.7574780">
    <ele>202.6</ele>
    <time>2026-03-24T18:11:01Z</time>
   </trkpt>
   <trkpt lat="45.7435260" lon="4.7574310">
    <ele>202.7</ele>
    <time>2026-03-24T18:11:02Z</time>
   </trkpt>
   <trkpt lat="45.7435210" lon="4.7574190">
    <ele>202.8</ele>
    <time>2026-03-24T18:11:03Z</time>
   </trkpt>
   <trkpt lat="45.7435030" lon="4.7573810">
    <ele>202.9</ele>
    <time>2026-03-24T18:11:04Z</time>
   </trkpt>
   <trkpt lat="45.7434830" lon="4.7573430">
    <ele>202.9</ele>
    <time>2026-03-24T18:11:05Z</time>
   </trkpt>
   <trkpt lat="45.7434800" lon="4.7573310">
    <ele>202.9</ele>
    <time>2026-03-24T18:11:06Z</time>
   </trkpt>
   <trkpt lat="45.7434670" lon="4.7572800">
    <ele>203.0</ele>
    <time>2026-03-24T18:11:07Z</time>
   </trkpt>
   <trkpt lat="45.7434610" lon="4.7572580">
    <ele>203.0</ele>
    <time>2026-03-24T18:11:08Z</time>
   </trkpt>
   <trkpt lat="45.7434580" lon="4.7572040">
    <ele>203.1</ele>
    <time>2026-03-24T18:11:09Z</time>
   </trkpt>
   <trkpt lat="45.7434570" lon="4.7571860">
    <ele>203.1</ele>
    <time>2026-03-24T18:11:10Z</time>
   </trkpt>
   <trkpt lat="45.7434560" lon="4.7571340">
    <ele>203.1</ele>
    <time>2026-03-24T18:11:11Z</time>
   </trkpt>
   <trkpt lat="45.7434550" lon="4.7571140">
    <ele>203.2</ele>
    <time>2026-03-24T18:11:12Z</time>
   </trkpt>
   <trkpt lat="45.7434390" lon="4.7570780">
    <ele>203.2</ele>
    <time>2026-03-24T18:11:13Z</time>
   </trkpt>
   <trkpt lat="45.7434300" lon="4.7570630">
    <ele>203.2</ele>
    <time>2026-03-24T18:11:14Z</time>
   </trkpt>
   <trkpt lat="45.7434150" lon="4.7570140">
    <ele>203.2</ele>
    <time>2026-03-24T18:11:15Z</time>
   </trkpt>
   <trkpt lat="45.7434130" lon="4.7569990">
    <ele>203.2</ele>
    <time>2026-03-24T18:11:16Z</time>
   </trkpt>
   <trkpt lat="45.7434180" lon="4.7569550">
    <ele>203.3</ele>
    <time>2026-03-24T18:11:17Z</time>
   </trkpt>
   <trkpt lat="45.7434240" lon="4.7569020">
    <ele>203.3</ele>
    <time>2026-03-24T18:11:18Z</time>
   </trkpt>
   <trkpt lat="45.7434260" lon="4.7568620">
    <ele>203.3</ele>
    <time>2026-03-24T18:11:19Z</time>
   </trkpt>
   <trkpt lat="45.7434250" lon="4.7568440">
    <ele>203.3</ele>
    <time>2026-03-24T18:11:20Z</time>
   </trkpt>
   <trkpt lat="45.7434100" lon="4.7568000">
    <ele>203.3</ele>
    <time>2026-03-24T18:11:21Z</time>
   </trkpt>
   <trkpt lat="45.7434070" lon="4.7567410">
    <ele>203.4</ele>
    <time>2026-03-24T18:11:22Z</time>
   </trkpt>
   <trkpt lat="45.7434090" lon="4.7567190">
    <ele>203.4</ele>
    <time>2026-03-24T18:11:23Z</time>
   </trkpt>
   <trkpt lat="45.7434090" lon="4.7566760">
    <ele>203.4</ele>
    <time>2026-03-24T18:11:24Z</time>
   </trkpt>
   <trkpt lat="45.7434000" lon="4.7566320">
    <ele>203.4</ele>
    <time>2026-03-24T18:11:25Z</time>
   </trkpt>
   <trkpt lat="45.7433950" lon="4.7566110">
    <ele>203.5</ele>
    <time>2026-03-24T18:11:26Z</time>
   </trkpt>
   <trkpt lat="45.7433870" lon="4.7565840">
    <ele>203.5</ele>
    <time>2026-03-24T18:11:27Z</time>
   </trkpt>
   <trkpt lat="45.7434000" lon="4.7565210">
    <ele>203.5</ele>
    <time>2026-03-24T18:11:28Z</time>
   </trkpt>
   <trkpt lat="45.7434090" lon="4.7564950">
    <ele>203.5</ele>
    <time>2026-03-24T18:11:29Z</time>
   </trkpt>
   <trkpt lat="45.7434250" lon="4.7564580">
    <ele>203.6</ele>
    <time>2026-03-24T18:11:30Z</time>
   </trkpt>
   <trkpt lat="45.7434270" lon="4.7564430">
    <ele>203.6</ele>
    <time>2026-03-24T18:11:31Z</time>
   </trkpt>
   <trkpt lat="45.7434300" lon="4.7564000">
    <ele>203.6</ele>
    <time>2026-03-24T18:11:32Z</time>
   </trkpt>
   <trkpt lat="45.7434310" lon="4.7563830">
    <ele>203.6</ele>
    <time>2026-03-24T18:11:33Z</time>
   </trkpt>
   <trkpt lat="45.7434360" lon="4.7563190">
    <ele>203.6</ele>
    <time>2026-03-24T18:11:34Z</time>
   </trkpt>
   <trkpt lat="45.7434370" lon="4.7562920">
    <ele>203.6</ele>
    <time>2026-03-24T18:11:35Z</time>
   </trkpt>
   <trkpt lat="45.7434410" lon="4.7562320">
    <ele>203.6</ele>
    <time>2026-03-24T18:11:36Z</time>
   </trkpt>
   <trkpt lat="45.7434530" lon="4.7561880">
    <ele>203.6</ele>
    <time>2026-03-24T18:11:37Z</time>
   </trkpt>
   <trkpt lat="45.7434640" lon="4.7561400">
    <ele>203.6</ele>
    <time>2026-03-24T18:11:38Z</time>
   </trkpt>
   <trkpt lat="45.7434730" lon="4.7561220">
    <ele>203.6</ele>
    <time>2026-03-24T18:11:39Z</time>
   </trkpt>
   <trkpt lat="45.7434760" lon="4.7560720">
    <ele>203.6</ele>
    <time>2026-03-24T18:11:40Z</time>
   </trkpt>
   <trkpt lat="45.7434730" lon="4.7560570">
    <ele>203.6</ele>
    <time>2026-03-24T18:11:41Z</time>
   </trkpt>
   <trkpt lat="45.7434600" lon="4.7560150">
    <ele>203.7</ele>
    <time>2026-03-24T18:11:42Z</time>
   </trkpt>
   <trkpt lat="45.7434540" lon="4.7559960">
    <ele>203.7</ele>
    <time>2026-03-24T18:11:43Z</time>
   </trkpt>
   <trkpt lat="45.7434380" lon="4.7559520">
    <ele>203.7</ele>
    <time>2026-03-24T18:11:44Z</time>
   </trkpt>
   <trkpt lat="45.7434350" lon="4.7559380">
    <ele>203.7</ele>
    <time>2026-03-24T18:11:45Z</time>
   </trkpt>
   <trkpt lat="45.7434240" lon="4.7558860">
    <ele>203.7</ele>
    <time>2026-03-24T18:11:46Z</time>
   </trkpt>
   <trkpt lat="45.7434230" lon="4.7558670">
    <ele>203.7</ele>
    <time>2026-03-24T18:11:47Z</time>
   </trkpt>
   <trkpt lat="45.7434200" lon="4.7558430">
    <ele>203.8</ele>
    <time>2026-03-24T18:11:48Z</time>
   </trkpt>
   <trkpt lat="45.7434150" lon="4.7558230">
    <ele>203.8</ele>
    <time>2026-03-24T18:11:49Z</time>
   </trkpt>
   <trkpt lat="45.7433870" lon="4.7557960">
    <ele>203.8</ele>
    <time>2026-03-24T18:11:50Z</time>
   </trkpt>
   <trkpt lat="45.7433770" lon="4.7557840">
    <ele>203.9</ele>
    <time>2026-03-24T18:11:51Z</time>
   </trkpt>
   <trkpt lat="45.7433590" lon="4.7557510">
    <ele>203.9</ele>
    <time>2026-03-24T18:11:52Z</time>
   </trkpt>
   <trkpt lat="45.7433550" lon="4.7557410">
    <ele>203.9</ele>
    <time>2026-03-24T18:11:53Z</time>
   </trkpt>
   <trkpt lat="45.7433480" lon="4.7557020">
    <ele>204.0</ele>
    <time>2026-03-24T18:11:54Z</time>
   </trkpt>
   <trkpt lat="45.7433440" lon="4.7556610">
    <ele>204.0</ele>
    <time>2026-03-24T18:11:55Z</time>
   </trkpt>
   <trkpt lat="45.7433310" lon="4.7556170">
    <ele>204.1</ele>
    <time>2026-03-24T18:11:56Z</time>
   </trkpt>
   <trkpt lat="45.7433250" lon="4.7556030">
    <ele>204.1</ele>
    <time>2026-03-24T18:11:57Z</time>
   </trkpt>
   <trkpt lat="45.7433140" lon="4.7555540">
    <ele>204.2</ele>
    <time>2026-03-24T18:11:58Z</time>
   </trkpt>
   <trkpt lat="45.7433080" lon="4.7555400">
    <ele>204.2</ele>
    <time>2026-03-24T18:11:59Z</time>
   </trkpt>
   <trkpt lat="45.7432880" lon="4.7555130">
    <ele>204.3</ele>
    <time>2026-03-24T18:12:00Z</time>
   </trkpt>
   <trkpt lat="45.7432710" lon="4.7555050">
    <ele>204.3</ele>
    <time>2026-03-24T18:12:01Z</time>
   </trkpt>
   <trkpt lat="45.7432540" lon="4.7554960">
    <ele>204.3</ele>
    <time>2026-03-24T18:12:02Z</time>
   </trkpt>
   <trkpt lat="45.7432490" lon="4.7554690">
    <ele>204.4</ele>
    <time>2026-03-24T18:12:03Z</time>
   </trkpt>
   <trkpt lat="45.7432340" lon="4.7554560">
    <ele>204.4</ele>
    <time>2026-03-24T18:12:04Z</time>
   </trkpt>
   <trkpt lat="45.7432050" lon="4.7554140">
    <ele>204.5</ele>
    <time>2026-03-24T18:12:05Z</time>
   </trkpt>
   <trkpt lat="45.7431920" lon="4.7554030">
    <ele>204.5</ele>
    <time>2026-03-24T18:12:06Z</time>
   </trkpt>
   <trkpt lat="45.7431690" lon="4.7553680">
    <ele>204.6</ele>
    <time>2026-03-24T18:12:07Z</time>
   </trkpt>
   <trkpt lat="45.7431620" lon="4.7553460">
    <ele>204.6</ele>
    <time>2026-03-24T18:12:08Z</time>
   </trkpt>
   <trkpt lat="45.7431340" lon="4.7553300">
    <ele>204.7</ele>
    <time>2026-03-24T18:12:09Z</time>
   </trkpt>
   <trkpt lat="45.7430950" lon="4.7553260">
    <ele>204.7</ele>
    <time>2026-03-24T18:12:10Z</time>
   </trkpt>
   <trkpt lat="45.7430560" lon="4.7553290">
    <ele>204.7</ele>
    <time>2026-03-24T18:12:11Z</time>
   </trkpt>
   <trkpt lat="45.7430290" lon="4.7553150">
    <ele>204.7</ele>
    <time>2026-03-24T18:12:12Z</time>
   </trkpt>
   <trkpt lat="45.7430020" lon="4.7552870">
    <ele>204.8</ele>
    <time>2026-03-24T18:12:13Z</time>
   </trkpt>
   <trkpt lat="45.7429700" lon="4.7552640">
    <ele>204.8</ele>
    <time>2026-03-24T18:12:14Z</time>
   </trkpt>
   <trkpt lat="45.7429360" lon="4.7552660">
    <ele>204.8</ele>
    <time>2026-03-24T18:12:15Z</time>
   </trkpt>
   <trkpt lat="45.7428960" lon="4.7552590">
    <ele>204.8</ele>
    <time>2026-03-24T18:12:16Z</time>
   </trkpt>
   <trkpt lat="45.7428780" lon="4.7552480">
    <ele>204.9</ele>
    <time>2026-03-24T18:12:17Z</time>
   </trkpt>
   <trkpt lat="45.7428400" lon="4.7552440">
    <ele>204.9</ele>
    <time>2026-03-24T18:12:18Z</time>
   </trkpt>
   <trkpt lat="45.7428220" lon="4.7552430">
    <ele>204.9</ele>
    <time>2026-03-24T18:12:19Z</time>
   </trkpt>
   <trkpt lat="45.7427870" lon="4.7552500">
    <ele>205.0</ele>
    <time>2026-03-24T18:12:20Z</time>
   </trkpt>
   <trkpt lat="45.7427760" lon="4.7552480">
    <ele>205.0</ele>
    <time>2026-03-24T18:12:21Z</time>
   </trkpt>
   <trkpt lat="45.7427430" lon="4.7552400">
    <ele>205.1</ele>
    <time>2026-03-24T18:12:22Z</time>
   </trkpt>
   <trkpt lat="45.7427310" lon="4.7552410">
    <ele>205.2</ele>
    <time>2026-03-24T18:12:23Z</time>
   </trkpt>
   <trkpt lat="45.7426980" lon="4.7552520">
    <ele>205.2</ele>
    <time>2026-03-24T18:12:24Z</time>
   </trkpt>
   <trkpt lat="45.7426900" lon="4.7552520">
    <ele>205.3</ele>
    <time>2026-03-24T18:12:25Z</time>
   </trkpt>
   <trkpt lat="45.7426640" lon="4.7552500">
    <ele>205.3</ele>
    <time>2026-03-24T18:12:26Z</time>
   </trkpt>
   <trkpt lat="45.7426490" lon="4.7552470">
    <ele>205.4</ele>
    <time>2026-03-24T18:12:27Z</time>
   </trkpt>
   <trkpt lat="45.7426340" lon="4.7552430">
    <ele>205.4</ele>
    <time>2026-03-24T18:12:28Z</time>
   </trkpt>
   <trkpt lat="45.7426030" lon="4.7552350">
    <ele>205.5</ele>
    <time>2026-03-24T18:12:29Z</time>
   </trkpt>
   <trkpt lat="45.7425950" lon="4.7552320">
    <ele>205.5</ele>
    <time>2026-03-24T18:12:30Z</time>
   </trkpt>
   <trkpt lat="45.7425590" lon="4.7552310">
    <ele>205.6</ele>
    <time>2026-03-24T18:12:31Z</time>
   </trkpt>
   <trkpt lat="45.7425450" lon="4.7552280">
    <ele>205.7</ele>
    <time>2026-03-24T18:12:32Z</time>
   </trkpt>
   <trkpt lat="45.7425070" lon="4.7552170">
    <ele>205.8</ele>
    <time>2026-03-24T18:12:33Z</time>
   </trkpt>
   <trkpt lat="45.7424870" lon="4.7552100">
    <ele>205.8</ele>
    <time>2026-03-24T18:12:34Z</time>
   </trkpt>
   <trkpt lat="45.7424450" lon="4.7552000">
    <ele>205.9</ele>
    <time>2026-03-24T18:12:35Z</time>
   </trkpt>
   <trkpt lat="45.7424060" lon="4.7551990">
    <ele>206.0</ele>
    <time>2026-03-24T18:12:36Z</time>
   </trkpt>
   <trkpt lat="45.7423630" lon="4.7552090">
    <ele>206.1</ele>
    <time>2026-03-24T18:12:37Z</time>
   </trkpt>
   <trkpt lat="45.7423440" lon="4.7552110">
    <ele>206.1</ele>
    <time>2026-03-24T18:12:38Z</time>
   </trkpt>
   <trkpt lat="45.7423150" lon="4.7552080">
    <ele>206.1</ele>
    <time>2026-03-24T18:12:39Z</time>
   </trkpt>
   <trkpt lat="45.7423040" lon="4.7551940">
    <ele>206.1</ele>
    <time>2026-03-24T18:12:40Z</time>
   </trkpt>
   <trkpt lat="45.7422850" lon="4.7551900">
    <ele>206.1</ele>
    <time>2026-03-24T18:12:41Z</time>
   </trkpt>
   <trkpt lat="45.7422660" lon="4.7551870">
    <ele>206.2</ele>
    <time>2026-03-24T18:12:42Z</time>
   </trkpt>
   <trkpt lat="45.7422520" lon="4.7551740">
    <ele>206.2</ele>
    <time>2026-03-24T18:12:43Z</time>
   </trkpt>
   <trkpt lat="45.7422160" lon="4.7551470">
    <ele>206.2</ele>
    <time>2026-03-24T18:12:44Z</time>
   </trkpt>
   <trkpt lat="45.7422030" lon="4.7551370">
    <ele>206.2</ele>
    <time>2026-03-24T18:12:45Z</time>
   </trkpt>
   <trkpt lat="45.7421760" lon="4.7551280">
    <ele>206.3</ele>
    <time>2026-03-24T18:12:46Z</time>
   </trkpt>
   <trkpt lat="45.7421630" lon="4.7551250">
    <ele>206.3</ele>
    <time>2026-03-24T18:12:47Z</time>
   </trkpt>
   <trkpt lat="45.7421470" lon="4.7550900">
    <ele>206.4</ele>
    <time>2026-03-24T18:12:48Z</time>
   </trkpt>
   <trkpt lat="45.7421430" lon="4.7550760">
    <ele>206.4</ele>
    <time>2026-03-24T18:12:49Z</time>
   </trkpt>
   <trkpt lat="45.7421320" lon="4.7550380">
    <ele>206.5</ele>
    <time>2026-03-24T18:12:50Z</time>
   </trkpt>
   <trkpt lat="45.7421270" lon="4.7550260">
    <ele>206.5</ele>
    <time>2026-03-24T18:12:51Z</time>
   </trkpt>
   <trkpt lat="45.7421070" lon="4.7549930">
    <ele>206.6</ele>
    <time>2026-03-24T18:12:52Z</time>
   </trkpt>
   <trkpt lat="45.7421010" lon="4.7549770">
    <ele>206.6</ele>
    <time>2026-03-24T18:12:53Z</time>
   </trkpt>
   <trkpt lat="45.7420760" lon="4.7549500">
    <ele>206.7</ele>
    <time>2026-03-24T18:12:54Z</time>
   </trkpt>
   <trkpt lat="45.7420520" lon="4.7549250">
    <ele>206.9</ele>
    <time>2026-03-24T18:12:55Z</time>
   </trkpt>
   <trkpt lat="45.7420360" lon="4.7548870">
    <ele>207.0</ele>
    <time>2026-03-24T18:12:56Z</time>
   </trkpt>
   <trkpt lat="45.7420320" lon="4.7548760">
    <ele>207.1</ele>
    <time>2026-03-24T18:12:57Z</time>
   </trkpt>
   <trkpt lat="45.7420230" lon="4.7548330">
    <ele>207.2</ele>
    <time>2026-03-24T18:12:58Z</time>
   </trkpt>
   <trkpt lat="45.7420200" lon="4.7548190">
    <ele>207.3</ele>
    <time>2026-03-24T18:12:59Z</time>
   </trkpt>
   <trkpt lat="45.7419980" lon="4.7547850">
    <ele>207.4</ele>
    <time>2026-03-24T18:13:00Z</time>
   </trkpt>
   <trkpt lat="45.7419890" lon="4.7547480">
    <ele>207.5</ele>
    <time>2026-03-24T18:13:01Z</time>
   </trkpt>
   <trkpt lat="45.7419860" lon="4.7547360">
    <ele>207.6</ele>
    <time>2026-03-24T18:13:02Z</time>
   </trkpt>
   <trkpt lat="45.7419720" lon="4.7546970">
    <ele>207.7</ele>
    <time>2026-03-24T18:13:03Z</time>
   </trkpt>
   <trkpt lat="45.7419680" lon="4.7546820">
    <ele>207.8</ele>
    <time>2026-03-24T18:13:04Z</time>
   </trkpt>
   <trkpt lat="45.7419560" lon="4.7546450">
    <ele>207.9</ele>
    <time>2026-03-24T18:13:05Z</time>
   </trkpt>
   <trkpt lat="45.7419500" lon="4.7546330">
    <ele>208.0</ele>
    <time>2026-03-24T18:13:06Z</time>
   </trkpt>
   <trkpt lat="45.7419310" lon="4.7546030">
    <ele>208.1</ele>
    <time>2026-03-24T18:13:07Z</time>
   </trkpt>
   <trkpt lat="45.7419140" lon="4.7545680">
    <ele>208.2</ele>
    <time>2026-03-24T18:13:08Z</time>
   </trkpt>
   <trkpt lat="45.7418930" lon="4.7545320">
    <ele>208.3</ele>
    <time>2026-03-24T18:13:09Z</time>
   </trkpt>
   <trkpt lat="45.7418880" lon="4.7545220">
    <ele>208.3</ele>
    <time>2026-03-24T18:13:10Z</time>
   </trkpt>
   <trkpt lat="45.7418870" lon="4.7545150">
    <ele>208.3</ele>
    <time>2026-03-24T18:13:11Z</time>
   </trkpt>
   <trkpt lat="45.7418820" lon="4.7545050">
    <ele>208.4</ele>
    <time>2026-03-24T18:13:12Z</time>
   </trkpt>
   <trkpt lat="45.7418800" lon="4.7544940">
    <ele>208.4</ele>
    <time>2026-03-24T18:13:13Z</time>
   </trkpt>
   <trkpt lat="45.7418710" lon="4.7544890">
    <ele>208.4</ele>
    <time>2026-03-24T18:13:14Z</time>
   </trkpt>
   <trkpt lat="45.7418600" lon="4.7544620">
    <ele>208.3</ele>
    <time>2026-03-24T18:13:15Z</time>
   </trkpt>
   <trkpt lat="45.7418600" lon="4.7544480">
    <ele>208.3</ele>
    <time>2026-03-24T18:13:16Z</time>
   </trkpt>
   <trkpt lat="45.7418590" lon="4.7544350">
    <ele>208.3</ele>
    <time>2026-03-24T18:13:17Z</time>
   </trkpt>
   <trkpt lat="45.7418680" lon="4.7544180">
    <ele>208.2</ele>
    <time>2026-03-24T18:13:18Z</time>
   </trkpt>
   <trkpt lat="45.7418750" lon="4.7544010">
    <ele>208.2</ele>
    <time>2026-03-24T18:13:19Z</time>
   </trkpt>
   <trkpt lat="45.7418740" lon="4.7543930">
    <ele>208.2</ele>
    <time>2026-03-24T18:13:20Z</time>
   </trkpt>
   <trkpt lat="45.7418740" lon="4.7543900">
    <ele>208.2</ele>
    <time>2026-03-24T18:13:21Z</time>
   </trkpt>
   <trkpt lat="45.7418780" lon="4.7543840">
    <ele>208.2</ele>
    <time>2026-03-24T18:13:22Z</time>
   </trkpt>
   <trkpt lat="45.7418870" lon="4.7543660">
    <ele>208.1</ele>
    <time>2026-03-24T18:13:23Z</time>
   </trkpt>
   <trkpt lat="45.7418920" lon="4.7543450">
    <ele>208.1</ele>
    <time>2026-03-24T18:13:24Z</time>
   </trkpt>
   <trkpt lat="45.7418980" lon="4.7543290">
    <ele>208.1</ele>
    <time>2026-03-24T18:13:25Z</time>
   </trkpt>
   <trkpt lat="45.7419010" lon="4.7543130">
    <ele>208.0</ele>
    <time>2026-03-24T18:13:26Z</time>
   </trkpt>
   <trkpt lat="45.7419080" lon="4.7542920">
    <ele>208.0</ele>
    <time>2026-03-24T18:13:27Z</time>
   </trkpt>
   <trkpt lat="45.7419230" lon="4.7542500">
    <ele>207.9</ele>
    <time>2026-03-24T18:13:28Z</time>
   </trkpt>
   <trkpt lat="45.7419260" lon="4.7542350">
    <ele>207.9</ele>
    <time>2026-03-24T18:13:29Z</time>
   </trkpt>
   <trkpt lat="45.7419420" lon="4.7541850">
    <ele>207.8</ele>
    <time>2026-03-24T18:13:30Z</time>
   </trkpt>
   <trkpt lat="45.7419490" lon="4.7541680">
    <ele>207.7</ele>
    <time>2026-03-24T18:13:31Z</time>
   </trkpt>
   <trkpt lat="45.7419580" lon="4.7541300">
    <ele>207.7</ele>
    <time>2026-03-24T18:13:32Z</time>
   </trkpt>
   <trkpt lat="45.7419600" lon="4.7540850">
    <ele>207.6</ele>
    <time>2026-03-24T18:13:33Z</time>
   </trkpt>
   <trkpt lat="45.7419520" lon="4.7540300">
    <ele>207.5</ele>
    <time>2026-03-24T18:13:34Z</time>
   </trkpt>
   <trkpt lat="45.7419490" lon="4.7540120">
    <ele>207.5</ele>
    <time>2026-03-24T18:13:35Z</time>
   </trkpt>
   <trkpt lat="45.7419430" lon="4.7539660">
    <ele>207.4</ele>
    <time>2026-03-24T18:13:36Z</time>
   </trkpt>
   <trkpt lat="45.7419350" lon="4.7539530">
    <ele>207.3</ele>
    <time>2026-03-24T18:13:37Z</time>
   </trkpt>
   <trkpt lat="45.7418920" lon="4.7539510">
    <ele>207.0</ele>
    <time>2026-03-24T18:13:38Z</time>
   </trkpt>
   <trkpt lat="45.7418740" lon="4.7539500">
    <ele>206.9</ele>
    <time>2026-03-24T18:13:39Z</time>
   </trkpt>
   <trkpt lat="45.7418470" lon="4.7539330">
    <ele>206.8</ele>
    <time>2026-03-24T18:13:40Z</time>
   </trkpt>
   <trkpt lat="45.7418390" lon="4.7538830">
    <ele>206.6</ele>
    <time>2026-03-24T18:13:41Z</time>
   </trkpt>
   <trkpt lat="45.7418370" lon="4.7538660">
    <ele>206.6</ele>
    <time>2026-03-24T18:13:42Z</time>
   </trkpt>
   <trkpt lat="45.7418260" lon="4.7538230">
    <ele>206.5</ele>
    <time>2026-03-24T18:13:43Z</time>
   </trkpt>
   <trkpt lat="45.7418250" lon="4.7538050">
    <ele>206.5</ele>
    <time>2026-03-24T18:13:44Z</time>
   </trkpt>
   <trkpt lat="45.7418220" lon="4.7537630">
    <ele>206.5</ele>
    <time>2026-03-24T18:13:45Z</time>
   </trkpt>
   <trkpt lat="45.7418280" lon="4.7537240">
    <ele>206.5</ele>
    <time>2026-03-24T18:13:46Z</time>
   </trkpt>
   <trkpt lat="45.7418150" lon="4.7536830">
    <ele>206.5</ele>
    <time>2026-03-24T18:13:47Z</time>
   </trkpt>
   <trkpt lat="45.7418090" lon="4.7536680">
    <ele>206.5</ele>
    <time>2026-03-24T18:13:48Z</time>
   </trkpt>
   <trkpt lat="45.7417870" lon="4.7536250">
    <ele>206.6</ele>
    <time>2026-03-24T18:13:49Z</time>
   </trkpt>
   <trkpt lat="45.7417810" lon="4.7536080">
    <ele>206.6</ele>
    <time>2026-03-24T18:13:50Z</time>
   </trkpt>
   <trkpt lat="45.7417740" lon="4.7535600">
    <ele>206.7</ele>
    <time>2026-03-24T18:13:51Z</time>
   </trkpt>
   <trkpt lat="45.7417690" lon="4.7535420">
    <ele>206.7</ele>
    <time>2026-03-24T18:13:52Z</time>
   </trkpt>
   <trkpt lat="45.7417590" lon="4.7534870">
    <ele>206.8</ele>
    <time>2026-03-24T18:13:53Z</time>
   </trkpt>
   <trkpt lat="45.7417520" lon="4.7534680">
    <ele>206.8</ele>
    <time>2026-03-24T18:13:54Z</time>
   </trkpt>
   <trkpt lat="45.7417520" lon="4.7534180">
    <ele>206.9</ele>
    <time>2026-03-24T18:13:55Z</time>
   </trkpt>
   <trkpt lat="45.7417560" lon="4.7534020">
    <ele>206.9</ele>
    <time>2026-03-24T18:13:56Z</time>
   </trkpt>
   <trkpt lat="45.7417500" lon="4.7533500">
    <ele>207.0</ele>
    <time>2026-03-24T18:13:57Z</time>
   </trkpt>
   <trkpt lat="45.7417460" lon="4.7533340">
    <ele>207.0</ele>
    <time>2026-03-24T18:13:58Z</time>
   </trkpt>
   <trkpt lat="45.7417330" lon="4.7532800">
    <ele>207.1</ele>
    <time>2026-03-24T18:13:59Z</time>
   </trkpt>
   <trkpt lat="45.7417290" lon="4.7532610">
    <ele>207.1</ele>
    <time>2026-03-24T18:14:00Z</time>
   </trkpt>
   <trkpt lat="45.7417100" lon="4.7532200">
    <ele>207.3</ele>
    <time>2026-03-24T18:14:01Z</time>
   </trkpt>
   <trkpt lat="45.7416980" lon="4.7532090">
    <ele>207.3</ele>
    <time>2026-03-24T18:14:02Z</time>
   </trkpt>
   <trkpt lat="45.7416860" lon="4.7531580">
    <ele>207.4</ele>
    <time>2026-03-24T18:14:03Z</time>
   </trkpt>
   <trkpt lat="45.7416820" lon="4.7531390">
    <ele>207.5</ele>
    <time>2026-03-24T18:14:04Z</time>
   </trkpt>
   <trkpt lat="45.7416720" lon="4.7531000">
    <ele>207.6</ele>
    <time>2026-03-24T18:14:05Z</time>
   </trkpt>
   <trkpt lat="45.7416780" lon="4.7530480">
    <ele>207.7</ele>
    <time>2026-03-24T18:14:06Z</time>
   </trkpt>
   <trkpt lat="45.7416760" lon="4.7530310">
    <ele>207.7</ele>
    <time>2026-03-24T18:14:07Z</time>
   </trkpt>
   <trkpt lat="45.7416660" lon="4.7529860">
    <ele>207.8</ele>
    <time>2026-03-24T18:14:08Z</time>
   </trkpt>
   <trkpt lat="45.7416540" lon="4.7529340">
    <ele>208.0</ele>
    <time>2026-03-24T18:14:09Z</time>
   </trkpt>
   <trkpt lat="45.7416490" lon="4.7529170">
    <ele>208.0</ele>
    <time>2026-03-24T18:14:10Z</time>
   </trkpt>
   <trkpt lat="45.7416380" lon="4.7528680">
    <ele>208.2</ele>
    <time>2026-03-24T18:14:11Z</time>
   </trkpt>
   <trkpt lat="45.7416370" lon="4.7528510">
    <ele>208.2</ele>
    <time>2026-03-24T18:14:12Z</time>
   </trkpt>
   <trkpt lat="45.7416290" lon="4.7528080">
    <ele>208.3</ele>
    <time>2026-03-24T18:14:13Z</time>
   </trkpt>
   <trkpt lat="45.7416290" lon="4.7527920">
    <ele>208.4</ele>
    <time>2026-03-24T18:14:14Z</time>
   </trkpt>
   <trkpt lat="45.7416300" lon="4.7527520">
    <ele>208.5</ele>
    <time>2026-03-24T18:14:15Z</time>
   </trkpt>
   <trkpt lat="45.7416420" lon="4.7527160">
    <ele>208.6</ele>
    <time>2026-03-24T18:14:16Z</time>
   </trkpt>
   <trkpt lat="45.7416460" lon="4.7527050">
    <ele>208.6</ele>
    <time>2026-03-24T18:14:17Z</time>
   </trkpt>
   <trkpt lat="45.7416390" lon="4.7526610">
    <ele>208.7</ele>
    <time>2026-03-24T18:14:18Z</time>
   </trkpt>
   <trkpt lat="45.7416250" lon="4.7526210">
    <ele>208.8</ele>
    <time>2026-03-24T18:14:19Z</time>
   </trkpt>
   <trkpt lat="45.7416070" lon="4.7525900">
    <ele>208.8</ele>
    <time>2026-03-24T18:14:20Z</time>
   </trkpt>
   <trkpt lat="45.7415830" lon="4.7525600">
    <ele>208.8</ele>
    <time>2026-03-24T18:14:21Z</time>
   </trkpt>
   <trkpt lat="45.7415770" lon="4.7525490">
    <ele>208.8</ele>
    <time>2026-03-24T18:14:22Z</time>
   </trkpt>
   <trkpt lat="45.7415580" lon="4.7525210">
    <ele>208.8</ele>
    <time>2026-03-24T18:14:23Z</time>
   </trkpt>
   <trkpt lat="45.7415500" lon="4.7525110">
    <ele>208.8</ele>
    <time>2026-03-24T18:14:24Z</time>
   </trkpt>
   <trkpt lat="45.7415240" lon="4.7524870">
    <ele>208.8</ele>
    <time>2026-03-24T18:14:25Z</time>
   </trkpt>
   <trkpt lat="45.7415160" lon="4.7524490">
    <ele>208.7</ele>
    <time>2026-03-24T18:14:26Z</time>
   </trkpt>
   <trkpt lat="45.7415220" lon="4.7523960">
    <ele>208.7</ele>
    <time>2026-03-24T18:14:27Z</time>
   </trkpt>
   <trkpt lat="45.7415250" lon="4.7523810">
    <ele>208.6</ele>
    <time>2026-03-24T18:14:28Z</time>
   </trkpt>
   <trkpt lat="45.7415070" lon="4.7523320">
    <ele>208.6</ele>
    <time>2026-03-24T18:14:29Z</time>
   </trkpt>
   <trkpt lat="45.7415000" lon="4.7523170">
    <ele>208.5</ele>
    <time>2026-03-24T18:14:30Z</time>
   </trkpt>
   <trkpt lat="45.7414880" lon="4.7522800">
    <ele>208.5</ele>
    <time>2026-03-24T18:14:31Z</time>
   </trkpt>
   <trkpt lat="45.7414820" lon="4.7522650">
    <ele>208.5</ele>
    <time>2026-03-24T18:14:32Z</time>
   </trkpt>
   <trkpt lat="45.7414590" lon="4.7522190">
    <ele>208.5</ele>
    <time>2026-03-24T18:14:33Z</time>
   </trkpt>
   <trkpt lat="45.7414490" lon="4.7522050">
    <ele>208.5</ele>
    <time>2026-03-24T18:14:34Z</time>
   </trkpt>
   <trkpt lat="45.7414440" lon="4.7521540">
    <ele>208.5</ele>
    <time>2026-03-24T18:14:35Z</time>
   </trkpt>
   <trkpt lat="45.7414450" lon="4.7521400">
    <ele>208.5</ele>
    <time>2026-03-24T18:14:36Z</time>
   </trkpt>
   <trkpt lat="45.7414350" lon="4.7520950">
    <ele>208.5</ele>
    <time>2026-03-24T18:14:37Z</time>
   </trkpt>
   <trkpt lat="45.7414290" lon="4.7520830">
    <ele>208.5</ele>
    <time>2026-03-24T18:14:38Z</time>
   </trkpt>
   <trkpt lat="45.7414110" lon="4.7520530">
    <ele>208.5</ele>
    <time>2026-03-24T18:14:39Z</time>
   </trkpt>
   <trkpt lat="45.7413930" lon="4.7520130">
    <ele>208.5</ele>
    <time>2026-03-24T18:14:40Z</time>
   </trkpt>
   <trkpt lat="45.7413880" lon="4.7519730">
    <ele>208.5</ele>
    <time>2026-03-24T18:14:41Z</time>
   </trkpt>
   <trkpt lat="45.7413780" lon="4.7519250">
    <ele>208.5</ele>
    <time>2026-03-24T18:14:42Z</time>
   </trkpt>
   <trkpt lat="45.7413740" lon="4.7519120">
    <ele>208.5</ele>
    <time>2026-03-24T18:14:43Z</time>
   </trkpt>
   <trkpt lat="45.7413620" lon="4.7518640">
    <ele>208.5</ele>
    <time>2026-03-24T18:14:44Z</time>
   </trkpt>
   <trkpt lat="45.7413570" lon="4.7518460">
    <ele>208.5</ele>
    <time>2026-03-24T18:14:45Z</time>
   </trkpt>
   <trkpt lat="45.7413420" lon="4.7518080">
    <ele>208.5</ele>
    <time>2026-03-24T18:14:46Z</time>
   </trkpt>
   <trkpt lat="45.7413310" lon="4.7517650">
    <ele>208.5</ele>
    <time>2026-03-24T18:14:47Z</time>
   </trkpt>
   <trkpt lat="45.7413190" lon="4.7517150">
    <ele>208.5</ele>
    <time>2026-03-24T18:14:48Z</time>
   </trkpt>
   <trkpt lat="45.7413110" lon="4.7517010">
    <ele>208.5</ele>
    <time>2026-03-24T18:14:49Z</time>
   </trkpt>
   <trkpt lat="45.7412990" lon="4.7516660">
    <ele>208.6</ele>
    <time>2026-03-24T18:14:50Z</time>
   </trkpt>
   <trkpt lat="45.7412910" lon="4.7516220">
    <ele>208.6</ele>
    <time>2026-03-24T18:14:51Z</time>
   </trkpt>
   <trkpt lat="45.7412900" lon="4.7516070">
    <ele>208.6</ele>
    <time>2026-03-24T18:14:52Z</time>
   </trkpt>
   <trkpt lat="45.7412810" lon="4.7515660">
    <ele>208.7</ele>
    <time>2026-03-24T18:14:53Z</time>
   </trkpt>
   <trkpt lat="45.7412760" lon="4.7515510">
    <ele>208.7</ele>
    <time>2026-03-24T18:14:54Z</time>
   </trkpt>
   <trkpt lat="45.7412780" lon="4.7515040">
    <ele>208.8</ele>
    <time>2026-03-24T18:14:55Z</time>
   </trkpt>
   <trkpt lat="45.7412820" lon="4.7514840">
    <ele>208.9</ele>
    <time>2026-03-24T18:14:56Z</time>
   </trkpt>
   <trkpt lat="45.7412880" lon="4.7514430">
    <ele>209.0</ele>
    <time>2026-03-24T18:14:57Z</time>
   </trkpt>
   <trkpt lat="45.7413000" lon="4.7514220">
    <ele>209.1</ele>
    <time>2026-03-24T18:14:58Z</time>
   </trkpt>
   <trkpt lat="45.7413140" lon="4.7514070">
    <ele>209.1</ele>
    <time>2026-03-24T18:14:59Z</time>
   </trkpt>
   <trkpt lat="45.7413290" lon="4.7513680">
    <ele>209.3</ele>
    <time>2026-03-24T18:15:00Z</time>
   </trkpt>
   <trkpt lat="45.7413330" lon="4.7513520">
    <ele>209.3</ele>
    <time>2026-03-24T18:15:01Z</time>
   </trkpt>
   <trkpt lat="45.7413480" lon="4.7513020">
    <ele>209.4</ele>
    <time>2026-03-24T18:15:02Z</time>
   </trkpt>
   <trkpt lat="45.7413520" lon="4.7512780">
    <ele>209.4</ele>
    <time>2026-03-24T18:15:03Z</time>
   </trkpt>
   <trkpt lat="45.7413670" lon="4.7512360">
    <ele>209.5</ele>
    <time>2026-03-24T18:15:04Z</time>
   </trkpt>
   <trkpt lat="45.7413720" lon="4.7512220">
    <ele>209.5</ele>
    <time>2026-03-24T18:15:05Z</time>
   </trkpt>
   <trkpt lat="45.7413770" lon="4.7511740">
    <ele>209.6</ele>
    <time>2026-03-24T18:15:06Z</time>
   </trkpt>
   <trkpt lat="45.7413770" lon="4.7511590">
    <ele>209.6</ele>
    <time>2026-03-24T18:15:07Z</time>
   </trkpt>
   <trkpt lat="45.7413780" lon="4.7511030">
    <ele>209.7</ele>
    <time>2026-03-24T18:15:08Z</time>
   </trkpt>
   <trkpt lat="45.7413780" lon="4.7510830">
    <ele>209.7</ele>
    <time>2026-03-24T18:15:09Z</time>
   </trkpt>
   <trkpt lat="45.7413870" lon="4.7510330">
    <ele>209.8</ele>
    <time>2026-03-24T18:15:10Z</time>
   </trkpt>
   <trkpt lat="45.7413890" lon="4.7510180">
    <ele>209.8</ele>
    <time>2026-03-24T18:15:11Z</time>
   </trkpt>
   <trkpt lat="45.7414040" lon="4.7509690">
    <ele>209.9</ele>
    <time>2026-03-24T18:15:12Z</time>
   </trkpt>
   <trkpt lat="45.7414070" lon="4.7509490">
    <ele>209.9</ele>
    <time>2026-03-24T18:15:13Z</time>
   </trkpt>
   <trkpt lat="45.7414140" lon="4.7509100">
    <ele>210.0</ele>
    <time>2026-03-24T18:15:14Z</time>
   </trkpt>
   <trkpt lat="45.7414290" lon="4.7508620">
    <ele>210.0</ele>
    <time>2026-03-24T18:15:15Z</time>
   </trkpt>
   <trkpt lat="45.7414350" lon="4.7508450">
    <ele>210.0</ele>
    <time>2026-03-24T18:15:16Z</time>
   </trkpt>
   <trkpt lat="45.7414380" lon="4.7507960">
    <ele>210.1</ele>
    <time>2026-03-24T18:15:17Z</time>
   </trkpt>
   <trkpt lat="45.7414410" lon="4.7507780">
    <ele>210.1</ele>
    <time>2026-03-24T18:15:18Z</time>
   </trkpt>
   <trkpt lat="45.7414510" lon="4.7507370">
    <ele>210.1</ele>
    <time>2026-03-24T18:15:19Z</time>
   </trkpt>
   <trkpt lat="45.7414530" lon="4.7506960">
    <ele>210.1</ele>
    <time>2026-03-24T18:15:20Z</time>
   </trkpt>
   <trkpt lat="45.7414620" lon="4.7506450">
    <ele>210.2</ele>
    <time>2026-03-24T18:15:21Z</time>
   </trkpt>
   <trkpt lat="45.7414640" lon="4.7506310">
    <ele>210.2</ele>
    <time>2026-03-24T18:15:22Z</time>
   </trkpt>
   <trkpt lat="45.7414710" lon="4.7505830">
    <ele>210.2</ele>
    <time>2026-03-24T18:15:23Z</time>
   </trkpt>
   <trkpt lat="45.7414720" lon="4.7505640">
    <ele>210.2</ele>
    <time>2026-03-24T18:15:24Z</time>
   </trkpt>
   <trkpt lat="45.7414800" lon="4.7505220">
    <ele>210.3</ele>
    <time>2026-03-24T18:15:25Z</time>
   </trkpt>
   <trkpt lat="45.7414850" lon="4.7504810">
    <ele>210.3</ele>
    <time>2026-03-24T18:15:26Z</time>
   </trkpt>
   <trkpt lat="45.7414900" lon="4.7504430">
    <ele>210.3</ele>
    <time>2026-03-24T18:15:27Z</time>
   </trkpt>
   <trkpt lat="45.7414860" lon="4.7503990">
    <ele>210.4</ele>
    <time>2026-03-24T18:15:28Z</time>
   </trkpt>
   <trkpt lat="45.7414900" lon="4.7503570">
    <ele>210.4</ele>
    <time>2026-03-24T18:15:29Z</time>
   </trkpt>
   <trkpt lat="45.7414970" lon="4.7503200">
    <ele>210.5</ele>
    <time>2026-03-24T18:15:30Z</time>
   </trkpt>
   <trkpt lat="45.7415030" lon="4.7502740">
    <ele>210.6</ele>
    <time>2026-03-24T18:15:31Z</time>
   </trkpt>
   <trkpt lat="45.7415020" lon="4.7502540">
    <ele>210.6</ele>
    <time>2026-03-24T18:15:32Z</time>
   </trkpt>
   <trkpt lat="45.7415060" lon="4.7502080">
    <ele>210.7</ele>
    <time>2026-03-24T18:15:33Z</time>
   </trkpt>
   <trkpt lat="45.7415100" lon="4.7501890">
    <ele>210.7</ele>
    <time>2026-03-24T18:15:34Z</time>
   </trkpt>
   <trkpt lat="45.7415330" lon="4.7501500">
    <ele>210.8</ele>
    <time>2026-03-24T18:15:35Z</time>
   </trkpt>
   <trkpt lat="45.7415390" lon="4.7501370">
    <ele>210.9</ele>
    <time>2026-03-24T18:15:36Z</time>
   </trkpt>
   <trkpt lat="45.7415520" lon="4.7500990">
    <ele>211.1</ele>
    <time>2026-03-24T18:15:37Z</time>
   </trkpt>
   <trkpt lat="45.7415560" lon="4.7500840">
    <ele>211.1</ele>
    <time>2026-03-24T18:15:38Z</time>
   </trkpt>
   <trkpt lat="45.7415810" lon="4.7500540">
    <ele>211.3</ele>
    <time>2026-03-24T18:15:39Z</time>
   </trkpt>
   <trkpt lat="45.7415930" lon="4.7500530">
    <ele>211.4</ele>
    <time>2026-03-24T18:15:40Z</time>
   </trkpt>
   <trkpt lat="45.7416200" lon="4.7500930">
    <ele>211.7</ele>
    <time>2026-03-24T18:15:41Z</time>
   </trkpt>
   <trkpt lat="45.7416440" lon="4.7501160">
    <ele>211.9</ele>
    <time>2026-03-24T18:15:42Z</time>
   </trkpt>
   <trkpt lat="45.7416730" lon="4.7501210">
    <ele>212.1</ele>
    <time>2026-03-24T18:15:43Z</time>
   </trkpt>
   <trkpt lat="45.7416820" lon="4.7501170">
    <ele>212.2</ele>
    <time>2026-03-24T18:15:44Z</time>
   </trkpt>
   <trkpt lat="45.7417120" lon="4.7501050">
    <ele>212.4</ele>
    <time>2026-03-24T18:15:45Z</time>
   </trkpt>
   <trkpt lat="45.7417220" lon="4.7501010">
    <ele>212.5</ele>
    <time>2026-03-24T18:15:46Z</time>
   </trkpt>
   <trkpt lat="45.7417530" lon="4.7500980">
    <ele>212.8</ele>
    <time>2026-03-24T18:15:47Z</time>
   </trkpt>
   <trkpt lat="45.7417610" lon="4.7500960">
    <ele>212.9</ele>
    <time>2026-03-24T18:15:48Z</time>
   </trkpt>
   <trkpt lat="45.7417910" lon="4.7501110">
    <ele>213.2</ele>
    <time>2026-03-24T18:15:49Z</time>
   </trkpt>
   <trkpt lat="45.7418020" lon="4.7501200">
    <ele>213.4</ele>
    <time>2026-03-24T18:15:50Z</time>
   </trkpt>
   <trkpt lat="45.7418200" lon="4.7501200">
    <ele>213.6</ele>
    <time>2026-03-24T18:15:51Z</time>
   </trkpt>
   <trkpt lat="45.7418240" lon="4.7500960">
    <ele>213.8</ele>
    <time>2026-03-24T18:15:52Z</time>
   </trkpt>
   <trkpt lat="45.7418350" lon="4.7501260">
    <ele>214.2</ele>
    <time>2026-03-24T18:15:53Z</time>
   </trkpt>
   <trkpt lat="45.7418350" lon="4.7501470">
    <ele>214.4</ele>
    <time>2026-03-24T18:15:54Z</time>
   </trkpt>
   <trkpt lat="45.7418360" lon="4.7501680">
    <ele>214.7</ele>
    <time>2026-03-24T18:15:55Z</time>
   </trkpt>
   <trkpt lat="45.7418640" lon="4.7501980">
    <ele>215.3</ele>
    <time>2026-03-24T18:15:56Z</time>
   </trkpt>
   <trkpt lat="45.7418780" lon="4.7502010">
    <ele>215.6</ele>
    <time>2026-03-24T18:15:57Z</time>
   </trkpt>
   <trkpt lat="45.7419040" lon="4.7501790">
    <ele>216.1</ele>
    <time>2026-03-24T18:15:58Z</time>
   </trkpt>
   <trkpt lat="45.7419060" lon="4.7501380">
    <ele>216.7</ele>
    <time>2026-03-24T18:15:59Z</time>
   </trkpt>
   <trkpt lat="45.7419120" lon="4.7501200">
    <ele>217.0</ele>
    <time>2026-03-24T18:16:00Z</time>
   </trkpt>
   <trkpt lat="45.7419240" lon="4.7500980">
    <ele>217.3</ele>
    <time>2026-03-24T18:16:01Z</time>
   </trkpt>
   <trkpt lat="45.7419510" lon="4.7500780">
    <ele>217.9</ele>
    <time>2026-03-24T18:16:02Z</time>
   </trkpt>
   <trkpt lat="45.7419580" lon="4.7500700">
    <ele>218.1</ele>
    <time>2026-03-24T18:16:03Z</time>
   </trkpt>
   <trkpt lat="45.7419710" lon="4.7500590">
    <ele>218.4</ele>
    <time>2026-03-24T18:16:04Z</time>
   </trkpt>
   <trkpt lat="45.7419840" lon="4.7500570">
    <ele>218.6</ele>
    <time>2026-03-24T18:16:05Z</time>
   </trkpt>
   <trkpt lat="45.7419990" lon="4.7500650">
    <ele>218.9</ele>
    <time>2026-03-24T18:16:06Z</time>
   </trkpt>
   <trkpt lat="45.7420100" lon="4.7500850">
    <ele>219.3</ele>
    <time>2026-03-24T18:16:07Z</time>
   </trkpt>
   <trkpt lat="45.7420180" lon="4.7500940">
    <ele>219.5</ele>
    <time>2026-03-24T18:16:08Z</time>
   </trkpt>
   <trkpt lat="45.7420340" lon="4.7500590">
    <ele>219.5</ele>
    <time>2026-03-24T18:16:09Z</time>
   </trkpt>
   <trkpt lat="45.7420400" lon="4.7500180">
    <ele>219.6</ele>
    <time>2026-03-24T18:16:10Z</time>
   </trkpt>
   <trkpt lat="45.7420450" lon="4.7499980">
    <ele>219.6</ele>
    <time>2026-03-24T18:16:11Z</time>
   </trkpt>
   <trkpt lat="45.7420600" lon="4.7499630">
    <ele>219.6</ele>
    <time>2026-03-24T18:16:12Z</time>
   </trkpt>
   <trkpt lat="45.7420820" lon="4.7499190">
    <ele>219.6</ele>
    <time>2026-03-24T18:16:13Z</time>
   </trkpt>
   <trkpt lat="45.7420930" lon="4.7499040">
    <ele>219.6</ele>
    <time>2026-03-24T18:16:14Z</time>
   </trkpt>
   <trkpt lat="45.7421140" lon="4.7498780">
    <ele>219.5</ele>
    <time>2026-03-24T18:16:15Z</time>
   </trkpt>
   <trkpt lat="45.7421240" lon="4.7498690">
    <ele>219.5</ele>
    <time>2026-03-24T18:16:16Z</time>
   </trkpt>
   <trkpt lat="45.7421520" lon="4.7498390">
    <ele>219.4</ele>
    <time>2026-03-24T18:16:17Z</time>
   </trkpt>
   <trkpt lat="45.7421620" lon="4.7498260">
    <ele>219.4</ele>
    <time>2026-03-24T18:16:18Z</time>
   </trkpt>
   <trkpt lat="45.7421790" lon="4.7497920">
    <ele>219.3</ele>
    <time>2026-03-24T18:16:19Z</time>
   </trkpt>
   <trkpt lat="45.7421860" lon="4.7497820">
    <ele>219.3</ele>
    <time>2026-03-24T18:16:20Z</time>
   </trkpt>
   <trkpt lat="45.7422140" lon="4.7497490">
    <ele>219.2</ele>
    <time>2026-03-24T18:16:21Z</time>
   </trkpt>
   <trkpt lat="45.7422240" lon="4.7497410">
    <ele>219.2</ele>
    <time>2026-03-24T18:16:22Z</time>
   </trkpt>
   <trkpt lat="45.7422480" lon="4.7497200">
    <ele>219.1</ele>
    <time>2026-03-24T18:16:23Z</time>
   </trkpt>
   <trkpt lat="45.7422580" lon="4.7497080">
    <ele>219.1</ele>
    <time>2026-03-24T18:16:24Z</time>
   </trkpt>
   <trkpt lat="45.7422820" lon="4.7496770">
    <ele>219.0</ele>
    <time>2026-03-24T18:16:25Z</time>
   </trkpt>
   <trkpt lat="45.7422900" lon="4.7496660">
    <ele>219.0</ele>
    <time>2026-03-24T18:16:26Z</time>
   </trkpt>
   <trkpt lat="45.7423020" lon="4.7496540">
    <ele>219.0</ele>
    <time>2026-03-24T18:16:27Z</time>
   </trkpt>
   <trkpt lat="45.7423170" lon="4.7496370">
    <ele>219.0</ele>
    <time>2026-03-24T18:16:28Z</time>
   </trkpt>
   <trkpt lat="45.7423440" lon="4.7496120">
    <ele>219.0</ele>
    <time>2026-03-24T18:16:29Z</time>
   </trkpt>
   <trkpt lat="45.7423510" lon="4.7496040">
    <ele>218.9</ele>
    <time>2026-03-24T18:16:30Z</time>
   </trkpt>
   <trkpt lat="45.7423770" lon="4.7495750">
    <ele>218.9</ele>
    <time>2026-03-24T18:16:31Z</time>
   </trkpt>
   <trkpt lat="45.7423880" lon="4.7495660">
    <ele>218.9</ele>
    <time>2026-03-24T18:16:32Z</time>
   </trkpt>
   <trkpt lat="45.7424150" lon="4.7495650">
    <ele>219.0</ele>
    <time>2026-03-24T18:16:33Z</time>
   </trkpt>
   <trkpt lat="45.7424490" lon="4.7495630">
    <ele>219.0</ele>
    <time>2026-03-24T18:16:34Z</time>
   </trkpt>
   <trkpt lat="45.7424580" lon="4.7495540">
    <ele>219.0</ele>
    <time>2026-03-24T18:16:35Z</time>
   </trkpt>
   <trkpt lat="45.7424840" lon="4.7495200">
    <ele>219.2</ele>
    <time>2026-03-24T18:16:36Z</time>
   </trkpt>
   <trkpt lat="45.7424920" lon="4.7495070">
    <ele>219.2</ele>
    <time>2026-03-24T18:16:37Z</time>
   </trkpt>
   <trkpt lat="45.7425240" lon="4.7494810">
    <ele>219.5</ele>
    <time>2026-03-24T18:16:38Z</time>
   </trkpt>
   <trkpt lat="45.7425360" lon="4.7494730">
    <ele>219.6</ele>
    <time>2026-03-24T18:16:39Z</time>
   </trkpt>
   <trkpt lat="45.7425520" lon="4.7494580">
    <ele>219.7</ele>
    <time>2026-03-24T18:16:40Z</time>
   </trkpt>
   <trkpt lat="45.7425690" lon="4.7494530">
    <ele>219.8</ele>
    <time>2026-03-24T18:16:41Z</time>
   </trkpt>
   <trkpt lat="45.7426020" lon="4.7494350">
    <ele>220.0</ele>
    <time>2026-03-24T18:16:42Z</time>
   </trkpt>
   <trkpt lat="45.7426120" lon="4.7494260">
    <ele>220.0</ele>
    <time>2026-03-24T18:16:43Z</time>
   </trkpt>
   <trkpt lat="45.7426260" lon="4.7494150">
    <ele>220.1</ele>
    <time>2026-03-24T18:16:44Z</time>
   </trkpt>
   <trkpt lat="45.7426420" lon="4.7494040">
    <ele>220.2</ele>
    <time>2026-03-24T18:16:45Z</time>
   </trkpt>
   <trkpt lat="45.7426670" lon="4.7493810">
    <ele>220.3</ele>
    <time>2026-03-24T18:16:46Z</time>
   </trkpt>
   <trkpt lat="45.7426760" lon="4.7493740">
    <ele>220.3</ele>
    <time>2026-03-24T18:16:47Z</time>
   </trkpt>
   <trkpt lat="45.7427060" lon="4.7493610">
    <ele>220.4</ele>
    <time>2026-03-24T18:16:48Z</time>
   </trkpt>
   <trkpt lat="45.7427170" lon="4.7493590">
    <ele>220.5</ele>
    <time>2026-03-24T18:16:49Z</time>
   </trkpt>
   <trkpt lat="45.7427290" lon="4.7493600">
    <ele>220.5</ele>
    <time>2026-03-24T18:16:50Z</time>
   </trkpt>
   <trkpt lat="45.7427460" lon="4.7493380">
    <ele>220.6</ele>
    <time>2026-03-24T18:16:51Z</time>
   </trkpt>
   <trkpt lat="45.7427720" lon="4.7493100">
    <ele>220.6</ele>
    <time>2026-03-24T18:16:52Z</time>
   </trkpt>
   <trkpt lat="45.7427800" lon="4.7493030">
    <ele>220.6</ele>
    <time>2026-03-24T18:16:53Z</time>
   </trkpt>
   <trkpt lat="45.7428070" lon="4.7492840">
    <ele>220.7</ele>
    <time>2026-03-24T18:16:54Z</time>
   </trkpt>
   <trkpt lat="45.7428160" lon="4.7492730">
    <ele>220.7</ele>
    <time>2026-03-24T18:16:55Z</time>
   </trkpt>
   <trkpt lat="45.7428370" lon="4.7492480">
    <ele>220.6</ele>
    <time>2026-03-24T18:16:56Z</time>
   </trkpt>
   <trkpt lat="45.7428620" lon="4.7492230">
    <ele>220.6</ele>
    <time>2026-03-24T18:16:57Z</time>
   </trkpt>
   <trkpt lat="45.7428720" lon="4.7492150">
    <ele>220.6</ele>
    <time>2026-03-24T18:16:58Z</time>
   </trkpt>
   <trkpt lat="45.7429020" lon="4.7491860">
    <ele>220.5</ele>
    <time>2026-03-24T18:16:59Z</time>
   </trkpt>
   <trkpt lat="45.7429110" lon="4.7491750">
    <ele>220.4</ele>
    <time>2026-03-24T18:17:00Z</time>
   </trkpt>
   <trkpt lat="45.7429430" lon="4.7491530">
    <ele>220.3</ele>
    <time>2026-03-24T18:17:01Z</time>
   </trkpt>
   <trkpt lat="45.7429540" lon="4.7491430">
    <ele>220.3</ele>
    <time>2026-03-24T18:17:02Z</time>
   </trkpt>
   <trkpt lat="45.7429810" lon="4.7491220">
    <ele>220.2</ele>
    <time>2026-03-24T18:17:03Z</time>
   </trkpt>
   <trkpt lat="45.7429910" lon="4.7491150">
    <ele>220.2</ele>
    <time>2026-03-24T18:17:04Z</time>
   </trkpt>
   <trkpt lat="45.7430200" lon="4.7491190">
    <ele>220.2</ele>
    <time>2026-03-24T18:17:05Z</time>
   </trkpt>
   <trkpt lat="45.7430290" lon="4.7491170">
    <ele>220.2</ele>
    <time>2026-03-24T18:17:06Z</time>
   </trkpt>
   <trkpt lat="45.7430580" lon="4.7491040">
    <ele>220.2</ele>
    <time>2026-03-24T18:17:07Z</time>
   </trkpt>
   <trkpt lat="45.7430670" lon="4.7490990">
    <ele>220.2</ele>
    <time>2026-03-24T18:17:08Z</time>
   </trkpt>
   <trkpt lat="45.7430920" lon="4.7490860">
    <ele>220.3</ele>
    <time>2026-03-24T18:17:09Z</time>
   </trkpt>
   <trkpt lat="45.7431010" lon="4.7490800">
    <ele>220.4</ele>
    <time>2026-03-24T18:17:10Z</time>
   </trkpt>
   <trkpt lat="45.7431160" lon="4.7490720">
    <ele>220.5</ele>
    <time>2026-03-24T18:17:11Z</time>
   </trkpt>
   <trkpt lat="45.7431340" lon="4.7490730">
    <ele>220.6</ele>
    <time>2026-03-24T18:17:12Z</time>
   </trkpt>
   <trkpt lat="45.7431500" lon="4.7490710">
    <ele>220.7</ele>
    <time>2026-03-24T18:17:13Z</time>
   </trkpt>
   <trkpt lat="45.7431630" lon="4.7490610">
    <ele>220.8</ele>
    <time>2026-03-24T18:17:14Z</time>
   </trkpt>
   <trkpt lat="45.7431740" lon="4.7490540">
    <ele>221.0</ele>
    <time>2026-03-24T18:17:15Z</time>
   </trkpt>
   <trkpt lat="45.7431810" lon="4.7490660">
    <ele>221.1</ele>
    <time>2026-03-24T18:17:16Z</time>
   </trkpt>
   <trkpt lat="45.7431810" lon="4.7490750">
    <ele>221.1</ele>
    <time>2026-03-24T18:17:17Z</time>
   </trkpt>
   <trkpt lat="45.7431760" lon="4.7490740">
    <ele>221.2</ele>
    <time>2026-03-24T18:17:18Z</time>
   </trkpt>
   <trkpt lat="45.7431800" lon="4.7490920">
    <ele>221.4</ele>
    <time>2026-03-24T18:17:19Z</time>
   </trkpt>
   <trkpt lat="45.7431840" lon="4.7491190">
    <ele>221.6</ele>
    <time>2026-03-24T18:17:20Z</time>
   </trkpt>
   <trkpt lat="45.7431850" lon="4.7491320">
    <ele>221.8</ele>
    <time>2026-03-24T18:17:21Z</time>
   </trkpt>
   <trkpt lat="45.7431850" lon="4.7491460">
    <ele>221.9</ele>
    <time>2026-03-24T18:17:22Z</time>
   </trkpt>
   <trkpt lat="45.7431930" lon="4.7491910">
    <ele>222.4</ele>
    <time>2026-03-24T18:17:23Z</time>
   </trkpt>
   <trkpt lat="45.7431970" lon="4.7492080">
    <ele>222.6</ele>
    <time>2026-03-24T18:17:24Z</time>
   </trkpt>
   <trkpt lat="45.7432050" lon="4.7492470">
    <ele>223.2</ele>
    <time>2026-03-24T18:17:25Z</time>
   </trkpt>
   <trkpt lat="45.7432090" lon="4.7492600">
    <ele>223.4</ele>
    <time>2026-03-24T18:17:26Z</time>
   </trkpt>
   <trkpt lat="45.7432150" lon="4.7493020">
    <ele>223.9</ele>
    <time>2026-03-24T18:17:27Z</time>
   </trkpt>
   <trkpt lat="45.7432180" lon="4.7493110">
    <ele>224.0</ele>
    <time>2026-03-24T18:17:28Z</time>
   </trkpt>
   <trkpt lat="45.7432200" lon="4.7493340">
    <ele>224.3</ele>
    <time>2026-03-24T18:17:29Z</time>
   </trkpt>
   <trkpt lat="45.7432250" lon="4.7493610">
    <ele>224.7</ele>
    <time>2026-03-24T18:17:30Z</time>
   </trkpt>
   <trkpt lat="45.7432340" lon="4.7493770">
    <ele>225.0</ele>
    <time>2026-03-24T18:17:31Z</time>
   </trkpt>
   <trkpt lat="45.7432390" lon="4.7494020">
    <ele>225.3</ele>
    <time>2026-03-24T18:17:32Z</time>
   </trkpt>
   <trkpt lat="45.7432550" lon="4.7494330">
    <ele>225.7</ele>
    <time>2026-03-24T18:17:33Z</time>
   </trkpt>
   <trkpt lat="45.7432630" lon="4.7494440">
    <ele>225.9</ele>
    <time>2026-03-24T18:17:34Z</time>
   </trkpt>
   <trkpt lat="45.7432850" lon="4.7494710">
    <ele>226.3</ele>
    <time>2026-03-24T18:17:35Z</time>
   </trkpt>
   <trkpt lat="45.7432910" lon="4.7494780">
    <ele>226.4</ele>
    <time>2026-03-24T18:17:36Z</time>
   </trkpt>
   <trkpt lat="45.7433100" lon="4.7495090">
    <ele>226.7</ele>
    <time>2026-03-24T18:17:37Z</time>
   </trkpt>
   <trkpt lat="45.7433190" lon="4.7495200">
    <ele>226.8</ele>
    <time>2026-03-24T18:17:38Z</time>
   </trkpt>
   <trkpt lat="45.7433470" lon="4.7495430">
    <ele>227.1</ele>
    <time>2026-03-24T18:17:39Z</time>
   </trkpt>
   <trkpt lat="45.7433570" lon="4.7495490">
    <ele>227.1</ele>
    <time>2026-03-24T18:17:40Z</time>
   </trkpt>
   <trkpt lat="45.7433860" lon="4.7495580">
    <ele>227.3</ele>
    <time>2026-03-24T18:17:41Z</time>
   </trkpt>
   <trkpt lat="45.7433990" lon="4.7495560">
    <ele>227.4</ele>
    <time>2026-03-24T18:17:42Z</time>
   </trkpt>
   <trkpt lat="45.7434310" lon="4.7495690">
    <ele>227.5</ele>
    <time>2026-03-24T18:17:43Z</time>
   </trkpt>
   <trkpt lat="45.7434410" lon="4.7495760">
    <ele>227.6</ele>
    <time>2026-03-24T18:17:44Z</time>
   </trkpt>
   <trkpt lat="45.7434770" lon="4.7495990">
    <ele>227.7</ele>
    <time>2026-03-24T18:17:45Z</time>
   </trkpt>
   <trkpt lat="45.7434900" lon="4.7496080">
    <ele>227.8</ele>
    <time>2026-03-24T18:17:46Z</time>
   </trkpt>
   <trkpt lat="45.7435200" lon="4.7496030">
    <ele>227.9</ele>
    <time>2026-03-24T18:17:47Z</time>
   </trkpt>
   <trkpt lat="45.7435560" lon="4.7496150">
    <ele>228.0</ele>
    <time>2026-03-24T18:17:48Z</time>
   </trkpt>
   <trkpt lat="45.7435680" lon="4.7496170">
    <ele>228.1</ele>
    <time>2026-03-24T18:17:49Z</time>
   </trkpt>
   <trkpt lat="45.7436000" lon="4.7496290">
    <ele>228.2</ele>
    <time>2026-03-24T18:17:50Z</time>
   </trkpt>
   <trkpt lat="45.7436080" lon="4.7496350">
    <ele>228.2</ele>
    <time>2026-03-24T18:17:51Z</time>
   </trkpt>
   <trkpt lat="45.7436420" lon="4.7496450">
    <ele>228.4</ele>
    <time>2026-03-24T18:17:52Z</time>
   </trkpt>
   <trkpt lat="45.7436510" lon="4.7496460">
    <ele>228.4</ele>
    <time>2026-03-24T18:17:53Z</time>
   </trkpt>
   <trkpt lat="45.7436820" lon="4.7496490">
    <ele>228.6</ele>
    <time>2026-03-24T18:17:54Z</time>
   </trkpt>
   <trkpt lat="45.7436950" lon="4.7496500">
    <ele>228.6</ele>
    <time>2026-03-24T18:17:55Z</time>
   </trkpt>
   <trkpt lat="45.7437300" lon="4.7496450">
    <ele>228.8</ele>
    <time>2026-03-24T18:17:56Z</time>
   </trkpt>
   <trkpt lat="45.7437420" lon="4.7496430">
    <ele>228.8</ele>
    <time>2026-03-24T18:17:57Z</time>
   </trkpt>
   <trkpt lat="45.7437740" lon="4.7496450">
    <ele>229.0</ele>
    <time>2026-03-24T18:17:58Z</time>
   </trkpt>
   <trkpt lat="45.7437820" lon="4.7496470">
    <ele>229.0</ele>
    <time>2026-03-24T18:17:59Z</time>
   </trkpt>
   <trkpt lat="45.7438130" lon="4.7496530">
    <ele>229.2</ele>
    <time>2026-03-24T18:18:00Z</time>
   </trkpt>
   <trkpt lat="45.7438220" lon="4.7496540">
    <ele>229.2</ele>
    <time>2026-03-24T18:18:01Z</time>
   </trkpt>
   <trkpt lat="45.7438540" lon="4.7496530">
    <ele>229.4</ele>
    <time>2026-03-24T18:18:02Z</time>
   </trkpt>
   <trkpt lat="45.7438630" lon="4.7496570">
    <ele>229.4</ele>
    <time>2026-03-24T18:18:03Z</time>
   </trkpt>
   <trkpt lat="45.7438960" lon="4.7496720">
    <ele>229.6</ele>
    <time>2026-03-24T18:18:04Z</time>
   </trkpt>
   <trkpt lat="45.7439070" lon="4.7496800">
    <ele>229.7</ele>
    <time>2026-03-24T18:18:05Z</time>
   </trkpt>
   <trkpt lat="45.7439360" lon="4.7497000">
    <ele>230.0</ele>
    <time>2026-03-24T18:18:06Z</time>
   </trkpt>
   <trkpt lat="45.7439460" lon="4.7497050">
    <ele>230.0</ele>
    <time>2026-03-24T18:18:07Z</time>
   </trkpt>
   <trkpt lat="45.7439820" lon="4.7497180">
    <ele>230.4</ele>
    <time>2026-03-24T18:18:08Z</time>
   </trkpt>
   <trkpt lat="45.7439920" lon="4.7497200">
    <ele>230.4</ele>
    <time>2026-03-24T18:18:09Z</time>
   </trkpt>
   <trkpt lat="45.7440080" lon="4.7497260">
    <ele>230.6</ele>
    <time>2026-03-24T18:18:10Z</time>
   </trkpt>
   <trkpt lat="45.7440240" lon="4.7497340">
    <ele>230.8</ele>
    <time>2026-03-24T18:18:11Z</time>
   </trkpt>
   <trkpt lat="45.7440570" lon="4.7497280">
    <ele>231.1</ele>
    <time>2026-03-24T18:18:12Z</time>
   </trkpt>
   <trkpt lat="45.7440660" lon="4.7497260">
    <ele>231.2</ele>
    <time>2026-03-24T18:18:13Z</time>
   </trkpt>
   <trkpt lat="45.7440790" lon="4.7497440">
    <ele>231.3</ele>
    <time>2026-03-24T18:18:14Z</time>
   </trkpt>
   <trkpt lat="45.7440950" lon="4.7497490">
    <ele>231.5</ele>
    <time>2026-03-24T18:18:15Z</time>
   </trkpt>
   <trkpt lat="45.7441300" lon="4.7497530">
    <ele>231.9</ele>
    <time>2026-03-24T18:18:16Z</time>
   </trkpt>
   <trkpt lat="45.7441420" lon="4.7497540">
    <ele>232.0</ele>
    <time>2026-03-24T18:18:17Z</time>
   </trkpt>
   <trkpt lat="45.7441790" lon="4.7497590">
    <ele>232.4</ele>
    <time>2026-03-24T18:18:18Z</time>
   </trkpt>
   <trkpt lat="45.7441910" lon="4.7497630">
    <ele>232.6</ele>
    <time>2026-03-24T18:18:19Z</time>
   </trkpt>
   <trkpt lat="45.7442180" lon="4.7497730">
    <ele>232.9</ele>
    <time>2026-03-24T18:18:20Z</time>
   </trkpt>
   <trkpt lat="45.7442270" lon="4.7497780">
    <ele>233.0</ele>
    <time>2026-03-24T18:18:21Z</time>
   </trkpt>
   <trkpt lat="45.7442590" lon="4.7497790">
    <ele>233.4</ele>
    <time>2026-03-24T18:18:22Z</time>
   </trkpt>
   <trkpt lat="45.7442670" lon="4.7497830">
    <ele>233.5</ele>
    <time>2026-03-24T18:18:23Z</time>
   </trkpt>
   <trkpt lat="45.7442990" lon="4.7497910">
    <ele>233.9</ele>
    <time>2026-03-24T18:18:24Z</time>
   </trkpt>
   <trkpt lat="45.7443100" lon="4.7497900">
    <ele>234.1</ele>
    <time>2026-03-24T18:18:25Z</time>
   </trkpt>
   <trkpt lat="45.7443380" lon="4.7498050">
    <ele>234.5</ele>
    <time>2026-03-24T18:18:26Z</time>
   </trkpt>
   <trkpt lat="45.7443480" lon="4.7498070">
    <ele>234.6</ele>
    <time>2026-03-24T18:18:27Z</time>
   </trkpt>
   <trkpt lat="45.7443770" lon="4.7498140">
    <ele>235.1</ele>
    <time>2026-03-24T18:18:28Z</time>
   </trkpt>
   <trkpt lat="45.7443870" lon="4.7498180">
    <ele>235.2</ele>
    <time>2026-03-24T18:18:29Z</time>
   </trkpt>
   <trkpt lat="45.7444200" lon="4.7498150">
    <ele>235.7</ele>
    <time>2026-03-24T18:18:30Z</time>
   </trkpt>
   <trkpt lat="45.7444310" lon="4.7498140">
    <ele>235.9</ele>
    <time>2026-03-24T18:18:31Z</time>
   </trkpt>
   <trkpt lat="45.7444620" lon="4.7498250">
    <ele>236.4</ele>
    <time>2026-03-24T18:18:32Z</time>
   </trkpt>
   <trkpt lat="45.7444720" lon="4.7498300">
    <ele>236.5</ele>
    <time>2026-03-24T18:18:33Z</time>
   </trkpt>
   <trkpt lat="45.7445030" lon="4.7498460">
    <ele>237.0</ele>
    <time>2026-03-24T18:18:34Z</time>
   </trkpt>
   <trkpt lat="45.7445140" lon="4.7498500">
    <ele>237.2</ele>
    <time>2026-03-24T18:18:35Z</time>
   </trkpt>
   <trkpt lat="45.7445320" lon="4.7498560">
    <ele>237.5</ele>
    <time>2026-03-24T18:18:36Z</time>
   </trkpt>
   <trkpt lat="45.7445490" lon="4.7498510">
    <ele>237.8</ele>
    <time>2026-03-24T18:18:37Z</time>
   </trkpt>
   <trkpt lat="45.7445690" lon="4.7498540">
    <ele>238.1</ele>
    <time>2026-03-24T18:18:38Z</time>
   </trkpt>
   <trkpt lat="45.7445840" lon="4.7498590">
    <ele>238.4</ele>
    <time>2026-03-24T18:18:39Z</time>
   </trkpt>
   <trkpt lat="45.7446130" lon="4.7498640">
    <ele>238.8</ele>
    <time>2026-03-24T18:18:40Z</time>
   </trkpt>
   <trkpt lat="45.7446230" lon="4.7498680">
    <ele>239.0</ele>
    <time>2026-03-24T18:18:41Z</time>
   </trkpt>
   <trkpt lat="45.7446530" lon="4.7498840">
    <ele>239.5</ele>
    <time>2026-03-24T18:18:42Z</time>
   </trkpt>
   <trkpt lat="45.7446600" lon="4.7498910">
    <ele>239.6</ele>
    <time>2026-03-24T18:18:43Z</time>
   </trkpt>
   <trkpt lat="45.7446780" lon="4.7499000">
    <ele>240.0</ele>
    <time>2026-03-24T18:18:44Z</time>
   </trkpt>
   <trkpt lat="45.7446930" lon="4.7499060">
    <ele>240.2</ele>
    <time>2026-03-24T18:18:45Z</time>
   </trkpt>
   <trkpt lat="45.7447100" lon="4.7499080">
    <ele>240.5</ele>
    <time>2026-03-24T18:18:46Z</time>
   </trkpt>
   <trkpt lat="45.7447210" lon="4.7499080">
    <ele>240.7</ele>
    <time>2026-03-24T18:18:47Z</time>
   </trkpt>
   <trkpt lat="45.7447390" lon="4.7499160">
    <ele>241.0</ele>
    <time>2026-03-24T18:18:48Z</time>
   </trkpt>
   <trkpt lat="45.7447540" lon="4.7499200">
    <ele>241.2</ele>
    <time>2026-03-24T18:18:49Z</time>
   </trkpt>
   <trkpt lat="45.7447780" lon="4.7499410">
    <ele>241.7</ele>
    <time>2026-03-24T18:18:50Z</time>
   </trkpt>
   <trkpt lat="45.7447880" lon="4.7499550">
    <ele>241.9</ele>
    <time>2026-03-24T18:18:51Z</time>
   </trkpt>
   <trkpt lat="45.7448120" lon="4.7499880">
    <ele>242.5</ele>
    <time>2026-03-24T18:18:52Z</time>
   </trkpt>
   <trkpt lat="45.7448230" lon="4.7499960">
    <ele>242.7</ele>
    <time>2026-03-24T18:18:53Z</time>
   </trkpt>
   <trkpt lat="45.7448520" lon="4.7500130">
    <ele>243.2</ele>
    <time>2026-03-24T18:18:54Z</time>
   </trkpt>
   <trkpt lat="45.7448620" lon="4.7500190">
    <ele>243.4</ele>
    <time>2026-03-24T18:18:55Z</time>
   </trkpt>
   <trkpt lat="45.7448760" lon="4.7500310">
    <ele>243.7</ele>
    <time>2026-03-24T18:18:56Z</time>
   </trkpt>
   <trkpt lat="45.7448890" lon="4.7500440">
    <ele>243.9</ele>
    <time>2026-03-24T18:18:57Z</time>
   </trkpt>
   <trkpt lat="45.7449160" lon="4.7500600">
    <ele>244.5</ele>
    <time>2026-03-24T18:18:58Z</time>
   </trkpt>
   <trkpt lat="45.7449240" lon="4.7500620">
    <ele>244.6</ele>
    <time>2026-03-24T18:18:59Z</time>
   </trkpt>
   <trkpt lat="45.7449460" lon="4.7500860">
    <ele>245.1</ele>
    <time>2026-03-24T18:19:00Z</time>
   </trkpt>
   <trkpt lat="45.7449560" lon="4.7500970">
    <ele>245.3</ele>
    <time>2026-03-24T18:19:01Z</time>
   </trkpt>
   <trkpt lat="45.7449840" lon="4.7501100">
    <ele>245.9</ele>
    <time>2026-03-24T18:19:02Z</time>
   </trkpt>
   <trkpt lat="45.7449940" lon="4.7501200">
    <ele>246.1</ele>
    <time>2026-03-24T18:19:03Z</time>
   </trkpt>
   <trkpt lat="45.7450150" lon="4.7501570">
    <ele>246.7</ele>
    <time>2026-03-24T18:19:04Z</time>
   </trkpt>
   <trkpt lat="45.7450200" lon="4.7501670">
    <ele>246.9</ele>
    <time>2026-03-24T18:19:05Z</time>
   </trkpt>
   <trkpt lat="45.7450400" lon="4.7502070">
    <ele>247.5</ele>
    <time>2026-03-24T18:19:06Z</time>
   </trkpt>
   <trkpt lat="45.7450470" lon="4.7502220">
    <ele>247.7</ele>
    <time>2026-03-24T18:19:07Z</time>
   </trkpt>
   <trkpt lat="45.7450670" lon="4.7502520">
    <ele>248.3</ele>
    <time>2026-03-24T18:19:08Z</time>
   </trkpt>
   <trkpt lat="45.7450750" lon="4.7502600">
    <ele>248.5</ele>
    <time>2026-03-24T18:19:09Z</time>
   </trkpt>
   <trkpt lat="45.7450960" lon="4.7502860">
    <ele>248.9</ele>
    <time>2026-03-24T18:19:10Z</time>
   </trkpt>
   <trkpt lat="45.7451050" lon="4.7502940">
    <ele>249.1</ele>
    <time>2026-03-24T18:19:11Z</time>
   </trkpt>
   <trkpt lat="45.7451230" lon="4.7503270">
    <ele>249.6</ele>
    <time>2026-03-24T18:19:12Z</time>
   </trkpt>
   <trkpt lat="45.7451290" lon="4.7503370">
    <ele>249.8</ele>
    <time>2026-03-24T18:19:13Z</time>
   </trkpt>
   <trkpt lat="45.7451480" lon="4.7503730">
    <ele>250.2</ele>
    <time>2026-03-24T18:19:14Z</time>
   </trkpt>
   <trkpt lat="45.7451550" lon="4.7503830">
    <ele>250.4</ele>
    <time>2026-03-24T18:19:15Z</time>
   </trkpt>
   <trkpt lat="45.7451770" lon="4.7504170">
    <ele>250.8</ele>
    <time>2026-03-24T18:19:16Z</time>
   </trkpt>
   <trkpt lat="45.7451840" lon="4.7504310">
    <ele>251.0</ele>
    <time>2026-03-24T18:19:17Z</time>
   </trkpt>
   <trkpt lat="45.7452050" lon="4.7504750">
    <ele>251.4</ele>
    <time>2026-03-24T18:19:18Z</time>
   </trkpt>
   <trkpt lat="45.7452120" lon="4.7504860">
    <ele>251.5</ele>
    <time>2026-03-24T18:19:19Z</time>
   </trkpt>
   <trkpt lat="45.7452500" lon="4.7505500">
    <ele>252.1</ele>
    <time>2026-03-24T18:19:20Z</time>
   </trkpt>
   <trkpt lat="45.7452730" lon="4.7505980">
    <ele>252.0</ele>
    <time>2026-03-24T18:19:21Z</time>
   </trkpt>
   <trkpt lat="45.7452970" lon="4.7506470">
    <ele>252.0</ele>
    <time>2026-03-24T18:21:03Z</time>
   </trkpt>
   <trkpt lat="45.7453200" lon="4.7506950">
    <ele>251.9</ele>
    <time>2026-03-24T18:21:04Z</time>
   </trkpt>
   <trkpt lat="45.7453210" lon="4.7507350">
    <ele>251.9</ele>
    <time>2026-03-24T18:21:05Z</time>
   </trkpt>
   <trkpt lat="45.7453220" lon="4.7507510">
    <ele>251.9</ele>
    <time>2026-03-24T18:21:06Z</time>
   </trkpt>
   <trkpt lat="45.7453190" lon="4.7507610">
    <ele>251.9</ele>
    <time>2026-03-24T18:21:07Z</time>
   </trkpt>
   <trkpt lat="45.7453190" lon="4.7507890">
    <ele>251.8</ele>
    <time>2026-03-24T18:21:08Z</time>
   </trkpt>
   <trkpt lat="45.7453220" lon="4.7508350">
    <ele>251.7</ele>
    <time>2026-03-24T18:21:09Z</time>
   </trkpt>
   <trkpt lat="45.7453220" lon="4.7508590">
    <ele>251.7</ele>
    <time>2026-03-24T18:21:10Z</time>
   </trkpt>
   <trkpt lat="45.7453270" lon="4.7509080">
    <ele>251.6</ele>
    <time>2026-03-24T18:21:11Z</time>
   </trkpt>
   <trkpt lat="45.7453270" lon="4.7509230">
    <ele>251.6</ele>
    <time>2026-03-24T18:21:12Z</time>
   </trkpt>
   <trkpt lat="45.7453240" lon="4.7509740">
    <ele>251.5</ele>
    <time>2026-03-24T18:21:13Z</time>
   </trkpt>
   <trkpt lat="45.7453220" lon="4.7509940">
    <ele>251.5</ele>
    <time>2026-03-24T18:21:14Z</time>
   </trkpt>
   <trkpt lat="45.7453260" lon="4.7510420">
    <ele>251.4</ele>
    <time>2026-03-24T18:21:15Z</time>
   </trkpt>
   <trkpt lat="45.7453280" lon="4.7510600">
    <ele>251.4</ele>
    <time>2026-03-24T18:21:16Z</time>
   </trkpt>
   <trkpt lat="45.7453350" lon="4.7511120">
    <ele>251.3</ele>
    <time>2026-03-24T18:21:17Z</time>
   </trkpt>
   <trkpt lat="45.7453350" lon="4.7511270">
    <ele>251.3</ele>
    <time>2026-03-24T18:21:18Z</time>
   </trkpt>
   <trkpt lat="45.7453420" lon="4.7511690">
    <ele>251.2</ele>
    <time>2026-03-24T18:21:19Z</time>
   </trkpt>
   <trkpt lat="45.7453530" lon="4.7512040">
    <ele>251.1</ele>
    <time>2026-03-24T18:21:20Z</time>
   </trkpt>
   <trkpt lat="45.7453560" lon="4.7512460">
    <ele>251.1</ele>
    <time>2026-03-24T18:21:21Z</time>
   </trkpt>
   <trkpt lat="45.7453590" lon="4.7512860">
    <ele>251.0</ele>
    <time>2026-03-24T18:21:22Z</time>
   </trkpt>
   <trkpt lat="45.7453620" lon="4.7513240">
    <ele>251.0</ele>
    <time>2026-03-24T18:21:23Z</time>
   </trkpt>
   <trkpt lat="45.7453650" lon="4.7513640">
    <ele>250.9</ele>
    <time>2026-03-24T18:21:24Z</time>
   </trkpt>
   <trkpt lat="45.7453640" lon="4.7514130">
    <ele>250.8</ele>
    <time>2026-03-24T18:21:25Z</time>
   </trkpt>
   <trkpt lat="45.7453660" lon="4.7514310">
    <ele>250.8</ele>
    <time>2026-03-24T18:21:26Z</time>
   </trkpt>
   <trkpt lat="45.7453650" lon="4.7514860">
    <ele>250.8</ele>
    <time>2026-03-24T18:21:27Z</time>
   </trkpt>
   <trkpt lat="45.7453620" lon="4.7515030">
    <ele>250.7</ele>
    <time>2026-03-24T18:21:28Z</time>
   </trkpt>
   <trkpt lat="45.7453730" lon="4.7515580">
    <ele>250.6</ele>
    <time>2026-03-24T18:21:29Z</time>
   </trkpt>
   <trkpt lat="45.7453760" lon="4.7515760">
    <ele>250.6</ele>
    <time>2026-03-24T18:21:30Z</time>
   </trkpt>
   <trkpt lat="45.7453790" lon="4.7516200">
    <ele>250.5</ele>
    <time>2026-03-24T18:21:31Z</time>
   </trkpt>
   <trkpt lat="45.7453770" lon="4.7516700">
    <ele>250.4</ele>
    <time>2026-03-24T18:21:32Z</time>
   </trkpt>
   <trkpt lat="45.7453770" lon="4.7516880">
    <ele>250.4</ele>
    <time>2026-03-24T18:21:33Z</time>
   </trkpt>
   <trkpt lat="45.7453720" lon="4.7517340">
    <ele>250.3</ele>
    <time>2026-03-24T18:21:34Z</time>
   </trkpt>
   <trkpt lat="45.7453720" lon="4.7517500">
    <ele>250.3</ele>
    <time>2026-03-24T18:21:35Z</time>
   </trkpt>
   <trkpt lat="45.7453750" lon="4.7518040">
    <ele>250.2</ele>
    <time>2026-03-24T18:21:36Z</time>
   </trkpt>
   <trkpt lat="45.7453760" lon="4.7518220">
    <ele>250.2</ele>
    <time>2026-03-24T18:21:37Z</time>
   </trkpt>
   <trkpt lat="45.7453780" lon="4.7518610">
    <ele>250.1</ele>
    <time>2026-03-24T18:21:38Z</time>
   </trkpt>
   <trkpt lat="45.7453900" lon="4.7519110">
    <ele>250.0</ele>
    <time>2026-03-24T18:21:39Z</time>
   </trkpt>
   <trkpt lat="45.7453910" lon="4.7519270">
    <ele>250.0</ele>
    <time>2026-03-24T18:21:40Z</time>
   </trkpt>
   <trkpt lat="45.7453970" lon="4.7519690">
    <ele>249.9</ele>
    <time>2026-03-24T18:21:41Z</time>
   </trkpt>
   <trkpt lat="45.7454030" lon="4.7520150">
    <ele>249.9</ele>
    <time>2026-03-24T18:21:42Z</time>
   </trkpt>
   <trkpt lat="45.7454020" lon="4.7520690">
    <ele>249.8</ele>
    <time>2026-03-24T18:21:43Z</time>
   </trkpt>
   <trkpt lat="45.7454020" lon="4.7520840">
    <ele>249.7</ele>
    <time>2026-03-24T18:21:44Z</time>
   </trkpt>
   <trkpt lat="45.7454060" lon="4.7521350">
    <ele>249.7</ele>
    <time>2026-03-24T18:21:45Z</time>
   </trkpt>
   <trkpt lat="45.7454080" lon="4.7521540">
    <ele>249.6</ele>
    <time>2026-03-24T18:21:46Z</time>
   </trkpt>
   <trkpt lat="45.7454070" lon="4.7522000">
    <ele>249.6</ele>
    <time>2026-03-24T18:21:47Z</time>
   </trkpt>
   <trkpt lat="45.7454050" lon="4.7522170">
    <ele>249.5</ele>
    <time>2026-03-24T18:21:48Z</time>
   </trkpt>
   <trkpt lat="45.7454020" lon="4.7522670">
    <ele>249.5</ele>
    <time>2026-03-24T18:21:49Z</time>
   </trkpt>
   <trkpt lat="45.7454020" lon="4.7522840">
    <ele>249.4</ele>
    <time>2026-03-24T18:21:50Z</time>
   </trkpt>
   <trkpt lat="45.7454090" lon="4.7523380">
    <ele>249.4</ele>
    <time>2026-03-24T18:21:51Z</time>
   </trkpt>
   <trkpt lat="45.7454100" lon="4.7523580">
    <ele>249.3</ele>
    <time>2026-03-24T18:21:52Z</time>
   </trkpt>
   <trkpt lat="45.7454110" lon="4.7524100">
    <ele>249.3</ele>
    <time>2026-03-24T18:21:53Z</time>
   </trkpt>
   <trkpt lat="45.7454100" lon="4.7524280">
    <ele>249.3</ele>
    <time>2026-03-24T18:21:54Z</time>
   </trkpt>
   <trkpt lat="45.7454090" lon="4.7524720">
    <ele>249.2</ele>
    <time>2026-03-24T18:21:55Z</time>
   </trkpt>
   <trkpt lat="45.7454090" lon="4.7524880">
    <ele>249.2</ele>
    <time>2026-03-24T18:21:56Z</time>
   </trkpt>
   <trkpt lat="45.7454180" lon="4.7525390">
    <ele>249.1</ele>
    <time>2026-03-24T18:21:57Z</time>
   </trkpt>
   <trkpt lat="45.7454190" lon="4.7525560">
    <ele>249.1</ele>
    <time>2026-03-24T18:21:58Z</time>
   </trkpt>
   <trkpt lat="45.7454240" lon="4.7526010">
    <ele>249.1</ele>
    <time>2026-03-24T18:21:59Z</time>
   </trkpt>
   <trkpt lat="45.7454250" lon="4.7526190">
    <ele>249.1</ele>
    <time>2026-03-24T18:22:00Z</time>
   </trkpt>
   <trkpt lat="45.7454260" lon="4.7526690">
    <ele>249.0</ele>
    <time>2026-03-24T18:22:01Z</time>
   </trkpt>
   <trkpt lat="45.7454260" lon="4.7526830">
    <ele>249.0</ele>
    <time>2026-03-24T18:22:02Z</time>
   </trkpt>
   <trkpt lat="45.7454240" lon="4.7527250">
    <ele>248.9</ele>
    <time>2026-03-24T18:22:03Z</time>
   </trkpt>
   <trkpt lat="45.7454230" lon="4.7527410">
    <ele>248.9</ele>
    <time>2026-03-24T18:22:04Z</time>
   </trkpt>
   <trkpt lat="45.7454260" lon="4.7527970">
    <ele>248.9</ele>
    <time>2026-03-24T18:22:05Z</time>
   </trkpt>
   <trkpt lat="45.7454230" lon="4.7528170">
    <ele>248.9</ele>
    <time>2026-03-24T18:22:06Z</time>
   </trkpt>
   <trkpt lat="45.7454250" lon="4.7528570">
    <ele>248.8</ele>
    <time>2026-03-24T18:22:07Z</time>
   </trkpt>
   <trkpt lat="45.7454230" lon="4.7529100">
    <ele>248.8</ele>
    <time>2026-03-24T18:22:08Z</time>
   </trkpt>
   <trkpt lat="45.7454210" lon="4.7529280">
    <ele>248.8</ele>
    <time>2026-03-24T18:22:09Z</time>
   </trkpt>
   <trkpt lat="45.7454280" lon="4.7529810">
    <ele>248.7</ele>
    <time>2026-03-24T18:22:10Z</time>
   </trkpt>
   <trkpt lat="45.7454300" lon="4.7530000">
    <ele>248.7</ele>
    <time>2026-03-24T18:22:11Z</time>
   </trkpt>
   <trkpt lat="45.7454290" lon="4.7530550">
    <ele>248.6</ele>
    <time>2026-03-24T18:22:12Z</time>
   </trkpt>
   <trkpt lat="45.7454290" lon="4.7530730">
    <ele>248.6</ele>
    <time>2026-03-24T18:22:13Z</time>
   </trkpt>
   <trkpt lat="45.7454260" lon="4.7531190">
    <ele>248.6</ele>
    <time>2026-03-24T18:22:14Z</time>
   </trkpt>
   <trkpt lat="45.7454250" lon="4.7531330">
    <ele>248.5</ele>
    <time>2026-03-24T18:22:15Z</time>
   </trkpt>
   <trkpt lat="45.7454340" lon="4.7531820">
    <ele>248.5</ele>
    <time>2026-03-24T18:22:16Z</time>
   </trkpt>
   <trkpt lat="45.7454430" lon="4.7532020">
    <ele>248.5</ele>
    <time>2026-03-24T18:22:17Z</time>
   </trkpt>
   <trkpt lat="45.7454410" lon="4.7532480">
    <ele>248.5</ele>
    <time>2026-03-24T18:22:18Z</time>
   </trkpt>
   <trkpt lat="45.7454440" lon="4.7532910">
    <ele>248.4</ele>
    <time>2026-03-24T18:22:19Z</time>
   </trkpt>
   <trkpt lat="45.7454440" lon="4.7533070">
    <ele>248.4</ele>
    <time>2026-03-24T18:22:20Z</time>
   </trkpt>
   <trkpt lat="45.7454470" lon="4.7533470">
    <ele>248.4</ele>
    <time>2026-03-24T18:22:21Z</time>
   </trkpt>
   <trkpt lat="45.7454540" lon="4.7534030">
    <ele>248.3</ele>
    <time>2026-03-24T18:22:22Z</time>
   </trkpt>
   <trkpt lat="45.7454550" lon="4.7534230">
    <ele>248.3</ele>
    <time>2026-03-24T18:22:23Z</time>
   </trkpt>
   <trkpt lat="45.7454510" lon="4.7534800">
    <ele>248.2</ele>
    <time>2026-03-24T18:22:24Z</time>
   </trkpt>
   <trkpt lat="45.7454500" lon="4.7534980">
    <ele>248.2</ele>
    <time>2026-03-24T18:22:25Z</time>
   </trkpt>
   <trkpt lat="45.7454530" lon="4.7535370">
    <ele>248.2</ele>
    <time>2026-03-24T18:22:26Z</time>
   </trkpt>
   <trkpt lat="45.7454510" lon="4.7535770">
    <ele>248.1</ele>
    <time>2026-03-24T18:22:27Z</time>
   </trkpt>
   <trkpt lat="45.7454400" lon="4.7536250">
    <ele>248.0</ele>
    <time>2026-03-24T18:22:28Z</time>
   </trkpt>
   <trkpt lat="45.7454360" lon="4.7536380">
    <ele>248.0</ele>
    <time>2026-03-24T18:22:29Z</time>
   </trkpt>
   <trkpt lat="45.7454350" lon="4.7536950">
    <ele>247.9</ele>
    <time>2026-03-24T18:22:30Z</time>
   </trkpt>
   <trkpt lat="45.7454320" lon="4.7537140">
    <ele>247.9</ele>
    <time>2026-03-24T18:22:31Z</time>
   </trkpt>
   <trkpt lat="45.7454330" lon="4.7537580">
    <ele>247.8</ele>
    <time>2026-03-24T18:22:32Z</time>
   </trkpt>
   <trkpt lat="45.7454280" lon="4.7538070">
    <ele>247.7</ele>
    <time>2026-03-24T18:22:33Z</time>
   </trkpt>
   <trkpt lat="45.7454230" lon="4.7538260">
    <ele>247.7</ele>
    <time>2026-03-24T18:22:34Z</time>
   </trkpt>
   <trkpt lat="45.7454130" lon="4.7538660">
    <ele>247.6</ele>
    <time>2026-03-24T18:22:35Z</time>
   </trkpt>
   <trkpt lat="45.7453900" lon="4.7538960">
    <ele>247.5</ele>
    <time>2026-03-24T18:22:36Z</time>
   </trkpt>
   <trkpt lat="45.7453820" lon="4.7539080">
    <ele>247.4</ele>
    <time>2026-03-24T18:22:37Z</time>
   </trkpt>
   <trkpt lat="45.7453600" lon="4.7539500">
    <ele>247.3</ele>
    <time>2026-03-24T18:22:38Z</time>
   </trkpt>
   <trkpt lat="45.7453520" lon="4.7539670">
    <ele>247.3</ele>
    <time>2026-03-24T18:22:39Z</time>
   </trkpt>
   <trkpt lat="45.7453410" lon="4.7540040">
    <ele>247.2</ele>
    <time>2026-03-24T18:22:40Z</time>
   </trkpt>
   <trkpt lat="45.7453310" lon="4.7540550">
    <ele>247.1</ele>
    <time>2026-03-24T18:22:41Z</time>
   </trkpt>
   <trkpt lat="45.7453280" lon="4.7540720">
    <ele>247.1</ele>
    <time>2026-03-24T18:22:42Z</time>
   </trkpt>
   <trkpt lat="45.7453140" lon="4.7541190">
    <ele>247.1</ele>
    <time>2026-03-24T18:22:43Z</time>
   </trkpt>
   <trkpt lat="45.7453070" lon="4.7541350">
    <ele>247.0</ele>
    <time>2026-03-24T18:22:44Z</time>
   </trkpt>
   <trkpt lat="45.7453040" lon="4.7541750">
    <ele>247.0</ele>
    <time>2026-03-24T18:22:45Z</time>
   </trkpt>
   <trkpt lat="45.7452970" lon="4.7542290">
    <ele>246.9</ele>
    <time>2026-03-24T18:22:46Z</time>
   </trkpt>
   <trkpt lat="45.7452950" lon="4.7542450">
    <ele>246.9</ele>
    <time>2026-03-24T18:22:47Z</time>
   </trkpt>
   <trkpt lat="45.7452930" lon="4.7542990">
    <ele>246.9</ele>
    <time>2026-03-24T18:22:48Z</time>
   </trkpt>
   <trkpt lat="45.7452910" lon="4.7543160">
    <ele>246.8</ele>
    <time>2026-03-24T18:22:49Z</time>
   </trkpt>
   <trkpt lat="45.7452830" lon="4.7543710">
    <ele>246.8</ele>
    <time>2026-03-24T18:22:50Z</time>
   </trkpt>
   <trkpt lat="45.7452790" lon="4.7543890">
    <ele>246.8</ele>
    <time>2026-03-24T18:22:51Z</time>
   </trkpt>
   <trkpt lat="45.7452780" lon="4.7544420">
    <ele>246.8</ele>
    <time>2026-03-24T18:22:52Z</time>
   </trkpt>
   <trkpt lat="45.7452770" lon="4.7544590">
    <ele>246.8</ele>
    <time>2026-03-24T18:22:53Z</time>
   </trkpt>
   <trkpt lat="45.7452730" lon="4.7545110">
    <ele>246.7</ele>
    <time>2026-03-24T18:22:54Z</time>
   </trkpt>
   <trkpt lat="45.7452720" lon="4.7545290">
    <ele>246.7</ele>
    <time>2026-03-24T18:22:55Z</time>
   </trkpt>
   <trkpt lat="45.7452720" lon="4.7545860">
    <ele>246.7</ele>
    <time>2026-03-24T18:22:56Z</time>
   </trkpt>
   <trkpt lat="45.7452710" lon="4.7546050">
    <ele>246.7</ele>
    <time>2026-03-24T18:22:57Z</time>
   </trkpt>
   <trkpt lat="45.7452670" lon="4.7546580">
    <ele>246.7</ele>
    <time>2026-03-24T18:22:58Z</time>
   </trkpt>
   <trkpt lat="45.7452650" lon="4.7546750">
    <ele>246.7</ele>
    <time>2026-03-24T18:22:59Z</time>
   </trkpt>
   <trkpt lat="45.7452690" lon="4.7547250">
    <ele>246.8</ele>
    <time>2026-03-24T18:23:00Z</time>
   </trkpt>
   <trkpt lat="45.7452690" lon="4.7547410">
    <ele>246.8</ele>
    <time>2026-03-24T18:23:01Z</time>
   </trkpt>
   <trkpt lat="45.7452590" lon="4.7547920">
    <ele>246.8</ele>
    <time>2026-03-24T18:23:02Z</time>
   </trkpt>
   <trkpt lat="45.7452560" lon="4.7548090">
    <ele>246.8</ele>
    <time>2026-03-24T18:23:03Z</time>
   </trkpt>
   <trkpt lat="45.7452550" lon="4.7548580">
    <ele>246.8</ele>
    <time>2026-03-24T18:23:04Z</time>
   </trkpt>
   <trkpt lat="45.7452570" lon="4.7548740">
    <ele>246.8</ele>
    <time>2026-03-24T18:23:05Z</time>
   </trkpt>
   <trkpt lat="45.7452630" lon="4.7549140">
    <ele>246.9</ele>
    <time>2026-03-24T18:23:06Z</time>
   </trkpt>
   <trkpt lat="45.7452650" lon="4.7549530">
    <ele>246.9</ele>
    <time>2026-03-24T18:23:07Z</time>
   </trkpt>
   <trkpt lat="45.7452620" lon="4.7549920">
    <ele>246.9</ele>
    <time>2026-03-24T18:23:08Z</time>
   </trkpt>
   <trkpt lat="45.7452610" lon="4.7550310">
    <ele>246.9</ele>
    <time>2026-03-24T18:23:09Z</time>
   </trkpt>
   <trkpt lat="45.7452620" lon="4.7550850">
    <ele>247.0</ele>
    <time>2026-03-24T18:23:10Z</time>
   </trkpt>
   <trkpt lat="45.7452630" lon="4.7551060">
    <ele>247.0</ele>
    <time>2026-03-24T18:23:11Z</time>
   </trkpt>
   <trkpt lat="45.7452700" lon="4.7551590">
    <ele>247.0</ele>
    <time>2026-03-24T18:23:12Z</time>
   </trkpt>
   <trkpt lat="45.7452730" lon="4.7551770">
    <ele>247.0</ele>
    <time>2026-03-24T18:23:13Z</time>
   </trkpt>
   <trkpt lat="45.7452820" lon="4.7552270">
    <ele>247.0</ele>
    <time>2026-03-24T18:23:14Z</time>
   </trkpt>
   <trkpt lat="45.7452850" lon="4.7552440">
    <ele>247.0</ele>
    <time>2026-03-24T18:23:15Z</time>
   </trkpt>
   <trkpt lat="45.7452990" lon="4.7553020">
    <ele>247.1</ele>
    <time>2026-03-24T18:23:16Z</time>
   </trkpt>
   <trkpt lat="45.7453030" lon="4.7553240">
    <ele>247.1</ele>
    <time>2026-03-24T18:23:17Z</time>
   </trkpt>
   <trkpt lat="45.7453010" lon="4.7553670">
    <ele>247.1</ele>
    <time>2026-03-24T18:23:18Z</time>
   </trkpt>
   <trkpt lat="45.7453020" lon="4.7553820">
    <ele>247.1</ele>
    <time>2026-03-24T18:23:19Z</time>
   </trkpt>
   <trkpt lat="45.7453080" lon="4.7554380">
    <ele>247.1</ele>
    <time>2026-03-24T18:23:20Z</time>
   </trkpt>
   <trkpt lat="45.7453100" lon="4.7554610">
    <ele>247.1</ele>
    <time>2026-03-24T18:23:21Z</time>
   </trkpt>
   <trkpt lat="45.7453170" lon="4.7555070">
    <ele>247.0</ele>
    <time>2026-03-24T18:23:22Z</time>
   </trkpt>
   <trkpt lat="45.7453190" lon="4.7555590">
    <ele>247.0</ele>
    <time>2026-03-24T18:23:23Z</time>
   </trkpt>
   <trkpt lat="45.7453200" lon="4.7555800">
    <ele>247.0</ele>
    <time>2026-03-24T18:23:24Z</time>
   </trkpt>
   <trkpt lat="45.7453250" lon="4.7556220">
    <ele>247.0</ele>
    <time>2026-03-24T18:23:25Z</time>
   </trkpt>
   <trkpt lat="45.7453300" lon="4.7556640">
    <ele>247.0</ele>
    <time>2026-03-24T18:23:26Z</time>
   </trkpt>
   <trkpt lat="45.7453400" lon="4.7557060">
    <ele>247.0</ele>
    <time>2026-03-24T18:23:27Z</time>
   </trkpt>
   <trkpt lat="45.7453440" lon="4.7557460">
    <ele>247.0</ele>
    <time>2026-03-24T18:23:28Z</time>
   </trkpt>
   <trkpt lat="45.7453440" lon="4.7557980">
    <ele>246.9</ele>
    <time>2026-03-24T18:23:29Z</time>
   </trkpt>
   <trkpt lat="45.7453460" lon="4.7558140">
    <ele>246.9</ele>
    <time>2026-03-24T18:23:30Z</time>
   </trkpt>
   <trkpt lat="45.7453570" lon="4.7558530">
    <ele>246.9</ele>
    <time>2026-03-24T18:23:31Z</time>
   </trkpt>
   <trkpt lat="45.7453670" lon="4.7559020">
    <ele>246.8</ele>
    <time>2026-03-24T18:23:32Z</time>
   </trkpt>
   <trkpt lat="45.7453700" lon="4.7559170">
    <ele>246.8</ele>
    <time>2026-03-24T18:23:33Z</time>
   </trkpt>
   <trkpt lat="45.7453830" lon="4.7559590">
    <ele>246.8</ele>
    <time>2026-03-24T18:23:34Z</time>
   </trkpt>
   <trkpt lat="45.7453880" lon="4.7559730">
    <ele>246.8</ele>
    <time>2026-03-24T18:23:35Z</time>
   </trkpt>
   <trkpt lat="45.7454070" lon="4.7560200">
    <ele>246.7</ele>
    <time>2026-03-24T18:23:36Z</time>
   </trkpt>
   <trkpt lat="45.7454140" lon="4.7560360">
    <ele>246.7</ele>
    <time>2026-03-24T18:23:37Z</time>
   </trkpt>
   <trkpt lat="45.7454350" lon="4.7560860">
    <ele>246.7</ele>
    <time>2026-03-24T18:23:38Z</time>
   </trkpt>
   <trkpt lat="45.7454430" lon="4.7561040">
    <ele>246.6</ele>
    <time>2026-03-24T18:23:39Z</time>
   </trkpt>
   <trkpt lat="45.7454610" lon="4.7561540">
    <ele>246.6</ele>
    <time>2026-03-24T18:23:40Z</time>
   </trkpt>
   <trkpt lat="45.7454660" lon="4.7561730">
    <ele>246.6</ele>
    <time>2026-03-24T18:23:41Z</time>
   </trkpt>
   <trkpt lat="45.7454830" lon="4.7562060">
    <ele>246.5</ele>
    <time>2026-03-24T18:23:42Z</time>
   </trkpt>
   <trkpt lat="45.7454950" lon="4.7562430">
    <ele>246.5</ele>
    <time>2026-03-24T18:23:43Z</time>
   </trkpt>
   <trkpt lat="45.7455160" lon="4.7562770">
    <ele>246.5</ele>
    <time>2026-03-24T18:23:44Z</time>
   </trkpt>
   <trkpt lat="45.7455320" lon="4.7563100">
    <ele>246.4</ele>
    <time>2026-03-24T18:23:45Z</time>
   </trkpt>
   <trkpt lat="45.7455480" lon="4.7563420">
    <ele>246.4</ele>
    <time>2026-03-24T18:23:46Z</time>
   </trkpt>
   <trkpt lat="45.7455670" lon="4.7563860">
    <ele>246.3</ele>
    <time>2026-03-24T18:23:47Z</time>
   </trkpt>
   <trkpt lat="45.7455740" lon="4.7564040">
    <ele>246.3</ele>
    <time>2026-03-24T18:23:48Z</time>
   </trkpt>
   <trkpt lat="45.7455880" lon="4.7564460">
    <ele>246.2</ele>
    <time>2026-03-24T18:23:49Z</time>
   </trkpt>
   <trkpt lat="45.7456110" lon="4.7564930">
    <ele>246.2</ele>
    <time>2026-03-24T18:23:50Z</time>
   </trkpt>
   <trkpt lat="45.7456200" lon="4.7565090">
    <ele>246.2</ele>
    <time>2026-03-24T18:23:51Z</time>
   </trkpt>
   <trkpt lat="45.7456430" lon="4.7565520">
    <ele>246.1</ele>
    <time>2026-03-24T18:23:52Z</time>
   </trkpt>
   <trkpt lat="45.7456490" lon="4.7565680">
    <ele>246.1</ele>
    <time>2026-03-24T18:23:53Z</time>
   </trkpt>
   <trkpt lat="45.7456690" lon="4.7566170">
    <ele>246.0</ele>
    <time>2026-03-24T18:23:54Z</time>
   </trkpt>
   <trkpt lat="45.7456770" lon="4.7566340">
    <ele>246.0</ele>
    <time>2026-03-24T18:23:55Z</time>
   </trkpt>
   <trkpt lat="45.7456870" lon="4.7566730">
    <ele>245.9</ele>
    <time>2026-03-24T18:23:56Z</time>
   </trkpt>
   <trkpt lat="45.7457040" lon="4.7567260">
    <ele>245.8</ele>
    <time>2026-03-24T18:23:57Z</time>
   </trkpt>
   <trkpt lat="45.7457080" lon="4.7567460">
    <ele>245.8</ele>
    <time>2026-03-24T18:23:58Z</time>
   </trkpt>
   <trkpt lat="45.7457150" lon="4.7567920">
    <ele>245.7</ele>
    <time>2026-03-24T18:23:59Z</time>
   </trkpt>
   <trkpt lat="45.7457340" lon="4.7568380">
    <ele>245.6</ele>
    <time>2026-03-24T18:24:00Z</time>
   </trkpt>
   <trkpt lat="45.7457390" lon="4.7568530">
    <ele>245.6</ele>
    <time>2026-03-24T18:24:01Z</time>
   </trkpt>
   <trkpt lat="45.7457440" lon="4.7568930">
    <ele>245.5</ele>
    <time>2026-03-24T18:24:02Z</time>
   </trkpt>
   <trkpt lat="45.7457480" lon="4.7569390">
    <ele>245.4</ele>
    <time>2026-03-24T18:24:03Z</time>
   </trkpt>
   <trkpt lat="45.7457480" lon="4.7569540">
    <ele>245.4</ele>
    <time>2026-03-24T18:24:04Z</time>
   </trkpt>
   <trkpt lat="45.7457560" lon="4.7569930">
    <ele>245.3</ele>
    <time>2026-03-24T18:24:05Z</time>
   </trkpt>
   <trkpt lat="45.7457700" lon="4.7570500">
    <ele>245.2</ele>
    <time>2026-03-24T18:24:06Z</time>
   </trkpt>
   <trkpt lat="45.7457740" lon="4.7570720">
    <ele>245.2</ele>
    <time>2026-03-24T18:24:07Z</time>
   </trkpt>
   <trkpt lat="45.7457850" lon="4.7571240">
    <ele>245.1</ele>
    <time>2026-03-24T18:24:08Z</time>
   </trkpt>
   <trkpt lat="45.7457870" lon="4.7571410">
    <ele>245.1</ele>
    <time>2026-03-24T18:24:09Z</time>
   </trkpt>
   <trkpt lat="45.7457830" lon="4.7571950">
    <ele>245.0</ele>
    <time>2026-03-24T18:24:10Z</time>
   </trkpt>
   <trkpt lat="45.7457810" lon="4.7572130">
    <ele>245.0</ele>
    <time>2026-03-24T18:24:11Z</time>
   </trkpt>
   <trkpt lat="45.7457850" lon="4.7572710">
    <ele>244.9</ele>
    <time>2026-03-24T18:24:12Z</time>
   </trkpt>
   <trkpt lat="45.7457950" lon="4.7573280">
    <ele>244.8</ele>
    <time>2026-03-24T18:24:13Z</time>
   </trkpt>
   <trkpt lat="45.7457970" lon="4.7573510">
    <ele>244.8</ele>
    <time>2026-03-24T18:24:14Z</time>
   </trkpt>
   <trkpt lat="45.7458070" lon="4.7573880">
    <ele>244.7</ele>
    <time>2026-03-24T18:24:15Z</time>
   </trkpt>
   <trkpt lat="45.7458250" lon="4.7574330">
    <ele>244.6</ele>
    <time>2026-03-24T18:24:16Z</time>
   </trkpt>
   <trkpt lat="45.7458310" lon="4.7574500">
    <ele>244.6</ele>
    <time>2026-03-24T18:24:17Z</time>
   </trkpt>
   <trkpt lat="45.7458270" lon="4.7574900">
    <ele>244.5</ele>
    <time>2026-03-24T18:24:18Z</time>
   </trkpt>
   <trkpt lat="45.7458270" lon="4.7575410">
    <ele>244.4</ele>
    <time>2026-03-24T18:24:19Z</time>
   </trkpt>
   <trkpt lat="45.7458290" lon="4.7575590">
    <ele>244.4</ele>
    <time>2026-03-24T18:24:20Z</time>
   </trkpt>
   <trkpt lat="45.7458480" lon="4.7576000">
    <ele>244.3</ele>
    <time>2026-03-24T18:24:21Z</time>
   </trkpt>
   <trkpt lat="45.7458600" lon="4.7576380">
    <ele>244.1</ele>
    <time>2026-03-24T18:24:22Z</time>
   </trkpt>
   <trkpt lat="45.7458770" lon="4.7576870">
    <ele>244.0</ele>
    <time>2026-03-24T18:24:23Z</time>
   </trkpt>
   <trkpt lat="45.7458900" lon="4.7577230">
    <ele>243.8</ele>
    <time>2026-03-24T18:24:24Z</time>
   </trkpt>
   <trkpt lat="45.7459010" lon="4.7577710">
    <ele>243.7</ele>
    <time>2026-03-24T18:24:25Z</time>
   </trkpt>
   <trkpt lat="45.7459180" lon="4.7578220">
    <ele>243.5</ele>
    <time>2026-03-24T18:24:26Z</time>
   </trkpt>
   <trkpt lat="45.7459240" lon="4.7578390">
    <ele>243.4</ele>
    <time>2026-03-24T18:24:27Z</time>
   </trkpt>
   <trkpt lat="45.7459270" lon="4.7578840">
    <ele>243.3</ele>
    <time>2026-03-24T18:24:28Z</time>
   </trkpt>
   <trkpt lat="45.7459310" lon="4.7579000">
    <ele>243.2</ele>
    <time>2026-03-24T18:24:29Z</time>
   </trkpt>
   <trkpt lat="45.7459480" lon="4.7579360">
    <ele>243.1</ele>
    <time>2026-03-24T18:24:30Z</time>
   </trkpt>
   <trkpt lat="45.7459640" lon="4.7579840">
    <ele>242.9</ele>
    <time>2026-03-24T18:24:31Z</time>
   </trkpt>
   <trkpt lat="45.7459680" lon="4.7580020">
    <ele>242.9</ele>
    <time>2026-03-24T18:24:32Z</time>
   </trkpt>
   <trkpt lat="45.7459720" lon="4.7580420">
    <ele>242.7</ele>
    <time>2026-03-24T18:24:33Z</time>
   </trkpt>
   <trkpt lat="45.7459880" lon="4.7580910">
    <ele>242.6</ele>
    <time>2026-03-24T18:24:34Z</time>
   </trkpt>
   <trkpt lat="45.7459950" lon="4.7581070">
    <ele>242.5</ele>
    <time>2026-03-24T18:24:35Z</time>
   </trkpt>
   <trkpt lat="45.7460080" lon="4.7581580">
    <ele>242.3</ele>
    <time>2026-03-24T18:24:36Z</time>
   </trkpt>
   <trkpt lat="45.7460180" lon="4.7581970">
    <ele>242.2</ele>
    <time>2026-03-24T18:24:37Z</time>
   </trkpt>
   <trkpt lat="45.7460340" lon="4.7582520">
    <ele>242.0</ele>
    <time>2026-03-24T18:24:38Z</time>
   </trkpt>
   <trkpt lat="45.7460380" lon="4.7582720">
    <ele>242.0</ele>
    <time>2026-03-24T18:24:39Z</time>
   </trkpt>
   <trkpt lat="45.7460610" lon="4.7583220">
    <ele>241.8</ele>
    <time>2026-03-24T18:24:40Z</time>
   </trkpt>
   <trkpt lat="45.7460720" lon="4.7583450">
    <ele>241.7</ele>
    <time>2026-03-24T18:24:41Z</time>
   </trkpt>
   <trkpt lat="45.7460850" lon="4.7583950">
    <ele>241.7</ele>
    <time>2026-03-24T18:24:42Z</time>
   </trkpt>
   <trkpt lat="45.7460960" lon="4.7584360">
    <ele>241.6</ele>
    <time>2026-03-24T18:24:43Z</time>
   </trkpt>
   <trkpt lat="45.7461110" lon="4.7584760">
    <ele>241.5</ele>
    <time>2026-03-24T18:24:44Z</time>
   </trkpt>
   <trkpt lat="45.7461180" lon="4.7584900">
    <ele>241.4</ele>
    <time>2026-03-24T18:24:45Z</time>
   </trkpt>
   <trkpt lat="45.7461370" lon="4.7585350">
    <ele>241.3</ele>
    <time>2026-03-24T18:24:46Z</time>
   </trkpt>
   <trkpt lat="45.7461440" lon="4.7585520">
    <ele>241.3</ele>
    <time>2026-03-24T18:24:47Z</time>
   </trkpt>
   <trkpt lat="45.7461590" lon="4.7585930">
    <ele>241.1</ele>
    <time>2026-03-24T18:24:48Z</time>
   </trkpt>
   <trkpt lat="45.7461780" lon="4.7586400">
    <ele>241.0</ele>
    <time>2026-03-24T18:24:49Z</time>
   </trkpt>
   <trkpt lat="45.7461850" lon="4.7586640">
    <ele>240.9</ele>
    <time>2026-03-24T18:24:50Z</time>
   </trkpt>
   <trkpt lat="45.7462040" lon="4.7587140">
    <ele>240.8</ele>
    <time>2026-03-24T18:24:51Z</time>
   </trkpt>
   <trkpt lat="45.7462120" lon="4.7587340">
    <ele>240.7</ele>
    <time>2026-03-24T18:24:52Z</time>
   </trkpt>
   <trkpt lat="45.7462260" lon="4.7587800">
    <ele>240.6</ele>
    <time>2026-03-24T18:24:53Z</time>
   </trkpt>
   <trkpt lat="45.7462290" lon="4.7588020">
    <ele>240.5</ele>
    <time>2026-03-24T18:24:54Z</time>
   </trkpt>
   <trkpt lat="45.7462400" lon="4.7588440">
    <ele>240.4</ele>
    <time>2026-03-24T18:24:55Z</time>
   </trkpt>
   <trkpt lat="45.7462540" lon="4.7588800">
    <ele>240.2</ele>
    <time>2026-03-24T18:24:56Z</time>
   </trkpt>
   <trkpt lat="45.7462680" lon="4.7589300">
    <ele>240.1</ele>
    <time>2026-03-24T18:24:57Z</time>
   </trkpt>
   <trkpt lat="45.7462710" lon="4.7589500">
    <ele>240.0</ele>
    <time>2026-03-24T18:24:58Z</time>
   </trkpt>
   <trkpt lat="45.7462850" lon="4.7589890">
    <ele>239.9</ele>
    <time>2026-03-24T18:24:59Z</time>
   </trkpt>
   <trkpt lat="45.7462940" lon="4.7590290">
    <ele>239.7</ele>
    <time>2026-03-24T18:25:00Z</time>
   </trkpt>
   <trkpt lat="45.7463120" lon="4.7590680">
    <ele>239.6</ele>
    <time>2026-03-24T18:25:01Z</time>
   </trkpt>
   <trkpt lat="45.7463290" lon="4.7591090">
    <ele>239.4</ele>
    <time>2026-03-24T18:25:02Z</time>
   </trkpt>
   <trkpt lat="45.7463360" lon="4.7591540">
    <ele>239.2</ele>
    <time>2026-03-24T18:25:03Z</time>
   </trkpt>
   <trkpt lat="45.7463400" lon="4.7591650">
    <ele>239.2</ele>
    <time>2026-03-24T18:25:04Z</time>
   </trkpt>
   <trkpt lat="45.7463550" lon="4.7592140">
    <ele>239.0</ele>
    <time>2026-03-24T18:25:05Z</time>
   </trkpt>
   <trkpt lat="45.7463610" lon="4.7592310">
    <ele>238.9</ele>
    <time>2026-03-24T18:25:06Z</time>
   </trkpt>
   <trkpt lat="45.7463790" lon="4.7592710">
    <ele>238.7</ele>
    <time>2026-03-24T18:25:07Z</time>
   </trkpt>
   <trkpt lat="45.7463930" lon="4.7593140">
    <ele>238.5</ele>
    <time>2026-03-24T18:25:08Z</time>
   </trkpt>
   <trkpt lat="45.7464040" lon="4.7593530">
    <ele>238.4</ele>
    <time>2026-03-24T18:25:09Z</time>
   </trkpt>
   <trkpt lat="45.7464150" lon="4.7594080">
    <ele>238.2</ele>
    <time>2026-03-24T18:25:10Z</time>
   </trkpt>
   <trkpt lat="45.7464170" lon="4.7594280">
    <ele>238.1</ele>
    <time>2026-03-24T18:25:11Z</time>
   </trkpt>
   <trkpt lat="45.7464270" lon="4.7594690">
    <ele>237.9</ele>
    <time>2026-03-24T18:25:12Z</time>
   </trkpt>
   <trkpt lat="45.7464340" lon="4.7595160">
    <ele>237.7</ele>
    <time>2026-03-24T18:25:13Z</time>
   </trkpt>
   <trkpt lat="45.7464360" lon="4.7595310">
    <ele>237.7</ele>
    <time>2026-03-24T18:25:14Z</time>
   </trkpt>
   <trkpt lat="45.7464590" lon="4.7595800">
    <ele>237.6</ele>
    <time>2026-03-24T18:25:15Z</time>
   </trkpt>
   <trkpt lat="45.7464710" lon="4.7595990">
    <ele>237.6</ele>
    <time>2026-03-24T18:25:16Z</time>
   </trkpt>
   <trkpt lat="45.7464860" lon="4.7596440">
    <ele>237.5</ele>
    <time>2026-03-24T18:25:17Z</time>
   </trkpt>
   <trkpt lat="45.7464980" lon="4.7596890">
    <ele>237.4</ele>
    <time>2026-03-24T18:25:18Z</time>
   </trkpt>
   <trkpt lat="45.7465100" lon="4.7597300">
    <ele>237.2</ele>
    <time>2026-03-24T18:25:19Z</time>
   </trkpt>
   <trkpt lat="45.7465270" lon="4.7597750">
    <ele>236.9</ele>
    <time>2026-03-24T18:25:20Z</time>
   </trkpt>
   <trkpt lat="45.7465310" lon="4.7597890">
    <ele>236.8</ele>
    <time>2026-03-24T18:25:21Z</time>
   </trkpt>
   <trkpt lat="45.7465390" lon="4.7598280">
    <ele>236.5</ele>
    <time>2026-03-24T18:25:22Z</time>
   </trkpt>
   <trkpt lat="45.7465580" lon="4.7598770">
    <ele>236.1</ele>
    <time>2026-03-24T18:25:23Z</time>
   </trkpt>
   <trkpt lat="45.7465660" lon="4.7598950">
    <ele>236.0</ele>
    <time>2026-03-24T18:25:24Z</time>
   </trkpt>
   <trkpt lat="45.7465770" lon="4.7599370">
    <ele>235.6</ele>
    <time>2026-03-24T18:25:25Z</time>
   </trkpt>
   <trkpt lat="45.7465880" lon="4.7599880">
    <ele>235.2</ele>
    <time>2026-03-24T18:25:26Z</time>
   </trkpt>
   <trkpt lat="45.7465920" lon="4.7600030">
    <ele>235.1</ele>
    <time>2026-03-24T18:25:27Z</time>
   </trkpt>
   <trkpt lat="45.7466030" lon="4.7600500">
    <ele>234.7</ele>
    <time>2026-03-24T18:25:28Z</time>
   </trkpt>
   <trkpt lat="45.7466070" lon="4.7600670">
    <ele>234.5</ele>
    <time>2026-03-24T18:25:29Z</time>
   </trkpt>
   <trkpt lat="45.7466160" lon="4.7601200">
    <ele>234.1</ele>
    <time>2026-03-24T18:25:30Z</time>
   </trkpt>
   <trkpt lat="45.7466200" lon="4.7601380">
    <ele>233.9</ele>
    <time>2026-03-24T18:25:31Z</time>
   </trkpt>
   <trkpt lat="45.7466360" lon="4.7601820">
    <ele>233.5</ele>
    <time>2026-03-24T18:25:32Z</time>
   </trkpt>
   <trkpt lat="45.7466450" lon="4.7602260">
    <ele>233.1</ele>
    <time>2026-03-24T18:25:33Z</time>
   </trkpt>
   <trkpt lat="45.7466600" lon="4.7602840">
    <ele>232.5</ele>
    <time>2026-03-24T18:25:34Z</time>
   </trkpt>
   <trkpt lat="45.7466680" lon="4.7603100">
    <ele>232.2</ele>
    <time>2026-03-24T18:25:35Z</time>
   </trkpt>
   <trkpt lat="45.7466720" lon="4.7603630">
    <ele>231.7</ele>
    <time>2026-03-24T18:25:36Z</time>
   </trkpt>
   <trkpt lat="45.7466740" lon="4.7603820">
    <ele>231.6</ele>
    <time>2026-03-24T18:25:37Z</time>
   </trkpt>
   <trkpt lat="45.7466780" lon="4.7604220">
    <ele>231.2</ele>
    <time>2026-03-24T18:25:38Z</time>
   </trkpt>
   <trkpt lat="45.7466950" lon="4.7604590">
    <ele>230.8</ele>
    <time>2026-03-24T18:25:39Z</time>
   </trkpt>
   <trkpt lat="45.7467150" lon="4.7605030">
    <ele>230.3</ele>
    <time>2026-03-24T18:25:40Z</time>
   </trkpt>
   <trkpt lat="45.7467360" lon="4.7605510">
    <ele>229.8</ele>
    <time>2026-03-24T18:25:41Z</time>
   </trkpt>
   <trkpt lat="45.7467400" lon="4.7605990">
    <ele>229.2</ele>
    <time>2026-03-24T18:25:42Z</time>
   </trkpt>
   <trkpt lat="45.7467370" lon="4.7606570">
    <ele>228.5</ele>
    <time>2026-03-24T18:25:43Z</time>
   </trkpt>
   <trkpt lat="45.7467370" lon="4.7606770">
    <ele>228.3</ele>
    <time>2026-03-24T18:25:44Z</time>
   </trkpt>
   <trkpt lat="45.7467450" lon="4.7607150">
    <ele>227.9</ele>
    <time>2026-03-24T18:25:45Z</time>
   </trkpt>
   <trkpt lat="45.7467530" lon="4.7607570">
    <ele>227.4</ele>
    <time>2026-03-24T18:25:46Z</time>
   </trkpt>
   <trkpt lat="45.7467630" lon="4.7607970">
    <ele>226.9</ele>
    <time>2026-03-24T18:25:47Z</time>
   </trkpt>
   <trkpt lat="45.7467780" lon="4.7608410">
    <ele>226.4</ele>
    <time>2026-03-24T18:25:48Z</time>
   </trkpt>
   <trkpt lat="45.7467890" lon="4.7608770">
    <ele>226.2</ele>
    <time>2026-03-24T18:25:49Z</time>
   </trkpt>
   <trkpt lat="45.7467980" lon="4.7609310">
    <ele>225.8</ele>
    <time>2026-03-24T18:25:50Z</time>
   </trkpt>
   <trkpt lat="45.7468030" lon="4.7609520">
    <ele>225.7</ele>
    <time>2026-03-24T18:25:51Z</time>
   </trkpt>
   <trkpt lat="45.7468250" lon="4.7609820">
    <ele>225.4</ele>
    <time>2026-03-24T18:25:52Z</time>
   </trkpt>
   <trkpt lat="45.7468560" lon="4.7609960">
    <ele>225.2</ele>
    <time>2026-03-24T18:25:53Z</time>
   </trkpt>
   <trkpt lat="45.7468820" lon="4.7610130">
    <ele>224.8</ele>
    <time>2026-03-24T18:25:54Z</time>
   </trkpt>
   <trkpt lat="45.7469090" lon="4.7610450">
    <ele>224.4</ele>
    <time>2026-03-24T18:25:55Z</time>
   </trkpt>
   <trkpt lat="45.7469170" lon="4.7610570">
    <ele>224.3</ele>
    <time>2026-03-24T18:25:56Z</time>
   </trkpt>
   <trkpt lat="45.7469210" lon="4.7611050">
    <ele>223.9</ele>
    <time>2026-03-24T18:25:57Z</time>
   </trkpt>
   <trkpt lat="45.7469200" lon="4.7611230">
    <ele>223.7</ele>
    <time>2026-03-24T18:25:58Z</time>
   </trkpt>
   <trkpt lat="45.7469220" lon="4.7611710">
    <ele>223.3</ele>
    <time>2026-03-24T18:25:59Z</time>
   </trkpt>
   <trkpt lat="45.7469240" lon="4.7611870">
    <ele>223.2</ele>
    <time>2026-03-24T18:26:00Z</time>
   </trkpt>
   <trkpt lat="45.7469330" lon="4.7612320">
    <ele>222.8</ele>
    <time>2026-03-24T18:26:01Z</time>
   </trkpt>
   <trkpt lat="45.7469350" lon="4.7612480">
    <ele>222.7</ele>
    <time>2026-03-24T18:26:02Z</time>
   </trkpt>
   <trkpt lat="45.7469380" lon="4.7613000">
    <ele>222.3</ele>
    <time>2026-03-24T18:26:03Z</time>
   </trkpt>
   <trkpt lat="45.7469390" lon="4.7613190">
    <ele>222.2</ele>
    <time>2026-03-24T18:26:04Z</time>
   </trkpt>
   <trkpt lat="45.7469460" lon="4.7613780">
    <ele>221.8</ele>
    <time>2026-03-24T18:26:05Z</time>
   </trkpt>
   <trkpt lat="45.7469480" lon="4.7614010">
    <ele>221.6</ele>
    <time>2026-03-24T18:26:06Z</time>
   </trkpt>
   <trkpt lat="45.7469490" lon="4.7614500">
    <ele>221.3</ele>
    <time>2026-03-24T18:26:07Z</time>
   </trkpt>
   <trkpt lat="45.7469510" lon="4.7614670">
    <ele>221.2</ele>
    <time>2026-03-24T18:26:08Z</time>
   </trkpt>
   <trkpt lat="45.7469620" lon="4.7615150">
    <ele>220.8</ele>
    <time>2026-03-24T18:26:09Z</time>
   </trkpt>
   <trkpt lat="45.7469660" lon="4.7615310">
    <ele>220.7</ele>
    <time>2026-03-24T18:26:10Z</time>
   </trkpt>
   <trkpt lat="45.7469700" lon="4.7615760">
    <ele>220.4</ele>
    <time>2026-03-24T18:26:11Z</time>
   </trkpt>
   <trkpt lat="45.7469730" lon="4.7615870">
    <ele>220.3</ele>
    <time>2026-03-24T18:26:12Z</time>
   </trkpt>
   <trkpt lat="45.7469820" lon="4.7616290">
    <ele>220.0</ele>
    <time>2026-03-24T18:26:13Z</time>
   </trkpt>
   <trkpt lat="45.7469930" lon="4.7616720">
    <ele>219.7</ele>
    <time>2026-03-24T18:26:14Z</time>
   </trkpt>
   <trkpt lat="45.7469990" lon="4.7617090">
    <ele>219.4</ele>
    <time>2026-03-24T18:26:15Z</time>
   </trkpt>
   <trkpt lat="45.7470250" lon="4.7617510">
    <ele>219.0</ele>
    <time>2026-03-24T18:26:16Z</time>
   </trkpt>
   <trkpt lat="45.7470360" lon="4.7617680">
    <ele>218.9</ele>
    <time>2026-03-24T18:26:17Z</time>
   </trkpt>
   <trkpt lat="45.7470650" lon="4.7617920">
    <ele>218.6</ele>
    <time>2026-03-24T18:26:18Z</time>
   </trkpt>
   <trkpt lat="45.7470970" lon="4.7617970">
    <ele>218.3</ele>
    <time>2026-03-24T18:26:19Z</time>
   </trkpt>
   <trkpt lat="45.7471300" lon="4.7618230">
    <ele>218.2</ele>
    <time>2026-03-24T18:26:20Z</time>
   </trkpt>
   <trkpt lat="45.7471380" lon="4.7618360">
    <ele>218.2</ele>
    <time>2026-03-24T18:26:21Z</time>
   </trkpt>
   <trkpt lat="45.7471680" lon="4.7618680">
    <ele>218.1</ele>
    <time>2026-03-24T18:26:22Z</time>
   </trkpt>
   <trkpt lat="45.7471760" lon="4.7618820">
    <ele>218.1</ele>
    <time>2026-03-24T18:26:23Z</time>
   </trkpt>
   <trkpt lat="45.7472010" lon="4.7618970">
    <ele>218.1</ele>
    <time>2026-03-24T18:26:24Z</time>
   </trkpt>
   <trkpt lat="45.7472320" lon="4.7619150">
    <ele>218.0</ele>
    <time>2026-03-24T18:26:25Z</time>
   </trkpt>
   <trkpt lat="45.7472450" lon="4.7619160">
    <ele>218.0</ele>
    <time>2026-03-24T18:26:26Z</time>
   </trkpt>
   <trkpt lat="45.7472840" lon="4.7619150">
    <ele>218.0</ele>
    <time>2026-03-24T18:26:27Z</time>
   </trkpt>
   <trkpt lat="45.7472960" lon="4.7619110">
    <ele>218.0</ele>
    <time>2026-03-24T18:26:28Z</time>
   </trkpt>
   <trkpt lat="45.7473290" lon="4.7618910">
    <ele>217.9</ele>
    <time>2026-03-24T18:26:29Z</time>
   </trkpt>
   <trkpt lat="45.7473380" lon="4.7618850">
    <ele>217.9</ele>
    <time>2026-03-24T18:26:30Z</time>
   </trkpt>
   <trkpt lat="45.7473690" lon="4.7618810">
    <ele>217.9</ele>
    <time>2026-03-24T18:26:31Z</time>
   </trkpt>
   <trkpt lat="45.7473820" lon="4.7618810">
    <ele>217.9</ele>
    <time>2026-03-24T18:26:32Z</time>
   </trkpt>
   <trkpt lat="45.7474180" lon="4.7618680">
    <ele>217.9</ele>
    <time>2026-03-24T18:26:33Z</time>
   </trkpt>
   <trkpt lat="45.7474290" lon="4.7618650">
    <ele>217.9</ele>
    <time>2026-03-24T18:26:34Z</time>
   </trkpt>
   <trkpt lat="45.7474660" lon="4.7618730">
    <ele>217.8</ele>
    <time>2026-03-24T18:26:35Z</time>
   </trkpt>
   <trkpt lat="45.7474800" lon="4.7618740">
    <ele>217.8</ele>
    <time>2026-03-24T18:26:36Z</time>
   </trkpt>
   <trkpt lat="45.7475160" lon="4.7618690">
    <ele>217.8</ele>
    <time>2026-03-24T18:26:37Z</time>
   </trkpt>
   <trkpt lat="45.7475260" lon="4.7618690">
    <ele>217.8</ele>
    <time>2026-03-24T18:26:38Z</time>
   </trkpt>
   <trkpt lat="45.7475470" lon="4.7618440">
    <ele>217.8</ele>
    <time>2026-03-24T18:26:39Z</time>
   </trkpt>
   <trkpt lat="45.7475500" lon="4.7618290">
    <ele>217.8</ele>
    <time>2026-03-24T18:26:40Z</time>
   </trkpt>
   <trkpt lat="45.7475630" lon="4.7618110">
    <ele>217.8</ele>
    <time>2026-03-24T18:26:41Z</time>
   </trkpt>
   <trkpt lat="45.7475750" lon="4.7617940">
    <ele>217.8</ele>
    <time>2026-03-24T18:26:42Z</time>
   </trkpt>
   <trkpt lat="45.7476380" lon="4.7616330">
    <ele>217.9</ele>
    <time>2026-03-24T18:26:49Z</time>
   </trkpt>
   <trkpt lat="45.7476560" lon="4.7616210">
    <ele>217.9</ele>
    <time>2026-03-24T18:26:50Z</time>
   </trkpt>
   <trkpt lat="45.7476720" lon="4.7616270">
    <ele>217.9</ele>
    <time>2026-03-24T18:26:51Z</time>
   </trkpt>
   <trkpt lat="45.7476880" lon="4.7616180">
    <ele>217.9</ele>
    <time>2026-03-24T18:26:52Z</time>
   </trkpt>
   <trkpt lat="45.7477220" lon="4.7615930">
    <ele>217.9</ele>
    <time>2026-03-24T18:26:53Z</time>
   </trkpt>
   <trkpt lat="45.7477330" lon="4.7615890">
    <ele>217.9</ele>
    <time>2026-03-24T18:26:54Z</time>
   </trkpt>
   <trkpt lat="45.7477560" lon="4.7615750">
    <ele>217.9</ele>
    <time>2026-03-24T18:26:55Z</time>
   </trkpt>
   <trkpt lat="45.7477670" lon="4.7615740">
    <ele>217.9</ele>
    <time>2026-03-24T18:26:56Z</time>
   </trkpt>
   <trkpt lat="45.7477770" lon="4.7615510">
    <ele>217.9</ele>
    <time>2026-03-24T18:26:57Z</time>
   </trkpt>
   <trkpt lat="45.7478000" lon="4.7615210">
    <ele>217.9</ele>
    <time>2026-03-24T18:26:58Z</time>
   </trkpt>
   <trkpt lat="45.7478090" lon="4.7615110">
    <ele>217.9</ele>
    <time>2026-03-24T18:26:59Z</time>
   </trkpt>
   <trkpt lat="45.7478380" lon="4.7614910">
    <ele>217.9</ele>
    <time>2026-03-24T18:27:00Z</time>
   </trkpt>
   <trkpt lat="45.7478500" lon="4.7614860">
    <ele>217.9</ele>
    <time>2026-03-24T18:27:01Z</time>
   </trkpt>
   <trkpt lat="45.7478880" lon="4.7614720">
    <ele>217.9</ele>
    <time>2026-03-24T18:27:02Z</time>
   </trkpt>
   <trkpt lat="45.7479000" lon="4.7614660">
    <ele>217.9</ele>
    <time>2026-03-24T18:27:03Z</time>
   </trkpt>
   <trkpt lat="45.7479180" lon="4.7614410">
    <ele>217.9</ele>
    <time>2026-03-24T18:27:04Z</time>
   </trkpt>
   <trkpt lat="45.7479260" lon="4.7614290">
    <ele>217.9</ele>
    <time>2026-03-24T18:27:05Z</time>
   </trkpt>
   <trkpt lat="45.7479590" lon="4.7614090">
    <ele>218.0</ele>
    <time>2026-03-24T18:27:06Z</time>
   </trkpt>
   <trkpt lat="45.7479740" lon="4.7613910">
    <ele>218.0</ele>
    <time>2026-03-24T18:27:07Z</time>
   </trkpt>
   <trkpt lat="45.7479970" lon="4.7613760">
    <ele>218.0</ele>
    <time>2026-03-24T18:27:08Z</time>
   </trkpt>
   <trkpt lat="45.7480070" lon="4.7613660">
    <ele>218.0</ele>
    <time>2026-03-24T18:27:09Z</time>
   </trkpt>
   <trkpt lat="45.7480350" lon="4.7613400">
    <ele>218.1</ele>
    <time>2026-03-24T18:27:10Z</time>
   </trkpt>
   <trkpt lat="45.7480440" lon="4.7613340">
    <ele>218.1</ele>
    <time>2026-03-24T18:27:11Z</time>
   </trkpt>
   <trkpt lat="45.7480770" lon="4.7613170">
    <ele>218.1</ele>
    <time>2026-03-24T18:27:12Z</time>
   </trkpt>
   <trkpt lat="45.7481090" lon="4.7612890">
    <ele>218.2</ele>
    <time>2026-03-24T18:27:13Z</time>
   </trkpt>
   <trkpt lat="45.7481200" lon="4.7612800">
    <ele>218.2</ele>
    <time>2026-03-24T18:27:14Z</time>
   </trkpt>
   <trkpt lat="45.7481520" lon="4.7612560">
    <ele>218.3</ele>
    <time>2026-03-24T18:27:15Z</time>
   </trkpt>
   <trkpt lat="45.7481620" lon="4.7612480">
    <ele>218.4</ele>
    <time>2026-03-24T18:27:16Z</time>
   </trkpt>
   <trkpt lat="45.7481910" lon="4.7612180">
    <ele>218.5</ele>
    <time>2026-03-24T18:27:17Z</time>
   </trkpt>
   <trkpt lat="45.7482020" lon="4.7612090">
    <ele>218.5</ele>
    <time>2026-03-24T18:27:18Z</time>
   </trkpt>
   <trkpt lat="45.7482350" lon="4.7611900">
    <ele>218.6</ele>
    <time>2026-03-24T18:27:19Z</time>
   </trkpt>
   <trkpt lat="45.7482460" lon="4.7611830">
    <ele>218.7</ele>
    <time>2026-03-24T18:27:20Z</time>
   </trkpt>
   <trkpt lat="45.7482800" lon="4.7611590">
    <ele>218.8</ele>
    <time>2026-03-24T18:27:21Z</time>
   </trkpt>
   <trkpt lat="45.7482900" lon="4.7611520">
    <ele>218.8</ele>
    <time>2026-03-24T18:27:22Z</time>
   </trkpt>
   <trkpt lat="45.7483210" lon="4.7611290">
    <ele>219.0</ele>
    <time>2026-03-24T18:27:23Z</time>
   </trkpt>
   <trkpt lat="45.7483550" lon="4.7611010">
    <ele>219.2</ele>
    <time>2026-03-24T18:27:24Z</time>
   </trkpt>
   <trkpt lat="45.7483660" lon="4.7610950">
    <ele>219.2</ele>
    <time>2026-03-24T18:27:25Z</time>
   </trkpt>
   <trkpt lat="45.7484000" lon="4.7610800">
    <ele>219.4</ele>
    <time>2026-03-24T18:27:26Z</time>
   </trkpt>
   <trkpt lat="45.7484100" lon="4.7610750">
    <ele>219.4</ele>
    <time>2026-03-24T18:27:27Z</time>
   </trkpt>
   <trkpt lat="45.7484390" lon="4.7610370">
    <ele>219.6</ele>
    <time>2026-03-24T18:27:28Z</time>
   </trkpt>
   <trkpt lat="45.7484510" lon="4.7610250">
    <ele>219.7</ele>
    <time>2026-03-24T18:27:29Z</time>
   </trkpt>
   <trkpt lat="45.7484840" lon="4.7610110">
    <ele>219.8</ele>
    <time>2026-03-24T18:27:30Z</time>
   </trkpt>
   <trkpt lat="45.7484950" lon="4.7610060">
    <ele>219.9</ele>
    <time>2026-03-24T18:27:31Z</time>
   </trkpt>
   <trkpt lat="45.7485280" lon="4.7609830">
    <ele>220.1</ele>
    <time>2026-03-24T18:27:32Z</time>
   </trkpt>
   <trkpt lat="45.7485370" lon="4.7609740">
    <ele>220.1</ele>
    <time>2026-03-24T18:27:33Z</time>
   </trkpt>
   <trkpt lat="45.7485700" lon="4.7609610">
    <ele>220.0</ele>
    <time>2026-03-24T18:27:34Z</time>
   </trkpt>
   <trkpt lat="45.7485830" lon="4.7609580">
    <ele>219.9</ele>
    <time>2026-03-24T18:27:35Z</time>
   </trkpt>
   <trkpt lat="45.7486110" lon="4.7609630">
    <ele>219.8</ele>
    <time>2026-03-24T18:27:36Z</time>
   </trkpt>
   <trkpt lat="45.7486310" lon="4.7609760">
    <ele>219.7</ele>
    <time>2026-03-24T18:27:37Z</time>
   </trkpt>
   <trkpt lat="45.7486450" lon="4.7609740">
    <ele>219.6</ele>
    <time>2026-03-24T18:27:38Z</time>
   </trkpt>
   <trkpt lat="45.7486820" lon="4.7609750">
    <ele>219.3</ele>
    <time>2026-03-24T18:27:39Z</time>
   </trkpt>
   <trkpt lat="45.7486950" lon="4.7609800">
    <ele>219.3</ele>
    <time>2026-03-24T18:27:40Z</time>
   </trkpt>
   <trkpt lat="45.7487250" lon="4.7609940">
    <ele>219.0</ele>
    <time>2026-03-24T18:27:41Z</time>
   </trkpt>
   <trkpt lat="45.7487330" lon="4.7609960">
    <ele>219.0</ele>
    <time>2026-03-24T18:27:42Z</time>
   </trkpt>
   <trkpt lat="45.7487620" lon="4.7610110">
    <ele>218.8</ele>
    <time>2026-03-24T18:27:43Z</time>
   </trkpt>
   <trkpt lat="45.7488000" lon="4.7610220">
    <ele>218.5</ele>
    <time>2026-03-24T18:27:44Z</time>
   </trkpt>
   <trkpt lat="45.7488140" lon="4.7610250">
    <ele>218.4</ele>
    <time>2026-03-24T18:27:45Z</time>
   </trkpt>
   <trkpt lat="45.7488560" lon="4.7610320">
    <ele>218.0</ele>
    <time>2026-03-24T18:27:46Z</time>
   </trkpt>
   <trkpt lat="45.7488720" lon="4.7610370">
    <ele>217.9</ele>
    <time>2026-03-24T18:27:47Z</time>
   </trkpt>
   <trkpt lat="45.7489060" lon="4.7610460">
    <ele>217.6</ele>
    <time>2026-03-24T18:27:48Z</time>
   </trkpt>
   <trkpt lat="45.7489170" lon="4.7610460">
    <ele>217.5</ele>
    <time>2026-03-24T18:27:49Z</time>
   </trkpt>
   <trkpt lat="45.7489540" lon="4.7610620">
    <ele>217.2</ele>
    <time>2026-03-24T18:27:50Z</time>
   </trkpt>
   <trkpt lat="45.7489660" lon="4.7610700">
    <ele>217.1</ele>
    <time>2026-03-24T18:27:51Z</time>
   </trkpt>
   <trkpt lat="45.7490020" lon="4.7610690">
    <ele>216.8</ele>
    <time>2026-03-24T18:27:52Z</time>
   </trkpt>
   <trkpt lat="45.7490120" lon="4.7610680">
    <ele>216.7</ele>
    <time>2026-03-24T18:27:53Z</time>
   </trkpt>
   <trkpt lat="45.7490480" lon="4.7610760">
    <ele>216.4</ele>
    <time>2026-03-24T18:27:54Z</time>
   </trkpt>
   <trkpt lat="45.7490600" lon="4.7610760">
    <ele>216.3</ele>
    <time>2026-03-24T18:27:55Z</time>
   </trkpt>
   <trkpt lat="45.7490910" lon="4.7610830">
    <ele>216.1</ele>
    <time>2026-03-24T18:27:56Z</time>
   </trkpt>
   <trkpt lat="45.7491010" lon="4.7610900">
    <ele>216.0</ele>
    <time>2026-03-24T18:27:57Z</time>
   </trkpt>
   <trkpt lat="45.7491360" lon="4.7610930">
    <ele>215.7</ele>
    <time>2026-03-24T18:27:58Z</time>
   </trkpt>
   <trkpt lat="45.7491480" lon="4.7610980">
    <ele>215.6</ele>
    <time>2026-03-24T18:27:59Z</time>
   </trkpt>
   <trkpt lat="45.7491840" lon="4.7611050">
    <ele>215.3</ele>
    <time>2026-03-24T18:28:00Z</time>
   </trkpt>
   <trkpt lat="45.7491960" lon="4.7611090">
    <ele>215.2</ele>
    <time>2026-03-24T18:28:01Z</time>
   </trkpt>
   <trkpt lat="45.7492360" lon="4.7611170">
    <ele>214.9</ele>
    <time>2026-03-24T18:28:02Z</time>
   </trkpt>
   <trkpt lat="45.7492490" lon="4.7611220">
    <ele>214.8</ele>
    <time>2026-03-24T18:28:03Z</time>
   </trkpt>
   <trkpt lat="45.7492820" lon="4.7611210">
    <ele>214.6</ele>
    <time>2026-03-24T18:28:04Z</time>
   </trkpt>
   <trkpt lat="45.7492910" lon="4.7611200">
    <ele>214.5</ele>
    <time>2026-03-24T18:28:05Z</time>
   </trkpt>
   <trkpt lat="45.7493300" lon="4.7611260">
    <ele>214.2</ele>
    <time>2026-03-24T18:28:06Z</time>
   </trkpt>
   <trkpt lat="45.7493410" lon="4.7611290">
    <ele>214.2</ele>
    <time>2026-03-24T18:28:07Z</time>
   </trkpt>
   <trkpt lat="45.7493760" lon="4.7611190">
    <ele>213.9</ele>
    <time>2026-03-24T18:28:08Z</time>
   </trkpt>
   <trkpt lat="45.7493880" lon="4.7611190">
    <ele>213.8</ele>
    <time>2026-03-24T18:28:09Z</time>
   </trkpt>
   <trkpt lat="45.7494270" lon="4.7611310">
    <ele>213.6</ele>
    <time>2026-03-24T18:28:10Z</time>
   </trkpt>
   <trkpt lat="45.7494400" lon="4.7611340">
    <ele>213.5</ele>
    <time>2026-03-24T18:28:11Z</time>
   </trkpt>
   <trkpt lat="45.7494750" lon="4.7611450">
    <ele>213.3</ele>
    <time>2026-03-24T18:28:12Z</time>
   </trkpt>
   <trkpt lat="45.7494850" lon="4.7611490">
    <ele>213.2</ele>
    <time>2026-03-24T18:28:13Z</time>
   </trkpt>
   <trkpt lat="45.7495110" lon="4.7611610">
    <ele>213.1</ele>
    <time>2026-03-24T18:28:14Z</time>
   </trkpt>
   <trkpt lat="45.7495400" lon="4.7611640">
    <ele>212.9</ele>
    <time>2026-03-24T18:28:15Z</time>
   </trkpt>
   <trkpt lat="45.7495620" lon="4.7611630">
    <ele>212.8</ele>
    <time>2026-03-24T18:28:16Z</time>
   </trkpt>
   <trkpt lat="45.7495670" lon="4.7611750">
    <ele>212.7</ele>
    <time>2026-03-24T18:28:17Z</time>
   </trkpt>
   <trkpt lat="45.7495950" lon="4.7611850">
    <ele>212.6</ele>
    <time>2026-03-24T18:28:18Z</time>
   </trkpt>
   <trkpt lat="45.7496030" lon="4.7611820">
    <ele>212.5</ele>
    <time>2026-03-24T18:28:19Z</time>
   </trkpt>
   <trkpt lat="45.7496310" lon="4.7611710">
    <ele>212.4</ele>
    <time>2026-03-24T18:28:20Z</time>
   </trkpt>
   <trkpt lat="45.7496690" lon="4.7611800">
    <ele>212.2</ele>
    <time>2026-03-24T18:28:21Z</time>
   </trkpt>
   <trkpt lat="45.7496790" lon="4.7611870">
    <ele>212.1</ele>
    <time>2026-03-24T18:28:22Z</time>
   </trkpt>
   <trkpt lat="45.7497090" lon="4.7611900">
    <ele>212.0</ele>
    <time>2026-03-24T18:28:23Z</time>
   </trkpt>
   <trkpt lat="45.7497470" lon="4.7612030">
    <ele>211.8</ele>
    <time>2026-03-24T18:28:24Z</time>
   </trkpt>
   <trkpt lat="45.7497580" lon="4.7612080">
    <ele>211.7</ele>
    <time>2026-03-24T18:28:25Z</time>
   </trkpt>
   <trkpt lat="45.7497820" lon="4.7612130">
    <ele>211.6</ele>
    <time>2026-03-24T18:28:26Z</time>
   </trkpt>
   <trkpt lat="45.7498200" lon="4.7612070">
    <ele>211.4</ele>
    <time>2026-03-24T18:28:27Z</time>
   </trkpt>
   <trkpt lat="45.7498590" lon="4.7612050">
    <ele>211.3</ele>
    <time>2026-03-24T18:28:28Z</time>
   </trkpt>
   <trkpt lat="45.7498880" lon="4.7612160">
    <ele>211.1</ele>
    <time>2026-03-24T18:28:29Z</time>
   </trkpt>
   <trkpt lat="45.7499180" lon="4.7612300">
    <ele>211.0</ele>
    <time>2026-03-24T18:28:30Z</time>
   </trkpt>
   <trkpt lat="45.7499480" lon="4.7612350">
    <ele>210.9</ele>
    <time>2026-03-24T18:28:31Z</time>
   </trkpt>
   <trkpt lat="45.7499750" lon="4.7612460">
    <ele>210.8</ele>
    <time>2026-03-24T18:28:32Z</time>
   </trkpt>
   <trkpt lat="45.7500100" lon="4.7612450">
    <ele>210.7</ele>
    <time>2026-03-24T18:28:33Z</time>
   </trkpt>
   <trkpt lat="45.7500230" lon="4.7612490">
    <ele>210.6</ele>
    <time>2026-03-24T18:28:34Z</time>
   </trkpt>
   <trkpt lat="45.7500590" lon="4.7612500">
    <ele>210.5</ele>
    <time>2026-03-24T18:28:35Z</time>
   </trkpt>
   <trkpt lat="45.7500690" lon="4.7612530">
    <ele>210.4</ele>
    <time>2026-03-24T18:28:36Z</time>
   </trkpt>
   <trkpt lat="45.7500970" lon="4.7612660">
    <ele>210.3</ele>
    <time>2026-03-24T18:28:37Z</time>
   </trkpt>
   <trkpt lat="45.7501240" lon="4.7612750">
    <ele>210.2</ele>
    <time>2026-03-24T18:28:38Z</time>
   </trkpt>
   <trkpt lat="45.7501540" lon="4.7612900">
    <ele>210.1</ele>
    <time>2026-03-24T18:28:39Z</time>
   </trkpt>
   <trkpt lat="45.7501840" lon="4.7612910">
    <ele>210.0</ele>
    <time>2026-03-24T18:28:40Z</time>
   </trkpt>
   <trkpt lat="45.7502120" lon="4.7612920">
    <ele>209.9</ele>
    <time>2026-03-24T18:28:41Z</time>
   </trkpt>
   <trkpt lat="45.7502410" lon="4.7612980">
    <ele>209.8</ele>
    <time>2026-03-24T18:28:42Z</time>
   </trkpt>
   <trkpt lat="45.7502660" lon="4.7613110">
    <ele>209.7</ele>
    <time>2026-03-24T18:28:43Z</time>
   </trkpt>
   <trkpt lat="45.7503060" lon="4.7613160">
    <ele>209.6</ele>
    <time>2026-03-24T18:28:44Z</time>
   </trkpt>
   <trkpt lat="45.7503200" lon="4.7613190">
    <ele>209.5</ele>
    <time>2026-03-24T18:28:45Z</time>
   </trkpt>
   <trkpt lat="45.7503500" lon="4.7613240">
    <ele>209.4</ele>
    <time>2026-03-24T18:28:46Z</time>
   </trkpt>
   <trkpt lat="45.7503790" lon="4.7613310">
    <ele>209.3</ele>
    <time>2026-03-24T18:28:47Z</time>
   </trkpt>
   <trkpt lat="45.7504100" lon="4.7613380">
    <ele>209.2</ele>
    <time>2026-03-24T18:28:48Z</time>
   </trkpt>
   <trkpt lat="45.7504390" lon="4.7613410">
    <ele>209.2</ele>
    <time>2026-03-24T18:28:49Z</time>
   </trkpt>
   <trkpt lat="45.7504740" lon="4.7613540">
    <ele>209.0</ele>
    <time>2026-03-24T18:28:50Z</time>
   </trkpt>
   <trkpt lat="45.7504840" lon="4.7613550">
    <ele>209.0</ele>
    <time>2026-03-24T18:28:51Z</time>
   </trkpt>
   <trkpt lat="45.7505040" lon="4.7613810">
    <ele>208.9</ele>
    <time>2026-03-24T18:28:52Z</time>
   </trkpt>
   <trkpt lat="45.7505360" lon="4.7613780">
    <ele>208.8</ele>
    <time>2026-03-24T18:28:53Z</time>
   </trkpt>
   <trkpt lat="45.7505740" lon="4.7613760">
    <ele>208.7</ele>
    <time>2026-03-24T18:28:54Z</time>
   </trkpt>
   <trkpt lat="45.7505860" lon="4.7613780">
    <ele>208.6</ele>
    <time>2026-03-24T18:28:55Z</time>
   </trkpt>
   <trkpt lat="45.7506130" lon="4.7613770">
    <ele>208.6</ele>
    <time>2026-03-24T18:28:56Z</time>
   </trkpt>
   <trkpt lat="45.7506480" lon="4.7613810">
    <ele>208.4</ele>
    <time>2026-03-24T18:28:57Z</time>
   </trkpt>
   <trkpt lat="45.7506600" lon="4.7613780">
    <ele>208.4</ele>
    <time>2026-03-24T18:28:58Z</time>
   </trkpt>
   <trkpt lat="45.7506880" lon="4.7613770">
    <ele>208.3</ele>
    <time>2026-03-24T18:28:59Z</time>
   </trkpt>
   <trkpt lat="45.7507190" lon="4.7613990">
    <ele>208.2</ele>
    <time>2026-03-24T18:29:00Z</time>
   </trkpt>
   <trkpt lat="45.7507590" lon="4.7614030">
    <ele>208.1</ele>
    <time>2026-03-24T18:29:01Z</time>
   </trkpt>
   <trkpt lat="45.7507740" lon="4.7614040">
    <ele>208.0</ele>
    <time>2026-03-24T18:29:02Z</time>
   </trkpt>
   <trkpt lat="45.7508020" lon="4.7614150">
    <ele>207.9</ele>
    <time>2026-03-24T18:29:03Z</time>
   </trkpt>
   <trkpt lat="45.7508400" lon="4.7614280">
    <ele>207.8</ele>
    <time>2026-03-24T18:29:04Z</time>
   </trkpt>
   <trkpt lat="45.7508510" lon="4.7614390">
    <ele>207.8</ele>
    <time>2026-03-24T18:29:05Z</time>
   </trkpt>
   <trkpt lat="45.7508790" lon="4.7614540">
    <ele>207.7</ele>
    <time>2026-03-24T18:29:06Z</time>
   </trkpt>
   <trkpt lat="45.7509100" lon="4.7614550">
    <ele>207.6</ele>
    <time>2026-03-24T18:29:07Z</time>
   </trkpt>
   <trkpt lat="45.7509410" lon="4.7614580">
    <ele>207.6</ele>
    <time>2026-03-24T18:29:08Z</time>
   </trkpt>
   <trkpt lat="45.7509540" lon="4.7614610">
    <ele>207.5</ele>
    <time>2026-03-24T18:29:09Z</time>
   </trkpt>
   <trkpt lat="45.7509830" lon="4.7614680">
    <ele>207.4</ele>
    <time>2026-03-24T18:29:10Z</time>
   </trkpt>
   <trkpt lat="45.7510120" lon="4.7614640">
    <ele>207.3</ele>
    <time>2026-03-24T18:29:11Z</time>
   </trkpt>
   <trkpt lat="45.7510400" lon="4.7614470">
    <ele>207.2</ele>
    <time>2026-03-24T18:29:12Z</time>
   </trkpt>
   <trkpt lat="45.7510730" lon="4.7614220">
    <ele>207.1</ele>
    <time>2026-03-24T18:29:13Z</time>
   </trkpt>
   <trkpt lat="45.7510830" lon="4.7614150">
    <ele>207.1</ele>
    <time>2026-03-24T18:29:14Z</time>
   </trkpt>
   <trkpt lat="45.7511220" lon="4.7614040">
    <ele>206.9</ele>
    <time>2026-03-24T18:29:15Z</time>
   </trkpt>
   <trkpt lat="45.7511330" lon="4.7614000">
    <ele>206.9</ele>
    <time>2026-03-24T18:29:16Z</time>
   </trkpt>
   <trkpt lat="45.7511680" lon="4.7614060">
    <ele>206.8</ele>
    <time>2026-03-24T18:29:17Z</time>
   </trkpt>
   <trkpt lat="45.7511820" lon="4.7614040">
    <ele>206.7</ele>
    <time>2026-03-24T18:29:18Z</time>
   </trkpt>
   <trkpt lat="45.7512190" lon="4.7614050">
    <ele>206.5</ele>
    <time>2026-03-24T18:29:19Z</time>
   </trkpt>
   <trkpt lat="45.7512290" lon="4.7614080">
    <ele>206.5</ele>
    <time>2026-03-24T18:29:20Z</time>
   </trkpt>
   <trkpt lat="45.7512650" lon="4.7614300">
    <ele>206.3</ele>
    <time>2026-03-24T18:29:21Z</time>
   </trkpt>
   <trkpt lat="45.7512800" lon="4.7614320">
    <ele>206.3</ele>
    <time>2026-03-24T18:29:22Z</time>
   </trkpt>
   <trkpt lat="45.7513190" lon="4.7614370">
    <ele>206.1</ele>
    <time>2026-03-24T18:29:23Z</time>
   </trkpt>
   <trkpt lat="45.7513320" lon="4.7614440">
    <ele>206.0</ele>
    <time>2026-03-24T18:29:24Z</time>
   </trkpt>
   <trkpt lat="45.7513710" lon="4.7614440">
    <ele>205.8</ele>
    <time>2026-03-24T18:29:25Z</time>
   </trkpt>
   <trkpt lat="45.7513850" lon="4.7614460">
    <ele>205.7</ele>
    <time>2026-03-24T18:29:26Z</time>
   </trkpt>
   <trkpt lat="45.7514130" lon="4.7614590">
    <ele>205.6</ele>
    <time>2026-03-24T18:29:27Z</time>
   </trkpt>
   <trkpt lat="45.7514530" lon="4.7614670">
    <ele>205.4</ele>
    <time>2026-03-24T18:29:28Z</time>
   </trkpt>
   <trkpt lat="45.7514670" lon="4.7614700">
    <ele>205.3</ele>
    <time>2026-03-24T18:29:29Z</time>
   </trkpt>
   <trkpt lat="45.7514950" lon="4.7614810">
    <ele>205.2</ele>
    <time>2026-03-24T18:29:30Z</time>
   </trkpt>
   <trkpt lat="45.7515210" lon="4.7614960">
    <ele>205.1</ele>
    <time>2026-03-24T18:29:31Z</time>
   </trkpt>
   <trkpt lat="45.7515590" lon="4.7615030">
    <ele>204.9</ele>
    <time>2026-03-24T18:29:32Z</time>
   </trkpt>
   <trkpt lat="45.7515720" lon="4.7615080">
    <ele>204.8</ele>
    <time>2026-03-24T18:29:33Z</time>
   </trkpt>
   <trkpt lat="45.7516070" lon="4.7615260">
    <ele>204.7</ele>
    <time>2026-03-24T18:29:34Z</time>
   </trkpt>
   <trkpt lat="45.7516200" lon="4.7615350">
    <ele>204.6</ele>
    <time>2026-03-24T18:29:35Z</time>
   </trkpt>
   <trkpt lat="45.7516430" lon="4.7615620">
    <ele>204.5</ele>
    <time>2026-03-24T18:29:36Z</time>
   </trkpt>
   <trkpt lat="45.7516530" lon="4.7615990">
    <ele>204.4</ele>
    <time>2026-03-24T18:29:37Z</time>
   </trkpt>
   <trkpt lat="45.7516770" lon="4.7616380">
    <ele>204.2</ele>
    <time>2026-03-24T18:29:38Z</time>
   </trkpt>
   <trkpt lat="45.7516880" lon="4.7616490">
    <ele>204.2</ele>
    <time>2026-03-24T18:29:39Z</time>
   </trkpt>
   <trkpt lat="45.7517140" lon="4.7616710">
    <ele>204.0</ele>
    <time>2026-03-24T18:29:40Z</time>
   </trkpt>
   <trkpt lat="45.7517330" lon="4.7617020">
    <ele>203.9</ele>
    <time>2026-03-24T18:29:41Z</time>
   </trkpt>
   <trkpt lat="45.7517510" lon="4.7617540">
    <ele>203.9</ele>
    <time>2026-03-24T18:29:42Z</time>
   </trkpt>
   <trkpt lat="45.7517570" lon="4.7617720">
    <ele>203.9</ele>
    <time>2026-03-24T18:29:43Z</time>
   </trkpt>
   <trkpt lat="45.7517770" lon="4.7618130">
    <ele>203.9</ele>
    <time>2026-03-24T18:29:44Z</time>
   </trkpt>
   <trkpt lat="45.7517800" lon="4.7618260">
    <ele>203.9</ele>
    <time>2026-03-24T18:29:45Z</time>
   </trkpt>
   <trkpt lat="45.7517970" lon="4.7618730">
    <ele>203.9</ele>
    <time>2026-03-24T18:29:46Z</time>
   </trkpt>
   <trkpt lat="45.7518010" lon="4.7618880">
    <ele>203.9</ele>
    <time>2026-03-24T18:29:47Z</time>
   </trkpt>
   <trkpt lat="45.7518150" lon="4.7619380">
    <ele>203.9</ele>
    <time>2026-03-24T18:29:48Z</time>
   </trkpt>
   <trkpt lat="45.7518220" lon="4.7619580">
    <ele>203.9</ele>
    <time>2026-03-24T18:29:49Z</time>
   </trkpt>
   <trkpt lat="45.7518430" lon="4.7620060">
    <ele>203.9</ele>
    <time>2026-03-24T18:29:50Z</time>
   </trkpt>
   <trkpt lat="45.7518470" lon="4.7620240">
    <ele>203.9</ele>
    <time>2026-03-24T18:29:51Z</time>
   </trkpt>
   <trkpt lat="45.7518590" lon="4.7620760">
    <ele>203.9</ele>
    <time>2026-03-24T18:29:52Z</time>
   </trkpt>
   <trkpt lat="45.7518650" lon="4.7620910">
    <ele>203.9</ele>
    <time>2026-03-24T18:29:53Z</time>
   </trkpt>
   <trkpt lat="45.7518800" lon="4.7621360">
    <ele>203.9</ele>
    <time>2026-03-24T18:29:54Z</time>
   </trkpt>
   <trkpt lat="45.7518840" lon="4.7621480">
    <ele>203.9</ele>
    <time>2026-03-24T18:29:55Z</time>
   </trkpt>
   <trkpt lat="45.7518900" lon="4.7621950">
    <ele>203.9</ele>
    <time>2026-03-24T18:29:56Z</time>
   </trkpt>
   <trkpt lat="45.7518910" lon="4.7622140">
    <ele>203.9</ele>
    <time>2026-03-24T18:29:57Z</time>
   </trkpt>
   <trkpt lat="45.7519010" lon="4.7622540">
    <ele>203.8</ele>
    <time>2026-03-24T18:29:58Z</time>
   </trkpt>
   <trkpt lat="45.7519180" lon="4.7623050">
    <ele>203.8</ele>
    <time>2026-03-24T18:29:59Z</time>
   </trkpt>
   <trkpt lat="45.7519220" lon="4.7623250">
    <ele>203.8</ele>
    <time>2026-03-24T18:30:00Z</time>
   </trkpt>
   <trkpt lat="45.7519150" lon="4.7623790">
    <ele>203.9</ele>
    <time>2026-03-24T18:30:01Z</time>
   </trkpt>
   <trkpt lat="45.7519120" lon="4.7623950">
    <ele>203.9</ele>
    <time>2026-03-24T18:30:02Z</time>
   </trkpt>
   <trkpt lat="45.7519150" lon="4.7624380">
    <ele>203.9</ele>
    <time>2026-03-24T18:30:03Z</time>
   </trkpt>
   <trkpt lat="45.7519110" lon="4.7624770">
    <ele>204.0</ele>
    <time>2026-03-24T18:30:04Z</time>
   </trkpt>
   <trkpt lat="45.7519060" lon="4.7625200">
    <ele>204.0</ele>
    <time>2026-03-24T18:30:05Z</time>
   </trkpt>
   <trkpt lat="45.7519040" lon="4.7625350">
    <ele>204.1</ele>
    <time>2026-03-24T18:30:06Z</time>
   </trkpt>
   <trkpt lat="45.7519010" lon="4.7625740">
    <ele>204.1</ele>
    <time>2026-03-24T18:30:07Z</time>
   </trkpt>
   <trkpt lat="45.7518900" lon="4.7626240">
    <ele>204.2</ele>
    <time>2026-03-24T18:30:08Z</time>
   </trkpt>
   <trkpt lat="45.7518850" lon="4.7626370">
    <ele>204.3</ele>
    <time>2026-03-24T18:30:09Z</time>
   </trkpt>
   <trkpt lat="45.7518840" lon="4.7626760">
    <ele>204.3</ele>
    <time>2026-03-24T18:30:10Z</time>
   </trkpt>
   <trkpt lat="45.7518650" lon="4.7627070">
    <ele>204.4</ele>
    <time>2026-03-24T18:30:11Z</time>
   </trkpt>
   <trkpt lat="45.7518520" lon="4.7627480">
    <ele>204.5</ele>
    <time>2026-03-24T18:30:12Z</time>
   </trkpt>
   <trkpt lat="45.7518490" lon="4.7627640">
    <ele>204.5</ele>
    <time>2026-03-24T18:30:13Z</time>
   </trkpt>
   <trkpt lat="45.7518390" lon="4.7628090">
    <ele>204.6</ele>
    <time>2026-03-24T18:30:14Z</time>
   </trkpt>
   <trkpt lat="45.7518340" lon="4.7628210">
    <ele>204.7</ele>
    <time>2026-03-24T18:30:15Z</time>
   </trkpt>
   <trkpt lat="45.7518240" lon="4.7628420">
    <ele>204.7</ele>
    <time>2026-03-24T18:30:16Z</time>
   </trkpt>
   <trkpt lat="45.7518150" lon="4.7628640">
    <ele>204.8</ele>
    <time>2026-03-24T18:30:17Z</time>
   </trkpt>
   <trkpt lat="45.7517970" lon="4.7628980">
    <ele>204.9</ele>
    <time>2026-03-24T18:30:18Z</time>
   </trkpt>
   <trkpt lat="45.7517770" lon="4.7629460">
    <ele>205.0</ele>
    <time>2026-03-24T18:30:19Z</time>
   </trkpt>
   <trkpt lat="45.7517710" lon="4.7629640">
    <ele>205.1</ele>
    <time>2026-03-24T18:30:20Z</time>
   </trkpt>
   <trkpt lat="45.7517540" lon="4.7630060">
    <ele>205.2</ele>
    <time>2026-03-24T18:30:21Z</time>
   </trkpt>
   <trkpt lat="45.7517490" lon="4.7630200">
    <ele>205.2</ele>
    <time>2026-03-24T18:30:22Z</time>
   </trkpt>
   <trkpt lat="45.7517290" lon="4.7630650">
    <ele>205.4</ele>
    <time>2026-03-24T18:30:23Z</time>
   </trkpt>
   <trkpt lat="45.7517210" lon="4.7630820">
    <ele>205.4</ele>
    <time>2026-03-24T18:30:24Z</time>
   </trkpt>
   <trkpt lat="45.7517030" lon="4.7631200">
    <ele>205.5</ele>
    <time>2026-03-24T18:30:25Z</time>
   </trkpt>
   <trkpt lat="45.7516970" lon="4.7631340">
    <ele>205.6</ele>
    <time>2026-03-24T18:30:26Z</time>
   </trkpt>
   <trkpt lat="45.7516800" lon="4.7631650">
    <ele>205.7</ele>
    <time>2026-03-24T18:30:27Z</time>
   </trkpt>
   <trkpt lat="45.7516580" lon="4.7632090">
    <ele>205.8</ele>
    <time>2026-03-24T18:30:28Z</time>
   </trkpt>
   <trkpt lat="45.7516530" lon="4.7632270">
    <ele>205.9</ele>
    <time>2026-03-24T18:30:29Z</time>
   </trkpt>
   <trkpt lat="45.7516320" lon="4.7632730">
    <ele>206.0</ele>
    <time>2026-03-24T18:30:30Z</time>
   </trkpt>
   <trkpt lat="45.7516230" lon="4.7632860">
    <ele>206.1</ele>
    <time>2026-03-24T18:30:31Z</time>
   </trkpt>
   <trkpt lat="45.7516080" lon="4.7633260">
    <ele>206.2</ele>
    <time>2026-03-24T18:30:32Z</time>
   </trkpt>
   <trkpt lat="45.7516030" lon="4.7633420">
    <ele>206.3</ele>
    <time>2026-03-24T18:30:33Z</time>
   </trkpt>
   <trkpt lat="45.7515820" lon="4.7633800">
    <ele>206.4</ele>
    <time>2026-03-24T18:30:34Z</time>
   </trkpt>
   <trkpt lat="45.7515750" lon="4.7633900">
    <ele>206.5</ele>
    <time>2026-03-24T18:30:35Z</time>
   </trkpt>
   <trkpt lat="45.7515500" lon="4.7634240">
    <ele>206.6</ele>
    <time>2026-03-24T18:30:36Z</time>
   </trkpt>
   <trkpt lat="45.7515400" lon="4.7634340">
    <ele>206.7</ele>
    <time>2026-03-24T18:30:37Z</time>
   </trkpt>
   <trkpt lat="45.7515210" lon="4.7634810">
    <ele>206.8</ele>
    <time>2026-03-24T18:30:38Z</time>
   </trkpt>
   <trkpt lat="45.7515150" lon="4.7634970">
    <ele>206.9</ele>
    <time>2026-03-24T18:30:39Z</time>
   </trkpt>
   <trkpt lat="45.7514900" lon="4.7635290">
    <ele>207.1</ele>
    <time>2026-03-24T18:30:40Z</time>
   </trkpt>
   <trkpt lat="45.7514790" lon="4.7635390">
    <ele>207.1</ele>
    <time>2026-03-24T18:30:41Z</time>
   </trkpt>
   <trkpt lat="45.7514440" lon="4.7635660">
    <ele>207.4</ele>
    <time>2026-03-24T18:30:42Z</time>
   </trkpt>
   <trkpt lat="45.7514310" lon="4.7635790">
    <ele>207.4</ele>
    <time>2026-03-24T18:30:43Z</time>
   </trkpt>
   <trkpt lat="45.7514140" lon="4.7636110">
    <ele>207.6</ele>
    <time>2026-03-24T18:30:44Z</time>
   </trkpt>
   <trkpt lat="45.7513970" lon="4.7636410">
    <ele>207.8</ele>
    <time>2026-03-24T18:30:45Z</time>
   </trkpt>
   <trkpt lat="45.7513730" lon="4.7636610">
    <ele>207.9</ele>
    <time>2026-03-24T18:30:46Z</time>
   </trkpt>
   <trkpt lat="45.7513480" lon="4.7636820">
    <ele>208.1</ele>
    <time>2026-03-24T18:30:47Z</time>
   </trkpt>
   <trkpt lat="45.7513250" lon="4.7637190">
    <ele>208.3</ele>
    <time>2026-03-24T18:30:48Z</time>
   </trkpt>
   <trkpt lat="45.7513160" lon="4.7637320">
    <ele>208.4</ele>
    <time>2026-03-24T18:30:49Z</time>
   </trkpt>
   <trkpt lat="45.7512880" lon="4.7637530">
    <ele>208.6</ele>
    <time>2026-03-24T18:30:50Z</time>
   </trkpt>
   <trkpt lat="45.7512770" lon="4.7637570">
    <ele>208.6</ele>
    <time>2026-03-24T18:30:51Z</time>
   </trkpt>
   <trkpt lat="45.7512530" lon="4.7637900">
    <ele>208.8</ele>
    <time>2026-03-24T18:30:52Z</time>
   </trkpt>
   <trkpt lat="45.7512320" lon="4.7638150">
    <ele>209.0</ele>
    <time>2026-03-24T18:30:53Z</time>
   </trkpt>
   <trkpt lat="45.7512030" lon="4.7638430">
    <ele>209.2</ele>
    <time>2026-03-24T18:30:54Z</time>
   </trkpt>
   <trkpt lat="45.7511940" lon="4.7638510">
    <ele>209.3</ele>
    <time>2026-03-24T18:30:55Z</time>
   </trkpt>
   <trkpt lat="45.7511630" lon="4.7638720">
    <ele>209.5</ele>
    <time>2026-03-24T18:30:56Z</time>
   </trkpt>
   <trkpt lat="45.7511500" lon="4.7638790">
    <ele>209.6</ele>
    <time>2026-03-24T18:30:57Z</time>
   </trkpt>
   <trkpt lat="45.7511180" lon="4.7639080">
    <ele>209.8</ele>
    <time>2026-03-24T18:30:58Z</time>
   </trkpt>
   <trkpt lat="45.7511090" lon="4.7639190">
    <ele>209.9</ele>
    <time>2026-03-24T18:30:59Z</time>
   </trkpt>
   <trkpt lat="45.7510780" lon="4.7639410">
    <ele>210.1</ele>
    <time>2026-03-24T18:31:00Z</time>
   </trkpt>
   <trkpt lat="45.7510690" lon="4.7639530">
    <ele>210.2</ele>
    <time>2026-03-24T18:31:01Z</time>
   </trkpt>
   <trkpt lat="45.7510500" lon="4.7639940">
    <ele>210.4</ele>
    <time>2026-03-24T18:31:02Z</time>
   </trkpt>
   <trkpt lat="45.7510430" lon="4.7640060">
    <ele>210.5</ele>
    <time>2026-03-24T18:31:03Z</time>
   </trkpt>
   <trkpt lat="45.7510090" lon="4.7640310">
    <ele>210.7</ele>
    <time>2026-03-24T18:31:04Z</time>
   </trkpt>
   <trkpt lat="45.7509980" lon="4.7640420">
    <ele>210.8</ele>
    <time>2026-03-24T18:31:05Z</time>
   </trkpt>
   <trkpt lat="45.7509720" lon="4.7640660">
    <ele>211.0</ele>
    <time>2026-03-24T18:31:06Z</time>
   </trkpt>
   <trkpt lat="45.7509460" lon="4.7640850">
    <ele>211.2</ele>
    <time>2026-03-24T18:31:07Z</time>
   </trkpt>
   <trkpt lat="45.7509350" lon="4.7641220">
    <ele>211.4</ele>
    <time>2026-03-24T18:31:08Z</time>
   </trkpt>
   <trkpt lat="45.7509080" lon="4.7641500">
    <ele>211.6</ele>
    <time>2026-03-24T18:31:09Z</time>
   </trkpt>
   <trkpt lat="45.7509000" lon="4.7641550">
    <ele>211.7</ele>
    <time>2026-03-24T18:31:10Z</time>
   </trkpt>
   <trkpt lat="45.7508760" lon="4.7641790">
    <ele>211.9</ele>
    <time>2026-03-24T18:31:11Z</time>
   </trkpt>
   <trkpt lat="45.7508470" lon="4.7642100">
    <ele>212.2</ele>
    <time>2026-03-24T18:31:12Z</time>
   </trkpt>
   <trkpt lat="45.7508370" lon="4.7642170">
    <ele>212.2</ele>
    <time>2026-03-24T18:31:13Z</time>
   </trkpt>
   <trkpt lat="45.7508100" lon="4.7642480">
    <ele>212.5</ele>
    <time>2026-03-24T18:31:14Z</time>
   </trkpt>
   <trkpt lat="45.7508000" lon="4.7642550">
    <ele>212.6</ele>
    <time>2026-03-24T18:31:15Z</time>
   </trkpt>
   <trkpt lat="45.7507680" lon="4.7642740">
    <ele>212.9</ele>
    <time>2026-03-24T18:31:16Z</time>
   </trkpt>
   <trkpt lat="45.7507600" lon="4.7642870">
    <ele>213.0</ele>
    <time>2026-03-24T18:31:17Z</time>
   </trkpt>
   <trkpt lat="45.7507320" lon="4.7643210">
    <ele>213.3</ele>
    <time>2026-03-24T18:31:18Z</time>
   </trkpt>
   <trkpt lat="45.7507190" lon="4.7643320">
    <ele>213.4</ele>
    <time>2026-03-24T18:31:19Z</time>
   </trkpt>
   <trkpt lat="45.7506860" lon="4.7643500">
    <ele>213.7</ele>
    <time>2026-03-24T18:31:20Z</time>
   </trkpt>
   <trkpt lat="45.7506750" lon="4.7643570">
    <ele>213.8</ele>
    <time>2026-03-24T18:31:21Z</time>
   </trkpt>
   <trkpt lat="45.7506610" lon="4.7643920">
    <ele>214.0</ele>
    <time>2026-03-24T18:31:22Z</time>
   </trkpt>
   <trkpt lat="45.7506420" lon="4.7644260">
    <ele>214.3</ele>
    <time>2026-03-24T18:31:23Z</time>
   </trkpt>
   <trkpt lat="45.7506230" lon="4.7644590">
    <ele>214.5</ele>
    <time>2026-03-24T18:31:24Z</time>
   </trkpt>
   <trkpt lat="45.7506200" lon="4.7644690">
    <ele>214.6</ele>
    <time>2026-03-24T18:31:25Z</time>
   </trkpt>
   <trkpt lat="45.7505990" lon="4.7645130">
    <ele>214.9</ele>
    <time>2026-03-24T18:31:26Z</time>
   </trkpt>
   <trkpt lat="45.7505900" lon="4.7645240">
    <ele>215.0</ele>
    <time>2026-03-24T18:31:27Z</time>
   </trkpt>
   <trkpt lat="45.7505680" lon="4.7645620">
    <ele>215.3</ele>
    <time>2026-03-24T18:31:28Z</time>
   </trkpt>
   <trkpt lat="45.7505580" lon="4.7645790">
    <ele>215.5</ele>
    <time>2026-03-24T18:31:29Z</time>
   </trkpt>
   <trkpt lat="45.7505470" lon="4.7646240">
    <ele>215.8</ele>
    <time>2026-03-24T18:31:30Z</time>
   </trkpt>
   <trkpt lat="45.7505450" lon="4.7646380">
    <ele>215.9</ele>
    <time>2026-03-24T18:31:31Z</time>
   </trkpt>
   <trkpt lat="45.7505400" lon="4.7646900">
    <ele>216.2</ele>
    <time>2026-03-24T18:31:32Z</time>
   </trkpt>
   <trkpt lat="45.7505350" lon="4.7647070">
    <ele>216.3</ele>
    <time>2026-03-24T18:31:33Z</time>
   </trkpt>
   <trkpt lat="45.7505330" lon="4.7647470">
    <ele>216.6</ele>
    <time>2026-03-24T18:31:34Z</time>
   </trkpt>
   <trkpt lat="45.7505220" lon="4.7647960">
    <ele>216.9</ele>
    <time>2026-03-24T18:31:35Z</time>
   </trkpt>
   <trkpt lat="45.7505230" lon="4.7648420">
    <ele>217.1</ele>
    <time>2026-03-24T18:31:36Z</time>
   </trkpt>
   <trkpt lat="45.7505240" lon="4.7648540">
    <ele>217.2</ele>
    <time>2026-03-24T18:31:37Z</time>
   </trkpt>
   <trkpt lat="45.7505220" lon="4.7648930">
    <ele>217.4</ele>
    <time>2026-03-24T18:31:38Z</time>
   </trkpt>
   <trkpt lat="45.7505200" lon="4.7649440">
    <ele>217.7</ele>
    <time>2026-03-24T18:31:39Z</time>
   </trkpt>
   <trkpt lat="45.7505180" lon="4.7649590">
    <ele>217.8</ele>
    <time>2026-03-24T18:31:40Z</time>
   </trkpt>
   <trkpt lat="45.7505180" lon="4.7650050">
    <ele>218.0</ele>
    <time>2026-03-24T18:31:41Z</time>
   </trkpt>
   <trkpt lat="45.7505170" lon="4.7650230">
    <ele>218.1</ele>
    <time>2026-03-24T18:31:42Z</time>
   </trkpt>
   <trkpt lat="45.7505180" lon="4.7650440">
    <ele>218.2</ele>
    <time>2026-03-24T18:31:43Z</time>
   </trkpt>
   <trkpt lat="45.7505160" lon="4.7650640">
    <ele>218.3</ele>
    <time>2026-03-24T18:31:44Z</time>
   </trkpt>
   <trkpt lat="45.7505480" lon="4.7653240">
    <ele>219.3</ele>
    <time>2026-03-24T18:32:22Z</time>
   </trkpt>
   <trkpt lat="45.7505400" lon="4.7653350">
    <ele>219.4</ele>
    <time>2026-03-24T18:32:23Z</time>
   </trkpt>
   <trkpt lat="45.7505210" lon="4.7653510">
    <ele>219.5</ele>
    <time>2026-03-24T18:32:24Z</time>
   </trkpt>
   <trkpt lat="45.7505130" lon="4.7653640">
    <ele>219.5</ele>
    <time>2026-03-24T18:32:25Z</time>
   </trkpt>
   <trkpt lat="45.7504980" lon="4.7653740">
    <ele>219.6</ele>
    <time>2026-03-24T18:32:26Z</time>
   </trkpt>
   <trkpt lat="45.7504850" lon="4.7653910">
    <ele>219.7</ele>
    <time>2026-03-24T18:32:27Z</time>
   </trkpt>
   <trkpt lat="45.7504760" lon="4.7654120">
    <ele>219.8</ele>
    <time>2026-03-24T18:32:28Z</time>
   </trkpt>
   <trkpt lat="45.7504690" lon="4.7654250">
    <ele>219.9</ele>
    <time>2026-03-24T18:32:29Z</time>
   </trkpt>
   <trkpt lat="45.7504630" lon="4.7654350">
    <ele>219.9</ele>
    <time>2026-03-24T18:32:30Z</time>
   </trkpt>
   <trkpt lat="45.7504670" lon="4.7654490">
    <ele>219.9</ele>
    <time>2026-03-24T18:32:31Z</time>
   </trkpt>
   <trkpt lat="45.7504630" lon="4.7654930">
    <ele>220.0</ele>
    <time>2026-03-24T18:32:32Z</time>
   </trkpt>
   <trkpt lat="45.7504600" lon="4.7655050">
    <ele>220.1</ele>
    <time>2026-03-24T18:32:33Z</time>
   </trkpt>
   <trkpt lat="45.7504590" lon="4.7655240">
    <ele>220.1</ele>
    <time>2026-03-24T18:32:34Z</time>
   </trkpt>
   <trkpt lat="45.7504540" lon="4.7655540">
    <ele>220.2</ele>
    <time>2026-03-24T18:32:35Z</time>
   </trkpt>
   <trkpt lat="45.7504440" lon="4.7655770">
    <ele>220.2</ele>
    <time>2026-03-24T18:32:36Z</time>
   </trkpt>
   <trkpt lat="45.7504410" lon="4.7655930">
    <ele>220.3</ele>
    <time>2026-03-24T18:32:37Z</time>
   </trkpt>
   <trkpt lat="45.7504460" lon="4.7656300">
    <ele>220.3</ele>
    <time>2026-03-24T18:32:38Z</time>
   </trkpt>
   <trkpt lat="45.7504480" lon="4.7656460">
    <ele>220.3</ele>
    <time>2026-03-24T18:32:39Z</time>
   </trkpt>
   <trkpt lat="45.7504430" lon="4.7656970">
    <ele>220.4</ele>
    <time>2026-03-24T18:32:40Z</time>
   </trkpt>
   <trkpt lat="45.7504420" lon="4.7657130">
    <ele>220.4</ele>
    <time>2026-03-24T18:32:41Z</time>
   </trkpt>
   <trkpt lat="45.7504480" lon="4.7657570">
    <ele>220.5</ele>
    <time>2026-03-24T18:32:42Z</time>
   </trkpt>
   <trkpt lat="45.7504440" lon="4.7658030">
    <ele>220.5</ele>
    <time>2026-03-24T18:32:43Z</time>
   </trkpt>
   <trkpt lat="45.7504440" lon="4.7658180">
    <ele>220.5</ele>
    <time>2026-03-24T18:32:44Z</time>
   </trkpt>
   <trkpt lat="45.7504490" lon="4.7658730">
    <ele>220.6</ele>
    <time>2026-03-24T18:32:45Z</time>
   </trkpt>
   <trkpt lat="45.7504570" lon="4.7658970">
    <ele>220.6</ele>
    <time>2026-03-24T18:32:46Z</time>
   </trkpt>
   <trkpt lat="45.7504870" lon="4.7659410">
    <ele>220.7</ele>
    <time>2026-03-24T18:32:47Z</time>
   </trkpt>
   <trkpt lat="45.7505100" lon="4.7659650">
    <ele>220.7</ele>
    <time>2026-03-24T18:32:48Z</time>
   </trkpt>
   <trkpt lat="45.7505420" lon="4.7659850">
    <ele>220.7</ele>
    <time>2026-03-24T18:32:49Z</time>
   </trkpt>
   <trkpt lat="45.7505520" lon="4.7659870">
    <ele>220.7</ele>
    <time>2026-03-24T18:32:50Z</time>
   </trkpt>
   <trkpt lat="45.7505870" lon="4.7659850">
    <ele>220.7</ele>
    <time>2026-03-24T18:32:51Z</time>
   </trkpt>
   <trkpt lat="45.7505960" lon="4.7659920">
    <ele>220.7</ele>
    <time>2026-03-24T18:32:52Z</time>
   </trkpt>
   <trkpt lat="45.7506000" lon="4.7660410">
    <ele>220.7</ele>
    <time>2026-03-24T18:32:53Z</time>
   </trkpt>
   <trkpt lat="45.7506030" lon="4.7660590">
    <ele>220.7</ele>
    <time>2026-03-24T18:32:54Z</time>
   </trkpt>
   <trkpt lat="45.7506150" lon="4.7660940">
    <ele>220.6</ele>
    <time>2026-03-24T18:32:55Z</time>
   </trkpt>
   <trkpt lat="45.7506200" lon="4.7661040">
    <ele>220.6</ele>
    <time>2026-03-24T18:32:56Z</time>
   </trkpt>
   <trkpt lat="45.7506280" lon="4.7661300">
    <ele>220.6</ele>
    <time>2026-03-24T18:32:57Z</time>
   </trkpt>
   <trkpt lat="45.7506310" lon="4.7661470">
    <ele>220.5</ele>
    <time>2026-03-24T18:32:58Z</time>
   </trkpt>
   <trkpt lat="45.7506490" lon="4.7661800">
    <ele>220.5</ele>
    <time>2026-03-24T18:32:59Z</time>
   </trkpt>
   <trkpt lat="45.7506540" lon="4.7661930">
    <ele>220.4</ele>
    <time>2026-03-24T18:33:00Z</time>
   </trkpt>
   <trkpt lat="45.7506660" lon="4.7662140">
    <ele>220.3</ele>
    <time>2026-03-24T18:33:01Z</time>
   </trkpt>
   <trkpt lat="45.7506620" lon="4.7662440">
    <ele>220.2</ele>
    <time>2026-03-24T18:33:02Z</time>
   </trkpt>
   <trkpt lat="45.7506550" lon="4.7662860">
    <ele>220.0</ele>
    <time>2026-03-24T18:33:03Z</time>
   </trkpt>
   <trkpt lat="45.7506560" lon="4.7663050">
    <ele>219.9</ele>
    <time>2026-03-24T18:33:04Z</time>
   </trkpt>
   <trkpt lat="45.7506680" lon="4.7663400">
    <ele>219.8</ele>
    <time>2026-03-24T18:33:05Z</time>
   </trkpt>
   <trkpt lat="45.7506840" lon="4.7663890">
    <ele>219.6</ele>
    <time>2026-03-24T18:33:06Z</time>
   </trkpt>
   <trkpt lat="45.7506850" lon="4.7664080">
    <ele>219.5</ele>
    <time>2026-03-24T18:33:07Z</time>
   </trkpt>
   <trkpt lat="45.7506880" lon="4.7664540">
    <ele>219.3</ele>
    <time>2026-03-24T18:33:08Z</time>
   </trkpt>
   <trkpt lat="45.7506890" lon="4.7664720">
    <ele>219.2</ele>
    <time>2026-03-24T18:33:09Z</time>
   </trkpt>
   <trkpt lat="45.7506870" lon="4.7665130">
    <ele>219.1</ele>
    <time>2026-03-24T18:33:10Z</time>
   </trkpt>
   <trkpt lat="45.7506910" lon="4.7665540">
    <ele>218.9</ele>
    <time>2026-03-24T18:33:11Z</time>
   </trkpt>
   <trkpt lat="45.7507080" lon="4.7665990">
    <ele>218.7</ele>
    <time>2026-03-24T18:33:12Z</time>
   </trkpt>
   <trkpt lat="45.7507190" lon="4.7666470">
    <ele>218.5</ele>
    <time>2026-03-24T18:33:13Z</time>
   </trkpt>
   <trkpt lat="45.7507240" lon="4.7666640">
    <ele>218.4</ele>
    <time>2026-03-24T18:33:14Z</time>
   </trkpt>
   <trkpt lat="45.7507400" lon="4.7666990">
    <ele>218.2</ele>
    <time>2026-03-24T18:33:15Z</time>
   </trkpt>
   <trkpt lat="45.7507560" lon="4.7667460">
    <ele>218.0</ele>
    <time>2026-03-24T18:33:16Z</time>
   </trkpt>
   <trkpt lat="45.7507560" lon="4.7667650">
    <ele>217.9</ele>
    <time>2026-03-24T18:33:17Z</time>
   </trkpt>
   <trkpt lat="45.7507580" lon="4.7668030">
    <ele>217.8</ele>
    <time>2026-03-24T18:33:18Z</time>
   </trkpt>
   <trkpt lat="45.7507610" lon="4.7668440">
    <ele>217.6</ele>
    <time>2026-03-24T18:33:19Z</time>
   </trkpt>
   <trkpt lat="45.7507550" lon="4.7668870">
    <ele>217.5</ele>
    <time>2026-03-24T18:33:20Z</time>
   </trkpt>
   <trkpt lat="45.7507480" lon="4.7669030">
    <ele>217.4</ele>
    <time>2026-03-24T18:33:21Z</time>
   </trkpt>
   <trkpt lat="45.7507540" lon="4.7669580">
    <ele>217.2</ele>
    <time>2026-03-24T18:33:22Z</time>
   </trkpt>
   <trkpt lat="45.7507600" lon="4.7669760">
    <ele>217.1</ele>
    <time>2026-03-24T18:33:23Z</time>
   </trkpt>
   <trkpt lat="45.7507680" lon="4.7670300">
    <ele>217.0</ele>
    <time>2026-03-24T18:33:24Z</time>
   </trkpt>
   <trkpt lat="45.7507740" lon="4.7670500">
    <ele>216.9</ele>
    <time>2026-03-24T18:33:25Z</time>
   </trkpt>
   <trkpt lat="45.7507870" lon="4.7670900">
    <ele>216.7</ele>
    <time>2026-03-24T18:33:26Z</time>
   </trkpt>
   <trkpt lat="45.7507960" lon="4.7671400">
    <ele>216.6</ele>
    <time>2026-03-24T18:33:27Z</time>
   </trkpt>
   <trkpt lat="45.7507990" lon="4.7671610">
    <ele>216.5</ele>
    <time>2026-03-24T18:33:28Z</time>
   </trkpt>
   <trkpt lat="45.7508060" lon="4.7672090">
    <ele>216.3</ele>
    <time>2026-03-24T18:33:29Z</time>
   </trkpt>
   <trkpt lat="45.7508050" lon="4.7672270">
    <ele>216.3</ele>
    <time>2026-03-24T18:33:30Z</time>
   </trkpt>
   <trkpt lat="45.7508130" lon="4.7672670">
    <ele>216.2</ele>
    <time>2026-03-24T18:33:31Z</time>
   </trkpt>
   <trkpt lat="45.7508190" lon="4.7673050">
    <ele>216.1</ele>
    <time>2026-03-24T18:33:32Z</time>
   </trkpt>
   <trkpt lat="45.7508310" lon="4.7673470">
    <ele>215.9</ele>
    <time>2026-03-24T18:33:33Z</time>
   </trkpt>
   <trkpt lat="45.7508350" lon="4.7673630">
    <ele>215.9</ele>
    <time>2026-03-24T18:33:34Z</time>
   </trkpt>
   <trkpt lat="45.7508490" lon="4.7674050">
    <ele>215.8</ele>
    <time>2026-03-24T18:33:35Z</time>
   </trkpt>
   <trkpt lat="45.7508570" lon="4.7674500">
    <ele>215.7</ele>
    <time>2026-03-24T18:33:36Z</time>
   </trkpt>
   <trkpt lat="45.7508670" lon="4.7674860">
    <ele>215.6</ele>
    <time>2026-03-24T18:33:37Z</time>
   </trkpt>
   <trkpt lat="45.7508770" lon="4.7675240">
    <ele>215.6</ele>
    <time>2026-03-24T18:33:38Z</time>
   </trkpt>
   <trkpt lat="45.7508870" lon="4.7675710">
    <ele>215.5</ele>
    <time>2026-03-24T18:33:39Z</time>
   </trkpt>
   <trkpt lat="45.7508970" lon="4.7676120">
    <ele>215.4</ele>
    <time>2026-03-24T18:33:40Z</time>
   </trkpt>
   <trkpt lat="45.7508980" lon="4.7676540">
    <ele>215.3</ele>
    <time>2026-03-24T18:33:41Z</time>
   </trkpt>
   <trkpt lat="45.7508940" lon="4.7676970">
    <ele>215.3</ele>
    <time>2026-03-24T18:33:42Z</time>
   </trkpt>
   <trkpt lat="45.7508910" lon="4.7677110">
    <ele>215.3</ele>
    <time>2026-03-24T18:33:43Z</time>
   </trkpt>
   <trkpt lat="45.7509020" lon="4.7677570">
    <ele>215.2</ele>
    <time>2026-03-24T18:33:44Z</time>
   </trkpt>
   <trkpt lat="45.7509050" lon="4.7677740">
    <ele>215.2</ele>
    <time>2026-03-24T18:33:45Z</time>
   </trkpt>
   <trkpt lat="45.7509220" lon="4.7678210">
    <ele>215.1</ele>
    <time>2026-03-24T18:33:46Z</time>
   </trkpt>
   <trkpt lat="45.7509250" lon="4.7678350">
    <ele>215.1</ele>
    <time>2026-03-24T18:33:47Z</time>
   </trkpt>
   <trkpt lat="45.7509260" lon="4.7678560">
    <ele>215.1</ele>
    <time>2026-03-24T18:33:48Z</time>
   </trkpt>
   <trkpt lat="45.7509330" lon="4.7678790">
    <ele>215.1</ele>
    <time>2026-03-24T18:33:49Z</time>
   </trkpt>
   <trkpt lat="45.7509600" lon="4.7679150">
    <ele>215.1</ele>
    <time>2026-03-24T18:33:50Z</time>
   </trkpt>
   <trkpt lat="45.7509670" lon="4.7679630">
    <ele>215.0</ele>
    <time>2026-03-24T18:33:51Z</time>
   </trkpt>
   <trkpt lat="45.7509690" lon="4.7679780">
    <ele>215.0</ele>
    <time>2026-03-24T18:33:52Z</time>
   </trkpt>
   <trkpt lat="45.7509720" lon="4.7680280">
    <ele>215.0</ele>
    <time>2026-03-24T18:33:53Z</time>
   </trkpt>
   <trkpt lat="45.7509750" lon="4.7680430">
    <ele>215.0</ele>
    <time>2026-03-24T18:33:54Z</time>
   </trkpt>
   <trkpt lat="45.7509780" lon="4.7680880">
    <ele>215.0</ele>
    <time>2026-03-24T18:33:55Z</time>
   </trkpt>
   <trkpt lat="45.7509780" lon="4.7681020">
    <ele>215.0</ele>
    <time>2026-03-24T18:33:56Z</time>
   </trkpt>
   <trkpt lat="45.7509820" lon="4.7681310">
    <ele>215.0</ele>
    <time>2026-03-24T18:33:57Z</time>
   </trkpt>
   <trkpt lat="45.7509900" lon="4.7681750">
    <ele>215.0</ele>
    <time>2026-03-24T18:33:59Z</time>
   </trkpt>
   <trkpt lat="45.7509990" lon="4.7682190">
    <ele>215.0</ele>
    <time>2026-03-24T18:34:00Z</time>
   </trkpt>
   <trkpt lat="45.7510090" lon="4.7682640">
    <ele>215.0</ele>
    <time>2026-03-24T18:34:01Z</time>
   </trkpt>
   <trkpt lat="45.7510110" lon="4.7682810">
    <ele>215.0</ele>
    <time>2026-03-24T18:34:02Z</time>
   </trkpt>
   <trkpt lat="45.7510050" lon="4.7683320">
    <ele>215.0</ele>
    <time>2026-03-24T18:34:03Z</time>
   </trkpt>
   <trkpt lat="45.7510060" lon="4.7683480">
    <ele>215.0</ele>
    <time>2026-03-24T18:34:04Z</time>
   </trkpt>
   <trkpt lat="45.7510130" lon="4.7683970">
    <ele>215.0</ele>
    <time>2026-03-24T18:34:05Z</time>
   </trkpt>
   <trkpt lat="45.7510180" lon="4.7684210">
    <ele>215.0</ele>
    <time>2026-03-24T18:34:06Z</time>
   </trkpt>
   <trkpt lat="45.7510310" lon="4.7684600">
    <ele>215.0</ele>
    <time>2026-03-24T18:34:07Z</time>
   </trkpt>
   <trkpt lat="45.7510440" lon="4.7685020">
    <ele>215.1</ele>
    <time>2026-03-24T18:34:08Z</time>
   </trkpt>
   <trkpt lat="45.7510670" lon="4.7685480">
    <ele>215.1</ele>
    <time>2026-03-24T18:34:09Z</time>
   </trkpt>
   <trkpt lat="45.7510740" lon="4.7685630">
    <ele>215.1</ele>
    <time>2026-03-24T18:34:10Z</time>
   </trkpt>
   <trkpt lat="45.7510920" lon="4.7686060">
    <ele>215.1</ele>
    <time>2026-03-24T18:34:11Z</time>
   </trkpt>
   <trkpt lat="45.7510970" lon="4.7686230">
    <ele>215.1</ele>
    <time>2026-03-24T18:34:12Z</time>
   </trkpt>
   <trkpt lat="45.7511130" lon="4.7686540">
    <ele>215.1</ele>
    <time>2026-03-24T18:34:13Z</time>
   </trkpt>
   <trkpt lat="45.7511410" lon="4.7687010">
    <ele>215.1</ele>
    <time>2026-03-24T18:34:14Z</time>
   </trkpt>
   <trkpt lat="45.7511520" lon="4.7687190">
    <ele>215.1</ele>
    <time>2026-03-24T18:34:15Z</time>
   </trkpt>
   <trkpt lat="45.7511670" lon="4.7687520">
    <ele>215.1</ele>
    <time>2026-03-24T18:34:16Z</time>
   </trkpt>
   <trkpt lat="45.7511790" lon="4.7687870">
    <ele>215.1</ele>
    <time>2026-03-24T18:34:17Z</time>
   </trkpt>
   <trkpt lat="45.7511980" lon="4.7688270">
    <ele>215.1</ele>
    <time>2026-03-24T18:34:18Z</time>
   </trkpt>
   <trkpt lat="45.7512060" lon="4.7688420">
    <ele>215.1</ele>
    <time>2026-03-24T18:34:19Z</time>
   </trkpt>
   <trkpt lat="45.7512480" lon="4.7689050">
    <ele>215.1</ele>
    <time>2026-03-24T18:34:20Z</time>
   </trkpt>
   <trkpt lat="45.7512680" lon="4.7689350">
    <ele>215.1</ele>
    <time>2026-03-24T18:34:21Z</time>
   </trkpt>
   <trkpt lat="45.7512890" lon="4.7689720">
    <ele>215.1</ele>
    <time>2026-03-24T18:34:22Z</time>
   </trkpt>
   <trkpt lat="45.7513080" lon="4.7690130">
    <ele>215.1</ele>
    <time>2026-03-24T18:34:23Z</time>
   </trkpt>
   <trkpt lat="45.7513110" lon="4.7690270">
    <ele>215.1</ele>
    <time>2026-03-24T18:34:24Z</time>
   </trkpt>
   <trkpt lat="45.7513240" lon="4.7690780">
    <ele>215.1</ele>
    <time>2026-03-24T18:34:25Z</time>
   </trkpt>
   <trkpt lat="45.7513260" lon="4.7690950">
    <ele>215.1</ele>
    <time>2026-03-24T18:34:26Z</time>
   </trkpt>
   <trkpt lat="45.7513340" lon="4.7691460">
    <ele>215.1</ele>
    <time>2026-03-24T18:34:27Z</time>
   </trkpt>
   <trkpt lat="45.7513340" lon="4.7691640">
    <ele>215.1</ele>
    <time>2026-03-24T18:34:28Z</time>
   </trkpt>
   <trkpt lat="45.7513470" lon="4.7692050">
    <ele>215.0</ele>
    <time>2026-03-24T18:34:29Z</time>
   </trkpt>
   <trkpt lat="45.7513690" lon="4.7692430">
    <ele>215.0</ele>
    <time>2026-03-24T18:34:30Z</time>
   </trkpt>
   <trkpt lat="45.7513750" lon="4.7692590">
    <ele>215.0</ele>
    <time>2026-03-24T18:34:31Z</time>
   </trkpt>
   <trkpt lat="45.7513890" lon="4.7693010">
    <ele>215.0</ele>
    <time>2026-03-24T18:34:32Z</time>
   </trkpt>
   <trkpt lat="45.7513900" lon="4.7693160">
    <ele>215.0</ele>
    <time>2026-03-24T18:34:33Z</time>
   </trkpt>
   <trkpt lat="45.7513990" lon="4.7693430">
    <ele>215.0</ele>
    <time>2026-03-24T18:34:34Z</time>
   </trkpt>
   <trkpt lat="45.7514090" lon="4.7693750">
    <ele>215.0</ele>
    <time>2026-03-24T18:34:36Z</time>
   </trkpt>
   <trkpt lat="45.7514220" lon="4.7694100">
    <ele>215.0</ele>
    <time>2026-03-24T18:34:37Z</time>
   </trkpt>
   <trkpt lat="45.7514400" lon="4.7694610">
    <ele>215.0</ele>
    <time>2026-03-24T18:34:38Z</time>
   </trkpt>
   <trkpt lat="45.7514480" lon="4.7694780">
    <ele>215.0</ele>
    <time>2026-03-24T18:34:39Z</time>
   </trkpt>
   <trkpt lat="45.7514630" lon="4.7695120">
    <ele>215.0</ele>
    <time>2026-03-24T18:34:40Z</time>
   </trkpt>
   <trkpt lat="45.7514820" lon="4.7695520">
    <ele>215.0</ele>
    <time>2026-03-24T18:34:41Z</time>
   </trkpt>
   <trkpt lat="45.7514850" lon="4.7695670">
    <ele>215.0</ele>
    <time>2026-03-24T18:34:42Z</time>
   </trkpt>
   <trkpt lat="45.7515060" lon="4.7696090">
    <ele>215.0</ele>
    <time>2026-03-24T18:34:43Z</time>
   </trkpt>
   <trkpt lat="45.7515100" lon="4.7696240">
    <ele>215.0</ele>
    <time>2026-03-24T18:34:44Z</time>
   </trkpt>
   <trkpt lat="45.7515320" lon="4.7696750">
    <ele>215.1</ele>
    <time>2026-03-24T18:34:45Z</time>
   </trkpt>
   <trkpt lat="45.7515420" lon="4.7696940">
    <ele>215.1</ele>
    <time>2026-03-24T18:34:46Z</time>
   </trkpt>
   <trkpt lat="45.7515610" lon="4.7697260">
    <ele>215.1</ele>
    <time>2026-03-24T18:34:47Z</time>
   </trkpt>
   <trkpt lat="45.7515760" lon="4.7697600">
    <ele>215.1</ele>
    <time>2026-03-24T18:34:48Z</time>
   </trkpt>
   <trkpt lat="45.7515920" lon="4.7697930">
    <ele>215.2</ele>
    <time>2026-03-24T18:34:49Z</time>
   </trkpt>
   <trkpt lat="45.7516040" lon="4.7698280">
    <ele>215.2</ele>
    <time>2026-03-24T18:34:50Z</time>
   </trkpt>
   <trkpt lat="45.7516270" lon="4.7698720">
    <ele>215.2</ele>
    <time>2026-03-24T18:34:51Z</time>
   </trkpt>
   <trkpt lat="45.7516380" lon="4.7698860">
    <ele>215.3</ele>
    <time>2026-03-24T18:34:52Z</time>
   </trkpt>
   <trkpt lat="45.7516580" lon="4.7699270">
    <ele>215.3</ele>
    <time>2026-03-24T18:34:53Z</time>
   </trkpt>
   <trkpt lat="45.7516640" lon="4.7699390">
    <ele>215.3</ele>
    <time>2026-03-24T18:34:54Z</time>
   </trkpt>
   <trkpt lat="45.7516780" lon="4.7699820">
    <ele>215.3</ele>
    <time>2026-03-24T18:34:55Z</time>
   </trkpt>
   <trkpt lat="45.7516850" lon="4.7699970">
    <ele>215.4</ele>
    <time>2026-03-24T18:34:56Z</time>
   </trkpt>
   <trkpt lat="45.7517090" lon="4.7700230">
    <ele>215.4</ele>
    <time>2026-03-24T18:34:57Z</time>
   </trkpt>
   <trkpt lat="45.7517300" lon="4.7700660">
    <ele>215.4</ele>
    <time>2026-03-24T18:34:58Z</time>
   </trkpt>
   <trkpt lat="45.7517360" lon="4.7700800">
    <ele>215.4</ele>
    <time>2026-03-24T18:34:59Z</time>
   </trkpt>
   <trkpt lat="45.7517610" lon="4.7701260">
    <ele>215.5</ele>
    <time>2026-03-24T18:35:00Z</time>
   </trkpt>
   <trkpt lat="45.7517690" lon="4.7701430">
    <ele>215.5</ele>
    <time>2026-03-24T18:35:01Z</time>
   </trkpt>
   <trkpt lat="45.7517850" lon="4.7701780">
    <ele>215.5</ele>
    <time>2026-03-24T18:35:02Z</time>
   </trkpt>
   <trkpt lat="45.7518110" lon="4.7702210">
    <ele>215.6</ele>
    <time>2026-03-24T18:35:03Z</time>
   </trkpt>
   <trkpt lat="45.7518220" lon="4.7702360">
    <ele>215.6</ele>
    <time>2026-03-24T18:35:04Z</time>
   </trkpt>
   <trkpt lat="45.7518460" lon="4.7702770">
    <ele>215.6</ele>
    <time>2026-03-24T18:35:05Z</time>
   </trkpt>
   <trkpt lat="45.7518560" lon="4.7702900">
    <ele>215.6</ele>
    <time>2026-03-24T18:35:06Z</time>
   </trkpt>
   <trkpt lat="45.7518810" lon="4.7703290">
    <ele>215.7</ele>
    <time>2026-03-24T18:35:07Z</time>
   </trkpt>
   <trkpt lat="45.7518900" lon="4.7703420">
    <ele>215.7</ele>
    <time>2026-03-24T18:35:08Z</time>
   </trkpt>
   <trkpt lat="45.7519200" lon="4.7703790">
    <ele>215.7</ele>
    <time>2026-03-24T18:35:09Z</time>
   </trkpt>
   <trkpt lat="45.7519310" lon="4.7703920">
    <ele>215.7</ele>
    <time>2026-03-24T18:35:10Z</time>
   </trkpt>
   <trkpt lat="45.7519560" lon="4.7704320">
    <ele>215.7</ele>
    <time>2026-03-24T18:35:11Z</time>
   </trkpt>
   <trkpt lat="45.7519610" lon="4.7704450">
    <ele>215.7</ele>
    <time>2026-03-24T18:35:12Z</time>
   </trkpt>
   <trkpt lat="45.7519740" lon="4.7704790">
    <ele>215.8</ele>
    <time>2026-03-24T18:35:13Z</time>
   </trkpt>
   <trkpt lat="45.7519810" lon="4.7704900">
    <ele>215.8</ele>
    <time>2026-03-24T18:35:14Z</time>
   </trkpt>
   <trkpt lat="45.7520060" lon="4.7705240">
    <ele>215.8</ele>
    <time>2026-03-24T18:35:15Z</time>
   </trkpt>
   <trkpt lat="45.7520250" lon="4.7705580">
    <ele>215.8</ele>
    <time>2026-03-24T18:35:16Z</time>
   </trkpt>
   <trkpt lat="45.7520510" lon="4.7705870">
    <ele>215.8</ele>
    <time>2026-03-24T18:35:17Z</time>
   </trkpt>
   <trkpt lat="45.7520880" lon="4.7706160">
    <ele>215.8</ele>
    <time>2026-03-24T18:35:18Z</time>
   </trkpt>
   <trkpt lat="45.7521030" lon="4.7706260">
    <ele>215.8</ele>
    <time>2026-03-24T18:35:19Z</time>
   </trkpt>
   <trkpt lat="45.7521360" lon="4.7706460">
    <ele>215.9</ele>
    <time>2026-03-24T18:35:20Z</time>
   </trkpt>
   <trkpt lat="45.7521470" lon="4.7706520">
    <ele>215.9</ele>
    <time>2026-03-24T18:35:21Z</time>
   </trkpt>
   <trkpt lat="45.7521760" lon="4.7706650">
    <ele>215.9</ele>
    <time>2026-03-24T18:35:22Z</time>
   </trkpt>
   <trkpt lat="45.7521890" lon="4.7706730">
    <ele>215.9</ele>
    <time>2026-03-24T18:35:23Z</time>
   </trkpt>
   <trkpt lat="45.7522140" lon="4.7706900">
    <ele>215.9</ele>
    <time>2026-03-24T18:35:24Z</time>
   </trkpt>
   <trkpt lat="45.7522470" lon="4.7707150">
    <ele>216.0</ele>
    <time>2026-03-24T18:35:25Z</time>
   </trkpt>
   <trkpt lat="45.7522590" lon="4.7707260">
    <ele>216.0</ele>
    <time>2026-03-24T18:35:26Z</time>
   </trkpt>
   <trkpt lat="45.7522880" lon="4.7707600">
    <ele>216.0</ele>
    <time>2026-03-24T18:35:27Z</time>
   </trkpt>
   <trkpt lat="45.7522950" lon="4.7707740">
    <ele>216.0</ele>
    <time>2026-03-24T18:35:28Z</time>
   </trkpt>
   <trkpt lat="45.7523110" lon="4.7708220">
    <ele>216.1</ele>
    <time>2026-03-24T18:35:29Z</time>
   </trkpt>
   <trkpt lat="45.7523160" lon="4.7708400">
    <ele>216.1</ele>
    <time>2026-03-24T18:35:30Z</time>
   </trkpt>
   <trkpt lat="45.7523380" lon="4.7708770">
    <ele>216.1</ele>
    <time>2026-03-24T18:35:31Z</time>
   </trkpt>
   <trkpt lat="45.7523460" lon="4.7708910">
    <ele>216.1</ele>
    <time>2026-03-24T18:35:32Z</time>
   </trkpt>
   <trkpt lat="45.7523630" lon="4.7709240">
    <ele>216.1</ele>
    <time>2026-03-24T18:35:33Z</time>
   </trkpt>
   <trkpt lat="45.7523810" lon="4.7709640">
    <ele>216.1</ele>
    <time>2026-03-24T18:35:34Z</time>
   </trkpt>
   <trkpt lat="45.7523910" lon="4.7710120">
    <ele>216.1</ele>
    <time>2026-03-24T18:35:35Z</time>
   </trkpt>
   <trkpt lat="45.7523920" lon="4.7710270">
    <ele>216.1</ele>
    <time>2026-03-24T18:35:36Z</time>
   </trkpt>
   <trkpt lat="45.7523970" lon="4.7710650">
    <ele>216.1</ele>
    <time>2026-03-24T18:35:37Z</time>
   </trkpt>
   <trkpt lat="45.7523960" lon="4.7711110">
    <ele>216.1</ele>
    <time>2026-03-24T18:35:38Z</time>
   </trkpt>
   <trkpt lat="45.7523980" lon="4.7711290">
    <ele>216.1</ele>
    <time>2026-03-24T18:35:39Z</time>
   </trkpt>
   <trkpt lat="45.7524180" lon="4.7711810">
    <ele>216.1</ele>
    <time>2026-03-24T18:35:40Z</time>
   </trkpt>
   <trkpt lat="45.7524240" lon="4.7712020">
    <ele>216.1</ele>
    <time>2026-03-24T18:35:41Z</time>
   </trkpt>
   <trkpt lat="45.7524420" lon="4.7712360">
    <ele>216.1</ele>
    <time>2026-03-24T18:35:42Z</time>
   </trkpt>
   <trkpt lat="45.7524590" lon="4.7712670">
    <ele>216.1</ele>
    <time>2026-03-24T18:35:43Z</time>
   </trkpt>
   <trkpt lat="45.7524870" lon="4.7713120">
    <ele>216.1</ele>
    <time>2026-03-24T18:35:44Z</time>
   </trkpt>
   <trkpt lat="45.7524970" lon="4.7713290">
    <ele>216.1</ele>
    <time>2026-03-24T18:35:45Z</time>
   </trkpt>
   <trkpt lat="45.7525150" lon="4.7713620">
    <ele>216.1</ele>
    <time>2026-03-24T18:35:46Z</time>
   </trkpt>
   <trkpt lat="45.7525340" lon="4.7713890">
    <ele>216.1</ele>
    <time>2026-03-24T18:35:47Z</time>
   </trkpt>
   <trkpt lat="45.7525600" lon="4.7714340">
    <ele>216.1</ele>
    <time>2026-03-24T18:35:48Z</time>
   </trkpt>
   <trkpt lat="45.7525660" lon="4.7714530">
    <ele>216.1</ele>
    <time>2026-03-24T18:35:49Z</time>
   </trkpt>
   <trkpt lat="45.7525870" lon="4.7714890">
    <ele>216.1</ele>
    <time>2026-03-24T18:35:50Z</time>
   </trkpt>
   <trkpt lat="45.7526110" lon="4.7715320">
    <ele>216.1</ele>
    <time>2026-03-24T18:35:51Z</time>
   </trkpt>
   <trkpt lat="45.7526180" lon="4.7715460">
    <ele>216.1</ele>
    <time>2026-03-24T18:35:52Z</time>
   </trkpt>
   <trkpt lat="45.7526460" lon="4.7715660">
    <ele>216.1</ele>
    <time>2026-03-24T18:35:53Z</time>
   </trkpt>
   <trkpt lat="45.7526640" lon="4.7716070">
    <ele>216.1</ele>
    <time>2026-03-24T18:35:54Z</time>
   </trkpt>
   <trkpt lat="45.7526770" lon="4.7716430">
    <ele>216.0</ele>
    <time>2026-03-24T18:35:55Z</time>
   </trkpt>
   <trkpt lat="45.7526950" lon="4.7716900">
    <ele>216.0</ele>
    <time>2026-03-24T18:35:56Z</time>
   </trkpt>
   <trkpt lat="45.7526960" lon="4.7717060">
    <ele>216.0</ele>
    <time>2026-03-24T18:35:57Z</time>
   </trkpt>
   <trkpt lat="45.7527140" lon="4.7717360">
    <ele>216.0</ele>
    <time>2026-03-24T18:35:58Z</time>
   </trkpt>
   <trkpt lat="45.7527420" lon="4.7717650">
    <ele>216.0</ele>
    <time>2026-03-24T18:35:59Z</time>
   </trkpt>
   <trkpt lat="45.7527480" lon="4.7717720">
    <ele>216.0</ele>
    <time>2026-03-24T18:36:00Z</time>
   </trkpt>
   <trkpt lat="45.7527780" lon="4.7717940">
    <ele>216.0</ele>
    <time>2026-03-24T18:36:01Z</time>
   </trkpt>
   <trkpt lat="45.7527880" lon="4.7718060">
    <ele>216.0</ele>
    <time>2026-03-24T18:36:02Z</time>
   </trkpt>
   <trkpt lat="45.7528130" lon="4.7718290">
    <ele>216.0</ele>
    <time>2026-03-24T18:36:03Z</time>
   </trkpt>
   <trkpt lat="45.7528380" lon="4.7718580">
    <ele>216.0</ele>
    <time>2026-03-24T18:36:04Z</time>
   </trkpt>
   <trkpt lat="45.7528640" lon="4.7718820">
    <ele>216.0</ele>
    <time>2026-03-24T18:36:05Z</time>
   </trkpt>
   <trkpt lat="45.7528880" lon="4.7719060">
    <ele>216.0</ele>
    <time>2026-03-24T18:36:06Z</time>
   </trkpt>
   <trkpt lat="45.7529220" lon="4.7719380">
    <ele>216.0</ele>
    <time>2026-03-24T18:36:07Z</time>
   </trkpt>
   <trkpt lat="45.7529340" lon="4.7719490">
    <ele>216.0</ele>
    <time>2026-03-24T18:36:08Z</time>
   </trkpt>
   <trkpt lat="45.7529590" lon="4.7719750">
    <ele>216.0</ele>
    <time>2026-03-24T18:36:09Z</time>
   </trkpt>
   <trkpt lat="45.7529800" lon="4.7720030">
    <ele>216.0</ele>
    <time>2026-03-24T18:36:10Z</time>
   </trkpt>
   <trkpt lat="45.7530010" lon="4.7720370">
    <ele>216.0</ele>
    <time>2026-03-24T18:36:11Z</time>
   </trkpt>
   <trkpt lat="45.7530220" lon="4.7720670">
    <ele>216.0</ele>
    <time>2026-03-24T18:36:12Z</time>
   </trkpt>
   <trkpt lat="45.7530310" lon="4.7720770">
    <ele>216.0</ele>
    <time>2026-03-24T18:36:13Z</time>
   </trkpt>
   <trkpt lat="45.7530580" lon="4.7721060">
    <ele>216.0</ele>
    <time>2026-03-24T18:36:14Z</time>
   </trkpt>
   <trkpt lat="45.7532310" lon="4.7722240">
    <ele>216.0</ele>
    <time>2026-03-24T18:36:20Z</time>
   </trkpt>
   <trkpt lat="45.7532540" lon="4.7722340">
    <ele>216.0</ele>
    <time>2026-03-24T18:36:21Z</time>
   </trkpt>
   <trkpt lat="45.7532750" lon="4.7722580">
    <ele>216.0</ele>
    <time>2026-03-24T18:36:22Z</time>
   </trkpt>
   <trkpt lat="45.7533070" lon="4.7722790">
    <ele>216.0</ele>
    <time>2026-03-24T18:36:23Z</time>
   </trkpt>
   <trkpt lat="45.7533180" lon="4.7722880">
    <ele>216.0</ele>
    <time>2026-03-24T18:36:24Z</time>
   </trkpt>
   <trkpt lat="45.7533510" lon="4.7723050">
    <ele>216.0</ele>
    <time>2026-03-24T18:36:25Z</time>
   </trkpt>
   <trkpt lat="45.7533600" lon="4.7723140">
    <ele>216.0</ele>
    <time>2026-03-24T18:36:26Z</time>
   </trkpt>
   <trkpt lat="45.7533960" lon="4.7723320">
    <ele>216.1</ele>
    <time>2026-03-24T18:36:27Z</time>
   </trkpt>
   <trkpt lat="45.7534250" lon="4.7723590">
    <ele>216.1</ele>
    <time>2026-03-24T18:36:28Z</time>
   </trkpt>
   <trkpt lat="45.7534480" lon="4.7723790">
    <ele>216.1</ele>
    <time>2026-03-24T18:36:29Z</time>
   </trkpt>
   <trkpt lat="45.7534750" lon="4.7724030">
    <ele>216.1</ele>
    <time>2026-03-24T18:36:30Z</time>
   </trkpt>
   <trkpt lat="45.7534980" lon="4.7724350">
    <ele>216.1</ele>
    <time>2026-03-24T18:36:31Z</time>
   </trkpt>
   <trkpt lat="45.7535230" lon="4.7724500">
    <ele>216.1</ele>
    <time>2026-03-24T18:36:32Z</time>
   </trkpt>
   <trkpt lat="45.7535620" lon="4.7724830">
    <ele>216.1</ele>
    <time>2026-03-24T18:36:33Z</time>
   </trkpt>
   <trkpt lat="45.7535790" lon="4.7724970">
    <ele>216.1</ele>
    <time>2026-03-24T18:36:34Z</time>
   </trkpt>
   <trkpt lat="45.7536100" lon="4.7725090">
    <ele>216.1</ele>
    <time>2026-03-24T18:36:35Z</time>
   </trkpt>
   <trkpt lat="45.7536430" lon="4.7725290">
    <ele>216.2</ele>
    <time>2026-03-24T18:36:36Z</time>
   </trkpt>
   <trkpt lat="45.7536700" lon="4.7725540">
    <ele>216.2</ele>
    <time>2026-03-24T18:36:37Z</time>
   </trkpt>
   <trkpt lat="45.7536940" lon="4.7725830">
    <ele>216.2</ele>
    <time>2026-03-24T18:36:38Z</time>
   </trkpt>
   <trkpt lat="45.7537080" lon="4.7726040">
    <ele>216.2</ele>
    <time>2026-03-24T18:36:39Z</time>
   </trkpt>
   <trkpt lat="45.7537400" lon="4.7726220">
    <ele>216.2</ele>
    <time>2026-03-24T18:36:41Z</time>
   </trkpt>
   <trkpt lat="45.7537710" lon="4.7726400">
    <ele>216.2</ele>
    <time>2026-03-24T18:36:42Z</time>
   </trkpt>
   <trkpt lat="45.7538020" lon="4.7726520">
    <ele>216.3</ele>
    <time>2026-03-24T18:36:43Z</time>
   </trkpt>
   <trkpt lat="45.7538320" lon="4.7726740">
    <ele>216.3</ele>
    <time>2026-03-24T18:36:44Z</time>
   </trkpt>
   <trkpt lat="45.7538410" lon="4.7726850">
    <ele>216.3</ele>
    <time>2026-03-24T18:36:45Z</time>
   </trkpt>
   <trkpt lat="45.7538700" lon="4.7726910">
    <ele>216.3</ele>
    <time>2026-03-24T18:36:46Z</time>
   </trkpt>
   <trkpt lat="45.7539040" lon="4.7727100">
    <ele>216.3</ele>
    <time>2026-03-24T18:36:47Z</time>
   </trkpt>
   <trkpt lat="45.7539300" lon="4.7727310">
    <ele>216.4</ele>
    <time>2026-03-24T18:36:48Z</time>
   </trkpt>
   <trkpt lat="45.7539620" lon="4.7727570">
    <ele>216.4</ele>
    <time>2026-03-24T18:36:49Z</time>
   </trkpt>
   <trkpt lat="45.7539740" lon="4.7727670">
    <ele>216.4</ele>
    <time>2026-03-24T18:36:50Z</time>
   </trkpt>
   <trkpt lat="45.7540090" lon="4.7727820">
    <ele>216.4</ele>
    <time>2026-03-24T18:36:51Z</time>
   </trkpt>
   <trkpt lat="45.7540340" lon="4.7728020">
    <ele>216.4</ele>
    <time>2026-03-24T18:36:52Z</time>
   </trkpt>
   <trkpt lat="45.7540670" lon="4.7728260">
    <ele>216.5</ele>
    <time>2026-03-24T18:36:53Z</time>
   </trkpt>
   <trkpt lat="45.7540780" lon="4.7728380">
    <ele>216.5</ele>
    <time>2026-03-24T18:36:54Z</time>
   </trkpt>
   <trkpt lat="45.7541130" lon="4.7728700">
    <ele>216.5</ele>
    <time>2026-03-24T18:36:55Z</time>
   </trkpt>
   <trkpt lat="45.7541240" lon="4.7728840">
    <ele>216.5</ele>
    <time>2026-03-24T18:36:56Z</time>
   </trkpt>
   <trkpt lat="45.7541520" lon="4.7729080">
    <ele>216.6</ele>
    <time>2026-03-24T18:36:57Z</time>
   </trkpt>
   <trkpt lat="45.7541730" lon="4.7729330">
    <ele>216.6</ele>
    <time>2026-03-24T18:36:58Z</time>
   </trkpt>
   <trkpt lat="45.7542040" lon="4.7729570">
    <ele>216.6</ele>
    <time>2026-03-24T18:36:59Z</time>
   </trkpt>
   <trkpt lat="45.7542330" lon="4.7729900">
    <ele>216.6</ele>
    <time>2026-03-24T18:37:00Z</time>
   </trkpt>
   <trkpt lat="45.7542410" lon="4.7730000">
    <ele>216.7</ele>
    <time>2026-03-24T18:37:01Z</time>
   </trkpt>
   <trkpt lat="45.7542790" lon="4.7730300">
    <ele>216.7</ele>
    <time>2026-03-24T18:37:02Z</time>
   </trkpt>
   <trkpt lat="45.7542930" lon="4.7730470">
    <ele>216.7</ele>
    <time>2026-03-24T18:37:03Z</time>
   </trkpt>
   <trkpt lat="45.7543140" lon="4.7730730">
    <ele>216.7</ele>
    <time>2026-03-24T18:37:04Z</time>
   </trkpt>
   <trkpt lat="45.7543370" lon="4.7731070">
    <ele>216.8</ele>
    <time>2026-03-24T18:37:05Z</time>
   </trkpt>
   <trkpt lat="45.7543570" lon="4.7731400">
    <ele>216.8</ele>
    <time>2026-03-24T18:37:06Z</time>
   </trkpt>
   <trkpt lat="45.7543880" lon="4.7731820">
    <ele>216.8</ele>
    <time>2026-03-24T18:37:07Z</time>
   </trkpt>
   <trkpt lat="45.7543990" lon="4.7731980">
    <ele>216.9</ele>
    <time>2026-03-24T18:37:08Z</time>
   </trkpt>
   <trkpt lat="45.7544180" lon="4.7732300">
    <ele>216.9</ele>
    <time>2026-03-24T18:37:09Z</time>
   </trkpt>
   <trkpt lat="45.7544540" lon="4.7732600">
    <ele>216.9</ele>
    <time>2026-03-24T18:37:10Z</time>
   </trkpt>
   <trkpt lat="45.7544690" lon="4.7732690">
    <ele>216.9</ele>
    <time>2026-03-24T18:37:11Z</time>
   </trkpt>
   <trkpt lat="45.7544980" lon="4.7732850">
    <ele>217.0</ele>
    <time>2026-03-24T18:37:12Z</time>
   </trkpt>
   <trkpt lat="45.7545240" lon="4.7733010">
    <ele>217.0</ele>
    <time>2026-03-24T18:37:13Z</time>
   </trkpt>
   <trkpt lat="45.7545500" lon="4.7733200">
    <ele>217.0</ele>
    <time>2026-03-24T18:37:14Z</time>
   </trkpt>
   <trkpt lat="45.7545830" lon="4.7733570">
    <ele>217.1</ele>
    <time>2026-03-24T18:37:15Z</time>
   </trkpt>
   <trkpt lat="45.7545950" lon="4.7733700">
    <ele>217.1</ele>
    <time>2026-03-24T18:37:16Z</time>
   </trkpt>
   <trkpt lat="45.7546200" lon="4.7733980">
    <ele>217.1</ele>
    <time>2026-03-24T18:37:17Z</time>
   </trkpt>
   <trkpt lat="45.7546370" lon="4.7734340">
    <ele>217.1</ele>
    <time>2026-03-24T18:37:18Z</time>
   </trkpt>
   <trkpt lat="45.7546610" lon="4.7734550">
    <ele>217.2</ele>
    <time>2026-03-24T18:37:19Z</time>
   </trkpt>
   <trkpt lat="45.7546850" lon="4.7734790">
    <ele>217.2</ele>
    <time>2026-03-24T18:37:20Z</time>
   </trkpt>
   <trkpt lat="45.7547080" lon="4.7735210">
    <ele>217.2</ele>
    <time>2026-03-24T18:37:21Z</time>
   </trkpt>
   <trkpt lat="45.7547150" lon="4.7735350">
    <ele>217.2</ele>
    <time>2026-03-24T18:37:22Z</time>
   </trkpt>
   <trkpt lat="45.7547300" lon="4.7735700">
    <ele>217.3</ele>
    <time>2026-03-24T18:37:23Z</time>
   </trkpt>
   <trkpt lat="45.7547540" lon="4.7736120">
    <ele>217.3</ele>
    <time>2026-03-24T18:37:24Z</time>
   </trkpt>
   <trkpt lat="45.7547640" lon="4.7736260">
    <ele>217.3</ele>
    <time>2026-03-24T18:37:25Z</time>
   </trkpt>
   <trkpt lat="45.7547790" lon="4.7736620">
    <ele>217.3</ele>
    <time>2026-03-24T18:37:26Z</time>
   </trkpt>
   <trkpt lat="45.7547970" lon="4.7737010">
    <ele>217.4</ele>
    <time>2026-03-24T18:37:27Z</time>
   </trkpt>
   <trkpt lat="45.7548130" lon="4.7737580">
    <ele>217.4</ele>
    <time>2026-03-24T18:37:28Z</time>
   </trkpt>
   <trkpt lat="45.7548180" lon="4.7737800">
    <ele>217.4</ele>
    <time>2026-03-24T18:37:29Z</time>
   </trkpt>
   <trkpt lat="45.7548490" lon="4.7738180">
    <ele>217.4</ele>
    <time>2026-03-24T18:37:30Z</time>
   </trkpt>
   <trkpt lat="45.7548590" lon="4.7738320">
    <ele>217.5</ele>
    <time>2026-03-24T18:37:31Z</time>
   </trkpt>
   <trkpt lat="45.7548700" lon="4.7738720">
    <ele>217.5</ele>
    <time>2026-03-24T18:37:32Z</time>
   </trkpt>
   <trkpt lat="45.7548910" lon="4.7739220">
    <ele>217.5</ele>
    <time>2026-03-24T18:37:33Z</time>
   </trkpt>
   <trkpt lat="45.7549000" lon="4.7739370">
    <ele>217.5</ele>
    <time>2026-03-24T18:37:34Z</time>
   </trkpt>
   <trkpt lat="45.7549170" lon="4.7739710">
    <ele>217.6</ele>
    <time>2026-03-24T18:37:35Z</time>
   </trkpt>
   <trkpt lat="45.7549330" lon="4.7740040">
    <ele>217.6</ele>
    <time>2026-03-24T18:37:36Z</time>
   </trkpt>
   <trkpt lat="45.7549540" lon="4.7740450">
    <ele>217.6</ele>
    <time>2026-03-24T18:37:37Z</time>
   </trkpt>
   <trkpt lat="45.7549690" lon="4.7740900">
    <ele>217.6</ele>
    <time>2026-03-24T18:37:38Z</time>
   </trkpt>
   <trkpt lat="45.7549870" lon="4.7741320">
    <ele>217.7</ele>
    <time>2026-03-24T18:37:39Z</time>
   </trkpt>
   <trkpt lat="45.7549890" lon="4.7741450">
    <ele>217.7</ele>
    <time>2026-03-24T18:37:40Z</time>
   </trkpt>
   <trkpt lat="45.7550120" lon="4.7741870">
    <ele>217.7</ele>
    <time>2026-03-24T18:37:41Z</time>
   </trkpt>
   <trkpt lat="45.7550180" lon="4.7742050">
    <ele>217.8</ele>
    <time>2026-03-24T18:37:42Z</time>
   </trkpt>
   <trkpt lat="45.7550370" lon="4.7742490">
    <ele>217.8</ele>
    <time>2026-03-24T18:37:43Z</time>
   </trkpt>
   <trkpt lat="45.7550430" lon="4.7742900">
    <ele>217.8</ele>
    <time>2026-03-24T18:37:44Z</time>
   </trkpt>
   <trkpt lat="45.7550570" lon="4.7743250">
    <ele>217.9</ele>
    <time>2026-03-24T18:37:45Z</time>
   </trkpt>
   <trkpt lat="45.7550700" lon="4.7743670">
    <ele>217.9</ele>
    <time>2026-03-24T18:37:46Z</time>
   </trkpt>
   <trkpt lat="45.7550780" lon="4.7744100">
    <ele>217.9</ele>
    <time>2026-03-24T18:37:47Z</time>
   </trkpt>
   <trkpt lat="45.7550940" lon="4.7744430">
    <ele>218.0</ele>
    <time>2026-03-24T18:37:48Z</time>
   </trkpt>
   <trkpt lat="45.7551040" lon="4.7744790">
    <ele>218.0</ele>
    <time>2026-03-24T18:37:49Z</time>
   </trkpt>
   <trkpt lat="45.7551190" lon="4.7745270">
    <ele>218.0</ele>
    <time>2026-03-24T18:37:50Z</time>
   </trkpt>
   <trkpt lat="45.7551240" lon="4.7745450">
    <ele>218.1</ele>
    <time>2026-03-24T18:37:51Z</time>
   </trkpt>
   <trkpt lat="45.7551300" lon="4.7745970">
    <ele>218.1</ele>
    <time>2026-03-24T18:37:52Z</time>
   </trkpt>
   <trkpt lat="45.7551320" lon="4.7746150">
    <ele>218.1</ele>
    <time>2026-03-24T18:37:53Z</time>
   </trkpt>
   <trkpt lat="45.7551540" lon="4.7746520">
    <ele>218.2</ele>
    <time>2026-03-24T18:37:54Z</time>
   </trkpt>
   <trkpt lat="45.7551530" lon="4.7747040">
    <ele>218.2</ele>
    <time>2026-03-24T18:37:55Z</time>
   </trkpt>
   <trkpt lat="45.7551580" lon="4.7747590">
    <ele>218.3</ele>
    <time>2026-03-24T18:37:56Z</time>
   </trkpt>
   <trkpt lat="45.7551590" lon="4.7747760">
    <ele>218.3</ele>
    <time>2026-03-24T18:37:57Z</time>
   </trkpt>
   <trkpt lat="45.7551620" lon="4.7748250">
    <ele>218.4</ele>
    <time>2026-03-24T18:37:58Z</time>
   </trkpt>
   <trkpt lat="45.7551690" lon="4.7748720">
    <ele>218.5</ele>
    <time>2026-03-24T18:37:59Z</time>
   </trkpt>
   <trkpt lat="45.7551740" lon="4.7749290">
    <ele>218.6</ele>
    <time>2026-03-24T18:38:00Z</time>
   </trkpt>
   <trkpt lat="45.7551740" lon="4.7749540">
    <ele>218.6</ele>
    <time>2026-03-24T18:38:01Z</time>
   </trkpt>
   <trkpt lat="45.7551870" lon="4.7750030">
    <ele>218.7</ele>
    <time>2026-03-24T18:38:02Z</time>
   </trkpt>
   <trkpt lat="45.7551960" lon="4.7750430">
    <ele>218.8</ele>
    <time>2026-03-24T18:38:03Z</time>
   </trkpt>
   <trkpt lat="45.7551950" lon="4.7750860">
    <ele>218.8</ele>
    <time>2026-03-24T18:38:04Z</time>
   </trkpt>
   <trkpt lat="45.7552060" lon="4.7751320">
    <ele>218.9</ele>
    <time>2026-03-24T18:38:05Z</time>
   </trkpt>
   <trkpt lat="45.7552170" lon="4.7751680">
    <ele>218.9</ele>
    <time>2026-03-24T18:38:06Z</time>
   </trkpt>
   <trkpt lat="45.7552200" lon="4.7752120">
    <ele>219.0</ele>
    <time>2026-03-24T18:38:07Z</time>
   </trkpt>
   <trkpt lat="45.7552390" lon="4.7752560">
    <ele>219.0</ele>
    <time>2026-03-24T18:38:08Z</time>
   </trkpt>
   <trkpt lat="45.7552450" lon="4.7752710">
    <ele>219.1</ele>
    <time>2026-03-24T18:38:09Z</time>
   </trkpt>
   <trkpt lat="45.7552460" lon="4.7753250">
    <ele>219.1</ele>
    <time>2026-03-24T18:38:10Z</time>
   </trkpt>
   <trkpt lat="45.7552490" lon="4.7753430">
    <ele>219.1</ele>
    <time>2026-03-24T18:38:11Z</time>
   </trkpt>
   <trkpt lat="45.7552560" lon="4.7753890">
    <ele>219.2</ele>
    <time>2026-03-24T18:38:12Z</time>
   </trkpt>
   <trkpt lat="45.7552620" lon="4.7754420">
    <ele>219.3</ele>
    <time>2026-03-24T18:38:13Z</time>
   </trkpt>
   <trkpt lat="45.7552780" lon="4.7754830">
    <ele>219.3</ele>
    <time>2026-03-24T18:38:14Z</time>
   </trkpt>
   <trkpt lat="45.7552880" lon="4.7755220">
    <ele>219.4</ele>
    <time>2026-03-24T18:38:15Z</time>
   </trkpt>
   <trkpt lat="45.7552950" lon="4.7755790">
    <ele>219.4</ele>
    <time>2026-03-24T18:38:16Z</time>
   </trkpt>
   <trkpt lat="45.7552970" lon="4.7756000">
    <ele>219.5</ele>
    <time>2026-03-24T18:38:17Z</time>
   </trkpt>
   <trkpt lat="45.7553010" lon="4.7756400">
    <ele>219.5</ele>
    <time>2026-03-24T18:38:18Z</time>
   </trkpt>
   <trkpt lat="45.7553130" lon="4.7756790">
    <ele>219.6</ele>
    <time>2026-03-24T18:38:19Z</time>
   </trkpt>
   <trkpt lat="45.7553250" lon="4.7757380">
    <ele>219.6</ele>
    <time>2026-03-24T18:38:20Z</time>
   </trkpt>
   <trkpt lat="45.7553320" lon="4.7757610">
    <ele>219.7</ele>
    <time>2026-03-24T18:38:21Z</time>
   </trkpt>
   <trkpt lat="45.7553400" lon="4.7758390">
    <ele>219.8</ele>
    <time>2026-03-24T18:38:22Z</time>
   </trkpt>
   <trkpt lat="45.7553430" lon="4.7758830">
    <ele>219.8</ele>
    <time>2026-03-24T18:38:23Z</time>
   </trkpt>
   <trkpt lat="45.7553550" lon="4.7759270">
    <ele>219.9</ele>
    <time>2026-03-24T18:38:24Z</time>
   </trkpt>
   <trkpt lat="45.7553630" lon="4.7759450">
    <ele>219.9</ele>
    <time>2026-03-24T18:38:25Z</time>
   </trkpt>
   <trkpt lat="45.7553660" lon="4.7759890">
    <ele>220.0</ele>
    <time>2026-03-24T18:38:26Z</time>
   </trkpt>
   <trkpt lat="45.7553840" lon="4.7760430">
    <ele>220.0</ele>
    <time>2026-03-24T18:38:27Z</time>
   </trkpt>
   <trkpt lat="45.7553960" lon="4.7760620">
    <ele>220.1</ele>
    <time>2026-03-24T18:38:28Z</time>
   </trkpt>
   <trkpt lat="45.7554080" lon="4.7761050">
    <ele>220.1</ele>
    <time>2026-03-24T18:38:29Z</time>
   </trkpt>
   <trkpt lat="45.7554200" lon="4.7761400">
    <ele>220.2</ele>
    <time>2026-03-24T18:38:30Z</time>
   </trkpt>
   <trkpt lat="45.7554280" lon="4.7761790">
    <ele>220.2</ele>
    <time>2026-03-24T18:38:31Z</time>
   </trkpt>
   <trkpt lat="45.7554340" lon="4.7762180">
    <ele>220.3</ele>
    <time>2026-03-24T18:38:32Z</time>
   </trkpt>
   <trkpt lat="45.7554440" lon="4.7762760">
    <ele>220.3</ele>
    <time>2026-03-24T18:38:33Z</time>
   </trkpt>
   <trkpt lat="45.7554450" lon="4.7762970">
    <ele>220.3</ele>
    <time>2026-03-24T18:38:34Z</time>
   </trkpt>
   <trkpt lat="45.7554520" lon="4.7763420">
    <ele>220.4</ele>
    <time>2026-03-24T18:38:35Z</time>
   </trkpt>
   <trkpt lat="45.7554480" lon="4.7763980">
    <ele>220.5</ele>
    <time>2026-03-24T18:38:36Z</time>
   </trkpt>
   <trkpt lat="45.7554440" lon="4.7764220">
    <ele>220.5</ele>
    <time>2026-03-24T18:38:37Z</time>
   </trkpt>
   <trkpt lat="45.7554340" lon="4.7764700">
    <ele>220.5</ele>
    <time>2026-03-24T18:38:38Z</time>
   </trkpt>
   <trkpt lat="45.7554320" lon="4.7765130">
    <ele>220.6</ele>
    <time>2026-03-24T18:38:39Z</time>
   </trkpt>
   <trkpt lat="45.7554390" lon="4.7765580">
    <ele>220.6</ele>
    <time>2026-03-24T18:38:40Z</time>
   </trkpt>
   <trkpt lat="45.7554490" lon="4.7766040">
    <ele>220.7</ele>
    <time>2026-03-24T18:38:41Z</time>
   </trkpt>
   <trkpt lat="45.7554600" lon="4.7766410">
    <ele>220.7</ele>
    <time>2026-03-24T18:38:42Z</time>
   </trkpt>
   <trkpt lat="45.7554750" lon="4.7766930">
    <ele>220.8</ele>
    <time>2026-03-24T18:38:43Z</time>
   </trkpt>
   <trkpt lat="45.7554800" lon="4.7767130">
    <ele>220.8</ele>
    <time>2026-03-24T18:38:44Z</time>
   </trkpt>
   <trkpt lat="45.7554960" lon="4.7767440">
    <ele>220.8</ele>
    <time>2026-03-24T18:38:45Z</time>
   </trkpt>
   <trkpt lat="45.7555160" lon="4.7767740">
    <ele>220.9</ele>
    <time>2026-03-24T18:38:47Z</time>
   </trkpt>
   <trkpt lat="45.7555330" lon="4.7768080">
    <ele>220.9</ele>
    <time>2026-03-24T18:38:48Z</time>
   </trkpt>
   <trkpt lat="45.7555570" lon="4.7768540">
    <ele>221.0</ele>
    <time>2026-03-24T18:38:49Z</time>
   </trkpt>
   <trkpt lat="45.7555650" lon="4.7768750">
    <ele>221.0</ele>
    <time>2026-03-24T18:38:50Z</time>
   </trkpt>
   <trkpt lat="45.7555840" lon="4.7769170">
    <ele>221.0</ele>
    <time>2026-03-24T18:38:51Z</time>
   </trkpt>
   <trkpt lat="45.7556030" lon="4.7769460">
    <ele>221.1</ele>
    <time>2026-03-24T18:38:52Z</time>
   </trkpt>
   <trkpt lat="45.7556300" lon="4.7769730">
    <ele>221.1</ele>
    <time>2026-03-24T18:38:53Z</time>
   </trkpt>
   <trkpt lat="45.7556460" lon="4.7770070">
    <ele>221.1</ele>
    <time>2026-03-24T18:38:54Z</time>
   </trkpt>
   <trkpt lat="45.7556670" lon="4.7770380">
    <ele>221.2</ele>
    <time>2026-03-24T18:38:55Z</time>
   </trkpt>
   <trkpt lat="45.7556830" lon="4.7770840">
    <ele>221.2</ele>
    <time>2026-03-24T18:38:56Z</time>
   </trkpt>
   <trkpt lat="45.7556970" lon="4.7771180">
    <ele>221.2</ele>
    <time>2026-03-24T18:38:57Z</time>
   </trkpt>
   <trkpt lat="45.7557100" lon="4.7771530">
    <ele>221.2</ele>
    <time>2026-03-24T18:38:58Z</time>
   </trkpt>
   <trkpt lat="45.7557320" lon="4.7771840">
    <ele>221.2</ele>
    <time>2026-03-24T18:38:59Z</time>
   </trkpt>
   <trkpt lat="45.7557470" lon="4.7772220">
    <ele>221.3</ele>
    <time>2026-03-24T18:39:00Z</time>
   </trkpt>
   <trkpt lat="45.7557690" lon="4.7772540">
    <ele>221.3</ele>
    <time>2026-03-24T18:39:01Z</time>
   </trkpt>
   <trkpt lat="45.7557930" lon="4.7772830">
    <ele>221.3</ele>
    <time>2026-03-24T18:39:02Z</time>
   </trkpt>
   <trkpt lat="45.7558160" lon="4.7773160">
    <ele>221.3</ele>
    <time>2026-03-24T18:39:03Z</time>
   </trkpt>
   <trkpt lat="45.7558460" lon="4.7773470">
    <ele>221.3</ele>
    <time>2026-03-24T18:39:04Z</time>
   </trkpt>
   <trkpt lat="45.7558720" lon="4.7773840">
    <ele>221.3</ele>
    <time>2026-03-24T18:39:05Z</time>
   </trkpt>
   <trkpt lat="45.7558840" lon="4.7773940">
    <ele>221.4</ele>
    <time>2026-03-24T18:39:06Z</time>
   </trkpt>
   <trkpt lat="45.7559110" lon="4.7774300">
    <ele>221.4</ele>
    <time>2026-03-24T18:39:07Z</time>
   </trkpt>
   <trkpt lat="45.7559240" lon="4.7774360">
    <ele>221.4</ele>
    <time>2026-03-24T18:39:08Z</time>
   </trkpt>
   <trkpt lat="45.7559570" lon="4.7774670">
    <ele>221.4</ele>
    <time>2026-03-24T18:39:09Z</time>
   </trkpt>
   <trkpt lat="45.7559710" lon="4.7774770">
    <ele>221.4</ele>
    <time>2026-03-24T18:39:10Z</time>
   </trkpt>
   <trkpt lat="45.7559850" lon="4.7775140">
    <ele>221.4</ele>
    <time>2026-03-24T18:39:11Z</time>
   </trkpt>
   <trkpt lat="45.7560100" lon="4.7775370">
    <ele>221.4</ele>
    <time>2026-03-24T18:39:12Z</time>
   </trkpt>
   <trkpt lat="45.7560430" lon="4.7775610">
    <ele>221.4</ele>
    <time>2026-03-24T18:39:13Z</time>
   </trkpt>
   <trkpt lat="45.7560670" lon="4.7775790">
    <ele>221.4</ele>
    <time>2026-03-24T18:39:14Z</time>
   </trkpt>
   <trkpt lat="45.7560910" lon="4.7775960">
    <ele>221.4</ele>
    <time>2026-03-24T18:39:15Z</time>
   </trkpt>
   <trkpt lat="45.7561150" lon="4.7776280">
    <ele>221.4</ele>
    <time>2026-03-24T18:39:16Z</time>
   </trkpt>
   <trkpt lat="45.7561510" lon="4.7776590">
    <ele>221.4</ele>
    <time>2026-03-24T18:39:17Z</time>
   </trkpt>
   <trkpt lat="45.7561670" lon="4.7776690">
    <ele>221.4</ele>
    <time>2026-03-24T18:39:18Z</time>
   </trkpt>
   <trkpt lat="45.7561920" lon="4.7776980">
    <ele>221.4</ele>
    <time>2026-03-24T18:39:19Z</time>
   </trkpt>
   <trkpt lat="45.7562330" lon="4.7777210">
    <ele>221.4</ele>
    <time>2026-03-24T18:39:20Z</time>
   </trkpt>
   <trkpt lat="45.7562490" lon="4.7777310">
    <ele>221.4</ele>
    <time>2026-03-24T18:39:21Z</time>
   </trkpt>
   <trkpt lat="45.7562750" lon="4.7777490">
    <ele>221.4</ele>
    <time>2026-03-24T18:39:22Z</time>
   </trkpt>
   <trkpt lat="45.7563090" lon="4.7777660">
    <ele>221.5</ele>
    <time>2026-03-24T18:39:23Z</time>
   </trkpt>
   <trkpt lat="45.7563430" lon="4.7777880">
    <ele>221.5</ele>
    <time>2026-03-24T18:39:24Z</time>
   </trkpt>
   <trkpt lat="45.7563770" lon="4.7777820">
    <ele>221.5</ele>
    <time>2026-03-24T18:39:25Z</time>
   </trkpt>
   <trkpt lat="45.7563860" lon="4.7777860">
    <ele>221.5</ele>
    <time>2026-03-24T18:39:26Z</time>
   </trkpt>
   <trkpt lat="45.7564080" lon="4.7778270">
    <ele>221.5</ele>
    <time>2026-03-24T18:39:27Z</time>
   </trkpt>
   <trkpt lat="45.7564140" lon="4.7778400">
    <ele>221.6</ele>
    <time>2026-03-24T18:39:28Z</time>
   </trkpt>
   <trkpt lat="45.7564430" lon="4.7778540">
    <ele>221.6</ele>
    <time>2026-03-24T18:39:29Z</time>
   </trkpt>
   <trkpt lat="45.7564810" lon="4.7778800">
    <ele>221.6</ele>
    <time>2026-03-24T18:39:30Z</time>
   </trkpt>
   <trkpt lat="45.7564950" lon="4.7778900">
    <ele>221.6</ele>
    <time>2026-03-24T18:39:31Z</time>
   </trkpt>
   <trkpt lat="45.7565230" lon="4.7779030">
    <ele>221.6</ele>
    <time>2026-03-24T18:39:32Z</time>
   </trkpt>
   <trkpt lat="45.7565510" lon="4.7779320">
    <ele>221.6</ele>
    <time>2026-03-24T18:39:33Z</time>
   </trkpt>
   <trkpt lat="45.7565790" lon="4.7779510">
    <ele>221.6</ele>
    <time>2026-03-24T18:39:34Z</time>
   </trkpt>
   <trkpt lat="45.7566170" lon="4.7779640">
    <ele>221.6</ele>
    <time>2026-03-24T18:39:35Z</time>
   </trkpt>
   <trkpt lat="45.7566460" lon="4.7779780">
    <ele>221.7</ele>
    <time>2026-03-24T18:39:36Z</time>
   </trkpt>
   <trkpt lat="45.7566800" lon="4.7780010">
    <ele>221.7</ele>
    <time>2026-03-24T18:39:37Z</time>
   </trkpt>
   <trkpt lat="45.7566920" lon="4.7780080">
    <ele>221.7</ele>
    <time>2026-03-24T18:39:38Z</time>
   </trkpt>
   <trkpt lat="45.7567240" lon="4.7780230">
    <ele>221.7</ele>
    <time>2026-03-24T18:39:39Z</time>
   </trkpt>
   <trkpt lat="45.7567670" lon="4.7780390">
    <ele>221.7</ele>
    <time>2026-03-24T18:39:40Z</time>
   </trkpt>
   <trkpt lat="45.7567980" lon="4.7780530">
    <ele>221.7</ele>
    <time>2026-03-24T18:39:41Z</time>
   </trkpt>
   <trkpt lat="45.7568410" lon="4.7780620">
    <ele>221.7</ele>
    <time>2026-03-24T18:39:42Z</time>
   </trkpt>
   <trkpt lat="45.7568580" lon="4.7780670">
    <ele>221.7</ele>
    <time>2026-03-24T18:39:43Z</time>
   </trkpt>
   <trkpt lat="45.7568830" lon="4.7780860">
    <ele>221.7</ele>
    <time>2026-03-24T18:39:44Z</time>
   </trkpt>
   <trkpt lat="45.7569090" lon="4.7780960">
    <ele>221.8</ele>
    <time>2026-03-24T18:39:45Z</time>
   </trkpt>
   <trkpt lat="45.7569500" lon="4.7781020">
    <ele>221.8</ele>
    <time>2026-03-24T18:39:46Z</time>
   </trkpt>
   <trkpt lat="45.7569830" lon="4.7781240">
    <ele>221.8</ele>
    <time>2026-03-24T18:39:47Z</time>
   </trkpt>
   <trkpt lat="45.7569910" lon="4.7781330">
    <ele>221.8</ele>
    <time>2026-03-24T18:39:48Z</time>
   </trkpt>
   <trkpt lat="45.7570150" lon="4.7781540">
    <ele>221.8</ele>
    <time>2026-03-24T18:39:49Z</time>
   </trkpt>
   <trkpt lat="45.7570420" lon="4.7781810">
    <ele>221.8</ele>
    <time>2026-03-24T18:39:50Z</time>
   </trkpt>
   <trkpt lat="45.7570670" lon="4.7782150">
    <ele>221.8</ele>
    <time>2026-03-24T18:39:51Z</time>
   </trkpt>
   <trkpt lat="45.7571000" lon="4.7782420">
    <ele>221.8</ele>
    <time>2026-03-24T18:39:52Z</time>
   </trkpt>
   <trkpt lat="45.7571340" lon="4.7782630">
    <ele>221.9</ele>
    <time>2026-03-24T18:39:53Z</time>
   </trkpt>
   <trkpt lat="45.7571620" lon="4.7782800">
    <ele>221.9</ele>
    <time>2026-03-24T18:39:54Z</time>
   </trkpt>
   <trkpt lat="45.7571940" lon="4.7782880">
    <ele>221.9</ele>
    <time>2026-03-24T18:39:55Z</time>
   </trkpt>
   <trkpt lat="45.7572340" lon="4.7782980">
    <ele>221.9</ele>
    <time>2026-03-24T18:39:56Z</time>
   </trkpt>
   <trkpt lat="45.7572500" lon="4.7782980">
    <ele>221.9</ele>
    <time>2026-03-24T18:39:57Z</time>
   </trkpt>
   <trkpt lat="45.7572790" lon="4.7783110">
    <ele>221.9</ele>
    <time>2026-03-24T18:39:58Z</time>
   </trkpt>
   <trkpt lat="45.7572930" lon="4.7783780">
    <ele>221.9</ele>
    <time>2026-03-24T18:39:59Z</time>
   </trkpt>
   <trkpt lat="45.7573190" lon="4.7784410">
    <ele>222.0</ele>
    <time>2026-03-24T18:40:00Z</time>
   </trkpt>
   <trkpt lat="45.7573200" lon="4.7784900">
    <ele>222.1</ele>
    <time>2026-03-24T18:40:01Z</time>
   </trkpt>
   <trkpt lat="45.7573150" lon="4.7785110">
    <ele>222.1</ele>
    <time>2026-03-24T18:40:02Z</time>
   </trkpt>
   <trkpt lat="45.7573130" lon="4.7785560">
    <ele>222.2</ele>
    <time>2026-03-24T18:40:03Z</time>
   </trkpt>
   <trkpt lat="45.7573030" lon="4.7786160">
    <ele>222.2</ele>
    <time>2026-03-24T18:40:04Z</time>
   </trkpt>
   <trkpt lat="45.7572900" lon="4.7786580">
    <ele>222.3</ele>
    <time>2026-03-24T18:40:05Z</time>
   </trkpt>
   <trkpt lat="45.7572930" lon="4.7787090">
    <ele>222.3</ele>
    <time>2026-03-24T18:40:06Z</time>
   </trkpt>
   <trkpt lat="45.7572810" lon="4.7787570">
    <ele>222.4</ele>
    <time>2026-03-24T18:40:07Z</time>
   </trkpt>
   <trkpt lat="45.7572720" lon="4.7788160">
    <ele>222.4</ele>
    <time>2026-03-24T18:40:08Z</time>
   </trkpt>
   <trkpt lat="45.7572670" lon="4.7788420">
    <ele>222.4</ele>
    <time>2026-03-24T18:40:09Z</time>
   </trkpt>
   <trkpt lat="45.7572660" lon="4.7789010">
    <ele>222.5</ele>
    <time>2026-03-24T18:40:10Z</time>
   </trkpt>
   <trkpt lat="45.7572590" lon="4.7789540">
    <ele>222.5</ele>
    <time>2026-03-24T18:40:11Z</time>
   </trkpt>
   <trkpt lat="45.7572570" lon="4.7789710">
    <ele>222.5</ele>
    <time>2026-03-24T18:40:12Z</time>
   </trkpt>
   <trkpt lat="45.7572470" lon="4.7790230">
    <ele>222.6</ele>
    <time>2026-03-24T18:40:13Z</time>
   </trkpt>
   <trkpt lat="45.7572510" lon="4.7790850">
    <ele>222.6</ele>
    <time>2026-03-24T18:40:14Z</time>
   </trkpt>
   <trkpt lat="45.7572500" lon="4.7791100">
    <ele>222.6</ele>
    <time>2026-03-24T18:40:15Z</time>
   </trkpt>
   <trkpt lat="45.7572450" lon="4.7791560">
    <ele>222.7</ele>
    <time>2026-03-24T18:40:16Z</time>
   </trkpt>
   <trkpt lat="45.7572420" lon="4.7792000">
    <ele>222.7</ele>
    <time>2026-03-24T18:40:17Z</time>
   </trkpt>
   <trkpt lat="45.7572400" lon="4.7792460">
    <ele>222.8</ele>
    <time>2026-03-24T18:40:18Z</time>
   </trkpt>
   <trkpt lat="45.7572300" lon="4.7792910">
    <ele>222.8</ele>
    <time>2026-03-24T18:40:19Z</time>
   </trkpt>
   <trkpt lat="45.7572130" lon="4.7793260">
    <ele>222.9</ele>
    <time>2026-03-24T18:40:20Z</time>
   </trkpt>
   <trkpt lat="45.7571970" lon="4.7793780">
    <ele>222.9</ele>
    <time>2026-03-24T18:40:21Z</time>
   </trkpt>
   <trkpt lat="45.7571890" lon="4.7794220">
    <ele>223.0</ele>
    <time>2026-03-24T18:40:22Z</time>
   </trkpt>
   <trkpt lat="45.7571830" lon="4.7795200">
    <ele>223.1</ele>
    <time>2026-03-24T18:40:23Z</time>
   </trkpt>
   <trkpt lat="45.7571600" lon="4.7795490">
    <ele>223.2</ele>
    <time>2026-03-24T18:40:24Z</time>
   </trkpt>
   <trkpt lat="45.7571550" lon="4.7795950">
    <ele>223.3</ele>
    <time>2026-03-24T18:40:25Z</time>
   </trkpt>
   <trkpt lat="45.7571510" lon="4.7796400">
    <ele>223.3</ele>
    <time>2026-03-24T18:40:26Z</time>
   </trkpt>
   <trkpt lat="45.7571500" lon="4.7796850">
    <ele>223.4</ele>
    <time>2026-03-24T18:40:27Z</time>
   </trkpt>
   <trkpt lat="45.7571520" lon="4.7797020">
    <ele>223.4</ele>
    <time>2026-03-24T18:40:28Z</time>
   </trkpt>
   <trkpt lat="45.7571300" lon="4.7797460">
    <ele>223.5</ele>
    <time>2026-03-24T18:40:29Z</time>
   </trkpt>
   <trkpt lat="45.7571230" lon="4.7797910">
    <ele>223.6</ele>
    <time>2026-03-24T18:40:30Z</time>
   </trkpt>
   <trkpt lat="45.7571170" lon="4.7798380">
    <ele>223.6</ele>
    <time>2026-03-24T18:40:31Z</time>
   </trkpt>
   <trkpt lat="45.7571060" lon="4.7798830">
    <ele>223.7</ele>
    <time>2026-03-24T18:40:32Z</time>
   </trkpt>
   <trkpt lat="45.7570890" lon="4.7799280">
    <ele>223.8</ele>
    <time>2026-03-24T18:40:33Z</time>
   </trkpt>
   <trkpt lat="45.7570750" lon="4.7799720">
    <ele>223.9</ele>
    <time>2026-03-24T18:40:34Z</time>
   </trkpt>
   <trkpt lat="45.7570760" lon="4.7799960">
    <ele>223.9</ele>
    <time>2026-03-24T18:40:35Z</time>
   </trkpt>
   <trkpt lat="45.7570730" lon="4.7800370">
    <ele>224.0</ele>
    <time>2026-03-24T18:40:36Z</time>
   </trkpt>
   <trkpt lat="45.7570710" lon="4.7800830">
    <ele>224.1</ele>
    <time>2026-03-24T18:40:37Z</time>
   </trkpt>
   <trkpt lat="45.7570580" lon="4.7801310">
    <ele>224.2</ele>
    <time>2026-03-24T18:40:38Z</time>
   </trkpt>
   <trkpt lat="45.7570480" lon="4.7801880">
    <ele>224.3</ele>
    <time>2026-03-24T18:40:39Z</time>
   </trkpt>
   <trkpt lat="45.7570410" lon="4.7802090">
    <ele>224.4</ele>
    <time>2026-03-24T18:40:40Z</time>
   </trkpt>
   <trkpt lat="45.7570260" lon="4.7802490">
    <ele>224.5</ele>
    <time>2026-03-24T18:40:41Z</time>
   </trkpt>
   <trkpt lat="45.7570170" lon="4.7803030">
    <ele>224.7</ele>
    <time>2026-03-24T18:40:42Z</time>
   </trkpt>
   <trkpt lat="45.7570140" lon="4.7803270">
    <ele>224.7</ele>
    <time>2026-03-24T18:40:43Z</time>
   </trkpt>
   <trkpt lat="45.7570040" lon="4.7803670">
    <ele>224.9</ele>
    <time>2026-03-24T18:40:44Z</time>
   </trkpt>
   <trkpt lat="45.7570030" lon="4.7804260">
    <ele>225.1</ele>
    <time>2026-03-24T18:40:45Z</time>
   </trkpt>
   <trkpt lat="45.7570050" lon="4.7804570">
    <ele>225.2</ele>
    <time>2026-03-24T18:40:46Z</time>
   </trkpt>
   <trkpt lat="45.7569920" lon="4.7804920">
    <ele>225.3</ele>
    <time>2026-03-24T18:40:47Z</time>
   </trkpt>
   <trkpt lat="45.7569790" lon="4.7805310">
    <ele>225.5</ele>
    <time>2026-03-24T18:40:48Z</time>
   </trkpt>
   <trkpt lat="45.7569570" lon="4.7805560">
    <ele>225.6</ele>
    <time>2026-03-24T18:40:49Z</time>
   </trkpt>
   <trkpt lat="45.7569440" lon="4.7805840">
    <ele>225.7</ele>
    <time>2026-03-24T18:40:50Z</time>
   </trkpt>
  </trkseg>
 </trk>
</gpx>
