<?xml version="1.0" encoding="UTF-8"?>
<gpx creator="StravaGPX" version="1.1" xmlns="http://www.topografix.com/GPX/1/1" xmlns:xsi="http://www.w3.org/2001/XMLSchema-instance" xsi:schemaLocation="http://www.topografix.com/GPX/1/1 http://www.topografix.com/GPX/1/1/gpx.xsd">
 <metadata>
  <time>2026-06-02T15:08:43Z</time>
 </metadata>
 <trk>
  <name>Course à pied dans l'après-midi</name>
  <type>running</type>
  <trkseg>
   <trkpt lat="45.7636310" lon="4.7757460">
    <ele>220.5</ele>
    <time>2026-06-02T15:08:43Z</time>
   </trkpt>
   <trkpt lat="45.7636280" lon="4.7757280">
    <ele>220.5</ele>
    <time>2026-06-02T15:08:46Z</time>
   </trkpt>
   <trkpt lat="45.7636240" lon="4.7757090">
    <ele>220.5</ele>
    <time>2026-06-02T15:08:47Z</time>
   </trkpt>
   <trkpt lat="45.7636210" lon="4.7756910">
    <ele>220.5</ele>
    <time>2026-06-02T15:08:48Z</time>
   </trkpt>
   <trkpt lat="45.7635880" lon="4.7756220">
    <ele>220.5</ele>
    <time>2026-06-02T15:08:49Z</time>
   </trkpt>
   <trkpt lat="45.7635930" lon="4.7755680">
    <ele>220.5</ele>
    <time>2026-06-02T15:08:50Z</time>
   </trkpt>
   <trkpt lat="45.7636040" lon="4.7755490">
    <ele>220.5</ele>
    <time>2026-06-02T15:08:51Z</time>
   </trkpt>
   <trkpt lat="45.7635880" lon="4.7755080">
    <ele>220.5</ele>
    <time>2026-06-02T15:08:52Z</time>
   </trkpt>
   <trkpt lat="45.7635900" lon="4.7754880">
    <ele>220.5</ele>
    <time>2026-06-02T15:08:53Z</time>
   </trkpt>
   <trkpt lat="45.7636080" lon="4.7754290">
    <ele>220.4</ele>
    <time>2026-06-02T15:08:54Z</time>
   </trkpt>
   <trkpt lat="45.7636100" lon="4.7753700">
    <ele>220.4</ele>
    <time>2026-06-02T15:08:55Z</time>
   </trkpt>
   <trkpt lat="45.7636180" lon="4.7753170">
    <ele>220.4</ele>
    <time>2026-06-02T15:08:56Z</time>
   </trkpt>
   <trkpt lat="45.7636210" lon="4.7752970">
    <ele>220.4</ele>
    <time>2026-06-02T15:08:57Z</time>
   </trkpt>
   <trkpt lat="45.7636130" lon="4.7752380">
    <ele>220.4</ele>
    <time>2026-06-02T15:08:58Z</time>
   </trkpt>
   <trkpt lat="45.7636130" lon="4.7751980">
    <ele>220.4</ele>
    <time>2026-06-02T15:08:59Z</time>
   </trkpt>
   <trkpt lat="45.7636270" lon="4.7751540">
    <ele>220.3</ele>
    <time>2026-06-02T15:09:00Z</time>
   </trkpt>
   <trkpt lat="45.7636280" lon="4.7751040">
    <ele>220.3</ele>
    <time>2026-06-02T15:09:01Z</time>
   </trkpt>
   <trkpt lat="45.7636230" lon="4.7750530">
    <ele>220.3</ele>
    <time>2026-06-02T15:09:02Z</time>
   </trkpt>
   <trkpt lat="45.7636290" lon="4.7750260">
    <ele>220.3</ele>
    <time>2026-06-02T15:09:03Z</time>
   </trkpt>
   <trkpt lat="45.7636360" lon="4.7749790">
    <ele>220.3</ele>
    <time>2026-06-02T15:09:04Z</time>
   </trkpt>
   <trkpt lat="45.7636400" lon="4.7749240">
    <ele>220.2</ele>
    <time>2026-06-02T15:09:05Z</time>
   </trkpt>
   <trkpt lat="45.7636400" lon="4.7748990">
    <ele>220.2</ele>
    <time>2026-06-02T15:09:06Z</time>
   </trkpt>
   <trkpt lat="45.7636320" lon="4.7748500">
    <ele>220.2</ele>
    <time>2026-06-02T15:09:07Z</time>
   </trkpt>
   <trkpt lat="45.7636410" lon="4.7748060">
    <ele>220.2</ele>
    <time>2026-06-02T15:09:08Z</time>
   </trkpt>
   <trkpt lat="45.7636430" lon="4.7747860">
    <ele>220.2</ele>
    <time>2026-06-02T15:09:09Z</time>
   </trkpt>
   <trkpt lat="45.7636350" lon="4.7747350">
    <ele>220.2</ele>
    <time>2026-06-02T15:09:10Z</time>
   </trkpt>
   <trkpt lat="45.7636290" lon="4.7747200">
    <ele>220.1</ele>
    <time>2026-06-02T15:09:11Z</time>
   </trkpt>
   <trkpt lat="45.7636070" lon="4.7746770">
    <ele>220.1</ele>
    <time>2026-06-02T15:09:12Z</time>
   </trkpt>
   <trkpt lat="45.7635900" lon="4.7746230">
    <ele>220.1</ele>
    <time>2026-06-02T15:09:13Z</time>
   </trkpt>
   <trkpt lat="45.7635890" lon="4.7745640">
    <ele>220.1</ele>
    <time>2026-06-02T15:09:14Z</time>
   </trkpt>
   <trkpt lat="45.7635840" lon="4.7745440">
    <ele>220.1</ele>
    <time>2026-06-02T15:09:15Z</time>
   </trkpt>
   <trkpt lat="45.7635930" lon="4.7745000">
    <ele>220.1</ele>
    <time>2026-06-02T15:09:16Z</time>
   </trkpt>
   <trkpt lat="45.7635930" lon="4.7744560">
    <ele>220.0</ele>
    <time>2026-06-02T15:09:17Z</time>
   </trkpt>
   <trkpt lat="45.7635890" lon="4.7744350">
    <ele>220.0</ele>
    <time>2026-06-02T15:09:18Z</time>
   </trkpt>
   <trkpt lat="45.7635890" lon="4.7743920">
    <ele>220.0</ele>
    <time>2026-06-02T15:09:19Z</time>
   </trkpt>
   <trkpt lat="45.7635910" lon="4.7743430">
    <ele>220.0</ele>
    <time>2026-06-02T15:09:21Z</time>
   </trkpt>
   <trkpt lat="45.7635930" lon="4.7743250">
    <ele>220.0</ele>
    <time>2026-06-02T15:09:22Z</time>
   </trkpt>
   <trkpt lat="45.7635900" lon="4.7742850">
    <ele>220.0</ele>
    <time>2026-06-02T15:09:23Z</time>
   </trkpt>
   <trkpt lat="45.7635970" lon="4.7742360">
    <ele>220.0</ele>
    <time>2026-06-02T15:09:24Z</time>
   </trkpt>
   <trkpt lat="45.7635980" lon="4.7741820">
    <ele>220.0</ele>
    <time>2026-06-02T15:09:25Z</time>
   </trkpt>
   <trkpt lat="45.7635970" lon="4.7741670">
    <ele>220.0</ele>
    <time>2026-06-02T15:09:26Z</time>
   </trkpt>
   <trkpt lat="45.7636010" lon="4.7741290">
    <ele>220.0</ele>
    <time>2026-06-02T15:09:27Z</time>
   </trkpt>
   <trkpt lat="45.7635850" lon="4.7740730">
    <ele>220.0</ele>
    <time>2026-06-02T15:09:28Z</time>
   </trkpt>
   <trkpt lat="45.7635760" lon="4.7740290">
    <ele>220.0</ele>
    <time>2026-06-02T15:09:29Z</time>
   </trkpt>
   <trkpt lat="45.7635670" lon="4.7739810">
    <ele>220.1</ele>
    <time>2026-06-02T15:09:30Z</time>
   </trkpt>
   <trkpt lat="45.7635670" lon="4.7739590">
    <ele>220.1</ele>
    <time>2026-06-02T15:09:31Z</time>
   </trkpt>
   <trkpt lat="45.7635760" lon="4.7739080">
    <ele>220.1</ele>
    <time>2026-06-02T15:09:32Z</time>
   </trkpt>
   <trkpt lat="45.7635680" lon="4.7738860">
    <ele>220.1</ele>
    <time>2026-06-02T15:09:33Z</time>
   </trkpt>
   <trkpt lat="45.7635580" lon="4.7738320">
    <ele>220.1</ele>
    <time>2026-06-02T15:09:34Z</time>
   </trkpt>
   <trkpt lat="45.7635530" lon="4.7737860">
    <ele>220.2</ele>
    <time>2026-06-02T15:09:35Z</time>
   </trkpt>
   <trkpt lat="45.7635580" lon="4.7737720">
    <ele>220.2</ele>
    <time>2026-06-02T15:09:36Z</time>
   </trkpt>
   <trkpt lat="45.7635530" lon="4.7737310">
    <ele>220.2</ele>
    <time>2026-06-02T15:09:37Z</time>
   </trkpt>
   <trkpt lat="45.7635360" lon="4.7736720">
    <ele>220.2</ele>
    <time>2026-06-02T15:09:38Z</time>
   </trkpt>
   <trkpt lat="45.7635090" lon="4.7736070">
    <ele>220.2</ele>
    <time>2026-06-02T15:09:39Z</time>
   </trkpt>
   <trkpt lat="45.7635060" lon="4.7735610">
    <ele>220.2</ele>
    <time>2026-06-02T15:09:40Z</time>
   </trkpt>
   <trkpt lat="45.7635140" lon="4.7735010">
    <ele>220.2</ele>
    <time>2026-06-02T15:09:41Z</time>
   </trkpt>
   <trkpt lat="45.7635180" lon="4.7734770">
    <ele>220.3</ele>
    <time>2026-06-02T15:09:42Z</time>
   </trkpt>
   <trkpt lat="45.7635350" lon="4.7734280">
    <ele>220.3</ele>
    <time>2026-06-02T15:09:43Z</time>
   </trkpt>
   <trkpt lat="45.7635410" lon="4.7734030">
    <ele>220.3</ele>
    <time>2026-06-02T15:09:44Z</time>
   </trkpt>
   <trkpt lat="45.7635530" lon="4.7733540">
    <ele>220.3</ele>
    <time>2026-06-02T15:09:45Z</time>
   </trkpt>
   <trkpt lat="45.7635510" lon="4.7733040">
    <ele>220.4</ele>
    <time>2026-06-02T15:09:46Z</time>
   </trkpt>
   <trkpt lat="45.7635560" lon="4.7732490">
    <ele>220.4</ele>
    <time>2026-06-02T15:09:47Z</time>
   </trkpt>
   <trkpt lat="45.7635640" lon="4.7732120">
    <ele>220.4</ele>
    <time>2026-06-02T15:09:48Z</time>
   </trkpt>
   <trkpt lat="45.7635780" lon="4.7731790">
    <ele>220.5</ele>
    <time>2026-06-02T15:09:49Z</time>
   </trkpt>
   <trkpt lat="45.7635800" lon="4.7731390">
    <ele>220.6</ele>
    <time>2026-06-02T15:09:50Z</time>
   </trkpt>
   <trkpt lat="45.7635810" lon="4.7730920">
    <ele>220.8</ele>
    <time>2026-06-02T15:09:51Z</time>
   </trkpt>
   <trkpt lat="45.7635790" lon="4.7730440">
    <ele>220.9</ele>
    <time>2026-06-02T15:09:52Z</time>
   </trkpt>
   <trkpt lat="45.7635810" lon="4.7729940">
    <ele>221.1</ele>
    <time>2026-06-02T15:09:53Z</time>
   </trkpt>
   <trkpt lat="45.7635840" lon="4.7729750">
    <ele>221.2</ele>
    <time>2026-06-02T15:09:54Z</time>
   </trkpt>
   <trkpt lat="45.7636030" lon="4.7729400">
    <ele>221.3</ele>
    <time>2026-06-02T15:09:55Z</time>
   </trkpt>
   <trkpt lat="45.7636000" lon="4.7728940">
    <ele>221.4</ele>
    <time>2026-06-02T15:09:56Z</time>
   </trkpt>
   <trkpt lat="45.7636040" lon="4.7728560">
    <ele>221.5</ele>
    <time>2026-06-02T15:09:57Z</time>
   </trkpt>
   <trkpt lat="45.7636130" lon="4.7728090">
    <ele>221.8</ele>
    <time>2026-06-02T15:09:58Z</time>
   </trkpt>
   <trkpt lat="45.7636160" lon="4.7727910">
    <ele>221.9</ele>
    <time>2026-06-02T15:09:59Z</time>
   </trkpt>
   <trkpt lat="45.7636180" lon="4.7727470">
    <ele>222.2</ele>
    <time>2026-06-02T15:10:00Z</time>
   </trkpt>
   <trkpt lat="45.7636190" lon="4.7727320">
    <ele>222.3</ele>
    <time>2026-06-02T15:10:01Z</time>
   </trkpt>
   <trkpt lat="45.7636180" lon="4.7726850">
    <ele>222.5</ele>
    <time>2026-06-02T15:10:02Z</time>
   </trkpt>
   <trkpt lat="45.7636170" lon="4.7726690">
    <ele>222.6</ele>
    <time>2026-06-02T15:10:03Z</time>
   </trkpt>
   <trkpt lat="45.7636190" lon="4.7726230">
    <ele>222.9</ele>
    <time>2026-06-02T15:10:04Z</time>
   </trkpt>
   <trkpt lat="45.7636190" lon="4.7726050">
    <ele>223.0</ele>
    <time>2026-06-02T15:10:05Z</time>
   </trkpt>
   <trkpt lat="45.7636270" lon="4.7725590">
    <ele>223.3</ele>
    <time>2026-06-02T15:10:06Z</time>
   </trkpt>
   <trkpt lat="45.7636260" lon="4.7725410">
    <ele>223.4</ele>
    <time>2026-06-02T15:10:07Z</time>
   </trkpt>
   <trkpt lat="45.7636200" lon="4.7724880">
    <ele>223.7</ele>
    <time>2026-06-02T15:10:08Z</time>
   </trkpt>
   <trkpt lat="45.7636190" lon="4.7724700">
    <ele>223.8</ele>
    <time>2026-06-02T15:10:09Z</time>
   </trkpt>
   <trkpt lat="45.7636250" lon="4.7724320">
    <ele>224.0</ele>
    <time>2026-06-02T15:10:10Z</time>
   </trkpt>
   <trkpt lat="45.7636240" lon="4.7723910">
    <ele>224.2</ele>
    <time>2026-06-02T15:10:11Z</time>
   </trkpt>
   <trkpt lat="45.7636300" lon="4.7723430">
    <ele>224.4</ele>
    <time>2026-06-02T15:10:12Z</time>
   </trkpt>
   <trkpt lat="45.7636310" lon="4.7723260">
    <ele>224.5</ele>
    <time>2026-06-02T15:10:13Z</time>
   </trkpt>
   <trkpt lat="45.7636340" lon="4.7722780">
    <ele>224.6</ele>
    <time>2026-06-02T15:10:14Z</time>
   </trkpt>
   <trkpt lat="45.7636340" lon="4.7722570">
    <ele>224.6</ele>
    <time>2026-06-02T15:10:15Z</time>
   </trkpt>
   <trkpt lat="45.7636440" lon="4.7722180">
    <ele>224.8</ele>
    <time>2026-06-02T15:10:16Z</time>
   </trkpt>
   <trkpt lat="45.7636530" lon="4.7721750">
    <ele>224.9</ele>
    <time>2026-06-02T15:10:17Z</time>
   </trkpt>
   <trkpt lat="45.7636530" lon="4.7721570">
    <ele>224.9</ele>
    <time>2026-06-02T15:10:18Z</time>
   </trkpt>
   <trkpt lat="45.7636610" lon="4.7721190">
    <ele>225.0</ele>
    <time>2026-06-02T15:10:19Z</time>
   </trkpt>
   <trkpt lat="45.7636680" lon="4.7720760">
    <ele>225.1</ele>
    <time>2026-06-02T15:10:20Z</time>
   </trkpt>
   <trkpt lat="45.7636690" lon="4.7720610">
    <ele>225.1</ele>
    <time>2026-06-02T15:10:21Z</time>
   </trkpt>
   <trkpt lat="45.7636730" lon="4.7720130">
    <ele>225.2</ele>
    <time>2026-06-02T15:10:22Z</time>
   </trkpt>
   <trkpt lat="45.7636770" lon="4.7719690">
    <ele>225.2</ele>
    <time>2026-06-02T15:10:23Z</time>
   </trkpt>
   <trkpt lat="45.7636790" lon="4.7719310">
    <ele>225.3</ele>
    <time>2026-06-02T15:10:24Z</time>
   </trkpt>
   <trkpt lat="45.7636800" lon="4.7719160">
    <ele>225.3</ele>
    <time>2026-06-02T15:10:25Z</time>
   </trkpt>
   <trkpt lat="45.7636860" lon="4.7718760">
    <ele>225.4</ele>
    <time>2026-06-02T15:10:26Z</time>
   </trkpt>
   <trkpt lat="45.7636930" lon="4.7718380">
    <ele>225.4</ele>
    <time>2026-06-02T15:10:27Z</time>
   </trkpt>
   <trkpt lat="45.7636940" lon="4.7718220">
    <ele>225.4</ele>
    <time>2026-06-02T15:10:28Z</time>
   </trkpt>
   <trkpt lat="45.7636990" lon="4.7717710">
    <ele>225.4</ele>
    <time>2026-06-02T15:10:29Z</time>
   </trkpt>
   <trkpt lat="45.7637080" lon="4.7717260">
    <ele>225.4</ele>
    <time>2026-06-02T15:10:30Z</time>
   </trkpt>
   <trkpt lat="45.7637080" lon="4.7717080">
    <ele>225.4</ele>
    <time>2026-06-02T15:10:31Z</time>
   </trkpt>
   <trkpt lat="45.7637180" lon="4.7716570">
    <ele>225.4</ele>
    <time>2026-06-02T15:10:32Z</time>
   </trkpt>
   <trkpt lat="45.7637210" lon="4.7716420">
    <ele>225.4</ele>
    <time>2026-06-02T15:10:33Z</time>
   </trkpt>
   <trkpt lat="45.7637230" lon="4.7715870">
    <ele>225.4</ele>
    <time>2026-06-02T15:10:34Z</time>
   </trkpt>
   <trkpt lat="45.7637260" lon="4.7715680">
    <ele>225.4</ele>
    <time>2026-06-02T15:10:35Z</time>
   </trkpt>
   <trkpt lat="45.7637400" lon="4.7715220">
    <ele>225.4</ele>
    <time>2026-06-02T15:10:36Z</time>
   </trkpt>
   <trkpt lat="45.7637420" lon="4.7715090">
    <ele>225.4</ele>
    <time>2026-06-02T15:10:37Z</time>
   </trkpt>
   <trkpt lat="45.7637620" lon="4.7714330">
    <ele>225.3</ele>
    <time>2026-06-02T15:10:38Z</time>
   </trkpt>
   <trkpt lat="45.7637750" lon="4.7713930">
    <ele>225.3</ele>
    <time>2026-06-02T15:10:39Z</time>
   </trkpt>
   <trkpt lat="45.7637780" lon="4.7713500">
    <ele>225.2</ele>
    <time>2026-06-02T15:10:40Z</time>
   </trkpt>
   <trkpt lat="45.7637880" lon="4.7713070">
    <ele>225.1</ele>
    <time>2026-06-02T15:10:41Z</time>
   </trkpt>
   <trkpt lat="45.7637900" lon="4.7712560">
    <ele>225.0</ele>
    <time>2026-06-02T15:10:42Z</time>
   </trkpt>
   <trkpt lat="45.7637900" lon="4.7712330">
    <ele>225.0</ele>
    <time>2026-06-02T15:10:43Z</time>
   </trkpt>
   <trkpt lat="45.7637970" lon="4.7711900">
    <ele>224.9</ele>
    <time>2026-06-02T15:10:44Z</time>
   </trkpt>
   <trkpt lat="45.7638060" lon="4.7711420">
    <ele>224.7</ele>
    <time>2026-06-02T15:10:45Z</time>
   </trkpt>
   <trkpt lat="45.7638070" lon="4.7711220">
    <ele>224.7</ele>
    <time>2026-06-02T15:10:46Z</time>
   </trkpt>
   <trkpt lat="45.7638230" lon="4.7710860">
    <ele>224.6</ele>
    <time>2026-06-02T15:10:47Z</time>
   </trkpt>
   <trkpt lat="45.7638310" lon="4.7710400">
    <ele>224.4</ele>
    <time>2026-06-02T15:10:48Z</time>
   </trkpt>
   <trkpt lat="45.7638310" lon="4.7709990">
    <ele>224.3</ele>
    <time>2026-06-02T15:10:49Z</time>
   </trkpt>
   <trkpt lat="45.7638410" lon="4.7709340">
    <ele>224.0</ele>
    <time>2026-06-02T15:10:50Z</time>
   </trkpt>
   <trkpt lat="45.7638490" lon="4.7709070">
    <ele>223.9</ele>
    <time>2026-06-02T15:10:51Z</time>
   </trkpt>
   <trkpt lat="45.7638450" lon="4.7708530">
    <ele>223.8</ele>
    <time>2026-06-02T15:10:52Z</time>
   </trkpt>
   <trkpt lat="45.7638470" lon="4.7708350">
    <ele>223.7</ele>
    <time>2026-06-02T15:10:53Z</time>
   </trkpt>
   <trkpt lat="45.7638540" lon="4.7707770">
    <ele>223.5</ele>
    <time>2026-06-02T15:10:54Z</time>
   </trkpt>
   <trkpt lat="45.7638630" lon="4.7707400">
    <ele>223.3</ele>
    <time>2026-06-02T15:10:55Z</time>
   </trkpt>
   <trkpt lat="45.7638580" lon="4.7706890">
    <ele>223.2</ele>
    <time>2026-06-02T15:10:56Z</time>
   </trkpt>
   <trkpt lat="45.7638570" lon="4.7706720">
    <ele>223.1</ele>
    <time>2026-06-02T15:10:57Z</time>
   </trkpt>
   <trkpt lat="45.7638700" lon="4.7706290">
    <ele>222.9</ele>
    <time>2026-06-02T15:10:58Z</time>
   </trkpt>
   <trkpt lat="45.7638830" lon="4.7705750">
    <ele>222.7</ele>
    <time>2026-06-02T15:10:59Z</time>
   </trkpt>
   <trkpt lat="45.7638910" lon="4.7705260">
    <ele>222.5</ele>
    <time>2026-06-02T15:11:00Z</time>
   </trkpt>
   <trkpt lat="45.7638890" lon="4.7704700">
    <ele>222.3</ele>
    <time>2026-06-02T15:11:01Z</time>
   </trkpt>
   <trkpt lat="45.7638870" lon="4.7704480">
    <ele>222.3</ele>
    <time>2026-06-02T15:11:02Z</time>
   </trkpt>
   <trkpt lat="45.7638880" lon="4.7704060">
    <ele>222.1</ele>
    <time>2026-06-02T15:11:03Z</time>
   </trkpt>
   <trkpt lat="45.7638910" lon="4.7703430">
    <ele>221.9</ele>
    <time>2026-06-02T15:11:04Z</time>
   </trkpt>
   <trkpt lat="45.7638970" lon="4.7703170">
    <ele>221.8</ele>
    <time>2026-06-02T15:11:05Z</time>
   </trkpt>
   <trkpt lat="45.7639000" lon="4.7702680">
    <ele>221.7</ele>
    <time>2026-06-02T15:11:06Z</time>
   </trkpt>
   <trkpt lat="45.7638950" lon="4.7702100">
    <ele>221.5</ele>
    <time>2026-06-02T15:11:07Z</time>
   </trkpt>
   <trkpt lat="45.7638970" lon="4.7701840">
    <ele>221.4</ele>
    <time>2026-06-02T15:11:08Z</time>
   </trkpt>
   <trkpt lat="45.7638990" lon="4.7701410">
    <ele>221.3</ele>
    <time>2026-06-02T15:11:09Z</time>
   </trkpt>
   <trkpt lat="45.7639150" lon="4.7700970">
    <ele>221.2</ele>
    <time>2026-06-02T15:11:10Z</time>
   </trkpt>
   <trkpt lat="45.7639150" lon="4.7700510">
    <ele>221.0</ele>
    <time>2026-06-02T15:11:11Z</time>
   </trkpt>
   <trkpt lat="45.7639240" lon="4.7700070">
    <ele>220.9</ele>
    <time>2026-06-02T15:11:12Z</time>
   </trkpt>
   <trkpt lat="45.7639180" lon="4.7699580">
    <ele>220.8</ele>
    <time>2026-06-02T15:11:13Z</time>
   </trkpt>
   <trkpt lat="45.7639300" lon="4.7699000">
    <ele>220.7</ele>
    <time>2026-06-02T15:11:14Z</time>
   </trkpt>
   <trkpt lat="45.7639290" lon="4.7698560">
    <ele>220.6</ele>
    <time>2026-06-02T15:11:15Z</time>
   </trkpt>
   <trkpt lat="45.7639390" lon="4.7697970">
    <ele>220.5</ele>
    <time>2026-06-02T15:11:16Z</time>
   </trkpt>
   <trkpt lat="45.7639310" lon="4.7697560">
    <ele>220.5</ele>
    <time>2026-06-02T15:11:17Z</time>
   </trkpt>
   <trkpt lat="45.7639370" lon="4.7697180">
    <ele>220.4</ele>
    <time>2026-06-02T15:11:18Z</time>
   </trkpt>
   <trkpt lat="45.7639480" lon="4.7696630">
    <ele>220.4</ele>
    <time>2026-06-02T15:11:19Z</time>
   </trkpt>
   <trkpt lat="45.7639350" lon="4.7696200">
    <ele>220.4</ele>
    <time>2026-06-02T15:11:20Z</time>
   </trkpt>
   <trkpt lat="45.7639390" lon="4.7695780">
    <ele>220.4</ele>
    <time>2026-06-02T15:11:21Z</time>
   </trkpt>
   <trkpt lat="45.7639440" lon="4.7695350">
    <ele>220.4</ele>
    <time>2026-06-02T15:11:22Z</time>
   </trkpt>
   <trkpt lat="45.7639360" lon="4.7694930">
    <ele>220.4</ele>
    <time>2026-06-02T15:11:23Z</time>
   </trkpt>
   <trkpt lat="45.7639310" lon="4.7694410">
    <ele>220.5</ele>
    <time>2026-06-02T15:11:24Z</time>
   </trkpt>
   <trkpt lat="45.7639070" lon="4.7694130">
    <ele>220.6</ele>
    <time>2026-06-02T15:11:25Z</time>
   </trkpt>
   <trkpt lat="45.7639110" lon="4.7693700">
    <ele>220.7</ele>
    <time>2026-06-02T15:11:27Z</time>
   </trkpt>
   <trkpt lat="45.7639130" lon="4.7693210">
    <ele>220.8</ele>
    <time>2026-06-02T15:11:28Z</time>
   </trkpt>
   <trkpt lat="45.7638990" lon="4.7692640">
    <ele>221.0</ele>
    <time>2026-06-02T15:11:29Z</time>
   </trkpt>
   <trkpt lat="45.7638910" lon="4.7692420">
    <ele>221.1</ele>
    <time>2026-06-02T15:11:30Z</time>
   </trkpt>
   <trkpt lat="45.7638800" lon="4.7691970">
    <ele>221.2</ele>
    <time>2026-06-02T15:11:31Z</time>
   </trkpt>
   <trkpt lat="45.7638700" lon="4.7691360">
    <ele>221.4</ele>
    <time>2026-06-02T15:11:32Z</time>
   </trkpt>
   <trkpt lat="45.7638650" lon="4.7691110">
    <ele>221.5</ele>
    <time>2026-06-02T15:11:33Z</time>
   </trkpt>
   <trkpt lat="45.7638490" lon="4.7690610">
    <ele>221.7</ele>
    <time>2026-06-02T15:11:34Z</time>
   </trkpt>
   <trkpt lat="45.7638460" lon="4.7690370">
    <ele>221.8</ele>
    <time>2026-06-02T15:11:35Z</time>
   </trkpt>
   <trkpt lat="45.7638520" lon="4.7689980">
    <ele>221.9</ele>
    <time>2026-06-02T15:11:36Z</time>
   </trkpt>
   <trkpt lat="45.7638720" lon="4.7689550">
    <ele>222.0</ele>
    <time>2026-06-02T15:11:37Z</time>
   </trkpt>
   <trkpt lat="45.7638970" lon="4.7689060">
    <ele>222.2</ele>
    <time>2026-06-02T15:11:38Z</time>
   </trkpt>
   <trkpt lat="45.7639060" lon="4.7688560">
    <ele>222.3</ele>
    <time>2026-06-02T15:11:39Z</time>
   </trkpt>
   <trkpt lat="45.7639050" lon="4.7688020">
    <ele>222.5</ele>
    <time>2026-06-02T15:11:40Z</time>
   </trkpt>
   <trkpt lat="45.7638900" lon="4.7687540">
    <ele>222.6</ele>
    <time>2026-06-02T15:11:41Z</time>
   </trkpt>
   <trkpt lat="45.7638810" lon="4.7687390">
    <ele>222.7</ele>
    <time>2026-06-02T15:11:42Z</time>
   </trkpt>
   <trkpt lat="45.7638510" lon="4.7687130">
    <ele>222.8</ele>
    <time>2026-06-02T15:11:43Z</time>
   </trkpt>
   <trkpt lat="45.7638260" lon="4.7686940">
    <ele>222.8</ele>
    <time>2026-06-02T15:11:44Z</time>
   </trkpt>
   <trkpt lat="45.7638100" lon="4.7686800">
    <ele>222.9</ele>
    <time>2026-06-02T15:11:45Z</time>
   </trkpt>
   <trkpt lat="45.7637160" lon="4.7685480">
    <ele>223.6</ele>
    <time>2026-06-02T15:11:54Z</time>
   </trkpt>
   <trkpt lat="45.7637050" lon="4.7685070">
    <ele>223.8</ele>
    <time>2026-06-02T15:11:55Z</time>
   </trkpt>
   <trkpt lat="45.7636900" lon="4.7684730">
    <ele>224.0</ele>
    <time>2026-06-02T15:11:56Z</time>
   </trkpt>
   <trkpt lat="45.7636680" lon="4.7684460">
    <ele>224.1</ele>
    <time>2026-06-02T15:11:57Z</time>
   </trkpt>
   <trkpt lat="45.7636600" lon="4.7684280">
    <ele>224.2</ele>
    <time>2026-06-02T15:11:58Z</time>
   </trkpt>
   <trkpt lat="45.7636590" lon="4.7683840">
    <ele>224.4</ele>
    <time>2026-06-02T15:11:59Z</time>
   </trkpt>
   <trkpt lat="45.7636450" lon="4.7683410">
    <ele>224.6</ele>
    <time>2026-06-02T15:12:00Z</time>
   </trkpt>
   <trkpt lat="45.7636340" lon="4.7683270">
    <ele>224.7</ele>
    <time>2026-06-02T15:12:01Z</time>
   </trkpt>
   <trkpt lat="45.7636120" lon="4.7682860">
    <ele>224.9</ele>
    <time>2026-06-02T15:12:02Z</time>
   </trkpt>
   <trkpt lat="45.7636060" lon="4.7682730">
    <ele>225.0</ele>
    <time>2026-06-02T15:12:03Z</time>
   </trkpt>
   <trkpt lat="45.7636020" lon="4.7682290">
    <ele>225.1</ele>
    <time>2026-06-02T15:12:04Z</time>
   </trkpt>
   <trkpt lat="45.7635820" lon="4.7681710">
    <ele>225.4</ele>
    <time>2026-06-02T15:12:05Z</time>
   </trkpt>
   <trkpt lat="45.7635740" lon="4.7681450">
    <ele>225.6</ele>
    <time>2026-06-02T15:12:06Z</time>
   </trkpt>
   <trkpt lat="45.7635570" lon="4.7680990">
    <ele>225.8</ele>
    <time>2026-06-02T15:12:07Z</time>
   </trkpt>
   <trkpt lat="45.7635480" lon="4.7680860">
    <ele>225.8</ele>
    <time>2026-06-02T15:12:08Z</time>
   </trkpt>
   <trkpt lat="45.7635430" lon="4.7680330">
    <ele>225.9</ele>
    <time>2026-06-02T15:12:09Z</time>
   </trkpt>
   <trkpt lat="45.7635420" lon="4.7680060">
    <ele>225.9</ele>
    <time>2026-06-02T15:12:10Z</time>
   </trkpt>
   <trkpt lat="45.7635430" lon="4.7679630">
    <ele>226.0</ele>
    <time>2026-06-02T15:12:11Z</time>
   </trkpt>
   <trkpt lat="45.7635480" lon="4.7679240">
    <ele>226.1</ele>
    <time>2026-06-02T15:12:12Z</time>
   </trkpt>
   <trkpt lat="45.7635470" lon="4.7678760">
    <ele>226.3</ele>
    <time>2026-06-02T15:12:13Z</time>
   </trkpt>
   <trkpt lat="45.7635470" lon="4.7678350">
    <ele>226.5</ele>
    <time>2026-06-02T15:12:14Z</time>
   </trkpt>
   <trkpt lat="45.7635450" lon="4.7677830">
    <ele>226.7</ele>
    <time>2026-06-02T15:12:15Z</time>
   </trkpt>
   <trkpt lat="45.7635450" lon="4.7677640">
    <ele>226.8</ele>
    <time>2026-06-02T15:12:16Z</time>
   </trkpt>
   <trkpt lat="45.7635420" lon="4.7677430">
    <ele>226.9</ele>
    <time>2026-06-02T15:12:17Z</time>
   </trkpt>
   <trkpt lat="45.7635340" lon="4.7677180">
    <ele>227.0</ele>
    <time>2026-06-02T15:12:18Z</time>
   </trkpt>
   <trkpt lat="45.7635300" lon="4.7676960">
    <ele>227.1</ele>
    <time>2026-06-02T15:12:19Z</time>
   </trkpt>
   <trkpt lat="45.7635380" lon="4.7676720">
    <ele>227.2</ele>
    <time>2026-06-02T15:12:20Z</time>
   </trkpt>
   <trkpt lat="45.7635400" lon="4.7676190">
    <ele>227.5</ele>
    <time>2026-06-02T15:12:21Z</time>
   </trkpt>
   <trkpt lat="45.7635390" lon="4.7675990">
    <ele>227.6</ele>
    <time>2026-06-02T15:12:22Z</time>
   </trkpt>
   <trkpt lat="45.7635450" lon="4.7675560">
    <ele>227.8</ele>
    <time>2026-06-02T15:12:23Z</time>
   </trkpt>
   <trkpt lat="45.7635460" lon="4.7675380">
    <ele>227.9</ele>
    <time>2026-06-02T15:12:24Z</time>
   </trkpt>
   <trkpt lat="45.7635530" lon="4.7674880">
    <ele>228.1</ele>
    <time>2026-06-02T15:12:25Z</time>
   </trkpt>
   <trkpt lat="45.7635610" lon="4.7674690">
    <ele>228.2</ele>
    <time>2026-06-02T15:12:26Z</time>
   </trkpt>
   <trkpt lat="45.7635740" lon="4.7674490">
    <ele>228.3</ele>
    <time>2026-06-02T15:12:27Z</time>
   </trkpt>
   <trkpt lat="45.7635620" lon="4.7673920">
    <ele>228.6</ele>
    <time>2026-06-02T15:12:28Z</time>
   </trkpt>
   <trkpt lat="45.7635390" lon="4.7673590">
    <ele>228.8</ele>
    <time>2026-06-02T15:12:29Z</time>
   </trkpt>
   <trkpt lat="45.7635470" lon="4.7673170">
    <ele>229.0</ele>
    <time>2026-06-02T15:12:30Z</time>
   </trkpt>
   <trkpt lat="45.7635440" lon="4.7672950">
    <ele>229.1</ele>
    <time>2026-06-02T15:12:31Z</time>
   </trkpt>
   <trkpt lat="45.7635490" lon="4.7672540">
    <ele>229.3</ele>
    <time>2026-06-02T15:12:32Z</time>
   </trkpt>
   <trkpt lat="45.7635490" lon="4.7672350">
    <ele>229.4</ele>
    <time>2026-06-02T15:12:33Z</time>
   </trkpt>
   <trkpt lat="45.7635740" lon="4.7672180">
    <ele>229.6</ele>
    <time>2026-06-02T15:12:34Z</time>
   </trkpt>
   <trkpt lat="45.7635720" lon="4.7671740">
    <ele>229.8</ele>
    <time>2026-06-02T15:12:35Z</time>
   </trkpt>
   <trkpt lat="45.7635690" lon="4.7671600">
    <ele>229.9</ele>
    <time>2026-06-02T15:12:36Z</time>
   </trkpt>
   <trkpt lat="45.7635620" lon="4.7671230">
    <ele>230.1</ele>
    <time>2026-06-02T15:12:37Z</time>
   </trkpt>
   <trkpt lat="45.7635480" lon="4.7670780">
    <ele>230.3</ele>
    <time>2026-06-02T15:12:38Z</time>
   </trkpt>
   <trkpt lat="45.7635430" lon="4.7670640">
    <ele>230.3</ele>
    <time>2026-06-02T15:12:39Z</time>
   </trkpt>
   <trkpt lat="45.7635260" lon="4.7670100">
    <ele>230.6</ele>
    <time>2026-06-02T15:12:40Z</time>
   </trkpt>
   <trkpt lat="45.7635190" lon="4.7669930">
    <ele>230.7</ele>
    <time>2026-06-02T15:12:41Z</time>
   </trkpt>
   <trkpt lat="45.7635230" lon="4.7669500">
    <ele>230.9</ele>
    <time>2026-06-02T15:12:42Z</time>
   </trkpt>
   <trkpt lat="45.7635200" lon="4.7669090">
    <ele>231.1</ele>
    <time>2026-06-02T15:12:43Z</time>
   </trkpt>
   <trkpt lat="45.7635150" lon="4.7668960">
    <ele>231.2</ele>
    <time>2026-06-02T15:12:44Z</time>
   </trkpt>
   <trkpt lat="45.7635180" lon="4.7668510">
    <ele>231.4</ele>
    <time>2026-06-02T15:12:45Z</time>
   </trkpt>
   <trkpt lat="45.7635230" lon="4.7668340">
    <ele>231.4</ele>
    <time>2026-06-02T15:12:46Z</time>
   </trkpt>
   <trkpt lat="45.7635390" lon="4.7667880">
    <ele>231.7</ele>
    <time>2026-06-02T15:12:47Z</time>
   </trkpt>
   <trkpt lat="45.7635410" lon="4.7667750">
    <ele>231.7</ele>
    <time>2026-06-02T15:12:48Z</time>
   </trkpt>
   <trkpt lat="45.7635430" lon="4.7667260">
    <ele>231.9</ele>
    <time>2026-06-02T15:12:49Z</time>
   </trkpt>
   <trkpt lat="45.7635470" lon="4.7667070">
    <ele>232.0</ele>
    <time>2026-06-02T15:12:50Z</time>
   </trkpt>
   <trkpt lat="45.7635420" lon="4.7666600">
    <ele>232.1</ele>
    <time>2026-06-02T15:12:51Z</time>
   </trkpt>
   <trkpt lat="45.7635450" lon="4.7666200">
    <ele>232.2</ele>
    <time>2026-06-02T15:12:52Z</time>
   </trkpt>
   <trkpt lat="45.7635410" lon="4.7665720">
    <ele>232.3</ele>
    <time>2026-06-02T15:12:53Z</time>
   </trkpt>
   <trkpt lat="45.7635460" lon="4.7665580">
    <ele>232.4</ele>
    <time>2026-06-02T15:12:54Z</time>
   </trkpt>
   <trkpt lat="45.7635380" lon="4.7665400">
    <ele>232.4</ele>
    <time>2026-06-02T15:12:55Z</time>
   </trkpt>
   <trkpt lat="45.7635360" lon="4.7665130">
    <ele>232.5</ele>
    <time>2026-06-02T15:12:56Z</time>
   </trkpt>
   <trkpt lat="45.7635410" lon="4.7664370">
    <ele>232.6</ele>
    <time>2026-06-02T15:12:57Z</time>
   </trkpt>
   <trkpt lat="45.7635430" lon="4.7663970">
    <ele>232.7</ele>
    <time>2026-06-02T15:12:58Z</time>
   </trkpt>
   <trkpt lat="45.7635480" lon="4.7663370">
    <ele>232.9</ele>
    <time>2026-06-02T15:12:59Z</time>
   </trkpt>
   <trkpt lat="45.7635540" lon="4.7663140">
    <ele>232.9</ele>
    <time>2026-06-02T15:13:00Z</time>
   </trkpt>
   <trkpt lat="45.7635560" lon="4.7662580">
    <ele>233.1</ele>
    <time>2026-06-02T15:13:01Z</time>
   </trkpt>
   <trkpt lat="45.7635550" lon="4.7662410">
    <ele>233.1</ele>
    <time>2026-06-02T15:13:02Z</time>
   </trkpt>
   <trkpt lat="45.7635420" lon="4.7661890">
    <ele>233.2</ele>
    <time>2026-06-02T15:13:03Z</time>
   </trkpt>
   <trkpt lat="45.7635390" lon="4.7661710">
    <ele>233.3</ele>
    <time>2026-06-02T15:13:04Z</time>
   </trkpt>
   <trkpt lat="45.7635320" lon="4.7661130">
    <ele>233.4</ele>
    <time>2026-06-02T15:13:05Z</time>
   </trkpt>
   <trkpt lat="45.7635370" lon="4.7660880">
    <ele>233.5</ele>
    <time>2026-06-02T15:13:06Z</time>
   </trkpt>
   <trkpt lat="45.7635310" lon="4.7660500">
    <ele>233.6</ele>
    <time>2026-06-02T15:13:07Z</time>
   </trkpt>
   <trkpt lat="45.7635090" lon="4.7660190">
    <ele>233.8</ele>
    <time>2026-06-02T15:13:08Z</time>
   </trkpt>
   <trkpt lat="45.7635040" lon="4.7660100">
    <ele>233.8</ele>
    <time>2026-06-02T15:13:09Z</time>
   </trkpt>
   <trkpt lat="45.7634730" lon="4.7660070">
    <ele>233.8</ele>
    <time>2026-06-02T15:13:10Z</time>
   </trkpt>
   <trkpt lat="45.7634580" lon="4.7660070">
    <ele>233.8</ele>
    <time>2026-06-02T15:13:11Z</time>
   </trkpt>
   <trkpt lat="45.7634270" lon="4.7660210">
    <ele>233.8</ele>
    <time>2026-06-02T15:13:12Z</time>
   </trkpt>
   <trkpt lat="45.7633930" lon="4.7660040">
    <ele>233.7</ele>
    <time>2026-06-02T15:13:13Z</time>
   </trkpt>
   <trkpt lat="45.7633820" lon="4.7659960">
    <ele>233.8</ele>
    <time>2026-06-02T15:13:14Z</time>
   </trkpt>
   <trkpt lat="45.7633570" lon="4.7659710">
    <ele>233.8</ele>
    <time>2026-06-02T15:13:15Z</time>
   </trkpt>
   <trkpt lat="45.7633470" lon="4.7659630">
    <ele>233.8</ele>
    <time>2026-06-02T15:13:16Z</time>
   </trkpt>
   <trkpt lat="45.7633100" lon="4.7659520">
    <ele>233.8</ele>
    <time>2026-06-02T15:13:17Z</time>
   </trkpt>
   <trkpt lat="45.7632970" lon="4.7659520">
    <ele>233.8</ele>
    <time>2026-06-02T15:13:18Z</time>
   </trkpt>
   <trkpt lat="45.7632660" lon="4.7659460">
    <ele>233.9</ele>
    <time>2026-06-02T15:13:19Z</time>
   </trkpt>
   <trkpt lat="45.7632400" lon="4.7659280">
    <ele>233.9</ele>
    <time>2026-06-02T15:13:20Z</time>
   </trkpt>
   <trkpt lat="45.7632050" lon="4.7659260">
    <ele>233.9</ele>
    <time>2026-06-02T15:13:21Z</time>
   </trkpt>
   <trkpt lat="45.7631930" lon="4.7659270">
    <ele>233.9</ele>
    <time>2026-06-02T15:13:22Z</time>
   </trkpt>
   <trkpt lat="45.7631660" lon="4.7659130">
    <ele>234.0</ele>
    <time>2026-06-02T15:13:23Z</time>
   </trkpt>
   <trkpt lat="45.7631330" lon="4.7658980">
    <ele>234.0</ele>
    <time>2026-06-02T15:13:24Z</time>
   </trkpt>
   <trkpt lat="45.7631240" lon="4.7658950">
    <ele>234.0</ele>
    <time>2026-06-02T15:13:25Z</time>
   </trkpt>
   <trkpt lat="45.7630840" lon="4.7659030">
    <ele>234.1</ele>
    <time>2026-06-02T15:13:26Z</time>
   </trkpt>
   <trkpt lat="45.7630700" lon="4.7659030">
    <ele>234.1</ele>
    <time>2026-06-02T15:13:27Z</time>
   </trkpt>
   <trkpt lat="45.7630420" lon="4.7658910">
    <ele>234.1</ele>
    <time>2026-06-02T15:13:28Z</time>
   </trkpt>
   <trkpt lat="45.7630110" lon="4.7658880">
    <ele>234.2</ele>
    <time>2026-06-02T15:13:29Z</time>
   </trkpt>
   <trkpt lat="45.7630000" lon="4.7658880">
    <ele>234.2</ele>
    <time>2026-06-02T15:13:30Z</time>
   </trkpt>
   <trkpt lat="45.7629770" lon="4.7658830">
    <ele>234.2</ele>
    <time>2026-06-02T15:13:31Z</time>
   </trkpt>
   <trkpt lat="45.7629550" lon="4.7658720">
    <ele>234.2</ele>
    <time>2026-06-02T15:13:33Z</time>
   </trkpt>
   <trkpt lat="45.7629180" lon="4.7658760">
    <ele>234.2</ele>
    <time>2026-06-02T15:13:34Z</time>
   </trkpt>
   <trkpt lat="45.7629050" lon="4.7658790">
    <ele>234.2</ele>
    <time>2026-06-02T15:13:35Z</time>
   </trkpt>
   <trkpt lat="45.7628750" lon="4.7658960">
    <ele>234.2</ele>
    <time>2026-06-02T15:13:36Z</time>
   </trkpt>
   <trkpt lat="45.7628640" lon="4.7658960">
    <ele>234.2</ele>
    <time>2026-06-02T15:13:37Z</time>
   </trkpt>
   <trkpt lat="45.7628360" lon="4.7658900">
    <ele>234.2</ele>
    <time>2026-06-02T15:13:38Z</time>
   </trkpt>
   <trkpt lat="45.7628070" lon="4.7658910">
    <ele>234.2</ele>
    <time>2026-06-02T15:13:39Z</time>
   </trkpt>
   <trkpt lat="45.7627740" lon="4.7658920">
    <ele>234.2</ele>
    <time>2026-06-02T15:13:40Z</time>
   </trkpt>
   <trkpt lat="45.7627670" lon="4.7658890">
    <ele>234.2</ele>
    <time>2026-06-02T15:13:41Z</time>
   </trkpt>
   <trkpt lat="45.7627320" lon="4.7658680">
    <ele>234.2</ele>
    <time>2026-06-02T15:13:42Z</time>
   </trkpt>
   <trkpt lat="45.7627160" lon="4.7658610">
    <ele>234.2</ele>
    <time>2026-06-02T15:13:43Z</time>
   </trkpt>
   <trkpt lat="45.7626880" lon="4.7658360">
    <ele>234.2</ele>
    <time>2026-06-02T15:13:44Z</time>
   </trkpt>
   <trkpt lat="45.7626590" lon="4.7658070">
    <ele>234.2</ele>
    <time>2026-06-02T15:13:45Z</time>
   </trkpt>
   <trkpt lat="45.7626490" lon="4.7657950">
    <ele>234.2</ele>
    <time>2026-06-02T15:13:46Z</time>
   </trkpt>
   <trkpt lat="45.7626330" lon="4.7657550">
    <ele>234.2</ele>
    <time>2026-06-02T15:13:47Z</time>
   </trkpt>
   <trkpt lat="45.7626260" lon="4.7657380">
    <ele>234.2</ele>
    <time>2026-06-02T15:13:48Z</time>
   </trkpt>
   <trkpt lat="45.7625930" lon="4.7657120">
    <ele>234.1</ele>
    <time>2026-06-02T15:13:49Z</time>
   </trkpt>
   <trkpt lat="45.7625800" lon="4.7657060">
    <ele>234.1</ele>
    <time>2026-06-02T15:13:50Z</time>
   </trkpt>
   <trkpt lat="45.7625470" lon="4.7656900">
    <ele>234.1</ele>
    <time>2026-06-02T15:13:51Z</time>
   </trkpt>
   <trkpt lat="45.7625370" lon="4.7656850">
    <ele>234.1</ele>
    <time>2026-06-02T15:13:52Z</time>
   </trkpt>
   <trkpt lat="45.7624990" lon="4.7656710">
    <ele>234.0</ele>
    <time>2026-06-02T15:13:53Z</time>
   </trkpt>
   <trkpt lat="45.7624850" lon="4.7656690">
    <ele>234.0</ele>
    <time>2026-06-02T15:13:54Z</time>
   </trkpt>
   <trkpt lat="45.7624470" lon="4.7656620">
    <ele>234.0</ele>
    <time>2026-06-02T15:13:55Z</time>
   </trkpt>
   <trkpt lat="45.7624340" lon="4.7656610">
    <ele>234.0</ele>
    <time>2026-06-02T15:13:56Z</time>
   </trkpt>
   <trkpt lat="45.7624060" lon="4.7656480">
    <ele>233.9</ele>
    <time>2026-06-02T15:13:57Z</time>
   </trkpt>
   <trkpt lat="45.7623730" lon="4.7656420">
    <ele>233.9</ele>
    <time>2026-06-02T15:13:58Z</time>
   </trkpt>
   <trkpt lat="45.7623350" lon="4.7656410">
    <ele>233.9</ele>
    <time>2026-06-02T15:13:59Z</time>
   </trkpt>
   <trkpt lat="45.7623200" lon="4.7656350">
    <ele>233.8</ele>
    <time>2026-06-02T15:14:00Z</time>
   </trkpt>
   <trkpt lat="45.7622890" lon="4.7656240">
    <ele>233.8</ele>
    <time>2026-06-02T15:14:01Z</time>
   </trkpt>
   <trkpt lat="45.7622530" lon="4.7656140">
    <ele>233.7</ele>
    <time>2026-06-02T15:14:02Z</time>
   </trkpt>
   <trkpt lat="45.7622430" lon="4.7656130">
    <ele>233.7</ele>
    <time>2026-06-02T15:14:03Z</time>
   </trkpt>
   <trkpt lat="45.7622120" lon="4.7656140">
    <ele>233.7</ele>
    <time>2026-06-02T15:14:04Z</time>
   </trkpt>
   <trkpt lat="45.7622030" lon="4.7656190">
    <ele>233.7</ele>
    <time>2026-06-02T15:14:05Z</time>
   </trkpt>
   <trkpt lat="45.7621640" lon="4.7656260">
    <ele>233.6</ele>
    <time>2026-06-02T15:14:06Z</time>
   </trkpt>
   <trkpt lat="45.7621510" lon="4.7656270">
    <ele>233.6</ele>
    <time>2026-06-02T15:14:07Z</time>
   </trkpt>
   <trkpt lat="45.7621190" lon="4.7656230">
    <ele>233.6</ele>
    <time>2026-06-02T15:14:08Z</time>
   </trkpt>
   <trkpt lat="45.7620900" lon="4.7656200">
    <ele>233.5</ele>
    <time>2026-06-02T15:14:09Z</time>
   </trkpt>
   <trkpt lat="45.7620550" lon="4.7656280">
    <ele>233.5</ele>
    <time>2026-06-02T15:14:10Z</time>
   </trkpt>
   <trkpt lat="45.7620420" lon="4.7656280">
    <ele>233.5</ele>
    <time>2026-06-02T15:14:11Z</time>
   </trkpt>
   <trkpt lat="45.7620020" lon="4.7656150">
    <ele>233.5</ele>
    <time>2026-06-02T15:14:12Z</time>
   </trkpt>
   <trkpt lat="45.7619870" lon="4.7656110">
    <ele>233.5</ele>
    <time>2026-06-02T15:14:13Z</time>
   </trkpt>
   <trkpt lat="45.7619640" lon="4.7655700">
    <ele>233.4</ele>
    <time>2026-06-02T15:14:14Z</time>
   </trkpt>
   <trkpt lat="45.7619560" lon="4.7655480">
    <ele>233.4</ele>
    <time>2026-06-02T15:14:15Z</time>
   </trkpt>
   <trkpt lat="45.7619410" lon="4.7654960">
    <ele>233.4</ele>
    <time>2026-06-02T15:14:16Z</time>
   </trkpt>
   <trkpt lat="45.7619290" lon="4.7654600">
    <ele>233.4</ele>
    <time>2026-06-02T15:14:17Z</time>
   </trkpt>
   <trkpt lat="45.7619330" lon="4.7654090">
    <ele>233.4</ele>
    <time>2026-06-02T15:14:18Z</time>
   </trkpt>
   <trkpt lat="45.7619390" lon="4.7653890">
    <ele>233.4</ele>
    <time>2026-06-02T15:14:19Z</time>
   </trkpt>
   <trkpt lat="45.7619480" lon="4.7653420">
    <ele>233.4</ele>
    <time>2026-06-02T15:14:20Z</time>
   </trkpt>
   <trkpt lat="45.7619500" lon="4.7653250">
    <ele>233.4</ele>
    <time>2026-06-02T15:14:21Z</time>
   </trkpt>
   <trkpt lat="45.7619510" lon="4.7652680">
    <ele>233.4</ele>
    <time>2026-06-02T15:14:22Z</time>
   </trkpt>
   <trkpt lat="45.7619490" lon="4.7652500">
    <ele>233.4</ele>
    <time>2026-06-02T15:14:23Z</time>
   </trkpt>
   <trkpt lat="45.7619500" lon="4.7651980">
    <ele>233.4</ele>
    <time>2026-06-02T15:14:24Z</time>
   </trkpt>
   <trkpt lat="45.7619520" lon="4.7651810">
    <ele>233.4</ele>
    <time>2026-06-02T15:14:25Z</time>
   </trkpt>
   <trkpt lat="45.7619540" lon="4.7651370">
    <ele>233.5</ele>
    <time>2026-06-02T15:14:26Z</time>
   </trkpt>
   <trkpt lat="45.7619530" lon="4.7650810">
    <ele>233.5</ele>
    <time>2026-06-02T15:14:27Z</time>
   </trkpt>
   <trkpt lat="45.7619550" lon="4.7650630">
    <ele>233.5</ele>
    <time>2026-06-02T15:14:28Z</time>
   </trkpt>
   <trkpt lat="45.7619570" lon="4.7650190">
    <ele>233.5</ele>
    <time>2026-06-02T15:14:29Z</time>
   </trkpt>
   <trkpt lat="45.7619580" lon="4.7650030">
    <ele>233.5</ele>
    <time>2026-06-02T15:14:30Z</time>
   </trkpt>
   <trkpt lat="45.7619610" lon="4.7649580">
    <ele>233.5</ele>
    <time>2026-06-02T15:14:31Z</time>
   </trkpt>
   <trkpt lat="45.7619580" lon="4.7649430">
    <ele>233.5</ele>
    <time>2026-06-02T15:14:32Z</time>
   </trkpt>
   <trkpt lat="45.7619600" lon="4.7649020">
    <ele>233.6</ele>
    <time>2026-06-02T15:14:33Z</time>
   </trkpt>
   <trkpt lat="45.7619600" lon="4.7648880">
    <ele>233.6</ele>
    <time>2026-06-02T15:14:34Z</time>
   </trkpt>
   <trkpt lat="45.7619670" lon="4.7648380">
    <ele>233.6</ele>
    <time>2026-06-02T15:14:35Z</time>
   </trkpt>
   <trkpt lat="45.7619740" lon="4.7648210">
    <ele>233.6</ele>
    <time>2026-06-02T15:14:36Z</time>
   </trkpt>
   <trkpt lat="45.7619760" lon="4.7647730">
    <ele>233.7</ele>
    <time>2026-06-02T15:14:37Z</time>
   </trkpt>
   <trkpt lat="45.7619750" lon="4.7647580">
    <ele>233.7</ele>
    <time>2026-06-02T15:14:38Z</time>
   </trkpt>
   <trkpt lat="45.7619750" lon="4.7647180">
    <ele>233.8</ele>
    <time>2026-06-02T15:14:39Z</time>
   </trkpt>
   <trkpt lat="45.7619730" lon="4.7646660">
    <ele>233.8</ele>
    <time>2026-06-02T15:14:40Z</time>
   </trkpt>
   <trkpt lat="45.7619690" lon="4.7646510">
    <ele>233.8</ele>
    <time>2026-06-02T15:14:41Z</time>
   </trkpt>
   <trkpt lat="45.7619670" lon="4.7646100">
    <ele>233.9</ele>
    <time>2026-06-02T15:14:42Z</time>
   </trkpt>
   <trkpt lat="45.7619710" lon="4.7645570">
    <ele>233.9</ele>
    <time>2026-06-02T15:14:43Z</time>
   </trkpt>
   <trkpt lat="45.7619730" lon="4.7645410">
    <ele>233.9</ele>
    <time>2026-06-02T15:14:44Z</time>
   </trkpt>
   <trkpt lat="45.7619720" lon="4.7644900">
    <ele>234.0</ele>
    <time>2026-06-02T15:14:45Z</time>
   </trkpt>
   <trkpt lat="45.7619750" lon="4.7644350">
    <ele>234.0</ele>
    <time>2026-06-02T15:14:46Z</time>
   </trkpt>
   <trkpt lat="45.7619770" lon="4.7644160">
    <ele>234.0</ele>
    <time>2026-06-02T15:14:47Z</time>
   </trkpt>
   <trkpt lat="45.7619810" lon="4.7643760">
    <ele>234.1</ele>
    <time>2026-06-02T15:14:48Z</time>
   </trkpt>
   <trkpt lat="45.7619870" lon="4.7643230">
    <ele>234.1</ele>
    <time>2026-06-02T15:14:49Z</time>
   </trkpt>
   <trkpt lat="45.7619870" lon="4.7643070">
    <ele>234.1</ele>
    <time>2026-06-02T15:14:50Z</time>
   </trkpt>
   <trkpt lat="45.7620010" lon="4.7642620">
    <ele>234.2</ele>
    <time>2026-06-02T15:14:51Z</time>
   </trkpt>
   <trkpt lat="45.7620010" lon="4.7642440">
    <ele>234.2</ele>
    <time>2026-06-02T15:14:52Z</time>
   </trkpt>
   <trkpt lat="45.7619980" lon="4.7641920">
    <ele>234.2</ele>
    <time>2026-06-02T15:14:53Z</time>
   </trkpt>
   <trkpt lat="45.7619970" lon="4.7641750">
    <ele>234.2</ele>
    <time>2026-06-02T15:14:54Z</time>
   </trkpt>
   <trkpt lat="45.7620030" lon="4.7641240">
    <ele>234.3</ele>
    <time>2026-06-02T15:14:55Z</time>
   </trkpt>
   <trkpt lat="45.7620060" lon="4.7641050">
    <ele>234.3</ele>
    <time>2026-06-02T15:14:56Z</time>
   </trkpt>
   <trkpt lat="45.7619970" lon="4.7640450">
    <ele>234.4</ele>
    <time>2026-06-02T15:14:57Z</time>
   </trkpt>
   <trkpt lat="45.7619940" lon="4.7640230">
    <ele>234.4</ele>
    <time>2026-06-02T15:14:58Z</time>
   </trkpt>
   <trkpt lat="45.7620000" lon="4.7639630">
    <ele>234.5</ele>
    <time>2026-06-02T15:14:59Z</time>
   </trkpt>
   <trkpt lat="45.7620020" lon="4.7639390">
    <ele>234.5</ele>
    <time>2026-06-02T15:15:00Z</time>
   </trkpt>
   <trkpt lat="45.7619920" lon="4.7638970">
    <ele>234.5</ele>
    <time>2026-06-02T15:15:01Z</time>
   </trkpt>
   <trkpt lat="45.7619910" lon="4.7638240">
    <ele>234.6</ele>
    <time>2026-06-02T15:15:02Z</time>
   </trkpt>
   <trkpt lat="45.7620020" lon="4.7637970">
    <ele>234.7</ele>
    <time>2026-06-02T15:15:03Z</time>
   </trkpt>
   <trkpt lat="45.7620130" lon="4.7637430">
    <ele>234.7</ele>
    <time>2026-06-02T15:15:04Z</time>
   </trkpt>
   <trkpt lat="45.7620150" lon="4.7637170">
    <ele>234.7</ele>
    <time>2026-06-02T15:15:05Z</time>
   </trkpt>
   <trkpt lat="45.7620100" lon="4.7636720">
    <ele>234.8</ele>
    <time>2026-06-02T15:15:06Z</time>
   </trkpt>
   <trkpt lat="45.7620130" lon="4.7636200">
    <ele>234.8</ele>
    <time>2026-06-02T15:15:07Z</time>
   </trkpt>
   <trkpt lat="45.7620110" lon="4.7636040">
    <ele>234.8</ele>
    <time>2026-06-02T15:15:08Z</time>
   </trkpt>
   <trkpt lat="45.7620070" lon="4.7635650">
    <ele>234.9</ele>
    <time>2026-06-02T15:15:09Z</time>
   </trkpt>
   <trkpt lat="45.7620070" lon="4.7635520">
    <ele>234.9</ele>
    <time>2026-06-02T15:15:10Z</time>
   </trkpt>
   <trkpt lat="45.7620170" lon="4.7635020">
    <ele>234.9</ele>
    <time>2026-06-02T15:15:11Z</time>
   </trkpt>
   <trkpt lat="45.7620170" lon="4.7634820">
    <ele>234.9</ele>
    <time>2026-06-02T15:15:12Z</time>
   </trkpt>
   <trkpt lat="45.7620090" lon="4.7634380">
    <ele>234.9</ele>
    <time>2026-06-02T15:15:13Z</time>
   </trkpt>
   <trkpt lat="45.7620380" lon="4.7633930">
    <ele>234.9</ele>
    <time>2026-06-02T15:15:14Z</time>
   </trkpt>
   <trkpt lat="45.7620350" lon="4.7633410">
    <ele>235.0</ele>
    <time>2026-06-02T15:15:15Z</time>
   </trkpt>
   <trkpt lat="45.7620330" lon="4.7633240">
    <ele>235.0</ele>
    <time>2026-06-02T15:15:16Z</time>
   </trkpt>
   <trkpt lat="45.7620390" lon="4.7632720">
    <ele>235.0</ele>
    <time>2026-06-02T15:15:17Z</time>
   </trkpt>
   <trkpt lat="45.7620390" lon="4.7632510">
    <ele>235.0</ele>
    <time>2026-06-02T15:15:18Z</time>
   </trkpt>
   <trkpt lat="45.7620320" lon="4.7632070">
    <ele>235.0</ele>
    <time>2026-06-02T15:15:19Z</time>
   </trkpt>
   <trkpt lat="45.7620360" lon="4.7631670">
    <ele>235.0</ele>
    <time>2026-06-02T15:15:20Z</time>
   </trkpt>
   <trkpt lat="45.7620420" lon="4.7631290">
    <ele>235.0</ele>
    <time>2026-06-02T15:15:21Z</time>
   </trkpt>
   <trkpt lat="45.7620440" lon="4.7630750">
    <ele>235.1</ele>
    <time>2026-06-02T15:15:22Z</time>
   </trkpt>
   <trkpt lat="45.7620440" lon="4.7630580">
    <ele>235.1</ele>
    <time>2026-06-02T15:15:23Z</time>
   </trkpt>
   <trkpt lat="45.7620430" lon="4.7630220">
    <ele>235.1</ele>
    <time>2026-06-02T15:15:24Z</time>
   </trkpt>
   <trkpt lat="45.7620460" lon="4.7630060">
    <ele>235.1</ele>
    <time>2026-06-02T15:15:25Z</time>
   </trkpt>
   <trkpt lat="45.7620560" lon="4.7629690">
    <ele>235.1</ele>
    <time>2026-06-02T15:15:26Z</time>
   </trkpt>
   <trkpt lat="45.7620620" lon="4.7629270">
    <ele>235.2</ele>
    <time>2026-06-02T15:15:27Z</time>
   </trkpt>
   <trkpt lat="45.7620640" lon="4.7628750">
    <ele>235.3</ele>
    <time>2026-06-02T15:15:28Z</time>
   </trkpt>
   <trkpt lat="45.7620640" lon="4.7628310">
    <ele>235.3</ele>
    <time>2026-06-02T15:15:29Z</time>
   </trkpt>
   <trkpt lat="45.7620610" lon="4.7627910">
    <ele>235.3</ele>
    <time>2026-06-02T15:15:30Z</time>
   </trkpt>
   <trkpt lat="45.7620600" lon="4.7627330">
    <ele>235.2</ele>
    <time>2026-06-02T15:15:31Z</time>
   </trkpt>
   <trkpt lat="45.7620580" lon="4.7627120">
    <ele>235.2</ele>
    <time>2026-06-02T15:15:32Z</time>
   </trkpt>
   <trkpt lat="45.7620550" lon="4.7626670">
    <ele>235.2</ele>
    <time>2026-06-02T15:15:33Z</time>
   </trkpt>
   <trkpt lat="45.7620520" lon="4.7626170">
    <ele>235.2</ele>
    <time>2026-06-02T15:15:34Z</time>
   </trkpt>
   <trkpt lat="45.7620530" lon="4.7625790">
    <ele>235.2</ele>
    <time>2026-06-02T15:15:35Z</time>
   </trkpt>
   <trkpt lat="45.7620510" lon="4.7625390">
    <ele>235.2</ele>
    <time>2026-06-02T15:15:36Z</time>
   </trkpt>
   <trkpt lat="45.7620530" lon="4.7624970">
    <ele>235.1</ele>
    <time>2026-06-02T15:15:37Z</time>
   </trkpt>
   <trkpt lat="45.7620520" lon="4.7624680">
    <ele>235.1</ele>
    <time>2026-06-02T15:15:39Z</time>
   </trkpt>
   <trkpt lat="45.7620440" lon="4.7624490">
    <ele>235.1</ele>
    <time>2026-06-02T15:15:40Z</time>
   </trkpt>
   <trkpt lat="45.7620400" lon="4.7624110">
    <ele>235.1</ele>
    <time>2026-06-02T15:15:41Z</time>
   </trkpt>
   <trkpt lat="45.7620410" lon="4.7623900">
    <ele>235.1</ele>
    <time>2026-06-02T15:15:42Z</time>
   </trkpt>
   <trkpt lat="45.7620450" lon="4.7623370">
    <ele>235.1</ele>
    <time>2026-06-02T15:15:43Z</time>
   </trkpt>
   <trkpt lat="45.7620430" lon="4.7623130">
    <ele>235.1</ele>
    <time>2026-06-02T15:15:44Z</time>
   </trkpt>
   <trkpt lat="45.7620260" lon="4.7622740">
    <ele>235.1</ele>
    <time>2026-06-02T15:15:45Z</time>
   </trkpt>
   <trkpt lat="45.7620200" lon="4.7622330">
    <ele>235.1</ele>
    <time>2026-06-02T15:15:46Z</time>
   </trkpt>
   <trkpt lat="45.7620170" lon="4.7622200">
    <ele>235.1</ele>
    <time>2026-06-02T15:15:47Z</time>
   </trkpt>
   <trkpt lat="45.7620220" lon="4.7621790">
    <ele>235.1</ele>
    <time>2026-06-02T15:15:48Z</time>
   </trkpt>
   <trkpt lat="45.7620220" lon="4.7621400">
    <ele>235.1</ele>
    <time>2026-06-02T15:15:49Z</time>
   </trkpt>
   <trkpt lat="45.7620260" lon="4.7620880">
    <ele>235.0</ele>
    <time>2026-06-02T15:15:50Z</time>
   </trkpt>
   <trkpt lat="45.7620280" lon="4.7620720">
    <ele>235.0</ele>
    <time>2026-06-02T15:15:51Z</time>
   </trkpt>
   <trkpt lat="45.7620260" lon="4.7620320">
    <ele>235.0</ele>
    <time>2026-06-02T15:15:52Z</time>
   </trkpt>
   <trkpt lat="45.7620300" lon="4.7619780">
    <ele>235.0</ele>
    <time>2026-06-02T15:15:53Z</time>
   </trkpt>
   <trkpt lat="45.7620310" lon="4.7619590">
    <ele>235.0</ele>
    <time>2026-06-02T15:15:54Z</time>
   </trkpt>
   <trkpt lat="45.7620280" lon="4.7619200">
    <ele>235.0</ele>
    <time>2026-06-02T15:15:55Z</time>
   </trkpt>
   <trkpt lat="45.7620280" lon="4.7618740">
    <ele>235.0</ele>
    <time>2026-06-02T15:15:56Z</time>
   </trkpt>
   <trkpt lat="45.7620300" lon="4.7618590">
    <ele>235.0</ele>
    <time>2026-06-02T15:15:57Z</time>
   </trkpt>
   <trkpt lat="45.7620350" lon="4.7618190">
    <ele>235.0</ele>
    <time>2026-06-02T15:15:58Z</time>
   </trkpt>
   <trkpt lat="45.7620420" lon="4.7617650">
    <ele>235.0</ele>
    <time>2026-06-02T15:15:59Z</time>
   </trkpt>
   <trkpt lat="45.7620450" lon="4.7617450">
    <ele>235.0</ele>
    <time>2026-06-02T15:16:00Z</time>
   </trkpt>
   <trkpt lat="45.7620450" lon="4.7617050">
    <ele>235.1</ele>
    <time>2026-06-02T15:16:01Z</time>
   </trkpt>
   <trkpt lat="45.7620340" lon="4.7616670">
    <ele>235.1</ele>
    <time>2026-06-02T15:16:02Z</time>
   </trkpt>
   <trkpt lat="45.7620350" lon="4.7616180">
    <ele>235.1</ele>
    <time>2026-06-02T15:16:03Z</time>
   </trkpt>
   <trkpt lat="45.7620350" lon="4.7616010">
    <ele>235.1</ele>
    <time>2026-06-02T15:16:04Z</time>
   </trkpt>
   <trkpt lat="45.7620290" lon="4.7615500">
    <ele>235.1</ele>
    <time>2026-06-02T15:16:05Z</time>
   </trkpt>
   <trkpt lat="45.7620290" lon="4.7615330">
    <ele>235.1</ele>
    <time>2026-06-02T15:16:06Z</time>
   </trkpt>
   <trkpt lat="45.7620350" lon="4.7614910">
    <ele>235.2</ele>
    <time>2026-06-02T15:16:07Z</time>
   </trkpt>
   <trkpt lat="45.7620320" lon="4.7614520">
    <ele>235.2</ele>
    <time>2026-06-02T15:16:08Z</time>
   </trkpt>
   <trkpt lat="45.7620290" lon="4.7614060">
    <ele>235.2</ele>
    <time>2026-06-02T15:16:09Z</time>
   </trkpt>
   <trkpt lat="45.7620260" lon="4.7613920">
    <ele>235.2</ele>
    <time>2026-06-02T15:16:10Z</time>
   </trkpt>
   <trkpt lat="45.7620310" lon="4.7613420">
    <ele>235.3</ele>
    <time>2026-06-02T15:16:11Z</time>
   </trkpt>
   <trkpt lat="45.7620320" lon="4.7613250">
    <ele>235.3</ele>
    <time>2026-06-02T15:16:12Z</time>
   </trkpt>
   <trkpt lat="45.7620410" lon="4.7612820">
    <ele>235.3</ele>
    <time>2026-06-02T15:16:13Z</time>
   </trkpt>
   <trkpt lat="45.7620400" lon="4.7612390">
    <ele>235.4</ele>
    <time>2026-06-02T15:16:14Z</time>
   </trkpt>
   <trkpt lat="45.7620450" lon="4.7611930">
    <ele>235.4</ele>
    <time>2026-06-02T15:16:15Z</time>
   </trkpt>
   <trkpt lat="45.7620470" lon="4.7611760">
    <ele>235.5</ele>
    <time>2026-06-02T15:16:16Z</time>
   </trkpt>
   <trkpt lat="45.7620500" lon="4.7611290">
    <ele>235.5</ele>
    <time>2026-06-02T15:16:17Z</time>
   </trkpt>
   <trkpt lat="45.7620480" lon="4.7610860">
    <ele>235.5</ele>
    <time>2026-06-02T15:16:18Z</time>
   </trkpt>
   <trkpt lat="45.7620500" lon="4.7610340">
    <ele>235.6</ele>
    <time>2026-06-02T15:16:19Z</time>
   </trkpt>
   <trkpt lat="45.7620500" lon="4.7610120">
    <ele>235.6</ele>
    <time>2026-06-02T15:16:20Z</time>
   </trkpt>
   <trkpt lat="45.7620450" lon="4.7609570">
    <ele>235.6</ele>
    <time>2026-06-02T15:16:21Z</time>
   </trkpt>
   <trkpt lat="45.7620420" lon="4.7609400">
    <ele>235.7</ele>
    <time>2026-06-02T15:16:22Z</time>
   </trkpt>
   <trkpt lat="45.7620490" lon="4.7608870">
    <ele>235.7</ele>
    <time>2026-06-02T15:16:23Z</time>
   </trkpt>
   <trkpt lat="45.7620510" lon="4.7608700">
    <ele>235.7</ele>
    <time>2026-06-02T15:16:24Z</time>
   </trkpt>
   <trkpt lat="45.7620490" lon="4.7608180">
    <ele>235.7</ele>
    <time>2026-06-02T15:16:25Z</time>
   </trkpt>
   <trkpt lat="45.7620460" lon="4.7607990">
    <ele>235.7</ele>
    <time>2026-06-02T15:16:26Z</time>
   </trkpt>
   <trkpt lat="45.7620450" lon="4.7607590">
    <ele>235.7</ele>
    <time>2026-06-02T15:16:27Z</time>
   </trkpt>
   <trkpt lat="45.7620540" lon="4.7607220">
    <ele>235.8</ele>
    <time>2026-06-02T15:16:28Z</time>
   </trkpt>
   <trkpt lat="45.7620540" lon="4.7606830">
    <ele>235.8</ele>
    <time>2026-06-02T15:16:29Z</time>
   </trkpt>
   <trkpt lat="45.7620470" lon="4.7606430">
    <ele>235.8</ele>
    <time>2026-06-02T15:16:30Z</time>
   </trkpt>
   <trkpt lat="45.7620470" lon="4.7606020">
    <ele>235.9</ele>
    <time>2026-06-02T15:16:31Z</time>
   </trkpt>
   <trkpt lat="45.7620550" lon="4.7605560">
    <ele>235.9</ele>
    <time>2026-06-02T15:16:32Z</time>
   </trkpt>
   <trkpt lat="45.7620510" lon="4.7605170">
    <ele>236.0</ele>
    <time>2026-06-02T15:16:33Z</time>
   </trkpt>
   <trkpt lat="45.7620380" lon="4.7604770">
    <ele>236.0</ele>
    <time>2026-06-02T15:16:34Z</time>
   </trkpt>
   <trkpt lat="45.7620390" lon="4.7604310">
    <ele>236.1</ele>
    <time>2026-06-02T15:16:35Z</time>
   </trkpt>
   <trkpt lat="45.7620230" lon="4.7603960">
    <ele>236.2</ele>
    <time>2026-06-02T15:16:36Z</time>
   </trkpt>
   <trkpt lat="45.7620160" lon="4.7603460">
    <ele>236.2</ele>
    <time>2026-06-02T15:16:37Z</time>
   </trkpt>
   <trkpt lat="45.7620190" lon="4.7603290">
    <ele>236.3</ele>
    <time>2026-06-02T15:16:38Z</time>
   </trkpt>
   <trkpt lat="45.7620230" lon="4.7602780">
    <ele>236.4</ele>
    <time>2026-06-02T15:16:39Z</time>
   </trkpt>
   <trkpt lat="45.7620230" lon="4.7602590">
    <ele>236.4</ele>
    <time>2026-06-02T15:16:40Z</time>
   </trkpt>
   <trkpt lat="45.7620210" lon="4.7602200">
    <ele>236.5</ele>
    <time>2026-06-02T15:16:41Z</time>
   </trkpt>
   <trkpt lat="45.7620150" lon="4.7601740">
    <ele>236.6</ele>
    <time>2026-06-02T15:16:42Z</time>
   </trkpt>
   <trkpt lat="45.7620140" lon="4.7601580">
    <ele>236.6</ele>
    <time>2026-06-02T15:16:43Z</time>
   </trkpt>
   <trkpt lat="45.7620290" lon="4.7601080">
    <ele>236.7</ele>
    <time>2026-06-02T15:16:44Z</time>
   </trkpt>
   <trkpt lat="45.7620330" lon="4.7600870">
    <ele>236.7</ele>
    <time>2026-06-02T15:16:45Z</time>
   </trkpt>
   <trkpt lat="45.7620250" lon="4.7600490">
    <ele>236.8</ele>
    <time>2026-06-02T15:16:46Z</time>
   </trkpt>
   <trkpt lat="45.7620080" lon="4.7600070">
    <ele>236.9</ele>
    <time>2026-06-02T15:16:47Z</time>
   </trkpt>
   <trkpt lat="45.7619960" lon="4.7599890">
    <ele>236.9</ele>
    <time>2026-06-02T15:16:48Z</time>
   </trkpt>
   <trkpt lat="45.7619660" lon="4.7599730">
    <ele>236.9</ele>
    <time>2026-06-02T15:16:49Z</time>
   </trkpt>
   <trkpt lat="45.7619520" lon="4.7599750">
    <ele>236.9</ele>
    <time>2026-06-02T15:16:50Z</time>
   </trkpt>
   <trkpt lat="45.7619280" lon="4.7599890">
    <ele>236.9</ele>
    <time>2026-06-02T15:16:51Z</time>
   </trkpt>
   <trkpt lat="45.7619170" lon="4.7599910">
    <ele>236.9</ele>
    <time>2026-06-02T15:16:52Z</time>
   </trkpt>
   <trkpt lat="45.7618890" lon="4.7599960">
    <ele>236.8</ele>
    <time>2026-06-02T15:16:53Z</time>
   </trkpt>
   <trkpt lat="45.7618590" lon="4.7599850">
    <ele>236.8</ele>
    <time>2026-06-02T15:16:54Z</time>
   </trkpt>
   <trkpt lat="45.7618490" lon="4.7599800">
    <ele>236.8</ele>
    <time>2026-06-02T15:16:55Z</time>
   </trkpt>
   <trkpt lat="45.7618200" lon="4.7599770">
    <ele>236.7</ele>
    <time>2026-06-02T15:16:56Z</time>
   </trkpt>
   <trkpt lat="45.7617910" lon="4.7599730">
    <ele>236.7</ele>
    <time>2026-06-02T15:16:57Z</time>
   </trkpt>
   <trkpt lat="45.7617550" lon="4.7599690">
    <ele>236.7</ele>
    <time>2026-06-02T15:16:58Z</time>
   </trkpt>
   <trkpt lat="45.7617450" lon="4.7599680">
    <ele>236.6</ele>
    <time>2026-06-02T15:16:59Z</time>
   </trkpt>
   <trkpt lat="45.7617120" lon="4.7599550">
    <ele>236.6</ele>
    <time>2026-06-02T15:17:00Z</time>
   </trkpt>
   <trkpt lat="45.7617010" lon="4.7599540">
    <ele>236.6</ele>
    <time>2026-06-02T15:17:01Z</time>
   </trkpt>
   <trkpt lat="45.7616520" lon="4.7599450">
    <ele>236.5</ele>
    <time>2026-06-02T15:17:02Z</time>
   </trkpt>
   <trkpt lat="45.7616130" lon="4.7599430">
    <ele>236.4</ele>
    <time>2026-06-02T15:17:03Z</time>
   </trkpt>
   <trkpt lat="45.7615990" lon="4.7599430">
    <ele>236.3</ele>
    <time>2026-06-02T15:17:04Z</time>
   </trkpt>
   <trkpt lat="45.7615670" lon="4.7599460">
    <ele>236.2</ele>
    <time>2026-06-02T15:17:05Z</time>
   </trkpt>
   <trkpt lat="45.7615360" lon="4.7599470">
    <ele>236.1</ele>
    <time>2026-06-02T15:17:06Z</time>
   </trkpt>
   <trkpt lat="45.7615080" lon="4.7599510">
    <ele>236.0</ele>
    <time>2026-06-02T15:17:07Z</time>
   </trkpt>
   <trkpt lat="45.7614810" lon="4.7599580">
    <ele>235.8</ele>
    <time>2026-06-02T15:17:08Z</time>
   </trkpt>
   <trkpt lat="45.7614500" lon="4.7599510">
    <ele>235.7</ele>
    <time>2026-06-02T15:17:09Z</time>
   </trkpt>
   <trkpt lat="45.7614200" lon="4.7599440">
    <ele>235.6</ele>
    <time>2026-06-02T15:17:10Z</time>
   </trkpt>
   <trkpt lat="45.7613900" lon="4.7599420">
    <ele>235.5</ele>
    <time>2026-06-02T15:17:11Z</time>
   </trkpt>
   <trkpt lat="45.7613540" lon="4.7599410">
    <ele>235.4</ele>
    <time>2026-06-02T15:17:12Z</time>
   </trkpt>
   <trkpt lat="45.7613170" lon="4.7599270">
    <ele>235.3</ele>
    <time>2026-06-02T15:17:13Z</time>
   </trkpt>
   <trkpt lat="45.7613050" lon="4.7599200">
    <ele>235.3</ele>
    <time>2026-06-02T15:17:14Z</time>
   </trkpt>
   <trkpt lat="45.7612780" lon="4.7598870">
    <ele>235.2</ele>
    <time>2026-06-02T15:17:15Z</time>
   </trkpt>
   <trkpt lat="45.7612680" lon="4.7598780">
    <ele>235.2</ele>
    <time>2026-06-02T15:17:16Z</time>
   </trkpt>
   <trkpt lat="45.7612470" lon="4.7598340">
    <ele>235.2</ele>
    <time>2026-06-02T15:17:17Z</time>
   </trkpt>
   <trkpt lat="45.7612390" lon="4.7598200">
    <ele>235.2</ele>
    <time>2026-06-02T15:17:18Z</time>
   </trkpt>
   <trkpt lat="45.7612100" lon="4.7598010">
    <ele>235.2</ele>
    <time>2026-06-02T15:17:19Z</time>
   </trkpt>
   <trkpt lat="45.7611860" lon="4.7597720">
    <ele>235.2</ele>
    <time>2026-06-02T15:17:20Z</time>
   </trkpt>
   <trkpt lat="45.7611790" lon="4.7597670">
    <ele>235.1</ele>
    <time>2026-06-02T15:17:21Z</time>
   </trkpt>
   <trkpt lat="45.7611530" lon="4.7597400">
    <ele>235.1</ele>
    <time>2026-06-02T15:17:22Z</time>
   </trkpt>
   <trkpt lat="45.7611430" lon="4.7597300">
    <ele>235.1</ele>
    <time>2026-06-02T15:17:23Z</time>
   </trkpt>
   <trkpt lat="45.7611310" lon="4.7596910">
    <ele>235.1</ele>
    <time>2026-06-02T15:17:24Z</time>
   </trkpt>
   <trkpt lat="45.7611030" lon="4.7596730">
    <ele>235.1</ele>
    <time>2026-06-02T15:17:25Z</time>
   </trkpt>
   <trkpt lat="45.7610760" lon="4.7596380">
    <ele>235.2</ele>
    <time>2026-06-02T15:17:26Z</time>
   </trkpt>
   <trkpt lat="45.7610690" lon="4.7596200">
    <ele>235.2</ele>
    <time>2026-06-02T15:17:27Z</time>
   </trkpt>
   <trkpt lat="45.7610590" lon="4.7595740">
    <ele>235.3</ele>
    <time>2026-06-02T15:17:28Z</time>
   </trkpt>
   <trkpt lat="45.7610510" lon="4.7595320">
    <ele>235.3</ele>
    <time>2026-06-02T15:17:29Z</time>
   </trkpt>
   <trkpt lat="45.7610500" lon="4.7594810">
    <ele>235.4</ele>
    <time>2026-06-02T15:17:30Z</time>
   </trkpt>
   <trkpt lat="45.7610490" lon="4.7594670">
    <ele>235.4</ele>
    <time>2026-06-02T15:17:31Z</time>
   </trkpt>
   <trkpt lat="45.7610440" lon="4.7594490">
    <ele>235.4</ele>
    <time>2026-06-02T15:17:32Z</time>
   </trkpt>
   <trkpt lat="45.7610470" lon="4.7594200">
    <ele>235.4</ele>
    <time>2026-06-02T15:17:33Z</time>
   </trkpt>
   <trkpt lat="45.7610480" lon="4.7593770">
    <ele>235.5</ele>
    <time>2026-06-02T15:17:34Z</time>
   </trkpt>
   <trkpt lat="45.7610400" lon="4.7593360">
    <ele>235.5</ele>
    <time>2026-06-02T15:17:35Z</time>
   </trkpt>
   <trkpt lat="45.7610250" lon="4.7592980">
    <ele>235.5</ele>
    <time>2026-06-02T15:17:36Z</time>
   </trkpt>
   <trkpt lat="45.7610160" lon="4.7592450">
    <ele>235.6</ele>
    <time>2026-06-02T15:17:37Z</time>
   </trkpt>
   <trkpt lat="45.7610130" lon="4.7592270">
    <ele>235.6</ele>
    <time>2026-06-02T15:17:38Z</time>
   </trkpt>
   <trkpt lat="45.7610140" lon="4.7591860">
    <ele>235.6</ele>
    <time>2026-06-02T15:17:39Z</time>
   </trkpt>
   <trkpt lat="45.7610160" lon="4.7591720">
    <ele>235.6</ele>
    <time>2026-06-02T15:17:40Z</time>
   </trkpt>
   <trkpt lat="45.7610010" lon="4.7591270">
    <ele>235.7</ele>
    <time>2026-06-02T15:17:41Z</time>
   </trkpt>
   <trkpt lat="45.7609960" lon="4.7591110">
    <ele>235.7</ele>
    <time>2026-06-02T15:17:42Z</time>
   </trkpt>
   <trkpt lat="45.7609990" lon="4.7590650">
    <ele>235.7</ele>
    <time>2026-06-02T15:17:43Z</time>
   </trkpt>
   <trkpt lat="45.7609880" lon="4.7590190">
    <ele>235.7</ele>
    <time>2026-06-02T15:17:45Z</time>
   </trkpt>
   <trkpt lat="45.7609730" lon="4.7589810">
    <ele>235.7</ele>
    <time>2026-06-02T15:17:46Z</time>
   </trkpt>
   <trkpt lat="45.7609590" lon="4.7589370">
    <ele>235.7</ele>
    <time>2026-06-02T15:17:47Z</time>
   </trkpt>
   <trkpt lat="45.7609530" lon="4.7589210">
    <ele>235.7</ele>
    <time>2026-06-02T15:17:48Z</time>
   </trkpt>
   <trkpt lat="45.7609590" lon="4.7588820">
    <ele>235.6</ele>
    <time>2026-06-02T15:17:49Z</time>
   </trkpt>
   <trkpt lat="45.7609580" lon="4.7588390">
    <ele>235.6</ele>
    <time>2026-06-02T15:17:50Z</time>
   </trkpt>
   <trkpt lat="45.7609510" lon="4.7588270">
    <ele>235.6</ele>
    <time>2026-06-02T15:17:51Z</time>
   </trkpt>
   <trkpt lat="45.7609290" lon="4.7587930">
    <ele>235.5</ele>
    <time>2026-06-02T15:17:52Z</time>
   </trkpt>
   <trkpt lat="45.7609270" lon="4.7587780">
    <ele>235.5</ele>
    <time>2026-06-02T15:17:53Z</time>
   </trkpt>
   <trkpt lat="45.7609370" lon="4.7587280">
    <ele>235.5</ele>
    <time>2026-06-02T15:17:54Z</time>
   </trkpt>
   <trkpt lat="45.7609310" lon="4.7586750">
    <ele>235.4</ele>
    <time>2026-06-02T15:17:55Z</time>
   </trkpt>
   <trkpt lat="45.7609310" lon="4.7586550">
    <ele>235.4</ele>
    <time>2026-06-02T15:17:56Z</time>
   </trkpt>
   <trkpt lat="45.7609240" lon="4.7585990">
    <ele>235.3</ele>
    <time>2026-06-02T15:17:57Z</time>
   </trkpt>
   <trkpt lat="45.7609200" lon="4.7585820">
    <ele>235.3</ele>
    <time>2026-06-02T15:17:58Z</time>
   </trkpt>
   <trkpt lat="45.7609110" lon="4.7585270">
    <ele>235.2</ele>
    <time>2026-06-02T15:17:59Z</time>
   </trkpt>
   <trkpt lat="45.7609070" lon="4.7585080">
    <ele>235.2</ele>
    <time>2026-06-02T15:18:00Z</time>
   </trkpt>
   <trkpt lat="45.7609020" lon="4.7584630">
    <ele>235.1</ele>
    <time>2026-06-02T15:18:01Z</time>
   </trkpt>
   <trkpt lat="45.7609020" lon="4.7584140">
    <ele>235.1</ele>
    <time>2026-06-02T15:18:02Z</time>
   </trkpt>
   <trkpt lat="45.7609010" lon="4.7583650">
    <ele>235.1</ele>
    <time>2026-06-02T15:18:03Z</time>
   </trkpt>
   <trkpt lat="45.7608850" lon="4.7583160">
    <ele>235.0</ele>
    <time>2026-06-02T15:18:04Z</time>
   </trkpt>
   <trkpt lat="45.7608810" lon="4.7582990">
    <ele>235.0</ele>
    <time>2026-06-02T15:18:05Z</time>
   </trkpt>
   <trkpt lat="45.7608740" lon="4.7582580">
    <ele>234.9</ele>
    <time>2026-06-02T15:18:06Z</time>
   </trkpt>
   <trkpt lat="45.7608570" lon="4.7582190">
    <ele>234.8</ele>
    <time>2026-06-02T15:18:07Z</time>
   </trkpt>
   <trkpt lat="45.7608330" lon="4.7581900">
    <ele>234.8</ele>
    <time>2026-06-02T15:18:08Z</time>
   </trkpt>
   <trkpt lat="45.7608090" lon="4.7581670">
    <ele>234.7</ele>
    <time>2026-06-02T15:18:09Z</time>
   </trkpt>
   <trkpt lat="45.7607880" lon="4.7581240">
    <ele>234.6</ele>
    <time>2026-06-02T15:18:10Z</time>
   </trkpt>
   <trkpt lat="45.7607800" lon="4.7581090">
    <ele>234.5</ele>
    <time>2026-06-02T15:18:11Z</time>
   </trkpt>
   <trkpt lat="45.7607620" lon="4.7580650">
    <ele>234.4</ele>
    <time>2026-06-02T15:18:12Z</time>
   </trkpt>
   <trkpt lat="45.7607550" lon="4.7580510">
    <ele>234.4</ele>
    <time>2026-06-02T15:18:13Z</time>
   </trkpt>
   <trkpt lat="45.7607370" lon="4.7580220">
    <ele>234.3</ele>
    <time>2026-06-02T15:18:14Z</time>
   </trkpt>
   <trkpt lat="45.7607030" lon="4.7580060">
    <ele>234.2</ele>
    <time>2026-06-02T15:18:15Z</time>
   </trkpt>
   <trkpt lat="45.7606700" lon="4.7579860">
    <ele>234.0</ele>
    <time>2026-06-02T15:18:16Z</time>
   </trkpt>
   <trkpt lat="45.7606600" lon="4.7579780">
    <ele>234.0</ele>
    <time>2026-06-02T15:18:17Z</time>
   </trkpt>
   <trkpt lat="45.7606240" lon="4.7579620">
    <ele>233.9</ele>
    <time>2026-06-02T15:18:18Z</time>
   </trkpt>
   <trkpt lat="45.7606100" lon="4.7579580">
    <ele>233.8</ele>
    <time>2026-06-02T15:18:19Z</time>
   </trkpt>
   <trkpt lat="45.7605780" lon="4.7579460">
    <ele>233.7</ele>
    <time>2026-06-02T15:18:20Z</time>
   </trkpt>
   <trkpt lat="45.7605430" lon="4.7579400">
    <ele>233.6</ele>
    <time>2026-06-02T15:18:21Z</time>
   </trkpt>
   <trkpt lat="45.7605100" lon="4.7579310">
    <ele>233.5</ele>
    <time>2026-06-02T15:18:22Z</time>
   </trkpt>
   <trkpt lat="45.7604830" lon="4.7579200">
    <ele>233.5</ele>
    <time>2026-06-02T15:18:23Z</time>
   </trkpt>
   <trkpt lat="45.7604450" lon="4.7579450">
    <ele>233.3</ele>
    <time>2026-06-02T15:18:24Z</time>
   </trkpt>
   <trkpt lat="45.7604310" lon="4.7579520">
    <ele>233.2</ele>
    <time>2026-06-02T15:18:25Z</time>
   </trkpt>
   <trkpt lat="45.7603940" lon="4.7579610">
    <ele>233.1</ele>
    <time>2026-06-02T15:18:26Z</time>
   </trkpt>
   <trkpt lat="45.7603810" lon="4.7579640">
    <ele>233.0</ele>
    <time>2026-06-02T15:18:27Z</time>
   </trkpt>
   <trkpt lat="45.7603500" lon="4.7579350">
    <ele>232.9</ele>
    <time>2026-06-02T15:18:28Z</time>
   </trkpt>
   <trkpt lat="45.7603190" lon="4.7579250">
    <ele>232.8</ele>
    <time>2026-06-02T15:18:29Z</time>
   </trkpt>
   <trkpt lat="45.7602860" lon="4.7579130">
    <ele>232.6</ele>
    <time>2026-06-02T15:18:30Z</time>
   </trkpt>
   <trkpt lat="45.7602550" lon="4.7579170">
    <ele>232.5</ele>
    <time>2026-06-02T15:18:31Z</time>
   </trkpt>
   <trkpt lat="45.7602240" lon="4.7579270">
    <ele>232.4</ele>
    <time>2026-06-02T15:18:32Z</time>
   </trkpt>
   <trkpt lat="45.7601900" lon="4.7579420">
    <ele>232.3</ele>
    <time>2026-06-02T15:18:33Z</time>
   </trkpt>
   <trkpt lat="45.7601780" lon="4.7579460">
    <ele>232.3</ele>
    <time>2026-06-02T15:18:34Z</time>
   </trkpt>
   <trkpt lat="45.7601480" lon="4.7579660">
    <ele>232.2</ele>
    <time>2026-06-02T15:18:35Z</time>
   </trkpt>
   <trkpt lat="45.7601370" lon="4.7579660">
    <ele>232.2</ele>
    <time>2026-06-02T15:18:36Z</time>
   </trkpt>
   <trkpt lat="45.7601020" lon="4.7579610">
    <ele>232.1</ele>
    <time>2026-06-02T15:18:37Z</time>
   </trkpt>
   <trkpt lat="45.7600900" lon="4.7579590">
    <ele>232.1</ele>
    <time>2026-06-02T15:18:38Z</time>
   </trkpt>
   <trkpt lat="45.7600600" lon="4.7579580">
    <ele>232.0</ele>
    <time>2026-06-02T15:18:39Z</time>
   </trkpt>
   <trkpt lat="45.7600500" lon="4.7579510">
    <ele>232.0</ele>
    <time>2026-06-02T15:18:40Z</time>
   </trkpt>
   <trkpt lat="45.7600280" lon="4.7579730">
    <ele>231.9</ele>
    <time>2026-06-02T15:18:41Z</time>
   </trkpt>
   <trkpt lat="45.7600210" lon="4.7579910">
    <ele>231.9</ele>
    <time>2026-06-02T15:18:42Z</time>
   </trkpt>
   <trkpt lat="45.7599830" lon="4.7580000">
    <ele>231.9</ele>
    <time>2026-06-02T15:18:43Z</time>
   </trkpt>
   <trkpt lat="45.7599610" lon="4.7580010">
    <ele>231.8</ele>
    <time>2026-06-02T15:18:44Z</time>
   </trkpt>
   <trkpt lat="45.7599290" lon="4.7579790">
    <ele>231.8</ele>
    <time>2026-06-02T15:18:45Z</time>
   </trkpt>
   <trkpt lat="45.7599010" lon="4.7579590">
    <ele>231.8</ele>
    <time>2026-06-02T15:18:46Z</time>
   </trkpt>
   <trkpt lat="45.7598710" lon="4.7579320">
    <ele>231.8</ele>
    <time>2026-06-02T15:18:47Z</time>
   </trkpt>
   <trkpt lat="45.7598490" lon="4.7579060">
    <ele>231.7</ele>
    <time>2026-06-02T15:18:48Z</time>
   </trkpt>
   <trkpt lat="45.7598390" lon="4.7578700">
    <ele>231.5</ele>
    <time>2026-06-02T15:18:49Z</time>
   </trkpt>
   <trkpt lat="45.7598250" lon="4.7578290">
    <ele>231.4</ele>
    <time>2026-06-02T15:18:50Z</time>
   </trkpt>
   <trkpt lat="45.7598200" lon="4.7578140">
    <ele>231.3</ele>
    <time>2026-06-02T15:18:51Z</time>
   </trkpt>
   <trkpt lat="45.7597930" lon="4.7577730">
    <ele>231.1</ele>
    <time>2026-06-02T15:18:52Z</time>
   </trkpt>
   <trkpt lat="45.7597820" lon="4.7577590">
    <ele>231.0</ele>
    <time>2026-06-02T15:18:53Z</time>
   </trkpt>
   <trkpt lat="45.7597640" lon="4.7577270">
    <ele>230.8</ele>
    <time>2026-06-02T15:18:54Z</time>
   </trkpt>
   <trkpt lat="45.7597560" lon="4.7576850">
    <ele>230.6</ele>
    <time>2026-06-02T15:18:55Z</time>
   </trkpt>
   <trkpt lat="45.7597550" lon="4.7576450">
    <ele>230.4</ele>
    <time>2026-06-02T15:18:56Z</time>
   </trkpt>
   <trkpt lat="45.7597480" lon="4.7576050">
    <ele>230.2</ele>
    <time>2026-06-02T15:18:57Z</time>
   </trkpt>
   <trkpt lat="45.7597490" lon="4.7575530">
    <ele>230.0</ele>
    <time>2026-06-02T15:18:58Z</time>
   </trkpt>
   <trkpt lat="45.7597550" lon="4.7575290">
    <ele>229.8</ele>
    <time>2026-06-02T15:18:59Z</time>
   </trkpt>
   <trkpt lat="45.7597570" lon="4.7574790">
    <ele>229.6</ele>
    <time>2026-06-02T15:19:00Z</time>
   </trkpt>
   <trkpt lat="45.7597570" lon="4.7574270">
    <ele>229.3</ele>
    <time>2026-06-02T15:19:01Z</time>
   </trkpt>
   <trkpt lat="45.7597570" lon="4.7574100">
    <ele>229.2</ele>
    <time>2026-06-02T15:19:02Z</time>
   </trkpt>
   <trkpt lat="45.7597370" lon="4.7573210">
    <ele>228.7</ele>
    <time>2026-06-02T15:19:03Z</time>
   </trkpt>
   <trkpt lat="45.7597390" lon="4.7572800">
    <ele>228.5</ele>
    <time>2026-06-02T15:19:04Z</time>
   </trkpt>
   <trkpt lat="45.7597350" lon="4.7572220">
    <ele>228.1</ele>
    <time>2026-06-02T15:19:05Z</time>
   </trkpt>
   <trkpt lat="45.7597340" lon="4.7572000">
    <ele>227.9</ele>
    <time>2026-06-02T15:19:06Z</time>
   </trkpt>
   <trkpt lat="45.7597220" lon="4.7571660">
    <ele>227.6</ele>
    <time>2026-06-02T15:19:07Z</time>
   </trkpt>
   <trkpt lat="45.7597050" lon="4.7571290">
    <ele>227.3</ele>
    <time>2026-06-02T15:19:08Z</time>
   </trkpt>
   <trkpt lat="45.7596810" lon="4.7570990">
    <ele>226.9</ele>
    <time>2026-06-02T15:19:09Z</time>
   </trkpt>
   <trkpt lat="45.7596600" lon="4.7570700">
    <ele>226.6</ele>
    <time>2026-06-02T15:19:10Z</time>
   </trkpt>
   <trkpt lat="45.7596380" lon="4.7570400">
    <ele>226.2</ele>
    <time>2026-06-02T15:19:11Z</time>
   </trkpt>
   <trkpt lat="45.7596130" lon="4.7570200">
    <ele>225.9</ele>
    <time>2026-06-02T15:19:12Z</time>
   </trkpt>
   <trkpt lat="45.7595900" lon="4.7569930">
    <ele>225.5</ele>
    <time>2026-06-02T15:19:13Z</time>
   </trkpt>
   <trkpt lat="45.7595660" lon="4.7569560">
    <ele>225.1</ele>
    <time>2026-06-02T15:19:14Z</time>
   </trkpt>
   <trkpt lat="45.7595510" lon="4.7569120">
    <ele>224.6</ele>
    <time>2026-06-02T15:19:15Z</time>
   </trkpt>
   <trkpt lat="45.7595270" lon="4.7568800">
    <ele>224.2</ele>
    <time>2026-06-02T15:19:16Z</time>
   </trkpt>
   <trkpt lat="45.7594890" lon="4.7568610">
    <ele>223.6</ele>
    <time>2026-06-02T15:19:17Z</time>
   </trkpt>
   <trkpt lat="45.7594760" lon="4.7568480">
    <ele>223.4</ele>
    <time>2026-06-02T15:19:18Z</time>
   </trkpt>
   <trkpt lat="45.7594470" lon="4.7568240">
    <ele>223.0</ele>
    <time>2026-06-02T15:19:19Z</time>
   </trkpt>
   <trkpt lat="45.7594130" lon="4.7568030">
    <ele>222.5</ele>
    <time>2026-06-02T15:19:20Z</time>
   </trkpt>
   <trkpt lat="45.7593870" lon="4.7567720">
    <ele>222.0</ele>
    <time>2026-06-02T15:19:21Z</time>
   </trkpt>
   <trkpt lat="45.7593670" lon="4.7567440">
    <ele>221.6</ele>
    <time>2026-06-02T15:19:22Z</time>
   </trkpt>
   <trkpt lat="45.7593410" lon="4.7567210">
    <ele>221.2</ele>
    <time>2026-06-02T15:19:23Z</time>
   </trkpt>
   <trkpt lat="45.7593150" lon="4.7566980">
    <ele>220.8</ele>
    <time>2026-06-02T15:19:24Z</time>
   </trkpt>
   <trkpt lat="45.7592950" lon="4.7566670">
    <ele>220.4</ele>
    <time>2026-06-02T15:19:25Z</time>
   </trkpt>
   <trkpt lat="45.7592740" lon="4.7566410">
    <ele>220.0</ele>
    <time>2026-06-02T15:19:26Z</time>
   </trkpt>
   <trkpt lat="45.7592470" lon="4.7566150">
    <ele>219.5</ele>
    <time>2026-06-02T15:19:27Z</time>
   </trkpt>
   <trkpt lat="45.7592380" lon="4.7566030">
    <ele>219.4</ele>
    <time>2026-06-02T15:19:28Z</time>
   </trkpt>
   <trkpt lat="45.7592080" lon="4.7565760">
    <ele>218.9</ele>
    <time>2026-06-02T15:19:29Z</time>
   </trkpt>
   <trkpt lat="45.7591980" lon="4.7565610">
    <ele>218.7</ele>
    <time>2026-06-02T15:19:30Z</time>
   </trkpt>
   <trkpt lat="45.7591840" lon="4.7565190">
    <ele>218.2</ele>
    <time>2026-06-02T15:19:31Z</time>
   </trkpt>
   <trkpt lat="45.7591800" lon="4.7565050">
    <ele>218.1</ele>
    <time>2026-06-02T15:19:32Z</time>
   </trkpt>
   <trkpt lat="45.7591670" lon="4.7564640">
    <ele>217.7</ele>
    <time>2026-06-02T15:19:33Z</time>
   </trkpt>
   <trkpt lat="45.7591570" lon="4.7564190">
    <ele>217.2</ele>
    <time>2026-06-02T15:19:34Z</time>
   </trkpt>
   <trkpt lat="45.7591640" lon="4.7563980">
    <ele>217.0</ele>
    <time>2026-06-02T15:19:35Z</time>
   </trkpt>
   <trkpt lat="45.7591700" lon="4.7563420">
    <ele>216.5</ele>
    <time>2026-06-02T15:19:36Z</time>
   </trkpt>
   <trkpt lat="45.7591680" lon="4.7563230">
    <ele>216.3</ele>
    <time>2026-06-02T15:19:37Z</time>
   </trkpt>
   <trkpt lat="45.7591630" lon="4.7562640">
    <ele>215.8</ele>
    <time>2026-06-02T15:19:38Z</time>
   </trkpt>
   <trkpt lat="45.7591590" lon="4.7562420">
    <ele>215.6</ele>
    <time>2026-06-02T15:19:39Z</time>
   </trkpt>
   <trkpt lat="45.7591560" lon="4.7561840">
    <ele>215.1</ele>
    <time>2026-06-02T15:19:40Z</time>
   </trkpt>
   <trkpt lat="45.7591550" lon="4.7561580">
    <ele>214.9</ele>
    <time>2026-06-02T15:19:41Z</time>
   </trkpt>
   <trkpt lat="45.7591480" lon="4.7561030">
    <ele>214.4</ele>
    <time>2026-06-02T15:19:42Z</time>
   </trkpt>
   <trkpt lat="45.7591370" lon="4.7560630">
    <ele>214.0</ele>
    <time>2026-06-02T15:19:43Z</time>
   </trkpt>
   <trkpt lat="45.7591320" lon="4.7560220">
    <ele>213.7</ele>
    <time>2026-06-02T15:19:44Z</time>
   </trkpt>
   <trkpt lat="45.7591320" lon="4.7559680">
    <ele>213.3</ele>
    <time>2026-06-02T15:19:45Z</time>
   </trkpt>
   <trkpt lat="45.7591190" lon="4.7559240">
    <ele>212.9</ele>
    <time>2026-06-02T15:19:46Z</time>
   </trkpt>
   <trkpt lat="45.7591070" lon="4.7558780">
    <ele>212.5</ele>
    <time>2026-06-02T15:19:47Z</time>
   </trkpt>
   <trkpt lat="45.7590970" lon="4.7558410">
    <ele>212.2</ele>
    <time>2026-06-02T15:19:48Z</time>
   </trkpt>
   <trkpt lat="45.7590800" lon="4.7558040">
    <ele>212.0</ele>
    <time>2026-06-02T15:19:50Z</time>
   </trkpt>
   <trkpt lat="45.7590640" lon="4.7557680">
    <ele>211.9</ele>
    <time>2026-06-02T15:19:51Z</time>
   </trkpt>
   <trkpt lat="45.7590520" lon="4.7557210">
    <ele>211.7</ele>
    <time>2026-06-02T15:19:52Z</time>
   </trkpt>
   <trkpt lat="45.7590380" lon="4.7556760">
    <ele>211.6</ele>
    <time>2026-06-02T15:19:53Z</time>
   </trkpt>
   <trkpt lat="45.7590220" lon="4.7556430">
    <ele>211.5</ele>
    <time>2026-06-02T15:19:54Z</time>
   </trkpt>
   <trkpt lat="45.7590090" lon="4.7556050">
    <ele>211.4</ele>
    <time>2026-06-02T15:19:55Z</time>
   </trkpt>
   <trkpt lat="45.7589770" lon="4.7555730">
    <ele>211.2</ele>
    <time>2026-06-02T15:19:56Z</time>
   </trkpt>
   <trkpt lat="45.7589420" lon="4.7555560">
    <ele>211.1</ele>
    <time>2026-06-02T15:19:57Z</time>
   </trkpt>
   <trkpt lat="45.7589110" lon="4.7555370">
    <ele>210.9</ele>
    <time>2026-06-02T15:19:58Z</time>
   </trkpt>
   <trkpt lat="45.7588790" lon="4.7555080">
    <ele>210.8</ele>
    <time>2026-06-02T15:19:59Z</time>
   </trkpt>
   <trkpt lat="45.7588580" lon="4.7554750">
    <ele>210.7</ele>
    <time>2026-06-02T15:20:00Z</time>
   </trkpt>
   <trkpt lat="45.7588390" lon="4.7554360">
    <ele>210.5</ele>
    <time>2026-06-02T15:20:01Z</time>
   </trkpt>
   <trkpt lat="45.7588120" lon="4.7554070">
    <ele>210.4</ele>
    <time>2026-06-02T15:20:02Z</time>
   </trkpt>
   <trkpt lat="45.7587880" lon="4.7553750">
    <ele>210.2</ele>
    <time>2026-06-02T15:20:03Z</time>
   </trkpt>
   <trkpt lat="45.7587710" lon="4.7553430">
    <ele>210.1</ele>
    <time>2026-06-02T15:20:04Z</time>
   </trkpt>
   <trkpt lat="45.7587420" lon="4.7553130">
    <ele>210.0</ele>
    <time>2026-06-02T15:20:05Z</time>
   </trkpt>
   <trkpt lat="45.7587310" lon="4.7552990">
    <ele>209.9</ele>
    <time>2026-06-02T15:20:06Z</time>
   </trkpt>
   <trkpt lat="45.7587050" lon="4.7552570">
    <ele>209.8</ele>
    <time>2026-06-02T15:20:07Z</time>
   </trkpt>
   <trkpt lat="45.7586960" lon="4.7552410">
    <ele>209.7</ele>
    <time>2026-06-02T15:20:08Z</time>
   </trkpt>
   <trkpt lat="45.7586610" lon="4.7552230">
    <ele>209.5</ele>
    <time>2026-06-02T15:20:09Z</time>
   </trkpt>
   <trkpt lat="45.7586450" lon="4.7552150">
    <ele>209.5</ele>
    <time>2026-06-02T15:20:10Z</time>
   </trkpt>
   <trkpt lat="45.7586090" lon="4.7552370">
    <ele>209.3</ele>
    <time>2026-06-02T15:20:11Z</time>
   </trkpt>
   <trkpt lat="45.7585750" lon="4.7552570">
    <ele>209.2</ele>
    <time>2026-06-02T15:20:12Z</time>
   </trkpt>
   <trkpt lat="45.7585390" lon="4.7552580">
    <ele>209.1</ele>
    <time>2026-06-02T15:20:13Z</time>
   </trkpt>
   <trkpt lat="45.7585110" lon="4.7552360">
    <ele>208.9</ele>
    <time>2026-06-02T15:20:14Z</time>
   </trkpt>
   <trkpt lat="45.7585010" lon="4.7552220">
    <ele>208.9</ele>
    <time>2026-06-02T15:20:15Z</time>
   </trkpt>
   <trkpt lat="45.7584900" lon="4.7551800">
    <ele>208.8</ele>
    <time>2026-06-02T15:20:16Z</time>
   </trkpt>
   <trkpt lat="45.7584890" lon="4.7551350">
    <ele>208.8</ele>
    <time>2026-06-02T15:20:17Z</time>
   </trkpt>
   <trkpt lat="45.7584810" lon="4.7550870">
    <ele>208.8</ele>
    <time>2026-06-02T15:20:18Z</time>
   </trkpt>
   <trkpt lat="45.7584750" lon="4.7550730">
    <ele>208.8</ele>
    <time>2026-06-02T15:20:19Z</time>
   </trkpt>
   <trkpt lat="45.7584490" lon="4.7550350">
    <ele>208.9</ele>
    <time>2026-06-02T15:20:20Z</time>
   </trkpt>
   <trkpt lat="45.7584370" lon="4.7550240">
    <ele>208.9</ele>
    <time>2026-06-02T15:20:21Z</time>
   </trkpt>
   <trkpt lat="45.7584260" lon="4.7549690">
    <ele>208.9</ele>
    <time>2026-06-02T15:20:22Z</time>
   </trkpt>
   <trkpt lat="45.7584190" lon="4.7549480">
    <ele>208.9</ele>
    <time>2026-06-02T15:20:23Z</time>
   </trkpt>
   <trkpt lat="45.7584090" lon="4.7549090">
    <ele>208.9</ele>
    <time>2026-06-02T15:20:24Z</time>
   </trkpt>
   <trkpt lat="45.7584070" lon="4.7548650">
    <ele>208.9</ele>
    <time>2026-06-02T15:20:25Z</time>
   </trkpt>
   <trkpt lat="45.7583890" lon="4.7548310">
    <ele>208.8</ele>
    <time>2026-06-02T15:20:26Z</time>
   </trkpt>
   <trkpt lat="45.7583750" lon="4.7547970">
    <ele>208.8</ele>
    <time>2026-06-02T15:20:27Z</time>
   </trkpt>
   <trkpt lat="45.7583530" lon="4.7547530">
    <ele>208.7</ele>
    <time>2026-06-02T15:20:28Z</time>
   </trkpt>
   <trkpt lat="45.7583430" lon="4.7547370">
    <ele>208.7</ele>
    <time>2026-06-02T15:20:29Z</time>
   </trkpt>
   <trkpt lat="45.7583120" lon="4.7547120">
    <ele>208.6</ele>
    <time>2026-06-02T15:20:30Z</time>
   </trkpt>
   <trkpt lat="45.7583030" lon="4.7546680">
    <ele>208.5</ele>
    <time>2026-06-02T15:20:31Z</time>
   </trkpt>
   <trkpt lat="45.7582960" lon="4.7546150">
    <ele>208.4</ele>
    <time>2026-06-02T15:20:32Z</time>
   </trkpt>
   <trkpt lat="45.7582910" lon="4.7545980">
    <ele>208.4</ele>
    <time>2026-06-02T15:20:33Z</time>
   </trkpt>
   <trkpt lat="45.7582840" lon="4.7545580">
    <ele>208.3</ele>
    <time>2026-06-02T15:20:34Z</time>
   </trkpt>
   <trkpt lat="45.7582810" lon="4.7545150">
    <ele>208.2</ele>
    <time>2026-06-02T15:20:35Z</time>
   </trkpt>
   <trkpt lat="45.7582660" lon="4.7544820">
    <ele>208.2</ele>
    <time>2026-06-02T15:20:36Z</time>
   </trkpt>
   <trkpt lat="45.7582640" lon="4.7544420">
    <ele>208.1</ele>
    <time>2026-06-02T15:20:37Z</time>
   </trkpt>
   <trkpt lat="45.7582650" lon="4.7543960">
    <ele>208.0</ele>
    <time>2026-06-02T15:20:38Z</time>
   </trkpt>
   <trkpt lat="45.7582460" lon="4.7543650">
    <ele>207.9</ele>
    <time>2026-06-02T15:20:39Z</time>
   </trkpt>
   <trkpt lat="45.7582420" lon="4.7543100">
    <ele>207.7</ele>
    <time>2026-06-02T15:20:40Z</time>
   </trkpt>
   <trkpt lat="45.7582400" lon="4.7542920">
    <ele>207.7</ele>
    <time>2026-06-02T15:20:41Z</time>
   </trkpt>
   <trkpt lat="45.7582400" lon="4.7542510">
    <ele>207.6</ele>
    <time>2026-06-02T15:20:42Z</time>
   </trkpt>
   <trkpt lat="45.7582350" lon="4.7541980">
    <ele>207.4</ele>
    <time>2026-06-02T15:20:43Z</time>
   </trkpt>
   <trkpt lat="45.7582330" lon="4.7541780">
    <ele>207.3</ele>
    <time>2026-06-02T15:20:44Z</time>
   </trkpt>
   <trkpt lat="45.7582430" lon="4.7541260">
    <ele>207.2</ele>
    <time>2026-06-02T15:20:45Z</time>
   </trkpt>
   <trkpt lat="45.7582550" lon="4.7540690">
    <ele>207.0</ele>
    <time>2026-06-02T15:20:46Z</time>
   </trkpt>
   <trkpt lat="45.7582570" lon="4.7540490">
    <ele>206.9</ele>
    <time>2026-06-02T15:20:47Z</time>
   </trkpt>
   <trkpt lat="45.7582740" lon="4.7539980">
    <ele>206.8</ele>
    <time>2026-06-02T15:20:48Z</time>
   </trkpt>
   <trkpt lat="45.7582780" lon="4.7539780">
    <ele>206.7</ele>
    <time>2026-06-02T15:20:49Z</time>
   </trkpt>
   <trkpt lat="45.7582750" lon="4.7539390">
    <ele>206.6</ele>
    <time>2026-06-02T15:20:50Z</time>
   </trkpt>
   <trkpt lat="45.7582860" lon="4.7539000">
    <ele>206.5</ele>
    <time>2026-06-02T15:20:51Z</time>
   </trkpt>
   <trkpt lat="45.7582920" lon="4.7538560">
    <ele>206.4</ele>
    <time>2026-06-02T15:20:52Z</time>
   </trkpt>
   <trkpt lat="45.7583080" lon="4.7538140">
    <ele>206.2</ele>
    <time>2026-06-02T15:20:53Z</time>
   </trkpt>
   <trkpt lat="45.7583310" lon="4.7537670">
    <ele>206.1</ele>
    <time>2026-06-02T15:20:54Z</time>
   </trkpt>
   <trkpt lat="45.7583360" lon="4.7537490">
    <ele>206.1</ele>
    <time>2026-06-02T15:20:55Z</time>
   </trkpt>
   <trkpt lat="45.7583450" lon="4.7537010">
    <ele>206.0</ele>
    <time>2026-06-02T15:20:56Z</time>
   </trkpt>
   <trkpt lat="45.7583520" lon="4.7536020">
    <ele>205.9</ele>
    <time>2026-06-02T15:20:57Z</time>
   </trkpt>
   <trkpt lat="45.7583560" lon="4.7535550">
    <ele>205.8</ele>
    <time>2026-06-02T15:20:58Z</time>
   </trkpt>
   <trkpt lat="45.7583480" lon="4.7535140">
    <ele>205.7</ele>
    <time>2026-06-02T15:20:59Z</time>
   </trkpt>
   <trkpt lat="45.7583540" lon="4.7534670">
    <ele>205.7</ele>
    <time>2026-06-02T15:21:00Z</time>
   </trkpt>
   <trkpt lat="45.7583560" lon="4.7534510">
    <ele>205.7</ele>
    <time>2026-06-02T15:21:01Z</time>
   </trkpt>
   <trkpt lat="45.7583640" lon="4.7534120">
    <ele>205.6</ele>
    <time>2026-06-02T15:21:02Z</time>
   </trkpt>
   <trkpt lat="45.7583740" lon="4.7533550">
    <ele>205.6</ele>
    <time>2026-06-02T15:21:03Z</time>
   </trkpt>
   <trkpt lat="45.7583750" lon="4.7533340">
    <ele>205.6</ele>
    <time>2026-06-02T15:21:04Z</time>
   </trkpt>
   <trkpt lat="45.7583740" lon="4.7532950">
    <ele>205.6</ele>
    <time>2026-06-02T15:21:05Z</time>
   </trkpt>
   <trkpt lat="45.7583800" lon="4.7532520">
    <ele>205.5</ele>
    <time>2026-06-02T15:21:06Z</time>
   </trkpt>
   <trkpt lat="45.7583830" lon="4.7531950">
    <ele>205.5</ele>
    <time>2026-06-02T15:21:07Z</time>
   </trkpt>
   <trkpt lat="45.7583810" lon="4.7531760">
    <ele>205.5</ele>
    <time>2026-06-02T15:21:08Z</time>
   </trkpt>
   <trkpt lat="45.7583810" lon="4.7531210">
    <ele>205.5</ele>
    <time>2026-06-02T15:21:09Z</time>
   </trkpt>
   <trkpt lat="45.7583800" lon="4.7531020">
    <ele>205.5</ele>
    <time>2026-06-02T15:21:10Z</time>
   </trkpt>
   <trkpt lat="45.7583870" lon="4.7530450">
    <ele>205.5</ele>
    <time>2026-06-02T15:21:11Z</time>
   </trkpt>
   <trkpt lat="45.7583900" lon="4.7530250">
    <ele>205.5</ele>
    <time>2026-06-02T15:21:12Z</time>
   </trkpt>
   <trkpt lat="45.7583940" lon="4.7529780">
    <ele>205.5</ele>
    <time>2026-06-02T15:21:13Z</time>
   </trkpt>
   <trkpt lat="45.7584000" lon="4.7529360">
    <ele>205.5</ele>
    <time>2026-06-02T15:21:14Z</time>
   </trkpt>
   <trkpt lat="45.7584170" lon="4.7528960">
    <ele>205.5</ele>
    <time>2026-06-02T15:21:15Z</time>
   </trkpt>
   <trkpt lat="45.7584230" lon="4.7528530">
    <ele>205.5</ele>
    <time>2026-06-02T15:21:16Z</time>
   </trkpt>
   <trkpt lat="45.7584240" lon="4.7528030">
    <ele>205.5</ele>
    <time>2026-06-02T15:21:17Z</time>
   </trkpt>
   <trkpt lat="45.7584260" lon="4.7527890">
    <ele>205.5</ele>
    <time>2026-06-02T15:21:18Z</time>
   </trkpt>
   <trkpt lat="45.7584320" lon="4.7527350">
    <ele>205.6</ele>
    <time>2026-06-02T15:21:19Z</time>
   </trkpt>
   <trkpt lat="45.7584300" lon="4.7527120">
    <ele>205.6</ele>
    <time>2026-06-02T15:21:20Z</time>
   </trkpt>
   <trkpt lat="45.7584290" lon="4.7526600">
    <ele>205.6</ele>
    <time>2026-06-02T15:21:21Z</time>
   </trkpt>
   <trkpt lat="45.7584240" lon="4.7526460">
    <ele>205.6</ele>
    <time>2026-06-02T15:21:22Z</time>
   </trkpt>
   <trkpt lat="45.7584340" lon="4.7526000">
    <ele>205.7</ele>
    <time>2026-06-02T15:21:23Z</time>
   </trkpt>
   <trkpt lat="45.7584270" lon="4.7525490">
    <ele>205.7</ele>
    <time>2026-06-02T15:21:24Z</time>
   </trkpt>
   <trkpt lat="45.7584220" lon="4.7525350">
    <ele>205.8</ele>
    <time>2026-06-02T15:21:25Z</time>
   </trkpt>
   <trkpt lat="45.7584110" lon="4.7524830">
    <ele>205.8</ele>
    <time>2026-06-02T15:21:26Z</time>
   </trkpt>
   <trkpt lat="45.7584090" lon="4.7524640">
    <ele>205.8</ele>
    <time>2026-06-02T15:21:27Z</time>
   </trkpt>
   <trkpt lat="45.7584010" lon="4.7524130">
    <ele>205.9</ele>
    <time>2026-06-02T15:21:28Z</time>
   </trkpt>
   <trkpt lat="45.7583980" lon="4.7523960">
    <ele>205.9</ele>
    <time>2026-06-02T15:21:29Z</time>
   </trkpt>
   <trkpt lat="45.7583950" lon="4.7523490">
    <ele>206.0</ele>
    <time>2026-06-02T15:21:30Z</time>
   </trkpt>
   <trkpt lat="45.7583970" lon="4.7523080">
    <ele>206.1</ele>
    <time>2026-06-02T15:21:31Z</time>
   </trkpt>
   <trkpt lat="45.7583840" lon="4.7522560">
    <ele>206.2</ele>
    <time>2026-06-02T15:21:32Z</time>
   </trkpt>
   <trkpt lat="45.7583780" lon="4.7522370">
    <ele>206.2</ele>
    <time>2026-06-02T15:21:33Z</time>
   </trkpt>
   <trkpt lat="45.7583670" lon="4.7521860">
    <ele>206.3</ele>
    <time>2026-06-02T15:21:34Z</time>
   </trkpt>
   <trkpt lat="45.7583630" lon="4.7521670">
    <ele>206.4</ele>
    <time>2026-06-02T15:21:35Z</time>
   </trkpt>
   <trkpt lat="45.7583460" lon="4.7521280">
    <ele>206.4</ele>
    <time>2026-06-02T15:21:36Z</time>
   </trkpt>
   <trkpt lat="45.7583400" lon="4.7521170">
    <ele>206.5</ele>
    <time>2026-06-02T15:21:37Z</time>
   </trkpt>
   <trkpt lat="45.7583200" lon="4.7520660">
    <ele>206.6</ele>
    <time>2026-06-02T15:21:38Z</time>
   </trkpt>
   <trkpt lat="45.7583150" lon="4.7520470">
    <ele>206.7</ele>
    <time>2026-06-02T15:21:39Z</time>
   </trkpt>
   <trkpt lat="45.7583030" lon="4.7520110">
    <ele>206.8</ele>
    <time>2026-06-02T15:21:40Z</time>
   </trkpt>
   <trkpt lat="45.7582850" lon="4.7519630">
    <ele>206.9</ele>
    <time>2026-06-02T15:21:41Z</time>
   </trkpt>
   <trkpt lat="45.7582790" lon="4.7519470">
    <ele>206.9</ele>
    <time>2026-06-02T15:21:42Z</time>
   </trkpt>
   <trkpt lat="45.7582680" lon="4.7518960">
    <ele>207.0</ele>
    <time>2026-06-02T15:21:43Z</time>
   </trkpt>
   <trkpt lat="45.7582620" lon="4.7518770">
    <ele>207.1</ele>
    <time>2026-06-02T15:21:44Z</time>
   </trkpt>
   <trkpt lat="45.7582380" lon="4.7518370">
    <ele>207.1</ele>
    <time>2026-06-02T15:21:45Z</time>
   </trkpt>
   <trkpt lat="45.7582320" lon="4.7518220">
    <ele>207.1</ele>
    <time>2026-06-02T15:21:46Z</time>
   </trkpt>
   <trkpt lat="45.7581970" lon="4.7518160">
    <ele>207.1</ele>
    <time>2026-06-02T15:21:47Z</time>
   </trkpt>
   <trkpt lat="45.7581570" lon="4.7518340">
    <ele>207.1</ele>
    <time>2026-06-02T15:21:48Z</time>
   </trkpt>
   <trkpt lat="45.7581300" lon="4.7518340">
    <ele>207.0</ele>
    <time>2026-06-02T15:21:49Z</time>
   </trkpt>
   <trkpt lat="45.7581190" lon="4.7518360">
    <ele>207.0</ele>
    <time>2026-06-02T15:21:50Z</time>
   </trkpt>
   <trkpt lat="45.7580880" lon="4.7518330">
    <ele>207.0</ele>
    <time>2026-06-02T15:21:51Z</time>
   </trkpt>
   <trkpt lat="45.7580750" lon="4.7518270">
    <ele>207.0</ele>
    <time>2026-06-02T15:21:52Z</time>
   </trkpt>
   <trkpt lat="45.7580420" lon="4.7518080">
    <ele>207.0</ele>
    <time>2026-06-02T15:21:53Z</time>
   </trkpt>
   <trkpt lat="45.7580140" lon="4.7518030">
    <ele>207.0</ele>
    <time>2026-06-02T15:21:54Z</time>
   </trkpt>
   <trkpt lat="45.7579790" lon="4.7518160">
    <ele>206.9</ele>
    <time>2026-06-02T15:21:56Z</time>
   </trkpt>
   <trkpt lat="45.7579660" lon="4.7518200">
    <ele>206.9</ele>
    <time>2026-06-02T15:21:57Z</time>
   </trkpt>
   <trkpt lat="45.7579390" lon="4.7518030">
    <ele>206.9</ele>
    <time>2026-06-02T15:21:58Z</time>
   </trkpt>
   <trkpt lat="45.7579040" lon="4.7517870">
    <ele>206.8</ele>
    <time>2026-06-02T15:21:59Z</time>
   </trkpt>
   <trkpt lat="45.7578900" lon="4.7517830">
    <ele>206.8</ele>
    <time>2026-06-02T15:22:00Z</time>
   </trkpt>
   <trkpt lat="45.7578620" lon="4.7517840">
    <ele>206.8</ele>
    <time>2026-06-02T15:22:01Z</time>
   </trkpt>
   <trkpt lat="45.7578330" lon="4.7517890">
    <ele>206.8</ele>
    <time>2026-06-02T15:22:02Z</time>
   </trkpt>
   <trkpt lat="45.7577970" lon="4.7517950">
    <ele>206.8</ele>
    <time>2026-06-02T15:22:03Z</time>
   </trkpt>
   <trkpt lat="45.7577850" lon="4.7517970">
    <ele>206.8</ele>
    <time>2026-06-02T15:22:04Z</time>
   </trkpt>
   <trkpt lat="45.7577560" lon="4.7517900">
    <ele>206.8</ele>
    <time>2026-06-02T15:22:05Z</time>
   </trkpt>
   <trkpt lat="45.7577270" lon="4.7517850">
    <ele>206.8</ele>
    <time>2026-06-02T15:22:06Z</time>
   </trkpt>
   <trkpt lat="45.7577140" lon="4.7517860">
    <ele>206.8</ele>
    <time>2026-06-02T15:22:07Z</time>
   </trkpt>
   <trkpt lat="45.7576860" lon="4.7517790">
    <ele>206.8</ele>
    <time>2026-06-02T15:22:08Z</time>
   </trkpt>
   <trkpt lat="45.7576530" lon="4.7517680">
    <ele>206.9</ele>
    <time>2026-06-02T15:22:09Z</time>
   </trkpt>
   <trkpt lat="45.7576230" lon="4.7517700">
    <ele>206.9</ele>
    <time>2026-06-02T15:22:10Z</time>
   </trkpt>
   <trkpt lat="45.7575850" lon="4.7517680">
    <ele>207.0</ele>
    <time>2026-06-02T15:22:11Z</time>
   </trkpt>
   <trkpt lat="45.7575730" lon="4.7517620">
    <ele>207.0</ele>
    <time>2026-06-02T15:22:12Z</time>
   </trkpt>
   <trkpt lat="45.7575460" lon="4.7517520">
    <ele>207.0</ele>
    <time>2026-06-02T15:22:13Z</time>
   </trkpt>
   <trkpt lat="45.7575130" lon="4.7517360">
    <ele>207.1</ele>
    <time>2026-06-02T15:22:14Z</time>
   </trkpt>
   <trkpt lat="45.7575010" lon="4.7517360">
    <ele>207.2</ele>
    <time>2026-06-02T15:22:15Z</time>
   </trkpt>
   <trkpt lat="45.7574640" lon="4.7517330">
    <ele>207.2</ele>
    <time>2026-06-02T15:22:16Z</time>
   </trkpt>
   <trkpt lat="45.7574500" lon="4.7517280">
    <ele>207.3</ele>
    <time>2026-06-02T15:22:17Z</time>
   </trkpt>
   <trkpt lat="45.7574090" lon="4.7517320">
    <ele>207.4</ele>
    <time>2026-06-02T15:22:18Z</time>
   </trkpt>
   <trkpt lat="45.7573940" lon="4.7517350">
    <ele>207.4</ele>
    <time>2026-06-02T15:22:19Z</time>
   </trkpt>
   <trkpt lat="45.7573650" lon="4.7517330">
    <ele>207.5</ele>
    <time>2026-06-02T15:22:20Z</time>
   </trkpt>
   <trkpt lat="45.7573250" lon="4.7517360">
    <ele>207.7</ele>
    <time>2026-06-02T15:22:21Z</time>
   </trkpt>
   <trkpt lat="45.7573110" lon="4.7517390">
    <ele>207.7</ele>
    <time>2026-06-02T15:22:22Z</time>
   </trkpt>
   <trkpt lat="45.7572790" lon="4.7517390">
    <ele>207.8</ele>
    <time>2026-06-02T15:22:23Z</time>
   </trkpt>
   <trkpt lat="45.7572680" lon="4.7517350">
    <ele>207.9</ele>
    <time>2026-06-02T15:22:24Z</time>
   </trkpt>
   <trkpt lat="45.7572400" lon="4.7517230">
    <ele>208.0</ele>
    <time>2026-06-02T15:22:25Z</time>
   </trkpt>
   <trkpt lat="45.7572070" lon="4.7517290">
    <ele>208.2</ele>
    <time>2026-06-02T15:22:26Z</time>
   </trkpt>
   <trkpt lat="45.7571960" lon="4.7517280">
    <ele>208.2</ele>
    <time>2026-06-02T15:22:27Z</time>
   </trkpt>
   <trkpt lat="45.7571650" lon="4.7517270">
    <ele>208.3</ele>
    <time>2026-06-02T15:22:28Z</time>
   </trkpt>
   <trkpt lat="45.7571530" lon="4.7517300">
    <ele>208.4</ele>
    <time>2026-06-02T15:22:29Z</time>
   </trkpt>
   <trkpt lat="45.7571110" lon="4.7517160">
    <ele>208.5</ele>
    <time>2026-06-02T15:22:30Z</time>
   </trkpt>
   <trkpt lat="45.7570940" lon="4.7517150">
    <ele>208.5</ele>
    <time>2026-06-02T15:22:31Z</time>
   </trkpt>
   <trkpt lat="45.7570590" lon="4.7517140">
    <ele>208.5</ele>
    <time>2026-06-02T15:22:32Z</time>
   </trkpt>
   <trkpt lat="45.7570480" lon="4.7517140">
    <ele>208.6</ele>
    <time>2026-06-02T15:22:33Z</time>
   </trkpt>
   <trkpt lat="45.7570170" lon="4.7517080">
    <ele>208.8</ele>
    <time>2026-06-02T15:22:34Z</time>
   </trkpt>
   <trkpt lat="45.7570080" lon="4.7517090">
    <ele>208.9</ele>
    <time>2026-06-02T15:22:35Z</time>
   </trkpt>
   <trkpt lat="45.7569750" lon="4.7517080">
    <ele>209.2</ele>
    <time>2026-06-02T15:22:36Z</time>
   </trkpt>
   <trkpt lat="45.7569640" lon="4.7517080">
    <ele>209.3</ele>
    <time>2026-06-02T15:22:37Z</time>
   </trkpt>
   <trkpt lat="45.7569370" lon="4.7517160">
    <ele>209.5</ele>
    <time>2026-06-02T15:22:38Z</time>
   </trkpt>
   <trkpt lat="45.7569290" lon="4.7517250">
    <ele>209.5</ele>
    <time>2026-06-02T15:22:39Z</time>
   </trkpt>
   <trkpt lat="45.7569010" lon="4.7517400">
    <ele>209.8</ele>
    <time>2026-06-02T15:22:40Z</time>
   </trkpt>
   <trkpt lat="45.7568890" lon="4.7517390">
    <ele>209.9</ele>
    <time>2026-06-02T15:22:41Z</time>
   </trkpt>
   <trkpt lat="45.7568540" lon="4.7517290">
    <ele>210.1</ele>
    <time>2026-06-02T15:22:42Z</time>
   </trkpt>
   <trkpt lat="45.7568410" lon="4.7517210">
    <ele>210.3</ele>
    <time>2026-06-02T15:22:43Z</time>
   </trkpt>
   <trkpt lat="45.7568050" lon="4.7516920">
    <ele>210.6</ele>
    <time>2026-06-02T15:22:44Z</time>
   </trkpt>
   <trkpt lat="45.7567910" lon="4.7516840">
    <ele>210.7</ele>
    <time>2026-06-02T15:22:45Z</time>
   </trkpt>
   <trkpt lat="45.7567570" lon="4.7516880">
    <ele>211.0</ele>
    <time>2026-06-02T15:22:46Z</time>
   </trkpt>
   <trkpt lat="45.7567460" lon="4.7516920">
    <ele>211.1</ele>
    <time>2026-06-02T15:22:47Z</time>
   </trkpt>
   <trkpt lat="45.7567000" lon="4.7516680">
    <ele>211.4</ele>
    <time>2026-06-02T15:22:48Z</time>
   </trkpt>
   <trkpt lat="45.7566710" lon="4.7516560">
    <ele>211.7</ele>
    <time>2026-06-02T15:22:49Z</time>
   </trkpt>
   <trkpt lat="45.7566350" lon="4.7516590">
    <ele>211.9</ele>
    <time>2026-06-02T15:22:50Z</time>
   </trkpt>
   <trkpt lat="45.7566230" lon="4.7516590">
    <ele>212.0</ele>
    <time>2026-06-02T15:22:51Z</time>
   </trkpt>
   <trkpt lat="45.7565900" lon="4.7516450">
    <ele>212.3</ele>
    <time>2026-06-02T15:22:52Z</time>
   </trkpt>
   <trkpt lat="45.7565780" lon="4.7516410">
    <ele>212.4</ele>
    <time>2026-06-02T15:22:53Z</time>
   </trkpt>
   <trkpt lat="45.7565550" lon="4.7516160">
    <ele>212.6</ele>
    <time>2026-06-02T15:22:54Z</time>
   </trkpt>
   <trkpt lat="45.7565240" lon="4.7516050">
    <ele>212.8</ele>
    <time>2026-06-02T15:22:55Z</time>
   </trkpt>
   <trkpt lat="45.7564900" lon="4.7516040">
    <ele>213.1</ele>
    <time>2026-06-02T15:22:56Z</time>
   </trkpt>
   <trkpt lat="45.7564790" lon="4.7516030">
    <ele>213.1</ele>
    <time>2026-06-02T15:22:57Z</time>
   </trkpt>
   <trkpt lat="45.7564410" lon="4.7515900">
    <ele>213.3</ele>
    <time>2026-06-02T15:22:58Z</time>
   </trkpt>
   <trkpt lat="45.7564260" lon="4.7515910">
    <ele>213.3</ele>
    <time>2026-06-02T15:22:59Z</time>
   </trkpt>
   <trkpt lat="45.7563970" lon="4.7516160">
    <ele>213.4</ele>
    <time>2026-06-02T15:23:00Z</time>
   </trkpt>
   <trkpt lat="45.7563670" lon="4.7516310">
    <ele>213.5</ele>
    <time>2026-06-02T15:23:01Z</time>
   </trkpt>
   <trkpt lat="45.7563590" lon="4.7516350">
    <ele>213.5</ele>
    <time>2026-06-02T15:23:02Z</time>
   </trkpt>
   <trkpt lat="45.7563240" lon="4.7516270">
    <ele>213.6</ele>
    <time>2026-06-02T15:23:03Z</time>
   </trkpt>
   <trkpt lat="45.7563110" lon="4.7516200">
    <ele>213.6</ele>
    <time>2026-06-02T15:23:04Z</time>
   </trkpt>
   <trkpt lat="45.7562780" lon="4.7516230">
    <ele>213.7</ele>
    <time>2026-06-02T15:23:05Z</time>
   </trkpt>
   <trkpt lat="45.7562460" lon="4.7516200">
    <ele>213.8</ele>
    <time>2026-06-02T15:23:06Z</time>
   </trkpt>
   <trkpt lat="45.7562340" lon="4.7516220">
    <ele>213.8</ele>
    <time>2026-06-02T15:23:07Z</time>
   </trkpt>
   <trkpt lat="45.7562020" lon="4.7516020">
    <ele>213.9</ele>
    <time>2026-06-02T15:23:08Z</time>
   </trkpt>
   <trkpt lat="45.7561890" lon="4.7515930">
    <ele>214.0</ele>
    <time>2026-06-02T15:23:09Z</time>
   </trkpt>
   <trkpt lat="45.7561600" lon="4.7515960">
    <ele>214.1</ele>
    <time>2026-06-02T15:23:10Z</time>
   </trkpt>
   <trkpt lat="45.7561210" lon="4.7516000">
    <ele>214.2</ele>
    <time>2026-06-02T15:23:11Z</time>
   </trkpt>
   <trkpt lat="45.7561070" lon="4.7515970">
    <ele>214.2</ele>
    <time>2026-06-02T15:23:12Z</time>
   </trkpt>
   <trkpt lat="45.7560690" lon="4.7516030">
    <ele>214.3</ele>
    <time>2026-06-02T15:23:13Z</time>
   </trkpt>
   <trkpt lat="45.7560560" lon="4.7516000">
    <ele>214.3</ele>
    <time>2026-06-02T15:23:14Z</time>
   </trkpt>
   <trkpt lat="45.7560210" lon="4.7515910">
    <ele>214.4</ele>
    <time>2026-06-02T15:23:15Z</time>
   </trkpt>
   <trkpt lat="45.7560100" lon="4.7515930">
    <ele>214.4</ele>
    <time>2026-06-02T15:23:16Z</time>
   </trkpt>
   <trkpt lat="45.7559730" lon="4.7515850">
    <ele>214.5</ele>
    <time>2026-06-02T15:23:17Z</time>
   </trkpt>
   <trkpt lat="45.7559590" lon="4.7515810">
    <ele>214.6</ele>
    <time>2026-06-02T15:23:18Z</time>
   </trkpt>
   <trkpt lat="45.7559220" lon="4.7515640">
    <ele>214.7</ele>
    <time>2026-06-02T15:23:19Z</time>
   </trkpt>
   <trkpt lat="45.7559100" lon="4.7515560">
    <ele>214.7</ele>
    <time>2026-06-02T15:23:20Z</time>
   </trkpt>
   <trkpt lat="45.7558720" lon="4.7515440">
    <ele>214.8</ele>
    <time>2026-06-02T15:23:21Z</time>
   </trkpt>
   <trkpt lat="45.7558580" lon="4.7515380">
    <ele>214.8</ele>
    <time>2026-06-02T15:23:22Z</time>
   </trkpt>
   <trkpt lat="45.7558300" lon="4.7515340">
    <ele>214.9</ele>
    <time>2026-06-02T15:23:23Z</time>
   </trkpt>
   <trkpt lat="45.7558000" lon="4.7515380">
    <ele>214.9</ele>
    <time>2026-06-02T15:23:24Z</time>
   </trkpt>
   <trkpt lat="45.7557640" lon="4.7515320">
    <ele>215.0</ele>
    <time>2026-06-02T15:23:25Z</time>
   </trkpt>
   <trkpt lat="45.7557510" lon="4.7515230">
    <ele>215.0</ele>
    <time>2026-06-02T15:23:26Z</time>
   </trkpt>
   <trkpt lat="45.7557200" lon="4.7515270">
    <ele>215.1</ele>
    <time>2026-06-02T15:23:27Z</time>
   </trkpt>
   <trkpt lat="45.7557090" lon="4.7515270">
    <ele>215.1</ele>
    <time>2026-06-02T15:23:28Z</time>
   </trkpt>
   <trkpt lat="45.7556770" lon="4.7515130">
    <ele>215.2</ele>
    <time>2026-06-02T15:23:29Z</time>
   </trkpt>
   <trkpt lat="45.7556470" lon="4.7515020">
    <ele>215.2</ele>
    <time>2026-06-02T15:23:30Z</time>
   </trkpt>
   <trkpt lat="45.7556130" lon="4.7514850">
    <ele>215.3</ele>
    <time>2026-06-02T15:23:31Z</time>
   </trkpt>
   <trkpt lat="45.7556020" lon="4.7514740">
    <ele>215.3</ele>
    <time>2026-06-02T15:23:32Z</time>
   </trkpt>
   <trkpt lat="45.7555770" lon="4.7514590">
    <ele>215.4</ele>
    <time>2026-06-02T15:23:33Z</time>
   </trkpt>
   <trkpt lat="45.7555430" lon="4.7514440">
    <ele>215.4</ele>
    <time>2026-06-02T15:23:34Z</time>
   </trkpt>
   <trkpt lat="45.7555280" lon="4.7514430">
    <ele>215.4</ele>
    <time>2026-06-02T15:23:35Z</time>
   </trkpt>
   <trkpt lat="45.7554950" lon="4.7514450">
    <ele>215.5</ele>
    <time>2026-06-02T15:23:36Z</time>
   </trkpt>
   <trkpt lat="45.7554590" lon="4.7514260">
    <ele>215.5</ele>
    <time>2026-06-02T15:23:37Z</time>
   </trkpt>
   <trkpt lat="45.7554420" lon="4.7514220">
    <ele>215.5</ele>
    <time>2026-06-02T15:23:38Z</time>
   </trkpt>
   <trkpt lat="45.7554070" lon="4.7514020">
    <ele>215.6</ele>
    <time>2026-06-02T15:23:39Z</time>
   </trkpt>
   <trkpt lat="45.7553930" lon="4.7513960">
    <ele>215.6</ele>
    <time>2026-06-02T15:23:40Z</time>
   </trkpt>
   <trkpt lat="45.7553640" lon="4.7513730">
    <ele>215.6</ele>
    <time>2026-06-02T15:23:41Z</time>
   </trkpt>
   <trkpt lat="45.7553460" lon="4.7513220">
    <ele>215.7</ele>
    <time>2026-06-02T15:23:42Z</time>
   </trkpt>
   <trkpt lat="45.7553420" lon="4.7513010">
    <ele>215.7</ele>
    <time>2026-06-02T15:23:43Z</time>
   </trkpt>
   <trkpt lat="45.7553300" lon="4.7512610">
    <ele>215.7</ele>
    <time>2026-06-02T15:23:44Z</time>
   </trkpt>
   <trkpt lat="45.7553130" lon="4.7512290">
    <ele>215.8</ele>
    <time>2026-06-02T15:23:45Z</time>
   </trkpt>
   <trkpt lat="45.7553100" lon="4.7511830">
    <ele>215.8</ele>
    <time>2026-06-02T15:23:46Z</time>
   </trkpt>
   <trkpt lat="45.7553040" lon="4.7511620">
    <ele>215.8</ele>
    <time>2026-06-02T15:23:47Z</time>
   </trkpt>
   <trkpt lat="45.7552910" lon="4.7511250">
    <ele>215.9</ele>
    <time>2026-06-02T15:23:48Z</time>
   </trkpt>
   <trkpt lat="45.7552860" lon="4.7510830">
    <ele>215.9</ele>
    <time>2026-06-02T15:23:49Z</time>
   </trkpt>
   <trkpt lat="45.7552790" lon="4.7510400">
    <ele>216.0</ele>
    <time>2026-06-02T15:23:50Z</time>
   </trkpt>
   <trkpt lat="45.7552700" lon="4.7509960">
    <ele>216.0</ele>
    <time>2026-06-02T15:23:51Z</time>
   </trkpt>
   <trkpt lat="45.7552680" lon="4.7509830">
    <ele>216.1</ele>
    <time>2026-06-02T15:23:52Z</time>
   </trkpt>
   <trkpt lat="45.7552510" lon="4.7509410">
    <ele>216.1</ele>
    <time>2026-06-02T15:23:53Z</time>
   </trkpt>
   <trkpt lat="45.7552450" lon="4.7509280">
    <ele>216.2</ele>
    <time>2026-06-02T15:23:54Z</time>
   </trkpt>
   <trkpt lat="45.7552320" lon="4.7508780">
    <ele>216.3</ele>
    <time>2026-06-02T15:23:55Z</time>
   </trkpt>
   <trkpt lat="45.7552230" lon="4.7508630">
    <ele>216.3</ele>
    <time>2026-06-02T15:23:56Z</time>
   </trkpt>
   <trkpt lat="45.7552100" lon="4.7508140">
    <ele>216.4</ele>
    <time>2026-06-02T15:23:57Z</time>
   </trkpt>
   <trkpt lat="45.7552060" lon="4.7507980">
    <ele>216.4</ele>
    <time>2026-06-02T15:23:58Z</time>
   </trkpt>
   <trkpt lat="45.7551930" lon="4.7507620">
    <ele>216.5</ele>
    <time>2026-06-02T15:23:59Z</time>
   </trkpt>
   <trkpt lat="45.7551850" lon="4.7507290">
    <ele>216.6</ele>
    <time>2026-06-02T15:24:00Z</time>
   </trkpt>
   <trkpt lat="45.7551670" lon="4.7507050">
    <ele>216.7</ele>
    <time>2026-06-02T15:24:02Z</time>
   </trkpt>
   <trkpt lat="45.7551390" lon="4.7506630">
    <ele>216.8</ele>
    <time>2026-06-02T15:24:03Z</time>
   </trkpt>
   <trkpt lat="45.7551300" lon="4.7506480">
    <ele>216.9</ele>
    <time>2026-06-02T15:24:04Z</time>
   </trkpt>
   <trkpt lat="45.7551070" lon="4.7506190">
    <ele>216.9</ele>
    <time>2026-06-02T15:24:05Z</time>
   </trkpt>
   <trkpt lat="45.7550980" lon="4.7506090">
    <ele>216.9</ele>
    <time>2026-06-02T15:24:06Z</time>
   </trkpt>
   <trkpt lat="45.7550640" lon="4.7505860">
    <ele>217.0</ele>
    <time>2026-06-02T15:24:07Z</time>
   </trkpt>
   <trkpt lat="45.7550520" lon="4.7505830">
    <ele>217.1</ele>
    <time>2026-06-02T15:24:08Z</time>
   </trkpt>
   <trkpt lat="45.7550220" lon="4.7505720">
    <ele>217.2</ele>
    <time>2026-06-02T15:24:09Z</time>
   </trkpt>
   <trkpt lat="45.7550130" lon="4.7505680">
    <ele>217.2</ele>
    <time>2026-06-02T15:24:10Z</time>
   </trkpt>
   <trkpt lat="45.7549840" lon="4.7505580">
    <ele>217.3</ele>
    <time>2026-06-02T15:24:11Z</time>
   </trkpt>
   <trkpt lat="45.7549740" lon="4.7505560">
    <ele>217.4</ele>
    <time>2026-06-02T15:24:12Z</time>
   </trkpt>
   <trkpt lat="45.7549420" lon="4.7505220">
    <ele>217.5</ele>
    <time>2026-06-02T15:24:13Z</time>
   </trkpt>
   <trkpt lat="45.7549300" lon="4.7505120">
    <ele>217.6</ele>
    <time>2026-06-02T15:24:14Z</time>
   </trkpt>
   <trkpt lat="45.7549010" lon="4.7505010">
    <ele>217.7</ele>
    <time>2026-06-02T15:24:15Z</time>
   </trkpt>
   <trkpt lat="45.7548920" lon="4.7505010">
    <ele>217.7</ele>
    <time>2026-06-02T15:24:16Z</time>
   </trkpt>
   <trkpt lat="45.7548570" lon="4.7504910">
    <ele>217.9</ele>
    <time>2026-06-02T15:24:17Z</time>
   </trkpt>
   <trkpt lat="45.7548430" lon="4.7504880">
    <ele>217.9</ele>
    <time>2026-06-02T15:24:18Z</time>
   </trkpt>
   <trkpt lat="45.7548100" lon="4.7504800">
    <ele>218.1</ele>
    <time>2026-06-02T15:24:19Z</time>
   </trkpt>
   <trkpt lat="45.7547970" lon="4.7504740">
    <ele>218.2</ele>
    <time>2026-06-02T15:24:20Z</time>
   </trkpt>
   <trkpt lat="45.7547640" lon="4.7504930">
    <ele>218.4</ele>
    <time>2026-06-02T15:24:21Z</time>
   </trkpt>
   <trkpt lat="45.7547530" lon="4.7504990">
    <ele>218.4</ele>
    <time>2026-06-02T15:24:22Z</time>
   </trkpt>
   <trkpt lat="45.7547180" lon="4.7505010">
    <ele>218.6</ele>
    <time>2026-06-02T15:24:23Z</time>
   </trkpt>
   <trkpt lat="45.7547040" lon="4.7504990">
    <ele>218.7</ele>
    <time>2026-06-02T15:24:24Z</time>
   </trkpt>
   <trkpt lat="45.7546730" lon="4.7504880">
    <ele>218.9</ele>
    <time>2026-06-02T15:24:25Z</time>
   </trkpt>
   <trkpt lat="45.7546360" lon="4.7504840">
    <ele>219.1</ele>
    <time>2026-06-02T15:24:26Z</time>
   </trkpt>
   <trkpt lat="45.7546250" lon="4.7504850">
    <ele>219.2</ele>
    <time>2026-06-02T15:24:27Z</time>
   </trkpt>
   <trkpt lat="45.7545950" lon="4.7504890">
    <ele>219.4</ele>
    <time>2026-06-02T15:24:28Z</time>
   </trkpt>
   <trkpt lat="45.7545840" lon="4.7504860">
    <ele>219.4</ele>
    <time>2026-06-02T15:24:29Z</time>
   </trkpt>
   <trkpt lat="45.7545510" lon="4.7504780">
    <ele>219.6</ele>
    <time>2026-06-02T15:24:30Z</time>
   </trkpt>
   <trkpt lat="45.7545400" lon="4.7504800">
    <ele>219.7</ele>
    <time>2026-06-02T15:24:31Z</time>
   </trkpt>
   <trkpt lat="45.7545070" lon="4.7504830">
    <ele>219.9</ele>
    <time>2026-06-02T15:24:32Z</time>
   </trkpt>
   <trkpt lat="45.7544950" lon="4.7504830">
    <ele>220.0</ele>
    <time>2026-06-02T15:24:33Z</time>
   </trkpt>
   <trkpt lat="45.7544590" lon="4.7504920">
    <ele>220.2</ele>
    <time>2026-06-02T15:24:34Z</time>
   </trkpt>
   <trkpt lat="45.7544460" lon="4.7504920">
    <ele>220.3</ele>
    <time>2026-06-02T15:24:35Z</time>
   </trkpt>
   <trkpt lat="45.7544090" lon="4.7504930">
    <ele>220.5</ele>
    <time>2026-06-02T15:24:36Z</time>
   </trkpt>
   <trkpt lat="45.7543960" lon="4.7504940">
    <ele>220.6</ele>
    <time>2026-06-02T15:24:37Z</time>
   </trkpt>
   <trkpt lat="45.7543620" lon="4.7504840">
    <ele>220.8</ele>
    <time>2026-06-02T15:24:38Z</time>
   </trkpt>
   <trkpt lat="45.7543500" lon="4.7504810">
    <ele>220.9</ele>
    <time>2026-06-02T15:24:39Z</time>
   </trkpt>
   <trkpt lat="45.7543210" lon="4.7504620">
    <ele>221.1</ele>
    <time>2026-06-02T15:24:40Z</time>
   </trkpt>
   <trkpt lat="45.7542960" lon="4.7504420">
    <ele>221.3</ele>
    <time>2026-06-02T15:24:41Z</time>
   </trkpt>
   <trkpt lat="45.7542670" lon="4.7504210">
    <ele>221.5</ele>
    <time>2026-06-02T15:24:42Z</time>
   </trkpt>
   <trkpt lat="45.7542570" lon="4.7504130">
    <ele>221.5</ele>
    <time>2026-06-02T15:24:43Z</time>
   </trkpt>
   <trkpt lat="45.7542490" lon="4.7503620">
    <ele>221.8</ele>
    <time>2026-06-02T15:24:44Z</time>
   </trkpt>
   <trkpt lat="45.7542490" lon="4.7503480">
    <ele>221.8</ele>
    <time>2026-06-02T15:24:45Z</time>
   </trkpt>
   <trkpt lat="45.7542260" lon="4.7503240">
    <ele>222.0</ele>
    <time>2026-06-02T15:24:46Z</time>
   </trkpt>
   <trkpt lat="45.7542150" lon="4.7502880">
    <ele>222.2</ele>
    <time>2026-06-02T15:24:47Z</time>
   </trkpt>
   <trkpt lat="45.7542120" lon="4.7502750">
    <ele>222.3</ele>
    <time>2026-06-02T15:24:48Z</time>
   </trkpt>
   <trkpt lat="45.7541990" lon="4.7502340">
    <ele>222.5</ele>
    <time>2026-06-02T15:24:49Z</time>
   </trkpt>
   <trkpt lat="45.7541960" lon="4.7502190">
    <ele>222.6</ele>
    <time>2026-06-02T15:24:50Z</time>
   </trkpt>
   <trkpt lat="45.7541890" lon="4.7501760">
    <ele>222.8</ele>
    <time>2026-06-02T15:24:51Z</time>
   </trkpt>
   <trkpt lat="45.7541850" lon="4.7501600">
    <ele>222.9</ele>
    <time>2026-06-02T15:24:52Z</time>
   </trkpt>
   <trkpt lat="45.7541700" lon="4.7501110">
    <ele>223.2</ele>
    <time>2026-06-02T15:24:53Z</time>
   </trkpt>
   <trkpt lat="45.7541610" lon="4.7500970">
    <ele>223.3</ele>
    <time>2026-06-02T15:24:54Z</time>
   </trkpt>
   <trkpt lat="45.7541460" lon="4.7500540">
    <ele>223.5</ele>
    <time>2026-06-02T15:24:55Z</time>
   </trkpt>
   <trkpt lat="45.7541400" lon="4.7500380">
    <ele>223.6</ele>
    <time>2026-06-02T15:24:56Z</time>
   </trkpt>
   <trkpt lat="45.7541180" lon="4.7500000">
    <ele>223.9</ele>
    <time>2026-06-02T15:24:57Z</time>
   </trkpt>
   <trkpt lat="45.7541110" lon="4.7499900">
    <ele>224.0</ele>
    <time>2026-06-02T15:24:58Z</time>
   </trkpt>
   <trkpt lat="45.7540790" lon="4.7499440">
    <ele>224.4</ele>
    <time>2026-06-02T15:24:59Z</time>
   </trkpt>
   <trkpt lat="45.7540660" lon="4.7499160">
    <ele>224.6</ele>
    <time>2026-06-02T15:25:00Z</time>
   </trkpt>
   <trkpt lat="45.7540580" lon="4.7498810">
    <ele>224.8</ele>
    <time>2026-06-02T15:25:01Z</time>
   </trkpt>
   <trkpt lat="45.7540490" lon="4.7498330">
    <ele>225.1</ele>
    <time>2026-06-02T15:25:02Z</time>
   </trkpt>
   <trkpt lat="45.7540410" lon="4.7498200">
    <ele>225.2</ele>
    <time>2026-06-02T15:25:03Z</time>
   </trkpt>
   <trkpt lat="45.7540290" lon="4.7497750">
    <ele>225.5</ele>
    <time>2026-06-02T15:25:04Z</time>
   </trkpt>
   <trkpt lat="45.7540260" lon="4.7497600">
    <ele>225.6</ele>
    <time>2026-06-02T15:25:05Z</time>
   </trkpt>
   <trkpt lat="45.7540100" lon="4.7497100">
    <ele>226.1</ele>
    <time>2026-06-02T15:25:06Z</time>
   </trkpt>
   <trkpt lat="45.7540050" lon="4.7496930">
    <ele>226.3</ele>
    <time>2026-06-02T15:25:07Z</time>
   </trkpt>
   <trkpt lat="45.7539890" lon="4.7496540">
    <ele>226.7</ele>
    <time>2026-06-02T15:25:08Z</time>
   </trkpt>
   <trkpt lat="45.7539830" lon="4.7496410">
    <ele>226.9</ele>
    <time>2026-06-02T15:25:09Z</time>
   </trkpt>
   <trkpt lat="45.7539660" lon="4.7495980">
    <ele>227.4</ele>
    <time>2026-06-02T15:25:10Z</time>
   </trkpt>
   <trkpt lat="45.7539610" lon="4.7495840">
    <ele>227.5</ele>
    <time>2026-06-02T15:25:11Z</time>
   </trkpt>
   <trkpt lat="45.7539450" lon="4.7495400">
    <ele>228.0</ele>
    <time>2026-06-02T15:25:12Z</time>
   </trkpt>
   <trkpt lat="45.7539410" lon="4.7495250">
    <ele>228.2</ele>
    <time>2026-06-02T15:25:13Z</time>
   </trkpt>
   <trkpt lat="45.7539230" lon="4.7494870">
    <ele>228.7</ele>
    <time>2026-06-02T15:25:14Z</time>
   </trkpt>
   <trkpt lat="45.7539150" lon="4.7494750">
    <ele>228.9</ele>
    <time>2026-06-02T15:25:15Z</time>
   </trkpt>
   <trkpt lat="45.7538960" lon="4.7494370">
    <ele>229.4</ele>
    <time>2026-06-02T15:25:16Z</time>
   </trkpt>
   <trkpt lat="45.7538910" lon="4.7494220">
    <ele>229.6</ele>
    <time>2026-06-02T15:25:17Z</time>
   </trkpt>
   <trkpt lat="45.7538840" lon="4.7493790">
    <ele>230.1</ele>
    <time>2026-06-02T15:25:18Z</time>
   </trkpt>
   <trkpt lat="45.7538790" lon="4.7493660">
    <ele>230.2</ele>
    <time>2026-06-02T15:25:19Z</time>
   </trkpt>
   <trkpt lat="45.7538720" lon="4.7493420">
    <ele>230.5</ele>
    <time>2026-06-02T15:25:20Z</time>
   </trkpt>
   <trkpt lat="45.7538650" lon="4.7493240">
    <ele>230.7</ele>
    <time>2026-06-02T15:25:21Z</time>
   </trkpt>
   <trkpt lat="45.7538510" lon="4.7492870">
    <ele>231.2</ele>
    <time>2026-06-02T15:25:22Z</time>
   </trkpt>
   <trkpt lat="45.7538460" lon="4.7492720">
    <ele>231.4</ele>
    <time>2026-06-02T15:25:23Z</time>
   </trkpt>
   <trkpt lat="45.7538270" lon="4.7492270">
    <ele>231.9</ele>
    <time>2026-06-02T15:25:24Z</time>
   </trkpt>
   <trkpt lat="45.7538190" lon="4.7492120">
    <ele>232.1</ele>
    <time>2026-06-02T15:25:25Z</time>
   </trkpt>
   <trkpt lat="45.7538030" lon="4.7491750">
    <ele>232.6</ele>
    <time>2026-06-02T15:25:26Z</time>
   </trkpt>
   <trkpt lat="45.7538010" lon="4.7491630">
    <ele>232.7</ele>
    <time>2026-06-02T15:25:27Z</time>
   </trkpt>
   <trkpt lat="45.7537770" lon="4.7491230">
    <ele>232.8</ele>
    <time>2026-06-02T15:25:28Z</time>
   </trkpt>
   <trkpt lat="45.7537700" lon="4.7491090">
    <ele>232.8</ele>
    <time>2026-06-02T15:25:29Z</time>
   </trkpt>
   <trkpt lat="45.7537590" lon="4.7490630">
    <ele>233.1</ele>
    <time>2026-06-02T15:25:30Z</time>
   </trkpt>
   <trkpt lat="45.7537520" lon="4.7490500">
    <ele>233.3</ele>
    <time>2026-06-02T15:25:31Z</time>
   </trkpt>
   <trkpt lat="45.7537360" lon="4.7490100">
    <ele>233.7</ele>
    <time>2026-06-02T15:25:32Z</time>
   </trkpt>
   <trkpt lat="45.7537320" lon="4.7489930">
    <ele>233.8</ele>
    <time>2026-06-02T15:25:33Z</time>
   </trkpt>
   <trkpt lat="45.7537130" lon="4.7489600">
    <ele>234.2</ele>
    <time>2026-06-02T15:25:34Z</time>
   </trkpt>
   <trkpt lat="45.7537060" lon="4.7489500">
    <ele>234.4</ele>
    <time>2026-06-02T15:25:35Z</time>
   </trkpt>
   <trkpt lat="45.7536970" lon="4.7489000">
    <ele>234.8</ele>
    <time>2026-06-02T15:25:36Z</time>
   </trkpt>
   <trkpt lat="45.7536940" lon="4.7488850">
    <ele>235.0</ele>
    <time>2026-06-02T15:25:37Z</time>
   </trkpt>
   <trkpt lat="45.7536710" lon="4.7488430">
    <ele>235.4</ele>
    <time>2026-06-02T15:25:38Z</time>
   </trkpt>
   <trkpt lat="45.7536650" lon="4.7488280">
    <ele>235.6</ele>
    <time>2026-06-02T15:25:39Z</time>
   </trkpt>
   <trkpt lat="45.7536500" lon="4.7487920">
    <ele>236.0</ele>
    <time>2026-06-02T15:25:40Z</time>
   </trkpt>
   <trkpt lat="45.7536420" lon="4.7487840">
    <ele>236.1</ele>
    <time>2026-06-02T15:25:41Z</time>
   </trkpt>
   <trkpt lat="45.7536270" lon="4.7487380">
    <ele>236.6</ele>
    <time>2026-06-02T15:25:42Z</time>
   </trkpt>
   <trkpt lat="45.7536240" lon="4.7487210">
    <ele>236.7</ele>
    <time>2026-06-02T15:25:43Z</time>
   </trkpt>
   <trkpt lat="45.7536080" lon="4.7486740">
    <ele>237.2</ele>
    <time>2026-06-02T15:25:44Z</time>
   </trkpt>
   <trkpt lat="45.7536040" lon="4.7486530">
    <ele>237.5</ele>
    <time>2026-06-02T15:25:45Z</time>
   </trkpt>
   <trkpt lat="45.7535940" lon="4.7486110">
    <ele>237.9</ele>
    <time>2026-06-02T15:25:46Z</time>
   </trkpt>
   <trkpt lat="45.7535880" lon="4.7486000">
    <ele>238.0</ele>
    <time>2026-06-02T15:25:47Z</time>
   </trkpt>
   <trkpt lat="45.7535810" lon="4.7485850">
    <ele>238.2</ele>
    <time>2026-06-02T15:25:48Z</time>
   </trkpt>
   <trkpt lat="45.7535750" lon="4.7485610">
    <ele>238.4</ele>
    <time>2026-06-02T15:25:49Z</time>
   </trkpt>
   <trkpt lat="45.7535650" lon="4.7485210">
    <ele>238.9</ele>
    <time>2026-06-02T15:25:50Z</time>
   </trkpt>
   <trkpt lat="45.7535590" lon="4.7485130">
    <ele>239.0</ele>
    <time>2026-06-02T15:25:51Z</time>
   </trkpt>
   <trkpt lat="45.7535430" lon="4.7484750">
    <ele>239.4</ele>
    <time>2026-06-02T15:25:52Z</time>
   </trkpt>
   <trkpt lat="45.7535370" lon="4.7484600">
    <ele>239.6</ele>
    <time>2026-06-02T15:25:53Z</time>
   </trkpt>
   <trkpt lat="45.7535260" lon="4.7484180">
    <ele>240.0</ele>
    <time>2026-06-02T15:25:54Z</time>
   </trkpt>
   <trkpt lat="45.7535200" lon="4.7484050">
    <ele>240.2</ele>
    <time>2026-06-02T15:25:55Z</time>
   </trkpt>
   <trkpt lat="45.7535020" lon="4.7483660">
    <ele>240.7</ele>
    <time>2026-06-02T15:25:56Z</time>
   </trkpt>
   <trkpt lat="45.7534970" lon="4.7483510">
    <ele>240.8</ele>
    <time>2026-06-02T15:25:57Z</time>
   </trkpt>
   <trkpt lat="45.7534780" lon="4.7483240">
    <ele>241.2</ele>
    <time>2026-06-02T15:25:58Z</time>
   </trkpt>
   <trkpt lat="45.7534680" lon="4.7483140">
    <ele>241.4</ele>
    <time>2026-06-02T15:25:59Z</time>
   </trkpt>
   <trkpt lat="45.7534510" lon="4.7482770">
    <ele>241.9</ele>
    <time>2026-06-02T15:26:00Z</time>
   </trkpt>
   <trkpt lat="45.7534450" lon="4.7482650">
    <ele>242.0</ele>
    <time>2026-06-02T15:26:01Z</time>
   </trkpt>
   <trkpt lat="45.7534230" lon="4.7482240">
    <ele>242.6</ele>
    <time>2026-06-02T15:26:02Z</time>
   </trkpt>
   <trkpt lat="45.7534170" lon="4.7482120">
    <ele>242.7</ele>
    <time>2026-06-02T15:26:03Z</time>
   </trkpt>
   <trkpt lat="45.7534130" lon="4.7481610">
    <ele>243.3</ele>
    <time>2026-06-02T15:26:04Z</time>
   </trkpt>
   <trkpt lat="45.7534090" lon="4.7481440">
    <ele>243.5</ele>
    <time>2026-06-02T15:26:05Z</time>
   </trkpt>
   <trkpt lat="45.7534040" lon="4.7481150">
    <ele>243.8</ele>
    <time>2026-06-02T15:26:06Z</time>
   </trkpt>
   <trkpt lat="45.7533950" lon="4.7480950">
    <ele>244.1</ele>
    <time>2026-06-02T15:26:08Z</time>
   </trkpt>
   <trkpt lat="45.7533710" lon="4.7480640">
    <ele>244.6</ele>
    <time>2026-06-02T15:26:09Z</time>
   </trkpt>
   <trkpt lat="45.7533640" lon="4.7480520">
    <ele>244.8</ele>
    <time>2026-06-02T15:26:10Z</time>
   </trkpt>
   <trkpt lat="45.7533510" lon="4.7480170">
    <ele>245.2</ele>
    <time>2026-06-02T15:26:11Z</time>
   </trkpt>
   <trkpt lat="45.7533440" lon="4.7480040">
    <ele>245.4</ele>
    <time>2026-06-02T15:26:12Z</time>
   </trkpt>
   <trkpt lat="45.7533190" lon="4.7479860">
    <ele>245.9</ele>
    <time>2026-06-02T15:26:13Z</time>
   </trkpt>
   <trkpt lat="45.7533070" lon="4.7479420">
    <ele>246.4</ele>
    <time>2026-06-02T15:26:14Z</time>
   </trkpt>
   <trkpt lat="45.7533000" lon="4.7479290">
    <ele>246.6</ele>
    <time>2026-06-02T15:26:15Z</time>
   </trkpt>
   <trkpt lat="45.7532810" lon="4.7478860">
    <ele>247.1</ele>
    <time>2026-06-02T15:26:16Z</time>
   </trkpt>
   <trkpt lat="45.7532750" lon="4.7478680">
    <ele>247.3</ele>
    <time>2026-06-02T15:26:17Z</time>
   </trkpt>
   <trkpt lat="45.7532560" lon="4.7478310">
    <ele>247.8</ele>
    <time>2026-06-02T15:26:18Z</time>
   </trkpt>
   <trkpt lat="45.7532500" lon="4.7478190">
    <ele>248.0</ele>
    <time>2026-06-02T15:26:19Z</time>
   </trkpt>
   <trkpt lat="45.7532460" lon="4.7477970">
    <ele>248.2</ele>
    <time>2026-06-02T15:26:20Z</time>
   </trkpt>
   <trkpt lat="45.7532400" lon="4.7477720">
    <ele>248.3</ele>
    <time>2026-06-02T15:26:21Z</time>
   </trkpt>
   <trkpt lat="45.7532240" lon="4.7477310">
    <ele>248.3</ele>
    <time>2026-06-02T15:26:22Z</time>
   </trkpt>
   <trkpt lat="45.7531970" lon="4.7476890">
    <ele>248.8</ele>
    <time>2026-06-02T15:26:23Z</time>
   </trkpt>
   <trkpt lat="45.7531890" lon="4.7476740">
    <ele>249.0</ele>
    <time>2026-06-02T15:26:24Z</time>
   </trkpt>
   <trkpt lat="45.7531800" lon="4.7476470">
    <ele>249.3</ele>
    <time>2026-06-02T15:26:25Z</time>
   </trkpt>
   <trkpt lat="45.7531750" lon="4.7476280">
    <ele>249.5</ele>
    <time>2026-06-02T15:26:26Z</time>
   </trkpt>
   <trkpt lat="45.7531700" lon="4.7475840">
    <ele>249.9</ele>
    <time>2026-06-02T15:26:27Z</time>
   </trkpt>
   <trkpt lat="45.7531690" lon="4.7475630">
    <ele>250.1</ele>
    <time>2026-06-02T15:26:28Z</time>
   </trkpt>
   <trkpt lat="45.7531530" lon="4.7475220">
    <ele>250.5</ele>
    <time>2026-06-02T15:26:29Z</time>
   </trkpt>
   <trkpt lat="45.7531490" lon="4.7475070">
    <ele>250.7</ele>
    <time>2026-06-02T15:26:30Z</time>
   </trkpt>
   <trkpt lat="45.7531310" lon="4.7474640">
    <ele>251.1</ele>
    <time>2026-06-02T15:26:31Z</time>
   </trkpt>
   <trkpt lat="45.7531280" lon="4.7474450">
    <ele>251.3</ele>
    <time>2026-06-02T15:26:32Z</time>
   </trkpt>
   <trkpt lat="45.7531250" lon="4.7474250">
    <ele>251.5</ele>
    <time>2026-06-02T15:26:33Z</time>
   </trkpt>
   <trkpt lat="45.7531210" lon="4.7474040">
    <ele>251.7</ele>
    <time>2026-06-02T15:26:34Z</time>
   </trkpt>
   <trkpt lat="45.7531020" lon="4.7473690">
    <ele>252.1</ele>
    <time>2026-06-02T15:26:35Z</time>
   </trkpt>
   <trkpt lat="45.7531000" lon="4.7473540">
    <ele>252.3</ele>
    <time>2026-06-02T15:26:36Z</time>
   </trkpt>
   <trkpt lat="45.7530790" lon="4.7473100">
    <ele>252.8</ele>
    <time>2026-06-02T15:26:37Z</time>
   </trkpt>
   <trkpt lat="45.7530700" lon="4.7472950">
    <ele>253.0</ele>
    <time>2026-06-02T15:26:38Z</time>
   </trkpt>
   <trkpt lat="45.7530520" lon="4.7472470">
    <ele>253.5</ele>
    <time>2026-06-02T15:26:39Z</time>
   </trkpt>
   <trkpt lat="45.7530440" lon="4.7472350">
    <ele>253.7</ele>
    <time>2026-06-02T15:26:40Z</time>
   </trkpt>
   <trkpt lat="45.7530290" lon="4.7471910">
    <ele>254.1</ele>
    <time>2026-06-02T15:26:41Z</time>
   </trkpt>
   <trkpt lat="45.7530270" lon="4.7471750">
    <ele>254.3</ele>
    <time>2026-06-02T15:26:42Z</time>
   </trkpt>
   <trkpt lat="45.7530050" lon="4.7471450">
    <ele>254.7</ele>
    <time>2026-06-02T15:26:43Z</time>
   </trkpt>
   <trkpt lat="45.7529940" lon="4.7471350">
    <ele>254.9</ele>
    <time>2026-06-02T15:26:44Z</time>
   </trkpt>
   <trkpt lat="45.7529700" lon="4.7470960">
    <ele>255.4</ele>
    <time>2026-06-02T15:26:45Z</time>
   </trkpt>
   <trkpt lat="45.7529650" lon="4.7470840">
    <ele>255.5</ele>
    <time>2026-06-02T15:26:46Z</time>
   </trkpt>
   <trkpt lat="45.7529290" lon="4.7470310">
    <ele>256.1</ele>
    <time>2026-06-02T15:26:47Z</time>
   </trkpt>
   <trkpt lat="45.7529180" lon="4.7469840">
    <ele>256.6</ele>
    <time>2026-06-02T15:26:48Z</time>
   </trkpt>
   <trkpt lat="45.7529110" lon="4.7469730">
    <ele>256.7</ele>
    <time>2026-06-02T15:26:49Z</time>
   </trkpt>
   <trkpt lat="45.7528820" lon="4.7469460">
    <ele>257.1</ele>
    <time>2026-06-02T15:26:50Z</time>
   </trkpt>
   <trkpt lat="45.7528730" lon="4.7469330">
    <ele>257.3</ele>
    <time>2026-06-02T15:26:51Z</time>
   </trkpt>
   <trkpt lat="45.7528530" lon="4.7468800">
    <ele>257.8</ele>
    <time>2026-06-02T15:26:52Z</time>
   </trkpt>
   <trkpt lat="45.7528420" lon="4.7468640">
    <ele>257.9</ele>
    <time>2026-06-02T15:26:53Z</time>
   </trkpt>
   <trkpt lat="45.7528220" lon="4.7468270">
    <ele>258.3</ele>
    <time>2026-06-02T15:26:54Z</time>
   </trkpt>
   <trkpt lat="45.7528190" lon="4.7468140">
    <ele>258.4</ele>
    <time>2026-06-02T15:26:55Z</time>
   </trkpt>
   <trkpt lat="45.7528030" lon="4.7467680">
    <ele>258.8</ele>
    <time>2026-06-02T15:26:56Z</time>
   </trkpt>
   <trkpt lat="45.7527960" lon="4.7467510">
    <ele>259.0</ele>
    <time>2026-06-02T15:26:57Z</time>
   </trkpt>
   <trkpt lat="45.7527960" lon="4.7467110">
    <ele>259.3</ele>
    <time>2026-06-02T15:26:58Z</time>
   </trkpt>
   <trkpt lat="45.7527810" lon="4.7466760">
    <ele>259.6</ele>
    <time>2026-06-02T15:26:59Z</time>
   </trkpt>
   <trkpt lat="45.7527720" lon="4.7466650">
    <ele>259.7</ele>
    <time>2026-06-02T15:27:00Z</time>
   </trkpt>
   <trkpt lat="45.7527470" lon="4.7466250">
    <ele>260.1</ele>
    <time>2026-06-02T15:27:01Z</time>
   </trkpt>
   <trkpt lat="45.7527390" lon="4.7466070">
    <ele>260.3</ele>
    <time>2026-06-02T15:27:02Z</time>
   </trkpt>
   <trkpt lat="45.7527310" lon="4.7465670">
    <ele>260.6</ele>
    <time>2026-06-02T15:27:03Z</time>
   </trkpt>
   <trkpt lat="45.7527280" lon="4.7465560">
    <ele>260.7</ele>
    <time>2026-06-02T15:27:04Z</time>
   </trkpt>
   <trkpt lat="45.7527180" lon="4.7465010">
    <ele>261.1</ele>
    <time>2026-06-02T15:27:05Z</time>
   </trkpt>
   <trkpt lat="45.7527140" lon="4.7464760">
    <ele>261.3</ele>
    <time>2026-06-02T15:27:06Z</time>
   </trkpt>
   <trkpt lat="45.7526940" lon="4.7464400">
    <ele>261.6</ele>
    <time>2026-06-02T15:27:07Z</time>
   </trkpt>
   <trkpt lat="45.7526700" lon="4.7464000">
    <ele>262.0</ele>
    <time>2026-06-02T15:27:08Z</time>
   </trkpt>
   <trkpt lat="45.7526610" lon="4.7463900">
    <ele>262.1</ele>
    <time>2026-06-02T15:27:09Z</time>
   </trkpt>
   <trkpt lat="45.7526440" lon="4.7463460">
    <ele>262.4</ele>
    <time>2026-06-02T15:27:10Z</time>
   </trkpt>
   <trkpt lat="45.7526380" lon="4.7463300">
    <ele>262.5</ele>
    <time>2026-06-02T15:27:11Z</time>
   </trkpt>
   <trkpt lat="45.7526260" lon="4.7462940">
    <ele>262.7</ele>
    <time>2026-06-02T15:27:12Z</time>
   </trkpt>
   <trkpt lat="45.7525980" lon="4.7462630">
    <ele>263.0</ele>
    <time>2026-06-02T15:27:13Z</time>
   </trkpt>
   <trkpt lat="45.7525880" lon="4.7462510">
    <ele>263.0</ele>
    <time>2026-06-02T15:27:14Z</time>
   </trkpt>
   <trkpt lat="45.7525710" lon="4.7462160">
    <ele>263.0</ele>
    <time>2026-06-02T15:27:15Z</time>
   </trkpt>
   <trkpt lat="45.7525560" lon="4.7461840">
    <ele>263.0</ele>
    <time>2026-06-02T15:27:16Z</time>
   </trkpt>
   <trkpt lat="45.7525330" lon="4.7461460">
    <ele>263.1</ele>
    <time>2026-06-02T15:27:17Z</time>
   </trkpt>
   <trkpt lat="45.7525240" lon="4.7461350">
    <ele>263.1</ele>
    <time>2026-06-02T15:27:18Z</time>
   </trkpt>
   <trkpt lat="45.7524880" lon="4.7461150">
    <ele>263.2</ele>
    <time>2026-06-02T15:27:19Z</time>
   </trkpt>
   <trkpt lat="45.7524750" lon="4.7461090">
    <ele>263.3</ele>
    <time>2026-06-02T15:27:20Z</time>
   </trkpt>
   <trkpt lat="45.7524420" lon="4.7460840">
    <ele>263.4</ele>
    <time>2026-06-02T15:27:21Z</time>
   </trkpt>
   <trkpt lat="45.7524320" lon="4.7460750">
    <ele>263.4</ele>
    <time>2026-06-02T15:27:22Z</time>
   </trkpt>
   <trkpt lat="45.7524060" lon="4.7460450">
    <ele>263.4</ele>
    <time>2026-06-02T15:27:23Z</time>
   </trkpt>
   <trkpt lat="45.7523950" lon="4.7460360">
    <ele>263.5</ele>
    <time>2026-06-02T15:27:24Z</time>
   </trkpt>
   <trkpt lat="45.7523700" lon="4.7460070">
    <ele>263.5</ele>
    <time>2026-06-02T15:27:25Z</time>
   </trkpt>
   <trkpt lat="45.7523370" lon="4.7459810">
    <ele>263.5</ele>
    <time>2026-06-02T15:27:26Z</time>
   </trkpt>
   <trkpt lat="45.7523290" lon="4.7459700">
    <ele>263.5</ele>
    <time>2026-06-02T15:27:27Z</time>
   </trkpt>
   <trkpt lat="45.7523030" lon="4.7459460">
    <ele>263.5</ele>
    <time>2026-06-02T15:27:28Z</time>
   </trkpt>
   <trkpt lat="45.7522760" lon="4.7459410">
    <ele>263.5</ele>
    <time>2026-06-02T15:27:29Z</time>
   </trkpt>
   <trkpt lat="45.7522500" lon="4.7459190">
    <ele>263.4</ele>
    <time>2026-06-02T15:27:30Z</time>
   </trkpt>
   <trkpt lat="45.7522240" lon="4.7459000">
    <ele>263.4</ele>
    <time>2026-06-02T15:27:31Z</time>
   </trkpt>
   <trkpt lat="45.7521970" lon="4.7458850">
    <ele>263.4</ele>
    <time>2026-06-02T15:27:32Z</time>
   </trkpt>
   <trkpt lat="45.7521670" lon="4.7458580">
    <ele>263.3</ele>
    <time>2026-06-02T15:27:33Z</time>
   </trkpt>
   <trkpt lat="45.7521560" lon="4.7458500">
    <ele>263.3</ele>
    <time>2026-06-02T15:27:34Z</time>
   </trkpt>
   <trkpt lat="45.7521230" lon="4.7458490">
    <ele>263.3</ele>
    <time>2026-06-02T15:27:35Z</time>
   </trkpt>
   <trkpt lat="45.7521130" lon="4.7458490">
    <ele>263.3</ele>
    <time>2026-06-02T15:27:36Z</time>
   </trkpt>
   <trkpt lat="45.7520910" lon="4.7458320">
    <ele>263.3</ele>
    <time>2026-06-02T15:27:37Z</time>
   </trkpt>
   <trkpt lat="45.7520820" lon="4.7458220">
    <ele>263.3</ele>
    <time>2026-06-02T15:27:38Z</time>
   </trkpt>
   <trkpt lat="45.7520530" lon="4.7458080">
    <ele>263.2</ele>
    <time>2026-06-02T15:27:39Z</time>
   </trkpt>
   <trkpt lat="45.7520190" lon="4.7457930">
    <ele>263.2</ele>
    <time>2026-06-02T15:27:40Z</time>
   </trkpt>
   <trkpt lat="45.7520090" lon="4.7457890">
    <ele>263.2</ele>
    <time>2026-06-02T15:27:41Z</time>
   </trkpt>
   <trkpt lat="45.7519840" lon="4.7457620">
    <ele>263.2</ele>
    <time>2026-06-02T15:27:42Z</time>
   </trkpt>
   <trkpt lat="45.7519760" lon="4.7457540">
    <ele>263.2</ele>
    <time>2026-06-02T15:27:43Z</time>
   </trkpt>
   <trkpt lat="45.7519600" lon="4.7457390">
    <ele>263.2</ele>
    <time>2026-06-02T15:27:44Z</time>
   </trkpt>
   <trkpt lat="45.7519440" lon="4.7457490">
    <ele>263.2</ele>
    <time>2026-06-02T15:27:45Z</time>
   </trkpt>
   <trkpt lat="45.7519290" lon="4.7457440">
    <ele>263.2</ele>
    <time>2026-06-02T15:27:46Z</time>
   </trkpt>
   <trkpt lat="45.7519230" lon="4.7457320">
    <ele>263.2</ele>
    <time>2026-06-02T15:27:47Z</time>
   </trkpt>
   <trkpt lat="45.7519210" lon="4.7457110">
    <ele>263.1</ele>
    <time>2026-06-02T15:27:48Z</time>
   </trkpt>
   <trkpt lat="45.7519120" lon="4.7457040">
    <ele>263.1</ele>
    <time>2026-06-02T15:27:49Z</time>
   </trkpt>
   <trkpt lat="45.7519010" lon="4.7457020">
    <ele>263.1</ele>
    <time>2026-06-02T15:27:50Z</time>
   </trkpt>
   <trkpt lat="45.7518890" lon="4.7456950">
    <ele>263.1</ele>
    <time>2026-06-02T15:27:51Z</time>
   </trkpt>
   <trkpt lat="45.7518330" lon="4.7456530">
    <ele>263.1</ele>
    <time>2026-06-02T15:27:52Z</time>
   </trkpt>
   <trkpt lat="45.7517860" lon="4.7456180">
    <ele>263.1</ele>
    <time>2026-06-02T15:27:53Z</time>
   </trkpt>
   <trkpt lat="45.7517390" lon="4.7455820">
    <ele>263.1</ele>
    <time>2026-06-02T15:27:54Z</time>
   </trkpt>
   <trkpt lat="45.7516910" lon="4.7455470">
    <ele>263.1</ele>
    <time>2026-06-02T15:28:10Z</time>
   </trkpt>
   <trkpt lat="45.7516440" lon="4.7455120">
    <ele>263.1</ele>
    <time>2026-06-02T15:28:11Z</time>
   </trkpt>
   <trkpt lat="45.7515970" lon="4.7454770">
    <ele>263.1</ele>
    <time>2026-06-02T15:28:12Z</time>
   </trkpt>
   <trkpt lat="45.7515620" lon="4.7454500">
    <ele>263.1</ele>
    <time>2026-06-02T15:28:14Z</time>
   </trkpt>
   <trkpt lat="45.7515500" lon="4.7454400">
    <ele>263.1</ele>
    <time>2026-06-02T15:28:15Z</time>
   </trkpt>
   <trkpt lat="45.7515280" lon="4.7454140">
    <ele>263.1</ele>
    <time>2026-06-02T15:28:16Z</time>
   </trkpt>
   <trkpt lat="45.7514990" lon="4.7453980">
    <ele>263.1</ele>
    <time>2026-06-02T15:28:17Z</time>
   </trkpt>
   <trkpt lat="45.7514910" lon="4.7453930">
    <ele>263.1</ele>
    <time>2026-06-02T15:28:18Z</time>
   </trkpt>
   <trkpt lat="45.7514630" lon="4.7453890">
    <ele>263.1</ele>
    <time>2026-06-02T15:28:19Z</time>
   </trkpt>
   <trkpt lat="45.7514370" lon="4.7453590">
    <ele>263.1</ele>
    <time>2026-06-02T15:28:20Z</time>
   </trkpt>
   <trkpt lat="45.7514150" lon="4.7453340">
    <ele>263.1</ele>
    <time>2026-06-02T15:28:21Z</time>
   </trkpt>
   <trkpt lat="45.7514010" lon="4.7452990">
    <ele>263.1</ele>
    <time>2026-06-02T15:28:22Z</time>
   </trkpt>
   <trkpt lat="45.7513760" lon="4.7452710">
    <ele>263.1</ele>
    <time>2026-06-02T15:28:23Z</time>
   </trkpt>
   <trkpt lat="45.7513510" lon="4.7452510">
    <ele>263.0</ele>
    <time>2026-06-02T15:28:24Z</time>
   </trkpt>
   <trkpt lat="45.7513240" lon="4.7452290">
    <ele>263.0</ele>
    <time>2026-06-02T15:28:25Z</time>
   </trkpt>
   <trkpt lat="45.7512990" lon="4.7452110">
    <ele>263.0</ele>
    <time>2026-06-02T15:28:26Z</time>
   </trkpt>
   <trkpt lat="45.7512680" lon="4.7451770">
    <ele>262.9</ele>
    <time>2026-06-02T15:28:27Z</time>
   </trkpt>
   <trkpt lat="45.7512570" lon="4.7451660">
    <ele>262.9</ele>
    <time>2026-06-02T15:28:28Z</time>
   </trkpt>
   <trkpt lat="45.7512340" lon="4.7451410">
    <ele>262.9</ele>
    <time>2026-06-02T15:28:29Z</time>
   </trkpt>
   <trkpt lat="45.7512100" lon="4.7451090">
    <ele>262.8</ele>
    <time>2026-06-02T15:28:30Z</time>
   </trkpt>
   <trkpt lat="45.7512030" lon="4.7450990">
    <ele>262.8</ele>
    <time>2026-06-02T15:28:31Z</time>
   </trkpt>
   <trkpt lat="45.7511720" lon="4.7450820">
    <ele>262.8</ele>
    <time>2026-06-02T15:28:32Z</time>
   </trkpt>
   <trkpt lat="45.7511590" lon="4.7450830">
    <ele>262.8</ele>
    <time>2026-06-02T15:28:33Z</time>
   </trkpt>
   <trkpt lat="45.7511320" lon="4.7450650">
    <ele>262.7</ele>
    <time>2026-06-02T15:28:34Z</time>
   </trkpt>
   <trkpt lat="45.7511030" lon="4.7450410">
    <ele>262.7</ele>
    <time>2026-06-02T15:28:35Z</time>
   </trkpt>
   <trkpt lat="45.7510930" lon="4.7450350">
    <ele>262.7</ele>
    <time>2026-06-02T15:28:36Z</time>
   </trkpt>
   <trkpt lat="45.7510650" lon="4.7450030">
    <ele>262.6</ele>
    <time>2026-06-02T15:28:37Z</time>
   </trkpt>
   <trkpt lat="45.7510580" lon="4.7449890">
    <ele>262.6</ele>
    <time>2026-06-02T15:28:38Z</time>
   </trkpt>
   <trkpt lat="45.7510480" lon="4.7449490">
    <ele>262.6</ele>
    <time>2026-06-02T15:28:39Z</time>
   </trkpt>
   <trkpt lat="45.7510500" lon="4.7449060">
    <ele>262.6</ele>
    <time>2026-06-02T15:28:40Z</time>
   </trkpt>
   <trkpt lat="45.7510520" lon="4.7448630">
    <ele>262.5</ele>
    <time>2026-06-02T15:28:41Z</time>
   </trkpt>
   <trkpt lat="45.7510380" lon="4.7448270">
    <ele>262.5</ele>
    <time>2026-06-02T15:28:42Z</time>
   </trkpt>
   <trkpt lat="45.7510300" lon="4.7448150">
    <ele>262.5</ele>
    <time>2026-06-02T15:28:43Z</time>
   </trkpt>
   <trkpt lat="45.7510140" lon="4.7447820">
    <ele>262.5</ele>
    <time>2026-06-02T15:28:44Z</time>
   </trkpt>
   <trkpt lat="45.7509960" lon="4.7447470">
    <ele>262.4</ele>
    <time>2026-06-02T15:28:45Z</time>
   </trkpt>
   <trkpt lat="45.7509710" lon="4.7447120">
    <ele>262.4</ele>
    <time>2026-06-02T15:28:46Z</time>
   </trkpt>
   <trkpt lat="45.7509610" lon="4.7447030">
    <ele>262.4</ele>
    <time>2026-06-02T15:28:47Z</time>
   </trkpt>
   <trkpt lat="45.7509400" lon="4.7446590">
    <ele>262.3</ele>
    <time>2026-06-02T15:28:48Z</time>
   </trkpt>
   <trkpt lat="45.7509320" lon="4.7446450">
    <ele>262.3</ele>
    <time>2026-06-02T15:28:49Z</time>
   </trkpt>
   <trkpt lat="45.7509200" lon="4.7445970">
    <ele>262.2</ele>
    <time>2026-06-02T15:28:50Z</time>
   </trkpt>
   <trkpt lat="45.7509160" lon="4.7445770">
    <ele>262.2</ele>
    <time>2026-06-02T15:28:51Z</time>
   </trkpt>
   <trkpt lat="45.7509190" lon="4.7445300">
    <ele>262.1</ele>
    <time>2026-06-02T15:28:52Z</time>
   </trkpt>
   <trkpt lat="45.7509230" lon="4.7445110">
    <ele>262.1</ele>
    <time>2026-06-02T15:28:53Z</time>
   </trkpt>
   <trkpt lat="45.7509330" lon="4.7444730">
    <ele>262.1</ele>
    <time>2026-06-02T15:28:54Z</time>
   </trkpt>
   <trkpt lat="45.7509420" lon="4.7444180">
    <ele>262.0</ele>
    <time>2026-06-02T15:28:55Z</time>
   </trkpt>
   <trkpt lat="45.7509410" lon="4.7443790">
    <ele>261.9</ele>
    <time>2026-06-02T15:28:56Z</time>
   </trkpt>
   <trkpt lat="45.7509440" lon="4.7443250">
    <ele>261.8</ele>
    <time>2026-06-02T15:28:57Z</time>
   </trkpt>
   <trkpt lat="45.7509460" lon="4.7443090">
    <ele>261.8</ele>
    <time>2026-06-02T15:28:58Z</time>
   </trkpt>
   <trkpt lat="45.7509550" lon="4.7442640">
    <ele>261.8</ele>
    <time>2026-06-02T15:28:59Z</time>
   </trkpt>
   <trkpt lat="45.7509560" lon="4.7442480">
    <ele>261.8</ele>
    <time>2026-06-02T15:29:00Z</time>
   </trkpt>
   <trkpt lat="45.7509590" lon="4.7441980">
    <ele>261.7</ele>
    <time>2026-06-02T15:29:01Z</time>
   </trkpt>
   <trkpt lat="45.7509600" lon="4.7441820">
    <ele>261.7</ele>
    <time>2026-06-02T15:29:02Z</time>
   </trkpt>
   <trkpt lat="45.7509630" lon="4.7441330">
    <ele>261.6</ele>
    <time>2026-06-02T15:29:03Z</time>
   </trkpt>
   <trkpt lat="45.7509590" lon="4.7441140">
    <ele>261.6</ele>
    <time>2026-06-02T15:29:04Z</time>
   </trkpt>
   <trkpt lat="45.7509560" lon="4.7440690">
    <ele>261.6</ele>
    <time>2026-06-02T15:29:05Z</time>
   </trkpt>
   <trkpt lat="45.7509540" lon="4.7440200">
    <ele>261.6</ele>
    <time>2026-06-02T15:29:06Z</time>
   </trkpt>
   <trkpt lat="45.7509510" lon="4.7440040">
    <ele>261.6</ele>
    <time>2026-06-02T15:29:07Z</time>
   </trkpt>
   <trkpt lat="45.7509460" lon="4.7439600">
    <ele>261.6</ele>
    <time>2026-06-02T15:29:08Z</time>
   </trkpt>
   <trkpt lat="45.7509450" lon="4.7439460">
    <ele>261.6</ele>
    <time>2026-06-02T15:29:09Z</time>
   </trkpt>
   <trkpt lat="45.7509400" lon="4.7438930">
    <ele>261.6</ele>
    <time>2026-06-02T15:29:10Z</time>
   </trkpt>
   <trkpt lat="45.7509320" lon="4.7438760">
    <ele>261.6</ele>
    <time>2026-06-02T15:29:11Z</time>
   </trkpt>
   <trkpt lat="45.7509180" lon="4.7438410">
    <ele>261.6</ele>
    <time>2026-06-02T15:29:12Z</time>
   </trkpt>
   <trkpt lat="45.7509010" lon="4.7438080">
    <ele>261.6</ele>
    <time>2026-06-02T15:29:13Z</time>
   </trkpt>
   <trkpt lat="45.7509010" lon="4.7437930">
    <ele>261.6</ele>
    <time>2026-06-02T15:29:14Z</time>
   </trkpt>
   <trkpt lat="45.7509090" lon="4.7437530">
    <ele>261.6</ele>
    <time>2026-06-02T15:29:15Z</time>
   </trkpt>
   <trkpt lat="45.7509250" lon="4.7437120">
    <ele>261.6</ele>
    <time>2026-06-02T15:29:16Z</time>
   </trkpt>
   <trkpt lat="45.7509230" lon="4.7436720">
    <ele>261.6</ele>
    <time>2026-06-02T15:29:17Z</time>
   </trkpt>
   <trkpt lat="45.7509070" lon="4.7436310">
    <ele>261.6</ele>
    <time>2026-06-02T15:29:18Z</time>
   </trkpt>
   <trkpt lat="45.7509000" lon="4.7435870">
    <ele>261.7</ele>
    <time>2026-06-02T15:29:19Z</time>
   </trkpt>
   <trkpt lat="45.7509000" lon="4.7435450">
    <ele>261.7</ele>
    <time>2026-06-02T15:29:20Z</time>
   </trkpt>
   <trkpt lat="45.7509000" lon="4.7435280">
    <ele>261.7</ele>
    <time>2026-06-02T15:29:21Z</time>
   </trkpt>
   <trkpt lat="45.7509040" lon="4.7434770">
    <ele>261.7</ele>
    <time>2026-06-02T15:29:22Z</time>
   </trkpt>
   <trkpt lat="45.7509050" lon="4.7434600">
    <ele>261.7</ele>
    <time>2026-06-02T15:29:23Z</time>
   </trkpt>
   <trkpt lat="45.7509050" lon="4.7434150">
    <ele>261.8</ele>
    <time>2026-06-02T15:29:24Z</time>
   </trkpt>
   <trkpt lat="45.7509050" lon="4.7433980">
    <ele>261.8</ele>
    <time>2026-06-02T15:29:25Z</time>
   </trkpt>
   <trkpt lat="45.7508970" lon="4.7433580">
    <ele>261.8</ele>
    <time>2026-06-02T15:29:26Z</time>
   </trkpt>
   <trkpt lat="45.7508940" lon="4.7433140">
    <ele>261.9</ele>
    <time>2026-06-02T15:29:27Z</time>
   </trkpt>
   <trkpt lat="45.7508950" lon="4.7432970">
    <ele>261.9</ele>
    <time>2026-06-02T15:29:28Z</time>
   </trkpt>
   <trkpt lat="45.7508910" lon="4.7432450">
    <ele>262.0</ele>
    <time>2026-06-02T15:29:29Z</time>
   </trkpt>
   <trkpt lat="45.7508900" lon="4.7432290">
    <ele>262.0</ele>
    <time>2026-06-02T15:29:30Z</time>
   </trkpt>
   <trkpt lat="45.7508970" lon="4.7431740">
    <ele>262.1</ele>
    <time>2026-06-02T15:29:31Z</time>
   </trkpt>
   <trkpt lat="45.7508990" lon="4.7431550">
    <ele>262.1</ele>
    <time>2026-06-02T15:29:32Z</time>
   </trkpt>
   <trkpt lat="45.7508950" lon="4.7431030">
    <ele>262.2</ele>
    <time>2026-06-02T15:29:33Z</time>
   </trkpt>
   <trkpt lat="45.7508950" lon="4.7430860">
    <ele>262.2</ele>
    <time>2026-06-02T15:29:34Z</time>
   </trkpt>
   <trkpt lat="45.7509080" lon="4.7430390">
    <ele>262.3</ele>
    <time>2026-06-02T15:29:35Z</time>
   </trkpt>
   <trkpt lat="45.7509110" lon="4.7430210">
    <ele>262.3</ele>
    <time>2026-06-02T15:29:36Z</time>
   </trkpt>
   <trkpt lat="45.7509180" lon="4.7429740">
    <ele>262.4</ele>
    <time>2026-06-02T15:29:37Z</time>
   </trkpt>
   <trkpt lat="45.7509190" lon="4.7429600">
    <ele>262.4</ele>
    <time>2026-06-02T15:29:38Z</time>
   </trkpt>
   <trkpt lat="45.7509180" lon="4.7429200">
    <ele>262.5</ele>
    <time>2026-06-02T15:29:39Z</time>
   </trkpt>
   <trkpt lat="45.7509150" lon="4.7428660">
    <ele>262.6</ele>
    <time>2026-06-02T15:29:40Z</time>
   </trkpt>
   <trkpt lat="45.7509140" lon="4.7428480">
    <ele>262.6</ele>
    <time>2026-06-02T15:29:41Z</time>
   </trkpt>
   <trkpt lat="45.7509050" lon="4.7428050">
    <ele>262.7</ele>
    <time>2026-06-02T15:29:42Z</time>
   </trkpt>
   <trkpt lat="45.7508990" lon="4.7427490">
    <ele>262.8</ele>
    <time>2026-06-02T15:29:43Z</time>
   </trkpt>
   <trkpt lat="45.7508960" lon="4.7427300">
    <ele>262.8</ele>
    <time>2026-06-02T15:29:44Z</time>
   </trkpt>
   <trkpt lat="45.7508950" lon="4.7426910">
    <ele>262.8</ele>
    <time>2026-06-02T15:29:45Z</time>
   </trkpt>
   <trkpt lat="45.7508870" lon="4.7426370">
    <ele>262.9</ele>
    <time>2026-06-02T15:29:46Z</time>
   </trkpt>
   <trkpt lat="45.7508840" lon="4.7426200">
    <ele>262.9</ele>
    <time>2026-06-02T15:29:47Z</time>
   </trkpt>
   <trkpt lat="45.7508770" lon="4.7425730">
    <ele>263.0</ele>
    <time>2026-06-02T15:29:48Z</time>
   </trkpt>
   <trkpt lat="45.7508750" lon="4.7425590">
    <ele>263.0</ele>
    <time>2026-06-02T15:29:49Z</time>
   </trkpt>
   <trkpt lat="45.7508680" lon="4.7425200">
    <ele>263.1</ele>
    <time>2026-06-02T15:29:50Z</time>
   </trkpt>
   <trkpt lat="45.7508700" lon="4.7424790">
    <ele>263.1</ele>
    <time>2026-06-02T15:29:51Z</time>
   </trkpt>
   <trkpt lat="45.7508700" lon="4.7424350">
    <ele>263.2</ele>
    <time>2026-06-02T15:29:52Z</time>
   </trkpt>
   <trkpt lat="45.7508630" lon="4.7423830">
    <ele>263.2</ele>
    <time>2026-06-02T15:29:53Z</time>
   </trkpt>
   <trkpt lat="45.7508580" lon="4.7423660">
    <ele>263.3</ele>
    <time>2026-06-02T15:29:54Z</time>
   </trkpt>
   <trkpt lat="45.7508470" lon="4.7423250">
    <ele>263.3</ele>
    <time>2026-06-02T15:29:55Z</time>
   </trkpt>
   <trkpt lat="45.7508410" lon="4.7423130">
    <ele>263.3</ele>
    <time>2026-06-02T15:29:56Z</time>
   </trkpt>
   <trkpt lat="45.7508360" lon="4.7422590">
    <ele>263.4</ele>
    <time>2026-06-02T15:29:57Z</time>
   </trkpt>
   <trkpt lat="45.7508350" lon="4.7422430">
    <ele>263.4</ele>
    <time>2026-06-02T15:29:58Z</time>
   </trkpt>
   <trkpt lat="45.7508330" lon="4.7421900">
    <ele>263.4</ele>
    <time>2026-06-02T15:29:59Z</time>
   </trkpt>
   <trkpt lat="45.7508280" lon="4.7421740">
    <ele>263.5</ele>
    <time>2026-06-02T15:30:00Z</time>
   </trkpt>
   <trkpt lat="45.7508220" lon="4.7421310">
    <ele>263.5</ele>
    <time>2026-06-02T15:30:01Z</time>
   </trkpt>
   <trkpt lat="45.7508150" lon="4.7420880">
    <ele>263.6</ele>
    <time>2026-06-02T15:30:02Z</time>
   </trkpt>
   <trkpt lat="45.7508090" lon="4.7420390">
    <ele>263.6</ele>
    <time>2026-06-02T15:30:03Z</time>
   </trkpt>
   <trkpt lat="45.7508050" lon="4.7420200">
    <ele>263.6</ele>
    <time>2026-06-02T15:30:04Z</time>
   </trkpt>
   <trkpt lat="45.7508020" lon="4.7419700">
    <ele>263.7</ele>
    <time>2026-06-02T15:30:05Z</time>
   </trkpt>
   <trkpt lat="45.7507970" lon="4.7419580">
    <ele>263.7</ele>
    <time>2026-06-02T15:30:06Z</time>
   </trkpt>
   <trkpt lat="45.7507950" lon="4.7419180">
    <ele>263.7</ele>
    <time>2026-06-02T15:30:07Z</time>
   </trkpt>
   <trkpt lat="45.7507950" lon="4.7418730">
    <ele>263.8</ele>
    <time>2026-06-02T15:30:08Z</time>
   </trkpt>
   <trkpt lat="45.7507840" lon="4.7418200">
    <ele>263.8</ele>
    <time>2026-06-02T15:30:09Z</time>
   </trkpt>
   <trkpt lat="45.7507780" lon="4.7417750">
    <ele>263.8</ele>
    <time>2026-06-02T15:30:10Z</time>
   </trkpt>
   <trkpt lat="45.7507790" lon="4.7417580">
    <ele>263.8</ele>
    <time>2026-06-02T15:30:11Z</time>
   </trkpt>
   <trkpt lat="45.7507740" lon="4.7417040">
    <ele>263.8</ele>
    <time>2026-06-02T15:30:12Z</time>
   </trkpt>
   <trkpt lat="45.7507720" lon="4.7416840">
    <ele>263.8</ele>
    <time>2026-06-02T15:30:13Z</time>
   </trkpt>
   <trkpt lat="45.7507580" lon="4.7416360">
    <ele>263.8</ele>
    <time>2026-06-02T15:30:14Z</time>
   </trkpt>
   <trkpt lat="45.7507550" lon="4.7416210">
    <ele>263.8</ele>
    <time>2026-06-02T15:30:15Z</time>
   </trkpt>
   <trkpt lat="45.7507440" lon="4.7415730">
    <ele>263.8</ele>
    <time>2026-06-02T15:30:16Z</time>
   </trkpt>
   <trkpt lat="45.7507400" lon="4.7415500">
    <ele>263.8</ele>
    <time>2026-06-02T15:30:17Z</time>
   </trkpt>
   <trkpt lat="45.7507400" lon="4.7415030">
    <ele>263.8</ele>
    <time>2026-06-02T15:30:18Z</time>
   </trkpt>
   <trkpt lat="45.7507390" lon="4.7414600">
    <ele>263.8</ele>
    <time>2026-06-02T15:30:20Z</time>
   </trkpt>
   <trkpt lat="45.7507240" lon="4.7414240">
    <ele>263.8</ele>
    <time>2026-06-02T15:30:21Z</time>
   </trkpt>
   <trkpt lat="45.7507270" lon="4.7413800">
    <ele>263.8</ele>
    <time>2026-06-02T15:30:22Z</time>
   </trkpt>
   <trkpt lat="45.7507280" lon="4.7413660">
    <ele>263.7</ele>
    <time>2026-06-02T15:30:23Z</time>
   </trkpt>
   <trkpt lat="45.7507100" lon="4.7413350">
    <ele>263.7</ele>
    <time>2026-06-02T15:30:24Z</time>
   </trkpt>
   <trkpt lat="45.7507100" lon="4.7412710">
    <ele>263.7</ele>
    <time>2026-06-02T15:30:25Z</time>
   </trkpt>
   <trkpt lat="45.7507090" lon="4.7412460">
    <ele>263.6</ele>
    <time>2026-06-02T15:30:26Z</time>
   </trkpt>
   <trkpt lat="45.7507060" lon="4.7411950">
    <ele>263.6</ele>
    <time>2026-06-02T15:30:27Z</time>
   </trkpt>
   <trkpt lat="45.7507030" lon="4.7411750">
    <ele>263.6</ele>
    <time>2026-06-02T15:30:28Z</time>
   </trkpt>
   <trkpt lat="45.7507000" lon="4.7411190">
    <ele>263.5</ele>
    <time>2026-06-02T15:30:29Z</time>
   </trkpt>
   <trkpt lat="45.7506930" lon="4.7411010">
    <ele>263.5</ele>
    <time>2026-06-02T15:30:30Z</time>
   </trkpt>
   <trkpt lat="45.7506870" lon="4.7410530">
    <ele>263.5</ele>
    <time>2026-06-02T15:30:31Z</time>
   </trkpt>
   <trkpt lat="45.7506840" lon="4.7410390">
    <ele>263.5</ele>
    <time>2026-06-02T15:30:32Z</time>
   </trkpt>
   <trkpt lat="45.7506840" lon="4.7409930">
    <ele>263.4</ele>
    <time>2026-06-02T15:30:33Z</time>
   </trkpt>
   <trkpt lat="45.7506810" lon="4.7409520">
    <ele>263.4</ele>
    <time>2026-06-02T15:30:34Z</time>
   </trkpt>
   <trkpt lat="45.7506680" lon="4.7409010">
    <ele>263.4</ele>
    <time>2026-06-02T15:30:35Z</time>
   </trkpt>
   <trkpt lat="45.7506630" lon="4.7408810">
    <ele>263.4</ele>
    <time>2026-06-02T15:30:36Z</time>
   </trkpt>
   <trkpt lat="45.7506380" lon="4.7408350">
    <ele>263.3</ele>
    <time>2026-06-02T15:30:37Z</time>
   </trkpt>
   <trkpt lat="45.7506030" lon="4.7408300">
    <ele>263.3</ele>
    <time>2026-06-02T15:30:38Z</time>
   </trkpt>
   <trkpt lat="45.7505780" lon="4.7408740">
    <ele>263.3</ele>
    <time>2026-06-02T15:30:39Z</time>
   </trkpt>
   <trkpt lat="45.7505440" lon="4.7408940">
    <ele>263.2</ele>
    <time>2026-06-02T15:30:40Z</time>
   </trkpt>
   <trkpt lat="45.7505340" lon="4.7408990">
    <ele>263.2</ele>
    <time>2026-06-02T15:30:41Z</time>
   </trkpt>
   <trkpt lat="45.7505030" lon="4.7409080">
    <ele>263.2</ele>
    <time>2026-06-02T15:30:42Z</time>
   </trkpt>
   <trkpt lat="45.7504760" lon="4.7409080">
    <ele>263.2</ele>
    <time>2026-06-02T15:30:43Z</time>
   </trkpt>
   <trkpt lat="45.7504430" lon="4.7409080">
    <ele>263.2</ele>
    <time>2026-06-02T15:30:44Z</time>
   </trkpt>
   <trkpt lat="45.7504320" lon="4.7409090">
    <ele>263.2</ele>
    <time>2026-06-02T15:30:45Z</time>
   </trkpt>
   <trkpt lat="45.7503990" lon="4.7409260">
    <ele>263.2</ele>
    <time>2026-06-02T15:30:46Z</time>
   </trkpt>
   <trkpt lat="45.7503860" lon="4.7409340">
    <ele>263.2</ele>
    <time>2026-06-02T15:30:47Z</time>
   </trkpt>
   <trkpt lat="45.7503550" lon="4.7409450">
    <ele>263.2</ele>
    <time>2026-06-02T15:30:48Z</time>
   </trkpt>
   <trkpt lat="45.7503450" lon="4.7409430">
    <ele>263.2</ele>
    <time>2026-06-02T15:30:49Z</time>
   </trkpt>
   <trkpt lat="45.7503080" lon="4.7409510">
    <ele>263.2</ele>
    <time>2026-06-02T15:30:50Z</time>
   </trkpt>
   <trkpt lat="45.7502930" lon="4.7409550">
    <ele>263.2</ele>
    <time>2026-06-02T15:30:51Z</time>
   </trkpt>
   <trkpt lat="45.7502630" lon="4.7409670">
    <ele>263.1</ele>
    <time>2026-06-02T15:30:52Z</time>
   </trkpt>
   <trkpt lat="45.7502140" lon="4.7409920">
    <ele>263.1</ele>
    <time>2026-06-02T15:30:53Z</time>
   </trkpt>
   <trkpt lat="45.7501890" lon="4.7410040">
    <ele>263.1</ele>
    <time>2026-06-02T15:30:54Z</time>
   </trkpt>
   <trkpt lat="45.7501510" lon="4.7410000">
    <ele>263.1</ele>
    <time>2026-06-02T15:30:55Z</time>
   </trkpt>
   <trkpt lat="45.7501370" lon="4.7410030">
    <ele>263.1</ele>
    <time>2026-06-02T15:30:56Z</time>
   </trkpt>
   <trkpt lat="45.7501100" lon="4.7410160">
    <ele>263.2</ele>
    <time>2026-06-02T15:30:57Z</time>
   </trkpt>
   <trkpt lat="45.7500830" lon="4.7410290">
    <ele>263.2</ele>
    <time>2026-06-02T15:30:58Z</time>
   </trkpt>
   <trkpt lat="45.7500540" lon="4.7410560">
    <ele>263.2</ele>
    <time>2026-06-02T15:30:59Z</time>
   </trkpt>
   <trkpt lat="45.7500240" lon="4.7410700">
    <ele>263.2</ele>
    <time>2026-06-02T15:31:00Z</time>
   </trkpt>
   <trkpt lat="45.7500120" lon="4.7410740">
    <ele>263.2</ele>
    <time>2026-06-02T15:31:01Z</time>
   </trkpt>
   <trkpt lat="45.7499830" lon="4.7410960">
    <ele>263.2</ele>
    <time>2026-06-02T15:31:02Z</time>
   </trkpt>
   <trkpt lat="45.7499460" lon="4.7411040">
    <ele>263.2</ele>
    <time>2026-06-02T15:31:03Z</time>
   </trkpt>
   <trkpt lat="45.7499330" lon="4.7411050">
    <ele>263.2</ele>
    <time>2026-06-02T15:31:04Z</time>
   </trkpt>
   <trkpt lat="45.7499060" lon="4.7411160">
    <ele>263.2</ele>
    <time>2026-06-02T15:31:05Z</time>
   </trkpt>
   <trkpt lat="45.7498720" lon="4.7411410">
    <ele>263.1</ele>
    <time>2026-06-02T15:31:06Z</time>
   </trkpt>
   <trkpt lat="45.7498570" lon="4.7411480">
    <ele>263.1</ele>
    <time>2026-06-02T15:31:07Z</time>
   </trkpt>
   <trkpt lat="45.7498190" lon="4.7411560">
    <ele>263.1</ele>
    <time>2026-06-02T15:31:08Z</time>
   </trkpt>
   <trkpt lat="45.7498050" lon="4.7411620">
    <ele>263.1</ele>
    <time>2026-06-02T15:31:09Z</time>
   </trkpt>
   <trkpt lat="45.7497730" lon="4.7411800">
    <ele>263.1</ele>
    <time>2026-06-02T15:31:10Z</time>
   </trkpt>
   <trkpt lat="45.7497620" lon="4.7411890">
    <ele>263.1</ele>
    <time>2026-06-02T15:31:11Z</time>
   </trkpt>
   <trkpt lat="45.7497270" lon="4.7411980">
    <ele>263.1</ele>
    <time>2026-06-02T15:31:12Z</time>
   </trkpt>
   <trkpt lat="45.7497150" lon="4.7412010">
    <ele>263.1</ele>
    <time>2026-06-02T15:31:13Z</time>
   </trkpt>
   <trkpt lat="45.7496860" lon="4.7412030">
    <ele>263.1</ele>
    <time>2026-06-02T15:31:14Z</time>
   </trkpt>
   <trkpt lat="45.7496560" lon="4.7412110">
    <ele>263.1</ele>
    <time>2026-06-02T15:31:15Z</time>
   </trkpt>
   <trkpt lat="45.7496210" lon="4.7412220">
    <ele>263.1</ele>
    <time>2026-06-02T15:31:16Z</time>
   </trkpt>
   <trkpt lat="45.7496110" lon="4.7412290">
    <ele>263.1</ele>
    <time>2026-06-02T15:31:17Z</time>
   </trkpt>
   <trkpt lat="45.7495800" lon="4.7412370">
    <ele>263.1</ele>
    <time>2026-06-02T15:31:18Z</time>
   </trkpt>
   <trkpt lat="45.7495530" lon="4.7412210">
    <ele>263.1</ele>
    <time>2026-06-02T15:31:19Z</time>
   </trkpt>
   <trkpt lat="45.7495270" lon="4.7411990">
    <ele>263.1</ele>
    <time>2026-06-02T15:31:20Z</time>
   </trkpt>
   <trkpt lat="45.7495160" lon="4.7411970">
    <ele>263.1</ele>
    <time>2026-06-02T15:31:21Z</time>
   </trkpt>
   <trkpt lat="45.7494860" lon="4.7411820">
    <ele>263.1</ele>
    <time>2026-06-02T15:31:22Z</time>
   </trkpt>
   <trkpt lat="45.7494770" lon="4.7411750">
    <ele>263.1</ele>
    <time>2026-06-02T15:31:23Z</time>
   </trkpt>
   <trkpt lat="45.7494490" lon="4.7411640">
    <ele>263.1</ele>
    <time>2026-06-02T15:31:24Z</time>
   </trkpt>
   <trkpt lat="45.7494420" lon="4.7411580">
    <ele>263.1</ele>
    <time>2026-06-02T15:31:25Z</time>
   </trkpt>
   <trkpt lat="45.7494120" lon="4.7411380">
    <ele>263.1</ele>
    <time>2026-06-02T15:31:26Z</time>
   </trkpt>
   <trkpt lat="45.7494020" lon="4.7411330">
    <ele>263.1</ele>
    <time>2026-06-02T15:31:27Z</time>
   </trkpt>
   <trkpt lat="45.7493770" lon="4.7411060">
    <ele>263.1</ele>
    <time>2026-06-02T15:31:28Z</time>
   </trkpt>
   <trkpt lat="45.7493650" lon="4.7410990">
    <ele>263.2</ele>
    <time>2026-06-02T15:31:29Z</time>
   </trkpt>
   <trkpt lat="45.7493360" lon="4.7410670">
    <ele>263.2</ele>
    <time>2026-06-02T15:31:30Z</time>
   </trkpt>
   <trkpt lat="45.7493060" lon="4.7410550">
    <ele>263.2</ele>
    <time>2026-06-02T15:31:31Z</time>
   </trkpt>
   <trkpt lat="45.7492720" lon="4.7410560">
    <ele>263.3</ele>
    <time>2026-06-02T15:31:32Z</time>
   </trkpt>
   <trkpt lat="45.7492440" lon="4.7410510">
    <ele>263.3</ele>
    <time>2026-06-02T15:31:33Z</time>
   </trkpt>
   <trkpt lat="45.7492080" lon="4.7410230">
    <ele>263.4</ele>
    <time>2026-06-02T15:31:34Z</time>
   </trkpt>
   <trkpt lat="45.7491980" lon="4.7410030">
    <ele>263.4</ele>
    <time>2026-06-02T15:31:35Z</time>
   </trkpt>
   <trkpt lat="45.7491810" lon="4.7409850">
    <ele>263.4</ele>
    <time>2026-06-02T15:31:36Z</time>
   </trkpt>
   <trkpt lat="45.7491710" lon="4.7409710">
    <ele>263.5</ele>
    <time>2026-06-02T15:31:37Z</time>
   </trkpt>
   <trkpt lat="45.7491490" lon="4.7409290">
    <ele>263.5</ele>
    <time>2026-06-02T15:31:38Z</time>
   </trkpt>
   <trkpt lat="45.7491380" lon="4.7409110">
    <ele>263.6</ele>
    <time>2026-06-02T15:31:39Z</time>
   </trkpt>
   <trkpt lat="45.7491220" lon="4.7408760">
    <ele>263.6</ele>
    <time>2026-06-02T15:31:40Z</time>
   </trkpt>
   <trkpt lat="45.7491120" lon="4.7408370">
    <ele>263.7</ele>
    <time>2026-06-02T15:31:41Z</time>
   </trkpt>
   <trkpt lat="45.7490940" lon="4.7407970">
    <ele>263.7</ele>
    <time>2026-06-02T15:31:42Z</time>
   </trkpt>
   <trkpt lat="45.7490830" lon="4.7407500">
    <ele>263.8</ele>
    <time>2026-06-02T15:31:43Z</time>
   </trkpt>
   <trkpt lat="45.7490790" lon="4.7407370">
    <ele>263.8</ele>
    <time>2026-06-02T15:31:44Z</time>
   </trkpt>
   <trkpt lat="45.7490730" lon="4.7406900">
    <ele>263.8</ele>
    <time>2026-06-02T15:31:45Z</time>
   </trkpt>
   <trkpt lat="45.7490710" lon="4.7406730">
    <ele>263.8</ele>
    <time>2026-06-02T15:31:46Z</time>
   </trkpt>
   <trkpt lat="45.7490610" lon="4.7406210">
    <ele>263.9</ele>
    <time>2026-06-02T15:31:47Z</time>
   </trkpt>
   <trkpt lat="45.7490550" lon="4.7406050">
    <ele>263.9</ele>
    <time>2026-06-02T15:31:48Z</time>
   </trkpt>
   <trkpt lat="45.7490420" lon="4.7405680">
    <ele>263.9</ele>
    <time>2026-06-02T15:31:49Z</time>
   </trkpt>
   <trkpt lat="45.7490250" lon="4.7405140">
    <ele>263.9</ele>
    <time>2026-06-02T15:31:50Z</time>
   </trkpt>
   <trkpt lat="45.7490170" lon="4.7404930">
    <ele>263.9</ele>
    <time>2026-06-02T15:31:51Z</time>
   </trkpt>
   <trkpt lat="45.7490110" lon="4.7404520">
    <ele>264.0</ele>
    <time>2026-06-02T15:31:52Z</time>
   </trkpt>
   <trkpt lat="45.7490060" lon="4.7404120">
    <ele>264.0</ele>
    <time>2026-06-02T15:31:53Z</time>
   </trkpt>
   <trkpt lat="45.7489930" lon="4.7403750">
    <ele>264.0</ele>
    <time>2026-06-02T15:31:54Z</time>
   </trkpt>
   <trkpt lat="45.7489870" lon="4.7403250">
    <ele>264.1</ele>
    <time>2026-06-02T15:31:55Z</time>
   </trkpt>
   <trkpt lat="45.7489860" lon="4.7403080">
    <ele>264.1</ele>
    <time>2026-06-02T15:31:56Z</time>
   </trkpt>
   <trkpt lat="45.7489760" lon="4.7402720">
    <ele>264.1</ele>
    <time>2026-06-02T15:31:57Z</time>
   </trkpt>
   <trkpt lat="45.7489680" lon="4.7402180">
    <ele>264.1</ele>
    <time>2026-06-02T15:31:58Z</time>
   </trkpt>
   <trkpt lat="45.7489640" lon="4.7402000">
    <ele>264.1</ele>
    <time>2026-06-02T15:31:59Z</time>
   </trkpt>
   <trkpt lat="45.7489530" lon="4.7401620">
    <ele>264.2</ele>
    <time>2026-06-02T15:32:00Z</time>
   </trkpt>
   <trkpt lat="45.7489490" lon="4.7401060">
    <ele>264.2</ele>
    <time>2026-06-02T15:32:01Z</time>
   </trkpt>
   <trkpt lat="45.7489500" lon="4.7400870">
    <ele>264.2</ele>
    <time>2026-06-02T15:32:02Z</time>
   </trkpt>
   <trkpt lat="45.7489320" lon="4.7400420">
    <ele>264.2</ele>
    <time>2026-06-02T15:32:03Z</time>
   </trkpt>
   <trkpt lat="45.7489280" lon="4.7400270">
    <ele>264.2</ele>
    <time>2026-06-02T15:32:04Z</time>
   </trkpt>
   <trkpt lat="45.7489210" lon="4.7399710">
    <ele>264.3</ele>
    <time>2026-06-02T15:32:05Z</time>
   </trkpt>
   <trkpt lat="45.7489180" lon="4.7399510">
    <ele>264.3</ele>
    <time>2026-06-02T15:32:06Z</time>
   </trkpt>
   <trkpt lat="45.7489100" lon="4.7399000">
    <ele>264.3</ele>
    <time>2026-06-02T15:32:07Z</time>
   </trkpt>
   <trkpt lat="45.7489090" lon="4.7398790">
    <ele>264.3</ele>
    <time>2026-06-02T15:32:08Z</time>
   </trkpt>
   <trkpt lat="45.7488960" lon="4.7398430">
    <ele>264.4</ele>
    <time>2026-06-02T15:32:09Z</time>
   </trkpt>
   <trkpt lat="45.7488780" lon="4.7397930">
    <ele>264.4</ele>
    <time>2026-06-02T15:32:10Z</time>
   </trkpt>
   <trkpt lat="45.7488770" lon="4.7397680">
    <ele>264.4</ele>
    <time>2026-06-02T15:32:11Z</time>
   </trkpt>
   <trkpt lat="45.7488530" lon="4.7397490">
    <ele>264.5</ele>
    <time>2026-06-02T15:32:12Z</time>
   </trkpt>
   <trkpt lat="45.7488430" lon="4.7396980">
    <ele>264.5</ele>
    <time>2026-06-02T15:32:13Z</time>
   </trkpt>
   <trkpt lat="45.7488390" lon="4.7396820">
    <ele>264.5</ele>
    <time>2026-06-02T15:32:14Z</time>
   </trkpt>
   <trkpt lat="45.7488080" lon="4.7396680">
    <ele>264.6</ele>
    <time>2026-06-02T15:32:15Z</time>
   </trkpt>
   <trkpt lat="45.7487700" lon="4.7396710">
    <ele>264.6</ele>
    <time>2026-06-02T15:32:16Z</time>
   </trkpt>
   <trkpt lat="45.7487440" lon="4.7396560">
    <ele>264.6</ele>
    <time>2026-06-02T15:32:17Z</time>
   </trkpt>
   <trkpt lat="45.7487080" lon="4.7396500">
    <ele>264.7</ele>
    <time>2026-06-02T15:32:18Z</time>
   </trkpt>
   <trkpt lat="45.7486940" lon="4.7396530">
    <ele>264.7</ele>
    <time>2026-06-02T15:32:19Z</time>
   </trkpt>
   <trkpt lat="45.7486560" lon="4.7396560">
    <ele>264.7</ele>
    <time>2026-06-02T15:32:20Z</time>
   </trkpt>
   <trkpt lat="45.7486430" lon="4.7396550">
    <ele>264.7</ele>
    <time>2026-06-02T15:32:21Z</time>
   </trkpt>
   <trkpt lat="45.7486060" lon="4.7396530">
    <ele>264.7</ele>
    <time>2026-06-02T15:32:22Z</time>
   </trkpt>
   <trkpt lat="45.7485930" lon="4.7396510">
    <ele>264.7</ele>
    <time>2026-06-02T15:32:23Z</time>
   </trkpt>
   <trkpt lat="45.7485660" lon="4.7396520">
    <ele>264.8</ele>
    <time>2026-06-02T15:32:24Z</time>
   </trkpt>
   <trkpt lat="45.7485310" lon="4.7396530">
    <ele>264.8</ele>
    <time>2026-06-02T15:32:26Z</time>
   </trkpt>
   <trkpt lat="45.7485170" lon="4.7396520">
    <ele>264.8</ele>
    <time>2026-06-02T15:32:27Z</time>
   </trkpt>
   <trkpt lat="45.7484830" lon="4.7396450">
    <ele>264.8</ele>
    <time>2026-06-02T15:32:28Z</time>
   </trkpt>
   <trkpt lat="45.7484460" lon="4.7396560">
    <ele>264.9</ele>
    <time>2026-06-02T15:32:29Z</time>
   </trkpt>
   <trkpt lat="45.7484330" lon="4.7396580">
    <ele>264.9</ele>
    <time>2026-06-02T15:32:30Z</time>
   </trkpt>
   <trkpt lat="45.7484040" lon="4.7396690">
    <ele>264.9</ele>
    <time>2026-06-02T15:32:31Z</time>
   </trkpt>
   <trkpt lat="45.7483740" lon="4.7396660">
    <ele>264.9</ele>
    <time>2026-06-02T15:32:32Z</time>
   </trkpt>
   <trkpt lat="45.7483450" lon="4.7396620">
    <ele>265.0</ele>
    <time>2026-06-02T15:32:33Z</time>
   </trkpt>
   <trkpt lat="45.7483080" lon="4.7396800">
    <ele>265.0</ele>
    <time>2026-06-02T15:32:34Z</time>
   </trkpt>
   <trkpt lat="45.7482950" lon="4.7396880">
    <ele>265.0</ele>
    <time>2026-06-02T15:32:35Z</time>
   </trkpt>
   <trkpt lat="45.7482620" lon="4.7397100">
    <ele>265.1</ele>
    <time>2026-06-02T15:32:36Z</time>
   </trkpt>
   <trkpt lat="45.7482480" lon="4.7397110">
    <ele>265.1</ele>
    <time>2026-06-02T15:32:37Z</time>
   </trkpt>
   <trkpt lat="45.7482180" lon="4.7397100">
    <ele>265.1</ele>
    <time>2026-06-02T15:32:38Z</time>
   </trkpt>
   <trkpt lat="45.7481920" lon="4.7397200">
    <ele>265.1</ele>
    <time>2026-06-02T15:32:39Z</time>
   </trkpt>
   <trkpt lat="45.7481560" lon="4.7397340">
    <ele>265.1</ele>
    <time>2026-06-02T15:32:40Z</time>
   </trkpt>
   <trkpt lat="45.7481290" lon="4.7397410">
    <ele>265.2</ele>
    <time>2026-06-02T15:32:41Z</time>
   </trkpt>
   <trkpt lat="45.7481160" lon="4.7397410">
    <ele>265.2</ele>
    <time>2026-06-02T15:32:42Z</time>
   </trkpt>
   <trkpt lat="45.7480920" lon="4.7397440">
    <ele>265.2</ele>
    <time>2026-06-02T15:32:43Z</time>
   </trkpt>
   <trkpt lat="45.7480610" lon="4.7397540">
    <ele>265.3</ele>
    <time>2026-06-02T15:32:44Z</time>
   </trkpt>
   <trkpt lat="45.7480470" lon="4.7397600">
    <ele>265.3</ele>
    <time>2026-06-02T15:32:45Z</time>
   </trkpt>
   <trkpt lat="45.7480180" lon="4.7397710">
    <ele>265.3</ele>
    <time>2026-06-02T15:32:46Z</time>
   </trkpt>
   <trkpt lat="45.7479480" lon="4.7397890">
    <ele>265.5</ele>
    <time>2026-06-02T15:32:47Z</time>
   </trkpt>
   <trkpt lat="45.7479160" lon="4.7398000">
    <ele>265.6</ele>
    <time>2026-06-02T15:32:48Z</time>
   </trkpt>
   <trkpt lat="45.7478890" lon="4.7398090">
    <ele>265.6</ele>
    <time>2026-06-02T15:32:49Z</time>
   </trkpt>
   <trkpt lat="45.7478500" lon="4.7398130">
    <ele>265.7</ele>
    <time>2026-06-02T15:32:50Z</time>
   </trkpt>
   <trkpt lat="45.7478350" lon="4.7398170">
    <ele>265.7</ele>
    <time>2026-06-02T15:32:51Z</time>
   </trkpt>
   <trkpt lat="45.7478080" lon="4.7398100">
    <ele>265.8</ele>
    <time>2026-06-02T15:32:52Z</time>
   </trkpt>
   <trkpt lat="45.7477770" lon="4.7398260">
    <ele>265.8</ele>
    <time>2026-06-02T15:32:53Z</time>
   </trkpt>
   <trkpt lat="45.7477670" lon="4.7398350">
    <ele>265.8</ele>
    <time>2026-06-02T15:32:54Z</time>
   </trkpt>
   <trkpt lat="45.7477300" lon="4.7398450">
    <ele>265.9</ele>
    <time>2026-06-02T15:32:55Z</time>
   </trkpt>
   <trkpt lat="45.7477170" lon="4.7398500">
    <ele>265.9</ele>
    <time>2026-06-02T15:32:56Z</time>
   </trkpt>
   <trkpt lat="45.7476870" lon="4.7398690">
    <ele>266.0</ele>
    <time>2026-06-02T15:32:57Z</time>
   </trkpt>
   <trkpt lat="45.7476750" lon="4.7398740">
    <ele>266.0</ele>
    <time>2026-06-02T15:32:58Z</time>
   </trkpt>
   <trkpt lat="45.7476360" lon="4.7398770">
    <ele>266.1</ele>
    <time>2026-06-02T15:32:59Z</time>
   </trkpt>
   <trkpt lat="45.7476220" lon="4.7398740">
    <ele>266.2</ele>
    <time>2026-06-02T15:33:00Z</time>
   </trkpt>
   <trkpt lat="45.7475940" lon="4.7398740">
    <ele>266.2</ele>
    <time>2026-06-02T15:33:01Z</time>
   </trkpt>
   <trkpt lat="45.7475610" lon="4.7398850">
    <ele>266.3</ele>
    <time>2026-06-02T15:33:02Z</time>
   </trkpt>
   <trkpt lat="45.7475500" lon="4.7398920">
    <ele>266.3</ele>
    <time>2026-06-02T15:33:03Z</time>
   </trkpt>
   <trkpt lat="45.7475270" lon="4.7398710">
    <ele>266.4</ele>
    <time>2026-06-02T15:33:04Z</time>
   </trkpt>
   <trkpt lat="45.7475370" lon="4.7398280">
    <ele>266.5</ele>
    <time>2026-06-02T15:33:05Z</time>
   </trkpt>
   <trkpt lat="45.7475330" lon="4.7397870">
    <ele>266.6</ele>
    <time>2026-06-02T15:33:06Z</time>
   </trkpt>
   <trkpt lat="45.7475350" lon="4.7397410">
    <ele>266.7</ele>
    <time>2026-06-02T15:33:07Z</time>
   </trkpt>
   <trkpt lat="45.7475410" lon="4.7397190">
    <ele>266.7</ele>
    <time>2026-06-02T15:33:08Z</time>
   </trkpt>
   <trkpt lat="45.7475430" lon="4.7396620">
    <ele>266.9</ele>
    <time>2026-06-02T15:33:09Z</time>
   </trkpt>
   <trkpt lat="45.7475470" lon="4.7396180">
    <ele>267.0</ele>
    <time>2026-06-02T15:33:10Z</time>
   </trkpt>
   <trkpt lat="45.7475510" lon="4.7395680">
    <ele>267.1</ele>
    <time>2026-06-02T15:33:11Z</time>
   </trkpt>
   <trkpt lat="45.7475460" lon="4.7395440">
    <ele>267.1</ele>
    <time>2026-06-02T15:33:12Z</time>
   </trkpt>
   <trkpt lat="45.7475390" lon="4.7395060">
    <ele>267.2</ele>
    <time>2026-06-02T15:33:13Z</time>
   </trkpt>
   <trkpt lat="45.7475430" lon="4.7394680">
    <ele>267.3</ele>
    <time>2026-06-02T15:33:14Z</time>
   </trkpt>
   <trkpt lat="45.7475330" lon="4.7394260">
    <ele>267.4</ele>
    <time>2026-06-02T15:33:15Z</time>
   </trkpt>
   <trkpt lat="45.7475140" lon="4.7393810">
    <ele>267.4</ele>
    <time>2026-06-02T15:33:16Z</time>
   </trkpt>
   <trkpt lat="45.7475090" lon="4.7393660">
    <ele>267.5</ele>
    <time>2026-06-02T15:33:17Z</time>
   </trkpt>
   <trkpt lat="45.7474850" lon="4.7393190">
    <ele>267.6</ele>
    <time>2026-06-02T15:33:18Z</time>
   </trkpt>
   <trkpt lat="45.7474730" lon="4.7393050">
    <ele>267.7</ele>
    <time>2026-06-02T15:33:19Z</time>
   </trkpt>
   <trkpt lat="45.7474450" lon="4.7392800">
    <ele>267.8</ele>
    <time>2026-06-02T15:33:20Z</time>
   </trkpt>
   <trkpt lat="45.7474370" lon="4.7392740">
    <ele>267.8</ele>
    <time>2026-06-02T15:33:21Z</time>
   </trkpt>
   <trkpt lat="45.7474180" lon="4.7392390">
    <ele>267.9</ele>
    <time>2026-06-02T15:33:22Z</time>
   </trkpt>
   <trkpt lat="45.7474150" lon="4.7392230">
    <ele>267.9</ele>
    <time>2026-06-02T15:33:23Z</time>
   </trkpt>
   <trkpt lat="45.7473990" lon="4.7391860">
    <ele>268.0</ele>
    <time>2026-06-02T15:33:24Z</time>
   </trkpt>
   <trkpt lat="45.7473860" lon="4.7391840">
    <ele>268.1</ele>
    <time>2026-06-02T15:33:25Z</time>
   </trkpt>
   <trkpt lat="45.7473580" lon="4.7391860">
    <ele>268.2</ele>
    <time>2026-06-02T15:33:26Z</time>
   </trkpt>
   <trkpt lat="45.7473300" lon="4.7391710">
    <ele>268.2</ele>
    <time>2026-06-02T15:33:27Z</time>
   </trkpt>
   <trkpt lat="45.7473050" lon="4.7391490">
    <ele>268.3</ele>
    <time>2026-06-02T15:33:28Z</time>
   </trkpt>
   <trkpt lat="45.7472980" lon="4.7391060">
    <ele>268.5</ele>
    <time>2026-06-02T15:33:29Z</time>
   </trkpt>
   <trkpt lat="45.7472930" lon="4.7390590">
    <ele>268.6</ele>
    <time>2026-06-02T15:33:30Z</time>
   </trkpt>
   <trkpt lat="45.7472980" lon="4.7390050">
    <ele>268.7</ele>
    <time>2026-06-02T15:33:31Z</time>
   </trkpt>
   <trkpt lat="45.7473020" lon="4.7389850">
    <ele>268.8</ele>
    <time>2026-06-02T15:33:32Z</time>
   </trkpt>
   <trkpt lat="45.7473110" lon="4.7389350">
    <ele>268.9</ele>
    <time>2026-06-02T15:33:33Z</time>
   </trkpt>
   <trkpt lat="45.7473070" lon="4.7388850">
    <ele>269.0</ele>
    <time>2026-06-02T15:33:34Z</time>
   </trkpt>
   <trkpt lat="45.7473070" lon="4.7388670">
    <ele>269.1</ele>
    <time>2026-06-02T15:33:35Z</time>
   </trkpt>
   <trkpt lat="45.7473100" lon="4.7388110">
    <ele>269.2</ele>
    <time>2026-06-02T15:33:36Z</time>
   </trkpt>
   <trkpt lat="45.7473080" lon="4.7387920">
    <ele>269.3</ele>
    <time>2026-06-02T15:33:37Z</time>
   </trkpt>
   <trkpt lat="45.7473090" lon="4.7387490">
    <ele>269.4</ele>
    <time>2026-06-02T15:33:38Z</time>
   </trkpt>
   <trkpt lat="45.7473150" lon="4.7386950">
    <ele>269.5</ele>
    <time>2026-06-02T15:33:39Z</time>
   </trkpt>
   <trkpt lat="45.7473140" lon="4.7386780">
    <ele>269.6</ele>
    <time>2026-06-02T15:33:40Z</time>
   </trkpt>
   <trkpt lat="45.7473130" lon="4.7386340">
    <ele>269.7</ele>
    <time>2026-06-02T15:33:41Z</time>
   </trkpt>
   <trkpt lat="45.7473150" lon="4.7385820">
    <ele>269.8</ele>
    <time>2026-06-02T15:33:42Z</time>
   </trkpt>
   <trkpt lat="45.7473140" lon="4.7385650">
    <ele>269.9</ele>
    <time>2026-06-02T15:33:43Z</time>
   </trkpt>
   <trkpt lat="45.7473170" lon="4.7385290">
    <ele>270.0</ele>
    <time>2026-06-02T15:33:44Z</time>
   </trkpt>
   <trkpt lat="45.7473220" lon="4.7385100">
    <ele>270.0</ele>
    <time>2026-06-02T15:33:45Z</time>
   </trkpt>
   <trkpt lat="45.7473240" lon="4.7384710">
    <ele>270.1</ele>
    <time>2026-06-02T15:33:46Z</time>
   </trkpt>
   <trkpt lat="45.7473230" lon="4.7384160">
    <ele>270.3</ele>
    <time>2026-06-02T15:33:47Z</time>
   </trkpt>
   <trkpt lat="45.7473230" lon="4.7383960">
    <ele>270.3</ele>
    <time>2026-06-02T15:33:48Z</time>
   </trkpt>
   <trkpt lat="45.7473170" lon="4.7383540">
    <ele>270.4</ele>
    <time>2026-06-02T15:33:49Z</time>
   </trkpt>
   <trkpt lat="45.7473220" lon="4.7383040">
    <ele>270.6</ele>
    <time>2026-06-02T15:33:50Z</time>
   </trkpt>
   <trkpt lat="45.7473190" lon="4.7382810">
    <ele>270.6</ele>
    <time>2026-06-02T15:33:51Z</time>
   </trkpt>
   <trkpt lat="45.7473100" lon="4.7382400">
    <ele>270.7</ele>
    <time>2026-06-02T15:33:52Z</time>
   </trkpt>
   <trkpt lat="45.7473160" lon="4.7381930">
    <ele>270.8</ele>
    <time>2026-06-02T15:33:53Z</time>
   </trkpt>
   <trkpt lat="45.7473170" lon="4.7381760">
    <ele>270.8</ele>
    <time>2026-06-02T15:33:54Z</time>
   </trkpt>
   <trkpt lat="45.7473110" lon="4.7381350">
    <ele>270.8</ele>
    <time>2026-06-02T15:33:55Z</time>
   </trkpt>
   <trkpt lat="45.7473110" lon="4.7380830">
    <ele>270.9</ele>
    <time>2026-06-02T15:33:56Z</time>
   </trkpt>
   <trkpt lat="45.7473090" lon="4.7380630">
    <ele>270.9</ele>
    <time>2026-06-02T15:33:57Z</time>
   </trkpt>
   <trkpt lat="45.7473070" lon="4.7380110">
    <ele>271.0</ele>
    <time>2026-06-02T15:33:58Z</time>
   </trkpt>
   <trkpt lat="45.7473120" lon="4.7379910">
    <ele>271.0</ele>
    <time>2026-06-02T15:33:59Z</time>
   </trkpt>
   <trkpt lat="45.7473070" lon="4.7379500">
    <ele>271.1</ele>
    <time>2026-06-02T15:34:00Z</time>
   </trkpt>
   <trkpt lat="45.7473140" lon="4.7379110">
    <ele>271.2</ele>
    <time>2026-06-02T15:34:01Z</time>
   </trkpt>
   <trkpt lat="45.7473260" lon="4.7378750">
    <ele>271.2</ele>
    <time>2026-06-02T15:34:02Z</time>
   </trkpt>
   <trkpt lat="45.7473220" lon="4.7378270">
    <ele>271.3</ele>
    <time>2026-06-02T15:34:03Z</time>
   </trkpt>
   <trkpt lat="45.7473260" lon="4.7378130">
    <ele>271.3</ele>
    <time>2026-06-02T15:34:04Z</time>
   </trkpt>
   <trkpt lat="45.7473220" lon="4.7377600">
    <ele>271.4</ele>
    <time>2026-06-02T15:34:05Z</time>
   </trkpt>
   <trkpt lat="45.7473220" lon="4.7377440">
    <ele>271.5</ele>
    <time>2026-06-02T15:34:06Z</time>
   </trkpt>
   <trkpt lat="45.7473210" lon="4.7377070">
    <ele>271.5</ele>
    <time>2026-06-02T15:34:07Z</time>
   </trkpt>
   <trkpt lat="45.7473250" lon="4.7376930">
    <ele>271.6</ele>
    <time>2026-06-02T15:34:08Z</time>
   </trkpt>
   <trkpt lat="45.7473180" lon="4.7375880">
    <ele>271.7</ele>
    <time>2026-06-02T15:34:09Z</time>
   </trkpt>
   <trkpt lat="45.7473100" lon="4.7375110">
    <ele>271.9</ele>
    <time>2026-06-02T15:34:10Z</time>
   </trkpt>
   <trkpt lat="45.7473010" lon="4.7374350">
    <ele>272.0</ele>
    <time>2026-06-02T15:34:16Z</time>
   </trkpt>
   <trkpt lat="45.7472920" lon="4.7373590">
    <ele>272.2</ele>
    <time>2026-06-02T15:34:17Z</time>
   </trkpt>
   <trkpt lat="45.7472950" lon="4.7373170">
    <ele>272.2</ele>
    <time>2026-06-02T15:34:18Z</time>
   </trkpt>
   <trkpt lat="45.7472960" lon="4.7372780">
    <ele>272.3</ele>
    <time>2026-06-02T15:34:19Z</time>
   </trkpt>
   <trkpt lat="45.7472980" lon="4.7372410">
    <ele>272.4</ele>
    <time>2026-06-02T15:34:20Z</time>
   </trkpt>
   <trkpt lat="45.7472950" lon="4.7372270">
    <ele>272.4</ele>
    <time>2026-06-02T15:34:21Z</time>
   </trkpt>
   <trkpt lat="45.7472930" lon="4.7372050">
    <ele>272.4</ele>
    <time>2026-06-02T15:34:22Z</time>
   </trkpt>
   <trkpt lat="45.7472970" lon="4.7371790">
    <ele>272.5</ele>
    <time>2026-06-02T15:34:23Z</time>
   </trkpt>
   <trkpt lat="45.7473020" lon="4.7371400">
    <ele>272.5</ele>
    <time>2026-06-02T15:34:24Z</time>
   </trkpt>
   <trkpt lat="45.7473030" lon="4.7371190">
    <ele>272.6</ele>
    <time>2026-06-02T15:34:25Z</time>
   </trkpt>
   <trkpt lat="45.7473070" lon="4.7370780">
    <ele>272.6</ele>
    <time>2026-06-02T15:34:26Z</time>
   </trkpt>
   <trkpt lat="45.7473080" lon="4.7370590">
    <ele>272.7</ele>
    <time>2026-06-02T15:34:27Z</time>
   </trkpt>
   <trkpt lat="45.7473120" lon="4.7370060">
    <ele>272.7</ele>
    <time>2026-06-02T15:34:28Z</time>
   </trkpt>
   <trkpt lat="45.7473140" lon="4.7369880">
    <ele>272.8</ele>
    <time>2026-06-02T15:34:29Z</time>
   </trkpt>
   <trkpt lat="45.7473090" lon="4.7369320">
    <ele>272.8</ele>
    <time>2026-06-02T15:34:30Z</time>
   </trkpt>
   <trkpt lat="45.7473060" lon="4.7369130">
    <ele>272.9</ele>
    <time>2026-06-02T15:34:31Z</time>
   </trkpt>
   <trkpt lat="45.7473060" lon="4.7368510">
    <ele>273.0</ele>
    <time>2026-06-02T15:34:32Z</time>
   </trkpt>
   <trkpt lat="45.7473050" lon="4.7368260">
    <ele>273.0</ele>
    <time>2026-06-02T15:34:33Z</time>
   </trkpt>
   <trkpt lat="45.7473120" lon="4.7367730">
    <ele>273.0</ele>
    <time>2026-06-02T15:34:34Z</time>
   </trkpt>
   <trkpt lat="45.7473060" lon="4.7367180">
    <ele>273.1</ele>
    <time>2026-06-02T15:34:35Z</time>
   </trkpt>
   <trkpt lat="45.7473000" lon="4.7366990">
    <ele>273.1</ele>
    <time>2026-06-02T15:34:36Z</time>
   </trkpt>
   <trkpt lat="45.7473020" lon="4.7366500">
    <ele>273.1</ele>
    <time>2026-06-02T15:34:37Z</time>
   </trkpt>
   <trkpt lat="45.7473140" lon="4.7366040">
    <ele>273.2</ele>
    <time>2026-06-02T15:34:38Z</time>
   </trkpt>
   <trkpt lat="45.7473130" lon="4.7365550">
    <ele>273.2</ele>
    <time>2026-06-02T15:34:39Z</time>
   </trkpt>
   <trkpt lat="45.7473220" lon="4.7365020">
    <ele>273.2</ele>
    <time>2026-06-02T15:34:40Z</time>
   </trkpt>
   <trkpt lat="45.7473140" lon="4.7364480">
    <ele>273.2</ele>
    <time>2026-06-02T15:34:41Z</time>
   </trkpt>
   <trkpt lat="45.7473100" lon="4.7364270">
    <ele>273.2</ele>
    <time>2026-06-02T15:34:42Z</time>
   </trkpt>
   <trkpt lat="45.7472980" lon="4.7363720">
    <ele>273.2</ele>
    <time>2026-06-02T15:34:43Z</time>
   </trkpt>
   <trkpt lat="45.7472860" lon="4.7363560">
    <ele>273.2</ele>
    <time>2026-06-02T15:34:44Z</time>
   </trkpt>
   <trkpt lat="45.7472540" lon="4.7363310">
    <ele>273.1</ele>
    <time>2026-06-02T15:34:45Z</time>
   </trkpt>
   <trkpt lat="45.7472270" lon="4.7363120">
    <ele>273.3</ele>
    <time>2026-06-02T15:34:46Z</time>
   </trkpt>
   <trkpt lat="45.7471940" lon="4.7362960">
    <ele>273.5</ele>
    <time>2026-06-02T15:34:47Z</time>
   </trkpt>
   <trkpt lat="45.7471830" lon="4.7362910">
    <ele>273.6</ele>
    <time>2026-06-02T15:34:48Z</time>
   </trkpt>
   <trkpt lat="45.7471530" lon="4.7362630">
    <ele>273.8</ele>
    <time>2026-06-02T15:34:49Z</time>
   </trkpt>
   <trkpt lat="45.7471430" lon="4.7362540">
    <ele>273.9</ele>
    <time>2026-06-02T15:34:50Z</time>
   </trkpt>
   <trkpt lat="45.7471160" lon="4.7362420">
    <ele>274.0</ele>
    <time>2026-06-02T15:34:51Z</time>
   </trkpt>
   <trkpt lat="45.7470750" lon="4.7362330">
    <ele>274.3</ele>
    <time>2026-06-02T15:34:52Z</time>
   </trkpt>
   <trkpt lat="45.7470590" lon="4.7362270">
    <ele>274.4</ele>
    <time>2026-06-02T15:34:53Z</time>
   </trkpt>
   <trkpt lat="45.7470270" lon="4.7362160">
    <ele>274.7</ele>
    <time>2026-06-02T15:34:54Z</time>
   </trkpt>
   <trkpt lat="45.7470180" lon="4.7362100">
    <ele>274.7</ele>
    <time>2026-06-02T15:34:55Z</time>
   </trkpt>
   <trkpt lat="45.7469820" lon="4.7362170">
    <ele>275.0</ele>
    <time>2026-06-02T15:34:56Z</time>
   </trkpt>
   <trkpt lat="45.7469660" lon="4.7362180">
    <ele>275.1</ele>
    <time>2026-06-02T15:34:57Z</time>
   </trkpt>
   <trkpt lat="45.7469390" lon="4.7362090">
    <ele>275.3</ele>
    <time>2026-06-02T15:34:58Z</time>
   </trkpt>
   <trkpt lat="45.7469060" lon="4.7361990">
    <ele>275.5</ele>
    <time>2026-06-02T15:34:59Z</time>
   </trkpt>
   <trkpt lat="45.7468910" lon="4.7361960">
    <ele>275.6</ele>
    <time>2026-06-02T15:35:00Z</time>
   </trkpt>
   <trkpt lat="45.7468630" lon="4.7361950">
    <ele>275.8</ele>
    <time>2026-06-02T15:35:01Z</time>
   </trkpt>
   <trkpt lat="45.7468380" lon="4.7361720">
    <ele>276.0</ele>
    <time>2026-06-02T15:35:02Z</time>
   </trkpt>
   <trkpt lat="45.7468290" lon="4.7361610">
    <ele>276.0</ele>
    <time>2026-06-02T15:35:03Z</time>
   </trkpt>
   <trkpt lat="45.7467690" lon="4.7361160">
    <ele>276.4</ele>
    <time>2026-06-02T15:35:04Z</time>
   </trkpt>
   <trkpt lat="45.7467250" lon="4.7360960">
    <ele>276.7</ele>
    <time>2026-06-02T15:35:05Z</time>
   </trkpt>
   <trkpt lat="45.7466820" lon="4.7360770">
    <ele>276.9</ele>
    <time>2026-06-02T15:35:10Z</time>
   </trkpt>
   <trkpt lat="45.7466380" lon="4.7360570">
    <ele>277.1</ele>
    <time>2026-06-02T15:35:11Z</time>
   </trkpt>
   <trkpt lat="45.7465940" lon="4.7360380">
    <ele>277.3</ele>
    <time>2026-06-02T15:35:12Z</time>
   </trkpt>
   <trkpt lat="45.7465630" lon="4.7360240">
    <ele>277.5</ele>
    <time>2026-06-02T15:35:13Z</time>
   </trkpt>
   <trkpt lat="45.7465330" lon="4.7360050">
    <ele>277.6</ele>
    <time>2026-06-02T15:35:14Z</time>
   </trkpt>
   <trkpt lat="45.7465270" lon="4.7360000">
    <ele>277.6</ele>
    <time>2026-06-02T15:35:15Z</time>
   </trkpt>
   <trkpt lat="45.7465000" lon="4.7359900">
    <ele>277.7</ele>
    <time>2026-06-02T15:35:16Z</time>
   </trkpt>
   <trkpt lat="45.7464700" lon="4.7359850">
    <ele>277.8</ele>
    <time>2026-06-02T15:35:17Z</time>
   </trkpt>
   <trkpt lat="45.7464570" lon="4.7359780">
    <ele>277.9</ele>
    <time>2026-06-02T15:35:18Z</time>
   </trkpt>
   <trkpt lat="45.7464290" lon="4.7359620">
    <ele>278.0</ele>
    <time>2026-06-02T15:35:19Z</time>
   </trkpt>
   <trkpt lat="45.7464180" lon="4.7359640">
    <ele>278.1</ele>
    <time>2026-06-02T15:35:20Z</time>
   </trkpt>
   <trkpt lat="45.7463840" lon="4.7359560">
    <ele>278.2</ele>
    <time>2026-06-02T15:35:21Z</time>
   </trkpt>
   <trkpt lat="45.7463560" lon="4.7359480">
    <ele>278.3</ele>
    <time>2026-06-02T15:35:22Z</time>
   </trkpt>
   <trkpt lat="45.7463430" lon="4.7359460">
    <ele>278.3</ele>
    <time>2026-06-02T15:35:23Z</time>
   </trkpt>
   <trkpt lat="45.7463110" lon="4.7359340">
    <ele>278.4</ele>
    <time>2026-06-02T15:35:24Z</time>
   </trkpt>
   <trkpt lat="45.7463000" lon="4.7359310">
    <ele>278.5</ele>
    <time>2026-06-02T15:35:25Z</time>
   </trkpt>
   <trkpt lat="45.7462660" lon="4.7359260">
    <ele>278.6</ele>
    <time>2026-06-02T15:35:26Z</time>
   </trkpt>
   <trkpt lat="45.7462360" lon="4.7359190">
    <ele>278.7</ele>
    <time>2026-06-02T15:35:27Z</time>
   </trkpt>
   <trkpt lat="45.7462230" lon="4.7359170">
    <ele>278.7</ele>
    <time>2026-06-02T15:35:28Z</time>
   </trkpt>
   <trkpt lat="45.7461940" lon="4.7359070">
    <ele>278.8</ele>
    <time>2026-06-02T15:35:29Z</time>
   </trkpt>
   <trkpt lat="45.7461850" lon="4.7359010">
    <ele>278.9</ele>
    <time>2026-06-02T15:35:30Z</time>
   </trkpt>
   <trkpt lat="45.7461560" lon="4.7358940">
    <ele>279.0</ele>
    <time>2026-06-02T15:35:31Z</time>
   </trkpt>
   <trkpt lat="45.7461340" lon="4.7358930">
    <ele>279.1</ele>
    <time>2026-06-02T15:35:32Z</time>
   </trkpt>
   <trkpt lat="45.7461170" lon="4.7358960">
    <ele>279.1</ele>
    <time>2026-06-02T15:35:33Z</time>
   </trkpt>
   <trkpt lat="45.7460990" lon="4.7359000">
    <ele>279.1</ele>
    <time>2026-06-02T15:35:34Z</time>
   </trkpt>
   <trkpt lat="45.7460730" lon="4.7358840">
    <ele>279.2</ele>
    <time>2026-06-02T15:35:35Z</time>
   </trkpt>
   <trkpt lat="45.7460620" lon="4.7358830">
    <ele>279.2</ele>
    <time>2026-06-02T15:35:36Z</time>
   </trkpt>
   <trkpt lat="45.7460300" lon="4.7358830">
    <ele>279.2</ele>
    <time>2026-06-02T15:35:37Z</time>
   </trkpt>
   <trkpt lat="45.7460170" lon="4.7358840">
    <ele>279.2</ele>
    <time>2026-06-02T15:35:38Z</time>
   </trkpt>
   <trkpt lat="45.7459840" lon="4.7358870">
    <ele>279.3</ele>
    <time>2026-06-02T15:35:39Z</time>
   </trkpt>
   <trkpt lat="45.7459550" lon="4.7358890">
    <ele>279.3</ele>
    <time>2026-06-02T15:35:40Z</time>
   </trkpt>
   <trkpt lat="45.7459180" lon="4.7358960">
    <ele>279.3</ele>
    <time>2026-06-02T15:35:41Z</time>
   </trkpt>
   <trkpt lat="45.7459030" lon="4.7359040">
    <ele>279.4</ele>
    <time>2026-06-02T15:35:42Z</time>
   </trkpt>
   <trkpt lat="45.7458640" lon="4.7359360">
    <ele>279.4</ele>
    <time>2026-06-02T15:35:43Z</time>
   </trkpt>
   <trkpt lat="45.7458380" lon="4.7359480">
    <ele>279.5</ele>
    <time>2026-06-02T15:35:44Z</time>
   </trkpt>
   <trkpt lat="45.7458000" lon="4.7359710">
    <ele>279.5</ele>
    <time>2026-06-02T15:35:45Z</time>
   </trkpt>
   <trkpt lat="45.7457860" lon="4.7359770">
    <ele>279.6</ele>
    <time>2026-06-02T15:35:46Z</time>
   </trkpt>
   <trkpt lat="45.7457500" lon="4.7359890">
    <ele>279.6</ele>
    <time>2026-06-02T15:35:47Z</time>
   </trkpt>
   <trkpt lat="45.7457240" lon="4.7360070">
    <ele>279.6</ele>
    <time>2026-06-02T15:35:48Z</time>
   </trkpt>
   <trkpt lat="45.7457140" lon="4.7360100">
    <ele>279.6</ele>
    <time>2026-06-02T15:35:49Z</time>
   </trkpt>
   <trkpt lat="45.7456840" lon="4.7359880">
    <ele>279.6</ele>
    <time>2026-06-02T15:35:50Z</time>
   </trkpt>
   <trkpt lat="45.7456530" lon="4.7359780">
    <ele>279.6</ele>
    <time>2026-06-02T15:35:51Z</time>
   </trkpt>
   <trkpt lat="45.7456170" lon="4.7359730">
    <ele>279.5</ele>
    <time>2026-06-02T15:35:52Z</time>
   </trkpt>
   <trkpt lat="45.7455880" lon="4.7360030">
    <ele>279.5</ele>
    <time>2026-06-02T15:35:53Z</time>
   </trkpt>
   <trkpt lat="45.7455770" lon="4.7360090">
    <ele>279.4</ele>
    <time>2026-06-02T15:35:54Z</time>
   </trkpt>
   <trkpt lat="45.7455440" lon="4.7360330">
    <ele>279.3</ele>
    <time>2026-06-02T15:35:55Z</time>
   </trkpt>
   <trkpt lat="45.7455330" lon="4.7360380">
    <ele>279.3</ele>
    <time>2026-06-02T15:35:56Z</time>
   </trkpt>
   <trkpt lat="45.7454990" lon="4.7360330">
    <ele>279.2</ele>
    <time>2026-06-02T15:35:57Z</time>
   </trkpt>
   <trkpt lat="45.7454860" lon="4.7360300">
    <ele>279.1</ele>
    <time>2026-06-02T15:35:58Z</time>
   </trkpt>
   <trkpt lat="45.7454560" lon="4.7360360">
    <ele>279.0</ele>
    <time>2026-06-02T15:35:59Z</time>
   </trkpt>
   <trkpt lat="45.7454270" lon="4.7360420">
    <ele>278.9</ele>
    <time>2026-06-02T15:36:00Z</time>
   </trkpt>
   <trkpt lat="45.7454000" lon="4.7360400">
    <ele>278.8</ele>
    <time>2026-06-02T15:36:01Z</time>
   </trkpt>
   <trkpt lat="45.7453730" lon="4.7360510">
    <ele>278.7</ele>
    <time>2026-06-02T15:36:02Z</time>
   </trkpt>
   <trkpt lat="45.7453450" lon="4.7360570">
    <ele>278.5</ele>
    <time>2026-06-02T15:36:03Z</time>
   </trkpt>
   <trkpt lat="45.7453100" lon="4.7360630">
    <ele>278.3</ele>
    <time>2026-06-02T15:36:04Z</time>
   </trkpt>
   <trkpt lat="45.7453010" lon="4.7360640">
    <ele>278.2</ele>
    <time>2026-06-02T15:36:05Z</time>
   </trkpt>
   <trkpt lat="45.7452690" lon="4.7360710">
    <ele>278.0</ele>
    <time>2026-06-02T15:36:06Z</time>
   </trkpt>
   <trkpt lat="45.7452430" lon="4.7360840">
    <ele>277.8</ele>
    <time>2026-06-02T15:36:07Z</time>
   </trkpt>
   <trkpt lat="45.7452090" lon="4.7360770">
    <ele>277.6</ele>
    <time>2026-06-02T15:36:08Z</time>
   </trkpt>
   <trkpt lat="45.7451940" lon="4.7360720">
    <ele>277.5</ele>
    <time>2026-06-02T15:36:09Z</time>
   </trkpt>
   <trkpt lat="45.7451600" lon="4.7360860">
    <ele>277.3</ele>
    <time>2026-06-02T15:36:10Z</time>
   </trkpt>
   <trkpt lat="45.7451220" lon="4.7360950">
    <ele>277.0</ele>
    <time>2026-06-02T15:36:11Z</time>
   </trkpt>
   <trkpt lat="45.7451090" lon="4.7360990">
    <ele>276.9</ele>
    <time>2026-06-02T15:36:12Z</time>
   </trkpt>
   <trkpt lat="45.7450740" lon="4.7361160">
    <ele>276.6</ele>
    <time>2026-06-02T15:36:13Z</time>
   </trkpt>
   <trkpt lat="45.7450610" lon="4.7361260">
    <ele>276.5</ele>
    <time>2026-06-02T15:36:14Z</time>
   </trkpt>
   <trkpt lat="45.7450290" lon="4.7361210">
    <ele>276.2</ele>
    <time>2026-06-02T15:36:15Z</time>
   </trkpt>
   <trkpt lat="45.7450010" lon="4.7361110">
    <ele>276.0</ele>
    <time>2026-06-02T15:36:16Z</time>
   </trkpt>
   <trkpt lat="45.7449700" lon="4.7361020">
    <ele>275.7</ele>
    <time>2026-06-02T15:36:17Z</time>
   </trkpt>
   <trkpt lat="45.7449400" lon="4.7361030">
    <ele>275.5</ele>
    <time>2026-06-02T15:36:18Z</time>
   </trkpt>
   <trkpt lat="45.7449130" lon="4.7360870">
    <ele>275.2</ele>
    <time>2026-06-02T15:36:19Z</time>
   </trkpt>
   <trkpt lat="45.7448840" lon="4.7360890">
    <ele>275.0</ele>
    <time>2026-06-02T15:36:20Z</time>
   </trkpt>
   <trkpt lat="45.7448560" lon="4.7360600">
    <ele>274.6</ele>
    <time>2026-06-02T15:36:21Z</time>
   </trkpt>
   <trkpt lat="45.7448330" lon="4.7360240">
    <ele>274.3</ele>
    <time>2026-06-02T15:36:22Z</time>
   </trkpt>
   <trkpt lat="45.7448260" lon="4.7360110">
    <ele>274.2</ele>
    <time>2026-06-02T15:36:23Z</time>
   </trkpt>
   <trkpt lat="45.7447890" lon="4.7360100">
    <ele>273.8</ele>
    <time>2026-06-02T15:36:24Z</time>
   </trkpt>
   <trkpt lat="45.7447740" lon="4.7360050">
    <ele>273.6</ele>
    <time>2026-06-02T15:36:25Z</time>
   </trkpt>
   <trkpt lat="45.7447480" lon="4.7359820">
    <ele>273.3</ele>
    <time>2026-06-02T15:36:26Z</time>
   </trkpt>
   <trkpt lat="45.7447180" lon="4.7359640">
    <ele>273.0</ele>
    <time>2026-06-02T15:36:27Z</time>
   </trkpt>
   <trkpt lat="45.7447070" lon="4.7359600">
    <ele>272.9</ele>
    <time>2026-06-02T15:36:28Z</time>
   </trkpt>
   <trkpt lat="45.7446690" lon="4.7359660">
    <ele>272.5</ele>
    <time>2026-06-02T15:36:29Z</time>
   </trkpt>
   <trkpt lat="45.7446560" lon="4.7359670">
    <ele>272.3</ele>
    <time>2026-06-02T15:36:30Z</time>
   </trkpt>
   <trkpt lat="45.7446220" lon="4.7359830">
    <ele>271.9</ele>
    <time>2026-06-02T15:36:31Z</time>
   </trkpt>
   <trkpt lat="45.7445890" lon="4.7359880">
    <ele>271.6</ele>
    <time>2026-06-02T15:36:32Z</time>
   </trkpt>
   <trkpt lat="45.7445590" lon="4.7360030">
    <ele>271.3</ele>
    <time>2026-06-02T15:36:33Z</time>
   </trkpt>
   <trkpt lat="45.7445290" lon="4.7360290">
    <ele>270.9</ele>
    <time>2026-06-02T15:36:34Z</time>
   </trkpt>
   <trkpt lat="45.7445220" lon="4.7360460">
    <ele>270.8</ele>
    <time>2026-06-02T15:36:35Z</time>
   </trkpt>
   <trkpt lat="45.7445010" lon="4.7360720">
    <ele>270.5</ele>
    <time>2026-06-02T15:36:36Z</time>
   </trkpt>
   <trkpt lat="45.7444860" lon="4.7361120">
    <ele>270.2</ele>
    <time>2026-06-02T15:36:37Z</time>
   </trkpt>
   <trkpt lat="45.7444730" lon="4.7361560">
    <ele>270.0</ele>
    <time>2026-06-02T15:36:38Z</time>
   </trkpt>
   <trkpt lat="45.7444610" lon="4.7361940">
    <ele>269.7</ele>
    <time>2026-06-02T15:36:39Z</time>
   </trkpt>
   <trkpt lat="45.7444430" lon="4.7362420">
    <ele>269.5</ele>
    <time>2026-06-02T15:36:40Z</time>
   </trkpt>
   <trkpt lat="45.7444360" lon="4.7362610">
    <ele>269.4</ele>
    <time>2026-06-02T15:36:41Z</time>
   </trkpt>
   <trkpt lat="45.7444150" lon="4.7362880">
    <ele>269.2</ele>
    <time>2026-06-02T15:36:42Z</time>
   </trkpt>
   <trkpt lat="45.7443830" lon="4.7363010">
    <ele>269.1</ele>
    <time>2026-06-02T15:36:43Z</time>
   </trkpt>
   <trkpt lat="45.7443700" lon="4.7363360">
    <ele>268.9</ele>
    <time>2026-06-02T15:36:44Z</time>
   </trkpt>
   <trkpt lat="45.7443540" lon="4.7363750">
    <ele>268.8</ele>
    <time>2026-06-02T15:36:45Z</time>
   </trkpt>
   <trkpt lat="45.7443230" lon="4.7364090">
    <ele>268.7</ele>
    <time>2026-06-02T15:36:46Z</time>
   </trkpt>
   <trkpt lat="45.7443150" lon="4.7364250">
    <ele>268.6</ele>
    <time>2026-06-02T15:36:47Z</time>
   </trkpt>
   <trkpt lat="45.7442830" lon="4.7364450">
    <ele>268.5</ele>
    <time>2026-06-02T15:36:48Z</time>
   </trkpt>
   <trkpt lat="45.7442700" lon="4.7364480">
    <ele>268.3</ele>
    <time>2026-06-02T15:36:49Z</time>
   </trkpt>
   <trkpt lat="45.7442440" lon="4.7364640">
    <ele>268.0</ele>
    <time>2026-06-02T15:36:50Z</time>
   </trkpt>
   <trkpt lat="45.7442130" lon="4.7364820">
    <ele>267.7</ele>
    <time>2026-06-02T15:36:51Z</time>
   </trkpt>
   <trkpt lat="45.7441870" lon="4.7364940">
    <ele>267.3</ele>
    <time>2026-06-02T15:36:52Z</time>
   </trkpt>
   <trkpt lat="45.7441590" lon="4.7364990">
    <ele>267.0</ele>
    <time>2026-06-02T15:36:53Z</time>
   </trkpt>
   <trkpt lat="45.7441260" lon="4.7365240">
    <ele>266.6</ele>
    <time>2026-06-02T15:36:54Z</time>
   </trkpt>
   <trkpt lat="45.7440970" lon="4.7365310">
    <ele>266.2</ele>
    <time>2026-06-02T15:36:55Z</time>
   </trkpt>
   <trkpt lat="45.7440670" lon="4.7365460">
    <ele>265.8</ele>
    <time>2026-06-02T15:36:56Z</time>
   </trkpt>
   <trkpt lat="45.7440390" lon="4.7365620">
    <ele>265.4</ele>
    <time>2026-06-02T15:36:57Z</time>
   </trkpt>
   <trkpt lat="45.7440120" lon="4.7365760">
    <ele>265.0</ele>
    <time>2026-06-02T15:36:58Z</time>
   </trkpt>
   <trkpt lat="45.7439790" lon="4.7365850">
    <ele>264.5</ele>
    <time>2026-06-02T15:36:59Z</time>
   </trkpt>
   <trkpt lat="45.7439430" lon="4.7366060">
    <ele>263.9</ele>
    <time>2026-06-02T15:37:00Z</time>
   </trkpt>
   <trkpt lat="45.7439080" lon="4.7366290">
    <ele>263.4</ele>
    <time>2026-06-02T15:37:01Z</time>
   </trkpt>
   <trkpt lat="45.7438950" lon="4.7366420">
    <ele>263.2</ele>
    <time>2026-06-02T15:37:02Z</time>
   </trkpt>
   <trkpt lat="45.7438680" lon="4.7366530">
    <ele>262.8</ele>
    <time>2026-06-02T15:37:03Z</time>
   </trkpt>
   <trkpt lat="45.7438410" lon="4.7366630">
    <ele>262.4</ele>
    <time>2026-06-02T15:37:04Z</time>
   </trkpt>
   <trkpt lat="45.7438070" lon="4.7366810">
    <ele>261.9</ele>
    <time>2026-06-02T15:37:05Z</time>
   </trkpt>
   <trkpt lat="45.7437800" lon="4.7366930">
    <ele>261.5</ele>
    <time>2026-06-02T15:37:06Z</time>
   </trkpt>
   <trkpt lat="45.7437430" lon="4.7367020">
    <ele>261.0</ele>
    <time>2026-06-02T15:37:07Z</time>
   </trkpt>
   <trkpt lat="45.7437290" lon="4.7367050">
    <ele>260.8</ele>
    <time>2026-06-02T15:37:08Z</time>
   </trkpt>
   <trkpt lat="45.7436950" lon="4.7367200">
    <ele>260.3</ele>
    <time>2026-06-02T15:37:09Z</time>
   </trkpt>
   <trkpt lat="45.7436820" lon="4.7367250">
    <ele>260.1</ele>
    <time>2026-06-02T15:37:10Z</time>
   </trkpt>
   <trkpt lat="45.7436450" lon="4.7367420">
    <ele>259.6</ele>
    <time>2026-06-02T15:37:11Z</time>
   </trkpt>
   <trkpt lat="45.7436310" lon="4.7367490">
    <ele>259.4</ele>
    <time>2026-06-02T15:37:12Z</time>
   </trkpt>
   <trkpt lat="45.7436010" lon="4.7367560">
    <ele>259.0</ele>
    <time>2026-06-02T15:37:13Z</time>
   </trkpt>
   <trkpt lat="45.7435750" lon="4.7367730">
    <ele>258.6</ele>
    <time>2026-06-02T15:37:14Z</time>
   </trkpt>
   <trkpt lat="45.7435500" lon="4.7367880">
    <ele>258.2</ele>
    <time>2026-06-02T15:37:15Z</time>
   </trkpt>
   <trkpt lat="45.7435150" lon="4.7368120">
    <ele>257.7</ele>
    <time>2026-06-02T15:37:16Z</time>
   </trkpt>
   <trkpt lat="45.7435020" lon="4.7368190">
    <ele>257.5</ele>
    <time>2026-06-02T15:37:17Z</time>
   </trkpt>
   <trkpt lat="45.7434700" lon="4.7368490">
    <ele>257.0</ele>
    <time>2026-06-02T15:37:18Z</time>
   </trkpt>
   <trkpt lat="45.7434610" lon="4.7368650">
    <ele>256.8</ele>
    <time>2026-06-02T15:37:19Z</time>
   </trkpt>
   <trkpt lat="45.7434220" lon="4.7368910">
    <ele>256.2</ele>
    <time>2026-06-02T15:37:20Z</time>
   </trkpt>
   <trkpt lat="45.7434040" lon="4.7368960">
    <ele>256.0</ele>
    <time>2026-06-02T15:37:21Z</time>
   </trkpt>
   <trkpt lat="45.7433700" lon="4.7369260">
    <ele>255.4</ele>
    <time>2026-06-02T15:37:22Z</time>
   </trkpt>
   <trkpt lat="45.7433540" lon="4.7369320">
    <ele>255.2</ele>
    <time>2026-06-02T15:37:23Z</time>
   </trkpt>
   <trkpt lat="45.7433170" lon="4.7369370">
    <ele>254.7</ele>
    <time>2026-06-02T15:37:24Z</time>
   </trkpt>
   <trkpt lat="45.7432880" lon="4.7369460">
    <ele>254.3</ele>
    <time>2026-06-02T15:37:25Z</time>
   </trkpt>
   <trkpt lat="45.7432590" lon="4.7369690">
    <ele>253.8</ele>
    <time>2026-06-02T15:37:26Z</time>
   </trkpt>
   <trkpt lat="45.7432260" lon="4.7369920">
    <ele>253.3</ele>
    <time>2026-06-02T15:37:27Z</time>
   </trkpt>
   <trkpt lat="45.7431940" lon="4.7370230">
    <ele>252.8</ele>
    <time>2026-06-02T15:37:28Z</time>
   </trkpt>
   <trkpt lat="45.7431800" lon="4.7370300">
    <ele>252.6</ele>
    <time>2026-06-02T15:37:29Z</time>
   </trkpt>
   <trkpt lat="45.7431400" lon="4.7370320">
    <ele>252.1</ele>
    <time>2026-06-02T15:37:30Z</time>
   </trkpt>
   <trkpt lat="45.7431130" lon="4.7370500">
    <ele>251.7</ele>
    <time>2026-06-02T15:37:31Z</time>
   </trkpt>
   <trkpt lat="45.7430830" lon="4.7370710">
    <ele>251.3</ele>
    <time>2026-06-02T15:37:32Z</time>
   </trkpt>
   <trkpt lat="45.7430540" lon="4.7370960">
    <ele>250.8</ele>
    <time>2026-06-02T15:37:33Z</time>
   </trkpt>
   <trkpt lat="45.7430270" lon="4.7371210">
    <ele>250.4</ele>
    <time>2026-06-02T15:37:34Z</time>
   </trkpt>
   <trkpt lat="45.7429900" lon="4.7371350">
    <ele>249.9</ele>
    <time>2026-06-02T15:37:35Z</time>
   </trkpt>
   <trkpt lat="45.7429590" lon="4.7371520">
    <ele>249.5</ele>
    <time>2026-06-02T15:37:36Z</time>
   </trkpt>
   <trkpt lat="45.7429390" lon="4.7371770">
    <ele>249.1</ele>
    <time>2026-06-02T15:37:37Z</time>
   </trkpt>
   <trkpt lat="45.7429080" lon="4.7372000">
    <ele>248.7</ele>
    <time>2026-06-02T15:37:38Z</time>
   </trkpt>
   <trkpt lat="45.7428740" lon="4.7372290">
    <ele>248.2</ele>
    <time>2026-06-02T15:37:39Z</time>
   </trkpt>
   <trkpt lat="45.7428420" lon="4.7372540">
    <ele>247.7</ele>
    <time>2026-06-02T15:37:40Z</time>
   </trkpt>
   <trkpt lat="45.7428100" lon="4.7372800">
    <ele>247.3</ele>
    <time>2026-06-02T15:37:41Z</time>
   </trkpt>
   <trkpt lat="45.7427870" lon="4.7373300">
    <ele>246.7</ele>
    <time>2026-06-02T15:37:42Z</time>
   </trkpt>
   <trkpt lat="45.7427800" lon="4.7373500">
    <ele>246.5</ele>
    <time>2026-06-02T15:37:43Z</time>
   </trkpt>
   <trkpt lat="45.7427500" lon="4.7373630">
    <ele>246.1</ele>
    <time>2026-06-02T15:37:44Z</time>
   </trkpt>
   <trkpt lat="45.7427170" lon="4.7373850">
    <ele>245.7</ele>
    <time>2026-06-02T15:37:45Z</time>
   </trkpt>
   <trkpt lat="45.7426830" lon="4.7373950">
    <ele>245.2</ele>
    <time>2026-06-02T15:37:46Z</time>
   </trkpt>
   <trkpt lat="45.7426540" lon="4.7373990">
    <ele>244.9</ele>
    <time>2026-06-02T15:37:47Z</time>
   </trkpt>
   <trkpt lat="45.7426220" lon="4.7374100">
    <ele>244.5</ele>
    <time>2026-06-02T15:37:48Z</time>
   </trkpt>
   <trkpt lat="45.7425980" lon="4.7374420">
    <ele>244.1</ele>
    <time>2026-06-02T15:37:49Z</time>
   </trkpt>
   <trkpt lat="45.7425600" lon="4.7374620">
    <ele>243.6</ele>
    <time>2026-06-02T15:37:50Z</time>
   </trkpt>
   <trkpt lat="45.7425250" lon="4.7374600">
    <ele>243.2</ele>
    <time>2026-06-02T15:37:51Z</time>
   </trkpt>
   <trkpt lat="45.7424860" lon="4.7374740">
    <ele>242.7</ele>
    <time>2026-06-02T15:37:52Z</time>
   </trkpt>
   <trkpt lat="45.7424720" lon="4.7374810">
    <ele>242.5</ele>
    <time>2026-06-02T15:37:53Z</time>
   </trkpt>
   <trkpt lat="45.7424400" lon="4.7374900">
    <ele>242.1</ele>
    <time>2026-06-02T15:37:54Z</time>
   </trkpt>
   <trkpt lat="45.7424060" lon="4.7374910">
    <ele>241.6</ele>
    <time>2026-06-02T15:37:55Z</time>
   </trkpt>
   <trkpt lat="45.7423680" lon="4.7375140">
    <ele>241.1</ele>
    <time>2026-06-02T15:37:56Z</time>
   </trkpt>
   <trkpt lat="45.7423360" lon="4.7375220">
    <ele>240.7</ele>
    <time>2026-06-02T15:37:57Z</time>
   </trkpt>
   <trkpt lat="45.7423040" lon="4.7375340">
    <ele>240.2</ele>
    <time>2026-06-02T15:37:58Z</time>
   </trkpt>
   <trkpt lat="45.7422750" lon="4.7375370">
    <ele>239.8</ele>
    <time>2026-06-02T15:37:59Z</time>
   </trkpt>
   <trkpt lat="45.7422460" lon="4.7375390">
    <ele>239.4</ele>
    <time>2026-06-02T15:38:00Z</time>
   </trkpt>
   <trkpt lat="45.7422170" lon="4.7375230">
    <ele>239.0</ele>
    <time>2026-06-02T15:38:01Z</time>
   </trkpt>
   <trkpt lat="45.7421840" lon="4.7375090">
    <ele>238.5</ele>
    <time>2026-06-02T15:38:02Z</time>
   </trkpt>
   <trkpt lat="45.7421470" lon="4.7375000">
    <ele>238.0</ele>
    <time>2026-06-02T15:38:03Z</time>
   </trkpt>
   <trkpt lat="45.7421240" lon="4.7374790">
    <ele>237.6</ele>
    <time>2026-06-02T15:38:04Z</time>
   </trkpt>
   <trkpt lat="45.7421030" lon="4.7374380">
    <ele>237.2</ele>
    <time>2026-06-02T15:38:05Z</time>
   </trkpt>
   <trkpt lat="45.7420810" lon="4.7374060">
    <ele>236.8</ele>
    <time>2026-06-02T15:38:06Z</time>
   </trkpt>
   <trkpt lat="45.7420620" lon="4.7373500">
    <ele>236.2</ele>
    <time>2026-06-02T15:38:07Z</time>
   </trkpt>
   <trkpt lat="45.7420550" lon="4.7373270">
    <ele>236.0</ele>
    <time>2026-06-02T15:38:08Z</time>
   </trkpt>
   <trkpt lat="45.7420410" lon="4.7372890">
    <ele>235.6</ele>
    <time>2026-06-02T15:38:09Z</time>
   </trkpt>
   <trkpt lat="45.7420160" lon="4.7372410">
    <ele>235.0</ele>
    <time>2026-06-02T15:38:10Z</time>
   </trkpt>
   <trkpt lat="45.7420050" lon="4.7372240">
    <ele>234.8</ele>
    <time>2026-06-02T15:38:11Z</time>
   </trkpt>
   <trkpt lat="45.7419820" lon="4.7371970">
    <ele>234.4</ele>
    <time>2026-06-02T15:38:12Z</time>
   </trkpt>
   <trkpt lat="45.7419690" lon="4.7371410">
    <ele>233.9</ele>
    <time>2026-06-02T15:38:13Z</time>
   </trkpt>
   <trkpt lat="45.7419700" lon="4.7370930">
    <ele>233.4</ele>
    <time>2026-06-02T15:38:14Z</time>
   </trkpt>
   <trkpt lat="45.7419720" lon="4.7370350">
    <ele>232.9</ele>
    <time>2026-06-02T15:38:15Z</time>
   </trkpt>
   <trkpt lat="45.7419740" lon="4.7370140">
    <ele>232.7</ele>
    <time>2026-06-02T15:38:16Z</time>
   </trkpt>
   <trkpt lat="45.7419710" lon="4.7369730">
    <ele>232.3</ele>
    <time>2026-06-02T15:38:17Z</time>
   </trkpt>
   <trkpt lat="45.7419740" lon="4.7369300">
    <ele>231.9</ele>
    <time>2026-06-02T15:38:18Z</time>
   </trkpt>
   <trkpt lat="45.7419810" lon="4.7368860">
    <ele>231.4</ele>
    <time>2026-06-02T15:38:19Z</time>
   </trkpt>
   <trkpt lat="45.7419690" lon="4.7368300">
    <ele>230.8</ele>
    <time>2026-06-02T15:38:20Z</time>
   </trkpt>
   <trkpt lat="45.7419630" lon="4.7368080">
    <ele>230.6</ele>
    <time>2026-06-02T15:38:21Z</time>
   </trkpt>
   <trkpt lat="45.7419360" lon="4.7367690">
    <ele>230.1</ele>
    <time>2026-06-02T15:38:22Z</time>
   </trkpt>
   <trkpt lat="45.7419060" lon="4.7367380">
    <ele>229.5</ele>
    <time>2026-06-02T15:38:23Z</time>
   </trkpt>
   <trkpt lat="45.7418610" lon="4.7367430">
    <ele>228.9</ele>
    <time>2026-06-02T15:38:24Z</time>
   </trkpt>
   <trkpt lat="45.7418410" lon="4.7367480">
    <ele>228.6</ele>
    <time>2026-06-02T15:38:25Z</time>
   </trkpt>
   <trkpt lat="45.7418110" lon="4.7367750">
    <ele>228.4</ele>
    <time>2026-06-02T15:38:26Z</time>
   </trkpt>
   <trkpt lat="45.7418020" lon="4.7367850">
    <ele>228.3</ele>
    <time>2026-06-02T15:38:27Z</time>
   </trkpt>
   <trkpt lat="45.7417750" lon="4.7368120">
    <ele>228.1</ele>
    <time>2026-06-02T15:38:28Z</time>
   </trkpt>
   <trkpt lat="45.7417700" lon="4.7368240">
    <ele>228.0</ele>
    <time>2026-06-02T15:38:29Z</time>
   </trkpt>
   <trkpt lat="45.7417530" lon="4.7368770">
    <ele>227.7</ele>
    <time>2026-06-02T15:38:30Z</time>
   </trkpt>
   <trkpt lat="45.7417440" lon="4.7368970">
    <ele>227.6</ele>
    <time>2026-06-02T15:38:31Z</time>
   </trkpt>
   <trkpt lat="45.7417080" lon="4.7369250">
    <ele>227.3</ele>
    <time>2026-06-02T15:38:32Z</time>
   </trkpt>
   <trkpt lat="45.7416840" lon="4.7369480">
    <ele>227.0</ele>
    <time>2026-06-02T15:38:33Z</time>
   </trkpt>
   <trkpt lat="45.7416570" lon="4.7369820">
    <ele>226.8</ele>
    <time>2026-06-02T15:38:34Z</time>
   </trkpt>
   <trkpt lat="45.7416440" lon="4.7369920">
    <ele>226.6</ele>
    <time>2026-06-02T15:38:35Z</time>
   </trkpt>
   <trkpt lat="45.7416300" lon="4.7370370">
    <ele>226.4</ele>
    <time>2026-06-02T15:38:36Z</time>
   </trkpt>
   <trkpt lat="45.7415970" lon="4.7370600">
    <ele>226.2</ele>
    <time>2026-06-02T15:38:37Z</time>
   </trkpt>
   <trkpt lat="45.7415620" lon="4.7370950">
    <ele>225.9</ele>
    <time>2026-06-02T15:38:38Z</time>
   </trkpt>
   <trkpt lat="45.7415320" lon="4.7371140">
    <ele>225.8</ele>
    <time>2026-06-02T15:38:39Z</time>
   </trkpt>
   <trkpt lat="45.7415030" lon="4.7371510">
    <ele>225.5</ele>
    <time>2026-06-02T15:38:40Z</time>
   </trkpt>
   <trkpt lat="45.7414960" lon="4.7371660">
    <ele>225.5</ele>
    <time>2026-06-02T15:38:41Z</time>
   </trkpt>
   <trkpt lat="45.7414560" lon="4.7371880">
    <ele>225.3</ele>
    <time>2026-06-02T15:38:42Z</time>
   </trkpt>
   <trkpt lat="45.7414390" lon="4.7371940">
    <ele>225.2</ele>
    <time>2026-06-02T15:38:43Z</time>
   </trkpt>
   <trkpt lat="45.7414140" lon="4.7372230">
    <ele>225.1</ele>
    <time>2026-06-02T15:38:44Z</time>
   </trkpt>
   <trkpt lat="45.7413930" lon="4.7372560">
    <ele>225.0</ele>
    <time>2026-06-02T15:38:45Z</time>
   </trkpt>
   <trkpt lat="45.7413660" lon="4.7372790">
    <ele>224.8</ele>
    <time>2026-06-02T15:38:46Z</time>
   </trkpt>
   <trkpt lat="45.7413400" lon="4.7372960">
    <ele>224.7</ele>
    <time>2026-06-02T15:38:47Z</time>
   </trkpt>
   <trkpt lat="45.7413080" lon="4.7373210">
    <ele>224.6</ele>
    <time>2026-06-02T15:38:48Z</time>
   </trkpt>
   <trkpt lat="45.7412990" lon="4.7373320">
    <ele>224.5</ele>
    <time>2026-06-02T15:38:49Z</time>
   </trkpt>
   <trkpt lat="45.7412660" lon="4.7373510">
    <ele>224.4</ele>
    <time>2026-06-02T15:38:50Z</time>
   </trkpt>
   <trkpt lat="45.7412410" lon="4.7373760">
    <ele>224.3</ele>
    <time>2026-06-02T15:38:51Z</time>
   </trkpt>
   <trkpt lat="45.7412090" lon="4.7373920">
    <ele>224.3</ele>
    <time>2026-06-02T15:38:52Z</time>
   </trkpt>
   <trkpt lat="45.7412000" lon="4.7373990">
    <ele>224.2</ele>
    <time>2026-06-02T15:38:53Z</time>
   </trkpt>
   <trkpt lat="45.7411610" lon="4.7374070">
    <ele>224.2</ele>
    <time>2026-06-02T15:38:54Z</time>
   </trkpt>
   <trkpt lat="45.7411420" lon="4.7374040">
    <ele>224.2</ele>
    <time>2026-06-02T15:38:55Z</time>
   </trkpt>
   <trkpt lat="45.7411110" lon="4.7374040">
    <ele>224.1</ele>
    <time>2026-06-02T15:38:56Z</time>
   </trkpt>
   <trkpt lat="45.7410730" lon="4.7374120">
    <ele>224.1</ele>
    <time>2026-06-02T15:38:57Z</time>
   </trkpt>
   <trkpt lat="45.7410600" lon="4.7374110">
    <ele>224.1</ele>
    <time>2026-06-02T15:38:58Z</time>
   </trkpt>
   <trkpt lat="45.7410330" lon="4.7373960">
    <ele>224.1</ele>
    <time>2026-06-02T15:38:59Z</time>
   </trkpt>
   <trkpt lat="45.7410080" lon="4.7373760">
    <ele>224.1</ele>
    <time>2026-06-02T15:39:00Z</time>
   </trkpt>
   <trkpt lat="45.7409830" lon="4.7373330">
    <ele>224.0</ele>
    <time>2026-06-02T15:39:01Z</time>
   </trkpt>
   <trkpt lat="45.7409750" lon="4.7373170">
    <ele>224.0</ele>
    <time>2026-06-02T15:39:02Z</time>
   </trkpt>
   <trkpt lat="45.7409600" lon="4.7372760">
    <ele>224.0</ele>
    <time>2026-06-02T15:39:03Z</time>
   </trkpt>
   <trkpt lat="45.7409270" lon="4.7372500">
    <ele>224.0</ele>
    <time>2026-06-02T15:39:04Z</time>
   </trkpt>
   <trkpt lat="45.7409190" lon="4.7372380">
    <ele>224.0</ele>
    <time>2026-06-02T15:39:05Z</time>
   </trkpt>
   <trkpt lat="45.7409010" lon="4.7372000">
    <ele>224.0</ele>
    <time>2026-06-02T15:39:06Z</time>
   </trkpt>
   <trkpt lat="45.7408940" lon="4.7371890">
    <ele>224.0</ele>
    <time>2026-06-02T15:39:07Z</time>
   </trkpt>
   <trkpt lat="45.7408790" lon="4.7371350">
    <ele>224.7</ele>
    <time>2026-06-02T15:39:08Z</time>
   </trkpt>
   <trkpt lat="45.7408780" lon="4.7371120">
    <ele>224.9</ele>
    <time>2026-06-02T15:39:09Z</time>
   </trkpt>
   <trkpt lat="45.7408780" lon="4.7370630">
    <ele>225.2</ele>
    <time>2026-06-02T15:39:10Z</time>
   </trkpt>
   <trkpt lat="45.7408770" lon="4.7370500">
    <ele>225.3</ele>
    <time>2026-06-02T15:39:11Z</time>
   </trkpt>
   <trkpt lat="45.7408750" lon="4.7370240">
    <ele>225.5</ele>
    <time>2026-06-02T15:39:12Z</time>
   </trkpt>
   <trkpt lat="45.7408710" lon="4.7370040">
    <ele>225.6</ele>
    <time>2026-06-02T15:39:13Z</time>
   </trkpt>
   <trkpt lat="45.7408540" lon="4.7369720">
    <ele>225.9</ele>
    <time>2026-06-02T15:39:14Z</time>
   </trkpt>
   <trkpt lat="45.7408500" lon="4.7369550">
    <ele>226.0</ele>
    <time>2026-06-02T15:39:15Z</time>
   </trkpt>
   <trkpt lat="45.7408430" lon="4.7369050">
    <ele>226.3</ele>
    <time>2026-06-02T15:39:16Z</time>
   </trkpt>
   <trkpt lat="45.7408400" lon="4.7368920">
    <ele>226.4</ele>
    <time>2026-06-02T15:39:17Z</time>
   </trkpt>
   <trkpt lat="45.7408330" lon="4.7368470">
    <ele>226.7</ele>
    <time>2026-06-02T15:39:18Z</time>
   </trkpt>
   <trkpt lat="45.7408290" lon="4.7368310">
    <ele>226.9</ele>
    <time>2026-06-02T15:39:19Z</time>
   </trkpt>
   <trkpt lat="45.7408200" lon="4.7367880">
    <ele>227.2</ele>
    <time>2026-06-02T15:39:20Z</time>
   </trkpt>
   <trkpt lat="45.7408110" lon="4.7367340">
    <ele>227.6</ele>
    <time>2026-06-02T15:39:21Z</time>
   </trkpt>
   <trkpt lat="45.7408050" lon="4.7367170">
    <ele>227.7</ele>
    <time>2026-06-02T15:39:22Z</time>
   </trkpt>
   <trkpt lat="45.7407930" lon="4.7366750">
    <ele>228.1</ele>
    <time>2026-06-02T15:39:23Z</time>
   </trkpt>
   <trkpt lat="45.7407910" lon="4.7366580">
    <ele>228.2</ele>
    <time>2026-06-02T15:39:24Z</time>
   </trkpt>
   <trkpt lat="45.7407920" lon="4.7366300">
    <ele>228.3</ele>
    <time>2026-06-02T15:39:25Z</time>
   </trkpt>
   <trkpt lat="45.7407830" lon="4.7366070">
    <ele>228.5</ele>
    <time>2026-06-02T15:39:26Z</time>
   </trkpt>
   <trkpt lat="45.7407560" lon="4.7365850">
    <ele>228.8</ele>
    <time>2026-06-02T15:39:27Z</time>
   </trkpt>
   <trkpt lat="45.7407490" lon="4.7365720">
    <ele>228.9</ele>
    <time>2026-06-02T15:39:28Z</time>
   </trkpt>
   <trkpt lat="45.7407440" lon="4.7365300">
    <ele>229.1</ele>
    <time>2026-06-02T15:39:29Z</time>
   </trkpt>
   <trkpt lat="45.7407450" lon="4.7365100">
    <ele>229.2</ele>
    <time>2026-06-02T15:39:30Z</time>
   </trkpt>
   <trkpt lat="45.7407410" lon="4.7364680">
    <ele>229.4</ele>
    <time>2026-06-02T15:39:31Z</time>
   </trkpt>
   <trkpt lat="45.7407380" lon="4.7364250">
    <ele>229.7</ele>
    <time>2026-06-02T15:39:32Z</time>
   </trkpt>
   <trkpt lat="45.7407030" lon="4.7363970">
    <ele>230.0</ele>
    <time>2026-06-02T15:39:33Z</time>
   </trkpt>
   <trkpt lat="45.7406850" lon="4.7363970">
    <ele>230.1</ele>
    <time>2026-06-02T15:39:34Z</time>
   </trkpt>
   <trkpt lat="45.7406490" lon="4.7364250">
    <ele>230.6</ele>
    <time>2026-06-02T15:39:35Z</time>
   </trkpt>
   <trkpt lat="45.7406210" lon="4.7364440">
    <ele>230.9</ele>
    <time>2026-06-02T15:39:36Z</time>
   </trkpt>
   <trkpt lat="45.7405940" lon="4.7364620">
    <ele>231.3</ele>
    <time>2026-06-02T15:39:37Z</time>
   </trkpt>
   <trkpt lat="45.7405830" lon="4.7364680">
    <ele>231.4</ele>
    <time>2026-06-02T15:39:38Z</time>
   </trkpt>
   <trkpt lat="45.7405480" lon="4.7364850">
    <ele>231.9</ele>
    <time>2026-06-02T15:39:39Z</time>
   </trkpt>
   <trkpt lat="45.7405370" lon="4.7364880">
    <ele>232.1</ele>
    <time>2026-06-02T15:39:40Z</time>
   </trkpt>
   <trkpt lat="45.7405110" lon="4.7364980">
    <ele>232.5</ele>
    <time>2026-06-02T15:39:41Z</time>
   </trkpt>
   <trkpt lat="45.7405010" lon="4.7365060">
    <ele>232.7</ele>
    <time>2026-06-02T15:39:42Z</time>
   </trkpt>
   <trkpt lat="45.7404730" lon="4.7365100">
    <ele>233.1</ele>
    <time>2026-06-02T15:39:43Z</time>
   </trkpt>
   <trkpt lat="45.7404460" lon="4.7365000">
    <ele>233.5</ele>
    <time>2026-06-02T15:39:44Z</time>
   </trkpt>
   <trkpt lat="45.7404310" lon="4.7365010">
    <ele>233.8</ele>
    <time>2026-06-02T15:39:45Z</time>
   </trkpt>
   <trkpt lat="45.7404170" lon="4.7365180">
    <ele>234.0</ele>
    <time>2026-06-02T15:39:46Z</time>
   </trkpt>
   <trkpt lat="45.7403830" lon="4.7365200">
    <ele>234.6</ele>
    <time>2026-06-02T15:39:47Z</time>
   </trkpt>
   <trkpt lat="45.7403740" lon="4.7365190">
    <ele>234.7</ele>
    <time>2026-06-02T15:39:48Z</time>
   </trkpt>
   <trkpt lat="45.7403430" lon="4.7365310">
    <ele>235.2</ele>
    <time>2026-06-02T15:39:49Z</time>
   </trkpt>
   <trkpt lat="45.7403340" lon="4.7365330">
    <ele>235.3</ele>
    <time>2026-06-02T15:39:50Z</time>
   </trkpt>
   <trkpt lat="45.7403010" lon="4.7365300">
    <ele>235.8</ele>
    <time>2026-06-02T15:39:51Z</time>
   </trkpt>
   <trkpt lat="45.7402880" lon="4.7365340">
    <ele>236.0</ele>
    <time>2026-06-02T15:39:52Z</time>
   </trkpt>
   <trkpt lat="45.7402670" lon="4.7365360">
    <ele>236.4</ele>
    <time>2026-06-02T15:39:53Z</time>
   </trkpt>
   <trkpt lat="45.7402560" lon="4.7365350">
    <ele>236.5</ele>
    <time>2026-06-02T15:39:54Z</time>
   </trkpt>
   <trkpt lat="45.7402230" lon="4.7365320">
    <ele>237.0</ele>
    <time>2026-06-02T15:39:55Z</time>
   </trkpt>
   <trkpt lat="45.7402090" lon="4.7365290">
    <ele>237.2</ele>
    <time>2026-06-02T15:39:56Z</time>
   </trkpt>
   <trkpt lat="45.7401790" lon="4.7365280">
    <ele>237.7</ele>
    <time>2026-06-02T15:39:57Z</time>
   </trkpt>
   <trkpt lat="45.7401710" lon="4.7365290">
    <ele>237.8</ele>
    <time>2026-06-02T15:39:58Z</time>
   </trkpt>
   <trkpt lat="45.7401410" lon="4.7365300">
    <ele>238.3</ele>
    <time>2026-06-02T15:39:59Z</time>
   </trkpt>
   <trkpt lat="45.7401310" lon="4.7365290">
    <ele>238.4</ele>
    <time>2026-06-02T15:40:00Z</time>
   </trkpt>
   <trkpt lat="45.7401140" lon="4.7365310">
    <ele>238.7</ele>
    <time>2026-06-02T15:40:01Z</time>
   </trkpt>
   <trkpt lat="45.7400960" lon="4.7365410">
    <ele>239.0</ele>
    <time>2026-06-02T15:40:02Z</time>
   </trkpt>
   <trkpt lat="45.7400700" lon="4.7365550">
    <ele>239.4</ele>
    <time>2026-06-02T15:40:03Z</time>
   </trkpt>
   <trkpt lat="45.7400600" lon="4.7365590">
    <ele>239.6</ele>
    <time>2026-06-02T15:40:04Z</time>
   </trkpt>
   <trkpt lat="45.7400290" lon="4.7365600">
    <ele>240.0</ele>
    <time>2026-06-02T15:40:05Z</time>
   </trkpt>
   <trkpt lat="45.7400210" lon="4.7365580">
    <ele>240.1</ele>
    <time>2026-06-02T15:40:06Z</time>
   </trkpt>
   <trkpt lat="45.7399900" lon="4.7365690">
    <ele>240.6</ele>
    <time>2026-06-02T15:40:07Z</time>
   </trkpt>
   <trkpt lat="45.7399790" lon="4.7365680">
    <ele>240.7</ele>
    <time>2026-06-02T15:40:08Z</time>
   </trkpt>
   <trkpt lat="45.7399490" lon="4.7365690">
    <ele>241.1</ele>
    <time>2026-06-02T15:40:09Z</time>
   </trkpt>
   <trkpt lat="45.7399390" lon="4.7365720">
    <ele>241.3</ele>
    <time>2026-06-02T15:40:10Z</time>
   </trkpt>
   <trkpt lat="45.7399230" lon="4.7365830">
    <ele>241.5</ele>
    <time>2026-06-02T15:40:11Z</time>
   </trkpt>
   <trkpt lat="45.7399060" lon="4.7365870">
    <ele>241.7</ele>
    <time>2026-06-02T15:40:12Z</time>
   </trkpt>
   <trkpt lat="45.7398790" lon="4.7365940">
    <ele>242.1</ele>
    <time>2026-06-02T15:40:13Z</time>
   </trkpt>
   <trkpt lat="45.7398610" lon="4.7366020">
    <ele>242.4</ele>
    <time>2026-06-02T15:40:14Z</time>
   </trkpt>
   <trkpt lat="45.7398460" lon="4.7366090">
    <ele>242.6</ele>
    <time>2026-06-02T15:40:15Z</time>
   </trkpt>
   <trkpt lat="45.7398150" lon="4.7366290">
    <ele>243.1</ele>
    <time>2026-06-02T15:40:16Z</time>
   </trkpt>
   <trkpt lat="45.7398040" lon="4.7366300">
    <ele>243.2</ele>
    <time>2026-06-02T15:40:17Z</time>
   </trkpt>
   <trkpt lat="45.7397780" lon="4.7366400">
    <ele>243.6</ele>
    <time>2026-06-02T15:40:18Z</time>
   </trkpt>
   <trkpt lat="45.7397700" lon="4.7366500">
    <ele>243.8</ele>
    <time>2026-06-02T15:40:19Z</time>
   </trkpt>
   <trkpt lat="45.7397580" lon="4.7366500">
    <ele>243.9</ele>
    <time>2026-06-02T15:40:20Z</time>
   </trkpt>
   <trkpt lat="45.7397430" lon="4.7366530">
    <ele>244.2</ele>
    <time>2026-06-02T15:40:21Z</time>
   </trkpt>
   <trkpt lat="45.7397110" lon="4.7366560">
    <ele>244.6</ele>
    <time>2026-06-02T15:40:22Z</time>
   </trkpt>
   <trkpt lat="45.7396990" lon="4.7366600">
    <ele>244.8</ele>
    <time>2026-06-02T15:40:23Z</time>
   </trkpt>
   <trkpt lat="45.7396730" lon="4.7366710">
    <ele>245.1</ele>
    <time>2026-06-02T15:40:24Z</time>
   </trkpt>
   <trkpt lat="45.7396640" lon="4.7366790">
    <ele>245.3</ele>
    <time>2026-06-02T15:40:25Z</time>
   </trkpt>
   <trkpt lat="45.7396440" lon="4.7366880">
    <ele>245.6</ele>
    <time>2026-06-02T15:40:26Z</time>
   </trkpt>
   <trkpt lat="45.7396350" lon="4.7366930">
    <ele>245.7</ele>
    <time>2026-06-02T15:40:27Z</time>
   </trkpt>
   <trkpt lat="45.7396260" lon="4.7366970">
    <ele>245.8</ele>
    <time>2026-06-02T15:40:28Z</time>
   </trkpt>
   <trkpt lat="45.7395920" lon="4.7367110">
    <ele>246.3</ele>
    <time>2026-06-02T15:40:29Z</time>
   </trkpt>
   <trkpt lat="45.7395790" lon="4.7367160">
    <ele>246.5</ele>
    <time>2026-06-02T15:40:30Z</time>
   </trkpt>
   <trkpt lat="45.7395460" lon="4.7367400">
    <ele>247.0</ele>
    <time>2026-06-02T15:40:31Z</time>
   </trkpt>
   <trkpt lat="45.7395350" lon="4.7367440">
    <ele>247.2</ele>
    <time>2026-06-02T15:40:32Z</time>
   </trkpt>
   <trkpt lat="45.7395110" lon="4.7367750">
    <ele>247.6</ele>
    <time>2026-06-02T15:40:33Z</time>
   </trkpt>
   <trkpt lat="45.7395030" lon="4.7367970">
    <ele>247.8</ele>
    <time>2026-06-02T15:40:34Z</time>
   </trkpt>
   <trkpt lat="45.7394860" lon="4.7368040">
    <ele>248.0</ele>
    <time>2026-06-02T15:40:35Z</time>
   </trkpt>
   <trkpt lat="45.7394580" lon="4.7368110">
    <ele>248.4</ele>
    <time>2026-06-02T15:40:36Z</time>
   </trkpt>
   <trkpt lat="45.7394190" lon="4.7368070">
    <ele>248.9</ele>
    <time>2026-06-02T15:40:37Z</time>
   </trkpt>
   <trkpt lat="45.7394040" lon="4.7368100">
    <ele>249.1</ele>
    <time>2026-06-02T15:40:38Z</time>
   </trkpt>
   <trkpt lat="45.7393760" lon="4.7368440">
    <ele>249.6</ele>
    <time>2026-06-02T15:40:39Z</time>
   </trkpt>
   <trkpt lat="45.7393680" lon="4.7368550">
    <ele>249.7</ele>
    <time>2026-06-02T15:40:40Z</time>
   </trkpt>
   <trkpt lat="45.7393350" lon="4.7368660">
    <ele>250.2</ele>
    <time>2026-06-02T15:40:41Z</time>
   </trkpt>
   <trkpt lat="45.7393220" lon="4.7368720">
    <ele>250.4</ele>
    <time>2026-06-02T15:40:42Z</time>
   </trkpt>
   <trkpt lat="45.7393050" lon="4.7368840">
    <ele>250.7</ele>
    <time>2026-06-02T15:40:43Z</time>
   </trkpt>
   <trkpt lat="45.7392900" lon="4.7368950">
    <ele>250.9</ele>
    <time>2026-06-02T15:40:44Z</time>
   </trkpt>
   <trkpt lat="45.7392690" lon="4.7368970">
    <ele>251.2</ele>
    <time>2026-06-02T15:40:45Z</time>
   </trkpt>
   <trkpt lat="45.7392600" lon="4.7368950">
    <ele>251.3</ele>
    <time>2026-06-02T15:40:46Z</time>
   </trkpt>
   <trkpt lat="45.7392310" lon="4.7369050">
    <ele>251.7</ele>
    <time>2026-06-02T15:40:47Z</time>
   </trkpt>
   <trkpt lat="45.7392200" lon="4.7369070">
    <ele>251.9</ele>
    <time>2026-06-02T15:40:48Z</time>
   </trkpt>
   <trkpt lat="45.7392020" lon="4.7369070">
    <ele>252.1</ele>
    <time>2026-06-02T15:40:49Z</time>
   </trkpt>
   <trkpt lat="45.7391900" lon="4.7369040">
    <ele>252.3</ele>
    <time>2026-06-02T15:40:50Z</time>
   </trkpt>
   <trkpt lat="45.7391550" lon="4.7369090">
    <ele>252.7</ele>
    <time>2026-06-02T15:40:51Z</time>
   </trkpt>
   <trkpt lat="45.7391420" lon="4.7369090">
    <ele>252.9</ele>
    <time>2026-06-02T15:40:52Z</time>
   </trkpt>
   <trkpt lat="45.7391110" lon="4.7369120">
    <ele>253.2</ele>
    <time>2026-06-02T15:40:53Z</time>
   </trkpt>
   <trkpt lat="45.7391020" lon="4.7369150">
    <ele>253.3</ele>
    <time>2026-06-02T15:40:54Z</time>
   </trkpt>
   <trkpt lat="45.7390760" lon="4.7369310">
    <ele>253.6</ele>
    <time>2026-06-02T15:40:55Z</time>
   </trkpt>
   <trkpt lat="45.7390640" lon="4.7369310">
    <ele>253.7</ele>
    <time>2026-06-02T15:40:56Z</time>
   </trkpt>
   <trkpt lat="45.7390300" lon="4.7369350">
    <ele>254.1</ele>
    <time>2026-06-02T15:40:57Z</time>
   </trkpt>
   <trkpt lat="45.7390200" lon="4.7369370">
    <ele>254.1</ele>
    <time>2026-06-02T15:40:58Z</time>
   </trkpt>
   <trkpt lat="45.7389930" lon="4.7369440">
    <ele>254.3</ele>
    <time>2026-06-02T15:40:59Z</time>
   </trkpt>
   <trkpt lat="45.7389790" lon="4.7369450">
    <ele>254.3</ele>
    <time>2026-06-02T15:41:00Z</time>
   </trkpt>
   <trkpt lat="45.7389490" lon="4.7369420">
    <ele>254.4</ele>
    <time>2026-06-02T15:41:01Z</time>
   </trkpt>
   <trkpt lat="45.7389200" lon="4.7369370">
    <ele>254.6</ele>
    <time>2026-06-02T15:41:02Z</time>
   </trkpt>
   <trkpt lat="45.7388940" lon="4.7369560">
    <ele>254.7</ele>
    <time>2026-06-02T15:41:03Z</time>
   </trkpt>
   <trkpt lat="45.7388850" lon="4.7369620">
    <ele>254.7</ele>
    <time>2026-06-02T15:41:04Z</time>
   </trkpt>
   <trkpt lat="45.7388690" lon="4.7369270">
    <ele>254.9</ele>
    <time>2026-06-02T15:41:05Z</time>
   </trkpt>
   <trkpt lat="45.7388370" lon="4.7369310">
    <ele>255.0</ele>
    <time>2026-06-02T15:41:06Z</time>
   </trkpt>
   <trkpt lat="45.7388240" lon="4.7369320">
    <ele>255.1</ele>
    <time>2026-06-02T15:41:07Z</time>
   </trkpt>
   <trkpt lat="45.7387940" lon="4.7369520">
    <ele>255.4</ele>
    <time>2026-06-02T15:41:08Z</time>
   </trkpt>
   <trkpt lat="45.7387840" lon="4.7369580">
    <ele>255.5</ele>
    <time>2026-06-02T15:41:09Z</time>
   </trkpt>
   <trkpt lat="45.7387620" lon="4.7369560">
    <ele>255.6</ele>
    <time>2026-06-02T15:41:10Z</time>
   </trkpt>
   <trkpt lat="45.7387560" lon="4.7369430">
    <ele>255.7</ele>
    <time>2026-06-02T15:41:11Z</time>
   </trkpt>
   <trkpt lat="45.7387180" lon="4.7369640">
    <ele>256.0</ele>
    <time>2026-06-02T15:41:12Z</time>
   </trkpt>
   <trkpt lat="45.7387010" lon="4.7369720">
    <ele>256.2</ele>
    <time>2026-06-02T15:41:13Z</time>
   </trkpt>
   <trkpt lat="45.7386680" lon="4.7369700">
    <ele>256.5</ele>
    <time>2026-06-02T15:41:14Z</time>
   </trkpt>
   <trkpt lat="45.7386530" lon="4.7369650">
    <ele>256.6</ele>
    <time>2026-06-02T15:41:15Z</time>
   </trkpt>
   <trkpt lat="45.7386370" lon="4.7369630">
    <ele>256.8</ele>
    <time>2026-06-02T15:41:16Z</time>
   </trkpt>
   <trkpt lat="45.7386090" lon="4.7369730">
    <ele>257.0</ele>
    <time>2026-06-02T15:41:17Z</time>
   </trkpt>
   <trkpt lat="45.7385980" lon="4.7369780">
    <ele>257.1</ele>
    <time>2026-06-02T15:41:18Z</time>
   </trkpt>
   <trkpt lat="45.7385680" lon="4.7369800">
    <ele>257.4</ele>
    <time>2026-06-02T15:41:19Z</time>
   </trkpt>
   <trkpt lat="45.7385590" lon="4.7369800">
    <ele>257.5</ele>
    <time>2026-06-02T15:41:20Z</time>
   </trkpt>
   <trkpt lat="45.7385290" lon="4.7369770">
    <ele>257.8</ele>
    <time>2026-06-02T15:41:21Z</time>
   </trkpt>
   <trkpt lat="45.7385180" lon="4.7369780">
    <ele>257.9</ele>
    <time>2026-06-02T15:41:22Z</time>
   </trkpt>
   <trkpt lat="45.7385020" lon="4.7369790">
    <ele>258.1</ele>
    <time>2026-06-02T15:41:23Z</time>
   </trkpt>
   <trkpt lat="45.7384840" lon="4.7369820">
    <ele>258.2</ele>
    <time>2026-06-02T15:41:24Z</time>
   </trkpt>
   <trkpt lat="45.7384540" lon="4.7369970">
    <ele>258.5</ele>
    <time>2026-06-02T15:41:25Z</time>
   </trkpt>
   <trkpt lat="45.7384190" lon="4.7370020">
    <ele>258.8</ele>
    <time>2026-06-02T15:41:26Z</time>
   </trkpt>
   <trkpt lat="45.7384100" lon="4.7370040">
    <ele>258.9</ele>
    <time>2026-06-02T15:41:27Z</time>
   </trkpt>
   <trkpt lat="45.7383810" lon="4.7370100">
    <ele>259.2</ele>
    <time>2026-06-02T15:41:28Z</time>
   </trkpt>
   <trkpt lat="45.7383690" lon="4.7370150">
    <ele>259.3</ele>
    <time>2026-06-02T15:41:29Z</time>
   </trkpt>
   <trkpt lat="45.7383420" lon="4.7370130">
    <ele>259.6</ele>
    <time>2026-06-02T15:41:30Z</time>
   </trkpt>
   <trkpt lat="45.7383310" lon="4.7370130">
    <ele>259.7</ele>
    <time>2026-06-02T15:41:31Z</time>
   </trkpt>
   <trkpt lat="45.7382970" lon="4.7370270">
    <ele>260.0</ele>
    <time>2026-06-02T15:41:32Z</time>
   </trkpt>
   <trkpt lat="45.7382870" lon="4.7370270">
    <ele>260.1</ele>
    <time>2026-06-02T15:41:33Z</time>
   </trkpt>
   <trkpt lat="45.7382530" lon="4.7370530">
    <ele>260.4</ele>
    <time>2026-06-02T15:41:34Z</time>
   </trkpt>
   <trkpt lat="45.7382380" lon="4.7370590">
    <ele>260.5</ele>
    <time>2026-06-02T15:41:35Z</time>
   </trkpt>
   <trkpt lat="45.7382070" lon="4.7370660">
    <ele>260.8</ele>
    <time>2026-06-02T15:41:36Z</time>
   </trkpt>
   <trkpt lat="45.7381980" lon="4.7370660">
    <ele>260.9</ele>
    <time>2026-06-02T15:41:37Z</time>
   </trkpt>
   <trkpt lat="45.7381650" lon="4.7370590">
    <ele>261.2</ele>
    <time>2026-06-02T15:41:38Z</time>
   </trkpt>
   <trkpt lat="45.7381510" lon="4.7370560">
    <ele>261.3</ele>
    <time>2026-06-02T15:41:39Z</time>
   </trkpt>
   <trkpt lat="45.7381230" lon="4.7370470">
    <ele>261.5</ele>
    <time>2026-06-02T15:41:40Z</time>
   </trkpt>
   <trkpt lat="45.7380870" lon="4.7370530">
    <ele>261.8</ele>
    <time>2026-06-02T15:41:41Z</time>
   </trkpt>
   <trkpt lat="45.7380770" lon="4.7370590">
    <ele>261.9</ele>
    <time>2026-06-02T15:41:42Z</time>
   </trkpt>
   <trkpt lat="45.7380670" lon="4.7370620">
    <ele>262.0</ele>
    <time>2026-06-02T15:41:43Z</time>
   </trkpt>
   <trkpt lat="45.7380480" lon="4.7370630">
    <ele>262.2</ele>
    <time>2026-06-02T15:41:44Z</time>
   </trkpt>
   <trkpt lat="45.7380170" lon="4.7370660">
    <ele>262.5</ele>
    <time>2026-06-02T15:41:45Z</time>
   </trkpt>
   <trkpt lat="45.7380090" lon="4.7370710">
    <ele>262.6</ele>
    <time>2026-06-02T15:41:46Z</time>
   </trkpt>
   <trkpt lat="45.7379780" lon="4.7370840">
    <ele>262.9</ele>
    <time>2026-06-02T15:41:47Z</time>
   </trkpt>
   <trkpt lat="45.7379670" lon="4.7370880">
    <ele>263.0</ele>
    <time>2026-06-02T15:41:48Z</time>
   </trkpt>
   <trkpt lat="45.7379280" lon="4.7370890">
    <ele>263.4</ele>
    <time>2026-06-02T15:41:49Z</time>
   </trkpt>
   <trkpt lat="45.7379160" lon="4.7370890">
    <ele>263.5</ele>
    <time>2026-06-02T15:41:50Z</time>
   </trkpt>
   <trkpt lat="45.7378810" lon="4.7371050">
    <ele>263.8</ele>
    <time>2026-06-02T15:41:51Z</time>
   </trkpt>
   <trkpt lat="45.7378690" lon="4.7371060">
    <ele>263.9</ele>
    <time>2026-06-02T15:41:52Z</time>
   </trkpt>
   <trkpt lat="45.7378360" lon="4.7371070">
    <ele>264.3</ele>
    <time>2026-06-02T15:41:53Z</time>
   </trkpt>
   <trkpt lat="45.7378230" lon="4.7371160">
    <ele>264.4</ele>
    <time>2026-06-02T15:41:54Z</time>
   </trkpt>
   <trkpt lat="45.7377890" lon="4.7371120">
    <ele>264.7</ele>
    <time>2026-06-02T15:41:55Z</time>
   </trkpt>
   <trkpt lat="45.7377770" lon="4.7371110">
    <ele>264.9</ele>
    <time>2026-06-02T15:41:56Z</time>
   </trkpt>
   <trkpt lat="45.7377550" lon="4.7371330">
    <ele>265.1</ele>
    <time>2026-06-02T15:41:57Z</time>
   </trkpt>
   <trkpt lat="45.7377220" lon="4.7371480">
    <ele>265.4</ele>
    <time>2026-06-02T15:41:58Z</time>
   </trkpt>
   <trkpt lat="45.7377110" lon="4.7371530">
    <ele>265.5</ele>
    <time>2026-06-02T15:41:59Z</time>
   </trkpt>
   <trkpt lat="45.7376730" lon="4.7371550">
    <ele>265.9</ele>
    <time>2026-06-02T15:42:00Z</time>
   </trkpt>
   <trkpt lat="45.7376580" lon="4.7371570">
    <ele>266.0</ele>
    <time>2026-06-02T15:42:01Z</time>
   </trkpt>
   <trkpt lat="45.7376420" lon="4.7371650">
    <ele>266.2</ele>
    <time>2026-06-02T15:42:02Z</time>
   </trkpt>
   <trkpt lat="45.7376260" lon="4.7371720">
    <ele>266.3</ele>
    <time>2026-06-02T15:42:03Z</time>
   </trkpt>
   <trkpt lat="45.7376000" lon="4.7371950">
    <ele>266.5</ele>
    <time>2026-06-02T15:42:04Z</time>
   </trkpt>
   <trkpt lat="45.7375670" lon="4.7372120">
    <ele>266.8</ele>
    <time>2026-06-02T15:42:05Z</time>
   </trkpt>
   <trkpt lat="45.7375570" lon="4.7372150">
    <ele>266.9</ele>
    <time>2026-06-02T15:42:06Z</time>
   </trkpt>
   <trkpt lat="45.7375250" lon="4.7372230">
    <ele>267.2</ele>
    <time>2026-06-02T15:42:07Z</time>
   </trkpt>
   <trkpt lat="45.7374930" lon="4.7372380">
    <ele>267.4</ele>
    <time>2026-06-02T15:42:08Z</time>
   </trkpt>
   <trkpt lat="45.7374840" lon="4.7372420">
    <ele>267.5</ele>
    <time>2026-06-02T15:42:09Z</time>
   </trkpt>
   <trkpt lat="45.7374460" lon="4.7372490">
    <ele>267.9</ele>
    <time>2026-06-02T15:42:10Z</time>
   </trkpt>
   <trkpt lat="45.7374320" lon="4.7372510">
    <ele>268.0</ele>
    <time>2026-06-02T15:42:11Z</time>
   </trkpt>
   <trkpt lat="45.7373980" lon="4.7372700">
    <ele>268.3</ele>
    <time>2026-06-02T15:42:12Z</time>
   </trkpt>
   <trkpt lat="45.7373850" lon="4.7372770">
    <ele>268.4</ele>
    <time>2026-06-02T15:42:13Z</time>
   </trkpt>
   <trkpt lat="45.7373480" lon="4.7372680">
    <ele>268.8</ele>
    <time>2026-06-02T15:42:14Z</time>
   </trkpt>
   <trkpt lat="45.7373360" lon="4.7372650">
    <ele>268.9</ele>
    <time>2026-06-02T15:42:15Z</time>
   </trkpt>
   <trkpt lat="45.7373040" lon="4.7372790">
    <ele>269.2</ele>
    <time>2026-06-02T15:42:16Z</time>
   </trkpt>
   <trkpt lat="45.7372930" lon="4.7372870">
    <ele>269.3</ele>
    <time>2026-06-02T15:42:17Z</time>
   </trkpt>
   <trkpt lat="45.7372640" lon="4.7372890">
    <ele>269.6</ele>
    <time>2026-06-02T15:42:18Z</time>
   </trkpt>
   <trkpt lat="45.7372520" lon="4.7372890">
    <ele>269.8</ele>
    <time>2026-06-02T15:42:19Z</time>
   </trkpt>
   <trkpt lat="45.7372180" lon="4.7372810">
    <ele>270.1</ele>
    <time>2026-06-02T15:42:20Z</time>
   </trkpt>
   <trkpt lat="45.7372060" lon="4.7372780">
    <ele>270.2</ele>
    <time>2026-06-02T15:42:21Z</time>
   </trkpt>
   <trkpt lat="45.7371720" lon="4.7372910">
    <ele>270.6</ele>
    <time>2026-06-02T15:42:22Z</time>
   </trkpt>
   <trkpt lat="45.7371610" lon="4.7372940">
    <ele>270.7</ele>
    <time>2026-06-02T15:42:23Z</time>
   </trkpt>
   <trkpt lat="45.7371370" lon="4.7372730">
    <ele>271.0</ele>
    <time>2026-06-02T15:42:24Z</time>
   </trkpt>
   <trkpt lat="45.7370980" lon="4.7372680">
    <ele>271.5</ele>
    <time>2026-06-02T15:42:25Z</time>
   </trkpt>
   <trkpt lat="45.7370830" lon="4.7372620">
    <ele>271.6</ele>
    <time>2026-06-02T15:42:26Z</time>
   </trkpt>
   <trkpt lat="45.7370650" lon="4.7372660">
    <ele>271.8</ele>
    <time>2026-06-02T15:42:27Z</time>
   </trkpt>
   <trkpt lat="45.7370500" lon="4.7372710">
    <ele>272.0</ele>
    <time>2026-06-02T15:42:28Z</time>
   </trkpt>
   <trkpt lat="45.7370190" lon="4.7372960">
    <ele>272.4</ele>
    <time>2026-06-02T15:42:29Z</time>
   </trkpt>
   <trkpt lat="45.7370080" lon="4.7373000">
    <ele>272.5</ele>
    <time>2026-06-02T15:42:30Z</time>
   </trkpt>
   <trkpt lat="45.7369770" lon="4.7373140">
    <ele>272.9</ele>
    <time>2026-06-02T15:42:31Z</time>
   </trkpt>
   <trkpt lat="45.7369660" lon="4.7373180">
    <ele>273.0</ele>
    <time>2026-06-02T15:42:32Z</time>
   </trkpt>
   <trkpt lat="45.7369360" lon="4.7373110">
    <ele>273.3</ele>
    <time>2026-06-02T15:42:33Z</time>
   </trkpt>
   <trkpt lat="45.7369270" lon="4.7373090">
    <ele>273.5</ele>
    <time>2026-06-02T15:42:34Z</time>
   </trkpt>
   <trkpt lat="45.7368920" lon="4.7373080">
    <ele>273.9</ele>
    <time>2026-06-02T15:42:35Z</time>
   </trkpt>
   <trkpt lat="45.7368770" lon="4.7373090">
    <ele>274.0</ele>
    <time>2026-06-02T15:42:36Z</time>
   </trkpt>
   <trkpt lat="45.7368460" lon="4.7373230">
    <ele>274.4</ele>
    <time>2026-06-02T15:42:37Z</time>
   </trkpt>
   <trkpt lat="45.7368350" lon="4.7373190">
    <ele>274.6</ele>
    <time>2026-06-02T15:42:38Z</time>
   </trkpt>
   <trkpt lat="45.7368050" lon="4.7373150">
    <ele>274.9</ele>
    <time>2026-06-02T15:42:39Z</time>
   </trkpt>
   <trkpt lat="45.7367970" lon="4.7373170">
    <ele>275.0</ele>
    <time>2026-06-02T15:42:40Z</time>
   </trkpt>
   <trkpt lat="45.7367690" lon="4.7373130">
    <ele>275.4</ele>
    <time>2026-06-02T15:42:41Z</time>
   </trkpt>
   <trkpt lat="45.7367370" lon="4.7373260">
    <ele>275.8</ele>
    <time>2026-06-02T15:42:42Z</time>
   </trkpt>
   <trkpt lat="45.7367270" lon="4.7373360">
    <ele>275.9</ele>
    <time>2026-06-02T15:42:43Z</time>
   </trkpt>
   <trkpt lat="45.7366900" lon="4.7373330">
    <ele>276.4</ele>
    <time>2026-06-02T15:42:44Z</time>
   </trkpt>
   <trkpt lat="45.7366780" lon="4.7373360">
    <ele>276.6</ele>
    <time>2026-06-02T15:42:45Z</time>
   </trkpt>
   <trkpt lat="45.7366480" lon="4.7373630">
    <ele>277.0</ele>
    <time>2026-06-02T15:42:46Z</time>
   </trkpt>
   <trkpt lat="45.7366350" lon="4.7373650">
    <ele>277.2</ele>
    <time>2026-06-02T15:42:47Z</time>
   </trkpt>
   <trkpt lat="45.7366090" lon="4.7373770">
    <ele>277.5</ele>
    <time>2026-06-02T15:42:48Z</time>
   </trkpt>
   <trkpt lat="45.7365820" lon="4.7373780">
    <ele>277.8</ele>
    <time>2026-06-02T15:42:49Z</time>
   </trkpt>
   <trkpt lat="45.7365560" lon="4.7373960">
    <ele>278.2</ele>
    <time>2026-06-02T15:42:50Z</time>
   </trkpt>
   <trkpt lat="45.7365260" lon="4.7374100">
    <ele>278.6</ele>
    <time>2026-06-02T15:42:51Z</time>
   </trkpt>
   <trkpt lat="45.7365170" lon="4.7374130">
    <ele>278.7</ele>
    <time>2026-06-02T15:42:52Z</time>
   </trkpt>
   <trkpt lat="45.7364880" lon="4.7374340">
    <ele>279.0</ele>
    <time>2026-06-02T15:42:53Z</time>
   </trkpt>
   <trkpt lat="45.7364790" lon="4.7374450">
    <ele>279.2</ele>
    <time>2026-06-02T15:42:54Z</time>
   </trkpt>
   <trkpt lat="45.7364470" lon="4.7374470">
    <ele>279.5</ele>
    <time>2026-06-02T15:42:55Z</time>
   </trkpt>
   <trkpt lat="45.7364320" lon="4.7374400">
    <ele>279.7</ele>
    <time>2026-06-02T15:42:56Z</time>
   </trkpt>
   <trkpt lat="45.7364070" lon="4.7374580">
    <ele>280.0</ele>
    <time>2026-06-02T15:42:57Z</time>
   </trkpt>
   <trkpt lat="45.7363830" lon="4.7374750">
    <ele>280.3</ele>
    <time>2026-06-02T15:42:58Z</time>
   </trkpt>
   <trkpt lat="45.7363730" lon="4.7374770">
    <ele>280.4</ele>
    <time>2026-06-02T15:42:59Z</time>
   </trkpt>
   <trkpt lat="45.7363420" lon="4.7374950">
    <ele>280.8</ele>
    <time>2026-06-02T15:43:00Z</time>
   </trkpt>
   <trkpt lat="45.7363310" lon="4.7374970">
    <ele>281.0</ele>
    <time>2026-06-02T15:43:01Z</time>
   </trkpt>
   <trkpt lat="45.7362970" lon="4.7375110">
    <ele>281.4</ele>
    <time>2026-06-02T15:43:02Z</time>
   </trkpt>
   <trkpt lat="45.7362650" lon="4.7375210">
    <ele>281.8</ele>
    <time>2026-06-02T15:43:03Z</time>
   </trkpt>
   <trkpt lat="45.7362500" lon="4.7375320">
    <ele>282.1</ele>
    <time>2026-06-02T15:43:04Z</time>
   </trkpt>
   <trkpt lat="45.7362330" lon="4.7375440">
    <ele>282.3</ele>
    <time>2026-06-02T15:43:05Z</time>
   </trkpt>
   <trkpt lat="45.7362190" lon="4.7375670">
    <ele>282.6</ele>
    <time>2026-06-02T15:43:06Z</time>
   </trkpt>
   <trkpt lat="45.7362110" lon="4.7375720">
    <ele>282.8</ele>
    <time>2026-06-02T15:43:07Z</time>
   </trkpt>
   <trkpt lat="45.7362040" lon="4.7375760">
    <ele>282.9</ele>
    <time>2026-06-02T15:43:08Z</time>
   </trkpt>
   <trkpt lat="45.7361970" lon="4.7375730">
    <ele>283.0</ele>
    <time>2026-06-02T15:43:09Z</time>
   </trkpt>
   <trkpt lat="45.7361950" lon="4.7375750">
    <ele>283.0</ele>
    <time>2026-06-02T15:43:10Z</time>
   </trkpt>
   <trkpt lat="45.7361930" lon="4.7375790">
    <ele>282.9</ele>
    <time>2026-06-02T15:43:11Z</time>
   </trkpt>
   <trkpt lat="45.7361910" lon="4.7375870">
    <ele>282.9</ele>
    <time>2026-06-02T15:43:12Z</time>
   </trkpt>
   <trkpt lat="45.7362100" lon="4.7376250">
    <ele>282.4</ele>
    <time>2026-06-02T15:43:53Z</time>
   </trkpt>
   <trkpt lat="45.7362100" lon="4.7376290">
    <ele>282.4</ele>
    <time>2026-06-02T15:43:54Z</time>
   </trkpt>
   <trkpt lat="45.7361660" lon="4.7375970">
    <ele>283.1</ele>
    <time>2026-06-02T15:44:54Z</time>
   </trkpt>
   <trkpt lat="45.7361460" lon="4.7375970">
    <ele>283.3</ele>
    <time>2026-06-02T15:44:55Z</time>
   </trkpt>
   <trkpt lat="45.7361310" lon="4.7376010">
    <ele>283.5</ele>
    <time>2026-06-02T15:44:56Z</time>
   </trkpt>
   <trkpt lat="45.7361250" lon="4.7376150">
    <ele>283.6</ele>
    <time>2026-06-02T15:44:57Z</time>
   </trkpt>
   <trkpt lat="45.7361220" lon="4.7376230">
    <ele>283.7</ele>
    <time>2026-06-02T15:44:58Z</time>
   </trkpt>
   <trkpt lat="45.7361130" lon="4.7376330">
    <ele>283.8</ele>
    <time>2026-06-02T15:44:59Z</time>
   </trkpt>
   <trkpt lat="45.7361060" lon="4.7376410">
    <ele>283.9</ele>
    <time>2026-06-02T15:45:00Z</time>
   </trkpt>
   <trkpt lat="45.7360990" lon="4.7376460">
    <ele>284.0</ele>
    <time>2026-06-02T15:45:01Z</time>
   </trkpt>
   <trkpt lat="45.7360870" lon="4.7376530">
    <ele>284.1</ele>
    <time>2026-06-02T15:45:02Z</time>
   </trkpt>
   <trkpt lat="45.7360780" lon="4.7376740">
    <ele>284.3</ele>
    <time>2026-06-02T15:45:03Z</time>
   </trkpt>
   <trkpt lat="45.7360670" lon="4.7376860">
    <ele>284.4</ele>
    <time>2026-06-02T15:45:04Z</time>
   </trkpt>
   <trkpt lat="45.7360520" lon="4.7377070">
    <ele>284.7</ele>
    <time>2026-06-02T15:45:05Z</time>
   </trkpt>
   <trkpt lat="45.7360460" lon="4.7377170">
    <ele>284.8</ele>
    <time>2026-06-02T15:45:06Z</time>
   </trkpt>
   <trkpt lat="45.7360390" lon="4.7377270">
    <ele>284.9</ele>
    <time>2026-06-02T15:45:07Z</time>
   </trkpt>
   <trkpt lat="45.7360320" lon="4.7377360">
    <ele>285.0</ele>
    <time>2026-06-02T15:45:13Z</time>
   </trkpt>
   <trkpt lat="45.7360260" lon="4.7377460">
    <ele>285.1</ele>
    <time>2026-06-02T15:45:14Z</time>
   </trkpt>
   <trkpt lat="45.7360190" lon="4.7377560">
    <ele>285.2</ele>
    <time>2026-06-02T15:45:15Z</time>
   </trkpt>
   <trkpt lat="45.7360040" lon="4.7377610">
    <ele>285.3</ele>
    <time>2026-06-02T15:45:16Z</time>
   </trkpt>
   <trkpt lat="45.7359850" lon="4.7377550">
    <ele>285.5</ele>
    <time>2026-06-02T15:45:17Z</time>
   </trkpt>
   <trkpt lat="45.7359690" lon="4.7377560">
    <ele>285.7</ele>
    <time>2026-06-02T15:45:18Z</time>
   </trkpt>
   <trkpt lat="45.7359590" lon="4.7377600">
    <ele>285.8</ele>
    <time>2026-06-02T15:45:19Z</time>
   </trkpt>
   <trkpt lat="45.7359490" lon="4.7377650">
    <ele>285.9</ele>
    <time>2026-06-02T15:45:20Z</time>
   </trkpt>
   <trkpt lat="45.7359220" lon="4.7377820">
    <ele>286.2</ele>
    <time>2026-06-02T15:45:21Z</time>
   </trkpt>
   <trkpt lat="45.7359110" lon="4.7377890">
    <ele>286.4</ele>
    <time>2026-06-02T15:45:22Z</time>
   </trkpt>
   <trkpt lat="45.7358850" lon="4.7378110">
    <ele>286.7</ele>
    <time>2026-06-02T15:45:23Z</time>
   </trkpt>
   <trkpt lat="45.7358700" lon="4.7378170">
    <ele>286.8</ele>
    <time>2026-06-02T15:45:24Z</time>
   </trkpt>
   <trkpt lat="45.7358370" lon="4.7378190">
    <ele>287.2</ele>
    <time>2026-06-02T15:45:25Z</time>
   </trkpt>
   <trkpt lat="45.7358050" lon="4.7378430">
    <ele>287.6</ele>
    <time>2026-06-02T15:45:26Z</time>
   </trkpt>
   <trkpt lat="45.7357890" lon="4.7378510">
    <ele>287.7</ele>
    <time>2026-06-02T15:45:27Z</time>
   </trkpt>
   <trkpt lat="45.7357600" lon="4.7378720">
    <ele>288.0</ele>
    <time>2026-06-02T15:45:28Z</time>
   </trkpt>
   <trkpt lat="45.7357400" lon="4.7378980">
    <ele>288.3</ele>
    <time>2026-06-02T15:45:29Z</time>
   </trkpt>
   <trkpt lat="45.7357310" lon="4.7379070">
    <ele>288.4</ele>
    <time>2026-06-02T15:45:30Z</time>
   </trkpt>
   <trkpt lat="45.7357190" lon="4.7379200">
    <ele>288.6</ele>
    <time>2026-06-02T15:45:31Z</time>
   </trkpt>
   <trkpt lat="45.7357050" lon="4.7379350">
    <ele>288.8</ele>
    <time>2026-06-02T15:45:32Z</time>
   </trkpt>
   <trkpt lat="45.7356770" lon="4.7379670">
    <ele>289.1</ele>
    <time>2026-06-02T15:45:33Z</time>
   </trkpt>
   <trkpt lat="45.7356690" lon="4.7379800">
    <ele>289.2</ele>
    <time>2026-06-02T15:45:34Z</time>
   </trkpt>
   <trkpt lat="45.7356560" lon="4.7379940">
    <ele>289.4</ele>
    <time>2026-06-02T15:45:35Z</time>
   </trkpt>
   <trkpt lat="45.7356400" lon="4.7380060">
    <ele>289.6</ele>
    <time>2026-06-02T15:45:36Z</time>
   </trkpt>
   <trkpt lat="45.7356060" lon="4.7380270">
    <ele>289.9</ele>
    <time>2026-06-02T15:45:37Z</time>
   </trkpt>
   <trkpt lat="45.7355930" lon="4.7380310">
    <ele>290.0</ele>
    <time>2026-06-02T15:45:38Z</time>
   </trkpt>
   <trkpt lat="45.7355720" lon="4.7380580">
    <ele>290.3</ele>
    <time>2026-06-02T15:45:39Z</time>
   </trkpt>
   <trkpt lat="45.7355620" lon="4.7380640">
    <ele>290.4</ele>
    <time>2026-06-02T15:45:40Z</time>
   </trkpt>
   <trkpt lat="45.7355370" lon="4.7380790">
    <ele>290.7</ele>
    <time>2026-06-02T15:45:41Z</time>
   </trkpt>
   <trkpt lat="45.7355110" lon="4.7380930">
    <ele>291.0</ele>
    <time>2026-06-02T15:45:42Z</time>
   </trkpt>
   <trkpt lat="45.7354800" lon="4.7381160">
    <ele>291.4</ele>
    <time>2026-06-02T15:45:43Z</time>
   </trkpt>
   <trkpt lat="45.7354720" lon="4.7381260">
    <ele>291.5</ele>
    <time>2026-06-02T15:45:44Z</time>
   </trkpt>
   <trkpt lat="45.7354350" lon="4.7381520">
    <ele>292.0</ele>
    <time>2026-06-02T15:45:45Z</time>
   </trkpt>
   <trkpt lat="45.7354200" lon="4.7381620">
    <ele>292.2</ele>
    <time>2026-06-02T15:45:46Z</time>
   </trkpt>
   <trkpt lat="45.7353910" lon="4.7381930">
    <ele>292.6</ele>
    <time>2026-06-02T15:45:47Z</time>
   </trkpt>
   <trkpt lat="45.7353800" lon="4.7382060">
    <ele>292.7</ele>
    <time>2026-06-02T15:45:48Z</time>
   </trkpt>
   <trkpt lat="45.7353520" lon="4.7382250">
    <ele>293.1</ele>
    <time>2026-06-02T15:45:49Z</time>
   </trkpt>
   <trkpt lat="45.7353430" lon="4.7382310">
    <ele>293.2</ele>
    <time>2026-06-02T15:45:50Z</time>
   </trkpt>
   <trkpt lat="45.7353170" lon="4.7382510">
    <ele>293.6</ele>
    <time>2026-06-02T15:45:51Z</time>
   </trkpt>
   <trkpt lat="45.7352920" lon="4.7382650">
    <ele>293.9</ele>
    <time>2026-06-02T15:45:52Z</time>
   </trkpt>
   <trkpt lat="45.7352750" lon="4.7382740">
    <ele>294.1</ele>
    <time>2026-06-02T15:45:53Z</time>
   </trkpt>
   <trkpt lat="45.7352580" lon="4.7382810">
    <ele>294.3</ele>
    <time>2026-06-02T15:45:54Z</time>
   </trkpt>
   <trkpt lat="45.7352310" lon="4.7383080">
    <ele>294.7</ele>
    <time>2026-06-02T15:45:55Z</time>
   </trkpt>
   <trkpt lat="45.7352200" lon="4.7383170">
    <ele>294.8</ele>
    <time>2026-06-02T15:45:56Z</time>
   </trkpt>
   <trkpt lat="45.7351960" lon="4.7383420">
    <ele>295.2</ele>
    <time>2026-06-02T15:45:57Z</time>
   </trkpt>
   <trkpt lat="45.7351900" lon="4.7383490">
    <ele>295.3</ele>
    <time>2026-06-02T15:45:58Z</time>
   </trkpt>
   <trkpt lat="45.7351590" lon="4.7383680">
    <ele>295.7</ele>
    <time>2026-06-02T15:45:59Z</time>
   </trkpt>
   <trkpt lat="45.7351500" lon="4.7383770">
    <ele>295.8</ele>
    <time>2026-06-02T15:46:00Z</time>
   </trkpt>
   <trkpt lat="45.7351310" lon="4.7383810">
    <ele>296.0</ele>
    <time>2026-06-02T15:46:01Z</time>
   </trkpt>
   <trkpt lat="45.7351230" lon="4.7383890">
    <ele>296.1</ele>
    <time>2026-06-02T15:46:02Z</time>
   </trkpt>
   <trkpt lat="45.7350980" lon="4.7384290">
    <ele>296.6</ele>
    <time>2026-06-02T15:46:03Z</time>
   </trkpt>
   <trkpt lat="45.7350900" lon="4.7384410">
    <ele>296.7</ele>
    <time>2026-06-02T15:46:04Z</time>
   </trkpt>
   <trkpt lat="45.7350660" lon="4.7384820">
    <ele>297.2</ele>
    <time>2026-06-02T15:46:05Z</time>
   </trkpt>
   <trkpt lat="45.7350580" lon="4.7384950">
    <ele>297.3</ele>
    <time>2026-06-02T15:46:06Z</time>
   </trkpt>
   <trkpt lat="45.7350250" lon="4.7385200">
    <ele>297.8</ele>
    <time>2026-06-02T15:46:07Z</time>
   </trkpt>
   <trkpt lat="45.7350130" lon="4.7385250">
    <ele>297.9</ele>
    <time>2026-06-02T15:46:08Z</time>
   </trkpt>
   <trkpt lat="45.7349860" lon="4.7385530">
    <ele>298.3</ele>
    <time>2026-06-02T15:46:09Z</time>
   </trkpt>
   <trkpt lat="45.7349740" lon="4.7385580">
    <ele>298.5</ele>
    <time>2026-06-02T15:46:10Z</time>
   </trkpt>
   <trkpt lat="45.7349500" lon="4.7385880">
    <ele>298.9</ele>
    <time>2026-06-02T15:46:11Z</time>
   </trkpt>
   <trkpt lat="45.7349420" lon="4.7385950">
    <ele>299.0</ele>
    <time>2026-06-02T15:46:12Z</time>
   </trkpt>
   <trkpt lat="45.7349140" lon="4.7386290">
    <ele>299.4</ele>
    <time>2026-06-02T15:46:13Z</time>
   </trkpt>
   <trkpt lat="45.7349030" lon="4.7386380">
    <ele>299.6</ele>
    <time>2026-06-02T15:46:14Z</time>
   </trkpt>
   <trkpt lat="45.7348770" lon="4.7386660">
    <ele>299.9</ele>
    <time>2026-06-02T15:46:15Z</time>
   </trkpt>
   <trkpt lat="45.7348510" lon="4.7386840">
    <ele>300.3</ele>
    <time>2026-06-02T15:46:16Z</time>
   </trkpt>
   <trkpt lat="45.7348450" lon="4.7386930">
    <ele>300.3</ele>
    <time>2026-06-02T15:46:17Z</time>
   </trkpt>
   <trkpt lat="45.7348160" lon="4.7387140">
    <ele>300.7</ele>
    <time>2026-06-02T15:46:18Z</time>
   </trkpt>
   <trkpt lat="45.7348060" lon="4.7387200">
    <ele>300.8</ele>
    <time>2026-06-02T15:46:19Z</time>
   </trkpt>
   <trkpt lat="45.7347900" lon="4.7387560">
    <ele>301.1</ele>
    <time>2026-06-02T15:46:20Z</time>
   </trkpt>
   <trkpt lat="45.7347610" lon="4.7387880">
    <ele>301.5</ele>
    <time>2026-06-02T15:46:21Z</time>
   </trkpt>
   <trkpt lat="45.7347500" lon="4.7388020">
    <ele>301.6</ele>
    <time>2026-06-02T15:46:22Z</time>
   </trkpt>
   <trkpt lat="45.7347280" lon="4.7388270">
    <ele>301.9</ele>
    <time>2026-06-02T15:46:23Z</time>
   </trkpt>
   <trkpt lat="45.7347170" lon="4.7388320">
    <ele>302.0</ele>
    <time>2026-06-02T15:46:24Z</time>
   </trkpt>
   <trkpt lat="45.7346950" lon="4.7388540">
    <ele>302.2</ele>
    <time>2026-06-02T15:46:25Z</time>
   </trkpt>
   <trkpt lat="45.7346710" lon="4.7388870">
    <ele>302.5</ele>
    <time>2026-06-02T15:46:26Z</time>
   </trkpt>
   <trkpt lat="45.7346640" lon="4.7388980">
    <ele>302.6</ele>
    <time>2026-06-02T15:46:27Z</time>
   </trkpt>
   <trkpt lat="45.7346410" lon="4.7389220">
    <ele>302.8</ele>
    <time>2026-06-02T15:46:28Z</time>
   </trkpt>
   <trkpt lat="45.7346160" lon="4.7389420">
    <ele>303.0</ele>
    <time>2026-06-02T15:46:29Z</time>
   </trkpt>
   <trkpt lat="45.7346000" lon="4.7389630">
    <ele>303.2</ele>
    <time>2026-06-02T15:46:30Z</time>
   </trkpt>
   <trkpt lat="45.7345950" lon="4.7389830">
    <ele>303.3</ele>
    <time>2026-06-02T15:46:31Z</time>
   </trkpt>
   <trkpt lat="45.7345780" lon="4.7390240">
    <ele>303.6</ele>
    <time>2026-06-02T15:46:32Z</time>
   </trkpt>
   <trkpt lat="45.7345730" lon="4.7390410">
    <ele>303.7</ele>
    <time>2026-06-02T15:46:33Z</time>
   </trkpt>
   <trkpt lat="45.7345480" lon="4.7390770">
    <ele>303.9</ele>
    <time>2026-06-02T15:46:34Z</time>
   </trkpt>
   <trkpt lat="45.7345260" lon="4.7391050">
    <ele>304.1</ele>
    <time>2026-06-02T15:46:35Z</time>
   </trkpt>
   <trkpt lat="45.7345190" lon="4.7391100">
    <ele>304.2</ele>
    <time>2026-06-02T15:46:36Z</time>
   </trkpt>
   <trkpt lat="45.7344840" lon="4.7391280">
    <ele>304.5</ele>
    <time>2026-06-02T15:46:37Z</time>
   </trkpt>
   <trkpt lat="45.7344700" lon="4.7391310">
    <ele>304.6</ele>
    <time>2026-06-02T15:46:38Z</time>
   </trkpt>
   <trkpt lat="45.7344430" lon="4.7391480">
    <ele>304.7</ele>
    <time>2026-06-02T15:46:39Z</time>
   </trkpt>
   <trkpt lat="45.7344240" lon="4.7391730">
    <ele>304.9</ele>
    <time>2026-06-02T15:46:40Z</time>
   </trkpt>
   <trkpt lat="45.7344160" lon="4.7391840">
    <ele>305.0</ele>
    <time>2026-06-02T15:46:41Z</time>
   </trkpt>
   <trkpt lat="45.7343740" lon="4.7391930">
    <ele>305.2</ele>
    <time>2026-06-02T15:46:42Z</time>
   </trkpt>
   <trkpt lat="45.7343580" lon="4.7391910">
    <ele>305.3</ele>
    <time>2026-06-02T15:46:43Z</time>
   </trkpt>
   <trkpt lat="45.7343250" lon="4.7392210">
    <ele>305.6</ele>
    <time>2026-06-02T15:46:44Z</time>
   </trkpt>
   <trkpt lat="45.7342960" lon="4.7392180">
    <ele>305.7</ele>
    <time>2026-06-02T15:46:45Z</time>
   </trkpt>
   <trkpt lat="45.7342670" lon="4.7392320">
    <ele>305.9</ele>
    <time>2026-06-02T15:46:46Z</time>
   </trkpt>
   <trkpt lat="45.7342560" lon="4.7392350">
    <ele>306.0</ele>
    <time>2026-06-02T15:46:47Z</time>
   </trkpt>
   <trkpt lat="45.7342200" lon="4.7392590">
    <ele>306.2</ele>
    <time>2026-06-02T15:46:48Z</time>
   </trkpt>
   <trkpt lat="45.7342080" lon="4.7392670">
    <ele>306.2</ele>
    <time>2026-06-02T15:46:49Z</time>
   </trkpt>
   <trkpt lat="45.7341750" lon="4.7392490">
    <ele>306.4</ele>
    <time>2026-06-02T15:46:50Z</time>
   </trkpt>
   <trkpt lat="45.7341470" lon="4.7392660">
    <ele>306.6</ele>
    <time>2026-06-02T15:46:51Z</time>
   </trkpt>
   <trkpt lat="45.7341410" lon="4.7392790">
    <ele>306.7</ele>
    <time>2026-06-02T15:46:52Z</time>
   </trkpt>
   <trkpt lat="45.7341090" lon="4.7392870">
    <ele>306.8</ele>
    <time>2026-06-02T15:46:53Z</time>
   </trkpt>
   <trkpt lat="45.7340730" lon="4.7392960">
    <ele>307.0</ele>
    <time>2026-06-02T15:46:54Z</time>
   </trkpt>
   <trkpt lat="45.7340640" lon="4.7393040">
    <ele>307.0</ele>
    <time>2026-06-02T15:46:55Z</time>
   </trkpt>
   <trkpt lat="45.7340310" lon="4.7393260">
    <ele>307.1</ele>
    <time>2026-06-02T15:46:56Z</time>
   </trkpt>
   <trkpt lat="45.7340180" lon="4.7393310">
    <ele>307.1</ele>
    <time>2026-06-02T15:46:57Z</time>
   </trkpt>
   <trkpt lat="45.7339870" lon="4.7393500">
    <ele>307.3</ele>
    <time>2026-06-02T15:46:58Z</time>
   </trkpt>
   <trkpt lat="45.7339740" lon="4.7393560">
    <ele>307.3</ele>
    <time>2026-06-02T15:46:59Z</time>
   </trkpt>
   <trkpt lat="45.7339410" lon="4.7393550">
    <ele>307.4</ele>
    <time>2026-06-02T15:47:00Z</time>
   </trkpt>
   <trkpt lat="45.7339300" lon="4.7393570">
    <ele>307.4</ele>
    <time>2026-06-02T15:47:01Z</time>
   </trkpt>
   <trkpt lat="45.7338980" lon="4.7393710">
    <ele>307.5</ele>
    <time>2026-06-02T15:47:02Z</time>
   </trkpt>
   <trkpt lat="45.7338850" lon="4.7393740">
    <ele>307.6</ele>
    <time>2026-06-02T15:47:03Z</time>
   </trkpt>
   <trkpt lat="45.7338500" lon="4.7393800">
    <ele>307.7</ele>
    <time>2026-06-02T15:47:04Z</time>
   </trkpt>
   <trkpt lat="45.7338390" lon="4.7393790">
    <ele>307.7</ele>
    <time>2026-06-02T15:47:05Z</time>
   </trkpt>
   <trkpt lat="45.7338070" lon="4.7394040">
    <ele>307.9</ele>
    <time>2026-06-02T15:47:06Z</time>
   </trkpt>
   <trkpt lat="45.7337970" lon="4.7394150">
    <ele>307.9</ele>
    <time>2026-06-02T15:47:07Z</time>
   </trkpt>
   <trkpt lat="45.7337690" lon="4.7394040">
    <ele>308.0</ele>
    <time>2026-06-02T15:47:08Z</time>
   </trkpt>
   <trkpt lat="45.7337560" lon="4.7394020">
    <ele>308.0</ele>
    <time>2026-06-02T15:47:09Z</time>
   </trkpt>
   <trkpt lat="45.7337250" lon="4.7394140">
    <ele>308.1</ele>
    <time>2026-06-02T15:47:10Z</time>
   </trkpt>
   <trkpt lat="45.7337160" lon="4.7394190">
    <ele>308.2</ele>
    <time>2026-06-02T15:47:11Z</time>
   </trkpt>
   <trkpt lat="45.7336970" lon="4.7394290">
    <ele>308.2</ele>
    <time>2026-06-02T15:47:12Z</time>
   </trkpt>
   <trkpt lat="45.7336820" lon="4.7394300">
    <ele>308.3</ele>
    <time>2026-06-02T15:47:13Z</time>
   </trkpt>
   <trkpt lat="45.7336490" lon="4.7394340">
    <ele>308.4</ele>
    <time>2026-06-02T15:47:14Z</time>
   </trkpt>
   <trkpt lat="45.7336330" lon="4.7394300">
    <ele>308.4</ele>
    <time>2026-06-02T15:47:15Z</time>
   </trkpt>
   <trkpt lat="45.7335990" lon="4.7394190">
    <ele>308.5</ele>
    <time>2026-06-02T15:47:16Z</time>
   </trkpt>
   <trkpt lat="45.7335900" lon="4.7394160">
    <ele>308.6</ele>
    <time>2026-06-02T15:47:17Z</time>
   </trkpt>
   <trkpt lat="45.7335540" lon="4.7394080">
    <ele>308.7</ele>
    <time>2026-06-02T15:47:18Z</time>
   </trkpt>
   <trkpt lat="45.7335230" lon="4.7394040">
    <ele>308.8</ele>
    <time>2026-06-02T15:47:19Z</time>
   </trkpt>
   <trkpt lat="45.7335160" lon="4.7394130">
    <ele>308.8</ele>
    <time>2026-06-02T15:47:20Z</time>
   </trkpt>
   <trkpt lat="45.7334810" lon="4.7394260">
    <ele>308.8</ele>
    <time>2026-06-02T15:47:21Z</time>
   </trkpt>
   <trkpt lat="45.7334680" lon="4.7394210">
    <ele>308.8</ele>
    <time>2026-06-02T15:47:22Z</time>
   </trkpt>
   <trkpt lat="45.7334330" lon="4.7394120">
    <ele>308.9</ele>
    <time>2026-06-02T15:47:23Z</time>
   </trkpt>
   <trkpt lat="45.7334030" lon="4.7394150">
    <ele>308.9</ele>
    <time>2026-06-02T15:47:24Z</time>
   </trkpt>
   <trkpt lat="45.7333670" lon="4.7394090">
    <ele>309.0</ele>
    <time>2026-06-02T15:47:25Z</time>
   </trkpt>
   <trkpt lat="45.7333580" lon="4.7394070">
    <ele>309.0</ele>
    <time>2026-06-02T15:47:26Z</time>
   </trkpt>
   <trkpt lat="45.7333290" lon="4.7394190">
    <ele>309.0</ele>
    <time>2026-06-02T15:47:27Z</time>
   </trkpt>
   <trkpt lat="45.7332910" lon="4.7394210">
    <ele>309.1</ele>
    <time>2026-06-02T15:47:28Z</time>
   </trkpt>
   <trkpt lat="45.7332800" lon="4.7394210">
    <ele>309.1</ele>
    <time>2026-06-02T15:47:29Z</time>
   </trkpt>
   <trkpt lat="45.7332410" lon="4.7394280">
    <ele>309.1</ele>
    <time>2026-06-02T15:47:30Z</time>
   </trkpt>
   <trkpt lat="45.7332270" lon="4.7394320">
    <ele>309.1</ele>
    <time>2026-06-02T15:47:31Z</time>
   </trkpt>
   <trkpt lat="45.7331920" lon="4.7394320">
    <ele>309.1</ele>
    <time>2026-06-02T15:47:32Z</time>
   </trkpt>
   <trkpt lat="45.7331770" lon="4.7394350">
    <ele>309.1</ele>
    <time>2026-06-02T15:47:33Z</time>
   </trkpt>
   <trkpt lat="45.7331380" lon="4.7394480">
    <ele>309.2</ele>
    <time>2026-06-02T15:47:34Z</time>
   </trkpt>
   <trkpt lat="45.7331240" lon="4.7394500">
    <ele>309.2</ele>
    <time>2026-06-02T15:47:35Z</time>
   </trkpt>
   <trkpt lat="45.7330960" lon="4.7394560">
    <ele>309.2</ele>
    <time>2026-06-02T15:47:36Z</time>
   </trkpt>
   <trkpt lat="45.7330590" lon="4.7394480">
    <ele>309.2</ele>
    <time>2026-06-02T15:47:37Z</time>
   </trkpt>
   <trkpt lat="45.7330460" lon="4.7394460">
    <ele>309.2</ele>
    <time>2026-06-02T15:47:38Z</time>
   </trkpt>
   <trkpt lat="45.7330190" lon="4.7394670">
    <ele>309.1</ele>
    <time>2026-06-02T15:47:39Z</time>
   </trkpt>
   <trkpt lat="45.7329870" lon="4.7394700">
    <ele>309.1</ele>
    <time>2026-06-02T15:47:40Z</time>
   </trkpt>
   <trkpt lat="45.7329750" lon="4.7394690">
    <ele>309.1</ele>
    <time>2026-06-02T15:47:41Z</time>
   </trkpt>
   <trkpt lat="45.7329380" lon="4.7394820">
    <ele>309.1</ele>
    <time>2026-06-02T15:47:42Z</time>
   </trkpt>
   <trkpt lat="45.7329250" lon="4.7394870">
    <ele>309.0</ele>
    <time>2026-06-02T15:47:43Z</time>
   </trkpt>
   <trkpt lat="45.7328950" lon="4.7394840">
    <ele>309.0</ele>
    <time>2026-06-02T15:47:44Z</time>
   </trkpt>
   <trkpt lat="45.7328860" lon="4.7394870">
    <ele>309.0</ele>
    <time>2026-06-02T15:47:45Z</time>
   </trkpt>
   <trkpt lat="45.7328510" lon="4.7394900">
    <ele>308.9</ele>
    <time>2026-06-02T15:47:46Z</time>
   </trkpt>
   <trkpt lat="45.7328390" lon="4.7394860">
    <ele>308.9</ele>
    <time>2026-06-02T15:47:47Z</time>
   </trkpt>
   <trkpt lat="45.7328080" lon="4.7394810">
    <ele>308.8</ele>
    <time>2026-06-02T15:47:48Z</time>
   </trkpt>
   <trkpt lat="45.7327720" lon="4.7395080">
    <ele>308.7</ele>
    <time>2026-06-02T15:47:49Z</time>
   </trkpt>
   <trkpt lat="45.7327370" lon="4.7395330">
    <ele>308.6</ele>
    <time>2026-06-02T15:47:50Z</time>
   </trkpt>
   <trkpt lat="45.7327270" lon="4.7395420">
    <ele>308.5</ele>
    <time>2026-06-02T15:47:51Z</time>
   </trkpt>
   <trkpt lat="45.7326980" lon="4.7395440">
    <ele>308.4</ele>
    <time>2026-06-02T15:47:52Z</time>
   </trkpt>
   <trkpt lat="45.7326690" lon="4.7395550">
    <ele>308.3</ele>
    <time>2026-06-02T15:47:53Z</time>
   </trkpt>
   <trkpt lat="45.7326440" lon="4.7395830">
    <ele>308.2</ele>
    <time>2026-06-02T15:47:54Z</time>
   </trkpt>
   <trkpt lat="45.7326130" lon="4.7395960">
    <ele>308.1</ele>
    <time>2026-06-02T15:47:55Z</time>
   </trkpt>
   <trkpt lat="45.7325790" lon="4.7395870">
    <ele>308.0</ele>
    <time>2026-06-02T15:47:56Z</time>
   </trkpt>
   <trkpt lat="45.7325700" lon="4.7395870">
    <ele>308.0</ele>
    <time>2026-06-02T15:47:57Z</time>
   </trkpt>
   <trkpt lat="45.7325430" lon="4.7396110">
    <ele>307.9</ele>
    <time>2026-06-02T15:47:58Z</time>
   </trkpt>
   <trkpt lat="45.7325340" lon="4.7396200">
    <ele>307.8</ele>
    <time>2026-06-02T15:47:59Z</time>
   </trkpt>
   <trkpt lat="45.7325080" lon="4.7396360">
    <ele>307.7</ele>
    <time>2026-06-02T15:48:00Z</time>
   </trkpt>
   <trkpt lat="45.7324860" lon="4.7396610">
    <ele>307.6</ele>
    <time>2026-06-02T15:48:01Z</time>
   </trkpt>
   <trkpt lat="45.7324550" lon="4.7396780">
    <ele>307.5</ele>
    <time>2026-06-02T15:48:02Z</time>
   </trkpt>
   <trkpt lat="45.7324440" lon="4.7396810">
    <ele>307.5</ele>
    <time>2026-06-02T15:48:03Z</time>
   </trkpt>
   <trkpt lat="45.7324110" lon="4.7397040">
    <ele>307.4</ele>
    <time>2026-06-02T15:48:04Z</time>
   </trkpt>
   <trkpt lat="45.7324000" lon="4.7397160">
    <ele>307.3</ele>
    <time>2026-06-02T15:48:05Z</time>
   </trkpt>
   <trkpt lat="45.7323740" lon="4.7397550">
    <ele>307.2</ele>
    <time>2026-06-02T15:48:06Z</time>
   </trkpt>
   <trkpt lat="45.7323650" lon="4.7397630">
    <ele>307.2</ele>
    <time>2026-06-02T15:48:07Z</time>
   </trkpt>
   <trkpt lat="45.7323350" lon="4.7397930">
    <ele>307.1</ele>
    <time>2026-06-02T15:48:08Z</time>
   </trkpt>
   <trkpt lat="45.7323210" lon="4.7397960">
    <ele>307.0</ele>
    <time>2026-06-02T15:48:09Z</time>
   </trkpt>
   <trkpt lat="45.7322850" lon="4.7397980">
    <ele>306.9</ele>
    <time>2026-06-02T15:48:10Z</time>
   </trkpt>
   <trkpt lat="45.7322730" lon="4.7398070">
    <ele>306.9</ele>
    <time>2026-06-02T15:48:11Z</time>
   </trkpt>
   <trkpt lat="45.7322490" lon="4.7398320">
    <ele>306.8</ele>
    <time>2026-06-02T15:48:12Z</time>
   </trkpt>
   <trkpt lat="45.7322220" lon="4.7398590">
    <ele>306.7</ele>
    <time>2026-06-02T15:48:13Z</time>
   </trkpt>
   <trkpt lat="45.7322110" lon="4.7398680">
    <ele>306.7</ele>
    <time>2026-06-02T15:48:14Z</time>
   </trkpt>
   <trkpt lat="45.7321850" lon="4.7398860">
    <ele>306.6</ele>
    <time>2026-06-02T15:48:15Z</time>
   </trkpt>
   <trkpt lat="45.7321540" lon="4.7399000">
    <ele>306.5</ele>
    <time>2026-06-02T15:48:16Z</time>
   </trkpt>
   <trkpt lat="45.7321130" lon="4.7399060">
    <ele>306.4</ele>
    <time>2026-06-02T15:48:17Z</time>
   </trkpt>
   <trkpt lat="45.7320950" lon="4.7399100">
    <ele>306.3</ele>
    <time>2026-06-02T15:48:18Z</time>
   </trkpt>
   <trkpt lat="45.7320690" lon="4.7399270">
    <ele>306.3</ele>
    <time>2026-06-02T15:48:19Z</time>
   </trkpt>
   <trkpt lat="45.7320290" lon="4.7399480">
    <ele>306.2</ele>
    <time>2026-06-02T15:48:20Z</time>
   </trkpt>
   <trkpt lat="45.7320140" lon="4.7399540">
    <ele>306.2</ele>
    <time>2026-06-02T15:48:21Z</time>
   </trkpt>
   <trkpt lat="45.7319860" lon="4.7399780">
    <ele>306.1</ele>
    <time>2026-06-02T15:48:22Z</time>
   </trkpt>
   <trkpt lat="45.7319530" lon="4.7400080">
    <ele>306.1</ele>
    <time>2026-06-02T15:48:23Z</time>
   </trkpt>
   <trkpt lat="45.7319400" lon="4.7400190">
    <ele>306.1</ele>
    <time>2026-06-02T15:48:24Z</time>
   </trkpt>
   <trkpt lat="45.7319130" lon="4.7400430">
    <ele>306.1</ele>
    <time>2026-06-02T15:48:25Z</time>
   </trkpt>
   <trkpt lat="45.7318790" lon="4.7400670">
    <ele>306.1</ele>
    <time>2026-06-02T15:48:26Z</time>
   </trkpt>
   <trkpt lat="45.7318680" lon="4.7400760">
    <ele>306.1</ele>
    <time>2026-06-02T15:48:27Z</time>
   </trkpt>
   <trkpt lat="45.7318390" lon="4.7400990">
    <ele>306.1</ele>
    <time>2026-06-02T15:48:28Z</time>
   </trkpt>
   <trkpt lat="45.7318290" lon="4.7401120">
    <ele>306.1</ele>
    <time>2026-06-02T15:48:29Z</time>
   </trkpt>
   <trkpt lat="45.7318020" lon="4.7401380">
    <ele>306.1</ele>
    <time>2026-06-02T15:48:30Z</time>
   </trkpt>
   <trkpt lat="45.7317740" lon="4.7401550">
    <ele>306.1</ele>
    <time>2026-06-02T15:48:31Z</time>
   </trkpt>
   <trkpt lat="45.7317410" lon="4.7401770">
    <ele>306.2</ele>
    <time>2026-06-02T15:48:32Z</time>
   </trkpt>
   <trkpt lat="45.7317320" lon="4.7401860">
    <ele>306.2</ele>
    <time>2026-06-02T15:48:33Z</time>
   </trkpt>
   <trkpt lat="45.7317070" lon="4.7402080">
    <ele>306.2</ele>
    <time>2026-06-02T15:48:34Z</time>
   </trkpt>
   <trkpt lat="45.7316710" lon="4.7402170">
    <ele>306.3</ele>
    <time>2026-06-02T15:48:35Z</time>
   </trkpt>
   <trkpt lat="45.7316600" lon="4.7402210">
    <ele>306.3</ele>
    <time>2026-06-02T15:48:36Z</time>
   </trkpt>
   <trkpt lat="45.7316310" lon="4.7402320">
    <ele>306.3</ele>
    <time>2026-06-02T15:48:37Z</time>
   </trkpt>
   <trkpt lat="45.7316040" lon="4.7402490">
    <ele>306.4</ele>
    <time>2026-06-02T15:48:38Z</time>
   </trkpt>
   <trkpt lat="45.7315710" lon="4.7402790">
    <ele>306.4</ele>
    <time>2026-06-02T15:48:39Z</time>
   </trkpt>
   <trkpt lat="45.7315590" lon="4.7402890">
    <ele>306.4</ele>
    <time>2026-06-02T15:48:40Z</time>
   </trkpt>
   <trkpt lat="45.7315450" lon="4.7403390">
    <ele>306.5</ele>
    <time>2026-06-02T15:48:41Z</time>
   </trkpt>
   <trkpt lat="45.7315410" lon="4.7403850">
    <ele>306.5</ele>
    <time>2026-06-02T15:48:42Z</time>
   </trkpt>
   <trkpt lat="45.7315390" lon="4.7404250">
    <ele>306.5</ele>
    <time>2026-06-02T15:48:43Z</time>
   </trkpt>
   <trkpt lat="45.7315290" lon="4.7404720">
    <ele>306.5</ele>
    <time>2026-06-02T15:48:44Z</time>
   </trkpt>
   <trkpt lat="45.7315240" lon="4.7404860">
    <ele>306.4</ele>
    <time>2026-06-02T15:48:45Z</time>
   </trkpt>
   <trkpt lat="45.7315150" lon="4.7405390">
    <ele>306.4</ele>
    <time>2026-06-02T15:48:46Z</time>
   </trkpt>
   <trkpt lat="45.7315130" lon="4.7405610">
    <ele>306.4</ele>
    <time>2026-06-02T15:48:47Z</time>
   </trkpt>
   <trkpt lat="45.7315080" lon="4.7406090">
    <ele>306.4</ele>
    <time>2026-06-02T15:48:48Z</time>
   </trkpt>
   <trkpt lat="45.7315050" lon="4.7406250">
    <ele>306.4</ele>
    <time>2026-06-02T15:48:49Z</time>
   </trkpt>
   <trkpt lat="45.7315020" lon="4.7406770">
    <ele>306.4</ele>
    <time>2026-06-02T15:48:50Z</time>
   </trkpt>
   <trkpt lat="45.7315020" lon="4.7406940">
    <ele>306.4</ele>
    <time>2026-06-02T15:48:51Z</time>
   </trkpt>
   <trkpt lat="45.7314940" lon="4.7407380">
    <ele>306.4</ele>
    <time>2026-06-02T15:48:52Z</time>
   </trkpt>
   <trkpt lat="45.7314880" lon="4.7407540">
    <ele>306.4</ele>
    <time>2026-06-02T15:48:53Z</time>
   </trkpt>
   <trkpt lat="45.7314770" lon="4.7407940">
    <ele>306.4</ele>
    <time>2026-06-02T15:48:54Z</time>
   </trkpt>
   <trkpt lat="45.7314820" lon="4.7408380">
    <ele>306.4</ele>
    <time>2026-06-02T15:48:55Z</time>
   </trkpt>
   <trkpt lat="45.7314780" lon="4.7408900">
    <ele>306.5</ele>
    <time>2026-06-02T15:48:56Z</time>
   </trkpt>
   <trkpt lat="45.7314740" lon="4.7409080">
    <ele>306.5</ele>
    <time>2026-06-02T15:48:57Z</time>
   </trkpt>
   <trkpt lat="45.7314670" lon="4.7409500">
    <ele>306.5</ele>
    <time>2026-06-02T15:48:58Z</time>
   </trkpt>
   <trkpt lat="45.7314600" lon="4.7409910">
    <ele>306.5</ele>
    <time>2026-06-02T15:48:59Z</time>
   </trkpt>
   <trkpt lat="45.7314480" lon="4.7410310">
    <ele>306.5</ele>
    <time>2026-06-02T15:49:00Z</time>
   </trkpt>
   <trkpt lat="45.7314360" lon="4.7410800">
    <ele>306.6</ele>
    <time>2026-06-02T15:49:01Z</time>
   </trkpt>
   <trkpt lat="45.7314300" lon="4.7410940">
    <ele>306.6</ele>
    <time>2026-06-02T15:49:02Z</time>
   </trkpt>
   <trkpt lat="45.7314150" lon="4.7411400">
    <ele>306.6</ele>
    <time>2026-06-02T15:49:03Z</time>
   </trkpt>
   <trkpt lat="45.7314110" lon="4.7411590">
    <ele>306.6</ele>
    <time>2026-06-02T15:49:04Z</time>
   </trkpt>
   <trkpt lat="45.7314040" lon="4.7411970">
    <ele>306.6</ele>
    <time>2026-06-02T15:49:05Z</time>
   </trkpt>
   <trkpt lat="45.7313880" lon="4.7412430">
    <ele>306.6</ele>
    <time>2026-06-02T15:49:06Z</time>
   </trkpt>
   <trkpt lat="45.7313810" lon="4.7412600">
    <ele>306.6</ele>
    <time>2026-06-02T15:49:07Z</time>
   </trkpt>
   <trkpt lat="45.7313740" lon="4.7413090">
    <ele>306.7</ele>
    <time>2026-06-02T15:49:08Z</time>
   </trkpt>
   <trkpt lat="45.7313570" lon="4.7413560">
    <ele>306.7</ele>
    <time>2026-06-02T15:49:09Z</time>
   </trkpt>
   <trkpt lat="45.7313540" lon="4.7413700">
    <ele>306.7</ele>
    <time>2026-06-02T15:49:10Z</time>
   </trkpt>
   <trkpt lat="45.7313450" lon="4.7414080">
    <ele>306.7</ele>
    <time>2026-06-02T15:49:11Z</time>
   </trkpt>
   <trkpt lat="45.7313460" lon="4.7414670">
    <ele>306.7</ele>
    <time>2026-06-02T15:49:12Z</time>
   </trkpt>
   <trkpt lat="45.7313460" lon="4.7414890">
    <ele>306.7</ele>
    <time>2026-06-02T15:49:13Z</time>
   </trkpt>
   <trkpt lat="45.7313480" lon="4.7415400">
    <ele>306.7</ele>
    <time>2026-06-02T15:49:14Z</time>
   </trkpt>
   <trkpt lat="45.7313430" lon="4.7415900">
    <ele>306.7</ele>
    <time>2026-06-02T15:49:15Z</time>
   </trkpt>
   <trkpt lat="45.7313400" lon="4.7416060">
    <ele>306.8</ele>
    <time>2026-06-02T15:49:16Z</time>
   </trkpt>
   <trkpt lat="45.7313410" lon="4.7416580">
    <ele>306.8</ele>
    <time>2026-06-02T15:49:17Z</time>
   </trkpt>
   <trkpt lat="45.7313380" lon="4.7416740">
    <ele>306.8</ele>
    <time>2026-06-02T15:49:18Z</time>
   </trkpt>
   <trkpt lat="45.7313190" lon="4.7417220">
    <ele>306.8</ele>
    <time>2026-06-02T15:49:19Z</time>
   </trkpt>
   <trkpt lat="45.7313150" lon="4.7417380">
    <ele>306.8</ele>
    <time>2026-06-02T15:49:20Z</time>
   </trkpt>
   <trkpt lat="45.7313100" lon="4.7417800">
    <ele>306.8</ele>
    <time>2026-06-02T15:49:21Z</time>
   </trkpt>
   <trkpt lat="45.7313040" lon="4.7417950">
    <ele>306.8</ele>
    <time>2026-06-02T15:49:22Z</time>
   </trkpt>
   <trkpt lat="45.7312930" lon="4.7418370">
    <ele>306.8</ele>
    <time>2026-06-02T15:49:23Z</time>
   </trkpt>
   <trkpt lat="45.7312800" lon="4.7418780">
    <ele>306.8</ele>
    <time>2026-06-02T15:49:24Z</time>
   </trkpt>
   <trkpt lat="45.7312770" lon="4.7418940">
    <ele>306.8</ele>
    <time>2026-06-02T15:49:25Z</time>
   </trkpt>
   <trkpt lat="45.7312630" lon="4.7419310">
    <ele>306.8</ele>
    <time>2026-06-02T15:49:26Z</time>
   </trkpt>
   <trkpt lat="45.7312490" lon="4.7419830">
    <ele>306.8</ele>
    <time>2026-06-02T15:49:27Z</time>
   </trkpt>
   <trkpt lat="45.7312400" lon="4.7420000">
    <ele>306.8</ele>
    <time>2026-06-02T15:49:28Z</time>
   </trkpt>
   <trkpt lat="45.7312350" lon="4.7420400">
    <ele>306.8</ele>
    <time>2026-06-02T15:49:29Z</time>
   </trkpt>
   <trkpt lat="45.7312190" lon="4.7420790">
    <ele>306.7</ele>
    <time>2026-06-02T15:49:30Z</time>
   </trkpt>
   <trkpt lat="45.7312010" lon="4.7421210">
    <ele>306.7</ele>
    <time>2026-06-02T15:49:31Z</time>
   </trkpt>
   <trkpt lat="45.7311890" lon="4.7421370">
    <ele>306.7</ele>
    <time>2026-06-02T15:49:32Z</time>
   </trkpt>
   <trkpt lat="45.7311660" lon="4.7421640">
    <ele>306.7</ele>
    <time>2026-06-02T15:49:33Z</time>
   </trkpt>
   <trkpt lat="45.7311490" lon="4.7422130">
    <ele>306.6</ele>
    <time>2026-06-02T15:49:34Z</time>
   </trkpt>
   <trkpt lat="45.7311410" lon="4.7422270">
    <ele>306.6</ele>
    <time>2026-06-02T15:49:35Z</time>
   </trkpt>
   <trkpt lat="45.7311280" lon="4.7422790">
    <ele>306.6</ele>
    <time>2026-06-02T15:49:36Z</time>
   </trkpt>
   <trkpt lat="45.7311220" lon="4.7422970">
    <ele>306.5</ele>
    <time>2026-06-02T15:49:37Z</time>
   </trkpt>
   <trkpt lat="45.7310960" lon="4.7423400">
    <ele>306.5</ele>
    <time>2026-06-02T15:49:38Z</time>
   </trkpt>
   <trkpt lat="45.7310820" lon="4.7423520">
    <ele>306.5</ele>
    <time>2026-06-02T15:49:39Z</time>
   </trkpt>
   <trkpt lat="45.7310720" lon="4.7423960">
    <ele>306.5</ele>
    <time>2026-06-02T15:49:40Z</time>
   </trkpt>
   <trkpt lat="45.7310530" lon="4.7424290">
    <ele>306.4</ele>
    <time>2026-06-02T15:49:41Z</time>
   </trkpt>
   <trkpt lat="45.7310500" lon="4.7424710">
    <ele>306.4</ele>
    <time>2026-06-02T15:49:42Z</time>
   </trkpt>
   <trkpt lat="45.7310310" lon="4.7425240">
    <ele>306.4</ele>
    <time>2026-06-02T15:49:43Z</time>
   </trkpt>
   <trkpt lat="45.7310230" lon="4.7425440">
    <ele>306.4</ele>
    <time>2026-06-02T15:49:44Z</time>
   </trkpt>
   <trkpt lat="45.7310100" lon="4.7425780">
    <ele>306.3</ele>
    <time>2026-06-02T15:49:45Z</time>
   </trkpt>
   <trkpt lat="45.7309960" lon="4.7426130">
    <ele>306.3</ele>
    <time>2026-06-02T15:49:46Z</time>
   </trkpt>
   <trkpt lat="45.7309770" lon="4.7426550">
    <ele>306.3</ele>
    <time>2026-06-02T15:49:47Z</time>
   </trkpt>
   <trkpt lat="45.7309720" lon="4.7426750">
    <ele>306.3</ele>
    <time>2026-06-02T15:49:48Z</time>
   </trkpt>
   <trkpt lat="45.7309650" lon="4.7427180">
    <ele>306.3</ele>
    <time>2026-06-02T15:49:49Z</time>
   </trkpt>
   <trkpt lat="45.7309420" lon="4.7427630">
    <ele>306.4</ele>
    <time>2026-06-02T15:49:50Z</time>
   </trkpt>
   <trkpt lat="45.7309320" lon="4.7427730">
    <ele>306.4</ele>
    <time>2026-06-02T15:49:51Z</time>
   </trkpt>
   <trkpt lat="45.7309250" lon="4.7428220">
    <ele>306.4</ele>
    <time>2026-06-02T15:49:52Z</time>
   </trkpt>
   <trkpt lat="45.7309030" lon="4.7428590">
    <ele>306.4</ele>
    <time>2026-06-02T15:49:53Z</time>
   </trkpt>
   <trkpt lat="45.7308930" lon="4.7429000">
    <ele>306.4</ele>
    <time>2026-06-02T15:49:54Z</time>
   </trkpt>
   <trkpt lat="45.7308880" lon="4.7429110">
    <ele>306.5</ele>
    <time>2026-06-02T15:49:55Z</time>
   </trkpt>
   <trkpt lat="45.7308870" lon="4.7429530">
    <ele>306.5</ele>
    <time>2026-06-02T15:49:56Z</time>
   </trkpt>
   <trkpt lat="45.7308770" lon="4.7429910">
    <ele>306.5</ele>
    <time>2026-06-02T15:49:57Z</time>
   </trkpt>
   <trkpt lat="45.7308540" lon="4.7430380">
    <ele>306.6</ele>
    <time>2026-06-02T15:49:58Z</time>
   </trkpt>
   <trkpt lat="45.7308460" lon="4.7430530">
    <ele>306.6</ele>
    <time>2026-06-02T15:49:59Z</time>
   </trkpt>
   <trkpt lat="45.7308230" lon="4.7430820">
    <ele>306.7</ele>
    <time>2026-06-02T15:50:00Z</time>
   </trkpt>
   <trkpt lat="45.7308090" lon="4.7431150">
    <ele>306.7</ele>
    <time>2026-06-02T15:50:01Z</time>
   </trkpt>
   <trkpt lat="45.7307960" lon="4.7431680">
    <ele>306.8</ele>
    <time>2026-06-02T15:50:02Z</time>
   </trkpt>
   <trkpt lat="45.7307940" lon="4.7431880">
    <ele>306.8</ele>
    <time>2026-06-02T15:50:03Z</time>
   </trkpt>
   <trkpt lat="45.7307970" lon="4.7432270">
    <ele>306.7</ele>
    <time>2026-06-02T15:50:04Z</time>
   </trkpt>
   <trkpt lat="45.7308090" lon="4.7432810">
    <ele>306.7</ele>
    <time>2026-06-02T15:50:05Z</time>
   </trkpt>
   <trkpt lat="45.7308220" lon="4.7433030">
    <ele>306.7</ele>
    <time>2026-06-02T15:50:06Z</time>
   </trkpt>
   <trkpt lat="45.7308240" lon="4.7433590">
    <ele>306.7</ele>
    <time>2026-06-02T15:50:07Z</time>
   </trkpt>
   <trkpt lat="45.7308230" lon="4.7433790">
    <ele>306.6</ele>
    <time>2026-06-02T15:50:08Z</time>
   </trkpt>
   <trkpt lat="45.7308310" lon="4.7434210">
    <ele>306.6</ele>
    <time>2026-06-02T15:50:09Z</time>
   </trkpt>
   <trkpt lat="45.7308390" lon="4.7434680">
    <ele>306.6</ele>
    <time>2026-06-02T15:50:10Z</time>
   </trkpt>
   <trkpt lat="45.7308410" lon="4.7434830">
    <ele>306.6</ele>
    <time>2026-06-02T15:50:11Z</time>
   </trkpt>
   <trkpt lat="45.7308520" lon="4.7435300">
    <ele>306.6</ele>
    <time>2026-06-02T15:50:12Z</time>
   </trkpt>
   <trkpt lat="45.7308570" lon="4.7435420">
    <ele>306.6</ele>
    <time>2026-06-02T15:50:13Z</time>
   </trkpt>
   <trkpt lat="45.7308650" lon="4.7435880">
    <ele>306.6</ele>
    <time>2026-06-02T15:50:14Z</time>
   </trkpt>
   <trkpt lat="45.7308660" lon="4.7436080">
    <ele>306.6</ele>
    <time>2026-06-02T15:50:15Z</time>
   </trkpt>
   <trkpt lat="45.7308680" lon="4.7436490">
    <ele>306.6</ele>
    <time>2026-06-02T15:50:16Z</time>
   </trkpt>
   <trkpt lat="45.7308660" lon="4.7436870">
    <ele>306.6</ele>
    <time>2026-06-02T15:50:17Z</time>
   </trkpt>
   <trkpt lat="45.7308640" lon="4.7437010">
    <ele>306.6</ele>
    <time>2026-06-02T15:50:18Z</time>
   </trkpt>
   <trkpt lat="45.7308700" lon="4.7437430">
    <ele>306.6</ele>
    <time>2026-06-02T15:50:19Z</time>
   </trkpt>
   <trkpt lat="45.7308770" lon="4.7438020">
    <ele>306.6</ele>
    <time>2026-06-02T15:50:20Z</time>
   </trkpt>
   <trkpt lat="45.7308780" lon="4.7438260">
    <ele>306.6</ele>
    <time>2026-06-02T15:50:21Z</time>
   </trkpt>
   <trkpt lat="45.7308870" lon="4.7438870">
    <ele>306.6</ele>
    <time>2026-06-02T15:50:22Z</time>
   </trkpt>
   <trkpt lat="45.7308850" lon="4.7439270">
    <ele>306.6</ele>
    <time>2026-06-02T15:50:23Z</time>
   </trkpt>
   <trkpt lat="45.7309040" lon="4.7439600">
    <ele>306.5</ele>
    <time>2026-06-02T15:50:24Z</time>
   </trkpt>
   <trkpt lat="45.7309140" lon="4.7439990">
    <ele>306.5</ele>
    <time>2026-06-02T15:50:25Z</time>
   </trkpt>
   <trkpt lat="45.7309250" lon="4.7440480">
    <ele>306.5</ele>
    <time>2026-06-02T15:50:26Z</time>
   </trkpt>
   <trkpt lat="45.7309420" lon="4.7440860">
    <ele>306.5</ele>
    <time>2026-06-02T15:50:27Z</time>
   </trkpt>
   <trkpt lat="45.7309450" lon="4.7441460">
    <ele>306.4</ele>
    <time>2026-06-02T15:50:28Z</time>
   </trkpt>
   <trkpt lat="45.7309440" lon="4.7441680">
    <ele>306.4</ele>
    <time>2026-06-02T15:50:29Z</time>
   </trkpt>
   <trkpt lat="45.7309570" lon="4.7442120">
    <ele>306.4</ele>
    <time>2026-06-02T15:50:30Z</time>
   </trkpt>
   <trkpt lat="45.7309630" lon="4.7442280">
    <ele>306.4</ele>
    <time>2026-06-02T15:50:31Z</time>
   </trkpt>
   <trkpt lat="45.7309590" lon="4.7442750">
    <ele>306.4</ele>
    <time>2026-06-02T15:50:32Z</time>
   </trkpt>
   <trkpt lat="45.7309800" lon="4.7443230">
    <ele>306.3</ele>
    <time>2026-06-02T15:50:33Z</time>
   </trkpt>
   <trkpt lat="45.7309850" lon="4.7443410">
    <ele>306.3</ele>
    <time>2026-06-02T15:50:34Z</time>
   </trkpt>
   <trkpt lat="45.7309820" lon="4.7443890">
    <ele>306.3</ele>
    <time>2026-06-02T15:50:35Z</time>
   </trkpt>
   <trkpt lat="45.7309930" lon="4.7444390">
    <ele>306.2</ele>
    <time>2026-06-02T15:50:36Z</time>
   </trkpt>
   <trkpt lat="45.7309950" lon="4.7444590">
    <ele>306.2</ele>
    <time>2026-06-02T15:50:37Z</time>
   </trkpt>
   <trkpt lat="45.7310000" lon="4.7445100">
    <ele>306.2</ele>
    <time>2026-06-02T15:50:38Z</time>
   </trkpt>
   <trkpt lat="45.7310190" lon="4.7445430">
    <ele>306.1</ele>
    <time>2026-06-02T15:50:39Z</time>
   </trkpt>
   <trkpt lat="45.7310280" lon="4.7445960">
    <ele>306.1</ele>
    <time>2026-06-02T15:50:40Z</time>
   </trkpt>
   <trkpt lat="45.7310270" lon="4.7446150">
    <ele>306.0</ele>
    <time>2026-06-02T15:50:41Z</time>
   </trkpt>
   <trkpt lat="45.7310310" lon="4.7446650">
    <ele>306.0</ele>
    <time>2026-06-02T15:50:42Z</time>
   </trkpt>
   <trkpt lat="45.7310270" lon="4.7446860">
    <ele>306.0</ele>
    <time>2026-06-02T15:50:43Z</time>
   </trkpt>
   <trkpt lat="45.7310240" lon="4.7447320">
    <ele>305.9</ele>
    <time>2026-06-02T15:50:44Z</time>
   </trkpt>
   <trkpt lat="45.7310410" lon="4.7447810">
    <ele>305.8</ele>
    <time>2026-06-02T15:50:45Z</time>
   </trkpt>
   <trkpt lat="45.7310490" lon="4.7447990">
    <ele>305.8</ele>
    <time>2026-06-02T15:50:46Z</time>
   </trkpt>
   <trkpt lat="45.7310390" lon="4.7448460">
    <ele>305.8</ele>
    <time>2026-06-02T15:50:47Z</time>
   </trkpt>
   <trkpt lat="45.7310390" lon="4.7448970">
    <ele>305.7</ele>
    <time>2026-06-02T15:50:48Z</time>
   </trkpt>
   <trkpt lat="45.7310390" lon="4.7449130">
    <ele>305.7</ele>
    <time>2026-06-02T15:50:49Z</time>
   </trkpt>
   <trkpt lat="45.7310270" lon="4.7449600">
    <ele>305.6</ele>
    <time>2026-06-02T15:50:50Z</time>
   </trkpt>
   <trkpt lat="45.7310200" lon="4.7449790">
    <ele>305.6</ele>
    <time>2026-06-02T15:50:51Z</time>
   </trkpt>
   <trkpt lat="45.7310110" lon="4.7450150">
    <ele>305.6</ele>
    <time>2026-06-02T15:50:52Z</time>
   </trkpt>
   <trkpt lat="45.7310140" lon="4.7450670">
    <ele>305.5</ele>
    <time>2026-06-02T15:50:53Z</time>
   </trkpt>
   <trkpt lat="45.7310130" lon="4.7450840">
    <ele>305.5</ele>
    <time>2026-06-02T15:50:54Z</time>
   </trkpt>
   <trkpt lat="45.7310110" lon="4.7451250">
    <ele>305.4</ele>
    <time>2026-06-02T15:50:55Z</time>
   </trkpt>
   <trkpt lat="45.7310070" lon="4.7451670">
    <ele>305.4</ele>
    <time>2026-06-02T15:50:56Z</time>
   </trkpt>
   <trkpt lat="45.7310040" lon="4.7452060">
    <ele>305.3</ele>
    <time>2026-06-02T15:50:57Z</time>
   </trkpt>
   <trkpt lat="45.7309930" lon="4.7452500">
    <ele>305.3</ele>
    <time>2026-06-02T15:50:58Z</time>
   </trkpt>
   <trkpt lat="45.7309830" lon="4.7453090">
    <ele>305.2</ele>
    <time>2026-06-02T15:50:59Z</time>
   </trkpt>
   <trkpt lat="45.7309810" lon="4.7453320">
    <ele>305.2</ele>
    <time>2026-06-02T15:51:00Z</time>
   </trkpt>
   <trkpt lat="45.7309860" lon="4.7453730">
    <ele>305.2</ele>
    <time>2026-06-02T15:51:01Z</time>
   </trkpt>
   <trkpt lat="45.7309920" lon="4.7454180">
    <ele>305.1</ele>
    <time>2026-06-02T15:51:02Z</time>
   </trkpt>
   <trkpt lat="45.7309870" lon="4.7454790">
    <ele>305.0</ele>
    <time>2026-06-02T15:51:03Z</time>
   </trkpt>
   <trkpt lat="45.7309830" lon="4.7455030">
    <ele>305.0</ele>
    <time>2026-06-02T15:51:04Z</time>
   </trkpt>
   <trkpt lat="45.7309790" lon="4.7455280">
    <ele>305.0</ele>
    <time>2026-06-02T15:51:32Z</time>
   </trkpt>
   <trkpt lat="45.7309740" lon="4.7455530">
    <ele>304.9</ele>
    <time>2026-06-02T15:51:33Z</time>
   </trkpt>
   <trkpt lat="45.7309700" lon="4.7455770">
    <ele>304.9</ele>
    <time>2026-06-02T15:51:34Z</time>
   </trkpt>
   <trkpt lat="45.7309660" lon="4.7456020">
    <ele>304.9</ele>
    <time>2026-06-02T15:51:35Z</time>
   </trkpt>
   <trkpt lat="45.7309790" lon="4.7456420">
    <ele>304.8</ele>
    <time>2026-06-02T15:51:36Z</time>
   </trkpt>
   <trkpt lat="45.7309880" lon="4.7456590">
    <ele>304.8</ele>
    <time>2026-06-02T15:51:37Z</time>
   </trkpt>
   <trkpt lat="45.7309990" lon="4.7456840">
    <ele>304.7</ele>
    <time>2026-06-02T15:51:38Z</time>
   </trkpt>
   <trkpt lat="45.7310070" lon="4.7457040">
    <ele>304.5</ele>
    <time>2026-06-02T15:51:39Z</time>
   </trkpt>
   <trkpt lat="45.7310160" lon="4.7457250">
    <ele>304.4</ele>
    <time>2026-06-02T15:51:40Z</time>
   </trkpt>
   <trkpt lat="45.7310400" lon="4.7457480">
    <ele>304.1</ele>
    <time>2026-06-02T15:51:41Z</time>
   </trkpt>
   <trkpt lat="45.7310730" lon="4.7457350">
    <ele>303.8</ele>
    <time>2026-06-02T15:51:42Z</time>
   </trkpt>
   <trkpt lat="45.7310870" lon="4.7457280">
    <ele>303.7</ele>
    <time>2026-06-02T15:51:43Z</time>
   </trkpt>
   <trkpt lat="45.7311180" lon="4.7457200">
    <ele>303.4</ele>
    <time>2026-06-02T15:51:44Z</time>
   </trkpt>
   <trkpt lat="45.7311240" lon="4.7457110">
    <ele>303.3</ele>
    <time>2026-06-02T15:51:45Z</time>
   </trkpt>
   <trkpt lat="45.7311460" lon="4.7457010">
    <ele>303.1</ele>
    <time>2026-06-02T15:51:46Z</time>
   </trkpt>
   <trkpt lat="45.7311530" lon="4.7457000">
    <ele>303.0</ele>
    <time>2026-06-02T15:51:47Z</time>
   </trkpt>
   <trkpt lat="45.7311850" lon="4.7457040">
    <ele>302.8</ele>
    <time>2026-06-02T15:51:48Z</time>
   </trkpt>
   <trkpt lat="45.7312210" lon="4.7457180">
    <ele>302.5</ele>
    <time>2026-06-02T15:51:49Z</time>
   </trkpt>
   <trkpt lat="45.7312580" lon="4.7457300">
    <ele>302.2</ele>
    <time>2026-06-02T15:51:50Z</time>
   </trkpt>
   <trkpt lat="45.7312720" lon="4.7457390">
    <ele>302.1</ele>
    <time>2026-06-02T15:51:51Z</time>
   </trkpt>
   <trkpt lat="45.7313090" lon="4.7457530">
    <ele>301.9</ele>
    <time>2026-06-02T15:51:52Z</time>
   </trkpt>
   <trkpt lat="45.7313210" lon="4.7457550">
    <ele>301.8</ele>
    <time>2026-06-02T15:51:53Z</time>
   </trkpt>
   <trkpt lat="45.7313480" lon="4.7457450">
    <ele>301.6</ele>
    <time>2026-06-02T15:51:54Z</time>
   </trkpt>
   <trkpt lat="45.7313730" lon="4.7457260">
    <ele>301.5</ele>
    <time>2026-06-02T15:51:55Z</time>
   </trkpt>
   <trkpt lat="45.7314020" lon="4.7457220">
    <ele>301.3</ele>
    <time>2026-06-02T15:51:56Z</time>
   </trkpt>
   <trkpt lat="45.7314360" lon="4.7457310">
    <ele>301.1</ele>
    <time>2026-06-02T15:51:57Z</time>
   </trkpt>
   <trkpt lat="45.7314490" lon="4.7457400">
    <ele>301.0</ele>
    <time>2026-06-02T15:51:58Z</time>
   </trkpt>
   <trkpt lat="45.7314770" lon="4.7457390">
    <ele>300.9</ele>
    <time>2026-06-02T15:51:59Z</time>
   </trkpt>
   <trkpt lat="45.7315090" lon="4.7457280">
    <ele>300.8</ele>
    <time>2026-06-02T15:52:00Z</time>
   </trkpt>
   <trkpt lat="45.7315370" lon="4.7457150">
    <ele>300.6</ele>
    <time>2026-06-02T15:52:01Z</time>
   </trkpt>
   <trkpt lat="45.7315670" lon="4.7457080">
    <ele>300.5</ele>
    <time>2026-06-02T15:52:02Z</time>
   </trkpt>
   <trkpt lat="45.7315950" lon="4.7456920">
    <ele>300.4</ele>
    <time>2026-06-02T15:52:03Z</time>
   </trkpt>
   <trkpt lat="45.7316310" lon="4.7457030">
    <ele>300.3</ele>
    <time>2026-06-02T15:52:04Z</time>
   </trkpt>
   <trkpt lat="45.7316440" lon="4.7457110">
    <ele>300.2</ele>
    <time>2026-06-02T15:52:05Z</time>
   </trkpt>
   <trkpt lat="45.7316710" lon="4.7457030">
    <ele>300.1</ele>
    <time>2026-06-02T15:52:06Z</time>
   </trkpt>
   <trkpt lat="45.7316990" lon="4.7457010">
    <ele>300.1</ele>
    <time>2026-06-02T15:52:07Z</time>
   </trkpt>
   <trkpt lat="45.7317280" lon="4.7456870">
    <ele>300.0</ele>
    <time>2026-06-02T15:52:08Z</time>
   </trkpt>
   <trkpt lat="45.7317650" lon="4.7456720">
    <ele>299.9</ele>
    <time>2026-06-02T15:52:09Z</time>
   </trkpt>
   <trkpt lat="45.7317800" lon="4.7456710">
    <ele>299.9</ele>
    <time>2026-06-02T15:52:10Z</time>
   </trkpt>
   <trkpt lat="45.7318180" lon="4.7456650">
    <ele>299.8</ele>
    <time>2026-06-02T15:52:11Z</time>
   </trkpt>
   <trkpt lat="45.7318310" lon="4.7456620">
    <ele>299.8</ele>
    <time>2026-06-02T15:52:12Z</time>
   </trkpt>
   <trkpt lat="45.7318580" lon="4.7456620">
    <ele>299.8</ele>
    <time>2026-06-02T15:52:13Z</time>
   </trkpt>
   <trkpt lat="45.7318850" lon="4.7456520">
    <ele>299.7</ele>
    <time>2026-06-02T15:52:14Z</time>
   </trkpt>
   <trkpt lat="45.7319150" lon="4.7456530">
    <ele>299.7</ele>
    <time>2026-06-02T15:52:15Z</time>
   </trkpt>
   <trkpt lat="45.7319530" lon="4.7456530">
    <ele>299.7</ele>
    <time>2026-06-02T15:52:16Z</time>
   </trkpt>
   <trkpt lat="45.7319660" lon="4.7456540">
    <ele>299.6</ele>
    <time>2026-06-02T15:52:17Z</time>
   </trkpt>
   <trkpt lat="45.7320030" lon="4.7456470">
    <ele>299.6</ele>
    <time>2026-06-02T15:52:18Z</time>
   </trkpt>
   <trkpt lat="45.7320150" lon="4.7456480">
    <ele>299.6</ele>
    <time>2026-06-02T15:52:19Z</time>
   </trkpt>
   <trkpt lat="45.7320410" lon="4.7456610">
    <ele>299.6</ele>
    <time>2026-06-02T15:52:20Z</time>
   </trkpt>
   <trkpt lat="45.7320840" lon="4.7456580">
    <ele>299.6</ele>
    <time>2026-06-02T15:52:21Z</time>
   </trkpt>
   <trkpt lat="45.7320990" lon="4.7456490">
    <ele>299.6</ele>
    <time>2026-06-02T15:52:22Z</time>
   </trkpt>
   <trkpt lat="45.7321360" lon="4.7456430">
    <ele>299.6</ele>
    <time>2026-06-02T15:52:23Z</time>
   </trkpt>
   <trkpt lat="45.7321480" lon="4.7456410">
    <ele>299.6</ele>
    <time>2026-06-02T15:52:24Z</time>
   </trkpt>
   <trkpt lat="45.7321820" lon="4.7456510">
    <ele>299.6</ele>
    <time>2026-06-02T15:52:25Z</time>
   </trkpt>
   <trkpt lat="45.7321970" lon="4.7456540">
    <ele>299.7</ele>
    <time>2026-06-02T15:52:26Z</time>
   </trkpt>
   <trkpt lat="45.7322260" lon="4.7456330">
    <ele>299.7</ele>
    <time>2026-06-02T15:52:27Z</time>
   </trkpt>
   <trkpt lat="45.7322540" lon="4.7456210">
    <ele>299.7</ele>
    <time>2026-06-02T15:52:28Z</time>
   </trkpt>
   <trkpt lat="45.7322920" lon="4.7456220">
    <ele>299.7</ele>
    <time>2026-06-02T15:52:29Z</time>
   </trkpt>
   <trkpt lat="45.7323060" lon="4.7456260">
    <ele>299.7</ele>
    <time>2026-06-02T15:52:30Z</time>
   </trkpt>
   <trkpt lat="45.7323340" lon="4.7456320">
    <ele>299.7</ele>
    <time>2026-06-02T15:52:31Z</time>
   </trkpt>
   <trkpt lat="45.7323600" lon="4.7456320">
    <ele>299.7</ele>
    <time>2026-06-02T15:52:32Z</time>
   </trkpt>
   <trkpt lat="45.7323720" lon="4.7456370">
    <ele>299.7</ele>
    <time>2026-06-02T15:52:33Z</time>
   </trkpt>
   <trkpt lat="45.7324070" lon="4.7456310">
    <ele>299.6</ele>
    <time>2026-06-02T15:52:34Z</time>
   </trkpt>
   <trkpt lat="45.7324440" lon="4.7456450">
    <ele>299.6</ele>
    <time>2026-06-02T15:52:35Z</time>
   </trkpt>
   <trkpt lat="45.7324580" lon="4.7456440">
    <ele>299.6</ele>
    <time>2026-06-02T15:52:36Z</time>
   </trkpt>
   <trkpt lat="45.7324910" lon="4.7456560">
    <ele>299.6</ele>
    <time>2026-06-02T15:52:37Z</time>
   </trkpt>
   <trkpt lat="45.7324980" lon="4.7456600">
    <ele>299.6</ele>
    <time>2026-06-02T15:52:38Z</time>
   </trkpt>
   <trkpt lat="45.7325210" lon="4.7456830">
    <ele>299.6</ele>
    <time>2026-06-02T15:52:39Z</time>
   </trkpt>
   <trkpt lat="45.7325530" lon="4.7457200">
    <ele>299.6</ele>
    <time>2026-06-02T15:52:40Z</time>
   </trkpt>
   <trkpt lat="45.7325700" lon="4.7457600">
    <ele>299.6</ele>
    <time>2026-06-02T15:52:41Z</time>
   </trkpt>
   <trkpt lat="45.7325970" lon="4.7458030">
    <ele>299.5</ele>
    <time>2026-06-02T15:52:42Z</time>
   </trkpt>
   <trkpt lat="45.7326070" lon="4.7458220">
    <ele>299.5</ele>
    <time>2026-06-02T15:52:43Z</time>
   </trkpt>
   <trkpt lat="45.7326280" lon="4.7458580">
    <ele>299.3</ele>
    <time>2026-06-02T15:52:44Z</time>
   </trkpt>
   <trkpt lat="45.7326360" lon="4.7458740">
    <ele>299.3</ele>
    <time>2026-06-02T15:52:45Z</time>
   </trkpt>
   <trkpt lat="45.7326600" lon="4.7459120">
    <ele>299.0</ele>
    <time>2026-06-02T15:52:46Z</time>
   </trkpt>
   <trkpt lat="45.7326750" lon="4.7459510">
    <ele>298.8</ele>
    <time>2026-06-02T15:52:47Z</time>
   </trkpt>
   <trkpt lat="45.7326930" lon="4.7459940">
    <ele>298.6</ele>
    <time>2026-06-02T15:52:48Z</time>
   </trkpt>
   <trkpt lat="45.7326990" lon="4.7460070">
    <ele>298.5</ele>
    <time>2026-06-02T15:52:49Z</time>
   </trkpt>
   <trkpt lat="45.7327140" lon="4.7460400">
    <ele>298.3</ele>
    <time>2026-06-02T15:52:50Z</time>
   </trkpt>
   <trkpt lat="45.7327300" lon="4.7460930">
    <ele>298.0</ele>
    <time>2026-06-02T15:52:51Z</time>
   </trkpt>
   <trkpt lat="45.7327370" lon="4.7461120">
    <ele>297.9</ele>
    <time>2026-06-02T15:52:52Z</time>
   </trkpt>
   <trkpt lat="45.7327490" lon="4.7461520">
    <ele>297.6</ele>
    <time>2026-06-02T15:52:53Z</time>
   </trkpt>
   <trkpt lat="45.7327650" lon="4.7461990">
    <ele>297.4</ele>
    <time>2026-06-02T15:52:54Z</time>
   </trkpt>
   <trkpt lat="45.7327710" lon="4.7462190">
    <ele>297.2</ele>
    <time>2026-06-02T15:52:55Z</time>
   </trkpt>
   <trkpt lat="45.7327910" lon="4.7462610">
    <ele>297.0</ele>
    <time>2026-06-02T15:52:56Z</time>
   </trkpt>
   <trkpt lat="45.7327990" lon="4.7463010">
    <ele>296.7</ele>
    <time>2026-06-02T15:52:57Z</time>
   </trkpt>
   <trkpt lat="45.7328130" lon="4.7463390">
    <ele>296.5</ele>
    <time>2026-06-02T15:52:58Z</time>
   </trkpt>
   <trkpt lat="45.7328210" lon="4.7463520">
    <ele>296.4</ele>
    <time>2026-06-02T15:52:59Z</time>
   </trkpt>
   <trkpt lat="45.7328400" lon="4.7464000">
    <ele>296.0</ele>
    <time>2026-06-02T15:53:00Z</time>
   </trkpt>
   <trkpt lat="45.7328470" lon="4.7464160">
    <ele>295.9</ele>
    <time>2026-06-02T15:53:01Z</time>
   </trkpt>
   <trkpt lat="45.7328640" lon="4.7464600">
    <ele>295.6</ele>
    <time>2026-06-02T15:53:02Z</time>
   </trkpt>
   <trkpt lat="45.7328690" lon="4.7464750">
    <ele>295.5</ele>
    <time>2026-06-02T15:53:03Z</time>
   </trkpt>
   <trkpt lat="45.7328840" lon="4.7465290">
    <ele>295.2</ele>
    <time>2026-06-02T15:53:04Z</time>
   </trkpt>
   <trkpt lat="45.7328930" lon="4.7465480">
    <ele>295.0</ele>
    <time>2026-06-02T15:53:05Z</time>
   </trkpt>
   <trkpt lat="45.7329160" lon="4.7465930">
    <ele>294.7</ele>
    <time>2026-06-02T15:53:06Z</time>
   </trkpt>
   <trkpt lat="45.7329390" lon="4.7466380">
    <ele>294.3</ele>
    <time>2026-06-02T15:53:07Z</time>
   </trkpt>
   <trkpt lat="45.7329490" lon="4.7466530">
    <ele>294.2</ele>
    <time>2026-06-02T15:53:08Z</time>
   </trkpt>
   <trkpt lat="45.7329790" lon="4.7466900">
    <ele>293.8</ele>
    <time>2026-06-02T15:53:09Z</time>
   </trkpt>
   <trkpt lat="45.7329870" lon="4.7467090">
    <ele>293.7</ele>
    <time>2026-06-02T15:53:10Z</time>
   </trkpt>
   <trkpt lat="45.7330000" lon="4.7467460">
    <ele>293.4</ele>
    <time>2026-06-02T15:53:11Z</time>
   </trkpt>
   <trkpt lat="45.7330300" lon="4.7467780">
    <ele>293.1</ele>
    <time>2026-06-02T15:53:12Z</time>
   </trkpt>
   <trkpt lat="45.7330490" lon="4.7468260">
    <ele>292.7</ele>
    <time>2026-06-02T15:53:13Z</time>
   </trkpt>
   <trkpt lat="45.7330570" lon="4.7468430">
    <ele>292.6</ele>
    <time>2026-06-02T15:53:14Z</time>
   </trkpt>
   <trkpt lat="45.7330760" lon="4.7468720">
    <ele>292.3</ele>
    <time>2026-06-02T15:53:15Z</time>
   </trkpt>
   <trkpt lat="45.7330970" lon="4.7469100">
    <ele>292.0</ele>
    <time>2026-06-02T15:53:16Z</time>
   </trkpt>
   <trkpt lat="45.7331160" lon="4.7469370">
    <ele>291.8</ele>
    <time>2026-06-02T15:53:17Z</time>
   </trkpt>
   <trkpt lat="45.7331470" lon="4.7469680">
    <ele>291.4</ele>
    <time>2026-06-02T15:53:18Z</time>
   </trkpt>
   <trkpt lat="45.7331520" lon="4.7470100">
    <ele>291.2</ele>
    <time>2026-06-02T15:53:19Z</time>
   </trkpt>
   <trkpt lat="45.7331790" lon="4.7470460">
    <ele>290.8</ele>
    <time>2026-06-02T15:53:20Z</time>
   </trkpt>
   <trkpt lat="45.7331910" lon="4.7470590">
    <ele>290.7</ele>
    <time>2026-06-02T15:53:21Z</time>
   </trkpt>
   <trkpt lat="45.7332070" lon="4.7470920">
    <ele>290.4</ele>
    <time>2026-06-02T15:53:22Z</time>
   </trkpt>
   <trkpt lat="45.7332340" lon="4.7471150">
    <ele>290.2</ele>
    <time>2026-06-02T15:53:23Z</time>
   </trkpt>
   <trkpt lat="45.7332590" lon="4.7471430">
    <ele>289.9</ele>
    <time>2026-06-02T15:53:24Z</time>
   </trkpt>
   <trkpt lat="45.7332820" lon="4.7471710">
    <ele>289.6</ele>
    <time>2026-06-02T15:53:25Z</time>
   </trkpt>
   <trkpt lat="45.7333050" lon="4.7472030">
    <ele>289.3</ele>
    <time>2026-06-02T15:53:26Z</time>
   </trkpt>
   <trkpt lat="45.7333320" lon="4.7472280">
    <ele>289.0</ele>
    <time>2026-06-02T15:53:27Z</time>
   </trkpt>
   <trkpt lat="45.7333620" lon="4.7472490">
    <ele>288.7</ele>
    <time>2026-06-02T15:53:28Z</time>
   </trkpt>
   <trkpt lat="45.7333970" lon="4.7472770">
    <ele>288.3</ele>
    <time>2026-06-02T15:53:29Z</time>
   </trkpt>
   <trkpt lat="45.7334070" lon="4.7472880">
    <ele>288.2</ele>
    <time>2026-06-02T15:53:30Z</time>
   </trkpt>
   <trkpt lat="45.7334320" lon="4.7473220">
    <ele>287.9</ele>
    <time>2026-06-02T15:53:31Z</time>
   </trkpt>
   <trkpt lat="45.7334660" lon="4.7473540">
    <ele>287.6</ele>
    <time>2026-06-02T15:53:32Z</time>
   </trkpt>
   <trkpt lat="45.7334780" lon="4.7473690">
    <ele>287.5</ele>
    <time>2026-06-02T15:53:33Z</time>
   </trkpt>
   <trkpt lat="45.7335030" lon="4.7473950">
    <ele>287.3</ele>
    <time>2026-06-02T15:53:34Z</time>
   </trkpt>
   <trkpt lat="45.7335320" lon="4.7474290">
    <ele>287.0</ele>
    <time>2026-06-02T15:53:35Z</time>
   </trkpt>
   <trkpt lat="45.7335410" lon="4.7474470">
    <ele>286.9</ele>
    <time>2026-06-02T15:53:36Z</time>
   </trkpt>
   <trkpt lat="45.7335690" lon="4.7474780">
    <ele>286.6</ele>
    <time>2026-06-02T15:53:37Z</time>
   </trkpt>
   <trkpt lat="45.7335960" lon="4.7474940">
    <ele>286.3</ele>
    <time>2026-06-02T15:53:38Z</time>
   </trkpt>
   <trkpt lat="45.7336280" lon="4.7475210">
    <ele>286.0</ele>
    <time>2026-06-02T15:53:39Z</time>
   </trkpt>
   <trkpt lat="45.7336380" lon="4.7475310">
    <ele>285.9</ele>
    <time>2026-06-02T15:53:40Z</time>
   </trkpt>
   <trkpt lat="45.7336600" lon="4.7475640">
    <ele>285.7</ele>
    <time>2026-06-02T15:53:41Z</time>
   </trkpt>
   <trkpt lat="45.7336780" lon="4.7475930">
    <ele>285.4</ele>
    <time>2026-06-02T15:53:42Z</time>
   </trkpt>
   <trkpt lat="45.7337020" lon="4.7476190">
    <ele>285.2</ele>
    <time>2026-06-02T15:53:43Z</time>
   </trkpt>
   <trkpt lat="45.7337300" lon="4.7476540">
    <ele>284.9</ele>
    <time>2026-06-02T15:53:44Z</time>
   </trkpt>
   <trkpt lat="45.7337380" lon="4.7476680">
    <ele>284.7</ele>
    <time>2026-06-02T15:53:45Z</time>
   </trkpt>
   <trkpt lat="45.7337610" lon="4.7477000">
    <ele>284.5</ele>
    <time>2026-06-02T15:53:46Z</time>
   </trkpt>
   <trkpt lat="45.7337880" lon="4.7477180">
    <ele>284.2</ele>
    <time>2026-06-02T15:53:47Z</time>
   </trkpt>
   <trkpt lat="45.7338040" lon="4.7477640">
    <ele>283.9</ele>
    <time>2026-06-02T15:53:48Z</time>
   </trkpt>
   <trkpt lat="45.7338230" lon="4.7478070">
    <ele>283.5</ele>
    <time>2026-06-02T15:53:49Z</time>
   </trkpt>
   <trkpt lat="45.7338260" lon="4.7478210">
    <ele>283.4</ele>
    <time>2026-06-02T15:53:50Z</time>
   </trkpt>
   <trkpt lat="45.7338560" lon="4.7478560">
    <ele>283.1</ele>
    <time>2026-06-02T15:53:51Z</time>
   </trkpt>
   <trkpt lat="45.7338670" lon="4.7478700">
    <ele>282.9</ele>
    <time>2026-06-02T15:53:52Z</time>
   </trkpt>
   <trkpt lat="45.7338990" lon="4.7479020">
    <ele>282.6</ele>
    <time>2026-06-02T15:53:53Z</time>
   </trkpt>
   <trkpt lat="45.7339080" lon="4.7479160">
    <ele>282.5</ele>
    <time>2026-06-02T15:53:54Z</time>
   </trkpt>
   <trkpt lat="45.7339200" lon="4.7479590">
    <ele>282.2</ele>
    <time>2026-06-02T15:53:55Z</time>
   </trkpt>
   <trkpt lat="45.7339530" lon="4.7480240">
    <ele>281.7</ele>
    <time>2026-06-02T15:53:56Z</time>
   </trkpt>
   <trkpt lat="45.7339740" lon="4.7480540">
    <ele>281.4</ele>
    <time>2026-06-02T15:53:57Z</time>
   </trkpt>
   <trkpt lat="45.7339830" lon="4.7480750">
    <ele>281.2</ele>
    <time>2026-06-02T15:53:58Z</time>
   </trkpt>
   <trkpt lat="45.7339960" lon="4.7481180">
    <ele>280.9</ele>
    <time>2026-06-02T15:53:59Z</time>
   </trkpt>
   <trkpt lat="45.7340130" lon="4.7481580">
    <ele>280.6</ele>
    <time>2026-06-02T15:54:00Z</time>
   </trkpt>
   <trkpt lat="45.7340150" lon="4.7481780">
    <ele>280.6</ele>
    <time>2026-06-02T15:54:01Z</time>
   </trkpt>
   <trkpt lat="45.7340350" lon="4.7482090">
    <ele>280.6</ele>
    <time>2026-06-02T15:54:02Z</time>
   </trkpt>
   <trkpt lat="45.7340630" lon="4.7482350">
    <ele>280.5</ele>
    <time>2026-06-02T15:54:03Z</time>
   </trkpt>
   <trkpt lat="45.7340770" lon="4.7482800">
    <ele>280.2</ele>
    <time>2026-06-02T15:54:04Z</time>
   </trkpt>
   <trkpt lat="45.7340930" lon="4.7483190">
    <ele>279.9</ele>
    <time>2026-06-02T15:54:05Z</time>
   </trkpt>
   <trkpt lat="45.7340960" lon="4.7483800">
    <ele>279.5</ele>
    <time>2026-06-02T15:54:06Z</time>
   </trkpt>
   <trkpt lat="45.7340910" lon="4.7484040">
    <ele>279.3</ele>
    <time>2026-06-02T15:54:07Z</time>
   </trkpt>
   <trkpt lat="45.7340990" lon="4.7484480">
    <ele>279.0</ele>
    <time>2026-06-02T15:54:08Z</time>
   </trkpt>
   <trkpt lat="45.7341160" lon="4.7484860">
    <ele>278.7</ele>
    <time>2026-06-02T15:54:09Z</time>
   </trkpt>
   <trkpt lat="45.7341400" lon="4.7485160">
    <ele>278.4</ele>
    <time>2026-06-02T15:54:10Z</time>
   </trkpt>
   <trkpt lat="45.7341610" lon="4.7485660">
    <ele>278.0</ele>
    <time>2026-06-02T15:54:11Z</time>
   </trkpt>
   <trkpt lat="45.7341680" lon="4.7485910">
    <ele>277.8</ele>
    <time>2026-06-02T15:54:12Z</time>
   </trkpt>
   <trkpt lat="45.7341880" lon="4.7486420">
    <ele>277.5</ele>
    <time>2026-06-02T15:54:13Z</time>
   </trkpt>
   <trkpt lat="45.7341920" lon="4.7486630">
    <ele>277.3</ele>
    <time>2026-06-02T15:54:14Z</time>
   </trkpt>
   <trkpt lat="45.7342080" lon="4.7486980">
    <ele>277.0</ele>
    <time>2026-06-02T15:54:15Z</time>
   </trkpt>
   <trkpt lat="45.7342260" lon="4.7487300">
    <ele>276.8</ele>
    <time>2026-06-02T15:54:16Z</time>
   </trkpt>
   <trkpt lat="45.7342390" lon="4.7487800">
    <ele>276.5</ele>
    <time>2026-06-02T15:54:17Z</time>
   </trkpt>
   <trkpt lat="45.7342590" lon="4.7488110">
    <ele>276.2</ele>
    <time>2026-06-02T15:54:18Z</time>
   </trkpt>
   <trkpt lat="45.7342920" lon="4.7488310">
    <ele>275.9</ele>
    <time>2026-06-02T15:54:19Z</time>
   </trkpt>
   <trkpt lat="45.7343060" lon="4.7488430">
    <ele>275.8</ele>
    <time>2026-06-02T15:54:20Z</time>
   </trkpt>
   <trkpt lat="45.7343300" lon="4.7488770">
    <ele>275.5</ele>
    <time>2026-06-02T15:54:21Z</time>
   </trkpt>
   <trkpt lat="45.7343370" lon="4.7488880">
    <ele>275.4</ele>
    <time>2026-06-02T15:54:22Z</time>
   </trkpt>
   <trkpt lat="45.7343620" lon="4.7489310">
    <ele>275.1</ele>
    <time>2026-06-02T15:54:23Z</time>
   </trkpt>
   <trkpt lat="45.7343700" lon="4.7489510">
    <ele>275.0</ele>
    <time>2026-06-02T15:54:24Z</time>
   </trkpt>
   <trkpt lat="45.7343920" lon="4.7489750">
    <ele>274.7</ele>
    <time>2026-06-02T15:54:25Z</time>
   </trkpt>
   <trkpt lat="45.7344230" lon="4.7489940">
    <ele>274.5</ele>
    <time>2026-06-02T15:54:26Z</time>
   </trkpt>
   <trkpt lat="45.7344540" lon="4.7490390">
    <ele>274.1</ele>
    <time>2026-06-02T15:54:27Z</time>
   </trkpt>
   <trkpt lat="45.7344800" lon="4.7490760">
    <ele>273.9</ele>
    <time>2026-06-02T15:54:28Z</time>
   </trkpt>
   <trkpt lat="45.7345010" lon="4.7491080">
    <ele>273.7</ele>
    <time>2026-06-02T15:54:29Z</time>
   </trkpt>
   <trkpt lat="45.7345060" lon="4.7491270">
    <ele>273.6</ele>
    <time>2026-06-02T15:54:30Z</time>
   </trkpt>
   <trkpt lat="45.7345330" lon="4.7491530">
    <ele>273.4</ele>
    <time>2026-06-02T15:54:31Z</time>
   </trkpt>
   <trkpt lat="45.7345670" lon="4.7491780">
    <ele>273.2</ele>
    <time>2026-06-02T15:54:32Z</time>
   </trkpt>
   <trkpt lat="45.7345770" lon="4.7491850">
    <ele>273.1</ele>
    <time>2026-06-02T15:54:33Z</time>
   </trkpt>
   <trkpt lat="45.7346060" lon="4.7492180">
    <ele>272.9</ele>
    <time>2026-06-02T15:54:34Z</time>
   </trkpt>
   <trkpt lat="45.7346320" lon="4.7492420">
    <ele>272.7</ele>
    <time>2026-06-02T15:54:35Z</time>
   </trkpt>
   <trkpt lat="45.7347060" lon="4.7493000">
    <ele>272.2</ele>
    <time>2026-06-02T15:54:36Z</time>
   </trkpt>
   <trkpt lat="45.7347620" lon="4.7493320">
    <ele>271.9</ele>
    <time>2026-06-02T15:54:37Z</time>
   </trkpt>
   <trkpt lat="45.7348170" lon="4.7493630">
    <ele>271.5</ele>
    <time>2026-06-02T15:54:43Z</time>
   </trkpt>
   <trkpt lat="45.7348720" lon="4.7493950">
    <ele>271.2</ele>
    <time>2026-06-02T15:54:44Z</time>
   </trkpt>
   <trkpt lat="45.7349070" lon="4.7494110">
    <ele>270.9</ele>
    <time>2026-06-02T15:54:45Z</time>
   </trkpt>
   <trkpt lat="45.7349340" lon="4.7494370">
    <ele>270.7</ele>
    <time>2026-06-02T15:54:46Z</time>
   </trkpt>
   <trkpt lat="45.7349480" lon="4.7494490">
    <ele>270.6</ele>
    <time>2026-06-02T15:54:47Z</time>
   </trkpt>
   <trkpt lat="45.7349820" lon="4.7494900">
    <ele>270.4</ele>
    <time>2026-06-02T15:54:48Z</time>
   </trkpt>
   <trkpt lat="45.7349960" lon="4.7495160">
    <ele>270.2</ele>
    <time>2026-06-02T15:54:49Z</time>
   </trkpt>
   <trkpt lat="45.7350310" lon="4.7494990">
    <ele>270.0</ele>
    <time>2026-06-02T15:54:50Z</time>
   </trkpt>
   <trkpt lat="45.7350570" lon="4.7495050">
    <ele>269.9</ele>
    <time>2026-06-02T15:54:51Z</time>
   </trkpt>
   <trkpt lat="45.7350680" lon="4.7495090">
    <ele>269.8</ele>
    <time>2026-06-02T15:54:52Z</time>
   </trkpt>
   <trkpt lat="45.7350980" lon="4.7495450">
    <ele>269.6</ele>
    <time>2026-06-02T15:54:53Z</time>
   </trkpt>
   <trkpt lat="45.7351270" lon="4.7495620">
    <ele>269.4</ele>
    <time>2026-06-02T15:54:54Z</time>
   </trkpt>
   <trkpt lat="45.7351500" lon="4.7495960">
    <ele>269.3</ele>
    <time>2026-06-02T15:54:55Z</time>
   </trkpt>
   <trkpt lat="45.7351750" lon="4.7496150">
    <ele>269.3</ele>
    <time>2026-06-02T15:54:56Z</time>
   </trkpt>
   <trkpt lat="45.7352050" lon="4.7496350">
    <ele>269.1</ele>
    <time>2026-06-02T15:54:57Z</time>
   </trkpt>
   <trkpt lat="45.7352220" lon="4.7496960">
    <ele>268.7</ele>
    <time>2026-06-02T15:54:58Z</time>
   </trkpt>
   <trkpt lat="45.7352260" lon="4.7497240">
    <ele>268.6</ele>
    <time>2026-06-02T15:54:59Z</time>
   </trkpt>
   <trkpt lat="45.7352410" lon="4.7497780">
    <ele>268.3</ele>
    <time>2026-06-02T15:55:00Z</time>
   </trkpt>
   <trkpt lat="45.7352470" lon="4.7498250">
    <ele>268.1</ele>
    <time>2026-06-02T15:55:01Z</time>
   </trkpt>
   <trkpt lat="45.7352690" lon="4.7498610">
    <ele>267.8</ele>
    <time>2026-06-02T15:55:02Z</time>
   </trkpt>
   <trkpt lat="45.7352840" lon="4.7498950">
    <ele>267.6</ele>
    <time>2026-06-02T15:55:03Z</time>
   </trkpt>
   <trkpt lat="45.7353000" lon="4.7499430">
    <ele>267.4</ele>
    <time>2026-06-02T15:55:04Z</time>
   </trkpt>
   <trkpt lat="45.7353060" lon="4.7499570">
    <ele>267.3</ele>
    <time>2026-06-02T15:55:05Z</time>
   </trkpt>
   <trkpt lat="45.7353270" lon="4.7500060">
    <ele>267.0</ele>
    <time>2026-06-02T15:55:06Z</time>
   </trkpt>
   <trkpt lat="45.7353360" lon="4.7500250">
    <ele>266.9</ele>
    <time>2026-06-02T15:55:07Z</time>
   </trkpt>
   <trkpt lat="45.7353420" lon="4.7500650">
    <ele>266.7</ele>
    <time>2026-06-02T15:55:08Z</time>
   </trkpt>
   <trkpt lat="45.7353500" lon="4.7501030">
    <ele>266.5</ele>
    <time>2026-06-02T15:55:09Z</time>
   </trkpt>
   <trkpt lat="45.7353640" lon="4.7501510">
    <ele>266.3</ele>
    <time>2026-06-02T15:55:10Z</time>
   </trkpt>
   <trkpt lat="45.7353670" lon="4.7501900">
    <ele>266.1</ele>
    <time>2026-06-02T15:55:11Z</time>
   </trkpt>
   <trkpt lat="45.7353780" lon="4.7502270">
    <ele>265.9</ele>
    <time>2026-06-02T15:55:12Z</time>
   </trkpt>
   <trkpt lat="45.7353950" lon="4.7502670">
    <ele>265.7</ele>
    <time>2026-06-02T15:55:13Z</time>
   </trkpt>
   <trkpt lat="45.7354030" lon="4.7503060">
    <ele>265.5</ele>
    <time>2026-06-02T15:55:14Z</time>
   </trkpt>
   <trkpt lat="45.7354240" lon="4.7503520">
    <ele>265.3</ele>
    <time>2026-06-02T15:55:15Z</time>
   </trkpt>
   <trkpt lat="45.7354320" lon="4.7503740">
    <ele>265.2</ele>
    <time>2026-06-02T15:55:16Z</time>
   </trkpt>
   <trkpt lat="45.7354440" lon="4.7504070">
    <ele>265.0</ele>
    <time>2026-06-02T15:55:17Z</time>
   </trkpt>
   <trkpt lat="45.7355130" lon="4.7506440">
    <ele>264.1</ele>
    <time>2026-06-02T15:55:23Z</time>
   </trkpt>
   <trkpt lat="45.7355280" lon="4.7506850">
    <ele>264.0</ele>
    <time>2026-06-02T15:55:24Z</time>
   </trkpt>
   <trkpt lat="45.7355430" lon="4.7507220">
    <ele>263.8</ele>
    <time>2026-06-02T15:55:25Z</time>
   </trkpt>
   <trkpt lat="45.7355540" lon="4.7507610">
    <ele>263.6</ele>
    <time>2026-06-02T15:55:26Z</time>
   </trkpt>
   <trkpt lat="45.7355540" lon="4.7507730">
    <ele>263.6</ele>
    <time>2026-06-02T15:55:27Z</time>
   </trkpt>
   <trkpt lat="45.7355590" lon="4.7508100">
    <ele>263.5</ele>
    <time>2026-06-02T15:55:28Z</time>
   </trkpt>
   <trkpt lat="45.7355770" lon="4.7508450">
    <ele>263.3</ele>
    <time>2026-06-02T15:55:29Z</time>
   </trkpt>
   <trkpt lat="45.7355810" lon="4.7508600">
    <ele>263.3</ele>
    <time>2026-06-02T15:55:30Z</time>
   </trkpt>
   <trkpt lat="45.7355930" lon="4.7509020">
    <ele>263.1</ele>
    <time>2026-06-02T15:55:31Z</time>
   </trkpt>
   <trkpt lat="45.7355980" lon="4.7509150">
    <ele>263.1</ele>
    <time>2026-06-02T15:55:32Z</time>
   </trkpt>
   <trkpt lat="45.7356070" lon="4.7509660">
    <ele>262.9</ele>
    <time>2026-06-02T15:55:33Z</time>
   </trkpt>
   <trkpt lat="45.7356080" lon="4.7509810">
    <ele>262.8</ele>
    <time>2026-06-02T15:55:34Z</time>
   </trkpt>
   <trkpt lat="45.7356190" lon="4.7510540">
    <ele>262.6</ele>
    <time>2026-06-02T15:55:35Z</time>
   </trkpt>
   <trkpt lat="45.7356140" lon="4.7510620">
    <ele>262.5</ele>
    <time>2026-06-02T15:55:36Z</time>
   </trkpt>
   <trkpt lat="45.7356310" lon="4.7510950">
    <ele>262.4</ele>
    <time>2026-06-02T15:55:37Z</time>
   </trkpt>
   <trkpt lat="45.7356520" lon="4.7511510">
    <ele>262.2</ele>
    <time>2026-06-02T15:55:38Z</time>
   </trkpt>
   <trkpt lat="45.7356560" lon="4.7512000">
    <ele>262.1</ele>
    <time>2026-06-02T15:55:39Z</time>
   </trkpt>
   <trkpt lat="45.7356760" lon="4.7512520">
    <ele>261.9</ele>
    <time>2026-06-02T15:55:40Z</time>
   </trkpt>
   <trkpt lat="45.7356850" lon="4.7512720">
    <ele>261.8</ele>
    <time>2026-06-02T15:55:41Z</time>
   </trkpt>
   <trkpt lat="45.7356910" lon="4.7513110">
    <ele>261.7</ele>
    <time>2026-06-02T15:55:42Z</time>
   </trkpt>
   <trkpt lat="45.7357000" lon="4.7513480">
    <ele>261.6</ele>
    <time>2026-06-02T15:55:43Z</time>
   </trkpt>
   <trkpt lat="45.7357120" lon="4.7513900">
    <ele>261.4</ele>
    <time>2026-06-02T15:55:44Z</time>
   </trkpt>
   <trkpt lat="45.7357160" lon="4.7514290">
    <ele>261.3</ele>
    <time>2026-06-02T15:55:45Z</time>
   </trkpt>
   <trkpt lat="45.7357310" lon="4.7514620">
    <ele>261.2</ele>
    <time>2026-06-02T15:55:46Z</time>
   </trkpt>
   <trkpt lat="45.7357400" lon="4.7515080">
    <ele>261.1</ele>
    <time>2026-06-02T15:55:47Z</time>
   </trkpt>
   <trkpt lat="45.7357390" lon="4.7515500">
    <ele>261.0</ele>
    <time>2026-06-02T15:55:48Z</time>
   </trkpt>
   <trkpt lat="45.7357630" lon="4.7515880">
    <ele>260.9</ele>
    <time>2026-06-02T15:55:49Z</time>
   </trkpt>
   <trkpt lat="45.7357650" lon="4.7516070">
    <ele>260.8</ele>
    <time>2026-06-02T15:55:50Z</time>
   </trkpt>
   <trkpt lat="45.7357620" lon="4.7516520">
    <ele>260.7</ele>
    <time>2026-06-02T15:55:51Z</time>
   </trkpt>
   <trkpt lat="45.7357770" lon="4.7516850">
    <ele>260.6</ele>
    <time>2026-06-02T15:55:52Z</time>
   </trkpt>
   <trkpt lat="45.7357930" lon="4.7517180">
    <ele>260.5</ele>
    <time>2026-06-02T15:55:53Z</time>
   </trkpt>
   <trkpt lat="45.7358190" lon="4.7517570">
    <ele>260.4</ele>
    <time>2026-06-02T15:55:54Z</time>
   </trkpt>
   <trkpt lat="45.7358380" lon="4.7517990">
    <ele>260.3</ele>
    <time>2026-06-02T15:55:55Z</time>
   </trkpt>
   <trkpt lat="45.7358570" lon="4.7518340">
    <ele>260.2</ele>
    <time>2026-06-02T15:55:56Z</time>
   </trkpt>
   <trkpt lat="45.7358800" lon="4.7518660">
    <ele>260.1</ele>
    <time>2026-06-02T15:55:57Z</time>
   </trkpt>
   <trkpt lat="45.7359000" lon="4.7518930">
    <ele>260.1</ele>
    <time>2026-06-02T15:55:58Z</time>
   </trkpt>
   <trkpt lat="45.7359330" lon="4.7519320">
    <ele>260.0</ele>
    <time>2026-06-02T15:55:59Z</time>
   </trkpt>
   <trkpt lat="45.7359430" lon="4.7519500">
    <ele>259.9</ele>
    <time>2026-06-02T15:56:00Z</time>
   </trkpt>
   <trkpt lat="45.7359730" lon="4.7519930">
    <ele>259.8</ele>
    <time>2026-06-02T15:56:01Z</time>
   </trkpt>
   <trkpt lat="45.7359860" lon="4.7520070">
    <ele>259.8</ele>
    <time>2026-06-02T15:56:02Z</time>
   </trkpt>
   <trkpt lat="45.7359990" lon="4.7520430">
    <ele>259.7</ele>
    <time>2026-06-02T15:56:03Z</time>
   </trkpt>
   <trkpt lat="45.7360150" lon="4.7520760">
    <ele>259.6</ele>
    <time>2026-06-02T15:56:04Z</time>
   </trkpt>
   <trkpt lat="45.7360310" lon="4.7521080">
    <ele>259.6</ele>
    <time>2026-06-02T15:56:05Z</time>
   </trkpt>
   <trkpt lat="45.7360540" lon="4.7521450">
    <ele>259.5</ele>
    <time>2026-06-02T15:56:06Z</time>
   </trkpt>
   <trkpt lat="45.7360780" lon="4.7521910">
    <ele>259.4</ele>
    <time>2026-06-02T15:56:07Z</time>
   </trkpt>
   <trkpt lat="45.7360830" lon="4.7522110">
    <ele>259.4</ele>
    <time>2026-06-02T15:56:08Z</time>
   </trkpt>
   <trkpt lat="45.7361060" lon="4.7522390">
    <ele>259.3</ele>
    <time>2026-06-02T15:56:09Z</time>
   </trkpt>
   <trkpt lat="45.7361250" lon="4.7522720">
    <ele>259.3</ele>
    <time>2026-06-02T15:56:10Z</time>
   </trkpt>
   <trkpt lat="45.7361510" lon="4.7522960">
    <ele>259.3</ele>
    <time>2026-06-02T15:56:11Z</time>
   </trkpt>
   <trkpt lat="45.7361810" lon="4.7523300">
    <ele>259.2</ele>
    <time>2026-06-02T15:56:12Z</time>
   </trkpt>
   <trkpt lat="45.7361890" lon="4.7523440">
    <ele>259.2</ele>
    <time>2026-06-02T15:56:13Z</time>
   </trkpt>
   <trkpt lat="45.7362170" lon="4.7523880">
    <ele>259.2</ele>
    <time>2026-06-02T15:56:14Z</time>
   </trkpt>
   <trkpt lat="45.7362260" lon="4.7524070">
    <ele>259.1</ele>
    <time>2026-06-02T15:56:15Z</time>
   </trkpt>
   <trkpt lat="45.7362450" lon="4.7524560">
    <ele>259.1</ele>
    <time>2026-06-02T15:56:16Z</time>
   </trkpt>
   <trkpt lat="45.7362670" lon="4.7524880">
    <ele>259.1</ele>
    <time>2026-06-02T15:56:17Z</time>
   </trkpt>
   <trkpt lat="45.7362950" lon="4.7525280">
    <ele>259.0</ele>
    <time>2026-06-02T15:56:18Z</time>
   </trkpt>
   <trkpt lat="45.7363040" lon="4.7525460">
    <ele>259.0</ele>
    <time>2026-06-02T15:56:19Z</time>
   </trkpt>
   <trkpt lat="45.7363250" lon="4.7525960">
    <ele>258.9</ele>
    <time>2026-06-02T15:56:20Z</time>
   </trkpt>
   <trkpt lat="45.7363340" lon="4.7526130">
    <ele>258.9</ele>
    <time>2026-06-02T15:56:21Z</time>
   </trkpt>
   <trkpt lat="45.7363360" lon="4.7526620">
    <ele>258.9</ele>
    <time>2026-06-02T15:56:22Z</time>
   </trkpt>
   <trkpt lat="45.7363460" lon="4.7527170">
    <ele>258.8</ele>
    <time>2026-06-02T15:56:23Z</time>
   </trkpt>
   <trkpt lat="45.7363490" lon="4.7527380">
    <ele>258.8</ele>
    <time>2026-06-02T15:56:24Z</time>
   </trkpt>
   <trkpt lat="45.7363580" lon="4.7527900">
    <ele>258.7</ele>
    <time>2026-06-02T15:56:25Z</time>
   </trkpt>
   <trkpt lat="45.7363810" lon="4.7528340">
    <ele>258.6</ele>
    <time>2026-06-02T15:56:26Z</time>
   </trkpt>
   <trkpt lat="45.7363930" lon="4.7528480">
    <ele>258.6</ele>
    <time>2026-06-02T15:56:27Z</time>
   </trkpt>
   <trkpt lat="45.7364070" lon="4.7528990">
    <ele>258.5</ele>
    <time>2026-06-02T15:56:28Z</time>
   </trkpt>
   <trkpt lat="45.7364100" lon="4.7529200">
    <ele>258.5</ele>
    <time>2026-06-02T15:56:29Z</time>
   </trkpt>
   <trkpt lat="45.7364190" lon="4.7529580">
    <ele>258.5</ele>
    <time>2026-06-02T15:56:30Z</time>
   </trkpt>
   <trkpt lat="45.7364320" lon="4.7529980">
    <ele>258.4</ele>
    <time>2026-06-02T15:56:31Z</time>
   </trkpt>
   <trkpt lat="45.7364530" lon="4.7530440">
    <ele>258.3</ele>
    <time>2026-06-02T15:56:32Z</time>
   </trkpt>
   <trkpt lat="45.7364620" lon="4.7530600">
    <ele>258.3</ele>
    <time>2026-06-02T15:56:33Z</time>
   </trkpt>
   <trkpt lat="45.7364700" lon="4.7531000">
    <ele>258.2</ele>
    <time>2026-06-02T15:56:34Z</time>
   </trkpt>
   <trkpt lat="45.7364760" lon="4.7531410">
    <ele>258.1</ele>
    <time>2026-06-02T15:56:35Z</time>
   </trkpt>
   <trkpt lat="45.7364880" lon="4.7531830">
    <ele>258.1</ele>
    <time>2026-06-02T15:56:36Z</time>
   </trkpt>
   <trkpt lat="45.7365040" lon="4.7532280">
    <ele>258.0</ele>
    <time>2026-06-02T15:56:37Z</time>
   </trkpt>
   <trkpt lat="45.7365150" lon="4.7532710">
    <ele>257.9</ele>
    <time>2026-06-02T15:56:38Z</time>
   </trkpt>
   <trkpt lat="45.7365190" lon="4.7533220">
    <ele>257.8</ele>
    <time>2026-06-02T15:56:39Z</time>
   </trkpt>
   <trkpt lat="45.7365400" lon="4.7533650">
    <ele>257.7</ele>
    <time>2026-06-02T15:56:40Z</time>
   </trkpt>
   <trkpt lat="45.7365420" lon="4.7534060">
    <ele>257.6</ele>
    <time>2026-06-02T15:56:41Z</time>
   </trkpt>
   <trkpt lat="45.7365680" lon="4.7534380">
    <ele>257.5</ele>
    <time>2026-06-02T15:56:42Z</time>
   </trkpt>
   <trkpt lat="45.7365770" lon="4.7534920">
    <ele>257.4</ele>
    <time>2026-06-02T15:56:43Z</time>
   </trkpt>
   <trkpt lat="45.7365790" lon="4.7535130">
    <ele>257.3</ele>
    <time>2026-06-02T15:56:44Z</time>
   </trkpt>
   <trkpt lat="45.7365950" lon="4.7535590">
    <ele>257.2</ele>
    <time>2026-06-02T15:56:45Z</time>
   </trkpt>
   <trkpt lat="45.7366000" lon="4.7535750">
    <ele>257.2</ele>
    <time>2026-06-02T15:56:46Z</time>
   </trkpt>
   <trkpt lat="45.7365980" lon="4.7536240">
    <ele>257.1</ele>
    <time>2026-06-02T15:56:47Z</time>
   </trkpt>
   <trkpt lat="45.7366110" lon="4.7536780">
    <ele>257.0</ele>
    <time>2026-06-02T15:56:48Z</time>
   </trkpt>
   <trkpt lat="45.7366400" lon="4.7537020">
    <ele>256.9</ele>
    <time>2026-06-02T15:56:49Z</time>
   </trkpt>
   <trkpt lat="45.7366370" lon="4.7537540">
    <ele>256.8</ele>
    <time>2026-06-02T15:56:50Z</time>
   </trkpt>
   <trkpt lat="45.7366380" lon="4.7537750">
    <ele>256.7</ele>
    <time>2026-06-02T15:56:51Z</time>
   </trkpt>
   <trkpt lat="45.7366360" lon="4.7538150">
    <ele>256.7</ele>
    <time>2026-06-02T15:56:52Z</time>
   </trkpt>
   <trkpt lat="45.7366490" lon="4.7538630">
    <ele>256.6</ele>
    <time>2026-06-02T15:56:53Z</time>
   </trkpt>
   <trkpt lat="45.7366550" lon="4.7539100">
    <ele>256.5</ele>
    <time>2026-06-02T15:56:54Z</time>
   </trkpt>
   <trkpt lat="45.7366630" lon="4.7539680">
    <ele>256.4</ele>
    <time>2026-06-02T15:56:55Z</time>
   </trkpt>
   <trkpt lat="45.7366780" lon="4.7540080">
    <ele>256.3</ele>
    <time>2026-06-02T15:56:56Z</time>
   </trkpt>
   <trkpt lat="45.7366940" lon="4.7540620">
    <ele>256.2</ele>
    <time>2026-06-02T15:56:57Z</time>
   </trkpt>
   <trkpt lat="45.7367070" lon="4.7541120">
    <ele>256.2</ele>
    <time>2026-06-02T15:56:58Z</time>
   </trkpt>
   <trkpt lat="45.7367120" lon="4.7541320">
    <ele>256.1</ele>
    <time>2026-06-02T15:56:59Z</time>
   </trkpt>
   <trkpt lat="45.7367290" lon="4.7541730">
    <ele>256.1</ele>
    <time>2026-06-02T15:57:00Z</time>
   </trkpt>
   <trkpt lat="45.7367440" lon="4.7542120">
    <ele>256.0</ele>
    <time>2026-06-02T15:57:01Z</time>
   </trkpt>
   <trkpt lat="45.7367490" lon="4.7542540">
    <ele>255.9</ele>
    <time>2026-06-02T15:57:02Z</time>
   </trkpt>
   <trkpt lat="45.7367610" lon="4.7542940">
    <ele>255.8</ele>
    <time>2026-06-02T15:57:03Z</time>
   </trkpt>
   <trkpt lat="45.7367710" lon="4.7543400">
    <ele>255.6</ele>
    <time>2026-06-02T15:57:04Z</time>
   </trkpt>
   <trkpt lat="45.7367800" lon="4.7543790">
    <ele>255.5</ele>
    <time>2026-06-02T15:57:05Z</time>
   </trkpt>
   <trkpt lat="45.7367720" lon="4.7544280">
    <ele>255.4</ele>
    <time>2026-06-02T15:57:06Z</time>
   </trkpt>
   <trkpt lat="45.7367830" lon="4.7544850">
    <ele>255.3</ele>
    <time>2026-06-02T15:57:07Z</time>
   </trkpt>
   <trkpt lat="45.7368030" lon="4.7545370">
    <ele>255.1</ele>
    <time>2026-06-02T15:57:08Z</time>
   </trkpt>
   <trkpt lat="45.7368110" lon="4.7545580">
    <ele>255.1</ele>
    <time>2026-06-02T15:57:09Z</time>
   </trkpt>
   <trkpt lat="45.7368180" lon="4.7545960">
    <ele>255.0</ele>
    <time>2026-06-02T15:57:10Z</time>
   </trkpt>
   <trkpt lat="45.7368340" lon="4.7546580">
    <ele>254.8</ele>
    <time>2026-06-02T15:57:11Z</time>
   </trkpt>
   <trkpt lat="45.7368410" lon="4.7546850">
    <ele>254.7</ele>
    <time>2026-06-02T15:57:12Z</time>
   </trkpt>
   <trkpt lat="45.7368540" lon="4.7547290">
    <ele>254.6</ele>
    <time>2026-06-02T15:57:13Z</time>
   </trkpt>
   <trkpt lat="45.7368770" lon="4.7547690">
    <ele>254.5</ele>
    <time>2026-06-02T15:57:14Z</time>
   </trkpt>
   <trkpt lat="45.7368870" lon="4.7548140">
    <ele>254.3</ele>
    <time>2026-06-02T15:57:15Z</time>
   </trkpt>
   <trkpt lat="45.7368920" lon="4.7548320">
    <ele>254.3</ele>
    <time>2026-06-02T15:57:16Z</time>
   </trkpt>
   <trkpt lat="45.7368950" lon="4.7548800">
    <ele>254.2</ele>
    <time>2026-06-02T15:57:17Z</time>
   </trkpt>
   <trkpt lat="45.7369050" lon="4.7549210">
    <ele>254.0</ele>
    <time>2026-06-02T15:57:18Z</time>
   </trkpt>
   <trkpt lat="45.7369140" lon="4.7549570">
    <ele>253.9</ele>
    <time>2026-06-02T15:57:19Z</time>
   </trkpt>
   <trkpt lat="45.7369230" lon="4.7550010">
    <ele>253.8</ele>
    <time>2026-06-02T15:57:20Z</time>
   </trkpt>
   <trkpt lat="45.7369280" lon="4.7550450">
    <ele>253.7</ele>
    <time>2026-06-02T15:57:21Z</time>
   </trkpt>
   <trkpt lat="45.7369340" lon="4.7551000">
    <ele>253.6</ele>
    <time>2026-06-02T15:57:22Z</time>
   </trkpt>
   <trkpt lat="45.7369340" lon="4.7551170">
    <ele>253.5</ele>
    <time>2026-06-02T15:57:23Z</time>
   </trkpt>
   <trkpt lat="45.7369450" lon="4.7551680">
    <ele>253.4</ele>
    <time>2026-06-02T15:57:24Z</time>
   </trkpt>
   <trkpt lat="45.7369450" lon="4.7551900">
    <ele>253.4</ele>
    <time>2026-06-02T15:57:25Z</time>
   </trkpt>
   <trkpt lat="45.7369390" lon="4.7552420">
    <ele>253.2</ele>
    <time>2026-06-02T15:57:26Z</time>
   </trkpt>
   <trkpt lat="45.7369530" lon="4.7552810">
    <ele>253.2</ele>
    <time>2026-06-02T15:57:27Z</time>
   </trkpt>
   <trkpt lat="45.7369590" lon="4.7553360">
    <ele>253.1</ele>
    <time>2026-06-02T15:57:28Z</time>
   </trkpt>
   <trkpt lat="45.7369610" lon="4.7553550">
    <ele>253.0</ele>
    <time>2026-06-02T15:57:29Z</time>
   </trkpt>
   <trkpt lat="45.7369780" lon="4.7553970">
    <ele>253.0</ele>
    <time>2026-06-02T15:57:30Z</time>
   </trkpt>
   <trkpt lat="45.7369880" lon="4.7554500">
    <ele>252.9</ele>
    <time>2026-06-02T15:57:31Z</time>
   </trkpt>
   <trkpt lat="45.7370090" lon="4.7554930">
    <ele>252.8</ele>
    <time>2026-06-02T15:57:32Z</time>
   </trkpt>
   <trkpt lat="45.7370240" lon="4.7555320">
    <ele>252.7</ele>
    <time>2026-06-02T15:57:33Z</time>
   </trkpt>
   <trkpt lat="45.7370280" lon="4.7555740">
    <ele>252.6</ele>
    <time>2026-06-02T15:57:34Z</time>
   </trkpt>
   <trkpt lat="45.7370410" lon="4.7556090">
    <ele>252.5</ele>
    <time>2026-06-02T15:57:35Z</time>
   </trkpt>
   <trkpt lat="45.7370500" lon="4.7556660">
    <ele>252.4</ele>
    <time>2026-06-02T15:57:36Z</time>
   </trkpt>
   <trkpt lat="45.7370520" lon="4.7556860">
    <ele>252.3</ele>
    <time>2026-06-02T15:57:37Z</time>
   </trkpt>
   <trkpt lat="45.7370620" lon="4.7557250">
    <ele>252.3</ele>
    <time>2026-06-02T15:57:38Z</time>
   </trkpt>
   <trkpt lat="45.7370750" lon="4.7557660">
    <ele>252.2</ele>
    <time>2026-06-02T15:57:39Z</time>
   </trkpt>
   <trkpt lat="45.7370740" lon="4.7558060">
    <ele>252.1</ele>
    <time>2026-06-02T15:57:40Z</time>
   </trkpt>
   <trkpt lat="45.7370850" lon="4.7558450">
    <ele>252.0</ele>
    <time>2026-06-02T15:57:41Z</time>
   </trkpt>
   <trkpt lat="45.7370850" lon="4.7558930">
    <ele>251.9</ele>
    <time>2026-06-02T15:57:42Z</time>
   </trkpt>
   <trkpt lat="45.7371010" lon="4.7559340">
    <ele>251.9</ele>
    <time>2026-06-02T15:57:43Z</time>
   </trkpt>
   <trkpt lat="45.7371010" lon="4.7559850">
    <ele>251.8</ele>
    <time>2026-06-02T15:57:44Z</time>
   </trkpt>
   <trkpt lat="45.7371060" lon="4.7560230">
    <ele>251.7</ele>
    <time>2026-06-02T15:57:45Z</time>
   </trkpt>
   <trkpt lat="45.7371080" lon="4.7560660">
    <ele>251.7</ele>
    <time>2026-06-02T15:57:46Z</time>
   </trkpt>
   <trkpt lat="45.7371110" lon="4.7561220">
    <ele>251.6</ele>
    <time>2026-06-02T15:57:47Z</time>
   </trkpt>
   <trkpt lat="45.7371100" lon="4.7561430">
    <ele>251.6</ele>
    <time>2026-06-02T15:57:48Z</time>
   </trkpt>
   <trkpt lat="45.7371180" lon="4.7561860">
    <ele>251.6</ele>
    <time>2026-06-02T15:57:49Z</time>
   </trkpt>
   <trkpt lat="45.7371250" lon="4.7562280">
    <ele>251.5</ele>
    <time>2026-06-02T15:57:50Z</time>
   </trkpt>
   <trkpt lat="45.7371320" lon="4.7562660">
    <ele>251.5</ele>
    <time>2026-06-02T15:57:51Z</time>
   </trkpt>
   <trkpt lat="45.7371550" lon="4.7563080">
    <ele>251.5</ele>
    <time>2026-06-02T15:57:52Z</time>
   </trkpt>
   <trkpt lat="45.7371620" lon="4.7563710">
    <ele>251.4</ele>
    <time>2026-06-02T15:57:53Z</time>
   </trkpt>
   <trkpt lat="45.7371670" lon="4.7563970">
    <ele>251.4</ele>
    <time>2026-06-02T15:57:54Z</time>
   </trkpt>
   <trkpt lat="45.7371910" lon="4.7564380">
    <ele>251.4</ele>
    <time>2026-06-02T15:57:55Z</time>
   </trkpt>
   <trkpt lat="45.7371960" lon="4.7564600">
    <ele>251.4</ele>
    <time>2026-06-02T15:57:56Z</time>
   </trkpt>
   <trkpt lat="45.7372180" lon="4.7565030">
    <ele>251.4</ele>
    <time>2026-06-02T15:57:57Z</time>
   </trkpt>
   <trkpt lat="45.7372350" lon="4.7565460">
    <ele>251.3</ele>
    <time>2026-06-02T15:57:58Z</time>
   </trkpt>
   <trkpt lat="45.7372660" lon="4.7565750">
    <ele>251.3</ele>
    <time>2026-06-02T15:57:59Z</time>
   </trkpt>
   <trkpt lat="45.7372890" lon="4.7566150">
    <ele>251.3</ele>
    <time>2026-06-02T15:58:00Z</time>
   </trkpt>
   <trkpt lat="45.7373140" lon="4.7566350">
    <ele>251.3</ele>
    <time>2026-06-02T15:58:01Z</time>
   </trkpt>
   <trkpt lat="45.7373370" lon="4.7566860">
    <ele>251.3</ele>
    <time>2026-06-02T15:58:02Z</time>
   </trkpt>
   <trkpt lat="45.7373440" lon="4.7567060">
    <ele>251.2</ele>
    <time>2026-06-02T15:58:03Z</time>
   </trkpt>
   <trkpt lat="45.7373510" lon="4.7567490">
    <ele>251.2</ele>
    <time>2026-06-02T15:58:04Z</time>
   </trkpt>
   <trkpt lat="45.7373530" lon="4.7567700">
    <ele>251.2</ele>
    <time>2026-06-02T15:58:05Z</time>
   </trkpt>
   <trkpt lat="45.7373690" lon="4.7568200">
    <ele>251.2</ele>
    <time>2026-06-02T15:58:06Z</time>
   </trkpt>
   <trkpt lat="45.7373740" lon="4.7568370">
    <ele>251.2</ele>
    <time>2026-06-02T15:58:07Z</time>
   </trkpt>
   <trkpt lat="45.7373800" lon="4.7568820">
    <ele>251.2</ele>
    <time>2026-06-02T15:58:08Z</time>
   </trkpt>
   <trkpt lat="45.7373780" lon="4.7569290">
    <ele>251.2</ele>
    <time>2026-06-02T15:58:09Z</time>
   </trkpt>
   <trkpt lat="45.7373750" lon="4.7569810">
    <ele>251.1</ele>
    <time>2026-06-02T15:58:10Z</time>
   </trkpt>
   <trkpt lat="45.7373710" lon="4.7569970">
    <ele>251.1</ele>
    <time>2026-06-02T15:58:11Z</time>
   </trkpt>
   <trkpt lat="45.7373640" lon="4.7570410">
    <ele>251.1</ele>
    <time>2026-06-02T15:58:12Z</time>
   </trkpt>
   <trkpt lat="45.7373510" lon="4.7570830">
    <ele>251.1</ele>
    <time>2026-06-02T15:58:13Z</time>
   </trkpt>
   <trkpt lat="45.7373570" lon="4.7571290">
    <ele>251.1</ele>
    <time>2026-06-02T15:58:14Z</time>
   </trkpt>
   <trkpt lat="45.7373600" lon="4.7571780">
    <ele>251.0</ele>
    <time>2026-06-02T15:58:15Z</time>
   </trkpt>
   <trkpt lat="45.7373620" lon="4.7571970">
    <ele>251.0</ele>
    <time>2026-06-02T15:58:16Z</time>
   </trkpt>
   <trkpt lat="45.7373680" lon="4.7572400">
    <ele>251.0</ele>
    <time>2026-06-02T15:58:17Z</time>
   </trkpt>
   <trkpt lat="45.7373640" lon="4.7572800">
    <ele>251.0</ele>
    <time>2026-06-02T15:58:18Z</time>
   </trkpt>
   <trkpt lat="45.7373640" lon="4.7573270">
    <ele>251.0</ele>
    <time>2026-06-02T15:58:19Z</time>
   </trkpt>
   <trkpt lat="45.7373750" lon="4.7573740">
    <ele>251.0</ele>
    <time>2026-06-02T15:58:20Z</time>
   </trkpt>
   <trkpt lat="45.7373680" lon="4.7574190">
    <ele>251.0</ele>
    <time>2026-06-02T15:58:21Z</time>
   </trkpt>
   <trkpt lat="45.7373680" lon="4.7574600">
    <ele>250.9</ele>
    <time>2026-06-02T15:58:22Z</time>
   </trkpt>
   <trkpt lat="45.7373780" lon="4.7575160">
    <ele>250.9</ele>
    <time>2026-06-02T15:58:23Z</time>
   </trkpt>
   <trkpt lat="45.7373790" lon="4.7575610">
    <ele>250.9</ele>
    <time>2026-06-02T15:58:24Z</time>
   </trkpt>
   <trkpt lat="45.7373910" lon="4.7576100">
    <ele>250.9</ele>
    <time>2026-06-02T15:58:25Z</time>
   </trkpt>
   <trkpt lat="45.7373920" lon="4.7576600">
    <ele>250.9</ele>
    <time>2026-06-02T15:58:26Z</time>
   </trkpt>
   <trkpt lat="45.7373910" lon="4.7576770">
    <ele>250.9</ele>
    <time>2026-06-02T15:58:27Z</time>
   </trkpt>
   <trkpt lat="45.7373930" lon="4.7577180">
    <ele>250.9</ele>
    <time>2026-06-02T15:58:28Z</time>
   </trkpt>
   <trkpt lat="45.7374050" lon="4.7577640">
    <ele>250.8</ele>
    <time>2026-06-02T15:58:29Z</time>
   </trkpt>
   <trkpt lat="45.7374060" lon="4.7578100">
    <ele>250.8</ele>
    <time>2026-06-02T15:58:30Z</time>
   </trkpt>
   <trkpt lat="45.7374200" lon="4.7578560">
    <ele>250.8</ele>
    <time>2026-06-02T15:58:31Z</time>
   </trkpt>
   <trkpt lat="45.7374230" lon="4.7579140">
    <ele>250.8</ele>
    <time>2026-06-02T15:58:32Z</time>
   </trkpt>
   <trkpt lat="45.7374250" lon="4.7579350">
    <ele>250.8</ele>
    <time>2026-06-02T15:58:33Z</time>
   </trkpt>
   <trkpt lat="45.7374240" lon="4.7579740">
    <ele>250.8</ele>
    <time>2026-06-02T15:58:34Z</time>
   </trkpt>
   <trkpt lat="45.7374230" lon="4.7580150">
    <ele>250.8</ele>
    <time>2026-06-02T15:58:35Z</time>
   </trkpt>
   <trkpt lat="45.7374150" lon="4.7580560">
    <ele>250.8</ele>
    <time>2026-06-02T15:58:36Z</time>
   </trkpt>
   <trkpt lat="45.7374170" lon="4.7580990">
    <ele>250.8</ele>
    <time>2026-06-02T15:58:37Z</time>
   </trkpt>
   <trkpt lat="45.7374090" lon="4.7581640">
    <ele>250.8</ele>
    <time>2026-06-02T15:58:38Z</time>
   </trkpt>
   <trkpt lat="45.7374070" lon="4.7581920">
    <ele>250.7</ele>
    <time>2026-06-02T15:58:39Z</time>
   </trkpt>
   <trkpt lat="45.7374220" lon="4.7582410">
    <ele>250.7</ele>
    <time>2026-06-02T15:58:40Z</time>
   </trkpt>
   <trkpt lat="45.7374230" lon="4.7582600">
    <ele>250.7</ele>
    <time>2026-06-02T15:58:41Z</time>
   </trkpt>
   <trkpt lat="45.7374210" lon="4.7583110">
    <ele>250.7</ele>
    <time>2026-06-02T15:58:42Z</time>
   </trkpt>
   <trkpt lat="45.7374210" lon="4.7583300">
    <ele>250.7</ele>
    <time>2026-06-02T15:58:43Z</time>
   </trkpt>
   <trkpt lat="45.7374170" lon="4.7583870">
    <ele>250.7</ele>
    <time>2026-06-02T15:58:44Z</time>
   </trkpt>
   <trkpt lat="45.7374140" lon="4.7584090">
    <ele>250.7</ele>
    <time>2026-06-02T15:58:45Z</time>
   </trkpt>
   <trkpt lat="45.7374260" lon="4.7584490">
    <ele>250.7</ele>
    <time>2026-06-02T15:58:46Z</time>
   </trkpt>
   <trkpt lat="45.7374340" lon="4.7585060">
    <ele>250.7</ele>
    <time>2026-06-02T15:58:47Z</time>
   </trkpt>
   <trkpt lat="45.7374340" lon="4.7585260">
    <ele>250.7</ele>
    <time>2026-06-02T15:58:48Z</time>
   </trkpt>
   <trkpt lat="45.7374260" lon="4.7585880">
    <ele>250.7</ele>
    <time>2026-06-02T15:58:49Z</time>
   </trkpt>
   <trkpt lat="45.7374170" lon="4.7586130">
    <ele>250.7</ele>
    <time>2026-06-02T15:58:50Z</time>
   </trkpt>
   <trkpt lat="45.7374220" lon="4.7586640">
    <ele>250.7</ele>
    <time>2026-06-02T15:58:51Z</time>
   </trkpt>
   <trkpt lat="45.7374190" lon="4.7586840">
    <ele>250.7</ele>
    <time>2026-06-02T15:58:52Z</time>
   </trkpt>
   <trkpt lat="45.7374270" lon="4.7587290">
    <ele>250.7</ele>
    <time>2026-06-02T15:58:53Z</time>
   </trkpt>
   <trkpt lat="45.7374380" lon="4.7587670">
    <ele>250.7</ele>
    <time>2026-06-02T15:58:54Z</time>
   </trkpt>
   <trkpt lat="45.7374380" lon="4.7588190">
    <ele>250.7</ele>
    <time>2026-06-02T15:58:55Z</time>
   </trkpt>
   <trkpt lat="45.7374400" lon="4.7588410">
    <ele>250.7</ele>
    <time>2026-06-02T15:58:56Z</time>
   </trkpt>
   <trkpt lat="45.7374400" lon="4.7588800">
    <ele>250.7</ele>
    <time>2026-06-02T15:58:57Z</time>
   </trkpt>
   <trkpt lat="45.7374310" lon="4.7589250">
    <ele>250.7</ele>
    <time>2026-06-02T15:58:58Z</time>
   </trkpt>
   <trkpt lat="45.7374300" lon="4.7589790">
    <ele>250.7</ele>
    <time>2026-06-02T15:58:59Z</time>
   </trkpt>
   <trkpt lat="45.7374340" lon="4.7589970">
    <ele>250.7</ele>
    <time>2026-06-02T15:59:00Z</time>
   </trkpt>
   <trkpt lat="45.7374330" lon="4.7590420">
    <ele>250.7</ele>
    <time>2026-06-02T15:59:01Z</time>
   </trkpt>
   <trkpt lat="45.7374290" lon="4.7590930">
    <ele>250.8</ele>
    <time>2026-06-02T15:59:02Z</time>
   </trkpt>
   <trkpt lat="45.7374250" lon="4.7591110">
    <ele>250.8</ele>
    <time>2026-06-02T15:59:03Z</time>
   </trkpt>
   <trkpt lat="45.7374160" lon="4.7591680">
    <ele>250.8</ele>
    <time>2026-06-02T15:59:04Z</time>
   </trkpt>
   <trkpt lat="45.7374120" lon="4.7591880">
    <ele>250.8</ele>
    <time>2026-06-02T15:59:05Z</time>
   </trkpt>
   <trkpt lat="45.7374260" lon="4.7592380">
    <ele>250.8</ele>
    <time>2026-06-02T15:59:06Z</time>
   </trkpt>
   <trkpt lat="45.7374320" lon="4.7592790">
    <ele>250.8</ele>
    <time>2026-06-02T15:59:07Z</time>
   </trkpt>
   <trkpt lat="45.7374360" lon="4.7593190">
    <ele>250.8</ele>
    <time>2026-06-02T15:59:08Z</time>
   </trkpt>
   <trkpt lat="45.7374500" lon="4.7593720">
    <ele>250.8</ele>
    <time>2026-06-02T15:59:09Z</time>
   </trkpt>
   <trkpt lat="45.7374550" lon="4.7593930">
    <ele>250.8</ele>
    <time>2026-06-02T15:59:10Z</time>
   </trkpt>
   <trkpt lat="45.7374580" lon="4.7594430">
    <ele>250.9</ele>
    <time>2026-06-02T15:59:11Z</time>
   </trkpt>
   <trkpt lat="45.7374580" lon="4.7594610">
    <ele>250.9</ele>
    <time>2026-06-02T15:59:12Z</time>
   </trkpt>
   <trkpt lat="45.7374710" lon="4.7595110">
    <ele>250.9</ele>
    <time>2026-06-02T15:59:13Z</time>
   </trkpt>
   <trkpt lat="45.7374730" lon="4.7595260">
    <ele>250.9</ele>
    <time>2026-06-02T15:59:14Z</time>
   </trkpt>
   <trkpt lat="45.7374770" lon="4.7595780">
    <ele>250.9</ele>
    <time>2026-06-02T15:59:15Z</time>
   </trkpt>
   <trkpt lat="45.7374810" lon="4.7596270">
    <ele>250.9</ele>
    <time>2026-06-02T15:59:16Z</time>
   </trkpt>
   <trkpt lat="45.7374810" lon="4.7596450">
    <ele>250.9</ele>
    <time>2026-06-02T15:59:17Z</time>
   </trkpt>
   <trkpt lat="45.7374840" lon="4.7596950">
    <ele>251.0</ele>
    <time>2026-06-02T15:59:18Z</time>
   </trkpt>
   <trkpt lat="45.7374930" lon="4.7597430">
    <ele>251.0</ele>
    <time>2026-06-02T15:59:19Z</time>
   </trkpt>
   <trkpt lat="45.7374980" lon="4.7597820">
    <ele>251.0</ele>
    <time>2026-06-02T15:59:20Z</time>
   </trkpt>
   <trkpt lat="45.7375010" lon="4.7598010">
    <ele>251.0</ele>
    <time>2026-06-02T15:59:21Z</time>
   </trkpt>
   <trkpt lat="45.7375070" lon="4.7598560">
    <ele>251.0</ele>
    <time>2026-06-02T15:59:22Z</time>
   </trkpt>
   <trkpt lat="45.7375060" lon="4.7598740">
    <ele>251.0</ele>
    <time>2026-06-02T15:59:23Z</time>
   </trkpt>
   <trkpt lat="45.7375130" lon="4.7599200">
    <ele>251.0</ele>
    <time>2026-06-02T15:59:24Z</time>
   </trkpt>
   <trkpt lat="45.7375140" lon="4.7599640">
    <ele>251.0</ele>
    <time>2026-06-02T15:59:25Z</time>
   </trkpt>
   <trkpt lat="45.7374940" lon="4.7599920">
    <ele>251.0</ele>
    <time>2026-06-02T15:59:26Z</time>
   </trkpt>
   <trkpt lat="45.7374890" lon="4.7600340">
    <ele>251.0</ele>
    <time>2026-06-02T15:59:27Z</time>
   </trkpt>
   <trkpt lat="45.7374750" lon="4.7600850">
    <ele>251.0</ele>
    <time>2026-06-02T15:59:28Z</time>
   </trkpt>
   <trkpt lat="45.7374960" lon="4.7601380">
    <ele>251.0</ele>
    <time>2026-06-02T15:59:29Z</time>
   </trkpt>
   <trkpt lat="45.7375050" lon="4.7601580">
    <ele>251.0</ele>
    <time>2026-06-02T15:59:30Z</time>
   </trkpt>
   <trkpt lat="45.7374970" lon="4.7602100">
    <ele>251.0</ele>
    <time>2026-06-02T15:59:31Z</time>
   </trkpt>
   <trkpt lat="45.7374950" lon="4.7602310">
    <ele>251.0</ele>
    <time>2026-06-02T15:59:32Z</time>
   </trkpt>
   <trkpt lat="45.7374920" lon="4.7602920">
    <ele>251.0</ele>
    <time>2026-06-02T15:59:33Z</time>
   </trkpt>
   <trkpt lat="45.7374870" lon="4.7603150">
    <ele>251.1</ele>
    <time>2026-06-02T15:59:34Z</time>
   </trkpt>
   <trkpt lat="45.7374840" lon="4.7603750">
    <ele>251.1</ele>
    <time>2026-06-02T15:59:35Z</time>
   </trkpt>
   <trkpt lat="45.7374820" lon="4.7603980">
    <ele>251.1</ele>
    <time>2026-06-02T15:59:36Z</time>
   </trkpt>
   <trkpt lat="45.7374830" lon="4.7604440">
    <ele>251.1</ele>
    <time>2026-06-02T15:59:37Z</time>
   </trkpt>
   <trkpt lat="45.7374840" lon="4.7604880">
    <ele>251.1</ele>
    <time>2026-06-02T15:59:38Z</time>
   </trkpt>
   <trkpt lat="45.7374970" lon="4.7605360">
    <ele>251.2</ele>
    <time>2026-06-02T15:59:39Z</time>
   </trkpt>
   <trkpt lat="45.7374930" lon="4.7605520">
    <ele>251.2</ele>
    <time>2026-06-02T15:59:40Z</time>
   </trkpt>
   <trkpt lat="45.7374930" lon="4.7606010">
    <ele>251.2</ele>
    <time>2026-06-02T15:59:41Z</time>
   </trkpt>
   <trkpt lat="45.7374940" lon="4.7606560">
    <ele>251.2</ele>
    <time>2026-06-02T15:59:42Z</time>
   </trkpt>
   <trkpt lat="45.7374950" lon="4.7606740">
    <ele>251.2</ele>
    <time>2026-06-02T15:59:43Z</time>
   </trkpt>
   <trkpt lat="45.7374900" lon="4.7607350">
    <ele>251.3</ele>
    <time>2026-06-02T15:59:44Z</time>
   </trkpt>
   <trkpt lat="45.7374840" lon="4.7607590">
    <ele>251.3</ele>
    <time>2026-06-02T15:59:45Z</time>
   </trkpt>
   <trkpt lat="45.7374890" lon="4.7608030">
    <ele>251.3</ele>
    <time>2026-06-02T15:59:46Z</time>
   </trkpt>
   <trkpt lat="45.7374960" lon="4.7608420">
    <ele>251.3</ele>
    <time>2026-06-02T15:59:47Z</time>
   </trkpt>
   <trkpt lat="45.7374960" lon="4.7608960">
    <ele>251.4</ele>
    <time>2026-06-02T15:59:48Z</time>
   </trkpt>
   <trkpt lat="45.7374940" lon="4.7609120">
    <ele>251.4</ele>
    <time>2026-06-02T15:59:49Z</time>
   </trkpt>
   <trkpt lat="45.7374890" lon="4.7609610">
    <ele>251.4</ele>
    <time>2026-06-02T15:59:50Z</time>
   </trkpt>
   <trkpt lat="45.7374670" lon="4.7609990">
    <ele>251.4</ele>
    <time>2026-06-02T15:59:51Z</time>
   </trkpt>
   <trkpt lat="45.7374730" lon="4.7610400">
    <ele>251.4</ele>
    <time>2026-06-02T15:59:52Z</time>
   </trkpt>
   <trkpt lat="45.7374870" lon="4.7610930">
    <ele>251.4</ele>
    <time>2026-06-02T15:59:53Z</time>
   </trkpt>
   <trkpt lat="45.7374910" lon="4.7611130">
    <ele>251.4</ele>
    <time>2026-06-02T15:59:54Z</time>
   </trkpt>
   <trkpt lat="45.7375060" lon="4.7611570">
    <ele>251.5</ele>
    <time>2026-06-02T15:59:55Z</time>
   </trkpt>
   <trkpt lat="45.7375250" lon="4.7611870">
    <ele>251.5</ele>
    <time>2026-06-02T15:59:56Z</time>
   </trkpt>
   <trkpt lat="45.7375430" lon="4.7612380">
    <ele>251.5</ele>
    <time>2026-06-02T15:59:57Z</time>
   </trkpt>
   <trkpt lat="45.7375510" lon="4.7612600">
    <ele>251.6</ele>
    <time>2026-06-02T15:59:58Z</time>
   </trkpt>
   <trkpt lat="45.7375620" lon="4.7612970">
    <ele>251.6</ele>
    <time>2026-06-02T15:59:59Z</time>
   </trkpt>
   <trkpt lat="45.7375640" lon="4.7613140">
    <ele>251.6</ele>
    <time>2026-06-02T16:00:00Z</time>
   </trkpt>
   <trkpt lat="45.7375830" lon="4.7613500">
    <ele>251.7</ele>
    <time>2026-06-02T16:00:01Z</time>
   </trkpt>
   <trkpt lat="45.7376170" lon="4.7613750">
    <ele>251.8</ele>
    <time>2026-06-02T16:00:02Z</time>
   </trkpt>
   <trkpt lat="45.7376350" lon="4.7613800">
    <ele>251.8</ele>
    <time>2026-06-02T16:00:03Z</time>
   </trkpt>
   <trkpt lat="45.7376670" lon="4.7613820">
    <ele>251.9</ele>
    <time>2026-06-02T16:00:04Z</time>
   </trkpt>
   <trkpt lat="45.7376990" lon="4.7614010">
    <ele>252.0</ele>
    <time>2026-06-02T16:00:05Z</time>
   </trkpt>
   <trkpt lat="45.7377080" lon="4.7614150">
    <ele>252.0</ele>
    <time>2026-06-02T16:00:06Z</time>
   </trkpt>
   <trkpt lat="45.7377300" lon="4.7614380">
    <ele>252.1</ele>
    <time>2026-06-02T16:00:07Z</time>
   </trkpt>
   <trkpt lat="45.7377660" lon="4.7614490">
    <ele>252.2</ele>
    <time>2026-06-02T16:00:08Z</time>
   </trkpt>
   <trkpt lat="45.7377770" lon="4.7614510">
    <ele>252.2</ele>
    <time>2026-06-02T16:00:09Z</time>
   </trkpt>
   <trkpt lat="45.7378060" lon="4.7614370">
    <ele>252.2</ele>
    <time>2026-06-02T16:00:10Z</time>
   </trkpt>
   <trkpt lat="45.7378150" lon="4.7614350">
    <ele>252.2</ele>
    <time>2026-06-02T16:00:11Z</time>
   </trkpt>
   <trkpt lat="45.7378400" lon="4.7614240">
    <ele>252.3</ele>
    <time>2026-06-02T16:00:12Z</time>
   </trkpt>
   <trkpt lat="45.7378760" lon="4.7614140">
    <ele>252.3</ele>
    <time>2026-06-02T16:00:13Z</time>
   </trkpt>
   <trkpt lat="45.7378870" lon="4.7614140">
    <ele>252.3</ele>
    <time>2026-06-02T16:00:14Z</time>
   </trkpt>
   <trkpt lat="45.7379200" lon="4.7614030">
    <ele>252.4</ele>
    <time>2026-06-02T16:00:15Z</time>
   </trkpt>
   <trkpt lat="45.7379330" lon="4.7613980">
    <ele>252.4</ele>
    <time>2026-06-02T16:00:16Z</time>
   </trkpt>
   <trkpt lat="45.7379650" lon="4.7614110">
    <ele>252.4</ele>
    <time>2026-06-02T16:00:17Z</time>
   </trkpt>
   <trkpt lat="45.7380070" lon="4.7614230">
    <ele>252.5</ele>
    <time>2026-06-02T16:00:18Z</time>
   </trkpt>
   <trkpt lat="45.7380240" lon="4.7614300">
    <ele>252.5</ele>
    <time>2026-06-02T16:00:19Z</time>
   </trkpt>
   <trkpt lat="45.7380520" lon="4.7614270">
    <ele>252.5</ele>
    <time>2026-06-02T16:00:20Z</time>
   </trkpt>
   <trkpt lat="45.7380780" lon="4.7614070">
    <ele>252.5</ele>
    <time>2026-06-02T16:00:21Z</time>
   </trkpt>
   <trkpt lat="45.7381110" lon="4.7614110">
    <ele>252.5</ele>
    <time>2026-06-02T16:00:22Z</time>
   </trkpt>
   <trkpt lat="45.7381210" lon="4.7614130">
    <ele>252.5</ele>
    <time>2026-06-02T16:00:23Z</time>
   </trkpt>
   <trkpt lat="45.7381570" lon="4.7614180">
    <ele>252.6</ele>
    <time>2026-06-02T16:00:24Z</time>
   </trkpt>
   <trkpt lat="45.7381690" lon="4.7614120">
    <ele>252.6</ele>
    <time>2026-06-02T16:00:25Z</time>
   </trkpt>
   <trkpt lat="45.7382050" lon="4.7614120">
    <ele>252.6</ele>
    <time>2026-06-02T16:00:26Z</time>
   </trkpt>
   <trkpt lat="45.7382200" lon="4.7614030">
    <ele>252.6</ele>
    <time>2026-06-02T16:00:27Z</time>
   </trkpt>
   <trkpt lat="45.7382470" lon="4.7613900">
    <ele>252.6</ele>
    <time>2026-06-02T16:00:28Z</time>
   </trkpt>
   <trkpt lat="45.7382880" lon="4.7613840">
    <ele>252.6</ele>
    <time>2026-06-02T16:00:29Z</time>
   </trkpt>
   <trkpt lat="45.7383050" lon="4.7613940">
    <ele>252.6</ele>
    <time>2026-06-02T16:00:30Z</time>
   </trkpt>
   <trkpt lat="45.7383910" lon="4.7613840">
    <ele>252.6</ele>
    <time>2026-06-02T16:00:31Z</time>
   </trkpt>
   <trkpt lat="45.7384460" lon="4.7613790">
    <ele>252.6</ele>
    <time>2026-06-02T16:00:36Z</time>
   </trkpt>
   <trkpt lat="45.7385020" lon="4.7613730">
    <ele>252.6</ele>
    <time>2026-06-02T16:00:37Z</time>
   </trkpt>
   <trkpt lat="45.7385260" lon="4.7613830">
    <ele>252.6</ele>
    <time>2026-06-02T16:00:38Z</time>
   </trkpt>
   <trkpt lat="45.7385340" lon="4.7613800">
    <ele>252.6</ele>
    <time>2026-06-02T16:00:39Z</time>
   </trkpt>
   <trkpt lat="45.7385690" lon="4.7613830">
    <ele>252.5</ele>
    <time>2026-06-02T16:00:40Z</time>
   </trkpt>
   <trkpt lat="45.7385900" lon="4.7614200">
    <ele>252.5</ele>
    <time>2026-06-02T16:00:41Z</time>
   </trkpt>
   <trkpt lat="45.7385980" lon="4.7614300">
    <ele>252.5</ele>
    <time>2026-06-02T16:00:42Z</time>
   </trkpt>
   <trkpt lat="45.7386270" lon="4.7613960">
    <ele>252.5</ele>
    <time>2026-06-02T16:00:43Z</time>
   </trkpt>
   <trkpt lat="45.7386390" lon="4.7613830">
    <ele>252.5</ele>
    <time>2026-06-02T16:00:44Z</time>
   </trkpt>
   <trkpt lat="45.7386710" lon="4.7613630">
    <ele>252.4</ele>
    <time>2026-06-02T16:00:45Z</time>
   </trkpt>
   <trkpt lat="45.7386830" lon="4.7613610">
    <ele>252.4</ele>
    <time>2026-06-02T16:00:46Z</time>
   </trkpt>
   <trkpt lat="45.7387190" lon="4.7613730">
    <ele>252.4</ele>
    <time>2026-06-02T16:00:47Z</time>
   </trkpt>
   <trkpt lat="45.7387590" lon="4.7613670">
    <ele>252.3</ele>
    <time>2026-06-02T16:00:48Z</time>
   </trkpt>
   <trkpt lat="45.7387740" lon="4.7613640">
    <ele>252.3</ele>
    <time>2026-06-02T16:00:49Z</time>
   </trkpt>
   <trkpt lat="45.7388030" lon="4.7613530">
    <ele>252.2</ele>
    <time>2026-06-02T16:00:50Z</time>
   </trkpt>
   <trkpt lat="45.7388290" lon="4.7613320">
    <ele>252.2</ele>
    <time>2026-06-02T16:00:51Z</time>
   </trkpt>
   <trkpt lat="45.7388610" lon="4.7613220">
    <ele>252.1</ele>
    <time>2026-06-02T16:00:52Z</time>
   </trkpt>
   <trkpt lat="45.7389030" lon="4.7613050">
    <ele>252.1</ele>
    <time>2026-06-02T16:00:53Z</time>
   </trkpt>
   <trkpt lat="45.7389210" lon="4.7613060">
    <ele>252.0</ele>
    <time>2026-06-02T16:00:54Z</time>
   </trkpt>
   <trkpt lat="45.7389520" lon="4.7613310">
    <ele>251.9</ele>
    <time>2026-06-02T16:00:55Z</time>
   </trkpt>
   <trkpt lat="45.7389830" lon="4.7613440">
    <ele>251.9</ele>
    <time>2026-06-02T16:00:56Z</time>
   </trkpt>
   <trkpt lat="45.7390200" lon="4.7613580">
    <ele>251.8</ele>
    <time>2026-06-02T16:00:57Z</time>
   </trkpt>
   <trkpt lat="45.7390510" lon="4.7613590">
    <ele>251.7</ele>
    <time>2026-06-02T16:00:58Z</time>
   </trkpt>
   <trkpt lat="45.7390780" lon="4.7613700">
    <ele>251.6</ele>
    <time>2026-06-02T16:00:59Z</time>
   </trkpt>
   <trkpt lat="45.7391100" lon="4.7613600">
    <ele>251.5</ele>
    <time>2026-06-02T16:01:00Z</time>
   </trkpt>
   <trkpt lat="45.7391380" lon="4.7613580">
    <ele>251.4</ele>
    <time>2026-06-02T16:01:01Z</time>
   </trkpt>
   <trkpt lat="45.7391770" lon="4.7613500">
    <ele>251.3</ele>
    <time>2026-06-02T16:01:02Z</time>
   </trkpt>
   <trkpt lat="45.7392050" lon="4.7613610">
    <ele>251.2</ele>
    <time>2026-06-02T16:01:03Z</time>
   </trkpt>
   <trkpt lat="45.7392380" lon="4.7613840">
    <ele>251.1</ele>
    <time>2026-06-02T16:01:04Z</time>
   </trkpt>
   <trkpt lat="45.7392500" lon="4.7613890">
    <ele>251.1</ele>
    <time>2026-06-02T16:01:05Z</time>
   </trkpt>
   <trkpt lat="45.7392760" lon="4.7614070">
    <ele>251.0</ele>
    <time>2026-06-02T16:01:06Z</time>
   </trkpt>
   <trkpt lat="45.7393060" lon="4.7614230">
    <ele>250.9</ele>
    <time>2026-06-02T16:01:07Z</time>
   </trkpt>
   <trkpt lat="45.7393440" lon="4.7614240">
    <ele>250.7</ele>
    <time>2026-06-02T16:01:08Z</time>
   </trkpt>
   <trkpt lat="45.7393780" lon="4.7614290">
    <ele>250.6</ele>
    <time>2026-06-02T16:01:09Z</time>
   </trkpt>
   <trkpt lat="45.7394090" lon="4.7614370">
    <ele>250.5</ele>
    <time>2026-06-02T16:01:10Z</time>
   </trkpt>
   <trkpt lat="45.7394440" lon="4.7614550">
    <ele>250.3</ele>
    <time>2026-06-02T16:01:11Z</time>
   </trkpt>
   <trkpt lat="45.7394540" lon="4.7614670">
    <ele>250.3</ele>
    <time>2026-06-02T16:01:12Z</time>
   </trkpt>
   <trkpt lat="45.7394790" lon="4.7614860">
    <ele>250.2</ele>
    <time>2026-06-02T16:01:13Z</time>
   </trkpt>
   <trkpt lat="45.7395190" lon="4.7615040">
    <ele>250.0</ele>
    <time>2026-06-02T16:01:14Z</time>
   </trkpt>
   <trkpt lat="45.7395350" lon="4.7615070">
    <ele>249.9</ele>
    <time>2026-06-02T16:01:15Z</time>
   </trkpt>
   <trkpt lat="45.7395670" lon="4.7615230">
    <ele>249.7</ele>
    <time>2026-06-02T16:01:16Z</time>
   </trkpt>
   <trkpt lat="45.7396020" lon="4.7615360">
    <ele>249.5</ele>
    <time>2026-06-02T16:01:17Z</time>
   </trkpt>
   <trkpt lat="45.7396310" lon="4.7615480">
    <ele>249.3</ele>
    <time>2026-06-02T16:01:18Z</time>
   </trkpt>
   <trkpt lat="45.7396700" lon="4.7615620">
    <ele>249.0</ele>
    <time>2026-06-02T16:01:19Z</time>
   </trkpt>
   <trkpt lat="45.7396840" lon="4.7615660">
    <ele>248.9</ele>
    <time>2026-06-02T16:01:20Z</time>
   </trkpt>
   <trkpt lat="45.7397090" lon="4.7615810">
    <ele>248.7</ele>
    <time>2026-06-02T16:01:21Z</time>
   </trkpt>
   <trkpt lat="45.7397370" lon="4.7615830">
    <ele>248.5</ele>
    <time>2026-06-02T16:01:22Z</time>
   </trkpt>
   <trkpt lat="45.7397680" lon="4.7615980">
    <ele>248.3</ele>
    <time>2026-06-02T16:01:23Z</time>
   </trkpt>
   <trkpt lat="45.7398010" lon="4.7616070">
    <ele>248.0</ele>
    <time>2026-06-02T16:01:24Z</time>
   </trkpt>
   <trkpt lat="45.7398310" lon="4.7616080">
    <ele>247.8</ele>
    <time>2026-06-02T16:01:25Z</time>
   </trkpt>
   <trkpt lat="45.7398650" lon="4.7616100">
    <ele>247.5</ele>
    <time>2026-06-02T16:01:26Z</time>
   </trkpt>
   <trkpt lat="45.7398920" lon="4.7616300">
    <ele>247.3</ele>
    <time>2026-06-02T16:01:27Z</time>
   </trkpt>
   <trkpt lat="45.7399220" lon="4.7616470">
    <ele>247.1</ele>
    <time>2026-06-02T16:01:28Z</time>
   </trkpt>
   <trkpt lat="45.7399540" lon="4.7616690">
    <ele>246.8</ele>
    <time>2026-06-02T16:01:29Z</time>
   </trkpt>
   <trkpt lat="45.7399650" lon="4.7616750">
    <ele>246.7</ele>
    <time>2026-06-02T16:01:30Z</time>
   </trkpt>
   <trkpt lat="45.7400010" lon="4.7616930">
    <ele>246.5</ele>
    <time>2026-06-02T16:01:31Z</time>
   </trkpt>
   <trkpt lat="45.7400120" lon="4.7617060">
    <ele>246.4</ele>
    <time>2026-06-02T16:01:32Z</time>
   </trkpt>
   <trkpt lat="45.7400460" lon="4.7617300">
    <ele>246.1</ele>
    <time>2026-06-02T16:01:33Z</time>
   </trkpt>
   <trkpt lat="45.7400600" lon="4.7617370">
    <ele>246.1</ele>
    <time>2026-06-02T16:01:34Z</time>
   </trkpt>
   <trkpt lat="45.7400880" lon="4.7617620">
    <ele>245.8</ele>
    <time>2026-06-02T16:01:35Z</time>
   </trkpt>
   <trkpt lat="45.7401150" lon="4.7617760">
    <ele>245.7</ele>
    <time>2026-06-02T16:01:36Z</time>
   </trkpt>
   <trkpt lat="45.7401410" lon="4.7617900">
    <ele>245.5</ele>
    <time>2026-06-02T16:01:37Z</time>
   </trkpt>
   <trkpt lat="45.7401740" lon="4.7618160">
    <ele>245.3</ele>
    <time>2026-06-02T16:01:38Z</time>
   </trkpt>
   <trkpt lat="45.7402000" lon="4.7618320">
    <ele>245.2</ele>
    <time>2026-06-02T16:01:39Z</time>
   </trkpt>
   <trkpt lat="45.7402330" lon="4.7618580">
    <ele>245.0</ele>
    <time>2026-06-02T16:01:40Z</time>
   </trkpt>
   <trkpt lat="45.7402430" lon="4.7618710">
    <ele>244.9</ele>
    <time>2026-06-02T16:01:41Z</time>
   </trkpt>
   <trkpt lat="45.7402760" lon="4.7618890">
    <ele>244.7</ele>
    <time>2026-06-02T16:01:42Z</time>
   </trkpt>
   <trkpt lat="45.7403140" lon="4.7618970">
    <ele>244.5</ele>
    <time>2026-06-02T16:01:43Z</time>
   </trkpt>
   <trkpt lat="45.7403260" lon="4.7619060">
    <ele>244.5</ele>
    <time>2026-06-02T16:01:44Z</time>
   </trkpt>
   <trkpt lat="45.7403650" lon="4.7619180">
    <ele>244.3</ele>
    <time>2026-06-02T16:01:45Z</time>
   </trkpt>
   <trkpt lat="45.7403790" lon="4.7619220">
    <ele>244.2</ele>
    <time>2026-06-02T16:01:46Z</time>
   </trkpt>
   <trkpt lat="45.7404140" lon="4.7619370">
    <ele>244.0</ele>
    <time>2026-06-02T16:01:47Z</time>
   </trkpt>
   <trkpt lat="45.7404450" lon="4.7619370">
    <ele>243.8</ele>
    <time>2026-06-02T16:01:48Z</time>
   </trkpt>
   <trkpt lat="45.7404720" lon="4.7619570">
    <ele>243.7</ele>
    <time>2026-06-02T16:01:49Z</time>
   </trkpt>
   <trkpt lat="45.7404990" lon="4.7619690">
    <ele>243.6</ele>
    <time>2026-06-02T16:01:50Z</time>
   </trkpt>
   <trkpt lat="45.7405300" lon="4.7619790">
    <ele>243.4</ele>
    <time>2026-06-02T16:01:51Z</time>
   </trkpt>
   <trkpt lat="45.7405710" lon="4.7619910">
    <ele>243.2</ele>
    <time>2026-06-02T16:01:52Z</time>
   </trkpt>
   <trkpt lat="45.7405850" lon="4.7619960">
    <ele>243.2</ele>
    <time>2026-06-02T16:01:53Z</time>
   </trkpt>
   <trkpt lat="45.7406160" lon="4.7620050">
    <ele>243.0</ele>
    <time>2026-06-02T16:01:54Z</time>
   </trkpt>
   <trkpt lat="45.7406240" lon="4.7620100">
    <ele>243.0</ele>
    <time>2026-06-02T16:01:55Z</time>
   </trkpt>
   <trkpt lat="45.7406520" lon="4.7620310">
    <ele>242.9</ele>
    <time>2026-06-02T16:01:56Z</time>
   </trkpt>
   <trkpt lat="45.7406790" lon="4.7620490">
    <ele>242.8</ele>
    <time>2026-06-02T16:01:57Z</time>
   </trkpt>
   <trkpt lat="45.7407030" lon="4.7620660">
    <ele>242.6</ele>
    <time>2026-06-02T16:01:58Z</time>
   </trkpt>
   <trkpt lat="45.7407310" lon="4.7620970">
    <ele>242.5</ele>
    <time>2026-06-02T16:01:59Z</time>
   </trkpt>
   <trkpt lat="45.7407580" lon="4.7621150">
    <ele>242.3</ele>
    <time>2026-06-02T16:02:00Z</time>
   </trkpt>
   <trkpt lat="45.7407980" lon="4.7621330">
    <ele>242.1</ele>
    <time>2026-06-02T16:02:01Z</time>
   </trkpt>
   <trkpt lat="45.7408130" lon="4.7621420">
    <ele>242.0</ele>
    <time>2026-06-02T16:02:02Z</time>
   </trkpt>
   <trkpt lat="45.7408400" lon="4.7621520">
    <ele>241.8</ele>
    <time>2026-06-02T16:02:03Z</time>
   </trkpt>
   <trkpt lat="45.7408870" lon="4.7621530">
    <ele>241.5</ele>
    <time>2026-06-02T16:02:04Z</time>
   </trkpt>
   <trkpt lat="45.7409070" lon="4.7621570">
    <ele>241.4</ele>
    <time>2026-06-02T16:02:05Z</time>
   </trkpt>
   <trkpt lat="45.7409380" lon="4.7621550">
    <ele>241.2</ele>
    <time>2026-06-02T16:02:06Z</time>
   </trkpt>
   <trkpt lat="45.7409840" lon="4.7621600">
    <ele>240.9</ele>
    <time>2026-06-02T16:02:07Z</time>
   </trkpt>
   <trkpt lat="45.7410020" lon="4.7621620">
    <ele>240.7</ele>
    <time>2026-06-02T16:02:08Z</time>
   </trkpt>
   <trkpt lat="45.7410430" lon="4.7621630">
    <ele>240.4</ele>
    <time>2026-06-02T16:02:09Z</time>
   </trkpt>
   <trkpt lat="45.7410810" lon="4.7621570">
    <ele>240.1</ele>
    <time>2026-06-02T16:02:10Z</time>
   </trkpt>
   <trkpt lat="45.7411090" lon="4.7621490">
    <ele>239.8</ele>
    <time>2026-06-02T16:02:11Z</time>
   </trkpt>
   <trkpt lat="45.7411350" lon="4.7621560">
    <ele>239.6</ele>
    <time>2026-06-02T16:02:12Z</time>
   </trkpt>
   <trkpt lat="45.7411750" lon="4.7621750">
    <ele>239.2</ele>
    <time>2026-06-02T16:02:13Z</time>
   </trkpt>
   <trkpt lat="45.7411920" lon="4.7621810">
    <ele>239.0</ele>
    <time>2026-06-02T16:02:14Z</time>
   </trkpt>
   <trkpt lat="45.7412170" lon="4.7621970">
    <ele>238.7</ele>
    <time>2026-06-02T16:02:15Z</time>
   </trkpt>
   <trkpt lat="45.7412430" lon="4.7622330">
    <ele>238.3</ele>
    <time>2026-06-02T16:02:16Z</time>
   </trkpt>
   <trkpt lat="45.7412550" lon="4.7622430">
    <ele>238.2</ele>
    <time>2026-06-02T16:02:17Z</time>
   </trkpt>
   <trkpt lat="45.7412830" lon="4.7622680">
    <ele>237.8</ele>
    <time>2026-06-02T16:02:18Z</time>
   </trkpt>
   <trkpt lat="45.7413110" lon="4.7623080">
    <ele>237.3</ele>
    <time>2026-06-02T16:02:19Z</time>
   </trkpt>
   <trkpt lat="45.7413200" lon="4.7623250">
    <ele>237.2</ele>
    <time>2026-06-02T16:02:20Z</time>
   </trkpt>
   <trkpt lat="45.7413500" lon="4.7623550">
    <ele>236.7</ele>
    <time>2026-06-02T16:02:21Z</time>
   </trkpt>
   <trkpt lat="45.7413800" lon="4.7623750">
    <ele>236.4</ele>
    <time>2026-06-02T16:02:22Z</time>
   </trkpt>
   <trkpt lat="45.7414010" lon="4.7624140">
    <ele>236.0</ele>
    <time>2026-06-02T16:02:23Z</time>
   </trkpt>
   <trkpt lat="45.7414240" lon="4.7624490">
    <ele>235.6</ele>
    <time>2026-06-02T16:02:24Z</time>
   </trkpt>
   <trkpt lat="45.7414530" lon="4.7624610">
    <ele>235.2</ele>
    <time>2026-06-02T16:02:25Z</time>
   </trkpt>
   <trkpt lat="45.7414760" lon="4.7624960">
    <ele>234.9</ele>
    <time>2026-06-02T16:02:26Z</time>
   </trkpt>
   <trkpt lat="45.7415100" lon="4.7625180">
    <ele>234.5</ele>
    <time>2026-06-02T16:02:27Z</time>
   </trkpt>
   <trkpt lat="45.7415380" lon="4.7625330">
    <ele>234.1</ele>
    <time>2026-06-02T16:02:28Z</time>
   </trkpt>
   <trkpt lat="45.7415630" lon="4.7625610">
    <ele>233.8</ele>
    <time>2026-06-02T16:02:29Z</time>
   </trkpt>
   <trkpt lat="45.7415960" lon="4.7625930">
    <ele>233.3</ele>
    <time>2026-06-02T16:02:30Z</time>
   </trkpt>
   <trkpt lat="45.7416260" lon="4.7626240">
    <ele>232.8</ele>
    <time>2026-06-02T16:02:31Z</time>
   </trkpt>
   <trkpt lat="45.7416390" lon="4.7626330">
    <ele>232.6</ele>
    <time>2026-06-02T16:02:32Z</time>
   </trkpt>
   <trkpt lat="45.7416680" lon="4.7626430">
    <ele>232.2</ele>
    <time>2026-06-02T16:02:33Z</time>
   </trkpt>
   <trkpt lat="45.7417020" lon="4.7626520">
    <ele>231.6</ele>
    <time>2026-06-02T16:02:34Z</time>
   </trkpt>
   <trkpt lat="45.7417170" lon="4.7626580">
    <ele>231.3</ele>
    <time>2026-06-02T16:02:35Z</time>
   </trkpt>
   <trkpt lat="45.7417390" lon="4.7626830">
    <ele>230.8</ele>
    <time>2026-06-02T16:02:36Z</time>
   </trkpt>
   <trkpt lat="45.7417660" lon="4.7627300">
    <ele>229.9</ele>
    <time>2026-06-02T16:02:37Z</time>
   </trkpt>
   <trkpt lat="45.7417940" lon="4.7627750">
    <ele>229.0</ele>
    <time>2026-06-02T16:02:38Z</time>
   </trkpt>
   <trkpt lat="45.7418060" lon="4.7628100">
    <ele>228.5</ele>
    <time>2026-06-02T16:02:39Z</time>
   </trkpt>
   <trkpt lat="45.7418370" lon="4.7628160">
    <ele>227.8</ele>
    <time>2026-06-02T16:02:40Z</time>
   </trkpt>
   <trkpt lat="45.7418690" lon="4.7628210">
    <ele>227.1</ele>
    <time>2026-06-02T16:02:41Z</time>
   </trkpt>
   <trkpt lat="45.7419050" lon="4.7628420">
    <ele>226.3</ele>
    <time>2026-06-02T16:02:42Z</time>
   </trkpt>
   <trkpt lat="45.7419270" lon="4.7628800">
    <ele>225.5</ele>
    <time>2026-06-02T16:02:43Z</time>
   </trkpt>
   <trkpt lat="45.7419680" lon="4.7628830">
    <ele>224.7</ele>
    <time>2026-06-02T16:02:44Z</time>
   </trkpt>
   <trkpt lat="45.7420010" lon="4.7628740">
    <ele>224.0</ele>
    <time>2026-06-02T16:02:45Z</time>
   </trkpt>
   <trkpt lat="45.7420440" lon="4.7628580">
    <ele>223.1</ele>
    <time>2026-06-02T16:02:46Z</time>
   </trkpt>
   <trkpt lat="45.7420740" lon="4.7628350">
    <ele>222.4</ele>
    <time>2026-06-02T16:02:47Z</time>
   </trkpt>
   <trkpt lat="45.7421060" lon="4.7628320">
    <ele>221.8</ele>
    <time>2026-06-02T16:02:48Z</time>
   </trkpt>
   <trkpt lat="45.7421340" lon="4.7628100">
    <ele>221.1</ele>
    <time>2026-06-02T16:02:49Z</time>
   </trkpt>
   <trkpt lat="45.7421720" lon="4.7627860">
    <ele>220.3</ele>
    <time>2026-06-02T16:02:50Z</time>
   </trkpt>
   <trkpt lat="45.7422040" lon="4.7627750">
    <ele>219.6</ele>
    <time>2026-06-02T16:02:51Z</time>
   </trkpt>
   <trkpt lat="45.7422370" lon="4.7627590">
    <ele>218.9</ele>
    <time>2026-06-02T16:02:52Z</time>
   </trkpt>
   <trkpt lat="45.7422730" lon="4.7627550">
    <ele>218.2</ele>
    <time>2026-06-02T16:02:53Z</time>
   </trkpt>
   <trkpt lat="45.7423120" lon="4.7627600">
    <ele>217.4</ele>
    <time>2026-06-02T16:02:54Z</time>
   </trkpt>
   <trkpt lat="45.7423510" lon="4.7627600">
    <ele>216.6</ele>
    <time>2026-06-02T16:02:55Z</time>
   </trkpt>
   <trkpt lat="45.7423830" lon="4.7627410">
    <ele>215.9</ele>
    <time>2026-06-02T16:02:56Z</time>
   </trkpt>
   <trkpt lat="45.7424200" lon="4.7627200">
    <ele>215.2</ele>
    <time>2026-06-02T16:02:57Z</time>
   </trkpt>
   <trkpt lat="45.7424520" lon="4.7626980">
    <ele>214.5</ele>
    <time>2026-06-02T16:02:58Z</time>
   </trkpt>
   <trkpt lat="45.7424810" lon="4.7626800">
    <ele>213.9</ele>
    <time>2026-06-02T16:02:59Z</time>
   </trkpt>
   <trkpt lat="45.7425350" lon="4.7626680">
    <ele>212.9</ele>
    <time>2026-06-02T16:03:00Z</time>
   </trkpt>
   <trkpt lat="45.7425790" lon="4.7626610">
    <ele>212.1</ele>
    <time>2026-06-02T16:03:01Z</time>
   </trkpt>
   <trkpt lat="45.7426340" lon="4.7626630">
    <ele>211.2</ele>
    <time>2026-06-02T16:03:02Z</time>
   </trkpt>
   <trkpt lat="45.7426790" lon="4.7626650">
    <ele>210.5</ele>
    <time>2026-06-02T16:03:03Z</time>
   </trkpt>
   <trkpt lat="45.7427220" lon="4.7626140">
    <ele>209.7</ele>
    <time>2026-06-02T16:03:04Z</time>
   </trkpt>
   <trkpt lat="45.7427670" lon="4.7626090">
    <ele>209.1</ele>
    <time>2026-06-02T16:03:05Z</time>
   </trkpt>
   <trkpt lat="45.7428210" lon="4.7626170">
    <ele>208.4</ele>
    <time>2026-06-02T16:03:06Z</time>
   </trkpt>
   <trkpt lat="45.7428520" lon="4.7626000">
    <ele>208.0</ele>
    <time>2026-06-02T16:03:07Z</time>
   </trkpt>
   <trkpt lat="45.7428690" lon="4.7626530">
    <ele>207.4</ele>
    <time>2026-06-02T16:03:08Z</time>
   </trkpt>
   <trkpt lat="45.7428610" lon="4.7626970">
    <ele>207.0</ele>
    <time>2026-06-02T16:03:09Z</time>
   </trkpt>
   <trkpt lat="45.7428490" lon="4.7627060">
    <ele>206.8</ele>
    <time>2026-06-02T16:03:10Z</time>
   </trkpt>
   <trkpt lat="45.7428350" lon="4.7627070">
    <ele>206.6</ele>
    <time>2026-06-02T16:03:11Z</time>
   </trkpt>
   <trkpt lat="45.7428300" lon="4.7627090">
    <ele>206.6</ele>
    <time>2026-06-02T16:03:12Z</time>
   </trkpt>
   <trkpt lat="45.7427080" lon="4.7628720">
    <ele>204.6</ele>
    <time>2026-06-02T16:03:22Z</time>
   </trkpt>
   <trkpt lat="45.7427020" lon="4.7628970">
    <ele>204.4</ele>
    <time>2026-06-02T16:03:23Z</time>
   </trkpt>
   <trkpt lat="45.7426920" lon="4.7629140">
    <ele>204.2</ele>
    <time>2026-06-02T16:03:24Z</time>
   </trkpt>
   <trkpt lat="45.7426730" lon="4.7629540">
    <ele>203.9</ele>
    <time>2026-06-02T16:03:25Z</time>
   </trkpt>
   <trkpt lat="45.7426610" lon="4.7629680">
    <ele>203.8</ele>
    <time>2026-06-02T16:03:26Z</time>
   </trkpt>
   <trkpt lat="45.7426420" lon="4.7629990">
    <ele>203.5</ele>
    <time>2026-06-02T16:03:27Z</time>
   </trkpt>
   <trkpt lat="45.7426180" lon="4.7630440">
    <ele>203.2</ele>
    <time>2026-06-02T16:03:28Z</time>
   </trkpt>
   <trkpt lat="45.7426080" lon="4.7630620">
    <ele>203.0</ele>
    <time>2026-06-02T16:03:29Z</time>
   </trkpt>
   <trkpt lat="45.7425910" lon="4.7631020">
    <ele>202.7</ele>
    <time>2026-06-02T16:03:30Z</time>
   </trkpt>
   <trkpt lat="45.7425540" lon="4.7631400">
    <ele>202.3</ele>
    <time>2026-06-02T16:03:31Z</time>
   </trkpt>
   <trkpt lat="45.7425380" lon="4.7631550">
    <ele>202.1</ele>
    <time>2026-06-02T16:03:32Z</time>
   </trkpt>
   <trkpt lat="45.7425210" lon="4.7631900">
    <ele>201.8</ele>
    <time>2026-06-02T16:03:33Z</time>
   </trkpt>
   <trkpt lat="45.7425000" lon="4.7632400">
    <ele>201.3</ele>
    <time>2026-06-02T16:03:34Z</time>
   </trkpt>
   <trkpt lat="45.7424880" lon="4.7632550">
    <ele>201.1</ele>
    <time>2026-06-02T16:03:35Z</time>
   </trkpt>
   <trkpt lat="45.7424810" lon="4.7633060">
    <ele>200.7</ele>
    <time>2026-06-02T16:03:36Z</time>
   </trkpt>
   <trkpt lat="45.7424540" lon="4.7633430">
    <ele>200.2</ele>
    <time>2026-06-02T16:03:37Z</time>
   </trkpt>
   <trkpt lat="45.7424290" lon="4.7633760">
    <ele>199.7</ele>
    <time>2026-06-02T16:03:38Z</time>
   </trkpt>
   <trkpt lat="45.7424160" lon="4.7634340">
    <ele>199.1</ele>
    <time>2026-06-02T16:03:39Z</time>
   </trkpt>
   <trkpt lat="45.7424160" lon="4.7634750">
    <ele>198.7</ele>
    <time>2026-06-02T16:03:40Z</time>
   </trkpt>
   <trkpt lat="45.7424200" lon="4.7635230">
    <ele>198.3</ele>
    <time>2026-06-02T16:03:41Z</time>
   </trkpt>
   <trkpt lat="45.7424300" lon="4.7635640">
    <ele>197.9</ele>
    <time>2026-06-02T16:03:42Z</time>
   </trkpt>
   <trkpt lat="45.7424270" lon="4.7636030">
    <ele>197.6</ele>
    <time>2026-06-02T16:03:43Z</time>
   </trkpt>
   <trkpt lat="45.7424040" lon="4.7636440">
    <ele>197.3</ele>
    <time>2026-06-02T16:03:44Z</time>
   </trkpt>
   <trkpt lat="45.7423950" lon="4.7637000">
    <ele>196.9</ele>
    <time>2026-06-02T16:03:45Z</time>
   </trkpt>
   <trkpt lat="45.7423950" lon="4.7637200">
    <ele>196.8</ele>
    <time>2026-06-02T16:03:46Z</time>
   </trkpt>
   <trkpt lat="45.7423970" lon="4.7637580">
    <ele>196.5</ele>
    <time>2026-06-02T16:03:47Z</time>
   </trkpt>
   <trkpt lat="45.7423690" lon="4.7638350">
    <ele>196.1</ele>
    <time>2026-06-02T16:03:48Z</time>
   </trkpt>
   <trkpt lat="45.7423310" lon="4.7638880">
    <ele>195.7</ele>
    <time>2026-06-02T16:03:49Z</time>
   </trkpt>
   <trkpt lat="45.7422940" lon="4.7639410">
    <ele>195.3</ele>
    <time>2026-06-02T16:04:10Z</time>
   </trkpt>
   <trkpt lat="45.7422560" lon="4.7639940">
    <ele>194.9</ele>
    <time>2026-06-02T16:04:11Z</time>
   </trkpt>
   <trkpt lat="45.7422190" lon="4.7640470">
    <ele>194.7</ele>
    <time>2026-06-02T16:04:12Z</time>
   </trkpt>
   <trkpt lat="45.7421840" lon="4.7640440">
    <ele>194.6</ele>
    <time>2026-06-02T16:04:13Z</time>
   </trkpt>
   <trkpt lat="45.7421740" lon="4.7640360">
    <ele>194.6</ele>
    <time>2026-06-02T16:04:14Z</time>
   </trkpt>
   <trkpt lat="45.7421560" lon="4.7640780">
    <ele>194.7</ele>
    <time>2026-06-02T16:04:15Z</time>
   </trkpt>
   <trkpt lat="45.7421260" lon="4.7640900">
    <ele>194.8</ele>
    <time>2026-06-02T16:04:16Z</time>
   </trkpt>
   <trkpt lat="45.7420970" lon="4.7640920">
    <ele>194.9</ele>
    <time>2026-06-02T16:04:17Z</time>
   </trkpt>
   <trkpt lat="45.7420660" lon="4.7640910">
    <ele>195.0</ele>
    <time>2026-06-02T16:04:18Z</time>
   </trkpt>
   <trkpt lat="45.7420550" lon="4.7640950">
    <ele>195.0</ele>
    <time>2026-06-02T16:04:19Z</time>
   </trkpt>
   <trkpt lat="45.7420460" lon="4.7641490">
    <ele>195.1</ele>
    <time>2026-06-02T16:04:20Z</time>
   </trkpt>
   <trkpt lat="45.7420490" lon="4.7641730">
    <ele>195.1</ele>
    <time>2026-06-02T16:04:21Z</time>
   </trkpt>
   <trkpt lat="45.7420600" lon="4.7642160">
    <ele>195.1</ele>
    <time>2026-06-02T16:04:22Z</time>
   </trkpt>
   <trkpt lat="45.7420650" lon="4.7642370">
    <ele>195.0</ele>
    <time>2026-06-02T16:04:23Z</time>
   </trkpt>
   <trkpt lat="45.7420550" lon="4.7642630">
    <ele>195.0</ele>
    <time>2026-06-02T16:04:24Z</time>
   </trkpt>
   <trkpt lat="45.7420600" lon="4.7643040">
    <ele>195.0</ele>
    <time>2026-06-02T16:04:25Z</time>
   </trkpt>
   <trkpt lat="45.7420630" lon="4.7643180">
    <ele>194.9</ele>
    <time>2026-06-02T16:04:26Z</time>
   </trkpt>
   <trkpt lat="45.7420670" lon="4.7643770">
    <ele>194.9</ele>
    <time>2026-06-02T16:04:27Z</time>
   </trkpt>
   <trkpt lat="45.7420610" lon="4.7644000">
    <ele>194.8</ele>
    <time>2026-06-02T16:04:28Z</time>
   </trkpt>
   <trkpt lat="45.7420580" lon="4.7644480">
    <ele>194.8</ele>
    <time>2026-06-02T16:04:29Z</time>
   </trkpt>
   <trkpt lat="45.7420570" lon="4.7644620">
    <ele>194.8</ele>
    <time>2026-06-02T16:04:30Z</time>
   </trkpt>
   <trkpt lat="45.7420640" lon="4.7645020">
    <ele>194.7</ele>
    <time>2026-06-02T16:04:31Z</time>
   </trkpt>
   <trkpt lat="45.7420630" lon="4.7645190">
    <ele>194.7</ele>
    <time>2026-06-02T16:04:32Z</time>
   </trkpt>
   <trkpt lat="45.7420710" lon="4.7645700">
    <ele>194.7</ele>
    <time>2026-06-02T16:04:33Z</time>
   </trkpt>
   <trkpt lat="45.7420730" lon="4.7645870">
    <ele>194.7</ele>
    <time>2026-06-02T16:04:34Z</time>
   </trkpt>
   <trkpt lat="45.7420720" lon="4.7646390">
    <ele>194.8</ele>
    <time>2026-06-02T16:04:35Z</time>
   </trkpt>
   <trkpt lat="45.7420740" lon="4.7646610">
    <ele>194.8</ele>
    <time>2026-06-02T16:04:36Z</time>
   </trkpt>
   <trkpt lat="45.7420770" lon="4.7647050">
    <ele>194.8</ele>
    <time>2026-06-02T16:04:37Z</time>
   </trkpt>
   <trkpt lat="45.7420700" lon="4.7647480">
    <ele>194.8</ele>
    <time>2026-06-02T16:04:38Z</time>
   </trkpt>
   <trkpt lat="45.7420750" lon="4.7648070">
    <ele>194.8</ele>
    <time>2026-06-02T16:04:39Z</time>
   </trkpt>
   <trkpt lat="45.7420760" lon="4.7648280">
    <ele>194.8</ele>
    <time>2026-06-02T16:04:40Z</time>
   </trkpt>
   <trkpt lat="45.7420770" lon="4.7648770">
    <ele>194.7</ele>
    <time>2026-06-02T16:04:41Z</time>
   </trkpt>
   <trkpt lat="45.7420720" lon="4.7648880">
    <ele>194.7</ele>
    <time>2026-06-02T16:04:42Z</time>
   </trkpt>
   <trkpt lat="45.7420560" lon="4.7649210">
    <ele>194.7</ele>
    <time>2026-06-02T16:04:43Z</time>
   </trkpt>
   <trkpt lat="45.7420580" lon="4.7649690">
    <ele>194.6</ele>
    <time>2026-06-02T16:04:44Z</time>
   </trkpt>
   <trkpt lat="45.7420550" lon="4.7649910">
    <ele>194.5</ele>
    <time>2026-06-02T16:04:45Z</time>
   </trkpt>
   <trkpt lat="45.7420630" lon="4.7650310">
    <ele>194.5</ele>
    <time>2026-06-02T16:04:46Z</time>
   </trkpt>
   <trkpt lat="45.7420640" lon="4.7650420">
    <ele>194.4</ele>
    <time>2026-06-02T16:04:47Z</time>
   </trkpt>
   <trkpt lat="45.7420720" lon="4.7650820">
    <ele>194.4</ele>
    <time>2026-06-02T16:04:48Z</time>
   </trkpt>
   <trkpt lat="45.7420780" lon="4.7651250">
    <ele>194.3</ele>
    <time>2026-06-02T16:04:49Z</time>
   </trkpt>
   <trkpt lat="45.7420730" lon="4.7651660">
    <ele>194.2</ele>
    <time>2026-06-02T16:04:50Z</time>
   </trkpt>
   <trkpt lat="45.7420650" lon="4.7652140">
    <ele>194.1</ele>
    <time>2026-06-02T16:04:51Z</time>
   </trkpt>
   <trkpt lat="45.7420630" lon="4.7652290">
    <ele>194.1</ele>
    <time>2026-06-02T16:04:52Z</time>
   </trkpt>
   <trkpt lat="45.7420740" lon="4.7652690">
    <ele>194.0</ele>
    <time>2026-06-02T16:04:53Z</time>
   </trkpt>
   <trkpt lat="45.7420760" lon="4.7652850">
    <ele>194.0</ele>
    <time>2026-06-02T16:04:54Z</time>
   </trkpt>
   <trkpt lat="45.7420840" lon="4.7653380">
    <ele>194.0</ele>
    <time>2026-06-02T16:04:55Z</time>
   </trkpt>
   <trkpt lat="45.7420870" lon="4.7653540">
    <ele>194.0</ele>
    <time>2026-06-02T16:04:56Z</time>
   </trkpt>
   <trkpt lat="45.7420860" lon="4.7654040">
    <ele>193.9</ele>
    <time>2026-06-02T16:04:57Z</time>
   </trkpt>
   <trkpt lat="45.7420860" lon="4.7654260">
    <ele>193.9</ele>
    <time>2026-06-02T16:04:58Z</time>
   </trkpt>
   <trkpt lat="45.7420920" lon="4.7654710">
    <ele>193.9</ele>
    <time>2026-06-02T16:04:59Z</time>
   </trkpt>
   <trkpt lat="45.7420950" lon="4.7654860">
    <ele>193.9</ele>
    <time>2026-06-02T16:05:00Z</time>
   </trkpt>
   <trkpt lat="45.7420990" lon="4.7655420">
    <ele>193.9</ele>
    <time>2026-06-02T16:05:01Z</time>
   </trkpt>
   <trkpt lat="45.7420960" lon="4.7655620">
    <ele>193.8</ele>
    <time>2026-06-02T16:05:02Z</time>
   </trkpt>
   <trkpt lat="45.7420950" lon="4.7656190">
    <ele>193.8</ele>
    <time>2026-06-02T16:05:03Z</time>
   </trkpt>
   <trkpt lat="45.7420950" lon="4.7656380">
    <ele>193.8</ele>
    <time>2026-06-02T16:05:04Z</time>
   </trkpt>
   <trkpt lat="45.7420940" lon="4.7656780">
    <ele>193.8</ele>
    <time>2026-06-02T16:05:05Z</time>
   </trkpt>
   <trkpt lat="45.7420900" lon="4.7657280">
    <ele>193.8</ele>
    <time>2026-06-02T16:05:06Z</time>
   </trkpt>
   <trkpt lat="45.7420880" lon="4.7657460">
    <ele>193.8</ele>
    <time>2026-06-02T16:05:07Z</time>
   </trkpt>
   <trkpt lat="45.7420850" lon="4.7657970">
    <ele>193.8</ele>
    <time>2026-06-02T16:05:08Z</time>
   </trkpt>
   <trkpt lat="45.7420850" lon="4.7658150">
    <ele>193.8</ele>
    <time>2026-06-02T16:05:09Z</time>
   </trkpt>
   <trkpt lat="45.7420880" lon="4.7658700">
    <ele>193.8</ele>
    <time>2026-06-02T16:05:10Z</time>
   </trkpt>
   <trkpt lat="45.7420890" lon="4.7658890">
    <ele>193.8</ele>
    <time>2026-06-02T16:05:11Z</time>
   </trkpt>
   <trkpt lat="45.7420910" lon="4.7659420">
    <ele>193.8</ele>
    <time>2026-06-02T16:05:12Z</time>
   </trkpt>
   <trkpt lat="45.7420910" lon="4.7659630">
    <ele>193.8</ele>
    <time>2026-06-02T16:05:13Z</time>
   </trkpt>
   <trkpt lat="45.7420910" lon="4.7660030">
    <ele>193.8</ele>
    <time>2026-06-02T16:05:14Z</time>
   </trkpt>
   <trkpt lat="45.7420950" lon="4.7660570">
    <ele>193.8</ele>
    <time>2026-06-02T16:05:15Z</time>
   </trkpt>
   <trkpt lat="45.7420970" lon="4.7660760">
    <ele>193.8</ele>
    <time>2026-06-02T16:05:16Z</time>
   </trkpt>
   <trkpt lat="45.7421000" lon="4.7661210">
    <ele>193.8</ele>
    <time>2026-06-02T16:05:17Z</time>
   </trkpt>
   <trkpt lat="45.7421070" lon="4.7661750">
    <ele>193.8</ele>
    <time>2026-06-02T16:05:18Z</time>
   </trkpt>
   <trkpt lat="45.7421070" lon="4.7661950">
    <ele>193.8</ele>
    <time>2026-06-02T16:05:19Z</time>
   </trkpt>
   <trkpt lat="45.7421140" lon="4.7662420">
    <ele>193.9</ele>
    <time>2026-06-02T16:05:20Z</time>
   </trkpt>
   <trkpt lat="45.7421150" lon="4.7662920">
    <ele>193.9</ele>
    <time>2026-06-02T16:05:21Z</time>
   </trkpt>
   <trkpt lat="45.7421150" lon="4.7663090">
    <ele>193.9</ele>
    <time>2026-06-02T16:05:22Z</time>
   </trkpt>
   <trkpt lat="45.7421060" lon="4.7663590">
    <ele>194.0</ele>
    <time>2026-06-02T16:05:23Z</time>
   </trkpt>
   <trkpt lat="45.7421030" lon="4.7663790">
    <ele>194.0</ele>
    <time>2026-06-02T16:05:24Z</time>
   </trkpt>
   <trkpt lat="45.7420950" lon="4.7664350">
    <ele>194.0</ele>
    <time>2026-06-02T16:05:25Z</time>
   </trkpt>
   <trkpt lat="45.7420920" lon="4.7664550">
    <ele>194.0</ele>
    <time>2026-06-02T16:05:26Z</time>
   </trkpt>
   <trkpt lat="45.7420770" lon="4.7665010">
    <ele>194.1</ele>
    <time>2026-06-02T16:05:27Z</time>
   </trkpt>
   <trkpt lat="45.7420780" lon="4.7665260">
    <ele>194.1</ele>
    <time>2026-06-02T16:05:28Z</time>
   </trkpt>
   <trkpt lat="45.7420760" lon="4.7665690">
    <ele>194.0</ele>
    <time>2026-06-02T16:05:29Z</time>
   </trkpt>
   <trkpt lat="45.7420750" lon="4.7665850">
    <ele>194.0</ele>
    <time>2026-06-02T16:05:30Z</time>
   </trkpt>
   <trkpt lat="45.7420600" lon="4.7666330">
    <ele>194.0</ele>
    <time>2026-06-02T16:05:31Z</time>
   </trkpt>
   <trkpt lat="45.7420500" lon="4.7666720">
    <ele>194.0</ele>
    <time>2026-06-02T16:05:32Z</time>
   </trkpt>
   <trkpt lat="45.7420460" lon="4.7666860">
    <ele>194.0</ele>
    <time>2026-06-02T16:05:33Z</time>
   </trkpt>
   <trkpt lat="45.7420380" lon="4.7667320">
    <ele>194.0</ele>
    <time>2026-06-02T16:05:34Z</time>
   </trkpt>
   <trkpt lat="45.7420330" lon="4.7667480">
    <ele>194.0</ele>
    <time>2026-06-02T16:05:35Z</time>
   </trkpt>
   <trkpt lat="45.7420190" lon="4.7667870">
    <ele>194.0</ele>
    <time>2026-06-02T16:05:36Z</time>
   </trkpt>
   <trkpt lat="45.7420060" lon="4.7668290">
    <ele>194.0</ele>
    <time>2026-06-02T16:05:37Z</time>
   </trkpt>
   <trkpt lat="45.7420000" lon="4.7668470">
    <ele>194.0</ele>
    <time>2026-06-02T16:05:38Z</time>
   </trkpt>
   <trkpt lat="45.7419910" lon="4.7668900">
    <ele>194.0</ele>
    <time>2026-06-02T16:05:39Z</time>
   </trkpt>
   <trkpt lat="45.7419790" lon="4.7669340">
    <ele>194.0</ele>
    <time>2026-06-02T16:05:40Z</time>
   </trkpt>
   <trkpt lat="45.7419740" lon="4.7669500">
    <ele>194.0</ele>
    <time>2026-06-02T16:05:41Z</time>
   </trkpt>
   <trkpt lat="45.7419530" lon="4.7669950">
    <ele>194.1</ele>
    <time>2026-06-02T16:05:42Z</time>
   </trkpt>
   <trkpt lat="45.7419470" lon="4.7670110">
    <ele>194.1</ele>
    <time>2026-06-02T16:05:43Z</time>
   </trkpt>
   <trkpt lat="45.7419330" lon="4.7670510">
    <ele>194.1</ele>
    <time>2026-06-02T16:05:44Z</time>
   </trkpt>
   <trkpt lat="45.7419140" lon="4.7671010">
    <ele>194.2</ele>
    <time>2026-06-02T16:05:45Z</time>
   </trkpt>
   <trkpt lat="45.7419070" lon="4.7671190">
    <ele>194.2</ele>
    <time>2026-06-02T16:05:46Z</time>
   </trkpt>
   <trkpt lat="45.7418900" lon="4.7671550">
    <ele>194.2</ele>
    <time>2026-06-02T16:05:47Z</time>
   </trkpt>
   <trkpt lat="45.7418780" lon="4.7671970">
    <ele>194.3</ele>
    <time>2026-06-02T16:05:48Z</time>
   </trkpt>
   <trkpt lat="45.7418670" lon="4.7672180">
    <ele>194.3</ele>
    <time>2026-06-02T16:05:49Z</time>
   </trkpt>
   <trkpt lat="45.7418610" lon="4.7672310">
    <ele>194.3</ele>
    <time>2026-06-02T16:05:50Z</time>
   </trkpt>
   <trkpt lat="45.7418400" lon="4.7672720">
    <ele>194.3</ele>
    <time>2026-06-02T16:05:51Z</time>
   </trkpt>
   <trkpt lat="45.7418210" lon="4.7673130">
    <ele>194.3</ele>
    <time>2026-06-02T16:05:52Z</time>
   </trkpt>
   <trkpt lat="45.7418040" lon="4.7673540">
    <ele>194.3</ele>
    <time>2026-06-02T16:05:53Z</time>
   </trkpt>
   <trkpt lat="45.7417980" lon="4.7673700">
    <ele>194.3</ele>
    <time>2026-06-02T16:05:54Z</time>
   </trkpt>
   <trkpt lat="45.7417880" lon="4.7674140">
    <ele>194.3</ele>
    <time>2026-06-02T16:05:55Z</time>
   </trkpt>
   <trkpt lat="45.7417850" lon="4.7674290">
    <ele>194.3</ele>
    <time>2026-06-02T16:05:56Z</time>
   </trkpt>
   <trkpt lat="45.7417740" lon="4.7674690">
    <ele>194.3</ele>
    <time>2026-06-02T16:05:57Z</time>
   </trkpt>
   <trkpt lat="45.7417560" lon="4.7675000">
    <ele>194.3</ele>
    <time>2026-06-02T16:05:58Z</time>
   </trkpt>
   <trkpt lat="45.7417420" lon="4.7675380">
    <ele>194.3</ele>
    <time>2026-06-02T16:05:59Z</time>
   </trkpt>
   <trkpt lat="45.7417340" lon="4.7675770">
    <ele>194.2</ele>
    <time>2026-06-02T16:06:00Z</time>
   </trkpt>
   <trkpt lat="45.7417200" lon="4.7676200">
    <ele>194.2</ele>
    <time>2026-06-02T16:06:01Z</time>
   </trkpt>
   <trkpt lat="45.7417060" lon="4.7676540">
    <ele>194.2</ele>
    <time>2026-06-02T16:06:02Z</time>
   </trkpt>
   <trkpt lat="45.7417020" lon="4.7676670">
    <ele>194.1</ele>
    <time>2026-06-02T16:06:03Z</time>
   </trkpt>
   <trkpt lat="45.7416900" lon="4.7677190">
    <ele>194.1</ele>
    <time>2026-06-02T16:06:04Z</time>
   </trkpt>
   <trkpt lat="45.7416860" lon="4.7677340">
    <ele>194.1</ele>
    <time>2026-06-02T16:06:05Z</time>
   </trkpt>
   <trkpt lat="45.7416700" lon="4.7677810">
    <ele>194.0</ele>
    <time>2026-06-02T16:06:06Z</time>
   </trkpt>
   <trkpt lat="45.7416650" lon="4.7678020">
    <ele>194.0</ele>
    <time>2026-06-02T16:06:07Z</time>
   </trkpt>
   <trkpt lat="45.7416470" lon="4.7678430">
    <ele>193.9</ele>
    <time>2026-06-02T16:06:08Z</time>
   </trkpt>
   <trkpt lat="45.7416420" lon="4.7678600">
    <ele>193.9</ele>
    <time>2026-06-02T16:06:09Z</time>
   </trkpt>
   <trkpt lat="45.7416230" lon="4.7679050">
    <ele>193.9</ele>
    <time>2026-06-02T16:06:10Z</time>
   </trkpt>
   <trkpt lat="45.7416200" lon="4.7679290">
    <ele>193.8</ele>
    <time>2026-06-02T16:06:11Z</time>
   </trkpt>
   <trkpt lat="45.7416100" lon="4.7679720">
    <ele>193.8</ele>
    <time>2026-06-02T16:06:12Z</time>
   </trkpt>
   <trkpt lat="45.7415970" lon="4.7680100">
    <ele>193.8</ele>
    <time>2026-06-02T16:06:13Z</time>
   </trkpt>
   <trkpt lat="45.7416160" lon="4.7680640">
    <ele>193.8</ele>
    <time>2026-06-02T16:06:14Z</time>
   </trkpt>
   <trkpt lat="45.7416250" lon="4.7681060">
    <ele>193.8</ele>
    <time>2026-06-02T16:06:15Z</time>
   </trkpt>
   <trkpt lat="45.7416300" lon="4.7681340">
    <ele>193.8</ele>
    <time>2026-06-02T16:06:16Z</time>
   </trkpt>
   <trkpt lat="45.7416560" lon="4.7681320">
    <ele>193.8</ele>
    <time>2026-06-02T16:06:17Z</time>
   </trkpt>
   <trkpt lat="45.7416880" lon="4.7681040">
    <ele>193.9</ele>
    <time>2026-06-02T16:06:18Z</time>
   </trkpt>
   <trkpt lat="45.7417240" lon="4.7680990">
    <ele>193.9</ele>
    <time>2026-06-02T16:06:19Z</time>
   </trkpt>
   <trkpt lat="45.7417340" lon="4.7681000">
    <ele>193.9</ele>
    <time>2026-06-02T16:06:20Z</time>
   </trkpt>
   <trkpt lat="45.7417650" lon="4.7680990">
    <ele>193.9</ele>
    <time>2026-06-02T16:06:21Z</time>
   </trkpt>
   <trkpt lat="45.7417730" lon="4.7680990">
    <ele>193.9</ele>
    <time>2026-06-02T16:06:22Z</time>
   </trkpt>
   <trkpt lat="45.7418010" lon="4.7680850">
    <ele>193.9</ele>
    <time>2026-06-02T16:06:23Z</time>
   </trkpt>
   <trkpt lat="45.7418120" lon="4.7680770">
    <ele>193.9</ele>
    <time>2026-06-02T16:06:24Z</time>
   </trkpt>
   <trkpt lat="45.7418450" lon="4.7680760">
    <ele>194.0</ele>
    <time>2026-06-02T16:06:25Z</time>
   </trkpt>
   <trkpt lat="45.7418540" lon="4.7680750">
    <ele>194.0</ele>
    <time>2026-06-02T16:06:26Z</time>
   </trkpt>
   <trkpt lat="45.7418900" lon="4.7680810">
    <ele>194.0</ele>
    <time>2026-06-02T16:06:27Z</time>
   </trkpt>
   <trkpt lat="45.7419040" lon="4.7680870">
    <ele>194.0</ele>
    <time>2026-06-02T16:06:28Z</time>
   </trkpt>
   <trkpt lat="45.7419360" lon="4.7680830">
    <ele>194.0</ele>
    <time>2026-06-02T16:06:29Z</time>
   </trkpt>
   <trkpt lat="45.7419700" lon="4.7680770">
    <ele>194.0</ele>
    <time>2026-06-02T16:06:30Z</time>
   </trkpt>
   <trkpt lat="45.7419790" lon="4.7680750">
    <ele>194.0</ele>
    <time>2026-06-02T16:06:31Z</time>
   </trkpt>
   <trkpt lat="45.7420070" lon="4.7680820">
    <ele>194.0</ele>
    <time>2026-06-02T16:06:32Z</time>
   </trkpt>
   <trkpt lat="45.7420170" lon="4.7680850">
    <ele>194.0</ele>
    <time>2026-06-02T16:06:33Z</time>
   </trkpt>
   <trkpt lat="45.7420480" lon="4.7680720">
    <ele>194.1</ele>
    <time>2026-06-02T16:06:34Z</time>
   </trkpt>
   <trkpt lat="45.7420560" lon="4.7680720">
    <ele>194.1</ele>
    <time>2026-06-02T16:06:35Z</time>
   </trkpt>
   <trkpt lat="45.7420940" lon="4.7680820">
    <ele>194.1</ele>
    <time>2026-06-02T16:06:36Z</time>
   </trkpt>
   <trkpt lat="45.7421070" lon="4.7680840">
    <ele>194.1</ele>
    <time>2026-06-02T16:06:37Z</time>
   </trkpt>
   <trkpt lat="45.7421350" lon="4.7680810">
    <ele>194.1</ele>
    <time>2026-06-02T16:06:38Z</time>
   </trkpt>
   <trkpt lat="45.7421620" lon="4.7680760">
    <ele>194.1</ele>
    <time>2026-06-02T16:06:39Z</time>
   </trkpt>
   <trkpt lat="45.7421890" lon="4.7680860">
    <ele>194.1</ele>
    <time>2026-06-02T16:06:40Z</time>
   </trkpt>
   <trkpt lat="45.7422290" lon="4.7680830">
    <ele>194.1</ele>
    <time>2026-06-02T16:06:41Z</time>
   </trkpt>
   <trkpt lat="45.7422410" lon="4.7680790">
    <ele>194.1</ele>
    <time>2026-06-02T16:06:42Z</time>
   </trkpt>
   <trkpt lat="45.7422710" lon="4.7680930">
    <ele>194.2</ele>
    <time>2026-06-02T16:06:43Z</time>
   </trkpt>
   <trkpt lat="45.7422820" lon="4.7680910">
    <ele>194.2</ele>
    <time>2026-06-02T16:06:44Z</time>
   </trkpt>
   <trkpt lat="45.7423180" lon="4.7680840">
    <ele>194.2</ele>
    <time>2026-06-02T16:06:45Z</time>
   </trkpt>
   <trkpt lat="45.7423330" lon="4.7680810">
    <ele>194.2</ele>
    <time>2026-06-02T16:06:46Z</time>
   </trkpt>
   <trkpt lat="45.7423690" lon="4.7680800">
    <ele>194.2</ele>
    <time>2026-06-02T16:06:47Z</time>
   </trkpt>
   <trkpt lat="45.7423810" lon="4.7680790">
    <ele>194.2</ele>
    <time>2026-06-02T16:06:48Z</time>
   </trkpt>
   <trkpt lat="45.7424080" lon="4.7680700">
    <ele>194.2</ele>
    <time>2026-06-02T16:06:49Z</time>
   </trkpt>
   <trkpt lat="45.7424400" lon="4.7680710">
    <ele>194.2</ele>
    <time>2026-06-02T16:06:50Z</time>
   </trkpt>
   <trkpt lat="45.7424660" lon="4.7680850">
    <ele>194.3</ele>
    <time>2026-06-02T16:06:51Z</time>
   </trkpt>
   <trkpt lat="45.7424950" lon="4.7681100">
    <ele>194.3</ele>
    <time>2026-06-02T16:06:52Z</time>
   </trkpt>
   <trkpt lat="45.7425310" lon="4.7681270">
    <ele>194.3</ele>
    <time>2026-06-02T16:06:53Z</time>
   </trkpt>
   <trkpt lat="45.7425450" lon="4.7681280">
    <ele>194.3</ele>
    <time>2026-06-02T16:06:54Z</time>
   </trkpt>
   <trkpt lat="45.7425740" lon="4.7681250">
    <ele>194.3</ele>
    <time>2026-06-02T16:06:55Z</time>
   </trkpt>
   <trkpt lat="45.7426120" lon="4.7681040">
    <ele>194.3</ele>
    <time>2026-06-02T16:06:56Z</time>
   </trkpt>
   <trkpt lat="45.7426260" lon="4.7680900">
    <ele>194.3</ele>
    <time>2026-06-02T16:06:57Z</time>
   </trkpt>
   <trkpt lat="45.7426590" lon="4.7680920">
    <ele>194.3</ele>
    <time>2026-06-02T16:06:58Z</time>
   </trkpt>
   <trkpt lat="45.7426900" lon="4.7681160">
    <ele>194.4</ele>
    <time>2026-06-02T16:06:59Z</time>
   </trkpt>
   <trkpt lat="45.7427190" lon="4.7681290">
    <ele>194.4</ele>
    <time>2026-06-02T16:07:00Z</time>
   </trkpt>
   <trkpt lat="45.7427560" lon="4.7680920">
    <ele>194.4</ele>
    <time>2026-06-02T16:07:01Z</time>
   </trkpt>
   <trkpt lat="45.7427690" lon="4.7681410">
    <ele>194.4</ele>
    <time>2026-06-02T16:07:02Z</time>
   </trkpt>
   <trkpt lat="45.7428040" lon="4.7681410">
    <ele>194.5</ele>
    <time>2026-06-02T16:07:03Z</time>
   </trkpt>
   <trkpt lat="45.7428430" lon="4.7681430">
    <ele>194.5</ele>
    <time>2026-06-02T16:07:04Z</time>
   </trkpt>
   <trkpt lat="45.7428570" lon="4.7681420">
    <ele>194.5</ele>
    <time>2026-06-02T16:07:05Z</time>
   </trkpt>
   <trkpt lat="45.7428950" lon="4.7681450">
    <ele>194.6</ele>
    <time>2026-06-02T16:07:06Z</time>
   </trkpt>
   <trkpt lat="45.7429070" lon="4.7681460">
    <ele>194.6</ele>
    <time>2026-06-02T16:07:07Z</time>
   </trkpt>
   <trkpt lat="45.7429340" lon="4.7681560">
    <ele>194.6</ele>
    <time>2026-06-02T16:07:08Z</time>
   </trkpt>
   <trkpt lat="45.7429630" lon="4.7681540">
    <ele>194.6</ele>
    <time>2026-06-02T16:07:09Z</time>
   </trkpt>
   <trkpt lat="45.7430020" lon="4.7681670">
    <ele>194.7</ele>
    <time>2026-06-02T16:07:10Z</time>
   </trkpt>
   <trkpt lat="45.7430170" lon="4.7681620">
    <ele>194.7</ele>
    <time>2026-06-02T16:07:11Z</time>
   </trkpt>
   <trkpt lat="45.7430490" lon="4.7681650">
    <ele>194.7</ele>
    <time>2026-06-02T16:07:12Z</time>
   </trkpt>
   <trkpt lat="45.7430860" lon="4.7681600">
    <ele>194.7</ele>
    <time>2026-06-02T16:07:13Z</time>
   </trkpt>
   <trkpt lat="45.7431010" lon="4.7681570">
    <ele>194.7</ele>
    <time>2026-06-02T16:07:14Z</time>
   </trkpt>
   <trkpt lat="45.7431310" lon="4.7681660">
    <ele>194.8</ele>
    <time>2026-06-02T16:07:15Z</time>
   </trkpt>
   <trkpt lat="45.7431690" lon="4.7681660">
    <ele>194.8</ele>
    <time>2026-06-02T16:07:16Z</time>
   </trkpt>
   <trkpt lat="45.7431820" lon="4.7681630">
    <ele>194.8</ele>
    <time>2026-06-02T16:07:17Z</time>
   </trkpt>
   <trkpt lat="45.7432190" lon="4.7681520">
    <ele>194.8</ele>
    <time>2026-06-02T16:07:18Z</time>
   </trkpt>
   <trkpt lat="45.7432290" lon="4.7681530">
    <ele>194.8</ele>
    <time>2026-06-02T16:07:19Z</time>
   </trkpt>
   <trkpt lat="45.7432580" lon="4.7681500">
    <ele>194.9</ele>
    <time>2026-06-02T16:07:20Z</time>
   </trkpt>
   <trkpt lat="45.7432850" lon="4.7681420">
    <ele>194.9</ele>
    <time>2026-06-02T16:07:21Z</time>
   </trkpt>
   <trkpt lat="45.7433190" lon="4.7681300">
    <ele>194.9</ele>
    <time>2026-06-02T16:07:22Z</time>
   </trkpt>
   <trkpt lat="45.7433460" lon="4.7681350">
    <ele>194.9</ele>
    <time>2026-06-02T16:07:23Z</time>
   </trkpt>
   <trkpt lat="45.7433830" lon="4.7681240">
    <ele>194.9</ele>
    <time>2026-06-02T16:07:24Z</time>
   </trkpt>
   <trkpt lat="45.7433990" lon="4.7681190">
    <ele>194.9</ele>
    <time>2026-06-02T16:07:25Z</time>
   </trkpt>
   <trkpt lat="45.7434280" lon="4.7681430">
    <ele>194.9</ele>
    <time>2026-06-02T16:07:26Z</time>
   </trkpt>
   <trkpt lat="45.7434680" lon="4.7681480">
    <ele>194.9</ele>
    <time>2026-06-02T16:07:27Z</time>
   </trkpt>
   <trkpt lat="45.7434810" lon="4.7681460">
    <ele>194.9</ele>
    <time>2026-06-02T16:07:28Z</time>
   </trkpt>
   <trkpt lat="45.7435050" lon="4.7681240">
    <ele>194.9</ele>
    <time>2026-06-02T16:07:29Z</time>
   </trkpt>
   <trkpt lat="45.7435390" lon="4.7681160">
    <ele>194.9</ele>
    <time>2026-06-02T16:07:30Z</time>
   </trkpt>
   <trkpt lat="45.7435510" lon="4.7681160">
    <ele>194.9</ele>
    <time>2026-06-02T16:07:31Z</time>
   </trkpt>
   <trkpt lat="45.7435780" lon="4.7681100">
    <ele>194.9</ele>
    <time>2026-06-02T16:07:32Z</time>
   </trkpt>
   <trkpt lat="45.7436150" lon="4.7680940">
    <ele>194.9</ele>
    <time>2026-06-02T16:07:33Z</time>
   </trkpt>
   <trkpt lat="45.7436270" lon="4.7680850">
    <ele>194.9</ele>
    <time>2026-06-02T16:07:34Z</time>
   </trkpt>
   <trkpt lat="45.7436580" lon="4.7680670">
    <ele>194.9</ele>
    <time>2026-06-02T16:07:35Z</time>
   </trkpt>
   <trkpt lat="45.7436670" lon="4.7680600">
    <ele>194.9</ele>
    <time>2026-06-02T16:07:36Z</time>
   </trkpt>
   <trkpt lat="45.7436930" lon="4.7680390">
    <ele>195.0</ele>
    <time>2026-06-02T16:07:37Z</time>
   </trkpt>
   <trkpt lat="45.7437260" lon="4.7680340">
    <ele>195.0</ele>
    <time>2026-06-02T16:07:38Z</time>
   </trkpt>
   <trkpt lat="45.7437570" lon="4.7680250">
    <ele>195.0</ele>
    <time>2026-06-02T16:07:39Z</time>
   </trkpt>
   <trkpt lat="45.7437850" lon="4.7679950">
    <ele>195.0</ele>
    <time>2026-06-02T16:07:40Z</time>
   </trkpt>
   <trkpt lat="45.7438100" lon="4.7679760">
    <ele>195.0</ele>
    <time>2026-06-02T16:07:41Z</time>
   </trkpt>
   <trkpt lat="45.7438440" lon="4.7679500">
    <ele>195.0</ele>
    <time>2026-06-02T16:07:42Z</time>
   </trkpt>
   <trkpt lat="45.7438570" lon="4.7679380">
    <ele>195.0</ele>
    <time>2026-06-02T16:07:43Z</time>
   </trkpt>
   <trkpt lat="45.7438930" lon="4.7679310">
    <ele>195.1</ele>
    <time>2026-06-02T16:07:44Z</time>
   </trkpt>
   <trkpt lat="45.7439030" lon="4.7679260">
    <ele>195.1</ele>
    <time>2026-06-02T16:07:45Z</time>
   </trkpt>
   <trkpt lat="45.7439290" lon="4.7679060">
    <ele>195.1</ele>
    <time>2026-06-02T16:07:46Z</time>
   </trkpt>
   <trkpt lat="45.7439570" lon="4.7679000">
    <ele>195.1</ele>
    <time>2026-06-02T16:07:47Z</time>
   </trkpt>
   <trkpt lat="45.7439930" lon="4.7678840">
    <ele>195.2</ele>
    <time>2026-06-02T16:07:48Z</time>
   </trkpt>
   <trkpt lat="45.7440060" lon="4.7678800">
    <ele>195.2</ele>
    <time>2026-06-02T16:07:49Z</time>
   </trkpt>
   <trkpt lat="45.7440460" lon="4.7678650">
    <ele>195.2</ele>
    <time>2026-06-02T16:07:50Z</time>
   </trkpt>
   <trkpt lat="45.7440610" lon="4.7678540">
    <ele>195.2</ele>
    <time>2026-06-02T16:07:51Z</time>
   </trkpt>
   <trkpt lat="45.7440890" lon="4.7678470">
    <ele>195.2</ele>
    <time>2026-06-02T16:07:52Z</time>
   </trkpt>
   <trkpt lat="45.7441260" lon="4.7678320">
    <ele>195.3</ele>
    <time>2026-06-02T16:07:53Z</time>
   </trkpt>
   <trkpt lat="45.7441380" lon="4.7678230">
    <ele>195.3</ele>
    <time>2026-06-02T16:07:54Z</time>
   </trkpt>
   <trkpt lat="45.7441720" lon="4.7678260">
    <ele>195.3</ele>
    <time>2026-06-02T16:07:55Z</time>
   </trkpt>
   <trkpt lat="45.7442000" lon="4.7678370">
    <ele>195.3</ele>
    <time>2026-06-02T16:07:56Z</time>
   </trkpt>
   <trkpt lat="45.7442350" lon="4.7678390">
    <ele>195.3</ele>
    <time>2026-06-02T16:07:57Z</time>
   </trkpt>
   <trkpt lat="45.7442670" lon="4.7678400">
    <ele>195.3</ele>
    <time>2026-06-02T16:07:58Z</time>
   </trkpt>
   <trkpt lat="45.7442790" lon="4.7678350">
    <ele>195.3</ele>
    <time>2026-06-02T16:07:59Z</time>
   </trkpt>
   <trkpt lat="45.7443160" lon="4.7678440">
    <ele>195.2</ele>
    <time>2026-06-02T16:08:00Z</time>
   </trkpt>
   <trkpt lat="45.7443450" lon="4.7678370">
    <ele>195.2</ele>
    <time>2026-06-02T16:08:01Z</time>
   </trkpt>
   <trkpt lat="45.7443770" lon="4.7678340">
    <ele>195.2</ele>
    <time>2026-06-02T16:08:02Z</time>
   </trkpt>
   <trkpt lat="45.7444050" lon="4.7678430">
    <ele>195.2</ele>
    <time>2026-06-02T16:08:03Z</time>
   </trkpt>
   <trkpt lat="45.7444410" lon="4.7678290">
    <ele>195.2</ele>
    <time>2026-06-02T16:08:04Z</time>
   </trkpt>
   <trkpt lat="45.7444530" lon="4.7678270">
    <ele>195.2</ele>
    <time>2026-06-02T16:08:05Z</time>
   </trkpt>
   <trkpt lat="45.7444890" lon="4.7678130">
    <ele>195.2</ele>
    <time>2026-06-02T16:08:06Z</time>
   </trkpt>
   <trkpt lat="45.7444990" lon="4.7678130">
    <ele>195.2</ele>
    <time>2026-06-02T16:08:07Z</time>
   </trkpt>
   <trkpt lat="45.7445360" lon="4.7678350">
    <ele>195.2</ele>
    <time>2026-06-02T16:08:08Z</time>
   </trkpt>
   <trkpt lat="45.7445480" lon="4.7678430">
    <ele>195.2</ele>
    <time>2026-06-02T16:08:09Z</time>
   </trkpt>
   <trkpt lat="45.7445740" lon="4.7678530">
    <ele>195.3</ele>
    <time>2026-06-02T16:08:10Z</time>
   </trkpt>
   <trkpt lat="45.7446040" lon="4.7678560">
    <ele>195.3</ele>
    <time>2026-06-02T16:08:11Z</time>
   </trkpt>
   <trkpt lat="45.7446320" lon="4.7678620">
    <ele>195.3</ele>
    <time>2026-06-02T16:08:12Z</time>
   </trkpt>
   <trkpt lat="45.7446630" lon="4.7678860">
    <ele>195.4</ele>
    <time>2026-06-02T16:08:13Z</time>
   </trkpt>
   <trkpt lat="45.7446850" lon="4.7679100">
    <ele>195.4</ele>
    <time>2026-06-02T16:08:14Z</time>
   </trkpt>
   <trkpt lat="45.7447160" lon="4.7679290">
    <ele>195.4</ele>
    <time>2026-06-02T16:08:15Z</time>
   </trkpt>
   <trkpt lat="45.7447260" lon="4.7679340">
    <ele>195.5</ele>
    <time>2026-06-02T16:08:16Z</time>
   </trkpt>
   <trkpt lat="45.7447600" lon="4.7679350">
    <ele>195.5</ele>
    <time>2026-06-02T16:08:17Z</time>
   </trkpt>
   <trkpt lat="45.7447710" lon="4.7679240">
    <ele>195.5</ele>
    <time>2026-06-02T16:08:18Z</time>
   </trkpt>
   <trkpt lat="45.7447990" lon="4.7679270">
    <ele>195.6</ele>
    <time>2026-06-02T16:08:19Z</time>
   </trkpt>
   <trkpt lat="45.7448620" lon="4.7679610">
    <ele>195.8</ele>
    <time>2026-06-02T16:08:20Z</time>
   </trkpt>
   <trkpt lat="45.7448940" lon="4.7679730">
    <ele>195.8</ele>
    <time>2026-06-02T16:08:23Z</time>
   </trkpt>
   <trkpt lat="45.7449270" lon="4.7679860">
    <ele>195.9</ele>
    <time>2026-06-02T16:08:24Z</time>
   </trkpt>
   <trkpt lat="45.7449570" lon="4.7680100">
    <ele>196.0</ele>
    <time>2026-06-02T16:08:25Z</time>
   </trkpt>
   <trkpt lat="45.7449660" lon="4.7680210">
    <ele>196.1</ele>
    <time>2026-06-02T16:08:26Z</time>
   </trkpt>
   <trkpt lat="45.7450010" lon="4.7680290">
    <ele>196.2</ele>
    <time>2026-06-02T16:08:27Z</time>
   </trkpt>
   <trkpt lat="45.7450180" lon="4.7680400">
    <ele>196.3</ele>
    <time>2026-06-02T16:08:28Z</time>
   </trkpt>
   <trkpt lat="45.7450460" lon="4.7679790">
    <ele>196.4</ele>
    <time>2026-06-02T16:08:29Z</time>
   </trkpt>
   <trkpt lat="45.7450810" lon="4.7679740">
    <ele>196.6</ele>
    <time>2026-06-02T16:08:30Z</time>
   </trkpt>
   <trkpt lat="45.7451130" lon="4.7679720">
    <ele>196.7</ele>
    <time>2026-06-02T16:08:31Z</time>
   </trkpt>
   <trkpt lat="45.7451390" lon="4.7680120">
    <ele>196.9</ele>
    <time>2026-06-02T16:08:32Z</time>
   </trkpt>
   <trkpt lat="45.7451760" lon="4.7680260">
    <ele>197.0</ele>
    <time>2026-06-02T16:08:33Z</time>
   </trkpt>
   <trkpt lat="45.7452060" lon="4.7680160">
    <ele>197.1</ele>
    <time>2026-06-02T16:08:34Z</time>
   </trkpt>
   <trkpt lat="45.7452400" lon="4.7680300">
    <ele>197.3</ele>
    <time>2026-06-02T16:08:35Z</time>
   </trkpt>
   <trkpt lat="45.7452500" lon="4.7680340">
    <ele>197.3</ele>
    <time>2026-06-02T16:08:36Z</time>
   </trkpt>
   <trkpt lat="45.7452770" lon="4.7680260">
    <ele>197.4</ele>
    <time>2026-06-02T16:08:37Z</time>
   </trkpt>
   <trkpt lat="45.7453090" lon="4.7680480">
    <ele>197.5</ele>
    <time>2026-06-02T16:08:38Z</time>
   </trkpt>
   <trkpt lat="45.7453460" lon="4.7680370">
    <ele>197.6</ele>
    <time>2026-06-02T16:08:39Z</time>
   </trkpt>
   <trkpt lat="45.7453600" lon="4.7680280">
    <ele>197.7</ele>
    <time>2026-06-02T16:08:40Z</time>
   </trkpt>
   <trkpt lat="45.7453990" lon="4.7680300">
    <ele>197.8</ele>
    <time>2026-06-02T16:08:41Z</time>
   </trkpt>
   <trkpt lat="45.7454110" lon="4.7680280">
    <ele>197.8</ele>
    <time>2026-06-02T16:08:42Z</time>
   </trkpt>
   <trkpt lat="45.7454480" lon="4.7680220">
    <ele>197.9</ele>
    <time>2026-06-02T16:08:43Z</time>
   </trkpt>
   <trkpt lat="45.7454590" lon="4.7680170">
    <ele>197.9</ele>
    <time>2026-06-02T16:08:44Z</time>
   </trkpt>
   <trkpt lat="45.7454930" lon="4.7679980">
    <ele>198.0</ele>
    <time>2026-06-02T16:08:45Z</time>
   </trkpt>
   <trkpt lat="45.7455050" lon="4.7679990">
    <ele>198.0</ele>
    <time>2026-06-02T16:08:46Z</time>
   </trkpt>
   <trkpt lat="45.7455340" lon="4.7679860">
    <ele>198.1</ele>
    <time>2026-06-02T16:08:47Z</time>
   </trkpt>
   <trkpt lat="45.7455610" lon="4.7679670">
    <ele>198.2</ele>
    <time>2026-06-02T16:08:48Z</time>
   </trkpt>
   <trkpt lat="45.7456000" lon="4.7679560">
    <ele>198.2</ele>
    <time>2026-06-02T16:08:49Z</time>
   </trkpt>
   <trkpt lat="45.7456140" lon="4.7679550">
    <ele>198.3</ele>
    <time>2026-06-02T16:08:50Z</time>
   </trkpt>
   <trkpt lat="45.7456540" lon="4.7679520">
    <ele>198.3</ele>
    <time>2026-06-02T16:08:51Z</time>
   </trkpt>
   <trkpt lat="45.7456670" lon="4.7679510">
    <ele>198.4</ele>
    <time>2026-06-02T16:08:52Z</time>
   </trkpt>
   <trkpt lat="45.7456940" lon="4.7679450">
    <ele>198.4</ele>
    <time>2026-06-02T16:08:53Z</time>
   </trkpt>
   <trkpt lat="45.7457180" lon="4.7679220">
    <ele>198.4</ele>
    <time>2026-06-02T16:08:54Z</time>
   </trkpt>
   <trkpt lat="45.7457450" lon="4.7679140">
    <ele>198.5</ele>
    <time>2026-06-02T16:08:55Z</time>
   </trkpt>
   <trkpt lat="45.7457820" lon="4.7679170">
    <ele>198.5</ele>
    <time>2026-06-02T16:08:56Z</time>
   </trkpt>
   <trkpt lat="45.7457940" lon="4.7679270">
    <ele>198.5</ele>
    <time>2026-06-02T16:08:57Z</time>
   </trkpt>
   <trkpt lat="45.7458250" lon="4.7679440">
    <ele>198.6</ele>
    <time>2026-06-02T16:08:58Z</time>
   </trkpt>
   <trkpt lat="45.7458580" lon="4.7679500">
    <ele>198.6</ele>
    <time>2026-06-02T16:08:59Z</time>
   </trkpt>
   <trkpt lat="45.7458880" lon="4.7679400">
    <ele>198.6</ele>
    <time>2026-06-02T16:09:00Z</time>
   </trkpt>
   <trkpt lat="45.7459240" lon="4.7679200">
    <ele>198.7</ele>
    <time>2026-06-02T16:09:01Z</time>
   </trkpt>
   <trkpt lat="45.7459380" lon="4.7679140">
    <ele>198.7</ele>
    <time>2026-06-02T16:09:02Z</time>
   </trkpt>
   <trkpt lat="45.7459710" lon="4.7679060">
    <ele>198.7</ele>
    <time>2026-06-02T16:09:03Z</time>
   </trkpt>
   <trkpt lat="45.7459790" lon="4.7679010">
    <ele>198.7</ele>
    <time>2026-06-02T16:09:04Z</time>
   </trkpt>
   <trkpt lat="45.7460100" lon="4.7679040">
    <ele>198.7</ele>
    <time>2026-06-02T16:09:05Z</time>
   </trkpt>
   <trkpt lat="45.7460470" lon="4.7679090">
    <ele>198.7</ele>
    <time>2026-06-02T16:09:06Z</time>
   </trkpt>
   <trkpt lat="45.7460740" lon="4.7679110">
    <ele>198.7</ele>
    <time>2026-06-02T16:09:07Z</time>
   </trkpt>
   <trkpt lat="45.7461090" lon="4.7678970">
    <ele>198.7</ele>
    <time>2026-06-02T16:09:08Z</time>
   </trkpt>
   <trkpt lat="45.7461400" lon="4.7678720">
    <ele>198.7</ele>
    <time>2026-06-02T16:09:09Z</time>
   </trkpt>
   <trkpt lat="45.7461490" lon="4.7678650">
    <ele>198.7</ele>
    <time>2026-06-02T16:09:10Z</time>
   </trkpt>
   <trkpt lat="45.7461790" lon="4.7678460">
    <ele>198.7</ele>
    <time>2026-06-02T16:09:11Z</time>
   </trkpt>
   <trkpt lat="45.7462010" lon="4.7678160">
    <ele>198.7</ele>
    <time>2026-06-02T16:09:12Z</time>
   </trkpt>
   <trkpt lat="45.7462370" lon="4.7678020">
    <ele>198.7</ele>
    <time>2026-06-02T16:09:13Z</time>
   </trkpt>
   <trkpt lat="45.7462500" lon="4.7677960">
    <ele>198.7</ele>
    <time>2026-06-02T16:09:14Z</time>
   </trkpt>
   <trkpt lat="45.7462760" lon="4.7677800">
    <ele>198.7</ele>
    <time>2026-06-02T16:09:15Z</time>
   </trkpt>
   <trkpt lat="45.7463170" lon="4.7677620">
    <ele>198.7</ele>
    <time>2026-06-02T16:09:16Z</time>
   </trkpt>
   <trkpt lat="45.7463500" lon="4.7677510">
    <ele>198.7</ele>
    <time>2026-06-02T16:09:17Z</time>
   </trkpt>
   <trkpt lat="45.7463800" lon="4.7677440">
    <ele>198.7</ele>
    <time>2026-06-02T16:09:18Z</time>
   </trkpt>
   <trkpt lat="45.7464010" lon="4.7677210">
    <ele>198.7</ele>
    <time>2026-06-02T16:09:19Z</time>
   </trkpt>
   <trkpt lat="45.7464380" lon="4.7676970">
    <ele>198.6</ele>
    <time>2026-06-02T16:09:20Z</time>
   </trkpt>
   <trkpt lat="45.7464490" lon="4.7676880">
    <ele>198.6</ele>
    <time>2026-06-02T16:09:21Z</time>
   </trkpt>
   <trkpt lat="45.7464780" lon="4.7676800">
    <ele>198.6</ele>
    <time>2026-06-02T16:09:22Z</time>
   </trkpt>
   <trkpt lat="45.7465010" lon="4.7676610">
    <ele>198.6</ele>
    <time>2026-06-02T16:09:23Z</time>
   </trkpt>
   <trkpt lat="45.7465320" lon="4.7676670">
    <ele>198.6</ele>
    <time>2026-06-02T16:09:24Z</time>
   </trkpt>
   <trkpt lat="45.7465630" lon="4.7676730">
    <ele>198.6</ele>
    <time>2026-06-02T16:09:25Z</time>
   </trkpt>
   <trkpt lat="45.7465750" lon="4.7676700">
    <ele>198.6</ele>
    <time>2026-06-02T16:09:26Z</time>
   </trkpt>
   <trkpt lat="45.7466080" lon="4.7676670">
    <ele>198.6</ele>
    <time>2026-06-02T16:09:27Z</time>
   </trkpt>
   <trkpt lat="45.7466430" lon="4.7676580">
    <ele>198.6</ele>
    <time>2026-06-02T16:09:28Z</time>
   </trkpt>
   <trkpt lat="45.7466750" lon="4.7676420">
    <ele>198.6</ele>
    <time>2026-06-02T16:09:29Z</time>
   </trkpt>
   <trkpt lat="45.7467050" lon="4.7676330">
    <ele>198.6</ele>
    <time>2026-06-02T16:09:30Z</time>
   </trkpt>
   <trkpt lat="45.7467300" lon="4.7676230">
    <ele>198.6</ele>
    <time>2026-06-02T16:09:31Z</time>
   </trkpt>
   <trkpt lat="45.7467400" lon="4.7676160">
    <ele>198.6</ele>
    <time>2026-06-02T16:09:32Z</time>
   </trkpt>
   <trkpt lat="45.7467710" lon="4.7675930">
    <ele>198.6</ele>
    <time>2026-06-02T16:09:33Z</time>
   </trkpt>
   <trkpt lat="45.7467850" lon="4.7675770">
    <ele>198.6</ele>
    <time>2026-06-02T16:09:34Z</time>
   </trkpt>
   <trkpt lat="45.7468190" lon="4.7675880">
    <ele>198.6</ele>
    <time>2026-06-02T16:09:35Z</time>
   </trkpt>
   <trkpt lat="45.7468490" lon="4.7676100">
    <ele>198.6</ele>
    <time>2026-06-02T16:09:36Z</time>
   </trkpt>
   <trkpt lat="45.7468800" lon="4.7676310">
    <ele>198.7</ele>
    <time>2026-06-02T16:09:37Z</time>
   </trkpt>
   <trkpt lat="45.7469070" lon="4.7676550">
    <ele>198.7</ele>
    <time>2026-06-02T16:09:38Z</time>
   </trkpt>
   <trkpt lat="45.7469310" lon="4.7676810">
    <ele>198.7</ele>
    <time>2026-06-02T16:09:39Z</time>
   </trkpt>
   <trkpt lat="45.7469630" lon="4.7676910">
    <ele>198.7</ele>
    <time>2026-06-02T16:09:40Z</time>
   </trkpt>
   <trkpt lat="45.7470060" lon="4.7677090">
    <ele>198.8</ele>
    <time>2026-06-02T16:09:41Z</time>
   </trkpt>
   <trkpt lat="45.7470230" lon="4.7677200">
    <ele>198.8</ele>
    <time>2026-06-02T16:09:42Z</time>
   </trkpt>
   <trkpt lat="45.7470510" lon="4.7677200">
    <ele>198.8</ele>
    <time>2026-06-02T16:09:43Z</time>
   </trkpt>
   <trkpt lat="45.7470830" lon="4.7677430">
    <ele>198.9</ele>
    <time>2026-06-02T16:09:44Z</time>
   </trkpt>
   <trkpt lat="45.7470930" lon="4.7677610">
    <ele>198.9</ele>
    <time>2026-06-02T16:09:45Z</time>
   </trkpt>
   <trkpt lat="45.7471240" lon="4.7677950">
    <ele>198.9</ele>
    <time>2026-06-02T16:09:46Z</time>
   </trkpt>
   <trkpt lat="45.7471340" lon="4.7678050">
    <ele>199.0</ele>
    <time>2026-06-02T16:09:47Z</time>
   </trkpt>
   <trkpt lat="45.7471600" lon="4.7678220">
    <ele>199.0</ele>
    <time>2026-06-02T16:09:48Z</time>
   </trkpt>
   <trkpt lat="45.7471800" lon="4.7678550">
    <ele>199.1</ele>
    <time>2026-06-02T16:09:49Z</time>
   </trkpt>
   <trkpt lat="45.7472100" lon="4.7678730">
    <ele>199.1</ele>
    <time>2026-06-02T16:09:50Z</time>
   </trkpt>
   <trkpt lat="45.7472380" lon="4.7678920">
    <ele>199.2</ele>
    <time>2026-06-02T16:09:51Z</time>
   </trkpt>
   <trkpt lat="45.7472720" lon="4.7679020">
    <ele>199.3</ele>
    <time>2026-06-02T16:09:52Z</time>
   </trkpt>
   <trkpt lat="45.7472840" lon="4.7679060">
    <ele>199.3</ele>
    <time>2026-06-02T16:09:53Z</time>
   </trkpt>
   <trkpt lat="45.7473070" lon="4.7679280">
    <ele>199.4</ele>
    <time>2026-06-02T16:09:54Z</time>
   </trkpt>
   <trkpt lat="45.7473340" lon="4.7679380">
    <ele>199.4</ele>
    <time>2026-06-02T16:09:55Z</time>
   </trkpt>
   <trkpt lat="45.7473720" lon="4.7679360">
    <ele>199.5</ele>
    <time>2026-06-02T16:09:56Z</time>
   </trkpt>
   <trkpt lat="45.7473880" lon="4.7679270">
    <ele>199.5</ele>
    <time>2026-06-02T16:09:57Z</time>
   </trkpt>
   <trkpt lat="45.7474150" lon="4.7679170">
    <ele>199.6</ele>
    <time>2026-06-02T16:09:58Z</time>
   </trkpt>
   <trkpt lat="45.7474410" lon="4.7679010">
    <ele>199.7</ele>
    <time>2026-06-02T16:09:59Z</time>
   </trkpt>
   <trkpt lat="45.7474730" lon="4.7678950">
    <ele>199.8</ele>
    <time>2026-06-02T16:10:00Z</time>
   </trkpt>
   <trkpt lat="45.7475090" lon="4.7678770">
    <ele>200.0</ele>
    <time>2026-06-02T16:10:01Z</time>
   </trkpt>
   <trkpt lat="45.7475220" lon="4.7678660">
    <ele>200.0</ele>
    <time>2026-06-02T16:10:02Z</time>
   </trkpt>
   <trkpt lat="45.7475530" lon="4.7678340">
    <ele>200.2</ele>
    <time>2026-06-02T16:10:03Z</time>
   </trkpt>
   <trkpt lat="45.7475600" lon="4.7678180">
    <ele>200.2</ele>
    <time>2026-06-02T16:10:04Z</time>
   </trkpt>
   <trkpt lat="45.7475880" lon="4.7678000">
    <ele>200.4</ele>
    <time>2026-06-02T16:10:05Z</time>
   </trkpt>
   <trkpt lat="45.7476240" lon="4.7677850">
    <ele>200.6</ele>
    <time>2026-06-02T16:10:06Z</time>
   </trkpt>
   <trkpt lat="45.7476350" lon="4.7677830">
    <ele>200.6</ele>
    <time>2026-06-02T16:10:07Z</time>
   </trkpt>
   <trkpt lat="45.7476610" lon="4.7677660">
    <ele>200.8</ele>
    <time>2026-06-02T16:10:08Z</time>
   </trkpt>
   <trkpt lat="45.7476880" lon="4.7677630">
    <ele>200.9</ele>
    <time>2026-06-02T16:10:09Z</time>
   </trkpt>
   <trkpt lat="45.7477190" lon="4.7677230">
    <ele>201.2</ele>
    <time>2026-06-02T16:10:10Z</time>
   </trkpt>
   <trkpt lat="45.7477270" lon="4.7677020">
    <ele>201.3</ele>
    <time>2026-06-02T16:10:11Z</time>
   </trkpt>
   <trkpt lat="45.7477550" lon="4.7676790">
    <ele>201.4</ele>
    <time>2026-06-02T16:10:12Z</time>
   </trkpt>
   <trkpt lat="45.7477660" lon="4.7676720">
    <ele>201.5</ele>
    <time>2026-06-02T16:10:13Z</time>
   </trkpt>
   <trkpt lat="45.7477930" lon="4.7676450">
    <ele>201.7</ele>
    <time>2026-06-02T16:10:14Z</time>
   </trkpt>
   <trkpt lat="45.7478230" lon="4.7676220">
    <ele>201.9</ele>
    <time>2026-06-02T16:10:15Z</time>
   </trkpt>
   <trkpt lat="45.7478320" lon="4.7676210">
    <ele>202.0</ele>
    <time>2026-06-02T16:10:16Z</time>
   </trkpt>
   <trkpt lat="45.7478630" lon="4.7676110">
    <ele>202.2</ele>
    <time>2026-06-02T16:10:17Z</time>
   </trkpt>
   <trkpt lat="45.7478980" lon="4.7675980">
    <ele>202.5</ele>
    <time>2026-06-02T16:10:18Z</time>
   </trkpt>
   <trkpt lat="45.7479130" lon="4.7675830">
    <ele>202.6</ele>
    <time>2026-06-02T16:10:19Z</time>
   </trkpt>
   <trkpt lat="45.7479360" lon="4.7675530">
    <ele>202.8</ele>
    <time>2026-06-02T16:10:20Z</time>
   </trkpt>
   <trkpt lat="45.7479730" lon="4.7675350">
    <ele>203.0</ele>
    <time>2026-06-02T16:10:21Z</time>
   </trkpt>
   <trkpt lat="45.7479850" lon="4.7675280">
    <ele>203.1</ele>
    <time>2026-06-02T16:10:22Z</time>
   </trkpt>
   <trkpt lat="45.7480140" lon="4.7675160">
    <ele>203.3</ele>
    <time>2026-06-02T16:10:23Z</time>
   </trkpt>
   <trkpt lat="45.7480240" lon="4.7675170">
    <ele>203.4</ele>
    <time>2026-06-02T16:10:24Z</time>
   </trkpt>
   <trkpt lat="45.7480620" lon="4.7675070">
    <ele>203.6</ele>
    <time>2026-06-02T16:10:25Z</time>
   </trkpt>
   <trkpt lat="45.7480980" lon="4.7675120">
    <ele>203.8</ele>
    <time>2026-06-02T16:10:26Z</time>
   </trkpt>
   <trkpt lat="45.7481070" lon="4.7675070">
    <ele>203.9</ele>
    <time>2026-06-02T16:10:27Z</time>
   </trkpt>
   <trkpt lat="45.7481320" lon="4.7674700">
    <ele>204.1</ele>
    <time>2026-06-02T16:10:28Z</time>
   </trkpt>
   <trkpt lat="45.7481500" lon="4.7674600">
    <ele>204.2</ele>
    <time>2026-06-02T16:10:29Z</time>
   </trkpt>
   <trkpt lat="45.7481550" lon="4.7674310">
    <ele>204.3</ele>
    <time>2026-06-02T16:10:30Z</time>
   </trkpt>
   <trkpt lat="45.7481790" lon="4.7674110">
    <ele>204.5</ele>
    <time>2026-06-02T16:10:31Z</time>
   </trkpt>
   <trkpt lat="45.7482040" lon="4.7673840">
    <ele>204.7</ele>
    <time>2026-06-02T16:10:32Z</time>
   </trkpt>
   <trkpt lat="45.7482150" lon="4.7673700">
    <ele>204.8</ele>
    <time>2026-06-02T16:10:33Z</time>
   </trkpt>
   <trkpt lat="45.7482380" lon="4.7673500">
    <ele>204.9</ele>
    <time>2026-06-02T16:10:34Z</time>
   </trkpt>
   <trkpt lat="45.7482440" lon="4.7673370">
    <ele>205.0</ele>
    <time>2026-06-02T16:10:35Z</time>
   </trkpt>
   <trkpt lat="45.7482850" lon="4.7673100">
    <ele>205.2</ele>
    <time>2026-06-02T16:10:36Z</time>
   </trkpt>
   <trkpt lat="45.7483010" lon="4.7673000">
    <ele>205.3</ele>
    <time>2026-06-02T16:10:37Z</time>
   </trkpt>
   <trkpt lat="45.7483210" lon="4.7672730">
    <ele>205.5</ele>
    <time>2026-06-02T16:10:38Z</time>
   </trkpt>
   <trkpt lat="45.7483260" lon="4.7672610">
    <ele>205.6</ele>
    <time>2026-06-02T16:10:39Z</time>
   </trkpt>
   <trkpt lat="45.7483510" lon="4.7672190">
    <ele>205.8</ele>
    <time>2026-06-02T16:10:40Z</time>
   </trkpt>
   <trkpt lat="45.7483600" lon="4.7672080">
    <ele>205.9</ele>
    <time>2026-06-02T16:10:41Z</time>
   </trkpt>
   <trkpt lat="45.7483900" lon="4.7671840">
    <ele>206.1</ele>
    <time>2026-06-02T16:10:42Z</time>
   </trkpt>
   <trkpt lat="45.7484160" lon="4.7671740">
    <ele>206.2</ele>
    <time>2026-06-02T16:10:43Z</time>
   </trkpt>
   <trkpt lat="45.7484350" lon="4.7671450">
    <ele>206.4</ele>
    <time>2026-06-02T16:10:44Z</time>
   </trkpt>
   <trkpt lat="45.7484580" lon="4.7671190">
    <ele>206.6</ele>
    <time>2026-06-02T16:10:45Z</time>
   </trkpt>
   <trkpt lat="45.7484930" lon="4.7671020">
    <ele>206.8</ele>
    <time>2026-06-02T16:10:46Z</time>
   </trkpt>
   <trkpt lat="45.7485020" lon="4.7670950">
    <ele>206.9</ele>
    <time>2026-06-02T16:10:47Z</time>
   </trkpt>
   <trkpt lat="45.7485300" lon="4.7670830">
    <ele>207.0</ele>
    <time>2026-06-02T16:10:48Z</time>
   </trkpt>
   <trkpt lat="45.7485600" lon="4.7670810">
    <ele>207.2</ele>
    <time>2026-06-02T16:10:49Z</time>
   </trkpt>
   <trkpt lat="45.7485840" lon="4.7670540">
    <ele>207.4</ele>
    <time>2026-06-02T16:10:50Z</time>
   </trkpt>
   <trkpt lat="45.7486140" lon="4.7670440">
    <ele>207.6</ele>
    <time>2026-06-02T16:10:51Z</time>
   </trkpt>
   <trkpt lat="45.7486230" lon="4.7670450">
    <ele>207.7</ele>
    <time>2026-06-02T16:10:52Z</time>
   </trkpt>
   <trkpt lat="45.7486470" lon="4.7670270">
    <ele>207.9</ele>
    <time>2026-06-02T16:10:53Z</time>
   </trkpt>
   <trkpt lat="45.7486790" lon="4.7670170">
    <ele>208.1</ele>
    <time>2026-06-02T16:10:54Z</time>
   </trkpt>
   <trkpt lat="45.7487120" lon="4.7669960">
    <ele>208.3</ele>
    <time>2026-06-02T16:10:55Z</time>
   </trkpt>
   <trkpt lat="45.7487250" lon="4.7669830">
    <ele>208.4</ele>
    <time>2026-06-02T16:10:56Z</time>
   </trkpt>
   <trkpt lat="45.7487480" lon="4.7669550">
    <ele>208.6</ele>
    <time>2026-06-02T16:10:57Z</time>
   </trkpt>
   <trkpt lat="45.7487800" lon="4.7669340">
    <ele>208.8</ele>
    <time>2026-06-02T16:10:58Z</time>
   </trkpt>
   <trkpt lat="45.7487910" lon="4.7669220">
    <ele>208.9</ele>
    <time>2026-06-02T16:10:59Z</time>
   </trkpt>
   <trkpt lat="45.7488130" lon="4.7668930">
    <ele>209.2</ele>
    <time>2026-06-02T16:11:00Z</time>
   </trkpt>
   <trkpt lat="45.7488430" lon="4.7668570">
    <ele>209.5</ele>
    <time>2026-06-02T16:11:01Z</time>
   </trkpt>
   <trkpt lat="45.7488540" lon="4.7668430">
    <ele>209.7</ele>
    <time>2026-06-02T16:11:02Z</time>
   </trkpt>
   <trkpt lat="45.7488830" lon="4.7668220">
    <ele>210.0</ele>
    <time>2026-06-02T16:11:03Z</time>
   </trkpt>
   <trkpt lat="45.7488960" lon="4.7668190">
    <ele>210.1</ele>
    <time>2026-06-02T16:11:04Z</time>
   </trkpt>
   <trkpt lat="45.7489290" lon="4.7667990">
    <ele>210.4</ele>
    <time>2026-06-02T16:11:05Z</time>
   </trkpt>
   <trkpt lat="45.7489400" lon="4.7667960">
    <ele>210.5</ele>
    <time>2026-06-02T16:11:06Z</time>
   </trkpt>
   <trkpt lat="45.7489630" lon="4.7667730">
    <ele>210.8</ele>
    <time>2026-06-02T16:11:07Z</time>
   </trkpt>
   <trkpt lat="45.7489910" lon="4.7667570">
    <ele>211.0</ele>
    <time>2026-06-02T16:11:08Z</time>
   </trkpt>
   <trkpt lat="45.7490210" lon="4.7667350">
    <ele>211.4</ele>
    <time>2026-06-02T16:11:09Z</time>
   </trkpt>
   <trkpt lat="45.7490290" lon="4.7667220">
    <ele>211.5</ele>
    <time>2026-06-02T16:11:10Z</time>
   </trkpt>
   <trkpt lat="45.7490570" lon="4.7667090">
    <ele>211.7</ele>
    <time>2026-06-02T16:11:11Z</time>
   </trkpt>
   <trkpt lat="45.7490850" lon="4.7666800">
    <ele>212.1</ele>
    <time>2026-06-02T16:11:12Z</time>
   </trkpt>
   <trkpt lat="45.7490940" lon="4.7666680">
    <ele>212.2</ele>
    <time>2026-06-02T16:11:13Z</time>
   </trkpt>
   <trkpt lat="45.7491240" lon="4.7666350">
    <ele>212.5</ele>
    <time>2026-06-02T16:11:14Z</time>
   </trkpt>
   <trkpt lat="45.7491340" lon="4.7666170">
    <ele>212.7</ele>
    <time>2026-06-02T16:11:15Z</time>
   </trkpt>
   <trkpt lat="45.7491630" lon="4.7665850">
    <ele>213.0</ele>
    <time>2026-06-02T16:11:16Z</time>
   </trkpt>
   <trkpt lat="45.7491730" lon="4.7665790">
    <ele>213.1</ele>
    <time>2026-06-02T16:11:17Z</time>
   </trkpt>
   <trkpt lat="45.7492120" lon="4.7665760">
    <ele>213.5</ele>
    <time>2026-06-02T16:11:18Z</time>
   </trkpt>
   <trkpt lat="45.7492250" lon="4.7665750">
    <ele>213.6</ele>
    <time>2026-06-02T16:11:19Z</time>
   </trkpt>
   <trkpt lat="45.7492450" lon="4.7665900">
    <ele>213.8</ele>
    <time>2026-06-02T16:11:20Z</time>
   </trkpt>
   <trkpt lat="45.7492540" lon="4.7665850">
    <ele>213.9</ele>
    <time>2026-06-02T16:11:21Z</time>
   </trkpt>
   <trkpt lat="45.7492630" lon="4.7665790">
    <ele>214.0</ele>
    <time>2026-06-02T16:11:22Z</time>
   </trkpt>
   <trkpt lat="45.7492940" lon="4.7665390">
    <ele>214.3</ele>
    <time>2026-06-02T16:11:23Z</time>
   </trkpt>
   <trkpt lat="45.7493200" lon="4.7665080">
    <ele>214.6</ele>
    <time>2026-06-02T16:11:24Z</time>
   </trkpt>
   <trkpt lat="45.7493480" lon="4.7664770">
    <ele>214.9</ele>
    <time>2026-06-02T16:11:25Z</time>
   </trkpt>
   <trkpt lat="45.7493760" lon="4.7664520">
    <ele>215.2</ele>
    <time>2026-06-02T16:11:26Z</time>
   </trkpt>
   <trkpt lat="45.7494060" lon="4.7664500">
    <ele>215.4</ele>
    <time>2026-06-02T16:11:27Z</time>
   </trkpt>
   <trkpt lat="45.7494350" lon="4.7664460">
    <ele>215.7</ele>
    <time>2026-06-02T16:11:28Z</time>
   </trkpt>
   <trkpt lat="45.7494430" lon="4.7664450">
    <ele>215.7</ele>
    <time>2026-06-02T16:11:29Z</time>
   </trkpt>
   <trkpt lat="45.7494510" lon="4.7664510">
    <ele>215.8</ele>
    <time>2026-06-02T16:11:30Z</time>
   </trkpt>
   <trkpt lat="45.7495410" lon="4.7665010">
    <ele>216.2</ele>
    <time>2026-06-02T16:13:07Z</time>
   </trkpt>
   <trkpt lat="45.7495510" lon="4.7665170">
    <ele>216.2</ele>
    <time>2026-06-02T16:13:08Z</time>
   </trkpt>
   <trkpt lat="45.7495700" lon="4.7665660">
    <ele>216.0</ele>
    <time>2026-06-02T16:13:09Z</time>
   </trkpt>
   <trkpt lat="45.7495760" lon="4.7665970">
    <ele>216.0</ele>
    <time>2026-06-02T16:13:10Z</time>
   </trkpt>
   <trkpt lat="45.7495960" lon="4.7666540">
    <ele>215.8</ele>
    <time>2026-06-02T16:13:11Z</time>
   </trkpt>
   <trkpt lat="45.7496190" lon="4.7666850">
    <ele>215.8</ele>
    <time>2026-06-02T16:13:12Z</time>
   </trkpt>
   <trkpt lat="45.7496240" lon="4.7667110">
    <ele>215.7</ele>
    <time>2026-06-02T16:13:13Z</time>
   </trkpt>
   <trkpt lat="45.7496390" lon="4.7667610">
    <ele>215.6</ele>
    <time>2026-06-02T16:13:14Z</time>
   </trkpt>
   <trkpt lat="45.7496600" lon="4.7668080">
    <ele>215.5</ele>
    <time>2026-06-02T16:13:15Z</time>
   </trkpt>
   <trkpt lat="45.7496720" lon="4.7668230">
    <ele>215.5</ele>
    <time>2026-06-02T16:13:16Z</time>
   </trkpt>
   <trkpt lat="45.7497000" lon="4.7668640">
    <ele>215.4</ele>
    <time>2026-06-02T16:13:17Z</time>
   </trkpt>
   <trkpt lat="45.7497100" lon="4.7668780">
    <ele>215.3</ele>
    <time>2026-06-02T16:13:18Z</time>
   </trkpt>
   <trkpt lat="45.7497320" lon="4.7669240">
    <ele>215.2</ele>
    <time>2026-06-02T16:13:19Z</time>
   </trkpt>
   <trkpt lat="45.7497570" lon="4.7669650">
    <ele>215.2</ele>
    <time>2026-06-02T16:13:20Z</time>
   </trkpt>
   <trkpt lat="45.7497750" lon="4.7670080">
    <ele>215.1</ele>
    <time>2026-06-02T16:13:21Z</time>
   </trkpt>
   <trkpt lat="45.7497980" lon="4.7670430">
    <ele>215.0</ele>
    <time>2026-06-02T16:13:22Z</time>
   </trkpt>
   <trkpt lat="45.7498230" lon="4.7670710">
    <ele>215.0</ele>
    <time>2026-06-02T16:13:23Z</time>
   </trkpt>
   <trkpt lat="45.7498520" lon="4.7671100">
    <ele>214.9</ele>
    <time>2026-06-02T16:13:24Z</time>
   </trkpt>
   <trkpt lat="45.7498610" lon="4.7671360">
    <ele>214.9</ele>
    <time>2026-06-02T16:13:25Z</time>
   </trkpt>
   <trkpt lat="45.7498910" lon="4.7671620">
    <ele>214.8</ele>
    <time>2026-06-02T16:13:26Z</time>
   </trkpt>
   <trkpt lat="45.7499270" lon="4.7671580">
    <ele>214.8</ele>
    <time>2026-06-02T16:13:27Z</time>
   </trkpt>
   <trkpt lat="45.7499590" lon="4.7671730">
    <ele>214.7</ele>
    <time>2026-06-02T16:13:28Z</time>
   </trkpt>
   <trkpt lat="45.7499970" lon="4.7672000">
    <ele>214.7</ele>
    <time>2026-06-02T16:13:29Z</time>
   </trkpt>
   <trkpt lat="45.7500140" lon="4.7672070">
    <ele>214.7</ele>
    <time>2026-06-02T16:13:30Z</time>
   </trkpt>
   <trkpt lat="45.7500350" lon="4.7672350">
    <ele>214.6</ele>
    <time>2026-06-02T16:13:31Z</time>
   </trkpt>
   <trkpt lat="45.7500630" lon="4.7672830">
    <ele>214.6</ele>
    <time>2026-06-02T16:13:32Z</time>
   </trkpt>
   <trkpt lat="45.7500980" lon="4.7673140">
    <ele>214.5</ele>
    <time>2026-06-02T16:13:33Z</time>
   </trkpt>
   <trkpt lat="45.7501240" lon="4.7673540">
    <ele>214.5</ele>
    <time>2026-06-02T16:13:34Z</time>
   </trkpt>
   <trkpt lat="45.7501360" lon="4.7673710">
    <ele>214.5</ele>
    <time>2026-06-02T16:13:35Z</time>
   </trkpt>
   <trkpt lat="45.7501670" lon="4.7674080">
    <ele>214.5</ele>
    <time>2026-06-02T16:13:36Z</time>
   </trkpt>
   <trkpt lat="45.7501740" lon="4.7674300">
    <ele>214.5</ele>
    <time>2026-06-02T16:13:37Z</time>
   </trkpt>
   <trkpt lat="45.7501950" lon="4.7674580">
    <ele>214.4</ele>
    <time>2026-06-02T16:13:38Z</time>
   </trkpt>
   <trkpt lat="45.7502230" lon="4.7674960">
    <ele>214.4</ele>
    <time>2026-06-02T16:13:39Z</time>
   </trkpt>
   <trkpt lat="45.7502310" lon="4.7675110">
    <ele>214.4</ele>
    <time>2026-06-02T16:13:40Z</time>
   </trkpt>
   <trkpt lat="45.7502530" lon="4.7675390">
    <ele>214.4</ele>
    <time>2026-06-02T16:13:41Z</time>
   </trkpt>
   <trkpt lat="45.7502740" lon="4.7675760">
    <ele>214.4</ele>
    <time>2026-06-02T16:13:42Z</time>
   </trkpt>
   <trkpt lat="45.7502970" lon="4.7676110">
    <ele>214.4</ele>
    <time>2026-06-02T16:13:43Z</time>
   </trkpt>
   <trkpt lat="45.7503430" lon="4.7676480">
    <ele>214.4</ele>
    <time>2026-06-02T16:13:45Z</time>
   </trkpt>
   <trkpt lat="45.7503550" lon="4.7676680">
    <ele>214.4</ele>
    <time>2026-06-02T16:13:46Z</time>
   </trkpt>
   <trkpt lat="45.7503680" lon="4.7676890">
    <ele>214.4</ele>
    <time>2026-06-02T16:13:47Z</time>
   </trkpt>
   <trkpt lat="45.7503820" lon="4.7677310">
    <ele>214.4</ele>
    <time>2026-06-02T16:13:48Z</time>
   </trkpt>
   <trkpt lat="45.7504100" lon="4.7677690">
    <ele>214.4</ele>
    <time>2026-06-02T16:13:49Z</time>
   </trkpt>
   <trkpt lat="45.7504370" lon="4.7677910">
    <ele>214.4</ele>
    <time>2026-06-02T16:13:50Z</time>
   </trkpt>
   <trkpt lat="45.7504670" lon="4.7678010">
    <ele>214.4</ele>
    <time>2026-06-02T16:13:51Z</time>
   </trkpt>
   <trkpt lat="45.7504950" lon="4.7678290">
    <ele>214.5</ele>
    <time>2026-06-02T16:13:52Z</time>
   </trkpt>
   <trkpt lat="45.7505280" lon="4.7678700">
    <ele>214.5</ele>
    <time>2026-06-02T16:13:53Z</time>
   </trkpt>
   <trkpt lat="45.7505380" lon="4.7678920">
    <ele>214.5</ele>
    <time>2026-06-02T16:13:54Z</time>
   </trkpt>
   <trkpt lat="45.7505640" lon="4.7679340">
    <ele>214.5</ele>
    <time>2026-06-02T16:13:55Z</time>
   </trkpt>
   <trkpt lat="45.7505750" lon="4.7679490">
    <ele>214.5</ele>
    <time>2026-06-02T16:13:56Z</time>
   </trkpt>
   <trkpt lat="45.7506110" lon="4.7679750">
    <ele>214.6</ele>
    <time>2026-06-02T16:13:57Z</time>
   </trkpt>
   <trkpt lat="45.7506240" lon="4.7679860">
    <ele>214.6</ele>
    <time>2026-06-02T16:13:58Z</time>
   </trkpt>
   <trkpt lat="45.7506380" lon="4.7680200">
    <ele>214.6</ele>
    <time>2026-06-02T16:13:59Z</time>
   </trkpt>
   <trkpt lat="45.7506560" lon="4.7680600">
    <ele>214.6</ele>
    <time>2026-06-02T16:14:00Z</time>
   </trkpt>
   <trkpt lat="45.7506730" lon="4.7681080">
    <ele>214.7</ele>
    <time>2026-06-02T16:14:01Z</time>
   </trkpt>
   <trkpt lat="45.7507130" lon="4.7681380">
    <ele>214.8</ele>
    <time>2026-06-02T16:14:02Z</time>
   </trkpt>
   <trkpt lat="45.7507270" lon="4.7681540">
    <ele>214.8</ele>
    <time>2026-06-02T16:14:03Z</time>
   </trkpt>
   <trkpt lat="45.7507590" lon="4.7681690">
    <ele>214.8</ele>
    <time>2026-06-02T16:14:04Z</time>
   </trkpt>
   <trkpt lat="45.7507660" lon="4.7681940">
    <ele>214.9</ele>
    <time>2026-06-02T16:14:05Z</time>
   </trkpt>
   <trkpt lat="45.7507770" lon="4.7682550">
    <ele>214.9</ele>
    <time>2026-06-02T16:14:06Z</time>
   </trkpt>
   <trkpt lat="45.7507810" lon="4.7682830">
    <ele>214.9</ele>
    <time>2026-06-02T16:14:07Z</time>
   </trkpt>
   <trkpt lat="45.7507990" lon="4.7683330">
    <ele>215.0</ele>
    <time>2026-06-02T16:14:08Z</time>
   </trkpt>
   <trkpt lat="45.7508080" lon="4.7683530">
    <ele>215.0</ele>
    <time>2026-06-02T16:14:09Z</time>
   </trkpt>
   <trkpt lat="45.7508390" lon="4.7683910">
    <ele>215.0</ele>
    <time>2026-06-02T16:14:10Z</time>
   </trkpt>
   <trkpt lat="45.7508500" lon="4.7684050">
    <ele>215.1</ele>
    <time>2026-06-02T16:14:11Z</time>
   </trkpt>
   <trkpt lat="45.7508720" lon="4.7684340">
    <ele>215.1</ele>
    <time>2026-06-02T16:14:12Z</time>
   </trkpt>
   <trkpt lat="45.7509000" lon="4.7684800">
    <ele>215.1</ele>
    <time>2026-06-02T16:14:13Z</time>
   </trkpt>
   <trkpt lat="45.7509140" lon="4.7684950">
    <ele>215.1</ele>
    <time>2026-06-02T16:14:14Z</time>
   </trkpt>
   <trkpt lat="45.7509350" lon="4.7685310">
    <ele>215.1</ele>
    <time>2026-06-02T16:14:15Z</time>
   </trkpt>
   <trkpt lat="45.7509590" lon="4.7685540">
    <ele>215.1</ele>
    <time>2026-06-02T16:14:16Z</time>
   </trkpt>
   <trkpt lat="45.7509810" lon="4.7685770">
    <ele>215.1</ele>
    <time>2026-06-02T16:14:17Z</time>
   </trkpt>
   <trkpt lat="45.7510000" lon="4.7686100">
    <ele>215.1</ele>
    <time>2026-06-02T16:14:18Z</time>
   </trkpt>
   <trkpt lat="45.7510140" lon="4.7686200">
    <ele>215.1</ele>
    <time>2026-06-02T16:14:19Z</time>
   </trkpt>
   <trkpt lat="45.7510370" lon="4.7686590">
    <ele>215.1</ele>
    <time>2026-06-02T16:14:20Z</time>
   </trkpt>
   <trkpt lat="45.7510520" lon="4.7687080">
    <ele>215.1</ele>
    <time>2026-06-02T16:14:21Z</time>
   </trkpt>
   <trkpt lat="45.7510770" lon="4.7687470">
    <ele>215.0</ele>
    <time>2026-06-02T16:14:22Z</time>
   </trkpt>
   <trkpt lat="45.7510870" lon="4.7687560">
    <ele>215.0</ele>
    <time>2026-06-02T16:14:23Z</time>
   </trkpt>
   <trkpt lat="45.7511050" lon="4.7687980">
    <ele>215.0</ele>
    <time>2026-06-02T16:14:24Z</time>
   </trkpt>
   <trkpt lat="45.7511160" lon="4.7688140">
    <ele>215.0</ele>
    <time>2026-06-02T16:14:25Z</time>
   </trkpt>
   <trkpt lat="45.7511380" lon="4.7688560">
    <ele>215.0</ele>
    <time>2026-06-02T16:14:26Z</time>
   </trkpt>
   <trkpt lat="45.7511610" lon="4.7688830">
    <ele>215.0</ele>
    <time>2026-06-02T16:14:27Z</time>
   </trkpt>
   <trkpt lat="45.7511800" lon="4.7689140">
    <ele>215.0</ele>
    <time>2026-06-02T16:14:28Z</time>
   </trkpt>
   <trkpt lat="45.7511930" lon="4.7689570">
    <ele>215.0</ele>
    <time>2026-06-02T16:14:29Z</time>
   </trkpt>
   <trkpt lat="45.7512150" lon="4.7689960">
    <ele>215.0</ele>
    <time>2026-06-02T16:14:30Z</time>
   </trkpt>
   <trkpt lat="45.7512350" lon="4.7690410">
    <ele>215.0</ele>
    <time>2026-06-02T16:14:31Z</time>
   </trkpt>
   <trkpt lat="45.7512370" lon="4.7690620">
    <ele>215.0</ele>
    <time>2026-06-02T16:14:32Z</time>
   </trkpt>
   <trkpt lat="45.7512680" lon="4.7690820">
    <ele>215.1</ele>
    <time>2026-06-02T16:14:33Z</time>
   </trkpt>
   <trkpt lat="45.7512900" lon="4.7691130">
    <ele>215.1</ele>
    <time>2026-06-02T16:14:34Z</time>
   </trkpt>
   <trkpt lat="45.7512960" lon="4.7691560">
    <ele>215.1</ele>
    <time>2026-06-02T16:14:35Z</time>
   </trkpt>
   <trkpt lat="45.7513180" lon="4.7691880">
    <ele>215.1</ele>
    <time>2026-06-02T16:14:36Z</time>
   </trkpt>
   <trkpt lat="45.7513450" lon="4.7692300">
    <ele>215.1</ele>
    <time>2026-06-02T16:14:37Z</time>
   </trkpt>
   <trkpt lat="45.7513530" lon="4.7692470">
    <ele>215.1</ele>
    <time>2026-06-02T16:14:38Z</time>
   </trkpt>
   <trkpt lat="45.7513670" lon="4.7692900">
    <ele>215.1</ele>
    <time>2026-06-02T16:14:39Z</time>
   </trkpt>
   <trkpt lat="45.7513910" lon="4.7693350">
    <ele>215.1</ele>
    <time>2026-06-02T16:14:40Z</time>
   </trkpt>
   <trkpt lat="45.7514010" lon="4.7693520">
    <ele>215.1</ele>
    <time>2026-06-02T16:14:41Z</time>
   </trkpt>
   <trkpt lat="45.7514130" lon="4.7693920">
    <ele>215.1</ele>
    <time>2026-06-02T16:14:42Z</time>
   </trkpt>
   <trkpt lat="45.7514210" lon="4.7694320">
    <ele>215.1</ele>
    <time>2026-06-02T16:14:43Z</time>
   </trkpt>
   <trkpt lat="45.7514490" lon="4.7694690">
    <ele>215.0</ele>
    <time>2026-06-02T16:14:44Z</time>
   </trkpt>
   <trkpt lat="45.7514650" lon="4.7695030">
    <ele>215.0</ele>
    <time>2026-06-02T16:14:45Z</time>
   </trkpt>
   <trkpt lat="45.7514710" lon="4.7695140">
    <ele>215.0</ele>
    <time>2026-06-02T16:14:46Z</time>
   </trkpt>
   <trkpt lat="45.7514820" lon="4.7695550">
    <ele>215.0</ele>
    <time>2026-06-02T16:14:47Z</time>
   </trkpt>
   <trkpt lat="45.7515050" lon="4.7696020">
    <ele>215.0</ele>
    <time>2026-06-02T16:14:48Z</time>
   </trkpt>
   <trkpt lat="45.7515110" lon="4.7696200">
    <ele>215.0</ele>
    <time>2026-06-02T16:14:49Z</time>
   </trkpt>
   <trkpt lat="45.7515220" lon="4.7696660">
    <ele>215.1</ele>
    <time>2026-06-02T16:14:50Z</time>
   </trkpt>
   <trkpt lat="45.7515460" lon="4.7696850">
    <ele>215.1</ele>
    <time>2026-06-02T16:14:51Z</time>
   </trkpt>
   <trkpt lat="45.7515740" lon="4.7697290">
    <ele>215.1</ele>
    <time>2026-06-02T16:14:52Z</time>
   </trkpt>
   <trkpt lat="45.7515810" lon="4.7697530">
    <ele>215.1</ele>
    <time>2026-06-02T16:14:53Z</time>
   </trkpt>
   <trkpt lat="45.7516130" lon="4.7697740">
    <ele>215.1</ele>
    <time>2026-06-02T16:14:54Z</time>
   </trkpt>
   <trkpt lat="45.7516400" lon="4.7698150">
    <ele>215.2</ele>
    <time>2026-06-02T16:14:55Z</time>
   </trkpt>
   <trkpt lat="45.7516470" lon="4.7698610">
    <ele>215.2</ele>
    <time>2026-06-02T16:14:56Z</time>
   </trkpt>
   <trkpt lat="45.7516660" lon="4.7698950">
    <ele>215.2</ele>
    <time>2026-06-02T16:14:57Z</time>
   </trkpt>
   <trkpt lat="45.7516860" lon="4.7699250">
    <ele>215.3</ele>
    <time>2026-06-02T16:14:58Z</time>
   </trkpt>
   <trkpt lat="45.7517080" lon="4.7699790">
    <ele>215.3</ele>
    <time>2026-06-02T16:14:59Z</time>
   </trkpt>
   <trkpt lat="45.7517170" lon="4.7700010">
    <ele>215.3</ele>
    <time>2026-06-02T16:15:00Z</time>
   </trkpt>
   <trkpt lat="45.7517370" lon="4.7700470">
    <ele>215.4</ele>
    <time>2026-06-02T16:15:01Z</time>
   </trkpt>
   <trkpt lat="45.7517520" lon="4.7700800">
    <ele>215.4</ele>
    <time>2026-06-02T16:15:02Z</time>
   </trkpt>
   <trkpt lat="45.7517820" lon="4.7701170">
    <ele>215.4</ele>
    <time>2026-06-02T16:15:03Z</time>
   </trkpt>
   <trkpt lat="45.7517890" lon="4.7701690">
    <ele>215.5</ele>
    <time>2026-06-02T16:15:04Z</time>
   </trkpt>
   <trkpt lat="45.7518030" lon="4.7702180">
    <ele>215.5</ele>
    <time>2026-06-02T16:15:05Z</time>
   </trkpt>
   <trkpt lat="45.7518260" lon="4.7702440">
    <ele>215.5</ele>
    <time>2026-06-02T16:15:06Z</time>
   </trkpt>
   <trkpt lat="45.7518420" lon="4.7702870">
    <ele>215.6</ele>
    <time>2026-06-02T16:15:07Z</time>
   </trkpt>
   <trkpt lat="45.7518550" lon="4.7703430">
    <ele>215.6</ele>
    <time>2026-06-02T16:15:08Z</time>
   </trkpt>
   <trkpt lat="45.7518780" lon="4.7703840">
    <ele>215.6</ele>
    <time>2026-06-02T16:15:09Z</time>
   </trkpt>
   <trkpt lat="45.7518870" lon="4.7704030">
    <ele>215.6</ele>
    <time>2026-06-02T16:15:10Z</time>
   </trkpt>
   <trkpt lat="45.7519160" lon="4.7704230">
    <ele>215.7</ele>
    <time>2026-06-02T16:15:11Z</time>
   </trkpt>
   <trkpt lat="45.7519350" lon="4.7704560">
    <ele>215.7</ele>
    <time>2026-06-02T16:15:12Z</time>
   </trkpt>
   <trkpt lat="45.7519560" lon="4.7705000">
    <ele>215.7</ele>
    <time>2026-06-02T16:15:13Z</time>
   </trkpt>
   <trkpt lat="45.7519880" lon="4.7705510">
    <ele>215.7</ele>
    <time>2026-06-02T16:15:14Z</time>
   </trkpt>
   <trkpt lat="45.7520110" lon="4.7705770">
    <ele>215.8</ele>
    <time>2026-06-02T16:15:15Z</time>
   </trkpt>
   <trkpt lat="45.7520400" lon="4.7706090">
    <ele>215.8</ele>
    <time>2026-06-02T16:15:16Z</time>
   </trkpt>
   <trkpt lat="45.7520620" lon="4.7706340">
    <ele>215.8</ele>
    <time>2026-06-02T16:15:17Z</time>
   </trkpt>
   <trkpt lat="45.7521040" lon="4.7706660">
    <ele>215.8</ele>
    <time>2026-06-02T16:15:18Z</time>
   </trkpt>
   <trkpt lat="45.7521250" lon="4.7706770">
    <ele>215.8</ele>
    <time>2026-06-02T16:15:19Z</time>
   </trkpt>
   <trkpt lat="45.7521480" lon="4.7707070">
    <ele>215.9</ele>
    <time>2026-06-02T16:15:20Z</time>
   </trkpt>
   <trkpt lat="45.7521740" lon="4.7707340">
    <ele>215.9</ele>
    <time>2026-06-02T16:15:21Z</time>
   </trkpt>
   <trkpt lat="45.7521990" lon="4.7707870">
    <ele>215.9</ele>
    <time>2026-06-02T16:15:22Z</time>
   </trkpt>
   <trkpt lat="45.7522130" lon="4.7708110">
    <ele>215.9</ele>
    <time>2026-06-02T16:15:23Z</time>
   </trkpt>
   <trkpt lat="45.7522540" lon="4.7708550">
    <ele>216.0</ele>
    <time>2026-06-02T16:15:24Z</time>
   </trkpt>
   <trkpt lat="45.7522880" lon="4.7708980">
    <ele>216.1</ele>
    <time>2026-06-02T16:15:25Z</time>
   </trkpt>
   <trkpt lat="45.7523170" lon="4.7709460">
    <ele>216.1</ele>
    <time>2026-06-02T16:15:26Z</time>
   </trkpt>
   <trkpt lat="45.7523270" lon="4.7709690">
    <ele>216.0</ele>
    <time>2026-06-02T16:15:27Z</time>
   </trkpt>
   <trkpt lat="45.7523490" lon="4.7710110">
    <ele>216.0</ele>
    <time>2026-06-02T16:15:28Z</time>
   </trkpt>
   <trkpt lat="45.7523760" lon="4.7710520">
    <ele>216.0</ele>
    <time>2026-06-02T16:15:29Z</time>
   </trkpt>
   <trkpt lat="45.7523800" lon="4.7710990">
    <ele>216.0</ele>
    <time>2026-06-02T16:15:30Z</time>
   </trkpt>
   <trkpt lat="45.7523920" lon="4.7711460">
    <ele>216.0</ele>
    <time>2026-06-02T16:15:31Z</time>
   </trkpt>
   <trkpt lat="45.7524360" lon="4.7711700">
    <ele>216.0</ele>
    <time>2026-06-02T16:15:32Z</time>
   </trkpt>
   <trkpt lat="45.7524400" lon="4.7712210">
    <ele>216.0</ele>
    <time>2026-06-02T16:15:33Z</time>
   </trkpt>
   <trkpt lat="45.7524590" lon="4.7712640">
    <ele>216.0</ele>
    <time>2026-06-02T16:15:34Z</time>
   </trkpt>
   <trkpt lat="45.7524980" lon="4.7712940">
    <ele>216.0</ele>
    <time>2026-06-02T16:15:35Z</time>
   </trkpt>
   <trkpt lat="45.7525220" lon="4.7713540">
    <ele>216.0</ele>
    <time>2026-06-02T16:15:36Z</time>
   </trkpt>
   <trkpt lat="45.7525300" lon="4.7713870">
    <ele>216.0</ele>
    <time>2026-06-02T16:15:37Z</time>
   </trkpt>
   <trkpt lat="45.7525510" lon="4.7714230">
    <ele>216.0</ele>
    <time>2026-06-02T16:15:38Z</time>
   </trkpt>
   <trkpt lat="45.7526690" lon="4.7715980">
    <ele>216.0</ele>
    <time>2026-06-02T16:15:43Z</time>
   </trkpt>
   <trkpt lat="45.7526790" lon="4.7716210">
    <ele>216.0</ele>
    <time>2026-06-02T16:15:44Z</time>
   </trkpt>
   <trkpt lat="45.7526920" lon="4.7716740">
    <ele>216.0</ele>
    <time>2026-06-02T16:15:45Z</time>
   </trkpt>
   <trkpt lat="45.7527150" lon="4.7717000">
    <ele>216.0</ele>
    <time>2026-06-02T16:15:46Z</time>
   </trkpt>
   <trkpt lat="45.7527440" lon="4.7717240">
    <ele>216.0</ele>
    <time>2026-06-02T16:15:47Z</time>
   </trkpt>
   <trkpt lat="45.7527640" lon="4.7717630">
    <ele>216.0</ele>
    <time>2026-06-02T16:15:48Z</time>
   </trkpt>
   <trkpt lat="45.7527840" lon="4.7718070">
    <ele>216.0</ele>
    <time>2026-06-02T16:15:49Z</time>
   </trkpt>
   <trkpt lat="45.7527940" lon="4.7718190">
    <ele>215.9</ele>
    <time>2026-06-02T16:15:50Z</time>
   </trkpt>
   <trkpt lat="45.7528160" lon="4.7718520">
    <ele>215.9</ele>
    <time>2026-06-02T16:15:51Z</time>
   </trkpt>
   <trkpt lat="45.7528450" lon="4.7718800">
    <ele>215.9</ele>
    <time>2026-06-02T16:15:52Z</time>
   </trkpt>
   <trkpt lat="45.7528700" lon="4.7719220">
    <ele>215.8</ele>
    <time>2026-06-02T16:15:53Z</time>
   </trkpt>
   <trkpt lat="45.7528900" lon="4.7719560">
    <ele>215.8</ele>
    <time>2026-06-02T16:15:54Z</time>
   </trkpt>
   <trkpt lat="45.7529350" lon="4.7719570">
    <ele>215.7</ele>
    <time>2026-06-02T16:15:55Z</time>
   </trkpt>
   <trkpt lat="45.7529620" lon="4.7719970">
    <ele>215.7</ele>
    <time>2026-06-02T16:15:56Z</time>
   </trkpt>
   <trkpt lat="45.7529730" lon="4.7720100">
    <ele>215.7</ele>
    <time>2026-06-02T16:15:57Z</time>
   </trkpt>
   <trkpt lat="45.7529950" lon="4.7720380">
    <ele>215.7</ele>
    <time>2026-06-02T16:15:58Z</time>
   </trkpt>
   <trkpt lat="45.7530240" lon="4.7720670">
    <ele>215.6</ele>
    <time>2026-06-02T16:15:59Z</time>
   </trkpt>
   <trkpt lat="45.7530530" lon="4.7720900">
    <ele>215.6</ele>
    <time>2026-06-02T16:16:00Z</time>
   </trkpt>
   <trkpt lat="45.7530790" lon="4.7721180">
    <ele>215.6</ele>
    <time>2026-06-02T16:16:01Z</time>
   </trkpt>
   <trkpt lat="45.7531090" lon="4.7721400">
    <ele>215.6</ele>
    <time>2026-06-02T16:16:02Z</time>
   </trkpt>
   <trkpt lat="45.7531440" lon="4.7721560">
    <ele>215.6</ele>
    <time>2026-06-02T16:16:03Z</time>
   </trkpt>
   <trkpt lat="45.7531760" lon="4.7721900">
    <ele>215.7</ele>
    <time>2026-06-02T16:16:04Z</time>
   </trkpt>
   <trkpt lat="45.7531900" lon="4.7721970">
    <ele>215.7</ele>
    <time>2026-06-02T16:16:05Z</time>
   </trkpt>
   <trkpt lat="45.7532140" lon="4.7722180">
    <ele>215.7</ele>
    <time>2026-06-02T16:16:06Z</time>
   </trkpt>
   <trkpt lat="45.7532350" lon="4.7722470">
    <ele>215.7</ele>
    <time>2026-06-02T16:16:07Z</time>
   </trkpt>
   <trkpt lat="45.7532700" lon="4.7722640">
    <ele>215.7</ele>
    <time>2026-06-02T16:16:08Z</time>
   </trkpt>
   <trkpt lat="45.7532980" lon="4.7722880">
    <ele>215.8</ele>
    <time>2026-06-02T16:16:09Z</time>
   </trkpt>
   <trkpt lat="45.7533240" lon="4.7723120">
    <ele>215.8</ele>
    <time>2026-06-02T16:16:10Z</time>
   </trkpt>
   <trkpt lat="45.7533530" lon="4.7723310">
    <ele>215.8</ele>
    <time>2026-06-02T16:16:11Z</time>
   </trkpt>
   <trkpt lat="45.7534140" lon="4.7723570">
    <ele>215.8</ele>
    <time>2026-06-02T16:16:12Z</time>
   </trkpt>
   <trkpt lat="45.7534380" lon="4.7723850">
    <ele>215.9</ele>
    <time>2026-06-02T16:16:13Z</time>
   </trkpt>
   <trkpt lat="45.7534830" lon="4.7724150">
    <ele>215.9</ele>
    <time>2026-06-02T16:16:14Z</time>
   </trkpt>
   <trkpt lat="45.7535030" lon="4.7724300">
    <ele>215.9</ele>
    <time>2026-06-02T16:16:15Z</time>
   </trkpt>
   <trkpt lat="45.7535260" lon="4.7724510">
    <ele>215.9</ele>
    <time>2026-06-02T16:16:16Z</time>
   </trkpt>
   <trkpt lat="45.7535630" lon="4.7724640">
    <ele>216.0</ele>
    <time>2026-06-02T16:16:17Z</time>
   </trkpt>
   <trkpt lat="45.7535950" lon="4.7724890">
    <ele>216.0</ele>
    <time>2026-06-02T16:16:18Z</time>
   </trkpt>
   <trkpt lat="45.7536190" lon="4.7725050">
    <ele>216.0</ele>
    <time>2026-06-02T16:16:19Z</time>
   </trkpt>
   <trkpt lat="45.7536480" lon="4.7725310">
    <ele>216.1</ele>
    <time>2026-06-02T16:16:20Z</time>
   </trkpt>
   <trkpt lat="45.7536690" lon="4.7725600">
    <ele>216.1</ele>
    <time>2026-06-02T16:16:21Z</time>
   </trkpt>
   <trkpt lat="45.7537000" lon="4.7725840">
    <ele>216.1</ele>
    <time>2026-06-02T16:16:22Z</time>
   </trkpt>
   <trkpt lat="45.7537330" lon="4.7726200">
    <ele>216.2</ele>
    <time>2026-06-02T16:16:23Z</time>
   </trkpt>
   <trkpt lat="45.7537630" lon="4.7726300">
    <ele>216.2</ele>
    <time>2026-06-02T16:16:24Z</time>
   </trkpt>
   <trkpt lat="45.7537990" lon="4.7726650">
    <ele>216.2</ele>
    <time>2026-06-02T16:16:25Z</time>
   </trkpt>
   <trkpt lat="45.7538130" lon="4.7726790">
    <ele>216.3</ele>
    <time>2026-06-02T16:16:26Z</time>
   </trkpt>
   <trkpt lat="45.7538540" lon="4.7726990">
    <ele>216.3</ele>
    <time>2026-06-02T16:16:27Z</time>
   </trkpt>
   <trkpt lat="45.7539030" lon="4.7727220">
    <ele>216.3</ele>
    <time>2026-06-02T16:16:29Z</time>
   </trkpt>
   <trkpt lat="45.7539250" lon="4.7727290">
    <ele>216.3</ele>
    <time>2026-06-02T16:16:30Z</time>
   </trkpt>
   <trkpt lat="45.7539460" lon="4.7727370">
    <ele>216.4</ele>
    <time>2026-06-02T16:16:31Z</time>
   </trkpt>
   <trkpt lat="45.7539740" lon="4.7727700">
    <ele>216.4</ele>
    <time>2026-06-02T16:16:32Z</time>
   </trkpt>
   <trkpt lat="45.7539990" lon="4.7727950">
    <ele>216.4</ele>
    <time>2026-06-02T16:16:33Z</time>
   </trkpt>
   <trkpt lat="45.7540270" lon="4.7728110">
    <ele>216.5</ele>
    <time>2026-06-02T16:16:34Z</time>
   </trkpt>
   <trkpt lat="45.7540620" lon="4.7728400">
    <ele>216.5</ele>
    <time>2026-06-02T16:16:35Z</time>
   </trkpt>
   <trkpt lat="45.7540790" lon="4.7728510">
    <ele>216.5</ele>
    <time>2026-06-02T16:16:36Z</time>
   </trkpt>
   <trkpt lat="45.7541040" lon="4.7728800">
    <ele>216.5</ele>
    <time>2026-06-02T16:16:37Z</time>
   </trkpt>
   <trkpt lat="45.7541290" lon="4.7729190">
    <ele>216.6</ele>
    <time>2026-06-02T16:16:38Z</time>
   </trkpt>
   <trkpt lat="45.7541700" lon="4.7729530">
    <ele>216.6</ele>
    <time>2026-06-02T16:16:39Z</time>
   </trkpt>
   <trkpt lat="45.7541870" lon="4.7729680">
    <ele>216.6</ele>
    <time>2026-06-02T16:16:40Z</time>
   </trkpt>
   <trkpt lat="45.7542220" lon="4.7729860">
    <ele>216.6</ele>
    <time>2026-06-02T16:16:41Z</time>
   </trkpt>
   <trkpt lat="45.7542520" lon="4.7730090">
    <ele>216.7</ele>
    <time>2026-06-02T16:16:42Z</time>
   </trkpt>
   <trkpt lat="45.7542770" lon="4.7730300">
    <ele>216.7</ele>
    <time>2026-06-02T16:16:43Z</time>
   </trkpt>
   <trkpt lat="45.7543010" lon="4.7730600">
    <ele>216.7</ele>
    <time>2026-06-02T16:16:44Z</time>
   </trkpt>
   <trkpt lat="45.7543270" lon="4.7730990">
    <ele>216.8</ele>
    <time>2026-06-02T16:16:45Z</time>
   </trkpt>
   <trkpt lat="45.7543610" lon="4.7731330">
    <ele>216.8</ele>
    <time>2026-06-02T16:16:46Z</time>
   </trkpt>
   <trkpt lat="45.7543780" lon="4.7731460">
    <ele>216.8</ele>
    <time>2026-06-02T16:16:47Z</time>
   </trkpt>
   <trkpt lat="45.7544070" lon="4.7731820">
    <ele>216.9</ele>
    <time>2026-06-02T16:16:48Z</time>
   </trkpt>
   <trkpt lat="45.7544300" lon="4.7732150">
    <ele>216.9</ele>
    <time>2026-06-02T16:16:49Z</time>
   </trkpt>
   <trkpt lat="45.7544590" lon="4.7732580">
    <ele>216.9</ele>
    <time>2026-06-02T16:16:50Z</time>
   </trkpt>
   <trkpt lat="45.7544780" lon="4.7733010">
    <ele>216.9</ele>
    <time>2026-06-02T16:16:51Z</time>
   </trkpt>
   <trkpt lat="45.7544850" lon="4.7733170">
    <ele>216.9</ele>
    <time>2026-06-02T16:16:52Z</time>
   </trkpt>
   <trkpt lat="45.7544980" lon="4.7733550">
    <ele>217.0</ele>
    <time>2026-06-02T16:16:53Z</time>
   </trkpt>
   <trkpt lat="45.7545130" lon="4.7733930">
    <ele>217.0</ele>
    <time>2026-06-02T16:16:54Z</time>
   </trkpt>
   <trkpt lat="45.7545360" lon="4.7734340">
    <ele>217.0</ele>
    <time>2026-06-02T16:16:55Z</time>
   </trkpt>
   <trkpt lat="45.7545490" lon="4.7734760">
    <ele>217.1</ele>
    <time>2026-06-02T16:16:56Z</time>
   </trkpt>
   <trkpt lat="45.7545660" lon="4.7735080">
    <ele>217.1</ele>
    <time>2026-06-02T16:16:57Z</time>
   </trkpt>
   <trkpt lat="45.7545890" lon="4.7735460">
    <ele>217.1</ele>
    <time>2026-06-02T16:16:58Z</time>
   </trkpt>
   <trkpt lat="45.7546060" lon="4.7735810">
    <ele>217.2</ele>
    <time>2026-06-02T16:16:59Z</time>
   </trkpt>
   <trkpt lat="45.7546330" lon="4.7736170">
    <ele>217.2</ele>
    <time>2026-06-02T16:17:00Z</time>
   </trkpt>
   <trkpt lat="45.7546570" lon="4.7736520">
    <ele>217.2</ele>
    <time>2026-06-02T16:17:01Z</time>
   </trkpt>
   <trkpt lat="45.7546670" lon="4.7736910">
    <ele>217.3</ele>
    <time>2026-06-02T16:17:02Z</time>
   </trkpt>
   <trkpt lat="45.7546820" lon="4.7737320">
    <ele>217.3</ele>
    <time>2026-06-02T16:17:03Z</time>
   </trkpt>
   <trkpt lat="45.7547120" lon="4.7737800">
    <ele>217.3</ele>
    <time>2026-06-02T16:17:04Z</time>
   </trkpt>
   <trkpt lat="45.7547260" lon="4.7738310">
    <ele>217.4</ele>
    <time>2026-06-02T16:17:05Z</time>
   </trkpt>
   <trkpt lat="45.7547550" lon="4.7738580">
    <ele>217.4</ele>
    <time>2026-06-02T16:17:06Z</time>
   </trkpt>
   <trkpt lat="45.7547650" lon="4.7738990">
    <ele>217.4</ele>
    <time>2026-06-02T16:17:07Z</time>
   </trkpt>
   <trkpt lat="45.7547780" lon="4.7739440">
    <ele>217.5</ele>
    <time>2026-06-02T16:17:08Z</time>
   </trkpt>
   <trkpt lat="45.7548030" lon="4.7739950">
    <ele>217.5</ele>
    <time>2026-06-02T16:17:09Z</time>
   </trkpt>
   <trkpt lat="45.7548110" lon="4.7740180">
    <ele>217.5</ele>
    <time>2026-06-02T16:17:10Z</time>
   </trkpt>
   <trkpt lat="45.7548440" lon="4.7740540">
    <ele>217.6</ele>
    <time>2026-06-02T16:17:11Z</time>
   </trkpt>
   <trkpt lat="45.7548520" lon="4.7740760">
    <ele>217.6</ele>
    <time>2026-06-02T16:17:12Z</time>
   </trkpt>
   <trkpt lat="45.7548690" lon="4.7741140">
    <ele>217.6</ele>
    <time>2026-06-02T16:17:13Z</time>
   </trkpt>
   <trkpt lat="45.7548920" lon="4.7741700">
    <ele>217.7</ele>
    <time>2026-06-02T16:17:14Z</time>
   </trkpt>
   <trkpt lat="45.7549040" lon="4.7742160">
    <ele>217.7</ele>
    <time>2026-06-02T16:17:15Z</time>
   </trkpt>
   <trkpt lat="45.7549230" lon="4.7742510">
    <ele>217.7</ele>
    <time>2026-06-02T16:17:16Z</time>
   </trkpt>
   <trkpt lat="45.7549370" lon="4.7742930">
    <ele>217.8</ele>
    <time>2026-06-02T16:17:17Z</time>
   </trkpt>
   <trkpt lat="45.7549480" lon="4.7743330">
    <ele>217.8</ele>
    <time>2026-06-02T16:17:18Z</time>
   </trkpt>
   <trkpt lat="45.7549570" lon="4.7743770">
    <ele>217.8</ele>
    <time>2026-06-02T16:17:19Z</time>
   </trkpt>
   <trkpt lat="45.7549690" lon="4.7744300">
    <ele>217.9</ele>
    <time>2026-06-02T16:17:20Z</time>
   </trkpt>
   <trkpt lat="45.7549760" lon="4.7744480">
    <ele>217.9</ele>
    <time>2026-06-02T16:17:21Z</time>
   </trkpt>
   <trkpt lat="45.7549760" lon="4.7745010">
    <ele>217.9</ele>
    <time>2026-06-02T16:17:22Z</time>
   </trkpt>
   <trkpt lat="45.7549910" lon="4.7745610">
    <ele>218.0</ele>
    <time>2026-06-02T16:17:23Z</time>
   </trkpt>
   <trkpt lat="45.7549980" lon="4.7745860">
    <ele>218.0</ele>
    <time>2026-06-02T16:17:24Z</time>
   </trkpt>
   <trkpt lat="45.7550070" lon="4.7746230">
    <ele>218.1</ele>
    <time>2026-06-02T16:17:25Z</time>
   </trkpt>
   <trkpt lat="45.7550020" lon="4.7746680">
    <ele>218.1</ele>
    <time>2026-06-02T16:17:26Z</time>
   </trkpt>
   <trkpt lat="45.7550030" lon="4.7747070">
    <ele>218.1</ele>
    <time>2026-06-02T16:17:27Z</time>
   </trkpt>
   <trkpt lat="45.7550290" lon="4.7747480">
    <ele>218.2</ele>
    <time>2026-06-02T16:17:28Z</time>
   </trkpt>
   <trkpt lat="45.7550360" lon="4.7747620">
    <ele>218.2</ele>
    <time>2026-06-02T16:17:29Z</time>
   </trkpt>
   <trkpt lat="45.7550420" lon="4.7748130">
    <ele>218.3</ele>
    <time>2026-06-02T16:17:30Z</time>
   </trkpt>
   <trkpt lat="45.7550530" lon="4.7748700">
    <ele>218.4</ele>
    <time>2026-06-02T16:17:31Z</time>
   </trkpt>
   <trkpt lat="45.7550550" lon="4.7749170">
    <ele>218.4</ele>
    <time>2026-06-02T16:17:32Z</time>
   </trkpt>
   <trkpt lat="45.7550590" lon="4.7749660">
    <ele>218.5</ele>
    <time>2026-06-02T16:17:33Z</time>
   </trkpt>
   <trkpt lat="45.7550770" lon="4.7750160">
    <ele>218.6</ele>
    <time>2026-06-02T16:17:34Z</time>
   </trkpt>
   <trkpt lat="45.7550800" lon="4.7750630">
    <ele>218.6</ele>
    <time>2026-06-02T16:17:35Z</time>
   </trkpt>
   <trkpt lat="45.7550850" lon="4.7751040">
    <ele>218.7</ele>
    <time>2026-06-02T16:17:36Z</time>
   </trkpt>
   <trkpt lat="45.7550950" lon="4.7751410">
    <ele>218.8</ele>
    <time>2026-06-02T16:17:37Z</time>
   </trkpt>
   <trkpt lat="45.7551110" lon="4.7751980">
    <ele>218.9</ele>
    <time>2026-06-02T16:17:38Z</time>
   </trkpt>
   <trkpt lat="45.7551160" lon="4.7752540">
    <ele>218.9</ele>
    <time>2026-06-02T16:17:39Z</time>
   </trkpt>
   <trkpt lat="45.7551190" lon="4.7752970">
    <ele>219.0</ele>
    <time>2026-06-02T16:17:40Z</time>
   </trkpt>
   <trkpt lat="45.7551180" lon="4.7753360">
    <ele>219.1</ele>
    <time>2026-06-02T16:17:41Z</time>
   </trkpt>
   <trkpt lat="45.7551260" lon="4.7753830">
    <ele>219.1</ele>
    <time>2026-06-02T16:17:42Z</time>
   </trkpt>
   <trkpt lat="45.7551310" lon="4.7754370">
    <ele>219.2</ele>
    <time>2026-06-02T16:17:43Z</time>
   </trkpt>
   <trkpt lat="45.7551450" lon="4.7754850">
    <ele>219.3</ele>
    <time>2026-06-02T16:17:44Z</time>
   </trkpt>
   <trkpt lat="45.7551450" lon="4.7755300">
    <ele>219.3</ele>
    <time>2026-06-02T16:17:45Z</time>
   </trkpt>
   <trkpt lat="45.7551570" lon="4.7755710">
    <ele>219.4</ele>
    <time>2026-06-02T16:17:46Z</time>
   </trkpt>
   <trkpt lat="45.7551620" lon="4.7756200">
    <ele>219.4</ele>
    <time>2026-06-02T16:17:47Z</time>
   </trkpt>
   <trkpt lat="45.7551600" lon="4.7756390">
    <ele>219.5</ele>
    <time>2026-06-02T16:17:48Z</time>
   </trkpt>
   <trkpt lat="45.7551670" lon="4.7756780">
    <ele>219.5</ele>
    <time>2026-06-02T16:17:49Z</time>
   </trkpt>
   <trkpt lat="45.7551770" lon="4.7757430">
    <ele>219.6</ele>
    <time>2026-06-02T16:17:50Z</time>
   </trkpt>
   <trkpt lat="45.7551780" lon="4.7757890">
    <ele>219.6</ele>
    <time>2026-06-02T16:17:51Z</time>
   </trkpt>
   <trkpt lat="45.7551940" lon="4.7758310">
    <ele>219.7</ele>
    <time>2026-06-02T16:17:52Z</time>
   </trkpt>
   <trkpt lat="45.7552070" lon="4.7758680">
    <ele>219.7</ele>
    <time>2026-06-02T16:17:53Z</time>
   </trkpt>
   <trkpt lat="45.7552200" lon="4.7759270">
    <ele>219.8</ele>
    <time>2026-06-02T16:17:54Z</time>
   </trkpt>
   <trkpt lat="45.7552270" lon="4.7759530">
    <ele>219.9</ele>
    <time>2026-06-02T16:17:55Z</time>
   </trkpt>
   <trkpt lat="45.7552430" lon="4.7759990">
    <ele>219.9</ele>
    <time>2026-06-02T16:17:56Z</time>
   </trkpt>
   <trkpt lat="45.7552590" lon="4.7760460">
    <ele>220.0</ele>
    <time>2026-06-02T16:17:57Z</time>
   </trkpt>
   <trkpt lat="45.7552680" lon="4.7761020">
    <ele>220.1</ele>
    <time>2026-06-02T16:17:58Z</time>
   </trkpt>
   <trkpt lat="45.7552850" lon="4.7761610">
    <ele>220.1</ele>
    <time>2026-06-02T16:17:59Z</time>
   </trkpt>
   <trkpt lat="45.7552920" lon="4.7761850">
    <ele>220.2</ele>
    <time>2026-06-02T16:18:00Z</time>
   </trkpt>
   <trkpt lat="45.7553090" lon="4.7762260">
    <ele>220.2</ele>
    <time>2026-06-02T16:18:01Z</time>
   </trkpt>
   <trkpt lat="45.7553270" lon="4.7762650">
    <ele>220.3</ele>
    <time>2026-06-02T16:18:02Z</time>
   </trkpt>
   <trkpt lat="45.7553390" lon="4.7763210">
    <ele>220.3</ele>
    <time>2026-06-02T16:18:03Z</time>
   </trkpt>
   <trkpt lat="45.7553440" lon="4.7763680">
    <ele>220.4</ele>
    <time>2026-06-02T16:18:04Z</time>
   </trkpt>
   <trkpt lat="45.7553610" lon="4.7764090">
    <ele>220.4</ele>
    <time>2026-06-02T16:18:05Z</time>
   </trkpt>
   <trkpt lat="45.7553680" lon="4.7764520">
    <ele>220.5</ele>
    <time>2026-06-02T16:18:06Z</time>
   </trkpt>
   <trkpt lat="45.7553760" lon="4.7764900">
    <ele>220.5</ele>
    <time>2026-06-02T16:18:07Z</time>
   </trkpt>
   <trkpt lat="45.7553950" lon="4.7765340">
    <ele>220.6</ele>
    <time>2026-06-02T16:18:08Z</time>
   </trkpt>
   <trkpt lat="45.7554090" lon="4.7765910">
    <ele>220.6</ele>
    <time>2026-06-02T16:18:09Z</time>
   </trkpt>
   <trkpt lat="45.7554170" lon="4.7766120">
    <ele>220.7</ele>
    <time>2026-06-02T16:18:10Z</time>
   </trkpt>
   <trkpt lat="45.7554330" lon="4.7766560">
    <ele>220.7</ele>
    <time>2026-06-02T16:18:11Z</time>
   </trkpt>
   <trkpt lat="45.7554580" lon="4.7766950">
    <ele>220.8</ele>
    <time>2026-06-02T16:18:12Z</time>
   </trkpt>
   <trkpt lat="45.7554800" lon="4.7767380">
    <ele>220.8</ele>
    <time>2026-06-02T16:18:13Z</time>
   </trkpt>
   <trkpt lat="45.7554990" lon="4.7767670">
    <ele>220.9</ele>
    <time>2026-06-02T16:18:14Z</time>
   </trkpt>
   <trkpt lat="45.7555170" lon="4.7768000">
    <ele>220.9</ele>
    <time>2026-06-02T16:18:15Z</time>
   </trkpt>
   <trkpt lat="45.7555350" lon="4.7768340">
    <ele>221.0</ele>
    <time>2026-06-02T16:18:16Z</time>
   </trkpt>
   <trkpt lat="45.7555550" lon="4.7768760">
    <ele>221.0</ele>
    <time>2026-06-02T16:18:17Z</time>
   </trkpt>
   <trkpt lat="45.7555820" lon="4.7769240">
    <ele>221.1</ele>
    <time>2026-06-02T16:18:18Z</time>
   </trkpt>
   <trkpt lat="45.7555930" lon="4.7769410">
    <ele>221.1</ele>
    <time>2026-06-02T16:18:19Z</time>
   </trkpt>
   <trkpt lat="45.7556200" lon="4.7769830">
    <ele>221.1</ele>
    <time>2026-06-02T16:18:20Z</time>
   </trkpt>
   <trkpt lat="45.7556410" lon="4.7770160">
    <ele>221.1</ele>
    <time>2026-06-02T16:18:21Z</time>
   </trkpt>
   <trkpt lat="45.7556780" lon="4.7770940">
    <ele>221.2</ele>
    <time>2026-06-02T16:18:22Z</time>
   </trkpt>
   <trkpt lat="45.7557020" lon="4.7771200">
    <ele>221.2</ele>
    <time>2026-06-02T16:18:23Z</time>
   </trkpt>
   <trkpt lat="45.7557250" lon="4.7771570">
    <ele>221.2</ele>
    <time>2026-06-02T16:18:24Z</time>
   </trkpt>
   <trkpt lat="45.7557460" lon="4.7771970">
    <ele>221.2</ele>
    <time>2026-06-02T16:18:25Z</time>
   </trkpt>
   <trkpt lat="45.7557680" lon="4.7772500">
    <ele>221.3</ele>
    <time>2026-06-02T16:18:26Z</time>
   </trkpt>
   <trkpt lat="45.7557940" lon="4.7772820">
    <ele>221.3</ele>
    <time>2026-06-02T16:18:27Z</time>
   </trkpt>
   <trkpt lat="45.7558140" lon="4.7773170">
    <ele>221.3</ele>
    <time>2026-06-02T16:18:28Z</time>
   </trkpt>
   <trkpt lat="45.7558400" lon="4.7773450">
    <ele>221.3</ele>
    <time>2026-06-02T16:18:29Z</time>
   </trkpt>
   <trkpt lat="45.7558620" lon="4.7773820">
    <ele>221.3</ele>
    <time>2026-06-02T16:18:30Z</time>
   </trkpt>
   <trkpt lat="45.7558870" lon="4.7774280">
    <ele>221.4</ele>
    <time>2026-06-02T16:18:31Z</time>
   </trkpt>
   <trkpt lat="45.7559110" lon="4.7774630">
    <ele>221.4</ele>
    <time>2026-06-02T16:18:32Z</time>
   </trkpt>
   <trkpt lat="45.7559340" lon="4.7774980">
    <ele>221.4</ele>
    <time>2026-06-02T16:18:33Z</time>
   </trkpt>
   <trkpt lat="45.7559590" lon="4.7775240">
    <ele>221.4</ele>
    <time>2026-06-02T16:18:35Z</time>
   </trkpt>
   <trkpt lat="45.7559930" lon="4.7775370">
    <ele>221.4</ele>
    <time>2026-06-02T16:18:36Z</time>
   </trkpt>
   <trkpt lat="45.7560270" lon="4.7775550">
    <ele>221.4</ele>
    <time>2026-06-02T16:18:37Z</time>
   </trkpt>
   <trkpt lat="45.7560560" lon="4.7775630">
    <ele>221.4</ele>
    <time>2026-06-02T16:18:38Z</time>
   </trkpt>
   <trkpt lat="45.7560850" lon="4.7776000">
    <ele>221.4</ele>
    <time>2026-06-02T16:18:39Z</time>
   </trkpt>
   <trkpt lat="45.7561090" lon="4.7776320">
    <ele>221.4</ele>
    <time>2026-06-02T16:18:40Z</time>
   </trkpt>
   <trkpt lat="45.7561410" lon="4.7776560">
    <ele>221.4</ele>
    <time>2026-06-02T16:18:41Z</time>
   </trkpt>
   <trkpt lat="45.7561660" lon="4.7776840">
    <ele>221.4</ele>
    <time>2026-06-02T16:18:42Z</time>
   </trkpt>
   <trkpt lat="45.7562040" lon="4.7776940">
    <ele>221.5</ele>
    <time>2026-06-02T16:18:43Z</time>
   </trkpt>
   <trkpt lat="45.7562430" lon="4.7777050">
    <ele>221.5</ele>
    <time>2026-06-02T16:18:44Z</time>
   </trkpt>
   <trkpt lat="45.7562730" lon="4.7777140">
    <ele>221.5</ele>
    <time>2026-06-02T16:18:45Z</time>
   </trkpt>
   <trkpt lat="45.7563030" lon="4.7777510">
    <ele>221.5</ele>
    <time>2026-06-02T16:18:46Z</time>
   </trkpt>
   <trkpt lat="45.7563360" lon="4.7777740">
    <ele>221.5</ele>
    <time>2026-06-02T16:18:47Z</time>
   </trkpt>
   <trkpt lat="45.7563700" lon="4.7777980">
    <ele>221.5</ele>
    <time>2026-06-02T16:18:48Z</time>
   </trkpt>
   <trkpt lat="45.7563990" lon="4.7778170">
    <ele>221.6</ele>
    <time>2026-06-02T16:18:49Z</time>
   </trkpt>
   <trkpt lat="45.7564340" lon="4.7778260">
    <ele>221.6</ele>
    <time>2026-06-02T16:18:50Z</time>
   </trkpt>
   <trkpt lat="45.7564660" lon="4.7778510">
    <ele>221.6</ele>
    <time>2026-06-02T16:18:51Z</time>
   </trkpt>
   <trkpt lat="45.7564750" lon="4.7778580">
    <ele>221.6</ele>
    <time>2026-06-02T16:18:52Z</time>
   </trkpt>
   <trkpt lat="45.7564980" lon="4.7778800">
    <ele>221.6</ele>
    <time>2026-06-02T16:18:53Z</time>
   </trkpt>
   <trkpt lat="45.7565210" lon="4.7779030">
    <ele>221.6</ele>
    <time>2026-06-02T16:18:54Z</time>
   </trkpt>
   <trkpt lat="45.7565480" lon="4.7779370">
    <ele>221.6</ele>
    <time>2026-06-02T16:18:55Z</time>
   </trkpt>
   <trkpt lat="45.7565890" lon="4.7779510">
    <ele>221.6</ele>
    <time>2026-06-02T16:18:56Z</time>
   </trkpt>
   <trkpt lat="45.7566190" lon="4.7779690">
    <ele>221.6</ele>
    <time>2026-06-02T16:18:57Z</time>
   </trkpt>
   <trkpt lat="45.7566500" lon="4.7780010">
    <ele>221.7</ele>
    <time>2026-06-02T16:18:58Z</time>
   </trkpt>
   <trkpt lat="45.7566740" lon="4.7780410">
    <ele>221.7</ele>
    <time>2026-06-02T16:18:59Z</time>
   </trkpt>
   <trkpt lat="45.7567110" lon="4.7780440">
    <ele>221.7</ele>
    <time>2026-06-02T16:19:00Z</time>
   </trkpt>
   <trkpt lat="45.7567450" lon="4.7780510">
    <ele>221.7</ele>
    <time>2026-06-02T16:19:01Z</time>
   </trkpt>
   <trkpt lat="45.7567880" lon="4.7780670">
    <ele>221.7</ele>
    <time>2026-06-02T16:19:02Z</time>
   </trkpt>
   <trkpt lat="45.7568170" lon="4.7780960">
    <ele>221.7</ele>
    <time>2026-06-02T16:19:03Z</time>
   </trkpt>
   <trkpt lat="45.7568470" lon="4.7781090">
    <ele>221.8</ele>
    <time>2026-06-02T16:19:04Z</time>
   </trkpt>
   <trkpt lat="45.7568790" lon="4.7781200">
    <ele>221.8</ele>
    <time>2026-06-02T16:19:05Z</time>
   </trkpt>
   <trkpt lat="45.7569100" lon="4.7781070">
    <ele>221.8</ele>
    <time>2026-06-02T16:19:06Z</time>
   </trkpt>
   <trkpt lat="45.7569200" lon="4.7781070">
    <ele>221.8</ele>
    <time>2026-06-02T16:19:07Z</time>
   </trkpt>
   <trkpt lat="45.7569540" lon="4.7781250">
    <ele>221.8</ele>
    <time>2026-06-02T16:19:08Z</time>
   </trkpt>
   <trkpt lat="45.7569830" lon="4.7781410">
    <ele>221.8</ele>
    <time>2026-06-02T16:19:09Z</time>
   </trkpt>
   <trkpt lat="45.7570130" lon="4.7781850">
    <ele>221.8</ele>
    <time>2026-06-02T16:19:10Z</time>
   </trkpt>
   <trkpt lat="45.7570350" lon="4.7782170">
    <ele>221.8</ele>
    <time>2026-06-02T16:19:11Z</time>
   </trkpt>
   <trkpt lat="45.7570550" lon="4.7782590">
    <ele>221.9</ele>
    <time>2026-06-02T16:19:12Z</time>
   </trkpt>
   <trkpt lat="45.7570780" lon="4.7782860">
    <ele>221.9</ele>
    <time>2026-06-02T16:19:13Z</time>
   </trkpt>
   <trkpt lat="45.7571080" lon="4.7783030">
    <ele>221.9</ele>
    <time>2026-06-02T16:19:14Z</time>
   </trkpt>
   <trkpt lat="45.7571360" lon="4.7782840">
    <ele>221.9</ele>
    <time>2026-06-02T16:19:15Z</time>
   </trkpt>
   <trkpt lat="45.7571640" lon="4.7783000">
    <ele>221.9</ele>
    <time>2026-06-02T16:19:16Z</time>
   </trkpt>
   <trkpt lat="45.7571960" lon="4.7783150">
    <ele>221.9</ele>
    <time>2026-06-02T16:19:17Z</time>
   </trkpt>
   <trkpt lat="45.7572280" lon="4.7783380">
    <ele>222.0</ele>
    <time>2026-06-02T16:19:18Z</time>
   </trkpt>
   <trkpt lat="45.7572570" lon="4.7783620">
    <ele>222.0</ele>
    <time>2026-06-02T16:19:19Z</time>
   </trkpt>
   <trkpt lat="45.7572780" lon="4.7783980">
    <ele>222.0</ele>
    <time>2026-06-02T16:19:20Z</time>
   </trkpt>
   <trkpt lat="45.7572930" lon="4.7784590">
    <ele>222.0</ele>
    <time>2026-06-02T16:19:21Z</time>
   </trkpt>
   <trkpt lat="45.7573050" lon="4.7785030">
    <ele>222.1</ele>
    <time>2026-06-02T16:19:22Z</time>
   </trkpt>
   <trkpt lat="45.7573060" lon="4.7785550">
    <ele>222.2</ele>
    <time>2026-06-02T16:19:23Z</time>
   </trkpt>
   <trkpt lat="45.7573070" lon="4.7785740">
    <ele>222.2</ele>
    <time>2026-06-02T16:19:24Z</time>
   </trkpt>
   <trkpt lat="45.7572950" lon="4.7786190">
    <ele>222.2</ele>
    <time>2026-06-02T16:19:25Z</time>
   </trkpt>
   <trkpt lat="45.7572770" lon="4.7786580">
    <ele>222.3</ele>
    <time>2026-06-02T16:19:26Z</time>
   </trkpt>
   <trkpt lat="45.7572710" lon="4.7787120">
    <ele>222.3</ele>
    <time>2026-06-02T16:19:27Z</time>
   </trkpt>
   <trkpt lat="45.7572620" lon="4.7787740">
    <ele>222.4</ele>
    <time>2026-06-02T16:19:28Z</time>
   </trkpt>
   <trkpt lat="45.7572550" lon="4.7788280">
    <ele>222.4</ele>
    <time>2026-06-02T16:19:29Z</time>
   </trkpt>
   <trkpt lat="45.7572500" lon="4.7788820">
    <ele>222.5</ele>
    <time>2026-06-02T16:19:30Z</time>
   </trkpt>
   <trkpt lat="45.7572420" lon="4.7789300">
    <ele>222.5</ele>
    <time>2026-06-02T16:19:31Z</time>
   </trkpt>
   <trkpt lat="45.7572260" lon="4.7789650">
    <ele>222.6</ele>
    <time>2026-06-02T16:19:32Z</time>
   </trkpt>
   <trkpt lat="45.7572290" lon="4.7790240">
    <ele>222.6</ele>
    <time>2026-06-02T16:19:33Z</time>
   </trkpt>
   <trkpt lat="45.7572310" lon="4.7790500">
    <ele>222.6</ele>
    <time>2026-06-02T16:19:34Z</time>
   </trkpt>
   <trkpt lat="45.7572300" lon="4.7791030">
    <ele>222.7</ele>
    <time>2026-06-02T16:19:35Z</time>
   </trkpt>
   <trkpt lat="45.7572250" lon="4.7791180">
    <ele>222.7</ele>
    <time>2026-06-02T16:19:36Z</time>
   </trkpt>
   <trkpt lat="45.7572060" lon="4.7791530">
    <ele>222.7</ele>
    <time>2026-06-02T16:19:37Z</time>
   </trkpt>
   <trkpt lat="45.7571920" lon="4.7791950">
    <ele>222.7</ele>
    <time>2026-06-02T16:19:38Z</time>
   </trkpt>
   <trkpt lat="45.7571770" lon="4.7792280">
    <ele>222.8</ele>
    <time>2026-06-02T16:19:39Z</time>
   </trkpt>
   <trkpt lat="45.7571680" lon="4.7792820">
    <ele>222.9</ele>
    <time>2026-06-02T16:19:40Z</time>
   </trkpt>
   <trkpt lat="45.7571820" lon="4.7793430">
    <ele>223.0</ele>
    <time>2026-06-02T16:19:41Z</time>
   </trkpt>
   <trkpt lat="45.7571650" lon="4.7794020">
    <ele>223.0</ele>
    <time>2026-06-02T16:19:42Z</time>
   </trkpt>
   <trkpt lat="45.7571570" lon="4.7794490">
    <ele>223.1</ele>
    <time>2026-06-02T16:19:43Z</time>
   </trkpt>
   <trkpt lat="45.7571460" lon="4.7795130">
    <ele>223.2</ele>
    <time>2026-06-02T16:19:44Z</time>
   </trkpt>
   <trkpt lat="45.7571350" lon="4.7795620">
    <ele>223.3</ele>
    <time>2026-06-02T16:19:45Z</time>
   </trkpt>
   <trkpt lat="45.7571360" lon="4.7796220">
    <ele>223.4</ele>
    <time>2026-06-02T16:19:46Z</time>
   </trkpt>
   <trkpt lat="45.7571260" lon="4.7796640">
    <ele>223.4</ele>
    <time>2026-06-02T16:19:47Z</time>
   </trkpt>
   <trkpt lat="45.7571180" lon="4.7797060">
    <ele>223.5</ele>
    <time>2026-06-02T16:19:48Z</time>
   </trkpt>
   <trkpt lat="45.7571020" lon="4.7797650">
    <ele>223.6</ele>
    <time>2026-06-02T16:19:49Z</time>
   </trkpt>
   <trkpt lat="45.7570920" lon="4.7798050">
    <ele>223.6</ele>
    <time>2026-06-02T16:19:50Z</time>
   </trkpt>
   <trkpt lat="45.7570870" lon="4.7798560">
    <ele>223.7</ele>
    <time>2026-06-02T16:19:51Z</time>
   </trkpt>
   <trkpt lat="45.7570740" lon="4.7799130">
    <ele>223.8</ele>
    <time>2026-06-02T16:19:52Z</time>
   </trkpt>
   <trkpt lat="45.7570780" lon="4.7799630">
    <ele>223.9</ele>
    <time>2026-06-02T16:19:53Z</time>
   </trkpt>
   <trkpt lat="45.7570620" lon="4.7800090">
    <ele>224.0</ele>
    <time>2026-06-02T16:19:54Z</time>
   </trkpt>
   <trkpt lat="45.7570570" lon="4.7800640">
    <ele>224.1</ele>
    <time>2026-06-02T16:19:55Z</time>
   </trkpt>
   <trkpt lat="45.7570410" lon="4.7801140">
    <ele>224.2</ele>
    <time>2026-06-02T16:19:56Z</time>
   </trkpt>
   <trkpt lat="45.7570320" lon="4.7801610">
    <ele>224.3</ele>
    <time>2026-06-02T16:19:57Z</time>
   </trkpt>
   <trkpt lat="45.7570280" lon="4.7802100">
    <ele>224.4</ele>
    <time>2026-06-02T16:19:58Z</time>
   </trkpt>
   <trkpt lat="45.7570170" lon="4.7802500">
    <ele>224.5</ele>
    <time>2026-06-02T16:19:59Z</time>
   </trkpt>
   <trkpt lat="45.7570040" lon="4.7802890">
    <ele>224.7</ele>
    <time>2026-06-02T16:20:00Z</time>
   </trkpt>
   <trkpt lat="45.7569950" lon="4.7803450">
    <ele>224.8</ele>
    <time>2026-06-02T16:20:01Z</time>
   </trkpt>
   <trkpt lat="45.7569840" lon="4.7803960">
    <ele>225.0</ele>
    <time>2026-06-02T16:20:02Z</time>
   </trkpt>
   <trkpt lat="45.7569840" lon="4.7804130">
    <ele>225.0</ele>
    <time>2026-06-02T16:20:03Z</time>
   </trkpt>
   <trkpt lat="45.7569670" lon="4.7804660">
    <ele>225.2</ele>
    <time>2026-06-02T16:20:04Z</time>
   </trkpt>
   <trkpt lat="45.7569330" lon="4.7804980">
    <ele>225.4</ele>
    <time>2026-06-02T16:20:05Z</time>
   </trkpt>
   <trkpt lat="45.7569460" lon="4.7805530">
    <ele>225.5</ele>
    <time>2026-06-02T16:20:06Z</time>
   </trkpt>
   <trkpt lat="45.7568990" lon="4.7805850">
    <ele>225.7</ele>
    <time>2026-06-02T16:20:11Z</time>
   </trkpt>
   <trkpt lat="45.7568930" lon="4.7805780">
    <ele>225.8</ele>
    <time>2026-06-02T16:20:12Z</time>
   </trkpt>
  </trkseg>
 </trk>
</gpx>
