<?xml version="1.0" encoding="UTF-8"?>
<gpx creator="StravaGPX" version="1.1" xmlns="http://www.topografix.com/GPX/1/1" xmlns:xsi="http://www.w3.org/2001/XMLSchema-instance" xsi:schemaLocation="http://www.topografix.com/GPX/1/1 http://www.topografix.com/GPX/1/1/gpx.xsd">
 <metadata>
  <time>2026-08-07T08:48:04Z</time>
 </metadata>
 <trk>
  <name>Course à pied matinale</name>
  <type>running</type>
  <trkseg>
   <trkpt lat="45.7636850" lon="4.7755060">
    <ele>220.1</ele>
    <time>2026-08-07T08:48:04Z</time>
   </trkpt>
   <trkpt lat="45.7636850" lon="4.7755060">
    <ele>220.1</ele>
    <time>2026-08-07T08:48:26Z</time>
   </trkpt>
   <trkpt lat="45.7636900" lon="4.7754660">
    <ele>220.1</ele>
    <time>2026-08-07T08:48:27Z</time>
   </trkpt>
   <trkpt lat="45.7636890" lon="4.7754310">
    <ele>220.1</ele>
    <time>2026-08-07T08:48:28Z</time>
   </trkpt>
   <trkpt lat="45.7636680" lon="4.7753860">
    <ele>220.1</ele>
    <time>2026-08-07T08:48:29Z</time>
   </trkpt>
   <trkpt lat="45.7636640" lon="4.7753340">
    <ele>220.1</ele>
    <time>2026-08-07T08:48:30Z</time>
   </trkpt>
   <trkpt lat="45.7636660" lon="4.7752920">
    <ele>220.0</ele>
    <time>2026-08-07T08:48:31Z</time>
   </trkpt>
   <trkpt lat="45.7636620" lon="4.7752730">
    <ele>220.0</ele>
    <time>2026-08-07T08:48:32Z</time>
   </trkpt>
   <trkpt lat="45.7636640" lon="4.7752420">
    <ele>220.0</ele>
    <time>2026-08-07T08:48:33Z</time>
   </trkpt>
   <trkpt lat="45.7636630" lon="4.7752030">
    <ele>220.0</ele>
    <time>2026-08-07T08:48:34Z</time>
   </trkpt>
   <trkpt lat="45.7636560" lon="4.7751610">
    <ele>220.0</ele>
    <time>2026-08-07T08:48:35Z</time>
   </trkpt>
   <trkpt lat="45.7636510" lon="4.7751210">
    <ele>220.0</ele>
    <time>2026-08-07T08:48:36Z</time>
   </trkpt>
   <trkpt lat="45.7636520" lon="4.7750870">
    <ele>220.0</ele>
    <time>2026-08-07T08:48:37Z</time>
   </trkpt>
   <trkpt lat="45.7636380" lon="4.7750780">
    <ele>220.0</ele>
    <time>2026-08-07T08:48:38Z</time>
   </trkpt>
   <trkpt lat="45.7636430" lon="4.7750460">
    <ele>220.0</ele>
    <time>2026-08-07T08:48:39Z</time>
   </trkpt>
   <trkpt lat="45.7636400" lon="4.7750140">
    <ele>220.0</ele>
    <time>2026-08-07T08:48:40Z</time>
   </trkpt>
   <trkpt lat="45.7636290" lon="4.7749820">
    <ele>220.0</ele>
    <time>2026-08-07T08:48:41Z</time>
   </trkpt>
   <trkpt lat="45.7636480" lon="4.7749510">
    <ele>220.0</ele>
    <time>2026-08-07T08:48:42Z</time>
   </trkpt>
   <trkpt lat="45.7636390" lon="4.7749020">
    <ele>219.9</ele>
    <time>2026-08-07T08:48:43Z</time>
   </trkpt>
   <trkpt lat="45.7636320" lon="4.7748630">
    <ele>219.9</ele>
    <time>2026-08-07T08:48:44Z</time>
   </trkpt>
   <trkpt lat="45.7636330" lon="4.7748210">
    <ele>219.9</ele>
    <time>2026-08-07T08:48:45Z</time>
   </trkpt>
   <trkpt lat="45.7636420" lon="4.7747980">
    <ele>219.9</ele>
    <time>2026-08-07T08:48:46Z</time>
   </trkpt>
   <trkpt lat="45.7636310" lon="4.7747610">
    <ele>219.9</ele>
    <time>2026-08-07T08:48:47Z</time>
   </trkpt>
   <trkpt lat="45.7636190" lon="4.7747120">
    <ele>219.9</ele>
    <time>2026-08-07T08:48:48Z</time>
   </trkpt>
   <trkpt lat="45.7636150" lon="4.7746750">
    <ele>219.9</ele>
    <time>2026-08-07T08:48:49Z</time>
   </trkpt>
   <trkpt lat="45.7636060" lon="4.7746420">
    <ele>219.9</ele>
    <time>2026-08-07T08:48:50Z</time>
   </trkpt>
   <trkpt lat="45.7636020" lon="4.7746090">
    <ele>219.9</ele>
    <time>2026-08-07T08:48:51Z</time>
   </trkpt>
   <trkpt lat="45.7636100" lon="4.7745700">
    <ele>219.9</ele>
    <time>2026-08-07T08:48:52Z</time>
   </trkpt>
   <trkpt lat="45.7636150" lon="4.7745320">
    <ele>219.9</ele>
    <time>2026-08-07T08:48:53Z</time>
   </trkpt>
   <trkpt lat="45.7636220" lon="4.7744810">
    <ele>219.9</ele>
    <time>2026-08-07T08:48:54Z</time>
   </trkpt>
   <trkpt lat="45.7636150" lon="4.7744560">
    <ele>219.9</ele>
    <time>2026-08-07T08:48:55Z</time>
   </trkpt>
   <trkpt lat="45.7635930" lon="4.7744200">
    <ele>219.9</ele>
    <time>2026-08-07T08:48:56Z</time>
   </trkpt>
   <trkpt lat="45.7635850" lon="4.7743840">
    <ele>219.9</ele>
    <time>2026-08-07T08:48:57Z</time>
   </trkpt>
   <trkpt lat="45.7635740" lon="4.7743450">
    <ele>219.9</ele>
    <time>2026-08-07T08:48:58Z</time>
   </trkpt>
   <trkpt lat="45.7635700" lon="4.7743040">
    <ele>219.9</ele>
    <time>2026-08-07T08:48:59Z</time>
   </trkpt>
   <trkpt lat="45.7635600" lon="4.7742760">
    <ele>219.9</ele>
    <time>2026-08-07T08:49:00Z</time>
   </trkpt>
   <trkpt lat="45.7635650" lon="4.7742370">
    <ele>219.9</ele>
    <time>2026-08-07T08:49:01Z</time>
   </trkpt>
   <trkpt lat="45.7635710" lon="4.7741930">
    <ele>219.9</ele>
    <time>2026-08-07T08:49:02Z</time>
   </trkpt>
   <trkpt lat="45.7635760" lon="4.7741570">
    <ele>219.9</ele>
    <time>2026-08-07T08:49:03Z</time>
   </trkpt>
   <trkpt lat="45.7635870" lon="4.7741200">
    <ele>219.9</ele>
    <time>2026-08-07T08:49:04Z</time>
   </trkpt>
   <trkpt lat="45.7635960" lon="4.7740840">
    <ele>219.9</ele>
    <time>2026-08-07T08:49:05Z</time>
   </trkpt>
   <trkpt lat="45.7635930" lon="4.7740370">
    <ele>219.9</ele>
    <time>2026-08-07T08:49:06Z</time>
   </trkpt>
   <trkpt lat="45.7635660" lon="4.7739920">
    <ele>219.9</ele>
    <time>2026-08-07T08:49:07Z</time>
   </trkpt>
   <trkpt lat="45.7635600" lon="4.7739670">
    <ele>219.9</ele>
    <time>2026-08-07T08:49:08Z</time>
   </trkpt>
   <trkpt lat="45.7635770" lon="4.7739210">
    <ele>219.9</ele>
    <time>2026-08-07T08:49:09Z</time>
   </trkpt>
   <trkpt lat="45.7635900" lon="4.7738790">
    <ele>219.9</ele>
    <time>2026-08-07T08:49:10Z</time>
   </trkpt>
   <trkpt lat="45.7635840" lon="4.7738450">
    <ele>219.9</ele>
    <time>2026-08-07T08:49:11Z</time>
   </trkpt>
   <trkpt lat="45.7635710" lon="4.7738130">
    <ele>219.9</ele>
    <time>2026-08-07T08:49:12Z</time>
   </trkpt>
   <trkpt lat="45.7635490" lon="4.7737770">
    <ele>219.9</ele>
    <time>2026-08-07T08:49:13Z</time>
   </trkpt>
   <trkpt lat="45.7635300" lon="4.7737500">
    <ele>219.9</ele>
    <time>2026-08-07T08:49:14Z</time>
   </trkpt>
   <trkpt lat="45.7635140" lon="4.7737240">
    <ele>219.9</ele>
    <time>2026-08-07T08:49:15Z</time>
   </trkpt>
   <trkpt lat="45.7634780" lon="4.7737140">
    <ele>219.9</ele>
    <time>2026-08-07T08:49:16Z</time>
   </trkpt>
   <trkpt lat="45.7634870" lon="4.7736870">
    <ele>219.9</ele>
    <time>2026-08-07T08:49:17Z</time>
   </trkpt>
   <trkpt lat="45.7634820" lon="4.7736490">
    <ele>219.9</ele>
    <time>2026-08-07T08:49:18Z</time>
   </trkpt>
   <trkpt lat="45.7634880" lon="4.7736190">
    <ele>220.0</ele>
    <time>2026-08-07T08:49:19Z</time>
   </trkpt>
   <trkpt lat="45.7634920" lon="4.7735860">
    <ele>220.0</ele>
    <time>2026-08-07T08:49:20Z</time>
   </trkpt>
   <trkpt lat="45.7634860" lon="4.7735530">
    <ele>220.0</ele>
    <time>2026-08-07T08:49:21Z</time>
   </trkpt>
   <trkpt lat="45.7634800" lon="4.7735140">
    <ele>220.0</ele>
    <time>2026-08-07T08:49:22Z</time>
   </trkpt>
   <trkpt lat="45.7634740" lon="4.7734700">
    <ele>220.0</ele>
    <time>2026-08-07T08:49:23Z</time>
   </trkpt>
   <trkpt lat="45.7634610" lon="4.7734210">
    <ele>220.0</ele>
    <time>2026-08-07T08:49:24Z</time>
   </trkpt>
   <trkpt lat="45.7634370" lon="4.7733970">
    <ele>220.0</ele>
    <time>2026-08-07T08:49:25Z</time>
   </trkpt>
   <trkpt lat="45.7634120" lon="4.7734020">
    <ele>220.0</ele>
    <time>2026-08-07T08:49:26Z</time>
   </trkpt>
   <trkpt lat="45.7633840" lon="4.7734070">
    <ele>220.0</ele>
    <time>2026-08-07T08:49:27Z</time>
   </trkpt>
   <trkpt lat="45.7633560" lon="4.7733920">
    <ele>220.0</ele>
    <time>2026-08-07T08:49:28Z</time>
   </trkpt>
   <trkpt lat="45.7633310" lon="4.7733950">
    <ele>220.0</ele>
    <time>2026-08-07T08:49:29Z</time>
   </trkpt>
   <trkpt lat="45.7632910" lon="4.7734050">
    <ele>220.0</ele>
    <time>2026-08-07T08:49:30Z</time>
   </trkpt>
   <trkpt lat="45.7632590" lon="4.7733840">
    <ele>220.0</ele>
    <time>2026-08-07T08:49:31Z</time>
   </trkpt>
   <trkpt lat="45.7632230" lon="4.7733770">
    <ele>220.0</ele>
    <time>2026-08-07T08:49:32Z</time>
   </trkpt>
   <trkpt lat="45.7632040" lon="4.7733760">
    <ele>220.0</ele>
    <time>2026-08-07T08:49:33Z</time>
   </trkpt>
   <trkpt lat="45.7631730" lon="4.7733880">
    <ele>220.0</ele>
    <time>2026-08-07T08:49:34Z</time>
   </trkpt>
   <trkpt lat="45.7631440" lon="4.7733910">
    <ele>220.0</ele>
    <time>2026-08-07T08:49:35Z</time>
   </trkpt>
   <trkpt lat="45.7631160" lon="4.7733920">
    <ele>220.0</ele>
    <time>2026-08-07T08:49:36Z</time>
   </trkpt>
   <trkpt lat="45.7630950" lon="4.7733920">
    <ele>220.0</ele>
    <time>2026-08-07T08:49:37Z</time>
   </trkpt>
   <trkpt lat="45.7630700" lon="4.7733910">
    <ele>220.0</ele>
    <time>2026-08-07T08:49:38Z</time>
   </trkpt>
   <trkpt lat="45.7630410" lon="4.7734050">
    <ele>220.0</ele>
    <time>2026-08-07T08:49:39Z</time>
   </trkpt>
   <trkpt lat="45.7630090" lon="4.7734200">
    <ele>220.0</ele>
    <time>2026-08-07T08:49:40Z</time>
   </trkpt>
   <trkpt lat="45.7629790" lon="4.7734300">
    <ele>220.0</ele>
    <time>2026-08-07T08:49:41Z</time>
   </trkpt>
   <trkpt lat="45.7629530" lon="4.7734230">
    <ele>220.0</ele>
    <time>2026-08-07T08:49:42Z</time>
   </trkpt>
   <trkpt lat="45.7629280" lon="4.7734190">
    <ele>220.0</ele>
    <time>2026-08-07T08:49:43Z</time>
   </trkpt>
   <trkpt lat="45.7628990" lon="4.7734260">
    <ele>220.0</ele>
    <time>2026-08-07T08:49:44Z</time>
   </trkpt>
   <trkpt lat="45.7628750" lon="4.7734240">
    <ele>220.0</ele>
    <time>2026-08-07T08:49:45Z</time>
   </trkpt>
   <trkpt lat="45.7628530" lon="4.7734260">
    <ele>220.0</ele>
    <time>2026-08-07T08:49:46Z</time>
   </trkpt>
   <trkpt lat="45.7628280" lon="4.7734400">
    <ele>220.0</ele>
    <time>2026-08-07T08:49:47Z</time>
   </trkpt>
   <trkpt lat="45.7628050" lon="4.7734420">
    <ele>220.0</ele>
    <time>2026-08-07T08:49:48Z</time>
   </trkpt>
   <trkpt lat="45.7627770" lon="4.7734480">
    <ele>220.0</ele>
    <time>2026-08-07T08:49:49Z</time>
   </trkpt>
   <trkpt lat="45.7627500" lon="4.7734490">
    <ele>220.0</ele>
    <time>2026-08-07T08:49:50Z</time>
   </trkpt>
   <trkpt lat="45.7627170" lon="4.7734450">
    <ele>220.0</ele>
    <time>2026-08-07T08:49:51Z</time>
   </trkpt>
   <trkpt lat="45.7626910" lon="4.7734480">
    <ele>220.1</ele>
    <time>2026-08-07T08:49:52Z</time>
   </trkpt>
   <trkpt lat="45.7626620" lon="4.7734480">
    <ele>220.1</ele>
    <time>2026-08-07T08:49:53Z</time>
   </trkpt>
   <trkpt lat="45.7626320" lon="4.7734560">
    <ele>220.1</ele>
    <time>2026-08-07T08:49:54Z</time>
   </trkpt>
   <trkpt lat="45.7625970" lon="4.7734610">
    <ele>220.1</ele>
    <time>2026-08-07T08:49:55Z</time>
   </trkpt>
   <trkpt lat="45.7625730" lon="4.7734440">
    <ele>220.1</ele>
    <time>2026-08-07T08:49:56Z</time>
   </trkpt>
   <trkpt lat="45.7625470" lon="4.7734270">
    <ele>220.1</ele>
    <time>2026-08-07T08:49:57Z</time>
   </trkpt>
   <trkpt lat="45.7625250" lon="4.7734270">
    <ele>220.1</ele>
    <time>2026-08-07T08:49:58Z</time>
   </trkpt>
   <trkpt lat="45.7625020" lon="4.7734350">
    <ele>220.1</ele>
    <time>2026-08-07T08:49:59Z</time>
   </trkpt>
   <trkpt lat="45.7624760" lon="4.7734310">
    <ele>220.1</ele>
    <time>2026-08-07T08:50:00Z</time>
   </trkpt>
   <trkpt lat="45.7624500" lon="4.7734290">
    <ele>220.1</ele>
    <time>2026-08-07T08:50:01Z</time>
   </trkpt>
   <trkpt lat="45.7624200" lon="4.7734240">
    <ele>220.1</ele>
    <time>2026-08-07T08:50:02Z</time>
   </trkpt>
   <trkpt lat="45.7623930" lon="4.7734240">
    <ele>220.1</ele>
    <time>2026-08-07T08:50:03Z</time>
   </trkpt>
   <trkpt lat="45.7623710" lon="4.7734250">
    <ele>220.1</ele>
    <time>2026-08-07T08:50:04Z</time>
   </trkpt>
   <trkpt lat="45.7623440" lon="4.7734240">
    <ele>220.1</ele>
    <time>2026-08-07T08:50:05Z</time>
   </trkpt>
   <trkpt lat="45.7623160" lon="4.7734160">
    <ele>220.2</ele>
    <time>2026-08-07T08:50:06Z</time>
   </trkpt>
   <trkpt lat="45.7622920" lon="4.7734120">
    <ele>220.2</ele>
    <time>2026-08-07T08:50:07Z</time>
   </trkpt>
   <trkpt lat="45.7622640" lon="4.7734070">
    <ele>220.2</ele>
    <time>2026-08-07T08:50:08Z</time>
   </trkpt>
   <trkpt lat="45.7622410" lon="4.7734030">
    <ele>220.2</ele>
    <time>2026-08-07T08:50:09Z</time>
   </trkpt>
   <trkpt lat="45.7622170" lon="4.7733950">
    <ele>220.2</ele>
    <time>2026-08-07T08:50:10Z</time>
   </trkpt>
   <trkpt lat="45.7621880" lon="4.7733940">
    <ele>220.2</ele>
    <time>2026-08-07T08:50:11Z</time>
   </trkpt>
   <trkpt lat="45.7621580" lon="4.7733990">
    <ele>220.2</ele>
    <time>2026-08-07T08:50:12Z</time>
   </trkpt>
   <trkpt lat="45.7621320" lon="4.7733950">
    <ele>220.2</ele>
    <time>2026-08-07T08:50:13Z</time>
   </trkpt>
   <trkpt lat="45.7620990" lon="4.7734020">
    <ele>220.2</ele>
    <time>2026-08-07T08:50:14Z</time>
   </trkpt>
   <trkpt lat="45.7620690" lon="4.7734050">
    <ele>220.2</ele>
    <time>2026-08-07T08:50:15Z</time>
   </trkpt>
   <trkpt lat="45.7620470" lon="4.7733980">
    <ele>220.2</ele>
    <time>2026-08-07T08:50:16Z</time>
   </trkpt>
   <trkpt lat="45.7620130" lon="4.7733910">
    <ele>220.2</ele>
    <time>2026-08-07T08:50:17Z</time>
   </trkpt>
   <trkpt lat="45.7619870" lon="4.7733880">
    <ele>220.2</ele>
    <time>2026-08-07T08:50:18Z</time>
   </trkpt>
   <trkpt lat="45.7619610" lon="4.7733830">
    <ele>220.2</ele>
    <time>2026-08-07T08:50:19Z</time>
   </trkpt>
   <trkpt lat="45.7619350" lon="4.7733780">
    <ele>220.2</ele>
    <time>2026-08-07T08:50:20Z</time>
   </trkpt>
   <trkpt lat="45.7619070" lon="4.7733770">
    <ele>220.2</ele>
    <time>2026-08-07T08:50:21Z</time>
   </trkpt>
   <trkpt lat="45.7618790" lon="4.7733750">
    <ele>220.2</ele>
    <time>2026-08-07T08:50:22Z</time>
   </trkpt>
   <trkpt lat="45.7618530" lon="4.7733680">
    <ele>220.2</ele>
    <time>2026-08-07T08:50:23Z</time>
   </trkpt>
   <trkpt lat="45.7618310" lon="4.7733580">
    <ele>220.2</ele>
    <time>2026-08-07T08:50:24Z</time>
   </trkpt>
   <trkpt lat="45.7618050" lon="4.7733540">
    <ele>220.2</ele>
    <time>2026-08-07T08:50:25Z</time>
   </trkpt>
   <trkpt lat="45.7617830" lon="4.7733560">
    <ele>220.3</ele>
    <time>2026-08-07T08:50:26Z</time>
   </trkpt>
   <trkpt lat="45.7617510" lon="4.7733590">
    <ele>220.3</ele>
    <time>2026-08-07T08:50:27Z</time>
   </trkpt>
   <trkpt lat="45.7617250" lon="4.7733510">
    <ele>220.3</ele>
    <time>2026-08-07T08:50:28Z</time>
   </trkpt>
   <trkpt lat="45.7617020" lon="4.7733360">
    <ele>220.3</ele>
    <time>2026-08-07T08:50:29Z</time>
   </trkpt>
   <trkpt lat="45.7616750" lon="4.7733250">
    <ele>220.3</ele>
    <time>2026-08-07T08:50:30Z</time>
   </trkpt>
   <trkpt lat="45.7616470" lon="4.7733210">
    <ele>220.3</ele>
    <time>2026-08-07T08:50:31Z</time>
   </trkpt>
   <trkpt lat="45.7616190" lon="4.7733200">
    <ele>220.3</ele>
    <time>2026-08-07T08:50:32Z</time>
   </trkpt>
   <trkpt lat="45.7615890" lon="4.7733140">
    <ele>220.3</ele>
    <time>2026-08-07T08:50:33Z</time>
   </trkpt>
   <trkpt lat="45.7615640" lon="4.7733000">
    <ele>220.3</ele>
    <time>2026-08-07T08:50:34Z</time>
   </trkpt>
   <trkpt lat="45.7615380" lon="4.7732920">
    <ele>220.3</ele>
    <time>2026-08-07T08:50:35Z</time>
   </trkpt>
   <trkpt lat="45.7615020" lon="4.7732950">
    <ele>220.3</ele>
    <time>2026-08-07T08:50:36Z</time>
   </trkpt>
   <trkpt lat="45.7614770" lon="4.7732960">
    <ele>220.3</ele>
    <time>2026-08-07T08:50:37Z</time>
   </trkpt>
   <trkpt lat="45.7614490" lon="4.7732980">
    <ele>220.3</ele>
    <time>2026-08-07T08:50:38Z</time>
   </trkpt>
   <trkpt lat="45.7614210" lon="4.7732940">
    <ele>220.3</ele>
    <time>2026-08-07T08:50:39Z</time>
   </trkpt>
   <trkpt lat="45.7614010" lon="4.7732650">
    <ele>220.4</ele>
    <time>2026-08-07T08:50:40Z</time>
   </trkpt>
   <trkpt lat="45.7613720" lon="4.7732700">
    <ele>220.4</ele>
    <time>2026-08-07T08:50:41Z</time>
   </trkpt>
   <trkpt lat="45.7613410" lon="4.7732770">
    <ele>220.4</ele>
    <time>2026-08-07T08:50:42Z</time>
   </trkpt>
   <trkpt lat="45.7613040" lon="4.7732690">
    <ele>220.4</ele>
    <time>2026-08-07T08:50:43Z</time>
   </trkpt>
   <trkpt lat="45.7612780" lon="4.7732610">
    <ele>220.4</ele>
    <time>2026-08-07T08:50:44Z</time>
   </trkpt>
   <trkpt lat="45.7612490" lon="4.7732540">
    <ele>220.4</ele>
    <time>2026-08-07T08:50:45Z</time>
   </trkpt>
   <trkpt lat="45.7612240" lon="4.7732400">
    <ele>220.4</ele>
    <time>2026-08-07T08:50:46Z</time>
   </trkpt>
   <trkpt lat="45.7612020" lon="4.7732300">
    <ele>220.4</ele>
    <time>2026-08-07T08:50:47Z</time>
   </trkpt>
   <trkpt lat="45.7611790" lon="4.7732220">
    <ele>220.4</ele>
    <time>2026-08-07T08:50:48Z</time>
   </trkpt>
   <trkpt lat="45.7611590" lon="4.7732060">
    <ele>220.4</ele>
    <time>2026-08-07T08:50:49Z</time>
   </trkpt>
   <trkpt lat="45.7611310" lon="4.7732040">
    <ele>220.5</ele>
    <time>2026-08-07T08:50:50Z</time>
   </trkpt>
   <trkpt lat="45.7611070" lon="4.7731930">
    <ele>220.5</ele>
    <time>2026-08-07T08:50:51Z</time>
   </trkpt>
   <trkpt lat="45.7610730" lon="4.7731930">
    <ele>220.5</ele>
    <time>2026-08-07T08:50:52Z</time>
   </trkpt>
   <trkpt lat="45.7610440" lon="4.7731890">
    <ele>220.5</ele>
    <time>2026-08-07T08:50:53Z</time>
   </trkpt>
   <trkpt lat="45.7610160" lon="4.7731840">
    <ele>220.5</ele>
    <time>2026-08-07T08:50:54Z</time>
   </trkpt>
   <trkpt lat="45.7609880" lon="4.7731840">
    <ele>220.5</ele>
    <time>2026-08-07T08:50:55Z</time>
   </trkpt>
   <trkpt lat="45.7609590" lon="4.7731880">
    <ele>220.5</ele>
    <time>2026-08-07T08:50:56Z</time>
   </trkpt>
   <trkpt lat="45.7609270" lon="4.7731920">
    <ele>220.5</ele>
    <time>2026-08-07T08:50:57Z</time>
   </trkpt>
   <trkpt lat="45.7608990" lon="4.7731960">
    <ele>220.5</ele>
    <time>2026-08-07T08:50:58Z</time>
   </trkpt>
   <trkpt lat="45.7608670" lon="4.7732030">
    <ele>220.5</ele>
    <time>2026-08-07T08:50:59Z</time>
   </trkpt>
   <trkpt lat="45.7608390" lon="4.7732060">
    <ele>220.5</ele>
    <time>2026-08-07T08:51:00Z</time>
   </trkpt>
   <trkpt lat="45.7608130" lon="4.7732140">
    <ele>220.5</ele>
    <time>2026-08-07T08:51:01Z</time>
   </trkpt>
   <trkpt lat="45.7607870" lon="4.7732080">
    <ele>220.5</ele>
    <time>2026-08-07T08:51:02Z</time>
   </trkpt>
   <trkpt lat="45.7607570" lon="4.7732140">
    <ele>220.5</ele>
    <time>2026-08-07T08:51:03Z</time>
   </trkpt>
   <trkpt lat="45.7607270" lon="4.7732170">
    <ele>220.5</ele>
    <time>2026-08-07T08:51:04Z</time>
   </trkpt>
   <trkpt lat="45.7606980" lon="4.7732280">
    <ele>220.5</ele>
    <time>2026-08-07T08:51:05Z</time>
   </trkpt>
   <trkpt lat="45.7606740" lon="4.7732360">
    <ele>220.5</ele>
    <time>2026-08-07T08:51:06Z</time>
   </trkpt>
   <trkpt lat="45.7606440" lon="4.7732460">
    <ele>220.5</ele>
    <time>2026-08-07T08:51:07Z</time>
   </trkpt>
   <trkpt lat="45.7606170" lon="4.7732540">
    <ele>220.4</ele>
    <time>2026-08-07T08:51:08Z</time>
   </trkpt>
   <trkpt lat="45.7605880" lon="4.7732650">
    <ele>220.4</ele>
    <time>2026-08-07T08:51:09Z</time>
   </trkpt>
   <trkpt lat="45.7605600" lon="4.7732850">
    <ele>220.4</ele>
    <time>2026-08-07T08:51:10Z</time>
   </trkpt>
   <trkpt lat="45.7605310" lon="4.7732890">
    <ele>220.4</ele>
    <time>2026-08-07T08:51:11Z</time>
   </trkpt>
   <trkpt lat="45.7605020" lon="4.7732730">
    <ele>220.4</ele>
    <time>2026-08-07T08:51:12Z</time>
   </trkpt>
   <trkpt lat="45.7604800" lon="4.7732590">
    <ele>220.4</ele>
    <time>2026-08-07T08:51:13Z</time>
   </trkpt>
   <trkpt lat="45.7604560" lon="4.7732550">
    <ele>220.4</ele>
    <time>2026-08-07T08:51:14Z</time>
   </trkpt>
   <trkpt lat="45.7604270" lon="4.7732540">
    <ele>220.4</ele>
    <time>2026-08-07T08:51:15Z</time>
   </trkpt>
   <trkpt lat="45.7604060" lon="4.7732240">
    <ele>220.4</ele>
    <time>2026-08-07T08:51:16Z</time>
   </trkpt>
   <trkpt lat="45.7603970" lon="4.7731960">
    <ele>220.5</ele>
    <time>2026-08-07T08:51:17Z</time>
   </trkpt>
   <trkpt lat="45.7604010" lon="4.7731330">
    <ele>220.5</ele>
    <time>2026-08-07T08:51:18Z</time>
   </trkpt>
   <trkpt lat="45.7604070" lon="4.7730970">
    <ele>220.5</ele>
    <time>2026-08-07T08:51:19Z</time>
   </trkpt>
   <trkpt lat="45.7604030" lon="4.7730710">
    <ele>220.4</ele>
    <time>2026-08-07T08:51:20Z</time>
   </trkpt>
   <trkpt lat="45.7603960" lon="4.7730300">
    <ele>220.4</ele>
    <time>2026-08-07T08:51:21Z</time>
   </trkpt>
   <trkpt lat="45.7603880" lon="4.7729930">
    <ele>220.4</ele>
    <time>2026-08-07T08:51:22Z</time>
   </trkpt>
   <trkpt lat="45.7603870" lon="4.7729550">
    <ele>220.4</ele>
    <time>2026-08-07T08:51:23Z</time>
   </trkpt>
   <trkpt lat="45.7603850" lon="4.7729150">
    <ele>220.4</ele>
    <time>2026-08-07T08:51:24Z</time>
   </trkpt>
   <trkpt lat="45.7603920" lon="4.7728820">
    <ele>220.4</ele>
    <time>2026-08-07T08:51:25Z</time>
   </trkpt>
   <trkpt lat="45.7603970" lon="4.7728410">
    <ele>220.4</ele>
    <time>2026-08-07T08:51:26Z</time>
   </trkpt>
   <trkpt lat="45.7603990" lon="4.7728000">
    <ele>220.4</ele>
    <time>2026-08-07T08:51:27Z</time>
   </trkpt>
   <trkpt lat="45.7604000" lon="4.7727600">
    <ele>220.4</ele>
    <time>2026-08-07T08:51:28Z</time>
   </trkpt>
   <trkpt lat="45.7604010" lon="4.7727230">
    <ele>220.4</ele>
    <time>2026-08-07T08:51:29Z</time>
   </trkpt>
   <trkpt lat="45.7604000" lon="4.7726820">
    <ele>220.4</ele>
    <time>2026-08-07T08:51:30Z</time>
   </trkpt>
   <trkpt lat="45.7603920" lon="4.7726400">
    <ele>220.3</ele>
    <time>2026-08-07T08:51:31Z</time>
   </trkpt>
   <trkpt lat="45.7603930" lon="4.7726040">
    <ele>220.3</ele>
    <time>2026-08-07T08:51:32Z</time>
   </trkpt>
   <trkpt lat="45.7603960" lon="4.7725650">
    <ele>220.3</ele>
    <time>2026-08-07T08:51:33Z</time>
   </trkpt>
   <trkpt lat="45.7603940" lon="4.7725310">
    <ele>220.3</ele>
    <time>2026-08-07T08:51:34Z</time>
   </trkpt>
   <trkpt lat="45.7603890" lon="4.7724920">
    <ele>220.3</ele>
    <time>2026-08-07T08:51:35Z</time>
   </trkpt>
   <trkpt lat="45.7603800" lon="4.7724430">
    <ele>220.3</ele>
    <time>2026-08-07T08:51:36Z</time>
   </trkpt>
   <trkpt lat="45.7603810" lon="4.7724020">
    <ele>220.3</ele>
    <time>2026-08-07T08:51:37Z</time>
   </trkpt>
   <trkpt lat="45.7603940" lon="4.7723740">
    <ele>220.3</ele>
    <time>2026-08-07T08:51:38Z</time>
   </trkpt>
   <trkpt lat="45.7603960" lon="4.7723380">
    <ele>220.3</ele>
    <time>2026-08-07T08:51:39Z</time>
   </trkpt>
   <trkpt lat="45.7603940" lon="4.7722950">
    <ele>220.2</ele>
    <time>2026-08-07T08:51:40Z</time>
   </trkpt>
   <trkpt lat="45.7603930" lon="4.7722560">
    <ele>220.2</ele>
    <time>2026-08-07T08:51:41Z</time>
   </trkpt>
   <trkpt lat="45.7603880" lon="4.7722070">
    <ele>220.2</ele>
    <time>2026-08-07T08:51:42Z</time>
   </trkpt>
   <trkpt lat="45.7603820" lon="4.7721610">
    <ele>220.2</ele>
    <time>2026-08-07T08:51:43Z</time>
   </trkpt>
   <trkpt lat="45.7603790" lon="4.7721270">
    <ele>220.2</ele>
    <time>2026-08-07T08:51:44Z</time>
   </trkpt>
   <trkpt lat="45.7603770" lon="4.7720900">
    <ele>220.1</ele>
    <time>2026-08-07T08:51:45Z</time>
   </trkpt>
   <trkpt lat="45.7603830" lon="4.7720440">
    <ele>220.1</ele>
    <time>2026-08-07T08:51:46Z</time>
   </trkpt>
   <trkpt lat="45.7603880" lon="4.7720080">
    <ele>220.1</ele>
    <time>2026-08-07T08:51:47Z</time>
   </trkpt>
   <trkpt lat="45.7603900" lon="4.7719760">
    <ele>220.1</ele>
    <time>2026-08-07T08:51:48Z</time>
   </trkpt>
   <trkpt lat="45.7603910" lon="4.7719320">
    <ele>220.1</ele>
    <time>2026-08-07T08:51:49Z</time>
   </trkpt>
   <trkpt lat="45.7603930" lon="4.7718890">
    <ele>220.0</ele>
    <time>2026-08-07T08:51:50Z</time>
   </trkpt>
   <trkpt lat="45.7603900" lon="4.7718450">
    <ele>220.0</ele>
    <time>2026-08-07T08:51:51Z</time>
   </trkpt>
   <trkpt lat="45.7603950" lon="4.7717940">
    <ele>220.0</ele>
    <time>2026-08-07T08:51:52Z</time>
   </trkpt>
   <trkpt lat="45.7603960" lon="4.7717670">
    <ele>220.0</ele>
    <time>2026-08-07T08:51:53Z</time>
   </trkpt>
   <trkpt lat="45.7603940" lon="4.7717280">
    <ele>219.9</ele>
    <time>2026-08-07T08:51:54Z</time>
   </trkpt>
   <trkpt lat="45.7603930" lon="4.7716940">
    <ele>219.9</ele>
    <time>2026-08-07T08:51:55Z</time>
   </trkpt>
   <trkpt lat="45.7603930" lon="4.7716550">
    <ele>219.9</ele>
    <time>2026-08-07T08:51:56Z</time>
   </trkpt>
   <trkpt lat="45.7603930" lon="4.7716040">
    <ele>219.9</ele>
    <time>2026-08-07T08:51:57Z</time>
   </trkpt>
   <trkpt lat="45.7603960" lon="4.7715640">
    <ele>219.9</ele>
    <time>2026-08-07T08:51:58Z</time>
   </trkpt>
   <trkpt lat="45.7603960" lon="4.7715270">
    <ele>219.9</ele>
    <time>2026-08-07T08:51:59Z</time>
   </trkpt>
   <trkpt lat="45.7604060" lon="4.7714930">
    <ele>219.8</ele>
    <time>2026-08-07T08:52:00Z</time>
   </trkpt>
   <trkpt lat="45.7604060" lon="4.7714480">
    <ele>219.8</ele>
    <time>2026-08-07T08:52:01Z</time>
   </trkpt>
   <trkpt lat="45.7603980" lon="4.7714050">
    <ele>219.8</ele>
    <time>2026-08-07T08:52:02Z</time>
   </trkpt>
   <trkpt lat="45.7603950" lon="4.7713740">
    <ele>219.8</ele>
    <time>2026-08-07T08:52:03Z</time>
   </trkpt>
   <trkpt lat="45.7603990" lon="4.7713350">
    <ele>219.8</ele>
    <time>2026-08-07T08:52:04Z</time>
   </trkpt>
   <trkpt lat="45.7604120" lon="4.7713040">
    <ele>219.8</ele>
    <time>2026-08-07T08:52:05Z</time>
   </trkpt>
   <trkpt lat="45.7604180" lon="4.7712640">
    <ele>219.8</ele>
    <time>2026-08-07T08:52:06Z</time>
   </trkpt>
   <trkpt lat="45.7604150" lon="4.7712210">
    <ele>219.7</ele>
    <time>2026-08-07T08:52:07Z</time>
   </trkpt>
   <trkpt lat="45.7604120" lon="4.7711790">
    <ele>219.7</ele>
    <time>2026-08-07T08:52:08Z</time>
   </trkpt>
   <trkpt lat="45.7604140" lon="4.7711370">
    <ele>219.7</ele>
    <time>2026-08-07T08:52:09Z</time>
   </trkpt>
   <trkpt lat="45.7604160" lon="4.7710930">
    <ele>219.7</ele>
    <time>2026-08-07T08:52:10Z</time>
   </trkpt>
   <trkpt lat="45.7604190" lon="4.7710570">
    <ele>219.7</ele>
    <time>2026-08-07T08:52:11Z</time>
   </trkpt>
   <trkpt lat="45.7604260" lon="4.7710130">
    <ele>219.6</ele>
    <time>2026-08-07T08:52:12Z</time>
   </trkpt>
   <trkpt lat="45.7604180" lon="4.7709720">
    <ele>219.6</ele>
    <time>2026-08-07T08:52:13Z</time>
   </trkpt>
   <trkpt lat="45.7604210" lon="4.7709260">
    <ele>219.6</ele>
    <time>2026-08-07T08:52:14Z</time>
   </trkpt>
   <trkpt lat="45.7604190" lon="4.7708820">
    <ele>219.6</ele>
    <time>2026-08-07T08:52:15Z</time>
   </trkpt>
   <trkpt lat="45.7604130" lon="4.7708400">
    <ele>219.6</ele>
    <time>2026-08-07T08:52:16Z</time>
   </trkpt>
   <trkpt lat="45.7604110" lon="4.7707960">
    <ele>219.6</ele>
    <time>2026-08-07T08:52:17Z</time>
   </trkpt>
   <trkpt lat="45.7604130" lon="4.7707640">
    <ele>219.6</ele>
    <time>2026-08-07T08:52:18Z</time>
   </trkpt>
   <trkpt lat="45.7604180" lon="4.7707260">
    <ele>219.6</ele>
    <time>2026-08-07T08:52:19Z</time>
   </trkpt>
   <trkpt lat="45.7604140" lon="4.7706860">
    <ele>219.6</ele>
    <time>2026-08-07T08:52:20Z</time>
   </trkpt>
   <trkpt lat="45.7604160" lon="4.7706450">
    <ele>219.6</ele>
    <time>2026-08-07T08:52:21Z</time>
   </trkpt>
   <trkpt lat="45.7604210" lon="4.7705940">
    <ele>219.5</ele>
    <time>2026-08-07T08:52:22Z</time>
   </trkpt>
   <trkpt lat="45.7604260" lon="4.7705550">
    <ele>219.5</ele>
    <time>2026-08-07T08:52:23Z</time>
   </trkpt>
   <trkpt lat="45.7604270" lon="4.7705180">
    <ele>219.5</ele>
    <time>2026-08-07T08:52:24Z</time>
   </trkpt>
   <trkpt lat="45.7604210" lon="4.7704760">
    <ele>219.5</ele>
    <time>2026-08-07T08:52:25Z</time>
   </trkpt>
   <trkpt lat="45.7604150" lon="4.7704290">
    <ele>219.5</ele>
    <time>2026-08-07T08:52:26Z</time>
   </trkpt>
   <trkpt lat="45.7604200" lon="4.7703960">
    <ele>219.5</ele>
    <time>2026-08-07T08:52:27Z</time>
   </trkpt>
   <trkpt lat="45.7604250" lon="4.7703610">
    <ele>219.6</ele>
    <time>2026-08-07T08:52:28Z</time>
   </trkpt>
   <trkpt lat="45.7604270" lon="4.7703170">
    <ele>219.6</ele>
    <time>2026-08-07T08:52:29Z</time>
   </trkpt>
   <trkpt lat="45.7604280" lon="4.7702720">
    <ele>219.6</ele>
    <time>2026-08-07T08:52:30Z</time>
   </trkpt>
   <trkpt lat="45.7604230" lon="4.7702240">
    <ele>219.6</ele>
    <time>2026-08-07T08:52:31Z</time>
   </trkpt>
   <trkpt lat="45.7604200" lon="4.7701860">
    <ele>219.6</ele>
    <time>2026-08-07T08:52:32Z</time>
   </trkpt>
   <trkpt lat="45.7604170" lon="4.7701480">
    <ele>219.6</ele>
    <time>2026-08-07T08:52:33Z</time>
   </trkpt>
   <trkpt lat="45.7604160" lon="4.7701120">
    <ele>219.6</ele>
    <time>2026-08-07T08:52:34Z</time>
   </trkpt>
   <trkpt lat="45.7604230" lon="4.7700650">
    <ele>219.6</ele>
    <time>2026-08-07T08:52:35Z</time>
   </trkpt>
   <trkpt lat="45.7604230" lon="4.7700260">
    <ele>219.6</ele>
    <time>2026-08-07T08:52:36Z</time>
   </trkpt>
   <trkpt lat="45.7604150" lon="4.7699860">
    <ele>219.6</ele>
    <time>2026-08-07T08:52:37Z</time>
   </trkpt>
   <trkpt lat="45.7604140" lon="4.7699450">
    <ele>219.6</ele>
    <time>2026-08-07T08:52:38Z</time>
   </trkpt>
   <trkpt lat="45.7604170" lon="4.7699010">
    <ele>219.6</ele>
    <time>2026-08-07T08:52:39Z</time>
   </trkpt>
   <trkpt lat="45.7604250" lon="4.7698540">
    <ele>219.6</ele>
    <time>2026-08-07T08:52:40Z</time>
   </trkpt>
   <trkpt lat="45.7604300" lon="4.7698140">
    <ele>219.6</ele>
    <time>2026-08-07T08:52:41Z</time>
   </trkpt>
   <trkpt lat="45.7604320" lon="4.7697840">
    <ele>219.6</ele>
    <time>2026-08-07T08:52:42Z</time>
   </trkpt>
   <trkpt lat="45.7604440" lon="4.7697450">
    <ele>219.6</ele>
    <time>2026-08-07T08:52:43Z</time>
   </trkpt>
   <trkpt lat="45.7604510" lon="4.7697010">
    <ele>219.7</ele>
    <time>2026-08-07T08:52:44Z</time>
   </trkpt>
   <trkpt lat="45.7604530" lon="4.7696600">
    <ele>219.7</ele>
    <time>2026-08-07T08:52:45Z</time>
   </trkpt>
   <trkpt lat="45.7604570" lon="4.7696290">
    <ele>219.7</ele>
    <time>2026-08-07T08:52:46Z</time>
   </trkpt>
   <trkpt lat="45.7604660" lon="4.7695870">
    <ele>219.7</ele>
    <time>2026-08-07T08:52:47Z</time>
   </trkpt>
   <trkpt lat="45.7604770" lon="4.7695480">
    <ele>219.7</ele>
    <time>2026-08-07T08:52:48Z</time>
   </trkpt>
   <trkpt lat="45.7604800" lon="4.7695090">
    <ele>219.7</ele>
    <time>2026-08-07T08:52:49Z</time>
   </trkpt>
   <trkpt lat="45.7604960" lon="4.7694820">
    <ele>219.7</ele>
    <time>2026-08-07T08:52:50Z</time>
   </trkpt>
   <trkpt lat="45.7604970" lon="4.7694460">
    <ele>219.8</ele>
    <time>2026-08-07T08:52:51Z</time>
   </trkpt>
   <trkpt lat="45.7605110" lon="4.7694110">
    <ele>219.8</ele>
    <time>2026-08-07T08:52:52Z</time>
   </trkpt>
   <trkpt lat="45.7605190" lon="4.7693840">
    <ele>219.8</ele>
    <time>2026-08-07T08:52:53Z</time>
   </trkpt>
   <trkpt lat="45.7605240" lon="4.7693470">
    <ele>219.8</ele>
    <time>2026-08-07T08:52:54Z</time>
   </trkpt>
   <trkpt lat="45.7605330" lon="4.7693170">
    <ele>219.8</ele>
    <time>2026-08-07T08:52:55Z</time>
   </trkpt>
   <trkpt lat="45.7605390" lon="4.7692760">
    <ele>219.8</ele>
    <time>2026-08-07T08:52:56Z</time>
   </trkpt>
   <trkpt lat="45.7605490" lon="4.7692350">
    <ele>219.8</ele>
    <time>2026-08-07T08:52:57Z</time>
   </trkpt>
   <trkpt lat="45.7605550" lon="4.7692030">
    <ele>219.8</ele>
    <time>2026-08-07T08:52:58Z</time>
   </trkpt>
   <trkpt lat="45.7605580" lon="4.7691670">
    <ele>219.8</ele>
    <time>2026-08-07T08:52:59Z</time>
   </trkpt>
   <trkpt lat="45.7605640" lon="4.7691340">
    <ele>219.9</ele>
    <time>2026-08-07T08:53:00Z</time>
   </trkpt>
   <trkpt lat="45.7605680" lon="4.7690960">
    <ele>219.9</ele>
    <time>2026-08-07T08:53:01Z</time>
   </trkpt>
   <trkpt lat="45.7605720" lon="4.7690560">
    <ele>220.0</ele>
    <time>2026-08-07T08:53:02Z</time>
   </trkpt>
   <trkpt lat="45.7605790" lon="4.7690220">
    <ele>220.0</ele>
    <time>2026-08-07T08:53:03Z</time>
   </trkpt>
   <trkpt lat="45.7605750" lon="4.7689830">
    <ele>220.1</ele>
    <time>2026-08-07T08:53:04Z</time>
   </trkpt>
   <trkpt lat="45.7605840" lon="4.7689580">
    <ele>220.1</ele>
    <time>2026-08-07T08:53:05Z</time>
   </trkpt>
   <trkpt lat="45.7605860" lon="4.7689230">
    <ele>220.2</ele>
    <time>2026-08-07T08:53:06Z</time>
   </trkpt>
   <trkpt lat="45.7605890" lon="4.7688860">
    <ele>220.2</ele>
    <time>2026-08-07T08:53:07Z</time>
   </trkpt>
   <trkpt lat="45.7605960" lon="4.7688480">
    <ele>220.3</ele>
    <time>2026-08-07T08:53:08Z</time>
   </trkpt>
   <trkpt lat="45.7605990" lon="4.7688150">
    <ele>220.3</ele>
    <time>2026-08-07T08:53:09Z</time>
   </trkpt>
   <trkpt lat="45.7606090" lon="4.7687820">
    <ele>220.4</ele>
    <time>2026-08-07T08:53:10Z</time>
   </trkpt>
   <trkpt lat="45.7606170" lon="4.7687440">
    <ele>220.4</ele>
    <time>2026-08-07T08:53:11Z</time>
   </trkpt>
   <trkpt lat="45.7606210" lon="4.7687050">
    <ele>220.5</ele>
    <time>2026-08-07T08:53:12Z</time>
   </trkpt>
   <trkpt lat="45.7606220" lon="4.7686630">
    <ele>220.6</ele>
    <time>2026-08-07T08:53:13Z</time>
   </trkpt>
   <trkpt lat="45.7606240" lon="4.7686320">
    <ele>220.6</ele>
    <time>2026-08-07T08:53:14Z</time>
   </trkpt>
   <trkpt lat="45.7606280" lon="4.7686000">
    <ele>220.7</ele>
    <time>2026-08-07T08:53:15Z</time>
   </trkpt>
   <trkpt lat="45.7606340" lon="4.7685690">
    <ele>220.7</ele>
    <time>2026-08-07T08:53:16Z</time>
   </trkpt>
   <trkpt lat="45.7606400" lon="4.7685300">
    <ele>220.8</ele>
    <time>2026-08-07T08:53:17Z</time>
   </trkpt>
   <trkpt lat="45.7606440" lon="4.7684920">
    <ele>220.8</ele>
    <time>2026-08-07T08:53:18Z</time>
   </trkpt>
   <trkpt lat="45.7606550" lon="4.7684530">
    <ele>220.9</ele>
    <time>2026-08-07T08:53:19Z</time>
   </trkpt>
   <trkpt lat="45.7606620" lon="4.7684140">
    <ele>221.0</ele>
    <time>2026-08-07T08:53:20Z</time>
   </trkpt>
   <trkpt lat="45.7606520" lon="4.7683780">
    <ele>221.0</ele>
    <time>2026-08-07T08:53:21Z</time>
   </trkpt>
   <trkpt lat="45.7606470" lon="4.7683320">
    <ele>221.1</ele>
    <time>2026-08-07T08:53:22Z</time>
   </trkpt>
   <trkpt lat="45.7606510" lon="4.7682960">
    <ele>221.1</ele>
    <time>2026-08-07T08:53:23Z</time>
   </trkpt>
   <trkpt lat="45.7606500" lon="4.7682660">
    <ele>221.2</ele>
    <time>2026-08-07T08:53:24Z</time>
   </trkpt>
   <trkpt lat="45.7606500" lon="4.7682200">
    <ele>221.3</ele>
    <time>2026-08-07T08:53:25Z</time>
   </trkpt>
   <trkpt lat="45.7606480" lon="4.7681850">
    <ele>221.3</ele>
    <time>2026-08-07T08:53:26Z</time>
   </trkpt>
   <trkpt lat="45.7606500" lon="4.7681540">
    <ele>221.3</ele>
    <time>2026-08-07T08:53:27Z</time>
   </trkpt>
   <trkpt lat="45.7606530" lon="4.7681220">
    <ele>221.3</ele>
    <time>2026-08-07T08:53:28Z</time>
   </trkpt>
   <trkpt lat="45.7606510" lon="4.7680810">
    <ele>221.4</ele>
    <time>2026-08-07T08:53:29Z</time>
   </trkpt>
   <trkpt lat="45.7606580" lon="4.7680470">
    <ele>221.5</ele>
    <time>2026-08-07T08:53:30Z</time>
   </trkpt>
   <trkpt lat="45.7606670" lon="4.7680030">
    <ele>221.6</ele>
    <time>2026-08-07T08:53:31Z</time>
   </trkpt>
   <trkpt lat="45.7606700" lon="4.7679580">
    <ele>221.7</ele>
    <time>2026-08-07T08:53:32Z</time>
   </trkpt>
   <trkpt lat="45.7606680" lon="4.7679220">
    <ele>221.8</ele>
    <time>2026-08-07T08:53:33Z</time>
   </trkpt>
   <trkpt lat="45.7606580" lon="4.7678860">
    <ele>221.9</ele>
    <time>2026-08-07T08:53:34Z</time>
   </trkpt>
   <trkpt lat="45.7606570" lon="4.7678490">
    <ele>222.1</ele>
    <time>2026-08-07T08:53:35Z</time>
   </trkpt>
   <trkpt lat="45.7606650" lon="4.7678130">
    <ele>222.2</ele>
    <time>2026-08-07T08:53:36Z</time>
   </trkpt>
   <trkpt lat="45.7606700" lon="4.7677770">
    <ele>222.3</ele>
    <time>2026-08-07T08:53:37Z</time>
   </trkpt>
   <trkpt lat="45.7606730" lon="4.7677380">
    <ele>222.4</ele>
    <time>2026-08-07T08:53:38Z</time>
   </trkpt>
   <trkpt lat="45.7606890" lon="4.7676990">
    <ele>222.5</ele>
    <time>2026-08-07T08:53:39Z</time>
   </trkpt>
   <trkpt lat="45.7606960" lon="4.7676600">
    <ele>222.6</ele>
    <time>2026-08-07T08:53:40Z</time>
   </trkpt>
   <trkpt lat="45.7606970" lon="4.7676220">
    <ele>222.7</ele>
    <time>2026-08-07T08:53:41Z</time>
   </trkpt>
   <trkpt lat="45.7606970" lon="4.7675830">
    <ele>222.8</ele>
    <time>2026-08-07T08:53:42Z</time>
   </trkpt>
   <trkpt lat="45.7607000" lon="4.7675450">
    <ele>223.0</ele>
    <time>2026-08-07T08:53:43Z</time>
   </trkpt>
   <trkpt lat="45.7607080" lon="4.7675070">
    <ele>223.1</ele>
    <time>2026-08-07T08:53:44Z</time>
   </trkpt>
   <trkpt lat="45.7607120" lon="4.7674720">
    <ele>223.2</ele>
    <time>2026-08-07T08:53:45Z</time>
   </trkpt>
   <trkpt lat="45.7607070" lon="4.7674370">
    <ele>223.3</ele>
    <time>2026-08-07T08:53:46Z</time>
   </trkpt>
   <trkpt lat="45.7607100" lon="4.7674020">
    <ele>223.4</ele>
    <time>2026-08-07T08:53:47Z</time>
   </trkpt>
   <trkpt lat="45.7607090" lon="4.7673670">
    <ele>223.6</ele>
    <time>2026-08-07T08:53:48Z</time>
   </trkpt>
   <trkpt lat="45.7607030" lon="4.7673310">
    <ele>223.7</ele>
    <time>2026-08-07T08:53:49Z</time>
   </trkpt>
   <trkpt lat="45.7607080" lon="4.7672960">
    <ele>223.8</ele>
    <time>2026-08-07T08:53:50Z</time>
   </trkpt>
   <trkpt lat="45.7607090" lon="4.7672540">
    <ele>224.0</ele>
    <time>2026-08-07T08:53:51Z</time>
   </trkpt>
   <trkpt lat="45.7607090" lon="4.7672240">
    <ele>224.1</ele>
    <time>2026-08-07T08:53:52Z</time>
   </trkpt>
   <trkpt lat="45.7607110" lon="4.7671890">
    <ele>224.2</ele>
    <time>2026-08-07T08:53:53Z</time>
   </trkpt>
   <trkpt lat="45.7607220" lon="4.7671500">
    <ele>224.4</ele>
    <time>2026-08-07T08:53:54Z</time>
   </trkpt>
   <trkpt lat="45.7607200" lon="4.7671120">
    <ele>224.5</ele>
    <time>2026-08-07T08:53:55Z</time>
   </trkpt>
   <trkpt lat="45.7607180" lon="4.7670750">
    <ele>224.7</ele>
    <time>2026-08-07T08:53:56Z</time>
   </trkpt>
   <trkpt lat="45.7607100" lon="4.7670380">
    <ele>224.8</ele>
    <time>2026-08-07T08:53:57Z</time>
   </trkpt>
   <trkpt lat="45.7607050" lon="4.7670040">
    <ele>224.9</ele>
    <time>2026-08-07T08:53:58Z</time>
   </trkpt>
   <trkpt lat="45.7607110" lon="4.7669670">
    <ele>225.1</ele>
    <time>2026-08-07T08:53:59Z</time>
   </trkpt>
   <trkpt lat="45.7607180" lon="4.7669190">
    <ele>225.3</ele>
    <time>2026-08-07T08:54:00Z</time>
   </trkpt>
   <trkpt lat="45.7607150" lon="4.7668800">
    <ele>225.4</ele>
    <time>2026-08-07T08:54:01Z</time>
   </trkpt>
   <trkpt lat="45.7607260" lon="4.7668530">
    <ele>225.5</ele>
    <time>2026-08-07T08:54:02Z</time>
   </trkpt>
   <trkpt lat="45.7607330" lon="4.7668260">
    <ele>225.6</ele>
    <time>2026-08-07T08:54:03Z</time>
   </trkpt>
   <trkpt lat="45.7607450" lon="4.7667850">
    <ele>225.8</ele>
    <time>2026-08-07T08:54:04Z</time>
   </trkpt>
   <trkpt lat="45.7607510" lon="4.7667430">
    <ele>225.9</ele>
    <time>2026-08-07T08:54:05Z</time>
   </trkpt>
   <trkpt lat="45.7607620" lon="4.7667060">
    <ele>226.0</ele>
    <time>2026-08-07T08:54:06Z</time>
   </trkpt>
   <trkpt lat="45.7607650" lon="4.7666760">
    <ele>226.1</ele>
    <time>2026-08-07T08:54:07Z</time>
   </trkpt>
   <trkpt lat="45.7607680" lon="4.7666410">
    <ele>226.3</ele>
    <time>2026-08-07T08:54:08Z</time>
   </trkpt>
   <trkpt lat="45.7607680" lon="4.7666000">
    <ele>226.4</ele>
    <time>2026-08-07T08:54:09Z</time>
   </trkpt>
   <trkpt lat="45.7607790" lon="4.7665620">
    <ele>226.5</ele>
    <time>2026-08-07T08:54:10Z</time>
   </trkpt>
   <trkpt lat="45.7607840" lon="4.7665250">
    <ele>226.6</ele>
    <time>2026-08-07T08:54:11Z</time>
   </trkpt>
   <trkpt lat="45.7607890" lon="4.7664810">
    <ele>226.8</ele>
    <time>2026-08-07T08:54:12Z</time>
   </trkpt>
   <trkpt lat="45.7607920" lon="4.7664460">
    <ele>226.9</ele>
    <time>2026-08-07T08:54:13Z</time>
   </trkpt>
   <trkpt lat="45.7607950" lon="4.7664130">
    <ele>227.0</ele>
    <time>2026-08-07T08:54:14Z</time>
   </trkpt>
   <trkpt lat="45.7607960" lon="4.7663740">
    <ele>227.1</ele>
    <time>2026-08-07T08:54:15Z</time>
   </trkpt>
   <trkpt lat="45.7608090" lon="4.7663410">
    <ele>227.3</ele>
    <time>2026-08-07T08:54:16Z</time>
   </trkpt>
   <trkpt lat="45.7608150" lon="4.7663100">
    <ele>227.4</ele>
    <time>2026-08-07T08:54:17Z</time>
   </trkpt>
   <trkpt lat="45.7608340" lon="4.7662790">
    <ele>227.5</ele>
    <time>2026-08-07T08:54:18Z</time>
   </trkpt>
   <trkpt lat="45.7608360" lon="4.7662420">
    <ele>227.6</ele>
    <time>2026-08-07T08:54:19Z</time>
   </trkpt>
   <trkpt lat="45.7608310" lon="4.7662040">
    <ele>227.8</ele>
    <time>2026-08-07T08:54:20Z</time>
   </trkpt>
   <trkpt lat="45.7608330" lon="4.7661670">
    <ele>227.9</ele>
    <time>2026-08-07T08:54:21Z</time>
   </trkpt>
   <trkpt lat="45.7608350" lon="4.7661320">
    <ele>228.0</ele>
    <time>2026-08-07T08:54:22Z</time>
   </trkpt>
   <trkpt lat="45.7608370" lon="4.7660960">
    <ele>228.1</ele>
    <time>2026-08-07T08:54:23Z</time>
   </trkpt>
   <trkpt lat="45.7608460" lon="4.7660630">
    <ele>228.3</ele>
    <time>2026-08-07T08:54:24Z</time>
   </trkpt>
   <trkpt lat="45.7608510" lon="4.7660240">
    <ele>228.4</ele>
    <time>2026-08-07T08:54:25Z</time>
   </trkpt>
   <trkpt lat="45.7608620" lon="4.7659940">
    <ele>228.5</ele>
    <time>2026-08-07T08:54:26Z</time>
   </trkpt>
   <trkpt lat="45.7608720" lon="4.7659670">
    <ele>228.6</ele>
    <time>2026-08-07T08:54:27Z</time>
   </trkpt>
   <trkpt lat="45.7608860" lon="4.7659320">
    <ele>228.8</ele>
    <time>2026-08-07T08:54:28Z</time>
   </trkpt>
   <trkpt lat="45.7608930" lon="4.7658950">
    <ele>228.9</ele>
    <time>2026-08-07T08:54:29Z</time>
   </trkpt>
   <trkpt lat="45.7609000" lon="4.7658600">
    <ele>229.0</ele>
    <time>2026-08-07T08:54:30Z</time>
   </trkpt>
   <trkpt lat="45.7609110" lon="4.7658250">
    <ele>229.1</ele>
    <time>2026-08-07T08:54:31Z</time>
   </trkpt>
   <trkpt lat="45.7609110" lon="4.7657850">
    <ele>229.2</ele>
    <time>2026-08-07T08:54:32Z</time>
   </trkpt>
   <trkpt lat="45.7609090" lon="4.7657510">
    <ele>229.3</ele>
    <time>2026-08-07T08:54:33Z</time>
   </trkpt>
   <trkpt lat="45.7609140" lon="4.7657170">
    <ele>229.4</ele>
    <time>2026-08-07T08:54:34Z</time>
   </trkpt>
   <trkpt lat="45.7609110" lon="4.7656790">
    <ele>229.5</ele>
    <time>2026-08-07T08:54:35Z</time>
   </trkpt>
   <trkpt lat="45.7609160" lon="4.7656390">
    <ele>229.6</ele>
    <time>2026-08-07T08:54:36Z</time>
   </trkpt>
   <trkpt lat="45.7609260" lon="4.7656060">
    <ele>229.7</ele>
    <time>2026-08-07T08:54:37Z</time>
   </trkpt>
   <trkpt lat="45.7609280" lon="4.7655680">
    <ele>229.8</ele>
    <time>2026-08-07T08:54:38Z</time>
   </trkpt>
   <trkpt lat="45.7609280" lon="4.7655300">
    <ele>229.8</ele>
    <time>2026-08-07T08:54:39Z</time>
   </trkpt>
   <trkpt lat="45.7609270" lon="4.7654930">
    <ele>229.9</ele>
    <time>2026-08-07T08:54:40Z</time>
   </trkpt>
   <trkpt lat="45.7609320" lon="4.7654580">
    <ele>230.0</ele>
    <time>2026-08-07T08:54:41Z</time>
   </trkpt>
   <trkpt lat="45.7609360" lon="4.7654230">
    <ele>230.0</ele>
    <time>2026-08-07T08:54:42Z</time>
   </trkpt>
   <trkpt lat="45.7609420" lon="4.7653840">
    <ele>230.1</ele>
    <time>2026-08-07T08:54:43Z</time>
   </trkpt>
   <trkpt lat="45.7609420" lon="4.7653500">
    <ele>230.2</ele>
    <time>2026-08-07T08:54:44Z</time>
   </trkpt>
   <trkpt lat="45.7609480" lon="4.7653090">
    <ele>230.3</ele>
    <time>2026-08-07T08:54:45Z</time>
   </trkpt>
   <trkpt lat="45.7609490" lon="4.7652670">
    <ele>230.4</ele>
    <time>2026-08-07T08:54:46Z</time>
   </trkpt>
   <trkpt lat="45.7609450" lon="4.7652260">
    <ele>230.4</ele>
    <time>2026-08-07T08:54:47Z</time>
   </trkpt>
   <trkpt lat="45.7609410" lon="4.7651840">
    <ele>230.5</ele>
    <time>2026-08-07T08:54:48Z</time>
   </trkpt>
   <trkpt lat="45.7609480" lon="4.7651540">
    <ele>230.6</ele>
    <time>2026-08-07T08:54:49Z</time>
   </trkpt>
   <trkpt lat="45.7609470" lon="4.7651210">
    <ele>230.6</ele>
    <time>2026-08-07T08:54:50Z</time>
   </trkpt>
   <trkpt lat="45.7609450" lon="4.7650790">
    <ele>230.7</ele>
    <time>2026-08-07T08:54:51Z</time>
   </trkpt>
   <trkpt lat="45.7609470" lon="4.7650430">
    <ele>230.8</ele>
    <time>2026-08-07T08:54:52Z</time>
   </trkpt>
   <trkpt lat="45.7609480" lon="4.7649990">
    <ele>230.8</ele>
    <time>2026-08-07T08:54:53Z</time>
   </trkpt>
   <trkpt lat="45.7609510" lon="4.7649610">
    <ele>230.9</ele>
    <time>2026-08-07T08:54:54Z</time>
   </trkpt>
   <trkpt lat="45.7609510" lon="4.7649260">
    <ele>231.0</ele>
    <time>2026-08-07T08:54:55Z</time>
   </trkpt>
   <trkpt lat="45.7609510" lon="4.7648910">
    <ele>231.0</ele>
    <time>2026-08-07T08:54:56Z</time>
   </trkpt>
   <trkpt lat="45.7609470" lon="4.7648490">
    <ele>231.1</ele>
    <time>2026-08-07T08:54:57Z</time>
   </trkpt>
   <trkpt lat="45.7609470" lon="4.7648080">
    <ele>231.1</ele>
    <time>2026-08-07T08:54:58Z</time>
   </trkpt>
   <trkpt lat="45.7609510" lon="4.7647700">
    <ele>231.2</ele>
    <time>2026-08-07T08:54:59Z</time>
   </trkpt>
   <trkpt lat="45.7609390" lon="4.7647270">
    <ele>231.3</ele>
    <time>2026-08-07T08:55:00Z</time>
   </trkpt>
   <trkpt lat="45.7609390" lon="4.7646910">
    <ele>231.3</ele>
    <time>2026-08-07T08:55:01Z</time>
   </trkpt>
   <trkpt lat="45.7609380" lon="4.7646490">
    <ele>231.4</ele>
    <time>2026-08-07T08:55:02Z</time>
   </trkpt>
   <trkpt lat="45.7609450" lon="4.7646110">
    <ele>231.4</ele>
    <time>2026-08-07T08:55:03Z</time>
   </trkpt>
   <trkpt lat="45.7609480" lon="4.7645700">
    <ele>231.5</ele>
    <time>2026-08-07T08:55:04Z</time>
   </trkpt>
   <trkpt lat="45.7609590" lon="4.7645330">
    <ele>231.5</ele>
    <time>2026-08-07T08:55:05Z</time>
   </trkpt>
   <trkpt lat="45.7609610" lon="4.7644930">
    <ele>231.6</ele>
    <time>2026-08-07T08:55:06Z</time>
   </trkpt>
   <trkpt lat="45.7609540" lon="4.7644470">
    <ele>231.6</ele>
    <time>2026-08-07T08:55:07Z</time>
   </trkpt>
   <trkpt lat="45.7609550" lon="4.7644040">
    <ele>231.7</ele>
    <time>2026-08-07T08:55:08Z</time>
   </trkpt>
   <trkpt lat="45.7609590" lon="4.7643690">
    <ele>231.7</ele>
    <time>2026-08-07T08:55:09Z</time>
   </trkpt>
   <trkpt lat="45.7609430" lon="4.7643290">
    <ele>231.7</ele>
    <time>2026-08-07T08:55:10Z</time>
   </trkpt>
   <trkpt lat="45.7609510" lon="4.7642860">
    <ele>231.8</ele>
    <time>2026-08-07T08:55:11Z</time>
   </trkpt>
   <trkpt lat="45.7609560" lon="4.7642470">
    <ele>231.8</ele>
    <time>2026-08-07T08:55:12Z</time>
   </trkpt>
   <trkpt lat="45.7609590" lon="4.7642060">
    <ele>231.9</ele>
    <time>2026-08-07T08:55:13Z</time>
   </trkpt>
   <trkpt lat="45.7609640" lon="4.7641660">
    <ele>231.9</ele>
    <time>2026-08-07T08:55:14Z</time>
   </trkpt>
   <trkpt lat="45.7609660" lon="4.7641260">
    <ele>231.9</ele>
    <time>2026-08-07T08:55:15Z</time>
   </trkpt>
   <trkpt lat="45.7609740" lon="4.7640830">
    <ele>232.0</ele>
    <time>2026-08-07T08:55:16Z</time>
   </trkpt>
   <trkpt lat="45.7609770" lon="4.7640420">
    <ele>232.0</ele>
    <time>2026-08-07T08:55:17Z</time>
   </trkpt>
   <trkpt lat="45.7609820" lon="4.7640030">
    <ele>232.1</ele>
    <time>2026-08-07T08:55:18Z</time>
   </trkpt>
   <trkpt lat="45.7609870" lon="4.7639620">
    <ele>232.1</ele>
    <time>2026-08-07T08:55:19Z</time>
   </trkpt>
   <trkpt lat="45.7609920" lon="4.7639290">
    <ele>232.2</ele>
    <time>2026-08-07T08:55:20Z</time>
   </trkpt>
   <trkpt lat="45.7609920" lon="4.7638910">
    <ele>232.2</ele>
    <time>2026-08-07T08:55:21Z</time>
   </trkpt>
   <trkpt lat="45.7609940" lon="4.7638510">
    <ele>232.3</ele>
    <time>2026-08-07T08:55:22Z</time>
   </trkpt>
   <trkpt lat="45.7609920" lon="4.7638150">
    <ele>232.3</ele>
    <time>2026-08-07T08:55:23Z</time>
   </trkpt>
   <trkpt lat="45.7609960" lon="4.7637810">
    <ele>232.3</ele>
    <time>2026-08-07T08:55:24Z</time>
   </trkpt>
   <trkpt lat="45.7609980" lon="4.7637460">
    <ele>232.4</ele>
    <time>2026-08-07T08:55:25Z</time>
   </trkpt>
   <trkpt lat="45.7610050" lon="4.7637010">
    <ele>232.4</ele>
    <time>2026-08-07T08:55:26Z</time>
   </trkpt>
   <trkpt lat="45.7610070" lon="4.7636680">
    <ele>232.4</ele>
    <time>2026-08-07T08:55:27Z</time>
   </trkpt>
   <trkpt lat="45.7610060" lon="4.7636300">
    <ele>232.5</ele>
    <time>2026-08-07T08:55:28Z</time>
   </trkpt>
   <trkpt lat="45.7610060" lon="4.7635910">
    <ele>232.5</ele>
    <time>2026-08-07T08:55:29Z</time>
   </trkpt>
   <trkpt lat="45.7610050" lon="4.7635530">
    <ele>232.5</ele>
    <time>2026-08-07T08:55:30Z</time>
   </trkpt>
   <trkpt lat="45.7610150" lon="4.7635160">
    <ele>232.5</ele>
    <time>2026-08-07T08:55:31Z</time>
   </trkpt>
   <trkpt lat="45.7610270" lon="4.7634820">
    <ele>232.5</ele>
    <time>2026-08-07T08:55:32Z</time>
   </trkpt>
   <trkpt lat="45.7610290" lon="4.7634460">
    <ele>232.6</ele>
    <time>2026-08-07T08:55:33Z</time>
   </trkpt>
   <trkpt lat="45.7610310" lon="4.7634020">
    <ele>232.6</ele>
    <time>2026-08-07T08:55:34Z</time>
   </trkpt>
   <trkpt lat="45.7610330" lon="4.7633620">
    <ele>232.6</ele>
    <time>2026-08-07T08:55:35Z</time>
   </trkpt>
   <trkpt lat="45.7610360" lon="4.7633270">
    <ele>232.6</ele>
    <time>2026-08-07T08:55:36Z</time>
   </trkpt>
   <trkpt lat="45.7610380" lon="4.7632870">
    <ele>232.6</ele>
    <time>2026-08-07T08:55:37Z</time>
   </trkpt>
   <trkpt lat="45.7610390" lon="4.7632420">
    <ele>232.6</ele>
    <time>2026-08-07T08:55:38Z</time>
   </trkpt>
   <trkpt lat="45.7610440" lon="4.7631970">
    <ele>232.7</ele>
    <time>2026-08-07T08:55:39Z</time>
   </trkpt>
   <trkpt lat="45.7610370" lon="4.7631600">
    <ele>232.7</ele>
    <time>2026-08-07T08:55:40Z</time>
   </trkpt>
   <trkpt lat="45.7610350" lon="4.7631260">
    <ele>232.7</ele>
    <time>2026-08-07T08:55:41Z</time>
   </trkpt>
   <trkpt lat="45.7610350" lon="4.7630830">
    <ele>232.7</ele>
    <time>2026-08-07T08:55:42Z</time>
   </trkpt>
   <trkpt lat="45.7610340" lon="4.7630340">
    <ele>232.7</ele>
    <time>2026-08-07T08:55:43Z</time>
   </trkpt>
   <trkpt lat="45.7610400" lon="4.7629970">
    <ele>232.8</ele>
    <time>2026-08-07T08:55:44Z</time>
   </trkpt>
   <trkpt lat="45.7610460" lon="4.7629540">
    <ele>232.8</ele>
    <time>2026-08-07T08:55:45Z</time>
   </trkpt>
   <trkpt lat="45.7610470" lon="4.7629080">
    <ele>232.8</ele>
    <time>2026-08-07T08:55:46Z</time>
   </trkpt>
   <trkpt lat="45.7610500" lon="4.7628650">
    <ele>232.9</ele>
    <time>2026-08-07T08:55:47Z</time>
   </trkpt>
   <trkpt lat="45.7610490" lon="4.7628300">
    <ele>232.9</ele>
    <time>2026-08-07T08:55:48Z</time>
   </trkpt>
   <trkpt lat="45.7610470" lon="4.7627940">
    <ele>232.9</ele>
    <time>2026-08-07T08:55:49Z</time>
   </trkpt>
   <trkpt lat="45.7610490" lon="4.7627480">
    <ele>232.9</ele>
    <time>2026-08-07T08:55:50Z</time>
   </trkpt>
   <trkpt lat="45.7610530" lon="4.7627120">
    <ele>233.0</ele>
    <time>2026-08-07T08:55:51Z</time>
   </trkpt>
   <trkpt lat="45.7610570" lon="4.7626730">
    <ele>233.0</ele>
    <time>2026-08-07T08:55:52Z</time>
   </trkpt>
   <trkpt lat="45.7610580" lon="4.7626380">
    <ele>233.0</ele>
    <time>2026-08-07T08:55:53Z</time>
   </trkpt>
   <trkpt lat="45.7610560" lon="4.7625980">
    <ele>233.1</ele>
    <time>2026-08-07T08:55:54Z</time>
   </trkpt>
   <trkpt lat="45.7610580" lon="4.7625530">
    <ele>233.1</ele>
    <time>2026-08-07T08:55:55Z</time>
   </trkpt>
   <trkpt lat="45.7610570" lon="4.7625140">
    <ele>233.1</ele>
    <time>2026-08-07T08:55:56Z</time>
   </trkpt>
   <trkpt lat="45.7610530" lon="4.7624820">
    <ele>233.1</ele>
    <time>2026-08-07T08:55:57Z</time>
   </trkpt>
   <trkpt lat="45.7610530" lon="4.7624400">
    <ele>233.1</ele>
    <time>2026-08-07T08:55:58Z</time>
   </trkpt>
   <trkpt lat="45.7610500" lon="4.7623920">
    <ele>233.1</ele>
    <time>2026-08-07T08:55:59Z</time>
   </trkpt>
   <trkpt lat="45.7610440" lon="4.7623550">
    <ele>233.1</ele>
    <time>2026-08-07T08:56:00Z</time>
   </trkpt>
   <trkpt lat="45.7610430" lon="4.7623130">
    <ele>233.1</ele>
    <time>2026-08-07T08:56:01Z</time>
   </trkpt>
   <trkpt lat="45.7610430" lon="4.7622730">
    <ele>233.1</ele>
    <time>2026-08-07T08:56:02Z</time>
   </trkpt>
   <trkpt lat="45.7610410" lon="4.7622360">
    <ele>233.1</ele>
    <time>2026-08-07T08:56:03Z</time>
   </trkpt>
   <trkpt lat="45.7610380" lon="4.7622080">
    <ele>233.1</ele>
    <time>2026-08-07T08:56:04Z</time>
   </trkpt>
   <trkpt lat="45.7610400" lon="4.7621720">
    <ele>233.1</ele>
    <time>2026-08-07T08:56:05Z</time>
   </trkpt>
   <trkpt lat="45.7610380" lon="4.7621370">
    <ele>233.1</ele>
    <time>2026-08-07T08:56:06Z</time>
   </trkpt>
   <trkpt lat="45.7610390" lon="4.7621020">
    <ele>233.1</ele>
    <time>2026-08-07T08:56:07Z</time>
   </trkpt>
   <trkpt lat="45.7610290" lon="4.7620640">
    <ele>233.1</ele>
    <time>2026-08-07T08:56:08Z</time>
   </trkpt>
   <trkpt lat="45.7610340" lon="4.7620230">
    <ele>233.1</ele>
    <time>2026-08-07T08:56:09Z</time>
   </trkpt>
   <trkpt lat="45.7610330" lon="4.7619870">
    <ele>233.2</ele>
    <time>2026-08-07T08:56:10Z</time>
   </trkpt>
   <trkpt lat="45.7610270" lon="4.7619460">
    <ele>233.2</ele>
    <time>2026-08-07T08:56:11Z</time>
   </trkpt>
   <trkpt lat="45.7610270" lon="4.7619070">
    <ele>233.2</ele>
    <time>2026-08-07T08:56:12Z</time>
   </trkpt>
   <trkpt lat="45.7610340" lon="4.7618740">
    <ele>233.2</ele>
    <time>2026-08-07T08:56:13Z</time>
   </trkpt>
   <trkpt lat="45.7610320" lon="4.7618470">
    <ele>233.2</ele>
    <time>2026-08-07T08:56:14Z</time>
   </trkpt>
   <trkpt lat="45.7610380" lon="4.7618110">
    <ele>233.3</ele>
    <time>2026-08-07T08:56:15Z</time>
   </trkpt>
   <trkpt lat="45.7610330" lon="4.7617680">
    <ele>233.3</ele>
    <time>2026-08-07T08:56:16Z</time>
   </trkpt>
   <trkpt lat="45.7610290" lon="4.7617210">
    <ele>233.3</ele>
    <time>2026-08-07T08:56:17Z</time>
   </trkpt>
   <trkpt lat="45.7610260" lon="4.7616780">
    <ele>233.3</ele>
    <time>2026-08-07T08:56:18Z</time>
   </trkpt>
   <trkpt lat="45.7610270" lon="4.7616420">
    <ele>233.4</ele>
    <time>2026-08-07T08:56:19Z</time>
   </trkpt>
   <trkpt lat="45.7610270" lon="4.7616030">
    <ele>233.4</ele>
    <time>2026-08-07T08:56:20Z</time>
   </trkpt>
   <trkpt lat="45.7610240" lon="4.7615720">
    <ele>233.4</ele>
    <time>2026-08-07T08:56:21Z</time>
   </trkpt>
   <trkpt lat="45.7610270" lon="4.7615340">
    <ele>233.4</ele>
    <time>2026-08-07T08:56:22Z</time>
   </trkpt>
   <trkpt lat="45.7610290" lon="4.7615000">
    <ele>233.4</ele>
    <time>2026-08-07T08:56:23Z</time>
   </trkpt>
   <trkpt lat="45.7610190" lon="4.7614610">
    <ele>233.4</ele>
    <time>2026-08-07T08:56:24Z</time>
   </trkpt>
   <trkpt lat="45.7610170" lon="4.7614180">
    <ele>233.5</ele>
    <time>2026-08-07T08:56:25Z</time>
   </trkpt>
   <trkpt lat="45.7610190" lon="4.7613820">
    <ele>233.5</ele>
    <time>2026-08-07T08:56:26Z</time>
   </trkpt>
   <trkpt lat="45.7610210" lon="4.7613460">
    <ele>233.5</ele>
    <time>2026-08-07T08:56:27Z</time>
   </trkpt>
   <trkpt lat="45.7610180" lon="4.7613170">
    <ele>233.5</ele>
    <time>2026-08-07T08:56:28Z</time>
   </trkpt>
   <trkpt lat="45.7610190" lon="4.7612810">
    <ele>233.5</ele>
    <time>2026-08-07T08:56:29Z</time>
   </trkpt>
   <trkpt lat="45.7610190" lon="4.7612440">
    <ele>233.5</ele>
    <time>2026-08-07T08:56:30Z</time>
   </trkpt>
   <trkpt lat="45.7610190" lon="4.7612090">
    <ele>233.6</ele>
    <time>2026-08-07T08:56:31Z</time>
   </trkpt>
   <trkpt lat="45.7610200" lon="4.7611720">
    <ele>233.6</ele>
    <time>2026-08-07T08:56:32Z</time>
   </trkpt>
   <trkpt lat="45.7610120" lon="4.7611310">
    <ele>233.6</ele>
    <time>2026-08-07T08:56:33Z</time>
   </trkpt>
   <trkpt lat="45.7610120" lon="4.7610940">
    <ele>233.7</ele>
    <time>2026-08-07T08:56:34Z</time>
   </trkpt>
   <trkpt lat="45.7610180" lon="4.7610570">
    <ele>233.7</ele>
    <time>2026-08-07T08:56:35Z</time>
   </trkpt>
   <trkpt lat="45.7610210" lon="4.7610180">
    <ele>233.7</ele>
    <time>2026-08-07T08:56:36Z</time>
   </trkpt>
   <trkpt lat="45.7610180" lon="4.7609700">
    <ele>233.8</ele>
    <time>2026-08-07T08:56:37Z</time>
   </trkpt>
   <trkpt lat="45.7610180" lon="4.7609290">
    <ele>233.8</ele>
    <time>2026-08-07T08:56:38Z</time>
   </trkpt>
   <trkpt lat="45.7610240" lon="4.7608920">
    <ele>233.9</ele>
    <time>2026-08-07T08:56:39Z</time>
   </trkpt>
   <trkpt lat="45.7610300" lon="4.7608490">
    <ele>233.9</ele>
    <time>2026-08-07T08:56:40Z</time>
   </trkpt>
   <trkpt lat="45.7610390" lon="4.7608110">
    <ele>233.9</ele>
    <time>2026-08-07T08:56:41Z</time>
   </trkpt>
   <trkpt lat="45.7610430" lon="4.7607730">
    <ele>234.0</ele>
    <time>2026-08-07T08:56:42Z</time>
   </trkpt>
   <trkpt lat="45.7610480" lon="4.7607380">
    <ele>234.0</ele>
    <time>2026-08-07T08:56:43Z</time>
   </trkpt>
   <trkpt lat="45.7610460" lon="4.7607000">
    <ele>234.0</ele>
    <time>2026-08-07T08:56:44Z</time>
   </trkpt>
   <trkpt lat="45.7610510" lon="4.7606570">
    <ele>234.0</ele>
    <time>2026-08-07T08:56:45Z</time>
   </trkpt>
   <trkpt lat="45.7610510" lon="4.7606180">
    <ele>234.1</ele>
    <time>2026-08-07T08:56:46Z</time>
   </trkpt>
   <trkpt lat="45.7610450" lon="4.7605760">
    <ele>234.1</ele>
    <time>2026-08-07T08:56:47Z</time>
   </trkpt>
   <trkpt lat="45.7610410" lon="4.7605320">
    <ele>234.1</ele>
    <time>2026-08-07T08:56:48Z</time>
   </trkpt>
   <trkpt lat="45.7610310" lon="4.7604930">
    <ele>234.2</ele>
    <time>2026-08-07T08:56:49Z</time>
   </trkpt>
   <trkpt lat="45.7610330" lon="4.7604480">
    <ele>234.2</ele>
    <time>2026-08-07T08:56:50Z</time>
   </trkpt>
   <trkpt lat="45.7610470" lon="4.7604190">
    <ele>234.2</ele>
    <time>2026-08-07T08:56:51Z</time>
   </trkpt>
   <trkpt lat="45.7610500" lon="4.7603870">
    <ele>234.3</ele>
    <time>2026-08-07T08:56:52Z</time>
   </trkpt>
   <trkpt lat="45.7610650" lon="4.7603550">
    <ele>234.3</ele>
    <time>2026-08-07T08:56:53Z</time>
   </trkpt>
   <trkpt lat="45.7610710" lon="4.7603210">
    <ele>234.3</ele>
    <time>2026-08-07T08:56:54Z</time>
   </trkpt>
   <trkpt lat="45.7610830" lon="4.7602900">
    <ele>234.4</ele>
    <time>2026-08-07T08:56:55Z</time>
   </trkpt>
   <trkpt lat="45.7611030" lon="4.7602490">
    <ele>234.4</ele>
    <time>2026-08-07T08:56:56Z</time>
   </trkpt>
   <trkpt lat="45.7611220" lon="4.7602250">
    <ele>234.5</ele>
    <time>2026-08-07T08:56:57Z</time>
   </trkpt>
   <trkpt lat="45.7611300" lon="4.7601860">
    <ele>234.5</ele>
    <time>2026-08-07T08:56:58Z</time>
   </trkpt>
   <trkpt lat="45.7611330" lon="4.7601470">
    <ele>234.6</ele>
    <time>2026-08-07T08:56:59Z</time>
   </trkpt>
   <trkpt lat="45.7611430" lon="4.7601090">
    <ele>234.6</ele>
    <time>2026-08-07T08:57:00Z</time>
   </trkpt>
   <trkpt lat="45.7611560" lon="4.7600690">
    <ele>234.7</ele>
    <time>2026-08-07T08:57:01Z</time>
   </trkpt>
   <trkpt lat="45.7611690" lon="4.7600330">
    <ele>234.8</ele>
    <time>2026-08-07T08:57:02Z</time>
   </trkpt>
   <trkpt lat="45.7611760" lon="4.7600010">
    <ele>234.9</ele>
    <time>2026-08-07T08:57:03Z</time>
   </trkpt>
   <trkpt lat="45.7611960" lon="4.7599790">
    <ele>234.9</ele>
    <time>2026-08-07T08:57:04Z</time>
   </trkpt>
   <trkpt lat="45.7612120" lon="4.7599530">
    <ele>235.0</ele>
    <time>2026-08-07T08:57:05Z</time>
   </trkpt>
   <trkpt lat="45.7612340" lon="4.7599340">
    <ele>235.1</ele>
    <time>2026-08-07T08:57:06Z</time>
   </trkpt>
   <trkpt lat="45.7612610" lon="4.7599300">
    <ele>235.2</ele>
    <time>2026-08-07T08:57:07Z</time>
   </trkpt>
   <trkpt lat="45.7612880" lon="4.7599380">
    <ele>235.2</ele>
    <time>2026-08-07T08:57:08Z</time>
   </trkpt>
   <trkpt lat="45.7613160" lon="4.7599420">
    <ele>235.3</ele>
    <time>2026-08-07T08:57:09Z</time>
   </trkpt>
   <trkpt lat="45.7613400" lon="4.7599400">
    <ele>235.4</ele>
    <time>2026-08-07T08:57:10Z</time>
   </trkpt>
   <trkpt lat="45.7613670" lon="4.7599420">
    <ele>235.5</ele>
    <time>2026-08-07T08:57:11Z</time>
   </trkpt>
   <trkpt lat="45.7613880" lon="4.7599310">
    <ele>235.5</ele>
    <time>2026-08-07T08:57:12Z</time>
   </trkpt>
   <trkpt lat="45.7614150" lon="4.7599250">
    <ele>235.6</ele>
    <time>2026-08-07T08:57:13Z</time>
   </trkpt>
   <trkpt lat="45.7614400" lon="4.7599260">
    <ele>235.7</ele>
    <time>2026-08-07T08:57:14Z</time>
   </trkpt>
   <trkpt lat="45.7614640" lon="4.7599270">
    <ele>235.8</ele>
    <time>2026-08-07T08:57:15Z</time>
   </trkpt>
   <trkpt lat="45.7614850" lon="4.7599340">
    <ele>235.9</ele>
    <time>2026-08-07T08:57:16Z</time>
   </trkpt>
   <trkpt lat="45.7615140" lon="4.7599490">
    <ele>236.0</ele>
    <time>2026-08-07T08:57:17Z</time>
   </trkpt>
   <trkpt lat="45.7615390" lon="4.7599630">
    <ele>236.1</ele>
    <time>2026-08-07T08:57:18Z</time>
   </trkpt>
   <trkpt lat="45.7615640" lon="4.7599850">
    <ele>236.2</ele>
    <time>2026-08-07T08:57:19Z</time>
   </trkpt>
   <trkpt lat="45.7615860" lon="4.7599830">
    <ele>236.3</ele>
    <time>2026-08-07T08:57:20Z</time>
   </trkpt>
   <trkpt lat="45.7616060" lon="4.7599840">
    <ele>236.4</ele>
    <time>2026-08-07T08:57:21Z</time>
   </trkpt>
   <trkpt lat="45.7616290" lon="4.7599910">
    <ele>236.5</ele>
    <time>2026-08-07T08:57:22Z</time>
   </trkpt>
   <trkpt lat="45.7616530" lon="4.7599900">
    <ele>236.5</ele>
    <time>2026-08-07T08:57:23Z</time>
   </trkpt>
   <trkpt lat="45.7616750" lon="4.7599920">
    <ele>236.5</ele>
    <time>2026-08-07T08:57:24Z</time>
   </trkpt>
   <trkpt lat="45.7617080" lon="4.7599940">
    <ele>236.6</ele>
    <time>2026-08-07T08:57:25Z</time>
   </trkpt>
   <trkpt lat="45.7617400" lon="4.7599930">
    <ele>236.6</ele>
    <time>2026-08-07T08:57:26Z</time>
   </trkpt>
   <trkpt lat="45.7617670" lon="4.7599850">
    <ele>236.7</ele>
    <time>2026-08-07T08:57:27Z</time>
   </trkpt>
   <trkpt lat="45.7617930" lon="4.7599840">
    <ele>236.7</ele>
    <time>2026-08-07T08:57:28Z</time>
   </trkpt>
   <trkpt lat="45.7618170" lon="4.7599760">
    <ele>236.7</ele>
    <time>2026-08-07T08:57:29Z</time>
   </trkpt>
   <trkpt lat="45.7618450" lon="4.7599720">
    <ele>236.8</ele>
    <time>2026-08-07T08:57:30Z</time>
   </trkpt>
   <trkpt lat="45.7618710" lon="4.7599770">
    <ele>236.8</ele>
    <time>2026-08-07T08:57:31Z</time>
   </trkpt>
   <trkpt lat="45.7619040" lon="4.7599820">
    <ele>236.8</ele>
    <time>2026-08-07T08:57:32Z</time>
   </trkpt>
   <trkpt lat="45.7619350" lon="4.7599870">
    <ele>236.9</ele>
    <time>2026-08-07T08:57:33Z</time>
   </trkpt>
   <trkpt lat="45.7619610" lon="4.7599860">
    <ele>236.9</ele>
    <time>2026-08-07T08:57:34Z</time>
   </trkpt>
   <trkpt lat="45.7619900" lon="4.7599870">
    <ele>236.9</ele>
    <time>2026-08-07T08:57:35Z</time>
   </trkpt>
   <trkpt lat="45.7620240" lon="4.7599810">
    <ele>236.9</ele>
    <time>2026-08-07T08:57:36Z</time>
   </trkpt>
   <trkpt lat="45.7620570" lon="4.7599910">
    <ele>237.0</ele>
    <time>2026-08-07T08:57:37Z</time>
   </trkpt>
   <trkpt lat="45.7620870" lon="4.7600030">
    <ele>237.0</ele>
    <time>2026-08-07T08:57:38Z</time>
   </trkpt>
   <trkpt lat="45.7621180" lon="4.7600110">
    <ele>237.0</ele>
    <time>2026-08-07T08:57:39Z</time>
   </trkpt>
   <trkpt lat="45.7621450" lon="4.7600130">
    <ele>237.0</ele>
    <time>2026-08-07T08:57:40Z</time>
   </trkpt>
   <trkpt lat="45.7621750" lon="4.7600100">
    <ele>236.9</ele>
    <time>2026-08-07T08:57:41Z</time>
   </trkpt>
   <trkpt lat="45.7622010" lon="4.7600120">
    <ele>236.9</ele>
    <time>2026-08-07T08:57:42Z</time>
   </trkpt>
   <trkpt lat="45.7622290" lon="4.7600170">
    <ele>236.9</ele>
    <time>2026-08-07T08:57:43Z</time>
   </trkpt>
   <trkpt lat="45.7622520" lon="4.7600250">
    <ele>236.9</ele>
    <time>2026-08-07T08:57:44Z</time>
   </trkpt>
   <trkpt lat="45.7622800" lon="4.7600410">
    <ele>236.8</ele>
    <time>2026-08-07T08:57:45Z</time>
   </trkpt>
   <trkpt lat="45.7623100" lon="4.7600490">
    <ele>236.8</ele>
    <time>2026-08-07T08:57:46Z</time>
   </trkpt>
   <trkpt lat="45.7623370" lon="4.7600540">
    <ele>236.8</ele>
    <time>2026-08-07T08:57:47Z</time>
   </trkpt>
   <trkpt lat="45.7623640" lon="4.7600650">
    <ele>236.8</ele>
    <time>2026-08-07T08:57:48Z</time>
   </trkpt>
   <trkpt lat="45.7623880" lon="4.7600750">
    <ele>236.7</ele>
    <time>2026-08-07T08:57:49Z</time>
   </trkpt>
   <trkpt lat="45.7624120" lon="4.7600880">
    <ele>236.7</ele>
    <time>2026-08-07T08:57:50Z</time>
   </trkpt>
   <trkpt lat="45.7624400" lon="4.7600910">
    <ele>236.7</ele>
    <time>2026-08-07T08:57:51Z</time>
   </trkpt>
   <trkpt lat="45.7624690" lon="4.7600970">
    <ele>236.7</ele>
    <time>2026-08-07T08:57:52Z</time>
   </trkpt>
   <trkpt lat="45.7624980" lon="4.7601040">
    <ele>236.7</ele>
    <time>2026-08-07T08:57:53Z</time>
   </trkpt>
   <trkpt lat="45.7625260" lon="4.7600950">
    <ele>236.6</ele>
    <time>2026-08-07T08:57:54Z</time>
   </trkpt>
   <trkpt lat="45.7625530" lon="4.7600950">
    <ele>236.6</ele>
    <time>2026-08-07T08:57:55Z</time>
   </trkpt>
   <trkpt lat="45.7625800" lon="4.7601050">
    <ele>236.6</ele>
    <time>2026-08-07T08:57:56Z</time>
   </trkpt>
   <trkpt lat="45.7626080" lon="4.7601140">
    <ele>236.6</ele>
    <time>2026-08-07T08:57:57Z</time>
   </trkpt>
   <trkpt lat="45.7626360" lon="4.7601200">
    <ele>236.6</ele>
    <time>2026-08-07T08:57:58Z</time>
   </trkpt>
   <trkpt lat="45.7626620" lon="4.7601290">
    <ele>236.6</ele>
    <time>2026-08-07T08:57:59Z</time>
   </trkpt>
   <trkpt lat="45.7626870" lon="4.7601260">
    <ele>236.6</ele>
    <time>2026-08-07T08:58:00Z</time>
   </trkpt>
   <trkpt lat="45.7627140" lon="4.7601360">
    <ele>236.6</ele>
    <time>2026-08-07T08:58:01Z</time>
   </trkpt>
   <trkpt lat="45.7627360" lon="4.7601560">
    <ele>236.6</ele>
    <time>2026-08-07T08:58:02Z</time>
   </trkpt>
   <trkpt lat="45.7627630" lon="4.7601580">
    <ele>236.7</ele>
    <time>2026-08-07T08:58:03Z</time>
   </trkpt>
   <trkpt lat="45.7627930" lon="4.7601580">
    <ele>236.7</ele>
    <time>2026-08-07T08:58:04Z</time>
   </trkpt>
   <trkpt lat="45.7628120" lon="4.7601650">
    <ele>236.7</ele>
    <time>2026-08-07T08:58:05Z</time>
   </trkpt>
   <trkpt lat="45.7628340" lon="4.7601680">
    <ele>236.7</ele>
    <time>2026-08-07T08:58:06Z</time>
   </trkpt>
   <trkpt lat="45.7628620" lon="4.7601610">
    <ele>236.7</ele>
    <time>2026-08-07T08:58:07Z</time>
   </trkpt>
   <trkpt lat="45.7628940" lon="4.7601670">
    <ele>236.7</ele>
    <time>2026-08-07T08:58:08Z</time>
   </trkpt>
   <trkpt lat="45.7629290" lon="4.7601770">
    <ele>236.8</ele>
    <time>2026-08-07T08:58:09Z</time>
   </trkpt>
   <trkpt lat="45.7629590" lon="4.7601820">
    <ele>236.8</ele>
    <time>2026-08-07T08:58:10Z</time>
   </trkpt>
   <trkpt lat="45.7629880" lon="4.7601740">
    <ele>236.8</ele>
    <time>2026-08-07T08:58:11Z</time>
   </trkpt>
   <trkpt lat="45.7630160" lon="4.7601790">
    <ele>236.8</ele>
    <time>2026-08-07T08:58:12Z</time>
   </trkpt>
   <trkpt lat="45.7630460" lon="4.7601890">
    <ele>236.8</ele>
    <time>2026-08-07T08:58:13Z</time>
   </trkpt>
   <trkpt lat="45.7630760" lon="4.7601930">
    <ele>236.8</ele>
    <time>2026-08-07T08:58:14Z</time>
   </trkpt>
   <trkpt lat="45.7631020" lon="4.7602000">
    <ele>236.9</ele>
    <time>2026-08-07T08:58:15Z</time>
   </trkpt>
   <trkpt lat="45.7631350" lon="4.7602000">
    <ele>236.9</ele>
    <time>2026-08-07T08:58:16Z</time>
   </trkpt>
   <trkpt lat="45.7631600" lon="4.7602070">
    <ele>236.9</ele>
    <time>2026-08-07T08:58:17Z</time>
   </trkpt>
   <trkpt lat="45.7631870" lon="4.7602080">
    <ele>236.9</ele>
    <time>2026-08-07T08:58:18Z</time>
   </trkpt>
   <trkpt lat="45.7632140" lon="4.7602100">
    <ele>237.0</ele>
    <time>2026-08-07T08:58:19Z</time>
   </trkpt>
   <trkpt lat="45.7632350" lon="4.7602160">
    <ele>237.0</ele>
    <time>2026-08-07T08:58:20Z</time>
   </trkpt>
   <trkpt lat="45.7632590" lon="4.7602170">
    <ele>237.0</ele>
    <time>2026-08-07T08:58:21Z</time>
   </trkpt>
   <trkpt lat="45.7632840" lon="4.7602100">
    <ele>237.0</ele>
    <time>2026-08-07T08:58:22Z</time>
   </trkpt>
   <trkpt lat="45.7633070" lon="4.7602160">
    <ele>237.1</ele>
    <time>2026-08-07T08:58:23Z</time>
   </trkpt>
   <trkpt lat="45.7633320" lon="4.7602280">
    <ele>237.1</ele>
    <time>2026-08-07T08:58:24Z</time>
   </trkpt>
   <trkpt lat="45.7633530" lon="4.7602400">
    <ele>237.2</ele>
    <time>2026-08-07T08:58:25Z</time>
   </trkpt>
   <trkpt lat="45.7633810" lon="4.7602440">
    <ele>237.2</ele>
    <time>2026-08-07T08:58:26Z</time>
   </trkpt>
   <trkpt lat="45.7634120" lon="4.7602490">
    <ele>237.3</ele>
    <time>2026-08-07T08:58:27Z</time>
   </trkpt>
   <trkpt lat="45.7634400" lon="4.7602540">
    <ele>237.3</ele>
    <time>2026-08-07T08:58:28Z</time>
   </trkpt>
   <trkpt lat="45.7634660" lon="4.7602570">
    <ele>237.4</ele>
    <time>2026-08-07T08:58:29Z</time>
   </trkpt>
   <trkpt lat="45.7635010" lon="4.7602550">
    <ele>237.5</ele>
    <time>2026-08-07T08:58:30Z</time>
   </trkpt>
   <trkpt lat="45.7635240" lon="4.7602620">
    <ele>237.5</ele>
    <time>2026-08-07T08:58:31Z</time>
   </trkpt>
   <trkpt lat="45.7635530" lon="4.7602660">
    <ele>237.6</ele>
    <time>2026-08-07T08:58:32Z</time>
   </trkpt>
   <trkpt lat="45.7635830" lon="4.7602730">
    <ele>237.6</ele>
    <time>2026-08-07T08:58:33Z</time>
   </trkpt>
   <trkpt lat="45.7636070" lon="4.7602750">
    <ele>237.7</ele>
    <time>2026-08-07T08:58:34Z</time>
   </trkpt>
   <trkpt lat="45.7636310" lon="4.7602790">
    <ele>237.8</ele>
    <time>2026-08-07T08:58:35Z</time>
   </trkpt>
   <trkpt lat="45.7636540" lon="4.7602820">
    <ele>237.8</ele>
    <time>2026-08-07T08:58:36Z</time>
   </trkpt>
   <trkpt lat="45.7636850" lon="4.7602860">
    <ele>237.9</ele>
    <time>2026-08-07T08:58:37Z</time>
   </trkpt>
   <trkpt lat="45.7637060" lon="4.7602870">
    <ele>238.0</ele>
    <time>2026-08-07T08:58:38Z</time>
   </trkpt>
   <trkpt lat="45.7637260" lon="4.7602880">
    <ele>238.0</ele>
    <time>2026-08-07T08:58:39Z</time>
   </trkpt>
   <trkpt lat="45.7637500" lon="4.7602880">
    <ele>238.1</ele>
    <time>2026-08-07T08:58:40Z</time>
   </trkpt>
   <trkpt lat="45.7637720" lon="4.7602910">
    <ele>238.2</ele>
    <time>2026-08-07T08:58:41Z</time>
   </trkpt>
   <trkpt lat="45.7637970" lon="4.7602940">
    <ele>238.3</ele>
    <time>2026-08-07T08:58:42Z</time>
   </trkpt>
   <trkpt lat="45.7638220" lon="4.7603040">
    <ele>238.3</ele>
    <time>2026-08-07T08:58:43Z</time>
   </trkpt>
   <trkpt lat="45.7638480" lon="4.7603090">
    <ele>238.5</ele>
    <time>2026-08-07T08:58:44Z</time>
   </trkpt>
   <trkpt lat="45.7638750" lon="4.7603050">
    <ele>238.6</ele>
    <time>2026-08-07T08:58:45Z</time>
   </trkpt>
   <trkpt lat="45.7638950" lon="4.7602910">
    <ele>238.7</ele>
    <time>2026-08-07T08:58:46Z</time>
   </trkpt>
   <trkpt lat="45.7639110" lon="4.7602740">
    <ele>238.7</ele>
    <time>2026-08-07T08:58:47Z</time>
   </trkpt>
   <trkpt lat="45.7639250" lon="4.7602480">
    <ele>238.8</ele>
    <time>2026-08-07T08:58:48Z</time>
   </trkpt>
   <trkpt lat="45.7639490" lon="4.7602320">
    <ele>238.9</ele>
    <time>2026-08-07T08:58:49Z</time>
   </trkpt>
   <trkpt lat="45.7639720" lon="4.7602170">
    <ele>239.0</ele>
    <time>2026-08-07T08:58:50Z</time>
   </trkpt>
   <trkpt lat="45.7639930" lon="4.7602030">
    <ele>239.1</ele>
    <time>2026-08-07T08:58:51Z</time>
   </trkpt>
   <trkpt lat="45.7640160" lon="4.7601690">
    <ele>239.1</ele>
    <time>2026-08-07T08:58:52Z</time>
   </trkpt>
   <trkpt lat="45.7640360" lon="4.7601340">
    <ele>239.2</ele>
    <time>2026-08-07T08:58:53Z</time>
   </trkpt>
   <trkpt lat="45.7640540" lon="4.7601050">
    <ele>239.2</ele>
    <time>2026-08-07T08:58:54Z</time>
   </trkpt>
   <trkpt lat="45.7640630" lon="4.7600820">
    <ele>239.2</ele>
    <time>2026-08-07T08:58:55Z</time>
   </trkpt>
   <trkpt lat="45.7640830" lon="4.7600580">
    <ele>239.2</ele>
    <time>2026-08-07T08:58:56Z</time>
   </trkpt>
   <trkpt lat="45.7640960" lon="4.7600320">
    <ele>239.2</ele>
    <time>2026-08-07T08:58:57Z</time>
   </trkpt>
   <trkpt lat="45.7641070" lon="4.7599850">
    <ele>239.2</ele>
    <time>2026-08-07T08:58:58Z</time>
   </trkpt>
   <trkpt lat="45.7641180" lon="4.7599450">
    <ele>239.2</ele>
    <time>2026-08-07T08:58:59Z</time>
   </trkpt>
   <trkpt lat="45.7641310" lon="4.7599220">
    <ele>239.2</ele>
    <time>2026-08-07T08:59:00Z</time>
   </trkpt>
   <trkpt lat="45.7641360" lon="4.7598830">
    <ele>239.2</ele>
    <time>2026-08-07T08:59:01Z</time>
   </trkpt>
   <trkpt lat="45.7641400" lon="4.7598330">
    <ele>239.3</ele>
    <time>2026-08-07T08:59:02Z</time>
   </trkpt>
   <trkpt lat="45.7641520" lon="4.7597900">
    <ele>239.3</ele>
    <time>2026-08-07T08:59:03Z</time>
   </trkpt>
   <trkpt lat="45.7641560" lon="4.7597550">
    <ele>239.3</ele>
    <time>2026-08-07T08:59:04Z</time>
   </trkpt>
   <trkpt lat="45.7641640" lon="4.7597170">
    <ele>239.3</ele>
    <time>2026-08-07T08:59:05Z</time>
   </trkpt>
   <trkpt lat="45.7641700" lon="4.7596790">
    <ele>239.3</ele>
    <time>2026-08-07T08:59:06Z</time>
   </trkpt>
   <trkpt lat="45.7641780" lon="4.7596350">
    <ele>239.3</ele>
    <time>2026-08-07T08:59:07Z</time>
   </trkpt>
   <trkpt lat="45.7641750" lon="4.7595770">
    <ele>239.3</ele>
    <time>2026-08-07T08:59:08Z</time>
   </trkpt>
   <trkpt lat="45.7641760" lon="4.7595360">
    <ele>239.3</ele>
    <time>2026-08-07T08:59:09Z</time>
   </trkpt>
   <trkpt lat="45.7641850" lon="4.7594930">
    <ele>239.3</ele>
    <time>2026-08-07T08:59:10Z</time>
   </trkpt>
   <trkpt lat="45.7641980" lon="4.7594480">
    <ele>239.3</ele>
    <time>2026-08-07T08:59:11Z</time>
   </trkpt>
   <trkpt lat="45.7642060" lon="4.7594110">
    <ele>239.3</ele>
    <time>2026-08-07T08:59:12Z</time>
   </trkpt>
   <trkpt lat="45.7642190" lon="4.7593690">
    <ele>239.3</ele>
    <time>2026-08-07T08:59:13Z</time>
   </trkpt>
   <trkpt lat="45.7642290" lon="4.7593300">
    <ele>239.3</ele>
    <time>2026-08-07T08:59:14Z</time>
   </trkpt>
   <trkpt lat="45.7642370" lon="4.7592980">
    <ele>239.3</ele>
    <time>2026-08-07T08:59:15Z</time>
   </trkpt>
   <trkpt lat="45.7642490" lon="4.7592750">
    <ele>239.3</ele>
    <time>2026-08-07T08:59:16Z</time>
   </trkpt>
   <trkpt lat="45.7642510" lon="4.7592390">
    <ele>239.3</ele>
    <time>2026-08-07T08:59:17Z</time>
   </trkpt>
   <trkpt lat="45.7642520" lon="4.7591960">
    <ele>239.3</ele>
    <time>2026-08-07T08:59:18Z</time>
   </trkpt>
   <trkpt lat="45.7642630" lon="4.7591540">
    <ele>239.3</ele>
    <time>2026-08-07T08:59:19Z</time>
   </trkpt>
   <trkpt lat="45.7642700" lon="4.7591150">
    <ele>239.3</ele>
    <time>2026-08-07T08:59:20Z</time>
   </trkpt>
   <trkpt lat="45.7642850" lon="4.7590790">
    <ele>239.3</ele>
    <time>2026-08-07T08:59:21Z</time>
   </trkpt>
   <trkpt lat="45.7642960" lon="4.7590420">
    <ele>239.3</ele>
    <time>2026-08-07T08:59:22Z</time>
   </trkpt>
   <trkpt lat="45.7643010" lon="4.7589960">
    <ele>239.3</ele>
    <time>2026-08-07T08:59:23Z</time>
   </trkpt>
   <trkpt lat="45.7643140" lon="4.7589710">
    <ele>239.2</ele>
    <time>2026-08-07T08:59:24Z</time>
   </trkpt>
   <trkpt lat="45.7643300" lon="4.7589410">
    <ele>239.2</ele>
    <time>2026-08-07T08:59:25Z</time>
   </trkpt>
   <trkpt lat="45.7643260" lon="4.7589030">
    <ele>239.2</ele>
    <time>2026-08-07T08:59:26Z</time>
   </trkpt>
   <trkpt lat="45.7643280" lon="4.7588650">
    <ele>239.2</ele>
    <time>2026-08-07T08:59:27Z</time>
   </trkpt>
   <trkpt lat="45.7643350" lon="4.7588330">
    <ele>239.2</ele>
    <time>2026-08-07T08:59:28Z</time>
   </trkpt>
   <trkpt lat="45.7643360" lon="4.7587960">
    <ele>239.2</ele>
    <time>2026-08-07T08:59:29Z</time>
   </trkpt>
   <trkpt lat="45.7643420" lon="4.7587530">
    <ele>239.2</ele>
    <time>2026-08-07T08:59:30Z</time>
   </trkpt>
   <trkpt lat="45.7643560" lon="4.7587090">
    <ele>239.2</ele>
    <time>2026-08-07T08:59:31Z</time>
   </trkpt>
   <trkpt lat="45.7643740" lon="4.7586720">
    <ele>239.2</ele>
    <time>2026-08-07T08:59:32Z</time>
   </trkpt>
   <trkpt lat="45.7643860" lon="4.7586260">
    <ele>239.2</ele>
    <time>2026-08-07T08:59:33Z</time>
   </trkpt>
   <trkpt lat="45.7643960" lon="4.7585760">
    <ele>239.2</ele>
    <time>2026-08-07T08:59:34Z</time>
   </trkpt>
   <trkpt lat="45.7643900" lon="4.7585360">
    <ele>239.2</ele>
    <time>2026-08-07T08:59:35Z</time>
   </trkpt>
   <trkpt lat="45.7643840" lon="4.7584990">
    <ele>239.2</ele>
    <time>2026-08-07T08:59:36Z</time>
   </trkpt>
   <trkpt lat="45.7643910" lon="4.7584630">
    <ele>239.2</ele>
    <time>2026-08-07T08:59:37Z</time>
   </trkpt>
   <trkpt lat="45.7644100" lon="4.7584340">
    <ele>239.2</ele>
    <time>2026-08-07T08:59:38Z</time>
   </trkpt>
   <trkpt lat="45.7644410" lon="4.7584000">
    <ele>239.1</ele>
    <time>2026-08-07T08:59:39Z</time>
   </trkpt>
   <trkpt lat="45.7644560" lon="4.7583620">
    <ele>239.1</ele>
    <time>2026-08-07T08:59:40Z</time>
   </trkpt>
   <trkpt lat="45.7644650" lon="4.7583160">
    <ele>239.1</ele>
    <time>2026-08-07T08:59:41Z</time>
   </trkpt>
   <trkpt lat="45.7644700" lon="4.7582890">
    <ele>239.1</ele>
    <time>2026-08-07T08:59:42Z</time>
   </trkpt>
   <trkpt lat="45.7644830" lon="4.7582390">
    <ele>239.1</ele>
    <time>2026-08-07T08:59:43Z</time>
   </trkpt>
   <trkpt lat="45.7644940" lon="4.7581890">
    <ele>239.1</ele>
    <time>2026-08-07T08:59:44Z</time>
   </trkpt>
   <trkpt lat="45.7645040" lon="4.7581500">
    <ele>239.0</ele>
    <time>2026-08-07T08:59:45Z</time>
   </trkpt>
   <trkpt lat="45.7645070" lon="4.7581130">
    <ele>239.0</ele>
    <time>2026-08-07T08:59:46Z</time>
   </trkpt>
   <trkpt lat="45.7645210" lon="4.7580750">
    <ele>239.0</ele>
    <time>2026-08-07T08:59:47Z</time>
   </trkpt>
   <trkpt lat="45.7645300" lon="4.7580280">
    <ele>239.0</ele>
    <time>2026-08-07T08:59:48Z</time>
   </trkpt>
   <trkpt lat="45.7645340" lon="4.7579870">
    <ele>239.0</ele>
    <time>2026-08-07T08:59:49Z</time>
   </trkpt>
   <trkpt lat="45.7645410" lon="4.7579480">
    <ele>239.0</ele>
    <time>2026-08-07T08:59:50Z</time>
   </trkpt>
   <trkpt lat="45.7645470" lon="4.7579110">
    <ele>239.0</ele>
    <time>2026-08-07T08:59:51Z</time>
   </trkpt>
   <trkpt lat="45.7645570" lon="4.7578680">
    <ele>238.9</ele>
    <time>2026-08-07T08:59:52Z</time>
   </trkpt>
   <trkpt lat="45.7645650" lon="4.7578350">
    <ele>238.9</ele>
    <time>2026-08-07T08:59:53Z</time>
   </trkpt>
   <trkpt lat="45.7645690" lon="4.7578010">
    <ele>238.9</ele>
    <time>2026-08-07T08:59:54Z</time>
   </trkpt>
   <trkpt lat="45.7645870" lon="4.7577560">
    <ele>238.9</ele>
    <time>2026-08-07T08:59:55Z</time>
   </trkpt>
   <trkpt lat="45.7646060" lon="4.7577310">
    <ele>238.9</ele>
    <time>2026-08-07T08:59:56Z</time>
   </trkpt>
   <trkpt lat="45.7646160" lon="4.7576950">
    <ele>238.9</ele>
    <time>2026-08-07T08:59:57Z</time>
   </trkpt>
   <trkpt lat="45.7646220" lon="4.7576630">
    <ele>238.9</ele>
    <time>2026-08-07T08:59:58Z</time>
   </trkpt>
   <trkpt lat="45.7646300" lon="4.7576270">
    <ele>238.9</ele>
    <time>2026-08-07T08:59:59Z</time>
   </trkpt>
   <trkpt lat="45.7646290" lon="4.7575900">
    <ele>239.0</ele>
    <time>2026-08-07T09:00:00Z</time>
   </trkpt>
   <trkpt lat="45.7646260" lon="4.7575420">
    <ele>239.0</ele>
    <time>2026-08-07T09:00:01Z</time>
   </trkpt>
   <trkpt lat="45.7646380" lon="4.7575050">
    <ele>239.0</ele>
    <time>2026-08-07T09:00:02Z</time>
   </trkpt>
   <trkpt lat="45.7646380" lon="4.7574640">
    <ele>239.0</ele>
    <time>2026-08-07T09:00:03Z</time>
   </trkpt>
   <trkpt lat="45.7646540" lon="4.7574180">
    <ele>239.0</ele>
    <time>2026-08-07T09:00:04Z</time>
   </trkpt>
   <trkpt lat="45.7646620" lon="4.7573740">
    <ele>239.0</ele>
    <time>2026-08-07T09:00:05Z</time>
   </trkpt>
   <trkpt lat="45.7646710" lon="4.7573380">
    <ele>239.0</ele>
    <time>2026-08-07T09:00:06Z</time>
   </trkpt>
   <trkpt lat="45.7646730" lon="4.7572930">
    <ele>239.0</ele>
    <time>2026-08-07T09:00:07Z</time>
   </trkpt>
   <trkpt lat="45.7646810" lon="4.7572610">
    <ele>239.0</ele>
    <time>2026-08-07T09:00:08Z</time>
   </trkpt>
   <trkpt lat="45.7646930" lon="4.7572340">
    <ele>239.1</ele>
    <time>2026-08-07T09:00:09Z</time>
   </trkpt>
   <trkpt lat="45.7647080" lon="4.7572050">
    <ele>239.1</ele>
    <time>2026-08-07T09:00:10Z</time>
   </trkpt>
   <trkpt lat="45.7647240" lon="4.7571730">
    <ele>239.1</ele>
    <time>2026-08-07T09:00:11Z</time>
   </trkpt>
   <trkpt lat="45.7647290" lon="4.7571340">
    <ele>239.1</ele>
    <time>2026-08-07T09:00:12Z</time>
   </trkpt>
   <trkpt lat="45.7647390" lon="4.7571010">
    <ele>239.1</ele>
    <time>2026-08-07T09:00:13Z</time>
   </trkpt>
   <trkpt lat="45.7647410" lon="4.7570600">
    <ele>239.1</ele>
    <time>2026-08-07T09:00:14Z</time>
   </trkpt>
   <trkpt lat="45.7647480" lon="4.7570150">
    <ele>239.1</ele>
    <time>2026-08-07T09:00:15Z</time>
   </trkpt>
   <trkpt lat="45.7647510" lon="4.7569580">
    <ele>239.1</ele>
    <time>2026-08-07T09:00:16Z</time>
   </trkpt>
   <trkpt lat="45.7647630" lon="4.7569140">
    <ele>239.1</ele>
    <time>2026-08-07T09:00:17Z</time>
   </trkpt>
   <trkpt lat="45.7647730" lon="4.7568710">
    <ele>239.2</ele>
    <time>2026-08-07T09:00:18Z</time>
   </trkpt>
   <trkpt lat="45.7647760" lon="4.7568300">
    <ele>239.2</ele>
    <time>2026-08-07T09:00:19Z</time>
   </trkpt>
   <trkpt lat="45.7647610" lon="4.7567840">
    <ele>239.2</ele>
    <time>2026-08-07T09:00:20Z</time>
   </trkpt>
   <trkpt lat="45.7647680" lon="4.7567450">
    <ele>239.2</ele>
    <time>2026-08-07T09:00:21Z</time>
   </trkpt>
   <trkpt lat="45.7647910" lon="4.7567080">
    <ele>239.2</ele>
    <time>2026-08-07T09:00:22Z</time>
   </trkpt>
   <trkpt lat="45.7647960" lon="4.7566620">
    <ele>239.3</ele>
    <time>2026-08-07T09:00:23Z</time>
   </trkpt>
   <trkpt lat="45.7647950" lon="4.7566200">
    <ele>239.3</ele>
    <time>2026-08-07T09:00:24Z</time>
   </trkpt>
   <trkpt lat="45.7648090" lon="4.7565810">
    <ele>239.3</ele>
    <time>2026-08-07T09:00:25Z</time>
   </trkpt>
   <trkpt lat="45.7648100" lon="4.7565370">
    <ele>239.3</ele>
    <time>2026-08-07T09:00:26Z</time>
   </trkpt>
   <trkpt lat="45.7648090" lon="4.7565040">
    <ele>239.3</ele>
    <time>2026-08-07T09:00:27Z</time>
   </trkpt>
   <trkpt lat="45.7648140" lon="4.7564620">
    <ele>239.3</ele>
    <time>2026-08-07T09:00:28Z</time>
   </trkpt>
   <trkpt lat="45.7648230" lon="4.7564210">
    <ele>239.4</ele>
    <time>2026-08-07T09:00:29Z</time>
   </trkpt>
   <trkpt lat="45.7648230" lon="4.7563900">
    <ele>239.4</ele>
    <time>2026-08-07T09:00:30Z</time>
   </trkpt>
   <trkpt lat="45.7648270" lon="4.7563460">
    <ele>239.4</ele>
    <time>2026-08-07T09:00:31Z</time>
   </trkpt>
   <trkpt lat="45.7648290" lon="4.7562980">
    <ele>239.4</ele>
    <time>2026-08-07T09:00:32Z</time>
   </trkpt>
   <trkpt lat="45.7648290" lon="4.7562500">
    <ele>239.4</ele>
    <time>2026-08-07T09:00:33Z</time>
   </trkpt>
   <trkpt lat="45.7648230" lon="4.7562200">
    <ele>239.4</ele>
    <time>2026-08-07T09:00:34Z</time>
   </trkpt>
   <trkpt lat="45.7648210" lon="4.7561850">
    <ele>239.5</ele>
    <time>2026-08-07T09:00:35Z</time>
   </trkpt>
   <trkpt lat="45.7648210" lon="4.7561520">
    <ele>239.5</ele>
    <time>2026-08-07T09:00:36Z</time>
   </trkpt>
   <trkpt lat="45.7648280" lon="4.7561190">
    <ele>239.5</ele>
    <time>2026-08-07T09:00:37Z</time>
   </trkpt>
   <trkpt lat="45.7648310" lon="4.7560840">
    <ele>239.5</ele>
    <time>2026-08-07T09:00:38Z</time>
   </trkpt>
   <trkpt lat="45.7648350" lon="4.7560540">
    <ele>239.5</ele>
    <time>2026-08-07T09:00:39Z</time>
   </trkpt>
   <trkpt lat="45.7648380" lon="4.7560230">
    <ele>239.5</ele>
    <time>2026-08-07T09:00:40Z</time>
   </trkpt>
   <trkpt lat="45.7648370" lon="4.7559950">
    <ele>239.5</ele>
    <time>2026-08-07T09:00:41Z</time>
   </trkpt>
   <trkpt lat="45.7648320" lon="4.7559620">
    <ele>239.5</ele>
    <time>2026-08-07T09:00:42Z</time>
   </trkpt>
   <trkpt lat="45.7648360" lon="4.7559270">
    <ele>239.6</ele>
    <time>2026-08-07T09:00:43Z</time>
   </trkpt>
   <trkpt lat="45.7648540" lon="4.7558970">
    <ele>239.6</ele>
    <time>2026-08-07T09:00:44Z</time>
   </trkpt>
   <trkpt lat="45.7648670" lon="4.7558640">
    <ele>239.6</ele>
    <time>2026-08-07T09:00:45Z</time>
   </trkpt>
   <trkpt lat="45.7648660" lon="4.7558150">
    <ele>239.6</ele>
    <time>2026-08-07T09:00:46Z</time>
   </trkpt>
   <trkpt lat="45.7648820" lon="4.7557740">
    <ele>239.6</ele>
    <time>2026-08-07T09:00:47Z</time>
   </trkpt>
   <trkpt lat="45.7648910" lon="4.7557290">
    <ele>239.6</ele>
    <time>2026-08-07T09:00:48Z</time>
   </trkpt>
   <trkpt lat="45.7649030" lon="4.7556840">
    <ele>239.7</ele>
    <time>2026-08-07T09:00:49Z</time>
   </trkpt>
   <trkpt lat="45.7649140" lon="4.7556420">
    <ele>239.7</ele>
    <time>2026-08-07T09:00:50Z</time>
   </trkpt>
   <trkpt lat="45.7649190" lon="4.7556030">
    <ele>239.7</ele>
    <time>2026-08-07T09:00:51Z</time>
   </trkpt>
   <trkpt lat="45.7649260" lon="4.7555660">
    <ele>239.7</ele>
    <time>2026-08-07T09:00:52Z</time>
   </trkpt>
   <trkpt lat="45.7649270" lon="4.7555310">
    <ele>239.7</ele>
    <time>2026-08-07T09:00:53Z</time>
   </trkpt>
   <trkpt lat="45.7649280" lon="4.7554950">
    <ele>239.7</ele>
    <time>2026-08-07T09:00:54Z</time>
   </trkpt>
   <trkpt lat="45.7649300" lon="4.7554410">
    <ele>239.8</ele>
    <time>2026-08-07T09:00:55Z</time>
   </trkpt>
   <trkpt lat="45.7649280" lon="4.7553930">
    <ele>239.8</ele>
    <time>2026-08-07T09:00:56Z</time>
   </trkpt>
   <trkpt lat="45.7649400" lon="4.7553570">
    <ele>239.8</ele>
    <time>2026-08-07T09:00:57Z</time>
   </trkpt>
   <trkpt lat="45.7649420" lon="4.7553280">
    <ele>239.8</ele>
    <time>2026-08-07T09:00:58Z</time>
   </trkpt>
   <trkpt lat="45.7649450" lon="4.7552920">
    <ele>239.8</ele>
    <time>2026-08-07T09:00:59Z</time>
   </trkpt>
   <trkpt lat="45.7649440" lon="4.7552580">
    <ele>239.8</ele>
    <time>2026-08-07T09:01:00Z</time>
   </trkpt>
   <trkpt lat="45.7649440" lon="4.7552270">
    <ele>239.8</ele>
    <time>2026-08-07T09:01:01Z</time>
   </trkpt>
   <trkpt lat="45.7649530" lon="4.7551970">
    <ele>239.8</ele>
    <time>2026-08-07T09:01:02Z</time>
   </trkpt>
   <trkpt lat="45.7649640" lon="4.7551560">
    <ele>239.8</ele>
    <time>2026-08-07T09:01:03Z</time>
   </trkpt>
   <trkpt lat="45.7649610" lon="4.7551150">
    <ele>239.8</ele>
    <time>2026-08-07T09:01:04Z</time>
   </trkpt>
   <trkpt lat="45.7649670" lon="4.7550670">
    <ele>239.7</ele>
    <time>2026-08-07T09:01:05Z</time>
   </trkpt>
   <trkpt lat="45.7649770" lon="4.7550260">
    <ele>239.7</ele>
    <time>2026-08-07T09:01:06Z</time>
   </trkpt>
   <trkpt lat="45.7649800" lon="4.7549870">
    <ele>239.7</ele>
    <time>2026-08-07T09:01:07Z</time>
   </trkpt>
   <trkpt lat="45.7649910" lon="4.7549370">
    <ele>239.7</ele>
    <time>2026-08-07T09:01:08Z</time>
   </trkpt>
   <trkpt lat="45.7649960" lon="4.7548980">
    <ele>239.6</ele>
    <time>2026-08-07T09:01:09Z</time>
   </trkpt>
   <trkpt lat="45.7649980" lon="4.7548430">
    <ele>239.6</ele>
    <time>2026-08-07T09:01:10Z</time>
   </trkpt>
   <trkpt lat="45.7650010" lon="4.7548010">
    <ele>239.6</ele>
    <time>2026-08-07T09:01:11Z</time>
   </trkpt>
   <trkpt lat="45.7650010" lon="4.7547610">
    <ele>239.5</ele>
    <time>2026-08-07T09:01:12Z</time>
   </trkpt>
   <trkpt lat="45.7650050" lon="4.7547060">
    <ele>239.5</ele>
    <time>2026-08-07T09:01:13Z</time>
   </trkpt>
   <trkpt lat="45.7650140" lon="4.7546570">
    <ele>239.4</ele>
    <time>2026-08-07T09:01:14Z</time>
   </trkpt>
   <trkpt lat="45.7650230" lon="4.7546070">
    <ele>239.3</ele>
    <time>2026-08-07T09:01:15Z</time>
   </trkpt>
   <trkpt lat="45.7650250" lon="4.7545820">
    <ele>239.3</ele>
    <time>2026-08-07T09:01:16Z</time>
   </trkpt>
   <trkpt lat="45.7650240" lon="4.7545410">
    <ele>239.2</ele>
    <time>2026-08-07T09:01:17Z</time>
   </trkpt>
   <trkpt lat="45.7650140" lon="4.7545040">
    <ele>239.1</ele>
    <time>2026-08-07T09:01:18Z</time>
   </trkpt>
   <trkpt lat="45.7650150" lon="4.7544790">
    <ele>239.0</ele>
    <time>2026-08-07T09:01:19Z</time>
   </trkpt>
   <trkpt lat="45.7650240" lon="4.7544510">
    <ele>239.0</ele>
    <time>2026-08-07T09:01:20Z</time>
   </trkpt>
   <trkpt lat="45.7650400" lon="4.7544160">
    <ele>238.9</ele>
    <time>2026-08-07T09:01:21Z</time>
   </trkpt>
   <trkpt lat="45.7650490" lon="4.7543750">
    <ele>238.7</ele>
    <time>2026-08-07T09:01:22Z</time>
   </trkpt>
   <trkpt lat="45.7650540" lon="4.7543330">
    <ele>238.6</ele>
    <time>2026-08-07T09:01:23Z</time>
   </trkpt>
   <trkpt lat="45.7650640" lon="4.7543010">
    <ele>238.5</ele>
    <time>2026-08-07T09:01:24Z</time>
   </trkpt>
   <trkpt lat="45.7650720" lon="4.7542710">
    <ele>238.4</ele>
    <time>2026-08-07T09:01:25Z</time>
   </trkpt>
   <trkpt lat="45.7650940" lon="4.7542360">
    <ele>238.3</ele>
    <time>2026-08-07T09:01:26Z</time>
   </trkpt>
   <trkpt lat="45.7651020" lon="4.7541960">
    <ele>238.1</ele>
    <time>2026-08-07T09:01:27Z</time>
   </trkpt>
   <trkpt lat="45.7651090" lon="4.7541560">
    <ele>238.0</ele>
    <time>2026-08-07T09:01:28Z</time>
   </trkpt>
   <trkpt lat="45.7651100" lon="4.7541130">
    <ele>237.8</ele>
    <time>2026-08-07T09:01:29Z</time>
   </trkpt>
   <trkpt lat="45.7651120" lon="4.7540730">
    <ele>237.7</ele>
    <time>2026-08-07T09:01:30Z</time>
   </trkpt>
   <trkpt lat="45.7651120" lon="4.7540320">
    <ele>237.5</ele>
    <time>2026-08-07T09:01:31Z</time>
   </trkpt>
   <trkpt lat="45.7651120" lon="4.7539940">
    <ele>237.4</ele>
    <time>2026-08-07T09:01:32Z</time>
   </trkpt>
   <trkpt lat="45.7651220" lon="4.7539630">
    <ele>237.2</ele>
    <time>2026-08-07T09:01:33Z</time>
   </trkpt>
   <trkpt lat="45.7651350" lon="4.7539250">
    <ele>237.0</ele>
    <time>2026-08-07T09:01:34Z</time>
   </trkpt>
   <trkpt lat="45.7651450" lon="4.7538870">
    <ele>236.9</ele>
    <time>2026-08-07T09:01:35Z</time>
   </trkpt>
   <trkpt lat="45.7651500" lon="4.7538470">
    <ele>236.7</ele>
    <time>2026-08-07T09:01:36Z</time>
   </trkpt>
   <trkpt lat="45.7651570" lon="4.7538100">
    <ele>236.5</ele>
    <time>2026-08-07T09:01:37Z</time>
   </trkpt>
   <trkpt lat="45.7651640" lon="4.7537730">
    <ele>236.3</ele>
    <time>2026-08-07T09:01:38Z</time>
   </trkpt>
   <trkpt lat="45.7651810" lon="4.7537330">
    <ele>236.0</ele>
    <time>2026-08-07T09:01:39Z</time>
   </trkpt>
   <trkpt lat="45.7651840" lon="4.7536860">
    <ele>235.8</ele>
    <time>2026-08-07T09:01:40Z</time>
   </trkpt>
   <trkpt lat="45.7651920" lon="4.7536480">
    <ele>235.5</ele>
    <time>2026-08-07T09:01:41Z</time>
   </trkpt>
   <trkpt lat="45.7652020" lon="4.7536210">
    <ele>235.4</ele>
    <time>2026-08-07T09:01:42Z</time>
   </trkpt>
   <trkpt lat="45.7652140" lon="4.7535860">
    <ele>235.1</ele>
    <time>2026-08-07T09:01:43Z</time>
   </trkpt>
   <trkpt lat="45.7652270" lon="4.7535480">
    <ele>234.9</ele>
    <time>2026-08-07T09:01:44Z</time>
   </trkpt>
   <trkpt lat="45.7652390" lon="4.7535080">
    <ele>234.6</ele>
    <time>2026-08-07T09:01:45Z</time>
   </trkpt>
   <trkpt lat="45.7652550" lon="4.7534660">
    <ele>234.3</ele>
    <time>2026-08-07T09:01:46Z</time>
   </trkpt>
   <trkpt lat="45.7652610" lon="4.7534290">
    <ele>234.1</ele>
    <time>2026-08-07T09:01:47Z</time>
   </trkpt>
   <trkpt lat="45.7652630" lon="4.7533890">
    <ele>233.9</ele>
    <time>2026-08-07T09:01:48Z</time>
   </trkpt>
   <trkpt lat="45.7652780" lon="4.7533410">
    <ele>233.5</ele>
    <time>2026-08-07T09:01:49Z</time>
   </trkpt>
   <trkpt lat="45.7652890" lon="4.7532920">
    <ele>233.3</ele>
    <time>2026-08-07T09:01:50Z</time>
   </trkpt>
   <trkpt lat="45.7652820" lon="4.7532480">
    <ele>233.0</ele>
    <time>2026-08-07T09:01:51Z</time>
   </trkpt>
   <trkpt lat="45.7652920" lon="4.7532100">
    <ele>232.8</ele>
    <time>2026-08-07T09:01:52Z</time>
   </trkpt>
   <trkpt lat="45.7652910" lon="4.7531540">
    <ele>232.5</ele>
    <time>2026-08-07T09:01:53Z</time>
   </trkpt>
   <trkpt lat="45.7652940" lon="4.7531080">
    <ele>232.3</ele>
    <time>2026-08-07T09:01:54Z</time>
   </trkpt>
   <trkpt lat="45.7653020" lon="4.7530560">
    <ele>232.1</ele>
    <time>2026-08-07T09:01:55Z</time>
   </trkpt>
   <trkpt lat="45.7653090" lon="4.7530190">
    <ele>232.0</ele>
    <time>2026-08-07T09:01:56Z</time>
   </trkpt>
   <trkpt lat="45.7653180" lon="4.7529640">
    <ele>231.9</ele>
    <time>2026-08-07T09:01:57Z</time>
   </trkpt>
   <trkpt lat="45.7653200" lon="4.7529080">
    <ele>231.7</ele>
    <time>2026-08-07T09:01:58Z</time>
   </trkpt>
   <trkpt lat="45.7653220" lon="4.7528650">
    <ele>231.6</ele>
    <time>2026-08-07T09:01:59Z</time>
   </trkpt>
   <trkpt lat="45.7653280" lon="4.7528180">
    <ele>231.5</ele>
    <time>2026-08-07T09:02:00Z</time>
   </trkpt>
   <trkpt lat="45.7653380" lon="4.7527750">
    <ele>231.4</ele>
    <time>2026-08-07T09:02:01Z</time>
   </trkpt>
   <trkpt lat="45.7653480" lon="4.7527360">
    <ele>231.2</ele>
    <time>2026-08-07T09:02:02Z</time>
   </trkpt>
   <trkpt lat="45.7653580" lon="4.7526960">
    <ele>231.0</ele>
    <time>2026-08-07T09:02:03Z</time>
   </trkpt>
   <trkpt lat="45.7653690" lon="4.7526570">
    <ele>230.9</ele>
    <time>2026-08-07T09:02:04Z</time>
   </trkpt>
   <trkpt lat="45.7653830" lon="4.7526270">
    <ele>230.7</ele>
    <time>2026-08-07T09:02:05Z</time>
   </trkpt>
   <trkpt lat="45.7654020" lon="4.7525930">
    <ele>230.6</ele>
    <time>2026-08-07T09:02:06Z</time>
   </trkpt>
   <trkpt lat="45.7654060" lon="4.7525690">
    <ele>230.5</ele>
    <time>2026-08-07T09:02:07Z</time>
   </trkpt>
   <trkpt lat="45.7654090" lon="4.7525340">
    <ele>230.3</ele>
    <time>2026-08-07T09:02:08Z</time>
   </trkpt>
   <trkpt lat="45.7654180" lon="4.7525020">
    <ele>230.2</ele>
    <time>2026-08-07T09:02:09Z</time>
   </trkpt>
   <trkpt lat="45.7654210" lon="4.7524640">
    <ele>230.0</ele>
    <time>2026-08-07T09:02:10Z</time>
   </trkpt>
   <trkpt lat="45.7654210" lon="4.7524230">
    <ele>229.9</ele>
    <time>2026-08-07T09:02:11Z</time>
   </trkpt>
   <trkpt lat="45.7654280" lon="4.7523920">
    <ele>229.9</ele>
    <time>2026-08-07T09:02:12Z</time>
   </trkpt>
   <trkpt lat="45.7654230" lon="4.7523680">
    <ele>229.8</ele>
    <time>2026-08-07T09:02:13Z</time>
   </trkpt>
   <trkpt lat="45.7654150" lon="4.7523380">
    <ele>229.8</ele>
    <time>2026-08-07T09:02:14Z</time>
   </trkpt>
   <trkpt lat="45.7654160" lon="4.7523040">
    <ele>229.7</ele>
    <time>2026-08-07T09:02:15Z</time>
   </trkpt>
   <trkpt lat="45.7654080" lon="4.7522690">
    <ele>229.7</ele>
    <time>2026-08-07T09:02:16Z</time>
   </trkpt>
   <trkpt lat="45.7653850" lon="4.7522480">
    <ele>229.5</ele>
    <time>2026-08-07T09:02:17Z</time>
   </trkpt>
   <trkpt lat="45.7653640" lon="4.7522300">
    <ele>229.4</ele>
    <time>2026-08-07T09:02:18Z</time>
   </trkpt>
   <trkpt lat="45.7653510" lon="4.7522130">
    <ele>229.4</ele>
    <time>2026-08-07T09:02:19Z</time>
   </trkpt>
   <trkpt lat="45.7653460" lon="4.7522100">
    <ele>229.4</ele>
    <time>2026-08-07T09:02:20Z</time>
   </trkpt>
   <trkpt lat="45.7653210" lon="4.7521890">
    <ele>229.2</ele>
    <time>2026-08-07T09:02:21Z</time>
   </trkpt>
   <trkpt lat="45.7652950" lon="4.7521540">
    <ele>229.1</ele>
    <time>2026-08-07T09:02:22Z</time>
   </trkpt>
   <trkpt lat="45.7652810" lon="4.7521230">
    <ele>229.0</ele>
    <time>2026-08-07T09:02:23Z</time>
   </trkpt>
   <trkpt lat="45.7652570" lon="4.7520950">
    <ele>228.9</ele>
    <time>2026-08-07T09:02:24Z</time>
   </trkpt>
   <trkpt lat="45.7652460" lon="4.7520490">
    <ele>228.8</ele>
    <time>2026-08-07T09:02:25Z</time>
   </trkpt>
   <trkpt lat="45.7652320" lon="4.7520080">
    <ele>228.6</ele>
    <time>2026-08-07T09:02:26Z</time>
   </trkpt>
   <trkpt lat="45.7652210" lon="4.7519670">
    <ele>228.6</ele>
    <time>2026-08-07T09:02:27Z</time>
   </trkpt>
   <trkpt lat="45.7652060" lon="4.7519270">
    <ele>228.5</ele>
    <time>2026-08-07T09:02:28Z</time>
   </trkpt>
   <trkpt lat="45.7651990" lon="4.7518820">
    <ele>228.4</ele>
    <time>2026-08-07T09:02:29Z</time>
   </trkpt>
   <trkpt lat="45.7651980" lon="4.7518330">
    <ele>228.4</ele>
    <time>2026-08-07T09:02:30Z</time>
   </trkpt>
   <trkpt lat="45.7651940" lon="4.7518000">
    <ele>228.3</ele>
    <time>2026-08-07T09:02:31Z</time>
   </trkpt>
   <trkpt lat="45.7651970" lon="4.7517660">
    <ele>228.3</ele>
    <time>2026-08-07T09:02:32Z</time>
   </trkpt>
   <trkpt lat="45.7651980" lon="4.7517170">
    <ele>228.3</ele>
    <time>2026-08-07T09:02:33Z</time>
   </trkpt>
   <trkpt lat="45.7652000" lon="4.7516650">
    <ele>228.3</ele>
    <time>2026-08-07T09:02:34Z</time>
   </trkpt>
   <trkpt lat="45.7652050" lon="4.7516300">
    <ele>228.3</ele>
    <time>2026-08-07T09:02:35Z</time>
   </trkpt>
   <trkpt lat="45.7652120" lon="4.7515930">
    <ele>228.3</ele>
    <time>2026-08-07T09:02:36Z</time>
   </trkpt>
   <trkpt lat="45.7652230" lon="4.7515510">
    <ele>228.3</ele>
    <time>2026-08-07T09:02:37Z</time>
   </trkpt>
   <trkpt lat="45.7652360" lon="4.7515180">
    <ele>228.3</ele>
    <time>2026-08-07T09:02:38Z</time>
   </trkpt>
   <trkpt lat="45.7652480" lon="4.7514810">
    <ele>228.4</ele>
    <time>2026-08-07T09:02:39Z</time>
   </trkpt>
   <trkpt lat="45.7652680" lon="4.7514400">
    <ele>228.4</ele>
    <time>2026-08-07T09:02:40Z</time>
   </trkpt>
   <trkpt lat="45.7652870" lon="4.7514110">
    <ele>228.4</ele>
    <time>2026-08-07T09:02:41Z</time>
   </trkpt>
   <trkpt lat="45.7653100" lon="4.7513850">
    <ele>228.4</ele>
    <time>2026-08-07T09:02:42Z</time>
   </trkpt>
   <trkpt lat="45.7653330" lon="4.7513530">
    <ele>228.5</ele>
    <time>2026-08-07T09:02:43Z</time>
   </trkpt>
   <trkpt lat="45.7653540" lon="4.7513340">
    <ele>228.5</ele>
    <time>2026-08-07T09:02:44Z</time>
   </trkpt>
   <trkpt lat="45.7653790" lon="4.7513130">
    <ele>228.5</ele>
    <time>2026-08-07T09:02:45Z</time>
   </trkpt>
   <trkpt lat="45.7654040" lon="4.7513000">
    <ele>228.6</ele>
    <time>2026-08-07T09:02:46Z</time>
   </trkpt>
   <trkpt lat="45.7654240" lon="4.7512870">
    <ele>228.6</ele>
    <time>2026-08-07T09:02:47Z</time>
   </trkpt>
   <trkpt lat="45.7654450" lon="4.7512790">
    <ele>228.6</ele>
    <time>2026-08-07T09:02:48Z</time>
   </trkpt>
   <trkpt lat="45.7654680" lon="4.7512780">
    <ele>228.6</ele>
    <time>2026-08-07T09:02:49Z</time>
   </trkpt>
   <trkpt lat="45.7654880" lon="4.7512820">
    <ele>228.5</ele>
    <time>2026-08-07T09:02:50Z</time>
   </trkpt>
   <trkpt lat="45.7655170" lon="4.7512860">
    <ele>228.4</ele>
    <time>2026-08-07T09:02:51Z</time>
   </trkpt>
   <trkpt lat="45.7655500" lon="4.7512890">
    <ele>228.7</ele>
    <time>2026-08-07T09:02:52Z</time>
   </trkpt>
   <trkpt lat="45.7655790" lon="4.7512910">
    <ele>228.9</ele>
    <time>2026-08-07T09:02:53Z</time>
   </trkpt>
   <trkpt lat="45.7656150" lon="4.7512990">
    <ele>229.2</ele>
    <time>2026-08-07T09:02:54Z</time>
   </trkpt>
   <trkpt lat="45.7656400" lon="4.7513000">
    <ele>229.3</ele>
    <time>2026-08-07T09:02:55Z</time>
   </trkpt>
   <trkpt lat="45.7656750" lon="4.7512990">
    <ele>229.4</ele>
    <time>2026-08-07T09:02:56Z</time>
   </trkpt>
   <trkpt lat="45.7657080" lon="4.7513030">
    <ele>229.5</ele>
    <time>2026-08-07T09:02:57Z</time>
   </trkpt>
   <trkpt lat="45.7657370" lon="4.7513160">
    <ele>229.5</ele>
    <time>2026-08-07T09:02:58Z</time>
   </trkpt>
   <trkpt lat="45.7657650" lon="4.7513260">
    <ele>229.6</ele>
    <time>2026-08-07T09:02:59Z</time>
   </trkpt>
   <trkpt lat="45.7657930" lon="4.7513380">
    <ele>229.7</ele>
    <time>2026-08-07T09:03:00Z</time>
   </trkpt>
   <trkpt lat="45.7658130" lon="4.7513610">
    <ele>229.7</ele>
    <time>2026-08-07T09:03:01Z</time>
   </trkpt>
   <trkpt lat="45.7658350" lon="4.7513840">
    <ele>229.8</ele>
    <time>2026-08-07T09:03:02Z</time>
   </trkpt>
   <trkpt lat="45.7658590" lon="4.7514010">
    <ele>229.8</ele>
    <time>2026-08-07T09:03:03Z</time>
   </trkpt>
   <trkpt lat="45.7658870" lon="4.7514000">
    <ele>229.9</ele>
    <time>2026-08-07T09:03:04Z</time>
   </trkpt>
   <trkpt lat="45.7659090" lon="4.7513840">
    <ele>229.9</ele>
    <time>2026-08-07T09:03:05Z</time>
   </trkpt>
   <trkpt lat="45.7659360" lon="4.7513640">
    <ele>229.8</ele>
    <time>2026-08-07T09:03:06Z</time>
   </trkpt>
   <trkpt lat="45.7659550" lon="4.7513450">
    <ele>229.7</ele>
    <time>2026-08-07T09:03:07Z</time>
   </trkpt>
   <trkpt lat="45.7659860" lon="4.7513280">
    <ele>229.6</ele>
    <time>2026-08-07T09:03:08Z</time>
   </trkpt>
   <trkpt lat="45.7660110" lon="4.7513200">
    <ele>229.5</ele>
    <time>2026-08-07T09:03:09Z</time>
   </trkpt>
   <trkpt lat="45.7660300" lon="4.7512940">
    <ele>229.3</ele>
    <time>2026-08-07T09:03:10Z</time>
   </trkpt>
   <trkpt lat="45.7660460" lon="4.7512670">
    <ele>229.2</ele>
    <time>2026-08-07T09:03:11Z</time>
   </trkpt>
   <trkpt lat="45.7660630" lon="4.7512420">
    <ele>229.0</ele>
    <time>2026-08-07T09:03:12Z</time>
   </trkpt>
   <trkpt lat="45.7660850" lon="4.7512140">
    <ele>228.8</ele>
    <time>2026-08-07T09:03:13Z</time>
   </trkpt>
   <trkpt lat="45.7661060" lon="4.7511840">
    <ele>228.6</ele>
    <time>2026-08-07T09:03:14Z</time>
   </trkpt>
   <trkpt lat="45.7661340" lon="4.7511520">
    <ele>228.3</ele>
    <time>2026-08-07T09:03:15Z</time>
   </trkpt>
   <trkpt lat="45.7661560" lon="4.7511180">
    <ele>228.0</ele>
    <time>2026-08-07T09:03:16Z</time>
   </trkpt>
   <trkpt lat="45.7661660" lon="4.7510820">
    <ele>227.8</ele>
    <time>2026-08-07T09:03:17Z</time>
   </trkpt>
   <trkpt lat="45.7661760" lon="4.7510490">
    <ele>227.6</ele>
    <time>2026-08-07T09:03:18Z</time>
   </trkpt>
   <trkpt lat="45.7661940" lon="4.7510150">
    <ele>227.3</ele>
    <time>2026-08-07T09:03:19Z</time>
   </trkpt>
   <trkpt lat="45.7662070" lon="4.7509850">
    <ele>227.1</ele>
    <time>2026-08-07T09:03:20Z</time>
   </trkpt>
   <trkpt lat="45.7662200" lon="4.7509480">
    <ele>226.8</ele>
    <time>2026-08-07T09:03:21Z</time>
   </trkpt>
   <trkpt lat="45.7662340" lon="4.7509170">
    <ele>226.6</ele>
    <time>2026-08-07T09:03:22Z</time>
   </trkpt>
   <trkpt lat="45.7662510" lon="4.7508760">
    <ele>226.2</ele>
    <time>2026-08-07T09:03:23Z</time>
   </trkpt>
   <trkpt lat="45.7662680" lon="4.7508460">
    <ele>226.0</ele>
    <time>2026-08-07T09:03:24Z</time>
   </trkpt>
   <trkpt lat="45.7662800" lon="4.7508070">
    <ele>225.8</ele>
    <time>2026-08-07T09:03:25Z</time>
   </trkpt>
   <trkpt lat="45.7662930" lon="4.7507690">
    <ele>225.5</ele>
    <time>2026-08-07T09:03:26Z</time>
   </trkpt>
   <trkpt lat="45.7663060" lon="4.7507340">
    <ele>225.3</ele>
    <time>2026-08-07T09:03:27Z</time>
   </trkpt>
   <trkpt lat="45.7663210" lon="4.7507050">
    <ele>225.1</ele>
    <time>2026-08-07T09:03:28Z</time>
   </trkpt>
   <trkpt lat="45.7663440" lon="4.7506700">
    <ele>224.8</ele>
    <time>2026-08-07T09:03:29Z</time>
   </trkpt>
   <trkpt lat="45.7663610" lon="4.7506270">
    <ele>224.5</ele>
    <time>2026-08-07T09:03:30Z</time>
   </trkpt>
   <trkpt lat="45.7663820" lon="4.7505950">
    <ele>224.3</ele>
    <time>2026-08-07T09:03:31Z</time>
   </trkpt>
   <trkpt lat="45.7663980" lon="4.7505710">
    <ele>224.1</ele>
    <time>2026-08-07T09:03:32Z</time>
   </trkpt>
   <trkpt lat="45.7664060" lon="4.7505330">
    <ele>223.9</ele>
    <time>2026-08-07T09:03:33Z</time>
   </trkpt>
   <trkpt lat="45.7664200" lon="4.7505020">
    <ele>223.8</ele>
    <time>2026-08-07T09:03:34Z</time>
   </trkpt>
   <trkpt lat="45.7664340" lon="4.7504690">
    <ele>223.6</ele>
    <time>2026-08-07T09:03:35Z</time>
   </trkpt>
   <trkpt lat="45.7664510" lon="4.7504310">
    <ele>223.4</ele>
    <time>2026-08-07T09:03:36Z</time>
   </trkpt>
   <trkpt lat="45.7664670" lon="4.7503900">
    <ele>223.1</ele>
    <time>2026-08-07T09:03:37Z</time>
   </trkpt>
   <trkpt lat="45.7664770" lon="4.7503480">
    <ele>222.9</ele>
    <time>2026-08-07T09:03:38Z</time>
   </trkpt>
   <trkpt lat="45.7664960" lon="4.7503150">
    <ele>222.8</ele>
    <time>2026-08-07T09:03:39Z</time>
   </trkpt>
   <trkpt lat="45.7665150" lon="4.7502860">
    <ele>222.6</ele>
    <time>2026-08-07T09:03:40Z</time>
   </trkpt>
   <trkpt lat="45.7665380" lon="4.7502610">
    <ele>222.4</ele>
    <time>2026-08-07T09:03:41Z</time>
   </trkpt>
   <trkpt lat="45.7665710" lon="4.7502320">
    <ele>222.2</ele>
    <time>2026-08-07T09:03:42Z</time>
   </trkpt>
   <trkpt lat="45.7665940" lon="4.7501980">
    <ele>222.0</ele>
    <time>2026-08-07T09:03:43Z</time>
   </trkpt>
   <trkpt lat="45.7666090" lon="4.7501740">
    <ele>221.8</ele>
    <time>2026-08-07T09:03:44Z</time>
   </trkpt>
   <trkpt lat="45.7666420" lon="4.7501600">
    <ele>221.6</ele>
    <time>2026-08-07T09:03:45Z</time>
   </trkpt>
   <trkpt lat="45.7666680" lon="4.7501250">
    <ele>221.5</ele>
    <time>2026-08-07T09:03:46Z</time>
   </trkpt>
   <trkpt lat="45.7666940" lon="4.7500690">
    <ele>221.2</ele>
    <time>2026-08-07T09:03:47Z</time>
   </trkpt>
   <trkpt lat="45.7667200" lon="4.7500380">
    <ele>221.1</ele>
    <time>2026-08-07T09:03:48Z</time>
   </trkpt>
   <trkpt lat="45.7667380" lon="4.7499930">
    <ele>220.9</ele>
    <time>2026-08-07T09:03:49Z</time>
   </trkpt>
   <trkpt lat="45.7667610" lon="4.7499490">
    <ele>220.7</ele>
    <time>2026-08-07T09:03:50Z</time>
   </trkpt>
   <trkpt lat="45.7667840" lon="4.7499210">
    <ele>220.6</ele>
    <time>2026-08-07T09:03:51Z</time>
   </trkpt>
   <trkpt lat="45.7668090" lon="4.7499010">
    <ele>220.5</ele>
    <time>2026-08-07T09:03:52Z</time>
   </trkpt>
   <trkpt lat="45.7668340" lon="4.7498730">
    <ele>220.3</ele>
    <time>2026-08-07T09:03:53Z</time>
   </trkpt>
   <trkpt lat="45.7668560" lon="4.7498480">
    <ele>220.2</ele>
    <time>2026-08-07T09:03:54Z</time>
   </trkpt>
   <trkpt lat="45.7668810" lon="4.7498300">
    <ele>220.1</ele>
    <time>2026-08-07T09:03:55Z</time>
   </trkpt>
   <trkpt lat="45.7669040" lon="4.7498070">
    <ele>220.0</ele>
    <time>2026-08-07T09:03:56Z</time>
   </trkpt>
   <trkpt lat="45.7669230" lon="4.7497730">
    <ele>219.9</ele>
    <time>2026-08-07T09:03:57Z</time>
   </trkpt>
   <trkpt lat="45.7669490" lon="4.7497520">
    <ele>219.7</ele>
    <time>2026-08-07T09:03:58Z</time>
   </trkpt>
   <trkpt lat="45.7669750" lon="4.7497310">
    <ele>219.6</ele>
    <time>2026-08-07T09:03:59Z</time>
   </trkpt>
   <trkpt lat="45.7670030" lon="4.7497200">
    <ele>219.5</ele>
    <time>2026-08-07T09:04:00Z</time>
   </trkpt>
   <trkpt lat="45.7670270" lon="4.7496930">
    <ele>219.4</ele>
    <time>2026-08-07T09:04:01Z</time>
   </trkpt>
   <trkpt lat="45.7670510" lon="4.7496640">
    <ele>219.3</ele>
    <time>2026-08-07T09:04:02Z</time>
   </trkpt>
   <trkpt lat="45.7670730" lon="4.7496430">
    <ele>219.3</ele>
    <time>2026-08-07T09:04:03Z</time>
   </trkpt>
   <trkpt lat="45.7671030" lon="4.7496150">
    <ele>219.2</ele>
    <time>2026-08-07T09:04:04Z</time>
   </trkpt>
   <trkpt lat="45.7671240" lon="4.7495960">
    <ele>219.1</ele>
    <time>2026-08-07T09:04:05Z</time>
   </trkpt>
   <trkpt lat="45.7671480" lon="4.7495790">
    <ele>219.0</ele>
    <time>2026-08-07T09:04:06Z</time>
   </trkpt>
   <trkpt lat="45.7671710" lon="4.7495480">
    <ele>218.9</ele>
    <time>2026-08-07T09:04:07Z</time>
   </trkpt>
   <trkpt lat="45.7671970" lon="4.7495310">
    <ele>218.9</ele>
    <time>2026-08-07T09:04:08Z</time>
   </trkpt>
   <trkpt lat="45.7672280" lon="4.7495180">
    <ele>218.8</ele>
    <time>2026-08-07T09:04:09Z</time>
   </trkpt>
   <trkpt lat="45.7672540" lon="4.7494990">
    <ele>218.7</ele>
    <time>2026-08-07T09:04:10Z</time>
   </trkpt>
   <trkpt lat="45.7672780" lon="4.7494850">
    <ele>218.7</ele>
    <time>2026-08-07T09:04:11Z</time>
   </trkpt>
   <trkpt lat="45.7673080" lon="4.7494760">
    <ele>218.7</ele>
    <time>2026-08-07T09:04:12Z</time>
   </trkpt>
   <trkpt lat="45.7673340" lon="4.7494640">
    <ele>218.6</ele>
    <time>2026-08-07T09:04:13Z</time>
   </trkpt>
   <trkpt lat="45.7673640" lon="4.7494550">
    <ele>218.6</ele>
    <time>2026-08-07T09:04:14Z</time>
   </trkpt>
   <trkpt lat="45.7673920" lon="4.7494410">
    <ele>218.6</ele>
    <time>2026-08-07T09:04:15Z</time>
   </trkpt>
   <trkpt lat="45.7674220" lon="4.7494290">
    <ele>218.5</ele>
    <time>2026-08-07T09:04:16Z</time>
   </trkpt>
   <trkpt lat="45.7674530" lon="4.7494160">
    <ele>218.5</ele>
    <time>2026-08-07T09:04:17Z</time>
   </trkpt>
   <trkpt lat="45.7674780" lon="4.7494080">
    <ele>218.5</ele>
    <time>2026-08-07T09:04:18Z</time>
   </trkpt>
   <trkpt lat="45.7675040" lon="4.7493990">
    <ele>218.5</ele>
    <time>2026-08-07T09:04:19Z</time>
   </trkpt>
   <trkpt lat="45.7675330" lon="4.7493890">
    <ele>218.5</ele>
    <time>2026-08-07T09:04:20Z</time>
   </trkpt>
   <trkpt lat="45.7675610" lon="4.7493810">
    <ele>218.5</ele>
    <time>2026-08-07T09:04:21Z</time>
   </trkpt>
   <trkpt lat="45.7675920" lon="4.7493800">
    <ele>218.5</ele>
    <time>2026-08-07T09:04:22Z</time>
   </trkpt>
   <trkpt lat="45.7676190" lon="4.7493630">
    <ele>218.5</ele>
    <time>2026-08-07T09:04:23Z</time>
   </trkpt>
   <trkpt lat="45.7676500" lon="4.7493650">
    <ele>218.5</ele>
    <time>2026-08-07T09:04:24Z</time>
   </trkpt>
   <trkpt lat="45.7676780" lon="4.7493690">
    <ele>218.5</ele>
    <time>2026-08-07T09:04:25Z</time>
   </trkpt>
   <trkpt lat="45.7676980" lon="4.7493540">
    <ele>218.5</ele>
    <time>2026-08-07T09:04:26Z</time>
   </trkpt>
   <trkpt lat="45.7677230" lon="4.7493420">
    <ele>218.5</ele>
    <time>2026-08-07T09:04:27Z</time>
   </trkpt>
   <trkpt lat="45.7677520" lon="4.7493290">
    <ele>218.5</ele>
    <time>2026-08-07T09:04:28Z</time>
   </trkpt>
   <trkpt lat="45.7677780" lon="4.7493210">
    <ele>218.5</ele>
    <time>2026-08-07T09:04:29Z</time>
   </trkpt>
   <trkpt lat="45.7678090" lon="4.7493200">
    <ele>218.5</ele>
    <time>2026-08-07T09:04:30Z</time>
   </trkpt>
   <trkpt lat="45.7678390" lon="4.7493050">
    <ele>218.5</ele>
    <time>2026-08-07T09:04:31Z</time>
   </trkpt>
   <trkpt lat="45.7678620" lon="4.7492920">
    <ele>218.5</ele>
    <time>2026-08-07T09:04:32Z</time>
   </trkpt>
   <trkpt lat="45.7678900" lon="4.7492880">
    <ele>218.5</ele>
    <time>2026-08-07T09:04:33Z</time>
   </trkpt>
   <trkpt lat="45.7679190" lon="4.7492880">
    <ele>218.4</ele>
    <time>2026-08-07T09:04:34Z</time>
   </trkpt>
   <trkpt lat="45.7679500" lon="4.7492880">
    <ele>218.4</ele>
    <time>2026-08-07T09:04:35Z</time>
   </trkpt>
   <trkpt lat="45.7679770" lon="4.7492810">
    <ele>218.4</ele>
    <time>2026-08-07T09:04:36Z</time>
   </trkpt>
   <trkpt lat="45.7680020" lon="4.7492780">
    <ele>218.4</ele>
    <time>2026-08-07T09:04:37Z</time>
   </trkpt>
   <trkpt lat="45.7680330" lon="4.7492800">
    <ele>218.4</ele>
    <time>2026-08-07T09:04:38Z</time>
   </trkpt>
   <trkpt lat="45.7680660" lon="4.7492700">
    <ele>218.4</ele>
    <time>2026-08-07T09:04:39Z</time>
   </trkpt>
   <trkpt lat="45.7680960" lon="4.7492470">
    <ele>218.4</ele>
    <time>2026-08-07T09:04:40Z</time>
   </trkpt>
   <trkpt lat="45.7681270" lon="4.7492280">
    <ele>218.5</ele>
    <time>2026-08-07T09:04:41Z</time>
   </trkpt>
   <trkpt lat="45.7681560" lon="4.7492160">
    <ele>218.5</ele>
    <time>2026-08-07T09:04:42Z</time>
   </trkpt>
   <trkpt lat="45.7681780" lon="4.7492010">
    <ele>218.5</ele>
    <time>2026-08-07T09:04:43Z</time>
   </trkpt>
   <trkpt lat="45.7682100" lon="4.7491920">
    <ele>218.5</ele>
    <time>2026-08-07T09:04:44Z</time>
   </trkpt>
   <trkpt lat="45.7682380" lon="4.7491840">
    <ele>218.5</ele>
    <time>2026-08-07T09:04:45Z</time>
   </trkpt>
   <trkpt lat="45.7682610" lon="4.7491750">
    <ele>218.5</ele>
    <time>2026-08-07T09:04:46Z</time>
   </trkpt>
   <trkpt lat="45.7682880" lon="4.7491610">
    <ele>218.5</ele>
    <time>2026-08-07T09:04:47Z</time>
   </trkpt>
   <trkpt lat="45.7683150" lon="4.7491540">
    <ele>218.5</ele>
    <time>2026-08-07T09:04:48Z</time>
   </trkpt>
   <trkpt lat="45.7683410" lon="4.7491540">
    <ele>218.6</ele>
    <time>2026-08-07T09:04:49Z</time>
   </trkpt>
   <trkpt lat="45.7683640" lon="4.7491310">
    <ele>218.6</ele>
    <time>2026-08-07T09:04:50Z</time>
   </trkpt>
   <trkpt lat="45.7683880" lon="4.7491140">
    <ele>218.6</ele>
    <time>2026-08-07T09:04:51Z</time>
   </trkpt>
   <trkpt lat="45.7684110" lon="4.7490920">
    <ele>218.6</ele>
    <time>2026-08-07T09:04:52Z</time>
   </trkpt>
   <trkpt lat="45.7684340" lon="4.7490730">
    <ele>218.6</ele>
    <time>2026-08-07T09:04:53Z</time>
   </trkpt>
   <trkpt lat="45.7684700" lon="4.7490750">
    <ele>218.6</ele>
    <time>2026-08-07T09:04:54Z</time>
   </trkpt>
   <trkpt lat="45.7685010" lon="4.7490750">
    <ele>218.6</ele>
    <time>2026-08-07T09:04:55Z</time>
   </trkpt>
   <trkpt lat="45.7685330" lon="4.7490780">
    <ele>218.6</ele>
    <time>2026-08-07T09:04:56Z</time>
   </trkpt>
   <trkpt lat="45.7685630" lon="4.7490800">
    <ele>218.6</ele>
    <time>2026-08-07T09:04:57Z</time>
   </trkpt>
   <trkpt lat="45.7685940" lon="4.7490620">
    <ele>218.5</ele>
    <time>2026-08-07T09:04:58Z</time>
   </trkpt>
   <trkpt lat="45.7686160" lon="4.7490470">
    <ele>218.5</ele>
    <time>2026-08-07T09:04:59Z</time>
   </trkpt>
   <trkpt lat="45.7686460" lon="4.7490410">
    <ele>218.5</ele>
    <time>2026-08-07T09:05:00Z</time>
   </trkpt>
   <trkpt lat="45.7686740" lon="4.7490440">
    <ele>218.5</ele>
    <time>2026-08-07T09:05:01Z</time>
   </trkpt>
   <trkpt lat="45.7686970" lon="4.7490430">
    <ele>218.4</ele>
    <time>2026-08-07T09:05:02Z</time>
   </trkpt>
   <trkpt lat="45.7687270" lon="4.7490500">
    <ele>218.4</ele>
    <time>2026-08-07T09:05:03Z</time>
   </trkpt>
   <trkpt lat="45.7687570" lon="4.7490550">
    <ele>218.4</ele>
    <time>2026-08-07T09:05:04Z</time>
   </trkpt>
   <trkpt lat="45.7687870" lon="4.7490530">
    <ele>218.4</ele>
    <time>2026-08-07T09:05:05Z</time>
   </trkpt>
   <trkpt lat="45.7688150" lon="4.7490430">
    <ele>218.3</ele>
    <time>2026-08-07T09:05:06Z</time>
   </trkpt>
   <trkpt lat="45.7688460" lon="4.7490300">
    <ele>218.3</ele>
    <time>2026-08-07T09:05:07Z</time>
   </trkpt>
   <trkpt lat="45.7688800" lon="4.7490120">
    <ele>218.3</ele>
    <time>2026-08-07T09:05:08Z</time>
   </trkpt>
   <trkpt lat="45.7689070" lon="4.7490100">
    <ele>218.3</ele>
    <time>2026-08-07T09:05:09Z</time>
   </trkpt>
   <trkpt lat="45.7689370" lon="4.7490110">
    <ele>218.3</ele>
    <time>2026-08-07T09:05:10Z</time>
   </trkpt>
   <trkpt lat="45.7689610" lon="4.7490090">
    <ele>218.3</ele>
    <time>2026-08-07T09:05:11Z</time>
   </trkpt>
   <trkpt lat="45.7689860" lon="4.7490070">
    <ele>218.3</ele>
    <time>2026-08-07T09:05:12Z</time>
   </trkpt>
   <trkpt lat="45.7690050" lon="4.7490230">
    <ele>218.2</ele>
    <time>2026-08-07T09:05:13Z</time>
   </trkpt>
   <trkpt lat="45.7690320" lon="4.7490200">
    <ele>218.2</ele>
    <time>2026-08-07T09:05:14Z</time>
   </trkpt>
   <trkpt lat="45.7690600" lon="4.7490160">
    <ele>218.2</ele>
    <time>2026-08-07T09:05:15Z</time>
   </trkpt>
   <trkpt lat="45.7690910" lon="4.7490160">
    <ele>218.2</ele>
    <time>2026-08-07T09:05:16Z</time>
   </trkpt>
   <trkpt lat="45.7691210" lon="4.7490260">
    <ele>218.2</ele>
    <time>2026-08-07T09:05:17Z</time>
   </trkpt>
   <trkpt lat="45.7691480" lon="4.7490260">
    <ele>218.2</ele>
    <time>2026-08-07T09:05:18Z</time>
   </trkpt>
   <trkpt lat="45.7691730" lon="4.7490230">
    <ele>218.2</ele>
    <time>2026-08-07T09:05:19Z</time>
   </trkpt>
   <trkpt lat="45.7691980" lon="4.7490310">
    <ele>218.2</ele>
    <time>2026-08-07T09:05:20Z</time>
   </trkpt>
   <trkpt lat="45.7692200" lon="4.7490450">
    <ele>218.2</ele>
    <time>2026-08-07T09:05:21Z</time>
   </trkpt>
   <trkpt lat="45.7692450" lon="4.7490510">
    <ele>218.2</ele>
    <time>2026-08-07T09:05:22Z</time>
   </trkpt>
   <trkpt lat="45.7692740" lon="4.7490560">
    <ele>218.2</ele>
    <time>2026-08-07T09:05:23Z</time>
   </trkpt>
   <trkpt lat="45.7692980" lon="4.7490570">
    <ele>218.2</ele>
    <time>2026-08-07T09:05:24Z</time>
   </trkpt>
   <trkpt lat="45.7693230" lon="4.7490570">
    <ele>218.2</ele>
    <time>2026-08-07T09:05:25Z</time>
   </trkpt>
   <trkpt lat="45.7693480" lon="4.7490640">
    <ele>218.3</ele>
    <time>2026-08-07T09:05:26Z</time>
   </trkpt>
   <trkpt lat="45.7693770" lon="4.7490750">
    <ele>218.3</ele>
    <time>2026-08-07T09:05:27Z</time>
   </trkpt>
   <trkpt lat="45.7693960" lon="4.7490830">
    <ele>218.3</ele>
    <time>2026-08-07T09:05:28Z</time>
   </trkpt>
   <trkpt lat="45.7694220" lon="4.7490670">
    <ele>218.3</ele>
    <time>2026-08-07T09:05:29Z</time>
   </trkpt>
   <trkpt lat="45.7694530" lon="4.7490710">
    <ele>218.4</ele>
    <time>2026-08-07T09:05:30Z</time>
   </trkpt>
   <trkpt lat="45.7694880" lon="4.7490740">
    <ele>218.4</ele>
    <time>2026-08-07T09:05:31Z</time>
   </trkpt>
   <trkpt lat="45.7695180" lon="4.7490800">
    <ele>218.5</ele>
    <time>2026-08-07T09:05:32Z</time>
   </trkpt>
   <trkpt lat="45.7695460" lon="4.7490930">
    <ele>218.6</ele>
    <time>2026-08-07T09:05:33Z</time>
   </trkpt>
   <trkpt lat="45.7695690" lon="4.7491080">
    <ele>218.6</ele>
    <time>2026-08-07T09:05:34Z</time>
   </trkpt>
   <trkpt lat="45.7695990" lon="4.7491240">
    <ele>218.7</ele>
    <time>2026-08-07T09:05:35Z</time>
   </trkpt>
   <trkpt lat="45.7696240" lon="4.7491300">
    <ele>218.7</ele>
    <time>2026-08-07T09:05:36Z</time>
   </trkpt>
   <trkpt lat="45.7696470" lon="4.7491330">
    <ele>218.8</ele>
    <time>2026-08-07T09:05:37Z</time>
   </trkpt>
   <trkpt lat="45.7696710" lon="4.7491340">
    <ele>218.8</ele>
    <time>2026-08-07T09:05:38Z</time>
   </trkpt>
   <trkpt lat="45.7696920" lon="4.7491310">
    <ele>218.9</ele>
    <time>2026-08-07T09:05:39Z</time>
   </trkpt>
   <trkpt lat="45.7697160" lon="4.7491320">
    <ele>218.9</ele>
    <time>2026-08-07T09:05:40Z</time>
   </trkpt>
   <trkpt lat="45.7697390" lon="4.7491330">
    <ele>219.0</ele>
    <time>2026-08-07T09:05:41Z</time>
   </trkpt>
   <trkpt lat="45.7697710" lon="4.7491410">
    <ele>219.1</ele>
    <time>2026-08-07T09:05:42Z</time>
   </trkpt>
   <trkpt lat="45.7697980" lon="4.7491400">
    <ele>219.1</ele>
    <time>2026-08-07T09:05:43Z</time>
   </trkpt>
   <trkpt lat="45.7698220" lon="4.7491370">
    <ele>219.2</ele>
    <time>2026-08-07T09:05:44Z</time>
   </trkpt>
   <trkpt lat="45.7698520" lon="4.7491420">
    <ele>219.3</ele>
    <time>2026-08-07T09:05:45Z</time>
   </trkpt>
   <trkpt lat="45.7698870" lon="4.7491530">
    <ele>219.4</ele>
    <time>2026-08-07T09:05:46Z</time>
   </trkpt>
   <trkpt lat="45.7699140" lon="4.7491660">
    <ele>219.4</ele>
    <time>2026-08-07T09:05:47Z</time>
   </trkpt>
   <trkpt lat="45.7699500" lon="4.7491720">
    <ele>219.5</ele>
    <time>2026-08-07T09:05:48Z</time>
   </trkpt>
   <trkpt lat="45.7699780" lon="4.7491720">
    <ele>219.6</ele>
    <time>2026-08-07T09:05:49Z</time>
   </trkpt>
   <trkpt lat="45.7700040" lon="4.7491620">
    <ele>219.6</ele>
    <time>2026-08-07T09:05:50Z</time>
   </trkpt>
   <trkpt lat="45.7700420" lon="4.7491740">
    <ele>219.7</ele>
    <time>2026-08-07T09:05:51Z</time>
   </trkpt>
   <trkpt lat="45.7700750" lon="4.7491800">
    <ele>219.8</ele>
    <time>2026-08-07T09:05:52Z</time>
   </trkpt>
   <trkpt lat="45.7701040" lon="4.7491790">
    <ele>219.9</ele>
    <time>2026-08-07T09:05:53Z</time>
   </trkpt>
   <trkpt lat="45.7701280" lon="4.7491770">
    <ele>219.9</ele>
    <time>2026-08-07T09:05:54Z</time>
   </trkpt>
   <trkpt lat="45.7701500" lon="4.7491710">
    <ele>220.0</ele>
    <time>2026-08-07T09:05:55Z</time>
   </trkpt>
   <trkpt lat="45.7701790" lon="4.7491760">
    <ele>220.0</ele>
    <time>2026-08-07T09:05:56Z</time>
   </trkpt>
   <trkpt lat="45.7701970" lon="4.7491840">
    <ele>220.1</ele>
    <time>2026-08-07T09:05:57Z</time>
   </trkpt>
   <trkpt lat="45.7702190" lon="4.7491860">
    <ele>220.1</ele>
    <time>2026-08-07T09:05:58Z</time>
   </trkpt>
   <trkpt lat="45.7702460" lon="4.7491890">
    <ele>220.2</ele>
    <time>2026-08-07T09:05:59Z</time>
   </trkpt>
   <trkpt lat="45.7702730" lon="4.7491940">
    <ele>220.2</ele>
    <time>2026-08-07T09:06:00Z</time>
   </trkpt>
   <trkpt lat="45.7702990" lon="4.7492010">
    <ele>220.3</ele>
    <time>2026-08-07T09:06:01Z</time>
   </trkpt>
   <trkpt lat="45.7703220" lon="4.7492080">
    <ele>220.3</ele>
    <time>2026-08-07T09:06:02Z</time>
   </trkpt>
   <trkpt lat="45.7703500" lon="4.7492100">
    <ele>220.3</ele>
    <time>2026-08-07T09:06:03Z</time>
   </trkpt>
   <trkpt lat="45.7703810" lon="4.7492220">
    <ele>220.4</ele>
    <time>2026-08-07T09:06:04Z</time>
   </trkpt>
   <trkpt lat="45.7704140" lon="4.7492250">
    <ele>220.5</ele>
    <time>2026-08-07T09:06:05Z</time>
   </trkpt>
   <trkpt lat="45.7704340" lon="4.7492310">
    <ele>220.5</ele>
    <time>2026-08-07T09:06:06Z</time>
   </trkpt>
   <trkpt lat="45.7704530" lon="4.7492240">
    <ele>220.5</ele>
    <time>2026-08-07T09:06:07Z</time>
   </trkpt>
   <trkpt lat="45.7704810" lon="4.7492330">
    <ele>220.5</ele>
    <time>2026-08-07T09:06:08Z</time>
   </trkpt>
   <trkpt lat="45.7705020" lon="4.7492330">
    <ele>220.6</ele>
    <time>2026-08-07T09:06:09Z</time>
   </trkpt>
   <trkpt lat="45.7705230" lon="4.7492560">
    <ele>220.6</ele>
    <time>2026-08-07T09:06:10Z</time>
   </trkpt>
   <trkpt lat="45.7705500" lon="4.7492590">
    <ele>220.6</ele>
    <time>2026-08-07T09:06:11Z</time>
   </trkpt>
   <trkpt lat="45.7705760" lon="4.7492570">
    <ele>220.7</ele>
    <time>2026-08-07T09:06:12Z</time>
   </trkpt>
   <trkpt lat="45.7706030" lon="4.7492640">
    <ele>220.7</ele>
    <time>2026-08-07T09:06:13Z</time>
   </trkpt>
   <trkpt lat="45.7706300" lon="4.7492700">
    <ele>220.7</ele>
    <time>2026-08-07T09:06:14Z</time>
   </trkpt>
   <trkpt lat="45.7706570" lon="4.7492890">
    <ele>220.8</ele>
    <time>2026-08-07T09:06:15Z</time>
   </trkpt>
   <trkpt lat="45.7706810" lon="4.7492980">
    <ele>220.8</ele>
    <time>2026-08-07T09:06:16Z</time>
   </trkpt>
   <trkpt lat="45.7707170" lon="4.7492910">
    <ele>220.8</ele>
    <time>2026-08-07T09:06:17Z</time>
   </trkpt>
   <trkpt lat="45.7707450" lon="4.7492940">
    <ele>220.9</ele>
    <time>2026-08-07T09:06:18Z</time>
   </trkpt>
   <trkpt lat="45.7707700" lon="4.7492930">
    <ele>220.9</ele>
    <time>2026-08-07T09:06:19Z</time>
   </trkpt>
   <trkpt lat="45.7707970" lon="4.7492900">
    <ele>220.9</ele>
    <time>2026-08-07T09:06:20Z</time>
   </trkpt>
   <trkpt lat="45.7708220" lon="4.7492970">
    <ele>220.9</ele>
    <time>2026-08-07T09:06:21Z</time>
   </trkpt>
   <trkpt lat="45.7708530" lon="4.7492900">
    <ele>221.0</ele>
    <time>2026-08-07T09:06:22Z</time>
   </trkpt>
   <trkpt lat="45.7708860" lon="4.7492970">
    <ele>221.0</ele>
    <time>2026-08-07T09:06:23Z</time>
   </trkpt>
   <trkpt lat="45.7709100" lon="4.7493020">
    <ele>221.0</ele>
    <time>2026-08-07T09:06:24Z</time>
   </trkpt>
   <trkpt lat="45.7709370" lon="4.7493100">
    <ele>221.0</ele>
    <time>2026-08-07T09:06:25Z</time>
   </trkpt>
   <trkpt lat="45.7709670" lon="4.7493200">
    <ele>221.1</ele>
    <time>2026-08-07T09:06:26Z</time>
   </trkpt>
   <trkpt lat="45.7709900" lon="4.7493340">
    <ele>221.1</ele>
    <time>2026-08-07T09:06:27Z</time>
   </trkpt>
   <trkpt lat="45.7710170" lon="4.7493240">
    <ele>221.1</ele>
    <time>2026-08-07T09:06:28Z</time>
   </trkpt>
   <trkpt lat="45.7710450" lon="4.7493250">
    <ele>221.1</ele>
    <time>2026-08-07T09:06:29Z</time>
   </trkpt>
   <trkpt lat="45.7710750" lon="4.7493450">
    <ele>221.1</ele>
    <time>2026-08-07T09:06:30Z</time>
   </trkpt>
   <trkpt lat="45.7710990" lon="4.7493550">
    <ele>221.2</ele>
    <time>2026-08-07T09:06:31Z</time>
   </trkpt>
   <trkpt lat="45.7711290" lon="4.7493490">
    <ele>221.2</ele>
    <time>2026-08-07T09:06:32Z</time>
   </trkpt>
   <trkpt lat="45.7711600" lon="4.7493470">
    <ele>221.2</ele>
    <time>2026-08-07T09:06:33Z</time>
   </trkpt>
   <trkpt lat="45.7711880" lon="4.7493450">
    <ele>221.2</ele>
    <time>2026-08-07T09:06:34Z</time>
   </trkpt>
   <trkpt lat="45.7712180" lon="4.7493420">
    <ele>221.2</ele>
    <time>2026-08-07T09:06:35Z</time>
   </trkpt>
   <trkpt lat="45.7712450" lon="4.7493380">
    <ele>221.2</ele>
    <time>2026-08-07T09:06:36Z</time>
   </trkpt>
   <trkpt lat="45.7712750" lon="4.7493470">
    <ele>221.3</ele>
    <time>2026-08-07T09:06:37Z</time>
   </trkpt>
   <trkpt lat="45.7713020" lon="4.7493520">
    <ele>221.3</ele>
    <time>2026-08-07T09:06:38Z</time>
   </trkpt>
   <trkpt lat="45.7713310" lon="4.7493470">
    <ele>221.3</ele>
    <time>2026-08-07T09:06:39Z</time>
   </trkpt>
   <trkpt lat="45.7713430" lon="4.7493310">
    <ele>221.3</ele>
    <time>2026-08-07T09:06:40Z</time>
   </trkpt>
   <trkpt lat="45.7713660" lon="4.7493240">
    <ele>221.3</ele>
    <time>2026-08-07T09:06:41Z</time>
   </trkpt>
   <trkpt lat="45.7713790" lon="4.7493040">
    <ele>221.3</ele>
    <time>2026-08-07T09:06:42Z</time>
   </trkpt>
   <trkpt lat="45.7714030" lon="4.7493000">
    <ele>221.4</ele>
    <time>2026-08-07T09:06:43Z</time>
   </trkpt>
   <trkpt lat="45.7714350" lon="4.7493010">
    <ele>221.4</ele>
    <time>2026-08-07T09:06:44Z</time>
   </trkpt>
   <trkpt lat="45.7714570" lon="4.7492910">
    <ele>221.4</ele>
    <time>2026-08-07T09:06:45Z</time>
   </trkpt>
   <trkpt lat="45.7714810" lon="4.7492970">
    <ele>221.4</ele>
    <time>2026-08-07T09:06:46Z</time>
   </trkpt>
   <trkpt lat="45.7715140" lon="4.7492810">
    <ele>221.4</ele>
    <time>2026-08-07T09:06:47Z</time>
   </trkpt>
   <trkpt lat="45.7715410" lon="4.7492780">
    <ele>221.5</ele>
    <time>2026-08-07T09:06:48Z</time>
   </trkpt>
   <trkpt lat="45.7715700" lon="4.7492790">
    <ele>221.5</ele>
    <time>2026-08-07T09:06:49Z</time>
   </trkpt>
   <trkpt lat="45.7715930" lon="4.7492630">
    <ele>221.5</ele>
    <time>2026-08-07T09:06:50Z</time>
   </trkpt>
   <trkpt lat="45.7716170" lon="4.7492500">
    <ele>221.5</ele>
    <time>2026-08-07T09:06:51Z</time>
   </trkpt>
   <trkpt lat="45.7716460" lon="4.7492340">
    <ele>221.6</ele>
    <time>2026-08-07T09:06:52Z</time>
   </trkpt>
   <trkpt lat="45.7716740" lon="4.7492140">
    <ele>221.6</ele>
    <time>2026-08-07T09:06:53Z</time>
   </trkpt>
   <trkpt lat="45.7717050" lon="4.7492040">
    <ele>221.6</ele>
    <time>2026-08-07T09:06:54Z</time>
   </trkpt>
   <trkpt lat="45.7717310" lon="4.7491890">
    <ele>221.6</ele>
    <time>2026-08-07T09:06:55Z</time>
   </trkpt>
   <trkpt lat="45.7717550" lon="4.7491740">
    <ele>221.6</ele>
    <time>2026-08-07T09:06:56Z</time>
   </trkpt>
   <trkpt lat="45.7717820" lon="4.7491660">
    <ele>221.7</ele>
    <time>2026-08-07T09:06:57Z</time>
   </trkpt>
   <trkpt lat="45.7717990" lon="4.7491480">
    <ele>221.7</ele>
    <time>2026-08-07T09:06:58Z</time>
   </trkpt>
   <trkpt lat="45.7718210" lon="4.7491240">
    <ele>221.7</ele>
    <time>2026-08-07T09:06:59Z</time>
   </trkpt>
   <trkpt lat="45.7718390" lon="4.7491060">
    <ele>221.7</ele>
    <time>2026-08-07T09:07:00Z</time>
   </trkpt>
   <trkpt lat="45.7718550" lon="4.7490800">
    <ele>221.7</ele>
    <time>2026-08-07T09:07:01Z</time>
   </trkpt>
   <trkpt lat="45.7718720" lon="4.7490560">
    <ele>221.7</ele>
    <time>2026-08-07T09:07:02Z</time>
   </trkpt>
   <trkpt lat="45.7718990" lon="4.7490350">
    <ele>221.8</ele>
    <time>2026-08-07T09:07:03Z</time>
   </trkpt>
   <trkpt lat="45.7719360" lon="4.7490340">
    <ele>221.8</ele>
    <time>2026-08-07T09:07:04Z</time>
   </trkpt>
   <trkpt lat="45.7719630" lon="4.7490200">
    <ele>221.8</ele>
    <time>2026-08-07T09:07:05Z</time>
   </trkpt>
   <trkpt lat="45.7719960" lon="4.7490050">
    <ele>221.8</ele>
    <time>2026-08-07T09:07:06Z</time>
   </trkpt>
   <trkpt lat="45.7720240" lon="4.7489920">
    <ele>221.8</ele>
    <time>2026-08-07T09:07:07Z</time>
   </trkpt>
   <trkpt lat="45.7720400" lon="4.7489650">
    <ele>221.9</ele>
    <time>2026-08-07T09:07:08Z</time>
   </trkpt>
   <trkpt lat="45.7720650" lon="4.7489310">
    <ele>221.9</ele>
    <time>2026-08-07T09:07:09Z</time>
   </trkpt>
   <trkpt lat="45.7721040" lon="4.7489350">
    <ele>221.9</ele>
    <time>2026-08-07T09:07:10Z</time>
   </trkpt>
   <trkpt lat="45.7721220" lon="4.7489050">
    <ele>221.9</ele>
    <time>2026-08-07T09:07:11Z</time>
   </trkpt>
   <trkpt lat="45.7721290" lon="4.7488650">
    <ele>221.9</ele>
    <time>2026-08-07T09:07:12Z</time>
   </trkpt>
   <trkpt lat="45.7721490" lon="4.7488360">
    <ele>222.0</ele>
    <time>2026-08-07T09:07:13Z</time>
   </trkpt>
   <trkpt lat="45.7721710" lon="4.7488040">
    <ele>222.0</ele>
    <time>2026-08-07T09:07:14Z</time>
   </trkpt>
   <trkpt lat="45.7721930" lon="4.7487680">
    <ele>222.0</ele>
    <time>2026-08-07T09:07:15Z</time>
   </trkpt>
   <trkpt lat="45.7722260" lon="4.7487440">
    <ele>222.0</ele>
    <time>2026-08-07T09:07:16Z</time>
   </trkpt>
   <trkpt lat="45.7722520" lon="4.7487160">
    <ele>222.0</ele>
    <time>2026-08-07T09:07:17Z</time>
   </trkpt>
   <trkpt lat="45.7722790" lon="4.7487080">
    <ele>222.1</ele>
    <time>2026-08-07T09:07:18Z</time>
   </trkpt>
   <trkpt lat="45.7723040" lon="4.7486820">
    <ele>222.1</ele>
    <time>2026-08-07T09:07:19Z</time>
   </trkpt>
   <trkpt lat="45.7723310" lon="4.7486550">
    <ele>222.1</ele>
    <time>2026-08-07T09:07:20Z</time>
   </trkpt>
   <trkpt lat="45.7723540" lon="4.7486370">
    <ele>222.1</ele>
    <time>2026-08-07T09:07:21Z</time>
   </trkpt>
   <trkpt lat="45.7723840" lon="4.7486260">
    <ele>222.1</ele>
    <time>2026-08-07T09:07:22Z</time>
   </trkpt>
   <trkpt lat="45.7724110" lon="4.7486120">
    <ele>222.1</ele>
    <time>2026-08-07T09:07:23Z</time>
   </trkpt>
   <trkpt lat="45.7724320" lon="4.7485730">
    <ele>222.1</ele>
    <time>2026-08-07T09:07:24Z</time>
   </trkpt>
   <trkpt lat="45.7724530" lon="4.7485470">
    <ele>222.2</ele>
    <time>2026-08-07T09:07:25Z</time>
   </trkpt>
   <trkpt lat="45.7724750" lon="4.7485240">
    <ele>222.2</ele>
    <time>2026-08-07T09:07:26Z</time>
   </trkpt>
   <trkpt lat="45.7724940" lon="4.7485040">
    <ele>222.2</ele>
    <time>2026-08-07T09:07:27Z</time>
   </trkpt>
   <trkpt lat="45.7725270" lon="4.7484920">
    <ele>222.2</ele>
    <time>2026-08-07T09:07:28Z</time>
   </trkpt>
   <trkpt lat="45.7725440" lon="4.7484610">
    <ele>222.2</ele>
    <time>2026-08-07T09:07:29Z</time>
   </trkpt>
   <trkpt lat="45.7725710" lon="4.7484410">
    <ele>222.2</ele>
    <time>2026-08-07T09:07:30Z</time>
   </trkpt>
   <trkpt lat="45.7725940" lon="4.7484130">
    <ele>222.3</ele>
    <time>2026-08-07T09:07:31Z</time>
   </trkpt>
   <trkpt lat="45.7726210" lon="4.7483860">
    <ele>222.3</ele>
    <time>2026-08-07T09:07:32Z</time>
   </trkpt>
   <trkpt lat="45.7726460" lon="4.7483530">
    <ele>222.3</ele>
    <time>2026-08-07T09:07:33Z</time>
   </trkpt>
   <trkpt lat="45.7726620" lon="4.7483230">
    <ele>222.3</ele>
    <time>2026-08-07T09:07:34Z</time>
   </trkpt>
   <trkpt lat="45.7726850" lon="4.7483070">
    <ele>222.4</ele>
    <time>2026-08-07T09:07:35Z</time>
   </trkpt>
   <trkpt lat="45.7727010" lon="4.7482830">
    <ele>222.4</ele>
    <time>2026-08-07T09:07:36Z</time>
   </trkpt>
   <trkpt lat="45.7727200" lon="4.7482630">
    <ele>222.4</ele>
    <time>2026-08-07T09:07:37Z</time>
   </trkpt>
   <trkpt lat="45.7727430" lon="4.7482440">
    <ele>222.4</ele>
    <time>2026-08-07T09:07:38Z</time>
   </trkpt>
   <trkpt lat="45.7727780" lon="4.7482460">
    <ele>222.4</ele>
    <time>2026-08-07T09:07:39Z</time>
   </trkpt>
   <trkpt lat="45.7728010" lon="4.7482060">
    <ele>222.5</ele>
    <time>2026-08-07T09:07:40Z</time>
   </trkpt>
   <trkpt lat="45.7728270" lon="4.7481920">
    <ele>222.5</ele>
    <time>2026-08-07T09:07:41Z</time>
   </trkpt>
   <trkpt lat="45.7728480" lon="4.7481720">
    <ele>222.5</ele>
    <time>2026-08-07T09:07:42Z</time>
   </trkpt>
   <trkpt lat="45.7728660" lon="4.7481440">
    <ele>222.5</ele>
    <time>2026-08-07T09:07:43Z</time>
   </trkpt>
   <trkpt lat="45.7728790" lon="4.7481200">
    <ele>222.5</ele>
    <time>2026-08-07T09:07:44Z</time>
   </trkpt>
   <trkpt lat="45.7728980" lon="4.7480880">
    <ele>222.5</ele>
    <time>2026-08-07T09:07:45Z</time>
   </trkpt>
   <trkpt lat="45.7729220" lon="4.7480760">
    <ele>222.5</ele>
    <time>2026-08-07T09:07:46Z</time>
   </trkpt>
   <trkpt lat="45.7729510" lon="4.7480650">
    <ele>222.5</ele>
    <time>2026-08-07T09:07:47Z</time>
   </trkpt>
   <trkpt lat="45.7729770" lon="4.7480310">
    <ele>222.6</ele>
    <time>2026-08-07T09:07:48Z</time>
   </trkpt>
   <trkpt lat="45.7730000" lon="4.7480050">
    <ele>222.6</ele>
    <time>2026-08-07T09:07:49Z</time>
   </trkpt>
   <trkpt lat="45.7730170" lon="4.7479800">
    <ele>222.6</ele>
    <time>2026-08-07T09:07:50Z</time>
   </trkpt>
   <trkpt lat="45.7730380" lon="4.7479680">
    <ele>222.6</ele>
    <time>2026-08-07T09:07:51Z</time>
   </trkpt>
   <trkpt lat="45.7730690" lon="4.7479610">
    <ele>222.6</ele>
    <time>2026-08-07T09:07:52Z</time>
   </trkpt>
   <trkpt lat="45.7730920" lon="4.7479420">
    <ele>222.6</ele>
    <time>2026-08-07T09:07:53Z</time>
   </trkpt>
   <trkpt lat="45.7731130" lon="4.7479180">
    <ele>222.6</ele>
    <time>2026-08-07T09:07:54Z</time>
   </trkpt>
   <trkpt lat="45.7731300" lon="4.7478980">
    <ele>222.6</ele>
    <time>2026-08-07T09:07:55Z</time>
   </trkpt>
   <trkpt lat="45.7731500" lon="4.7478840">
    <ele>222.6</ele>
    <time>2026-08-07T09:07:56Z</time>
   </trkpt>
   <trkpt lat="45.7731730" lon="4.7478660">
    <ele>222.6</ele>
    <time>2026-08-07T09:07:57Z</time>
   </trkpt>
   <trkpt lat="45.7731920" lon="4.7478300">
    <ele>222.6</ele>
    <time>2026-08-07T09:07:58Z</time>
   </trkpt>
   <trkpt lat="45.7732100" lon="4.7477840">
    <ele>222.7</ele>
    <time>2026-08-07T09:07:59Z</time>
   </trkpt>
   <trkpt lat="45.7732390" lon="4.7477620">
    <ele>222.7</ele>
    <time>2026-08-07T09:08:00Z</time>
   </trkpt>
   <trkpt lat="45.7732640" lon="4.7477390">
    <ele>222.7</ele>
    <time>2026-08-07T09:08:01Z</time>
   </trkpt>
   <trkpt lat="45.7732870" lon="4.7477030">
    <ele>222.7</ele>
    <time>2026-08-07T09:08:02Z</time>
   </trkpt>
   <trkpt lat="45.7733070" lon="4.7476790">
    <ele>222.7</ele>
    <time>2026-08-07T09:08:03Z</time>
   </trkpt>
   <trkpt lat="45.7733210" lon="4.7476500">
    <ele>222.7</ele>
    <time>2026-08-07T09:08:04Z</time>
   </trkpt>
   <trkpt lat="45.7733380" lon="4.7476210">
    <ele>222.7</ele>
    <time>2026-08-07T09:08:05Z</time>
   </trkpt>
   <trkpt lat="45.7733620" lon="4.7475910">
    <ele>222.7</ele>
    <time>2026-08-07T09:08:06Z</time>
   </trkpt>
   <trkpt lat="45.7733800" lon="4.7475670">
    <ele>222.7</ele>
    <time>2026-08-07T09:08:07Z</time>
   </trkpt>
   <trkpt lat="45.7734050" lon="4.7475510">
    <ele>222.7</ele>
    <time>2026-08-07T09:08:08Z</time>
   </trkpt>
   <trkpt lat="45.7734280" lon="4.7475330">
    <ele>222.7</ele>
    <time>2026-08-07T09:08:09Z</time>
   </trkpt>
   <trkpt lat="45.7734470" lon="4.7475080">
    <ele>222.7</ele>
    <time>2026-08-07T09:08:10Z</time>
   </trkpt>
   <trkpt lat="45.7734670" lon="4.7474780">
    <ele>222.7</ele>
    <time>2026-08-07T09:08:11Z</time>
   </trkpt>
   <trkpt lat="45.7734870" lon="4.7474560">
    <ele>222.8</ele>
    <time>2026-08-07T09:08:12Z</time>
   </trkpt>
   <trkpt lat="45.7735080" lon="4.7474370">
    <ele>222.8</ele>
    <time>2026-08-07T09:08:13Z</time>
   </trkpt>
   <trkpt lat="45.7735300" lon="4.7474180">
    <ele>222.8</ele>
    <time>2026-08-07T09:08:14Z</time>
   </trkpt>
   <trkpt lat="45.7735610" lon="4.7473940">
    <ele>222.8</ele>
    <time>2026-08-07T09:08:15Z</time>
   </trkpt>
   <trkpt lat="45.7735890" lon="4.7473710">
    <ele>222.8</ele>
    <time>2026-08-07T09:08:16Z</time>
   </trkpt>
   <trkpt lat="45.7736130" lon="4.7473430">
    <ele>222.9</ele>
    <time>2026-08-07T09:08:17Z</time>
   </trkpt>
   <trkpt lat="45.7736360" lon="4.7473280">
    <ele>222.9</ele>
    <time>2026-08-07T09:08:18Z</time>
   </trkpt>
   <trkpt lat="45.7736580" lon="4.7473130">
    <ele>222.9</ele>
    <time>2026-08-07T09:08:19Z</time>
   </trkpt>
   <trkpt lat="45.7736810" lon="4.7472770">
    <ele>222.9</ele>
    <time>2026-08-07T09:08:20Z</time>
   </trkpt>
   <trkpt lat="45.7737000" lon="4.7472370">
    <ele>222.9</ele>
    <time>2026-08-07T09:08:21Z</time>
   </trkpt>
   <trkpt lat="45.7737210" lon="4.7472210">
    <ele>222.9</ele>
    <time>2026-08-07T09:08:22Z</time>
   </trkpt>
   <trkpt lat="45.7737410" lon="4.7472050">
    <ele>223.0</ele>
    <time>2026-08-07T09:08:23Z</time>
   </trkpt>
   <trkpt lat="45.7737550" lon="4.7471840">
    <ele>223.0</ele>
    <time>2026-08-07T09:08:24Z</time>
   </trkpt>
   <trkpt lat="45.7737750" lon="4.7471520">
    <ele>223.0</ele>
    <time>2026-08-07T09:08:25Z</time>
   </trkpt>
   <trkpt lat="45.7737990" lon="4.7471280">
    <ele>223.0</ele>
    <time>2026-08-07T09:08:26Z</time>
   </trkpt>
   <trkpt lat="45.7738230" lon="4.7471110">
    <ele>223.0</ele>
    <time>2026-08-07T09:08:27Z</time>
   </trkpt>
   <trkpt lat="45.7738450" lon="4.7470940">
    <ele>223.0</ele>
    <time>2026-08-07T09:08:28Z</time>
   </trkpt>
   <trkpt lat="45.7738700" lon="4.7470650">
    <ele>223.0</ele>
    <time>2026-08-07T09:08:30Z</time>
   </trkpt>
   <trkpt lat="45.7738880" lon="4.7470530">
    <ele>223.0</ele>
    <time>2026-08-07T09:08:31Z</time>
   </trkpt>
   <trkpt lat="45.7739030" lon="4.7470130">
    <ele>223.1</ele>
    <time>2026-08-07T09:08:32Z</time>
   </trkpt>
   <trkpt lat="45.7739260" lon="4.7469930">
    <ele>223.1</ele>
    <time>2026-08-07T09:08:33Z</time>
   </trkpt>
   <trkpt lat="45.7739490" lon="4.7469720">
    <ele>223.1</ele>
    <time>2026-08-07T09:08:34Z</time>
   </trkpt>
   <trkpt lat="45.7739730" lon="4.7469610">
    <ele>223.1</ele>
    <time>2026-08-07T09:08:35Z</time>
   </trkpt>
   <trkpt lat="45.7740010" lon="4.7469440">
    <ele>223.1</ele>
    <time>2026-08-07T09:08:36Z</time>
   </trkpt>
   <trkpt lat="45.7740210" lon="4.7469110">
    <ele>223.2</ele>
    <time>2026-08-07T09:08:37Z</time>
   </trkpt>
   <trkpt lat="45.7740400" lon="4.7468840">
    <ele>223.2</ele>
    <time>2026-08-07T09:08:38Z</time>
   </trkpt>
   <trkpt lat="45.7740610" lon="4.7468740">
    <ele>223.2</ele>
    <time>2026-08-07T09:08:39Z</time>
   </trkpt>
   <trkpt lat="45.7740810" lon="4.7468550">
    <ele>223.2</ele>
    <time>2026-08-07T09:08:40Z</time>
   </trkpt>
   <trkpt lat="45.7741030" lon="4.7468220">
    <ele>223.3</ele>
    <time>2026-08-07T09:08:41Z</time>
   </trkpt>
   <trkpt lat="45.7741320" lon="4.7468070">
    <ele>223.3</ele>
    <time>2026-08-07T09:08:42Z</time>
   </trkpt>
   <trkpt lat="45.7741530" lon="4.7467890">
    <ele>223.3</ele>
    <time>2026-08-07T09:08:43Z</time>
   </trkpt>
   <trkpt lat="45.7741720" lon="4.7467710">
    <ele>223.3</ele>
    <time>2026-08-07T09:08:44Z</time>
   </trkpt>
   <trkpt lat="45.7741920" lon="4.7467590">
    <ele>223.4</ele>
    <time>2026-08-07T09:08:45Z</time>
   </trkpt>
   <trkpt lat="45.7742100" lon="4.7467260">
    <ele>223.4</ele>
    <time>2026-08-07T09:08:46Z</time>
   </trkpt>
   <trkpt lat="45.7742290" lon="4.7466980">
    <ele>223.4</ele>
    <time>2026-08-07T09:08:47Z</time>
   </trkpt>
   <trkpt lat="45.7742540" lon="4.7466730">
    <ele>223.5</ele>
    <time>2026-08-07T09:08:48Z</time>
   </trkpt>
   <trkpt lat="45.7742760" lon="4.7466500">
    <ele>223.5</ele>
    <time>2026-08-07T09:08:49Z</time>
   </trkpt>
   <trkpt lat="45.7743060" lon="4.7466310">
    <ele>223.5</ele>
    <time>2026-08-07T09:08:50Z</time>
   </trkpt>
   <trkpt lat="45.7743300" lon="4.7465950">
    <ele>223.6</ele>
    <time>2026-08-07T09:08:51Z</time>
   </trkpt>
   <trkpt lat="45.7743510" lon="4.7465730">
    <ele>223.6</ele>
    <time>2026-08-07T09:08:52Z</time>
   </trkpt>
   <trkpt lat="45.7743690" lon="4.7465560">
    <ele>223.6</ele>
    <time>2026-08-07T09:08:53Z</time>
   </trkpt>
   <trkpt lat="45.7743900" lon="4.7465310">
    <ele>223.6</ele>
    <time>2026-08-07T09:08:54Z</time>
   </trkpt>
   <trkpt lat="45.7744080" lon="4.7465000">
    <ele>223.7</ele>
    <time>2026-08-07T09:08:55Z</time>
   </trkpt>
   <trkpt lat="45.7744240" lon="4.7464680">
    <ele>223.7</ele>
    <time>2026-08-07T09:08:56Z</time>
   </trkpt>
   <trkpt lat="45.7744410" lon="4.7464380">
    <ele>223.7</ele>
    <time>2026-08-07T09:08:57Z</time>
   </trkpt>
   <trkpt lat="45.7744610" lon="4.7464180">
    <ele>223.7</ele>
    <time>2026-08-07T09:08:58Z</time>
   </trkpt>
   <trkpt lat="45.7744790" lon="4.7463970">
    <ele>223.7</ele>
    <time>2026-08-07T09:08:59Z</time>
   </trkpt>
   <trkpt lat="45.7745030" lon="4.7463770">
    <ele>223.8</ele>
    <time>2026-08-07T09:09:00Z</time>
   </trkpt>
   <trkpt lat="45.7745230" lon="4.7463530">
    <ele>223.8</ele>
    <time>2026-08-07T09:09:01Z</time>
   </trkpt>
   <trkpt lat="45.7745430" lon="4.7463330">
    <ele>223.8</ele>
    <time>2026-08-07T09:09:02Z</time>
   </trkpt>
   <trkpt lat="45.7745870" lon="4.7462840">
    <ele>223.9</ele>
    <time>2026-08-07T09:09:03Z</time>
   </trkpt>
   <trkpt lat="45.7746010" lon="4.7462510">
    <ele>223.9</ele>
    <time>2026-08-07T09:09:04Z</time>
   </trkpt>
   <trkpt lat="45.7746130" lon="4.7462280">
    <ele>223.9</ele>
    <time>2026-08-07T09:09:05Z</time>
   </trkpt>
   <trkpt lat="45.7746280" lon="4.7462010">
    <ele>224.0</ele>
    <time>2026-08-07T09:09:06Z</time>
   </trkpt>
   <trkpt lat="45.7746500" lon="4.7461650">
    <ele>224.0</ele>
    <time>2026-08-07T09:09:07Z</time>
   </trkpt>
   <trkpt lat="45.7746630" lon="4.7461260">
    <ele>224.0</ele>
    <time>2026-08-07T09:09:08Z</time>
   </trkpt>
   <trkpt lat="45.7746710" lon="4.7460930">
    <ele>224.1</ele>
    <time>2026-08-07T09:09:09Z</time>
   </trkpt>
   <trkpt lat="45.7746860" lon="4.7460640">
    <ele>224.1</ele>
    <time>2026-08-07T09:09:11Z</time>
   </trkpt>
   <trkpt lat="45.7747020" lon="4.7460370">
    <ele>224.1</ele>
    <time>2026-08-07T09:09:12Z</time>
   </trkpt>
   <trkpt lat="45.7747150" lon="4.7460050">
    <ele>224.2</ele>
    <time>2026-08-07T09:09:13Z</time>
   </trkpt>
   <trkpt lat="45.7747220" lon="4.7459770">
    <ele>224.2</ele>
    <time>2026-08-07T09:09:14Z</time>
   </trkpt>
   <trkpt lat="45.7747410" lon="4.7459470">
    <ele>224.3</ele>
    <time>2026-08-07T09:09:15Z</time>
   </trkpt>
   <trkpt lat="45.7747600" lon="4.7459130">
    <ele>224.3</ele>
    <time>2026-08-07T09:09:16Z</time>
   </trkpt>
   <trkpt lat="45.7747730" lon="4.7458840">
    <ele>224.3</ele>
    <time>2026-08-07T09:09:17Z</time>
   </trkpt>
   <trkpt lat="45.7747870" lon="4.7458560">
    <ele>224.4</ele>
    <time>2026-08-07T09:09:18Z</time>
   </trkpt>
   <trkpt lat="45.7748200" lon="4.7458420">
    <ele>224.4</ele>
    <time>2026-08-07T09:09:19Z</time>
   </trkpt>
   <trkpt lat="45.7748400" lon="4.7458250">
    <ele>224.5</ele>
    <time>2026-08-07T09:09:20Z</time>
   </trkpt>
   <trkpt lat="45.7748520" lon="4.7457950">
    <ele>224.5</ele>
    <time>2026-08-07T09:09:21Z</time>
   </trkpt>
   <trkpt lat="45.7748670" lon="4.7457560">
    <ele>224.6</ele>
    <time>2026-08-07T09:09:22Z</time>
   </trkpt>
   <trkpt lat="45.7748750" lon="4.7457210">
    <ele>224.6</ele>
    <time>2026-08-07T09:09:23Z</time>
   </trkpt>
   <trkpt lat="45.7748820" lon="4.7456800">
    <ele>224.7</ele>
    <time>2026-08-07T09:09:24Z</time>
   </trkpt>
   <trkpt lat="45.7748890" lon="4.7456360">
    <ele>224.7</ele>
    <time>2026-08-07T09:09:25Z</time>
   </trkpt>
   <trkpt lat="45.7749040" lon="4.7456070">
    <ele>224.8</ele>
    <time>2026-08-07T09:09:26Z</time>
   </trkpt>
   <trkpt lat="45.7749100" lon="4.7455700">
    <ele>224.8</ele>
    <time>2026-08-07T09:09:27Z</time>
   </trkpt>
   <trkpt lat="45.7749270" lon="4.7455460">
    <ele>224.9</ele>
    <time>2026-08-07T09:09:28Z</time>
   </trkpt>
   <trkpt lat="45.7749400" lon="4.7455120">
    <ele>224.9</ele>
    <time>2026-08-07T09:09:29Z</time>
   </trkpt>
   <trkpt lat="45.7749520" lon="4.7454810">
    <ele>225.0</ele>
    <time>2026-08-07T09:09:30Z</time>
   </trkpt>
   <trkpt lat="45.7749690" lon="4.7454680">
    <ele>225.0</ele>
    <time>2026-08-07T09:09:31Z</time>
   </trkpt>
   <trkpt lat="45.7749880" lon="4.7454470">
    <ele>225.0</ele>
    <time>2026-08-07T09:09:32Z</time>
   </trkpt>
   <trkpt lat="45.7750120" lon="4.7454190">
    <ele>225.1</ele>
    <time>2026-08-07T09:09:33Z</time>
   </trkpt>
   <trkpt lat="45.7750230" lon="4.7453890">
    <ele>225.1</ele>
    <time>2026-08-07T09:09:34Z</time>
   </trkpt>
   <trkpt lat="45.7750390" lon="4.7453550">
    <ele>225.2</ele>
    <time>2026-08-07T09:09:35Z</time>
   </trkpt>
   <trkpt lat="45.7750520" lon="4.7453230">
    <ele>225.2</ele>
    <time>2026-08-07T09:09:36Z</time>
   </trkpt>
   <trkpt lat="45.7750630" lon="4.7452850">
    <ele>225.2</ele>
    <time>2026-08-07T09:09:37Z</time>
   </trkpt>
   <trkpt lat="45.7750800" lon="4.7452480">
    <ele>225.3</ele>
    <time>2026-08-07T09:09:38Z</time>
   </trkpt>
   <trkpt lat="45.7750950" lon="4.7452180">
    <ele>225.3</ele>
    <time>2026-08-07T09:09:39Z</time>
   </trkpt>
   <trkpt lat="45.7751140" lon="4.7451870">
    <ele>225.3</ele>
    <time>2026-08-07T09:09:40Z</time>
   </trkpt>
   <trkpt lat="45.7751350" lon="4.7451490">
    <ele>225.4</ele>
    <time>2026-08-07T09:09:41Z</time>
   </trkpt>
   <trkpt lat="45.7751560" lon="4.7451250">
    <ele>225.4</ele>
    <time>2026-08-07T09:09:42Z</time>
   </trkpt>
   <trkpt lat="45.7751710" lon="4.7450980">
    <ele>225.4</ele>
    <time>2026-08-07T09:09:43Z</time>
   </trkpt>
   <trkpt lat="45.7751970" lon="4.7450730">
    <ele>225.4</ele>
    <time>2026-08-07T09:09:44Z</time>
   </trkpt>
   <trkpt lat="45.7752250" lon="4.7450600">
    <ele>225.5</ele>
    <time>2026-08-07T09:09:45Z</time>
   </trkpt>
   <trkpt lat="45.7752470" lon="4.7450330">
    <ele>225.5</ele>
    <time>2026-08-07T09:09:46Z</time>
   </trkpt>
   <trkpt lat="45.7752630" lon="4.7449960">
    <ele>225.5</ele>
    <time>2026-08-07T09:09:47Z</time>
   </trkpt>
   <trkpt lat="45.7752860" lon="4.7449750">
    <ele>225.6</ele>
    <time>2026-08-07T09:09:48Z</time>
   </trkpt>
   <trkpt lat="45.7753140" lon="4.7449650">
    <ele>225.6</ele>
    <time>2026-08-07T09:09:49Z</time>
   </trkpt>
   <trkpt lat="45.7753310" lon="4.7449420">
    <ele>225.6</ele>
    <time>2026-08-07T09:09:50Z</time>
   </trkpt>
   <trkpt lat="45.7753480" lon="4.7449190">
    <ele>225.6</ele>
    <time>2026-08-07T09:09:51Z</time>
   </trkpt>
   <trkpt lat="45.7753710" lon="4.7448880">
    <ele>225.7</ele>
    <time>2026-08-07T09:09:52Z</time>
   </trkpt>
   <trkpt lat="45.7753900" lon="4.7448770">
    <ele>225.7</ele>
    <time>2026-08-07T09:09:53Z</time>
   </trkpt>
   <trkpt lat="45.7754120" lon="4.7448660">
    <ele>225.7</ele>
    <time>2026-08-07T09:09:54Z</time>
   </trkpt>
   <trkpt lat="45.7754400" lon="4.7448440">
    <ele>225.7</ele>
    <time>2026-08-07T09:09:55Z</time>
   </trkpt>
   <trkpt lat="45.7754640" lon="4.7448200">
    <ele>225.8</ele>
    <time>2026-08-07T09:09:56Z</time>
   </trkpt>
   <trkpt lat="45.7754820" lon="4.7447840">
    <ele>225.8</ele>
    <time>2026-08-07T09:09:57Z</time>
   </trkpt>
   <trkpt lat="45.7755050" lon="4.7447430">
    <ele>225.8</ele>
    <time>2026-08-07T09:09:58Z</time>
   </trkpt>
   <trkpt lat="45.7755220" lon="4.7447260">
    <ele>225.9</ele>
    <time>2026-08-07T09:09:59Z</time>
   </trkpt>
   <trkpt lat="45.7755540" lon="4.7447050">
    <ele>225.9</ele>
    <time>2026-08-07T09:10:00Z</time>
   </trkpt>
   <trkpt lat="45.7755790" lon="4.7446850">
    <ele>225.9</ele>
    <time>2026-08-07T09:10:01Z</time>
   </trkpt>
   <trkpt lat="45.7756010" lon="4.7446640">
    <ele>226.0</ele>
    <time>2026-08-07T09:10:02Z</time>
   </trkpt>
   <trkpt lat="45.7756310" lon="4.7446440">
    <ele>226.0</ele>
    <time>2026-08-07T09:10:03Z</time>
   </trkpt>
   <trkpt lat="45.7756570" lon="4.7446220">
    <ele>226.0</ele>
    <time>2026-08-07T09:10:04Z</time>
   </trkpt>
   <trkpt lat="45.7756790" lon="4.7446070">
    <ele>226.1</ele>
    <time>2026-08-07T09:10:05Z</time>
   </trkpt>
   <trkpt lat="45.7757020" lon="4.7445820">
    <ele>226.1</ele>
    <time>2026-08-07T09:10:06Z</time>
   </trkpt>
   <trkpt lat="45.7757220" lon="4.7445550">
    <ele>226.1</ele>
    <time>2026-08-07T09:10:07Z</time>
   </trkpt>
   <trkpt lat="45.7757450" lon="4.7445280">
    <ele>226.2</ele>
    <time>2026-08-07T09:10:08Z</time>
   </trkpt>
   <trkpt lat="45.7757670" lon="4.7445110">
    <ele>226.2</ele>
    <time>2026-08-07T09:10:09Z</time>
   </trkpt>
   <trkpt lat="45.7757890" lon="4.7444800">
    <ele>226.2</ele>
    <time>2026-08-07T09:10:10Z</time>
   </trkpt>
   <trkpt lat="45.7758090" lon="4.7444520">
    <ele>226.3</ele>
    <time>2026-08-07T09:10:11Z</time>
   </trkpt>
   <trkpt lat="45.7758330" lon="4.7444300">
    <ele>226.3</ele>
    <time>2026-08-07T09:10:12Z</time>
   </trkpt>
   <trkpt lat="45.7758620" lon="4.7444140">
    <ele>226.3</ele>
    <time>2026-08-07T09:10:13Z</time>
   </trkpt>
   <trkpt lat="45.7758870" lon="4.7443870">
    <ele>226.4</ele>
    <time>2026-08-07T09:10:14Z</time>
   </trkpt>
   <trkpt lat="45.7759120" lon="4.7443770">
    <ele>226.4</ele>
    <time>2026-08-07T09:10:15Z</time>
   </trkpt>
   <trkpt lat="45.7759370" lon="4.7443450">
    <ele>226.4</ele>
    <time>2026-08-07T09:10:16Z</time>
   </trkpt>
   <trkpt lat="45.7759620" lon="4.7443240">
    <ele>226.4</ele>
    <time>2026-08-07T09:10:17Z</time>
   </trkpt>
   <trkpt lat="45.7759820" lon="4.7443070">
    <ele>226.5</ele>
    <time>2026-08-07T09:10:18Z</time>
   </trkpt>
   <trkpt lat="45.7760090" lon="4.7442950">
    <ele>226.5</ele>
    <time>2026-08-07T09:10:19Z</time>
   </trkpt>
   <trkpt lat="45.7760300" lon="4.7442620">
    <ele>226.5</ele>
    <time>2026-08-07T09:10:20Z</time>
   </trkpt>
   <trkpt lat="45.7760520" lon="4.7442380">
    <ele>226.6</ele>
    <time>2026-08-07T09:10:21Z</time>
   </trkpt>
   <trkpt lat="45.7760740" lon="4.7442380">
    <ele>226.6</ele>
    <time>2026-08-07T09:10:22Z</time>
   </trkpt>
   <trkpt lat="45.7760960" lon="4.7442110">
    <ele>226.6</ele>
    <time>2026-08-07T09:10:23Z</time>
   </trkpt>
   <trkpt lat="45.7761190" lon="4.7441840">
    <ele>226.7</ele>
    <time>2026-08-07T09:10:24Z</time>
   </trkpt>
   <trkpt lat="45.7761440" lon="4.7441710">
    <ele>226.7</ele>
    <time>2026-08-07T09:10:25Z</time>
   </trkpt>
   <trkpt lat="45.7761630" lon="4.7441440">
    <ele>226.7</ele>
    <time>2026-08-07T09:10:26Z</time>
   </trkpt>
   <trkpt lat="45.7761860" lon="4.7441310">
    <ele>226.7</ele>
    <time>2026-08-07T09:10:27Z</time>
   </trkpt>
   <trkpt lat="45.7762130" lon="4.7441060">
    <ele>226.8</ele>
    <time>2026-08-07T09:10:28Z</time>
   </trkpt>
   <trkpt lat="45.7762360" lon="4.7440810">
    <ele>226.8</ele>
    <time>2026-08-07T09:10:29Z</time>
   </trkpt>
   <trkpt lat="45.7762590" lon="4.7440580">
    <ele>226.8</ele>
    <time>2026-08-07T09:10:30Z</time>
   </trkpt>
   <trkpt lat="45.7762830" lon="4.7440490">
    <ele>226.8</ele>
    <time>2026-08-07T09:10:31Z</time>
   </trkpt>
   <trkpt lat="45.7763070" lon="4.7440360">
    <ele>226.9</ele>
    <time>2026-08-07T09:10:32Z</time>
   </trkpt>
   <trkpt lat="45.7763340" lon="4.7440240">
    <ele>226.9</ele>
    <time>2026-08-07T09:10:33Z</time>
   </trkpt>
   <trkpt lat="45.7763510" lon="4.7439910">
    <ele>226.9</ele>
    <time>2026-08-07T09:10:34Z</time>
   </trkpt>
   <trkpt lat="45.7763750" lon="4.7439780">
    <ele>226.9</ele>
    <time>2026-08-07T09:10:35Z</time>
   </trkpt>
   <trkpt lat="45.7763950" lon="4.7439550">
    <ele>227.0</ele>
    <time>2026-08-07T09:10:36Z</time>
   </trkpt>
   <trkpt lat="45.7764190" lon="4.7439280">
    <ele>227.0</ele>
    <time>2026-08-07T09:10:37Z</time>
   </trkpt>
   <trkpt lat="45.7764430" lon="4.7439080">
    <ele>227.0</ele>
    <time>2026-08-07T09:10:38Z</time>
   </trkpt>
   <trkpt lat="45.7764620" lon="4.7438850">
    <ele>227.0</ele>
    <time>2026-08-07T09:10:39Z</time>
   </trkpt>
   <trkpt lat="45.7764780" lon="4.7438740">
    <ele>227.0</ele>
    <time>2026-08-07T09:10:40Z</time>
   </trkpt>
   <trkpt lat="45.7764950" lon="4.7438510">
    <ele>227.1</ele>
    <time>2026-08-07T09:10:41Z</time>
   </trkpt>
   <trkpt lat="45.7765190" lon="4.7438340">
    <ele>227.1</ele>
    <time>2026-08-07T09:10:42Z</time>
   </trkpt>
   <trkpt lat="45.7765440" lon="4.7438010">
    <ele>227.1</ele>
    <time>2026-08-07T09:10:43Z</time>
   </trkpt>
   <trkpt lat="45.7765690" lon="4.7437950">
    <ele>227.1</ele>
    <time>2026-08-07T09:10:44Z</time>
   </trkpt>
   <trkpt lat="45.7765940" lon="4.7437780">
    <ele>227.1</ele>
    <time>2026-08-07T09:10:45Z</time>
   </trkpt>
   <trkpt lat="45.7766200" lon="4.7437640">
    <ele>227.2</ele>
    <time>2026-08-07T09:10:46Z</time>
   </trkpt>
   <trkpt lat="45.7766470" lon="4.7437510">
    <ele>227.2</ele>
    <time>2026-08-07T09:10:47Z</time>
   </trkpt>
   <trkpt lat="45.7766690" lon="4.7437280">
    <ele>227.2</ele>
    <time>2026-08-07T09:10:48Z</time>
   </trkpt>
   <trkpt lat="45.7766860" lon="4.7437010">
    <ele>227.2</ele>
    <time>2026-08-07T09:10:49Z</time>
   </trkpt>
   <trkpt lat="45.7767040" lon="4.7436990">
    <ele>227.2</ele>
    <time>2026-08-07T09:10:50Z</time>
   </trkpt>
   <trkpt lat="45.7767270" lon="4.7436920">
    <ele>227.2</ele>
    <time>2026-08-07T09:10:51Z</time>
   </trkpt>
   <trkpt lat="45.7767530" lon="4.7436770">
    <ele>227.3</ele>
    <time>2026-08-07T09:10:52Z</time>
   </trkpt>
   <trkpt lat="45.7767780" lon="4.7436500">
    <ele>227.3</ele>
    <time>2026-08-07T09:10:53Z</time>
   </trkpt>
   <trkpt lat="45.7768050" lon="4.7436280">
    <ele>227.3</ele>
    <time>2026-08-07T09:10:54Z</time>
   </trkpt>
   <trkpt lat="45.7768300" lon="4.7436120">
    <ele>227.3</ele>
    <time>2026-08-07T09:10:55Z</time>
   </trkpt>
   <trkpt lat="45.7768530" lon="4.7435910">
    <ele>227.4</ele>
    <time>2026-08-07T09:10:56Z</time>
   </trkpt>
   <trkpt lat="45.7768720" lon="4.7435760">
    <ele>227.4</ele>
    <time>2026-08-07T09:10:57Z</time>
   </trkpt>
   <trkpt lat="45.7768870" lon="4.7435490">
    <ele>227.4</ele>
    <time>2026-08-07T09:10:58Z</time>
   </trkpt>
   <trkpt lat="45.7769110" lon="4.7435220">
    <ele>227.4</ele>
    <time>2026-08-07T09:10:59Z</time>
   </trkpt>
   <trkpt lat="45.7769340" lon="4.7434980">
    <ele>227.5</ele>
    <time>2026-08-07T09:11:00Z</time>
   </trkpt>
   <trkpt lat="45.7769570" lon="4.7434780">
    <ele>227.5</ele>
    <time>2026-08-07T09:11:01Z</time>
   </trkpt>
   <trkpt lat="45.7770070" lon="4.7434360">
    <ele>227.6</ele>
    <time>2026-08-07T09:11:02Z</time>
   </trkpt>
   <trkpt lat="45.7770340" lon="4.7434200">
    <ele>227.6</ele>
    <time>2026-08-07T09:11:03Z</time>
   </trkpt>
   <trkpt lat="45.7770540" lon="4.7434050">
    <ele>227.6</ele>
    <time>2026-08-07T09:11:04Z</time>
   </trkpt>
   <trkpt lat="45.7770800" lon="4.7433830">
    <ele>227.7</ele>
    <time>2026-08-07T09:11:05Z</time>
   </trkpt>
   <trkpt lat="45.7771060" lon="4.7433640">
    <ele>227.7</ele>
    <time>2026-08-07T09:11:06Z</time>
   </trkpt>
   <trkpt lat="45.7771230" lon="4.7433410">
    <ele>227.7</ele>
    <time>2026-08-07T09:11:07Z</time>
   </trkpt>
   <trkpt lat="45.7771450" lon="4.7433210">
    <ele>227.8</ele>
    <time>2026-08-07T09:11:08Z</time>
   </trkpt>
   <trkpt lat="45.7771790" lon="4.7433040">
    <ele>227.8</ele>
    <time>2026-08-07T09:11:09Z</time>
   </trkpt>
   <trkpt lat="45.7772030" lon="4.7432850">
    <ele>227.8</ele>
    <time>2026-08-07T09:11:10Z</time>
   </trkpt>
   <trkpt lat="45.7772230" lon="4.7432650">
    <ele>227.9</ele>
    <time>2026-08-07T09:11:11Z</time>
   </trkpt>
   <trkpt lat="45.7772450" lon="4.7432450">
    <ele>227.9</ele>
    <time>2026-08-07T09:11:12Z</time>
   </trkpt>
   <trkpt lat="45.7772610" lon="4.7432190">
    <ele>227.9</ele>
    <time>2026-08-07T09:11:13Z</time>
   </trkpt>
   <trkpt lat="45.7772820" lon="4.7432140">
    <ele>228.0</ele>
    <time>2026-08-07T09:11:14Z</time>
   </trkpt>
   <trkpt lat="45.7773060" lon="4.7432030">
    <ele>228.0</ele>
    <time>2026-08-07T09:11:15Z</time>
   </trkpt>
   <trkpt lat="45.7773380" lon="4.7431910">
    <ele>228.0</ele>
    <time>2026-08-07T09:11:17Z</time>
   </trkpt>
   <trkpt lat="45.7773740" lon="4.7431700">
    <ele>228.1</ele>
    <time>2026-08-07T09:11:18Z</time>
   </trkpt>
   <trkpt lat="45.7774010" lon="4.7431430">
    <ele>228.1</ele>
    <time>2026-08-07T09:11:19Z</time>
   </trkpt>
   <trkpt lat="45.7774190" lon="4.7431130">
    <ele>228.1</ele>
    <time>2026-08-07T09:11:20Z</time>
   </trkpt>
   <trkpt lat="45.7774400" lon="4.7430800">
    <ele>228.2</ele>
    <time>2026-08-07T09:11:21Z</time>
   </trkpt>
   <trkpt lat="45.7774650" lon="4.7430630">
    <ele>228.2</ele>
    <time>2026-08-07T09:11:22Z</time>
   </trkpt>
   <trkpt lat="45.7774870" lon="4.7430440">
    <ele>228.2</ele>
    <time>2026-08-07T09:11:23Z</time>
   </trkpt>
   <trkpt lat="45.7775100" lon="4.7430250">
    <ele>228.2</ele>
    <time>2026-08-07T09:11:24Z</time>
   </trkpt>
   <trkpt lat="45.7775260" lon="4.7430050">
    <ele>228.3</ele>
    <time>2026-08-07T09:11:25Z</time>
   </trkpt>
   <trkpt lat="45.7775460" lon="4.7429880">
    <ele>228.3</ele>
    <time>2026-08-07T09:11:26Z</time>
   </trkpt>
   <trkpt lat="45.7775620" lon="4.7429650">
    <ele>228.3</ele>
    <time>2026-08-07T09:11:27Z</time>
   </trkpt>
   <trkpt lat="45.7775880" lon="4.7429450">
    <ele>228.3</ele>
    <time>2026-08-07T09:11:28Z</time>
   </trkpt>
   <trkpt lat="45.7776130" lon="4.7429420">
    <ele>228.3</ele>
    <time>2026-08-07T09:11:29Z</time>
   </trkpt>
   <trkpt lat="45.7776210" lon="4.7429140">
    <ele>228.4</ele>
    <time>2026-08-07T09:11:30Z</time>
   </trkpt>
   <trkpt lat="45.7776390" lon="4.7429040">
    <ele>228.4</ele>
    <time>2026-08-07T09:11:31Z</time>
   </trkpt>
   <trkpt lat="45.7776610" lon="4.7428800">
    <ele>228.4</ele>
    <time>2026-08-07T09:11:32Z</time>
   </trkpt>
   <trkpt lat="45.7776800" lon="4.7428570">
    <ele>228.4</ele>
    <time>2026-08-07T09:11:33Z</time>
   </trkpt>
   <trkpt lat="45.7776960" lon="4.7428390">
    <ele>228.4</ele>
    <time>2026-08-07T09:11:34Z</time>
   </trkpt>
   <trkpt lat="45.7777140" lon="4.7428150">
    <ele>228.5</ele>
    <time>2026-08-07T09:11:35Z</time>
   </trkpt>
   <trkpt lat="45.7777320" lon="4.7427900">
    <ele>228.5</ele>
    <time>2026-08-07T09:11:36Z</time>
   </trkpt>
   <trkpt lat="45.7777540" lon="4.7427650">
    <ele>228.5</ele>
    <time>2026-08-07T09:11:37Z</time>
   </trkpt>
   <trkpt lat="45.7777700" lon="4.7427460">
    <ele>228.6</ele>
    <time>2026-08-07T09:11:38Z</time>
   </trkpt>
   <trkpt lat="45.7777870" lon="4.7427320">
    <ele>228.6</ele>
    <time>2026-08-07T09:11:39Z</time>
   </trkpt>
   <trkpt lat="45.7778110" lon="4.7427170">
    <ele>228.6</ele>
    <time>2026-08-07T09:11:40Z</time>
   </trkpt>
   <trkpt lat="45.7778310" lon="4.7427100">
    <ele>228.7</ele>
    <time>2026-08-07T09:11:41Z</time>
   </trkpt>
   <trkpt lat="45.7778480" lon="4.7426940">
    <ele>228.7</ele>
    <time>2026-08-07T09:11:42Z</time>
   </trkpt>
   <trkpt lat="45.7778630" lon="4.7426670">
    <ele>228.7</ele>
    <time>2026-08-07T09:11:43Z</time>
   </trkpt>
   <trkpt lat="45.7778840" lon="4.7426440">
    <ele>228.8</ele>
    <time>2026-08-07T09:11:44Z</time>
   </trkpt>
   <trkpt lat="45.7779050" lon="4.7426190">
    <ele>228.8</ele>
    <time>2026-08-07T09:11:45Z</time>
   </trkpt>
   <trkpt lat="45.7779230" lon="4.7426000">
    <ele>228.9</ele>
    <time>2026-08-07T09:11:46Z</time>
   </trkpt>
   <trkpt lat="45.7779460" lon="4.7425840">
    <ele>228.9</ele>
    <time>2026-08-07T09:11:47Z</time>
   </trkpt>
   <trkpt lat="45.7779690" lon="4.7425680">
    <ele>229.0</ele>
    <time>2026-08-07T09:11:48Z</time>
   </trkpt>
   <trkpt lat="45.7779910" lon="4.7425500">
    <ele>229.0</ele>
    <time>2026-08-07T09:11:49Z</time>
   </trkpt>
   <trkpt lat="45.7780160" lon="4.7425250">
    <ele>229.1</ele>
    <time>2026-08-07T09:11:50Z</time>
   </trkpt>
   <trkpt lat="45.7780300" lon="4.7425030">
    <ele>229.1</ele>
    <time>2026-08-07T09:11:51Z</time>
   </trkpt>
   <trkpt lat="45.7780460" lon="4.7424770">
    <ele>229.2</ele>
    <time>2026-08-07T09:11:52Z</time>
   </trkpt>
   <trkpt lat="45.7780770" lon="4.7424550">
    <ele>229.3</ele>
    <time>2026-08-07T09:11:53Z</time>
   </trkpt>
   <trkpt lat="45.7781020" lon="4.7424250">
    <ele>229.3</ele>
    <time>2026-08-07T09:11:54Z</time>
   </trkpt>
   <trkpt lat="45.7781280" lon="4.7423990">
    <ele>229.4</ele>
    <time>2026-08-07T09:11:55Z</time>
   </trkpt>
   <trkpt lat="45.7781630" lon="4.7423780">
    <ele>229.5</ele>
    <time>2026-08-07T09:11:56Z</time>
   </trkpt>
   <trkpt lat="45.7781900" lon="4.7423440">
    <ele>229.5</ele>
    <time>2026-08-07T09:11:57Z</time>
   </trkpt>
   <trkpt lat="45.7782150" lon="4.7423230">
    <ele>229.6</ele>
    <time>2026-08-07T09:11:58Z</time>
   </trkpt>
   <trkpt lat="45.7782390" lon="4.7422790">
    <ele>229.7</ele>
    <time>2026-08-07T09:11:59Z</time>
   </trkpt>
   <trkpt lat="45.7782650" lon="4.7422630">
    <ele>229.7</ele>
    <time>2026-08-07T09:12:00Z</time>
   </trkpt>
   <trkpt lat="45.7782950" lon="4.7422560">
    <ele>229.8</ele>
    <time>2026-08-07T09:12:01Z</time>
   </trkpt>
   <trkpt lat="45.7783240" lon="4.7422460">
    <ele>229.9</ele>
    <time>2026-08-07T09:12:02Z</time>
   </trkpt>
   <trkpt lat="45.7783490" lon="4.7422360">
    <ele>230.0</ele>
    <time>2026-08-07T09:12:03Z</time>
   </trkpt>
   <trkpt lat="45.7783710" lon="4.7422020">
    <ele>230.1</ele>
    <time>2026-08-07T09:12:04Z</time>
   </trkpt>
   <trkpt lat="45.7784000" lon="4.7421790">
    <ele>230.2</ele>
    <time>2026-08-07T09:12:05Z</time>
   </trkpt>
   <trkpt lat="45.7784190" lon="4.7421580">
    <ele>230.2</ele>
    <time>2026-08-07T09:12:06Z</time>
   </trkpt>
   <trkpt lat="45.7784360" lon="4.7421260">
    <ele>230.3</ele>
    <time>2026-08-07T09:12:07Z</time>
   </trkpt>
   <trkpt lat="45.7784530" lon="4.7420950">
    <ele>230.4</ele>
    <time>2026-08-07T09:12:08Z</time>
   </trkpt>
   <trkpt lat="45.7784740" lon="4.7420710">
    <ele>230.5</ele>
    <time>2026-08-07T09:12:09Z</time>
   </trkpt>
   <trkpt lat="45.7785030" lon="4.7420530">
    <ele>230.6</ele>
    <time>2026-08-07T09:12:10Z</time>
   </trkpt>
   <trkpt lat="45.7785270" lon="4.7420140">
    <ele>230.7</ele>
    <time>2026-08-07T09:12:11Z</time>
   </trkpt>
   <trkpt lat="45.7785320" lon="4.7419790">
    <ele>230.8</ele>
    <time>2026-08-07T09:12:12Z</time>
   </trkpt>
   <trkpt lat="45.7785250" lon="4.7419450">
    <ele>230.8</ele>
    <time>2026-08-07T09:12:13Z</time>
   </trkpt>
   <trkpt lat="45.7785200" lon="4.7418970">
    <ele>230.9</ele>
    <time>2026-08-07T09:12:14Z</time>
   </trkpt>
   <trkpt lat="45.7785070" lon="4.7418490">
    <ele>230.9</ele>
    <time>2026-08-07T09:12:15Z</time>
   </trkpt>
   <trkpt lat="45.7784880" lon="4.7418060">
    <ele>230.9</ele>
    <time>2026-08-07T09:12:16Z</time>
   </trkpt>
   <trkpt lat="45.7784640" lon="4.7417680">
    <ele>230.9</ele>
    <time>2026-08-07T09:12:17Z</time>
   </trkpt>
   <trkpt lat="45.7784490" lon="4.7417350">
    <ele>230.9</ele>
    <time>2026-08-07T09:12:18Z</time>
   </trkpt>
   <trkpt lat="45.7784310" lon="4.7417020">
    <ele>230.8</ele>
    <time>2026-08-07T09:12:19Z</time>
   </trkpt>
   <trkpt lat="45.7784030" lon="4.7416750">
    <ele>230.8</ele>
    <time>2026-08-07T09:12:20Z</time>
   </trkpt>
   <trkpt lat="45.7783830" lon="4.7416410">
    <ele>230.8</ele>
    <time>2026-08-07T09:12:21Z</time>
   </trkpt>
   <trkpt lat="45.7783650" lon="4.7416100">
    <ele>230.8</ele>
    <time>2026-08-07T09:12:22Z</time>
   </trkpt>
   <trkpt lat="45.7783440" lon="4.7415810">
    <ele>230.9</ele>
    <time>2026-08-07T09:12:23Z</time>
   </trkpt>
   <trkpt lat="45.7783280" lon="4.7415370">
    <ele>230.9</ele>
    <time>2026-08-07T09:12:24Z</time>
   </trkpt>
   <trkpt lat="45.7783160" lon="4.7414920">
    <ele>230.9</ele>
    <time>2026-08-07T09:12:25Z</time>
   </trkpt>
   <trkpt lat="45.7783090" lon="4.7414520">
    <ele>230.9</ele>
    <time>2026-08-07T09:12:26Z</time>
   </trkpt>
   <trkpt lat="45.7783100" lon="4.7414100">
    <ele>230.9</ele>
    <time>2026-08-07T09:12:27Z</time>
   </trkpt>
   <trkpt lat="45.7783200" lon="4.7413760">
    <ele>230.9</ele>
    <time>2026-08-07T09:12:28Z</time>
   </trkpt>
   <trkpt lat="45.7783280" lon="4.7413390">
    <ele>230.9</ele>
    <time>2026-08-07T09:12:29Z</time>
   </trkpt>
   <trkpt lat="45.7783300" lon="4.7412980">
    <ele>231.0</ele>
    <time>2026-08-07T09:12:30Z</time>
   </trkpt>
   <trkpt lat="45.7783350" lon="4.7412480">
    <ele>231.0</ele>
    <time>2026-08-07T09:12:31Z</time>
   </trkpt>
   <trkpt lat="45.7783520" lon="4.7412030">
    <ele>231.0</ele>
    <time>2026-08-07T09:12:32Z</time>
   </trkpt>
   <trkpt lat="45.7783670" lon="4.7411700">
    <ele>231.0</ele>
    <time>2026-08-07T09:12:33Z</time>
   </trkpt>
   <trkpt lat="45.7783850" lon="4.7411350">
    <ele>231.1</ele>
    <time>2026-08-07T09:12:34Z</time>
   </trkpt>
   <trkpt lat="45.7783950" lon="4.7410930">
    <ele>231.1</ele>
    <time>2026-08-07T09:12:35Z</time>
   </trkpt>
   <trkpt lat="45.7784010" lon="4.7410500">
    <ele>231.2</ele>
    <time>2026-08-07T09:12:36Z</time>
   </trkpt>
   <trkpt lat="45.7784080" lon="4.7410010">
    <ele>231.2</ele>
    <time>2026-08-07T09:12:37Z</time>
   </trkpt>
   <trkpt lat="45.7784140" lon="4.7409570">
    <ele>231.2</ele>
    <time>2026-08-07T09:12:38Z</time>
   </trkpt>
   <trkpt lat="45.7784210" lon="4.7409130">
    <ele>231.3</ele>
    <time>2026-08-07T09:12:39Z</time>
   </trkpt>
   <trkpt lat="45.7784300" lon="4.7408730">
    <ele>231.3</ele>
    <time>2026-08-07T09:12:40Z</time>
   </trkpt>
   <trkpt lat="45.7784320" lon="4.7408290">
    <ele>231.4</ele>
    <time>2026-08-07T09:12:41Z</time>
   </trkpt>
   <trkpt lat="45.7784280" lon="4.7407990">
    <ele>231.4</ele>
    <time>2026-08-07T09:12:42Z</time>
   </trkpt>
   <trkpt lat="45.7784310" lon="4.7407600">
    <ele>231.4</ele>
    <time>2026-08-07T09:12:43Z</time>
   </trkpt>
   <trkpt lat="45.7784370" lon="4.7407220">
    <ele>231.5</ele>
    <time>2026-08-07T09:12:44Z</time>
   </trkpt>
   <trkpt lat="45.7784420" lon="4.7406880">
    <ele>231.5</ele>
    <time>2026-08-07T09:12:45Z</time>
   </trkpt>
   <trkpt lat="45.7784530" lon="4.7406630">
    <ele>231.5</ele>
    <time>2026-08-07T09:12:46Z</time>
   </trkpt>
   <trkpt lat="45.7784730" lon="4.7406320">
    <ele>231.5</ele>
    <time>2026-08-07T09:12:47Z</time>
   </trkpt>
   <trkpt lat="45.7785000" lon="4.7406010">
    <ele>231.6</ele>
    <time>2026-08-07T09:12:48Z</time>
   </trkpt>
   <trkpt lat="45.7785200" lon="4.7405790">
    <ele>231.6</ele>
    <time>2026-08-07T09:12:49Z</time>
   </trkpt>
   <trkpt lat="45.7785680" lon="4.7405290">
    <ele>231.6</ele>
    <time>2026-08-07T09:12:50Z</time>
   </trkpt>
   <trkpt lat="45.7785940" lon="4.7405050">
    <ele>231.7</ele>
    <time>2026-08-07T09:12:51Z</time>
   </trkpt>
   <trkpt lat="45.7786170" lon="4.7404720">
    <ele>231.7</ele>
    <time>2026-08-07T09:12:52Z</time>
   </trkpt>
   <trkpt lat="45.7786400" lon="4.7404440">
    <ele>231.7</ele>
    <time>2026-08-07T09:12:53Z</time>
   </trkpt>
   <trkpt lat="45.7786620" lon="4.7404160">
    <ele>231.7</ele>
    <time>2026-08-07T09:12:54Z</time>
   </trkpt>
   <trkpt lat="45.7786860" lon="4.7403830">
    <ele>231.7</ele>
    <time>2026-08-07T09:12:55Z</time>
   </trkpt>
   <trkpt lat="45.7787090" lon="4.7403570">
    <ele>231.8</ele>
    <time>2026-08-07T09:12:56Z</time>
   </trkpt>
   <trkpt lat="45.7787340" lon="4.7403330">
    <ele>231.8</ele>
    <time>2026-08-07T09:12:57Z</time>
   </trkpt>
   <trkpt lat="45.7787560" lon="4.7403060">
    <ele>231.8</ele>
    <time>2026-08-07T09:12:58Z</time>
   </trkpt>
   <trkpt lat="45.7787760" lon="4.7402760">
    <ele>231.8</ele>
    <time>2026-08-07T09:12:59Z</time>
   </trkpt>
   <trkpt lat="45.7787990" lon="4.7402420">
    <ele>231.9</ele>
    <time>2026-08-07T09:13:00Z</time>
   </trkpt>
   <trkpt lat="45.7788280" lon="4.7402230">
    <ele>231.9</ele>
    <time>2026-08-07T09:13:01Z</time>
   </trkpt>
   <trkpt lat="45.7788450" lon="4.7402010">
    <ele>231.9</ele>
    <time>2026-08-07T09:13:02Z</time>
   </trkpt>
   <trkpt lat="45.7788700" lon="4.7401820">
    <ele>231.9</ele>
    <time>2026-08-07T09:13:03Z</time>
   </trkpt>
   <trkpt lat="45.7788960" lon="4.7401630">
    <ele>232.0</ele>
    <time>2026-08-07T09:13:04Z</time>
   </trkpt>
   <trkpt lat="45.7789210" lon="4.7401290">
    <ele>232.0</ele>
    <time>2026-08-07T09:13:05Z</time>
   </trkpt>
   <trkpt lat="45.7789450" lon="4.7401120">
    <ele>232.0</ele>
    <time>2026-08-07T09:13:06Z</time>
   </trkpt>
   <trkpt lat="45.7789650" lon="4.7400930">
    <ele>232.1</ele>
    <time>2026-08-07T09:13:07Z</time>
   </trkpt>
   <trkpt lat="45.7789880" lon="4.7400790">
    <ele>232.1</ele>
    <time>2026-08-07T09:13:08Z</time>
   </trkpt>
   <trkpt lat="45.7790080" lon="4.7400600">
    <ele>232.1</ele>
    <time>2026-08-07T09:13:09Z</time>
   </trkpt>
   <trkpt lat="45.7790350" lon="4.7400400">
    <ele>232.1</ele>
    <time>2026-08-07T09:13:10Z</time>
   </trkpt>
   <trkpt lat="45.7790570" lon="4.7400160">
    <ele>232.2</ele>
    <time>2026-08-07T09:13:11Z</time>
   </trkpt>
   <trkpt lat="45.7790760" lon="4.7399940">
    <ele>232.2</ele>
    <time>2026-08-07T09:13:12Z</time>
   </trkpt>
   <trkpt lat="45.7790940" lon="4.7399660">
    <ele>232.2</ele>
    <time>2026-08-07T09:13:13Z</time>
   </trkpt>
   <trkpt lat="45.7791170" lon="4.7399430">
    <ele>232.2</ele>
    <time>2026-08-07T09:13:14Z</time>
   </trkpt>
   <trkpt lat="45.7791420" lon="4.7399190">
    <ele>232.3</ele>
    <time>2026-08-07T09:13:15Z</time>
   </trkpt>
   <trkpt lat="45.7791660" lon="4.7398970">
    <ele>232.3</ele>
    <time>2026-08-07T09:13:16Z</time>
   </trkpt>
   <trkpt lat="45.7791900" lon="4.7398790">
    <ele>232.3</ele>
    <time>2026-08-07T09:13:17Z</time>
   </trkpt>
   <trkpt lat="45.7792030" lon="4.7398540">
    <ele>232.3</ele>
    <time>2026-08-07T09:13:18Z</time>
   </trkpt>
   <trkpt lat="45.7792220" lon="4.7398310">
    <ele>232.4</ele>
    <time>2026-08-07T09:13:19Z</time>
   </trkpt>
   <trkpt lat="45.7792450" lon="4.7397970">
    <ele>232.4</ele>
    <time>2026-08-07T09:13:20Z</time>
   </trkpt>
   <trkpt lat="45.7792730" lon="4.7397740">
    <ele>232.4</ele>
    <time>2026-08-07T09:13:22Z</time>
   </trkpt>
   <trkpt lat="45.7792930" lon="4.7397590">
    <ele>232.4</ele>
    <time>2026-08-07T09:13:23Z</time>
   </trkpt>
   <trkpt lat="45.7793150" lon="4.7397370">
    <ele>232.4</ele>
    <time>2026-08-07T09:13:24Z</time>
   </trkpt>
   <trkpt lat="45.7793410" lon="4.7397130">
    <ele>232.4</ele>
    <time>2026-08-07T09:13:25Z</time>
   </trkpt>
   <trkpt lat="45.7793640" lon="4.7396840">
    <ele>232.4</ele>
    <time>2026-08-07T09:13:26Z</time>
   </trkpt>
   <trkpt lat="45.7793910" lon="4.7396610">
    <ele>232.4</ele>
    <time>2026-08-07T09:13:27Z</time>
   </trkpt>
   <trkpt lat="45.7794210" lon="4.7396460">
    <ele>232.3</ele>
    <time>2026-08-07T09:13:28Z</time>
   </trkpt>
   <trkpt lat="45.7794530" lon="4.7396530">
    <ele>232.2</ele>
    <time>2026-08-07T09:13:29Z</time>
   </trkpt>
   <trkpt lat="45.7794810" lon="4.7396710">
    <ele>232.1</ele>
    <time>2026-08-07T09:13:30Z</time>
   </trkpt>
   <trkpt lat="45.7795070" lon="4.7397000">
    <ele>232.0</ele>
    <time>2026-08-07T09:13:31Z</time>
   </trkpt>
   <trkpt lat="45.7795290" lon="4.7397040">
    <ele>231.9</ele>
    <time>2026-08-07T09:13:32Z</time>
   </trkpt>
   <trkpt lat="45.7795590" lon="4.7397080">
    <ele>231.8</ele>
    <time>2026-08-07T09:13:33Z</time>
   </trkpt>
   <trkpt lat="45.7795940" lon="4.7397260">
    <ele>231.6</ele>
    <time>2026-08-07T09:13:34Z</time>
   </trkpt>
   <trkpt lat="45.7796210" lon="4.7397240">
    <ele>231.5</ele>
    <time>2026-08-07T09:13:35Z</time>
   </trkpt>
   <trkpt lat="45.7796460" lon="4.7397090">
    <ele>231.5</ele>
    <time>2026-08-07T09:13:36Z</time>
   </trkpt>
   <trkpt lat="45.7796750" lon="4.7396960">
    <ele>231.4</ele>
    <time>2026-08-07T09:13:37Z</time>
   </trkpt>
   <trkpt lat="45.7796970" lon="4.7396780">
    <ele>231.4</ele>
    <time>2026-08-07T09:13:38Z</time>
   </trkpt>
   <trkpt lat="45.7797200" lon="4.7396470">
    <ele>231.3</ele>
    <time>2026-08-07T09:13:39Z</time>
   </trkpt>
   <trkpt lat="45.7797410" lon="4.7396130">
    <ele>231.3</ele>
    <time>2026-08-07T09:13:40Z</time>
   </trkpt>
   <trkpt lat="45.7797710" lon="4.7395940">
    <ele>231.4</ele>
    <time>2026-08-07T09:13:41Z</time>
   </trkpt>
   <trkpt lat="45.7797840" lon="4.7395820">
    <ele>231.4</ele>
    <time>2026-08-07T09:13:42Z</time>
   </trkpt>
   <trkpt lat="45.7798050" lon="4.7395600">
    <ele>231.4</ele>
    <time>2026-08-07T09:13:43Z</time>
   </trkpt>
   <trkpt lat="45.7798320" lon="4.7395360">
    <ele>231.5</ele>
    <time>2026-08-07T09:13:44Z</time>
   </trkpt>
   <trkpt lat="45.7798390" lon="4.7394970">
    <ele>231.5</ele>
    <time>2026-08-07T09:13:45Z</time>
   </trkpt>
   <trkpt lat="45.7798370" lon="4.7394700">
    <ele>231.5</ele>
    <time>2026-08-07T09:13:46Z</time>
   </trkpt>
   <trkpt lat="45.7798370" lon="4.7394420">
    <ele>231.6</ele>
    <time>2026-08-07T09:13:47Z</time>
   </trkpt>
   <trkpt lat="45.7798420" lon="4.7393950">
    <ele>231.6</ele>
    <time>2026-08-07T09:13:48Z</time>
   </trkpt>
   <trkpt lat="45.7798500" lon="4.7393570">
    <ele>231.7</ele>
    <time>2026-08-07T09:13:49Z</time>
   </trkpt>
   <trkpt lat="45.7798640" lon="4.7393270">
    <ele>231.7</ele>
    <time>2026-08-07T09:13:50Z</time>
   </trkpt>
   <trkpt lat="45.7798750" lon="4.7392930">
    <ele>231.8</ele>
    <time>2026-08-07T09:13:51Z</time>
   </trkpt>
   <trkpt lat="45.7798940" lon="4.7392640">
    <ele>231.8</ele>
    <time>2026-08-07T09:13:52Z</time>
   </trkpt>
   <trkpt lat="45.7799210" lon="4.7392420">
    <ele>231.8</ele>
    <time>2026-08-07T09:13:53Z</time>
   </trkpt>
   <trkpt lat="45.7799460" lon="4.7392180">
    <ele>231.9</ele>
    <time>2026-08-07T09:13:54Z</time>
   </trkpt>
   <trkpt lat="45.7799730" lon="4.7391990">
    <ele>231.9</ele>
    <time>2026-08-07T09:13:55Z</time>
   </trkpt>
   <trkpt lat="45.7799990" lon="4.7391920">
    <ele>231.9</ele>
    <time>2026-08-07T09:13:56Z</time>
   </trkpt>
   <trkpt lat="45.7800310" lon="4.7391990">
    <ele>231.9</ele>
    <time>2026-08-07T09:13:57Z</time>
   </trkpt>
   <trkpt lat="45.7800610" lon="4.7391850">
    <ele>231.9</ele>
    <time>2026-08-07T09:13:58Z</time>
   </trkpt>
   <trkpt lat="45.7800830" lon="4.7391700">
    <ele>231.9</ele>
    <time>2026-08-07T09:13:59Z</time>
   </trkpt>
   <trkpt lat="45.7801040" lon="4.7391530">
    <ele>231.9</ele>
    <time>2026-08-07T09:14:00Z</time>
   </trkpt>
   <trkpt lat="45.7801220" lon="4.7391250">
    <ele>232.0</ele>
    <time>2026-08-07T09:14:01Z</time>
   </trkpt>
   <trkpt lat="45.7801360" lon="4.7391020">
    <ele>232.0</ele>
    <time>2026-08-07T09:14:02Z</time>
   </trkpt>
   <trkpt lat="45.7801550" lon="4.7390830">
    <ele>232.0</ele>
    <time>2026-08-07T09:14:03Z</time>
   </trkpt>
   <trkpt lat="45.7801740" lon="4.7390510">
    <ele>232.0</ele>
    <time>2026-08-07T09:14:04Z</time>
   </trkpt>
   <trkpt lat="45.7801950" lon="4.7390260">
    <ele>232.1</ele>
    <time>2026-08-07T09:14:05Z</time>
   </trkpt>
   <trkpt lat="45.7802170" lon="4.7390090">
    <ele>232.1</ele>
    <time>2026-08-07T09:14:06Z</time>
   </trkpt>
   <trkpt lat="45.7802300" lon="4.7389870">
    <ele>232.1</ele>
    <time>2026-08-07T09:14:07Z</time>
   </trkpt>
   <trkpt lat="45.7802500" lon="4.7389580">
    <ele>232.2</ele>
    <time>2026-08-07T09:14:08Z</time>
   </trkpt>
   <trkpt lat="45.7802730" lon="4.7389330">
    <ele>232.2</ele>
    <time>2026-08-07T09:14:09Z</time>
   </trkpt>
   <trkpt lat="45.7802940" lon="4.7388980">
    <ele>232.3</ele>
    <time>2026-08-07T09:14:10Z</time>
   </trkpt>
   <trkpt lat="45.7803160" lon="4.7388720">
    <ele>232.4</ele>
    <time>2026-08-07T09:14:11Z</time>
   </trkpt>
   <trkpt lat="45.7803390" lon="4.7388510">
    <ele>232.5</ele>
    <time>2026-08-07T09:14:12Z</time>
   </trkpt>
   <trkpt lat="45.7803560" lon="4.7388170">
    <ele>232.7</ele>
    <time>2026-08-07T09:14:13Z</time>
   </trkpt>
   <trkpt lat="45.7803720" lon="4.7387830">
    <ele>232.9</ele>
    <time>2026-08-07T09:14:14Z</time>
   </trkpt>
   <trkpt lat="45.7803860" lon="4.7387630">
    <ele>233.0</ele>
    <time>2026-08-07T09:14:15Z</time>
   </trkpt>
   <trkpt lat="45.7803980" lon="4.7387380">
    <ele>233.1</ele>
    <time>2026-08-07T09:14:16Z</time>
   </trkpt>
   <trkpt lat="45.7804190" lon="4.7387200">
    <ele>233.3</ele>
    <time>2026-08-07T09:14:17Z</time>
   </trkpt>
   <trkpt lat="45.7804370" lon="4.7386760">
    <ele>233.5</ele>
    <time>2026-08-07T09:14:18Z</time>
   </trkpt>
   <trkpt lat="45.7804510" lon="4.7386420">
    <ele>233.7</ele>
    <time>2026-08-07T09:14:19Z</time>
   </trkpt>
   <trkpt lat="45.7804580" lon="4.7386070">
    <ele>233.9</ele>
    <time>2026-08-07T09:14:20Z</time>
   </trkpt>
   <trkpt lat="45.7804560" lon="4.7385620">
    <ele>234.1</ele>
    <time>2026-08-07T09:14:21Z</time>
   </trkpt>
   <trkpt lat="45.7804660" lon="4.7385160">
    <ele>234.3</ele>
    <time>2026-08-07T09:14:22Z</time>
   </trkpt>
   <trkpt lat="45.7804860" lon="4.7384710">
    <ele>234.6</ele>
    <time>2026-08-07T09:14:23Z</time>
   </trkpt>
   <trkpt lat="45.7804980" lon="4.7384460">
    <ele>234.7</ele>
    <time>2026-08-07T09:14:24Z</time>
   </trkpt>
   <trkpt lat="45.7805140" lon="4.7384160">
    <ele>234.9</ele>
    <time>2026-08-07T09:14:25Z</time>
   </trkpt>
   <trkpt lat="45.7805200" lon="4.7383860">
    <ele>235.0</ele>
    <time>2026-08-07T09:14:26Z</time>
   </trkpt>
   <trkpt lat="45.7805280" lon="4.7383580">
    <ele>235.1</ele>
    <time>2026-08-07T09:14:27Z</time>
   </trkpt>
   <trkpt lat="45.7805360" lon="4.7383210">
    <ele>235.2</ele>
    <time>2026-08-07T09:14:28Z</time>
   </trkpt>
   <trkpt lat="45.7805460" lon="4.7382880">
    <ele>235.3</ele>
    <time>2026-08-07T09:14:29Z</time>
   </trkpt>
   <trkpt lat="45.7805620" lon="4.7382540">
    <ele>235.4</ele>
    <time>2026-08-07T09:14:30Z</time>
   </trkpt>
   <trkpt lat="45.7805780" lon="4.7382310">
    <ele>235.4</ele>
    <time>2026-08-07T09:14:31Z</time>
   </trkpt>
   <trkpt lat="45.7805900" lon="4.7382020">
    <ele>235.5</ele>
    <time>2026-08-07T09:14:32Z</time>
   </trkpt>
   <trkpt lat="45.7806010" lon="4.7381750">
    <ele>235.6</ele>
    <time>2026-08-07T09:14:33Z</time>
   </trkpt>
   <trkpt lat="45.7806240" lon="4.7381450">
    <ele>235.6</ele>
    <time>2026-08-07T09:14:34Z</time>
   </trkpt>
   <trkpt lat="45.7806460" lon="4.7381260">
    <ele>235.7</ele>
    <time>2026-08-07T09:14:35Z</time>
   </trkpt>
   <trkpt lat="45.7806610" lon="4.7381030">
    <ele>235.7</ele>
    <time>2026-08-07T09:14:36Z</time>
   </trkpt>
   <trkpt lat="45.7806780" lon="4.7380660">
    <ele>235.8</ele>
    <time>2026-08-07T09:14:37Z</time>
   </trkpt>
   <trkpt lat="45.7806900" lon="4.7380210">
    <ele>235.8</ele>
    <time>2026-08-07T09:14:38Z</time>
   </trkpt>
   <trkpt lat="45.7807100" lon="4.7379970">
    <ele>235.9</ele>
    <time>2026-08-07T09:14:39Z</time>
   </trkpt>
   <trkpt lat="45.7807310" lon="4.7379720">
    <ele>235.9</ele>
    <time>2026-08-07T09:14:40Z</time>
   </trkpt>
   <trkpt lat="45.7807550" lon="4.7379580">
    <ele>236.0</ele>
    <time>2026-08-07T09:14:41Z</time>
   </trkpt>
   <trkpt lat="45.7807870" lon="4.7379430">
    <ele>236.0</ele>
    <time>2026-08-07T09:14:42Z</time>
   </trkpt>
   <trkpt lat="45.7808170" lon="4.7379280">
    <ele>236.0</ele>
    <time>2026-08-07T09:14:43Z</time>
   </trkpt>
   <trkpt lat="45.7808360" lon="4.7379150">
    <ele>236.1</ele>
    <time>2026-08-07T09:14:44Z</time>
   </trkpt>
   <trkpt lat="45.7808560" lon="4.7378830">
    <ele>236.1</ele>
    <time>2026-08-07T09:14:45Z</time>
   </trkpt>
   <trkpt lat="45.7808800" lon="4.7378500">
    <ele>236.1</ele>
    <time>2026-08-07T09:14:46Z</time>
   </trkpt>
   <trkpt lat="45.7809030" lon="4.7378260">
    <ele>236.2</ele>
    <time>2026-08-07T09:14:47Z</time>
   </trkpt>
   <trkpt lat="45.7809150" lon="4.7377940">
    <ele>236.2</ele>
    <time>2026-08-07T09:14:48Z</time>
   </trkpt>
   <trkpt lat="45.7809270" lon="4.7377460">
    <ele>236.2</ele>
    <time>2026-08-07T09:14:49Z</time>
   </trkpt>
   <trkpt lat="45.7809440" lon="4.7377010">
    <ele>236.2</ele>
    <time>2026-08-07T09:14:50Z</time>
   </trkpt>
   <trkpt lat="45.7809650" lon="4.7376740">
    <ele>236.3</ele>
    <time>2026-08-07T09:14:51Z</time>
   </trkpt>
   <trkpt lat="45.7809790" lon="4.7376390">
    <ele>236.3</ele>
    <time>2026-08-07T09:14:52Z</time>
   </trkpt>
   <trkpt lat="45.7810020" lon="4.7376070">
    <ele>236.3</ele>
    <time>2026-08-07T09:14:53Z</time>
   </trkpt>
   <trkpt lat="45.7810270" lon="4.7375870">
    <ele>236.3</ele>
    <time>2026-08-07T09:14:54Z</time>
   </trkpt>
   <trkpt lat="45.7810430" lon="4.7375590">
    <ele>236.3</ele>
    <time>2026-08-07T09:14:55Z</time>
   </trkpt>
   <trkpt lat="45.7810600" lon="4.7375320">
    <ele>236.4</ele>
    <time>2026-08-07T09:14:56Z</time>
   </trkpt>
   <trkpt lat="45.7810780" lon="4.7375060">
    <ele>236.4</ele>
    <time>2026-08-07T09:14:57Z</time>
   </trkpt>
   <trkpt lat="45.7810780" lon="4.7374500">
    <ele>236.4</ele>
    <time>2026-08-07T09:14:58Z</time>
   </trkpt>
   <trkpt lat="45.7811040" lon="4.7374250">
    <ele>236.4</ele>
    <time>2026-08-07T09:14:59Z</time>
   </trkpt>
   <trkpt lat="45.7811140" lon="4.7373860">
    <ele>236.4</ele>
    <time>2026-08-07T09:15:00Z</time>
   </trkpt>
   <trkpt lat="45.7811460" lon="4.7373270">
    <ele>236.5</ele>
    <time>2026-08-07T09:15:01Z</time>
   </trkpt>
   <trkpt lat="45.7811650" lon="4.7373040">
    <ele>236.5</ele>
    <time>2026-08-07T09:15:02Z</time>
   </trkpt>
   <trkpt lat="45.7811770" lon="4.7372760">
    <ele>236.5</ele>
    <time>2026-08-07T09:15:03Z</time>
   </trkpt>
   <trkpt lat="45.7811880" lon="4.7372430">
    <ele>236.5</ele>
    <time>2026-08-07T09:15:04Z</time>
   </trkpt>
   <trkpt lat="45.7812070" lon="4.7372110">
    <ele>236.5</ele>
    <time>2026-08-07T09:15:05Z</time>
   </trkpt>
   <trkpt lat="45.7812220" lon="4.7371770">
    <ele>236.5</ele>
    <time>2026-08-07T09:15:06Z</time>
   </trkpt>
   <trkpt lat="45.7812350" lon="4.7371380">
    <ele>236.5</ele>
    <time>2026-08-07T09:15:07Z</time>
   </trkpt>
   <trkpt lat="45.7812550" lon="4.7371120">
    <ele>236.5</ele>
    <time>2026-08-07T09:15:08Z</time>
   </trkpt>
   <trkpt lat="45.7812780" lon="4.7370800">
    <ele>236.5</ele>
    <time>2026-08-07T09:15:09Z</time>
   </trkpt>
   <trkpt lat="45.7813000" lon="4.7370490">
    <ele>236.4</ele>
    <time>2026-08-07T09:15:10Z</time>
   </trkpt>
   <trkpt lat="45.7813220" lon="4.7370210">
    <ele>236.4</ele>
    <time>2026-08-07T09:15:11Z</time>
   </trkpt>
   <trkpt lat="45.7813420" lon="4.7369870">
    <ele>236.4</ele>
    <time>2026-08-07T09:15:12Z</time>
   </trkpt>
   <trkpt lat="45.7813630" lon="4.7369550">
    <ele>236.4</ele>
    <time>2026-08-07T09:15:13Z</time>
   </trkpt>
   <trkpt lat="45.7813770" lon="4.7369330">
    <ele>236.4</ele>
    <time>2026-08-07T09:15:14Z</time>
   </trkpt>
   <trkpt lat="45.7814000" lon="4.7369000">
    <ele>236.3</ele>
    <time>2026-08-07T09:15:15Z</time>
   </trkpt>
   <trkpt lat="45.7814250" lon="4.7368820">
    <ele>236.3</ele>
    <time>2026-08-07T09:15:16Z</time>
   </trkpt>
   <trkpt lat="45.7814450" lon="4.7368630">
    <ele>236.3</ele>
    <time>2026-08-07T09:15:17Z</time>
   </trkpt>
   <trkpt lat="45.7814650" lon="4.7368320">
    <ele>236.3</ele>
    <time>2026-08-07T09:15:18Z</time>
   </trkpt>
   <trkpt lat="45.7814770" lon="4.7367890">
    <ele>236.3</ele>
    <time>2026-08-07T09:15:19Z</time>
   </trkpt>
   <trkpt lat="45.7815030" lon="4.7367660">
    <ele>236.3</ele>
    <time>2026-08-07T09:15:20Z</time>
   </trkpt>
   <trkpt lat="45.7815330" lon="4.7367660">
    <ele>236.3</ele>
    <time>2026-08-07T09:15:21Z</time>
   </trkpt>
   <trkpt lat="45.7815590" lon="4.7367570">
    <ele>236.3</ele>
    <time>2026-08-07T09:15:22Z</time>
   </trkpt>
   <trkpt lat="45.7815850" lon="4.7367440">
    <ele>236.3</ele>
    <time>2026-08-07T09:15:23Z</time>
   </trkpt>
   <trkpt lat="45.7816140" lon="4.7367180">
    <ele>236.3</ele>
    <time>2026-08-07T09:15:24Z</time>
   </trkpt>
   <trkpt lat="45.7816410" lon="4.7366960">
    <ele>236.3</ele>
    <time>2026-08-07T09:15:25Z</time>
   </trkpt>
   <trkpt lat="45.7816710" lon="4.7366750">
    <ele>236.3</ele>
    <time>2026-08-07T09:15:27Z</time>
   </trkpt>
   <trkpt lat="45.7816980" lon="4.7366640">
    <ele>236.3</ele>
    <time>2026-08-07T09:15:28Z</time>
   </trkpt>
   <trkpt lat="45.7817160" lon="4.7366460">
    <ele>236.3</ele>
    <time>2026-08-07T09:15:29Z</time>
   </trkpt>
   <trkpt lat="45.7817390" lon="4.7366210">
    <ele>236.3</ele>
    <time>2026-08-07T09:15:30Z</time>
   </trkpt>
   <trkpt lat="45.7817580" lon="4.7365950">
    <ele>236.3</ele>
    <time>2026-08-07T09:15:31Z</time>
   </trkpt>
   <trkpt lat="45.7817690" lon="4.7365550">
    <ele>236.4</ele>
    <time>2026-08-07T09:15:32Z</time>
   </trkpt>
   <trkpt lat="45.7817910" lon="4.7365250">
    <ele>236.4</ele>
    <time>2026-08-07T09:15:33Z</time>
   </trkpt>
   <trkpt lat="45.7818170" lon="4.7364980">
    <ele>236.4</ele>
    <time>2026-08-07T09:15:34Z</time>
   </trkpt>
   <trkpt lat="45.7818310" lon="4.7364710">
    <ele>236.3</ele>
    <time>2026-08-07T09:15:35Z</time>
   </trkpt>
   <trkpt lat="45.7818550" lon="4.7364540">
    <ele>236.3</ele>
    <time>2026-08-07T09:15:36Z</time>
   </trkpt>
   <trkpt lat="45.7818760" lon="4.7364270">
    <ele>236.3</ele>
    <time>2026-08-07T09:15:37Z</time>
   </trkpt>
   <trkpt lat="45.7819040" lon="4.7363910">
    <ele>236.3</ele>
    <time>2026-08-07T09:15:38Z</time>
   </trkpt>
   <trkpt lat="45.7819230" lon="4.7363620">
    <ele>236.3</ele>
    <time>2026-08-07T09:15:39Z</time>
   </trkpt>
   <trkpt lat="45.7819420" lon="4.7363310">
    <ele>236.3</ele>
    <time>2026-08-07T09:15:40Z</time>
   </trkpt>
   <trkpt lat="45.7819670" lon="4.7363040">
    <ele>236.2</ele>
    <time>2026-08-07T09:15:41Z</time>
   </trkpt>
   <trkpt lat="45.7819830" lon="4.7362760">
    <ele>236.2</ele>
    <time>2026-08-07T09:15:42Z</time>
   </trkpt>
   <trkpt lat="45.7819990" lon="4.7362430">
    <ele>236.2</ele>
    <time>2026-08-07T09:15:43Z</time>
   </trkpt>
   <trkpt lat="45.7820160" lon="4.7362150">
    <ele>236.2</ele>
    <time>2026-08-07T09:15:44Z</time>
   </trkpt>
   <trkpt lat="45.7820380" lon="4.7361820">
    <ele>236.1</ele>
    <time>2026-08-07T09:15:45Z</time>
   </trkpt>
   <trkpt lat="45.7820620" lon="4.7361550">
    <ele>236.1</ele>
    <time>2026-08-07T09:15:46Z</time>
   </trkpt>
   <trkpt lat="45.7820960" lon="4.7361340">
    <ele>236.0</ele>
    <time>2026-08-07T09:15:47Z</time>
   </trkpt>
   <trkpt lat="45.7821200" lon="4.7360890">
    <ele>235.9</ele>
    <time>2026-08-07T09:15:48Z</time>
   </trkpt>
   <trkpt lat="45.7821410" lon="4.7360570">
    <ele>235.8</ele>
    <time>2026-08-07T09:15:49Z</time>
   </trkpt>
   <trkpt lat="45.7821650" lon="4.7360330">
    <ele>235.7</ele>
    <time>2026-08-07T09:15:50Z</time>
   </trkpt>
   <trkpt lat="45.7821910" lon="4.7360090">
    <ele>235.6</ele>
    <time>2026-08-07T09:15:51Z</time>
   </trkpt>
   <trkpt lat="45.7822230" lon="4.7359880">
    <ele>235.4</ele>
    <time>2026-08-07T09:15:52Z</time>
   </trkpt>
   <trkpt lat="45.7822520" lon="4.7359660">
    <ele>235.3</ele>
    <time>2026-08-07T09:15:53Z</time>
   </trkpt>
   <trkpt lat="45.7822720" lon="4.7359390">
    <ele>235.2</ele>
    <time>2026-08-07T09:15:54Z</time>
   </trkpt>
   <trkpt lat="45.7822950" lon="4.7359090">
    <ele>235.2</ele>
    <time>2026-08-07T09:15:55Z</time>
   </trkpt>
   <trkpt lat="45.7823240" lon="4.7358780">
    <ele>235.1</ele>
    <time>2026-08-07T09:15:56Z</time>
   </trkpt>
   <trkpt lat="45.7823520" lon="4.7358500">
    <ele>235.0</ele>
    <time>2026-08-07T09:15:57Z</time>
   </trkpt>
   <trkpt lat="45.7823750" lon="4.7358260">
    <ele>235.0</ele>
    <time>2026-08-07T09:15:58Z</time>
   </trkpt>
   <trkpt lat="45.7823930" lon="4.7357910">
    <ele>234.9</ele>
    <time>2026-08-07T09:15:59Z</time>
   </trkpt>
   <trkpt lat="45.7824180" lon="4.7357610">
    <ele>234.9</ele>
    <time>2026-08-07T09:16:00Z</time>
   </trkpt>
   <trkpt lat="45.7824380" lon="4.7357260">
    <ele>234.8</ele>
    <time>2026-08-07T09:16:01Z</time>
   </trkpt>
   <trkpt lat="45.7824620" lon="4.7357080">
    <ele>234.8</ele>
    <time>2026-08-07T09:16:02Z</time>
   </trkpt>
   <trkpt lat="45.7824960" lon="4.7357080">
    <ele>234.7</ele>
    <time>2026-08-07T09:16:03Z</time>
   </trkpt>
   <trkpt lat="45.7825180" lon="4.7356840">
    <ele>234.6</ele>
    <time>2026-08-07T09:16:04Z</time>
   </trkpt>
   <trkpt lat="45.7825430" lon="4.7356580">
    <ele>234.6</ele>
    <time>2026-08-07T09:16:05Z</time>
   </trkpt>
   <trkpt lat="45.7825750" lon="4.7356480">
    <ele>234.5</ele>
    <time>2026-08-07T09:16:06Z</time>
   </trkpt>
   <trkpt lat="45.7825980" lon="4.7356240">
    <ele>234.5</ele>
    <time>2026-08-07T09:16:07Z</time>
   </trkpt>
   <trkpt lat="45.7826220" lon="4.7356010">
    <ele>234.4</ele>
    <time>2026-08-07T09:16:08Z</time>
   </trkpt>
   <trkpt lat="45.7826450" lon="4.7355830">
    <ele>234.4</ele>
    <time>2026-08-07T09:16:09Z</time>
   </trkpt>
   <trkpt lat="45.7826660" lon="4.7355630">
    <ele>234.3</ele>
    <time>2026-08-07T09:16:10Z</time>
   </trkpt>
   <trkpt lat="45.7826950" lon="4.7355480">
    <ele>234.3</ele>
    <time>2026-08-07T09:16:11Z</time>
   </trkpt>
   <trkpt lat="45.7827290" lon="4.7355290">
    <ele>234.3</ele>
    <time>2026-08-07T09:16:12Z</time>
   </trkpt>
   <trkpt lat="45.7827620" lon="4.7355120">
    <ele>234.2</ele>
    <time>2026-08-07T09:16:13Z</time>
   </trkpt>
   <trkpt lat="45.7827840" lon="4.7354950">
    <ele>234.2</ele>
    <time>2026-08-07T09:16:14Z</time>
   </trkpt>
   <trkpt lat="45.7828060" lon="4.7354740">
    <ele>234.2</ele>
    <time>2026-08-07T09:16:15Z</time>
   </trkpt>
   <trkpt lat="45.7828350" lon="4.7354560">
    <ele>234.2</ele>
    <time>2026-08-07T09:16:16Z</time>
   </trkpt>
   <trkpt lat="45.7828590" lon="4.7354340">
    <ele>234.1</ele>
    <time>2026-08-07T09:16:17Z</time>
   </trkpt>
   <trkpt lat="45.7828920" lon="4.7354290">
    <ele>234.1</ele>
    <time>2026-08-07T09:16:18Z</time>
   </trkpt>
   <trkpt lat="45.7829190" lon="4.7354040">
    <ele>234.1</ele>
    <time>2026-08-07T09:16:19Z</time>
   </trkpt>
   <trkpt lat="45.7829410" lon="4.7353820">
    <ele>234.1</ele>
    <time>2026-08-07T09:16:20Z</time>
   </trkpt>
   <trkpt lat="45.7829600" lon="4.7353690">
    <ele>234.1</ele>
    <time>2026-08-07T09:16:21Z</time>
   </trkpt>
   <trkpt lat="45.7829790" lon="4.7353600">
    <ele>234.1</ele>
    <time>2026-08-07T09:16:22Z</time>
   </trkpt>
   <trkpt lat="45.7830080" lon="4.7353430">
    <ele>234.1</ele>
    <time>2026-08-07T09:16:23Z</time>
   </trkpt>
   <trkpt lat="45.7830360" lon="4.7353320">
    <ele>234.1</ele>
    <time>2026-08-07T09:16:24Z</time>
   </trkpt>
   <trkpt lat="45.7830650" lon="4.7353130">
    <ele>234.0</ele>
    <time>2026-08-07T09:16:25Z</time>
   </trkpt>
   <trkpt lat="45.7830910" lon="4.7353100">
    <ele>234.0</ele>
    <time>2026-08-07T09:16:26Z</time>
   </trkpt>
   <trkpt lat="45.7831240" lon="4.7352830">
    <ele>234.1</ele>
    <time>2026-08-07T09:16:27Z</time>
   </trkpt>
   <trkpt lat="45.7831540" lon="4.7352680">
    <ele>234.1</ele>
    <time>2026-08-07T09:16:28Z</time>
   </trkpt>
   <trkpt lat="45.7831800" lon="4.7352500">
    <ele>234.1</ele>
    <time>2026-08-07T09:16:29Z</time>
   </trkpt>
   <trkpt lat="45.7832060" lon="4.7352320">
    <ele>234.1</ele>
    <time>2026-08-07T09:16:30Z</time>
   </trkpt>
   <trkpt lat="45.7832300" lon="4.7352130">
    <ele>234.1</ele>
    <time>2026-08-07T09:16:31Z</time>
   </trkpt>
   <trkpt lat="45.7832540" lon="4.7352010">
    <ele>234.1</ele>
    <time>2026-08-07T09:16:32Z</time>
   </trkpt>
   <trkpt lat="45.7832830" lon="4.7351830">
    <ele>234.1</ele>
    <time>2026-08-07T09:16:33Z</time>
   </trkpt>
   <trkpt lat="45.7833080" lon="4.7351770">
    <ele>234.1</ele>
    <time>2026-08-07T09:16:34Z</time>
   </trkpt>
   <trkpt lat="45.7833370" lon="4.7351670">
    <ele>234.1</ele>
    <time>2026-08-07T09:16:35Z</time>
   </trkpt>
   <trkpt lat="45.7833640" lon="4.7351580">
    <ele>234.2</ele>
    <time>2026-08-07T09:16:36Z</time>
   </trkpt>
   <trkpt lat="45.7833840" lon="4.7351460">
    <ele>234.2</ele>
    <time>2026-08-07T09:16:37Z</time>
   </trkpt>
   <trkpt lat="45.7834110" lon="4.7351420">
    <ele>234.2</ele>
    <time>2026-08-07T09:16:38Z</time>
   </trkpt>
   <trkpt lat="45.7834400" lon="4.7351210">
    <ele>234.2</ele>
    <time>2026-08-07T09:16:39Z</time>
   </trkpt>
   <trkpt lat="45.7834670" lon="4.7351080">
    <ele>234.2</ele>
    <time>2026-08-07T09:16:40Z</time>
   </trkpt>
   <trkpt lat="45.7834930" lon="4.7350950">
    <ele>234.3</ele>
    <time>2026-08-07T09:16:41Z</time>
   </trkpt>
   <trkpt lat="45.7835150" lon="4.7350660">
    <ele>234.3</ele>
    <time>2026-08-07T09:16:42Z</time>
   </trkpt>
   <trkpt lat="45.7835480" lon="4.7350520">
    <ele>234.3</ele>
    <time>2026-08-07T09:16:43Z</time>
   </trkpt>
   <trkpt lat="45.7835720" lon="4.7350450">
    <ele>234.3</ele>
    <time>2026-08-07T09:16:44Z</time>
   </trkpt>
   <trkpt lat="45.7836030" lon="4.7350170">
    <ele>234.4</ele>
    <time>2026-08-07T09:16:45Z</time>
   </trkpt>
   <trkpt lat="45.7836250" lon="4.7349950">
    <ele>234.4</ele>
    <time>2026-08-07T09:16:46Z</time>
   </trkpt>
   <trkpt lat="45.7836590" lon="4.7349740">
    <ele>234.4</ele>
    <time>2026-08-07T09:16:47Z</time>
   </trkpt>
   <trkpt lat="45.7836870" lon="4.7349550">
    <ele>234.4</ele>
    <time>2026-08-07T09:16:48Z</time>
   </trkpt>
   <trkpt lat="45.7837050" lon="4.7349460">
    <ele>234.5</ele>
    <time>2026-08-07T09:16:49Z</time>
   </trkpt>
   <trkpt lat="45.7837420" lon="4.7349360">
    <ele>234.5</ele>
    <time>2026-08-07T09:16:50Z</time>
   </trkpt>
   <trkpt lat="45.7837690" lon="4.7349070">
    <ele>234.6</ele>
    <time>2026-08-07T09:16:51Z</time>
   </trkpt>
   <trkpt lat="45.7837940" lon="4.7348900">
    <ele>234.6</ele>
    <time>2026-08-07T09:16:52Z</time>
   </trkpt>
   <trkpt lat="45.7838180" lon="4.7348810">
    <ele>234.6</ele>
    <time>2026-08-07T09:16:53Z</time>
   </trkpt>
   <trkpt lat="45.7838430" lon="4.7348810">
    <ele>234.7</ele>
    <time>2026-08-07T09:16:54Z</time>
   </trkpt>
   <trkpt lat="45.7838650" lon="4.7348750">
    <ele>234.7</ele>
    <time>2026-08-07T09:16:55Z</time>
   </trkpt>
   <trkpt lat="45.7838920" lon="4.7348660">
    <ele>234.8</ele>
    <time>2026-08-07T09:16:56Z</time>
   </trkpt>
   <trkpt lat="45.7839150" lon="4.7348340">
    <ele>234.8</ele>
    <time>2026-08-07T09:16:57Z</time>
   </trkpt>
   <trkpt lat="45.7839480" lon="4.7348170">
    <ele>234.9</ele>
    <time>2026-08-07T09:16:58Z</time>
   </trkpt>
   <trkpt lat="45.7839640" lon="4.7347860">
    <ele>235.0</ele>
    <time>2026-08-07T09:16:59Z</time>
   </trkpt>
   <trkpt lat="45.7839850" lon="4.7347520">
    <ele>235.0</ele>
    <time>2026-08-07T09:17:00Z</time>
   </trkpt>
   <trkpt lat="45.7840130" lon="4.7347260">
    <ele>235.1</ele>
    <time>2026-08-07T09:17:01Z</time>
   </trkpt>
   <trkpt lat="45.7840420" lon="4.7346870">
    <ele>235.2</ele>
    <time>2026-08-07T09:17:02Z</time>
   </trkpt>
   <trkpt lat="45.7840670" lon="4.7346690">
    <ele>235.3</ele>
    <time>2026-08-07T09:17:03Z</time>
   </trkpt>
   <trkpt lat="45.7840980" lon="4.7346570">
    <ele>235.4</ele>
    <time>2026-08-07T09:17:04Z</time>
   </trkpt>
   <trkpt lat="45.7841300" lon="4.7346470">
    <ele>235.5</ele>
    <time>2026-08-07T09:17:05Z</time>
   </trkpt>
   <trkpt lat="45.7841520" lon="4.7346240">
    <ele>235.5</ele>
    <time>2026-08-07T09:17:06Z</time>
   </trkpt>
   <trkpt lat="45.7841770" lon="4.7346040">
    <ele>235.6</ele>
    <time>2026-08-07T09:17:07Z</time>
   </trkpt>
   <trkpt lat="45.7842010" lon="4.7345930">
    <ele>235.7</ele>
    <time>2026-08-07T09:17:08Z</time>
   </trkpt>
   <trkpt lat="45.7842250" lon="4.7345730">
    <ele>235.8</ele>
    <time>2026-08-07T09:17:09Z</time>
   </trkpt>
   <trkpt lat="45.7842460" lon="4.7345430">
    <ele>235.8</ele>
    <time>2026-08-07T09:17:10Z</time>
   </trkpt>
   <trkpt lat="45.7842700" lon="4.7345160">
    <ele>235.9</ele>
    <time>2026-08-07T09:17:11Z</time>
   </trkpt>
   <trkpt lat="45.7842950" lon="4.7344970">
    <ele>236.0</ele>
    <time>2026-08-07T09:17:12Z</time>
   </trkpt>
   <trkpt lat="45.7843240" lon="4.7344760">
    <ele>236.1</ele>
    <time>2026-08-07T09:17:13Z</time>
   </trkpt>
   <trkpt lat="45.7843540" lon="4.7344590">
    <ele>236.2</ele>
    <time>2026-08-07T09:17:14Z</time>
   </trkpt>
   <trkpt lat="45.7843780" lon="4.7344280">
    <ele>236.3</ele>
    <time>2026-08-07T09:17:15Z</time>
   </trkpt>
   <trkpt lat="45.7844060" lon="4.7344120">
    <ele>236.4</ele>
    <time>2026-08-07T09:17:16Z</time>
   </trkpt>
   <trkpt lat="45.7844270" lon="4.7343910">
    <ele>236.5</ele>
    <time>2026-08-07T09:17:17Z</time>
   </trkpt>
   <trkpt lat="45.7844540" lon="4.7343670">
    <ele>236.6</ele>
    <time>2026-08-07T09:17:18Z</time>
   </trkpt>
   <trkpt lat="45.7844800" lon="4.7343590">
    <ele>236.7</ele>
    <time>2026-08-07T09:17:19Z</time>
   </trkpt>
   <trkpt lat="45.7845000" lon="4.7343470">
    <ele>236.8</ele>
    <time>2026-08-07T09:17:20Z</time>
   </trkpt>
   <trkpt lat="45.7845290" lon="4.7343300">
    <ele>236.9</ele>
    <time>2026-08-07T09:17:21Z</time>
   </trkpt>
   <trkpt lat="45.7845490" lon="4.7343040">
    <ele>237.0</ele>
    <time>2026-08-07T09:17:22Z</time>
   </trkpt>
   <trkpt lat="45.7845760" lon="4.7342770">
    <ele>237.1</ele>
    <time>2026-08-07T09:17:23Z</time>
   </trkpt>
   <trkpt lat="45.7846020" lon="4.7342620">
    <ele>237.2</ele>
    <time>2026-08-07T09:17:24Z</time>
   </trkpt>
   <trkpt lat="45.7846120" lon="4.7342270">
    <ele>237.3</ele>
    <time>2026-08-07T09:17:25Z</time>
   </trkpt>
   <trkpt lat="45.7846350" lon="4.7342110">
    <ele>237.4</ele>
    <time>2026-08-07T09:17:26Z</time>
   </trkpt>
   <trkpt lat="45.7846730" lon="4.7342120">
    <ele>237.5</ele>
    <time>2026-08-07T09:17:27Z</time>
   </trkpt>
   <trkpt lat="45.7847020" lon="4.7341940">
    <ele>237.6</ele>
    <time>2026-08-07T09:17:28Z</time>
   </trkpt>
   <trkpt lat="45.7847330" lon="4.7341820">
    <ele>237.7</ele>
    <time>2026-08-07T09:17:29Z</time>
   </trkpt>
   <trkpt lat="45.7847570" lon="4.7341740">
    <ele>237.8</ele>
    <time>2026-08-07T09:17:30Z</time>
   </trkpt>
   <trkpt lat="45.7847820" lon="4.7341610">
    <ele>237.8</ele>
    <time>2026-08-07T09:17:31Z</time>
   </trkpt>
   <trkpt lat="45.7848030" lon="4.7341400">
    <ele>237.9</ele>
    <time>2026-08-07T09:17:33Z</time>
   </trkpt>
   <trkpt lat="45.7848310" lon="4.7341210">
    <ele>238.0</ele>
    <time>2026-08-07T09:17:34Z</time>
   </trkpt>
   <trkpt lat="45.7848530" lon="4.7340890">
    <ele>238.1</ele>
    <time>2026-08-07T09:17:35Z</time>
   </trkpt>
   <trkpt lat="45.7848690" lon="4.7340490">
    <ele>238.1</ele>
    <time>2026-08-07T09:17:36Z</time>
   </trkpt>
   <trkpt lat="45.7848980" lon="4.7340530">
    <ele>238.5</ele>
    <time>2026-08-07T09:17:37Z</time>
   </trkpt>
   <trkpt lat="45.7849250" lon="4.7340960">
    <ele>238.5</ele>
    <time>2026-08-07T09:17:38Z</time>
   </trkpt>
   <trkpt lat="45.7849330" lon="4.7341200">
    <ele>238.5</ele>
    <time>2026-08-07T09:17:39Z</time>
   </trkpt>
   <trkpt lat="45.7849470" lon="4.7341060">
    <ele>238.4</ele>
    <time>2026-08-07T09:17:40Z</time>
   </trkpt>
   <trkpt lat="45.7849530" lon="4.7340740">
    <ele>238.3</ele>
    <time>2026-08-07T09:17:41Z</time>
   </trkpt>
   <trkpt lat="45.7849700" lon="4.7340910">
    <ele>238.2</ele>
    <time>2026-08-07T09:17:42Z</time>
   </trkpt>
   <trkpt lat="45.7849900" lon="4.7341300">
    <ele>238.1</ele>
    <time>2026-08-07T09:17:43Z</time>
   </trkpt>
   <trkpt lat="45.7849980" lon="4.7341660">
    <ele>238.0</ele>
    <time>2026-08-07T09:17:44Z</time>
   </trkpt>
   <trkpt lat="45.7850190" lon="4.7341860">
    <ele>237.9</ele>
    <time>2026-08-07T09:17:45Z</time>
   </trkpt>
   <trkpt lat="45.7850320" lon="4.7341990">
    <ele>237.8</ele>
    <time>2026-08-07T09:17:46Z</time>
   </trkpt>
   <trkpt lat="45.7850650" lon="4.7342110">
    <ele>237.7</ele>
    <time>2026-08-07T09:17:47Z</time>
   </trkpt>
   <trkpt lat="45.7850930" lon="4.7342360">
    <ele>237.7</ele>
    <time>2026-08-07T09:17:48Z</time>
   </trkpt>
   <trkpt lat="45.7851140" lon="4.7342570">
    <ele>237.6</ele>
    <time>2026-08-07T09:17:49Z</time>
   </trkpt>
   <trkpt lat="45.7851420" lon="4.7342750">
    <ele>237.5</ele>
    <time>2026-08-07T09:17:50Z</time>
   </trkpt>
   <trkpt lat="45.7851660" lon="4.7342900">
    <ele>237.4</ele>
    <time>2026-08-07T09:17:51Z</time>
   </trkpt>
   <trkpt lat="45.7851870" lon="4.7343050">
    <ele>237.4</ele>
    <time>2026-08-07T09:17:52Z</time>
   </trkpt>
   <trkpt lat="45.7852080" lon="4.7343250">
    <ele>237.3</ele>
    <time>2026-08-07T09:17:53Z</time>
   </trkpt>
   <trkpt lat="45.7852440" lon="4.7343370">
    <ele>237.3</ele>
    <time>2026-08-07T09:17:54Z</time>
   </trkpt>
   <trkpt lat="45.7852690" lon="4.7343340">
    <ele>237.3</ele>
    <time>2026-08-07T09:17:55Z</time>
   </trkpt>
   <trkpt lat="45.7852900" lon="4.7343410">
    <ele>237.3</ele>
    <time>2026-08-07T09:17:56Z</time>
   </trkpt>
   <trkpt lat="45.7853250" lon="4.7343610">
    <ele>237.4</ele>
    <time>2026-08-07T09:17:57Z</time>
   </trkpt>
   <trkpt lat="45.7853450" lon="4.7343540">
    <ele>237.3</ele>
    <time>2026-08-07T09:17:58Z</time>
   </trkpt>
   <trkpt lat="45.7853650" lon="4.7343380">
    <ele>237.2</ele>
    <time>2026-08-07T09:17:59Z</time>
   </trkpt>
   <trkpt lat="45.7853860" lon="4.7343190">
    <ele>237.0</ele>
    <time>2026-08-07T09:18:00Z</time>
   </trkpt>
   <trkpt lat="45.7854010" lon="4.7343070">
    <ele>236.9</ele>
    <time>2026-08-07T09:18:01Z</time>
   </trkpt>
   <trkpt lat="45.7854330" lon="4.7343580">
    <ele>236.8</ele>
    <time>2026-08-07T09:18:02Z</time>
   </trkpt>
   <trkpt lat="45.7854580" lon="4.7343740">
    <ele>236.8</ele>
    <time>2026-08-07T09:18:03Z</time>
   </trkpt>
   <trkpt lat="45.7854790" lon="4.7343920">
    <ele>236.8</ele>
    <time>2026-08-07T09:18:04Z</time>
   </trkpt>
   <trkpt lat="45.7855050" lon="4.7344060">
    <ele>236.8</ele>
    <time>2026-08-07T09:18:05Z</time>
   </trkpt>
   <trkpt lat="45.7855300" lon="4.7344320">
    <ele>236.7</ele>
    <time>2026-08-07T09:18:06Z</time>
   </trkpt>
   <trkpt lat="45.7855550" lon="4.7344370">
    <ele>236.8</ele>
    <time>2026-08-07T09:18:07Z</time>
   </trkpt>
   <trkpt lat="45.7855810" lon="4.7344200">
    <ele>236.9</ele>
    <time>2026-08-07T09:18:08Z</time>
   </trkpt>
   <trkpt lat="45.7856100" lon="4.7344110">
    <ele>237.0</ele>
    <time>2026-08-07T09:18:09Z</time>
   </trkpt>
   <trkpt lat="45.7856380" lon="4.7344180">
    <ele>237.1</ele>
    <time>2026-08-07T09:18:10Z</time>
   </trkpt>
   <trkpt lat="45.7856620" lon="4.7344100">
    <ele>237.2</ele>
    <time>2026-08-07T09:18:11Z</time>
   </trkpt>
   <trkpt lat="45.7856860" lon="4.7343820">
    <ele>237.4</ele>
    <time>2026-08-07T09:18:12Z</time>
   </trkpt>
   <trkpt lat="45.7857170" lon="4.7343560">
    <ele>237.6</ele>
    <time>2026-08-07T09:18:13Z</time>
   </trkpt>
   <trkpt lat="45.7857380" lon="4.7343310">
    <ele>237.7</ele>
    <time>2026-08-07T09:18:14Z</time>
   </trkpt>
   <trkpt lat="45.7857450" lon="4.7342860">
    <ele>237.9</ele>
    <time>2026-08-07T09:18:15Z</time>
   </trkpt>
   <trkpt lat="45.7857590" lon="4.7342460">
    <ele>238.0</ele>
    <time>2026-08-07T09:18:16Z</time>
   </trkpt>
   <trkpt lat="45.7857730" lon="4.7342170">
    <ele>238.2</ele>
    <time>2026-08-07T09:18:17Z</time>
   </trkpt>
   <trkpt lat="45.7857900" lon="4.7341910">
    <ele>238.3</ele>
    <time>2026-08-07T09:18:18Z</time>
   </trkpt>
   <trkpt lat="45.7858180" lon="4.7341640">
    <ele>238.5</ele>
    <time>2026-08-07T09:18:19Z</time>
   </trkpt>
   <trkpt lat="45.7858380" lon="4.7341610">
    <ele>238.6</ele>
    <time>2026-08-07T09:18:20Z</time>
   </trkpt>
   <trkpt lat="45.7858510" lon="4.7341370">
    <ele>238.8</ele>
    <time>2026-08-07T09:18:21Z</time>
   </trkpt>
   <trkpt lat="45.7858710" lon="4.7341060">
    <ele>239.0</ele>
    <time>2026-08-07T09:18:22Z</time>
   </trkpt>
   <trkpt lat="45.7858860" lon="4.7340700">
    <ele>239.2</ele>
    <time>2026-08-07T09:18:23Z</time>
   </trkpt>
   <trkpt lat="45.7859090" lon="4.7340470">
    <ele>239.3</ele>
    <time>2026-08-07T09:18:24Z</time>
   </trkpt>
   <trkpt lat="45.7859270" lon="4.7340090">
    <ele>239.6</ele>
    <time>2026-08-07T09:18:25Z</time>
   </trkpt>
   <trkpt lat="45.7859440" lon="4.7339770">
    <ele>239.7</ele>
    <time>2026-08-07T09:18:26Z</time>
   </trkpt>
   <trkpt lat="45.7859690" lon="4.7339510">
    <ele>239.9</ele>
    <time>2026-08-07T09:18:27Z</time>
   </trkpt>
   <trkpt lat="45.7859810" lon="4.7339080">
    <ele>240.1</ele>
    <time>2026-08-07T09:18:28Z</time>
   </trkpt>
   <trkpt lat="45.7860070" lon="4.7338890">
    <ele>240.3</ele>
    <time>2026-08-07T09:18:29Z</time>
   </trkpt>
   <trkpt lat="45.7860190" lon="4.7338670">
    <ele>240.5</ele>
    <time>2026-08-07T09:18:30Z</time>
   </trkpt>
   <trkpt lat="45.7860410" lon="4.7338380">
    <ele>240.7</ele>
    <time>2026-08-07T09:18:31Z</time>
   </trkpt>
   <trkpt lat="45.7860500" lon="4.7337970">
    <ele>240.9</ele>
    <time>2026-08-07T09:18:32Z</time>
   </trkpt>
   <trkpt lat="45.7860520" lon="4.7337560">
    <ele>241.1</ele>
    <time>2026-08-07T09:18:33Z</time>
   </trkpt>
   <trkpt lat="45.7860910" lon="4.7337340">
    <ele>241.4</ele>
    <time>2026-08-07T09:18:34Z</time>
   </trkpt>
   <trkpt lat="45.7861130" lon="4.7337170">
    <ele>241.5</ele>
    <time>2026-08-07T09:18:35Z</time>
   </trkpt>
   <trkpt lat="45.7861250" lon="4.7336890">
    <ele>241.7</ele>
    <time>2026-08-07T09:18:36Z</time>
   </trkpt>
   <trkpt lat="45.7861440" lon="4.7336540">
    <ele>241.9</ele>
    <time>2026-08-07T09:18:37Z</time>
   </trkpt>
   <trkpt lat="45.7861640" lon="4.7336310">
    <ele>242.1</ele>
    <time>2026-08-07T09:18:38Z</time>
   </trkpt>
   <trkpt lat="45.7861840" lon="4.7336070">
    <ele>242.3</ele>
    <time>2026-08-07T09:18:39Z</time>
   </trkpt>
   <trkpt lat="45.7862070" lon="4.7335860">
    <ele>242.5</ele>
    <time>2026-08-07T09:18:40Z</time>
   </trkpt>
   <trkpt lat="45.7862270" lon="4.7335620">
    <ele>242.6</ele>
    <time>2026-08-07T09:18:41Z</time>
   </trkpt>
   <trkpt lat="45.7862460" lon="4.7335260">
    <ele>242.9</ele>
    <time>2026-08-07T09:18:42Z</time>
   </trkpt>
   <trkpt lat="45.7862730" lon="4.7334750">
    <ele>243.1</ele>
    <time>2026-08-07T09:18:43Z</time>
   </trkpt>
   <trkpt lat="45.7862950" lon="4.7334340">
    <ele>243.4</ele>
    <time>2026-08-07T09:18:44Z</time>
   </trkpt>
   <trkpt lat="45.7863090" lon="4.7334090">
    <ele>243.5</ele>
    <time>2026-08-07T09:18:45Z</time>
   </trkpt>
   <trkpt lat="45.7863250" lon="4.7333790">
    <ele>243.7</ele>
    <time>2026-08-07T09:18:46Z</time>
   </trkpt>
   <trkpt lat="45.7863410" lon="4.7333360">
    <ele>243.9</ele>
    <time>2026-08-07T09:18:47Z</time>
   </trkpt>
   <trkpt lat="45.7863520" lon="4.7333020">
    <ele>244.0</ele>
    <time>2026-08-07T09:18:48Z</time>
   </trkpt>
   <trkpt lat="45.7863690" lon="4.7332620">
    <ele>244.2</ele>
    <time>2026-08-07T09:18:49Z</time>
   </trkpt>
   <trkpt lat="45.7863860" lon="4.7332190">
    <ele>244.4</ele>
    <time>2026-08-07T09:18:50Z</time>
   </trkpt>
   <trkpt lat="45.7864040" lon="4.7332000">
    <ele>244.6</ele>
    <time>2026-08-07T09:18:51Z</time>
   </trkpt>
   <trkpt lat="45.7864190" lon="4.7331630">
    <ele>244.7</ele>
    <time>2026-08-07T09:18:52Z</time>
   </trkpt>
   <trkpt lat="45.7864620" lon="4.7331200">
    <ele>245.0</ele>
    <time>2026-08-07T09:18:53Z</time>
   </trkpt>
   <trkpt lat="45.7864840" lon="4.7330850">
    <ele>245.2</ele>
    <time>2026-08-07T09:18:54Z</time>
   </trkpt>
   <trkpt lat="45.7865040" lon="4.7330530">
    <ele>245.4</ele>
    <time>2026-08-07T09:18:55Z</time>
   </trkpt>
   <trkpt lat="45.7865260" lon="4.7330410">
    <ele>245.5</ele>
    <time>2026-08-07T09:18:56Z</time>
   </trkpt>
   <trkpt lat="45.7865350" lon="4.7330070">
    <ele>245.6</ele>
    <time>2026-08-07T09:18:57Z</time>
   </trkpt>
   <trkpt lat="45.7865500" lon="4.7329800">
    <ele>245.8</ele>
    <time>2026-08-07T09:18:58Z</time>
   </trkpt>
   <trkpt lat="45.7865780" lon="4.7329650">
    <ele>245.9</ele>
    <time>2026-08-07T09:18:59Z</time>
   </trkpt>
   <trkpt lat="45.7865930" lon="4.7329370">
    <ele>246.0</ele>
    <time>2026-08-07T09:19:00Z</time>
   </trkpt>
   <trkpt lat="45.7866090" lon="4.7329150">
    <ele>246.1</ele>
    <time>2026-08-07T09:19:01Z</time>
   </trkpt>
   <trkpt lat="45.7866250" lon="4.7328840">
    <ele>246.3</ele>
    <time>2026-08-07T09:19:02Z</time>
   </trkpt>
   <trkpt lat="45.7866510" lon="4.7328580">
    <ele>246.4</ele>
    <time>2026-08-07T09:19:03Z</time>
   </trkpt>
   <trkpt lat="45.7866660" lon="4.7328370">
    <ele>246.5</ele>
    <time>2026-08-07T09:19:04Z</time>
   </trkpt>
   <trkpt lat="45.7866920" lon="4.7328210">
    <ele>246.6</ele>
    <time>2026-08-07T09:19:05Z</time>
   </trkpt>
   <trkpt lat="45.7867210" lon="4.7328000">
    <ele>246.8</ele>
    <time>2026-08-07T09:19:06Z</time>
   </trkpt>
   <trkpt lat="45.7867470" lon="4.7327800">
    <ele>246.9</ele>
    <time>2026-08-07T09:19:07Z</time>
   </trkpt>
   <trkpt lat="45.7867690" lon="4.7327550">
    <ele>247.0</ele>
    <time>2026-08-07T09:19:08Z</time>
   </trkpt>
   <trkpt lat="45.7867950" lon="4.7327380">
    <ele>247.2</ele>
    <time>2026-08-07T09:19:09Z</time>
   </trkpt>
   <trkpt lat="45.7868190" lon="4.7327210">
    <ele>247.3</ele>
    <time>2026-08-07T09:19:10Z</time>
   </trkpt>
   <trkpt lat="45.7868390" lon="4.7326920">
    <ele>247.4</ele>
    <time>2026-08-07T09:19:11Z</time>
   </trkpt>
   <trkpt lat="45.7868570" lon="4.7326760">
    <ele>247.4</ele>
    <time>2026-08-07T09:19:12Z</time>
   </trkpt>
   <trkpt lat="45.7868750" lon="4.7326420">
    <ele>247.5</ele>
    <time>2026-08-07T09:19:13Z</time>
   </trkpt>
   <trkpt lat="45.7868890" lon="4.7326180">
    <ele>247.6</ele>
    <time>2026-08-07T09:19:14Z</time>
   </trkpt>
   <trkpt lat="45.7868950" lon="4.7325920">
    <ele>247.7</ele>
    <time>2026-08-07T09:19:15Z</time>
   </trkpt>
   <trkpt lat="45.7869050" lon="4.7325600">
    <ele>247.8</ele>
    <time>2026-08-07T09:19:16Z</time>
   </trkpt>
   <trkpt lat="45.7869210" lon="4.7325500">
    <ele>247.8</ele>
    <time>2026-08-07T09:19:17Z</time>
   </trkpt>
   <trkpt lat="45.7869420" lon="4.7325500">
    <ele>247.9</ele>
    <time>2026-08-07T09:19:18Z</time>
   </trkpt>
   <trkpt lat="45.7869670" lon="4.7325400">
    <ele>248.0</ele>
    <time>2026-08-07T09:19:19Z</time>
   </trkpt>
   <trkpt lat="45.7869890" lon="4.7325270">
    <ele>248.1</ele>
    <time>2026-08-07T09:19:20Z</time>
   </trkpt>
   <trkpt lat="45.7870170" lon="4.7325180">
    <ele>248.1</ele>
    <time>2026-08-07T09:19:21Z</time>
   </trkpt>
   <trkpt lat="45.7870440" lon="4.7325150">
    <ele>248.1</ele>
    <time>2026-08-07T09:19:22Z</time>
   </trkpt>
   <trkpt lat="45.7870650" lon="4.7325040">
    <ele>248.1</ele>
    <time>2026-08-07T09:19:23Z</time>
   </trkpt>
   <trkpt lat="45.7870950" lon="4.7324920">
    <ele>248.2</ele>
    <time>2026-08-07T09:19:24Z</time>
   </trkpt>
   <trkpt lat="45.7871240" lon="4.7324760">
    <ele>248.2</ele>
    <time>2026-08-07T09:19:25Z</time>
   </trkpt>
   <trkpt lat="45.7871450" lon="4.7324590">
    <ele>248.2</ele>
    <time>2026-08-07T09:19:26Z</time>
   </trkpt>
   <trkpt lat="45.7871740" lon="4.7324460">
    <ele>248.2</ele>
    <time>2026-08-07T09:19:27Z</time>
   </trkpt>
   <trkpt lat="45.7872010" lon="4.7324230">
    <ele>248.3</ele>
    <time>2026-08-07T09:19:28Z</time>
   </trkpt>
   <trkpt lat="45.7872330" lon="4.7324180">
    <ele>248.3</ele>
    <time>2026-08-07T09:19:29Z</time>
   </trkpt>
   <trkpt lat="45.7872730" lon="4.7324300">
    <ele>248.3</ele>
    <time>2026-08-07T09:19:30Z</time>
   </trkpt>
   <trkpt lat="45.7872990" lon="4.7324190">
    <ele>248.3</ele>
    <time>2026-08-07T09:19:31Z</time>
   </trkpt>
   <trkpt lat="45.7873320" lon="4.7323980">
    <ele>248.3</ele>
    <time>2026-08-07T09:19:32Z</time>
   </trkpt>
   <trkpt lat="45.7873640" lon="4.7323960">
    <ele>248.3</ele>
    <time>2026-08-07T09:19:33Z</time>
   </trkpt>
   <trkpt lat="45.7873840" lon="4.7324090">
    <ele>248.2</ele>
    <time>2026-08-07T09:19:34Z</time>
   </trkpt>
   <trkpt lat="45.7874190" lon="4.7323940">
    <ele>248.2</ele>
    <time>2026-08-07T09:19:35Z</time>
   </trkpt>
   <trkpt lat="45.7874480" lon="4.7323810">
    <ele>248.2</ele>
    <time>2026-08-07T09:19:36Z</time>
   </trkpt>
   <trkpt lat="45.7874790" lon="4.7323790">
    <ele>248.2</ele>
    <time>2026-08-07T09:19:37Z</time>
   </trkpt>
   <trkpt lat="45.7875050" lon="4.7323820">
    <ele>248.2</ele>
    <time>2026-08-07T09:19:39Z</time>
   </trkpt>
   <trkpt lat="45.7875320" lon="4.7323860">
    <ele>248.2</ele>
    <time>2026-08-07T09:19:40Z</time>
   </trkpt>
   <trkpt lat="45.7875700" lon="4.7323750">
    <ele>248.1</ele>
    <time>2026-08-07T09:19:41Z</time>
   </trkpt>
   <trkpt lat="45.7876020" lon="4.7323660">
    <ele>248.1</ele>
    <time>2026-08-07T09:19:42Z</time>
   </trkpt>
   <trkpt lat="45.7876290" lon="4.7323650">
    <ele>248.1</ele>
    <time>2026-08-07T09:19:43Z</time>
   </trkpt>
   <trkpt lat="45.7876600" lon="4.7323690">
    <ele>248.1</ele>
    <time>2026-08-07T09:19:44Z</time>
   </trkpt>
   <trkpt lat="45.7876900" lon="4.7323670">
    <ele>248.1</ele>
    <time>2026-08-07T09:19:45Z</time>
   </trkpt>
   <trkpt lat="45.7877180" lon="4.7323570">
    <ele>248.1</ele>
    <time>2026-08-07T09:19:46Z</time>
   </trkpt>
   <trkpt lat="45.7877500" lon="4.7323540">
    <ele>248.0</ele>
    <time>2026-08-07T09:19:47Z</time>
   </trkpt>
   <trkpt lat="45.7877820" lon="4.7323630">
    <ele>248.0</ele>
    <time>2026-08-07T09:19:48Z</time>
   </trkpt>
   <trkpt lat="45.7878120" lon="4.7323760">
    <ele>248.0</ele>
    <time>2026-08-07T09:19:49Z</time>
   </trkpt>
   <trkpt lat="45.7878440" lon="4.7323770">
    <ele>247.9</ele>
    <time>2026-08-07T09:19:50Z</time>
   </trkpt>
   <trkpt lat="45.7878710" lon="4.7323660">
    <ele>247.9</ele>
    <time>2026-08-07T09:19:51Z</time>
   </trkpt>
   <trkpt lat="45.7878960" lon="4.7323710">
    <ele>247.9</ele>
    <time>2026-08-07T09:19:52Z</time>
   </trkpt>
   <trkpt lat="45.7879270" lon="4.7323920">
    <ele>247.9</ele>
    <time>2026-08-07T09:19:53Z</time>
   </trkpt>
   <trkpt lat="45.7879590" lon="4.7324000">
    <ele>247.8</ele>
    <time>2026-08-07T09:19:54Z</time>
   </trkpt>
   <trkpt lat="45.7879920" lon="4.7323810">
    <ele>247.8</ele>
    <time>2026-08-07T09:19:55Z</time>
   </trkpt>
   <trkpt lat="45.7880190" lon="4.7323670">
    <ele>247.7</ele>
    <time>2026-08-07T09:19:56Z</time>
   </trkpt>
   <trkpt lat="45.7880450" lon="4.7323580">
    <ele>247.7</ele>
    <time>2026-08-07T09:19:57Z</time>
   </trkpt>
   <trkpt lat="45.7880750" lon="4.7323500">
    <ele>247.6</ele>
    <time>2026-08-07T09:19:58Z</time>
   </trkpt>
   <trkpt lat="45.7881050" lon="4.7323450">
    <ele>247.5</ele>
    <time>2026-08-07T09:19:59Z</time>
   </trkpt>
   <trkpt lat="45.7881270" lon="4.7323280">
    <ele>247.5</ele>
    <time>2026-08-07T09:20:00Z</time>
   </trkpt>
   <trkpt lat="45.7881660" lon="4.7323360">
    <ele>247.4</ele>
    <time>2026-08-07T09:20:01Z</time>
   </trkpt>
   <trkpt lat="45.7881930" lon="4.7323320">
    <ele>247.5</ele>
    <time>2026-08-07T09:20:02Z</time>
   </trkpt>
   <trkpt lat="45.7882220" lon="4.7323190">
    <ele>247.5</ele>
    <time>2026-08-07T09:20:03Z</time>
   </trkpt>
   <trkpt lat="45.7882520" lon="4.7323150">
    <ele>247.5</ele>
    <time>2026-08-07T09:20:04Z</time>
   </trkpt>
   <trkpt lat="45.7882720" lon="4.7322960">
    <ele>247.6</ele>
    <time>2026-08-07T09:20:05Z</time>
   </trkpt>
   <trkpt lat="45.7882930" lon="4.7322860">
    <ele>247.6</ele>
    <time>2026-08-07T09:20:06Z</time>
   </trkpt>
   <trkpt lat="45.7883000" lon="4.7322630">
    <ele>247.6</ele>
    <time>2026-08-07T09:20:07Z</time>
   </trkpt>
   <trkpt lat="45.7883030" lon="4.7322290">
    <ele>247.5</ele>
    <time>2026-08-07T09:20:08Z</time>
   </trkpt>
   <trkpt lat="45.7882930" lon="4.7322050">
    <ele>247.5</ele>
    <time>2026-08-07T09:20:09Z</time>
   </trkpt>
   <trkpt lat="45.7882640" lon="4.7321820">
    <ele>247.4</ele>
    <time>2026-08-07T09:20:10Z</time>
   </trkpt>
   <trkpt lat="45.7882330" lon="4.7321720">
    <ele>247.3</ele>
    <time>2026-08-07T09:20:11Z</time>
   </trkpt>
   <trkpt lat="45.7882070" lon="4.7321700">
    <ele>247.3</ele>
    <time>2026-08-07T09:20:12Z</time>
   </trkpt>
   <trkpt lat="45.7881830" lon="4.7321600">
    <ele>247.2</ele>
    <time>2026-08-07T09:20:13Z</time>
   </trkpt>
   <trkpt lat="45.7881590" lon="4.7321330">
    <ele>247.1</ele>
    <time>2026-08-07T09:20:14Z</time>
   </trkpt>
   <trkpt lat="45.7881350" lon="4.7321100">
    <ele>247.2</ele>
    <time>2026-08-07T09:20:15Z</time>
   </trkpt>
   <trkpt lat="45.7881070" lon="4.7320820">
    <ele>247.1</ele>
    <time>2026-08-07T09:20:16Z</time>
   </trkpt>
   <trkpt lat="45.7880780" lon="4.7320630">
    <ele>247.1</ele>
    <time>2026-08-07T09:20:17Z</time>
   </trkpt>
   <trkpt lat="45.7880480" lon="4.7320380">
    <ele>247.0</ele>
    <time>2026-08-07T09:20:18Z</time>
   </trkpt>
   <trkpt lat="45.7880280" lon="4.7320060">
    <ele>246.9</ele>
    <time>2026-08-07T09:20:19Z</time>
   </trkpt>
   <trkpt lat="45.7880100" lon="4.7319650">
    <ele>246.8</ele>
    <time>2026-08-07T09:20:20Z</time>
   </trkpt>
   <trkpt lat="45.7879800" lon="4.7319480">
    <ele>246.8</ele>
    <time>2026-08-07T09:20:21Z</time>
   </trkpt>
   <trkpt lat="45.7879630" lon="4.7319180">
    <ele>246.6</ele>
    <time>2026-08-07T09:20:22Z</time>
   </trkpt>
   <trkpt lat="45.7879430" lon="4.7318960">
    <ele>246.6</ele>
    <time>2026-08-07T09:20:23Z</time>
   </trkpt>
   <trkpt lat="45.7879180" lon="4.7318780">
    <ele>246.5</ele>
    <time>2026-08-07T09:20:24Z</time>
   </trkpt>
   <trkpt lat="45.7879190" lon="4.7318310">
    <ele>246.4</ele>
    <time>2026-08-07T09:20:25Z</time>
   </trkpt>
   <trkpt lat="45.7879220" lon="4.7317810">
    <ele>246.4</ele>
    <time>2026-08-07T09:20:26Z</time>
   </trkpt>
   <trkpt lat="45.7879180" lon="4.7317360">
    <ele>246.3</ele>
    <time>2026-08-07T09:20:27Z</time>
   </trkpt>
   <trkpt lat="45.7879080" lon="4.7317000">
    <ele>246.3</ele>
    <time>2026-08-07T09:20:28Z</time>
   </trkpt>
   <trkpt lat="45.7879100" lon="4.7316630">
    <ele>246.4</ele>
    <time>2026-08-07T09:20:29Z</time>
   </trkpt>
   <trkpt lat="45.7879050" lon="4.7316230">
    <ele>246.5</ele>
    <time>2026-08-07T09:20:30Z</time>
   </trkpt>
   <trkpt lat="45.7879010" lon="4.7315850">
    <ele>246.6</ele>
    <time>2026-08-07T09:20:31Z</time>
   </trkpt>
   <trkpt lat="45.7878990" lon="4.7315410">
    <ele>246.7</ele>
    <time>2026-08-07T09:20:32Z</time>
   </trkpt>
   <trkpt lat="45.7878780" lon="4.7315180">
    <ele>246.7</ele>
    <time>2026-08-07T09:20:33Z</time>
   </trkpt>
   <trkpt lat="45.7878750" lon="4.7314860">
    <ele>246.9</ele>
    <time>2026-08-07T09:20:34Z</time>
   </trkpt>
   <trkpt lat="45.7878830" lon="4.7314470">
    <ele>247.0</ele>
    <time>2026-08-07T09:20:35Z</time>
   </trkpt>
   <trkpt lat="45.7878830" lon="4.7314130">
    <ele>247.2</ele>
    <time>2026-08-07T09:20:36Z</time>
   </trkpt>
   <trkpt lat="45.7878900" lon="4.7313910">
    <ele>247.2</ele>
    <time>2026-08-07T09:20:37Z</time>
   </trkpt>
   <trkpt lat="45.7878800" lon="4.7313590">
    <ele>247.4</ele>
    <time>2026-08-07T09:20:38Z</time>
   </trkpt>
   <trkpt lat="45.7878660" lon="4.7313150">
    <ele>247.8</ele>
    <time>2026-08-07T09:20:39Z</time>
   </trkpt>
   <trkpt lat="45.7878600" lon="4.7312730">
    <ele>248.0</ele>
    <time>2026-08-07T09:20:40Z</time>
   </trkpt>
   <trkpt lat="45.7878640" lon="4.7312360">
    <ele>248.2</ele>
    <time>2026-08-07T09:20:41Z</time>
   </trkpt>
   <trkpt lat="45.7878510" lon="4.7311950">
    <ele>248.5</ele>
    <time>2026-08-07T09:20:42Z</time>
   </trkpt>
   <trkpt lat="45.7878210" lon="4.7311640">
    <ele>248.6</ele>
    <time>2026-08-07T09:20:43Z</time>
   </trkpt>
   <trkpt lat="45.7877890" lon="4.7311420">
    <ele>249.1</ele>
    <time>2026-08-07T09:20:44Z</time>
   </trkpt>
   <trkpt lat="45.7877560" lon="4.7311130">
    <ele>249.8</ele>
    <time>2026-08-07T09:20:45Z</time>
   </trkpt>
   <trkpt lat="45.7877290" lon="4.7310860">
    <ele>249.8</ele>
    <time>2026-08-07T09:20:46Z</time>
   </trkpt>
   <trkpt lat="45.7877130" lon="4.7310650">
    <ele>250.3</ele>
    <time>2026-08-07T09:20:47Z</time>
   </trkpt>
   <trkpt lat="45.7877090" lon="4.7310310">
    <ele>250.3</ele>
    <time>2026-08-07T09:20:48Z</time>
   </trkpt>
   <trkpt lat="45.7877260" lon="4.7309910">
    <ele>250.5</ele>
    <time>2026-08-07T09:20:49Z</time>
   </trkpt>
   <trkpt lat="45.7877670" lon="4.7309640">
    <ele>250.3</ele>
    <time>2026-08-07T09:20:50Z</time>
   </trkpt>
   <trkpt lat="45.7877720" lon="4.7309400">
    <ele>250.5</ele>
    <time>2026-08-07T09:20:51Z</time>
   </trkpt>
   <trkpt lat="45.7877620" lon="4.7309270">
    <ele>250.3</ele>
    <time>2026-08-07T09:20:52Z</time>
   </trkpt>
   <trkpt lat="45.7877360" lon="4.7309400">
    <ele>249.7</ele>
    <time>2026-08-07T09:20:53Z</time>
   </trkpt>
   <trkpt lat="45.7877110" lon="4.7309710">
    <ele>249.0</ele>
    <time>2026-08-07T09:20:54Z</time>
   </trkpt>
   <trkpt lat="45.7876880" lon="4.7310080">
    <ele>248.3</ele>
    <time>2026-08-07T09:20:55Z</time>
   </trkpt>
   <trkpt lat="45.7876680" lon="4.7310420">
    <ele>247.7</ele>
    <time>2026-08-07T09:20:56Z</time>
   </trkpt>
   <trkpt lat="45.7876440" lon="4.7310740">
    <ele>247.0</ele>
    <time>2026-08-07T09:20:57Z</time>
   </trkpt>
   <trkpt lat="45.7876220" lon="4.7310870">
    <ele>247.0</ele>
    <time>2026-08-07T09:20:58Z</time>
   </trkpt>
   <trkpt lat="45.7875660" lon="4.7310780">
    <ele>247.0</ele>
    <time>2026-08-07T09:20:59Z</time>
   </trkpt>
   <trkpt lat="45.7875600" lon="4.7310230">
    <ele>247.0</ele>
    <time>2026-08-07T09:21:00Z</time>
   </trkpt>
   <trkpt lat="45.7875660" lon="4.7309900">
    <ele>247.0</ele>
    <time>2026-08-07T09:21:01Z</time>
   </trkpt>
   <trkpt lat="45.7875650" lon="4.7309570">
    <ele>247.0</ele>
    <time>2026-08-07T09:21:02Z</time>
   </trkpt>
   <trkpt lat="45.7875830" lon="4.7309290">
    <ele>247.0</ele>
    <time>2026-08-07T09:21:03Z</time>
   </trkpt>
   <trkpt lat="45.7876170" lon="4.7309130">
    <ele>247.1</ele>
    <time>2026-08-07T09:21:04Z</time>
   </trkpt>
   <trkpt lat="45.7876300" lon="4.7309060">
    <ele>247.1</ele>
    <time>2026-08-07T09:21:05Z</time>
   </trkpt>
   <trkpt lat="45.7876520" lon="4.7308910">
    <ele>247.1</ele>
    <time>2026-08-07T09:21:06Z</time>
   </trkpt>
   <trkpt lat="45.7876870" lon="4.7309010">
    <ele>247.2</ele>
    <time>2026-08-07T09:21:07Z</time>
   </trkpt>
   <trkpt lat="45.7877200" lon="4.7309030">
    <ele>247.2</ele>
    <time>2026-08-07T09:21:08Z</time>
   </trkpt>
   <trkpt lat="45.7877300" lon="4.7309000">
    <ele>247.2</ele>
    <time>2026-08-07T09:21:09Z</time>
   </trkpt>
   <trkpt lat="45.7877420" lon="4.7308720">
    <ele>247.3</ele>
    <time>2026-08-07T09:21:10Z</time>
   </trkpt>
   <trkpt lat="45.7877520" lon="4.7308470">
    <ele>247.3</ele>
    <time>2026-08-07T09:21:11Z</time>
   </trkpt>
   <trkpt lat="45.7877680" lon="4.7308530">
    <ele>247.3</ele>
    <time>2026-08-07T09:21:12Z</time>
   </trkpt>
   <trkpt lat="45.7877770" lon="4.7308360">
    <ele>247.3</ele>
    <time>2026-08-07T09:21:13Z</time>
   </trkpt>
   <trkpt lat="45.7878000" lon="4.7308180">
    <ele>247.4</ele>
    <time>2026-08-07T09:21:14Z</time>
   </trkpt>
   <trkpt lat="45.7878250" lon="4.7308070">
    <ele>247.4</ele>
    <time>2026-08-07T09:21:15Z</time>
   </trkpt>
   <trkpt lat="45.7878480" lon="4.7307760">
    <ele>247.5</ele>
    <time>2026-08-07T09:21:16Z</time>
   </trkpt>
   <trkpt lat="45.7878670" lon="4.7307260">
    <ele>247.5</ele>
    <time>2026-08-07T09:21:17Z</time>
   </trkpt>
   <trkpt lat="45.7878850" lon="4.7306980">
    <ele>247.6</ele>
    <time>2026-08-07T09:21:18Z</time>
   </trkpt>
   <trkpt lat="45.7879050" lon="4.7306710">
    <ele>247.7</ele>
    <time>2026-08-07T09:21:19Z</time>
   </trkpt>
   <trkpt lat="45.7879230" lon="4.7306430">
    <ele>247.7</ele>
    <time>2026-08-07T09:21:20Z</time>
   </trkpt>
   <trkpt lat="45.7879370" lon="4.7306100">
    <ele>247.8</ele>
    <time>2026-08-07T09:21:21Z</time>
   </trkpt>
   <trkpt lat="45.7879540" lon="4.7305790">
    <ele>247.9</ele>
    <time>2026-08-07T09:21:22Z</time>
   </trkpt>
   <trkpt lat="45.7879690" lon="4.7305490">
    <ele>247.9</ele>
    <time>2026-08-07T09:21:23Z</time>
   </trkpt>
   <trkpt lat="45.7879820" lon="4.7305160">
    <ele>248.0</ele>
    <time>2026-08-07T09:21:24Z</time>
   </trkpt>
   <trkpt lat="45.7879710" lon="4.7304800">
    <ele>248.1</ele>
    <time>2026-08-07T09:21:25Z</time>
   </trkpt>
   <trkpt lat="45.7879500" lon="4.7304390">
    <ele>248.2</ele>
    <time>2026-08-07T09:21:26Z</time>
   </trkpt>
   <trkpt lat="45.7879430" lon="4.7303960">
    <ele>248.4</ele>
    <time>2026-08-07T09:21:27Z</time>
   </trkpt>
   <trkpt lat="45.7879250" lon="4.7303600">
    <ele>248.5</ele>
    <time>2026-08-07T09:21:28Z</time>
   </trkpt>
   <trkpt lat="45.7879120" lon="4.7303380">
    <ele>248.6</ele>
    <time>2026-08-07T09:21:29Z</time>
   </trkpt>
   <trkpt lat="45.7878820" lon="4.7303160">
    <ele>248.8</ele>
    <time>2026-08-07T09:21:30Z</time>
   </trkpt>
   <trkpt lat="45.7878470" lon="4.7302840">
    <ele>249.0</ele>
    <time>2026-08-07T09:21:31Z</time>
   </trkpt>
   <trkpt lat="45.7878220" lon="4.7302410">
    <ele>249.2</ele>
    <time>2026-08-07T09:21:32Z</time>
   </trkpt>
   <trkpt lat="45.7878070" lon="4.7302150">
    <ele>249.3</ele>
    <time>2026-08-07T09:21:33Z</time>
   </trkpt>
   <trkpt lat="45.7877860" lon="4.7301860">
    <ele>249.4</ele>
    <time>2026-08-07T09:21:34Z</time>
   </trkpt>
   <trkpt lat="45.7877750" lon="4.7301550">
    <ele>249.5</ele>
    <time>2026-08-07T09:21:35Z</time>
   </trkpt>
   <trkpt lat="45.7877540" lon="4.7301190">
    <ele>249.6</ele>
    <time>2026-08-07T09:21:36Z</time>
   </trkpt>
   <trkpt lat="45.7877370" lon="4.7300800">
    <ele>249.7</ele>
    <time>2026-08-07T09:21:37Z</time>
   </trkpt>
   <trkpt lat="45.7877280" lon="4.7300350">
    <ele>249.9</ele>
    <time>2026-08-07T09:21:38Z</time>
   </trkpt>
   <trkpt lat="45.7877250" lon="4.7299900">
    <ele>250.0</ele>
    <time>2026-08-07T09:21:39Z</time>
   </trkpt>
   <trkpt lat="45.7877230" lon="4.7299520">
    <ele>250.1</ele>
    <time>2026-08-07T09:21:40Z</time>
   </trkpt>
   <trkpt lat="45.7877310" lon="4.7299030">
    <ele>250.3</ele>
    <time>2026-08-07T09:21:41Z</time>
   </trkpt>
   <trkpt lat="45.7877400" lon="4.7298520">
    <ele>250.4</ele>
    <time>2026-08-07T09:21:42Z</time>
   </trkpt>
   <trkpt lat="45.7877600" lon="4.7298080">
    <ele>250.6</ele>
    <time>2026-08-07T09:21:43Z</time>
   </trkpt>
   <trkpt lat="45.7877700" lon="4.7297770">
    <ele>250.7</ele>
    <time>2026-08-07T09:21:45Z</time>
   </trkpt>
   <trkpt lat="45.7877840" lon="4.7297440">
    <ele>250.9</ele>
    <time>2026-08-07T09:21:46Z</time>
   </trkpt>
   <trkpt lat="45.7878030" lon="4.7297190">
    <ele>251.0</ele>
    <time>2026-08-07T09:21:47Z</time>
   </trkpt>
   <trkpt lat="45.7878120" lon="4.7296770">
    <ele>251.2</ele>
    <time>2026-08-07T09:21:48Z</time>
   </trkpt>
   <trkpt lat="45.7878250" lon="4.7296500">
    <ele>251.4</ele>
    <time>2026-08-07T09:21:49Z</time>
   </trkpt>
   <trkpt lat="45.7878410" lon="4.7296220">
    <ele>251.5</ele>
    <time>2026-08-07T09:21:50Z</time>
   </trkpt>
   <trkpt lat="45.7878580" lon="4.7295870">
    <ele>251.7</ele>
    <time>2026-08-07T09:21:51Z</time>
   </trkpt>
   <trkpt lat="45.7878680" lon="4.7295390">
    <ele>251.9</ele>
    <time>2026-08-07T09:21:52Z</time>
   </trkpt>
   <trkpt lat="45.7878870" lon="4.7295090">
    <ele>252.1</ele>
    <time>2026-08-07T09:21:53Z</time>
   </trkpt>
   <trkpt lat="45.7879050" lon="4.7294830">
    <ele>252.2</ele>
    <time>2026-08-07T09:21:54Z</time>
   </trkpt>
   <trkpt lat="45.7879180" lon="4.7294530">
    <ele>252.4</ele>
    <time>2026-08-07T09:21:55Z</time>
   </trkpt>
   <trkpt lat="45.7879270" lon="4.7294260">
    <ele>252.5</ele>
    <time>2026-08-07T09:21:56Z</time>
   </trkpt>
   <trkpt lat="45.7879450" lon="4.7294100">
    <ele>252.6</ele>
    <time>2026-08-07T09:21:57Z</time>
   </trkpt>
   <trkpt lat="45.7879660" lon="4.7293760">
    <ele>252.8</ele>
    <time>2026-08-07T09:21:58Z</time>
   </trkpt>
   <trkpt lat="45.7879880" lon="4.7293500">
    <ele>253.0</ele>
    <time>2026-08-07T09:21:59Z</time>
   </trkpt>
   <trkpt lat="45.7880060" lon="4.7293320">
    <ele>253.1</ele>
    <time>2026-08-07T09:22:00Z</time>
   </trkpt>
   <trkpt lat="45.7880240" lon="4.7293070">
    <ele>253.2</ele>
    <time>2026-08-07T09:22:01Z</time>
   </trkpt>
   <trkpt lat="45.7880440" lon="4.7292760">
    <ele>253.3</ele>
    <time>2026-08-07T09:22:02Z</time>
   </trkpt>
   <trkpt lat="45.7880650" lon="4.7292590">
    <ele>253.5</ele>
    <time>2026-08-07T09:22:03Z</time>
   </trkpt>
   <trkpt lat="45.7880780" lon="4.7292390">
    <ele>253.5</ele>
    <time>2026-08-07T09:22:04Z</time>
   </trkpt>
   <trkpt lat="45.7880980" lon="4.7292180">
    <ele>253.6</ele>
    <time>2026-08-07T09:22:05Z</time>
   </trkpt>
   <trkpt lat="45.7881250" lon="4.7291990">
    <ele>253.8</ele>
    <time>2026-08-07T09:22:06Z</time>
   </trkpt>
   <trkpt lat="45.7881480" lon="4.7291830">
    <ele>253.9</ele>
    <time>2026-08-07T09:22:07Z</time>
   </trkpt>
   <trkpt lat="45.7881680" lon="4.7291680">
    <ele>254.0</ele>
    <time>2026-08-07T09:22:08Z</time>
   </trkpt>
   <trkpt lat="45.7882010" lon="4.7291570">
    <ele>254.1</ele>
    <time>2026-08-07T09:22:09Z</time>
   </trkpt>
   <trkpt lat="45.7882250" lon="4.7291390">
    <ele>254.2</ele>
    <time>2026-08-07T09:22:10Z</time>
   </trkpt>
   <trkpt lat="45.7882460" lon="4.7291250">
    <ele>254.2</ele>
    <time>2026-08-07T09:22:11Z</time>
   </trkpt>
   <trkpt lat="45.7882930" lon="4.7291220">
    <ele>254.4</ele>
    <time>2026-08-07T09:22:12Z</time>
   </trkpt>
   <trkpt lat="45.7883170" lon="4.7290970">
    <ele>254.5</ele>
    <time>2026-08-07T09:22:13Z</time>
   </trkpt>
   <trkpt lat="45.7883310" lon="4.7290720">
    <ele>254.5</ele>
    <time>2026-08-07T09:22:14Z</time>
   </trkpt>
   <trkpt lat="45.7883550" lon="4.7290400">
    <ele>254.6</ele>
    <time>2026-08-07T09:22:15Z</time>
   </trkpt>
   <trkpt lat="45.7883790" lon="4.7290180">
    <ele>254.7</ele>
    <time>2026-08-07T09:22:16Z</time>
   </trkpt>
   <trkpt lat="45.7883910" lon="4.7289880">
    <ele>254.8</ele>
    <time>2026-08-07T09:22:17Z</time>
   </trkpt>
   <trkpt lat="45.7884110" lon="4.7289700">
    <ele>254.9</ele>
    <time>2026-08-07T09:22:18Z</time>
   </trkpt>
   <trkpt lat="45.7884340" lon="4.7289410">
    <ele>255.0</ele>
    <time>2026-08-07T09:22:19Z</time>
   </trkpt>
   <trkpt lat="45.7884450" lon="4.7289100">
    <ele>255.1</ele>
    <time>2026-08-07T09:22:20Z</time>
   </trkpt>
   <trkpt lat="45.7884700" lon="4.7288820">
    <ele>255.2</ele>
    <time>2026-08-07T09:22:21Z</time>
   </trkpt>
   <trkpt lat="45.7884910" lon="4.7288570">
    <ele>255.3</ele>
    <time>2026-08-07T09:22:22Z</time>
   </trkpt>
   <trkpt lat="45.7885130" lon="4.7288210">
    <ele>255.5</ele>
    <time>2026-08-07T09:22:23Z</time>
   </trkpt>
   <trkpt lat="45.7885350" lon="4.7287960">
    <ele>255.6</ele>
    <time>2026-08-07T09:22:24Z</time>
   </trkpt>
   <trkpt lat="45.7885650" lon="4.7287830">
    <ele>255.7</ele>
    <time>2026-08-07T09:22:25Z</time>
   </trkpt>
   <trkpt lat="45.7885990" lon="4.7287810">
    <ele>255.9</ele>
    <time>2026-08-07T09:22:26Z</time>
   </trkpt>
   <trkpt lat="45.7886310" lon="4.7287830">
    <ele>256.0</ele>
    <time>2026-08-07T09:22:27Z</time>
   </trkpt>
   <trkpt lat="45.7886590" lon="4.7287650">
    <ele>256.2</ele>
    <time>2026-08-07T09:22:28Z</time>
   </trkpt>
   <trkpt lat="45.7886800" lon="4.7287320">
    <ele>256.3</ele>
    <time>2026-08-07T09:22:29Z</time>
   </trkpt>
   <trkpt lat="45.7887010" lon="4.7287120">
    <ele>256.4</ele>
    <time>2026-08-07T09:22:30Z</time>
   </trkpt>
   <trkpt lat="45.7887250" lon="4.7287030">
    <ele>256.5</ele>
    <time>2026-08-07T09:22:31Z</time>
   </trkpt>
   <trkpt lat="45.7887540" lon="4.7287100">
    <ele>256.5</ele>
    <time>2026-08-07T09:22:32Z</time>
   </trkpt>
   <trkpt lat="45.7887760" lon="4.7287030">
    <ele>256.5</ele>
    <time>2026-08-07T09:22:33Z</time>
   </trkpt>
   <trkpt lat="45.7888010" lon="4.7287100">
    <ele>256.4</ele>
    <time>2026-08-07T09:22:34Z</time>
   </trkpt>
   <trkpt lat="45.7888330" lon="4.7287170">
    <ele>256.2</ele>
    <time>2026-08-07T09:22:35Z</time>
   </trkpt>
   <trkpt lat="45.7888610" lon="4.7287080">
    <ele>256.0</ele>
    <time>2026-08-07T09:22:36Z</time>
   </trkpt>
   <trkpt lat="45.7888770" lon="4.7286860">
    <ele>255.9</ele>
    <time>2026-08-07T09:22:37Z</time>
   </trkpt>
   <trkpt lat="45.7889130" lon="4.7286660">
    <ele>255.7</ele>
    <time>2026-08-07T09:22:38Z</time>
   </trkpt>
   <trkpt lat="45.7889380" lon="4.7286380">
    <ele>255.5</ele>
    <time>2026-08-07T09:22:39Z</time>
   </trkpt>
   <trkpt lat="45.7889600" lon="4.7286200">
    <ele>255.4</ele>
    <time>2026-08-07T09:22:40Z</time>
   </trkpt>
   <trkpt lat="45.7889820" lon="4.7285980">
    <ele>255.3</ele>
    <time>2026-08-07T09:22:41Z</time>
   </trkpt>
   <trkpt lat="45.7890020" lon="4.7285770">
    <ele>255.2</ele>
    <time>2026-08-07T09:22:42Z</time>
   </trkpt>
   <trkpt lat="45.7890230" lon="4.7285580">
    <ele>255.1</ele>
    <time>2026-08-07T09:22:43Z</time>
   </trkpt>
   <trkpt lat="45.7890460" lon="4.7285280">
    <ele>254.9</ele>
    <time>2026-08-07T09:22:44Z</time>
   </trkpt>
   <trkpt lat="45.7890620" lon="4.7284940">
    <ele>254.8</ele>
    <time>2026-08-07T09:22:45Z</time>
   </trkpt>
   <trkpt lat="45.7890750" lon="4.7284670">
    <ele>254.7</ele>
    <time>2026-08-07T09:22:46Z</time>
   </trkpt>
   <trkpt lat="45.7890950" lon="4.7284430">
    <ele>254.6</ele>
    <time>2026-08-07T09:22:47Z</time>
   </trkpt>
   <trkpt lat="45.7891150" lon="4.7284080">
    <ele>254.5</ele>
    <time>2026-08-07T09:22:48Z</time>
   </trkpt>
   <trkpt lat="45.7891430" lon="4.7283850">
    <ele>254.4</ele>
    <time>2026-08-07T09:22:49Z</time>
   </trkpt>
   <trkpt lat="45.7891590" lon="4.7283640">
    <ele>254.3</ele>
    <time>2026-08-07T09:22:50Z</time>
   </trkpt>
   <trkpt lat="45.7891680" lon="4.7283260">
    <ele>254.2</ele>
    <time>2026-08-07T09:22:51Z</time>
   </trkpt>
   <trkpt lat="45.7891780" lon="4.7282870">
    <ele>254.1</ele>
    <time>2026-08-07T09:22:52Z</time>
   </trkpt>
   <trkpt lat="45.7891940" lon="4.7282600">
    <ele>254.0</ele>
    <time>2026-08-07T09:22:53Z</time>
   </trkpt>
   <trkpt lat="45.7892270" lon="4.7281840">
    <ele>253.8</ele>
    <time>2026-08-07T09:22:54Z</time>
   </trkpt>
   <trkpt lat="45.7892460" lon="4.7281550">
    <ele>253.8</ele>
    <time>2026-08-07T09:22:55Z</time>
   </trkpt>
   <trkpt lat="45.7892710" lon="4.7281160">
    <ele>253.7</ele>
    <time>2026-08-07T09:22:56Z</time>
   </trkpt>
   <trkpt lat="45.7892850" lon="4.7280820">
    <ele>253.6</ele>
    <time>2026-08-07T09:22:57Z</time>
   </trkpt>
   <trkpt lat="45.7892840" lon="4.7280220">
    <ele>253.6</ele>
    <time>2026-08-07T09:22:58Z</time>
   </trkpt>
   <trkpt lat="45.7893050" lon="4.7280040">
    <ele>253.5</ele>
    <time>2026-08-07T09:22:59Z</time>
   </trkpt>
   <trkpt lat="45.7893240" lon="4.7279810">
    <ele>253.5</ele>
    <time>2026-08-07T09:23:00Z</time>
   </trkpt>
   <trkpt lat="45.7893370" lon="4.7279450">
    <ele>253.5</ele>
    <time>2026-08-07T09:23:01Z</time>
   </trkpt>
   <trkpt lat="45.7893520" lon="4.7279060">
    <ele>253.4</ele>
    <time>2026-08-07T09:23:02Z</time>
   </trkpt>
   <trkpt lat="45.7893690" lon="4.7278800">
    <ele>253.4</ele>
    <time>2026-08-07T09:23:03Z</time>
   </trkpt>
   <trkpt lat="45.7893790" lon="4.7278370">
    <ele>253.4</ele>
    <time>2026-08-07T09:23:04Z</time>
   </trkpt>
   <trkpt lat="45.7893920" lon="4.7278020">
    <ele>253.3</ele>
    <time>2026-08-07T09:23:05Z</time>
   </trkpt>
   <trkpt lat="45.7894060" lon="4.7277710">
    <ele>253.3</ele>
    <time>2026-08-07T09:23:06Z</time>
   </trkpt>
   <trkpt lat="45.7894010" lon="4.7277130">
    <ele>253.3</ele>
    <time>2026-08-07T09:23:07Z</time>
   </trkpt>
   <trkpt lat="45.7894190" lon="4.7276750">
    <ele>253.2</ele>
    <time>2026-08-07T09:23:08Z</time>
   </trkpt>
   <trkpt lat="45.7894420" lon="4.7276450">
    <ele>253.2</ele>
    <time>2026-08-07T09:23:09Z</time>
   </trkpt>
   <trkpt lat="45.7894640" lon="4.7276110">
    <ele>253.1</ele>
    <time>2026-08-07T09:23:10Z</time>
   </trkpt>
   <trkpt lat="45.7894850" lon="4.7275690">
    <ele>253.1</ele>
    <time>2026-08-07T09:23:11Z</time>
   </trkpt>
   <trkpt lat="45.7894950" lon="4.7275260">
    <ele>253.0</ele>
    <time>2026-08-07T09:23:12Z</time>
   </trkpt>
   <trkpt lat="45.7895060" lon="4.7274910">
    <ele>253.0</ele>
    <time>2026-08-07T09:23:13Z</time>
   </trkpt>
   <trkpt lat="45.7895190" lon="4.7274550">
    <ele>252.9</ele>
    <time>2026-08-07T09:23:14Z</time>
   </trkpt>
   <trkpt lat="45.7895380" lon="4.7274110">
    <ele>252.9</ele>
    <time>2026-08-07T09:23:15Z</time>
   </trkpt>
   <trkpt lat="45.7895590" lon="4.7273800">
    <ele>252.8</ele>
    <time>2026-08-07T09:23:16Z</time>
   </trkpt>
   <trkpt lat="45.7895700" lon="4.7273530">
    <ele>252.8</ele>
    <time>2026-08-07T09:23:17Z</time>
   </trkpt>
   <trkpt lat="45.7895890" lon="4.7273180">
    <ele>252.8</ele>
    <time>2026-08-07T09:23:18Z</time>
   </trkpt>
   <trkpt lat="45.7896070" lon="4.7272780">
    <ele>252.7</ele>
    <time>2026-08-07T09:23:19Z</time>
   </trkpt>
   <trkpt lat="45.7896170" lon="4.7272420">
    <ele>252.7</ele>
    <time>2026-08-07T09:23:20Z</time>
   </trkpt>
   <trkpt lat="45.7896260" lon="4.7272000">
    <ele>252.7</ele>
    <time>2026-08-07T09:23:21Z</time>
   </trkpt>
   <trkpt lat="45.7896370" lon="4.7271590">
    <ele>252.6</ele>
    <time>2026-08-07T09:23:22Z</time>
   </trkpt>
   <trkpt lat="45.7896510" lon="4.7271240">
    <ele>252.6</ele>
    <time>2026-08-07T09:23:23Z</time>
   </trkpt>
   <trkpt lat="45.7896680" lon="4.7270900">
    <ele>252.6</ele>
    <time>2026-08-07T09:23:24Z</time>
   </trkpt>
   <trkpt lat="45.7896770" lon="4.7270490">
    <ele>252.6</ele>
    <time>2026-08-07T09:23:25Z</time>
   </trkpt>
   <trkpt lat="45.7896860" lon="4.7270070">
    <ele>252.6</ele>
    <time>2026-08-07T09:23:26Z</time>
   </trkpt>
   <trkpt lat="45.7897030" lon="4.7269750">
    <ele>252.6</ele>
    <time>2026-08-07T09:23:27Z</time>
   </trkpt>
   <trkpt lat="45.7897130" lon="4.7269360">
    <ele>252.6</ele>
    <time>2026-08-07T09:23:28Z</time>
   </trkpt>
   <trkpt lat="45.7897210" lon="4.7268990">
    <ele>252.6</ele>
    <time>2026-08-07T09:23:29Z</time>
   </trkpt>
   <trkpt lat="45.7897370" lon="4.7268700">
    <ele>252.6</ele>
    <time>2026-08-07T09:23:30Z</time>
   </trkpt>
   <trkpt lat="45.7897630" lon="4.7268420">
    <ele>252.6</ele>
    <time>2026-08-07T09:23:31Z</time>
   </trkpt>
   <trkpt lat="45.7897780" lon="4.7268080">
    <ele>252.6</ele>
    <time>2026-08-07T09:23:32Z</time>
   </trkpt>
   <trkpt lat="45.7897880" lon="4.7267740">
    <ele>252.6</ele>
    <time>2026-08-07T09:23:33Z</time>
   </trkpt>
   <trkpt lat="45.7897990" lon="4.7267330">
    <ele>252.5</ele>
    <time>2026-08-07T09:23:34Z</time>
   </trkpt>
   <trkpt lat="45.7898190" lon="4.7267010">
    <ele>252.5</ele>
    <time>2026-08-07T09:23:35Z</time>
   </trkpt>
   <trkpt lat="45.7898290" lon="4.7266580">
    <ele>252.5</ele>
    <time>2026-08-07T09:23:36Z</time>
   </trkpt>
   <trkpt lat="45.7898430" lon="4.7266300">
    <ele>252.5</ele>
    <time>2026-08-07T09:23:37Z</time>
   </trkpt>
   <trkpt lat="45.7898610" lon="4.7266030">
    <ele>252.5</ele>
    <time>2026-08-07T09:23:38Z</time>
   </trkpt>
   <trkpt lat="45.7898770" lon="4.7265770">
    <ele>252.4</ele>
    <time>2026-08-07T09:23:39Z</time>
   </trkpt>
   <trkpt lat="45.7898920" lon="4.7265500">
    <ele>252.4</ele>
    <time>2026-08-07T09:23:40Z</time>
   </trkpt>
   <trkpt lat="45.7899100" lon="4.7265190">
    <ele>252.4</ele>
    <time>2026-08-07T09:23:41Z</time>
   </trkpt>
   <trkpt lat="45.7899220" lon="4.7264850">
    <ele>252.4</ele>
    <time>2026-08-07T09:23:42Z</time>
   </trkpt>
   <trkpt lat="45.7899330" lon="4.7264560">
    <ele>252.4</ele>
    <time>2026-08-07T09:23:43Z</time>
   </trkpt>
   <trkpt lat="45.7899490" lon="4.7264270">
    <ele>252.4</ele>
    <time>2026-08-07T09:23:44Z</time>
   </trkpt>
   <trkpt lat="45.7899630" lon="4.7263840">
    <ele>252.4</ele>
    <time>2026-08-07T09:23:45Z</time>
   </trkpt>
   <trkpt lat="45.7899760" lon="4.7263410">
    <ele>252.4</ele>
    <time>2026-08-07T09:23:46Z</time>
   </trkpt>
   <trkpt lat="45.7899970" lon="4.7263120">
    <ele>252.5</ele>
    <time>2026-08-07T09:23:47Z</time>
   </trkpt>
   <trkpt lat="45.7900120" lon="4.7262820">
    <ele>252.5</ele>
    <time>2026-08-07T09:23:48Z</time>
   </trkpt>
   <trkpt lat="45.7900290" lon="4.7262390">
    <ele>252.5</ele>
    <time>2026-08-07T09:23:49Z</time>
   </trkpt>
   <trkpt lat="45.7900470" lon="4.7262110">
    <ele>252.5</ele>
    <time>2026-08-07T09:23:51Z</time>
   </trkpt>
   <trkpt lat="45.7900600" lon="4.7261820">
    <ele>252.6</ele>
    <time>2026-08-07T09:23:52Z</time>
   </trkpt>
   <trkpt lat="45.7900690" lon="4.7261480">
    <ele>252.6</ele>
    <time>2026-08-07T09:23:53Z</time>
   </trkpt>
   <trkpt lat="45.7900780" lon="4.7261050">
    <ele>252.6</ele>
    <time>2026-08-07T09:23:54Z</time>
   </trkpt>
   <trkpt lat="45.7900880" lon="4.7260670">
    <ele>252.6</ele>
    <time>2026-08-07T09:23:55Z</time>
   </trkpt>
   <trkpt lat="45.7901030" lon="4.7260240">
    <ele>252.7</ele>
    <time>2026-08-07T09:23:56Z</time>
   </trkpt>
   <trkpt lat="45.7901280" lon="4.7259890">
    <ele>252.7</ele>
    <time>2026-08-07T09:23:57Z</time>
   </trkpt>
   <trkpt lat="45.7901470" lon="4.7259620">
    <ele>252.7</ele>
    <time>2026-08-07T09:23:58Z</time>
   </trkpt>
   <trkpt lat="45.7901620" lon="4.7259260">
    <ele>252.8</ele>
    <time>2026-08-07T09:23:59Z</time>
   </trkpt>
   <trkpt lat="45.7901640" lon="4.7258900">
    <ele>252.8</ele>
    <time>2026-08-07T09:24:00Z</time>
   </trkpt>
   <trkpt lat="45.7901730" lon="4.7258570">
    <ele>252.8</ele>
    <time>2026-08-07T09:24:01Z</time>
   </trkpt>
   <trkpt lat="45.7901860" lon="4.7258110">
    <ele>252.9</ele>
    <time>2026-08-07T09:24:02Z</time>
   </trkpt>
   <trkpt lat="45.7901990" lon="4.7257650">
    <ele>252.9</ele>
    <time>2026-08-07T09:24:03Z</time>
   </trkpt>
   <trkpt lat="45.7902230" lon="4.7257310">
    <ele>252.9</ele>
    <time>2026-08-07T09:24:04Z</time>
   </trkpt>
   <trkpt lat="45.7902320" lon="4.7256860">
    <ele>252.9</ele>
    <time>2026-08-07T09:24:05Z</time>
   </trkpt>
   <trkpt lat="45.7902490" lon="4.7256470">
    <ele>252.9</ele>
    <time>2026-08-07T09:24:06Z</time>
   </trkpt>
   <trkpt lat="45.7902710" lon="4.7256140">
    <ele>253.0</ele>
    <time>2026-08-07T09:24:07Z</time>
   </trkpt>
   <trkpt lat="45.7902890" lon="4.7255820">
    <ele>253.0</ele>
    <time>2026-08-07T09:24:08Z</time>
   </trkpt>
   <trkpt lat="45.7902970" lon="4.7255420">
    <ele>253.0</ele>
    <time>2026-08-07T09:24:09Z</time>
   </trkpt>
   <trkpt lat="45.7903110" lon="4.7255220">
    <ele>253.0</ele>
    <time>2026-08-07T09:24:10Z</time>
   </trkpt>
   <trkpt lat="45.7903430" lon="4.7254980">
    <ele>253.0</ele>
    <time>2026-08-07T09:24:11Z</time>
   </trkpt>
   <trkpt lat="45.7903430" lon="4.7254560">
    <ele>253.0</ele>
    <time>2026-08-07T09:24:12Z</time>
   </trkpt>
   <trkpt lat="45.7903360" lon="4.7254180">
    <ele>253.1</ele>
    <time>2026-08-07T09:24:13Z</time>
   </trkpt>
   <trkpt lat="45.7903440" lon="4.7253750">
    <ele>253.1</ele>
    <time>2026-08-07T09:24:14Z</time>
   </trkpt>
   <trkpt lat="45.7903550" lon="4.7253380">
    <ele>253.1</ele>
    <time>2026-08-07T09:24:15Z</time>
   </trkpt>
   <trkpt lat="45.7903660" lon="4.7253020">
    <ele>253.1</ele>
    <time>2026-08-07T09:24:16Z</time>
   </trkpt>
   <trkpt lat="45.7903720" lon="4.7252680">
    <ele>253.1</ele>
    <time>2026-08-07T09:24:17Z</time>
   </trkpt>
   <trkpt lat="45.7903910" lon="4.7252330">
    <ele>253.2</ele>
    <time>2026-08-07T09:24:18Z</time>
   </trkpt>
   <trkpt lat="45.7904190" lon="4.7251820">
    <ele>253.2</ele>
    <time>2026-08-07T09:24:19Z</time>
   </trkpt>
   <trkpt lat="45.7904360" lon="4.7251540">
    <ele>253.2</ele>
    <time>2026-08-07T09:24:20Z</time>
   </trkpt>
   <trkpt lat="45.7904520" lon="4.7251080">
    <ele>253.2</ele>
    <time>2026-08-07T09:24:21Z</time>
   </trkpt>
   <trkpt lat="45.7904610" lon="4.7250800">
    <ele>253.2</ele>
    <time>2026-08-07T09:24:22Z</time>
   </trkpt>
   <trkpt lat="45.7904710" lon="4.7250580">
    <ele>253.3</ele>
    <time>2026-08-07T09:24:23Z</time>
   </trkpt>
   <trkpt lat="45.7904700" lon="4.7250200">
    <ele>253.3</ele>
    <time>2026-08-07T09:24:24Z</time>
   </trkpt>
   <trkpt lat="45.7904710" lon="4.7249800">
    <ele>253.3</ele>
    <time>2026-08-07T09:24:25Z</time>
   </trkpt>
   <trkpt lat="45.7904680" lon="4.7249430">
    <ele>253.3</ele>
    <time>2026-08-07T09:24:26Z</time>
   </trkpt>
   <trkpt lat="45.7904660" lon="4.7249060">
    <ele>253.3</ele>
    <time>2026-08-07T09:24:27Z</time>
   </trkpt>
   <trkpt lat="45.7904830" lon="4.7248610">
    <ele>253.4</ele>
    <time>2026-08-07T09:24:28Z</time>
   </trkpt>
   <trkpt lat="45.7905110" lon="4.7248300">
    <ele>253.4</ele>
    <time>2026-08-07T09:24:29Z</time>
   </trkpt>
   <trkpt lat="45.7905380" lon="4.7248130">
    <ele>253.4</ele>
    <time>2026-08-07T09:24:30Z</time>
   </trkpt>
   <trkpt lat="45.7905520" lon="4.7247840">
    <ele>253.5</ele>
    <time>2026-08-07T09:24:31Z</time>
   </trkpt>
   <trkpt lat="45.7905610" lon="4.7247410">
    <ele>253.5</ele>
    <time>2026-08-07T09:24:32Z</time>
   </trkpt>
   <trkpt lat="45.7905650" lon="4.7247090">
    <ele>253.5</ele>
    <time>2026-08-07T09:24:33Z</time>
   </trkpt>
   <trkpt lat="45.7905780" lon="4.7246810">
    <ele>253.6</ele>
    <time>2026-08-07T09:24:34Z</time>
   </trkpt>
   <trkpt lat="45.7905950" lon="4.7246550">
    <ele>253.6</ele>
    <time>2026-08-07T09:24:35Z</time>
   </trkpt>
   <trkpt lat="45.7906100" lon="4.7246350">
    <ele>253.6</ele>
    <time>2026-08-07T09:24:36Z</time>
   </trkpt>
   <trkpt lat="45.7906410" lon="4.7246090">
    <ele>253.7</ele>
    <time>2026-08-07T09:24:37Z</time>
   </trkpt>
   <trkpt lat="45.7906650" lon="4.7245810">
    <ele>253.7</ele>
    <time>2026-08-07T09:24:38Z</time>
   </trkpt>
   <trkpt lat="45.7906900" lon="4.7245490">
    <ele>253.8</ele>
    <time>2026-08-07T09:24:39Z</time>
   </trkpt>
   <trkpt lat="45.7907020" lon="4.7245080">
    <ele>253.8</ele>
    <time>2026-08-07T09:24:40Z</time>
   </trkpt>
   <trkpt lat="45.7907050" lon="4.7244630">
    <ele>253.8</ele>
    <time>2026-08-07T09:24:41Z</time>
   </trkpt>
   <trkpt lat="45.7907170" lon="4.7244370">
    <ele>253.8</ele>
    <time>2026-08-07T09:24:42Z</time>
   </trkpt>
   <trkpt lat="45.7907190" lon="4.7243910">
    <ele>253.8</ele>
    <time>2026-08-07T09:24:43Z</time>
   </trkpt>
   <trkpt lat="45.7907280" lon="4.7243660">
    <ele>253.8</ele>
    <time>2026-08-07T09:24:44Z</time>
   </trkpt>
   <trkpt lat="45.7907460" lon="4.7243420">
    <ele>253.8</ele>
    <time>2026-08-07T09:24:45Z</time>
   </trkpt>
   <trkpt lat="45.7907710" lon="4.7243120">
    <ele>253.8</ele>
    <time>2026-08-07T09:24:46Z</time>
   </trkpt>
   <trkpt lat="45.7907960" lon="4.7242890">
    <ele>253.7</ele>
    <time>2026-08-07T09:24:47Z</time>
   </trkpt>
   <trkpt lat="45.7908100" lon="4.7242590">
    <ele>253.7</ele>
    <time>2026-08-07T09:24:48Z</time>
   </trkpt>
   <trkpt lat="45.7908180" lon="4.7242180">
    <ele>253.7</ele>
    <time>2026-08-07T09:24:49Z</time>
   </trkpt>
   <trkpt lat="45.7908290" lon="4.7241860">
    <ele>253.6</ele>
    <time>2026-08-07T09:24:50Z</time>
   </trkpt>
   <trkpt lat="45.7908480" lon="4.7241570">
    <ele>253.6</ele>
    <time>2026-08-07T09:24:51Z</time>
   </trkpt>
   <trkpt lat="45.7908700" lon="4.7241210">
    <ele>253.5</ele>
    <time>2026-08-07T09:24:52Z</time>
   </trkpt>
   <trkpt lat="45.7908850" lon="4.7240920">
    <ele>253.5</ele>
    <time>2026-08-07T09:24:53Z</time>
   </trkpt>
   <trkpt lat="45.7909060" lon="4.7240690">
    <ele>253.5</ele>
    <time>2026-08-07T09:24:54Z</time>
   </trkpt>
   <trkpt lat="45.7909190" lon="4.7240290">
    <ele>253.5</ele>
    <time>2026-08-07T09:24:55Z</time>
   </trkpt>
   <trkpt lat="45.7909290" lon="4.7239900">
    <ele>253.5</ele>
    <time>2026-08-07T09:24:56Z</time>
   </trkpt>
   <trkpt lat="45.7909460" lon="4.7239510">
    <ele>253.5</ele>
    <time>2026-08-07T09:24:57Z</time>
   </trkpt>
   <trkpt lat="45.7909780" lon="4.7239240">
    <ele>253.6</ele>
    <time>2026-08-07T09:24:58Z</time>
   </trkpt>
   <trkpt lat="45.7910030" lon="4.7238980">
    <ele>253.6</ele>
    <time>2026-08-07T09:24:59Z</time>
   </trkpt>
   <trkpt lat="45.7910250" lon="4.7238690">
    <ele>253.6</ele>
    <time>2026-08-07T09:25:00Z</time>
   </trkpt>
   <trkpt lat="45.7910460" lon="4.7238390">
    <ele>253.7</ele>
    <time>2026-08-07T09:25:01Z</time>
   </trkpt>
   <trkpt lat="45.7910700" lon="4.7238110">
    <ele>253.7</ele>
    <time>2026-08-07T09:25:02Z</time>
   </trkpt>
   <trkpt lat="45.7910930" lon="4.7237860">
    <ele>253.8</ele>
    <time>2026-08-07T09:25:03Z</time>
   </trkpt>
   <trkpt lat="45.7911040" lon="4.7237570">
    <ele>253.8</ele>
    <time>2026-08-07T09:25:04Z</time>
   </trkpt>
   <trkpt lat="45.7911260" lon="4.7237350">
    <ele>253.9</ele>
    <time>2026-08-07T09:25:05Z</time>
   </trkpt>
   <trkpt lat="45.7911430" lon="4.7237140">
    <ele>253.9</ele>
    <time>2026-08-07T09:25:06Z</time>
   </trkpt>
   <trkpt lat="45.7911550" lon="4.7236750">
    <ele>254.0</ele>
    <time>2026-08-07T09:25:07Z</time>
   </trkpt>
   <trkpt lat="45.7911680" lon="4.7236310">
    <ele>254.1</ele>
    <time>2026-08-07T09:25:08Z</time>
   </trkpt>
   <trkpt lat="45.7911820" lon="4.7235940">
    <ele>254.1</ele>
    <time>2026-08-07T09:25:09Z</time>
   </trkpt>
   <trkpt lat="45.7912060" lon="4.7235740">
    <ele>254.2</ele>
    <time>2026-08-07T09:25:10Z</time>
   </trkpt>
   <trkpt lat="45.7912290" lon="4.7235450">
    <ele>254.3</ele>
    <time>2026-08-07T09:25:11Z</time>
   </trkpt>
   <trkpt lat="45.7912430" lon="4.7235070">
    <ele>254.3</ele>
    <time>2026-08-07T09:25:12Z</time>
   </trkpt>
   <trkpt lat="45.7912540" lon="4.7234750">
    <ele>254.3</ele>
    <time>2026-08-07T09:25:13Z</time>
   </trkpt>
   <trkpt lat="45.7912680" lon="4.7234520">
    <ele>254.4</ele>
    <time>2026-08-07T09:25:14Z</time>
   </trkpt>
   <trkpt lat="45.7912830" lon="4.7234330">
    <ele>254.4</ele>
    <time>2026-08-07T09:25:15Z</time>
   </trkpt>
   <trkpt lat="45.7913180" lon="4.7234190">
    <ele>254.4</ele>
    <time>2026-08-07T09:25:16Z</time>
   </trkpt>
   <trkpt lat="45.7913350" lon="4.7233910">
    <ele>254.5</ele>
    <time>2026-08-07T09:25:17Z</time>
   </trkpt>
   <trkpt lat="45.7913580" lon="4.7233730">
    <ele>254.5</ele>
    <time>2026-08-07T09:25:18Z</time>
   </trkpt>
   <trkpt lat="45.7913720" lon="4.7233420">
    <ele>254.5</ele>
    <time>2026-08-07T09:25:19Z</time>
   </trkpt>
   <trkpt lat="45.7913950" lon="4.7233140">
    <ele>254.5</ele>
    <time>2026-08-07T09:25:20Z</time>
   </trkpt>
   <trkpt lat="45.7914250" lon="4.7233080">
    <ele>254.6</ele>
    <time>2026-08-07T09:25:21Z</time>
   </trkpt>
   <trkpt lat="45.7914430" lon="4.7232710">
    <ele>254.6</ele>
    <time>2026-08-07T09:25:22Z</time>
   </trkpt>
   <trkpt lat="45.7914540" lon="4.7232290">
    <ele>254.6</ele>
    <time>2026-08-07T09:25:23Z</time>
   </trkpt>
   <trkpt lat="45.7914700" lon="4.7231890">
    <ele>254.7</ele>
    <time>2026-08-07T09:25:24Z</time>
   </trkpt>
   <trkpt lat="45.7914970" lon="4.7231710">
    <ele>254.7</ele>
    <time>2026-08-07T09:25:25Z</time>
   </trkpt>
   <trkpt lat="45.7915080" lon="4.7231320">
    <ele>254.7</ele>
    <time>2026-08-07T09:25:26Z</time>
   </trkpt>
   <trkpt lat="45.7915170" lon="4.7230930">
    <ele>254.7</ele>
    <time>2026-08-07T09:25:27Z</time>
   </trkpt>
   <trkpt lat="45.7915380" lon="4.7230550">
    <ele>254.8</ele>
    <time>2026-08-07T09:25:28Z</time>
   </trkpt>
   <trkpt lat="45.7915500" lon="4.7230210">
    <ele>254.8</ele>
    <time>2026-08-07T09:25:29Z</time>
   </trkpt>
   <trkpt lat="45.7915670" lon="4.7229960">
    <ele>254.8</ele>
    <time>2026-08-07T09:25:30Z</time>
   </trkpt>
   <trkpt lat="45.7915770" lon="4.7229630">
    <ele>254.8</ele>
    <time>2026-08-07T09:25:31Z</time>
   </trkpt>
   <trkpt lat="45.7915880" lon="4.7229310">
    <ele>254.9</ele>
    <time>2026-08-07T09:25:32Z</time>
   </trkpt>
   <trkpt lat="45.7916040" lon="4.7228940">
    <ele>254.9</ele>
    <time>2026-08-07T09:25:33Z</time>
   </trkpt>
   <trkpt lat="45.7916180" lon="4.7228670">
    <ele>254.9</ele>
    <time>2026-08-07T09:25:34Z</time>
   </trkpt>
   <trkpt lat="45.7916320" lon="4.7228380">
    <ele>254.9</ele>
    <time>2026-08-07T09:25:35Z</time>
   </trkpt>
   <trkpt lat="45.7916400" lon="4.7228040">
    <ele>255.0</ele>
    <time>2026-08-07T09:25:36Z</time>
   </trkpt>
   <trkpt lat="45.7916570" lon="4.7227680">
    <ele>255.0</ele>
    <time>2026-08-07T09:25:37Z</time>
   </trkpt>
   <trkpt lat="45.7916560" lon="4.7227320">
    <ele>255.0</ele>
    <time>2026-08-07T09:25:38Z</time>
   </trkpt>
   <trkpt lat="45.7916410" lon="4.7227000">
    <ele>255.1</ele>
    <time>2026-08-07T09:25:39Z</time>
   </trkpt>
   <trkpt lat="45.7916400" lon="4.7226580">
    <ele>255.1</ele>
    <time>2026-08-07T09:25:40Z</time>
   </trkpt>
   <trkpt lat="45.7916490" lon="4.7226150">
    <ele>255.1</ele>
    <time>2026-08-07T09:25:41Z</time>
   </trkpt>
   <trkpt lat="45.7916530" lon="4.7225700">
    <ele>255.2</ele>
    <time>2026-08-07T09:25:42Z</time>
   </trkpt>
   <trkpt lat="45.7916590" lon="4.7225300">
    <ele>255.2</ele>
    <time>2026-08-07T09:25:43Z</time>
   </trkpt>
   <trkpt lat="45.7916830" lon="4.7225170">
    <ele>255.2</ele>
    <time>2026-08-07T09:25:44Z</time>
   </trkpt>
   <trkpt lat="45.7916840" lon="4.7224750">
    <ele>255.3</ele>
    <time>2026-08-07T09:25:45Z</time>
   </trkpt>
   <trkpt lat="45.7916870" lon="4.7224440">
    <ele>255.3</ele>
    <time>2026-08-07T09:25:46Z</time>
   </trkpt>
   <trkpt lat="45.7916980" lon="4.7223990">
    <ele>255.4</ele>
    <time>2026-08-07T09:25:47Z</time>
   </trkpt>
   <trkpt lat="45.7917140" lon="4.7223660">
    <ele>255.4</ele>
    <time>2026-08-07T09:25:48Z</time>
   </trkpt>
   <trkpt lat="45.7917190" lon="4.7223210">
    <ele>255.4</ele>
    <time>2026-08-07T09:25:49Z</time>
   </trkpt>
   <trkpt lat="45.7917320" lon="4.7222940">
    <ele>255.5</ele>
    <time>2026-08-07T09:25:50Z</time>
   </trkpt>
   <trkpt lat="45.7917420" lon="4.7222590">
    <ele>255.5</ele>
    <time>2026-08-07T09:25:51Z</time>
   </trkpt>
   <trkpt lat="45.7917480" lon="4.7222190">
    <ele>255.6</ele>
    <time>2026-08-07T09:25:52Z</time>
   </trkpt>
   <trkpt lat="45.7917550" lon="4.7221700">
    <ele>255.6</ele>
    <time>2026-08-07T09:25:53Z</time>
   </trkpt>
   <trkpt lat="45.7917600" lon="4.7221300">
    <ele>255.7</ele>
    <time>2026-08-07T09:25:54Z</time>
   </trkpt>
   <trkpt lat="45.7917680" lon="4.7220990">
    <ele>255.7</ele>
    <time>2026-08-07T09:25:55Z</time>
   </trkpt>
   <trkpt lat="45.7917850" lon="4.7220690">
    <ele>255.8</ele>
    <time>2026-08-07T09:25:56Z</time>
   </trkpt>
   <trkpt lat="45.7918040" lon="4.7220380">
    <ele>255.8</ele>
    <time>2026-08-07T09:25:57Z</time>
   </trkpt>
   <trkpt lat="45.7918130" lon="4.7219960">
    <ele>255.8</ele>
    <time>2026-08-07T09:25:58Z</time>
   </trkpt>
   <trkpt lat="45.7918300" lon="4.7219710">
    <ele>255.9</ele>
    <time>2026-08-07T09:25:59Z</time>
   </trkpt>
   <trkpt lat="45.7918550" lon="4.7219410">
    <ele>255.9</ele>
    <time>2026-08-07T09:26:00Z</time>
   </trkpt>
   <trkpt lat="45.7918810" lon="4.7219260">
    <ele>255.9</ele>
    <time>2026-08-07T09:26:02Z</time>
   </trkpt>
   <trkpt lat="45.7919070" lon="4.7219210">
    <ele>255.9</ele>
    <time>2026-08-07T09:26:03Z</time>
   </trkpt>
   <trkpt lat="45.7919280" lon="4.7219000">
    <ele>255.9</ele>
    <time>2026-08-07T09:26:04Z</time>
   </trkpt>
   <trkpt lat="45.7919510" lon="4.7218770">
    <ele>255.9</ele>
    <time>2026-08-07T09:26:05Z</time>
   </trkpt>
   <trkpt lat="45.7919760" lon="4.7218530">
    <ele>255.9</ele>
    <time>2026-08-07T09:26:06Z</time>
   </trkpt>
   <trkpt lat="45.7919980" lon="4.7218440">
    <ele>255.9</ele>
    <time>2026-08-07T09:26:07Z</time>
   </trkpt>
   <trkpt lat="45.7920210" lon="4.7218270">
    <ele>255.9</ele>
    <time>2026-08-07T09:26:08Z</time>
   </trkpt>
   <trkpt lat="45.7920400" lon="4.7218040">
    <ele>255.9</ele>
    <time>2026-08-07T09:26:09Z</time>
   </trkpt>
   <trkpt lat="45.7920570" lon="4.7217710">
    <ele>255.9</ele>
    <time>2026-08-07T09:26:10Z</time>
   </trkpt>
   <trkpt lat="45.7920740" lon="4.7217470">
    <ele>255.9</ele>
    <time>2026-08-07T09:26:11Z</time>
   </trkpt>
   <trkpt lat="45.7920920" lon="4.7217160">
    <ele>255.9</ele>
    <time>2026-08-07T09:26:12Z</time>
   </trkpt>
   <trkpt lat="45.7921190" lon="4.7216890">
    <ele>256.0</ele>
    <time>2026-08-07T09:26:13Z</time>
   </trkpt>
   <trkpt lat="45.7921440" lon="4.7216730">
    <ele>256.0</ele>
    <time>2026-08-07T09:26:14Z</time>
   </trkpt>
   <trkpt lat="45.7921740" lon="4.7216680">
    <ele>256.0</ele>
    <time>2026-08-07T09:26:15Z</time>
   </trkpt>
   <trkpt lat="45.7922060" lon="4.7216540">
    <ele>256.0</ele>
    <time>2026-08-07T09:26:16Z</time>
   </trkpt>
   <trkpt lat="45.7922310" lon="4.7216360">
    <ele>256.0</ele>
    <time>2026-08-07T09:26:17Z</time>
   </trkpt>
   <trkpt lat="45.7922540" lon="4.7216270">
    <ele>256.0</ele>
    <time>2026-08-07T09:26:18Z</time>
   </trkpt>
   <trkpt lat="45.7922750" lon="4.7216240">
    <ele>256.0</ele>
    <time>2026-08-07T09:26:19Z</time>
   </trkpt>
   <trkpt lat="45.7923040" lon="4.7216090">
    <ele>256.0</ele>
    <time>2026-08-07T09:26:20Z</time>
   </trkpt>
   <trkpt lat="45.7923320" lon="4.7216080">
    <ele>256.1</ele>
    <time>2026-08-07T09:26:21Z</time>
   </trkpt>
   <trkpt lat="45.7923560" lon="4.7216020">
    <ele>256.1</ele>
    <time>2026-08-07T09:26:22Z</time>
   </trkpt>
   <trkpt lat="45.7923820" lon="4.7215920">
    <ele>256.1</ele>
    <time>2026-08-07T09:26:23Z</time>
   </trkpt>
   <trkpt lat="45.7924090" lon="4.7215680">
    <ele>256.1</ele>
    <time>2026-08-07T09:26:24Z</time>
   </trkpt>
   <trkpt lat="45.7924410" lon="4.7215590">
    <ele>256.1</ele>
    <time>2026-08-07T09:26:25Z</time>
   </trkpt>
   <trkpt lat="45.7924650" lon="4.7215430">
    <ele>256.2</ele>
    <time>2026-08-07T09:26:26Z</time>
   </trkpt>
   <trkpt lat="45.7924890" lon="4.7215320">
    <ele>256.2</ele>
    <time>2026-08-07T09:26:27Z</time>
   </trkpt>
   <trkpt lat="45.7925150" lon="4.7215000">
    <ele>256.2</ele>
    <time>2026-08-07T09:26:28Z</time>
   </trkpt>
   <trkpt lat="45.7925430" lon="4.7214860">
    <ele>256.2</ele>
    <time>2026-08-07T09:26:29Z</time>
   </trkpt>
   <trkpt lat="45.7925650" lon="4.7214700">
    <ele>256.3</ele>
    <time>2026-08-07T09:26:30Z</time>
   </trkpt>
   <trkpt lat="45.7925870" lon="4.7214460">
    <ele>256.3</ele>
    <time>2026-08-07T09:26:31Z</time>
   </trkpt>
   <trkpt lat="45.7926130" lon="4.7214450">
    <ele>256.3</ele>
    <time>2026-08-07T09:26:32Z</time>
   </trkpt>
   <trkpt lat="45.7926320" lon="4.7214350">
    <ele>256.4</ele>
    <time>2026-08-07T09:26:33Z</time>
   </trkpt>
   <trkpt lat="45.7926530" lon="4.7214200">
    <ele>256.4</ele>
    <time>2026-08-07T09:26:34Z</time>
   </trkpt>
   <trkpt lat="45.7926770" lon="4.7214170">
    <ele>256.4</ele>
    <time>2026-08-07T09:26:35Z</time>
   </trkpt>
   <trkpt lat="45.7927000" lon="4.7213950">
    <ele>256.5</ele>
    <time>2026-08-07T09:26:36Z</time>
   </trkpt>
   <trkpt lat="45.7927300" lon="4.7213840">
    <ele>256.5</ele>
    <time>2026-08-07T09:26:37Z</time>
   </trkpt>
   <trkpt lat="45.7927550" lon="4.7213640">
    <ele>256.5</ele>
    <time>2026-08-07T09:26:38Z</time>
   </trkpt>
   <trkpt lat="45.7927800" lon="4.7213390">
    <ele>256.6</ele>
    <time>2026-08-07T09:26:39Z</time>
   </trkpt>
   <trkpt lat="45.7927950" lon="4.7213150">
    <ele>256.6</ele>
    <time>2026-08-07T09:26:40Z</time>
   </trkpt>
   <trkpt lat="45.7928140" lon="4.7213190">
    <ele>256.7</ele>
    <time>2026-08-07T09:26:41Z</time>
   </trkpt>
   <trkpt lat="45.7928450" lon="4.7213200">
    <ele>256.7</ele>
    <time>2026-08-07T09:26:42Z</time>
   </trkpt>
   <trkpt lat="45.7928680" lon="4.7213070">
    <ele>256.8</ele>
    <time>2026-08-07T09:26:43Z</time>
   </trkpt>
   <trkpt lat="45.7928980" lon="4.7212910">
    <ele>256.8</ele>
    <time>2026-08-07T09:26:44Z</time>
   </trkpt>
   <trkpt lat="45.7929240" lon="4.7212760">
    <ele>256.9</ele>
    <time>2026-08-07T09:26:45Z</time>
   </trkpt>
   <trkpt lat="45.7929380" lon="4.7212590">
    <ele>256.9</ele>
    <time>2026-08-07T09:26:46Z</time>
   </trkpt>
   <trkpt lat="45.7929580" lon="4.7212450">
    <ele>257.0</ele>
    <time>2026-08-07T09:26:47Z</time>
   </trkpt>
   <trkpt lat="45.7929820" lon="4.7212310">
    <ele>257.0</ele>
    <time>2026-08-07T09:26:48Z</time>
   </trkpt>
   <trkpt lat="45.7930080" lon="4.7212060">
    <ele>257.1</ele>
    <time>2026-08-07T09:26:49Z</time>
   </trkpt>
   <trkpt lat="45.7930230" lon="4.7211960">
    <ele>257.1</ele>
    <time>2026-08-07T09:26:50Z</time>
   </trkpt>
   <trkpt lat="45.7930460" lon="4.7211850">
    <ele>257.2</ele>
    <time>2026-08-07T09:26:51Z</time>
   </trkpt>
   <trkpt lat="45.7930630" lon="4.7211520">
    <ele>257.3</ele>
    <time>2026-08-07T09:26:52Z</time>
   </trkpt>
   <trkpt lat="45.7930840" lon="4.7211300">
    <ele>257.3</ele>
    <time>2026-08-07T09:26:53Z</time>
   </trkpt>
   <trkpt lat="45.7931040" lon="4.7211180">
    <ele>257.4</ele>
    <time>2026-08-07T09:26:54Z</time>
   </trkpt>
   <trkpt lat="45.7931320" lon="4.7210950">
    <ele>257.5</ele>
    <time>2026-08-07T09:26:55Z</time>
   </trkpt>
   <trkpt lat="45.7931640" lon="4.7210820">
    <ele>257.6</ele>
    <time>2026-08-07T09:26:56Z</time>
   </trkpt>
   <trkpt lat="45.7931920" lon="4.7210590">
    <ele>257.7</ele>
    <time>2026-08-07T09:26:57Z</time>
   </trkpt>
   <trkpt lat="45.7932230" lon="4.7210440">
    <ele>257.8</ele>
    <time>2026-08-07T09:26:58Z</time>
   </trkpt>
   <trkpt lat="45.7932410" lon="4.7210120">
    <ele>257.9</ele>
    <time>2026-08-07T09:26:59Z</time>
   </trkpt>
   <trkpt lat="45.7932640" lon="4.7209860">
    <ele>258.0</ele>
    <time>2026-08-07T09:27:00Z</time>
   </trkpt>
   <trkpt lat="45.7932850" lon="4.7209670">
    <ele>258.1</ele>
    <time>2026-08-07T09:27:01Z</time>
   </trkpt>
   <trkpt lat="45.7933170" lon="4.7209540">
    <ele>258.3</ele>
    <time>2026-08-07T09:27:02Z</time>
   </trkpt>
   <trkpt lat="45.7933470" lon="4.7209340">
    <ele>258.4</ele>
    <time>2026-08-07T09:27:03Z</time>
   </trkpt>
   <trkpt lat="45.7933920" lon="4.7208970">
    <ele>258.6</ele>
    <time>2026-08-07T09:27:04Z</time>
   </trkpt>
   <trkpt lat="45.7935330" lon="4.7207880">
    <ele>259.1</ele>
    <time>2026-08-07T09:27:10Z</time>
   </trkpt>
   <trkpt lat="45.7935370" lon="4.7207840">
    <ele>259.2</ele>
    <time>2026-08-07T09:27:11Z</time>
   </trkpt>
   <trkpt lat="45.7935680" lon="4.7207600">
    <ele>259.3</ele>
    <time>2026-08-07T09:27:12Z</time>
   </trkpt>
   <trkpt lat="45.7935770" lon="4.7207530">
    <ele>259.3</ele>
    <time>2026-08-07T09:27:13Z</time>
   </trkpt>
   <trkpt lat="45.7935970" lon="4.7207310">
    <ele>259.4</ele>
    <time>2026-08-07T09:27:14Z</time>
   </trkpt>
   <trkpt lat="45.7936180" lon="4.7207030">
    <ele>259.5</ele>
    <time>2026-08-07T09:27:15Z</time>
   </trkpt>
   <trkpt lat="45.7936320" lon="4.7206830">
    <ele>259.6</ele>
    <time>2026-08-07T09:27:16Z</time>
   </trkpt>
   <trkpt lat="45.7936610" lon="4.7206600">
    <ele>259.7</ele>
    <time>2026-08-07T09:27:17Z</time>
   </trkpt>
   <trkpt lat="45.7936730" lon="4.7206260">
    <ele>259.8</ele>
    <time>2026-08-07T09:27:18Z</time>
   </trkpt>
   <trkpt lat="45.7936860" lon="4.7206000">
    <ele>259.8</ele>
    <time>2026-08-07T09:27:19Z</time>
   </trkpt>
   <trkpt lat="45.7936990" lon="4.7205670">
    <ele>259.9</ele>
    <time>2026-08-07T09:27:20Z</time>
   </trkpt>
   <trkpt lat="45.7937230" lon="4.7205490">
    <ele>259.9</ele>
    <time>2026-08-07T09:27:21Z</time>
   </trkpt>
   <trkpt lat="45.7937350" lon="4.7205240">
    <ele>260.0</ele>
    <time>2026-08-07T09:27:22Z</time>
   </trkpt>
   <trkpt lat="45.7937370" lon="4.7204870">
    <ele>260.0</ele>
    <time>2026-08-07T09:27:23Z</time>
   </trkpt>
   <trkpt lat="45.7937400" lon="4.7204600">
    <ele>260.0</ele>
    <time>2026-08-07T09:27:24Z</time>
   </trkpt>
   <trkpt lat="45.7937400" lon="4.7204310">
    <ele>260.1</ele>
    <time>2026-08-07T09:27:25Z</time>
   </trkpt>
   <trkpt lat="45.7937510" lon="4.7204000">
    <ele>260.1</ele>
    <time>2026-08-07T09:27:26Z</time>
   </trkpt>
   <trkpt lat="45.7937620" lon="4.7203740">
    <ele>260.2</ele>
    <time>2026-08-07T09:27:27Z</time>
   </trkpt>
   <trkpt lat="45.7937690" lon="4.7203490">
    <ele>260.2</ele>
    <time>2026-08-07T09:27:28Z</time>
   </trkpt>
   <trkpt lat="45.7937810" lon="4.7203200">
    <ele>260.2</ele>
    <time>2026-08-07T09:27:29Z</time>
   </trkpt>
   <trkpt lat="45.7937890" lon="4.7202960">
    <ele>260.3</ele>
    <time>2026-08-07T09:27:30Z</time>
   </trkpt>
   <trkpt lat="45.7937930" lon="4.7202680">
    <ele>260.3</ele>
    <time>2026-08-07T09:27:31Z</time>
   </trkpt>
   <trkpt lat="45.7938120" lon="4.7202450">
    <ele>260.4</ele>
    <time>2026-08-07T09:27:32Z</time>
   </trkpt>
   <trkpt lat="45.7938340" lon="4.7202260">
    <ele>260.4</ele>
    <time>2026-08-07T09:27:33Z</time>
   </trkpt>
   <trkpt lat="45.7938730" lon="4.7202190">
    <ele>260.5</ele>
    <time>2026-08-07T09:27:34Z</time>
   </trkpt>
   <trkpt lat="45.7938850" lon="4.7201870">
    <ele>260.6</ele>
    <time>2026-08-07T09:27:35Z</time>
   </trkpt>
   <trkpt lat="45.7938920" lon="4.7201450">
    <ele>260.6</ele>
    <time>2026-08-07T09:27:36Z</time>
   </trkpt>
   <trkpt lat="45.7938890" lon="4.7200890">
    <ele>260.7</ele>
    <time>2026-08-07T09:27:37Z</time>
   </trkpt>
   <trkpt lat="45.7938850" lon="4.7200520">
    <ele>260.8</ele>
    <time>2026-08-07T09:27:38Z</time>
   </trkpt>
   <trkpt lat="45.7939110" lon="4.7200400">
    <ele>260.9</ele>
    <time>2026-08-07T09:27:39Z</time>
   </trkpt>
   <trkpt lat="45.7939350" lon="4.7200240">
    <ele>260.9</ele>
    <time>2026-08-07T09:27:40Z</time>
   </trkpt>
   <trkpt lat="45.7939540" lon="4.7200050">
    <ele>261.0</ele>
    <time>2026-08-07T09:27:41Z</time>
   </trkpt>
   <trkpt lat="45.7939430" lon="4.7199510">
    <ele>261.1</ele>
    <time>2026-08-07T09:27:42Z</time>
   </trkpt>
   <trkpt lat="45.7939350" lon="4.7198910">
    <ele>261.2</ele>
    <time>2026-08-07T09:27:43Z</time>
   </trkpt>
   <trkpt lat="45.7939320" lon="4.7198420">
    <ele>261.3</ele>
    <time>2026-08-07T09:27:44Z</time>
   </trkpt>
   <trkpt lat="45.7939160" lon="4.7197770">
    <ele>261.4</ele>
    <time>2026-08-07T09:27:45Z</time>
   </trkpt>
   <trkpt lat="45.7938940" lon="4.7197040">
    <ele>261.6</ele>
    <time>2026-08-07T09:27:46Z</time>
   </trkpt>
   <trkpt lat="45.7938810" lon="4.7196520">
    <ele>261.8</ele>
    <time>2026-08-07T09:27:47Z</time>
   </trkpt>
   <trkpt lat="45.7938660" lon="4.7196070">
    <ele>261.9</ele>
    <time>2026-08-07T09:27:48Z</time>
   </trkpt>
   <trkpt lat="45.7938510" lon="4.7195680">
    <ele>262.0</ele>
    <time>2026-08-07T09:27:49Z</time>
   </trkpt>
   <trkpt lat="45.7938380" lon="4.7195310">
    <ele>262.1</ele>
    <time>2026-08-07T09:27:50Z</time>
   </trkpt>
   <trkpt lat="45.7938160" lon="4.7194850">
    <ele>262.2</ele>
    <time>2026-08-07T09:27:51Z</time>
   </trkpt>
   <trkpt lat="45.7938080" lon="4.7194450">
    <ele>262.3</ele>
    <time>2026-08-07T09:27:52Z</time>
   </trkpt>
   <trkpt lat="45.7937970" lon="4.7194060">
    <ele>262.4</ele>
    <time>2026-08-07T09:27:53Z</time>
   </trkpt>
   <trkpt lat="45.7937800" lon="4.7193600">
    <ele>262.5</ele>
    <time>2026-08-07T09:27:54Z</time>
   </trkpt>
   <trkpt lat="45.7937540" lon="4.7193050">
    <ele>262.7</ele>
    <time>2026-08-07T09:27:55Z</time>
   </trkpt>
   <trkpt lat="45.7937320" lon="4.7192520">
    <ele>262.9</ele>
    <time>2026-08-07T09:27:56Z</time>
   </trkpt>
   <trkpt lat="45.7937100" lon="4.7191980">
    <ele>263.0</ele>
    <time>2026-08-07T09:27:57Z</time>
   </trkpt>
   <trkpt lat="45.7936880" lon="4.7191590">
    <ele>263.1</ele>
    <time>2026-08-07T09:27:58Z</time>
   </trkpt>
   <trkpt lat="45.7936630" lon="4.7191230">
    <ele>263.2</ele>
    <time>2026-08-07T09:27:59Z</time>
   </trkpt>
   <trkpt lat="45.7936460" lon="4.7190880">
    <ele>263.3</ele>
    <time>2026-08-07T09:28:00Z</time>
   </trkpt>
   <trkpt lat="45.7936310" lon="4.7190480">
    <ele>263.4</ele>
    <time>2026-08-07T09:28:01Z</time>
   </trkpt>
   <trkpt lat="45.7936060" lon="4.7190050">
    <ele>263.5</ele>
    <time>2026-08-07T09:28:03Z</time>
   </trkpt>
   <trkpt lat="45.7935820" lon="4.7189600">
    <ele>263.7</ele>
    <time>2026-08-07T09:28:04Z</time>
   </trkpt>
   <trkpt lat="45.7935600" lon="4.7189140">
    <ele>263.8</ele>
    <time>2026-08-07T09:28:05Z</time>
   </trkpt>
   <trkpt lat="45.7935440" lon="4.7188670">
    <ele>263.9</ele>
    <time>2026-08-07T09:28:06Z</time>
   </trkpt>
   <trkpt lat="45.7935310" lon="4.7188360">
    <ele>264.0</ele>
    <time>2026-08-07T09:28:07Z</time>
   </trkpt>
   <trkpt lat="45.7935140" lon="4.7188050">
    <ele>264.0</ele>
    <time>2026-08-07T09:28:08Z</time>
   </trkpt>
   <trkpt lat="45.7934970" lon="4.7187720">
    <ele>264.1</ele>
    <time>2026-08-07T09:28:09Z</time>
   </trkpt>
   <trkpt lat="45.7934820" lon="4.7187320">
    <ele>264.2</ele>
    <time>2026-08-07T09:28:10Z</time>
   </trkpt>
   <trkpt lat="45.7934630" lon="4.7187050">
    <ele>264.3</ele>
    <time>2026-08-07T09:28:11Z</time>
   </trkpt>
   <trkpt lat="45.7934450" lon="4.7186720">
    <ele>264.3</ele>
    <time>2026-08-07T09:28:12Z</time>
   </trkpt>
   <trkpt lat="45.7934290" lon="4.7186290">
    <ele>264.4</ele>
    <time>2026-08-07T09:28:13Z</time>
   </trkpt>
   <trkpt lat="45.7934220" lon="4.7185750">
    <ele>264.5</ele>
    <time>2026-08-07T09:28:14Z</time>
   </trkpt>
   <trkpt lat="45.7934130" lon="4.7185420">
    <ele>264.6</ele>
    <time>2026-08-07T09:28:15Z</time>
   </trkpt>
   <trkpt lat="45.7934050" lon="4.7185090">
    <ele>264.7</ele>
    <time>2026-08-07T09:28:16Z</time>
   </trkpt>
   <trkpt lat="45.7934030" lon="4.7184750">
    <ele>264.7</ele>
    <time>2026-08-07T09:28:17Z</time>
   </trkpt>
   <trkpt lat="45.7933820" lon="4.7184470">
    <ele>264.8</ele>
    <time>2026-08-07T09:28:18Z</time>
   </trkpt>
   <trkpt lat="45.7933740" lon="4.7184040">
    <ele>264.9</ele>
    <time>2026-08-07T09:28:19Z</time>
   </trkpt>
   <trkpt lat="45.7933580" lon="4.7183670">
    <ele>265.0</ele>
    <time>2026-08-07T09:28:20Z</time>
   </trkpt>
   <trkpt lat="45.7933450" lon="4.7183270">
    <ele>265.1</ele>
    <time>2026-08-07T09:28:21Z</time>
   </trkpt>
   <trkpt lat="45.7933420" lon="4.7182820">
    <ele>265.2</ele>
    <time>2026-08-07T09:28:22Z</time>
   </trkpt>
   <trkpt lat="45.7933460" lon="4.7182380">
    <ele>265.3</ele>
    <time>2026-08-07T09:28:23Z</time>
   </trkpt>
   <trkpt lat="45.7933350" lon="4.7181990">
    <ele>265.4</ele>
    <time>2026-08-07T09:28:24Z</time>
   </trkpt>
   <trkpt lat="45.7933340" lon="4.7181610">
    <ele>265.5</ele>
    <time>2026-08-07T09:28:25Z</time>
   </trkpt>
   <trkpt lat="45.7933240" lon="4.7181220">
    <ele>265.6</ele>
    <time>2026-08-07T09:28:26Z</time>
   </trkpt>
   <trkpt lat="45.7933100" lon="4.7180830">
    <ele>265.7</ele>
    <time>2026-08-07T09:28:27Z</time>
   </trkpt>
   <trkpt lat="45.7933020" lon="4.7180470">
    <ele>265.8</ele>
    <time>2026-08-07T09:28:28Z</time>
   </trkpt>
   <trkpt lat="45.7932800" lon="4.7180090">
    <ele>265.9</ele>
    <time>2026-08-07T09:28:29Z</time>
   </trkpt>
   <trkpt lat="45.7932720" lon="4.7179890">
    <ele>265.9</ele>
    <time>2026-08-07T09:28:30Z</time>
   </trkpt>
   <trkpt lat="45.7932830" lon="4.7179510">
    <ele>266.0</ele>
    <time>2026-08-07T09:28:31Z</time>
   </trkpt>
   <trkpt lat="45.7932770" lon="4.7179170">
    <ele>266.1</ele>
    <time>2026-08-07T09:28:32Z</time>
   </trkpt>
   <trkpt lat="45.7932690" lon="4.7178920">
    <ele>266.1</ele>
    <time>2026-08-07T09:28:33Z</time>
   </trkpt>
   <trkpt lat="45.7932390" lon="4.7178690">
    <ele>266.2</ele>
    <time>2026-08-07T09:28:34Z</time>
   </trkpt>
   <trkpt lat="45.7932260" lon="4.7178390">
    <ele>266.3</ele>
    <time>2026-08-07T09:28:35Z</time>
   </trkpt>
   <trkpt lat="45.7932250" lon="4.7178020">
    <ele>266.4</ele>
    <time>2026-08-07T09:28:36Z</time>
   </trkpt>
   <trkpt lat="45.7932410" lon="4.7177460">
    <ele>266.5</ele>
    <time>2026-08-07T09:28:37Z</time>
   </trkpt>
   <trkpt lat="45.7932310" lon="4.7177290">
    <ele>266.6</ele>
    <time>2026-08-07T09:28:38Z</time>
   </trkpt>
   <trkpt lat="45.7932130" lon="4.7177000">
    <ele>266.7</ele>
    <time>2026-08-07T09:28:39Z</time>
   </trkpt>
   <trkpt lat="45.7932050" lon="4.7176590">
    <ele>266.8</ele>
    <time>2026-08-07T09:28:40Z</time>
   </trkpt>
   <trkpt lat="45.7931960" lon="4.7176100">
    <ele>266.9</ele>
    <time>2026-08-07T09:28:41Z</time>
   </trkpt>
   <trkpt lat="45.7931840" lon="4.7175520">
    <ele>267.1</ele>
    <time>2026-08-07T09:28:42Z</time>
   </trkpt>
   <trkpt lat="45.7931650" lon="4.7175010">
    <ele>267.2</ele>
    <time>2026-08-07T09:28:43Z</time>
   </trkpt>
   <trkpt lat="45.7931480" lon="4.7174670">
    <ele>267.3</ele>
    <time>2026-08-07T09:28:44Z</time>
   </trkpt>
   <trkpt lat="45.7931290" lon="4.7174280">
    <ele>267.4</ele>
    <time>2026-08-07T09:28:45Z</time>
   </trkpt>
   <trkpt lat="45.7931190" lon="4.7173970">
    <ele>267.5</ele>
    <time>2026-08-07T09:28:46Z</time>
   </trkpt>
   <trkpt lat="45.7931120" lon="4.7173720">
    <ele>267.5</ele>
    <time>2026-08-07T09:28:47Z</time>
   </trkpt>
   <trkpt lat="45.7931050" lon="4.7173240">
    <ele>267.6</ele>
    <time>2026-08-07T09:28:48Z</time>
   </trkpt>
   <trkpt lat="45.7931140" lon="4.7172400">
    <ele>267.8</ele>
    <time>2026-08-07T09:28:49Z</time>
   </trkpt>
   <trkpt lat="45.7930970" lon="4.7172000">
    <ele>267.9</ele>
    <time>2026-08-07T09:28:50Z</time>
   </trkpt>
   <trkpt lat="45.7930900" lon="4.7171600">
    <ele>268.0</ele>
    <time>2026-08-07T09:28:51Z</time>
   </trkpt>
   <trkpt lat="45.7930830" lon="4.7171290">
    <ele>268.1</ele>
    <time>2026-08-07T09:28:52Z</time>
   </trkpt>
   <trkpt lat="45.7930700" lon="4.7170930">
    <ele>268.2</ele>
    <time>2026-08-07T09:28:53Z</time>
   </trkpt>
   <trkpt lat="45.7930510" lon="4.7170670">
    <ele>268.3</ele>
    <time>2026-08-07T09:28:54Z</time>
   </trkpt>
   <trkpt lat="45.7930400" lon="4.7170180">
    <ele>268.4</ele>
    <time>2026-08-07T09:28:55Z</time>
   </trkpt>
   <trkpt lat="45.7930360" lon="4.7169920">
    <ele>268.5</ele>
    <time>2026-08-07T09:28:56Z</time>
   </trkpt>
   <trkpt lat="45.7930190" lon="4.7169710">
    <ele>268.6</ele>
    <time>2026-08-07T09:28:57Z</time>
   </trkpt>
   <trkpt lat="45.7930000" lon="4.7169470">
    <ele>268.7</ele>
    <time>2026-08-07T09:28:58Z</time>
   </trkpt>
   <trkpt lat="45.7929940" lon="4.7169120">
    <ele>268.8</ele>
    <time>2026-08-07T09:28:59Z</time>
   </trkpt>
   <trkpt lat="45.7929850" lon="4.7168770">
    <ele>268.9</ele>
    <time>2026-08-07T09:29:00Z</time>
   </trkpt>
   <trkpt lat="45.7929680" lon="4.7168400">
    <ele>269.0</ele>
    <time>2026-08-07T09:29:01Z</time>
   </trkpt>
   <trkpt lat="45.7929600" lon="4.7167960">
    <ele>269.1</ele>
    <time>2026-08-07T09:29:02Z</time>
   </trkpt>
   <trkpt lat="45.7929500" lon="4.7167670">
    <ele>269.2</ele>
    <time>2026-08-07T09:29:03Z</time>
   </trkpt>
   <trkpt lat="45.7929270" lon="4.7167330">
    <ele>269.3</ele>
    <time>2026-08-07T09:29:04Z</time>
   </trkpt>
   <trkpt lat="45.7929110" lon="4.7167030">
    <ele>269.4</ele>
    <time>2026-08-07T09:29:05Z</time>
   </trkpt>
   <trkpt lat="45.7928830" lon="4.7166970">
    <ele>269.5</ele>
    <time>2026-08-07T09:29:06Z</time>
   </trkpt>
   <trkpt lat="45.7928770" lon="4.7166740">
    <ele>269.6</ele>
    <time>2026-08-07T09:29:07Z</time>
   </trkpt>
   <trkpt lat="45.7928680" lon="4.7166400">
    <ele>269.7</ele>
    <time>2026-08-07T09:29:08Z</time>
   </trkpt>
   <trkpt lat="45.7928580" lon="4.7166040">
    <ele>269.8</ele>
    <time>2026-08-07T09:29:09Z</time>
   </trkpt>
   <trkpt lat="45.7928370" lon="4.7165750">
    <ele>269.9</ele>
    <time>2026-08-07T09:29:10Z</time>
   </trkpt>
   <trkpt lat="45.7928100" lon="4.7165550">
    <ele>270.0</ele>
    <time>2026-08-07T09:29:11Z</time>
   </trkpt>
   <trkpt lat="45.7927840" lon="4.7165390">
    <ele>270.1</ele>
    <time>2026-08-07T09:29:12Z</time>
   </trkpt>
   <trkpt lat="45.7927670" lon="4.7165300">
    <ele>270.1</ele>
    <time>2026-08-07T09:29:13Z</time>
   </trkpt>
   <trkpt lat="45.7927500" lon="4.7165020">
    <ele>270.2</ele>
    <time>2026-08-07T09:29:14Z</time>
   </trkpt>
   <trkpt lat="45.7927290" lon="4.7164630">
    <ele>270.3</ele>
    <time>2026-08-07T09:29:15Z</time>
   </trkpt>
   <trkpt lat="45.7927110" lon="4.7164410">
    <ele>270.4</ele>
    <time>2026-08-07T09:29:16Z</time>
   </trkpt>
   <trkpt lat="45.7926890" lon="4.7164270">
    <ele>270.5</ele>
    <time>2026-08-07T09:29:17Z</time>
   </trkpt>
   <trkpt lat="45.7926630" lon="4.7164070">
    <ele>270.7</ele>
    <time>2026-08-07T09:29:18Z</time>
   </trkpt>
   <trkpt lat="45.7926410" lon="4.7163880">
    <ele>270.8</ele>
    <time>2026-08-07T09:29:19Z</time>
   </trkpt>
   <trkpt lat="45.7926200" lon="4.7163870">
    <ele>270.9</ele>
    <time>2026-08-07T09:29:20Z</time>
   </trkpt>
   <trkpt lat="45.7925960" lon="4.7163600">
    <ele>271.0</ele>
    <time>2026-08-07T09:29:21Z</time>
   </trkpt>
   <trkpt lat="45.7925660" lon="4.7163390">
    <ele>271.1</ele>
    <time>2026-08-07T09:29:22Z</time>
   </trkpt>
   <trkpt lat="45.7925370" lon="4.7163540">
    <ele>271.3</ele>
    <time>2026-08-07T09:29:23Z</time>
   </trkpt>
   <trkpt lat="45.7925100" lon="4.7163490">
    <ele>271.4</ele>
    <time>2026-08-07T09:29:24Z</time>
   </trkpt>
   <trkpt lat="45.7924820" lon="4.7163280">
    <ele>271.5</ele>
    <time>2026-08-07T09:29:25Z</time>
   </trkpt>
   <trkpt lat="45.7924530" lon="4.7163100">
    <ele>271.7</ele>
    <time>2026-08-07T09:29:26Z</time>
   </trkpt>
   <trkpt lat="45.7924310" lon="4.7163210">
    <ele>271.7</ele>
    <time>2026-08-07T09:29:27Z</time>
   </trkpt>
   <trkpt lat="45.7924000" lon="4.7163060">
    <ele>271.8</ele>
    <time>2026-08-07T09:29:28Z</time>
   </trkpt>
   <trkpt lat="45.7923810" lon="4.7163070">
    <ele>271.9</ele>
    <time>2026-08-07T09:29:29Z</time>
   </trkpt>
   <trkpt lat="45.7923540" lon="4.7163070">
    <ele>272.0</ele>
    <time>2026-08-07T09:29:30Z</time>
   </trkpt>
   <trkpt lat="45.7923360" lon="4.7162690">
    <ele>272.1</ele>
    <time>2026-08-07T09:29:31Z</time>
   </trkpt>
   <trkpt lat="45.7923330" lon="4.7162200">
    <ele>272.2</ele>
    <time>2026-08-07T09:29:32Z</time>
   </trkpt>
   <trkpt lat="45.7923280" lon="4.7161800">
    <ele>272.2</ele>
    <time>2026-08-07T09:29:33Z</time>
   </trkpt>
   <trkpt lat="45.7923150" lon="4.7161440">
    <ele>272.3</ele>
    <time>2026-08-07T09:29:34Z</time>
   </trkpt>
   <trkpt lat="45.7923080" lon="4.7161070">
    <ele>272.4</ele>
    <time>2026-08-07T09:29:35Z</time>
   </trkpt>
   <trkpt lat="45.7922970" lon="4.7160670">
    <ele>272.5</ele>
    <time>2026-08-07T09:29:36Z</time>
   </trkpt>
   <trkpt lat="45.7922910" lon="4.7160380">
    <ele>272.5</ele>
    <time>2026-08-07T09:29:37Z</time>
   </trkpt>
   <trkpt lat="45.7922720" lon="4.7160080">
    <ele>272.6</ele>
    <time>2026-08-07T09:29:38Z</time>
   </trkpt>
   <trkpt lat="45.7922520" lon="4.7159600">
    <ele>272.8</ele>
    <time>2026-08-07T09:29:39Z</time>
   </trkpt>
   <trkpt lat="45.7922340" lon="4.7159320">
    <ele>272.9</ele>
    <time>2026-08-07T09:29:40Z</time>
   </trkpt>
   <trkpt lat="45.7922170" lon="4.7158860">
    <ele>273.0</ele>
    <time>2026-08-07T09:29:41Z</time>
   </trkpt>
   <trkpt lat="45.7922090" lon="4.7158450">
    <ele>273.1</ele>
    <time>2026-08-07T09:29:42Z</time>
   </trkpt>
   <trkpt lat="45.7921910" lon="4.7158040">
    <ele>273.2</ele>
    <time>2026-08-07T09:29:43Z</time>
   </trkpt>
   <trkpt lat="45.7921860" lon="4.7157600">
    <ele>273.4</ele>
    <time>2026-08-07T09:29:44Z</time>
   </trkpt>
   <trkpt lat="45.7921780" lon="4.7157300">
    <ele>273.4</ele>
    <time>2026-08-07T09:29:45Z</time>
   </trkpt>
   <trkpt lat="45.7921690" lon="4.7156960">
    <ele>273.5</ele>
    <time>2026-08-07T09:29:46Z</time>
   </trkpt>
   <trkpt lat="45.7921550" lon="4.7156580">
    <ele>273.6</ele>
    <time>2026-08-07T09:29:47Z</time>
   </trkpt>
   <trkpt lat="45.7921570" lon="4.7156180">
    <ele>273.7</ele>
    <time>2026-08-07T09:29:48Z</time>
   </trkpt>
   <trkpt lat="45.7921480" lon="4.7155790">
    <ele>273.8</ele>
    <time>2026-08-07T09:29:49Z</time>
   </trkpt>
   <trkpt lat="45.7921390" lon="4.7155400">
    <ele>273.9</ele>
    <time>2026-08-07T09:29:50Z</time>
   </trkpt>
   <trkpt lat="45.7921320" lon="4.7154960">
    <ele>274.0</ele>
    <time>2026-08-07T09:29:51Z</time>
   </trkpt>
   <trkpt lat="45.7921200" lon="4.7154660">
    <ele>274.1</ele>
    <time>2026-08-07T09:29:52Z</time>
   </trkpt>
   <trkpt lat="45.7921090" lon="4.7154350">
    <ele>274.1</ele>
    <time>2026-08-07T09:29:53Z</time>
   </trkpt>
   <trkpt lat="45.7920990" lon="4.7154050">
    <ele>274.2</ele>
    <time>2026-08-07T09:29:54Z</time>
   </trkpt>
   <trkpt lat="45.7920980" lon="4.7153640">
    <ele>274.3</ele>
    <time>2026-08-07T09:29:55Z</time>
   </trkpt>
   <trkpt lat="45.7920870" lon="4.7153200">
    <ele>274.4</ele>
    <time>2026-08-07T09:29:56Z</time>
   </trkpt>
   <trkpt lat="45.7920720" lon="4.7152720">
    <ele>274.5</ele>
    <time>2026-08-07T09:29:57Z</time>
   </trkpt>
   <trkpt lat="45.7920750" lon="4.7152310">
    <ele>274.6</ele>
    <time>2026-08-07T09:29:58Z</time>
   </trkpt>
   <trkpt lat="45.7920660" lon="4.7151980">
    <ele>274.7</ele>
    <time>2026-08-07T09:29:59Z</time>
   </trkpt>
   <trkpt lat="45.7920560" lon="4.7151500">
    <ele>274.8</ele>
    <time>2026-08-07T09:30:00Z</time>
   </trkpt>
   <trkpt lat="45.7920600" lon="4.7151060">
    <ele>274.8</ele>
    <time>2026-08-07T09:30:01Z</time>
   </trkpt>
   <trkpt lat="45.7920650" lon="4.7150640">
    <ele>274.9</ele>
    <time>2026-08-07T09:30:02Z</time>
   </trkpt>
   <trkpt lat="45.7920510" lon="4.7150230">
    <ele>275.0</ele>
    <time>2026-08-07T09:30:03Z</time>
   </trkpt>
   <trkpt lat="45.7920560" lon="4.7149870">
    <ele>275.1</ele>
    <time>2026-08-07T09:30:04Z</time>
   </trkpt>
   <trkpt lat="45.7920700" lon="4.7149570">
    <ele>275.2</ele>
    <time>2026-08-07T09:30:05Z</time>
   </trkpt>
   <trkpt lat="45.7920660" lon="4.7149180">
    <ele>275.2</ele>
    <time>2026-08-07T09:30:06Z</time>
   </trkpt>
   <trkpt lat="45.7920640" lon="4.7148770">
    <ele>275.3</ele>
    <time>2026-08-07T09:30:07Z</time>
   </trkpt>
   <trkpt lat="45.7920690" lon="4.7148380">
    <ele>275.4</ele>
    <time>2026-08-07T09:30:09Z</time>
   </trkpt>
   <trkpt lat="45.7920810" lon="4.7148070">
    <ele>275.5</ele>
    <time>2026-08-07T09:30:10Z</time>
   </trkpt>
   <trkpt lat="45.7920790" lon="4.7147610">
    <ele>275.6</ele>
    <time>2026-08-07T09:30:11Z</time>
   </trkpt>
   <trkpt lat="45.7920730" lon="4.7147090">
    <ele>275.7</ele>
    <time>2026-08-07T09:30:12Z</time>
   </trkpt>
   <trkpt lat="45.7920740" lon="4.7146690">
    <ele>275.8</ele>
    <time>2026-08-07T09:30:13Z</time>
   </trkpt>
   <trkpt lat="45.7920780" lon="4.7146400">
    <ele>275.8</ele>
    <time>2026-08-07T09:30:14Z</time>
   </trkpt>
   <trkpt lat="45.7920680" lon="4.7145990">
    <ele>275.9</ele>
    <time>2026-08-07T09:30:15Z</time>
   </trkpt>
   <trkpt lat="45.7920670" lon="4.7145510">
    <ele>276.0</ele>
    <time>2026-08-07T09:30:16Z</time>
   </trkpt>
   <trkpt lat="45.7920720" lon="4.7145130">
    <ele>276.1</ele>
    <time>2026-08-07T09:30:17Z</time>
   </trkpt>
   <trkpt lat="45.7920680" lon="4.7144610">
    <ele>276.2</ele>
    <time>2026-08-07T09:30:18Z</time>
   </trkpt>
   <trkpt lat="45.7920750" lon="4.7144230">
    <ele>276.3</ele>
    <time>2026-08-07T09:30:19Z</time>
   </trkpt>
   <trkpt lat="45.7920790" lon="4.7143900">
    <ele>276.4</ele>
    <time>2026-08-07T09:30:20Z</time>
   </trkpt>
   <trkpt lat="45.7920800" lon="4.7143450">
    <ele>276.5</ele>
    <time>2026-08-07T09:30:21Z</time>
   </trkpt>
   <trkpt lat="45.7920910" lon="4.7143260">
    <ele>276.6</ele>
    <time>2026-08-07T09:30:22Z</time>
   </trkpt>
   <trkpt lat="45.7920880" lon="4.7142960">
    <ele>276.6</ele>
    <time>2026-08-07T09:30:23Z</time>
   </trkpt>
   <trkpt lat="45.7920800" lon="4.7142560">
    <ele>276.7</ele>
    <time>2026-08-07T09:30:24Z</time>
   </trkpt>
   <trkpt lat="45.7920780" lon="4.7142300">
    <ele>276.8</ele>
    <time>2026-08-07T09:30:25Z</time>
   </trkpt>
   <trkpt lat="45.7920840" lon="4.7142150">
    <ele>276.8</ele>
    <time>2026-08-07T09:30:26Z</time>
   </trkpt>
   <trkpt lat="45.7920710" lon="4.7141970">
    <ele>276.8</ele>
    <time>2026-08-07T09:30:27Z</time>
   </trkpt>
   <trkpt lat="45.7920740" lon="4.7141630">
    <ele>276.9</ele>
    <time>2026-08-07T09:30:28Z</time>
   </trkpt>
   <trkpt lat="45.7920790" lon="4.7141110">
    <ele>277.0</ele>
    <time>2026-08-07T09:30:29Z</time>
   </trkpt>
   <trkpt lat="45.7920810" lon="4.7140750">
    <ele>277.1</ele>
    <time>2026-08-07T09:30:30Z</time>
   </trkpt>
   <trkpt lat="45.7920740" lon="4.7140350">
    <ele>277.1</ele>
    <time>2026-08-07T09:30:31Z</time>
   </trkpt>
   <trkpt lat="45.7920700" lon="4.7140000">
    <ele>277.2</ele>
    <time>2026-08-07T09:30:32Z</time>
   </trkpt>
   <trkpt lat="45.7920520" lon="4.7139730">
    <ele>277.3</ele>
    <time>2026-08-07T09:30:33Z</time>
   </trkpt>
   <trkpt lat="45.7920400" lon="4.7139530">
    <ele>277.3</ele>
    <time>2026-08-07T09:30:34Z</time>
   </trkpt>
   <trkpt lat="45.7920300" lon="4.7139290">
    <ele>277.3</ele>
    <time>2026-08-07T09:30:35Z</time>
   </trkpt>
   <trkpt lat="45.7920180" lon="4.7139140">
    <ele>277.3</ele>
    <time>2026-08-07T09:30:36Z</time>
   </trkpt>
   <trkpt lat="45.7919780" lon="4.7139030">
    <ele>277.4</ele>
    <time>2026-08-07T09:30:37Z</time>
   </trkpt>
   <trkpt lat="45.7919530" lon="4.7139040">
    <ele>277.4</ele>
    <time>2026-08-07T09:30:38Z</time>
   </trkpt>
   <trkpt lat="45.7919410" lon="4.7139030">
    <ele>277.4</ele>
    <time>2026-08-07T09:30:39Z</time>
   </trkpt>
   <trkpt lat="45.7919210" lon="4.7139300">
    <ele>277.4</ele>
    <time>2026-08-07T09:30:40Z</time>
   </trkpt>
   <trkpt lat="45.7918950" lon="4.7139560">
    <ele>277.4</ele>
    <time>2026-08-07T09:30:41Z</time>
   </trkpt>
   <trkpt lat="45.7918690" lon="4.7139840">
    <ele>277.5</ele>
    <time>2026-08-07T09:30:42Z</time>
   </trkpt>
   <trkpt lat="45.7918490" lon="4.7140190">
    <ele>277.5</ele>
    <time>2026-08-07T09:30:43Z</time>
   </trkpt>
   <trkpt lat="45.7918450" lon="4.7140700">
    <ele>277.5</ele>
    <time>2026-08-07T09:30:44Z</time>
   </trkpt>
   <trkpt lat="45.7918390" lon="4.7141180">
    <ele>277.5</ele>
    <time>2026-08-07T09:30:45Z</time>
   </trkpt>
   <trkpt lat="45.7918380" lon="4.7141800">
    <ele>277.6</ele>
    <time>2026-08-07T09:30:46Z</time>
   </trkpt>
   <trkpt lat="45.7918250" lon="4.7142350">
    <ele>277.7</ele>
    <time>2026-08-07T09:30:47Z</time>
   </trkpt>
   <trkpt lat="45.7918150" lon="4.7142810">
    <ele>277.8</ele>
    <time>2026-08-07T09:30:48Z</time>
   </trkpt>
   <trkpt lat="45.7918150" lon="4.7143210">
    <ele>277.9</ele>
    <time>2026-08-07T09:30:49Z</time>
   </trkpt>
   <trkpt lat="45.7918120" lon="4.7143660">
    <ele>278.0</ele>
    <time>2026-08-07T09:30:50Z</time>
   </trkpt>
   <trkpt lat="45.7918120" lon="4.7144250">
    <ele>278.1</ele>
    <time>2026-08-07T09:30:51Z</time>
   </trkpt>
   <trkpt lat="45.7918070" lon="4.7144790">
    <ele>278.2</ele>
    <time>2026-08-07T09:30:52Z</time>
   </trkpt>
   <trkpt lat="45.7918200" lon="4.7145370">
    <ele>278.3</ele>
    <time>2026-08-07T09:30:53Z</time>
   </trkpt>
   <trkpt lat="45.7918230" lon="4.7145910">
    <ele>278.4</ele>
    <time>2026-08-07T09:30:54Z</time>
   </trkpt>
   <trkpt lat="45.7918290" lon="4.7146310">
    <ele>278.5</ele>
    <time>2026-08-07T09:30:55Z</time>
   </trkpt>
   <trkpt lat="45.7918240" lon="4.7146730">
    <ele>278.5</ele>
    <time>2026-08-07T09:30:56Z</time>
   </trkpt>
   <trkpt lat="45.7918270" lon="4.7147200">
    <ele>278.6</ele>
    <time>2026-08-07T09:30:57Z</time>
   </trkpt>
   <trkpt lat="45.7918300" lon="4.7147580">
    <ele>278.7</ele>
    <time>2026-08-07T09:30:58Z</time>
   </trkpt>
   <trkpt lat="45.7918250" lon="4.7147910">
    <ele>278.8</ele>
    <time>2026-08-07T09:30:59Z</time>
   </trkpt>
   <trkpt lat="45.7918180" lon="4.7148380">
    <ele>278.9</ele>
    <time>2026-08-07T09:31:00Z</time>
   </trkpt>
   <trkpt lat="45.7917970" lon="4.7148930">
    <ele>279.0</ele>
    <time>2026-08-07T09:31:01Z</time>
   </trkpt>
   <trkpt lat="45.7918010" lon="4.7149300">
    <ele>279.1</ele>
    <time>2026-08-07T09:31:02Z</time>
   </trkpt>
   <trkpt lat="45.7918010" lon="4.7149690">
    <ele>279.1</ele>
    <time>2026-08-07T09:31:03Z</time>
   </trkpt>
   <trkpt lat="45.7917700" lon="4.7150530">
    <ele>279.3</ele>
    <time>2026-08-07T09:31:04Z</time>
   </trkpt>
   <trkpt lat="45.7917630" lon="4.7150890">
    <ele>279.4</ele>
    <time>2026-08-07T09:31:05Z</time>
   </trkpt>
   <trkpt lat="45.7917540" lon="4.7151290">
    <ele>279.4</ele>
    <time>2026-08-07T09:31:06Z</time>
   </trkpt>
   <trkpt lat="45.7917430" lon="4.7151700">
    <ele>279.5</ele>
    <time>2026-08-07T09:31:07Z</time>
   </trkpt>
   <trkpt lat="45.7917230" lon="4.7151990">
    <ele>279.6</ele>
    <time>2026-08-07T09:31:08Z</time>
   </trkpt>
   <trkpt lat="45.7917110" lon="4.7152400">
    <ele>279.7</ele>
    <time>2026-08-07T09:31:09Z</time>
   </trkpt>
   <trkpt lat="45.7917120" lon="4.7152890">
    <ele>279.8</ele>
    <time>2026-08-07T09:31:10Z</time>
   </trkpt>
   <trkpt lat="45.7916980" lon="4.7153300">
    <ele>279.9</ele>
    <time>2026-08-07T09:31:11Z</time>
   </trkpt>
   <trkpt lat="45.7916810" lon="4.7153710">
    <ele>279.9</ele>
    <time>2026-08-07T09:31:12Z</time>
   </trkpt>
   <trkpt lat="45.7916640" lon="4.7154260">
    <ele>280.0</ele>
    <time>2026-08-07T09:31:13Z</time>
   </trkpt>
   <trkpt lat="45.7916530" lon="4.7154640">
    <ele>280.1</ele>
    <time>2026-08-07T09:31:14Z</time>
   </trkpt>
   <trkpt lat="45.7916270" lon="4.7155010">
    <ele>280.2</ele>
    <time>2026-08-07T09:31:15Z</time>
   </trkpt>
   <trkpt lat="45.7916210" lon="4.7155440">
    <ele>280.3</ele>
    <time>2026-08-07T09:31:16Z</time>
   </trkpt>
   <trkpt lat="45.7916130" lon="4.7155880">
    <ele>280.4</ele>
    <time>2026-08-07T09:31:17Z</time>
   </trkpt>
   <trkpt lat="45.7915790" lon="4.7156190">
    <ele>280.5</ele>
    <time>2026-08-07T09:31:18Z</time>
   </trkpt>
   <trkpt lat="45.7915590" lon="4.7156480">
    <ele>280.6</ele>
    <time>2026-08-07T09:31:19Z</time>
   </trkpt>
   <trkpt lat="45.7915510" lon="4.7156770">
    <ele>280.7</ele>
    <time>2026-08-07T09:31:20Z</time>
   </trkpt>
   <trkpt lat="45.7915310" lon="4.7157070">
    <ele>280.8</ele>
    <time>2026-08-07T09:31:21Z</time>
   </trkpt>
   <trkpt lat="45.7915040" lon="4.7157330">
    <ele>280.9</ele>
    <time>2026-08-07T09:31:22Z</time>
   </trkpt>
   <trkpt lat="45.7914820" lon="4.7157580">
    <ele>281.0</ele>
    <time>2026-08-07T09:31:23Z</time>
   </trkpt>
   <trkpt lat="45.7914550" lon="4.7157830">
    <ele>281.1</ele>
    <time>2026-08-07T09:31:24Z</time>
   </trkpt>
   <trkpt lat="45.7914190" lon="4.7157900">
    <ele>281.2</ele>
    <time>2026-08-07T09:31:25Z</time>
   </trkpt>
   <trkpt lat="45.7913950" lon="4.7158200">
    <ele>281.3</ele>
    <time>2026-08-07T09:31:26Z</time>
   </trkpt>
   <trkpt lat="45.7913820" lon="4.7158620">
    <ele>281.5</ele>
    <time>2026-08-07T09:31:27Z</time>
   </trkpt>
   <trkpt lat="45.7913520" lon="4.7158880">
    <ele>281.6</ele>
    <time>2026-08-07T09:31:28Z</time>
   </trkpt>
   <trkpt lat="45.7913360" lon="4.7158940">
    <ele>281.7</ele>
    <time>2026-08-07T09:31:29Z</time>
   </trkpt>
   <trkpt lat="45.7913190" lon="4.7158960">
    <ele>281.7</ele>
    <time>2026-08-07T09:31:30Z</time>
   </trkpt>
   <trkpt lat="45.7912960" lon="4.7159000">
    <ele>281.8</ele>
    <time>2026-08-07T09:31:31Z</time>
   </trkpt>
   <trkpt lat="45.7912580" lon="4.7159050">
    <ele>281.9</ele>
    <time>2026-08-07T09:31:32Z</time>
   </trkpt>
   <trkpt lat="45.7912230" lon="4.7159050">
    <ele>282.1</ele>
    <time>2026-08-07T09:31:33Z</time>
   </trkpt>
   <trkpt lat="45.7911950" lon="4.7158950">
    <ele>282.2</ele>
    <time>2026-08-07T09:31:34Z</time>
   </trkpt>
   <trkpt lat="45.7911850" lon="4.7158740">
    <ele>282.3</ele>
    <time>2026-08-07T09:31:35Z</time>
   </trkpt>
   <trkpt lat="45.7911640" lon="4.7158330">
    <ele>282.4</ele>
    <time>2026-08-07T09:31:36Z</time>
   </trkpt>
   <trkpt lat="45.7911320" lon="4.7158030">
    <ele>282.6</ele>
    <time>2026-08-07T09:31:37Z</time>
   </trkpt>
   <trkpt lat="45.7911050" lon="4.7157750">
    <ele>282.7</ele>
    <time>2026-08-07T09:31:38Z</time>
   </trkpt>
   <trkpt lat="45.7910810" lon="4.7157490">
    <ele>282.9</ele>
    <time>2026-08-07T09:31:39Z</time>
   </trkpt>
   <trkpt lat="45.7910530" lon="4.7157270">
    <ele>283.0</ele>
    <time>2026-08-07T09:31:40Z</time>
   </trkpt>
   <trkpt lat="45.7910480" lon="4.7156780">
    <ele>283.1</ele>
    <time>2026-08-07T09:31:41Z</time>
   </trkpt>
   <trkpt lat="45.7910450" lon="4.7156280">
    <ele>283.2</ele>
    <time>2026-08-07T09:31:42Z</time>
   </trkpt>
   <trkpt lat="45.7910450" lon="4.7155860">
    <ele>283.2</ele>
    <time>2026-08-07T09:31:43Z</time>
   </trkpt>
   <trkpt lat="45.7910440" lon="4.7155390">
    <ele>283.3</ele>
    <time>2026-08-07T09:31:44Z</time>
   </trkpt>
   <trkpt lat="45.7910300" lon="4.7154990">
    <ele>283.4</ele>
    <time>2026-08-07T09:31:45Z</time>
   </trkpt>
   <trkpt lat="45.7910260" lon="4.7154270">
    <ele>283.5</ele>
    <time>2026-08-07T09:31:46Z</time>
   </trkpt>
   <trkpt lat="45.7910300" lon="4.7153750">
    <ele>283.6</ele>
    <time>2026-08-07T09:31:47Z</time>
   </trkpt>
   <trkpt lat="45.7910220" lon="4.7152970">
    <ele>283.6</ele>
    <time>2026-08-07T09:31:48Z</time>
   </trkpt>
   <trkpt lat="45.7910170" lon="4.7152660">
    <ele>283.7</ele>
    <time>2026-08-07T09:31:49Z</time>
   </trkpt>
   <trkpt lat="45.7910100" lon="4.7152200">
    <ele>283.8</ele>
    <time>2026-08-07T09:31:50Z</time>
   </trkpt>
   <trkpt lat="45.7910190" lon="4.7151740">
    <ele>283.9</ele>
    <time>2026-08-07T09:31:51Z</time>
   </trkpt>
   <trkpt lat="45.7910580" lon="4.7151410">
    <ele>284.0</ele>
    <time>2026-08-07T09:31:52Z</time>
   </trkpt>
   <trkpt lat="45.7910940" lon="4.7151080">
    <ele>284.1</ele>
    <time>2026-08-07T09:31:53Z</time>
   </trkpt>
   <trkpt lat="45.7911070" lon="4.7150620">
    <ele>284.2</ele>
    <time>2026-08-07T09:31:54Z</time>
   </trkpt>
   <trkpt lat="45.7911150" lon="4.7149970">
    <ele>284.3</ele>
    <time>2026-08-07T09:31:55Z</time>
   </trkpt>
   <trkpt lat="45.7911470" lon="4.7149700">
    <ele>284.4</ele>
    <time>2026-08-07T09:31:56Z</time>
   </trkpt>
   <trkpt lat="45.7911710" lon="4.7149260">
    <ele>284.5</ele>
    <time>2026-08-07T09:31:57Z</time>
   </trkpt>
   <trkpt lat="45.7911770" lon="4.7148960">
    <ele>284.6</ele>
    <time>2026-08-07T09:31:58Z</time>
   </trkpt>
   <trkpt lat="45.7911740" lon="4.7148480">
    <ele>284.7</ele>
    <time>2026-08-07T09:31:59Z</time>
   </trkpt>
   <trkpt lat="45.7911860" lon="4.7148100">
    <ele>284.8</ele>
    <time>2026-08-07T09:32:00Z</time>
   </trkpt>
   <trkpt lat="45.7911900" lon="4.7147870">
    <ele>284.8</ele>
    <time>2026-08-07T09:32:01Z</time>
   </trkpt>
   <trkpt lat="45.7911960" lon="4.7147450">
    <ele>284.9</ele>
    <time>2026-08-07T09:32:02Z</time>
   </trkpt>
   <trkpt lat="45.7912210" lon="4.7147170">
    <ele>285.0</ele>
    <time>2026-08-07T09:32:03Z</time>
   </trkpt>
   <trkpt lat="45.7912550" lon="4.7146900">
    <ele>285.1</ele>
    <time>2026-08-07T09:32:04Z</time>
   </trkpt>
   <trkpt lat="45.7912820" lon="4.7146630">
    <ele>285.2</ele>
    <time>2026-08-07T09:32:05Z</time>
   </trkpt>
   <trkpt lat="45.7912990" lon="4.7146380">
    <ele>285.3</ele>
    <time>2026-08-07T09:32:06Z</time>
   </trkpt>
   <trkpt lat="45.7913070" lon="4.7146130">
    <ele>285.3</ele>
    <time>2026-08-07T09:32:07Z</time>
   </trkpt>
   <trkpt lat="45.7913120" lon="4.7145830">
    <ele>285.4</ele>
    <time>2026-08-07T09:32:08Z</time>
   </trkpt>
   <trkpt lat="45.7913130" lon="4.7145340">
    <ele>285.5</ele>
    <time>2026-08-07T09:32:09Z</time>
   </trkpt>
   <trkpt lat="45.7913180" lon="4.7144880">
    <ele>285.6</ele>
    <time>2026-08-07T09:32:10Z</time>
   </trkpt>
   <trkpt lat="45.7913370" lon="4.7144320">
    <ele>285.7</ele>
    <time>2026-08-07T09:32:11Z</time>
   </trkpt>
   <trkpt lat="45.7913620" lon="4.7143990">
    <ele>285.8</ele>
    <time>2026-08-07T09:32:12Z</time>
   </trkpt>
   <trkpt lat="45.7913820" lon="4.7143570">
    <ele>285.9</ele>
    <time>2026-08-07T09:32:13Z</time>
   </trkpt>
   <trkpt lat="45.7913910" lon="4.7143130">
    <ele>286.0</ele>
    <time>2026-08-07T09:32:15Z</time>
   </trkpt>
   <trkpt lat="45.7913910" lon="4.7142690">
    <ele>286.1</ele>
    <time>2026-08-07T09:32:16Z</time>
   </trkpt>
   <trkpt lat="45.7913970" lon="4.7142270">
    <ele>286.2</ele>
    <time>2026-08-07T09:32:17Z</time>
   </trkpt>
   <trkpt lat="45.7913900" lon="4.7141860">
    <ele>286.3</ele>
    <time>2026-08-07T09:32:18Z</time>
   </trkpt>
   <trkpt lat="45.7914010" lon="4.7141570">
    <ele>286.3</ele>
    <time>2026-08-07T09:32:19Z</time>
   </trkpt>
   <trkpt lat="45.7913980" lon="4.7141250">
    <ele>286.4</ele>
    <time>2026-08-07T09:32:20Z</time>
   </trkpt>
   <trkpt lat="45.7914060" lon="4.7140950">
    <ele>286.4</ele>
    <time>2026-08-07T09:32:21Z</time>
   </trkpt>
   <trkpt lat="45.7914110" lon="4.7140540">
    <ele>286.5</ele>
    <time>2026-08-07T09:32:22Z</time>
   </trkpt>
   <trkpt lat="45.7914140" lon="4.7140370">
    <ele>286.5</ele>
    <time>2026-08-07T09:32:23Z</time>
   </trkpt>
   <trkpt lat="45.7914110" lon="4.7140010">
    <ele>286.6</ele>
    <time>2026-08-07T09:32:24Z</time>
   </trkpt>
   <trkpt lat="45.7914060" lon="4.7139690">
    <ele>286.6</ele>
    <time>2026-08-07T09:32:25Z</time>
   </trkpt>
   <trkpt lat="45.7914070" lon="4.7139350">
    <ele>286.6</ele>
    <time>2026-08-07T09:32:26Z</time>
   </trkpt>
   <trkpt lat="45.7914110" lon="4.7138900">
    <ele>286.7</ele>
    <time>2026-08-07T09:32:27Z</time>
   </trkpt>
   <trkpt lat="45.7914210" lon="4.7138570">
    <ele>286.7</ele>
    <time>2026-08-07T09:32:28Z</time>
   </trkpt>
   <trkpt lat="45.7914330" lon="4.7138100">
    <ele>286.8</ele>
    <time>2026-08-07T09:32:29Z</time>
   </trkpt>
   <trkpt lat="45.7914340" lon="4.7137640">
    <ele>286.8</ele>
    <time>2026-08-07T09:32:30Z</time>
   </trkpt>
   <trkpt lat="45.7914350" lon="4.7137500">
    <ele>286.8</ele>
    <time>2026-08-07T09:32:31Z</time>
   </trkpt>
   <trkpt lat="45.7914350" lon="4.7137210">
    <ele>286.8</ele>
    <time>2026-08-07T09:32:32Z</time>
   </trkpt>
   <trkpt lat="45.7914180" lon="4.7136710">
    <ele>286.9</ele>
    <time>2026-08-07T09:32:33Z</time>
   </trkpt>
   <trkpt lat="45.7914120" lon="4.7136380">
    <ele>286.9</ele>
    <time>2026-08-07T09:32:34Z</time>
   </trkpt>
   <trkpt lat="45.7914040" lon="4.7135980">
    <ele>287.0</ele>
    <time>2026-08-07T09:32:35Z</time>
   </trkpt>
   <trkpt lat="45.7914030" lon="4.7135700">
    <ele>287.0</ele>
    <time>2026-08-07T09:32:36Z</time>
   </trkpt>
   <trkpt lat="45.7913970" lon="4.7135480">
    <ele>287.0</ele>
    <time>2026-08-07T09:32:37Z</time>
   </trkpt>
   <trkpt lat="45.7913890" lon="4.7135200">
    <ele>287.1</ele>
    <time>2026-08-07T09:32:38Z</time>
   </trkpt>
   <trkpt lat="45.7913940" lon="4.7134830">
    <ele>287.1</ele>
    <time>2026-08-07T09:32:39Z</time>
   </trkpt>
   <trkpt lat="45.7913900" lon="4.7134410">
    <ele>287.2</ele>
    <time>2026-08-07T09:32:40Z</time>
   </trkpt>
   <trkpt lat="45.7913930" lon="4.7134050">
    <ele>287.2</ele>
    <time>2026-08-07T09:32:41Z</time>
   </trkpt>
   <trkpt lat="45.7913590" lon="4.7133570">
    <ele>287.3</ele>
    <time>2026-08-07T09:32:42Z</time>
   </trkpt>
   <trkpt lat="45.7912630" lon="4.7130740">
    <ele>287.7</ele>
    <time>2026-08-07T09:32:49Z</time>
   </trkpt>
   <trkpt lat="45.7912540" lon="4.7130240">
    <ele>287.8</ele>
    <time>2026-08-07T09:32:50Z</time>
   </trkpt>
   <trkpt lat="45.7912270" lon="4.7130050">
    <ele>287.9</ele>
    <time>2026-08-07T09:32:51Z</time>
   </trkpt>
   <trkpt lat="45.7912130" lon="4.7129740">
    <ele>288.0</ele>
    <time>2026-08-07T09:32:52Z</time>
   </trkpt>
   <trkpt lat="45.7911950" lon="4.7129430">
    <ele>288.0</ele>
    <time>2026-08-07T09:32:53Z</time>
   </trkpt>
   <trkpt lat="45.7911750" lon="4.7129130">
    <ele>288.1</ele>
    <time>2026-08-07T09:32:54Z</time>
   </trkpt>
   <trkpt lat="45.7911660" lon="4.7128570">
    <ele>288.2</ele>
    <time>2026-08-07T09:32:55Z</time>
   </trkpt>
   <trkpt lat="45.7911470" lon="4.7128200">
    <ele>288.3</ele>
    <time>2026-08-07T09:32:56Z</time>
   </trkpt>
   <trkpt lat="45.7911170" lon="4.7127740">
    <ele>288.4</ele>
    <time>2026-08-07T09:32:57Z</time>
   </trkpt>
   <trkpt lat="45.7910930" lon="4.7127580">
    <ele>288.5</ele>
    <time>2026-08-07T09:32:58Z</time>
   </trkpt>
   <trkpt lat="45.7910680" lon="4.7127330">
    <ele>288.6</ele>
    <time>2026-08-07T09:32:59Z</time>
   </trkpt>
   <trkpt lat="45.7910410" lon="4.7127050">
    <ele>288.7</ele>
    <time>2026-08-07T09:33:00Z</time>
   </trkpt>
   <trkpt lat="45.7910200" lon="4.7126790">
    <ele>288.8</ele>
    <time>2026-08-07T09:33:01Z</time>
   </trkpt>
   <trkpt lat="45.7909920" lon="4.7126470">
    <ele>288.9</ele>
    <time>2026-08-07T09:33:02Z</time>
   </trkpt>
   <trkpt lat="45.7909640" lon="4.7126270">
    <ele>289.0</ele>
    <time>2026-08-07T09:33:03Z</time>
   </trkpt>
   <trkpt lat="45.7909440" lon="4.7126040">
    <ele>289.0</ele>
    <time>2026-08-07T09:33:04Z</time>
   </trkpt>
   <trkpt lat="45.7909180" lon="4.7125980">
    <ele>289.1</ele>
    <time>2026-08-07T09:33:05Z</time>
   </trkpt>
   <trkpt lat="45.7908900" lon="4.7125880">
    <ele>289.2</ele>
    <time>2026-08-07T09:33:06Z</time>
   </trkpt>
   <trkpt lat="45.7908710" lon="4.7125730">
    <ele>289.3</ele>
    <time>2026-08-07T09:33:07Z</time>
   </trkpt>
   <trkpt lat="45.7908090" lon="4.7125430">
    <ele>289.5</ele>
    <time>2026-08-07T09:33:08Z</time>
   </trkpt>
   <trkpt lat="45.7907790" lon="4.7125190">
    <ele>289.6</ele>
    <time>2026-08-07T09:33:09Z</time>
   </trkpt>
   <trkpt lat="45.7907400" lon="4.7125120">
    <ele>289.7</ele>
    <time>2026-08-07T09:33:10Z</time>
   </trkpt>
   <trkpt lat="45.7907130" lon="4.7125010">
    <ele>289.9</ele>
    <time>2026-08-07T09:33:11Z</time>
   </trkpt>
   <trkpt lat="45.7906880" lon="4.7124830">
    <ele>290.0</ele>
    <time>2026-08-07T09:33:12Z</time>
   </trkpt>
   <trkpt lat="45.7906610" lon="4.7124650">
    <ele>290.1</ele>
    <time>2026-08-07T09:33:13Z</time>
   </trkpt>
   <trkpt lat="45.7906390" lon="4.7124600">
    <ele>290.2</ele>
    <time>2026-08-07T09:33:14Z</time>
   </trkpt>
   <trkpt lat="45.7906100" lon="4.7124480">
    <ele>290.3</ele>
    <time>2026-08-07T09:33:15Z</time>
   </trkpt>
   <trkpt lat="45.7905830" lon="4.7124410">
    <ele>290.5</ele>
    <time>2026-08-07T09:33:16Z</time>
   </trkpt>
   <trkpt lat="45.7905500" lon="4.7124430">
    <ele>290.6</ele>
    <time>2026-08-07T09:33:17Z</time>
   </trkpt>
   <trkpt lat="45.7905240" lon="4.7124360">
    <ele>290.7</ele>
    <time>2026-08-07T09:33:18Z</time>
   </trkpt>
   <trkpt lat="45.7905040" lon="4.7124280">
    <ele>290.8</ele>
    <time>2026-08-07T09:33:19Z</time>
   </trkpt>
   <trkpt lat="45.7904680" lon="4.7124380">
    <ele>291.0</ele>
    <time>2026-08-07T09:33:20Z</time>
   </trkpt>
   <trkpt lat="45.7904180" lon="4.7124330">
    <ele>291.2</ele>
    <time>2026-08-07T09:33:22Z</time>
   </trkpt>
   <trkpt lat="45.7903870" lon="4.7124320">
    <ele>291.4</ele>
    <time>2026-08-07T09:33:23Z</time>
   </trkpt>
   <trkpt lat="45.7903560" lon="4.7124280">
    <ele>291.5</ele>
    <time>2026-08-07T09:33:24Z</time>
   </trkpt>
   <trkpt lat="45.7903150" lon="4.7124300">
    <ele>291.7</ele>
    <time>2026-08-07T09:33:25Z</time>
   </trkpt>
   <trkpt lat="45.7903010" lon="4.7124350">
    <ele>291.8</ele>
    <time>2026-08-07T09:33:26Z</time>
   </trkpt>
   <trkpt lat="45.7902800" lon="4.7124520">
    <ele>291.9</ele>
    <time>2026-08-07T09:33:27Z</time>
   </trkpt>
   <trkpt lat="45.7902660" lon="4.7124510">
    <ele>291.9</ele>
    <time>2026-08-07T09:33:28Z</time>
   </trkpt>
   <trkpt lat="45.7902310" lon="4.7124610">
    <ele>292.1</ele>
    <time>2026-08-07T09:33:29Z</time>
   </trkpt>
   <trkpt lat="45.7901970" lon="4.7124760">
    <ele>292.3</ele>
    <time>2026-08-07T09:33:30Z</time>
   </trkpt>
   <trkpt lat="45.7901600" lon="4.7124880">
    <ele>292.4</ele>
    <time>2026-08-07T09:33:31Z</time>
   </trkpt>
   <trkpt lat="45.7901340" lon="4.7125000">
    <ele>292.6</ele>
    <time>2026-08-07T09:33:32Z</time>
   </trkpt>
   <trkpt lat="45.7901000" lon="4.7125180">
    <ele>292.7</ele>
    <time>2026-08-07T09:33:33Z</time>
   </trkpt>
   <trkpt lat="45.7900650" lon="4.7125290">
    <ele>292.9</ele>
    <time>2026-08-07T09:33:34Z</time>
   </trkpt>
   <trkpt lat="45.7900380" lon="4.7125530">
    <ele>293.0</ele>
    <time>2026-08-07T09:33:35Z</time>
   </trkpt>
   <trkpt lat="45.7900210" lon="4.7125620">
    <ele>293.1</ele>
    <time>2026-08-07T09:33:36Z</time>
   </trkpt>
   <trkpt lat="45.7899970" lon="4.7125760">
    <ele>293.2</ele>
    <time>2026-08-07T09:33:37Z</time>
   </trkpt>
   <trkpt lat="45.7899750" lon="4.7125870">
    <ele>293.3</ele>
    <time>2026-08-07T09:33:38Z</time>
   </trkpt>
   <trkpt lat="45.7899540" lon="4.7126120">
    <ele>293.4</ele>
    <time>2026-08-07T09:33:39Z</time>
   </trkpt>
   <trkpt lat="45.7899360" lon="4.7126490">
    <ele>293.5</ele>
    <time>2026-08-07T09:33:40Z</time>
   </trkpt>
   <trkpt lat="45.7899210" lon="4.7126840">
    <ele>293.6</ele>
    <time>2026-08-07T09:33:41Z</time>
   </trkpt>
   <trkpt lat="45.7899050" lon="4.7127190">
    <ele>293.7</ele>
    <time>2026-08-07T09:33:42Z</time>
   </trkpt>
   <trkpt lat="45.7898920" lon="4.7127580">
    <ele>293.7</ele>
    <time>2026-08-07T09:33:43Z</time>
   </trkpt>
   <trkpt lat="45.7898730" lon="4.7127890">
    <ele>293.8</ele>
    <time>2026-08-07T09:33:44Z</time>
   </trkpt>
   <trkpt lat="45.7898610" lon="4.7128350">
    <ele>293.9</ele>
    <time>2026-08-07T09:33:45Z</time>
   </trkpt>
   <trkpt lat="45.7898450" lon="4.7128730">
    <ele>293.9</ele>
    <time>2026-08-07T09:33:46Z</time>
   </trkpt>
   <trkpt lat="45.7898240" lon="4.7129160">
    <ele>294.0</ele>
    <time>2026-08-07T09:33:47Z</time>
   </trkpt>
   <trkpt lat="45.7898050" lon="4.7129580">
    <ele>294.1</ele>
    <time>2026-08-07T09:33:48Z</time>
   </trkpt>
   <trkpt lat="45.7897890" lon="4.7129990">
    <ele>294.2</ele>
    <time>2026-08-07T09:33:49Z</time>
   </trkpt>
   <trkpt lat="45.7897890" lon="4.7130390">
    <ele>294.2</ele>
    <time>2026-08-07T09:33:50Z</time>
   </trkpt>
   <trkpt lat="45.7897730" lon="4.7130750">
    <ele>294.3</ele>
    <time>2026-08-07T09:33:51Z</time>
   </trkpt>
   <trkpt lat="45.7897480" lon="4.7131190">
    <ele>294.4</ele>
    <time>2026-08-07T09:33:52Z</time>
   </trkpt>
   <trkpt lat="45.7897270" lon="4.7131480">
    <ele>294.4</ele>
    <time>2026-08-07T09:33:53Z</time>
   </trkpt>
   <trkpt lat="45.7897050" lon="4.7131860">
    <ele>294.5</ele>
    <time>2026-08-07T09:33:54Z</time>
   </trkpt>
   <trkpt lat="45.7896770" lon="4.7132180">
    <ele>294.5</ele>
    <time>2026-08-07T09:33:55Z</time>
   </trkpt>
   <trkpt lat="45.7896560" lon="4.7132480">
    <ele>294.6</ele>
    <time>2026-08-07T09:33:56Z</time>
   </trkpt>
   <trkpt lat="45.7896370" lon="4.7132780">
    <ele>294.6</ele>
    <time>2026-08-07T09:33:57Z</time>
   </trkpt>
   <trkpt lat="45.7896200" lon="4.7133230">
    <ele>294.7</ele>
    <time>2026-08-07T09:33:58Z</time>
   </trkpt>
   <trkpt lat="45.7895940" lon="4.7133500">
    <ele>294.7</ele>
    <time>2026-08-07T09:33:59Z</time>
   </trkpt>
   <trkpt lat="45.7895620" lon="4.7133500">
    <ele>294.8</ele>
    <time>2026-08-07T09:34:00Z</time>
   </trkpt>
   <trkpt lat="45.7895380" lon="4.7133630">
    <ele>294.8</ele>
    <time>2026-08-07T09:34:01Z</time>
   </trkpt>
   <trkpt lat="45.7895040" lon="4.7133860">
    <ele>294.9</ele>
    <time>2026-08-07T09:34:02Z</time>
   </trkpt>
   <trkpt lat="45.7894790" lon="4.7133990">
    <ele>294.9</ele>
    <time>2026-08-07T09:34:03Z</time>
   </trkpt>
   <trkpt lat="45.7894600" lon="4.7134210">
    <ele>294.9</ele>
    <time>2026-08-07T09:34:04Z</time>
   </trkpt>
   <trkpt lat="45.7894390" lon="4.7134500">
    <ele>295.0</ele>
    <time>2026-08-07T09:34:05Z</time>
   </trkpt>
   <trkpt lat="45.7894180" lon="4.7134580">
    <ele>295.0</ele>
    <time>2026-08-07T09:34:06Z</time>
   </trkpt>
   <trkpt lat="45.7893980" lon="4.7134840">
    <ele>295.1</ele>
    <time>2026-08-07T09:34:07Z</time>
   </trkpt>
   <trkpt lat="45.7893720" lon="4.7135040">
    <ele>295.1</ele>
    <time>2026-08-07T09:34:08Z</time>
   </trkpt>
   <trkpt lat="45.7893470" lon="4.7135290">
    <ele>295.2</ele>
    <time>2026-08-07T09:34:09Z</time>
   </trkpt>
   <trkpt lat="45.7893200" lon="4.7135240">
    <ele>295.2</ele>
    <time>2026-08-07T09:34:10Z</time>
   </trkpt>
   <trkpt lat="45.7892980" lon="4.7135380">
    <ele>295.2</ele>
    <time>2026-08-07T09:34:11Z</time>
   </trkpt>
   <trkpt lat="45.7892830" lon="4.7135720">
    <ele>295.3</ele>
    <time>2026-08-07T09:34:12Z</time>
   </trkpt>
   <trkpt lat="45.7892540" lon="4.7136040">
    <ele>295.3</ele>
    <time>2026-08-07T09:34:13Z</time>
   </trkpt>
   <trkpt lat="45.7892200" lon="4.7136130">
    <ele>295.4</ele>
    <time>2026-08-07T09:34:14Z</time>
   </trkpt>
   <trkpt lat="45.7891910" lon="4.7136430">
    <ele>295.4</ele>
    <time>2026-08-07T09:34:15Z</time>
   </trkpt>
   <trkpt lat="45.7891580" lon="4.7136570">
    <ele>295.4</ele>
    <time>2026-08-07T09:34:16Z</time>
   </trkpt>
   <trkpt lat="45.7891350" lon="4.7136900">
    <ele>295.5</ele>
    <time>2026-08-07T09:34:17Z</time>
   </trkpt>
   <trkpt lat="45.7891130" lon="4.7137170">
    <ele>295.5</ele>
    <time>2026-08-07T09:34:18Z</time>
   </trkpt>
   <trkpt lat="45.7890930" lon="4.7137500">
    <ele>295.6</ele>
    <time>2026-08-07T09:34:19Z</time>
   </trkpt>
   <trkpt lat="45.7890730" lon="4.7137790">
    <ele>295.6</ele>
    <time>2026-08-07T09:34:21Z</time>
   </trkpt>
   <trkpt lat="45.7890490" lon="4.7137980">
    <ele>295.6</ele>
    <time>2026-08-07T09:34:22Z</time>
   </trkpt>
   <trkpt lat="45.7890260" lon="4.7138250">
    <ele>295.6</ele>
    <time>2026-08-07T09:34:23Z</time>
   </trkpt>
   <trkpt lat="45.7890110" lon="4.7138320">
    <ele>295.6</ele>
    <time>2026-08-07T09:34:24Z</time>
   </trkpt>
   <trkpt lat="45.7889770" lon="4.7138500">
    <ele>295.7</ele>
    <time>2026-08-07T09:34:25Z</time>
   </trkpt>
   <trkpt lat="45.7889630" lon="4.7138830">
    <ele>295.7</ele>
    <time>2026-08-07T09:34:26Z</time>
   </trkpt>
   <trkpt lat="45.7889390" lon="4.7139150">
    <ele>295.7</ele>
    <time>2026-08-07T09:34:27Z</time>
   </trkpt>
   <trkpt lat="45.7889160" lon="4.7139430">
    <ele>295.7</ele>
    <time>2026-08-07T09:34:28Z</time>
   </trkpt>
   <trkpt lat="45.7888970" lon="4.7139690">
    <ele>295.8</ele>
    <time>2026-08-07T09:34:29Z</time>
   </trkpt>
   <trkpt lat="45.7888780" lon="4.7139890">
    <ele>295.8</ele>
    <time>2026-08-07T09:34:30Z</time>
   </trkpt>
   <trkpt lat="45.7888550" lon="4.7140070">
    <ele>295.8</ele>
    <time>2026-08-07T09:34:31Z</time>
   </trkpt>
   <trkpt lat="45.7888300" lon="4.7140220">
    <ele>295.8</ele>
    <time>2026-08-07T09:34:32Z</time>
   </trkpt>
   <trkpt lat="45.7888180" lon="4.7140550">
    <ele>295.8</ele>
    <time>2026-08-07T09:34:33Z</time>
   </trkpt>
   <trkpt lat="45.7887990" lon="4.7140790">
    <ele>295.8</ele>
    <time>2026-08-07T09:34:34Z</time>
   </trkpt>
   <trkpt lat="45.7887740" lon="4.7140960">
    <ele>295.9</ele>
    <time>2026-08-07T09:34:35Z</time>
   </trkpt>
   <trkpt lat="45.7887510" lon="4.7141300">
    <ele>295.9</ele>
    <time>2026-08-07T09:34:36Z</time>
   </trkpt>
   <trkpt lat="45.7887330" lon="4.7141660">
    <ele>295.9</ele>
    <time>2026-08-07T09:34:37Z</time>
   </trkpt>
   <trkpt lat="45.7887150" lon="4.7141850">
    <ele>295.9</ele>
    <time>2026-08-07T09:34:38Z</time>
   </trkpt>
   <trkpt lat="45.7886870" lon="4.7141970">
    <ele>295.9</ele>
    <time>2026-08-07T09:34:39Z</time>
   </trkpt>
   <trkpt lat="45.7886640" lon="4.7142160">
    <ele>295.9</ele>
    <time>2026-08-07T09:34:40Z</time>
   </trkpt>
   <trkpt lat="45.7886410" lon="4.7142530">
    <ele>295.8</ele>
    <time>2026-08-07T09:34:41Z</time>
   </trkpt>
   <trkpt lat="45.7886230" lon="4.7143080">
    <ele>295.8</ele>
    <time>2026-08-07T09:34:42Z</time>
   </trkpt>
   <trkpt lat="45.7886020" lon="4.7143450">
    <ele>295.8</ele>
    <time>2026-08-07T09:34:43Z</time>
   </trkpt>
   <trkpt lat="45.7885910" lon="4.7143760">
    <ele>295.7</ele>
    <time>2026-08-07T09:34:44Z</time>
   </trkpt>
   <trkpt lat="45.7885760" lon="4.7144050">
    <ele>295.7</ele>
    <time>2026-08-07T09:34:45Z</time>
   </trkpt>
   <trkpt lat="45.7885520" lon="4.7144270">
    <ele>295.7</ele>
    <time>2026-08-07T09:34:46Z</time>
   </trkpt>
   <trkpt lat="45.7885370" lon="4.7144370">
    <ele>295.6</ele>
    <time>2026-08-07T09:34:47Z</time>
   </trkpt>
   <trkpt lat="45.7885200" lon="4.7144710">
    <ele>295.6</ele>
    <time>2026-08-07T09:34:48Z</time>
   </trkpt>
   <trkpt lat="45.7885120" lon="4.7145060">
    <ele>295.5</ele>
    <time>2026-08-07T09:34:49Z</time>
   </trkpt>
   <trkpt lat="45.7885010" lon="4.7145450">
    <ele>295.5</ele>
    <time>2026-08-07T09:34:50Z</time>
   </trkpt>
   <trkpt lat="45.7884770" lon="4.7145760">
    <ele>295.4</ele>
    <time>2026-08-07T09:34:51Z</time>
   </trkpt>
   <trkpt lat="45.7884690" lon="4.7146100">
    <ele>295.3</ele>
    <time>2026-08-07T09:34:52Z</time>
   </trkpt>
   <trkpt lat="45.7884600" lon="4.7146390">
    <ele>295.2</ele>
    <time>2026-08-07T09:34:53Z</time>
   </trkpt>
   <trkpt lat="45.7884510" lon="4.7146810">
    <ele>295.1</ele>
    <time>2026-08-07T09:34:54Z</time>
   </trkpt>
   <trkpt lat="45.7884440" lon="4.7147250">
    <ele>295.1</ele>
    <time>2026-08-07T09:34:55Z</time>
   </trkpt>
   <trkpt lat="45.7884440" lon="4.7147640">
    <ele>295.0</ele>
    <time>2026-08-07T09:34:56Z</time>
   </trkpt>
   <trkpt lat="45.7884440" lon="4.7148020">
    <ele>294.9</ele>
    <time>2026-08-07T09:34:57Z</time>
   </trkpt>
   <trkpt lat="45.7884460" lon="4.7148420">
    <ele>294.8</ele>
    <time>2026-08-07T09:34:58Z</time>
   </trkpt>
   <trkpt lat="45.7884470" lon="4.7148770">
    <ele>294.7</ele>
    <time>2026-08-07T09:34:59Z</time>
   </trkpt>
   <trkpt lat="45.7884460" lon="4.7149100">
    <ele>294.6</ele>
    <time>2026-08-07T09:35:00Z</time>
   </trkpt>
   <trkpt lat="45.7884500" lon="4.7149520">
    <ele>294.5</ele>
    <time>2026-08-07T09:35:01Z</time>
   </trkpt>
   <trkpt lat="45.7884560" lon="4.7150030">
    <ele>294.4</ele>
    <time>2026-08-07T09:35:02Z</time>
   </trkpt>
   <trkpt lat="45.7884700" lon="4.7150430">
    <ele>294.3</ele>
    <time>2026-08-07T09:35:03Z</time>
   </trkpt>
   <trkpt lat="45.7884760" lon="4.7150730">
    <ele>294.2</ele>
    <time>2026-08-07T09:35:04Z</time>
   </trkpt>
   <trkpt lat="45.7884940" lon="4.7151600">
    <ele>293.9</ele>
    <time>2026-08-07T09:35:05Z</time>
   </trkpt>
   <trkpt lat="45.7885060" lon="4.7152010">
    <ele>293.8</ele>
    <time>2026-08-07T09:35:06Z</time>
   </trkpt>
   <trkpt lat="45.7885190" lon="4.7152290">
    <ele>293.7</ele>
    <time>2026-08-07T09:35:07Z</time>
   </trkpt>
   <trkpt lat="45.7885300" lon="4.7152590">
    <ele>293.6</ele>
    <time>2026-08-07T09:35:08Z</time>
   </trkpt>
   <trkpt lat="45.7885600" lon="4.7152870">
    <ele>293.4</ele>
    <time>2026-08-07T09:35:09Z</time>
   </trkpt>
   <trkpt lat="45.7885830" lon="4.7153220">
    <ele>293.3</ele>
    <time>2026-08-07T09:35:10Z</time>
   </trkpt>
   <trkpt lat="45.7886050" lon="4.7153610">
    <ele>293.1</ele>
    <time>2026-08-07T09:35:11Z</time>
   </trkpt>
   <trkpt lat="45.7886200" lon="4.7153940">
    <ele>293.0</ele>
    <time>2026-08-07T09:35:12Z</time>
   </trkpt>
   <trkpt lat="45.7886470" lon="4.7154230">
    <ele>292.9</ele>
    <time>2026-08-07T09:35:13Z</time>
   </trkpt>
   <trkpt lat="45.7886530" lon="4.7154630">
    <ele>292.7</ele>
    <time>2026-08-07T09:35:14Z</time>
   </trkpt>
   <trkpt lat="45.7886670" lon="4.7154980">
    <ele>292.6</ele>
    <time>2026-08-07T09:35:15Z</time>
   </trkpt>
   <trkpt lat="45.7886750" lon="4.7155250">
    <ele>292.5</ele>
    <time>2026-08-07T09:35:16Z</time>
   </trkpt>
   <trkpt lat="45.7886960" lon="4.7155580">
    <ele>292.4</ele>
    <time>2026-08-07T09:35:17Z</time>
   </trkpt>
   <trkpt lat="45.7887160" lon="4.7155900">
    <ele>292.3</ele>
    <time>2026-08-07T09:35:18Z</time>
   </trkpt>
   <trkpt lat="45.7887350" lon="4.7156190">
    <ele>292.2</ele>
    <time>2026-08-07T09:35:19Z</time>
   </trkpt>
   <trkpt lat="45.7887590" lon="4.7156360">
    <ele>292.1</ele>
    <time>2026-08-07T09:35:20Z</time>
   </trkpt>
   <trkpt lat="45.7887820" lon="4.7156460">
    <ele>292.0</ele>
    <time>2026-08-07T09:35:21Z</time>
   </trkpt>
   <trkpt lat="45.7888090" lon="4.7156660">
    <ele>291.9</ele>
    <time>2026-08-07T09:35:22Z</time>
   </trkpt>
   <trkpt lat="45.7888350" lon="4.7156950">
    <ele>291.7</ele>
    <time>2026-08-07T09:35:23Z</time>
   </trkpt>
   <trkpt lat="45.7888630" lon="4.7157250">
    <ele>291.6</ele>
    <time>2026-08-07T09:35:24Z</time>
   </trkpt>
   <trkpt lat="45.7888900" lon="4.7157490">
    <ele>291.5</ele>
    <time>2026-08-07T09:35:25Z</time>
   </trkpt>
   <trkpt lat="45.7889200" lon="4.7157650">
    <ele>291.4</ele>
    <time>2026-08-07T09:35:26Z</time>
   </trkpt>
   <trkpt lat="45.7889450" lon="4.7157870">
    <ele>291.2</ele>
    <time>2026-08-07T09:35:27Z</time>
   </trkpt>
   <trkpt lat="45.7889780" lon="4.7158050">
    <ele>291.1</ele>
    <time>2026-08-07T09:35:28Z</time>
   </trkpt>
   <trkpt lat="45.7890000" lon="4.7158390">
    <ele>291.0</ele>
    <time>2026-08-07T09:35:29Z</time>
   </trkpt>
   <trkpt lat="45.7890270" lon="4.7158660">
    <ele>290.9</ele>
    <time>2026-08-07T09:35:30Z</time>
   </trkpt>
   <trkpt lat="45.7890580" lon="4.7158940">
    <ele>290.7</ele>
    <time>2026-08-07T09:35:31Z</time>
   </trkpt>
   <trkpt lat="45.7890830" lon="4.7159080">
    <ele>290.6</ele>
    <time>2026-08-07T09:35:32Z</time>
   </trkpt>
   <trkpt lat="45.7891150" lon="4.7159240">
    <ele>290.5</ele>
    <time>2026-08-07T09:35:33Z</time>
   </trkpt>
   <trkpt lat="45.7891410" lon="4.7159440">
    <ele>290.5</ele>
    <time>2026-08-07T09:35:34Z</time>
   </trkpt>
   <trkpt lat="45.7891660" lon="4.7159760">
    <ele>290.4</ele>
    <time>2026-08-07T09:35:35Z</time>
   </trkpt>
   <trkpt lat="45.7891830" lon="4.7160090">
    <ele>290.3</ele>
    <time>2026-08-07T09:35:36Z</time>
   </trkpt>
   <trkpt lat="45.7892150" lon="4.7160340">
    <ele>290.2</ele>
    <time>2026-08-07T09:35:37Z</time>
   </trkpt>
   <trkpt lat="45.7892400" lon="4.7160600">
    <ele>290.2</ele>
    <time>2026-08-07T09:35:38Z</time>
   </trkpt>
   <trkpt lat="45.7892620" lon="4.7160770">
    <ele>290.1</ele>
    <time>2026-08-07T09:35:39Z</time>
   </trkpt>
   <trkpt lat="45.7892930" lon="4.7160880">
    <ele>290.1</ele>
    <time>2026-08-07T09:35:40Z</time>
   </trkpt>
   <trkpt lat="45.7893090" lon="4.7161280">
    <ele>290.0</ele>
    <time>2026-08-07T09:35:41Z</time>
   </trkpt>
   <trkpt lat="45.7893170" lon="4.7161650">
    <ele>290.0</ele>
    <time>2026-08-07T09:35:42Z</time>
   </trkpt>
   <trkpt lat="45.7893270" lon="4.7161920">
    <ele>290.0</ele>
    <time>2026-08-07T09:35:43Z</time>
   </trkpt>
   <trkpt lat="45.7893420" lon="4.7162260">
    <ele>289.9</ele>
    <time>2026-08-07T09:35:44Z</time>
   </trkpt>
   <trkpt lat="45.7893360" lon="4.7162640">
    <ele>289.9</ele>
    <time>2026-08-07T09:35:45Z</time>
   </trkpt>
   <trkpt lat="45.7893510" lon="4.7162920">
    <ele>289.9</ele>
    <time>2026-08-07T09:35:46Z</time>
   </trkpt>
   <trkpt lat="45.7893500" lon="4.7163330">
    <ele>289.9</ele>
    <time>2026-08-07T09:35:47Z</time>
   </trkpt>
   <trkpt lat="45.7893690" lon="4.7163760">
    <ele>289.8</ele>
    <time>2026-08-07T09:35:48Z</time>
   </trkpt>
   <trkpt lat="45.7893960" lon="4.7164100">
    <ele>289.8</ele>
    <time>2026-08-07T09:35:49Z</time>
   </trkpt>
   <trkpt lat="45.7894150" lon="4.7164390">
    <ele>289.8</ele>
    <time>2026-08-07T09:35:50Z</time>
   </trkpt>
   <trkpt lat="45.7894290" lon="4.7164860">
    <ele>289.7</ele>
    <time>2026-08-07T09:35:51Z</time>
   </trkpt>
   <trkpt lat="45.7894470" lon="4.7165250">
    <ele>289.6</ele>
    <time>2026-08-07T09:35:52Z</time>
   </trkpt>
   <trkpt lat="45.7894590" lon="4.7165550">
    <ele>289.6</ele>
    <time>2026-08-07T09:35:53Z</time>
   </trkpt>
   <trkpt lat="45.7894790" lon="4.7165920">
    <ele>289.5</ele>
    <time>2026-08-07T09:35:54Z</time>
   </trkpt>
   <trkpt lat="45.7895090" lon="4.7166270">
    <ele>289.4</ele>
    <time>2026-08-07T09:35:55Z</time>
   </trkpt>
   <trkpt lat="45.7895230" lon="4.7166670">
    <ele>289.3</ele>
    <time>2026-08-07T09:35:56Z</time>
   </trkpt>
   <trkpt lat="45.7895300" lon="4.7167090">
    <ele>289.2</ele>
    <time>2026-08-07T09:35:57Z</time>
   </trkpt>
   <trkpt lat="45.7895360" lon="4.7167480">
    <ele>289.1</ele>
    <time>2026-08-07T09:35:58Z</time>
   </trkpt>
   <trkpt lat="45.7895470" lon="4.7167790">
    <ele>289.0</ele>
    <time>2026-08-07T09:35:59Z</time>
   </trkpt>
   <trkpt lat="45.7895540" lon="4.7168130">
    <ele>289.0</ele>
    <time>2026-08-07T09:36:00Z</time>
   </trkpt>
   <trkpt lat="45.7895720" lon="4.7168520">
    <ele>288.9</ele>
    <time>2026-08-07T09:36:01Z</time>
   </trkpt>
   <trkpt lat="45.7895780" lon="4.7168940">
    <ele>288.7</ele>
    <time>2026-08-07T09:36:02Z</time>
   </trkpt>
   <trkpt lat="45.7895920" lon="4.7169270">
    <ele>288.6</ele>
    <time>2026-08-07T09:36:03Z</time>
   </trkpt>
   <trkpt lat="45.7896080" lon="4.7169700">
    <ele>288.5</ele>
    <time>2026-08-07T09:36:04Z</time>
   </trkpt>
   <trkpt lat="45.7896260" lon="4.7170040">
    <ele>288.4</ele>
    <time>2026-08-07T09:36:05Z</time>
   </trkpt>
   <trkpt lat="45.7896430" lon="4.7170460">
    <ele>288.3</ele>
    <time>2026-08-07T09:36:06Z</time>
   </trkpt>
   <trkpt lat="45.7896550" lon="4.7170930">
    <ele>288.1</ele>
    <time>2026-08-07T09:36:07Z</time>
   </trkpt>
   <trkpt lat="45.7896680" lon="4.7171350">
    <ele>288.0</ele>
    <time>2026-08-07T09:36:08Z</time>
   </trkpt>
   <trkpt lat="45.7896840" lon="4.7171810">
    <ele>287.9</ele>
    <time>2026-08-07T09:36:09Z</time>
   </trkpt>
   <trkpt lat="45.7896900" lon="4.7172210">
    <ele>287.8</ele>
    <time>2026-08-07T09:36:10Z</time>
   </trkpt>
   <trkpt lat="45.7897100" lon="4.7172560">
    <ele>287.7</ele>
    <time>2026-08-07T09:36:11Z</time>
   </trkpt>
   <trkpt lat="45.7897200" lon="4.7172880">
    <ele>287.6</ele>
    <time>2026-08-07T09:36:12Z</time>
   </trkpt>
   <trkpt lat="45.7897180" lon="4.7173160">
    <ele>287.5</ele>
    <time>2026-08-07T09:36:13Z</time>
   </trkpt>
   <trkpt lat="45.7897340" lon="4.7173510">
    <ele>287.4</ele>
    <time>2026-08-07T09:36:14Z</time>
   </trkpt>
   <trkpt lat="45.7897680" lon="4.7174030">
    <ele>287.2</ele>
    <time>2026-08-07T09:36:15Z</time>
   </trkpt>
   <trkpt lat="45.7897720" lon="4.7174490">
    <ele>287.0</ele>
    <time>2026-08-07T09:36:16Z</time>
   </trkpt>
   <trkpt lat="45.7897710" lon="4.7175080">
    <ele>286.9</ele>
    <time>2026-08-07T09:36:17Z</time>
   </trkpt>
   <trkpt lat="45.7897700" lon="4.7175620">
    <ele>286.7</ele>
    <time>2026-08-07T09:36:18Z</time>
   </trkpt>
   <trkpt lat="45.7897560" lon="4.7176160">
    <ele>286.5</ele>
    <time>2026-08-07T09:36:19Z</time>
   </trkpt>
   <trkpt lat="45.7897740" lon="4.7176650">
    <ele>286.4</ele>
    <time>2026-08-07T09:36:20Z</time>
   </trkpt>
   <trkpt lat="45.7897760" lon="4.7177150">
    <ele>286.3</ele>
    <time>2026-08-07T09:36:21Z</time>
   </trkpt>
   <trkpt lat="45.7897740" lon="4.7177600">
    <ele>286.2</ele>
    <time>2026-08-07T09:36:22Z</time>
   </trkpt>
   <trkpt lat="45.7897660" lon="4.7178010">
    <ele>286.1</ele>
    <time>2026-08-07T09:36:23Z</time>
   </trkpt>
   <trkpt lat="45.7897660" lon="4.7178380">
    <ele>286.0</ele>
    <time>2026-08-07T09:36:24Z</time>
   </trkpt>
   <trkpt lat="45.7897670" lon="4.7178780">
    <ele>285.9</ele>
    <time>2026-08-07T09:36:25Z</time>
   </trkpt>
   <trkpt lat="45.7897630" lon="4.7179160">
    <ele>285.8</ele>
    <time>2026-08-07T09:36:27Z</time>
   </trkpt>
   <trkpt lat="45.7897610" lon="4.7179460">
    <ele>285.7</ele>
    <time>2026-08-07T09:36:28Z</time>
   </trkpt>
   <trkpt lat="45.7897450" lon="4.7179830">
    <ele>285.7</ele>
    <time>2026-08-07T09:36:29Z</time>
   </trkpt>
   <trkpt lat="45.7897400" lon="4.7180260">
    <ele>285.6</ele>
    <time>2026-08-07T09:36:30Z</time>
   </trkpt>
   <trkpt lat="45.7897310" lon="4.7180750">
    <ele>285.5</ele>
    <time>2026-08-07T09:36:31Z</time>
   </trkpt>
   <trkpt lat="45.7897190" lon="4.7181180">
    <ele>285.4</ele>
    <time>2026-08-07T09:36:32Z</time>
   </trkpt>
   <trkpt lat="45.7897120" lon="4.7181620">
    <ele>285.3</ele>
    <time>2026-08-07T09:36:33Z</time>
   </trkpt>
   <trkpt lat="45.7896960" lon="4.7181890">
    <ele>285.2</ele>
    <time>2026-08-07T09:36:34Z</time>
   </trkpt>
   <trkpt lat="45.7896890" lon="4.7182210">
    <ele>285.1</ele>
    <time>2026-08-07T09:36:35Z</time>
   </trkpt>
   <trkpt lat="45.7896880" lon="4.7182530">
    <ele>285.1</ele>
    <time>2026-08-07T09:36:36Z</time>
   </trkpt>
   <trkpt lat="45.7896890" lon="4.7183030">
    <ele>284.9</ele>
    <time>2026-08-07T09:36:37Z</time>
   </trkpt>
   <trkpt lat="45.7896730" lon="4.7183450">
    <ele>284.8</ele>
    <time>2026-08-07T09:36:38Z</time>
   </trkpt>
   <trkpt lat="45.7896590" lon="4.7183820">
    <ele>284.8</ele>
    <time>2026-08-07T09:36:39Z</time>
   </trkpt>
   <trkpt lat="45.7896450" lon="4.7184180">
    <ele>284.7</ele>
    <time>2026-08-07T09:36:40Z</time>
   </trkpt>
   <trkpt lat="45.7896290" lon="4.7184590">
    <ele>284.6</ele>
    <time>2026-08-07T09:36:41Z</time>
   </trkpt>
   <trkpt lat="45.7896150" lon="4.7184980">
    <ele>284.4</ele>
    <time>2026-08-07T09:36:42Z</time>
   </trkpt>
   <trkpt lat="45.7895990" lon="4.7185290">
    <ele>284.4</ele>
    <time>2026-08-07T09:36:43Z</time>
   </trkpt>
   <trkpt lat="45.7895870" lon="4.7185670">
    <ele>284.3</ele>
    <time>2026-08-07T09:36:44Z</time>
   </trkpt>
   <trkpt lat="45.7895680" lon="4.7186120">
    <ele>284.1</ele>
    <time>2026-08-07T09:36:45Z</time>
   </trkpt>
   <trkpt lat="45.7895470" lon="4.7186460">
    <ele>284.0</ele>
    <time>2026-08-07T09:36:46Z</time>
   </trkpt>
   <trkpt lat="45.7895240" lon="4.7186780">
    <ele>283.9</ele>
    <time>2026-08-07T09:36:47Z</time>
   </trkpt>
   <trkpt lat="45.7895020" lon="4.7187090">
    <ele>283.8</ele>
    <time>2026-08-07T09:36:48Z</time>
   </trkpt>
   <trkpt lat="45.7894800" lon="4.7187420">
    <ele>283.7</ele>
    <time>2026-08-07T09:36:49Z</time>
   </trkpt>
   <trkpt lat="45.7894620" lon="4.7187770">
    <ele>283.6</ele>
    <time>2026-08-07T09:36:50Z</time>
   </trkpt>
   <trkpt lat="45.7894420" lon="4.7188010">
    <ele>283.6</ele>
    <time>2026-08-07T09:36:51Z</time>
   </trkpt>
   <trkpt lat="45.7894190" lon="4.7188300">
    <ele>283.5</ele>
    <time>2026-08-07T09:36:52Z</time>
   </trkpt>
   <trkpt lat="45.7893910" lon="4.7188610">
    <ele>283.3</ele>
    <time>2026-08-07T09:36:53Z</time>
   </trkpt>
   <trkpt lat="45.7893650" lon="4.7188820">
    <ele>283.2</ele>
    <time>2026-08-07T09:36:54Z</time>
   </trkpt>
   <trkpt lat="45.7893500" lon="4.7189050">
    <ele>283.1</ele>
    <time>2026-08-07T09:36:55Z</time>
   </trkpt>
   <trkpt lat="45.7893290" lon="4.7189290">
    <ele>283.0</ele>
    <time>2026-08-07T09:36:56Z</time>
   </trkpt>
   <trkpt lat="45.7893040" lon="4.7189470">
    <ele>282.9</ele>
    <time>2026-08-07T09:36:57Z</time>
   </trkpt>
   <trkpt lat="45.7892770" lon="4.7189600">
    <ele>282.8</ele>
    <time>2026-08-07T09:36:58Z</time>
   </trkpt>
   <trkpt lat="45.7892510" lon="4.7189700">
    <ele>282.7</ele>
    <time>2026-08-07T09:36:59Z</time>
   </trkpt>
   <trkpt lat="45.7892200" lon="4.7189910">
    <ele>282.6</ele>
    <time>2026-08-07T09:37:00Z</time>
   </trkpt>
   <trkpt lat="45.7891940" lon="4.7190350">
    <ele>282.5</ele>
    <time>2026-08-07T09:37:01Z</time>
   </trkpt>
   <trkpt lat="45.7891720" lon="4.7190530">
    <ele>282.4</ele>
    <time>2026-08-07T09:37:02Z</time>
   </trkpt>
   <trkpt lat="45.7891490" lon="4.7190800">
    <ele>282.3</ele>
    <time>2026-08-07T09:37:03Z</time>
   </trkpt>
   <trkpt lat="45.7891260" lon="4.7191020">
    <ele>282.2</ele>
    <time>2026-08-07T09:37:04Z</time>
   </trkpt>
   <trkpt lat="45.7891060" lon="4.7191150">
    <ele>282.1</ele>
    <time>2026-08-07T09:37:05Z</time>
   </trkpt>
   <trkpt lat="45.7890870" lon="4.7191370">
    <ele>282.0</ele>
    <time>2026-08-07T09:37:06Z</time>
   </trkpt>
   <trkpt lat="45.7890280" lon="4.7191850">
    <ele>281.8</ele>
    <time>2026-08-07T09:37:07Z</time>
   </trkpt>
   <trkpt lat="45.7890020" lon="4.7192130">
    <ele>281.7</ele>
    <time>2026-08-07T09:37:08Z</time>
   </trkpt>
   <trkpt lat="45.7889770" lon="4.7192390">
    <ele>281.6</ele>
    <time>2026-08-07T09:37:09Z</time>
   </trkpt>
   <trkpt lat="45.7889580" lon="4.7192700">
    <ele>281.5</ele>
    <time>2026-08-07T09:37:10Z</time>
   </trkpt>
   <trkpt lat="45.7889190" lon="4.7192870">
    <ele>281.4</ele>
    <time>2026-08-07T09:37:11Z</time>
   </trkpt>
   <trkpt lat="45.7888890" lon="4.7193110">
    <ele>281.3</ele>
    <time>2026-08-07T09:37:12Z</time>
   </trkpt>
   <trkpt lat="45.7888570" lon="4.7193340">
    <ele>281.3</ele>
    <time>2026-08-07T09:37:13Z</time>
   </trkpt>
   <trkpt lat="45.7888270" lon="4.7193460">
    <ele>281.2</ele>
    <time>2026-08-07T09:37:14Z</time>
   </trkpt>
   <trkpt lat="45.7888020" lon="4.7193510">
    <ele>281.1</ele>
    <time>2026-08-07T09:37:15Z</time>
   </trkpt>
   <trkpt lat="45.7887810" lon="4.7193570">
    <ele>281.1</ele>
    <time>2026-08-07T09:37:16Z</time>
   </trkpt>
   <trkpt lat="45.7887520" lon="4.7193650">
    <ele>281.0</ele>
    <time>2026-08-07T09:37:17Z</time>
   </trkpt>
   <trkpt lat="45.7887250" lon="4.7193580">
    <ele>281.0</ele>
    <time>2026-08-07T09:37:18Z</time>
   </trkpt>
   <trkpt lat="45.7886900" lon="4.7193460">
    <ele>280.9</ele>
    <time>2026-08-07T09:37:19Z</time>
   </trkpt>
   <trkpt lat="45.7886640" lon="4.7193330">
    <ele>280.9</ele>
    <time>2026-08-07T09:37:20Z</time>
   </trkpt>
   <trkpt lat="45.7886240" lon="4.7193390">
    <ele>280.9</ele>
    <time>2026-08-07T09:37:21Z</time>
   </trkpt>
   <trkpt lat="45.7885970" lon="4.7193160">
    <ele>280.9</ele>
    <time>2026-08-07T09:37:22Z</time>
   </trkpt>
   <trkpt lat="45.7885720" lon="4.7192920">
    <ele>280.9</ele>
    <time>2026-08-07T09:37:23Z</time>
   </trkpt>
   <trkpt lat="45.7885470" lon="4.7192630">
    <ele>280.9</ele>
    <time>2026-08-07T09:37:24Z</time>
   </trkpt>
   <trkpt lat="45.7885290" lon="4.7192240">
    <ele>280.9</ele>
    <time>2026-08-07T09:37:25Z</time>
   </trkpt>
   <trkpt lat="45.7885150" lon="4.7191770">
    <ele>280.8</ele>
    <time>2026-08-07T09:37:26Z</time>
   </trkpt>
   <trkpt lat="45.7885060" lon="4.7191240">
    <ele>280.8</ele>
    <time>2026-08-07T09:37:27Z</time>
   </trkpt>
   <trkpt lat="45.7884750" lon="4.7191040">
    <ele>280.7</ele>
    <time>2026-08-07T09:37:28Z</time>
   </trkpt>
   <trkpt lat="45.7884510" lon="4.7190730">
    <ele>280.6</ele>
    <time>2026-08-07T09:37:29Z</time>
   </trkpt>
   <trkpt lat="45.7884440" lon="4.7190270">
    <ele>280.6</ele>
    <time>2026-08-07T09:37:30Z</time>
   </trkpt>
   <trkpt lat="45.7884340" lon="4.7189830">
    <ele>280.5</ele>
    <time>2026-08-07T09:37:31Z</time>
   </trkpt>
   <trkpt lat="45.7884210" lon="4.7189360">
    <ele>280.4</ele>
    <time>2026-08-07T09:37:32Z</time>
   </trkpt>
   <trkpt lat="45.7884140" lon="4.7188940">
    <ele>280.4</ele>
    <time>2026-08-07T09:37:33Z</time>
   </trkpt>
   <trkpt lat="45.7884020" lon="4.7188400">
    <ele>280.3</ele>
    <time>2026-08-07T09:37:34Z</time>
   </trkpt>
   <trkpt lat="45.7883910" lon="4.7187860">
    <ele>280.3</ele>
    <time>2026-08-07T09:37:35Z</time>
   </trkpt>
   <trkpt lat="45.7883830" lon="4.7187410">
    <ele>280.4</ele>
    <time>2026-08-07T09:37:36Z</time>
   </trkpt>
   <trkpt lat="45.7883680" lon="4.7187050">
    <ele>280.4</ele>
    <time>2026-08-07T09:37:37Z</time>
   </trkpt>
   <trkpt lat="45.7883530" lon="4.7186740">
    <ele>280.5</ele>
    <time>2026-08-07T09:37:38Z</time>
   </trkpt>
   <trkpt lat="45.7883360" lon="4.7186340">
    <ele>280.6</ele>
    <time>2026-08-07T09:37:39Z</time>
   </trkpt>
   <trkpt lat="45.7883290" lon="4.7185850">
    <ele>280.7</ele>
    <time>2026-08-07T09:37:40Z</time>
   </trkpt>
   <trkpt lat="45.7883150" lon="4.7185480">
    <ele>280.8</ele>
    <time>2026-08-07T09:37:41Z</time>
   </trkpt>
   <trkpt lat="45.7882990" lon="4.7185220">
    <ele>281.0</ele>
    <time>2026-08-07T09:37:42Z</time>
   </trkpt>
   <trkpt lat="45.7882880" lon="4.7184800">
    <ele>281.1</ele>
    <time>2026-08-07T09:37:43Z</time>
   </trkpt>
   <trkpt lat="45.7882720" lon="4.7184380">
    <ele>281.3</ele>
    <time>2026-08-07T09:37:44Z</time>
   </trkpt>
   <trkpt lat="45.7882570" lon="4.7184110">
    <ele>281.4</ele>
    <time>2026-08-07T09:37:45Z</time>
   </trkpt>
   <trkpt lat="45.7882520" lon="4.7183720">
    <ele>281.6</ele>
    <time>2026-08-07T09:37:46Z</time>
   </trkpt>
   <trkpt lat="45.7882280" lon="4.7183460">
    <ele>281.8</ele>
    <time>2026-08-07T09:37:47Z</time>
   </trkpt>
   <trkpt lat="45.7882120" lon="4.7183100">
    <ele>281.9</ele>
    <time>2026-08-07T09:37:48Z</time>
   </trkpt>
   <trkpt lat="45.7881990" lon="4.7182750">
    <ele>282.1</ele>
    <time>2026-08-07T09:37:49Z</time>
   </trkpt>
   <trkpt lat="45.7881740" lon="4.7182450">
    <ele>282.4</ele>
    <time>2026-08-07T09:37:50Z</time>
   </trkpt>
   <trkpt lat="45.7881540" lon="4.7182070">
    <ele>282.7</ele>
    <time>2026-08-07T09:37:51Z</time>
   </trkpt>
   <trkpt lat="45.7881370" lon="4.7181720">
    <ele>282.9</ele>
    <time>2026-08-07T09:37:52Z</time>
   </trkpt>
   <trkpt lat="45.7881130" lon="4.7181430">
    <ele>283.2</ele>
    <time>2026-08-07T09:37:53Z</time>
   </trkpt>
   <trkpt lat="45.7880950" lon="4.7181210">
    <ele>283.4</ele>
    <time>2026-08-07T09:37:54Z</time>
   </trkpt>
   <trkpt lat="45.7880740" lon="4.7180960">
    <ele>283.6</ele>
    <time>2026-08-07T09:37:55Z</time>
   </trkpt>
   <trkpt lat="45.7880490" lon="4.7180700">
    <ele>283.8</ele>
    <time>2026-08-07T09:37:56Z</time>
   </trkpt>
   <trkpt lat="45.7880230" lon="4.7180140">
    <ele>284.2</ele>
    <time>2026-08-07T09:37:57Z</time>
   </trkpt>
   <trkpt lat="45.7879920" lon="4.7179660">
    <ele>284.6</ele>
    <time>2026-08-07T09:37:58Z</time>
   </trkpt>
   <trkpt lat="45.7879680" lon="4.7179440">
    <ele>284.8</ele>
    <time>2026-08-07T09:37:59Z</time>
   </trkpt>
   <trkpt lat="45.7879470" lon="4.7179240">
    <ele>284.9</ele>
    <time>2026-08-07T09:38:00Z</time>
   </trkpt>
   <trkpt lat="45.7879230" lon="4.7179090">
    <ele>285.1</ele>
    <time>2026-08-07T09:38:01Z</time>
   </trkpt>
   <trkpt lat="45.7879020" lon="4.7178820">
    <ele>285.3</ele>
    <time>2026-08-07T09:38:02Z</time>
   </trkpt>
   <trkpt lat="45.7878850" lon="4.7178510">
    <ele>285.5</ele>
    <time>2026-08-07T09:38:03Z</time>
   </trkpt>
   <trkpt lat="45.7878650" lon="4.7178350">
    <ele>285.6</ele>
    <time>2026-08-07T09:38:04Z</time>
   </trkpt>
   <trkpt lat="45.7878380" lon="4.7178190">
    <ele>285.7</ele>
    <time>2026-08-07T09:38:05Z</time>
   </trkpt>
   <trkpt lat="45.7878120" lon="4.7177990">
    <ele>285.9</ele>
    <time>2026-08-07T09:38:06Z</time>
   </trkpt>
   <trkpt lat="45.7877870" lon="4.7177830">
    <ele>286.0</ele>
    <time>2026-08-07T09:38:07Z</time>
   </trkpt>
   <trkpt lat="45.7877690" lon="4.7177600">
    <ele>286.1</ele>
    <time>2026-08-07T09:38:08Z</time>
   </trkpt>
   <trkpt lat="45.7877540" lon="4.7177280">
    <ele>286.2</ele>
    <time>2026-08-07T09:38:09Z</time>
   </trkpt>
   <trkpt lat="45.7877370" lon="4.7176950">
    <ele>286.2</ele>
    <time>2026-08-07T09:38:10Z</time>
   </trkpt>
   <trkpt lat="45.7877200" lon="4.7176590">
    <ele>286.3</ele>
    <time>2026-08-07T09:38:11Z</time>
   </trkpt>
   <trkpt lat="45.7876940" lon="4.7176350">
    <ele>286.4</ele>
    <time>2026-08-07T09:38:12Z</time>
   </trkpt>
   <trkpt lat="45.7876790" lon="4.7175900">
    <ele>286.4</ele>
    <time>2026-08-07T09:38:13Z</time>
   </trkpt>
   <trkpt lat="45.7876660" lon="4.7175380">
    <ele>286.5</ele>
    <time>2026-08-07T09:38:14Z</time>
   </trkpt>
   <trkpt lat="45.7876410" lon="4.7175210">
    <ele>286.5</ele>
    <time>2026-08-07T09:38:15Z</time>
   </trkpt>
   <trkpt lat="45.7876200" lon="4.7175080">
    <ele>286.5</ele>
    <time>2026-08-07T09:38:16Z</time>
   </trkpt>
   <trkpt lat="45.7876060" lon="4.7174830">
    <ele>286.5</ele>
    <time>2026-08-07T09:38:17Z</time>
   </trkpt>
   <trkpt lat="45.7875770" lon="4.7174630">
    <ele>286.5</ele>
    <time>2026-08-07T09:38:18Z</time>
   </trkpt>
   <trkpt lat="45.7875570" lon="4.7174280">
    <ele>286.6</ele>
    <time>2026-08-07T09:38:19Z</time>
   </trkpt>
   <trkpt lat="45.7875360" lon="4.7174040">
    <ele>286.6</ele>
    <time>2026-08-07T09:38:20Z</time>
   </trkpt>
   <trkpt lat="45.7875160" lon="4.7173730">
    <ele>286.6</ele>
    <time>2026-08-07T09:38:21Z</time>
   </trkpt>
   <trkpt lat="45.7874970" lon="4.7173380">
    <ele>286.6</ele>
    <time>2026-08-07T09:38:22Z</time>
   </trkpt>
   <trkpt lat="45.7874660" lon="4.7173140">
    <ele>286.7</ele>
    <time>2026-08-07T09:38:23Z</time>
   </trkpt>
   <trkpt lat="45.7874440" lon="4.7172830">
    <ele>286.7</ele>
    <time>2026-08-07T09:38:24Z</time>
   </trkpt>
   <trkpt lat="45.7874200" lon="4.7172510">
    <ele>286.7</ele>
    <time>2026-08-07T09:38:25Z</time>
   </trkpt>
   <trkpt lat="45.7873920" lon="4.7172240">
    <ele>286.8</ele>
    <time>2026-08-07T09:38:26Z</time>
   </trkpt>
   <trkpt lat="45.7873660" lon="4.7172020">
    <ele>286.9</ele>
    <time>2026-08-07T09:38:27Z</time>
   </trkpt>
   <trkpt lat="45.7873410" lon="4.7171840">
    <ele>287.0</ele>
    <time>2026-08-07T09:38:28Z</time>
   </trkpt>
   <trkpt lat="45.7873080" lon="4.7171720">
    <ele>287.1</ele>
    <time>2026-08-07T09:38:29Z</time>
   </trkpt>
   <trkpt lat="45.7872810" lon="4.7171530">
    <ele>287.2</ele>
    <time>2026-08-07T09:38:30Z</time>
   </trkpt>
   <trkpt lat="45.7872670" lon="4.7171330">
    <ele>287.2</ele>
    <time>2026-08-07T09:38:31Z</time>
   </trkpt>
   <trkpt lat="45.7872430" lon="4.7171100">
    <ele>287.3</ele>
    <time>2026-08-07T09:38:33Z</time>
   </trkpt>
   <trkpt lat="45.7872140" lon="4.7170750">
    <ele>287.4</ele>
    <time>2026-08-07T09:38:34Z</time>
   </trkpt>
   <trkpt lat="45.7871950" lon="4.7170570">
    <ele>287.5</ele>
    <time>2026-08-07T09:38:35Z</time>
   </trkpt>
   <trkpt lat="45.7871700" lon="4.7170340">
    <ele>287.5</ele>
    <time>2026-08-07T09:38:36Z</time>
   </trkpt>
   <trkpt lat="45.7871420" lon="4.7170230">
    <ele>287.6</ele>
    <time>2026-08-07T09:38:37Z</time>
   </trkpt>
   <trkpt lat="45.7871150" lon="4.7170030">
    <ele>287.7</ele>
    <time>2026-08-07T09:38:38Z</time>
   </trkpt>
   <trkpt lat="45.7870940" lon="4.7169800">
    <ele>287.7</ele>
    <time>2026-08-07T09:38:39Z</time>
   </trkpt>
   <trkpt lat="45.7870670" lon="4.7169620">
    <ele>287.8</ele>
    <time>2026-08-07T09:38:40Z</time>
   </trkpt>
   <trkpt lat="45.7870400" lon="4.7169360">
    <ele>287.9</ele>
    <time>2026-08-07T09:38:41Z</time>
   </trkpt>
   <trkpt lat="45.7870130" lon="4.7169200">
    <ele>288.0</ele>
    <time>2026-08-07T09:38:42Z</time>
   </trkpt>
   <trkpt lat="45.7869820" lon="4.7169220">
    <ele>288.0</ele>
    <time>2026-08-07T09:38:43Z</time>
   </trkpt>
   <trkpt lat="45.7869470" lon="4.7169150">
    <ele>288.1</ele>
    <time>2026-08-07T09:38:44Z</time>
   </trkpt>
   <trkpt lat="45.7869180" lon="4.7169140">
    <ele>288.2</ele>
    <time>2026-08-07T09:38:45Z</time>
   </trkpt>
   <trkpt lat="45.7868980" lon="4.7169070">
    <ele>288.3</ele>
    <time>2026-08-07T09:38:46Z</time>
   </trkpt>
   <trkpt lat="45.7868610" lon="4.7169160">
    <ele>288.4</ele>
    <time>2026-08-07T09:38:47Z</time>
   </trkpt>
   <trkpt lat="45.7868290" lon="4.7169260">
    <ele>288.4</ele>
    <time>2026-08-07T09:38:48Z</time>
   </trkpt>
   <trkpt lat="45.7868080" lon="4.7169340">
    <ele>288.5</ele>
    <time>2026-08-07T09:38:49Z</time>
   </trkpt>
   <trkpt lat="45.7867800" lon="4.7169410">
    <ele>288.6</ele>
    <time>2026-08-07T09:38:50Z</time>
   </trkpt>
   <trkpt lat="45.7867540" lon="4.7169520">
    <ele>288.6</ele>
    <time>2026-08-07T09:38:51Z</time>
   </trkpt>
   <trkpt lat="45.7867260" lon="4.7169620">
    <ele>288.7</ele>
    <time>2026-08-07T09:38:52Z</time>
   </trkpt>
   <trkpt lat="45.7867000" lon="4.7169710">
    <ele>288.8</ele>
    <time>2026-08-07T09:38:53Z</time>
   </trkpt>
   <trkpt lat="45.7866690" lon="4.7169850">
    <ele>288.8</ele>
    <time>2026-08-07T09:38:54Z</time>
   </trkpt>
   <trkpt lat="45.7866380" lon="4.7169940">
    <ele>288.9</ele>
    <time>2026-08-07T09:38:55Z</time>
   </trkpt>
   <trkpt lat="45.7866190" lon="4.7169960">
    <ele>288.9</ele>
    <time>2026-08-07T09:38:56Z</time>
   </trkpt>
   <trkpt lat="45.7865880" lon="4.7170090">
    <ele>288.9</ele>
    <time>2026-08-07T09:38:57Z</time>
   </trkpt>
   <trkpt lat="45.7865560" lon="4.7170280">
    <ele>289.0</ele>
    <time>2026-08-07T09:38:58Z</time>
   </trkpt>
   <trkpt lat="45.7865220" lon="4.7170410">
    <ele>289.0</ele>
    <time>2026-08-07T09:38:59Z</time>
   </trkpt>
   <trkpt lat="45.7864870" lon="4.7170520">
    <ele>289.0</ele>
    <time>2026-08-07T09:39:00Z</time>
   </trkpt>
   <trkpt lat="45.7864600" lon="4.7170710">
    <ele>289.0</ele>
    <time>2026-08-07T09:39:01Z</time>
   </trkpt>
   <trkpt lat="45.7864360" lon="4.7170770">
    <ele>289.1</ele>
    <time>2026-08-07T09:39:02Z</time>
   </trkpt>
   <trkpt lat="45.7864120" lon="4.7170810">
    <ele>289.1</ele>
    <time>2026-08-07T09:39:03Z</time>
   </trkpt>
   <trkpt lat="45.7863760" lon="4.7170890">
    <ele>289.2</ele>
    <time>2026-08-07T09:39:04Z</time>
   </trkpt>
   <trkpt lat="45.7863460" lon="4.7171070">
    <ele>289.2</ele>
    <time>2026-08-07T09:39:05Z</time>
   </trkpt>
   <trkpt lat="45.7863220" lon="4.7171190">
    <ele>289.3</ele>
    <time>2026-08-07T09:39:06Z</time>
   </trkpt>
   <trkpt lat="45.7862990" lon="4.7171480">
    <ele>289.4</ele>
    <time>2026-08-07T09:39:07Z</time>
   </trkpt>
   <trkpt lat="45.7862740" lon="4.7171680">
    <ele>289.5</ele>
    <time>2026-08-07T09:39:08Z</time>
   </trkpt>
   <trkpt lat="45.7862490" lon="4.7171770">
    <ele>289.5</ele>
    <time>2026-08-07T09:39:09Z</time>
   </trkpt>
   <trkpt lat="45.7862310" lon="4.7171960">
    <ele>289.6</ele>
    <time>2026-08-07T09:39:10Z</time>
   </trkpt>
   <trkpt lat="45.7861950" lon="4.7172070">
    <ele>289.8</ele>
    <time>2026-08-07T09:39:11Z</time>
   </trkpt>
   <trkpt lat="45.7861550" lon="4.7172360">
    <ele>290.0</ele>
    <time>2026-08-07T09:39:12Z</time>
   </trkpt>
   <trkpt lat="45.7861270" lon="4.7172360">
    <ele>290.2</ele>
    <time>2026-08-07T09:39:13Z</time>
   </trkpt>
   <trkpt lat="45.7861050" lon="4.7172300">
    <ele>290.3</ele>
    <time>2026-08-07T09:39:14Z</time>
   </trkpt>
   <trkpt lat="45.7860800" lon="4.7172590">
    <ele>290.5</ele>
    <time>2026-08-07T09:39:15Z</time>
   </trkpt>
   <trkpt lat="45.7860530" lon="4.7172690">
    <ele>290.7</ele>
    <time>2026-08-07T09:39:16Z</time>
   </trkpt>
   <trkpt lat="45.7860230" lon="4.7172750">
    <ele>290.8</ele>
    <time>2026-08-07T09:39:17Z</time>
   </trkpt>
   <trkpt lat="45.7859950" lon="4.7172860">
    <ele>290.9</ele>
    <time>2026-08-07T09:39:18Z</time>
   </trkpt>
   <trkpt lat="45.7859670" lon="4.7172980">
    <ele>291.0</ele>
    <time>2026-08-07T09:39:19Z</time>
   </trkpt>
   <trkpt lat="45.7859430" lon="4.7173040">
    <ele>291.1</ele>
    <time>2026-08-07T09:39:20Z</time>
   </trkpt>
   <trkpt lat="45.7859170" lon="4.7173240">
    <ele>291.2</ele>
    <time>2026-08-07T09:39:21Z</time>
   </trkpt>
   <trkpt lat="45.7858920" lon="4.7173400">
    <ele>291.3</ele>
    <time>2026-08-07T09:39:22Z</time>
   </trkpt>
   <trkpt lat="45.7858660" lon="4.7173550">
    <ele>291.4</ele>
    <time>2026-08-07T09:39:23Z</time>
   </trkpt>
   <trkpt lat="45.7858330" lon="4.7173730">
    <ele>291.5</ele>
    <time>2026-08-07T09:39:24Z</time>
   </trkpt>
   <trkpt lat="45.7858080" lon="4.7173970">
    <ele>291.6</ele>
    <time>2026-08-07T09:39:25Z</time>
   </trkpt>
   <trkpt lat="45.7857860" lon="4.7174040">
    <ele>291.6</ele>
    <time>2026-08-07T09:39:26Z</time>
   </trkpt>
   <trkpt lat="45.7857690" lon="4.7174380">
    <ele>291.7</ele>
    <time>2026-08-07T09:39:27Z</time>
   </trkpt>
   <trkpt lat="45.7857470" lon="4.7174650">
    <ele>291.7</ele>
    <time>2026-08-07T09:39:28Z</time>
   </trkpt>
   <trkpt lat="45.7857260" lon="4.7174830">
    <ele>291.8</ele>
    <time>2026-08-07T09:39:29Z</time>
   </trkpt>
   <trkpt lat="45.7857000" lon="4.7175030">
    <ele>291.8</ele>
    <time>2026-08-07T09:39:30Z</time>
   </trkpt>
   <trkpt lat="45.7856760" lon="4.7175240">
    <ele>291.9</ele>
    <time>2026-08-07T09:39:31Z</time>
   </trkpt>
   <trkpt lat="45.7856550" lon="4.7175400">
    <ele>291.9</ele>
    <time>2026-08-07T09:39:32Z</time>
   </trkpt>
   <trkpt lat="45.7856390" lon="4.7175700">
    <ele>291.9</ele>
    <time>2026-08-07T09:39:33Z</time>
   </trkpt>
   <trkpt lat="45.7856170" lon="4.7175980">
    <ele>292.0</ele>
    <time>2026-08-07T09:39:34Z</time>
   </trkpt>
   <trkpt lat="45.7855930" lon="4.7176160">
    <ele>292.0</ele>
    <time>2026-08-07T09:39:35Z</time>
   </trkpt>
   <trkpt lat="45.7855730" lon="4.7176510">
    <ele>292.0</ele>
    <time>2026-08-07T09:39:36Z</time>
   </trkpt>
   <trkpt lat="45.7855500" lon="4.7176870">
    <ele>292.0</ele>
    <time>2026-08-07T09:39:37Z</time>
   </trkpt>
   <trkpt lat="45.7855310" lon="4.7177140">
    <ele>292.0</ele>
    <time>2026-08-07T09:39:38Z</time>
   </trkpt>
   <trkpt lat="45.7855150" lon="4.7177450">
    <ele>292.0</ele>
    <time>2026-08-07T09:39:39Z</time>
   </trkpt>
   <trkpt lat="45.7854830" lon="4.7177500">
    <ele>292.0</ele>
    <time>2026-08-07T09:39:40Z</time>
   </trkpt>
   <trkpt lat="45.7854700" lon="4.7177530">
    <ele>292.0</ele>
    <time>2026-08-07T09:39:41Z</time>
   </trkpt>
   <trkpt lat="45.7854520" lon="4.7177870">
    <ele>292.0</ele>
    <time>2026-08-07T09:39:42Z</time>
   </trkpt>
   <trkpt lat="45.7854340" lon="4.7178170">
    <ele>292.0</ele>
    <time>2026-08-07T09:39:43Z</time>
   </trkpt>
   <trkpt lat="45.7854130" lon="4.7178410">
    <ele>292.0</ele>
    <time>2026-08-07T09:39:44Z</time>
   </trkpt>
   <trkpt lat="45.7853910" lon="4.7178710">
    <ele>292.1</ele>
    <time>2026-08-07T09:39:45Z</time>
   </trkpt>
   <trkpt lat="45.7853570" lon="4.7178880">
    <ele>292.2</ele>
    <time>2026-08-07T09:39:46Z</time>
   </trkpt>
   <trkpt lat="45.7853170" lon="4.7178820">
    <ele>292.3</ele>
    <time>2026-08-07T09:39:47Z</time>
   </trkpt>
   <trkpt lat="45.7852830" lon="4.7178620">
    <ele>292.5</ele>
    <time>2026-08-07T09:39:48Z</time>
   </trkpt>
   <trkpt lat="45.7852590" lon="4.7178360">
    <ele>292.6</ele>
    <time>2026-08-07T09:39:49Z</time>
   </trkpt>
   <trkpt lat="45.7852370" lon="4.7178350">
    <ele>292.7</ele>
    <time>2026-08-07T09:39:50Z</time>
   </trkpt>
   <trkpt lat="45.7852080" lon="4.7178500">
    <ele>292.9</ele>
    <time>2026-08-07T09:39:51Z</time>
   </trkpt>
   <trkpt lat="45.7851880" lon="4.7178410">
    <ele>293.0</ele>
    <time>2026-08-07T09:39:52Z</time>
   </trkpt>
   <trkpt lat="45.7851660" lon="4.7178350">
    <ele>293.1</ele>
    <time>2026-08-07T09:39:53Z</time>
   </trkpt>
   <trkpt lat="45.7851440" lon="4.7178360">
    <ele>293.2</ele>
    <time>2026-08-07T09:39:54Z</time>
   </trkpt>
   <trkpt lat="45.7851220" lon="4.7178380">
    <ele>293.3</ele>
    <time>2026-08-07T09:39:55Z</time>
   </trkpt>
   <trkpt lat="45.7850990" lon="4.7178440">
    <ele>293.4</ele>
    <time>2026-08-07T09:39:56Z</time>
   </trkpt>
   <trkpt lat="45.7850690" lon="4.7178440">
    <ele>293.5</ele>
    <time>2026-08-07T09:39:57Z</time>
   </trkpt>
   <trkpt lat="45.7850440" lon="4.7178370">
    <ele>293.6</ele>
    <time>2026-08-07T09:39:58Z</time>
   </trkpt>
   <trkpt lat="45.7850140" lon="4.7178410">
    <ele>293.8</ele>
    <time>2026-08-07T09:39:59Z</time>
   </trkpt>
   <trkpt lat="45.7849890" lon="4.7178490">
    <ele>293.9</ele>
    <time>2026-08-07T09:40:00Z</time>
   </trkpt>
   <trkpt lat="45.7849700" lon="4.7178650">
    <ele>293.9</ele>
    <time>2026-08-07T09:40:01Z</time>
   </trkpt>
   <trkpt lat="45.7849610" lon="4.7179190">
    <ele>294.0</ele>
    <time>2026-08-07T09:40:02Z</time>
   </trkpt>
   <trkpt lat="45.7849570" lon="4.7179560">
    <ele>293.9</ele>
    <time>2026-08-07T09:40:03Z</time>
   </trkpt>
   <trkpt lat="45.7849490" lon="4.7180020">
    <ele>293.7</ele>
    <time>2026-08-07T09:40:04Z</time>
   </trkpt>
   <trkpt lat="45.7849270" lon="4.7180430">
    <ele>293.6</ele>
    <time>2026-08-07T09:40:05Z</time>
   </trkpt>
   <trkpt lat="45.7849080" lon="4.7180790">
    <ele>293.5</ele>
    <time>2026-08-07T09:40:06Z</time>
   </trkpt>
   <trkpt lat="45.7848950" lon="4.7181120">
    <ele>293.4</ele>
    <time>2026-08-07T09:40:07Z</time>
   </trkpt>
   <trkpt lat="45.7848780" lon="4.7181210">
    <ele>293.4</ele>
    <time>2026-08-07T09:40:08Z</time>
   </trkpt>
   <trkpt lat="45.7848660" lon="4.7181340">
    <ele>293.4</ele>
    <time>2026-08-07T09:40:09Z</time>
   </trkpt>
   <trkpt lat="45.7849500" lon="4.7182490">
    <ele>293.0</ele>
    <time>2026-08-07T09:41:51Z</time>
   </trkpt>
   <trkpt lat="45.7849700" lon="4.7182760">
    <ele>292.9</ele>
    <time>2026-08-07T09:41:52Z</time>
   </trkpt>
   <trkpt lat="45.7849880" lon="4.7183170">
    <ele>292.8</ele>
    <time>2026-08-07T09:41:53Z</time>
   </trkpt>
   <trkpt lat="45.7850080" lon="4.7183420">
    <ele>292.7</ele>
    <time>2026-08-07T09:41:54Z</time>
   </trkpt>
   <trkpt lat="45.7850260" lon="4.7183830">
    <ele>292.6</ele>
    <time>2026-08-07T09:41:55Z</time>
   </trkpt>
   <trkpt lat="45.7850380" lon="4.7184220">
    <ele>292.5</ele>
    <time>2026-08-07T09:41:56Z</time>
   </trkpt>
   <trkpt lat="45.7850540" lon="4.7184610">
    <ele>292.5</ele>
    <time>2026-08-07T09:41:57Z</time>
   </trkpt>
   <trkpt lat="45.7850790" lon="4.7185000">
    <ele>292.4</ele>
    <time>2026-08-07T09:41:58Z</time>
   </trkpt>
   <trkpt lat="45.7850950" lon="4.7185390">
    <ele>292.4</ele>
    <time>2026-08-07T09:41:59Z</time>
   </trkpt>
   <trkpt lat="45.7851190" lon="4.7185760">
    <ele>292.4</ele>
    <time>2026-08-07T09:42:00Z</time>
   </trkpt>
   <trkpt lat="45.7851220" lon="4.7186170">
    <ele>292.3</ele>
    <time>2026-08-07T09:42:01Z</time>
   </trkpt>
   <trkpt lat="45.7851260" lon="4.7186610">
    <ele>292.4</ele>
    <time>2026-08-07T09:42:02Z</time>
   </trkpt>
   <trkpt lat="45.7851270" lon="4.7187040">
    <ele>292.4</ele>
    <time>2026-08-07T09:42:03Z</time>
   </trkpt>
   <trkpt lat="45.7851280" lon="4.7187450">
    <ele>292.4</ele>
    <time>2026-08-07T09:42:04Z</time>
   </trkpt>
   <trkpt lat="45.7851350" lon="4.7187880">
    <ele>292.4</ele>
    <time>2026-08-07T09:42:05Z</time>
   </trkpt>
   <trkpt lat="45.7851370" lon="4.7188260">
    <ele>292.5</ele>
    <time>2026-08-07T09:42:06Z</time>
   </trkpt>
   <trkpt lat="45.7851400" lon="4.7188630">
    <ele>292.5</ele>
    <time>2026-08-07T09:42:07Z</time>
   </trkpt>
   <trkpt lat="45.7851350" lon="4.7189070">
    <ele>292.5</ele>
    <time>2026-08-07T09:42:08Z</time>
   </trkpt>
   <trkpt lat="45.7851270" lon="4.7189440">
    <ele>292.5</ele>
    <time>2026-08-07T09:42:09Z</time>
   </trkpt>
   <trkpt lat="45.7851220" lon="4.7189850">
    <ele>292.6</ele>
    <time>2026-08-07T09:42:10Z</time>
   </trkpt>
   <trkpt lat="45.7851160" lon="4.7190270">
    <ele>292.6</ele>
    <time>2026-08-07T09:42:11Z</time>
   </trkpt>
   <trkpt lat="45.7851080" lon="4.7190670">
    <ele>292.6</ele>
    <time>2026-08-07T09:42:12Z</time>
   </trkpt>
   <trkpt lat="45.7851040" lon="4.7191070">
    <ele>292.5</ele>
    <time>2026-08-07T09:42:13Z</time>
   </trkpt>
   <trkpt lat="45.7850990" lon="4.7191490">
    <ele>292.5</ele>
    <time>2026-08-07T09:42:14Z</time>
   </trkpt>
   <trkpt lat="45.7851020" lon="4.7191920">
    <ele>292.5</ele>
    <time>2026-08-07T09:42:15Z</time>
   </trkpt>
   <trkpt lat="45.7850920" lon="4.7192330">
    <ele>292.4</ele>
    <time>2026-08-07T09:42:16Z</time>
   </trkpt>
   <trkpt lat="45.7850880" lon="4.7192720">
    <ele>292.4</ele>
    <time>2026-08-07T09:42:17Z</time>
   </trkpt>
   <trkpt lat="45.7850800" lon="4.7193130">
    <ele>292.4</ele>
    <time>2026-08-07T09:42:18Z</time>
   </trkpt>
   <trkpt lat="45.7850790" lon="4.7193570">
    <ele>292.3</ele>
    <time>2026-08-07T09:42:19Z</time>
   </trkpt>
   <trkpt lat="45.7850820" lon="4.7193940">
    <ele>292.3</ele>
    <time>2026-08-07T09:42:20Z</time>
   </trkpt>
   <trkpt lat="45.7850740" lon="4.7194440">
    <ele>292.3</ele>
    <time>2026-08-07T09:42:21Z</time>
   </trkpt>
   <trkpt lat="45.7850660" lon="4.7194900">
    <ele>292.2</ele>
    <time>2026-08-07T09:42:22Z</time>
   </trkpt>
   <trkpt lat="45.7850710" lon="4.7195280">
    <ele>292.2</ele>
    <time>2026-08-07T09:42:23Z</time>
   </trkpt>
   <trkpt lat="45.7850680" lon="4.7195720">
    <ele>292.2</ele>
    <time>2026-08-07T09:42:24Z</time>
   </trkpt>
   <trkpt lat="45.7850620" lon="4.7196210">
    <ele>292.1</ele>
    <time>2026-08-07T09:42:25Z</time>
   </trkpt>
   <trkpt lat="45.7850620" lon="4.7196570">
    <ele>292.1</ele>
    <time>2026-08-07T09:42:26Z</time>
   </trkpt>
   <trkpt lat="45.7850630" lon="4.7196970">
    <ele>292.0</ele>
    <time>2026-08-07T09:42:27Z</time>
   </trkpt>
   <trkpt lat="45.7850610" lon="4.7197410">
    <ele>292.0</ele>
    <time>2026-08-07T09:42:28Z</time>
   </trkpt>
   <trkpt lat="45.7850600" lon="4.7197770">
    <ele>292.0</ele>
    <time>2026-08-07T09:42:29Z</time>
   </trkpt>
   <trkpt lat="45.7850630" lon="4.7198170">
    <ele>291.9</ele>
    <time>2026-08-07T09:42:30Z</time>
   </trkpt>
   <trkpt lat="45.7850600" lon="4.7198650">
    <ele>291.9</ele>
    <time>2026-08-07T09:42:31Z</time>
   </trkpt>
   <trkpt lat="45.7850550" lon="4.7199040">
    <ele>291.8</ele>
    <time>2026-08-07T09:42:32Z</time>
   </trkpt>
   <trkpt lat="45.7850570" lon="4.7199430">
    <ele>291.8</ele>
    <time>2026-08-07T09:42:33Z</time>
   </trkpt>
   <trkpt lat="45.7850600" lon="4.7199820">
    <ele>291.8</ele>
    <time>2026-08-07T09:42:34Z</time>
   </trkpt>
   <trkpt lat="45.7850660" lon="4.7200230">
    <ele>291.7</ele>
    <time>2026-08-07T09:42:35Z</time>
   </trkpt>
   <trkpt lat="45.7850620" lon="4.7200680">
    <ele>291.7</ele>
    <time>2026-08-07T09:42:36Z</time>
   </trkpt>
   <trkpt lat="45.7850610" lon="4.7201100">
    <ele>291.6</ele>
    <time>2026-08-07T09:42:37Z</time>
   </trkpt>
   <trkpt lat="45.7850610" lon="4.7201530">
    <ele>291.6</ele>
    <time>2026-08-07T09:42:38Z</time>
   </trkpt>
   <trkpt lat="45.7850580" lon="4.7201950">
    <ele>291.6</ele>
    <time>2026-08-07T09:42:39Z</time>
   </trkpt>
   <trkpt lat="45.7850650" lon="4.7202360">
    <ele>291.5</ele>
    <time>2026-08-07T09:42:40Z</time>
   </trkpt>
   <trkpt lat="45.7850670" lon="4.7202830">
    <ele>291.5</ele>
    <time>2026-08-07T09:42:41Z</time>
   </trkpt>
   <trkpt lat="45.7850660" lon="4.7203290">
    <ele>291.4</ele>
    <time>2026-08-07T09:42:42Z</time>
   </trkpt>
   <trkpt lat="45.7850770" lon="4.7203710">
    <ele>291.4</ele>
    <time>2026-08-07T09:42:44Z</time>
   </trkpt>
   <trkpt lat="45.7850850" lon="4.7204120">
    <ele>291.3</ele>
    <time>2026-08-07T09:42:45Z</time>
   </trkpt>
   <trkpt lat="45.7850880" lon="4.7204510">
    <ele>291.3</ele>
    <time>2026-08-07T09:42:46Z</time>
   </trkpt>
   <trkpt lat="45.7850980" lon="4.7204900">
    <ele>291.2</ele>
    <time>2026-08-07T09:42:47Z</time>
   </trkpt>
   <trkpt lat="45.7851020" lon="4.7205370">
    <ele>291.2</ele>
    <time>2026-08-07T09:42:48Z</time>
   </trkpt>
   <trkpt lat="45.7851000" lon="4.7205800">
    <ele>291.2</ele>
    <time>2026-08-07T09:42:49Z</time>
   </trkpt>
   <trkpt lat="45.7851080" lon="4.7206240">
    <ele>291.1</ele>
    <time>2026-08-07T09:42:50Z</time>
   </trkpt>
   <trkpt lat="45.7851110" lon="4.7206720">
    <ele>291.1</ele>
    <time>2026-08-07T09:42:51Z</time>
   </trkpt>
   <trkpt lat="45.7851110" lon="4.7207150">
    <ele>291.1</ele>
    <time>2026-08-07T09:42:52Z</time>
   </trkpt>
   <trkpt lat="45.7851130" lon="4.7207540">
    <ele>291.1</ele>
    <time>2026-08-07T09:42:53Z</time>
   </trkpt>
   <trkpt lat="45.7851160" lon="4.7207940">
    <ele>291.0</ele>
    <time>2026-08-07T09:42:54Z</time>
   </trkpt>
   <trkpt lat="45.7851230" lon="4.7208350">
    <ele>291.0</ele>
    <time>2026-08-07T09:42:55Z</time>
   </trkpt>
   <trkpt lat="45.7851220" lon="4.7208750">
    <ele>291.0</ele>
    <time>2026-08-07T09:42:56Z</time>
   </trkpt>
   <trkpt lat="45.7851190" lon="4.7209180">
    <ele>291.0</ele>
    <time>2026-08-07T09:42:57Z</time>
   </trkpt>
   <trkpt lat="45.7851210" lon="4.7209620">
    <ele>291.0</ele>
    <time>2026-08-07T09:42:58Z</time>
   </trkpt>
   <trkpt lat="45.7851210" lon="4.7210090">
    <ele>291.0</ele>
    <time>2026-08-07T09:42:59Z</time>
   </trkpt>
   <trkpt lat="45.7851290" lon="4.7210450">
    <ele>291.0</ele>
    <time>2026-08-07T09:43:00Z</time>
   </trkpt>
   <trkpt lat="45.7851270" lon="4.7210850">
    <ele>291.0</ele>
    <time>2026-08-07T09:43:01Z</time>
   </trkpt>
   <trkpt lat="45.7851260" lon="4.7211230">
    <ele>291.0</ele>
    <time>2026-08-07T09:43:02Z</time>
   </trkpt>
   <trkpt lat="45.7851240" lon="4.7211620">
    <ele>291.0</ele>
    <time>2026-08-07T09:43:03Z</time>
   </trkpt>
   <trkpt lat="45.7851270" lon="4.7212030">
    <ele>291.0</ele>
    <time>2026-08-07T09:43:04Z</time>
   </trkpt>
   <trkpt lat="45.7851250" lon="4.7212500">
    <ele>291.0</ele>
    <time>2026-08-07T09:43:05Z</time>
   </trkpt>
   <trkpt lat="45.7851380" lon="4.7212900">
    <ele>291.0</ele>
    <time>2026-08-07T09:43:06Z</time>
   </trkpt>
   <trkpt lat="45.7851460" lon="4.7213250">
    <ele>291.0</ele>
    <time>2026-08-07T09:43:07Z</time>
   </trkpt>
   <trkpt lat="45.7851620" lon="4.7213650">
    <ele>291.0</ele>
    <time>2026-08-07T09:43:08Z</time>
   </trkpt>
   <trkpt lat="45.7851760" lon="4.7214460">
    <ele>291.1</ele>
    <time>2026-08-07T09:43:09Z</time>
   </trkpt>
   <trkpt lat="45.7851820" lon="4.7214900">
    <ele>291.1</ele>
    <time>2026-08-07T09:43:10Z</time>
   </trkpt>
   <trkpt lat="45.7851880" lon="4.7215360">
    <ele>291.1</ele>
    <time>2026-08-07T09:43:11Z</time>
   </trkpt>
   <trkpt lat="45.7851920" lon="4.7215810">
    <ele>291.2</ele>
    <time>2026-08-07T09:43:12Z</time>
   </trkpt>
   <trkpt lat="45.7852000" lon="4.7216200">
    <ele>291.2</ele>
    <time>2026-08-07T09:43:13Z</time>
   </trkpt>
   <trkpt lat="45.7852010" lon="4.7216530">
    <ele>291.2</ele>
    <time>2026-08-07T09:43:14Z</time>
   </trkpt>
   <trkpt lat="45.7852060" lon="4.7216840">
    <ele>291.3</ele>
    <time>2026-08-07T09:43:15Z</time>
   </trkpt>
   <trkpt lat="45.7852030" lon="4.7217330">
    <ele>291.4</ele>
    <time>2026-08-07T09:43:16Z</time>
   </trkpt>
   <trkpt lat="45.7852010" lon="4.7217760">
    <ele>291.4</ele>
    <time>2026-08-07T09:43:17Z</time>
   </trkpt>
   <trkpt lat="45.7852070" lon="4.7218140">
    <ele>291.5</ele>
    <time>2026-08-07T09:43:18Z</time>
   </trkpt>
   <trkpt lat="45.7852060" lon="4.7218580">
    <ele>291.5</ele>
    <time>2026-08-07T09:43:19Z</time>
   </trkpt>
   <trkpt lat="45.7852100" lon="4.7218960">
    <ele>291.6</ele>
    <time>2026-08-07T09:43:20Z</time>
   </trkpt>
   <trkpt lat="45.7852130" lon="4.7219370">
    <ele>291.7</ele>
    <time>2026-08-07T09:43:21Z</time>
   </trkpt>
   <trkpt lat="45.7852100" lon="4.7219830">
    <ele>291.7</ele>
    <time>2026-08-07T09:43:22Z</time>
   </trkpt>
   <trkpt lat="45.7852130" lon="4.7220180">
    <ele>291.8</ele>
    <time>2026-08-07T09:43:23Z</time>
   </trkpt>
   <trkpt lat="45.7852170" lon="4.7220550">
    <ele>291.8</ele>
    <time>2026-08-07T09:43:24Z</time>
   </trkpt>
   <trkpt lat="45.7852160" lon="4.7220950">
    <ele>291.9</ele>
    <time>2026-08-07T09:43:25Z</time>
   </trkpt>
   <trkpt lat="45.7852170" lon="4.7221370">
    <ele>292.0</ele>
    <time>2026-08-07T09:43:26Z</time>
   </trkpt>
   <trkpt lat="45.7852150" lon="4.7221800">
    <ele>292.1</ele>
    <time>2026-08-07T09:43:27Z</time>
   </trkpt>
   <trkpt lat="45.7852150" lon="4.7222120">
    <ele>292.1</ele>
    <time>2026-08-07T09:43:28Z</time>
   </trkpt>
   <trkpt lat="45.7852150" lon="4.7222550">
    <ele>292.2</ele>
    <time>2026-08-07T09:43:29Z</time>
   </trkpt>
   <trkpt lat="45.7852190" lon="4.7222960">
    <ele>292.3</ele>
    <time>2026-08-07T09:43:30Z</time>
   </trkpt>
   <trkpt lat="45.7852260" lon="4.7223430">
    <ele>292.3</ele>
    <time>2026-08-07T09:43:31Z</time>
   </trkpt>
   <trkpt lat="45.7852270" lon="4.7223840">
    <ele>292.4</ele>
    <time>2026-08-07T09:43:32Z</time>
   </trkpt>
   <trkpt lat="45.7852260" lon="4.7224230">
    <ele>292.5</ele>
    <time>2026-08-07T09:43:33Z</time>
   </trkpt>
   <trkpt lat="45.7852270" lon="4.7224680">
    <ele>292.5</ele>
    <time>2026-08-07T09:43:34Z</time>
   </trkpt>
   <trkpt lat="45.7852290" lon="4.7225120">
    <ele>292.6</ele>
    <time>2026-08-07T09:43:35Z</time>
   </trkpt>
   <trkpt lat="45.7852310" lon="4.7225510">
    <ele>292.7</ele>
    <time>2026-08-07T09:43:36Z</time>
   </trkpt>
   <trkpt lat="45.7852300" lon="4.7226040">
    <ele>292.8</ele>
    <time>2026-08-07T09:43:37Z</time>
   </trkpt>
   <trkpt lat="45.7852360" lon="4.7226460">
    <ele>292.8</ele>
    <time>2026-08-07T09:43:38Z</time>
   </trkpt>
   <trkpt lat="45.7852380" lon="4.7226860">
    <ele>292.9</ele>
    <time>2026-08-07T09:43:39Z</time>
   </trkpt>
   <trkpt lat="45.7852390" lon="4.7227300">
    <ele>293.0</ele>
    <time>2026-08-07T09:43:40Z</time>
   </trkpt>
   <trkpt lat="45.7852450" lon="4.7227670">
    <ele>293.0</ele>
    <time>2026-08-07T09:43:41Z</time>
   </trkpt>
   <trkpt lat="45.7852460" lon="4.7228110">
    <ele>293.1</ele>
    <time>2026-08-07T09:43:42Z</time>
   </trkpt>
   <trkpt lat="45.7852470" lon="4.7228510">
    <ele>293.1</ele>
    <time>2026-08-07T09:43:43Z</time>
   </trkpt>
   <trkpt lat="45.7852530" lon="4.7228900">
    <ele>293.2</ele>
    <time>2026-08-07T09:43:44Z</time>
   </trkpt>
   <trkpt lat="45.7852610" lon="4.7229330">
    <ele>293.2</ele>
    <time>2026-08-07T09:43:45Z</time>
   </trkpt>
   <trkpt lat="45.7852590" lon="4.7229690">
    <ele>293.3</ele>
    <time>2026-08-07T09:43:46Z</time>
   </trkpt>
   <trkpt lat="45.7852590" lon="4.7230110">
    <ele>293.3</ele>
    <time>2026-08-07T09:43:47Z</time>
   </trkpt>
   <trkpt lat="45.7852510" lon="4.7230490">
    <ele>293.4</ele>
    <time>2026-08-07T09:43:48Z</time>
   </trkpt>
   <trkpt lat="45.7852500" lon="4.7230850">
    <ele>293.4</ele>
    <time>2026-08-07T09:43:49Z</time>
   </trkpt>
   <trkpt lat="45.7852470" lon="4.7231180">
    <ele>293.4</ele>
    <time>2026-08-07T09:43:50Z</time>
   </trkpt>
   <trkpt lat="45.7852410" lon="4.7231530">
    <ele>293.5</ele>
    <time>2026-08-07T09:43:51Z</time>
   </trkpt>
   <trkpt lat="45.7852390" lon="4.7231940">
    <ele>293.5</ele>
    <time>2026-08-07T09:43:52Z</time>
   </trkpt>
   <trkpt lat="45.7852330" lon="4.7232330">
    <ele>293.5</ele>
    <time>2026-08-07T09:43:53Z</time>
   </trkpt>
   <trkpt lat="45.7852320" lon="4.7232770">
    <ele>293.5</ele>
    <time>2026-08-07T09:43:54Z</time>
   </trkpt>
   <trkpt lat="45.7852160" lon="4.7233190">
    <ele>293.5</ele>
    <time>2026-08-07T09:43:55Z</time>
   </trkpt>
   <trkpt lat="45.7852220" lon="4.7233640">
    <ele>293.5</ele>
    <time>2026-08-07T09:43:56Z</time>
   </trkpt>
   <trkpt lat="45.7852250" lon="4.7234060">
    <ele>293.5</ele>
    <time>2026-08-07T09:43:57Z</time>
   </trkpt>
   <trkpt lat="45.7852170" lon="4.7234420">
    <ele>293.5</ele>
    <time>2026-08-07T09:43:58Z</time>
   </trkpt>
   <trkpt lat="45.7852070" lon="4.7234860">
    <ele>293.5</ele>
    <time>2026-08-07T09:43:59Z</time>
   </trkpt>
   <trkpt lat="45.7852040" lon="4.7235090">
    <ele>293.5</ele>
    <time>2026-08-07T09:44:00Z</time>
   </trkpt>
   <trkpt lat="45.7852040" lon="4.7235610">
    <ele>293.4</ele>
    <time>2026-08-07T09:44:01Z</time>
   </trkpt>
   <trkpt lat="45.7851960" lon="4.7236020">
    <ele>293.4</ele>
    <time>2026-08-07T09:44:02Z</time>
   </trkpt>
   <trkpt lat="45.7851910" lon="4.7236340">
    <ele>293.4</ele>
    <time>2026-08-07T09:44:03Z</time>
   </trkpt>
   <trkpt lat="45.7851770" lon="4.7236700">
    <ele>293.4</ele>
    <time>2026-08-07T09:44:04Z</time>
   </trkpt>
   <trkpt lat="45.7851560" lon="4.7236880">
    <ele>293.4</ele>
    <time>2026-08-07T09:44:05Z</time>
   </trkpt>
   <trkpt lat="45.7851650" lon="4.7237490">
    <ele>293.3</ele>
    <time>2026-08-07T09:44:06Z</time>
   </trkpt>
   <trkpt lat="45.7851520" lon="4.7237790">
    <ele>293.3</ele>
    <time>2026-08-07T09:44:07Z</time>
   </trkpt>
   <trkpt lat="45.7851370" lon="4.7238210">
    <ele>293.3</ele>
    <time>2026-08-07T09:44:08Z</time>
   </trkpt>
   <trkpt lat="45.7851330" lon="4.7238570">
    <ele>293.3</ele>
    <time>2026-08-07T09:44:09Z</time>
   </trkpt>
   <trkpt lat="45.7851190" lon="4.7239050">
    <ele>293.3</ele>
    <time>2026-08-07T09:44:10Z</time>
   </trkpt>
   <trkpt lat="45.7851270" lon="4.7239280">
    <ele>293.2</ele>
    <time>2026-08-07T09:44:11Z</time>
   </trkpt>
   <trkpt lat="45.7851220" lon="4.7239730">
    <ele>293.2</ele>
    <time>2026-08-07T09:44:12Z</time>
   </trkpt>
   <trkpt lat="45.7851030" lon="4.7240040">
    <ele>293.2</ele>
    <time>2026-08-07T09:44:13Z</time>
   </trkpt>
   <trkpt lat="45.7850850" lon="4.7240320">
    <ele>293.1</ele>
    <time>2026-08-07T09:44:14Z</time>
   </trkpt>
   <trkpt lat="45.7850560" lon="4.7240530">
    <ele>293.1</ele>
    <time>2026-08-07T09:44:15Z</time>
   </trkpt>
   <trkpt lat="45.7850320" lon="4.7240770">
    <ele>293.1</ele>
    <time>2026-08-07T09:44:16Z</time>
   </trkpt>
   <trkpt lat="45.7850090" lon="4.7240950">
    <ele>293.0</ele>
    <time>2026-08-07T09:44:17Z</time>
   </trkpt>
   <trkpt lat="45.7849720" lon="4.7241410">
    <ele>293.0</ele>
    <time>2026-08-07T09:44:18Z</time>
   </trkpt>
   <trkpt lat="45.7849470" lon="4.7241680">
    <ele>292.9</ele>
    <time>2026-08-07T09:44:19Z</time>
   </trkpt>
   <trkpt lat="45.7849130" lon="4.7241830">
    <ele>292.8</ele>
    <time>2026-08-07T09:44:20Z</time>
   </trkpt>
   <trkpt lat="45.7848850" lon="4.7242050">
    <ele>292.7</ele>
    <time>2026-08-07T09:44:21Z</time>
   </trkpt>
   <trkpt lat="45.7848630" lon="4.7242250">
    <ele>292.7</ele>
    <time>2026-08-07T09:44:22Z</time>
   </trkpt>
   <trkpt lat="45.7848340" lon="4.7242420">
    <ele>292.6</ele>
    <time>2026-08-07T09:44:23Z</time>
   </trkpt>
   <trkpt lat="45.7848120" lon="4.7242740">
    <ele>292.5</ele>
    <time>2026-08-07T09:44:24Z</time>
   </trkpt>
   <trkpt lat="45.7847940" lon="4.7243050">
    <ele>292.4</ele>
    <time>2026-08-07T09:44:25Z</time>
   </trkpt>
   <trkpt lat="45.7847680" lon="4.7243210">
    <ele>292.3</ele>
    <time>2026-08-07T09:44:26Z</time>
   </trkpt>
   <trkpt lat="45.7847420" lon="4.7243530">
    <ele>292.2</ele>
    <time>2026-08-07T09:44:27Z</time>
   </trkpt>
   <trkpt lat="45.7847180" lon="4.7243840">
    <ele>292.1</ele>
    <time>2026-08-07T09:44:28Z</time>
   </trkpt>
   <trkpt lat="45.7846900" lon="4.7244100">
    <ele>292.0</ele>
    <time>2026-08-07T09:44:29Z</time>
   </trkpt>
   <trkpt lat="45.7846750" lon="4.7244270">
    <ele>291.9</ele>
    <time>2026-08-07T09:44:30Z</time>
   </trkpt>
   <trkpt lat="45.7846500" lon="4.7244650">
    <ele>291.8</ele>
    <time>2026-08-07T09:44:31Z</time>
   </trkpt>
   <trkpt lat="45.7846270" lon="4.7245130">
    <ele>291.6</ele>
    <time>2026-08-07T09:44:32Z</time>
   </trkpt>
   <trkpt lat="45.7846060" lon="4.7245540">
    <ele>291.4</ele>
    <time>2026-08-07T09:44:33Z</time>
   </trkpt>
   <trkpt lat="45.7845850" lon="4.7245880">
    <ele>291.3</ele>
    <time>2026-08-07T09:44:34Z</time>
   </trkpt>
   <trkpt lat="45.7845670" lon="4.7246270">
    <ele>291.1</ele>
    <time>2026-08-07T09:44:35Z</time>
   </trkpt>
   <trkpt lat="45.7845460" lon="4.7246630">
    <ele>290.9</ele>
    <time>2026-08-07T09:44:36Z</time>
   </trkpt>
   <trkpt lat="45.7845230" lon="4.7247010">
    <ele>290.7</ele>
    <time>2026-08-07T09:44:37Z</time>
   </trkpt>
   <trkpt lat="45.7845020" lon="4.7247410">
    <ele>290.5</ele>
    <time>2026-08-07T09:44:38Z</time>
   </trkpt>
   <trkpt lat="45.7844850" lon="4.7247910">
    <ele>290.3</ele>
    <time>2026-08-07T09:44:39Z</time>
   </trkpt>
   <trkpt lat="45.7844670" lon="4.7248240">
    <ele>290.2</ele>
    <time>2026-08-07T09:44:40Z</time>
   </trkpt>
   <trkpt lat="45.7844500" lon="4.7248580">
    <ele>290.0</ele>
    <time>2026-08-07T09:44:41Z</time>
   </trkpt>
   <trkpt lat="45.7844440" lon="4.7249060">
    <ele>289.8</ele>
    <time>2026-08-07T09:44:42Z</time>
   </trkpt>
   <trkpt lat="45.7844310" lon="4.7249490">
    <ele>289.7</ele>
    <time>2026-08-07T09:44:43Z</time>
   </trkpt>
   <trkpt lat="45.7844130" lon="4.7249800">
    <ele>289.5</ele>
    <time>2026-08-07T09:44:44Z</time>
   </trkpt>
   <trkpt lat="45.7844020" lon="4.7250370">
    <ele>289.3</ele>
    <time>2026-08-07T09:44:45Z</time>
   </trkpt>
   <trkpt lat="45.7843880" lon="4.7250790">
    <ele>289.1</ele>
    <time>2026-08-07T09:44:46Z</time>
   </trkpt>
   <trkpt lat="45.7843750" lon="4.7251110">
    <ele>289.0</ele>
    <time>2026-08-07T09:44:47Z</time>
   </trkpt>
   <trkpt lat="45.7843630" lon="4.7251510">
    <ele>288.9</ele>
    <time>2026-08-07T09:44:48Z</time>
   </trkpt>
   <trkpt lat="45.7843490" lon="4.7251920">
    <ele>288.7</ele>
    <time>2026-08-07T09:44:50Z</time>
   </trkpt>
   <trkpt lat="45.7843370" lon="4.7252290">
    <ele>288.6</ele>
    <time>2026-08-07T09:44:51Z</time>
   </trkpt>
   <trkpt lat="45.7843250" lon="4.7252760">
    <ele>288.4</ele>
    <time>2026-08-07T09:44:52Z</time>
   </trkpt>
   <trkpt lat="45.7843070" lon="4.7253190">
    <ele>288.2</ele>
    <time>2026-08-07T09:44:53Z</time>
   </trkpt>
   <trkpt lat="45.7842960" lon="4.7253560">
    <ele>288.1</ele>
    <time>2026-08-07T09:44:54Z</time>
   </trkpt>
   <trkpt lat="45.7842710" lon="4.7254340">
    <ele>287.8</ele>
    <time>2026-08-07T09:44:55Z</time>
   </trkpt>
   <trkpt lat="45.7842660" lon="4.7254670">
    <ele>287.6</ele>
    <time>2026-08-07T09:44:56Z</time>
   </trkpt>
   <trkpt lat="45.7842500" lon="4.7255030">
    <ele>287.5</ele>
    <time>2026-08-07T09:44:57Z</time>
   </trkpt>
   <trkpt lat="45.7842350" lon="4.7255500">
    <ele>287.3</ele>
    <time>2026-08-07T09:44:58Z</time>
   </trkpt>
   <trkpt lat="45.7842260" lon="4.7255950">
    <ele>287.1</ele>
    <time>2026-08-07T09:44:59Z</time>
   </trkpt>
   <trkpt lat="45.7842180" lon="4.7256270">
    <ele>287.0</ele>
    <time>2026-08-07T09:45:00Z</time>
   </trkpt>
   <trkpt lat="45.7842140" lon="4.7256740">
    <ele>286.8</ele>
    <time>2026-08-07T09:45:01Z</time>
   </trkpt>
   <trkpt lat="45.7842040" lon="4.7257600">
    <ele>286.5</ele>
    <time>2026-08-07T09:45:03Z</time>
   </trkpt>
   <trkpt lat="45.7842070" lon="4.7258020">
    <ele>286.4</ele>
    <time>2026-08-07T09:45:04Z</time>
   </trkpt>
   <trkpt lat="45.7842000" lon="4.7258460">
    <ele>286.3</ele>
    <time>2026-08-07T09:45:05Z</time>
   </trkpt>
   <trkpt lat="45.7841970" lon="4.7258920">
    <ele>286.1</ele>
    <time>2026-08-07T09:45:06Z</time>
   </trkpt>
   <trkpt lat="45.7841910" lon="4.7259380">
    <ele>286.0</ele>
    <time>2026-08-07T09:45:07Z</time>
   </trkpt>
   <trkpt lat="45.7841810" lon="4.7259740">
    <ele>285.9</ele>
    <time>2026-08-07T09:45:08Z</time>
   </trkpt>
   <trkpt lat="45.7841730" lon="4.7260240">
    <ele>285.7</ele>
    <time>2026-08-07T09:45:09Z</time>
   </trkpt>
   <trkpt lat="45.7841640" lon="4.7260660">
    <ele>285.6</ele>
    <time>2026-08-07T09:45:10Z</time>
   </trkpt>
   <trkpt lat="45.7841720" lon="4.7261180">
    <ele>285.4</ele>
    <time>2026-08-07T09:45:11Z</time>
   </trkpt>
   <trkpt lat="45.7841750" lon="4.7261600">
    <ele>285.3</ele>
    <time>2026-08-07T09:45:12Z</time>
   </trkpt>
   <trkpt lat="45.7841640" lon="4.7261920">
    <ele>285.2</ele>
    <time>2026-08-07T09:45:13Z</time>
   </trkpt>
   <trkpt lat="45.7841600" lon="4.7262460">
    <ele>285.1</ele>
    <time>2026-08-07T09:45:14Z</time>
   </trkpt>
   <trkpt lat="45.7841480" lon="4.7262750">
    <ele>285.0</ele>
    <time>2026-08-07T09:45:15Z</time>
   </trkpt>
   <trkpt lat="45.7841480" lon="4.7263080">
    <ele>284.9</ele>
    <time>2026-08-07T09:45:16Z</time>
   </trkpt>
   <trkpt lat="45.7841520" lon="4.7263530">
    <ele>284.8</ele>
    <time>2026-08-07T09:45:17Z</time>
   </trkpt>
   <trkpt lat="45.7841490" lon="4.7263920">
    <ele>284.7</ele>
    <time>2026-08-07T09:45:18Z</time>
   </trkpt>
   <trkpt lat="45.7841450" lon="4.7264360">
    <ele>284.6</ele>
    <time>2026-08-07T09:45:19Z</time>
   </trkpt>
   <trkpt lat="45.7841430" lon="4.7264850">
    <ele>284.5</ele>
    <time>2026-08-07T09:45:20Z</time>
   </trkpt>
   <trkpt lat="45.7841410" lon="4.7265240">
    <ele>284.4</ele>
    <time>2026-08-07T09:45:21Z</time>
   </trkpt>
   <trkpt lat="45.7841350" lon="4.7265640">
    <ele>284.3</ele>
    <time>2026-08-07T09:45:22Z</time>
   </trkpt>
   <trkpt lat="45.7841240" lon="4.7266050">
    <ele>284.1</ele>
    <time>2026-08-07T09:45:23Z</time>
   </trkpt>
   <trkpt lat="45.7841090" lon="4.7266490">
    <ele>284.0</ele>
    <time>2026-08-07T09:45:24Z</time>
   </trkpt>
   <trkpt lat="45.7841070" lon="4.7266900">
    <ele>283.9</ele>
    <time>2026-08-07T09:45:25Z</time>
   </trkpt>
   <trkpt lat="45.7841050" lon="4.7267270">
    <ele>283.8</ele>
    <time>2026-08-07T09:45:26Z</time>
   </trkpt>
   <trkpt lat="45.7841120" lon="4.7267780">
    <ele>283.7</ele>
    <time>2026-08-07T09:45:27Z</time>
   </trkpt>
   <trkpt lat="45.7841110" lon="4.7268210">
    <ele>283.5</ele>
    <time>2026-08-07T09:45:28Z</time>
   </trkpt>
   <trkpt lat="45.7841130" lon="4.7268570">
    <ele>283.5</ele>
    <time>2026-08-07T09:45:29Z</time>
   </trkpt>
   <trkpt lat="45.7841140" lon="4.7268990">
    <ele>283.3</ele>
    <time>2026-08-07T09:45:30Z</time>
   </trkpt>
   <trkpt lat="45.7841100" lon="4.7269430">
    <ele>283.2</ele>
    <time>2026-08-07T09:45:31Z</time>
   </trkpt>
   <trkpt lat="45.7841190" lon="4.7269800">
    <ele>283.1</ele>
    <time>2026-08-07T09:45:32Z</time>
   </trkpt>
   <trkpt lat="45.7841260" lon="4.7270260">
    <ele>283.0</ele>
    <time>2026-08-07T09:45:33Z</time>
   </trkpt>
   <trkpt lat="45.7841250" lon="4.7270630">
    <ele>282.9</ele>
    <time>2026-08-07T09:45:34Z</time>
   </trkpt>
   <trkpt lat="45.7841190" lon="4.7271070">
    <ele>282.8</ele>
    <time>2026-08-07T09:45:35Z</time>
   </trkpt>
   <trkpt lat="45.7841280" lon="4.7271470">
    <ele>282.7</ele>
    <time>2026-08-07T09:45:36Z</time>
   </trkpt>
   <trkpt lat="45.7841220" lon="4.7271880">
    <ele>282.6</ele>
    <time>2026-08-07T09:45:37Z</time>
   </trkpt>
   <trkpt lat="45.7841190" lon="4.7272290">
    <ele>282.5</ele>
    <time>2026-08-07T09:45:38Z</time>
   </trkpt>
   <trkpt lat="45.7841240" lon="4.7272710">
    <ele>282.4</ele>
    <time>2026-08-07T09:45:39Z</time>
   </trkpt>
   <trkpt lat="45.7841070" lon="4.7273150">
    <ele>282.3</ele>
    <time>2026-08-07T09:45:40Z</time>
   </trkpt>
   <trkpt lat="45.7841100" lon="4.7273660">
    <ele>282.2</ele>
    <time>2026-08-07T09:45:41Z</time>
   </trkpt>
   <trkpt lat="45.7841060" lon="4.7274160">
    <ele>282.1</ele>
    <time>2026-08-07T09:45:42Z</time>
   </trkpt>
   <trkpt lat="45.7841170" lon="4.7274610">
    <ele>282.0</ele>
    <time>2026-08-07T09:45:43Z</time>
   </trkpt>
   <trkpt lat="45.7841240" lon="4.7275090">
    <ele>281.9</ele>
    <time>2026-08-07T09:45:44Z</time>
   </trkpt>
   <trkpt lat="45.7841280" lon="4.7275520">
    <ele>281.8</ele>
    <time>2026-08-07T09:45:45Z</time>
   </trkpt>
   <trkpt lat="45.7841250" lon="4.7275930">
    <ele>281.7</ele>
    <time>2026-08-07T09:45:46Z</time>
   </trkpt>
   <trkpt lat="45.7841360" lon="4.7276330">
    <ele>281.7</ele>
    <time>2026-08-07T09:45:47Z</time>
   </trkpt>
   <trkpt lat="45.7841350" lon="4.7276820">
    <ele>281.6</ele>
    <time>2026-08-07T09:45:48Z</time>
   </trkpt>
   <trkpt lat="45.7841370" lon="4.7277300">
    <ele>281.5</ele>
    <time>2026-08-07T09:45:49Z</time>
   </trkpt>
   <trkpt lat="45.7841280" lon="4.7277740">
    <ele>281.4</ele>
    <time>2026-08-07T09:45:50Z</time>
   </trkpt>
   <trkpt lat="45.7841210" lon="4.7278160">
    <ele>281.3</ele>
    <time>2026-08-07T09:45:51Z</time>
   </trkpt>
   <trkpt lat="45.7841170" lon="4.7278630">
    <ele>281.3</ele>
    <time>2026-08-07T09:45:52Z</time>
   </trkpt>
   <trkpt lat="45.7841150" lon="4.7279120">
    <ele>281.2</ele>
    <time>2026-08-07T09:45:53Z</time>
   </trkpt>
   <trkpt lat="45.7841150" lon="4.7279540">
    <ele>281.1</ele>
    <time>2026-08-07T09:45:54Z</time>
   </trkpt>
   <trkpt lat="45.7841190" lon="4.7279930">
    <ele>281.0</ele>
    <time>2026-08-07T09:45:55Z</time>
   </trkpt>
   <trkpt lat="45.7841160" lon="4.7280380">
    <ele>280.9</ele>
    <time>2026-08-07T09:45:56Z</time>
   </trkpt>
   <trkpt lat="45.7841150" lon="4.7280870">
    <ele>280.8</ele>
    <time>2026-08-07T09:45:57Z</time>
   </trkpt>
   <trkpt lat="45.7841110" lon="4.7281320">
    <ele>280.7</ele>
    <time>2026-08-07T09:45:58Z</time>
   </trkpt>
   <trkpt lat="45.7841090" lon="4.7281650">
    <ele>280.6</ele>
    <time>2026-08-07T09:45:59Z</time>
   </trkpt>
   <trkpt lat="45.7841010" lon="4.7282120">
    <ele>280.5</ele>
    <time>2026-08-07T09:46:00Z</time>
   </trkpt>
   <trkpt lat="45.7840880" lon="4.7282600">
    <ele>280.4</ele>
    <time>2026-08-07T09:46:01Z</time>
   </trkpt>
   <trkpt lat="45.7840960" lon="4.7282930">
    <ele>280.4</ele>
    <time>2026-08-07T09:46:02Z</time>
   </trkpt>
   <trkpt lat="45.7840990" lon="4.7283380">
    <ele>280.3</ele>
    <time>2026-08-07T09:46:03Z</time>
   </trkpt>
   <trkpt lat="45.7840970" lon="4.7283820">
    <ele>280.2</ele>
    <time>2026-08-07T09:46:04Z</time>
   </trkpt>
   <trkpt lat="45.7841030" lon="4.7284210">
    <ele>280.1</ele>
    <time>2026-08-07T09:46:05Z</time>
   </trkpt>
   <trkpt lat="45.7841060" lon="4.7284550">
    <ele>280.0</ele>
    <time>2026-08-07T09:46:06Z</time>
   </trkpt>
   <trkpt lat="45.7841120" lon="4.7284900">
    <ele>280.0</ele>
    <time>2026-08-07T09:46:07Z</time>
   </trkpt>
   <trkpt lat="45.7841160" lon="4.7285350">
    <ele>279.9</ele>
    <time>2026-08-07T09:46:08Z</time>
   </trkpt>
   <trkpt lat="45.7841230" lon="4.7285790">
    <ele>279.8</ele>
    <time>2026-08-07T09:46:09Z</time>
   </trkpt>
   <trkpt lat="45.7841330" lon="4.7286260">
    <ele>279.7</ele>
    <time>2026-08-07T09:46:10Z</time>
   </trkpt>
   <trkpt lat="45.7841290" lon="4.7286630">
    <ele>279.6</ele>
    <time>2026-08-07T09:46:11Z</time>
   </trkpt>
   <trkpt lat="45.7841390" lon="4.7287010">
    <ele>279.5</ele>
    <time>2026-08-07T09:46:12Z</time>
   </trkpt>
   <trkpt lat="45.7841450" lon="4.7287440">
    <ele>279.5</ele>
    <time>2026-08-07T09:46:13Z</time>
   </trkpt>
   <trkpt lat="45.7841450" lon="4.7287860">
    <ele>279.4</ele>
    <time>2026-08-07T09:46:14Z</time>
   </trkpt>
   <trkpt lat="45.7841450" lon="4.7288270">
    <ele>279.3</ele>
    <time>2026-08-07T09:46:15Z</time>
   </trkpt>
   <trkpt lat="45.7841540" lon="4.7288670">
    <ele>279.2</ele>
    <time>2026-08-07T09:46:16Z</time>
   </trkpt>
   <trkpt lat="45.7841580" lon="4.7288970">
    <ele>279.2</ele>
    <time>2026-08-07T09:46:17Z</time>
   </trkpt>
   <trkpt lat="45.7841580" lon="4.7289400">
    <ele>279.1</ele>
    <time>2026-08-07T09:46:18Z</time>
   </trkpt>
   <trkpt lat="45.7841610" lon="4.7289820">
    <ele>279.0</ele>
    <time>2026-08-07T09:46:19Z</time>
   </trkpt>
   <trkpt lat="45.7841550" lon="4.7290260">
    <ele>278.9</ele>
    <time>2026-08-07T09:46:20Z</time>
   </trkpt>
   <trkpt lat="45.7841490" lon="4.7290670">
    <ele>278.8</ele>
    <time>2026-08-07T09:46:21Z</time>
   </trkpt>
   <trkpt lat="45.7841470" lon="4.7291100">
    <ele>278.7</ele>
    <time>2026-08-07T09:46:22Z</time>
   </trkpt>
   <trkpt lat="45.7841450" lon="4.7291500">
    <ele>278.6</ele>
    <time>2026-08-07T09:46:23Z</time>
   </trkpt>
   <trkpt lat="45.7841670" lon="4.7291900">
    <ele>278.5</ele>
    <time>2026-08-07T09:46:24Z</time>
   </trkpt>
   <trkpt lat="45.7841640" lon="4.7292360">
    <ele>278.4</ele>
    <time>2026-08-07T09:46:25Z</time>
   </trkpt>
   <trkpt lat="45.7841500" lon="4.7292750">
    <ele>278.3</ele>
    <time>2026-08-07T09:46:26Z</time>
   </trkpt>
   <trkpt lat="45.7841410" lon="4.7293130">
    <ele>278.2</ele>
    <time>2026-08-07T09:46:27Z</time>
   </trkpt>
   <trkpt lat="45.7841410" lon="4.7293550">
    <ele>278.1</ele>
    <time>2026-08-07T09:46:28Z</time>
   </trkpt>
   <trkpt lat="45.7841330" lon="4.7293910">
    <ele>278.0</ele>
    <time>2026-08-07T09:46:29Z</time>
   </trkpt>
   <trkpt lat="45.7841120" lon="4.7294320">
    <ele>277.9</ele>
    <time>2026-08-07T09:46:30Z</time>
   </trkpt>
   <trkpt lat="45.7840970" lon="4.7294750">
    <ele>277.8</ele>
    <time>2026-08-07T09:46:31Z</time>
   </trkpt>
   <trkpt lat="45.7840820" lon="4.7295090">
    <ele>277.7</ele>
    <time>2026-08-07T09:46:32Z</time>
   </trkpt>
   <trkpt lat="45.7840740" lon="4.7295520">
    <ele>277.6</ele>
    <time>2026-08-07T09:46:33Z</time>
   </trkpt>
   <trkpt lat="45.7840660" lon="4.7295880">
    <ele>277.5</ele>
    <time>2026-08-07T09:46:34Z</time>
   </trkpt>
   <trkpt lat="45.7840600" lon="4.7296200">
    <ele>277.4</ele>
    <time>2026-08-07T09:46:35Z</time>
   </trkpt>
   <trkpt lat="45.7840500" lon="4.7296580">
    <ele>277.3</ele>
    <time>2026-08-07T09:46:36Z</time>
   </trkpt>
   <trkpt lat="45.7840560" lon="4.7296980">
    <ele>277.2</ele>
    <time>2026-08-07T09:46:37Z</time>
   </trkpt>
   <trkpt lat="45.7840530" lon="4.7297390">
    <ele>277.1</ele>
    <time>2026-08-07T09:46:38Z</time>
   </trkpt>
   <trkpt lat="45.7840460" lon="4.7297770">
    <ele>277.0</ele>
    <time>2026-08-07T09:46:39Z</time>
   </trkpt>
   <trkpt lat="45.7840390" lon="4.7298170">
    <ele>276.9</ele>
    <time>2026-08-07T09:46:40Z</time>
   </trkpt>
   <trkpt lat="45.7840440" lon="4.7298620">
    <ele>276.8</ele>
    <time>2026-08-07T09:46:41Z</time>
   </trkpt>
   <trkpt lat="45.7840410" lon="4.7299090">
    <ele>276.7</ele>
    <time>2026-08-07T09:46:42Z</time>
   </trkpt>
   <trkpt lat="45.7840270" lon="4.7299550">
    <ele>276.6</ele>
    <time>2026-08-07T09:46:43Z</time>
   </trkpt>
   <trkpt lat="45.7840190" lon="4.7300010">
    <ele>276.5</ele>
    <time>2026-08-07T09:46:44Z</time>
   </trkpt>
   <trkpt lat="45.7840080" lon="4.7300330">
    <ele>276.4</ele>
    <time>2026-08-07T09:46:45Z</time>
   </trkpt>
   <trkpt lat="45.7839980" lon="4.7300760">
    <ele>276.4</ele>
    <time>2026-08-07T09:46:46Z</time>
   </trkpt>
   <trkpt lat="45.7840050" lon="4.7301210">
    <ele>276.3</ele>
    <time>2026-08-07T09:46:47Z</time>
   </trkpt>
   <trkpt lat="45.7840210" lon="4.7301590">
    <ele>276.2</ele>
    <time>2026-08-07T09:46:48Z</time>
   </trkpt>
   <trkpt lat="45.7840280" lon="4.7301910">
    <ele>276.1</ele>
    <time>2026-08-07T09:46:49Z</time>
   </trkpt>
   <trkpt lat="45.7840400" lon="4.7302290">
    <ele>276.0</ele>
    <time>2026-08-07T09:46:50Z</time>
   </trkpt>
   <trkpt lat="45.7840440" lon="4.7302690">
    <ele>275.9</ele>
    <time>2026-08-07T09:46:51Z</time>
   </trkpt>
   <trkpt lat="45.7840500" lon="4.7303120">
    <ele>275.8</ele>
    <time>2026-08-07T09:46:52Z</time>
   </trkpt>
   <trkpt lat="45.7840550" lon="4.7303500">
    <ele>275.8</ele>
    <time>2026-08-07T09:46:53Z</time>
   </trkpt>
   <trkpt lat="45.7840660" lon="4.7303900">
    <ele>275.7</ele>
    <time>2026-08-07T09:46:54Z</time>
   </trkpt>
   <trkpt lat="45.7840830" lon="4.7304310">
    <ele>275.6</ele>
    <time>2026-08-07T09:46:56Z</time>
   </trkpt>
   <trkpt lat="45.7840770" lon="4.7304730">
    <ele>275.5</ele>
    <time>2026-08-07T09:46:57Z</time>
   </trkpt>
   <trkpt lat="45.7840730" lon="4.7305210">
    <ele>275.4</ele>
    <time>2026-08-07T09:46:58Z</time>
   </trkpt>
   <trkpt lat="45.7840830" lon="4.7305650">
    <ele>275.3</ele>
    <time>2026-08-07T09:46:59Z</time>
   </trkpt>
   <trkpt lat="45.7840940" lon="4.7306020">
    <ele>275.2</ele>
    <time>2026-08-07T09:47:00Z</time>
   </trkpt>
   <trkpt lat="45.7841170" lon="4.7306310">
    <ele>275.2</ele>
    <time>2026-08-07T09:47:01Z</time>
   </trkpt>
   <trkpt lat="45.7841320" lon="4.7306540">
    <ele>275.3</ele>
    <time>2026-08-07T09:47:02Z</time>
   </trkpt>
   <trkpt lat="45.7841480" lon="4.7306800">
    <ele>275.3</ele>
    <time>2026-08-07T09:47:03Z</time>
   </trkpt>
   <trkpt lat="45.7841650" lon="4.7307030">
    <ele>275.3</ele>
    <time>2026-08-07T09:47:04Z</time>
   </trkpt>
   <trkpt lat="45.7841890" lon="4.7307300">
    <ele>275.3</ele>
    <time>2026-08-07T09:47:05Z</time>
   </trkpt>
   <trkpt lat="45.7842090" lon="4.7307560">
    <ele>275.3</ele>
    <time>2026-08-07T09:47:06Z</time>
   </trkpt>
   <trkpt lat="45.7842370" lon="4.7307780">
    <ele>275.3</ele>
    <time>2026-08-07T09:47:07Z</time>
   </trkpt>
   <trkpt lat="45.7842710" lon="4.7307920">
    <ele>275.4</ele>
    <time>2026-08-07T09:47:08Z</time>
   </trkpt>
   <trkpt lat="45.7843110" lon="4.7307870">
    <ele>275.4</ele>
    <time>2026-08-07T09:47:09Z</time>
   </trkpt>
   <trkpt lat="45.7843500" lon="4.7307790">
    <ele>275.4</ele>
    <time>2026-08-07T09:47:10Z</time>
   </trkpt>
   <trkpt lat="45.7843840" lon="4.7307850">
    <ele>275.4</ele>
    <time>2026-08-07T09:47:11Z</time>
   </trkpt>
   <trkpt lat="45.7844100" lon="4.7308030">
    <ele>275.4</ele>
    <time>2026-08-07T09:47:12Z</time>
   </trkpt>
   <trkpt lat="45.7844410" lon="4.7308080">
    <ele>275.4</ele>
    <time>2026-08-07T09:47:13Z</time>
   </trkpt>
   <trkpt lat="45.7844710" lon="4.7308140">
    <ele>275.4</ele>
    <time>2026-08-07T09:47:14Z</time>
   </trkpt>
   <trkpt lat="45.7845010" lon="4.7308310">
    <ele>275.4</ele>
    <time>2026-08-07T09:47:15Z</time>
   </trkpt>
   <trkpt lat="45.7845280" lon="4.7308490">
    <ele>275.3</ele>
    <time>2026-08-07T09:47:16Z</time>
   </trkpt>
   <trkpt lat="45.7845400" lon="4.7308880">
    <ele>275.3</ele>
    <time>2026-08-07T09:47:17Z</time>
   </trkpt>
   <trkpt lat="45.7845490" lon="4.7309310">
    <ele>275.2</ele>
    <time>2026-08-07T09:47:18Z</time>
   </trkpt>
   <trkpt lat="45.7845680" lon="4.7309710">
    <ele>275.2</ele>
    <time>2026-08-07T09:47:19Z</time>
   </trkpt>
   <trkpt lat="45.7846070" lon="4.7310500">
    <ele>275.0</ele>
    <time>2026-08-07T09:47:20Z</time>
   </trkpt>
   <trkpt lat="45.7846260" lon="4.7310850">
    <ele>275.0</ele>
    <time>2026-08-07T09:47:21Z</time>
   </trkpt>
   <trkpt lat="45.7846580" lon="4.7310960">
    <ele>274.9</ele>
    <time>2026-08-07T09:47:22Z</time>
   </trkpt>
   <trkpt lat="45.7847000" lon="4.7310730">
    <ele>274.9</ele>
    <time>2026-08-07T09:47:23Z</time>
   </trkpt>
   <trkpt lat="45.7847420" lon="4.7310470">
    <ele>274.8</ele>
    <time>2026-08-07T09:47:24Z</time>
   </trkpt>
   <trkpt lat="45.7847730" lon="4.7310420">
    <ele>274.8</ele>
    <time>2026-08-07T09:47:25Z</time>
   </trkpt>
   <trkpt lat="45.7848060" lon="4.7310280">
    <ele>274.7</ele>
    <time>2026-08-07T09:47:26Z</time>
   </trkpt>
   <trkpt lat="45.7848380" lon="4.7310170">
    <ele>274.7</ele>
    <time>2026-08-07T09:47:27Z</time>
   </trkpt>
   <trkpt lat="45.7848670" lon="4.7310220">
    <ele>274.7</ele>
    <time>2026-08-07T09:47:28Z</time>
   </trkpt>
   <trkpt lat="45.7848950" lon="4.7310290">
    <ele>274.7</ele>
    <time>2026-08-07T09:47:29Z</time>
   </trkpt>
   <trkpt lat="45.7849200" lon="4.7310660">
    <ele>274.6</ele>
    <time>2026-08-07T09:47:30Z</time>
   </trkpt>
   <trkpt lat="45.7849380" lon="4.7311120">
    <ele>274.6</ele>
    <time>2026-08-07T09:47:31Z</time>
   </trkpt>
   <trkpt lat="45.7849460" lon="4.7311660">
    <ele>274.5</ele>
    <time>2026-08-07T09:47:32Z</time>
   </trkpt>
   <trkpt lat="45.7849600" lon="4.7311940">
    <ele>274.5</ele>
    <time>2026-08-07T09:47:33Z</time>
   </trkpt>
   <trkpt lat="45.7849910" lon="4.7312110">
    <ele>274.5</ele>
    <time>2026-08-07T09:47:34Z</time>
   </trkpt>
   <trkpt lat="45.7850230" lon="4.7312270">
    <ele>274.4</ele>
    <time>2026-08-07T09:47:35Z</time>
   </trkpt>
   <trkpt lat="45.7850500" lon="4.7312290">
    <ele>274.4</ele>
    <time>2026-08-07T09:47:36Z</time>
   </trkpt>
   <trkpt lat="45.7850780" lon="4.7312420">
    <ele>274.3</ele>
    <time>2026-08-07T09:47:37Z</time>
   </trkpt>
   <trkpt lat="45.7851040" lon="4.7312370">
    <ele>274.3</ele>
    <time>2026-08-07T09:47:38Z</time>
   </trkpt>
   <trkpt lat="45.7851340" lon="4.7312390">
    <ele>274.2</ele>
    <time>2026-08-07T09:47:39Z</time>
   </trkpt>
   <trkpt lat="45.7851630" lon="4.7312260">
    <ele>274.2</ele>
    <time>2026-08-07T09:47:40Z</time>
   </trkpt>
   <trkpt lat="45.7851960" lon="4.7312360">
    <ele>274.2</ele>
    <time>2026-08-07T09:47:41Z</time>
   </trkpt>
   <trkpt lat="45.7852210" lon="4.7312390">
    <ele>274.1</ele>
    <time>2026-08-07T09:47:42Z</time>
   </trkpt>
   <trkpt lat="45.7852530" lon="4.7312360">
    <ele>274.1</ele>
    <time>2026-08-07T09:47:43Z</time>
   </trkpt>
   <trkpt lat="45.7852920" lon="4.7312430">
    <ele>274.0</ele>
    <time>2026-08-07T09:47:44Z</time>
   </trkpt>
   <trkpt lat="45.7853190" lon="4.7312360">
    <ele>274.0</ele>
    <time>2026-08-07T09:47:45Z</time>
   </trkpt>
   <trkpt lat="45.7853510" lon="4.7312400">
    <ele>274.0</ele>
    <time>2026-08-07T09:47:46Z</time>
   </trkpt>
   <trkpt lat="45.7853760" lon="4.7312440">
    <ele>274.0</ele>
    <time>2026-08-07T09:47:47Z</time>
   </trkpt>
   <trkpt lat="45.7854060" lon="4.7312350">
    <ele>274.0</ele>
    <time>2026-08-07T09:47:48Z</time>
   </trkpt>
   <trkpt lat="45.7854340" lon="4.7312390">
    <ele>273.9</ele>
    <time>2026-08-07T09:47:49Z</time>
   </trkpt>
   <trkpt lat="45.7854600" lon="4.7312370">
    <ele>273.9</ele>
    <time>2026-08-07T09:47:50Z</time>
   </trkpt>
   <trkpt lat="45.7854940" lon="4.7312330">
    <ele>273.9</ele>
    <time>2026-08-07T09:47:51Z</time>
   </trkpt>
   <trkpt lat="45.7855230" lon="4.7312280">
    <ele>273.9</ele>
    <time>2026-08-07T09:47:52Z</time>
   </trkpt>
   <trkpt lat="45.7855480" lon="4.7312250">
    <ele>273.9</ele>
    <time>2026-08-07T09:47:53Z</time>
   </trkpt>
   <trkpt lat="45.7855800" lon="4.7312190">
    <ele>273.9</ele>
    <time>2026-08-07T09:47:54Z</time>
   </trkpt>
   <trkpt lat="45.7856100" lon="4.7312100">
    <ele>273.8</ele>
    <time>2026-08-07T09:47:55Z</time>
   </trkpt>
   <trkpt lat="45.7856340" lon="4.7312050">
    <ele>273.8</ele>
    <time>2026-08-07T09:47:56Z</time>
   </trkpt>
   <trkpt lat="45.7856670" lon="4.7311920">
    <ele>273.8</ele>
    <time>2026-08-07T09:47:57Z</time>
   </trkpt>
   <trkpt lat="45.7856930" lon="4.7311840">
    <ele>273.8</ele>
    <time>2026-08-07T09:47:58Z</time>
   </trkpt>
   <trkpt lat="45.7857190" lon="4.7311690">
    <ele>273.8</ele>
    <time>2026-08-07T09:47:59Z</time>
   </trkpt>
   <trkpt lat="45.7857500" lon="4.7311600">
    <ele>273.8</ele>
    <time>2026-08-07T09:48:00Z</time>
   </trkpt>
   <trkpt lat="45.7857770" lon="4.7311400">
    <ele>273.7</ele>
    <time>2026-08-07T09:48:01Z</time>
   </trkpt>
   <trkpt lat="45.7857990" lon="4.7311260">
    <ele>273.7</ele>
    <time>2026-08-07T09:48:02Z</time>
   </trkpt>
   <trkpt lat="45.7858270" lon="4.7311050">
    <ele>273.7</ele>
    <time>2026-08-07T09:48:03Z</time>
   </trkpt>
   <trkpt lat="45.7858600" lon="4.7310930">
    <ele>273.6</ele>
    <time>2026-08-07T09:48:04Z</time>
   </trkpt>
   <trkpt lat="45.7858870" lon="4.7310830">
    <ele>273.6</ele>
    <time>2026-08-07T09:48:05Z</time>
   </trkpt>
   <trkpt lat="45.7859110" lon="4.7310710">
    <ele>273.6</ele>
    <time>2026-08-07T09:48:06Z</time>
   </trkpt>
   <trkpt lat="45.7859350" lon="4.7310530">
    <ele>273.6</ele>
    <time>2026-08-07T09:48:07Z</time>
   </trkpt>
   <trkpt lat="45.7859630" lon="4.7310390">
    <ele>273.5</ele>
    <time>2026-08-07T09:48:08Z</time>
   </trkpt>
   <trkpt lat="45.7859900" lon="4.7310310">
    <ele>273.5</ele>
    <time>2026-08-07T09:48:09Z</time>
   </trkpt>
   <trkpt lat="45.7860160" lon="4.7310330">
    <ele>273.5</ele>
    <time>2026-08-07T09:48:10Z</time>
   </trkpt>
   <trkpt lat="45.7860430" lon="4.7310270">
    <ele>273.5</ele>
    <time>2026-08-07T09:48:11Z</time>
   </trkpt>
   <trkpt lat="45.7860770" lon="4.7310240">
    <ele>273.4</ele>
    <time>2026-08-07T09:48:12Z</time>
   </trkpt>
   <trkpt lat="45.7861080" lon="4.7310260">
    <ele>273.4</ele>
    <time>2026-08-07T09:48:13Z</time>
   </trkpt>
   <trkpt lat="45.7861370" lon="4.7310120">
    <ele>273.4</ele>
    <time>2026-08-07T09:48:14Z</time>
   </trkpt>
   <trkpt lat="45.7861680" lon="4.7310000">
    <ele>273.4</ele>
    <time>2026-08-07T09:48:15Z</time>
   </trkpt>
   <trkpt lat="45.7861930" lon="4.7309970">
    <ele>273.3</ele>
    <time>2026-08-07T09:48:16Z</time>
   </trkpt>
   <trkpt lat="45.7862190" lon="4.7309870">
    <ele>273.3</ele>
    <time>2026-08-07T09:48:17Z</time>
   </trkpt>
   <trkpt lat="45.7862460" lon="4.7309720">
    <ele>273.3</ele>
    <time>2026-08-07T09:48:18Z</time>
   </trkpt>
   <trkpt lat="45.7862740" lon="4.7309530">
    <ele>273.3</ele>
    <time>2026-08-07T09:48:19Z</time>
   </trkpt>
   <trkpt lat="45.7862900" lon="4.7309230">
    <ele>273.3</ele>
    <time>2026-08-07T09:48:20Z</time>
   </trkpt>
   <trkpt lat="45.7863260" lon="4.7307370">
    <ele>273.5</ele>
    <time>2026-08-07T09:48:25Z</time>
   </trkpt>
   <trkpt lat="45.7863240" lon="4.7307050">
    <ele>273.6</ele>
    <time>2026-08-07T09:48:26Z</time>
   </trkpt>
   <trkpt lat="45.7863250" lon="4.7306860">
    <ele>273.6</ele>
    <time>2026-08-07T09:48:27Z</time>
   </trkpt>
   <trkpt lat="45.7863260" lon="4.7306410">
    <ele>273.6</ele>
    <time>2026-08-07T09:48:28Z</time>
   </trkpt>
   <trkpt lat="45.7863270" lon="4.7306040">
    <ele>273.7</ele>
    <time>2026-08-07T09:48:29Z</time>
   </trkpt>
   <trkpt lat="45.7863190" lon="4.7305690">
    <ele>273.7</ele>
    <time>2026-08-07T09:48:30Z</time>
   </trkpt>
   <trkpt lat="45.7863170" lon="4.7305320">
    <ele>273.8</ele>
    <time>2026-08-07T09:48:31Z</time>
   </trkpt>
   <trkpt lat="45.7863170" lon="4.7305010">
    <ele>273.8</ele>
    <time>2026-08-07T09:48:32Z</time>
   </trkpt>
   <trkpt lat="45.7863330" lon="4.7304740">
    <ele>273.8</ele>
    <time>2026-08-07T09:48:33Z</time>
   </trkpt>
   <trkpt lat="45.7863430" lon="4.7304460">
    <ele>273.9</ele>
    <time>2026-08-07T09:48:34Z</time>
   </trkpt>
   <trkpt lat="45.7863330" lon="4.7304110">
    <ele>273.9</ele>
    <time>2026-08-07T09:48:35Z</time>
   </trkpt>
   <trkpt lat="45.7863410" lon="4.7303870">
    <ele>273.9</ele>
    <time>2026-08-07T09:48:36Z</time>
   </trkpt>
   <trkpt lat="45.7863360" lon="4.7303470">
    <ele>274.0</ele>
    <time>2026-08-07T09:48:37Z</time>
   </trkpt>
   <trkpt lat="45.7863380" lon="4.7303120">
    <ele>274.0</ele>
    <time>2026-08-07T09:48:38Z</time>
   </trkpt>
   <trkpt lat="45.7863410" lon="4.7302760">
    <ele>274.1</ele>
    <time>2026-08-07T09:48:39Z</time>
   </trkpt>
   <trkpt lat="45.7863450" lon="4.7302410">
    <ele>274.1</ele>
    <time>2026-08-07T09:48:40Z</time>
   </trkpt>
   <trkpt lat="45.7863500" lon="4.7302040">
    <ele>274.2</ele>
    <time>2026-08-07T09:48:41Z</time>
   </trkpt>
   <trkpt lat="45.7863490" lon="4.7301650">
    <ele>274.2</ele>
    <time>2026-08-07T09:48:42Z</time>
   </trkpt>
   <trkpt lat="45.7863590" lon="4.7301280">
    <ele>274.3</ele>
    <time>2026-08-07T09:48:43Z</time>
   </trkpt>
   <trkpt lat="45.7863460" lon="4.7300880">
    <ele>274.3</ele>
    <time>2026-08-07T09:48:44Z</time>
   </trkpt>
   <trkpt lat="45.7863260" lon="4.7300450">
    <ele>274.4</ele>
    <time>2026-08-07T09:48:45Z</time>
   </trkpt>
   <trkpt lat="45.7863150" lon="4.7300050">
    <ele>274.5</ele>
    <time>2026-08-07T09:48:46Z</time>
   </trkpt>
   <trkpt lat="45.7863030" lon="4.7299540">
    <ele>274.5</ele>
    <time>2026-08-07T09:48:47Z</time>
   </trkpt>
   <trkpt lat="45.7863230" lon="4.7298900">
    <ele>274.6</ele>
    <time>2026-08-07T09:48:48Z</time>
   </trkpt>
   <trkpt lat="45.7863190" lon="4.7298310">
    <ele>274.7</ele>
    <time>2026-08-07T09:48:49Z</time>
   </trkpt>
   <trkpt lat="45.7863120" lon="4.7297590">
    <ele>274.8</ele>
    <time>2026-08-07T09:48:50Z</time>
   </trkpt>
   <trkpt lat="45.7863080" lon="4.7296830">
    <ele>274.9</ele>
    <time>2026-08-07T09:48:51Z</time>
   </trkpt>
   <trkpt lat="45.7862860" lon="4.7296350">
    <ele>274.9</ele>
    <time>2026-08-07T09:48:52Z</time>
   </trkpt>
   <trkpt lat="45.7862710" lon="4.7295920">
    <ele>275.0</ele>
    <time>2026-08-07T09:48:53Z</time>
   </trkpt>
   <trkpt lat="45.7862640" lon="4.7295530">
    <ele>275.0</ele>
    <time>2026-08-07T09:48:54Z</time>
   </trkpt>
   <trkpt lat="45.7862630" lon="4.7295030">
    <ele>275.1</ele>
    <time>2026-08-07T09:48:55Z</time>
   </trkpt>
   <trkpt lat="45.7862670" lon="4.7294540">
    <ele>275.2</ele>
    <time>2026-08-07T09:48:56Z</time>
   </trkpt>
   <trkpt lat="45.7862610" lon="4.7293970">
    <ele>275.2</ele>
    <time>2026-08-07T09:48:57Z</time>
   </trkpt>
   <trkpt lat="45.7862570" lon="4.7293500">
    <ele>275.3</ele>
    <time>2026-08-07T09:48:58Z</time>
   </trkpt>
   <trkpt lat="45.7862610" lon="4.7293010">
    <ele>275.4</ele>
    <time>2026-08-07T09:48:59Z</time>
   </trkpt>
   <trkpt lat="45.7862530" lon="4.7292580">
    <ele>275.4</ele>
    <time>2026-08-07T09:49:01Z</time>
   </trkpt>
   <trkpt lat="45.7862520" lon="4.7292180">
    <ele>275.5</ele>
    <time>2026-08-07T09:49:02Z</time>
   </trkpt>
   <trkpt lat="45.7862550" lon="4.7291750">
    <ele>275.5</ele>
    <time>2026-08-07T09:49:03Z</time>
   </trkpt>
   <trkpt lat="45.7862600" lon="4.7291320">
    <ele>275.6</ele>
    <time>2026-08-07T09:49:04Z</time>
   </trkpt>
   <trkpt lat="45.7862650" lon="4.7290870">
    <ele>275.7</ele>
    <time>2026-08-07T09:49:05Z</time>
   </trkpt>
   <trkpt lat="45.7862610" lon="4.7290410">
    <ele>275.7</ele>
    <time>2026-08-07T09:49:06Z</time>
   </trkpt>
   <trkpt lat="45.7862670" lon="4.7290000">
    <ele>275.8</ele>
    <time>2026-08-07T09:49:07Z</time>
   </trkpt>
   <trkpt lat="45.7862700" lon="4.7289490">
    <ele>275.9</ele>
    <time>2026-08-07T09:49:08Z</time>
   </trkpt>
   <trkpt lat="45.7862690" lon="4.7288980">
    <ele>276.0</ele>
    <time>2026-08-07T09:49:09Z</time>
   </trkpt>
   <trkpt lat="45.7862670" lon="4.7288550">
    <ele>276.1</ele>
    <time>2026-08-07T09:49:10Z</time>
   </trkpt>
   <trkpt lat="45.7862620" lon="4.7288080">
    <ele>276.2</ele>
    <time>2026-08-07T09:49:11Z</time>
   </trkpt>
   <trkpt lat="45.7862660" lon="4.7287630">
    <ele>276.4</ele>
    <time>2026-08-07T09:49:12Z</time>
   </trkpt>
   <trkpt lat="45.7862730" lon="4.7287220">
    <ele>276.5</ele>
    <time>2026-08-07T09:49:13Z</time>
   </trkpt>
   <trkpt lat="45.7862810" lon="4.7286770">
    <ele>276.6</ele>
    <time>2026-08-07T09:49:14Z</time>
   </trkpt>
   <trkpt lat="45.7862880" lon="4.7286400">
    <ele>276.7</ele>
    <time>2026-08-07T09:49:15Z</time>
   </trkpt>
   <trkpt lat="45.7862900" lon="4.7286020">
    <ele>276.8</ele>
    <time>2026-08-07T09:49:16Z</time>
   </trkpt>
   <trkpt lat="45.7862870" lon="4.7285550">
    <ele>276.9</ele>
    <time>2026-08-07T09:49:17Z</time>
   </trkpt>
   <trkpt lat="45.7862940" lon="4.7285110">
    <ele>277.0</ele>
    <time>2026-08-07T09:49:18Z</time>
   </trkpt>
   <trkpt lat="45.7862990" lon="4.7284670">
    <ele>277.1</ele>
    <time>2026-08-07T09:49:19Z</time>
   </trkpt>
   <trkpt lat="45.7863180" lon="4.7283860">
    <ele>277.2</ele>
    <time>2026-08-07T09:49:20Z</time>
   </trkpt>
   <trkpt lat="45.7863260" lon="4.7283430">
    <ele>277.3</ele>
    <time>2026-08-07T09:49:21Z</time>
   </trkpt>
   <trkpt lat="45.7863300" lon="4.7283030">
    <ele>277.3</ele>
    <time>2026-08-07T09:49:22Z</time>
   </trkpt>
   <trkpt lat="45.7863380" lon="4.7282660">
    <ele>277.4</ele>
    <time>2026-08-07T09:49:23Z</time>
   </trkpt>
   <trkpt lat="45.7863510" lon="4.7282340">
    <ele>277.4</ele>
    <time>2026-08-07T09:49:24Z</time>
   </trkpt>
   <trkpt lat="45.7863620" lon="4.7282090">
    <ele>277.4</ele>
    <time>2026-08-07T09:49:25Z</time>
   </trkpt>
   <trkpt lat="45.7863760" lon="4.7281650">
    <ele>277.5</ele>
    <time>2026-08-07T09:49:26Z</time>
   </trkpt>
   <trkpt lat="45.7863880" lon="4.7281270">
    <ele>277.5</ele>
    <time>2026-08-07T09:49:27Z</time>
   </trkpt>
   <trkpt lat="45.7863990" lon="4.7280960">
    <ele>277.5</ele>
    <time>2026-08-07T09:49:28Z</time>
   </trkpt>
   <trkpt lat="45.7864100" lon="4.7280610">
    <ele>277.6</ele>
    <time>2026-08-07T09:49:29Z</time>
   </trkpt>
   <trkpt lat="45.7864260" lon="4.7280220">
    <ele>277.6</ele>
    <time>2026-08-07T09:49:30Z</time>
   </trkpt>
   <trkpt lat="45.7864360" lon="4.7279860">
    <ele>277.6</ele>
    <time>2026-08-07T09:49:31Z</time>
   </trkpt>
   <trkpt lat="45.7864530" lon="4.7279430">
    <ele>277.6</ele>
    <time>2026-08-07T09:49:32Z</time>
   </trkpt>
   <trkpt lat="45.7864670" lon="4.7279090">
    <ele>277.6</ele>
    <time>2026-08-07T09:49:33Z</time>
   </trkpt>
   <trkpt lat="45.7864810" lon="4.7278750">
    <ele>277.6</ele>
    <time>2026-08-07T09:49:34Z</time>
   </trkpt>
   <trkpt lat="45.7865030" lon="4.7278420">
    <ele>277.6</ele>
    <time>2026-08-07T09:49:35Z</time>
   </trkpt>
   <trkpt lat="45.7865160" lon="4.7278050">
    <ele>277.6</ele>
    <time>2026-08-07T09:49:36Z</time>
   </trkpt>
   <trkpt lat="45.7865260" lon="4.7277650">
    <ele>277.6</ele>
    <time>2026-08-07T09:49:37Z</time>
   </trkpt>
   <trkpt lat="45.7865410" lon="4.7277220">
    <ele>277.6</ele>
    <time>2026-08-07T09:49:38Z</time>
   </trkpt>
   <trkpt lat="45.7865530" lon="4.7276890">
    <ele>277.6</ele>
    <time>2026-08-07T09:49:39Z</time>
   </trkpt>
   <trkpt lat="45.7865690" lon="4.7276560">
    <ele>277.6</ele>
    <time>2026-08-07T09:49:40Z</time>
   </trkpt>
   <trkpt lat="45.7865900" lon="4.7276210">
    <ele>277.6</ele>
    <time>2026-08-07T09:49:41Z</time>
   </trkpt>
   <trkpt lat="45.7866080" lon="4.7275880">
    <ele>277.6</ele>
    <time>2026-08-07T09:49:42Z</time>
   </trkpt>
   <trkpt lat="45.7866230" lon="4.7275500">
    <ele>277.6</ele>
    <time>2026-08-07T09:49:43Z</time>
   </trkpt>
   <trkpt lat="45.7866440" lon="4.7275170">
    <ele>277.6</ele>
    <time>2026-08-07T09:49:44Z</time>
   </trkpt>
   <trkpt lat="45.7866710" lon="4.7274880">
    <ele>277.6</ele>
    <time>2026-08-07T09:49:45Z</time>
   </trkpt>
   <trkpt lat="45.7866910" lon="4.7274690">
    <ele>277.7</ele>
    <time>2026-08-07T09:49:46Z</time>
   </trkpt>
   <trkpt lat="45.7867130" lon="4.7274550">
    <ele>277.7</ele>
    <time>2026-08-07T09:49:47Z</time>
   </trkpt>
   <trkpt lat="45.7867320" lon="4.7274360">
    <ele>277.7</ele>
    <time>2026-08-07T09:49:48Z</time>
   </trkpt>
   <trkpt lat="45.7867600" lon="4.7274180">
    <ele>277.7</ele>
    <time>2026-08-07T09:49:49Z</time>
   </trkpt>
   <trkpt lat="45.7867800" lon="4.7273910">
    <ele>277.7</ele>
    <time>2026-08-07T09:49:50Z</time>
   </trkpt>
   <trkpt lat="45.7867990" lon="4.7273700">
    <ele>277.7</ele>
    <time>2026-08-07T09:49:51Z</time>
   </trkpt>
   <trkpt lat="45.7868220" lon="4.7273640">
    <ele>277.7</ele>
    <time>2026-08-07T09:49:52Z</time>
   </trkpt>
   <trkpt lat="45.7868530" lon="4.7273460">
    <ele>277.8</ele>
    <time>2026-08-07T09:49:53Z</time>
   </trkpt>
   <trkpt lat="45.7868800" lon="4.7273270">
    <ele>277.8</ele>
    <time>2026-08-07T09:49:54Z</time>
   </trkpt>
   <trkpt lat="45.7869100" lon="4.7273260">
    <ele>277.8</ele>
    <time>2026-08-07T09:49:55Z</time>
   </trkpt>
   <trkpt lat="45.7869380" lon="4.7273290">
    <ele>277.8</ele>
    <time>2026-08-07T09:49:56Z</time>
   </trkpt>
   <trkpt lat="45.7869700" lon="4.7273360">
    <ele>277.9</ele>
    <time>2026-08-07T09:49:57Z</time>
   </trkpt>
   <trkpt lat="45.7870020" lon="4.7273310">
    <ele>277.9</ele>
    <time>2026-08-07T09:49:58Z</time>
   </trkpt>
   <trkpt lat="45.7870310" lon="4.7273320">
    <ele>277.9</ele>
    <time>2026-08-07T09:49:59Z</time>
   </trkpt>
   <trkpt lat="45.7870650" lon="4.7273360">
    <ele>277.9</ele>
    <time>2026-08-07T09:50:00Z</time>
   </trkpt>
   <trkpt lat="45.7871000" lon="4.7273510">
    <ele>277.9</ele>
    <time>2026-08-07T09:50:01Z</time>
   </trkpt>
   <trkpt lat="45.7871300" lon="4.7273570">
    <ele>278.0</ele>
    <time>2026-08-07T09:50:02Z</time>
   </trkpt>
   <trkpt lat="45.7871610" lon="4.7273590">
    <ele>278.0</ele>
    <time>2026-08-07T09:50:03Z</time>
   </trkpt>
   <trkpt lat="45.7871910" lon="4.7273770">
    <ele>278.0</ele>
    <time>2026-08-07T09:50:04Z</time>
   </trkpt>
   <trkpt lat="45.7872150" lon="4.7274030">
    <ele>278.0</ele>
    <time>2026-08-07T09:50:05Z</time>
   </trkpt>
   <trkpt lat="45.7872390" lon="4.7274130">
    <ele>278.0</ele>
    <time>2026-08-07T09:50:06Z</time>
   </trkpt>
   <trkpt lat="45.7872630" lon="4.7274280">
    <ele>278.0</ele>
    <time>2026-08-07T09:50:07Z</time>
   </trkpt>
   <trkpt lat="45.7872920" lon="4.7274450">
    <ele>278.0</ele>
    <time>2026-08-07T09:50:08Z</time>
   </trkpt>
   <trkpt lat="45.7873220" lon="4.7274700">
    <ele>278.0</ele>
    <time>2026-08-07T09:50:09Z</time>
   </trkpt>
   <trkpt lat="45.7873530" lon="4.7274800">
    <ele>278.0</ele>
    <time>2026-08-07T09:50:10Z</time>
   </trkpt>
   <trkpt lat="45.7873830" lon="4.7274950">
    <ele>277.9</ele>
    <time>2026-08-07T09:50:11Z</time>
   </trkpt>
   <trkpt lat="45.7874090" lon="4.7275120">
    <ele>277.9</ele>
    <time>2026-08-07T09:50:12Z</time>
   </trkpt>
   <trkpt lat="45.7874230" lon="4.7275240">
    <ele>277.9</ele>
    <time>2026-08-07T09:50:13Z</time>
   </trkpt>
   <trkpt lat="45.7874450" lon="4.7275290">
    <ele>277.9</ele>
    <time>2026-08-07T09:50:14Z</time>
   </trkpt>
   <trkpt lat="45.7874640" lon="4.7275340">
    <ele>277.9</ele>
    <time>2026-08-07T09:50:15Z</time>
   </trkpt>
   <trkpt lat="45.7875600" lon="4.7275620">
    <ele>277.7</ele>
    <time>2026-08-07T09:50:33Z</time>
   </trkpt>
   <trkpt lat="45.7875990" lon="4.7275430">
    <ele>277.6</ele>
    <time>2026-08-07T09:50:34Z</time>
   </trkpt>
   <trkpt lat="45.7876330" lon="4.7275230">
    <ele>277.6</ele>
    <time>2026-08-07T09:50:35Z</time>
   </trkpt>
   <trkpt lat="45.7876570" lon="4.7275300">
    <ele>277.5</ele>
    <time>2026-08-07T09:50:36Z</time>
   </trkpt>
   <trkpt lat="45.7876820" lon="4.7275180">
    <ele>277.4</ele>
    <time>2026-08-07T09:50:37Z</time>
   </trkpt>
   <trkpt lat="45.7877080" lon="4.7274990">
    <ele>277.3</ele>
    <time>2026-08-07T09:50:38Z</time>
   </trkpt>
   <trkpt lat="45.7877280" lon="4.7274770">
    <ele>277.3</ele>
    <time>2026-08-07T09:50:39Z</time>
   </trkpt>
   <trkpt lat="45.7877470" lon="4.7274530">
    <ele>277.2</ele>
    <time>2026-08-07T09:50:40Z</time>
   </trkpt>
   <trkpt lat="45.7877750" lon="4.7274510">
    <ele>277.1</ele>
    <time>2026-08-07T09:50:41Z</time>
   </trkpt>
   <trkpt lat="45.7878020" lon="4.7274450">
    <ele>277.0</ele>
    <time>2026-08-07T09:50:42Z</time>
   </trkpt>
   <trkpt lat="45.7878260" lon="4.7274260">
    <ele>276.9</ele>
    <time>2026-08-07T09:50:43Z</time>
   </trkpt>
   <trkpt lat="45.7878600" lon="4.7274090">
    <ele>276.8</ele>
    <time>2026-08-07T09:50:44Z</time>
   </trkpt>
   <trkpt lat="45.7878970" lon="4.7273990">
    <ele>276.6</ele>
    <time>2026-08-07T09:50:45Z</time>
   </trkpt>
   <trkpt lat="45.7879360" lon="4.7273770">
    <ele>276.3</ele>
    <time>2026-08-07T09:50:46Z</time>
   </trkpt>
   <trkpt lat="45.7879770" lon="4.7273670">
    <ele>276.1</ele>
    <time>2026-08-07T09:50:47Z</time>
   </trkpt>
   <trkpt lat="45.7880100" lon="4.7273500">
    <ele>275.8</ele>
    <time>2026-08-07T09:50:48Z</time>
   </trkpt>
   <trkpt lat="45.7880410" lon="4.7273210">
    <ele>275.6</ele>
    <time>2026-08-07T09:50:49Z</time>
   </trkpt>
   <trkpt lat="45.7880720" lon="4.7273050">
    <ele>275.4</ele>
    <time>2026-08-07T09:50:50Z</time>
   </trkpt>
   <trkpt lat="45.7881030" lon="4.7272890">
    <ele>275.1</ele>
    <time>2026-08-07T09:50:51Z</time>
   </trkpt>
   <trkpt lat="45.7881320" lon="4.7272580">
    <ele>274.9</ele>
    <time>2026-08-07T09:50:52Z</time>
   </trkpt>
   <trkpt lat="45.7881580" lon="4.7272430">
    <ele>274.7</ele>
    <time>2026-08-07T09:50:53Z</time>
   </trkpt>
   <trkpt lat="45.7881890" lon="4.7272200">
    <ele>274.4</ele>
    <time>2026-08-07T09:50:54Z</time>
   </trkpt>
   <trkpt lat="45.7882280" lon="4.7272060">
    <ele>274.1</ele>
    <time>2026-08-07T09:50:55Z</time>
   </trkpt>
   <trkpt lat="45.7882550" lon="4.7271920">
    <ele>273.9</ele>
    <time>2026-08-07T09:50:56Z</time>
   </trkpt>
   <trkpt lat="45.7882830" lon="4.7271770">
    <ele>273.7</ele>
    <time>2026-08-07T09:50:57Z</time>
   </trkpt>
   <trkpt lat="45.7883120" lon="4.7271590">
    <ele>273.5</ele>
    <time>2026-08-07T09:50:58Z</time>
   </trkpt>
   <trkpt lat="45.7883420" lon="4.7271450">
    <ele>273.3</ele>
    <time>2026-08-07T09:50:59Z</time>
   </trkpt>
   <trkpt lat="45.7883760" lon="4.7271340">
    <ele>273.0</ele>
    <time>2026-08-07T09:51:00Z</time>
   </trkpt>
   <trkpt lat="45.7884010" lon="4.7271180">
    <ele>272.9</ele>
    <time>2026-08-07T09:51:01Z</time>
   </trkpt>
   <trkpt lat="45.7884200" lon="4.7271000">
    <ele>272.7</ele>
    <time>2026-08-07T09:51:02Z</time>
   </trkpt>
   <trkpt lat="45.7884210" lon="4.7270650">
    <ele>272.6</ele>
    <time>2026-08-07T09:51:03Z</time>
   </trkpt>
   <trkpt lat="45.7884450" lon="4.7270550">
    <ele>272.4</ele>
    <time>2026-08-07T09:51:04Z</time>
   </trkpt>
   <trkpt lat="45.7884730" lon="4.7270410">
    <ele>272.2</ele>
    <time>2026-08-07T09:51:05Z</time>
   </trkpt>
   <trkpt lat="45.7884860" lon="4.7269860">
    <ele>272.0</ele>
    <time>2026-08-07T09:51:06Z</time>
   </trkpt>
   <trkpt lat="45.7885120" lon="4.7269510">
    <ele>271.7</ele>
    <time>2026-08-07T09:51:07Z</time>
   </trkpt>
   <trkpt lat="45.7885500" lon="4.7269140">
    <ele>271.5</ele>
    <time>2026-08-07T09:51:08Z</time>
   </trkpt>
   <trkpt lat="45.7885770" lon="4.7268850">
    <ele>271.3</ele>
    <time>2026-08-07T09:51:10Z</time>
   </trkpt>
   <trkpt lat="45.7886190" lon="4.7268750">
    <ele>271.0</ele>
    <time>2026-08-07T09:51:11Z</time>
   </trkpt>
   <trkpt lat="45.7886530" lon="4.7268870">
    <ele>270.8</ele>
    <time>2026-08-07T09:51:12Z</time>
   </trkpt>
   <trkpt lat="45.7886890" lon="4.7268900">
    <ele>270.6</ele>
    <time>2026-08-07T09:51:13Z</time>
   </trkpt>
   <trkpt lat="45.7887260" lon="4.7268900">
    <ele>270.4</ele>
    <time>2026-08-07T09:51:14Z</time>
   </trkpt>
   <trkpt lat="45.7887570" lon="4.7268960">
    <ele>270.2</ele>
    <time>2026-08-07T09:51:15Z</time>
   </trkpt>
   <trkpt lat="45.7887900" lon="4.7268970">
    <ele>270.1</ele>
    <time>2026-08-07T09:51:16Z</time>
   </trkpt>
   <trkpt lat="45.7888210" lon="4.7268860">
    <ele>269.9</ele>
    <time>2026-08-07T09:51:17Z</time>
   </trkpt>
   <trkpt lat="45.7888510" lon="4.7268730">
    <ele>269.7</ele>
    <time>2026-08-07T09:51:18Z</time>
   </trkpt>
   <trkpt lat="45.7888790" lon="4.7268650">
    <ele>269.5</ele>
    <time>2026-08-07T09:51:19Z</time>
   </trkpt>
   <trkpt lat="45.7889080" lon="4.7268670">
    <ele>269.4</ele>
    <time>2026-08-07T09:51:20Z</time>
   </trkpt>
   <trkpt lat="45.7889430" lon="4.7268570">
    <ele>269.2</ele>
    <time>2026-08-07T09:51:21Z</time>
   </trkpt>
   <trkpt lat="45.7889740" lon="4.7268590">
    <ele>269.0</ele>
    <time>2026-08-07T09:51:22Z</time>
   </trkpt>
   <trkpt lat="45.7890030" lon="4.7268520">
    <ele>268.8</ele>
    <time>2026-08-07T09:51:23Z</time>
   </trkpt>
   <trkpt lat="45.7890650" lon="4.7268410">
    <ele>268.4</ele>
    <time>2026-08-07T09:51:24Z</time>
   </trkpt>
   <trkpt lat="45.7890910" lon="4.7268010">
    <ele>268.2</ele>
    <time>2026-08-07T09:51:25Z</time>
   </trkpt>
   <trkpt lat="45.7891220" lon="4.7267730">
    <ele>268.0</ele>
    <time>2026-08-07T09:51:26Z</time>
   </trkpt>
   <trkpt lat="45.7891540" lon="4.7267550">
    <ele>267.9</ele>
    <time>2026-08-07T09:51:27Z</time>
   </trkpt>
   <trkpt lat="45.7891800" lon="4.7267150">
    <ele>267.7</ele>
    <time>2026-08-07T09:51:28Z</time>
   </trkpt>
   <trkpt lat="45.7892100" lon="4.7266930">
    <ele>267.5</ele>
    <time>2026-08-07T09:51:29Z</time>
   </trkpt>
   <trkpt lat="45.7892430" lon="4.7266790">
    <ele>267.3</ele>
    <time>2026-08-07T09:51:30Z</time>
   </trkpt>
   <trkpt lat="45.7892770" lon="4.7266480">
    <ele>267.1</ele>
    <time>2026-08-07T09:51:31Z</time>
   </trkpt>
   <trkpt lat="45.7893030" lon="4.7266470">
    <ele>267.0</ele>
    <time>2026-08-07T09:51:32Z</time>
   </trkpt>
   <trkpt lat="45.7893320" lon="4.7266480">
    <ele>266.8</ele>
    <time>2026-08-07T09:51:33Z</time>
   </trkpt>
   <trkpt lat="45.7893610" lon="4.7266690">
    <ele>266.6</ele>
    <time>2026-08-07T09:51:34Z</time>
   </trkpt>
   <trkpt lat="45.7893830" lon="4.7266790">
    <ele>266.5</ele>
    <time>2026-08-07T09:51:35Z</time>
   </trkpt>
   <trkpt lat="45.7894190" lon="4.7267190">
    <ele>266.3</ele>
    <time>2026-08-07T09:51:36Z</time>
   </trkpt>
   <trkpt lat="45.7894360" lon="4.7267550">
    <ele>266.1</ele>
    <time>2026-08-07T09:51:37Z</time>
   </trkpt>
   <trkpt lat="45.7894430" lon="4.7267920">
    <ele>265.9</ele>
    <time>2026-08-07T09:51:38Z</time>
   </trkpt>
   <trkpt lat="45.7894270" lon="4.7268200">
    <ele>265.8</ele>
    <time>2026-08-07T09:51:39Z</time>
   </trkpt>
   <trkpt lat="45.7894160" lon="4.7268520">
    <ele>265.7</ele>
    <time>2026-08-07T09:51:40Z</time>
   </trkpt>
   <trkpt lat="45.7894050" lon="4.7268730">
    <ele>265.6</ele>
    <time>2026-08-07T09:51:41Z</time>
   </trkpt>
   <trkpt lat="45.7893710" lon="4.7269030">
    <ele>265.4</ele>
    <time>2026-08-07T09:51:42Z</time>
   </trkpt>
   <trkpt lat="45.7893410" lon="4.7269490">
    <ele>265.2</ele>
    <time>2026-08-07T09:51:43Z</time>
   </trkpt>
   <trkpt lat="45.7893210" lon="4.7269700">
    <ele>265.0</ele>
    <time>2026-08-07T09:51:44Z</time>
   </trkpt>
   <trkpt lat="45.7892830" lon="4.7269750">
    <ele>264.9</ele>
    <time>2026-08-07T09:51:45Z</time>
   </trkpt>
   <trkpt lat="45.7892480" lon="4.7270030">
    <ele>264.7</ele>
    <time>2026-08-07T09:51:46Z</time>
   </trkpt>
   <trkpt lat="45.7892070" lon="4.7270630">
    <ele>264.4</ele>
    <time>2026-08-07T09:51:47Z</time>
   </trkpt>
   <trkpt lat="45.7891850" lon="4.7271220">
    <ele>264.2</ele>
    <time>2026-08-07T09:51:48Z</time>
   </trkpt>
   <trkpt lat="45.7891600" lon="4.7271640">
    <ele>264.0</ele>
    <time>2026-08-07T09:51:49Z</time>
   </trkpt>
   <trkpt lat="45.7891410" lon="4.7272030">
    <ele>263.8</ele>
    <time>2026-08-07T09:51:50Z</time>
   </trkpt>
   <trkpt lat="45.7891280" lon="4.7272720">
    <ele>263.6</ele>
    <time>2026-08-07T09:51:51Z</time>
   </trkpt>
   <trkpt lat="45.7891090" lon="4.7273260">
    <ele>263.3</ele>
    <time>2026-08-07T09:51:52Z</time>
   </trkpt>
   <trkpt lat="45.7890620" lon="4.7273770">
    <ele>262.9</ele>
    <time>2026-08-07T09:51:53Z</time>
   </trkpt>
   <trkpt lat="45.7890450" lon="4.7274360">
    <ele>262.6</ele>
    <time>2026-08-07T09:51:54Z</time>
   </trkpt>
   <trkpt lat="45.7890240" lon="4.7274900">
    <ele>262.4</ele>
    <time>2026-08-07T09:51:55Z</time>
   </trkpt>
   <trkpt lat="45.7890140" lon="4.7275480">
    <ele>262.1</ele>
    <time>2026-08-07T09:51:56Z</time>
   </trkpt>
   <trkpt lat="45.7890140" lon="4.7276050">
    <ele>261.9</ele>
    <time>2026-08-07T09:51:57Z</time>
   </trkpt>
   <trkpt lat="45.7890130" lon="4.7276480">
    <ele>261.7</ele>
    <time>2026-08-07T09:51:58Z</time>
   </trkpt>
   <trkpt lat="45.7890160" lon="4.7276960">
    <ele>261.5</ele>
    <time>2026-08-07T09:51:59Z</time>
   </trkpt>
   <trkpt lat="45.7890220" lon="4.7277450">
    <ele>261.2</ele>
    <time>2026-08-07T09:52:00Z</time>
   </trkpt>
   <trkpt lat="45.7890290" lon="4.7277900">
    <ele>261.0</ele>
    <time>2026-08-07T09:52:01Z</time>
   </trkpt>
   <trkpt lat="45.7890280" lon="4.7278200">
    <ele>260.9</ele>
    <time>2026-08-07T09:52:02Z</time>
   </trkpt>
   <trkpt lat="45.7890250" lon="4.7278540">
    <ele>260.7</ele>
    <time>2026-08-07T09:52:03Z</time>
   </trkpt>
   <trkpt lat="45.7890370" lon="4.7278760">
    <ele>260.6</ele>
    <time>2026-08-07T09:52:04Z</time>
   </trkpt>
   <trkpt lat="45.7890380" lon="4.7279220">
    <ele>260.4</ele>
    <time>2026-08-07T09:52:05Z</time>
   </trkpt>
   <trkpt lat="45.7890350" lon="4.7279650">
    <ele>260.2</ele>
    <time>2026-08-07T09:52:06Z</time>
   </trkpt>
   <trkpt lat="45.7890310" lon="4.7280070">
    <ele>260.0</ele>
    <time>2026-08-07T09:52:07Z</time>
   </trkpt>
   <trkpt lat="45.7890300" lon="4.7280640">
    <ele>259.7</ele>
    <time>2026-08-07T09:52:08Z</time>
   </trkpt>
   <trkpt lat="45.7890340" lon="4.7281050">
    <ele>259.5</ele>
    <time>2026-08-07T09:52:09Z</time>
   </trkpt>
   <trkpt lat="45.7890440" lon="4.7281530">
    <ele>259.3</ele>
    <time>2026-08-07T09:52:10Z</time>
   </trkpt>
   <trkpt lat="45.7890320" lon="4.7282110">
    <ele>259.0</ele>
    <time>2026-08-07T09:52:11Z</time>
   </trkpt>
   <trkpt lat="45.7890220" lon="4.7282550">
    <ele>258.9</ele>
    <time>2026-08-07T09:52:12Z</time>
   </trkpt>
   <trkpt lat="45.7890040" lon="4.7282980">
    <ele>258.7</ele>
    <time>2026-08-07T09:52:13Z</time>
   </trkpt>
   <trkpt lat="45.7889850" lon="4.7283320">
    <ele>258.5</ele>
    <time>2026-08-07T09:52:14Z</time>
   </trkpt>
   <trkpt lat="45.7889670" lon="4.7283700">
    <ele>258.3</ele>
    <time>2026-08-07T09:52:15Z</time>
   </trkpt>
   <trkpt lat="45.7889360" lon="4.7283800">
    <ele>258.2</ele>
    <time>2026-08-07T09:52:16Z</time>
   </trkpt>
   <trkpt lat="45.7889160" lon="4.7284000">
    <ele>258.0</ele>
    <time>2026-08-07T09:52:17Z</time>
   </trkpt>
   <trkpt lat="45.7888790" lon="4.7284260">
    <ele>257.8</ele>
    <time>2026-08-07T09:52:18Z</time>
   </trkpt>
   <trkpt lat="45.7888440" lon="4.7284620">
    <ele>257.6</ele>
    <time>2026-08-07T09:52:19Z</time>
   </trkpt>
   <trkpt lat="45.7888180" lon="4.7284940">
    <ele>257.4</ele>
    <time>2026-08-07T09:52:20Z</time>
   </trkpt>
   <trkpt lat="45.7887930" lon="4.7285170">
    <ele>257.3</ele>
    <time>2026-08-07T09:52:21Z</time>
   </trkpt>
   <trkpt lat="45.7887750" lon="4.7285570">
    <ele>257.1</ele>
    <time>2026-08-07T09:52:22Z</time>
   </trkpt>
   <trkpt lat="45.7887560" lon="4.7286000">
    <ele>256.9</ele>
    <time>2026-08-07T09:52:23Z</time>
   </trkpt>
   <trkpt lat="45.7887300" lon="4.7286500">
    <ele>256.6</ele>
    <time>2026-08-07T09:52:24Z</time>
   </trkpt>
   <trkpt lat="45.7887060" lon="4.7286850">
    <ele>256.4</ele>
    <time>2026-08-07T09:52:25Z</time>
   </trkpt>
   <trkpt lat="45.7886790" lon="4.7287090">
    <ele>256.3</ele>
    <time>2026-08-07T09:52:26Z</time>
   </trkpt>
   <trkpt lat="45.7886510" lon="4.7287140">
    <ele>256.2</ele>
    <time>2026-08-07T09:52:27Z</time>
   </trkpt>
   <trkpt lat="45.7886230" lon="4.7287340">
    <ele>256.0</ele>
    <time>2026-08-07T09:52:28Z</time>
   </trkpt>
   <trkpt lat="45.7885990" lon="4.7287730">
    <ele>255.9</ele>
    <time>2026-08-07T09:52:29Z</time>
   </trkpt>
   <trkpt lat="45.7885710" lon="4.7287920">
    <ele>255.7</ele>
    <time>2026-08-07T09:52:30Z</time>
   </trkpt>
   <trkpt lat="45.7885430" lon="4.7288170">
    <ele>255.6</ele>
    <time>2026-08-07T09:52:31Z</time>
   </trkpt>
   <trkpt lat="45.7885150" lon="4.7288370">
    <ele>255.4</ele>
    <time>2026-08-07T09:52:32Z</time>
   </trkpt>
   <trkpt lat="45.7884890" lon="4.7288750">
    <ele>255.3</ele>
    <time>2026-08-07T09:52:33Z</time>
   </trkpt>
   <trkpt lat="45.7884600" lon="4.7289020">
    <ele>255.1</ele>
    <time>2026-08-07T09:52:34Z</time>
   </trkpt>
   <trkpt lat="45.7884360" lon="4.7289340">
    <ele>255.0</ele>
    <time>2026-08-07T09:52:35Z</time>
   </trkpt>
   <trkpt lat="45.7884100" lon="4.7289500">
    <ele>254.9</ele>
    <time>2026-08-07T09:52:36Z</time>
   </trkpt>
   <trkpt lat="45.7883860" lon="4.7289930">
    <ele>254.8</ele>
    <time>2026-08-07T09:52:37Z</time>
   </trkpt>
   <trkpt lat="45.7883620" lon="4.7290530">
    <ele>254.6</ele>
    <time>2026-08-07T09:52:38Z</time>
   </trkpt>
   <trkpt lat="45.7883390" lon="4.7290820">
    <ele>254.5</ele>
    <time>2026-08-07T09:52:39Z</time>
   </trkpt>
   <trkpt lat="45.7883120" lon="4.7291030">
    <ele>254.4</ele>
    <time>2026-08-07T09:52:40Z</time>
   </trkpt>
   <trkpt lat="45.7882830" lon="4.7291290">
    <ele>254.3</ele>
    <time>2026-08-07T09:52:41Z</time>
   </trkpt>
   <trkpt lat="45.7882630" lon="4.7291700">
    <ele>254.2</ele>
    <time>2026-08-07T09:52:42Z</time>
   </trkpt>
   <trkpt lat="45.7882370" lon="4.7291860">
    <ele>254.1</ele>
    <time>2026-08-07T09:52:43Z</time>
   </trkpt>
   <trkpt lat="45.7882080" lon="4.7291920">
    <ele>254.0</ele>
    <time>2026-08-07T09:52:44Z</time>
   </trkpt>
   <trkpt lat="45.7881830" lon="4.7292250">
    <ele>253.9</ele>
    <time>2026-08-07T09:52:45Z</time>
   </trkpt>
   <trkpt lat="45.7881500" lon="4.7292480">
    <ele>253.7</ele>
    <time>2026-08-07T09:52:46Z</time>
   </trkpt>
   <trkpt lat="45.7881250" lon="4.7292600">
    <ele>253.6</ele>
    <time>2026-08-07T09:52:47Z</time>
   </trkpt>
   <trkpt lat="45.7880920" lon="4.7292830">
    <ele>253.4</ele>
    <time>2026-08-07T09:52:48Z</time>
   </trkpt>
   <trkpt lat="45.7880650" lon="4.7293030">
    <ele>253.3</ele>
    <time>2026-08-07T09:52:49Z</time>
   </trkpt>
   <trkpt lat="45.7880350" lon="4.7293030">
    <ele>253.1</ele>
    <time>2026-08-07T09:52:50Z</time>
   </trkpt>
   <trkpt lat="45.7880080" lon="4.7293240">
    <ele>253.0</ele>
    <time>2026-08-07T09:52:51Z</time>
   </trkpt>
   <trkpt lat="45.7879910" lon="4.7293310">
    <ele>252.9</ele>
    <time>2026-08-07T09:52:52Z</time>
   </trkpt>
   <trkpt lat="45.7879670" lon="4.7293910">
    <ele>252.6</ele>
    <time>2026-08-07T09:52:53Z</time>
   </trkpt>
   <trkpt lat="45.7879450" lon="4.7294210">
    <ele>252.4</ele>
    <time>2026-08-07T09:52:54Z</time>
   </trkpt>
   <trkpt lat="45.7879200" lon="4.7294650">
    <ele>252.2</ele>
    <time>2026-08-07T09:52:55Z</time>
   </trkpt>
   <trkpt lat="45.7878900" lon="4.7294950">
    <ele>251.9</ele>
    <time>2026-08-07T09:52:56Z</time>
   </trkpt>
   <trkpt lat="45.7878690" lon="4.7295390">
    <ele>251.7</ele>
    <time>2026-08-07T09:52:57Z</time>
   </trkpt>
   <trkpt lat="45.7878470" lon="4.7295870">
    <ele>251.5</ele>
    <time>2026-08-07T09:52:58Z</time>
   </trkpt>
   <trkpt lat="45.7878240" lon="4.7296320">
    <ele>251.2</ele>
    <time>2026-08-07T09:52:59Z</time>
   </trkpt>
   <trkpt lat="45.7877970" lon="4.7296720">
    <ele>251.0</ele>
    <time>2026-08-07T09:53:00Z</time>
   </trkpt>
   <trkpt lat="45.7877800" lon="4.7297590">
    <ele>250.6</ele>
    <time>2026-08-07T09:53:01Z</time>
   </trkpt>
   <trkpt lat="45.7877570" lon="4.7298190">
    <ele>250.4</ele>
    <time>2026-08-07T09:53:02Z</time>
   </trkpt>
   <trkpt lat="45.7877300" lon="4.7298760">
    <ele>250.2</ele>
    <time>2026-08-07T09:53:03Z</time>
   </trkpt>
   <trkpt lat="45.7877210" lon="4.7299050">
    <ele>250.1</ele>
    <time>2026-08-07T09:53:04Z</time>
   </trkpt>
   <trkpt lat="45.7877340" lon="4.7299580">
    <ele>249.9</ele>
    <time>2026-08-07T09:53:05Z</time>
   </trkpt>
   <trkpt lat="45.7877550" lon="4.7299940">
    <ele>249.8</ele>
    <time>2026-08-07T09:53:06Z</time>
   </trkpt>
   <trkpt lat="45.7877830" lon="4.7300340">
    <ele>249.7</ele>
    <time>2026-08-07T09:53:07Z</time>
   </trkpt>
   <trkpt lat="45.7877910" lon="4.7300850">
    <ele>249.6</ele>
    <time>2026-08-07T09:53:08Z</time>
   </trkpt>
   <trkpt lat="45.7878250" lon="4.7301060">
    <ele>249.4</ele>
    <time>2026-08-07T09:53:09Z</time>
   </trkpt>
   <trkpt lat="45.7878340" lon="4.7301660">
    <ele>249.3</ele>
    <time>2026-08-07T09:53:10Z</time>
   </trkpt>
   <trkpt lat="45.7878250" lon="4.7302110">
    <ele>249.2</ele>
    <time>2026-08-07T09:53:11Z</time>
   </trkpt>
   <trkpt lat="45.7878240" lon="4.7302570">
    <ele>249.1</ele>
    <time>2026-08-07T09:53:13Z</time>
   </trkpt>
   <trkpt lat="45.7878650" lon="4.7302940">
    <ele>249.0</ele>
    <time>2026-08-07T09:53:14Z</time>
   </trkpt>
   <trkpt lat="45.7878860" lon="4.7303000">
    <ele>248.9</ele>
    <time>2026-08-07T09:53:15Z</time>
   </trkpt>
   <trkpt lat="45.7879220" lon="4.7303070">
    <ele>248.7</ele>
    <time>2026-08-07T09:53:16Z</time>
   </trkpt>
   <trkpt lat="45.7879430" lon="4.7303410">
    <ele>248.5</ele>
    <time>2026-08-07T09:53:17Z</time>
   </trkpt>
   <trkpt lat="45.7879380" lon="4.7304010">
    <ele>248.3</ele>
    <time>2026-08-07T09:53:18Z</time>
   </trkpt>
   <trkpt lat="45.7879160" lon="4.7304650">
    <ele>248.1</ele>
    <time>2026-08-07T09:53:19Z</time>
   </trkpt>
   <trkpt lat="45.7879060" lon="4.7305140">
    <ele>248.0</ele>
    <time>2026-08-07T09:53:20Z</time>
   </trkpt>
   <trkpt lat="45.7879090" lon="4.7305500">
    <ele>247.9</ele>
    <time>2026-08-07T09:53:21Z</time>
   </trkpt>
   <trkpt lat="45.7878830" lon="4.7305590">
    <ele>247.8</ele>
    <time>2026-08-07T09:53:22Z</time>
   </trkpt>
   <trkpt lat="45.7878700" lon="4.7305630">
    <ele>247.8</ele>
    <time>2026-08-07T09:53:23Z</time>
   </trkpt>
   <trkpt lat="45.7878500" lon="4.7305740">
    <ele>247.7</ele>
    <time>2026-08-07T09:53:24Z</time>
   </trkpt>
   <trkpt lat="45.7878370" lon="4.7306030">
    <ele>247.6</ele>
    <time>2026-08-07T09:53:25Z</time>
   </trkpt>
   <trkpt lat="45.7878140" lon="4.7305810">
    <ele>247.6</ele>
    <time>2026-08-07T09:53:26Z</time>
   </trkpt>
   <trkpt lat="45.7878020" lon="4.7306100">
    <ele>247.5</ele>
    <time>2026-08-07T09:53:27Z</time>
   </trkpt>
   <trkpt lat="45.7877990" lon="4.7306430">
    <ele>247.5</ele>
    <time>2026-08-07T09:53:28Z</time>
   </trkpt>
   <trkpt lat="45.7877710" lon="4.7306920">
    <ele>247.4</ele>
    <time>2026-08-07T09:53:29Z</time>
   </trkpt>
   <trkpt lat="45.7877670" lon="4.7307370">
    <ele>247.3</ele>
    <time>2026-08-07T09:53:30Z</time>
   </trkpt>
   <trkpt lat="45.7877630" lon="4.7307810">
    <ele>247.3</ele>
    <time>2026-08-07T09:53:31Z</time>
   </trkpt>
   <trkpt lat="45.7877590" lon="4.7308490">
    <ele>247.2</ele>
    <time>2026-08-07T09:53:32Z</time>
   </trkpt>
   <trkpt lat="45.7877350" lon="4.7308860">
    <ele>247.2</ele>
    <time>2026-08-07T09:53:33Z</time>
   </trkpt>
   <trkpt lat="45.7876950" lon="4.7308900">
    <ele>247.1</ele>
    <time>2026-08-07T09:53:34Z</time>
   </trkpt>
   <trkpt lat="45.7876750" lon="4.7309130">
    <ele>247.1</ele>
    <time>2026-08-07T09:53:35Z</time>
   </trkpt>
   <trkpt lat="45.7876770" lon="4.7309380">
    <ele>247.0</ele>
    <time>2026-08-07T09:53:36Z</time>
   </trkpt>
   <trkpt lat="45.7876550" lon="4.7309730">
    <ele>247.0</ele>
    <time>2026-08-07T09:53:37Z</time>
   </trkpt>
   <trkpt lat="45.7876420" lon="4.7309770">
    <ele>247.0</ele>
    <time>2026-08-07T09:53:38Z</time>
   </trkpt>
   <trkpt lat="45.7876090" lon="4.7309930">
    <ele>247.0</ele>
    <time>2026-08-07T09:53:39Z</time>
   </trkpt>
   <trkpt lat="45.7876020" lon="4.7310130">
    <ele>247.0</ele>
    <time>2026-08-07T09:53:40Z</time>
   </trkpt>
   <trkpt lat="45.7875990" lon="4.7310570">
    <ele>247.0</ele>
    <time>2026-08-07T09:53:41Z</time>
   </trkpt>
   <trkpt lat="45.7876110" lon="4.7310790">
    <ele>247.0</ele>
    <time>2026-08-07T09:53:42Z</time>
   </trkpt>
   <trkpt lat="45.7876250" lon="4.7310900">
    <ele>247.0</ele>
    <time>2026-08-07T09:53:43Z</time>
   </trkpt>
   <trkpt lat="45.7876530" lon="4.7310650">
    <ele>247.6</ele>
    <time>2026-08-07T09:53:44Z</time>
   </trkpt>
   <trkpt lat="45.7876790" lon="4.7310250">
    <ele>248.2</ele>
    <time>2026-08-07T09:53:45Z</time>
   </trkpt>
   <trkpt lat="45.7876970" lon="4.7309770">
    <ele>248.8</ele>
    <time>2026-08-07T09:53:46Z</time>
   </trkpt>
   <trkpt lat="45.7877080" lon="4.7309620">
    <ele>249.1</ele>
    <time>2026-08-07T09:53:47Z</time>
   </trkpt>
   <trkpt lat="45.7877290" lon="4.7309650">
    <ele>249.4</ele>
    <time>2026-08-07T09:53:48Z</time>
   </trkpt>
   <trkpt lat="45.7877560" lon="4.7309460">
    <ele>249.9</ele>
    <time>2026-08-07T09:53:49Z</time>
   </trkpt>
   <trkpt lat="45.7877720" lon="4.7309320">
    <ele>250.2</ele>
    <time>2026-08-07T09:53:50Z</time>
   </trkpt>
   <trkpt lat="45.7877860" lon="4.7309260">
    <ele>250.5</ele>
    <time>2026-08-07T09:53:51Z</time>
   </trkpt>
   <trkpt lat="45.7877980" lon="4.7309560">
    <ele>249.9</ele>
    <time>2026-08-07T09:53:52Z</time>
   </trkpt>
   <trkpt lat="45.7877910" lon="4.7309940">
    <ele>249.7</ele>
    <time>2026-08-07T09:53:53Z</time>
   </trkpt>
   <trkpt lat="45.7877670" lon="4.7310080">
    <ele>249.9</ele>
    <time>2026-08-07T09:53:54Z</time>
   </trkpt>
   <trkpt lat="45.7877660" lon="4.7310200">
    <ele>249.9</ele>
    <time>2026-08-07T09:53:55Z</time>
   </trkpt>
   <trkpt lat="45.7877640" lon="4.7310510">
    <ele>249.7</ele>
    <time>2026-08-07T09:53:56Z</time>
   </trkpt>
   <trkpt lat="45.7877670" lon="4.7310610">
    <ele>249.7</ele>
    <time>2026-08-07T09:53:57Z</time>
   </trkpt>
   <trkpt lat="45.7878020" lon="4.7310940">
    <ele>249.2</ele>
    <time>2026-08-07T09:53:58Z</time>
   </trkpt>
   <trkpt lat="45.7878240" lon="4.7311180">
    <ele>248.8</ele>
    <time>2026-08-07T09:53:59Z</time>
   </trkpt>
   <trkpt lat="45.7878480" lon="4.7311530">
    <ele>248.6</ele>
    <time>2026-08-07T09:54:00Z</time>
   </trkpt>
   <trkpt lat="45.7878540" lon="4.7311960">
    <ele>248.4</ele>
    <time>2026-08-07T09:54:01Z</time>
   </trkpt>
   <trkpt lat="45.7878690" lon="4.7312390">
    <ele>248.1</ele>
    <time>2026-08-07T09:54:02Z</time>
   </trkpt>
   <trkpt lat="45.7878660" lon="4.7312930">
    <ele>247.6</ele>
    <time>2026-08-07T09:54:03Z</time>
   </trkpt>
   <trkpt lat="45.7878930" lon="4.7313360">
    <ele>247.3</ele>
    <time>2026-08-07T09:54:04Z</time>
   </trkpt>
   <trkpt lat="45.7879150" lon="4.7313760">
    <ele>247.0</ele>
    <time>2026-08-07T09:54:05Z</time>
   </trkpt>
   <trkpt lat="45.7879250" lon="4.7314130">
    <ele>247.0</ele>
    <time>2026-08-07T09:54:06Z</time>
   </trkpt>
   <trkpt lat="45.7879350" lon="4.7314390">
    <ele>246.8</ele>
    <time>2026-08-07T09:54:07Z</time>
   </trkpt>
   <trkpt lat="45.7879300" lon="4.7315040">
    <ele>246.5</ele>
    <time>2026-08-07T09:54:08Z</time>
   </trkpt>
   <trkpt lat="45.7879460" lon="4.7315660">
    <ele>246.4</ele>
    <time>2026-08-07T09:54:09Z</time>
   </trkpt>
   <trkpt lat="45.7879550" lon="4.7316000">
    <ele>246.3</ele>
    <time>2026-08-07T09:54:10Z</time>
   </trkpt>
   <trkpt lat="45.7879420" lon="4.7316330">
    <ele>246.2</ele>
    <time>2026-08-07T09:54:11Z</time>
   </trkpt>
   <trkpt lat="45.7879440" lon="4.7316700">
    <ele>246.2</ele>
    <time>2026-08-07T09:54:12Z</time>
   </trkpt>
   <trkpt lat="45.7879540" lon="4.7317280">
    <ele>246.2</ele>
    <time>2026-08-07T09:54:13Z</time>
   </trkpt>
   <trkpt lat="45.7879560" lon="4.7317640">
    <ele>246.2</ele>
    <time>2026-08-07T09:54:14Z</time>
   </trkpt>
   <trkpt lat="45.7879750" lon="4.7318130">
    <ele>246.3</ele>
    <time>2026-08-07T09:54:15Z</time>
   </trkpt>
   <trkpt lat="45.7879730" lon="4.7318480">
    <ele>246.4</ele>
    <time>2026-08-07T09:54:16Z</time>
   </trkpt>
   <trkpt lat="45.7879780" lon="4.7318780">
    <ele>246.4</ele>
    <time>2026-08-07T09:54:17Z</time>
   </trkpt>
   <trkpt lat="45.7879860" lon="4.7319190">
    <ele>246.5</ele>
    <time>2026-08-07T09:54:18Z</time>
   </trkpt>
   <trkpt lat="45.7879920" lon="4.7319470">
    <ele>246.6</ele>
    <time>2026-08-07T09:54:19Z</time>
   </trkpt>
   <trkpt lat="45.7880050" lon="4.7319810">
    <ele>246.7</ele>
    <time>2026-08-07T09:54:20Z</time>
   </trkpt>
   <trkpt lat="45.7880260" lon="4.7320100">
    <ele>246.7</ele>
    <time>2026-08-07T09:54:21Z</time>
   </trkpt>
   <trkpt lat="45.7880450" lon="4.7320440">
    <ele>246.8</ele>
    <time>2026-08-07T09:54:22Z</time>
   </trkpt>
   <trkpt lat="45.7880460" lon="4.7320750">
    <ele>246.9</ele>
    <time>2026-08-07T09:54:23Z</time>
   </trkpt>
   <trkpt lat="45.7880630" lon="4.7321080">
    <ele>247.0</ele>
    <time>2026-08-07T09:54:24Z</time>
   </trkpt>
   <trkpt lat="45.7880960" lon="4.7321180">
    <ele>247.0</ele>
    <time>2026-08-07T09:54:25Z</time>
   </trkpt>
   <trkpt lat="45.7881250" lon="4.7321300">
    <ele>247.0</ele>
    <time>2026-08-07T09:54:26Z</time>
   </trkpt>
   <trkpt lat="45.7881560" lon="4.7321350">
    <ele>246.9</ele>
    <time>2026-08-07T09:54:27Z</time>
   </trkpt>
   <trkpt lat="45.7881840" lon="4.7321490">
    <ele>247.0</ele>
    <time>2026-08-07T09:54:28Z</time>
   </trkpt>
   <trkpt lat="45.7882000" lon="4.7321870">
    <ele>247.0</ele>
    <time>2026-08-07T09:54:29Z</time>
   </trkpt>
   <trkpt lat="45.7882140" lon="4.7322280">
    <ele>247.1</ele>
    <time>2026-08-07T09:54:30Z</time>
   </trkpt>
   <trkpt lat="45.7882320" lon="4.7322640">
    <ele>247.2</ele>
    <time>2026-08-07T09:54:31Z</time>
   </trkpt>
   <trkpt lat="45.7882440" lon="4.7322850">
    <ele>247.3</ele>
    <time>2026-08-07T09:54:32Z</time>
   </trkpt>
   <trkpt lat="45.7882640" lon="4.7323180">
    <ele>247.4</ele>
    <time>2026-08-07T09:54:33Z</time>
   </trkpt>
   <trkpt lat="45.7882700" lon="4.7323510">
    <ele>247.5</ele>
    <time>2026-08-07T09:54:34Z</time>
   </trkpt>
   <trkpt lat="45.7882530" lon="4.7323830">
    <ele>247.5</ele>
    <time>2026-08-07T09:54:35Z</time>
   </trkpt>
   <trkpt lat="45.7882240" lon="4.7324250">
    <ele>247.5</ele>
    <time>2026-08-07T09:54:36Z</time>
   </trkpt>
   <trkpt lat="45.7881670" lon="4.7324360">
    <ele>247.4</ele>
    <time>2026-08-07T09:54:37Z</time>
   </trkpt>
   <trkpt lat="45.7881170" lon="4.7324330">
    <ele>247.5</ele>
    <time>2026-08-07T09:54:38Z</time>
   </trkpt>
   <trkpt lat="45.7880790" lon="4.7324140">
    <ele>247.6</ele>
    <time>2026-08-07T09:54:39Z</time>
   </trkpt>
   <trkpt lat="45.7880420" lon="4.7323960">
    <ele>247.7</ele>
    <time>2026-08-07T09:54:40Z</time>
   </trkpt>
   <trkpt lat="45.7880060" lon="4.7323840">
    <ele>247.7</ele>
    <time>2026-08-07T09:54:41Z</time>
   </trkpt>
   <trkpt lat="45.7879830" lon="4.7323850">
    <ele>247.8</ele>
    <time>2026-08-07T09:54:42Z</time>
   </trkpt>
   <trkpt lat="45.7879470" lon="4.7323850">
    <ele>247.8</ele>
    <time>2026-08-07T09:54:43Z</time>
   </trkpt>
   <trkpt lat="45.7879130" lon="4.7323750">
    <ele>247.9</ele>
    <time>2026-08-07T09:54:44Z</time>
   </trkpt>
   <trkpt lat="45.7878820" lon="4.7323710">
    <ele>247.9</ele>
    <time>2026-08-07T09:54:45Z</time>
   </trkpt>
   <trkpt lat="45.7878510" lon="4.7323620">
    <ele>247.9</ele>
    <time>2026-08-07T09:54:46Z</time>
   </trkpt>
   <trkpt lat="45.7878230" lon="4.7323550">
    <ele>248.0</ele>
    <time>2026-08-07T09:54:47Z</time>
   </trkpt>
   <trkpt lat="45.7877870" lon="4.7323500">
    <ele>248.0</ele>
    <time>2026-08-07T09:54:48Z</time>
   </trkpt>
   <trkpt lat="45.7877550" lon="4.7323520">
    <ele>248.0</ele>
    <time>2026-08-07T09:54:49Z</time>
   </trkpt>
   <trkpt lat="45.7877220" lon="4.7323610">
    <ele>248.0</ele>
    <time>2026-08-07T09:54:50Z</time>
   </trkpt>
   <trkpt lat="45.7876970" lon="4.7323410">
    <ele>248.1</ele>
    <time>2026-08-07T09:54:51Z</time>
   </trkpt>
   <trkpt lat="45.7876740" lon="4.7323340">
    <ele>248.1</ele>
    <time>2026-08-07T09:54:52Z</time>
   </trkpt>
   <trkpt lat="45.7876530" lon="4.7323260">
    <ele>248.1</ele>
    <time>2026-08-07T09:54:53Z</time>
   </trkpt>
   <trkpt lat="45.7876240" lon="4.7323280">
    <ele>248.1</ele>
    <time>2026-08-07T09:54:54Z</time>
   </trkpt>
   <trkpt lat="45.7875910" lon="4.7323330">
    <ele>248.1</ele>
    <time>2026-08-07T09:54:55Z</time>
   </trkpt>
   <trkpt lat="45.7875680" lon="4.7323340">
    <ele>248.1</ele>
    <time>2026-08-07T09:54:56Z</time>
   </trkpt>
   <trkpt lat="45.7875400" lon="4.7323220">
    <ele>248.2</ele>
    <time>2026-08-07T09:54:57Z</time>
   </trkpt>
   <trkpt lat="45.7875130" lon="4.7323020">
    <ele>248.2</ele>
    <time>2026-08-07T09:54:58Z</time>
   </trkpt>
   <trkpt lat="45.7874770" lon="4.7322910">
    <ele>248.2</ele>
    <time>2026-08-07T09:54:59Z</time>
   </trkpt>
   <trkpt lat="45.7874490" lon="4.7322830">
    <ele>248.2</ele>
    <time>2026-08-07T09:55:00Z</time>
   </trkpt>
   <trkpt lat="45.7874140" lon="4.7322750">
    <ele>248.2</ele>
    <time>2026-08-07T09:55:01Z</time>
   </trkpt>
   <trkpt lat="45.7873870" lon="4.7322680">
    <ele>248.2</ele>
    <time>2026-08-07T09:55:02Z</time>
   </trkpt>
   <trkpt lat="45.7873580" lon="4.7322710">
    <ele>248.3</ele>
    <time>2026-08-07T09:55:03Z</time>
   </trkpt>
   <trkpt lat="45.7873350" lon="4.7322770">
    <ele>248.3</ele>
    <time>2026-08-07T09:55:04Z</time>
   </trkpt>
   <trkpt lat="45.7873090" lon="4.7322810">
    <ele>248.3</ele>
    <time>2026-08-07T09:55:05Z</time>
   </trkpt>
   <trkpt lat="45.7872800" lon="4.7322810">
    <ele>248.3</ele>
    <time>2026-08-07T09:55:06Z</time>
   </trkpt>
   <trkpt lat="45.7872620" lon="4.7323000">
    <ele>248.3</ele>
    <time>2026-08-07T09:55:07Z</time>
   </trkpt>
   <trkpt lat="45.7872310" lon="4.7323090">
    <ele>248.3</ele>
    <time>2026-08-07T09:55:08Z</time>
   </trkpt>
   <trkpt lat="45.7872060" lon="4.7323180">
    <ele>248.3</ele>
    <time>2026-08-07T09:55:09Z</time>
   </trkpt>
   <trkpt lat="45.7871730" lon="4.7323200">
    <ele>248.3</ele>
    <time>2026-08-07T09:55:10Z</time>
   </trkpt>
   <trkpt lat="45.7871420" lon="4.7323280">
    <ele>248.2</ele>
    <time>2026-08-07T09:55:11Z</time>
   </trkpt>
   <trkpt lat="45.7871130" lon="4.7323470">
    <ele>248.2</ele>
    <time>2026-08-07T09:55:12Z</time>
   </trkpt>
   <trkpt lat="45.7870810" lon="4.7323450">
    <ele>248.2</ele>
    <time>2026-08-07T09:55:13Z</time>
   </trkpt>
   <trkpt lat="45.7870480" lon="4.7323770">
    <ele>248.2</ele>
    <time>2026-08-07T09:55:14Z</time>
   </trkpt>
   <trkpt lat="45.7870200" lon="4.7324140">
    <ele>248.1</ele>
    <time>2026-08-07T09:55:15Z</time>
   </trkpt>
   <trkpt lat="45.7869990" lon="4.7324520">
    <ele>248.1</ele>
    <time>2026-08-07T09:55:16Z</time>
   </trkpt>
   <trkpt lat="45.7869660" lon="4.7324690">
    <ele>248.0</ele>
    <time>2026-08-07T09:55:17Z</time>
   </trkpt>
   <trkpt lat="45.7869420" lon="4.7324970">
    <ele>247.9</ele>
    <time>2026-08-07T09:55:18Z</time>
   </trkpt>
   <trkpt lat="45.7869170" lon="4.7325210">
    <ele>247.8</ele>
    <time>2026-08-07T09:55:19Z</time>
   </trkpt>
   <trkpt lat="45.7868900" lon="4.7325130">
    <ele>247.8</ele>
    <time>2026-08-07T09:55:20Z</time>
   </trkpt>
   <trkpt lat="45.7868680" lon="4.7325100">
    <ele>247.7</ele>
    <time>2026-08-07T09:55:21Z</time>
   </trkpt>
   <trkpt lat="45.7868420" lon="4.7325160">
    <ele>247.6</ele>
    <time>2026-08-07T09:55:22Z</time>
   </trkpt>
   <trkpt lat="45.7868260" lon="4.7325340">
    <ele>247.5</ele>
    <time>2026-08-07T09:55:23Z</time>
   </trkpt>
   <trkpt lat="45.7868290" lon="4.7327080">
    <ele>247.1</ele>
    <time>2026-08-07T09:56:56Z</time>
   </trkpt>
   <trkpt lat="45.7868140" lon="4.7327290">
    <ele>247.0</ele>
    <time>2026-08-07T09:56:57Z</time>
   </trkpt>
   <trkpt lat="45.7868010" lon="4.7327490">
    <ele>246.9</ele>
    <time>2026-08-07T09:56:58Z</time>
   </trkpt>
   <trkpt lat="45.7867750" lon="4.7327790">
    <ele>246.8</ele>
    <time>2026-08-07T09:56:59Z</time>
   </trkpt>
   <trkpt lat="45.7867480" lon="4.7327920">
    <ele>246.6</ele>
    <time>2026-08-07T09:57:00Z</time>
   </trkpt>
   <trkpt lat="45.7867220" lon="4.7327830">
    <ele>246.5</ele>
    <time>2026-08-07T09:57:01Z</time>
   </trkpt>
   <trkpt lat="45.7867000" lon="4.7327970">
    <ele>246.4</ele>
    <time>2026-08-07T09:57:02Z</time>
   </trkpt>
   <trkpt lat="45.7866810" lon="4.7328280">
    <ele>246.3</ele>
    <time>2026-08-07T09:57:03Z</time>
   </trkpt>
   <trkpt lat="45.7866590" lon="4.7328450">
    <ele>246.2</ele>
    <time>2026-08-07T09:57:04Z</time>
   </trkpt>
   <trkpt lat="45.7866400" lon="4.7328520">
    <ele>246.1</ele>
    <time>2026-08-07T09:57:05Z</time>
   </trkpt>
   <trkpt lat="45.7866160" lon="4.7328880">
    <ele>245.9</ele>
    <time>2026-08-07T09:57:06Z</time>
   </trkpt>
   <trkpt lat="45.7865940" lon="4.7329340">
    <ele>245.7</ele>
    <time>2026-08-07T09:57:07Z</time>
   </trkpt>
   <trkpt lat="45.7865780" lon="4.7329490">
    <ele>245.6</ele>
    <time>2026-08-07T09:57:08Z</time>
   </trkpt>
   <trkpt lat="45.7865520" lon="4.7329680">
    <ele>245.5</ele>
    <time>2026-08-07T09:57:09Z</time>
   </trkpt>
   <trkpt lat="45.7865310" lon="4.7329930">
    <ele>245.3</ele>
    <time>2026-08-07T09:57:10Z</time>
   </trkpt>
   <trkpt lat="45.7865070" lon="4.7330210">
    <ele>245.2</ele>
    <time>2026-08-07T09:57:11Z</time>
   </trkpt>
   <trkpt lat="45.7864880" lon="4.7330510">
    <ele>245.0</ele>
    <time>2026-08-07T09:57:12Z</time>
   </trkpt>
   <trkpt lat="45.7864720" lon="4.7330850">
    <ele>244.9</ele>
    <time>2026-08-07T09:57:13Z</time>
   </trkpt>
   <trkpt lat="45.7864570" lon="4.7331080">
    <ele>244.7</ele>
    <time>2026-08-07T09:57:14Z</time>
   </trkpt>
   <trkpt lat="45.7864340" lon="4.7331290">
    <ele>244.6</ele>
    <time>2026-08-07T09:57:15Z</time>
   </trkpt>
   <trkpt lat="45.7864160" lon="4.7331520">
    <ele>244.5</ele>
    <time>2026-08-07T09:57:16Z</time>
   </trkpt>
   <trkpt lat="45.7864020" lon="4.7331820">
    <ele>244.3</ele>
    <time>2026-08-07T09:57:17Z</time>
   </trkpt>
   <trkpt lat="45.7863810" lon="4.7332080">
    <ele>244.2</ele>
    <time>2026-08-07T09:57:18Z</time>
   </trkpt>
   <trkpt lat="45.7863600" lon="4.7332300">
    <ele>244.0</ele>
    <time>2026-08-07T09:57:19Z</time>
   </trkpt>
   <trkpt lat="45.7863410" lon="4.7332640">
    <ele>243.8</ele>
    <time>2026-08-07T09:57:20Z</time>
   </trkpt>
   <trkpt lat="45.7863200" lon="4.7332950">
    <ele>243.7</ele>
    <time>2026-08-07T09:57:21Z</time>
   </trkpt>
   <trkpt lat="45.7863010" lon="4.7333320">
    <ele>243.5</ele>
    <time>2026-08-07T09:57:22Z</time>
   </trkpt>
   <trkpt lat="45.7862790" lon="4.7333720">
    <ele>243.2</ele>
    <time>2026-08-07T09:57:23Z</time>
   </trkpt>
   <trkpt lat="45.7862570" lon="4.7334220">
    <ele>243.0</ele>
    <time>2026-08-07T09:57:24Z</time>
   </trkpt>
   <trkpt lat="45.7862300" lon="4.7334570">
    <ele>242.7</ele>
    <time>2026-08-07T09:57:25Z</time>
   </trkpt>
   <trkpt lat="45.7862060" lon="4.7334880">
    <ele>242.5</ele>
    <time>2026-08-07T09:57:26Z</time>
   </trkpt>
   <trkpt lat="45.7861860" lon="4.7335400">
    <ele>242.3</ele>
    <time>2026-08-07T09:57:27Z</time>
   </trkpt>
   <trkpt lat="45.7861560" lon="4.7335620">
    <ele>242.0</ele>
    <time>2026-08-07T09:57:28Z</time>
   </trkpt>
   <trkpt lat="45.7861380" lon="4.7336040">
    <ele>241.8</ele>
    <time>2026-08-07T09:57:29Z</time>
   </trkpt>
   <trkpt lat="45.7861230" lon="4.7336440">
    <ele>241.6</ele>
    <time>2026-08-07T09:57:30Z</time>
   </trkpt>
   <trkpt lat="45.7861090" lon="4.7336640">
    <ele>241.4</ele>
    <time>2026-08-07T09:57:31Z</time>
   </trkpt>
   <trkpt lat="45.7860870" lon="4.7337050">
    <ele>241.2</ele>
    <time>2026-08-07T09:57:32Z</time>
   </trkpt>
   <trkpt lat="45.7860600" lon="4.7337510">
    <ele>240.9</ele>
    <time>2026-08-07T09:57:33Z</time>
   </trkpt>
   <trkpt lat="45.7860310" lon="4.7338070">
    <ele>240.6</ele>
    <time>2026-08-07T09:57:34Z</time>
   </trkpt>
   <trkpt lat="45.7860070" lon="4.7338400">
    <ele>240.4</ele>
    <time>2026-08-07T09:57:35Z</time>
   </trkpt>
   <trkpt lat="45.7859900" lon="4.7338710">
    <ele>240.2</ele>
    <time>2026-08-07T09:57:36Z</time>
   </trkpt>
   <trkpt lat="45.7859690" lon="4.7338900">
    <ele>240.0</ele>
    <time>2026-08-07T09:57:37Z</time>
   </trkpt>
   <trkpt lat="45.7859540" lon="4.7339390">
    <ele>239.8</ele>
    <time>2026-08-07T09:57:38Z</time>
   </trkpt>
   <trkpt lat="45.7859330" lon="4.7339830">
    <ele>239.6</ele>
    <time>2026-08-07T09:57:39Z</time>
   </trkpt>
   <trkpt lat="45.7859070" lon="4.7340200">
    <ele>239.3</ele>
    <time>2026-08-07T09:57:40Z</time>
   </trkpt>
   <trkpt lat="45.7858810" lon="4.7340640">
    <ele>239.1</ele>
    <time>2026-08-07T09:57:41Z</time>
   </trkpt>
   <trkpt lat="45.7858440" lon="4.7340860">
    <ele>238.8</ele>
    <time>2026-08-07T09:57:42Z</time>
   </trkpt>
   <trkpt lat="45.7858290" lon="4.7341220">
    <ele>238.7</ele>
    <time>2026-08-07T09:57:43Z</time>
   </trkpt>
   <trkpt lat="45.7858010" lon="4.7341510">
    <ele>238.4</ele>
    <time>2026-08-07T09:57:44Z</time>
   </trkpt>
   <trkpt lat="45.7857800" lon="4.7341980">
    <ele>238.2</ele>
    <time>2026-08-07T09:57:45Z</time>
   </trkpt>
   <trkpt lat="45.7857630" lon="4.7342380">
    <ele>238.0</ele>
    <time>2026-08-07T09:57:46Z</time>
   </trkpt>
   <trkpt lat="45.7857450" lon="4.7342670">
    <ele>237.9</ele>
    <time>2026-08-07T09:57:47Z</time>
   </trkpt>
   <trkpt lat="45.7857270" lon="4.7342970">
    <ele>237.7</ele>
    <time>2026-08-07T09:57:48Z</time>
   </trkpt>
   <trkpt lat="45.7856940" lon="4.7343250">
    <ele>237.6</ele>
    <time>2026-08-07T09:57:49Z</time>
   </trkpt>
   <trkpt lat="45.7856690" lon="4.7343610">
    <ele>237.4</ele>
    <time>2026-08-07T09:57:50Z</time>
   </trkpt>
   <trkpt lat="45.7856440" lon="4.7343840">
    <ele>237.2</ele>
    <time>2026-08-07T09:57:51Z</time>
   </trkpt>
   <trkpt lat="45.7856160" lon="4.7344080">
    <ele>237.1</ele>
    <time>2026-08-07T09:57:52Z</time>
   </trkpt>
   <trkpt lat="45.7855810" lon="4.7344230">
    <ele>237.0</ele>
    <time>2026-08-07T09:57:53Z</time>
   </trkpt>
   <trkpt lat="45.7855530" lon="4.7344170">
    <ele>236.9</ele>
    <time>2026-08-07T09:57:54Z</time>
   </trkpt>
   <trkpt lat="45.7855190" lon="4.7344090">
    <ele>236.8</ele>
    <time>2026-08-07T09:57:55Z</time>
   </trkpt>
   <trkpt lat="45.7854910" lon="4.7343850">
    <ele>236.7</ele>
    <time>2026-08-07T09:57:56Z</time>
   </trkpt>
   <trkpt lat="45.7854750" lon="4.7343460">
    <ele>236.8</ele>
    <time>2026-08-07T09:57:57Z</time>
   </trkpt>
   <trkpt lat="45.7854470" lon="4.7343290">
    <ele>236.8</ele>
    <time>2026-08-07T09:57:58Z</time>
   </trkpt>
   <trkpt lat="45.7854150" lon="4.7343130">
    <ele>236.8</ele>
    <time>2026-08-07T09:57:59Z</time>
   </trkpt>
   <trkpt lat="45.7853830" lon="4.7342900">
    <ele>236.9</ele>
    <time>2026-08-07T09:58:00Z</time>
   </trkpt>
   <trkpt lat="45.7853540" lon="4.7342880">
    <ele>237.0</ele>
    <time>2026-08-07T09:58:01Z</time>
   </trkpt>
   <trkpt lat="45.7853250" lon="4.7342890">
    <ele>237.2</ele>
    <time>2026-08-07T09:58:02Z</time>
   </trkpt>
   <trkpt lat="45.7852970" lon="4.7342880">
    <ele>237.3</ele>
    <time>2026-08-07T09:58:03Z</time>
   </trkpt>
   <trkpt lat="45.7852670" lon="4.7342730">
    <ele>237.3</ele>
    <time>2026-08-07T09:58:04Z</time>
   </trkpt>
   <trkpt lat="45.7852200" lon="4.7342710">
    <ele>237.3</ele>
    <time>2026-08-07T09:58:05Z</time>
   </trkpt>
   <trkpt lat="45.7851900" lon="4.7342640">
    <ele>237.3</ele>
    <time>2026-08-07T09:58:06Z</time>
   </trkpt>
   <trkpt lat="45.7851570" lon="4.7342360">
    <ele>237.4</ele>
    <time>2026-08-07T09:58:07Z</time>
   </trkpt>
   <trkpt lat="45.7851200" lon="4.7342240">
    <ele>237.5</ele>
    <time>2026-08-07T09:58:08Z</time>
   </trkpt>
   <trkpt lat="45.7850830" lon="4.7342120">
    <ele>237.6</ele>
    <time>2026-08-07T09:58:09Z</time>
   </trkpt>
   <trkpt lat="45.7850570" lon="4.7342030">
    <ele>237.7</ele>
    <time>2026-08-07T09:58:10Z</time>
   </trkpt>
   <trkpt lat="45.7850180" lon="4.7341900">
    <ele>237.8</ele>
    <time>2026-08-07T09:58:11Z</time>
   </trkpt>
   <trkpt lat="45.7849920" lon="4.7341690">
    <ele>237.9</ele>
    <time>2026-08-07T09:58:12Z</time>
   </trkpt>
   <trkpt lat="45.7849580" lon="4.7341510">
    <ele>238.1</ele>
    <time>2026-08-07T09:58:13Z</time>
   </trkpt>
   <trkpt lat="45.7849300" lon="4.7341390">
    <ele>238.2</ele>
    <time>2026-08-07T09:58:14Z</time>
   </trkpt>
   <trkpt lat="45.7849030" lon="4.7341320">
    <ele>238.4</ele>
    <time>2026-08-07T09:58:15Z</time>
   </trkpt>
   <trkpt lat="45.7848700" lon="4.7341210">
    <ele>238.5</ele>
    <time>2026-08-07T09:58:16Z</time>
   </trkpt>
   <trkpt lat="45.7848500" lon="4.7340960">
    <ele>238.5</ele>
    <time>2026-08-07T09:58:17Z</time>
   </trkpt>
   <trkpt lat="45.7848310" lon="4.7340680">
    <ele>238.6</ele>
    <time>2026-08-07T09:58:18Z</time>
   </trkpt>
   <trkpt lat="45.7848090" lon="4.7340440">
    <ele>238.5</ele>
    <time>2026-08-07T09:58:19Z</time>
   </trkpt>
   <trkpt lat="45.7847890" lon="4.7340430">
    <ele>238.1</ele>
    <time>2026-08-07T09:58:20Z</time>
   </trkpt>
   <trkpt lat="45.7847760" lon="4.7340470">
    <ele>238.0</ele>
    <time>2026-08-07T09:58:21Z</time>
   </trkpt>
   <trkpt lat="45.7847500" lon="4.7340500">
    <ele>237.9</ele>
    <time>2026-08-07T09:58:22Z</time>
   </trkpt>
   <trkpt lat="45.7847140" lon="4.7340470">
    <ele>237.8</ele>
    <time>2026-08-07T09:58:23Z</time>
   </trkpt>
   <trkpt lat="45.7846840" lon="4.7340820">
    <ele>237.7</ele>
    <time>2026-08-07T09:58:24Z</time>
   </trkpt>
   <trkpt lat="45.7846600" lon="4.7341230">
    <ele>237.6</ele>
    <time>2026-08-07T09:58:25Z</time>
   </trkpt>
   <trkpt lat="45.7846250" lon="4.7341660">
    <ele>237.4</ele>
    <time>2026-08-07T09:58:26Z</time>
   </trkpt>
   <trkpt lat="45.7845890" lon="4.7342010">
    <ele>237.3</ele>
    <time>2026-08-07T09:58:27Z</time>
   </trkpt>
   <trkpt lat="45.7845660" lon="4.7342260">
    <ele>237.2</ele>
    <time>2026-08-07T09:58:28Z</time>
   </trkpt>
   <trkpt lat="45.7845430" lon="4.7342580">
    <ele>237.1</ele>
    <time>2026-08-07T09:58:29Z</time>
   </trkpt>
   <trkpt lat="45.7845230" lon="4.7342900">
    <ele>237.0</ele>
    <time>2026-08-07T09:58:30Z</time>
   </trkpt>
   <trkpt lat="45.7844880" lon="4.7343090">
    <ele>236.8</ele>
    <time>2026-08-07T09:58:31Z</time>
   </trkpt>
   <trkpt lat="45.7844630" lon="4.7343280">
    <ele>236.7</ele>
    <time>2026-08-07T09:58:32Z</time>
   </trkpt>
   <trkpt lat="45.7844350" lon="4.7343560">
    <ele>236.6</ele>
    <time>2026-08-07T09:58:33Z</time>
   </trkpt>
   <trkpt lat="45.7844070" lon="4.7343830">
    <ele>236.5</ele>
    <time>2026-08-07T09:58:34Z</time>
   </trkpt>
   <trkpt lat="45.7843650" lon="4.7343920">
    <ele>236.3</ele>
    <time>2026-08-07T09:58:35Z</time>
   </trkpt>
   <trkpt lat="45.7843320" lon="4.7344260">
    <ele>236.2</ele>
    <time>2026-08-07T09:58:36Z</time>
   </trkpt>
   <trkpt lat="45.7842970" lon="4.7344670">
    <ele>236.1</ele>
    <time>2026-08-07T09:58:37Z</time>
   </trkpt>
   <trkpt lat="45.7842640" lon="4.7344940">
    <ele>235.9</ele>
    <time>2026-08-07T09:58:38Z</time>
   </trkpt>
   <trkpt lat="45.7842430" lon="4.7345220">
    <ele>235.8</ele>
    <time>2026-08-07T09:58:39Z</time>
   </trkpt>
   <trkpt lat="45.7842160" lon="4.7345480">
    <ele>235.7</ele>
    <time>2026-08-07T09:58:40Z</time>
   </trkpt>
   <trkpt lat="45.7841890" lon="4.7345790">
    <ele>235.7</ele>
    <time>2026-08-07T09:58:41Z</time>
   </trkpt>
   <trkpt lat="45.7841590" lon="4.7346010">
    <ele>235.6</ele>
    <time>2026-08-07T09:58:42Z</time>
   </trkpt>
   <trkpt lat="45.7841270" lon="4.7346190">
    <ele>235.5</ele>
    <time>2026-08-07T09:58:43Z</time>
   </trkpt>
   <trkpt lat="45.7841010" lon="4.7346350">
    <ele>235.4</ele>
    <time>2026-08-07T09:58:44Z</time>
   </trkpt>
   <trkpt lat="45.7840690" lon="4.7346550">
    <ele>235.3</ele>
    <time>2026-08-07T09:58:45Z</time>
   </trkpt>
   <trkpt lat="45.7840440" lon="4.7346840">
    <ele>235.2</ele>
    <time>2026-08-07T09:58:46Z</time>
   </trkpt>
   <trkpt lat="45.7840140" lon="4.7347070">
    <ele>235.1</ele>
    <time>2026-08-07T09:58:47Z</time>
   </trkpt>
   <trkpt lat="45.7839870" lon="4.7347290">
    <ele>235.0</ele>
    <time>2026-08-07T09:58:48Z</time>
   </trkpt>
   <trkpt lat="45.7839610" lon="4.7347520">
    <ele>235.0</ele>
    <time>2026-08-07T09:58:49Z</time>
   </trkpt>
   <trkpt lat="45.7839360" lon="4.7347590">
    <ele>234.9</ele>
    <time>2026-08-07T09:58:50Z</time>
   </trkpt>
   <trkpt lat="45.7838960" lon="4.7347670">
    <ele>234.8</ele>
    <time>2026-08-07T09:58:51Z</time>
   </trkpt>
   <trkpt lat="45.7838660" lon="4.7347730">
    <ele>234.8</ele>
    <time>2026-08-07T09:58:52Z</time>
   </trkpt>
   <trkpt lat="45.7838400" lon="4.7347900">
    <ele>234.7</ele>
    <time>2026-08-07T09:58:53Z</time>
   </trkpt>
   <trkpt lat="45.7838130" lon="4.7348120">
    <ele>234.7</ele>
    <time>2026-08-07T09:58:54Z</time>
   </trkpt>
   <trkpt lat="45.7837820" lon="4.7348480">
    <ele>234.6</ele>
    <time>2026-08-07T09:58:55Z</time>
   </trkpt>
   <trkpt lat="45.7837530" lon="4.7348660">
    <ele>234.6</ele>
    <time>2026-08-07T09:58:56Z</time>
   </trkpt>
   <trkpt lat="45.7837180" lon="4.7349000">
    <ele>234.5</ele>
    <time>2026-08-07T09:58:57Z</time>
   </trkpt>
   <trkpt lat="45.7836910" lon="4.7349240">
    <ele>234.5</ele>
    <time>2026-08-07T09:58:58Z</time>
   </trkpt>
   <trkpt lat="45.7836650" lon="4.7349480">
    <ele>234.4</ele>
    <time>2026-08-07T09:58:59Z</time>
   </trkpt>
   <trkpt lat="45.7836320" lon="4.7349680">
    <ele>234.4</ele>
    <time>2026-08-07T09:59:00Z</time>
   </trkpt>
   <trkpt lat="45.7836020" lon="4.7349840">
    <ele>234.4</ele>
    <time>2026-08-07T09:59:01Z</time>
   </trkpt>
   <trkpt lat="45.7835670" lon="4.7349960">
    <ele>234.3</ele>
    <time>2026-08-07T09:59:02Z</time>
   </trkpt>
   <trkpt lat="45.7835350" lon="4.7350030">
    <ele>234.3</ele>
    <time>2026-08-07T09:59:03Z</time>
   </trkpt>
   <trkpt lat="45.7835040" lon="4.7350200">
    <ele>234.3</ele>
    <time>2026-08-07T09:59:04Z</time>
   </trkpt>
   <trkpt lat="45.7834700" lon="4.7350380">
    <ele>234.3</ele>
    <time>2026-08-07T09:59:05Z</time>
   </trkpt>
   <trkpt lat="45.7834380" lon="4.7350590">
    <ele>234.2</ele>
    <time>2026-08-07T09:59:06Z</time>
   </trkpt>
   <trkpt lat="45.7834060" lon="4.7350760">
    <ele>234.2</ele>
    <time>2026-08-07T09:59:07Z</time>
   </trkpt>
   <trkpt lat="45.7833770" lon="4.7350850">
    <ele>234.2</ele>
    <time>2026-08-07T09:59:08Z</time>
   </trkpt>
   <trkpt lat="45.7833380" lon="4.7351220">
    <ele>234.2</ele>
    <time>2026-08-07T09:59:09Z</time>
   </trkpt>
   <trkpt lat="45.7833110" lon="4.7351360">
    <ele>234.1</ele>
    <time>2026-08-07T09:59:10Z</time>
   </trkpt>
   <trkpt lat="45.7832830" lon="4.7351630">
    <ele>234.1</ele>
    <time>2026-08-07T09:59:11Z</time>
   </trkpt>
   <trkpt lat="45.7832500" lon="4.7351640">
    <ele>234.1</ele>
    <time>2026-08-07T09:59:12Z</time>
   </trkpt>
   <trkpt lat="45.7832150" lon="4.7351870">
    <ele>234.1</ele>
    <time>2026-08-07T09:59:13Z</time>
   </trkpt>
   <trkpt lat="45.7831840" lon="4.7352260">
    <ele>234.1</ele>
    <time>2026-08-07T09:59:14Z</time>
   </trkpt>
   <trkpt lat="45.7831520" lon="4.7352510">
    <ele>234.1</ele>
    <time>2026-08-07T09:59:15Z</time>
   </trkpt>
   <trkpt lat="45.7831160" lon="4.7352890">
    <ele>234.0</ele>
    <time>2026-08-07T09:59:16Z</time>
   </trkpt>
   <trkpt lat="45.7830860" lon="4.7352900">
    <ele>234.0</ele>
    <time>2026-08-07T09:59:17Z</time>
   </trkpt>
   <trkpt lat="45.7830580" lon="4.7352990">
    <ele>234.0</ele>
    <time>2026-08-07T09:59:18Z</time>
   </trkpt>
   <trkpt lat="45.7830300" lon="4.7353340">
    <ele>234.1</ele>
    <time>2026-08-07T09:59:19Z</time>
   </trkpt>
   <trkpt lat="45.7829940" lon="4.7353510">
    <ele>234.1</ele>
    <time>2026-08-07T09:59:20Z</time>
   </trkpt>
   <trkpt lat="45.7829610" lon="4.7353610">
    <ele>234.1</ele>
    <time>2026-08-07T09:59:21Z</time>
   </trkpt>
   <trkpt lat="45.7829300" lon="4.7353700">
    <ele>234.1</ele>
    <time>2026-08-07T09:59:22Z</time>
   </trkpt>
   <trkpt lat="45.7829020" lon="4.7353830">
    <ele>234.1</ele>
    <time>2026-08-07T09:59:23Z</time>
   </trkpt>
   <trkpt lat="45.7828700" lon="4.7353980">
    <ele>234.1</ele>
    <time>2026-08-07T09:59:24Z</time>
   </trkpt>
   <trkpt lat="45.7828480" lon="4.7354100">
    <ele>234.1</ele>
    <time>2026-08-07T09:59:25Z</time>
   </trkpt>
   <trkpt lat="45.7828210" lon="4.7354150">
    <ele>234.2</ele>
    <time>2026-08-07T09:59:26Z</time>
   </trkpt>
   <trkpt lat="45.7827910" lon="4.7354290">
    <ele>234.2</ele>
    <time>2026-08-07T09:59:27Z</time>
   </trkpt>
   <trkpt lat="45.7827610" lon="4.7354480">
    <ele>234.2</ele>
    <time>2026-08-07T09:59:28Z</time>
   </trkpt>
   <trkpt lat="45.7827280" lon="4.7354730">
    <ele>234.2</ele>
    <time>2026-08-07T09:59:29Z</time>
   </trkpt>
   <trkpt lat="45.7827020" lon="4.7354880">
    <ele>234.3</ele>
    <time>2026-08-07T09:59:30Z</time>
   </trkpt>
   <trkpt lat="45.7826690" lon="4.7355120">
    <ele>234.3</ele>
    <time>2026-08-07T09:59:31Z</time>
   </trkpt>
   <trkpt lat="45.7826460" lon="4.7355420">
    <ele>234.4</ele>
    <time>2026-08-07T09:59:32Z</time>
   </trkpt>
   <trkpt lat="45.7826150" lon="4.7355540">
    <ele>234.4</ele>
    <time>2026-08-07T09:59:33Z</time>
   </trkpt>
   <trkpt lat="45.7825850" lon="4.7355700">
    <ele>234.5</ele>
    <time>2026-08-07T09:59:34Z</time>
   </trkpt>
   <trkpt lat="45.7825530" lon="4.7355950">
    <ele>234.5</ele>
    <time>2026-08-07T09:59:35Z</time>
   </trkpt>
   <trkpt lat="45.7825270" lon="4.7356230">
    <ele>234.6</ele>
    <time>2026-08-07T09:59:36Z</time>
   </trkpt>
   <trkpt lat="45.7825040" lon="4.7356430">
    <ele>234.7</ele>
    <time>2026-08-07T09:59:37Z</time>
   </trkpt>
   <trkpt lat="45.7824770" lon="4.7356770">
    <ele>234.7</ele>
    <time>2026-08-07T09:59:38Z</time>
   </trkpt>
   <trkpt lat="45.7824530" lon="4.7357000">
    <ele>234.8</ele>
    <time>2026-08-07T09:59:39Z</time>
   </trkpt>
   <trkpt lat="45.7824280" lon="4.7357300">
    <ele>234.9</ele>
    <time>2026-08-07T09:59:40Z</time>
   </trkpt>
   <trkpt lat="45.7824030" lon="4.7357530">
    <ele>234.9</ele>
    <time>2026-08-07T09:59:41Z</time>
   </trkpt>
   <trkpt lat="45.7823780" lon="4.7357810">
    <ele>235.0</ele>
    <time>2026-08-07T09:59:42Z</time>
   </trkpt>
   <trkpt lat="45.7823520" lon="4.7358210">
    <ele>235.1</ele>
    <time>2026-08-07T09:59:43Z</time>
   </trkpt>
   <trkpt lat="45.7823340" lon="4.7358650">
    <ele>235.1</ele>
    <time>2026-08-07T09:59:44Z</time>
   </trkpt>
   <trkpt lat="45.7823000" lon="4.7359100">
    <ele>235.2</ele>
    <time>2026-08-07T09:59:45Z</time>
   </trkpt>
   <trkpt lat="45.7822690" lon="4.7359200">
    <ele>235.3</ele>
    <time>2026-08-07T09:59:46Z</time>
   </trkpt>
   <trkpt lat="45.7822330" lon="4.7359390">
    <ele>235.4</ele>
    <time>2026-08-07T09:59:47Z</time>
   </trkpt>
   <trkpt lat="45.7821920" lon="4.7359400">
    <ele>235.6</ele>
    <time>2026-08-07T09:59:48Z</time>
   </trkpt>
   <trkpt lat="45.7821610" lon="4.7359600">
    <ele>235.7</ele>
    <time>2026-08-07T09:59:49Z</time>
   </trkpt>
   <trkpt lat="45.7821360" lon="4.7359930">
    <ele>235.8</ele>
    <time>2026-08-07T09:59:50Z</time>
   </trkpt>
   <trkpt lat="45.7821150" lon="4.7360140">
    <ele>235.9</ele>
    <time>2026-08-07T09:59:51Z</time>
   </trkpt>
   <trkpt lat="45.7820900" lon="4.7360510">
    <ele>236.0</ele>
    <time>2026-08-07T09:59:52Z</time>
   </trkpt>
   <trkpt lat="45.7820640" lon="4.7360750">
    <ele>236.1</ele>
    <time>2026-08-07T09:59:53Z</time>
   </trkpt>
   <trkpt lat="45.7820320" lon="4.7360970">
    <ele>236.1</ele>
    <time>2026-08-07T09:59:54Z</time>
   </trkpt>
   <trkpt lat="45.7820060" lon="4.7361370">
    <ele>236.2</ele>
    <time>2026-08-07T09:59:55Z</time>
   </trkpt>
   <trkpt lat="45.7819820" lon="4.7361630">
    <ele>236.2</ele>
    <time>2026-08-07T09:59:56Z</time>
   </trkpt>
   <trkpt lat="45.7819570" lon="4.7361890">
    <ele>236.2</ele>
    <time>2026-08-07T09:59:57Z</time>
   </trkpt>
   <trkpt lat="45.7819400" lon="4.7362230">
    <ele>236.2</ele>
    <time>2026-08-07T09:59:58Z</time>
   </trkpt>
   <trkpt lat="45.7819170" lon="4.7362500">
    <ele>236.3</ele>
    <time>2026-08-07T09:59:59Z</time>
   </trkpt>
   <trkpt lat="45.7818920" lon="4.7362840">
    <ele>236.3</ele>
    <time>2026-08-07T10:00:00Z</time>
   </trkpt>
   <trkpt lat="45.7818670" lon="4.7363050">
    <ele>236.3</ele>
    <time>2026-08-07T10:00:01Z</time>
   </trkpt>
   <trkpt lat="45.7818400" lon="4.7363330">
    <ele>236.3</ele>
    <time>2026-08-07T10:00:02Z</time>
   </trkpt>
   <trkpt lat="45.7818190" lon="4.7363700">
    <ele>236.3</ele>
    <time>2026-08-07T10:00:03Z</time>
   </trkpt>
   <trkpt lat="45.7817940" lon="4.7364030">
    <ele>236.3</ele>
    <time>2026-08-07T10:00:04Z</time>
   </trkpt>
   <trkpt lat="45.7817700" lon="4.7364330">
    <ele>236.4</ele>
    <time>2026-08-07T10:00:05Z</time>
   </trkpt>
   <trkpt lat="45.7817390" lon="4.7364690">
    <ele>236.4</ele>
    <time>2026-08-07T10:00:06Z</time>
   </trkpt>
   <trkpt lat="45.7817210" lon="4.7365060">
    <ele>236.3</ele>
    <time>2026-08-07T10:00:07Z</time>
   </trkpt>
   <trkpt lat="45.7816920" lon="4.7365240">
    <ele>236.3</ele>
    <time>2026-08-07T10:00:08Z</time>
   </trkpt>
   <trkpt lat="45.7816610" lon="4.7365480">
    <ele>236.3</ele>
    <time>2026-08-07T10:00:09Z</time>
   </trkpt>
   <trkpt lat="45.7816370" lon="4.7365750">
    <ele>236.3</ele>
    <time>2026-08-07T10:00:10Z</time>
   </trkpt>
   <trkpt lat="45.7816100" lon="4.7365990">
    <ele>236.3</ele>
    <time>2026-08-07T10:00:11Z</time>
   </trkpt>
   <trkpt lat="45.7815860" lon="4.7366310">
    <ele>236.3</ele>
    <time>2026-08-07T10:00:12Z</time>
   </trkpt>
   <trkpt lat="45.7815560" lon="4.7366550">
    <ele>236.3</ele>
    <time>2026-08-07T10:00:13Z</time>
   </trkpt>
   <trkpt lat="45.7815340" lon="4.7366850">
    <ele>236.3</ele>
    <time>2026-08-07T10:00:14Z</time>
   </trkpt>
   <trkpt lat="45.7815030" lon="4.7367010">
    <ele>236.3</ele>
    <time>2026-08-07T10:00:15Z</time>
   </trkpt>
   <trkpt lat="45.7814710" lon="4.7367230">
    <ele>236.3</ele>
    <time>2026-08-07T10:00:16Z</time>
   </trkpt>
   <trkpt lat="45.7814480" lon="4.7367740">
    <ele>236.3</ele>
    <time>2026-08-07T10:00:17Z</time>
   </trkpt>
   <trkpt lat="45.7814290" lon="4.7368050">
    <ele>236.3</ele>
    <time>2026-08-07T10:00:18Z</time>
   </trkpt>
   <trkpt lat="45.7814070" lon="4.7368300">
    <ele>236.3</ele>
    <time>2026-08-07T10:00:19Z</time>
   </trkpt>
   <trkpt lat="45.7813960" lon="4.7368710">
    <ele>236.3</ele>
    <time>2026-08-07T10:00:20Z</time>
   </trkpt>
   <trkpt lat="45.7813660" lon="4.7368850">
    <ele>236.4</ele>
    <time>2026-08-07T10:00:21Z</time>
   </trkpt>
   <trkpt lat="45.7813350" lon="4.7369150">
    <ele>236.4</ele>
    <time>2026-08-07T10:00:22Z</time>
   </trkpt>
   <trkpt lat="45.7813080" lon="4.7369400">
    <ele>236.4</ele>
    <time>2026-08-07T10:00:23Z</time>
   </trkpt>
   <trkpt lat="45.7812760" lon="4.7369650">
    <ele>236.4</ele>
    <time>2026-08-07T10:00:24Z</time>
   </trkpt>
   <trkpt lat="45.7812510" lon="4.7370220">
    <ele>236.5</ele>
    <time>2026-08-07T10:00:25Z</time>
   </trkpt>
   <trkpt lat="45.7812300" lon="4.7370510">
    <ele>236.5</ele>
    <time>2026-08-07T10:00:26Z</time>
   </trkpt>
   <trkpt lat="45.7812080" lon="4.7370870">
    <ele>236.5</ele>
    <time>2026-08-07T10:00:27Z</time>
   </trkpt>
   <trkpt lat="45.7811890" lon="4.7371250">
    <ele>236.5</ele>
    <time>2026-08-07T10:00:28Z</time>
   </trkpt>
   <trkpt lat="45.7811640" lon="4.7371550">
    <ele>236.5</ele>
    <time>2026-08-07T10:00:29Z</time>
   </trkpt>
   <trkpt lat="45.7811450" lon="4.7371960">
    <ele>236.5</ele>
    <time>2026-08-07T10:00:30Z</time>
   </trkpt>
   <trkpt lat="45.7811300" lon="4.7372370">
    <ele>236.5</ele>
    <time>2026-08-07T10:00:31Z</time>
   </trkpt>
   <trkpt lat="45.7811100" lon="4.7372690">
    <ele>236.5</ele>
    <time>2026-08-07T10:00:32Z</time>
   </trkpt>
   <trkpt lat="45.7810880" lon="4.7373050">
    <ele>236.4</ele>
    <time>2026-08-07T10:00:33Z</time>
   </trkpt>
   <trkpt lat="45.7810660" lon="4.7373610">
    <ele>236.4</ele>
    <time>2026-08-07T10:00:34Z</time>
   </trkpt>
   <trkpt lat="45.7810420" lon="4.7373920">
    <ele>236.4</ele>
    <time>2026-08-07T10:00:35Z</time>
   </trkpt>
   <trkpt lat="45.7810200" lon="4.7374350">
    <ele>236.4</ele>
    <time>2026-08-07T10:00:36Z</time>
   </trkpt>
   <trkpt lat="45.7810050" lon="4.7374650">
    <ele>236.4</ele>
    <time>2026-08-07T10:00:37Z</time>
   </trkpt>
   <trkpt lat="45.7809830" lon="4.7374920">
    <ele>236.3</ele>
    <time>2026-08-07T10:00:38Z</time>
   </trkpt>
   <trkpt lat="45.7809640" lon="4.7375250">
    <ele>236.3</ele>
    <time>2026-08-07T10:00:39Z</time>
   </trkpt>
   <trkpt lat="45.7809430" lon="4.7375670">
    <ele>236.3</ele>
    <time>2026-08-07T10:00:40Z</time>
   </trkpt>
   <trkpt lat="45.7809210" lon="4.7376060">
    <ele>236.3</ele>
    <time>2026-08-07T10:00:41Z</time>
   </trkpt>
   <trkpt lat="45.7808930" lon="4.7376370">
    <ele>236.2</ele>
    <time>2026-08-07T10:00:42Z</time>
   </trkpt>
   <trkpt lat="45.7808750" lon="4.7376700">
    <ele>236.2</ele>
    <time>2026-08-07T10:00:43Z</time>
   </trkpt>
   <trkpt lat="45.7808550" lon="4.7377040">
    <ele>236.2</ele>
    <time>2026-08-07T10:00:44Z</time>
   </trkpt>
   <trkpt lat="45.7808370" lon="4.7377490">
    <ele>236.2</ele>
    <time>2026-08-07T10:00:45Z</time>
   </trkpt>
   <trkpt lat="45.7808160" lon="4.7377750">
    <ele>236.1</ele>
    <time>2026-08-07T10:00:46Z</time>
   </trkpt>
   <trkpt lat="45.7807960" lon="4.7378060">
    <ele>236.1</ele>
    <time>2026-08-07T10:00:47Z</time>
   </trkpt>
   <trkpt lat="45.7807680" lon="4.7378380">
    <ele>236.1</ele>
    <time>2026-08-07T10:00:48Z</time>
   </trkpt>
   <trkpt lat="45.7807400" lon="4.7378650">
    <ele>236.0</ele>
    <time>2026-08-07T10:00:49Z</time>
   </trkpt>
   <trkpt lat="45.7807140" lon="4.7378960">
    <ele>236.0</ele>
    <time>2026-08-07T10:00:50Z</time>
   </trkpt>
   <trkpt lat="45.7806860" lon="4.7379140">
    <ele>235.9</ele>
    <time>2026-08-07T10:00:51Z</time>
   </trkpt>
   <trkpt lat="45.7806550" lon="4.7379430">
    <ele>235.9</ele>
    <time>2026-08-07T10:00:52Z</time>
   </trkpt>
   <trkpt lat="45.7806310" lon="4.7379690">
    <ele>235.8</ele>
    <time>2026-08-07T10:00:53Z</time>
   </trkpt>
   <trkpt lat="45.7806070" lon="4.7380020">
    <ele>235.8</ele>
    <time>2026-08-07T10:00:54Z</time>
   </trkpt>
   <trkpt lat="45.7805870" lon="4.7380460">
    <ele>235.7</ele>
    <time>2026-08-07T10:00:55Z</time>
   </trkpt>
   <trkpt lat="45.7805610" lon="4.7380790">
    <ele>235.6</ele>
    <time>2026-08-07T10:00:56Z</time>
   </trkpt>
   <trkpt lat="45.7805320" lon="4.7381140">
    <ele>235.5</ele>
    <time>2026-08-07T10:00:57Z</time>
   </trkpt>
   <trkpt lat="45.7805120" lon="4.7381500">
    <ele>235.5</ele>
    <time>2026-08-07T10:00:58Z</time>
   </trkpt>
   <trkpt lat="45.7804990" lon="4.7381880">
    <ele>235.4</ele>
    <time>2026-08-07T10:00:59Z</time>
   </trkpt>
   <trkpt lat="45.7804790" lon="4.7382370">
    <ele>235.3</ele>
    <time>2026-08-07T10:01:00Z</time>
   </trkpt>
   <trkpt lat="45.7804650" lon="4.7382740">
    <ele>235.2</ele>
    <time>2026-08-07T10:01:01Z</time>
   </trkpt>
   <trkpt lat="45.7804580" lon="4.7383170">
    <ele>235.1</ele>
    <time>2026-08-07T10:01:02Z</time>
   </trkpt>
   <trkpt lat="45.7804350" lon="4.7383540">
    <ele>234.9</ele>
    <time>2026-08-07T10:01:03Z</time>
   </trkpt>
   <trkpt lat="45.7804250" lon="4.7383900">
    <ele>234.7</ele>
    <time>2026-08-07T10:01:04Z</time>
   </trkpt>
   <trkpt lat="45.7804180" lon="4.7384390">
    <ele>234.5</ele>
    <time>2026-08-07T10:01:05Z</time>
   </trkpt>
   <trkpt lat="45.7804010" lon="4.7384760">
    <ele>234.3</ele>
    <time>2026-08-07T10:01:06Z</time>
   </trkpt>
   <trkpt lat="45.7803810" lon="4.7385110">
    <ele>234.1</ele>
    <time>2026-08-07T10:01:07Z</time>
   </trkpt>
   <trkpt lat="45.7803650" lon="4.7385430">
    <ele>233.9</ele>
    <time>2026-08-07T10:01:08Z</time>
   </trkpt>
   <trkpt lat="45.7803620" lon="4.7386050">
    <ele>233.6</ele>
    <time>2026-08-07T10:01:09Z</time>
   </trkpt>
   <trkpt lat="45.7803410" lon="4.7386460">
    <ele>233.3</ele>
    <time>2026-08-07T10:01:10Z</time>
   </trkpt>
   <trkpt lat="45.7803240" lon="4.7386820">
    <ele>233.1</ele>
    <time>2026-08-07T10:01:11Z</time>
   </trkpt>
   <trkpt lat="45.7803120" lon="4.7387300">
    <ele>232.9</ele>
    <time>2026-08-07T10:01:12Z</time>
   </trkpt>
   <trkpt lat="45.7802790" lon="4.7387650">
    <ele>232.6</ele>
    <time>2026-08-07T10:01:13Z</time>
   </trkpt>
   <trkpt lat="45.7802580" lon="4.7387990">
    <ele>232.4</ele>
    <time>2026-08-07T10:01:14Z</time>
   </trkpt>
   <trkpt lat="45.7802280" lon="4.7388320">
    <ele>232.3</ele>
    <time>2026-08-07T10:01:15Z</time>
   </trkpt>
   <trkpt lat="45.7801990" lon="4.7388590">
    <ele>232.3</ele>
    <time>2026-08-07T10:01:16Z</time>
   </trkpt>
   <trkpt lat="45.7801730" lon="4.7388960">
    <ele>232.2</ele>
    <time>2026-08-07T10:01:17Z</time>
   </trkpt>
   <trkpt lat="45.7801460" lon="4.7389260">
    <ele>232.1</ele>
    <time>2026-08-07T10:01:18Z</time>
   </trkpt>
   <trkpt lat="45.7801310" lon="4.7389630">
    <ele>232.1</ele>
    <time>2026-08-07T10:01:19Z</time>
   </trkpt>
   <trkpt lat="45.7801050" lon="4.7389850">
    <ele>232.0</ele>
    <time>2026-08-07T10:01:20Z</time>
   </trkpt>
   <trkpt lat="45.7800790" lon="4.7390180">
    <ele>232.0</ele>
    <time>2026-08-07T10:01:21Z</time>
   </trkpt>
   <trkpt lat="45.7800490" lon="4.7390450">
    <ele>232.0</ele>
    <time>2026-08-07T10:01:22Z</time>
   </trkpt>
   <trkpt lat="45.7800150" lon="4.7390730">
    <ele>231.9</ele>
    <time>2026-08-07T10:01:23Z</time>
   </trkpt>
   <trkpt lat="45.7799810" lon="4.7390990">
    <ele>231.9</ele>
    <time>2026-08-07T10:01:24Z</time>
   </trkpt>
   <trkpt lat="45.7799490" lon="4.7391250">
    <ele>231.9</ele>
    <time>2026-08-07T10:01:25Z</time>
   </trkpt>
   <trkpt lat="45.7799250" lon="4.7391520">
    <ele>231.9</ele>
    <time>2026-08-07T10:01:26Z</time>
   </trkpt>
   <trkpt lat="45.7798960" lon="4.7391750">
    <ele>231.9</ele>
    <time>2026-08-07T10:01:27Z</time>
   </trkpt>
   <trkpt lat="45.7798730" lon="4.7392000">
    <ele>231.8</ele>
    <time>2026-08-07T10:01:28Z</time>
   </trkpt>
   <trkpt lat="45.7798570" lon="4.7392400">
    <ele>231.8</ele>
    <time>2026-08-07T10:01:29Z</time>
   </trkpt>
   <trkpt lat="45.7798400" lon="4.7392720">
    <ele>231.8</ele>
    <time>2026-08-07T10:01:30Z</time>
   </trkpt>
   <trkpt lat="45.7798300" lon="4.7393040">
    <ele>231.7</ele>
    <time>2026-08-07T10:01:31Z</time>
   </trkpt>
   <trkpt lat="45.7798150" lon="4.7393430">
    <ele>231.7</ele>
    <time>2026-08-07T10:01:32Z</time>
   </trkpt>
   <trkpt lat="45.7798060" lon="4.7393750">
    <ele>231.6</ele>
    <time>2026-08-07T10:01:33Z</time>
   </trkpt>
   <trkpt lat="45.7797880" lon="4.7395970">
    <ele>231.4</ele>
    <time>2026-08-07T10:01:38Z</time>
   </trkpt>
   <trkpt lat="45.7797640" lon="4.7396060">
    <ele>231.4</ele>
    <time>2026-08-07T10:01:39Z</time>
   </trkpt>
   <trkpt lat="45.7797270" lon="4.7396240">
    <ele>231.3</ele>
    <time>2026-08-07T10:01:40Z</time>
   </trkpt>
   <trkpt lat="45.7797080" lon="4.7396420">
    <ele>231.3</ele>
    <time>2026-08-07T10:01:41Z</time>
   </trkpt>
   <trkpt lat="45.7796850" lon="4.7396730">
    <ele>231.3</ele>
    <time>2026-08-07T10:01:42Z</time>
   </trkpt>
   <trkpt lat="45.7796820" lon="4.7396790">
    <ele>231.4</ele>
    <time>2026-08-07T10:01:43Z</time>
   </trkpt>
   <trkpt lat="45.7796550" lon="4.7396830">
    <ele>231.4</ele>
    <time>2026-08-07T10:01:44Z</time>
   </trkpt>
   <trkpt lat="45.7796290" lon="4.7396810">
    <ele>231.4</ele>
    <time>2026-08-07T10:01:45Z</time>
   </trkpt>
   <trkpt lat="45.7796090" lon="4.7396890">
    <ele>231.5</ele>
    <time>2026-08-07T10:01:46Z</time>
   </trkpt>
   <trkpt lat="45.7795740" lon="4.7396900">
    <ele>231.6</ele>
    <time>2026-08-07T10:01:47Z</time>
   </trkpt>
   <trkpt lat="45.7795440" lon="4.7396750">
    <ele>231.7</ele>
    <time>2026-08-07T10:01:48Z</time>
   </trkpt>
   <trkpt lat="45.7795100" lon="4.7396580">
    <ele>231.9</ele>
    <time>2026-08-07T10:01:49Z</time>
   </trkpt>
   <trkpt lat="45.7794990" lon="4.7396470">
    <ele>231.9</ele>
    <time>2026-08-07T10:01:50Z</time>
   </trkpt>
   <trkpt lat="45.7794730" lon="4.7396430">
    <ele>232.0</ele>
    <time>2026-08-07T10:01:51Z</time>
   </trkpt>
   <trkpt lat="45.7794530" lon="4.7396210">
    <ele>232.1</ele>
    <time>2026-08-07T10:01:52Z</time>
   </trkpt>
   <trkpt lat="45.7794240" lon="4.7396030">
    <ele>232.2</ele>
    <time>2026-08-07T10:01:53Z</time>
   </trkpt>
   <trkpt lat="45.7794070" lon="4.7396020">
    <ele>232.3</ele>
    <time>2026-08-07T10:01:54Z</time>
   </trkpt>
   <trkpt lat="45.7793800" lon="4.7396020">
    <ele>232.4</ele>
    <time>2026-08-07T10:01:55Z</time>
   </trkpt>
   <trkpt lat="45.7793520" lon="4.7396030">
    <ele>232.4</ele>
    <time>2026-08-07T10:01:56Z</time>
   </trkpt>
   <trkpt lat="45.7793360" lon="4.7396250">
    <ele>232.4</ele>
    <time>2026-08-07T10:01:57Z</time>
   </trkpt>
   <trkpt lat="45.7793150" lon="4.7396560">
    <ele>232.4</ele>
    <time>2026-08-07T10:01:58Z</time>
   </trkpt>
   <trkpt lat="45.7792970" lon="4.7396860">
    <ele>232.4</ele>
    <time>2026-08-07T10:01:59Z</time>
   </trkpt>
   <trkpt lat="45.7792770" lon="4.7397160">
    <ele>232.4</ele>
    <time>2026-08-07T10:02:00Z</time>
   </trkpt>
   <trkpt lat="45.7792540" lon="4.7397310">
    <ele>232.4</ele>
    <time>2026-08-07T10:02:01Z</time>
   </trkpt>
   <trkpt lat="45.7792230" lon="4.7397750">
    <ele>232.4</ele>
    <time>2026-08-07T10:02:02Z</time>
   </trkpt>
   <trkpt lat="45.7791800" lon="4.7398140">
    <ele>232.3</ele>
    <time>2026-08-07T10:02:03Z</time>
   </trkpt>
   <trkpt lat="45.7791510" lon="4.7398590">
    <ele>232.3</ele>
    <time>2026-08-07T10:02:04Z</time>
   </trkpt>
   <trkpt lat="45.7791210" lon="4.7399000">
    <ele>232.3</ele>
    <time>2026-08-07T10:02:05Z</time>
   </trkpt>
   <trkpt lat="45.7790900" lon="4.7399280">
    <ele>232.2</ele>
    <time>2026-08-07T10:02:06Z</time>
   </trkpt>
   <trkpt lat="45.7790670" lon="4.7399630">
    <ele>232.2</ele>
    <time>2026-08-07T10:02:07Z</time>
   </trkpt>
   <trkpt lat="45.7790450" lon="4.7399910">
    <ele>232.2</ele>
    <time>2026-08-07T10:02:08Z</time>
   </trkpt>
   <trkpt lat="45.7790210" lon="4.7400100">
    <ele>232.1</ele>
    <time>2026-08-07T10:02:09Z</time>
   </trkpt>
   <trkpt lat="45.7789860" lon="4.7400380">
    <ele>232.1</ele>
    <time>2026-08-07T10:02:10Z</time>
   </trkpt>
   <trkpt lat="45.7789540" lon="4.7400700">
    <ele>232.1</ele>
    <time>2026-08-07T10:02:11Z</time>
   </trkpt>
   <trkpt lat="45.7789240" lon="4.7400950">
    <ele>232.0</ele>
    <time>2026-08-07T10:02:12Z</time>
   </trkpt>
   <trkpt lat="45.7788960" lon="4.7401320">
    <ele>232.0</ele>
    <time>2026-08-07T10:02:13Z</time>
   </trkpt>
   <trkpt lat="45.7788820" lon="4.7401730">
    <ele>232.0</ele>
    <time>2026-08-07T10:02:14Z</time>
   </trkpt>
   <trkpt lat="45.7788540" lon="4.7401900">
    <ele>231.9</ele>
    <time>2026-08-07T10:02:15Z</time>
   </trkpt>
   <trkpt lat="45.7788330" lon="4.7402240">
    <ele>231.9</ele>
    <time>2026-08-07T10:02:16Z</time>
   </trkpt>
   <trkpt lat="45.7788130" lon="4.7402580">
    <ele>231.9</ele>
    <time>2026-08-07T10:02:17Z</time>
   </trkpt>
   <trkpt lat="45.7787860" lon="4.7402900">
    <ele>231.8</ele>
    <time>2026-08-07T10:02:18Z</time>
   </trkpt>
   <trkpt lat="45.7787610" lon="4.7403140">
    <ele>231.8</ele>
    <time>2026-08-07T10:02:19Z</time>
   </trkpt>
   <trkpt lat="45.7787310" lon="4.7403470">
    <ele>231.8</ele>
    <time>2026-08-07T10:02:20Z</time>
   </trkpt>
   <trkpt lat="45.7787030" lon="4.7403640">
    <ele>231.7</ele>
    <time>2026-08-07T10:02:21Z</time>
   </trkpt>
   <trkpt lat="45.7786880" lon="4.7404000">
    <ele>231.7</ele>
    <time>2026-08-07T10:02:22Z</time>
   </trkpt>
   <trkpt lat="45.7786630" lon="4.7404220">
    <ele>231.7</ele>
    <time>2026-08-07T10:02:23Z</time>
   </trkpt>
   <trkpt lat="45.7786380" lon="4.7404530">
    <ele>231.7</ele>
    <time>2026-08-07T10:02:24Z</time>
   </trkpt>
   <trkpt lat="45.7786100" lon="4.7404870">
    <ele>231.7</ele>
    <time>2026-08-07T10:02:25Z</time>
   </trkpt>
   <trkpt lat="45.7785850" lon="4.7405110">
    <ele>231.6</ele>
    <time>2026-08-07T10:02:26Z</time>
   </trkpt>
   <trkpt lat="45.7785550" lon="4.7405520">
    <ele>231.6</ele>
    <time>2026-08-07T10:02:27Z</time>
   </trkpt>
   <trkpt lat="45.7785320" lon="4.7405850">
    <ele>231.6</ele>
    <time>2026-08-07T10:02:28Z</time>
   </trkpt>
   <trkpt lat="45.7785020" lon="4.7406100">
    <ele>231.6</ele>
    <time>2026-08-07T10:02:29Z</time>
   </trkpt>
   <trkpt lat="45.7784850" lon="4.7406540">
    <ele>231.5</ele>
    <time>2026-08-07T10:02:30Z</time>
   </trkpt>
   <trkpt lat="45.7784650" lon="4.7406950">
    <ele>231.5</ele>
    <time>2026-08-07T10:02:31Z</time>
   </trkpt>
   <trkpt lat="45.7784480" lon="4.7407360">
    <ele>231.4</ele>
    <time>2026-08-07T10:02:32Z</time>
   </trkpt>
   <trkpt lat="45.7784370" lon="4.7407840">
    <ele>231.4</ele>
    <time>2026-08-07T10:02:33Z</time>
   </trkpt>
   <trkpt lat="45.7784330" lon="4.7408300">
    <ele>231.4</ele>
    <time>2026-08-07T10:02:34Z</time>
   </trkpt>
   <trkpt lat="45.7784390" lon="4.7408760">
    <ele>231.3</ele>
    <time>2026-08-07T10:02:35Z</time>
   </trkpt>
   <trkpt lat="45.7784340" lon="4.7409210">
    <ele>231.3</ele>
    <time>2026-08-07T10:02:36Z</time>
   </trkpt>
   <trkpt lat="45.7784320" lon="4.7409670">
    <ele>231.2</ele>
    <time>2026-08-07T10:02:37Z</time>
   </trkpt>
   <trkpt lat="45.7784250" lon="4.7410270">
    <ele>231.2</ele>
    <time>2026-08-07T10:02:38Z</time>
   </trkpt>
   <trkpt lat="45.7784160" lon="4.7410750">
    <ele>231.1</ele>
    <time>2026-08-07T10:02:39Z</time>
   </trkpt>
   <trkpt lat="45.7784030" lon="4.7411210">
    <ele>231.1</ele>
    <time>2026-08-07T10:02:40Z</time>
   </trkpt>
   <trkpt lat="45.7783830" lon="4.7411640">
    <ele>231.1</ele>
    <time>2026-08-07T10:02:41Z</time>
   </trkpt>
   <trkpt lat="45.7783680" lon="4.7412110">
    <ele>231.0</ele>
    <time>2026-08-07T10:02:42Z</time>
   </trkpt>
   <trkpt lat="45.7783560" lon="4.7412520">
    <ele>231.0</ele>
    <time>2026-08-07T10:02:43Z</time>
   </trkpt>
   <trkpt lat="45.7783400" lon="4.7412970">
    <ele>231.0</ele>
    <time>2026-08-07T10:02:44Z</time>
   </trkpt>
   <trkpt lat="45.7783290" lon="4.7413450">
    <ele>231.0</ele>
    <time>2026-08-07T10:02:45Z</time>
   </trkpt>
   <trkpt lat="45.7783200" lon="4.7413890">
    <ele>230.9</ele>
    <time>2026-08-07T10:02:46Z</time>
   </trkpt>
   <trkpt lat="45.7783050" lon="4.7414290">
    <ele>230.9</ele>
    <time>2026-08-07T10:02:47Z</time>
   </trkpt>
   <trkpt lat="45.7782920" lon="4.7414760">
    <ele>230.9</ele>
    <time>2026-08-07T10:02:48Z</time>
   </trkpt>
   <trkpt lat="45.7782900" lon="4.7415260">
    <ele>230.9</ele>
    <time>2026-08-07T10:02:49Z</time>
   </trkpt>
   <trkpt lat="45.7782860" lon="4.7415740">
    <ele>230.9</ele>
    <time>2026-08-07T10:02:50Z</time>
   </trkpt>
   <trkpt lat="45.7782920" lon="4.7416200">
    <ele>230.9</ele>
    <time>2026-08-07T10:02:51Z</time>
   </trkpt>
   <trkpt lat="45.7783140" lon="4.7416740">
    <ele>230.8</ele>
    <time>2026-08-07T10:02:52Z</time>
   </trkpt>
   <trkpt lat="45.7783220" lon="4.7417230">
    <ele>230.8</ele>
    <time>2026-08-07T10:02:53Z</time>
   </trkpt>
   <trkpt lat="45.7783420" lon="4.7417690">
    <ele>230.8</ele>
    <time>2026-08-07T10:02:54Z</time>
   </trkpt>
   <trkpt lat="45.7783690" lon="4.7418230">
    <ele>230.9</ele>
    <time>2026-08-07T10:02:55Z</time>
   </trkpt>
   <trkpt lat="45.7784030" lon="4.7418390">
    <ele>230.9</ele>
    <time>2026-08-07T10:02:56Z</time>
   </trkpt>
   <trkpt lat="45.7784330" lon="4.7418580">
    <ele>230.9</ele>
    <time>2026-08-07T10:02:57Z</time>
   </trkpt>
   <trkpt lat="45.7784660" lon="4.7418790">
    <ele>230.9</ele>
    <time>2026-08-07T10:02:58Z</time>
   </trkpt>
   <trkpt lat="45.7785000" lon="4.7418910">
    <ele>230.9</ele>
    <time>2026-08-07T10:02:59Z</time>
   </trkpt>
   <trkpt lat="45.7785210" lon="4.7419360">
    <ele>230.9</ele>
    <time>2026-08-07T10:03:00Z</time>
   </trkpt>
   <trkpt lat="45.7785400" lon="4.7419830">
    <ele>230.8</ele>
    <time>2026-08-07T10:03:01Z</time>
   </trkpt>
   <trkpt lat="45.7785330" lon="4.7420360">
    <ele>230.7</ele>
    <time>2026-08-07T10:03:02Z</time>
   </trkpt>
   <trkpt lat="45.7784980" lon="4.7420730">
    <ele>230.6</ele>
    <time>2026-08-07T10:03:03Z</time>
   </trkpt>
   <trkpt lat="45.7784650" lon="4.7421150">
    <ele>230.5</ele>
    <time>2026-08-07T10:03:04Z</time>
   </trkpt>
   <trkpt lat="45.7784340" lon="4.7421370">
    <ele>230.4</ele>
    <time>2026-08-07T10:03:05Z</time>
   </trkpt>
   <trkpt lat="45.7784060" lon="4.7421690">
    <ele>230.4</ele>
    <time>2026-08-07T10:03:06Z</time>
   </trkpt>
   <trkpt lat="45.7783690" lon="4.7421930">
    <ele>230.3</ele>
    <time>2026-08-07T10:03:07Z</time>
   </trkpt>
   <trkpt lat="45.7783480" lon="4.7422320">
    <ele>230.2</ele>
    <time>2026-08-07T10:03:08Z</time>
   </trkpt>
   <trkpt lat="45.7783220" lon="4.7422650">
    <ele>230.1</ele>
    <time>2026-08-07T10:03:09Z</time>
   </trkpt>
   <trkpt lat="45.7782960" lon="4.7423070">
    <ele>230.0</ele>
    <time>2026-08-07T10:03:10Z</time>
   </trkpt>
   <trkpt lat="45.7782650" lon="4.7423350">
    <ele>230.0</ele>
    <time>2026-08-07T10:03:11Z</time>
   </trkpt>
   <trkpt lat="45.7782250" lon="4.7423600">
    <ele>229.9</ele>
    <time>2026-08-07T10:03:12Z</time>
   </trkpt>
   <trkpt lat="45.7781950" lon="4.7423890">
    <ele>229.8</ele>
    <time>2026-08-07T10:03:13Z</time>
   </trkpt>
   <trkpt lat="45.7781670" lon="4.7424180">
    <ele>229.7</ele>
    <time>2026-08-07T10:03:14Z</time>
   </trkpt>
   <trkpt lat="45.7781480" lon="4.7424530">
    <ele>229.7</ele>
    <time>2026-08-07T10:03:15Z</time>
   </trkpt>
   <trkpt lat="45.7781220" lon="4.7424820">
    <ele>229.6</ele>
    <time>2026-08-07T10:03:16Z</time>
   </trkpt>
   <trkpt lat="45.7780980" lon="4.7425060">
    <ele>229.5</ele>
    <time>2026-08-07T10:03:17Z</time>
   </trkpt>
   <trkpt lat="45.7780680" lon="4.7425330">
    <ele>229.5</ele>
    <time>2026-08-07T10:03:18Z</time>
   </trkpt>
   <trkpt lat="45.7780340" lon="4.7425490">
    <ele>229.4</ele>
    <time>2026-08-07T10:03:19Z</time>
   </trkpt>
   <trkpt lat="45.7780040" lon="4.7425790">
    <ele>229.4</ele>
    <time>2026-08-07T10:03:20Z</time>
   </trkpt>
   <trkpt lat="45.7779730" lon="4.7425990">
    <ele>229.3</ele>
    <time>2026-08-07T10:03:21Z</time>
   </trkpt>
   <trkpt lat="45.7779380" lon="4.7426160">
    <ele>229.3</ele>
    <time>2026-08-07T10:03:22Z</time>
   </trkpt>
   <trkpt lat="45.7779120" lon="4.7426540">
    <ele>229.2</ele>
    <time>2026-08-07T10:03:23Z</time>
   </trkpt>
   <trkpt lat="45.7778810" lon="4.7426800">
    <ele>229.2</ele>
    <time>2026-08-07T10:03:24Z</time>
   </trkpt>
   <trkpt lat="45.7778560" lon="4.7426980">
    <ele>229.1</ele>
    <time>2026-08-07T10:03:25Z</time>
   </trkpt>
   <trkpt lat="45.7778280" lon="4.7427100">
    <ele>229.1</ele>
    <time>2026-08-07T10:03:26Z</time>
   </trkpt>
   <trkpt lat="45.7778000" lon="4.7427350">
    <ele>229.0</ele>
    <time>2026-08-07T10:03:27Z</time>
   </trkpt>
   <trkpt lat="45.7777810" lon="4.7427750">
    <ele>229.0</ele>
    <time>2026-08-07T10:03:28Z</time>
   </trkpt>
   <trkpt lat="45.7777530" lon="4.7427940">
    <ele>229.0</ele>
    <time>2026-08-07T10:03:29Z</time>
   </trkpt>
   <trkpt lat="45.7777190" lon="4.7428050">
    <ele>228.9</ele>
    <time>2026-08-07T10:03:30Z</time>
   </trkpt>
   <trkpt lat="45.7776890" lon="4.7428310">
    <ele>228.9</ele>
    <time>2026-08-07T10:03:31Z</time>
   </trkpt>
   <trkpt lat="45.7776600" lon="4.7428680">
    <ele>228.9</ele>
    <time>2026-08-07T10:03:32Z</time>
   </trkpt>
   <trkpt lat="45.7776290" lon="4.7428930">
    <ele>228.8</ele>
    <time>2026-08-07T10:03:33Z</time>
   </trkpt>
   <trkpt lat="45.7775970" lon="4.7429160">
    <ele>228.8</ele>
    <time>2026-08-07T10:03:34Z</time>
   </trkpt>
   <trkpt lat="45.7775690" lon="4.7429390">
    <ele>228.8</ele>
    <time>2026-08-07T10:03:35Z</time>
   </trkpt>
   <trkpt lat="45.7775370" lon="4.7429670">
    <ele>228.7</ele>
    <time>2026-08-07T10:03:36Z</time>
   </trkpt>
   <trkpt lat="45.7775060" lon="4.7429970">
    <ele>228.7</ele>
    <time>2026-08-07T10:03:37Z</time>
   </trkpt>
   <trkpt lat="45.7774720" lon="4.7430270">
    <ele>228.6</ele>
    <time>2026-08-07T10:03:38Z</time>
   </trkpt>
   <trkpt lat="45.7774430" lon="4.7430630">
    <ele>228.6</ele>
    <time>2026-08-07T10:03:39Z</time>
   </trkpt>
   <trkpt lat="45.7774120" lon="4.7430770">
    <ele>228.5</ele>
    <time>2026-08-07T10:03:40Z</time>
   </trkpt>
   <trkpt lat="45.7773820" lon="4.7431110">
    <ele>228.5</ele>
    <time>2026-08-07T10:03:41Z</time>
   </trkpt>
   <trkpt lat="45.7773540" lon="4.7431330">
    <ele>228.5</ele>
    <time>2026-08-07T10:03:42Z</time>
   </trkpt>
   <trkpt lat="45.7773240" lon="4.7431490">
    <ele>228.4</ele>
    <time>2026-08-07T10:03:43Z</time>
   </trkpt>
   <trkpt lat="45.7772950" lon="4.7431740">
    <ele>228.4</ele>
    <time>2026-08-07T10:03:44Z</time>
   </trkpt>
   <trkpt lat="45.7772700" lon="4.7431920">
    <ele>228.3</ele>
    <time>2026-08-07T10:03:45Z</time>
   </trkpt>
   <trkpt lat="45.7772360" lon="4.7432220">
    <ele>228.3</ele>
    <time>2026-08-07T10:03:46Z</time>
   </trkpt>
   <trkpt lat="45.7772130" lon="4.7432570">
    <ele>228.2</ele>
    <time>2026-08-07T10:03:47Z</time>
   </trkpt>
   <trkpt lat="45.7771860" lon="4.7432760">
    <ele>228.2</ele>
    <time>2026-08-07T10:03:48Z</time>
   </trkpt>
   <trkpt lat="45.7771570" lon="4.7432990">
    <ele>228.1</ele>
    <time>2026-08-07T10:03:49Z</time>
   </trkpt>
   <trkpt lat="45.7771260" lon="4.7433070">
    <ele>228.1</ele>
    <time>2026-08-07T10:03:50Z</time>
   </trkpt>
   <trkpt lat="45.7770910" lon="4.7433290">
    <ele>228.0</ele>
    <time>2026-08-07T10:03:51Z</time>
   </trkpt>
   <trkpt lat="45.7770690" lon="4.7433670">
    <ele>228.0</ele>
    <time>2026-08-07T10:03:52Z</time>
   </trkpt>
   <trkpt lat="45.7770390" lon="4.7433900">
    <ele>227.9</ele>
    <time>2026-08-07T10:03:53Z</time>
   </trkpt>
   <trkpt lat="45.7770140" lon="4.7434240">
    <ele>227.9</ele>
    <time>2026-08-07T10:03:54Z</time>
   </trkpt>
   <trkpt lat="45.7769870" lon="4.7434370">
    <ele>227.9</ele>
    <time>2026-08-07T10:03:55Z</time>
   </trkpt>
   <trkpt lat="45.7769670" lon="4.7434650">
    <ele>227.8</ele>
    <time>2026-08-07T10:03:56Z</time>
   </trkpt>
   <trkpt lat="45.7769370" lon="4.7434810">
    <ele>227.8</ele>
    <time>2026-08-07T10:03:57Z</time>
   </trkpt>
   <trkpt lat="45.7769030" lon="4.7435090">
    <ele>227.8</ele>
    <time>2026-08-07T10:03:58Z</time>
   </trkpt>
   <trkpt lat="45.7768680" lon="4.7435260">
    <ele>227.7</ele>
    <time>2026-08-07T10:03:59Z</time>
   </trkpt>
   <trkpt lat="45.7768400" lon="4.7435610">
    <ele>227.6</ele>
    <time>2026-08-07T10:04:00Z</time>
   </trkpt>
   <trkpt lat="45.7768050" lon="4.7435790">
    <ele>227.6</ele>
    <time>2026-08-07T10:04:01Z</time>
   </trkpt>
   <trkpt lat="45.7767690" lon="4.7436070">
    <ele>227.5</ele>
    <time>2026-08-07T10:04:02Z</time>
   </trkpt>
   <trkpt lat="45.7767370" lon="4.7436190">
    <ele>227.5</ele>
    <time>2026-08-07T10:04:03Z</time>
   </trkpt>
   <trkpt lat="45.7767070" lon="4.7436380">
    <ele>227.5</ele>
    <time>2026-08-07T10:04:04Z</time>
   </trkpt>
   <trkpt lat="45.7766790" lon="4.7436510">
    <ele>227.4</ele>
    <time>2026-08-07T10:04:05Z</time>
   </trkpt>
   <trkpt lat="45.7766500" lon="4.7436760">
    <ele>227.4</ele>
    <time>2026-08-07T10:04:06Z</time>
   </trkpt>
   <trkpt lat="45.7766260" lon="4.7437090">
    <ele>227.4</ele>
    <time>2026-08-07T10:04:07Z</time>
   </trkpt>
   <trkpt lat="45.7766030" lon="4.7437310">
    <ele>227.3</ele>
    <time>2026-08-07T10:04:08Z</time>
   </trkpt>
   <trkpt lat="45.7765750" lon="4.7437560">
    <ele>227.3</ele>
    <time>2026-08-07T10:04:09Z</time>
   </trkpt>
   <trkpt lat="45.7765490" lon="4.7437930">
    <ele>227.3</ele>
    <time>2026-08-07T10:04:10Z</time>
   </trkpt>
   <trkpt lat="45.7765180" lon="4.7438100">
    <ele>227.2</ele>
    <time>2026-08-07T10:04:11Z</time>
   </trkpt>
   <trkpt lat="45.7764880" lon="4.7438370">
    <ele>227.2</ele>
    <time>2026-08-07T10:04:12Z</time>
   </trkpt>
   <trkpt lat="45.7764600" lon="4.7438680">
    <ele>227.2</ele>
    <time>2026-08-07T10:04:13Z</time>
   </trkpt>
   <trkpt lat="45.7764230" lon="4.7439010">
    <ele>227.2</ele>
    <time>2026-08-07T10:04:14Z</time>
   </trkpt>
   <trkpt lat="45.7763960" lon="4.7439080">
    <ele>227.1</ele>
    <time>2026-08-07T10:04:15Z</time>
   </trkpt>
   <trkpt lat="45.7763680" lon="4.7439260">
    <ele>227.1</ele>
    <time>2026-08-07T10:04:16Z</time>
   </trkpt>
   <trkpt lat="45.7763410" lon="4.7439570">
    <ele>227.1</ele>
    <time>2026-08-07T10:04:17Z</time>
   </trkpt>
   <trkpt lat="45.7763100" lon="4.7439820">
    <ele>227.1</ele>
    <time>2026-08-07T10:04:18Z</time>
   </trkpt>
   <trkpt lat="45.7762770" lon="4.7440180">
    <ele>227.1</ele>
    <time>2026-08-07T10:04:19Z</time>
   </trkpt>
   <trkpt lat="45.7762460" lon="4.7440440">
    <ele>227.0</ele>
    <time>2026-08-07T10:04:20Z</time>
   </trkpt>
   <trkpt lat="45.7762160" lon="4.7440730">
    <ele>227.0</ele>
    <time>2026-08-07T10:04:21Z</time>
   </trkpt>
   <trkpt lat="45.7761920" lon="4.7441030">
    <ele>227.0</ele>
    <time>2026-08-07T10:04:22Z</time>
   </trkpt>
   <trkpt lat="45.7761650" lon="4.7441140">
    <ele>227.0</ele>
    <time>2026-08-07T10:04:23Z</time>
   </trkpt>
   <trkpt lat="45.7761330" lon="4.7441330">
    <ele>226.9</ele>
    <time>2026-08-07T10:04:24Z</time>
   </trkpt>
   <trkpt lat="45.7761060" lon="4.7441750">
    <ele>226.9</ele>
    <time>2026-08-07T10:04:25Z</time>
   </trkpt>
   <trkpt lat="45.7760770" lon="4.7441970">
    <ele>226.9</ele>
    <time>2026-08-07T10:04:26Z</time>
   </trkpt>
   <trkpt lat="45.7760470" lon="4.7442170">
    <ele>226.8</ele>
    <time>2026-08-07T10:04:27Z</time>
   </trkpt>
   <trkpt lat="45.7760270" lon="4.7442350">
    <ele>226.8</ele>
    <time>2026-08-07T10:04:28Z</time>
   </trkpt>
   <trkpt lat="45.7759970" lon="4.7442510">
    <ele>226.8</ele>
    <time>2026-08-07T10:04:29Z</time>
   </trkpt>
   <trkpt lat="45.7759710" lon="4.7442870">
    <ele>226.7</ele>
    <time>2026-08-07T10:04:30Z</time>
   </trkpt>
   <trkpt lat="45.7759430" lon="4.7443130">
    <ele>226.7</ele>
    <time>2026-08-07T10:04:31Z</time>
   </trkpt>
   <trkpt lat="45.7759160" lon="4.7443330">
    <ele>226.7</ele>
    <time>2026-08-07T10:04:32Z</time>
   </trkpt>
   <trkpt lat="45.7758890" lon="4.7443500">
    <ele>226.6</ele>
    <time>2026-08-07T10:04:33Z</time>
   </trkpt>
   <trkpt lat="45.7758600" lon="4.7443720">
    <ele>226.6</ele>
    <time>2026-08-07T10:04:34Z</time>
   </trkpt>
   <trkpt lat="45.7758300" lon="4.7443970">
    <ele>226.6</ele>
    <time>2026-08-07T10:04:35Z</time>
   </trkpt>
   <trkpt lat="45.7758070" lon="4.7444240">
    <ele>226.5</ele>
    <time>2026-08-07T10:04:36Z</time>
   </trkpt>
   <trkpt lat="45.7757780" lon="4.7444460">
    <ele>226.5</ele>
    <time>2026-08-07T10:04:37Z</time>
   </trkpt>
   <trkpt lat="45.7757550" lon="4.7444830">
    <ele>226.5</ele>
    <time>2026-08-07T10:04:38Z</time>
   </trkpt>
   <trkpt lat="45.7757220" lon="4.7444990">
    <ele>226.5</ele>
    <time>2026-08-07T10:04:39Z</time>
   </trkpt>
   <trkpt lat="45.7756950" lon="4.7445280">
    <ele>226.4</ele>
    <time>2026-08-07T10:04:40Z</time>
   </trkpt>
   <trkpt lat="45.7756690" lon="4.7445400">
    <ele>226.4</ele>
    <time>2026-08-07T10:04:41Z</time>
   </trkpt>
   <trkpt lat="45.7756420" lon="4.7445590">
    <ele>226.4</ele>
    <time>2026-08-07T10:04:42Z</time>
   </trkpt>
   <trkpt lat="45.7756160" lon="4.7445900">
    <ele>226.3</ele>
    <time>2026-08-07T10:04:43Z</time>
   </trkpt>
   <trkpt lat="45.7755850" lon="4.7446070">
    <ele>226.3</ele>
    <time>2026-08-07T10:04:44Z</time>
   </trkpt>
   <trkpt lat="45.7755560" lon="4.7446420">
    <ele>226.3</ele>
    <time>2026-08-07T10:04:45Z</time>
   </trkpt>
   <trkpt lat="45.7755250" lon="4.7446540">
    <ele>226.3</ele>
    <time>2026-08-07T10:04:46Z</time>
   </trkpt>
   <trkpt lat="45.7755030" lon="4.7446790">
    <ele>226.2</ele>
    <time>2026-08-07T10:04:47Z</time>
   </trkpt>
   <trkpt lat="45.7754720" lon="4.7446960">
    <ele>226.2</ele>
    <time>2026-08-07T10:04:48Z</time>
   </trkpt>
   <trkpt lat="45.7754420" lon="4.7447180">
    <ele>226.2</ele>
    <time>2026-08-07T10:04:49Z</time>
   </trkpt>
   <trkpt lat="45.7754130" lon="4.7447490">
    <ele>226.2</ele>
    <time>2026-08-07T10:04:50Z</time>
   </trkpt>
   <trkpt lat="45.7753810" lon="4.7447820">
    <ele>226.2</ele>
    <time>2026-08-07T10:04:51Z</time>
   </trkpt>
   <trkpt lat="45.7753610" lon="4.7448110">
    <ele>226.2</ele>
    <time>2026-08-07T10:04:52Z</time>
   </trkpt>
   <trkpt lat="45.7753300" lon="4.7448300">
    <ele>226.2</ele>
    <time>2026-08-07T10:04:53Z</time>
   </trkpt>
   <trkpt lat="45.7753050" lon="4.7448540">
    <ele>226.2</ele>
    <time>2026-08-07T10:04:54Z</time>
   </trkpt>
   <trkpt lat="45.7752750" lon="4.7448670">
    <ele>226.2</ele>
    <time>2026-08-07T10:04:55Z</time>
   </trkpt>
   <trkpt lat="45.7752530" lon="4.7448890">
    <ele>226.1</ele>
    <time>2026-08-07T10:04:56Z</time>
   </trkpt>
   <trkpt lat="45.7752220" lon="4.7449270">
    <ele>226.1</ele>
    <time>2026-08-07T10:04:57Z</time>
   </trkpt>
   <trkpt lat="45.7751990" lon="4.7449510">
    <ele>226.1</ele>
    <time>2026-08-07T10:04:58Z</time>
   </trkpt>
   <trkpt lat="45.7751770" lon="4.7449730">
    <ele>226.0</ele>
    <time>2026-08-07T10:04:59Z</time>
   </trkpt>
   <trkpt lat="45.7751540" lon="4.7450080">
    <ele>226.0</ele>
    <time>2026-08-07T10:05:00Z</time>
   </trkpt>
   <trkpt lat="45.7751330" lon="4.7450450">
    <ele>226.0</ele>
    <time>2026-08-07T10:05:01Z</time>
   </trkpt>
   <trkpt lat="45.7751110" lon="4.7450790">
    <ele>225.9</ele>
    <time>2026-08-07T10:05:02Z</time>
   </trkpt>
   <trkpt lat="45.7750800" lon="4.7451070">
    <ele>225.9</ele>
    <time>2026-08-07T10:05:03Z</time>
   </trkpt>
   <trkpt lat="45.7750590" lon="4.7451490">
    <ele>225.8</ele>
    <time>2026-08-07T10:05:04Z</time>
   </trkpt>
   <trkpt lat="45.7750430" lon="4.7451860">
    <ele>225.8</ele>
    <time>2026-08-07T10:05:05Z</time>
   </trkpt>
   <trkpt lat="45.7750200" lon="4.7452160">
    <ele>225.8</ele>
    <time>2026-08-07T10:05:06Z</time>
   </trkpt>
   <trkpt lat="45.7750020" lon="4.7452550">
    <ele>225.7</ele>
    <time>2026-08-07T10:05:07Z</time>
   </trkpt>
   <trkpt lat="45.7749800" lon="4.7452840">
    <ele>225.7</ele>
    <time>2026-08-07T10:05:08Z</time>
   </trkpt>
   <trkpt lat="45.7749640" lon="4.7453200">
    <ele>225.6</ele>
    <time>2026-08-07T10:05:09Z</time>
   </trkpt>
   <trkpt lat="45.7749470" lon="4.7453500">
    <ele>225.6</ele>
    <time>2026-08-07T10:05:10Z</time>
   </trkpt>
   <trkpt lat="45.7749270" lon="4.7453980">
    <ele>225.5</ele>
    <time>2026-08-07T10:05:11Z</time>
   </trkpt>
   <trkpt lat="45.7749050" lon="4.7454330">
    <ele>225.4</ele>
    <time>2026-08-07T10:05:12Z</time>
   </trkpt>
   <trkpt lat="45.7748920" lon="4.7454780">
    <ele>225.3</ele>
    <time>2026-08-07T10:05:13Z</time>
   </trkpt>
   <trkpt lat="45.7748780" lon="4.7455110">
    <ele>225.3</ele>
    <time>2026-08-07T10:05:14Z</time>
   </trkpt>
   <trkpt lat="45.7748610" lon="4.7455430">
    <ele>225.2</ele>
    <time>2026-08-07T10:05:15Z</time>
   </trkpt>
   <trkpt lat="45.7748460" lon="4.7455810">
    <ele>225.1</ele>
    <time>2026-08-07T10:05:16Z</time>
   </trkpt>
   <trkpt lat="45.7748290" lon="4.7456130">
    <ele>225.1</ele>
    <time>2026-08-07T10:05:17Z</time>
   </trkpt>
   <trkpt lat="45.7748190" lon="4.7456510">
    <ele>225.0</ele>
    <time>2026-08-07T10:05:18Z</time>
   </trkpt>
   <trkpt lat="45.7748040" lon="4.7456880">
    <ele>224.9</ele>
    <time>2026-08-07T10:05:19Z</time>
   </trkpt>
   <trkpt lat="45.7747940" lon="4.7457320">
    <ele>224.8</ele>
    <time>2026-08-07T10:05:20Z</time>
   </trkpt>
   <trkpt lat="45.7747700" lon="4.7457710">
    <ele>224.8</ele>
    <time>2026-08-07T10:05:21Z</time>
   </trkpt>
   <trkpt lat="45.7747600" lon="4.7458010">
    <ele>224.7</ele>
    <time>2026-08-07T10:05:22Z</time>
   </trkpt>
   <trkpt lat="45.7747410" lon="4.7458410">
    <ele>224.6</ele>
    <time>2026-08-07T10:05:23Z</time>
   </trkpt>
   <trkpt lat="45.7747200" lon="4.7458610">
    <ele>224.6</ele>
    <time>2026-08-07T10:05:24Z</time>
   </trkpt>
   <trkpt lat="45.7747070" lon="4.7458990">
    <ele>224.5</ele>
    <time>2026-08-07T10:05:25Z</time>
   </trkpt>
   <trkpt lat="45.7746900" lon="4.7459320">
    <ele>224.5</ele>
    <time>2026-08-07T10:05:26Z</time>
   </trkpt>
   <trkpt lat="45.7746790" lon="4.7459650">
    <ele>224.4</ele>
    <time>2026-08-07T10:05:27Z</time>
   </trkpt>
   <trkpt lat="45.7746550" lon="4.7459930">
    <ele>224.4</ele>
    <time>2026-08-07T10:05:28Z</time>
   </trkpt>
   <trkpt lat="45.7746330" lon="4.7460170">
    <ele>224.3</ele>
    <time>2026-08-07T10:05:29Z</time>
   </trkpt>
   <trkpt lat="45.7746170" lon="4.7460600">
    <ele>224.3</ele>
    <time>2026-08-07T10:05:30Z</time>
   </trkpt>
   <trkpt lat="45.7746060" lon="4.7461140">
    <ele>224.2</ele>
    <time>2026-08-07T10:05:31Z</time>
   </trkpt>
   <trkpt lat="45.7745870" lon="4.7461580">
    <ele>224.2</ele>
    <time>2026-08-07T10:05:32Z</time>
   </trkpt>
   <trkpt lat="45.7745660" lon="4.7462030">
    <ele>224.1</ele>
    <time>2026-08-07T10:05:33Z</time>
   </trkpt>
   <trkpt lat="45.7745410" lon="4.7462330">
    <ele>224.1</ele>
    <time>2026-08-07T10:05:34Z</time>
   </trkpt>
   <trkpt lat="45.7745160" lon="4.7462760">
    <ele>224.1</ele>
    <time>2026-08-07T10:05:35Z</time>
   </trkpt>
   <trkpt lat="45.7744900" lon="4.7463110">
    <ele>224.0</ele>
    <time>2026-08-07T10:05:36Z</time>
   </trkpt>
   <trkpt lat="45.7744680" lon="4.7463590">
    <ele>224.0</ele>
    <time>2026-08-07T10:05:37Z</time>
   </trkpt>
   <trkpt lat="45.7744460" lon="4.7463940">
    <ele>223.9</ele>
    <time>2026-08-07T10:05:38Z</time>
   </trkpt>
   <trkpt lat="45.7744150" lon="4.7464180">
    <ele>223.9</ele>
    <time>2026-08-07T10:05:39Z</time>
   </trkpt>
   <trkpt lat="45.7743910" lon="4.7464470">
    <ele>223.9</ele>
    <time>2026-08-07T10:05:40Z</time>
   </trkpt>
   <trkpt lat="45.7743650" lon="4.7464720">
    <ele>223.9</ele>
    <time>2026-08-07T10:05:41Z</time>
   </trkpt>
   <trkpt lat="45.7743370" lon="4.7465070">
    <ele>223.8</ele>
    <time>2026-08-07T10:05:42Z</time>
   </trkpt>
   <trkpt lat="45.7743080" lon="4.7465350">
    <ele>223.8</ele>
    <time>2026-08-07T10:05:43Z</time>
   </trkpt>
   <trkpt lat="45.7742870" lon="4.7465700">
    <ele>223.7</ele>
    <time>2026-08-07T10:05:44Z</time>
   </trkpt>
   <trkpt lat="45.7742630" lon="4.7465970">
    <ele>223.7</ele>
    <time>2026-08-07T10:05:45Z</time>
   </trkpt>
   <trkpt lat="45.7742350" lon="4.7466270">
    <ele>223.7</ele>
    <time>2026-08-07T10:05:46Z</time>
   </trkpt>
   <trkpt lat="45.7742060" lon="4.7466480">
    <ele>223.7</ele>
    <time>2026-08-07T10:05:47Z</time>
   </trkpt>
   <trkpt lat="45.7741900" lon="4.7466710">
    <ele>223.6</ele>
    <time>2026-08-07T10:05:48Z</time>
   </trkpt>
   <trkpt lat="45.7741590" lon="4.7467030">
    <ele>223.6</ele>
    <time>2026-08-07T10:05:49Z</time>
   </trkpt>
   <trkpt lat="45.7741300" lon="4.7467400">
    <ele>223.6</ele>
    <time>2026-08-07T10:05:50Z</time>
   </trkpt>
   <trkpt lat="45.7741060" lon="4.7467730">
    <ele>223.5</ele>
    <time>2026-08-07T10:05:51Z</time>
   </trkpt>
   <trkpt lat="45.7740810" lon="4.7467920">
    <ele>223.5</ele>
    <time>2026-08-07T10:05:52Z</time>
   </trkpt>
   <trkpt lat="45.7740630" lon="4.7468320">
    <ele>223.5</ele>
    <time>2026-08-07T10:05:53Z</time>
   </trkpt>
   <trkpt lat="45.7740410" lon="4.7468420">
    <ele>223.4</ele>
    <time>2026-08-07T10:05:54Z</time>
   </trkpt>
   <trkpt lat="45.7740100" lon="4.7468750">
    <ele>223.4</ele>
    <time>2026-08-07T10:05:55Z</time>
   </trkpt>
   <trkpt lat="45.7739830" lon="4.7469140">
    <ele>223.4</ele>
    <time>2026-08-07T10:05:56Z</time>
   </trkpt>
   <trkpt lat="45.7739570" lon="4.7469330">
    <ele>223.4</ele>
    <time>2026-08-07T10:05:57Z</time>
   </trkpt>
   <trkpt lat="45.7739310" lon="4.7469440">
    <ele>223.3</ele>
    <time>2026-08-07T10:05:58Z</time>
   </trkpt>
   <trkpt lat="45.7739020" lon="4.7469750">
    <ele>223.3</ele>
    <time>2026-08-07T10:05:59Z</time>
   </trkpt>
   <trkpt lat="45.7738750" lon="4.7470010">
    <ele>223.3</ele>
    <time>2026-08-07T10:06:00Z</time>
   </trkpt>
   <trkpt lat="45.7738520" lon="4.7470160">
    <ele>223.3</ele>
    <time>2026-08-07T10:06:01Z</time>
   </trkpt>
   <trkpt lat="45.7738310" lon="4.7470470">
    <ele>223.3</ele>
    <time>2026-08-07T10:06:02Z</time>
   </trkpt>
   <trkpt lat="45.7738080" lon="4.7470820">
    <ele>223.3</ele>
    <time>2026-08-07T10:06:03Z</time>
   </trkpt>
   <trkpt lat="45.7737850" lon="4.7471210">
    <ele>223.3</ele>
    <time>2026-08-07T10:06:04Z</time>
   </trkpt>
   <trkpt lat="45.7737610" lon="4.7471420">
    <ele>223.2</ele>
    <time>2026-08-07T10:06:05Z</time>
   </trkpt>
   <trkpt lat="45.7737190" lon="4.7471660">
    <ele>223.2</ele>
    <time>2026-08-07T10:06:06Z</time>
   </trkpt>
   <trkpt lat="45.7736930" lon="4.7471820">
    <ele>223.2</ele>
    <time>2026-08-07T10:06:07Z</time>
   </trkpt>
   <trkpt lat="45.7736570" lon="4.7472020">
    <ele>223.2</ele>
    <time>2026-08-07T10:06:08Z</time>
   </trkpt>
   <trkpt lat="45.7736350" lon="4.7472390">
    <ele>223.1</ele>
    <time>2026-08-07T10:06:09Z</time>
   </trkpt>
   <trkpt lat="45.7736010" lon="4.7472620">
    <ele>223.1</ele>
    <time>2026-08-07T10:06:10Z</time>
   </trkpt>
   <trkpt lat="45.7735790" lon="4.7473010">
    <ele>223.1</ele>
    <time>2026-08-07T10:06:11Z</time>
   </trkpt>
   <trkpt lat="45.7735390" lon="4.7473190">
    <ele>223.1</ele>
    <time>2026-08-07T10:06:12Z</time>
   </trkpt>
   <trkpt lat="45.7735160" lon="4.7473510">
    <ele>223.0</ele>
    <time>2026-08-07T10:06:13Z</time>
   </trkpt>
   <trkpt lat="45.7734940" lon="4.7473940">
    <ele>223.0</ele>
    <time>2026-08-07T10:06:14Z</time>
   </trkpt>
   <trkpt lat="45.7734650" lon="4.7474150">
    <ele>223.0</ele>
    <time>2026-08-07T10:06:15Z</time>
   </trkpt>
   <trkpt lat="45.7734520" lon="4.7474350">
    <ele>223.0</ele>
    <time>2026-08-07T10:06:16Z</time>
   </trkpt>
   <trkpt lat="45.7734240" lon="4.7474600">
    <ele>223.0</ele>
    <time>2026-08-07T10:06:17Z</time>
   </trkpt>
   <trkpt lat="45.7734000" lon="4.7475070">
    <ele>223.0</ele>
    <time>2026-08-07T10:06:18Z</time>
   </trkpt>
   <trkpt lat="45.7733670" lon="4.7475390">
    <ele>222.9</ele>
    <time>2026-08-07T10:06:19Z</time>
   </trkpt>
   <trkpt lat="45.7733370" lon="4.7475610">
    <ele>222.9</ele>
    <time>2026-08-07T10:06:20Z</time>
   </trkpt>
   <trkpt lat="45.7733120" lon="4.7475920">
    <ele>222.9</ele>
    <time>2026-08-07T10:06:21Z</time>
   </trkpt>
   <trkpt lat="45.7732830" lon="4.7476210">
    <ele>222.9</ele>
    <time>2026-08-07T10:06:22Z</time>
   </trkpt>
   <trkpt lat="45.7732500" lon="4.7476620">
    <ele>222.8</ele>
    <time>2026-08-07T10:06:23Z</time>
   </trkpt>
   <trkpt lat="45.7732190" lon="4.7476800">
    <ele>222.8</ele>
    <time>2026-08-07T10:06:24Z</time>
   </trkpt>
   <trkpt lat="45.7731900" lon="4.7476920">
    <ele>222.8</ele>
    <time>2026-08-07T10:06:25Z</time>
   </trkpt>
   <trkpt lat="45.7731540" lon="4.7477310">
    <ele>222.8</ele>
    <time>2026-08-07T10:06:26Z</time>
   </trkpt>
   <trkpt lat="45.7731260" lon="4.7477650">
    <ele>222.8</ele>
    <time>2026-08-07T10:06:27Z</time>
   </trkpt>
   <trkpt lat="45.7731020" lon="4.7477910">
    <ele>222.8</ele>
    <time>2026-08-07T10:06:28Z</time>
   </trkpt>
   <trkpt lat="45.7730920" lon="4.7478240">
    <ele>222.8</ele>
    <time>2026-08-07T10:06:29Z</time>
   </trkpt>
   <trkpt lat="45.7730650" lon="4.7478520">
    <ele>222.8</ele>
    <time>2026-08-07T10:06:30Z</time>
   </trkpt>
   <trkpt lat="45.7730380" lon="4.7478850">
    <ele>222.8</ele>
    <time>2026-08-07T10:06:31Z</time>
   </trkpt>
   <trkpt lat="45.7730060" lon="4.7479130">
    <ele>222.7</ele>
    <time>2026-08-07T10:06:32Z</time>
   </trkpt>
   <trkpt lat="45.7729710" lon="4.7479160">
    <ele>222.7</ele>
    <time>2026-08-07T10:06:33Z</time>
   </trkpt>
   <trkpt lat="45.7729440" lon="4.7479440">
    <ele>222.7</ele>
    <time>2026-08-07T10:06:34Z</time>
   </trkpt>
   <trkpt lat="45.7729190" lon="4.7479710">
    <ele>222.7</ele>
    <time>2026-08-07T10:06:35Z</time>
   </trkpt>
   <trkpt lat="45.7728920" lon="4.7480160">
    <ele>222.6</ele>
    <time>2026-08-07T10:06:36Z</time>
   </trkpt>
   <trkpt lat="45.7728660" lon="4.7480460">
    <ele>222.6</ele>
    <time>2026-08-07T10:06:37Z</time>
   </trkpt>
   <trkpt lat="45.7728380" lon="4.7480720">
    <ele>222.6</ele>
    <time>2026-08-07T10:06:38Z</time>
   </trkpt>
   <trkpt lat="45.7728140" lon="4.7481000">
    <ele>222.5</ele>
    <time>2026-08-07T10:06:39Z</time>
   </trkpt>
   <trkpt lat="45.7727850" lon="4.7481170">
    <ele>222.5</ele>
    <time>2026-08-07T10:06:40Z</time>
   </trkpt>
   <trkpt lat="45.7727630" lon="4.7481430">
    <ele>222.5</ele>
    <time>2026-08-07T10:06:41Z</time>
   </trkpt>
   <trkpt lat="45.7727370" lon="4.7481900">
    <ele>222.5</ele>
    <time>2026-08-07T10:06:42Z</time>
   </trkpt>
   <trkpt lat="45.7727190" lon="4.7482270">
    <ele>222.4</ele>
    <time>2026-08-07T10:06:43Z</time>
   </trkpt>
   <trkpt lat="45.7726920" lon="4.7482350">
    <ele>222.4</ele>
    <time>2026-08-07T10:06:44Z</time>
   </trkpt>
   <trkpt lat="45.7726670" lon="4.7482560">
    <ele>222.4</ele>
    <time>2026-08-07T10:06:45Z</time>
   </trkpt>
   <trkpt lat="45.7726420" lon="4.7482890">
    <ele>222.4</ele>
    <time>2026-08-07T10:06:46Z</time>
   </trkpt>
   <trkpt lat="45.7726200" lon="4.7483220">
    <ele>222.4</ele>
    <time>2026-08-07T10:06:47Z</time>
   </trkpt>
   <trkpt lat="45.7725880" lon="4.7483380">
    <ele>222.3</ele>
    <time>2026-08-07T10:06:48Z</time>
   </trkpt>
   <trkpt lat="45.7725620" lon="4.7483740">
    <ele>222.3</ele>
    <time>2026-08-07T10:06:49Z</time>
   </trkpt>
   <trkpt lat="45.7725350" lon="4.7484010">
    <ele>222.3</ele>
    <time>2026-08-07T10:06:50Z</time>
   </trkpt>
   <trkpt lat="45.7725030" lon="4.7484300">
    <ele>222.3</ele>
    <time>2026-08-07T10:06:51Z</time>
   </trkpt>
   <trkpt lat="45.7724830" lon="4.7484730">
    <ele>222.3</ele>
    <time>2026-08-07T10:06:52Z</time>
   </trkpt>
   <trkpt lat="45.7724500" lon="4.7485040">
    <ele>222.3</ele>
    <time>2026-08-07T10:06:53Z</time>
   </trkpt>
   <trkpt lat="45.7724260" lon="4.7485380">
    <ele>222.2</ele>
    <time>2026-08-07T10:06:54Z</time>
   </trkpt>
   <trkpt lat="45.7723950" lon="4.7485590">
    <ele>222.2</ele>
    <time>2026-08-07T10:06:55Z</time>
   </trkpt>
   <trkpt lat="45.7723720" lon="4.7485890">
    <ele>222.2</ele>
    <time>2026-08-07T10:06:56Z</time>
   </trkpt>
   <trkpt lat="45.7723480" lon="4.7486300">
    <ele>222.2</ele>
    <time>2026-08-07T10:06:57Z</time>
   </trkpt>
   <trkpt lat="45.7723190" lon="4.7486490">
    <ele>222.2</ele>
    <time>2026-08-07T10:06:58Z</time>
   </trkpt>
   <trkpt lat="45.7722920" lon="4.7486790">
    <ele>222.2</ele>
    <time>2026-08-07T10:06:59Z</time>
   </trkpt>
   <trkpt lat="45.7722630" lon="4.7487050">
    <ele>222.1</ele>
    <time>2026-08-07T10:07:00Z</time>
   </trkpt>
   <trkpt lat="45.7722330" lon="4.7487250">
    <ele>222.1</ele>
    <time>2026-08-07T10:07:01Z</time>
   </trkpt>
   <trkpt lat="45.7722080" lon="4.7487580">
    <ele>222.1</ele>
    <time>2026-08-07T10:07:02Z</time>
   </trkpt>
   <trkpt lat="45.7721840" lon="4.7487950">
    <ele>222.1</ele>
    <time>2026-08-07T10:07:03Z</time>
   </trkpt>
   <trkpt lat="45.7721580" lon="4.7488180">
    <ele>222.1</ele>
    <time>2026-08-07T10:07:04Z</time>
   </trkpt>
   <trkpt lat="45.7721270" lon="4.7488430">
    <ele>222.1</ele>
    <time>2026-08-07T10:07:05Z</time>
   </trkpt>
   <trkpt lat="45.7721030" lon="4.7488760">
    <ele>222.0</ele>
    <time>2026-08-07T10:07:06Z</time>
   </trkpt>
   <trkpt lat="45.7720760" lon="4.7488950">
    <ele>222.0</ele>
    <time>2026-08-07T10:07:07Z</time>
   </trkpt>
   <trkpt lat="45.7720480" lon="4.7489160">
    <ele>222.0</ele>
    <time>2026-08-07T10:07:08Z</time>
   </trkpt>
   <trkpt lat="45.7720230" lon="4.7489420">
    <ele>222.0</ele>
    <time>2026-08-07T10:07:09Z</time>
   </trkpt>
   <trkpt lat="45.7720000" lon="4.7489680">
    <ele>222.0</ele>
    <time>2026-08-07T10:07:10Z</time>
   </trkpt>
   <trkpt lat="45.7719740" lon="4.7489900">
    <ele>221.9</ele>
    <time>2026-08-07T10:07:11Z</time>
   </trkpt>
   <trkpt lat="45.7719480" lon="4.7490240">
    <ele>221.9</ele>
    <time>2026-08-07T10:07:12Z</time>
   </trkpt>
   <trkpt lat="45.7719220" lon="4.7490510">
    <ele>221.9</ele>
    <time>2026-08-07T10:07:13Z</time>
   </trkpt>
   <trkpt lat="45.7718920" lon="4.7490660">
    <ele>221.9</ele>
    <time>2026-08-07T10:07:14Z</time>
   </trkpt>
   <trkpt lat="45.7718570" lon="4.7490830">
    <ele>221.9</ele>
    <time>2026-08-07T10:07:15Z</time>
   </trkpt>
   <trkpt lat="45.7718330" lon="4.7491080">
    <ele>221.9</ele>
    <time>2026-08-07T10:07:16Z</time>
   </trkpt>
   <trkpt lat="45.7718060" lon="4.7491280">
    <ele>221.8</ele>
    <time>2026-08-07T10:07:17Z</time>
   </trkpt>
   <trkpt lat="45.7717740" lon="4.7491530">
    <ele>221.8</ele>
    <time>2026-08-07T10:07:18Z</time>
   </trkpt>
   <trkpt lat="45.7717470" lon="4.7491790">
    <ele>221.8</ele>
    <time>2026-08-07T10:07:19Z</time>
   </trkpt>
   <trkpt lat="45.7717160" lon="4.7491920">
    <ele>221.8</ele>
    <time>2026-08-07T10:07:20Z</time>
   </trkpt>
   <trkpt lat="45.7716870" lon="4.7492240">
    <ele>221.7</ele>
    <time>2026-08-07T10:07:21Z</time>
   </trkpt>
   <trkpt lat="45.7716590" lon="4.7492370">
    <ele>221.7</ele>
    <time>2026-08-07T10:07:22Z</time>
   </trkpt>
   <trkpt lat="45.7716270" lon="4.7492400">
    <ele>221.7</ele>
    <time>2026-08-07T10:07:23Z</time>
   </trkpt>
   <trkpt lat="45.7715990" lon="4.7492720">
    <ele>221.6</ele>
    <time>2026-08-07T10:07:24Z</time>
   </trkpt>
   <trkpt lat="45.7715720" lon="4.7492900">
    <ele>221.6</ele>
    <time>2026-08-07T10:07:25Z</time>
   </trkpt>
   <trkpt lat="45.7715400" lon="4.7493090">
    <ele>221.6</ele>
    <time>2026-08-07T10:07:26Z</time>
   </trkpt>
   <trkpt lat="45.7715020" lon="4.7493280">
    <ele>221.5</ele>
    <time>2026-08-07T10:07:27Z</time>
   </trkpt>
   <trkpt lat="45.7714660" lon="4.7493380">
    <ele>221.5</ele>
    <time>2026-08-07T10:07:28Z</time>
   </trkpt>
   <trkpt lat="45.7714340" lon="4.7493500">
    <ele>221.5</ele>
    <time>2026-08-07T10:07:29Z</time>
   </trkpt>
   <trkpt lat="45.7714010" lon="4.7493490">
    <ele>221.4</ele>
    <time>2026-08-07T10:07:30Z</time>
   </trkpt>
   <trkpt lat="45.7713670" lon="4.7493560">
    <ele>221.4</ele>
    <time>2026-08-07T10:07:31Z</time>
   </trkpt>
   <trkpt lat="45.7713280" lon="4.7493680">
    <ele>221.4</ele>
    <time>2026-08-07T10:07:32Z</time>
   </trkpt>
   <trkpt lat="45.7713020" lon="4.7493730">
    <ele>221.4</ele>
    <time>2026-08-07T10:07:33Z</time>
   </trkpt>
   <trkpt lat="45.7712710" lon="4.7493720">
    <ele>221.4</ele>
    <time>2026-08-07T10:07:34Z</time>
   </trkpt>
   <trkpt lat="45.7712400" lon="4.7493820">
    <ele>221.3</ele>
    <time>2026-08-07T10:07:35Z</time>
   </trkpt>
   <trkpt lat="45.7712120" lon="4.7493680">
    <ele>221.3</ele>
    <time>2026-08-07T10:07:36Z</time>
   </trkpt>
   <trkpt lat="45.7711720" lon="4.7493740">
    <ele>221.3</ele>
    <time>2026-08-07T10:07:37Z</time>
   </trkpt>
   <trkpt lat="45.7711370" lon="4.7493690">
    <ele>221.3</ele>
    <time>2026-08-07T10:07:38Z</time>
   </trkpt>
   <trkpt lat="45.7711090" lon="4.7493620">
    <ele>221.3</ele>
    <time>2026-08-07T10:07:39Z</time>
   </trkpt>
   <trkpt lat="45.7710800" lon="4.7493540">
    <ele>221.3</ele>
    <time>2026-08-07T10:07:40Z</time>
   </trkpt>
   <trkpt lat="45.7710490" lon="4.7493560">
    <ele>221.2</ele>
    <time>2026-08-07T10:07:41Z</time>
   </trkpt>
   <trkpt lat="45.7710190" lon="4.7493480">
    <ele>221.2</ele>
    <time>2026-08-07T10:07:42Z</time>
   </trkpt>
   <trkpt lat="45.7709860" lon="4.7493430">
    <ele>221.2</ele>
    <time>2026-08-07T10:07:43Z</time>
   </trkpt>
   <trkpt lat="45.7709540" lon="4.7493380">
    <ele>221.2</ele>
    <time>2026-08-07T10:07:44Z</time>
   </trkpt>
   <trkpt lat="45.7709180" lon="4.7493420">
    <ele>221.1</ele>
    <time>2026-08-07T10:07:45Z</time>
   </trkpt>
   <trkpt lat="45.7708870" lon="4.7493450">
    <ele>221.1</ele>
    <time>2026-08-07T10:07:46Z</time>
   </trkpt>
   <trkpt lat="45.7708570" lon="4.7493350">
    <ele>221.1</ele>
    <time>2026-08-07T10:07:47Z</time>
   </trkpt>
   <trkpt lat="45.7708240" lon="4.7493300">
    <ele>221.1</ele>
    <time>2026-08-07T10:07:48Z</time>
   </trkpt>
   <trkpt lat="45.7707900" lon="4.7493130">
    <ele>221.0</ele>
    <time>2026-08-07T10:07:49Z</time>
   </trkpt>
   <trkpt lat="45.7707550" lon="4.7493150">
    <ele>221.0</ele>
    <time>2026-08-07T10:07:50Z</time>
   </trkpt>
   <trkpt lat="45.7707240" lon="4.7493020">
    <ele>221.0</ele>
    <time>2026-08-07T10:07:51Z</time>
   </trkpt>
   <trkpt lat="45.7706870" lon="4.7493050">
    <ele>220.9</ele>
    <time>2026-08-07T10:07:52Z</time>
   </trkpt>
   <trkpt lat="45.7706570" lon="4.7492950">
    <ele>220.9</ele>
    <time>2026-08-07T10:07:53Z</time>
   </trkpt>
   <trkpt lat="45.7706220" lon="4.7492900">
    <ele>220.9</ele>
    <time>2026-08-07T10:07:54Z</time>
   </trkpt>
   <trkpt lat="45.7705910" lon="4.7492880">
    <ele>220.8</ele>
    <time>2026-08-07T10:07:55Z</time>
   </trkpt>
   <trkpt lat="45.7705590" lon="4.7492780">
    <ele>220.8</ele>
    <time>2026-08-07T10:07:56Z</time>
   </trkpt>
   <trkpt lat="45.7705200" lon="4.7492820">
    <ele>220.7</ele>
    <time>2026-08-07T10:07:57Z</time>
   </trkpt>
   <trkpt lat="45.7704880" lon="4.7492660">
    <ele>220.7</ele>
    <time>2026-08-07T10:07:58Z</time>
   </trkpt>
   <trkpt lat="45.7704470" lon="4.7492620">
    <ele>220.6</ele>
    <time>2026-08-07T10:07:59Z</time>
   </trkpt>
   <trkpt lat="45.7704180" lon="4.7492590">
    <ele>220.5</ele>
    <time>2026-08-07T10:08:00Z</time>
   </trkpt>
   <trkpt lat="45.7703830" lon="4.7492510">
    <ele>220.5</ele>
    <time>2026-08-07T10:08:01Z</time>
   </trkpt>
   <trkpt lat="45.7703520" lon="4.7492250">
    <ele>220.4</ele>
    <time>2026-08-07T10:08:02Z</time>
   </trkpt>
   <trkpt lat="45.7703190" lon="4.7492010">
    <ele>220.3</ele>
    <time>2026-08-07T10:08:03Z</time>
   </trkpt>
   <trkpt lat="45.7702900" lon="4.7491990">
    <ele>220.3</ele>
    <time>2026-08-07T10:08:04Z</time>
   </trkpt>
   <trkpt lat="45.7702570" lon="4.7491950">
    <ele>220.2</ele>
    <time>2026-08-07T10:08:05Z</time>
   </trkpt>
   <trkpt lat="45.7702290" lon="4.7492030">
    <ele>220.1</ele>
    <time>2026-08-07T10:08:06Z</time>
   </trkpt>
   <trkpt lat="45.7701990" lon="4.7491740">
    <ele>220.0</ele>
    <time>2026-08-07T10:08:07Z</time>
   </trkpt>
   <trkpt lat="45.7701680" lon="4.7491720">
    <ele>220.0</ele>
    <time>2026-08-07T10:08:08Z</time>
   </trkpt>
   <trkpt lat="45.7701380" lon="4.7491740">
    <ele>219.9</ele>
    <time>2026-08-07T10:08:09Z</time>
   </trkpt>
   <trkpt lat="45.7701010" lon="4.7491830">
    <ele>219.8</ele>
    <time>2026-08-07T10:08:10Z</time>
   </trkpt>
   <trkpt lat="45.7700690" lon="4.7491610">
    <ele>219.7</ele>
    <time>2026-08-07T10:08:11Z</time>
   </trkpt>
   <trkpt lat="45.7700260" lon="4.7491410">
    <ele>219.6</ele>
    <time>2026-08-07T10:08:12Z</time>
   </trkpt>
   <trkpt lat="45.7699920" lon="4.7491230">
    <ele>219.5</ele>
    <time>2026-08-07T10:08:13Z</time>
   </trkpt>
   <trkpt lat="45.7699500" lon="4.7491080">
    <ele>219.4</ele>
    <time>2026-08-07T10:08:14Z</time>
   </trkpt>
   <trkpt lat="45.7699270" lon="4.7490940">
    <ele>219.3</ele>
    <time>2026-08-07T10:08:15Z</time>
   </trkpt>
   <trkpt lat="45.7698970" lon="4.7490940">
    <ele>219.3</ele>
    <time>2026-08-07T10:08:16Z</time>
   </trkpt>
   <trkpt lat="45.7698630" lon="4.7490870">
    <ele>219.2</ele>
    <time>2026-08-07T10:08:17Z</time>
   </trkpt>
   <trkpt lat="45.7698190" lon="4.7490950">
    <ele>219.1</ele>
    <time>2026-08-07T10:08:18Z</time>
   </trkpt>
   <trkpt lat="45.7697840" lon="4.7490960">
    <ele>219.0</ele>
    <time>2026-08-07T10:08:19Z</time>
   </trkpt>
   <trkpt lat="45.7697510" lon="4.7490780">
    <ele>219.0</ele>
    <time>2026-08-07T10:08:20Z</time>
   </trkpt>
   <trkpt lat="45.7697150" lon="4.7490780">
    <ele>218.9</ele>
    <time>2026-08-07T10:08:21Z</time>
   </trkpt>
   <trkpt lat="45.7696880" lon="4.7490580">
    <ele>218.8</ele>
    <time>2026-08-07T10:08:22Z</time>
   </trkpt>
   <trkpt lat="45.7696520" lon="4.7490530">
    <ele>218.8</ele>
    <time>2026-08-07T10:08:23Z</time>
   </trkpt>
   <trkpt lat="45.7696200" lon="4.7490360">
    <ele>218.7</ele>
    <time>2026-08-07T10:08:24Z</time>
   </trkpt>
   <trkpt lat="45.7695850" lon="4.7490280">
    <ele>218.7</ele>
    <time>2026-08-07T10:08:25Z</time>
   </trkpt>
   <trkpt lat="45.7695480" lon="4.7490320">
    <ele>218.6</ele>
    <time>2026-08-07T10:08:26Z</time>
   </trkpt>
   <trkpt lat="45.7695080" lon="4.7490380">
    <ele>218.6</ele>
    <time>2026-08-07T10:08:27Z</time>
   </trkpt>
   <trkpt lat="45.7694760" lon="4.7490300">
    <ele>218.5</ele>
    <time>2026-08-07T10:08:28Z</time>
   </trkpt>
   <trkpt lat="45.7694420" lon="4.7490420">
    <ele>218.5</ele>
    <time>2026-08-07T10:08:29Z</time>
   </trkpt>
   <trkpt lat="45.7694140" lon="4.7490460">
    <ele>218.5</ele>
    <time>2026-08-07T10:08:30Z</time>
   </trkpt>
   <trkpt lat="45.7693680" lon="4.7490310">
    <ele>218.5</ele>
    <time>2026-08-07T10:08:31Z</time>
   </trkpt>
   <trkpt lat="45.7693380" lon="4.7490190">
    <ele>218.5</ele>
    <time>2026-08-07T10:08:32Z</time>
   </trkpt>
   <trkpt lat="45.7693060" lon="4.7490160">
    <ele>218.5</ele>
    <time>2026-08-07T10:08:33Z</time>
   </trkpt>
   <trkpt lat="45.7692690" lon="4.7490250">
    <ele>218.5</ele>
    <time>2026-08-07T10:08:34Z</time>
   </trkpt>
   <trkpt lat="45.7692300" lon="4.7490170">
    <ele>218.5</ele>
    <time>2026-08-07T10:08:35Z</time>
   </trkpt>
   <trkpt lat="45.7692000" lon="4.7490080">
    <ele>218.5</ele>
    <time>2026-08-07T10:08:36Z</time>
   </trkpt>
   <trkpt lat="45.7691730" lon="4.7490100">
    <ele>218.5</ele>
    <time>2026-08-07T10:08:37Z</time>
   </trkpt>
   <trkpt lat="45.7691440" lon="4.7490040">
    <ele>218.5</ele>
    <time>2026-08-07T10:08:38Z</time>
   </trkpt>
   <trkpt lat="45.7691110" lon="4.7490080">
    <ele>218.5</ele>
    <time>2026-08-07T10:08:39Z</time>
   </trkpt>
   <trkpt lat="45.7690770" lon="4.7490050">
    <ele>218.5</ele>
    <time>2026-08-07T10:08:40Z</time>
   </trkpt>
   <trkpt lat="45.7690440" lon="4.7489930">
    <ele>218.5</ele>
    <time>2026-08-07T10:08:41Z</time>
   </trkpt>
   <trkpt lat="45.7690050" lon="4.7490020">
    <ele>218.6</ele>
    <time>2026-08-07T10:08:42Z</time>
   </trkpt>
   <trkpt lat="45.7689670" lon="4.7489970">
    <ele>218.6</ele>
    <time>2026-08-07T10:08:43Z</time>
   </trkpt>
   <trkpt lat="45.7689400" lon="4.7489810">
    <ele>218.6</ele>
    <time>2026-08-07T10:08:44Z</time>
   </trkpt>
   <trkpt lat="45.7689110" lon="4.7489870">
    <ele>218.6</ele>
    <time>2026-08-07T10:08:45Z</time>
   </trkpt>
   <trkpt lat="45.7688810" lon="4.7490070">
    <ele>218.6</ele>
    <time>2026-08-07T10:08:46Z</time>
   </trkpt>
   <trkpt lat="45.7688390" lon="4.7490080">
    <ele>218.6</ele>
    <time>2026-08-07T10:08:47Z</time>
   </trkpt>
   <trkpt lat="45.7688060" lon="4.7489980">
    <ele>218.7</ele>
    <time>2026-08-07T10:08:48Z</time>
   </trkpt>
   <trkpt lat="45.7687650" lon="4.7490010">
    <ele>218.7</ele>
    <time>2026-08-07T10:08:49Z</time>
   </trkpt>
   <trkpt lat="45.7687330" lon="4.7489940">
    <ele>218.7</ele>
    <time>2026-08-07T10:08:50Z</time>
   </trkpt>
   <trkpt lat="45.7686950" lon="4.7489980">
    <ele>218.7</ele>
    <time>2026-08-07T10:08:51Z</time>
   </trkpt>
   <trkpt lat="45.7686630" lon="4.7490100">
    <ele>218.7</ele>
    <time>2026-08-07T10:08:52Z</time>
   </trkpt>
   <trkpt lat="45.7686360" lon="4.7490080">
    <ele>218.7</ele>
    <time>2026-08-07T10:08:53Z</time>
   </trkpt>
   <trkpt lat="45.7686040" lon="4.7490320">
    <ele>218.7</ele>
    <time>2026-08-07T10:08:54Z</time>
   </trkpt>
   <trkpt lat="45.7685720" lon="4.7490440">
    <ele>218.7</ele>
    <time>2026-08-07T10:08:55Z</time>
   </trkpt>
   <trkpt lat="45.7685450" lon="4.7490530">
    <ele>218.7</ele>
    <time>2026-08-07T10:08:56Z</time>
   </trkpt>
   <trkpt lat="45.7685130" lon="4.7490580">
    <ele>218.7</ele>
    <time>2026-08-07T10:08:57Z</time>
   </trkpt>
   <trkpt lat="45.7684780" lon="4.7490630">
    <ele>218.6</ele>
    <time>2026-08-07T10:08:58Z</time>
   </trkpt>
   <trkpt lat="45.7684420" lon="4.7490730">
    <ele>218.6</ele>
    <time>2026-08-07T10:08:59Z</time>
   </trkpt>
   <trkpt lat="45.7683950" lon="4.7490690">
    <ele>218.6</ele>
    <time>2026-08-07T10:09:00Z</time>
   </trkpt>
   <trkpt lat="45.7683590" lon="4.7490820">
    <ele>218.5</ele>
    <time>2026-08-07T10:09:01Z</time>
   </trkpt>
   <trkpt lat="45.7683260" lon="4.7491150">
    <ele>218.6</ele>
    <time>2026-08-07T10:09:02Z</time>
   </trkpt>
   <trkpt lat="45.7682910" lon="4.7491290">
    <ele>218.6</ele>
    <time>2026-08-07T10:09:03Z</time>
   </trkpt>
   <trkpt lat="45.7682700" lon="4.7491570">
    <ele>218.6</ele>
    <time>2026-08-07T10:09:04Z</time>
   </trkpt>
   <trkpt lat="45.7682480" lon="4.7491660">
    <ele>218.6</ele>
    <time>2026-08-07T10:09:05Z</time>
   </trkpt>
   <trkpt lat="45.7682190" lon="4.7491670">
    <ele>218.6</ele>
    <time>2026-08-07T10:09:06Z</time>
   </trkpt>
   <trkpt lat="45.7681720" lon="4.7491730">
    <ele>218.6</ele>
    <time>2026-08-07T10:09:07Z</time>
   </trkpt>
   <trkpt lat="45.7681340" lon="4.7491800">
    <ele>218.6</ele>
    <time>2026-08-07T10:09:08Z</time>
   </trkpt>
   <trkpt lat="45.7680970" lon="4.7492070">
    <ele>218.7</ele>
    <time>2026-08-07T10:09:09Z</time>
   </trkpt>
   <trkpt lat="45.7680680" lon="4.7492050">
    <ele>218.7</ele>
    <time>2026-08-07T10:09:10Z</time>
   </trkpt>
   <trkpt lat="45.7680430" lon="4.7492330">
    <ele>218.7</ele>
    <time>2026-08-07T10:09:11Z</time>
   </trkpt>
   <trkpt lat="45.7680180" lon="4.7492420">
    <ele>218.7</ele>
    <time>2026-08-07T10:09:12Z</time>
   </trkpt>
   <trkpt lat="45.7679820" lon="4.7492990">
    <ele>218.7</ele>
    <time>2026-08-07T10:09:13Z</time>
   </trkpt>
   <trkpt lat="45.7679470" lon="4.7492880">
    <ele>218.7</ele>
    <time>2026-08-07T10:09:14Z</time>
   </trkpt>
   <trkpt lat="45.7679240" lon="4.7492960">
    <ele>218.7</ele>
    <time>2026-08-07T10:09:15Z</time>
   </trkpt>
   <trkpt lat="45.7678950" lon="4.7492880">
    <ele>218.7</ele>
    <time>2026-08-07T10:09:16Z</time>
   </trkpt>
   <trkpt lat="45.7678660" lon="4.7492770">
    <ele>218.8</ele>
    <time>2026-08-07T10:09:17Z</time>
   </trkpt>
   <trkpt lat="45.7678290" lon="4.7492800">
    <ele>218.8</ele>
    <time>2026-08-07T10:09:18Z</time>
   </trkpt>
   <trkpt lat="45.7677940" lon="4.7492930">
    <ele>218.8</ele>
    <time>2026-08-07T10:09:19Z</time>
   </trkpt>
   <trkpt lat="45.7677650" lon="4.7493000">
    <ele>218.9</ele>
    <time>2026-08-07T10:09:20Z</time>
   </trkpt>
   <trkpt lat="45.7677450" lon="4.7492860">
    <ele>218.9</ele>
    <time>2026-08-07T10:09:21Z</time>
   </trkpt>
   <trkpt lat="45.7677170" lon="4.7492770">
    <ele>218.9</ele>
    <time>2026-08-07T10:09:22Z</time>
   </trkpt>
   <trkpt lat="45.7676870" lon="4.7492800">
    <ele>218.9</ele>
    <time>2026-08-07T10:09:23Z</time>
   </trkpt>
   <trkpt lat="45.7676540" lon="4.7492750">
    <ele>219.0</ele>
    <time>2026-08-07T10:09:24Z</time>
   </trkpt>
   <trkpt lat="45.7676140" lon="4.7492880">
    <ele>219.0</ele>
    <time>2026-08-07T10:09:25Z</time>
   </trkpt>
   <trkpt lat="45.7675840" lon="4.7492920">
    <ele>219.0</ele>
    <time>2026-08-07T10:09:26Z</time>
   </trkpt>
   <trkpt lat="45.7675530" lon="4.7492750">
    <ele>219.0</ele>
    <time>2026-08-07T10:09:27Z</time>
   </trkpt>
   <trkpt lat="45.7675320" lon="4.7492890">
    <ele>219.1</ele>
    <time>2026-08-07T10:09:28Z</time>
   </trkpt>
   <trkpt lat="45.7675040" lon="4.7493010">
    <ele>219.1</ele>
    <time>2026-08-07T10:09:29Z</time>
   </trkpt>
   <trkpt lat="45.7674720" lon="4.7493100">
    <ele>219.1</ele>
    <time>2026-08-07T10:09:30Z</time>
   </trkpt>
   <trkpt lat="45.7674420" lon="4.7493160">
    <ele>219.2</ele>
    <time>2026-08-07T10:09:31Z</time>
   </trkpt>
   <trkpt lat="45.7674110" lon="4.7493070">
    <ele>219.2</ele>
    <time>2026-08-07T10:09:32Z</time>
   </trkpt>
   <trkpt lat="45.7673790" lon="4.7493210">
    <ele>219.2</ele>
    <time>2026-08-07T10:09:33Z</time>
   </trkpt>
   <trkpt lat="45.7673430" lon="4.7493630">
    <ele>219.3</ele>
    <time>2026-08-07T10:09:34Z</time>
   </trkpt>
   <trkpt lat="45.7673120" lon="4.7493850">
    <ele>219.3</ele>
    <time>2026-08-07T10:09:35Z</time>
   </trkpt>
   <trkpt lat="45.7672850" lon="4.7494100">
    <ele>219.4</ele>
    <time>2026-08-07T10:09:36Z</time>
   </trkpt>
   <trkpt lat="45.7672490" lon="4.7494290">
    <ele>219.4</ele>
    <time>2026-08-07T10:09:37Z</time>
   </trkpt>
   <trkpt lat="45.7672130" lon="4.7494530">
    <ele>219.5</ele>
    <time>2026-08-07T10:09:38Z</time>
   </trkpt>
   <trkpt lat="45.7671810" lon="4.7494900">
    <ele>219.6</ele>
    <time>2026-08-07T10:09:39Z</time>
   </trkpt>
   <trkpt lat="45.7671510" lon="4.7495140">
    <ele>219.7</ele>
    <time>2026-08-07T10:09:40Z</time>
   </trkpt>
   <trkpt lat="45.7671170" lon="4.7495650">
    <ele>219.8</ele>
    <time>2026-08-07T10:09:41Z</time>
   </trkpt>
   <trkpt lat="45.7670910" lon="4.7495880">
    <ele>219.9</ele>
    <time>2026-08-07T10:09:42Z</time>
   </trkpt>
   <trkpt lat="45.7670610" lon="4.7496120">
    <ele>220.0</ele>
    <time>2026-08-07T10:09:43Z</time>
   </trkpt>
   <trkpt lat="45.7670330" lon="4.7496360">
    <ele>220.1</ele>
    <time>2026-08-07T10:09:44Z</time>
   </trkpt>
   <trkpt lat="45.7670080" lon="4.7496670">
    <ele>220.2</ele>
    <time>2026-08-07T10:09:45Z</time>
   </trkpt>
   <trkpt lat="45.7669860" lon="4.7497070">
    <ele>220.4</ele>
    <time>2026-08-07T10:09:46Z</time>
   </trkpt>
   <trkpt lat="45.7669660" lon="4.7497290">
    <ele>220.5</ele>
    <time>2026-08-07T10:09:47Z</time>
   </trkpt>
   <trkpt lat="45.7669390" lon="4.7497590">
    <ele>220.6</ele>
    <time>2026-08-07T10:09:48Z</time>
   </trkpt>
   <trkpt lat="45.7669080" lon="4.7497870">
    <ele>220.7</ele>
    <time>2026-08-07T10:09:49Z</time>
   </trkpt>
   <trkpt lat="45.7668810" lon="4.7498120">
    <ele>220.8</ele>
    <time>2026-08-07T10:09:50Z</time>
   </trkpt>
   <trkpt lat="45.7668530" lon="4.7498500">
    <ele>221.0</ele>
    <time>2026-08-07T10:09:51Z</time>
   </trkpt>
   <trkpt lat="45.7668330" lon="4.7498870">
    <ele>221.1</ele>
    <time>2026-08-07T10:09:52Z</time>
   </trkpt>
   <trkpt lat="45.7668040" lon="4.7499110">
    <ele>221.2</ele>
    <time>2026-08-07T10:09:53Z</time>
   </trkpt>
   <trkpt lat="45.7667770" lon="4.7499370">
    <ele>221.4</ele>
    <time>2026-08-07T10:09:54Z</time>
   </trkpt>
   <trkpt lat="45.7667610" lon="4.7499680">
    <ele>221.5</ele>
    <time>2026-08-07T10:09:55Z</time>
   </trkpt>
   <trkpt lat="45.7667270" lon="4.7499980">
    <ele>221.6</ele>
    <time>2026-08-07T10:09:56Z</time>
   </trkpt>
   <trkpt lat="45.7666940" lon="4.7500310">
    <ele>221.8</ele>
    <time>2026-08-07T10:09:57Z</time>
   </trkpt>
   <trkpt lat="45.7666730" lon="4.7500690">
    <ele>222.0</ele>
    <time>2026-08-07T10:09:58Z</time>
   </trkpt>
   <trkpt lat="45.7666530" lon="4.7500970">
    <ele>222.1</ele>
    <time>2026-08-07T10:09:59Z</time>
   </trkpt>
   <trkpt lat="45.7666280" lon="4.7501290">
    <ele>222.2</ele>
    <time>2026-08-07T10:10:00Z</time>
   </trkpt>
   <trkpt lat="45.7666020" lon="4.7501480">
    <ele>222.4</ele>
    <time>2026-08-07T10:10:01Z</time>
   </trkpt>
   <trkpt lat="45.7665820" lon="4.7501810">
    <ele>222.5</ele>
    <time>2026-08-07T10:10:02Z</time>
   </trkpt>
   <trkpt lat="45.7665670" lon="4.7502180">
    <ele>222.6</ele>
    <time>2026-08-07T10:10:03Z</time>
   </trkpt>
   <trkpt lat="45.7665490" lon="4.7502510">
    <ele>222.8</ele>
    <time>2026-08-07T10:10:04Z</time>
   </trkpt>
   <trkpt lat="45.7665320" lon="4.7502840">
    <ele>222.9</ele>
    <time>2026-08-07T10:10:05Z</time>
   </trkpt>
   <trkpt lat="45.7665050" lon="4.7503070">
    <ele>223.1</ele>
    <time>2026-08-07T10:10:06Z</time>
   </trkpt>
   <trkpt lat="45.7664810" lon="4.7503360">
    <ele>223.2</ele>
    <time>2026-08-07T10:10:07Z</time>
   </trkpt>
   <trkpt lat="45.7664620" lon="4.7503580">
    <ele>223.4</ele>
    <time>2026-08-07T10:10:08Z</time>
   </trkpt>
   <trkpt lat="45.7664510" lon="4.7504020">
    <ele>223.6</ele>
    <time>2026-08-07T10:10:09Z</time>
   </trkpt>
   <trkpt lat="45.7664360" lon="4.7504390">
    <ele>223.8</ele>
    <time>2026-08-07T10:10:10Z</time>
   </trkpt>
   <trkpt lat="45.7664090" lon="4.7504640">
    <ele>224.0</ele>
    <time>2026-08-07T10:10:11Z</time>
   </trkpt>
   <trkpt lat="45.7663850" lon="4.7504950">
    <ele>224.2</ele>
    <time>2026-08-07T10:10:12Z</time>
   </trkpt>
   <trkpt lat="45.7663640" lon="4.7505270">
    <ele>224.4</ele>
    <time>2026-08-07T10:10:13Z</time>
   </trkpt>
   <trkpt lat="45.7663510" lon="4.7505560">
    <ele>224.6</ele>
    <time>2026-08-07T10:10:14Z</time>
   </trkpt>
   <trkpt lat="45.7663260" lon="4.7505770">
    <ele>224.8</ele>
    <time>2026-08-07T10:10:15Z</time>
   </trkpt>
   <trkpt lat="45.7663120" lon="4.7506030">
    <ele>225.0</ele>
    <time>2026-08-07T10:10:16Z</time>
   </trkpt>
   <trkpt lat="45.7662970" lon="4.7506360">
    <ele>225.3</ele>
    <time>2026-08-07T10:10:17Z</time>
   </trkpt>
   <trkpt lat="45.7662780" lon="4.7506820">
    <ele>225.6</ele>
    <time>2026-08-07T10:10:18Z</time>
   </trkpt>
   <trkpt lat="45.7662640" lon="4.7507240">
    <ele>225.9</ele>
    <time>2026-08-07T10:10:19Z</time>
   </trkpt>
   <trkpt lat="45.7662450" lon="4.7507620">
    <ele>226.2</ele>
    <time>2026-08-07T10:10:20Z</time>
   </trkpt>
   <trkpt lat="45.7662300" lon="4.7508050">
    <ele>226.5</ele>
    <time>2026-08-07T10:10:21Z</time>
   </trkpt>
   <trkpt lat="45.7662180" lon="4.7508470">
    <ele>226.7</ele>
    <time>2026-08-07T10:10:22Z</time>
   </trkpt>
   <trkpt lat="45.7662040" lon="4.7508860">
    <ele>227.0</ele>
    <time>2026-08-07T10:10:23Z</time>
   </trkpt>
   <trkpt lat="45.7661880" lon="4.7509220">
    <ele>227.3</ele>
    <time>2026-08-07T10:10:24Z</time>
   </trkpt>
   <trkpt lat="45.7661730" lon="4.7509600">
    <ele>227.6</ele>
    <time>2026-08-07T10:10:25Z</time>
   </trkpt>
   <trkpt lat="45.7661560" lon="4.7509980">
    <ele>227.8</ele>
    <time>2026-08-07T10:10:26Z</time>
   </trkpt>
   <trkpt lat="45.7661390" lon="4.7510330">
    <ele>228.0</ele>
    <time>2026-08-07T10:10:27Z</time>
   </trkpt>
   <trkpt lat="45.7661240" lon="4.7510670">
    <ele>228.3</ele>
    <time>2026-08-07T10:10:28Z</time>
   </trkpt>
   <trkpt lat="45.7661000" lon="4.7511110">
    <ele>228.5</ele>
    <time>2026-08-07T10:10:29Z</time>
   </trkpt>
   <trkpt lat="45.7660790" lon="4.7511300">
    <ele>228.7</ele>
    <time>2026-08-07T10:10:30Z</time>
   </trkpt>
   <trkpt lat="45.7660590" lon="4.7511580">
    <ele>228.9</ele>
    <time>2026-08-07T10:10:31Z</time>
   </trkpt>
   <trkpt lat="45.7660370" lon="4.7511840">
    <ele>229.0</ele>
    <time>2026-08-07T10:10:32Z</time>
   </trkpt>
   <trkpt lat="45.7660220" lon="4.7512160">
    <ele>229.2</ele>
    <time>2026-08-07T10:10:33Z</time>
   </trkpt>
   <trkpt lat="45.7660000" lon="4.7512580">
    <ele>229.4</ele>
    <time>2026-08-07T10:10:34Z</time>
   </trkpt>
   <trkpt lat="45.7659760" lon="4.7512840">
    <ele>229.5</ele>
    <time>2026-08-07T10:10:35Z</time>
   </trkpt>
   <trkpt lat="45.7659520" lon="4.7513190">
    <ele>229.6</ele>
    <time>2026-08-07T10:10:36Z</time>
   </trkpt>
   <trkpt lat="45.7659250" lon="4.7513400">
    <ele>229.7</ele>
    <time>2026-08-07T10:10:37Z</time>
   </trkpt>
   <trkpt lat="45.7658980" lon="4.7513540">
    <ele>229.8</ele>
    <time>2026-08-07T10:10:38Z</time>
   </trkpt>
   <trkpt lat="45.7658780" lon="4.7513780">
    <ele>229.8</ele>
    <time>2026-08-07T10:10:39Z</time>
   </trkpt>
   <trkpt lat="45.7658530" lon="4.7513960">
    <ele>229.8</ele>
    <time>2026-08-07T10:10:40Z</time>
   </trkpt>
   <trkpt lat="45.7658430" lon="4.7514060">
    <ele>229.8</ele>
    <time>2026-08-07T10:10:41Z</time>
   </trkpt>
   <trkpt lat="45.7658220" lon="4.7514480">
    <ele>229.9</ele>
    <time>2026-08-07T10:10:42Z</time>
   </trkpt>
   <trkpt lat="45.7658220" lon="4.7515030">
    <ele>230.0</ele>
    <time>2026-08-07T10:10:43Z</time>
   </trkpt>
   <trkpt lat="45.7658330" lon="4.7515550">
    <ele>230.1</ele>
    <time>2026-08-07T10:10:44Z</time>
   </trkpt>
   <trkpt lat="45.7658480" lon="4.7515840">
    <ele>230.2</ele>
    <time>2026-08-07T10:10:45Z</time>
   </trkpt>
   <trkpt lat="45.7658650" lon="4.7516300">
    <ele>230.3</ele>
    <time>2026-08-07T10:10:46Z</time>
   </trkpt>
   <trkpt lat="45.7658800" lon="4.7516690">
    <ele>230.4</ele>
    <time>2026-08-07T10:10:47Z</time>
   </trkpt>
   <trkpt lat="45.7658820" lon="4.7517220">
    <ele>230.4</ele>
    <time>2026-08-07T10:10:48Z</time>
   </trkpt>
   <trkpt lat="45.7658860" lon="4.7517660">
    <ele>230.5</ele>
    <time>2026-08-07T10:10:49Z</time>
   </trkpt>
   <trkpt lat="45.7658840" lon="4.7518090">
    <ele>230.6</ele>
    <time>2026-08-07T10:10:50Z</time>
   </trkpt>
   <trkpt lat="45.7658870" lon="4.7518580">
    <ele>230.7</ele>
    <time>2026-08-07T10:10:51Z</time>
   </trkpt>
   <trkpt lat="45.7658940" lon="4.7518990">
    <ele>230.8</ele>
    <time>2026-08-07T10:10:52Z</time>
   </trkpt>
   <trkpt lat="45.7658920" lon="4.7519420">
    <ele>230.8</ele>
    <time>2026-08-07T10:10:53Z</time>
   </trkpt>
   <trkpt lat="45.7658890" lon="4.7519740">
    <ele>230.8</ele>
    <time>2026-08-07T10:10:54Z</time>
   </trkpt>
   <trkpt lat="45.7658740" lon="4.7520150">
    <ele>230.8</ele>
    <time>2026-08-07T10:10:55Z</time>
   </trkpt>
   <trkpt lat="45.7658550" lon="4.7520500">
    <ele>230.8</ele>
    <time>2026-08-07T10:10:56Z</time>
   </trkpt>
   <trkpt lat="45.7658280" lon="4.7520860">
    <ele>230.8</ele>
    <time>2026-08-07T10:10:57Z</time>
   </trkpt>
   <trkpt lat="45.7658140" lon="4.7521280">
    <ele>230.8</ele>
    <time>2026-08-07T10:10:58Z</time>
   </trkpt>
   <trkpt lat="45.7657970" lon="4.7521540">
    <ele>230.8</ele>
    <time>2026-08-07T10:10:59Z</time>
   </trkpt>
   <trkpt lat="45.7657770" lon="4.7521890">
    <ele>230.8</ele>
    <time>2026-08-07T10:11:00Z</time>
   </trkpt>
   <trkpt lat="45.7657550" lon="4.7522310">
    <ele>230.8</ele>
    <time>2026-08-07T10:11:01Z</time>
   </trkpt>
   <trkpt lat="45.7657320" lon="4.7522590">
    <ele>230.7</ele>
    <time>2026-08-07T10:11:02Z</time>
   </trkpt>
   <trkpt lat="45.7657050" lon="4.7522870">
    <ele>230.7</ele>
    <time>2026-08-07T10:11:03Z</time>
   </trkpt>
   <trkpt lat="45.7656750" lon="4.7523140">
    <ele>230.6</ele>
    <time>2026-08-07T10:11:04Z</time>
   </trkpt>
   <trkpt lat="45.7656390" lon="4.7523380">
    <ele>230.6</ele>
    <time>2026-08-07T10:11:05Z</time>
   </trkpt>
   <trkpt lat="45.7656060" lon="4.7523500">
    <ele>230.5</ele>
    <time>2026-08-07T10:11:06Z</time>
   </trkpt>
   <trkpt lat="45.7655650" lon="4.7523530">
    <ele>230.5</ele>
    <time>2026-08-07T10:11:07Z</time>
   </trkpt>
   <trkpt lat="45.7655380" lon="4.7523750">
    <ele>230.6</ele>
    <time>2026-08-07T10:11:08Z</time>
   </trkpt>
   <trkpt lat="45.7655140" lon="4.7523940">
    <ele>230.6</ele>
    <time>2026-08-07T10:11:09Z</time>
   </trkpt>
   <trkpt lat="45.7655170" lon="4.7524370">
    <ele>230.6</ele>
    <time>2026-08-07T10:11:10Z</time>
   </trkpt>
   <trkpt lat="45.7655250" lon="4.7524720">
    <ele>230.7</ele>
    <time>2026-08-07T10:11:11Z</time>
   </trkpt>
   <trkpt lat="45.7655220" lon="4.7525040">
    <ele>230.7</ele>
    <time>2026-08-07T10:11:12Z</time>
   </trkpt>
   <trkpt lat="45.7655170" lon="4.7525460">
    <ele>230.8</ele>
    <time>2026-08-07T10:11:13Z</time>
   </trkpt>
   <trkpt lat="45.7655160" lon="4.7525800">
    <ele>230.9</ele>
    <time>2026-08-07T10:11:14Z</time>
   </trkpt>
   <trkpt lat="45.7655120" lon="4.7526180">
    <ele>230.9</ele>
    <time>2026-08-07T10:11:15Z</time>
   </trkpt>
   <trkpt lat="45.7655060" lon="4.7526460">
    <ele>231.0</ele>
    <time>2026-08-07T10:11:16Z</time>
   </trkpt>
   <trkpt lat="45.7654950" lon="4.7526800">
    <ele>231.1</ele>
    <time>2026-08-07T10:11:17Z</time>
   </trkpt>
   <trkpt lat="45.7654870" lon="4.7527050">
    <ele>231.1</ele>
    <time>2026-08-07T10:11:18Z</time>
   </trkpt>
   <trkpt lat="45.7654750" lon="4.7527260">
    <ele>231.2</ele>
    <time>2026-08-07T10:11:19Z</time>
   </trkpt>
   <trkpt lat="45.7654590" lon="4.7527590">
    <ele>231.3</ele>
    <time>2026-08-07T10:11:20Z</time>
   </trkpt>
   <trkpt lat="45.7654580" lon="4.7527920">
    <ele>231.4</ele>
    <time>2026-08-07T10:11:21Z</time>
   </trkpt>
   <trkpt lat="45.7654600" lon="4.7528260">
    <ele>231.4</ele>
    <time>2026-08-07T10:11:22Z</time>
   </trkpt>
   <trkpt lat="45.7654590" lon="4.7528590">
    <ele>231.5</ele>
    <time>2026-08-07T10:11:23Z</time>
   </trkpt>
   <trkpt lat="45.7654630" lon="4.7528910">
    <ele>231.6</ele>
    <time>2026-08-07T10:11:24Z</time>
   </trkpt>
   <trkpt lat="45.7654580" lon="4.7529310">
    <ele>231.7</ele>
    <time>2026-08-07T10:11:25Z</time>
   </trkpt>
   <trkpt lat="45.7654580" lon="4.7529600">
    <ele>231.8</ele>
    <time>2026-08-07T10:11:26Z</time>
   </trkpt>
   <trkpt lat="45.7654520" lon="4.7529920">
    <ele>231.8</ele>
    <time>2026-08-07T10:11:27Z</time>
   </trkpt>
   <trkpt lat="45.7654440" lon="4.7530260">
    <ele>231.9</ele>
    <time>2026-08-07T10:11:28Z</time>
   </trkpt>
   <trkpt lat="45.7654340" lon="4.7530660">
    <ele>232.0</ele>
    <time>2026-08-07T10:11:29Z</time>
   </trkpt>
   <trkpt lat="45.7654340" lon="4.7531070">
    <ele>232.1</ele>
    <time>2026-08-07T10:11:30Z</time>
   </trkpt>
   <trkpt lat="45.7654280" lon="4.7531390">
    <ele>232.2</ele>
    <time>2026-08-07T10:11:31Z</time>
   </trkpt>
   <trkpt lat="45.7654200" lon="4.7531710">
    <ele>232.4</ele>
    <time>2026-08-07T10:11:32Z</time>
   </trkpt>
   <trkpt lat="45.7654170" lon="4.7532130">
    <ele>232.6</ele>
    <time>2026-08-07T10:11:33Z</time>
   </trkpt>
   <trkpt lat="45.7654110" lon="4.7532470">
    <ele>232.8</ele>
    <time>2026-08-07T10:11:34Z</time>
   </trkpt>
   <trkpt lat="45.7654080" lon="4.7532780">
    <ele>233.0</ele>
    <time>2026-08-07T10:11:35Z</time>
   </trkpt>
   <trkpt lat="45.7654000" lon="4.7533070">
    <ele>233.1</ele>
    <time>2026-08-07T10:11:36Z</time>
   </trkpt>
   <trkpt lat="45.7653880" lon="4.7533420">
    <ele>233.3</ele>
    <time>2026-08-07T10:11:37Z</time>
   </trkpt>
   <trkpt lat="45.7653760" lon="4.7533720">
    <ele>233.5</ele>
    <time>2026-08-07T10:11:38Z</time>
   </trkpt>
   <trkpt lat="45.7653670" lon="4.7533970">
    <ele>233.7</ele>
    <time>2026-08-07T10:11:39Z</time>
   </trkpt>
   <trkpt lat="45.7653610" lon="4.7534220">
    <ele>233.9</ele>
    <time>2026-08-07T10:11:40Z</time>
   </trkpt>
   <trkpt lat="45.7653600" lon="4.7534690">
    <ele>234.1</ele>
    <time>2026-08-07T10:11:41Z</time>
   </trkpt>
   <trkpt lat="45.7653520" lon="4.7534960">
    <ele>234.3</ele>
    <time>2026-08-07T10:11:42Z</time>
   </trkpt>
   <trkpt lat="45.7653480" lon="4.7535270">
    <ele>234.5</ele>
    <time>2026-08-07T10:11:43Z</time>
   </trkpt>
   <trkpt lat="45.7653410" lon="4.7535630">
    <ele>234.8</ele>
    <time>2026-08-07T10:11:44Z</time>
   </trkpt>
   <trkpt lat="45.7653340" lon="4.7535990">
    <ele>235.0</ele>
    <time>2026-08-07T10:11:45Z</time>
   </trkpt>
   <trkpt lat="45.7653220" lon="4.7536230">
    <ele>235.2</ele>
    <time>2026-08-07T10:11:46Z</time>
   </trkpt>
   <trkpt lat="45.7653140" lon="4.7536550">
    <ele>235.4</ele>
    <time>2026-08-07T10:11:47Z</time>
   </trkpt>
   <trkpt lat="45.7653060" lon="4.7536990">
    <ele>235.6</ele>
    <time>2026-08-07T10:11:48Z</time>
   </trkpt>
   <trkpt lat="45.7652980" lon="4.7537340">
    <ele>235.9</ele>
    <time>2026-08-07T10:11:49Z</time>
   </trkpt>
   <trkpt lat="45.7652970" lon="4.7537750">
    <ele>236.1</ele>
    <time>2026-08-07T10:11:50Z</time>
   </trkpt>
   <trkpt lat="45.7652930" lon="4.7538180">
    <ele>236.3</ele>
    <time>2026-08-07T10:11:51Z</time>
   </trkpt>
   <trkpt lat="45.7652900" lon="4.7538590">
    <ele>236.5</ele>
    <time>2026-08-07T10:11:52Z</time>
   </trkpt>
   <trkpt lat="45.7652810" lon="4.7539080">
    <ele>236.8</ele>
    <time>2026-08-07T10:11:53Z</time>
   </trkpt>
   <trkpt lat="45.7652670" lon="4.7539600">
    <ele>237.0</ele>
    <time>2026-08-07T10:11:54Z</time>
   </trkpt>
   <trkpt lat="45.7652610" lon="4.7540090">
    <ele>237.2</ele>
    <time>2026-08-07T10:11:55Z</time>
   </trkpt>
   <trkpt lat="45.7652570" lon="4.7540510">
    <ele>237.4</ele>
    <time>2026-08-07T10:11:56Z</time>
   </trkpt>
   <trkpt lat="45.7652520" lon="4.7540920">
    <ele>237.6</ele>
    <time>2026-08-07T10:11:57Z</time>
   </trkpt>
   <trkpt lat="45.7652480" lon="4.7541290">
    <ele>237.8</ele>
    <time>2026-08-07T10:11:58Z</time>
   </trkpt>
   <trkpt lat="45.7652390" lon="4.7541690">
    <ele>237.9</ele>
    <time>2026-08-07T10:11:59Z</time>
   </trkpt>
   <trkpt lat="45.7652330" lon="4.7542140">
    <ele>238.1</ele>
    <time>2026-08-07T10:12:00Z</time>
   </trkpt>
   <trkpt lat="45.7652170" lon="4.7542440">
    <ele>238.2</ele>
    <time>2026-08-07T10:12:01Z</time>
   </trkpt>
   <trkpt lat="45.7652060" lon="4.7542730">
    <ele>238.3</ele>
    <time>2026-08-07T10:12:02Z</time>
   </trkpt>
   <trkpt lat="45.7652020" lon="4.7543160">
    <ele>238.5</ele>
    <time>2026-08-07T10:12:03Z</time>
   </trkpt>
   <trkpt lat="45.7651980" lon="4.7543470">
    <ele>238.5</ele>
    <time>2026-08-07T10:12:04Z</time>
   </trkpt>
   <trkpt lat="45.7651940" lon="4.7543930">
    <ele>238.7</ele>
    <time>2026-08-07T10:12:05Z</time>
   </trkpt>
   <trkpt lat="45.7651820" lon="4.7544340">
    <ele>238.8</ele>
    <time>2026-08-07T10:12:06Z</time>
   </trkpt>
   <trkpt lat="45.7651640" lon="4.7544660">
    <ele>238.9</ele>
    <time>2026-08-07T10:12:07Z</time>
   </trkpt>
   <trkpt lat="45.7651520" lon="4.7545000">
    <ele>239.0</ele>
    <time>2026-08-07T10:12:08Z</time>
   </trkpt>
   <trkpt lat="45.7651450" lon="4.7545310">
    <ele>239.1</ele>
    <time>2026-08-07T10:12:09Z</time>
   </trkpt>
   <trkpt lat="45.7651500" lon="4.7545940">
    <ele>239.2</ele>
    <time>2026-08-07T10:12:10Z</time>
   </trkpt>
   <trkpt lat="45.7651540" lon="4.7546330">
    <ele>239.3</ele>
    <time>2026-08-07T10:12:11Z</time>
   </trkpt>
   <trkpt lat="45.7651600" lon="4.7546750">
    <ele>239.4</ele>
    <time>2026-08-07T10:12:12Z</time>
   </trkpt>
   <trkpt lat="45.7651510" lon="4.7547220">
    <ele>239.5</ele>
    <time>2026-08-07T10:12:13Z</time>
   </trkpt>
   <trkpt lat="45.7651470" lon="4.7547670">
    <ele>239.5</ele>
    <time>2026-08-07T10:12:14Z</time>
   </trkpt>
   <trkpt lat="45.7651490" lon="4.7548160">
    <ele>239.5</ele>
    <time>2026-08-07T10:12:15Z</time>
   </trkpt>
   <trkpt lat="45.7651460" lon="4.7548490">
    <ele>239.6</ele>
    <time>2026-08-07T10:12:16Z</time>
   </trkpt>
   <trkpt lat="45.7651340" lon="4.7548830">
    <ele>239.6</ele>
    <time>2026-08-07T10:12:17Z</time>
   </trkpt>
   <trkpt lat="45.7651290" lon="4.7549200">
    <ele>239.6</ele>
    <time>2026-08-07T10:12:18Z</time>
   </trkpt>
   <trkpt lat="45.7651270" lon="4.7549520">
    <ele>239.7</ele>
    <time>2026-08-07T10:12:19Z</time>
   </trkpt>
   <trkpt lat="45.7651210" lon="4.7549890">
    <ele>239.7</ele>
    <time>2026-08-07T10:12:20Z</time>
   </trkpt>
   <trkpt lat="45.7651140" lon="4.7550180">
    <ele>239.7</ele>
    <time>2026-08-07T10:12:21Z</time>
   </trkpt>
   <trkpt lat="45.7651080" lon="4.7550450">
    <ele>239.7</ele>
    <time>2026-08-07T10:12:22Z</time>
   </trkpt>
   <trkpt lat="45.7651020" lon="4.7550810">
    <ele>239.7</ele>
    <time>2026-08-07T10:12:23Z</time>
   </trkpt>
   <trkpt lat="45.7650950" lon="4.7551220">
    <ele>239.8</ele>
    <time>2026-08-07T10:12:24Z</time>
   </trkpt>
   <trkpt lat="45.7650930" lon="4.7551540">
    <ele>239.8</ele>
    <time>2026-08-07T10:12:25Z</time>
   </trkpt>
   <trkpt lat="45.7650880" lon="4.7551870">
    <ele>239.8</ele>
    <time>2026-08-07T10:12:26Z</time>
   </trkpt>
   <trkpt lat="45.7650850" lon="4.7552410">
    <ele>239.8</ele>
    <time>2026-08-07T10:12:27Z</time>
   </trkpt>
   <trkpt lat="45.7650800" lon="4.7552840">
    <ele>239.8</ele>
    <time>2026-08-07T10:12:28Z</time>
   </trkpt>
   <trkpt lat="45.7650750" lon="4.7553150">
    <ele>239.8</ele>
    <time>2026-08-07T10:12:29Z</time>
   </trkpt>
   <trkpt lat="45.7650770" lon="4.7553520">
    <ele>239.8</ele>
    <time>2026-08-07T10:12:30Z</time>
   </trkpt>
   <trkpt lat="45.7650830" lon="4.7553770">
    <ele>239.8</ele>
    <time>2026-08-07T10:12:31Z</time>
   </trkpt>
   <trkpt lat="45.7651040" lon="4.7554020">
    <ele>239.8</ele>
    <time>2026-08-07T10:12:32Z</time>
   </trkpt>
   <trkpt lat="45.7651040" lon="4.7554400">
    <ele>239.8</ele>
    <time>2026-08-07T10:12:33Z</time>
   </trkpt>
   <trkpt lat="45.7651050" lon="4.7554720">
    <ele>239.8</ele>
    <time>2026-08-07T10:12:34Z</time>
   </trkpt>
   <trkpt lat="45.7650960" lon="4.7555250">
    <ele>239.7</ele>
    <time>2026-08-07T10:12:35Z</time>
   </trkpt>
   <trkpt lat="45.7650820" lon="4.7555610">
    <ele>239.7</ele>
    <time>2026-08-07T10:12:36Z</time>
   </trkpt>
   <trkpt lat="45.7650720" lon="4.7556010">
    <ele>239.7</ele>
    <time>2026-08-07T10:12:37Z</time>
   </trkpt>
   <trkpt lat="45.7650690" lon="4.7556570">
    <ele>239.7</ele>
    <time>2026-08-07T10:12:38Z</time>
   </trkpt>
   <trkpt lat="45.7650600" lon="4.7557050">
    <ele>239.7</ele>
    <time>2026-08-07T10:12:39Z</time>
   </trkpt>
   <trkpt lat="45.7650530" lon="4.7557490">
    <ele>239.6</ele>
    <time>2026-08-07T10:12:40Z</time>
   </trkpt>
   <trkpt lat="45.7650540" lon="4.7557820">
    <ele>239.6</ele>
    <time>2026-08-07T10:12:41Z</time>
   </trkpt>
   <trkpt lat="45.7650510" lon="4.7558230">
    <ele>239.6</ele>
    <time>2026-08-07T10:12:42Z</time>
   </trkpt>
   <trkpt lat="45.7650510" lon="4.7558690">
    <ele>239.6</ele>
    <time>2026-08-07T10:12:43Z</time>
   </trkpt>
   <trkpt lat="45.7650450" lon="4.7558960">
    <ele>239.6</ele>
    <time>2026-08-07T10:12:44Z</time>
   </trkpt>
   <trkpt lat="45.7650390" lon="4.7559180">
    <ele>239.6</ele>
    <time>2026-08-07T10:12:45Z</time>
   </trkpt>
   <trkpt lat="45.7650300" lon="4.7559420">
    <ele>239.6</ele>
    <time>2026-08-07T10:12:46Z</time>
   </trkpt>
   <trkpt lat="45.7650240" lon="4.7559740">
    <ele>239.6</ele>
    <time>2026-08-07T10:12:47Z</time>
   </trkpt>
   <trkpt lat="45.7650250" lon="4.7560130">
    <ele>239.5</ele>
    <time>2026-08-07T10:12:48Z</time>
   </trkpt>
   <trkpt lat="45.7650210" lon="4.7560460">
    <ele>239.5</ele>
    <time>2026-08-07T10:12:49Z</time>
   </trkpt>
   <trkpt lat="45.7650110" lon="4.7560880">
    <ele>239.5</ele>
    <time>2026-08-07T10:12:50Z</time>
   </trkpt>
   <trkpt lat="45.7650040" lon="4.7561350">
    <ele>239.5</ele>
    <time>2026-08-07T10:12:51Z</time>
   </trkpt>
   <trkpt lat="45.7649920" lon="4.7561750">
    <ele>239.5</ele>
    <time>2026-08-07T10:12:52Z</time>
   </trkpt>
   <trkpt lat="45.7649870" lon="4.7562130">
    <ele>239.5</ele>
    <time>2026-08-07T10:12:53Z</time>
   </trkpt>
   <trkpt lat="45.7649770" lon="4.7562450">
    <ele>239.5</ele>
    <time>2026-08-07T10:12:54Z</time>
   </trkpt>
   <trkpt lat="45.7649670" lon="4.7562810">
    <ele>239.4</ele>
    <time>2026-08-07T10:12:55Z</time>
   </trkpt>
   <trkpt lat="45.7649520" lon="4.7563210">
    <ele>239.4</ele>
    <time>2026-08-07T10:12:56Z</time>
   </trkpt>
   <trkpt lat="45.7649400" lon="4.7563590">
    <ele>239.4</ele>
    <time>2026-08-07T10:12:57Z</time>
   </trkpt>
   <trkpt lat="45.7649400" lon="4.7564070">
    <ele>239.4</ele>
    <time>2026-08-07T10:12:58Z</time>
   </trkpt>
   <trkpt lat="45.7649400" lon="4.7564540">
    <ele>239.4</ele>
    <time>2026-08-07T10:12:59Z</time>
   </trkpt>
   <trkpt lat="45.7649380" lon="4.7564980">
    <ele>239.3</ele>
    <time>2026-08-07T10:13:00Z</time>
   </trkpt>
   <trkpt lat="45.7649260" lon="4.7565360">
    <ele>239.3</ele>
    <time>2026-08-07T10:13:01Z</time>
   </trkpt>
   <trkpt lat="45.7649150" lon="4.7565680">
    <ele>239.3</ele>
    <time>2026-08-07T10:13:02Z</time>
   </trkpt>
   <trkpt lat="45.7649140" lon="4.7566150">
    <ele>239.3</ele>
    <time>2026-08-07T10:13:03Z</time>
   </trkpt>
   <trkpt lat="45.7649120" lon="4.7566490">
    <ele>239.3</ele>
    <time>2026-08-07T10:13:04Z</time>
   </trkpt>
   <trkpt lat="45.7649060" lon="4.7566910">
    <ele>239.3</ele>
    <time>2026-08-07T10:13:05Z</time>
   </trkpt>
   <trkpt lat="45.7649060" lon="4.7567360">
    <ele>239.2</ele>
    <time>2026-08-07T10:13:06Z</time>
   </trkpt>
   <trkpt lat="45.7649010" lon="4.7567840">
    <ele>239.2</ele>
    <time>2026-08-07T10:13:07Z</time>
   </trkpt>
   <trkpt lat="45.7648950" lon="4.7568330">
    <ele>239.2</ele>
    <time>2026-08-07T10:13:08Z</time>
   </trkpt>
   <trkpt lat="45.7648830" lon="4.7568770">
    <ele>239.2</ele>
    <time>2026-08-07T10:13:09Z</time>
   </trkpt>
   <trkpt lat="45.7648680" lon="4.7569190">
    <ele>239.2</ele>
    <time>2026-08-07T10:13:10Z</time>
   </trkpt>
   <trkpt lat="45.7648620" lon="4.7569640">
    <ele>239.1</ele>
    <time>2026-08-07T10:13:11Z</time>
   </trkpt>
   <trkpt lat="45.7648560" lon="4.7570020">
    <ele>239.1</ele>
    <time>2026-08-07T10:13:12Z</time>
   </trkpt>
   <trkpt lat="45.7648530" lon="4.7570410">
    <ele>239.1</ele>
    <time>2026-08-07T10:13:13Z</time>
   </trkpt>
   <trkpt lat="45.7648550" lon="4.7570720">
    <ele>239.1</ele>
    <time>2026-08-07T10:13:14Z</time>
   </trkpt>
   <trkpt lat="45.7648550" lon="4.7571110">
    <ele>239.1</ele>
    <time>2026-08-07T10:13:15Z</time>
   </trkpt>
   <trkpt lat="45.7648530" lon="4.7571500">
    <ele>239.1</ele>
    <time>2026-08-07T10:13:16Z</time>
   </trkpt>
   <trkpt lat="45.7648460" lon="4.7571740">
    <ele>239.1</ele>
    <time>2026-08-07T10:13:17Z</time>
   </trkpt>
   <trkpt lat="45.7648370" lon="4.7572080">
    <ele>239.1</ele>
    <time>2026-08-07T10:13:18Z</time>
   </trkpt>
   <trkpt lat="45.7648270" lon="4.7572310">
    <ele>239.1</ele>
    <time>2026-08-07T10:13:19Z</time>
   </trkpt>
   <trkpt lat="45.7648050" lon="4.7572660">
    <ele>239.1</ele>
    <time>2026-08-07T10:13:20Z</time>
   </trkpt>
   <trkpt lat="45.7647960" lon="4.7573010">
    <ele>239.0</ele>
    <time>2026-08-07T10:13:21Z</time>
   </trkpt>
   <trkpt lat="45.7647930" lon="4.7573540">
    <ele>239.0</ele>
    <time>2026-08-07T10:13:22Z</time>
   </trkpt>
   <trkpt lat="45.7647850" lon="4.7573850">
    <ele>239.0</ele>
    <time>2026-08-07T10:13:23Z</time>
   </trkpt>
   <trkpt lat="45.7647780" lon="4.7574270">
    <ele>239.0</ele>
    <time>2026-08-07T10:13:24Z</time>
   </trkpt>
   <trkpt lat="45.7647700" lon="4.7574760">
    <ele>239.0</ele>
    <time>2026-08-07T10:13:25Z</time>
   </trkpt>
   <trkpt lat="45.7647650" lon="4.7575150">
    <ele>239.0</ele>
    <time>2026-08-07T10:13:26Z</time>
   </trkpt>
   <trkpt lat="45.7647490" lon="4.7575640">
    <ele>239.0</ele>
    <time>2026-08-07T10:13:27Z</time>
   </trkpt>
   <trkpt lat="45.7647350" lon="4.7576070">
    <ele>239.0</ele>
    <time>2026-08-07T10:13:28Z</time>
   </trkpt>
   <trkpt lat="45.7647180" lon="4.7576590">
    <ele>238.9</ele>
    <time>2026-08-07T10:13:29Z</time>
   </trkpt>
   <trkpt lat="45.7647090" lon="4.7577070">
    <ele>238.9</ele>
    <time>2026-08-07T10:13:30Z</time>
   </trkpt>
   <trkpt lat="45.7647110" lon="4.7577570">
    <ele>238.9</ele>
    <time>2026-08-07T10:13:31Z</time>
   </trkpt>
   <trkpt lat="45.7646960" lon="4.7578090">
    <ele>238.9</ele>
    <time>2026-08-07T10:13:32Z</time>
   </trkpt>
   <trkpt lat="45.7646850" lon="4.7578540">
    <ele>238.9</ele>
    <time>2026-08-07T10:13:33Z</time>
   </trkpt>
   <trkpt lat="45.7646720" lon="4.7579020">
    <ele>238.9</ele>
    <time>2026-08-07T10:13:34Z</time>
   </trkpt>
   <trkpt lat="45.7646690" lon="4.7579600">
    <ele>239.0</ele>
    <time>2026-08-07T10:13:35Z</time>
   </trkpt>
   <trkpt lat="45.7646570" lon="4.7580080">
    <ele>239.0</ele>
    <time>2026-08-07T10:13:36Z</time>
   </trkpt>
   <trkpt lat="45.7646450" lon="4.7580470">
    <ele>239.0</ele>
    <time>2026-08-07T10:13:37Z</time>
   </trkpt>
   <trkpt lat="45.7646370" lon="4.7580860">
    <ele>239.0</ele>
    <time>2026-08-07T10:13:38Z</time>
   </trkpt>
   <trkpt lat="45.7646240" lon="4.7581350">
    <ele>239.0</ele>
    <time>2026-08-07T10:13:39Z</time>
   </trkpt>
   <trkpt lat="45.7646200" lon="4.7581710">
    <ele>239.0</ele>
    <time>2026-08-07T10:13:40Z</time>
   </trkpt>
   <trkpt lat="45.7646050" lon="4.7582110">
    <ele>239.1</ele>
    <time>2026-08-07T10:13:41Z</time>
   </trkpt>
   <trkpt lat="45.7645990" lon="4.7582440">
    <ele>239.1</ele>
    <time>2026-08-07T10:13:42Z</time>
   </trkpt>
   <trkpt lat="45.7645930" lon="4.7582840">
    <ele>239.1</ele>
    <time>2026-08-07T10:13:43Z</time>
   </trkpt>
   <trkpt lat="45.7645900" lon="4.7583190">
    <ele>239.1</ele>
    <time>2026-08-07T10:13:44Z</time>
   </trkpt>
   <trkpt lat="45.7645820" lon="4.7583610">
    <ele>239.1</ele>
    <time>2026-08-07T10:13:45Z</time>
   </trkpt>
   <trkpt lat="45.7645680" lon="4.7584050">
    <ele>239.1</ele>
    <time>2026-08-07T10:13:46Z</time>
   </trkpt>
   <trkpt lat="45.7645570" lon="4.7584490">
    <ele>239.1</ele>
    <time>2026-08-07T10:13:47Z</time>
   </trkpt>
   <trkpt lat="45.7645460" lon="4.7584930">
    <ele>239.2</ele>
    <time>2026-08-07T10:13:48Z</time>
   </trkpt>
   <trkpt lat="45.7645330" lon="4.7585320">
    <ele>239.2</ele>
    <time>2026-08-07T10:13:49Z</time>
   </trkpt>
   <trkpt lat="45.7645250" lon="4.7585690">
    <ele>239.2</ele>
    <time>2026-08-07T10:13:50Z</time>
   </trkpt>
   <trkpt lat="45.7645100" lon="4.7586160">
    <ele>239.2</ele>
    <time>2026-08-07T10:13:51Z</time>
   </trkpt>
   <trkpt lat="45.7645010" lon="4.7586590">
    <ele>239.2</ele>
    <time>2026-08-07T10:13:52Z</time>
   </trkpt>
   <trkpt lat="45.7644910" lon="4.7587040">
    <ele>239.2</ele>
    <time>2026-08-07T10:13:53Z</time>
   </trkpt>
   <trkpt lat="45.7644860" lon="4.7587480">
    <ele>239.2</ele>
    <time>2026-08-07T10:13:54Z</time>
   </trkpt>
   <trkpt lat="45.7644750" lon="4.7587940">
    <ele>239.2</ele>
    <time>2026-08-07T10:13:55Z</time>
   </trkpt>
   <trkpt lat="45.7644640" lon="4.7588370">
    <ele>239.2</ele>
    <time>2026-08-07T10:13:56Z</time>
   </trkpt>
   <trkpt lat="45.7644530" lon="4.7588840">
    <ele>239.2</ele>
    <time>2026-08-07T10:13:57Z</time>
   </trkpt>
   <trkpt lat="45.7644430" lon="4.7589240">
    <ele>239.2</ele>
    <time>2026-08-07T10:13:58Z</time>
   </trkpt>
   <trkpt lat="45.7644310" lon="4.7589670">
    <ele>239.2</ele>
    <time>2026-08-07T10:13:59Z</time>
   </trkpt>
   <trkpt lat="45.7644250" lon="4.7590030">
    <ele>239.2</ele>
    <time>2026-08-07T10:14:00Z</time>
   </trkpt>
   <trkpt lat="45.7644080" lon="4.7590440">
    <ele>239.3</ele>
    <time>2026-08-07T10:14:01Z</time>
   </trkpt>
   <trkpt lat="45.7644030" lon="4.7590860">
    <ele>239.3</ele>
    <time>2026-08-07T10:14:02Z</time>
   </trkpt>
   <trkpt lat="45.7643860" lon="4.7591250">
    <ele>239.3</ele>
    <time>2026-08-07T10:14:03Z</time>
   </trkpt>
   <trkpt lat="45.7643710" lon="4.7591590">
    <ele>239.3</ele>
    <time>2026-08-07T10:14:04Z</time>
   </trkpt>
   <trkpt lat="45.7643570" lon="4.7591930">
    <ele>239.3</ele>
    <time>2026-08-07T10:14:05Z</time>
   </trkpt>
   <trkpt lat="45.7643390" lon="4.7592300">
    <ele>239.3</ele>
    <time>2026-08-07T10:14:06Z</time>
   </trkpt>
   <trkpt lat="45.7643340" lon="4.7592620">
    <ele>239.3</ele>
    <time>2026-08-07T10:14:07Z</time>
   </trkpt>
   <trkpt lat="45.7643280" lon="4.7592990">
    <ele>239.3</ele>
    <time>2026-08-07T10:14:08Z</time>
   </trkpt>
   <trkpt lat="45.7643220" lon="4.7593350">
    <ele>239.3</ele>
    <time>2026-08-07T10:14:09Z</time>
   </trkpt>
   <trkpt lat="45.7643090" lon="4.7593840">
    <ele>239.3</ele>
    <time>2026-08-07T10:14:10Z</time>
   </trkpt>
   <trkpt lat="45.7643030" lon="4.7594230">
    <ele>239.3</ele>
    <time>2026-08-07T10:14:11Z</time>
   </trkpt>
   <trkpt lat="45.7642910" lon="4.7594650">
    <ele>239.3</ele>
    <time>2026-08-07T10:14:12Z</time>
   </trkpt>
   <trkpt lat="45.7642800" lon="4.7595070">
    <ele>239.3</ele>
    <time>2026-08-07T10:14:13Z</time>
   </trkpt>
   <trkpt lat="45.7642720" lon="4.7595510">
    <ele>239.3</ele>
    <time>2026-08-07T10:14:14Z</time>
   </trkpt>
   <trkpt lat="45.7642580" lon="4.7595890">
    <ele>239.3</ele>
    <time>2026-08-07T10:14:15Z</time>
   </trkpt>
   <trkpt lat="45.7642490" lon="4.7596330">
    <ele>239.3</ele>
    <time>2026-08-07T10:14:16Z</time>
   </trkpt>
   <trkpt lat="45.7642460" lon="4.7596750">
    <ele>239.3</ele>
    <time>2026-08-07T10:14:17Z</time>
   </trkpt>
   <trkpt lat="45.7642380" lon="4.7597240">
    <ele>239.3</ele>
    <time>2026-08-07T10:14:18Z</time>
   </trkpt>
   <trkpt lat="45.7642270" lon="4.7597660">
    <ele>239.3</ele>
    <time>2026-08-07T10:14:19Z</time>
   </trkpt>
   <trkpt lat="45.7642140" lon="4.7598070">
    <ele>239.3</ele>
    <time>2026-08-07T10:14:20Z</time>
   </trkpt>
   <trkpt lat="45.7642110" lon="4.7598500">
    <ele>239.3</ele>
    <time>2026-08-07T10:14:21Z</time>
   </trkpt>
   <trkpt lat="45.7642010" lon="4.7598920">
    <ele>239.2</ele>
    <time>2026-08-07T10:14:22Z</time>
   </trkpt>
   <trkpt lat="45.7641930" lon="4.7599320">
    <ele>239.2</ele>
    <time>2026-08-07T10:14:23Z</time>
   </trkpt>
   <trkpt lat="45.7641760" lon="4.7599740">
    <ele>239.2</ele>
    <time>2026-08-07T10:14:24Z</time>
   </trkpt>
   <trkpt lat="45.7641630" lon="4.7600190">
    <ele>239.2</ele>
    <time>2026-08-07T10:14:25Z</time>
   </trkpt>
   <trkpt lat="45.7641590" lon="4.7600600">
    <ele>239.2</ele>
    <time>2026-08-07T10:14:26Z</time>
   </trkpt>
   <trkpt lat="45.7641520" lon="4.7600980">
    <ele>239.2</ele>
    <time>2026-08-07T10:14:27Z</time>
   </trkpt>
   <trkpt lat="45.7641430" lon="4.7601380">
    <ele>239.2</ele>
    <time>2026-08-07T10:14:28Z</time>
   </trkpt>
   <trkpt lat="45.7641350" lon="4.7601770">
    <ele>239.2</ele>
    <time>2026-08-07T10:14:29Z</time>
   </trkpt>
   <trkpt lat="45.7641300" lon="4.7602190">
    <ele>239.1</ele>
    <time>2026-08-07T10:14:30Z</time>
   </trkpt>
   <trkpt lat="45.7641180" lon="4.7602520">
    <ele>239.1</ele>
    <time>2026-08-07T10:14:31Z</time>
   </trkpt>
   <trkpt lat="45.7641070" lon="4.7602930">
    <ele>239.1</ele>
    <time>2026-08-07T10:14:32Z</time>
   </trkpt>
   <trkpt lat="45.7640970" lon="4.7603330">
    <ele>239.1</ele>
    <time>2026-08-07T10:14:33Z</time>
   </trkpt>
   <trkpt lat="45.7640840" lon="4.7603720">
    <ele>239.1</ele>
    <time>2026-08-07T10:14:34Z</time>
   </trkpt>
   <trkpt lat="45.7640810" lon="4.7604030">
    <ele>239.1</ele>
    <time>2026-08-07T10:14:35Z</time>
   </trkpt>
   <trkpt lat="45.7640780" lon="4.7604430">
    <ele>239.1</ele>
    <time>2026-08-07T10:14:36Z</time>
   </trkpt>
   <trkpt lat="45.7640710" lon="4.7604860">
    <ele>239.1</ele>
    <time>2026-08-07T10:14:37Z</time>
   </trkpt>
   <trkpt lat="45.7640700" lon="4.7605380">
    <ele>239.1</ele>
    <time>2026-08-07T10:14:38Z</time>
   </trkpt>
   <trkpt lat="45.7640670" lon="4.7605850">
    <ele>239.1</ele>
    <time>2026-08-07T10:14:39Z</time>
   </trkpt>
   <trkpt lat="45.7640640" lon="4.7606220">
    <ele>239.1</ele>
    <time>2026-08-07T10:14:40Z</time>
   </trkpt>
   <trkpt lat="45.7640410" lon="4.7606620">
    <ele>239.1</ele>
    <time>2026-08-07T10:14:41Z</time>
   </trkpt>
   <trkpt lat="45.7640440" lon="4.7606940">
    <ele>239.1</ele>
    <time>2026-08-07T10:14:42Z</time>
   </trkpt>
   <trkpt lat="45.7640410" lon="4.7607240">
    <ele>239.1</ele>
    <time>2026-08-07T10:14:43Z</time>
   </trkpt>
   <trkpt lat="45.7640340" lon="4.7607640">
    <ele>239.1</ele>
    <time>2026-08-07T10:14:44Z</time>
   </trkpt>
   <trkpt lat="45.7640310" lon="4.7607940">
    <ele>239.1</ele>
    <time>2026-08-07T10:14:45Z</time>
   </trkpt>
   <trkpt lat="45.7640250" lon="4.7608380">
    <ele>239.1</ele>
    <time>2026-08-07T10:14:46Z</time>
   </trkpt>
   <trkpt lat="45.7640230" lon="4.7608830">
    <ele>239.1</ele>
    <time>2026-08-07T10:14:47Z</time>
   </trkpt>
   <trkpt lat="45.7640240" lon="4.7609320">
    <ele>239.1</ele>
    <time>2026-08-07T10:14:48Z</time>
   </trkpt>
   <trkpt lat="45.7640190" lon="4.7609780">
    <ele>239.0</ele>
    <time>2026-08-07T10:14:49Z</time>
   </trkpt>
   <trkpt lat="45.7640100" lon="4.7610250">
    <ele>239.0</ele>
    <time>2026-08-07T10:14:50Z</time>
   </trkpt>
   <trkpt lat="45.7639960" lon="4.7610590">
    <ele>239.0</ele>
    <time>2026-08-07T10:14:51Z</time>
   </trkpt>
   <trkpt lat="45.7639920" lon="4.7610930">
    <ele>239.0</ele>
    <time>2026-08-07T10:14:52Z</time>
   </trkpt>
   <trkpt lat="45.7639850" lon="4.7611460">
    <ele>239.0</ele>
    <time>2026-08-07T10:14:53Z</time>
   </trkpt>
   <trkpt lat="45.7639770" lon="4.7611940">
    <ele>239.0</ele>
    <time>2026-08-07T10:14:54Z</time>
   </trkpt>
   <trkpt lat="45.7639740" lon="4.7612340">
    <ele>239.0</ele>
    <time>2026-08-07T10:14:55Z</time>
   </trkpt>
   <trkpt lat="45.7639610" lon="4.7612700">
    <ele>239.0</ele>
    <time>2026-08-07T10:14:56Z</time>
   </trkpt>
   <trkpt lat="45.7639270" lon="4.7612990">
    <ele>239.0</ele>
    <time>2026-08-07T10:14:57Z</time>
   </trkpt>
   <trkpt lat="45.7638950" lon="4.7613230">
    <ele>239.0</ele>
    <time>2026-08-07T10:14:58Z</time>
   </trkpt>
   <trkpt lat="45.7638710" lon="4.7613600">
    <ele>239.0</ele>
    <time>2026-08-07T10:14:59Z</time>
   </trkpt>
   <trkpt lat="45.7638550" lon="4.7613900">
    <ele>239.0</ele>
    <time>2026-08-07T10:15:00Z</time>
   </trkpt>
   <trkpt lat="45.7638460" lon="4.7614310">
    <ele>238.9</ele>
    <time>2026-08-07T10:15:01Z</time>
   </trkpt>
   <trkpt lat="45.7638380" lon="4.7614780">
    <ele>238.9</ele>
    <time>2026-08-07T10:15:02Z</time>
   </trkpt>
   <trkpt lat="45.7638310" lon="4.7615250">
    <ele>238.9</ele>
    <time>2026-08-07T10:15:03Z</time>
   </trkpt>
   <trkpt lat="45.7638290" lon="4.7615770">
    <ele>238.9</ele>
    <time>2026-08-07T10:15:04Z</time>
   </trkpt>
   <trkpt lat="45.7638300" lon="4.7616190">
    <ele>238.9</ele>
    <time>2026-08-07T10:15:05Z</time>
   </trkpt>
   <trkpt lat="45.7638190" lon="4.7616640">
    <ele>238.9</ele>
    <time>2026-08-07T10:15:06Z</time>
   </trkpt>
   <trkpt lat="45.7638080" lon="4.7617090">
    <ele>238.9</ele>
    <time>2026-08-07T10:15:07Z</time>
   </trkpt>
   <trkpt lat="45.7638010" lon="4.7617600">
    <ele>238.8</ele>
    <time>2026-08-07T10:15:08Z</time>
   </trkpt>
   <trkpt lat="45.7637940" lon="4.7618040">
    <ele>238.8</ele>
    <time>2026-08-07T10:15:09Z</time>
   </trkpt>
   <trkpt lat="45.7637850" lon="4.7618420">
    <ele>238.8</ele>
    <time>2026-08-07T10:15:10Z</time>
   </trkpt>
   <trkpt lat="45.7637720" lon="4.7618900">
    <ele>238.8</ele>
    <time>2026-08-07T10:15:11Z</time>
   </trkpt>
   <trkpt lat="45.7637620" lon="4.7619430">
    <ele>238.7</ele>
    <time>2026-08-07T10:15:12Z</time>
   </trkpt>
   <trkpt lat="45.7637630" lon="4.7619820">
    <ele>238.7</ele>
    <time>2026-08-07T10:15:13Z</time>
   </trkpt>
   <trkpt lat="45.7637580" lon="4.7620260">
    <ele>238.7</ele>
    <time>2026-08-07T10:15:14Z</time>
   </trkpt>
   <trkpt lat="45.7637460" lon="4.7620650">
    <ele>238.6</ele>
    <time>2026-08-07T10:15:15Z</time>
   </trkpt>
   <trkpt lat="45.7637390" lon="4.7621100">
    <ele>238.6</ele>
    <time>2026-08-07T10:15:16Z</time>
   </trkpt>
   <trkpt lat="45.7637270" lon="4.7621580">
    <ele>238.6</ele>
    <time>2026-08-07T10:15:17Z</time>
   </trkpt>
   <trkpt lat="45.7637320" lon="4.7622060">
    <ele>238.5</ele>
    <time>2026-08-07T10:15:18Z</time>
   </trkpt>
   <trkpt lat="45.7637420" lon="4.7622570">
    <ele>238.5</ele>
    <time>2026-08-07T10:15:19Z</time>
   </trkpt>
   <trkpt lat="45.7637410" lon="4.7623040">
    <ele>238.4</ele>
    <time>2026-08-07T10:15:20Z</time>
   </trkpt>
   <trkpt lat="45.7637390" lon="4.7623540">
    <ele>238.4</ele>
    <time>2026-08-07T10:15:21Z</time>
   </trkpt>
   <trkpt lat="45.7637180" lon="4.7624120">
    <ele>238.3</ele>
    <time>2026-08-07T10:15:22Z</time>
   </trkpt>
   <trkpt lat="45.7637130" lon="4.7624570">
    <ele>238.3</ele>
    <time>2026-08-07T10:15:23Z</time>
   </trkpt>
   <trkpt lat="45.7637090" lon="4.7625100">
    <ele>238.3</ele>
    <time>2026-08-07T10:15:24Z</time>
   </trkpt>
   <trkpt lat="45.7637020" lon="4.7625540">
    <ele>238.2</ele>
    <time>2026-08-07T10:15:25Z</time>
   </trkpt>
   <trkpt lat="45.7636860" lon="4.7625980">
    <ele>238.2</ele>
    <time>2026-08-07T10:15:26Z</time>
   </trkpt>
   <trkpt lat="45.7636780" lon="4.7626390">
    <ele>238.1</ele>
    <time>2026-08-07T10:15:27Z</time>
   </trkpt>
   <trkpt lat="45.7636760" lon="4.7626880">
    <ele>238.1</ele>
    <time>2026-08-07T10:15:28Z</time>
   </trkpt>
   <trkpt lat="45.7636680" lon="4.7627360">
    <ele>238.0</ele>
    <time>2026-08-07T10:15:29Z</time>
   </trkpt>
   <trkpt lat="45.7636750" lon="4.7627820">
    <ele>238.0</ele>
    <time>2026-08-07T10:15:30Z</time>
   </trkpt>
   <trkpt lat="45.7636790" lon="4.7628200">
    <ele>237.9</ele>
    <time>2026-08-07T10:15:31Z</time>
   </trkpt>
   <trkpt lat="45.7636790" lon="4.7628660">
    <ele>237.9</ele>
    <time>2026-08-07T10:15:32Z</time>
   </trkpt>
   <trkpt lat="45.7636680" lon="4.7629120">
    <ele>237.8</ele>
    <time>2026-08-07T10:15:33Z</time>
   </trkpt>
   <trkpt lat="45.7636610" lon="4.7629570">
    <ele>237.8</ele>
    <time>2026-08-07T10:15:34Z</time>
   </trkpt>
   <trkpt lat="45.7636590" lon="4.7629900">
    <ele>237.7</ele>
    <time>2026-08-07T10:15:35Z</time>
   </trkpt>
   <trkpt lat="45.7636490" lon="4.7630380">
    <ele>237.7</ele>
    <time>2026-08-07T10:15:36Z</time>
   </trkpt>
   <trkpt lat="45.7636440" lon="4.7630910">
    <ele>237.6</ele>
    <time>2026-08-07T10:15:37Z</time>
   </trkpt>
   <trkpt lat="45.7636480" lon="4.7631330">
    <ele>237.5</ele>
    <time>2026-08-07T10:15:38Z</time>
   </trkpt>
   <trkpt lat="45.7636380" lon="4.7631830">
    <ele>237.5</ele>
    <time>2026-08-07T10:15:39Z</time>
   </trkpt>
   <trkpt lat="45.7636420" lon="4.7632310">
    <ele>237.4</ele>
    <time>2026-08-07T10:15:40Z</time>
   </trkpt>
   <trkpt lat="45.7636410" lon="4.7632770">
    <ele>237.4</ele>
    <time>2026-08-07T10:15:41Z</time>
   </trkpt>
   <trkpt lat="45.7636370" lon="4.7633230">
    <ele>237.3</ele>
    <time>2026-08-07T10:15:42Z</time>
   </trkpt>
   <trkpt lat="45.7636390" lon="4.7633600">
    <ele>237.3</ele>
    <time>2026-08-07T10:15:43Z</time>
   </trkpt>
   <trkpt lat="45.7636420" lon="4.7634010">
    <ele>237.2</ele>
    <time>2026-08-07T10:15:44Z</time>
   </trkpt>
   <trkpt lat="45.7636450" lon="4.7634550">
    <ele>237.2</ele>
    <time>2026-08-07T10:15:45Z</time>
   </trkpt>
   <trkpt lat="45.7636540" lon="4.7635100">
    <ele>237.1</ele>
    <time>2026-08-07T10:15:46Z</time>
   </trkpt>
   <trkpt lat="45.7636190" lon="4.7638100">
    <ele>236.7</ele>
    <time>2026-08-07T10:15:53Z</time>
   </trkpt>
   <trkpt lat="45.7636260" lon="4.7638610">
    <ele>236.7</ele>
    <time>2026-08-07T10:15:54Z</time>
   </trkpt>
   <trkpt lat="45.7636170" lon="4.7639020">
    <ele>236.6</ele>
    <time>2026-08-07T10:15:55Z</time>
   </trkpt>
   <trkpt lat="45.7636090" lon="4.7639530">
    <ele>236.5</ele>
    <time>2026-08-07T10:15:56Z</time>
   </trkpt>
   <trkpt lat="45.7636000" lon="4.7640010">
    <ele>236.5</ele>
    <time>2026-08-07T10:15:57Z</time>
   </trkpt>
   <trkpt lat="45.7635970" lon="4.7640540">
    <ele>236.4</ele>
    <time>2026-08-07T10:15:58Z</time>
   </trkpt>
   <trkpt lat="45.7635940" lon="4.7640980">
    <ele>236.3</ele>
    <time>2026-08-07T10:15:59Z</time>
   </trkpt>
   <trkpt lat="45.7635830" lon="4.7641520">
    <ele>236.2</ele>
    <time>2026-08-07T10:16:00Z</time>
   </trkpt>
   <trkpt lat="45.7635740" lon="4.7641850">
    <ele>236.2</ele>
    <time>2026-08-07T10:16:01Z</time>
   </trkpt>
   <trkpt lat="45.7635640" lon="4.7642270">
    <ele>236.1</ele>
    <time>2026-08-07T10:16:02Z</time>
   </trkpt>
   <trkpt lat="45.7635690" lon="4.7642630">
    <ele>236.1</ele>
    <time>2026-08-07T10:16:03Z</time>
   </trkpt>
   <trkpt lat="45.7635640" lon="4.7643060">
    <ele>236.0</ele>
    <time>2026-08-07T10:16:04Z</time>
   </trkpt>
   <trkpt lat="45.7635670" lon="4.7643590">
    <ele>235.9</ele>
    <time>2026-08-07T10:16:05Z</time>
   </trkpt>
   <trkpt lat="45.7635600" lon="4.7644010">
    <ele>235.9</ele>
    <time>2026-08-07T10:16:06Z</time>
   </trkpt>
   <trkpt lat="45.7635540" lon="4.7644520">
    <ele>235.8</ele>
    <time>2026-08-07T10:16:07Z</time>
   </trkpt>
   <trkpt lat="45.7635450" lon="4.7644950">
    <ele>235.7</ele>
    <time>2026-08-07T10:16:08Z</time>
   </trkpt>
   <trkpt lat="45.7635380" lon="4.7645380">
    <ele>235.7</ele>
    <time>2026-08-07T10:16:09Z</time>
   </trkpt>
   <trkpt lat="45.7635460" lon="4.7645840">
    <ele>235.6</ele>
    <time>2026-08-07T10:16:10Z</time>
   </trkpt>
   <trkpt lat="45.7635530" lon="4.7646330">
    <ele>235.5</ele>
    <time>2026-08-07T10:16:11Z</time>
   </trkpt>
   <trkpt lat="45.7635580" lon="4.7646750">
    <ele>235.5</ele>
    <time>2026-08-07T10:16:12Z</time>
   </trkpt>
   <trkpt lat="45.7635600" lon="4.7647210">
    <ele>235.4</ele>
    <time>2026-08-07T10:16:13Z</time>
   </trkpt>
   <trkpt lat="45.7635580" lon="4.7647610">
    <ele>235.3</ele>
    <time>2026-08-07T10:16:14Z</time>
   </trkpt>
   <trkpt lat="45.7635560" lon="4.7648120">
    <ele>235.3</ele>
    <time>2026-08-07T10:16:15Z</time>
   </trkpt>
   <trkpt lat="45.7635440" lon="4.7648510">
    <ele>235.2</ele>
    <time>2026-08-07T10:16:16Z</time>
   </trkpt>
   <trkpt lat="45.7635120" lon="4.7648730">
    <ele>235.2</ele>
    <time>2026-08-07T10:16:17Z</time>
   </trkpt>
   <trkpt lat="45.7635100" lon="4.7649180">
    <ele>235.1</ele>
    <time>2026-08-07T10:16:18Z</time>
   </trkpt>
   <trkpt lat="45.7635300" lon="4.7649820">
    <ele>235.0</ele>
    <time>2026-08-07T10:16:19Z</time>
   </trkpt>
   <trkpt lat="45.7635390" lon="4.7650260">
    <ele>235.0</ele>
    <time>2026-08-07T10:16:20Z</time>
   </trkpt>
   <trkpt lat="45.7635070" lon="4.7650660">
    <ele>234.9</ele>
    <time>2026-08-07T10:16:21Z</time>
   </trkpt>
   <trkpt lat="45.7635070" lon="4.7650920">
    <ele>234.8</ele>
    <time>2026-08-07T10:16:22Z</time>
   </trkpt>
   <trkpt lat="45.7635270" lon="4.7651270">
    <ele>234.8</ele>
    <time>2026-08-07T10:16:23Z</time>
   </trkpt>
   <trkpt lat="45.7635200" lon="4.7651770">
    <ele>234.7</ele>
    <time>2026-08-07T10:16:24Z</time>
   </trkpt>
   <trkpt lat="45.7635180" lon="4.7652360">
    <ele>234.6</ele>
    <time>2026-08-07T10:16:25Z</time>
   </trkpt>
   <trkpt lat="45.7634930" lon="4.7652820">
    <ele>234.6</ele>
    <time>2026-08-07T10:16:26Z</time>
   </trkpt>
   <trkpt lat="45.7634890" lon="4.7653380">
    <ele>234.5</ele>
    <time>2026-08-07T10:16:27Z</time>
   </trkpt>
   <trkpt lat="45.7634970" lon="4.7654150">
    <ele>234.4</ele>
    <time>2026-08-07T10:16:28Z</time>
   </trkpt>
   <trkpt lat="45.7634810" lon="4.7654700">
    <ele>234.3</ele>
    <time>2026-08-07T10:16:29Z</time>
   </trkpt>
   <trkpt lat="45.7634600" lon="4.7655160">
    <ele>234.3</ele>
    <time>2026-08-07T10:16:30Z</time>
   </trkpt>
   <trkpt lat="45.7634500" lon="4.7655500">
    <ele>234.2</ele>
    <time>2026-08-07T10:16:31Z</time>
   </trkpt>
   <trkpt lat="45.7634440" lon="4.7656060">
    <ele>234.2</ele>
    <time>2026-08-07T10:16:32Z</time>
   </trkpt>
   <trkpt lat="45.7634440" lon="4.7656380">
    <ele>234.1</ele>
    <time>2026-08-07T10:16:33Z</time>
   </trkpt>
   <trkpt lat="45.7634470" lon="4.7656860">
    <ele>234.1</ele>
    <time>2026-08-07T10:16:34Z</time>
   </trkpt>
   <trkpt lat="45.7634500" lon="4.7657280">
    <ele>234.0</ele>
    <time>2026-08-07T10:16:35Z</time>
   </trkpt>
   <trkpt lat="45.7634540" lon="4.7657750">
    <ele>234.0</ele>
    <time>2026-08-07T10:16:36Z</time>
   </trkpt>
   <trkpt lat="45.7634690" lon="4.7658260">
    <ele>233.9</ele>
    <time>2026-08-07T10:16:37Z</time>
   </trkpt>
   <trkpt lat="45.7634530" lon="4.7658740">
    <ele>233.8</ele>
    <time>2026-08-07T10:16:38Z</time>
   </trkpt>
   <trkpt lat="45.7634320" lon="4.7659100">
    <ele>233.8</ele>
    <time>2026-08-07T10:16:39Z</time>
   </trkpt>
   <trkpt lat="45.7634240" lon="4.7659600">
    <ele>233.7</ele>
    <time>2026-08-07T10:16:40Z</time>
   </trkpt>
   <trkpt lat="45.7634210" lon="4.7660010">
    <ele>233.6</ele>
    <time>2026-08-07T10:16:41Z</time>
   </trkpt>
   <trkpt lat="45.7634200" lon="4.7660520">
    <ele>233.5</ele>
    <time>2026-08-07T10:16:42Z</time>
   </trkpt>
   <trkpt lat="45.7634230" lon="4.7660870">
    <ele>233.4</ele>
    <time>2026-08-07T10:16:43Z</time>
   </trkpt>
   <trkpt lat="45.7634330" lon="4.7661410">
    <ele>233.3</ele>
    <time>2026-08-07T10:16:44Z</time>
   </trkpt>
   <trkpt lat="45.7634360" lon="4.7661820">
    <ele>233.2</ele>
    <time>2026-08-07T10:16:45Z</time>
   </trkpt>
   <trkpt lat="45.7634370" lon="4.7662380">
    <ele>233.1</ele>
    <time>2026-08-07T10:16:46Z</time>
   </trkpt>
   <trkpt lat="45.7634460" lon="4.7662780">
    <ele>233.0</ele>
    <time>2026-08-07T10:16:47Z</time>
   </trkpt>
   <trkpt lat="45.7634470" lon="4.7663280">
    <ele>232.9</ele>
    <time>2026-08-07T10:16:48Z</time>
   </trkpt>
   <trkpt lat="45.7634590" lon="4.7663720">
    <ele>232.8</ele>
    <time>2026-08-07T10:16:49Z</time>
   </trkpt>
   <trkpt lat="45.7634670" lon="4.7664250">
    <ele>232.7</ele>
    <time>2026-08-07T10:16:50Z</time>
   </trkpt>
   <trkpt lat="45.7634770" lon="4.7664640">
    <ele>232.6</ele>
    <time>2026-08-07T10:16:51Z</time>
   </trkpt>
   <trkpt lat="45.7634720" lon="4.7665260">
    <ele>232.4</ele>
    <time>2026-08-07T10:16:52Z</time>
   </trkpt>
   <trkpt lat="45.7634790" lon="4.7665700">
    <ele>232.3</ele>
    <time>2026-08-07T10:16:53Z</time>
   </trkpt>
   <trkpt lat="45.7634720" lon="4.7666170">
    <ele>232.2</ele>
    <time>2026-08-07T10:16:54Z</time>
   </trkpt>
   <trkpt lat="45.7634820" lon="4.7666480">
    <ele>232.2</ele>
    <time>2026-08-07T10:16:55Z</time>
   </trkpt>
   <trkpt lat="45.7634760" lon="4.7666910">
    <ele>232.1</ele>
    <time>2026-08-07T10:16:56Z</time>
   </trkpt>
   <trkpt lat="45.7634680" lon="4.7667340">
    <ele>231.9</ele>
    <time>2026-08-07T10:16:57Z</time>
   </trkpt>
   <trkpt lat="45.7634700" lon="4.7667860">
    <ele>231.6</ele>
    <time>2026-08-07T10:16:58Z</time>
   </trkpt>
   <trkpt lat="45.7634570" lon="4.7668350">
    <ele>231.4</ele>
    <time>2026-08-07T10:16:59Z</time>
   </trkpt>
   <trkpt lat="45.7634550" lon="4.7668890">
    <ele>231.2</ele>
    <time>2026-08-07T10:17:00Z</time>
   </trkpt>
   <trkpt lat="45.7634640" lon="4.7669340">
    <ele>230.9</ele>
    <time>2026-08-07T10:17:01Z</time>
   </trkpt>
   <trkpt lat="45.7634780" lon="4.7669800">
    <ele>230.7</ele>
    <time>2026-08-07T10:17:02Z</time>
   </trkpt>
   <trkpt lat="45.7634830" lon="4.7670290">
    <ele>230.5</ele>
    <time>2026-08-07T10:17:03Z</time>
   </trkpt>
   <trkpt lat="45.7634890" lon="4.7670770">
    <ele>230.3</ele>
    <time>2026-08-07T10:17:04Z</time>
   </trkpt>
   <trkpt lat="45.7635030" lon="4.7671290">
    <ele>230.0</ele>
    <time>2026-08-07T10:17:05Z</time>
   </trkpt>
   <trkpt lat="45.7634690" lon="4.7671840">
    <ele>229.6</ele>
    <time>2026-08-07T10:17:06Z</time>
   </trkpt>
   <trkpt lat="45.7634700" lon="4.7672340">
    <ele>229.4</ele>
    <time>2026-08-07T10:17:07Z</time>
   </trkpt>
   <trkpt lat="45.7634760" lon="4.7672740">
    <ele>229.2</ele>
    <time>2026-08-07T10:17:08Z</time>
   </trkpt>
   <trkpt lat="45.7634890" lon="4.7673250">
    <ele>229.0</ele>
    <time>2026-08-07T10:17:09Z</time>
   </trkpt>
   <trkpt lat="45.7634830" lon="4.7673720">
    <ele>228.7</ele>
    <time>2026-08-07T10:17:10Z</time>
   </trkpt>
   <trkpt lat="45.7634900" lon="4.7674240">
    <ele>228.5</ele>
    <time>2026-08-07T10:17:11Z</time>
   </trkpt>
   <trkpt lat="45.7634980" lon="4.7674750">
    <ele>228.2</ele>
    <time>2026-08-07T10:17:12Z</time>
   </trkpt>
   <trkpt lat="45.7635010" lon="4.7675190">
    <ele>228.0</ele>
    <time>2026-08-07T10:17:13Z</time>
   </trkpt>
   <trkpt lat="45.7635010" lon="4.7675630">
    <ele>227.8</ele>
    <time>2026-08-07T10:17:14Z</time>
   </trkpt>
   <trkpt lat="45.7634980" lon="4.7676090">
    <ele>227.6</ele>
    <time>2026-08-07T10:17:15Z</time>
   </trkpt>
   <trkpt lat="45.7634980" lon="4.7676580">
    <ele>227.4</ele>
    <time>2026-08-07T10:17:16Z</time>
   </trkpt>
   <trkpt lat="45.7634980" lon="4.7677010">
    <ele>227.1</ele>
    <time>2026-08-07T10:17:17Z</time>
   </trkpt>
   <trkpt lat="45.7634930" lon="4.7677450">
    <ele>226.9</ele>
    <time>2026-08-07T10:17:18Z</time>
   </trkpt>
   <trkpt lat="45.7634830" lon="4.7677840">
    <ele>226.7</ele>
    <time>2026-08-07T10:17:19Z</time>
   </trkpt>
   <trkpt lat="45.7634760" lon="4.7678230">
    <ele>226.5</ele>
    <time>2026-08-07T10:17:20Z</time>
   </trkpt>
   <trkpt lat="45.7634770" lon="4.7678660">
    <ele>226.3</ele>
    <time>2026-08-07T10:17:21Z</time>
   </trkpt>
   <trkpt lat="45.7634840" lon="4.7679190">
    <ele>226.1</ele>
    <time>2026-08-07T10:17:22Z</time>
   </trkpt>
   <trkpt lat="45.7634810" lon="4.7679730">
    <ele>226.0</ele>
    <time>2026-08-07T10:17:23Z</time>
   </trkpt>
   <trkpt lat="45.7634830" lon="4.7680160">
    <ele>225.9</ele>
    <time>2026-08-07T10:17:24Z</time>
   </trkpt>
   <trkpt lat="45.7634800" lon="4.7680490">
    <ele>225.9</ele>
    <time>2026-08-07T10:17:25Z</time>
   </trkpt>
   <trkpt lat="45.7634900" lon="4.7680840">
    <ele>225.8</ele>
    <time>2026-08-07T10:17:26Z</time>
   </trkpt>
   <trkpt lat="45.7634980" lon="4.7681200">
    <ele>225.8</ele>
    <time>2026-08-07T10:17:27Z</time>
   </trkpt>
   <trkpt lat="45.7635100" lon="4.7681690">
    <ele>225.6</ele>
    <time>2026-08-07T10:17:28Z</time>
   </trkpt>
   <trkpt lat="45.7635150" lon="4.7682140">
    <ele>225.4</ele>
    <time>2026-08-07T10:17:29Z</time>
   </trkpt>
   <trkpt lat="45.7635190" lon="4.7682550">
    <ele>225.2</ele>
    <time>2026-08-07T10:17:30Z</time>
   </trkpt>
   <trkpt lat="45.7635220" lon="4.7682890">
    <ele>225.1</ele>
    <time>2026-08-07T10:17:31Z</time>
   </trkpt>
   <trkpt lat="45.7635120" lon="4.7683380">
    <ele>224.9</ele>
    <time>2026-08-07T10:17:32Z</time>
   </trkpt>
   <trkpt lat="45.7635250" lon="4.7683770">
    <ele>224.7</ele>
    <time>2026-08-07T10:17:33Z</time>
   </trkpt>
   <trkpt lat="45.7635360" lon="4.7684150">
    <ele>224.5</ele>
    <time>2026-08-07T10:17:34Z</time>
   </trkpt>
   <trkpt lat="45.7635510" lon="4.7684530">
    <ele>224.4</ele>
    <time>2026-08-07T10:17:35Z</time>
   </trkpt>
   <trkpt lat="45.7635700" lon="4.7684920">
    <ele>224.2</ele>
    <time>2026-08-07T10:17:36Z</time>
   </trkpt>
   <trkpt lat="45.7635800" lon="4.7685340">
    <ele>224.0</ele>
    <time>2026-08-07T10:17:37Z</time>
   </trkpt>
   <trkpt lat="45.7635910" lon="4.7685700">
    <ele>223.9</ele>
    <time>2026-08-07T10:17:38Z</time>
   </trkpt>
   <trkpt lat="45.7636020" lon="4.7686140">
    <ele>223.7</ele>
    <time>2026-08-07T10:17:39Z</time>
   </trkpt>
   <trkpt lat="45.7636160" lon="4.7686530">
    <ele>223.6</ele>
    <time>2026-08-07T10:17:40Z</time>
   </trkpt>
   <trkpt lat="45.7636250" lon="4.7686850">
    <ele>223.4</ele>
    <time>2026-08-07T10:17:41Z</time>
   </trkpt>
   <trkpt lat="45.7636460" lon="4.7687180">
    <ele>223.3</ele>
    <time>2026-08-07T10:17:42Z</time>
   </trkpt>
   <trkpt lat="45.7636690" lon="4.7687480">
    <ele>223.1</ele>
    <time>2026-08-07T10:17:43Z</time>
   </trkpt>
   <trkpt lat="45.7636740" lon="4.7687920">
    <ele>223.0</ele>
    <time>2026-08-07T10:17:44Z</time>
   </trkpt>
   <trkpt lat="45.7636830" lon="4.7688340">
    <ele>222.8</ele>
    <time>2026-08-07T10:17:45Z</time>
   </trkpt>
   <trkpt lat="45.7637010" lon="4.7688740">
    <ele>222.8</ele>
    <time>2026-08-07T10:17:46Z</time>
   </trkpt>
   <trkpt lat="45.7637210" lon="4.7689120">
    <ele>222.7</ele>
    <time>2026-08-07T10:17:47Z</time>
   </trkpt>
   <trkpt lat="45.7637390" lon="4.7689420">
    <ele>222.5</ele>
    <time>2026-08-07T10:17:48Z</time>
   </trkpt>
   <trkpt lat="45.7637700" lon="4.7689790">
    <ele>222.3</ele>
    <time>2026-08-07T10:17:49Z</time>
   </trkpt>
   <trkpt lat="45.7637880" lon="4.7690110">
    <ele>222.1</ele>
    <time>2026-08-07T10:17:50Z</time>
   </trkpt>
   <trkpt lat="45.7638090" lon="4.7690380">
    <ele>221.9</ele>
    <time>2026-08-07T10:17:51Z</time>
   </trkpt>
   <trkpt lat="45.7638340" lon="4.7690840">
    <ele>221.7</ele>
    <time>2026-08-07T10:17:52Z</time>
   </trkpt>
   <trkpt lat="45.7638480" lon="4.7691260">
    <ele>221.5</ele>
    <time>2026-08-07T10:17:53Z</time>
   </trkpt>
   <trkpt lat="45.7638610" lon="4.7691670">
    <ele>221.3</ele>
    <time>2026-08-07T10:17:54Z</time>
   </trkpt>
   <trkpt lat="45.7638750" lon="4.7692110">
    <ele>221.1</ele>
    <time>2026-08-07T10:17:55Z</time>
   </trkpt>
   <trkpt lat="45.7638860" lon="4.7692560">
    <ele>221.0</ele>
    <time>2026-08-07T10:17:56Z</time>
   </trkpt>
   <trkpt lat="45.7638860" lon="4.7693030">
    <ele>220.8</ele>
    <time>2026-08-07T10:17:57Z</time>
   </trkpt>
   <trkpt lat="45.7638910" lon="4.7693380">
    <ele>220.7</ele>
    <time>2026-08-07T10:17:58Z</time>
   </trkpt>
   <trkpt lat="45.7638980" lon="4.7693820">
    <ele>220.6</ele>
    <time>2026-08-07T10:17:59Z</time>
   </trkpt>
   <trkpt lat="45.7639080" lon="4.7694300">
    <ele>220.5</ele>
    <time>2026-08-07T10:18:00Z</time>
   </trkpt>
   <trkpt lat="45.7639160" lon="4.7694730">
    <ele>220.4</ele>
    <time>2026-08-07T10:18:01Z</time>
   </trkpt>
   <trkpt lat="45.7639110" lon="4.7695260">
    <ele>220.4</ele>
    <time>2026-08-07T10:18:02Z</time>
   </trkpt>
   <trkpt lat="45.7639090" lon="4.7695600">
    <ele>220.4</ele>
    <time>2026-08-07T10:18:03Z</time>
   </trkpt>
   <trkpt lat="45.7639100" lon="4.7696080">
    <ele>220.4</ele>
    <time>2026-08-07T10:18:04Z</time>
   </trkpt>
   <trkpt lat="45.7639170" lon="4.7696510">
    <ele>220.4</ele>
    <time>2026-08-07T10:18:05Z</time>
   </trkpt>
   <trkpt lat="45.7639140" lon="4.7696960">
    <ele>220.4</ele>
    <time>2026-08-07T10:18:06Z</time>
   </trkpt>
   <trkpt lat="45.7639120" lon="4.7697530">
    <ele>220.5</ele>
    <time>2026-08-07T10:18:07Z</time>
   </trkpt>
   <trkpt lat="45.7639090" lon="4.7697950">
    <ele>220.6</ele>
    <time>2026-08-07T10:18:08Z</time>
   </trkpt>
   <trkpt lat="45.7639110" lon="4.7698470">
    <ele>220.6</ele>
    <time>2026-08-07T10:18:09Z</time>
   </trkpt>
   <trkpt lat="45.7639140" lon="4.7698850">
    <ele>220.7</ele>
    <time>2026-08-07T10:18:10Z</time>
   </trkpt>
   <trkpt lat="45.7639120" lon="4.7699300">
    <ele>220.8</ele>
    <time>2026-08-07T10:18:11Z</time>
   </trkpt>
   <trkpt lat="45.7639120" lon="4.7699740">
    <ele>220.9</ele>
    <time>2026-08-07T10:18:12Z</time>
   </trkpt>
   <trkpt lat="45.7639140" lon="4.7700150">
    <ele>221.0</ele>
    <time>2026-08-07T10:18:13Z</time>
   </trkpt>
   <trkpt lat="45.7639110" lon="4.7700550">
    <ele>221.1</ele>
    <time>2026-08-07T10:18:14Z</time>
   </trkpt>
   <trkpt lat="45.7639070" lon="4.7701000">
    <ele>221.2</ele>
    <time>2026-08-07T10:18:15Z</time>
   </trkpt>
   <trkpt lat="45.7639000" lon="4.7701540">
    <ele>221.4</ele>
    <time>2026-08-07T10:18:16Z</time>
   </trkpt>
   <trkpt lat="45.7638990" lon="4.7701960">
    <ele>221.5</ele>
    <time>2026-08-07T10:18:17Z</time>
   </trkpt>
   <trkpt lat="45.7638930" lon="4.7702420">
    <ele>221.6</ele>
    <time>2026-08-07T10:18:18Z</time>
   </trkpt>
   <trkpt lat="45.7638850" lon="4.7702900">
    <ele>221.8</ele>
    <time>2026-08-07T10:18:19Z</time>
   </trkpt>
   <trkpt lat="45.7638810" lon="4.7703330">
    <ele>221.9</ele>
    <time>2026-08-07T10:18:20Z</time>
   </trkpt>
   <trkpt lat="45.7638700" lon="4.7703850">
    <ele>222.1</ele>
    <time>2026-08-07T10:18:21Z</time>
   </trkpt>
   <trkpt lat="45.7638700" lon="4.7704280">
    <ele>222.2</ele>
    <time>2026-08-07T10:18:22Z</time>
   </trkpt>
   <trkpt lat="45.7638680" lon="4.7704780">
    <ele>222.4</ele>
    <time>2026-08-07T10:18:23Z</time>
   </trkpt>
   <trkpt lat="45.7638660" lon="4.7705350">
    <ele>222.6</ele>
    <time>2026-08-07T10:18:24Z</time>
   </trkpt>
   <trkpt lat="45.7638600" lon="4.7705770">
    <ele>222.8</ele>
    <time>2026-08-07T10:18:25Z</time>
   </trkpt>
   <trkpt lat="45.7638490" lon="4.7706290">
    <ele>223.0</ele>
    <time>2026-08-07T10:18:26Z</time>
   </trkpt>
   <trkpt lat="45.7638440" lon="4.7706750">
    <ele>223.1</ele>
    <time>2026-08-07T10:18:27Z</time>
   </trkpt>
   <trkpt lat="45.7638400" lon="4.7707230">
    <ele>223.3</ele>
    <time>2026-08-07T10:18:28Z</time>
   </trkpt>
   <trkpt lat="45.7638330" lon="4.7707810">
    <ele>223.5</ele>
    <time>2026-08-07T10:18:29Z</time>
   </trkpt>
   <trkpt lat="45.7638270" lon="4.7708230">
    <ele>223.7</ele>
    <time>2026-08-07T10:18:30Z</time>
   </trkpt>
   <trkpt lat="45.7638180" lon="4.7708660">
    <ele>223.8</ele>
    <time>2026-08-07T10:18:31Z</time>
   </trkpt>
   <trkpt lat="45.7638110" lon="4.7709100">
    <ele>224.0</ele>
    <time>2026-08-07T10:18:32Z</time>
   </trkpt>
   <trkpt lat="45.7638070" lon="4.7709470">
    <ele>224.1</ele>
    <time>2026-08-07T10:18:33Z</time>
   </trkpt>
   <trkpt lat="45.7638000" lon="4.7709950">
    <ele>224.3</ele>
    <time>2026-08-07T10:18:34Z</time>
   </trkpt>
   <trkpt lat="45.7637960" lon="4.7710380">
    <ele>224.4</ele>
    <time>2026-08-07T10:18:35Z</time>
   </trkpt>
   <trkpt lat="45.7637870" lon="4.7710900">
    <ele>224.6</ele>
    <time>2026-08-07T10:18:36Z</time>
   </trkpt>
   <trkpt lat="45.7637850" lon="4.7711360">
    <ele>224.7</ele>
    <time>2026-08-07T10:18:37Z</time>
   </trkpt>
   <trkpt lat="45.7637700" lon="4.7711850">
    <ele>224.9</ele>
    <time>2026-08-07T10:18:38Z</time>
   </trkpt>
   <trkpt lat="45.7637680" lon="4.7712170">
    <ele>224.9</ele>
    <time>2026-08-07T10:18:39Z</time>
   </trkpt>
   <trkpt lat="45.7637590" lon="4.7712650">
    <ele>225.1</ele>
    <time>2026-08-07T10:18:40Z</time>
   </trkpt>
   <trkpt lat="45.7637520" lon="4.7713070">
    <ele>225.1</ele>
    <time>2026-08-07T10:18:41Z</time>
   </trkpt>
   <trkpt lat="45.7637470" lon="4.7713560">
    <ele>225.2</ele>
    <time>2026-08-07T10:18:42Z</time>
   </trkpt>
   <trkpt lat="45.7637390" lon="4.7714020">
    <ele>225.3</ele>
    <time>2026-08-07T10:18:43Z</time>
   </trkpt>
   <trkpt lat="45.7637360" lon="4.7714410">
    <ele>225.3</ele>
    <time>2026-08-07T10:18:44Z</time>
   </trkpt>
   <trkpt lat="45.7637310" lon="4.7714840">
    <ele>225.4</ele>
    <time>2026-08-07T10:18:45Z</time>
   </trkpt>
   <trkpt lat="45.7637270" lon="4.7715320">
    <ele>225.4</ele>
    <time>2026-08-07T10:18:46Z</time>
   </trkpt>
   <trkpt lat="45.7637240" lon="4.7715640">
    <ele>225.4</ele>
    <time>2026-08-07T10:18:47Z</time>
   </trkpt>
   <trkpt lat="45.7637120" lon="4.7715970">
    <ele>225.4</ele>
    <time>2026-08-07T10:18:48Z</time>
   </trkpt>
   <trkpt lat="45.7637060" lon="4.7716300">
    <ele>225.4</ele>
    <time>2026-08-07T10:18:49Z</time>
   </trkpt>
   <trkpt lat="45.7637030" lon="4.7716800">
    <ele>225.4</ele>
    <time>2026-08-07T10:18:50Z</time>
   </trkpt>
   <trkpt lat="45.7636970" lon="4.7717230">
    <ele>225.4</ele>
    <time>2026-08-07T10:18:51Z</time>
   </trkpt>
   <trkpt lat="45.7636980" lon="4.7717670">
    <ele>225.4</ele>
    <time>2026-08-07T10:18:52Z</time>
   </trkpt>
   <trkpt lat="45.7636880" lon="4.7718160">
    <ele>225.4</ele>
    <time>2026-08-07T10:18:53Z</time>
   </trkpt>
   <trkpt lat="45.7636800" lon="4.7718550">
    <ele>225.4</ele>
    <time>2026-08-07T10:18:54Z</time>
   </trkpt>
   <trkpt lat="45.7636680" lon="4.7718980">
    <ele>225.3</ele>
    <time>2026-08-07T10:18:55Z</time>
   </trkpt>
   <trkpt lat="45.7636610" lon="4.7719440">
    <ele>225.3</ele>
    <time>2026-08-07T10:18:56Z</time>
   </trkpt>
   <trkpt lat="45.7636480" lon="4.7719930">
    <ele>225.2</ele>
    <time>2026-08-07T10:18:57Z</time>
   </trkpt>
   <trkpt lat="45.7636450" lon="4.7720410">
    <ele>225.1</ele>
    <time>2026-08-07T10:18:58Z</time>
   </trkpt>
   <trkpt lat="45.7636330" lon="4.7720970">
    <ele>225.0</ele>
    <time>2026-08-07T10:18:59Z</time>
   </trkpt>
   <trkpt lat="45.7636290" lon="4.7721470">
    <ele>224.9</ele>
    <time>2026-08-07T10:19:00Z</time>
   </trkpt>
   <trkpt lat="45.7636230" lon="4.7722090">
    <ele>224.8</ele>
    <time>2026-08-07T10:19:01Z</time>
   </trkpt>
   <trkpt lat="45.7636170" lon="4.7722600">
    <ele>224.6</ele>
    <time>2026-08-07T10:19:02Z</time>
   </trkpt>
   <trkpt lat="45.7636160" lon="4.7722980">
    <ele>224.5</ele>
    <time>2026-08-07T10:19:03Z</time>
   </trkpt>
   <trkpt lat="45.7636150" lon="4.7723420">
    <ele>224.4</ele>
    <time>2026-08-07T10:19:04Z</time>
   </trkpt>
   <trkpt lat="45.7636070" lon="4.7723850">
    <ele>224.2</ele>
    <time>2026-08-07T10:19:05Z</time>
   </trkpt>
   <trkpt lat="45.7636030" lon="4.7724340">
    <ele>223.9</ele>
    <time>2026-08-07T10:19:06Z</time>
   </trkpt>
   <trkpt lat="45.7635950" lon="4.7724800">
    <ele>223.7</ele>
    <time>2026-08-07T10:19:07Z</time>
   </trkpt>
   <trkpt lat="45.7635880" lon="4.7725280">
    <ele>223.4</ele>
    <time>2026-08-07T10:19:08Z</time>
   </trkpt>
   <trkpt lat="45.7635950" lon="4.7725780">
    <ele>223.1</ele>
    <time>2026-08-07T10:19:09Z</time>
   </trkpt>
   <trkpt lat="45.7635880" lon="4.7726280">
    <ele>222.8</ele>
    <time>2026-08-07T10:19:10Z</time>
   </trkpt>
   <trkpt lat="45.7635920" lon="4.7726820">
    <ele>222.5</ele>
    <time>2026-08-07T10:19:11Z</time>
   </trkpt>
   <trkpt lat="45.7635850" lon="4.7727360">
    <ele>222.2</ele>
    <time>2026-08-07T10:19:12Z</time>
   </trkpt>
   <trkpt lat="45.7635840" lon="4.7727860">
    <ele>221.9</ele>
    <time>2026-08-07T10:19:13Z</time>
   </trkpt>
   <trkpt lat="45.7635790" lon="4.7728300">
    <ele>221.7</ele>
    <time>2026-08-07T10:19:14Z</time>
   </trkpt>
   <trkpt lat="45.7635730" lon="4.7728800">
    <ele>221.5</ele>
    <time>2026-08-07T10:19:15Z</time>
   </trkpt>
   <trkpt lat="45.7635720" lon="4.7729320">
    <ele>221.3</ele>
    <time>2026-08-07T10:19:16Z</time>
   </trkpt>
   <trkpt lat="45.7635610" lon="4.7729800">
    <ele>221.1</ele>
    <time>2026-08-07T10:19:17Z</time>
   </trkpt>
   <trkpt lat="45.7635720" lon="4.7730280">
    <ele>221.0</ele>
    <time>2026-08-07T10:19:18Z</time>
   </trkpt>
   <trkpt lat="45.7635760" lon="4.7730810">
    <ele>220.8</ele>
    <time>2026-08-07T10:19:19Z</time>
   </trkpt>
   <trkpt lat="45.7635770" lon="4.7731240">
    <ele>220.7</ele>
    <time>2026-08-07T10:19:20Z</time>
   </trkpt>
   <trkpt lat="45.7635730" lon="4.7731720">
    <ele>220.5</ele>
    <time>2026-08-07T10:19:21Z</time>
   </trkpt>
   <trkpt lat="45.7635680" lon="4.7732210">
    <ele>220.4</ele>
    <time>2026-08-07T10:19:22Z</time>
   </trkpt>
   <trkpt lat="45.7635560" lon="4.7732640">
    <ele>220.4</ele>
    <time>2026-08-07T10:19:23Z</time>
   </trkpt>
   <trkpt lat="45.7635390" lon="4.7732980">
    <ele>220.4</ele>
    <time>2026-08-07T10:19:24Z</time>
   </trkpt>
   <trkpt lat="45.7635220" lon="4.7733390">
    <ele>220.3</ele>
    <time>2026-08-07T10:19:25Z</time>
   </trkpt>
   <trkpt lat="45.7635170" lon="4.7733820">
    <ele>220.3</ele>
    <time>2026-08-07T10:19:26Z</time>
   </trkpt>
   <trkpt lat="45.7635170" lon="4.7734250">
    <ele>220.3</ele>
    <time>2026-08-07T10:19:27Z</time>
   </trkpt>
   <trkpt lat="45.7635180" lon="4.7734610">
    <ele>220.3</ele>
    <time>2026-08-07T10:19:28Z</time>
   </trkpt>
   <trkpt lat="45.7635000" lon="4.7734880">
    <ele>220.3</ele>
    <time>2026-08-07T10:19:29Z</time>
   </trkpt>
   <trkpt lat="45.7634930" lon="4.7735040">
    <ele>220.3</ele>
    <time>2026-08-07T10:19:30Z</time>
   </trkpt>
   <trkpt lat="45.7634940" lon="4.7735050">
    <ele>220.3</ele>
    <time>2026-08-07T10:19:31Z</time>
   </trkpt>
   <trkpt lat="45.7635000" lon="4.7735180">
    <ele>220.3</ele>
    <time>2026-08-07T10:19:32Z</time>
   </trkpt>
   <trkpt lat="45.7634930" lon="4.7735730">
    <ele>220.2</ele>
    <time>2026-08-07T10:19:33Z</time>
   </trkpt>
   <trkpt lat="45.7634890" lon="4.7736310">
    <ele>220.2</ele>
    <time>2026-08-07T10:19:34Z</time>
   </trkpt>
   <trkpt lat="45.7634890" lon="4.7736730">
    <ele>220.2</ele>
    <time>2026-08-07T10:19:35Z</time>
   </trkpt>
   <trkpt lat="45.7634910" lon="4.7737190">
    <ele>220.2</ele>
    <time>2026-08-07T10:19:36Z</time>
   </trkpt>
   <trkpt lat="45.7634960" lon="4.7737540">
    <ele>220.2</ele>
    <time>2026-08-07T10:19:37Z</time>
   </trkpt>
   <trkpt lat="45.7635210" lon="4.7737830">
    <ele>220.2</ele>
    <time>2026-08-07T10:19:38Z</time>
   </trkpt>
   <trkpt lat="45.7635420" lon="4.7738040">
    <ele>220.1</ele>
    <time>2026-08-07T10:19:39Z</time>
   </trkpt>
   <trkpt lat="45.7635520" lon="4.7738410">
    <ele>220.1</ele>
    <time>2026-08-07T10:19:40Z</time>
   </trkpt>
   <trkpt lat="45.7635520" lon="4.7738860">
    <ele>220.1</ele>
    <time>2026-08-07T10:19:41Z</time>
   </trkpt>
   <trkpt lat="45.7635640" lon="4.7739330">
    <ele>220.1</ele>
    <time>2026-08-07T10:19:42Z</time>
   </trkpt>
   <trkpt lat="45.7635700" lon="4.7739750">
    <ele>220.1</ele>
    <time>2026-08-07T10:19:43Z</time>
   </trkpt>
   <trkpt lat="45.7635750" lon="4.7740260">
    <ele>220.0</ele>
    <time>2026-08-07T10:19:44Z</time>
   </trkpt>
   <trkpt lat="45.7635770" lon="4.7740720">
    <ele>220.0</ele>
    <time>2026-08-07T10:19:45Z</time>
   </trkpt>
   <trkpt lat="45.7635710" lon="4.7741150">
    <ele>220.0</ele>
    <time>2026-08-07T10:19:46Z</time>
   </trkpt>
   <trkpt lat="45.7635700" lon="4.7741630">
    <ele>220.0</ele>
    <time>2026-08-07T10:19:47Z</time>
   </trkpt>
   <trkpt lat="45.7635820" lon="4.7742060">
    <ele>220.0</ele>
    <time>2026-08-07T10:19:48Z</time>
   </trkpt>
   <trkpt lat="45.7636000" lon="4.7742490">
    <ele>220.0</ele>
    <time>2026-08-07T10:19:49Z</time>
   </trkpt>
   <trkpt lat="45.7636040" lon="4.7742810">
    <ele>220.0</ele>
    <time>2026-08-07T10:19:50Z</time>
   </trkpt>
   <trkpt lat="45.7636100" lon="4.7743270">
    <ele>220.0</ele>
    <time>2026-08-07T10:19:51Z</time>
   </trkpt>
   <trkpt lat="45.7636080" lon="4.7743790">
    <ele>220.0</ele>
    <time>2026-08-07T10:19:52Z</time>
   </trkpt>
   <trkpt lat="45.7636040" lon="4.7744260">
    <ele>220.0</ele>
    <time>2026-08-07T10:19:53Z</time>
   </trkpt>
   <trkpt lat="45.7636000" lon="4.7744770">
    <ele>220.1</ele>
    <time>2026-08-07T10:19:54Z</time>
   </trkpt>
   <trkpt lat="45.7635980" lon="4.7745140">
    <ele>220.1</ele>
    <time>2026-08-07T10:19:55Z</time>
   </trkpt>
   <trkpt lat="45.7635870" lon="4.7745620">
    <ele>220.1</ele>
    <time>2026-08-07T10:19:56Z</time>
   </trkpt>
   <trkpt lat="45.7635860" lon="4.7746110">
    <ele>220.1</ele>
    <time>2026-08-07T10:19:57Z</time>
   </trkpt>
   <trkpt lat="45.7636000" lon="4.7746450">
    <ele>220.1</ele>
    <time>2026-08-07T10:19:58Z</time>
   </trkpt>
   <trkpt lat="45.7636060" lon="4.7746820">
    <ele>220.1</ele>
    <time>2026-08-07T10:19:59Z</time>
   </trkpt>
   <trkpt lat="45.7636070" lon="4.7747140">
    <ele>220.1</ele>
    <time>2026-08-07T10:20:00Z</time>
   </trkpt>
   <trkpt lat="45.7636090" lon="4.7747610">
    <ele>220.2</ele>
    <time>2026-08-07T10:20:01Z</time>
   </trkpt>
   <trkpt lat="45.7636050" lon="4.7748060">
    <ele>220.2</ele>
    <time>2026-08-07T10:20:02Z</time>
   </trkpt>
   <trkpt lat="45.7636100" lon="4.7748520">
    <ele>220.2</ele>
    <time>2026-08-07T10:20:03Z</time>
   </trkpt>
   <trkpt lat="45.7636120" lon="4.7749030">
    <ele>220.2</ele>
    <time>2026-08-07T10:20:04Z</time>
   </trkpt>
   <trkpt lat="45.7636230" lon="4.7749480">
    <ele>220.3</ele>
    <time>2026-08-07T10:20:05Z</time>
   </trkpt>
   <trkpt lat="45.7636330" lon="4.7749900">
    <ele>220.3</ele>
    <time>2026-08-07T10:20:06Z</time>
   </trkpt>
   <trkpt lat="45.7636390" lon="4.7750370">
    <ele>220.3</ele>
    <time>2026-08-07T10:20:07Z</time>
   </trkpt>
   <trkpt lat="45.7636440" lon="4.7750780">
    <ele>220.3</ele>
    <time>2026-08-07T10:20:08Z</time>
   </trkpt>
   <trkpt lat="45.7636450" lon="4.7751280">
    <ele>220.3</ele>
    <time>2026-08-07T10:20:09Z</time>
   </trkpt>
   <trkpt lat="45.7636510" lon="4.7751670">
    <ele>220.4</ele>
    <time>2026-08-07T10:20:10Z</time>
   </trkpt>
   <trkpt lat="45.7636520" lon="4.7752140">
    <ele>220.4</ele>
    <time>2026-08-07T10:20:11Z</time>
   </trkpt>
   <trkpt lat="45.7636470" lon="4.7752630">
    <ele>220.4</ele>
    <time>2026-08-07T10:20:12Z</time>
   </trkpt>
   <trkpt lat="45.7636430" lon="4.7753060">
    <ele>220.4</ele>
    <time>2026-08-07T10:20:13Z</time>
   </trkpt>
   <trkpt lat="45.7636480" lon="4.7753490">
    <ele>220.4</ele>
    <time>2026-08-07T10:20:14Z</time>
   </trkpt>
   <trkpt lat="45.7636530" lon="4.7753880">
    <ele>220.4</ele>
    <time>2026-08-07T10:20:15Z</time>
   </trkpt>
   <trkpt lat="45.7636590" lon="4.7754200">
    <ele>220.4</ele>
    <time>2026-08-07T10:20:16Z</time>
   </trkpt>
   <trkpt lat="45.7636590" lon="4.7754550">
    <ele>220.5</ele>
    <time>2026-08-07T10:20:17Z</time>
   </trkpt>
   <trkpt lat="45.7636560" lon="4.7755070">
    <ele>220.5</ele>
    <time>2026-08-07T10:20:18Z</time>
   </trkpt>
   <trkpt lat="45.7636550" lon="4.7755490">
    <ele>220.5</ele>
    <time>2026-08-07T10:20:19Z</time>
   </trkpt>
   <trkpt lat="45.7636740" lon="4.7755850">
    <ele>220.5</ele>
    <time>2026-08-07T10:20:20Z</time>
   </trkpt>
   <trkpt lat="45.7636770" lon="4.7756220">
    <ele>220.5</ele>
    <time>2026-08-07T10:20:21Z</time>
   </trkpt>
   <trkpt lat="45.7636700" lon="4.7756620">
    <ele>220.5</ele>
    <time>2026-08-07T10:20:22Z</time>
   </trkpt>
   <trkpt lat="45.7636690" lon="4.7756940">
    <ele>220.5</ele>
    <time>2026-08-07T10:20:23Z</time>
   </trkpt>
   <trkpt lat="45.7636670" lon="4.7757120">
    <ele>220.5</ele>
    <time>2026-08-07T10:20:24Z</time>
   </trkpt>
  </trkseg>
 </trk>
</gpx>
