<?xml version="1.0" encoding="UTF-8"?>
<gpx creator="StravaGPX" version="1.1" xmlns="http://www.topografix.com/GPX/1/1" xmlns:xsi="http://www.w3.org/2001/XMLSchema-instance" xsi:schemaLocation="http://www.topografix.com/GPX/1/1 http://www.topografix.com/GPX/1/1/gpx.xsd">
 <metadata>
  <time>2023-09-11T14:32:03Z</time>
 </metadata>
 <trk>
  <name>Course à pied dans l'après-midi</name>
  <type>running</type>
  <trkseg>
   <trkpt lat="45.7849920" lon="4.7182080">
    <ele>293.6</ele>
    <time>2023-09-11T14:32:03Z</time>
   </trkpt>
   <trkpt lat="45.7850000" lon="4.7182170">
    <ele>293.5</ele>
    <time>2023-09-11T14:32:04Z</time>
   </trkpt>
   <trkpt lat="45.7850090" lon="4.7182330">
    <ele>293.5</ele>
    <time>2023-09-11T14:32:05Z</time>
   </trkpt>
   <trkpt lat="45.7850160" lon="4.7182460">
    <ele>293.5</ele>
    <time>2023-09-11T14:32:06Z</time>
   </trkpt>
   <trkpt lat="45.7850270" lon="4.7182770">
    <ele>293.4</ele>
    <time>2023-09-11T14:32:07Z</time>
   </trkpt>
   <trkpt lat="45.7850390" lon="4.7183200">
    <ele>293.3</ele>
    <time>2023-09-11T14:32:09Z</time>
   </trkpt>
   <trkpt lat="45.7850520" lon="4.7183670">
    <ele>293.2</ele>
    <time>2023-09-11T14:32:10Z</time>
   </trkpt>
   <trkpt lat="45.7850630" lon="4.7184120">
    <ele>293.2</ele>
    <time>2023-09-11T14:32:11Z</time>
   </trkpt>
   <trkpt lat="45.7850750" lon="4.7184600">
    <ele>293.1</ele>
    <time>2023-09-11T14:32:12Z</time>
   </trkpt>
   <trkpt lat="45.7850790" lon="4.7184760">
    <ele>293.1</ele>
    <time>2023-09-11T14:32:13Z</time>
   </trkpt>
   <trkpt lat="45.7850900" lon="4.7185150">
    <ele>293.1</ele>
    <time>2023-09-11T14:32:14Z</time>
   </trkpt>
   <trkpt lat="45.7851030" lon="4.7185510">
    <ele>293.1</ele>
    <time>2023-09-11T14:32:15Z</time>
   </trkpt>
   <trkpt lat="45.7851150" lon="4.7185870">
    <ele>293.1</ele>
    <time>2023-09-11T14:32:16Z</time>
   </trkpt>
   <trkpt lat="45.7851360" lon="4.7186270">
    <ele>293.1</ele>
    <time>2023-09-11T14:32:17Z</time>
   </trkpt>
   <trkpt lat="45.7851420" lon="4.7186370">
    <ele>293.1</ele>
    <time>2023-09-11T14:32:18Z</time>
   </trkpt>
   <trkpt lat="45.7851600" lon="4.7186940">
    <ele>293.2</ele>
    <time>2023-09-11T14:32:19Z</time>
   </trkpt>
   <trkpt lat="45.7851690" lon="4.7187620">
    <ele>293.2</ele>
    <time>2023-09-11T14:32:21Z</time>
   </trkpt>
   <trkpt lat="45.7851710" lon="4.7187910">
    <ele>293.2</ele>
    <time>2023-09-11T14:32:22Z</time>
   </trkpt>
   <trkpt lat="45.7851690" lon="4.7188270">
    <ele>293.3</ele>
    <time>2023-09-11T14:32:23Z</time>
   </trkpt>
   <trkpt lat="45.7851570" lon="4.7188830">
    <ele>293.3</ele>
    <time>2023-09-11T14:32:24Z</time>
   </trkpt>
   <trkpt lat="45.7851530" lon="4.7189010">
    <ele>293.3</ele>
    <time>2023-09-11T14:32:25Z</time>
   </trkpt>
   <trkpt lat="45.7851380" lon="4.7189550">
    <ele>293.3</ele>
    <time>2023-09-11T14:32:26Z</time>
   </trkpt>
   <trkpt lat="45.7851330" lon="4.7189730">
    <ele>293.3</ele>
    <time>2023-09-11T14:32:27Z</time>
   </trkpt>
   <trkpt lat="45.7851270" lon="4.7190110">
    <ele>293.3</ele>
    <time>2023-09-11T14:32:28Z</time>
   </trkpt>
   <trkpt lat="45.7851240" lon="4.7190500">
    <ele>293.3</ele>
    <time>2023-09-11T14:32:29Z</time>
   </trkpt>
   <trkpt lat="45.7851180" lon="4.7191060">
    <ele>293.3</ele>
    <time>2023-09-11T14:32:30Z</time>
   </trkpt>
   <trkpt lat="45.7851160" lon="4.7191240">
    <ele>293.3</ele>
    <time>2023-09-11T14:32:31Z</time>
   </trkpt>
   <trkpt lat="45.7851110" lon="4.7191810">
    <ele>293.3</ele>
    <time>2023-09-11T14:32:32Z</time>
   </trkpt>
   <trkpt lat="45.7851100" lon="4.7192010">
    <ele>293.3</ele>
    <time>2023-09-11T14:32:33Z</time>
   </trkpt>
   <trkpt lat="45.7851080" lon="4.7192390">
    <ele>293.3</ele>
    <time>2023-09-11T14:32:34Z</time>
   </trkpt>
   <trkpt lat="45.7850940" lon="4.7192890">
    <ele>293.2</ele>
    <time>2023-09-11T14:32:35Z</time>
   </trkpt>
   <trkpt lat="45.7850900" lon="4.7193070">
    <ele>293.2</ele>
    <time>2023-09-11T14:32:36Z</time>
   </trkpt>
   <trkpt lat="45.7850890" lon="4.7193500">
    <ele>293.2</ele>
    <time>2023-09-11T14:32:37Z</time>
   </trkpt>
   <trkpt lat="45.7850840" lon="4.7193940">
    <ele>293.1</ele>
    <time>2023-09-11T14:32:38Z</time>
   </trkpt>
   <trkpt lat="45.7851070" lon="4.7194390">
    <ele>293.1</ele>
    <time>2023-09-11T14:32:39Z</time>
   </trkpt>
   <trkpt lat="45.7851120" lon="4.7194600">
    <ele>293.1</ele>
    <time>2023-09-11T14:32:40Z</time>
   </trkpt>
   <trkpt lat="45.7851080" lon="4.7195000">
    <ele>293.0</ele>
    <time>2023-09-11T14:32:41Z</time>
   </trkpt>
   <trkpt lat="45.7851070" lon="4.7195410">
    <ele>293.0</ele>
    <time>2023-09-11T14:32:42Z</time>
   </trkpt>
   <trkpt lat="45.7851000" lon="4.7195860">
    <ele>292.9</ele>
    <time>2023-09-11T14:32:43Z</time>
   </trkpt>
   <trkpt lat="45.7850970" lon="4.7196390">
    <ele>292.9</ele>
    <time>2023-09-11T14:32:44Z</time>
   </trkpt>
   <trkpt lat="45.7850990" lon="4.7196580">
    <ele>292.8</ele>
    <time>2023-09-11T14:32:45Z</time>
   </trkpt>
   <trkpt lat="45.7850890" lon="4.7197130">
    <ele>292.8</ele>
    <time>2023-09-11T14:32:46Z</time>
   </trkpt>
   <trkpt lat="45.7850850" lon="4.7197330">
    <ele>292.8</ele>
    <time>2023-09-11T14:32:47Z</time>
   </trkpt>
   <trkpt lat="45.7850820" lon="4.7197940">
    <ele>292.7</ele>
    <time>2023-09-11T14:32:48Z</time>
   </trkpt>
   <trkpt lat="45.7850880" lon="4.7198230">
    <ele>292.7</ele>
    <time>2023-09-11T14:32:49Z</time>
   </trkpt>
   <trkpt lat="45.7850850" lon="4.7198640">
    <ele>292.6</ele>
    <time>2023-09-11T14:32:50Z</time>
   </trkpt>
   <trkpt lat="45.7850940" lon="4.7199180">
    <ele>292.6</ele>
    <time>2023-09-11T14:32:51Z</time>
   </trkpt>
   <trkpt lat="45.7850950" lon="4.7199370">
    <ele>292.6</ele>
    <time>2023-09-11T14:32:52Z</time>
   </trkpt>
   <trkpt lat="45.7851010" lon="4.7199900">
    <ele>292.5</ele>
    <time>2023-09-11T14:32:53Z</time>
   </trkpt>
   <trkpt lat="45.7850990" lon="4.7200090">
    <ele>292.5</ele>
    <time>2023-09-11T14:32:54Z</time>
   </trkpt>
   <trkpt lat="45.7850960" lon="4.7200630">
    <ele>292.5</ele>
    <time>2023-09-11T14:32:55Z</time>
   </trkpt>
   <trkpt lat="45.7850990" lon="4.7200870">
    <ele>292.4</ele>
    <time>2023-09-11T14:32:56Z</time>
   </trkpt>
   <trkpt lat="45.7850900" lon="4.7201280">
    <ele>292.4</ele>
    <time>2023-09-11T14:32:57Z</time>
   </trkpt>
   <trkpt lat="45.7850920" lon="4.7201430">
    <ele>292.4</ele>
    <time>2023-09-11T14:32:58Z</time>
   </trkpt>
   <trkpt lat="45.7850820" lon="4.7201910">
    <ele>292.3</ele>
    <time>2023-09-11T14:32:59Z</time>
   </trkpt>
   <trkpt lat="45.7850840" lon="4.7202410">
    <ele>292.3</ele>
    <time>2023-09-11T14:33:00Z</time>
   </trkpt>
   <trkpt lat="45.7850890" lon="4.7202890">
    <ele>292.2</ele>
    <time>2023-09-11T14:33:01Z</time>
   </trkpt>
   <trkpt lat="45.7850880" lon="4.7203310">
    <ele>292.2</ele>
    <time>2023-09-11T14:33:02Z</time>
   </trkpt>
   <trkpt lat="45.7850870" lon="4.7203760">
    <ele>292.1</ele>
    <time>2023-09-11T14:33:03Z</time>
   </trkpt>
   <trkpt lat="45.7850830" lon="4.7204320">
    <ele>292.1</ele>
    <time>2023-09-11T14:33:04Z</time>
   </trkpt>
   <trkpt lat="45.7850840" lon="4.7204520">
    <ele>292.0</ele>
    <time>2023-09-11T14:33:05Z</time>
   </trkpt>
   <trkpt lat="45.7850970" lon="4.7204940">
    <ele>292.0</ele>
    <time>2023-09-11T14:33:06Z</time>
   </trkpt>
   <trkpt lat="45.7851010" lon="4.7205370">
    <ele>291.9</ele>
    <time>2023-09-11T14:33:07Z</time>
   </trkpt>
   <trkpt lat="45.7851030" lon="4.7205890">
    <ele>291.9</ele>
    <time>2023-09-11T14:33:08Z</time>
   </trkpt>
   <trkpt lat="45.7851050" lon="4.7206130">
    <ele>291.9</ele>
    <time>2023-09-11T14:33:09Z</time>
   </trkpt>
   <trkpt lat="45.7851050" lon="4.7206630">
    <ele>291.9</ele>
    <time>2023-09-11T14:33:10Z</time>
   </trkpt>
   <trkpt lat="45.7851090" lon="4.7207080">
    <ele>291.8</ele>
    <time>2023-09-11T14:33:11Z</time>
   </trkpt>
   <trkpt lat="45.7851070" lon="4.7207550">
    <ele>291.8</ele>
    <time>2023-09-11T14:33:12Z</time>
   </trkpt>
   <trkpt lat="45.7851050" lon="4.7208030">
    <ele>291.8</ele>
    <time>2023-09-11T14:33:13Z</time>
   </trkpt>
   <trkpt lat="45.7851110" lon="4.7208510">
    <ele>291.8</ele>
    <time>2023-09-11T14:33:14Z</time>
   </trkpt>
   <trkpt lat="45.7851140" lon="4.7208660">
    <ele>291.8</ele>
    <time>2023-09-11T14:33:15Z</time>
   </trkpt>
   <trkpt lat="45.7851220" lon="4.7209050">
    <ele>291.8</ele>
    <time>2023-09-11T14:33:16Z</time>
   </trkpt>
   <trkpt lat="45.7851300" lon="4.7209620">
    <ele>291.8</ele>
    <time>2023-09-11T14:33:17Z</time>
   </trkpt>
   <trkpt lat="45.7851340" lon="4.7209820">
    <ele>291.8</ele>
    <time>2023-09-11T14:33:18Z</time>
   </trkpt>
   <trkpt lat="45.7851460" lon="4.7210290">
    <ele>291.8</ele>
    <time>2023-09-11T14:33:19Z</time>
   </trkpt>
   <trkpt lat="45.7851580" lon="4.7210740">
    <ele>291.8</ele>
    <time>2023-09-11T14:33:20Z</time>
   </trkpt>
   <trkpt lat="45.7851560" lon="4.7211160">
    <ele>291.8</ele>
    <time>2023-09-11T14:33:21Z</time>
   </trkpt>
   <trkpt lat="45.7851530" lon="4.7211350">
    <ele>291.8</ele>
    <time>2023-09-11T14:33:22Z</time>
   </trkpt>
   <trkpt lat="45.7851570" lon="4.7211740">
    <ele>291.8</ele>
    <time>2023-09-11T14:33:23Z</time>
   </trkpt>
   <trkpt lat="45.7851630" lon="4.7212350">
    <ele>291.8</ele>
    <time>2023-09-11T14:33:24Z</time>
   </trkpt>
   <trkpt lat="45.7851650" lon="4.7212830">
    <ele>291.9</ele>
    <time>2023-09-11T14:33:25Z</time>
   </trkpt>
   <trkpt lat="45.7851670" lon="4.7212960">
    <ele>291.9</ele>
    <time>2023-09-11T14:33:26Z</time>
   </trkpt>
   <trkpt lat="45.7851780" lon="4.7213320">
    <ele>291.9</ele>
    <time>2023-09-11T14:33:27Z</time>
   </trkpt>
   <trkpt lat="45.7851850" lon="4.7213770">
    <ele>291.9</ele>
    <time>2023-09-11T14:33:28Z</time>
   </trkpt>
   <trkpt lat="45.7851890" lon="4.7214270">
    <ele>292.0</ele>
    <time>2023-09-11T14:33:29Z</time>
   </trkpt>
   <trkpt lat="45.7851880" lon="4.7214430">
    <ele>292.0</ele>
    <time>2023-09-11T14:33:30Z</time>
   </trkpt>
   <trkpt lat="45.7851900" lon="4.7214940">
    <ele>292.0</ele>
    <time>2023-09-11T14:33:31Z</time>
   </trkpt>
   <trkpt lat="45.7852000" lon="4.7215440">
    <ele>292.0</ele>
    <time>2023-09-11T14:33:32Z</time>
   </trkpt>
   <trkpt lat="45.7852010" lon="4.7215580">
    <ele>292.1</ele>
    <time>2023-09-11T14:33:33Z</time>
   </trkpt>
   <trkpt lat="45.7851980" lon="4.7216150">
    <ele>292.1</ele>
    <time>2023-09-11T14:33:34Z</time>
   </trkpt>
   <trkpt lat="45.7852040" lon="4.7216560">
    <ele>292.2</ele>
    <time>2023-09-11T14:33:35Z</time>
   </trkpt>
   <trkpt lat="45.7852110" lon="4.7216990">
    <ele>292.2</ele>
    <time>2023-09-11T14:33:36Z</time>
   </trkpt>
   <trkpt lat="45.7852120" lon="4.7217180">
    <ele>292.3</ele>
    <time>2023-09-11T14:33:37Z</time>
   </trkpt>
   <trkpt lat="45.7852120" lon="4.7217750">
    <ele>292.3</ele>
    <time>2023-09-11T14:33:38Z</time>
   </trkpt>
   <trkpt lat="45.7852180" lon="4.7218200">
    <ele>292.4</ele>
    <time>2023-09-11T14:33:39Z</time>
   </trkpt>
   <trkpt lat="45.7852210" lon="4.7218330">
    <ele>292.4</ele>
    <time>2023-09-11T14:33:40Z</time>
   </trkpt>
   <trkpt lat="45.7852290" lon="4.7218770">
    <ele>292.5</ele>
    <time>2023-09-11T14:33:41Z</time>
   </trkpt>
   <trkpt lat="45.7852320" lon="4.7219170">
    <ele>292.6</ele>
    <time>2023-09-11T14:33:42Z</time>
   </trkpt>
   <trkpt lat="45.7852320" lon="4.7219310">
    <ele>292.6</ele>
    <time>2023-09-11T14:33:43Z</time>
   </trkpt>
   <trkpt lat="45.7852390" lon="4.7219730">
    <ele>292.6</ele>
    <time>2023-09-11T14:33:44Z</time>
   </trkpt>
   <trkpt lat="45.7852490" lon="4.7220240">
    <ele>292.7</ele>
    <time>2023-09-11T14:33:45Z</time>
   </trkpt>
   <trkpt lat="45.7852500" lon="4.7220440">
    <ele>292.8</ele>
    <time>2023-09-11T14:33:46Z</time>
   </trkpt>
   <trkpt lat="45.7852390" lon="4.7220800">
    <ele>292.8</ele>
    <time>2023-09-11T14:33:47Z</time>
   </trkpt>
   <trkpt lat="45.7852470" lon="4.7221250">
    <ele>292.9</ele>
    <time>2023-09-11T14:33:48Z</time>
   </trkpt>
   <trkpt lat="45.7852480" lon="4.7221650">
    <ele>292.9</ele>
    <time>2023-09-11T14:33:49Z</time>
   </trkpt>
   <trkpt lat="45.7852500" lon="4.7222160">
    <ele>293.0</ele>
    <time>2023-09-11T14:33:50Z</time>
   </trkpt>
   <trkpt lat="45.7852490" lon="4.7222400">
    <ele>293.1</ele>
    <time>2023-09-11T14:33:51Z</time>
   </trkpt>
   <trkpt lat="45.7852530" lon="4.7222870">
    <ele>293.1</ele>
    <time>2023-09-11T14:33:52Z</time>
   </trkpt>
   <trkpt lat="45.7852560" lon="4.7223050">
    <ele>293.2</ele>
    <time>2023-09-11T14:33:53Z</time>
   </trkpt>
   <trkpt lat="45.7852600" lon="4.7223480">
    <ele>293.2</ele>
    <time>2023-09-11T14:33:54Z</time>
   </trkpt>
   <trkpt lat="45.7852530" lon="4.7223880">
    <ele>293.3</ele>
    <time>2023-09-11T14:33:55Z</time>
   </trkpt>
   <trkpt lat="45.7852520" lon="4.7224300">
    <ele>293.3</ele>
    <time>2023-09-11T14:33:56Z</time>
   </trkpt>
   <trkpt lat="45.7852440" lon="4.7224710">
    <ele>293.4</ele>
    <time>2023-09-11T14:33:57Z</time>
   </trkpt>
   <trkpt lat="45.7852490" lon="4.7225190">
    <ele>293.5</ele>
    <time>2023-09-11T14:33:58Z</time>
   </trkpt>
   <trkpt lat="45.7852490" lon="4.7225320">
    <ele>293.5</ele>
    <time>2023-09-11T14:33:59Z</time>
   </trkpt>
   <trkpt lat="45.7852520" lon="4.7225870">
    <ele>293.5</ele>
    <time>2023-09-11T14:34:00Z</time>
   </trkpt>
   <trkpt lat="45.7852530" lon="4.7226080">
    <ele>293.6</ele>
    <time>2023-09-11T14:34:01Z</time>
   </trkpt>
   <trkpt lat="45.7852600" lon="4.7226460">
    <ele>293.6</ele>
    <time>2023-09-11T14:34:02Z</time>
   </trkpt>
   <trkpt lat="45.7852630" lon="4.7227040">
    <ele>293.7</ele>
    <time>2023-09-11T14:34:03Z</time>
   </trkpt>
   <trkpt lat="45.7852680" lon="4.7227270">
    <ele>293.7</ele>
    <time>2023-09-11T14:34:04Z</time>
   </trkpt>
   <trkpt lat="45.7852700" lon="4.7227700">
    <ele>293.8</ele>
    <time>2023-09-11T14:34:05Z</time>
   </trkpt>
   <trkpt lat="45.7852750" lon="4.7227840">
    <ele>293.8</ele>
    <time>2023-09-11T14:34:06Z</time>
   </trkpt>
   <trkpt lat="45.7852740" lon="4.7228370">
    <ele>293.8</ele>
    <time>2023-09-11T14:34:07Z</time>
   </trkpt>
   <trkpt lat="45.7852740" lon="4.7228590">
    <ele>293.8</ele>
    <time>2023-09-11T14:34:08Z</time>
   </trkpt>
   <trkpt lat="45.7852730" lon="4.7229040">
    <ele>293.9</ele>
    <time>2023-09-11T14:34:09Z</time>
   </trkpt>
   <trkpt lat="45.7852700" lon="4.7229250">
    <ele>293.9</ele>
    <time>2023-09-11T14:34:10Z</time>
   </trkpt>
   <trkpt lat="45.7852710" lon="4.7229670">
    <ele>294.0</ele>
    <time>2023-09-11T14:34:11Z</time>
   </trkpt>
   <trkpt lat="45.7852660" lon="4.7230090">
    <ele>294.0</ele>
    <time>2023-09-11T14:34:12Z</time>
   </trkpt>
   <trkpt lat="45.7852550" lon="4.7230510">
    <ele>294.0</ele>
    <time>2023-09-11T14:34:13Z</time>
   </trkpt>
   <trkpt lat="45.7852440" lon="4.7230900">
    <ele>294.1</ele>
    <time>2023-09-11T14:34:14Z</time>
   </trkpt>
   <trkpt lat="45.7852570" lon="4.7231380">
    <ele>294.1</ele>
    <time>2023-09-11T14:34:15Z</time>
   </trkpt>
   <trkpt lat="45.7852500" lon="4.7231460">
    <ele>294.1</ele>
    <time>2023-09-11T14:34:16Z</time>
   </trkpt>
   <trkpt lat="45.7852480" lon="4.7231850">
    <ele>294.1</ele>
    <time>2023-09-11T14:34:17Z</time>
   </trkpt>
   <trkpt lat="45.7852490" lon="4.7232240">
    <ele>294.1</ele>
    <time>2023-09-11T14:34:18Z</time>
   </trkpt>
   <trkpt lat="45.7852460" lon="4.7232740">
    <ele>294.1</ele>
    <time>2023-09-11T14:34:19Z</time>
   </trkpt>
   <trkpt lat="45.7852280" lon="4.7233140">
    <ele>294.1</ele>
    <time>2023-09-11T14:34:20Z</time>
   </trkpt>
   <trkpt lat="45.7852110" lon="4.7233490">
    <ele>294.2</ele>
    <time>2023-09-11T14:34:21Z</time>
   </trkpt>
   <trkpt lat="45.7852160" lon="4.7234070">
    <ele>294.2</ele>
    <time>2023-09-11T14:34:22Z</time>
   </trkpt>
   <trkpt lat="45.7852130" lon="4.7234280">
    <ele>294.2</ele>
    <time>2023-09-11T14:34:23Z</time>
   </trkpt>
   <trkpt lat="45.7852040" lon="4.7234740">
    <ele>294.1</ele>
    <time>2023-09-11T14:34:24Z</time>
   </trkpt>
   <trkpt lat="45.7852170" lon="4.7235190">
    <ele>294.1</ele>
    <time>2023-09-11T14:34:25Z</time>
   </trkpt>
   <trkpt lat="45.7852020" lon="4.7235650">
    <ele>294.1</ele>
    <time>2023-09-11T14:34:26Z</time>
   </trkpt>
   <trkpt lat="45.7851940" lon="4.7235790">
    <ele>294.1</ele>
    <time>2023-09-11T14:34:27Z</time>
   </trkpt>
   <trkpt lat="45.7851730" lon="4.7236260">
    <ele>294.1</ele>
    <time>2023-09-11T14:34:28Z</time>
   </trkpt>
   <trkpt lat="45.7851520" lon="4.7236710">
    <ele>294.1</ele>
    <time>2023-09-11T14:34:29Z</time>
   </trkpt>
   <trkpt lat="45.7851420" lon="4.7236850">
    <ele>294.0</ele>
    <time>2023-09-11T14:34:30Z</time>
   </trkpt>
   <trkpt lat="45.7851590" lon="4.7237250">
    <ele>294.0</ele>
    <time>2023-09-11T14:34:31Z</time>
   </trkpt>
   <trkpt lat="45.7851560" lon="4.7237870">
    <ele>294.0</ele>
    <time>2023-09-11T14:34:32Z</time>
   </trkpt>
   <trkpt lat="45.7851600" lon="4.7238110">
    <ele>294.0</ele>
    <time>2023-09-11T14:34:33Z</time>
   </trkpt>
   <trkpt lat="45.7851650" lon="4.7238580">
    <ele>293.9</ele>
    <time>2023-09-11T14:34:34Z</time>
   </trkpt>
   <trkpt lat="45.7851640" lon="4.7239110">
    <ele>293.9</ele>
    <time>2023-09-11T14:34:35Z</time>
   </trkpt>
   <trkpt lat="45.7851670" lon="4.7239330">
    <ele>293.9</ele>
    <time>2023-09-11T14:34:36Z</time>
   </trkpt>
   <trkpt lat="45.7851450" lon="4.7239670">
    <ele>293.9</ele>
    <time>2023-09-11T14:34:37Z</time>
   </trkpt>
   <trkpt lat="45.7851240" lon="4.7239950">
    <ele>293.8</ele>
    <time>2023-09-11T14:34:38Z</time>
   </trkpt>
   <trkpt lat="45.7850990" lon="4.7240210">
    <ele>293.8</ele>
    <time>2023-09-11T14:34:39Z</time>
   </trkpt>
   <trkpt lat="45.7850710" lon="4.7240370">
    <ele>293.8</ele>
    <time>2023-09-11T14:34:40Z</time>
   </trkpt>
   <trkpt lat="45.7850410" lon="4.7240690">
    <ele>293.7</ele>
    <time>2023-09-11T14:34:41Z</time>
   </trkpt>
   <trkpt lat="45.7850340" lon="4.7240850">
    <ele>293.7</ele>
    <time>2023-09-11T14:34:42Z</time>
   </trkpt>
   <trkpt lat="45.7850100" lon="4.7241230">
    <ele>293.7</ele>
    <time>2023-09-11T14:34:43Z</time>
   </trkpt>
   <trkpt lat="45.7849740" lon="4.7241560">
    <ele>293.6</ele>
    <time>2023-09-11T14:34:44Z</time>
   </trkpt>
   <trkpt lat="45.7849580" lon="4.7241720">
    <ele>293.6</ele>
    <time>2023-09-11T14:34:45Z</time>
   </trkpt>
   <trkpt lat="45.7849290" lon="4.7241970">
    <ele>293.5</ele>
    <time>2023-09-11T14:34:46Z</time>
   </trkpt>
   <trkpt lat="45.7848920" lon="4.7242190">
    <ele>293.4</ele>
    <time>2023-09-11T14:34:47Z</time>
   </trkpt>
   <trkpt lat="45.7848820" lon="4.7242350">
    <ele>293.3</ele>
    <time>2023-09-11T14:34:48Z</time>
   </trkpt>
   <trkpt lat="45.7848540" lon="4.7242510">
    <ele>293.2</ele>
    <time>2023-09-11T14:34:49Z</time>
   </trkpt>
   <trkpt lat="45.7848160" lon="4.7242640">
    <ele>293.1</ele>
    <time>2023-09-11T14:34:50Z</time>
   </trkpt>
   <trkpt lat="45.7848050" lon="4.7242750">
    <ele>293.1</ele>
    <time>2023-09-11T14:34:51Z</time>
   </trkpt>
   <trkpt lat="45.7847880" lon="4.7243080">
    <ele>293.0</ele>
    <time>2023-09-11T14:34:52Z</time>
   </trkpt>
   <trkpt lat="45.7847750" lon="4.7243240">
    <ele>292.9</ele>
    <time>2023-09-11T14:34:53Z</time>
   </trkpt>
   <trkpt lat="45.7847520" lon="4.7243470">
    <ele>292.8</ele>
    <time>2023-09-11T14:34:54Z</time>
   </trkpt>
   <trkpt lat="45.7847320" lon="4.7243890">
    <ele>292.7</ele>
    <time>2023-09-11T14:34:55Z</time>
   </trkpt>
   <trkpt lat="45.7847210" lon="4.7244020">
    <ele>292.6</ele>
    <time>2023-09-11T14:34:56Z</time>
   </trkpt>
   <trkpt lat="45.7846970" lon="4.7244370">
    <ele>292.5</ele>
    <time>2023-09-11T14:34:57Z</time>
   </trkpt>
   <trkpt lat="45.7846620" lon="4.7244760">
    <ele>292.3</ele>
    <time>2023-09-11T14:34:58Z</time>
   </trkpt>
   <trkpt lat="45.7846580" lon="4.7245240">
    <ele>292.1</ele>
    <time>2023-09-11T14:34:59Z</time>
   </trkpt>
   <trkpt lat="45.7846250" lon="4.7245440">
    <ele>292.0</ele>
    <time>2023-09-11T14:35:00Z</time>
   </trkpt>
   <trkpt lat="45.7846060" lon="4.7245840">
    <ele>291.8</ele>
    <time>2023-09-11T14:35:01Z</time>
   </trkpt>
   <trkpt lat="45.7845770" lon="4.7245950">
    <ele>291.7</ele>
    <time>2023-09-11T14:35:02Z</time>
   </trkpt>
   <trkpt lat="45.7845540" lon="4.7246310">
    <ele>291.5</ele>
    <time>2023-09-11T14:35:03Z</time>
   </trkpt>
   <trkpt lat="45.7845430" lon="4.7246450">
    <ele>291.4</ele>
    <time>2023-09-11T14:35:04Z</time>
   </trkpt>
   <trkpt lat="45.7845280" lon="4.7246900">
    <ele>291.3</ele>
    <time>2023-09-11T14:35:05Z</time>
   </trkpt>
   <trkpt lat="45.7845160" lon="4.7247300">
    <ele>291.1</ele>
    <time>2023-09-11T14:35:06Z</time>
   </trkpt>
   <trkpt lat="45.7844950" lon="4.7247780">
    <ele>290.9</ele>
    <time>2023-09-11T14:35:07Z</time>
   </trkpt>
   <trkpt lat="45.7844860" lon="4.7247940">
    <ele>290.9</ele>
    <time>2023-09-11T14:35:08Z</time>
   </trkpt>
   <trkpt lat="45.7844830" lon="4.7248360">
    <ele>290.7</ele>
    <time>2023-09-11T14:35:09Z</time>
   </trkpt>
   <trkpt lat="45.7844580" lon="4.7248900">
    <ele>290.5</ele>
    <time>2023-09-11T14:35:10Z</time>
   </trkpt>
   <trkpt lat="45.7844420" lon="4.7249140">
    <ele>290.3</ele>
    <time>2023-09-11T14:35:11Z</time>
   </trkpt>
   <trkpt lat="45.7844230" lon="4.7249560">
    <ele>290.2</ele>
    <time>2023-09-11T14:35:12Z</time>
   </trkpt>
   <trkpt lat="45.7844070" lon="4.7249960">
    <ele>290.0</ele>
    <time>2023-09-11T14:35:13Z</time>
   </trkpt>
   <trkpt lat="45.7843930" lon="4.7250490">
    <ele>289.8</ele>
    <time>2023-09-11T14:35:14Z</time>
   </trkpt>
   <trkpt lat="45.7843840" lon="4.7251000">
    <ele>289.6</ele>
    <time>2023-09-11T14:35:15Z</time>
   </trkpt>
   <trkpt lat="45.7843700" lon="4.7251360">
    <ele>289.4</ele>
    <time>2023-09-11T14:35:16Z</time>
   </trkpt>
   <trkpt lat="45.7843470" lon="4.7251780">
    <ele>289.2</ele>
    <time>2023-09-11T14:35:17Z</time>
   </trkpt>
   <trkpt lat="45.7843270" lon="4.7252210">
    <ele>289.0</ele>
    <time>2023-09-11T14:35:18Z</time>
   </trkpt>
   <trkpt lat="45.7843240" lon="4.7252800">
    <ele>288.8</ele>
    <time>2023-09-11T14:35:19Z</time>
   </trkpt>
   <trkpt lat="45.7843230" lon="4.7253000">
    <ele>288.7</ele>
    <time>2023-09-11T14:35:20Z</time>
   </trkpt>
   <trkpt lat="45.7843110" lon="4.7253490">
    <ele>288.6</ele>
    <time>2023-09-11T14:35:21Z</time>
   </trkpt>
   <trkpt lat="45.7843110" lon="4.7253690">
    <ele>288.5</ele>
    <time>2023-09-11T14:35:22Z</time>
   </trkpt>
   <trkpt lat="45.7843080" lon="4.7254230">
    <ele>288.3</ele>
    <time>2023-09-11T14:35:23Z</time>
   </trkpt>
   <trkpt lat="45.7842850" lon="4.7254560">
    <ele>288.2</ele>
    <time>2023-09-11T14:35:24Z</time>
   </trkpt>
   <trkpt lat="45.7842840" lon="4.7255020">
    <ele>288.0</ele>
    <time>2023-09-11T14:35:25Z</time>
   </trkpt>
   <trkpt lat="45.7842880" lon="4.7255270">
    <ele>287.9</ele>
    <time>2023-09-11T14:35:26Z</time>
   </trkpt>
   <trkpt lat="45.7842660" lon="4.7255710">
    <ele>287.7</ele>
    <time>2023-09-11T14:35:27Z</time>
   </trkpt>
   <trkpt lat="45.7842740" lon="4.7256550">
    <ele>287.5</ele>
    <time>2023-09-11T14:35:28Z</time>
   </trkpt>
   <trkpt lat="45.7842660" lon="4.7256950">
    <ele>287.3</ele>
    <time>2023-09-11T14:35:29Z</time>
   </trkpt>
   <trkpt lat="45.7842550" lon="4.7257480">
    <ele>287.2</ele>
    <time>2023-09-11T14:35:30Z</time>
   </trkpt>
   <trkpt lat="45.7842550" lon="4.7257780">
    <ele>287.1</ele>
    <time>2023-09-11T14:35:31Z</time>
   </trkpt>
   <trkpt lat="45.7842520" lon="4.7258180">
    <ele>286.9</ele>
    <time>2023-09-11T14:35:32Z</time>
   </trkpt>
   <trkpt lat="45.7842520" lon="4.7258590">
    <ele>286.8</ele>
    <time>2023-09-11T14:35:33Z</time>
   </trkpt>
   <trkpt lat="45.7842490" lon="4.7259120">
    <ele>286.7</ele>
    <time>2023-09-11T14:35:34Z</time>
   </trkpt>
   <trkpt lat="45.7842480" lon="4.7259290">
    <ele>286.6</ele>
    <time>2023-09-11T14:35:35Z</time>
   </trkpt>
   <trkpt lat="45.7842370" lon="4.7259810">
    <ele>286.5</ele>
    <time>2023-09-11T14:35:36Z</time>
   </trkpt>
   <trkpt lat="45.7842320" lon="4.7259990">
    <ele>286.4</ele>
    <time>2023-09-11T14:35:37Z</time>
   </trkpt>
   <trkpt lat="45.7842110" lon="4.7260250">
    <ele>286.3</ele>
    <time>2023-09-11T14:35:38Z</time>
   </trkpt>
   <trkpt lat="45.7841960" lon="4.7260700">
    <ele>286.2</ele>
    <time>2023-09-11T14:35:39Z</time>
   </trkpt>
   <trkpt lat="45.7841870" lon="4.7261130">
    <ele>286.1</ele>
    <time>2023-09-11T14:35:40Z</time>
   </trkpt>
   <trkpt lat="45.7841980" lon="4.7261800">
    <ele>285.9</ele>
    <time>2023-09-11T14:35:41Z</time>
   </trkpt>
   <trkpt lat="45.7841970" lon="4.7262300">
    <ele>285.8</ele>
    <time>2023-09-11T14:35:42Z</time>
   </trkpt>
   <trkpt lat="45.7841690" lon="4.7262730">
    <ele>285.7</ele>
    <time>2023-09-11T14:35:43Z</time>
   </trkpt>
   <trkpt lat="45.7841700" lon="4.7263150">
    <ele>285.6</ele>
    <time>2023-09-11T14:35:44Z</time>
   </trkpt>
   <trkpt lat="45.7841690" lon="4.7263600">
    <ele>285.5</ele>
    <time>2023-09-11T14:35:45Z</time>
   </trkpt>
   <trkpt lat="45.7841550" lon="4.7263950">
    <ele>285.3</ele>
    <time>2023-09-11T14:35:46Z</time>
   </trkpt>
   <trkpt lat="45.7841560" lon="4.7264400">
    <ele>285.2</ele>
    <time>2023-09-11T14:35:47Z</time>
   </trkpt>
   <trkpt lat="45.7841600" lon="4.7264560">
    <ele>285.2</ele>
    <time>2023-09-11T14:35:48Z</time>
   </trkpt>
   <trkpt lat="45.7841610" lon="4.7265050">
    <ele>285.1</ele>
    <time>2023-09-11T14:35:49Z</time>
   </trkpt>
   <trkpt lat="45.7841660" lon="4.7265570">
    <ele>284.9</ele>
    <time>2023-09-11T14:35:50Z</time>
   </trkpt>
   <trkpt lat="45.7841600" lon="4.7266100">
    <ele>284.8</ele>
    <time>2023-09-11T14:35:51Z</time>
   </trkpt>
   <trkpt lat="45.7841620" lon="4.7266560">
    <ele>284.7</ele>
    <time>2023-09-11T14:35:52Z</time>
   </trkpt>
   <trkpt lat="45.7841560" lon="4.7267020">
    <ele>284.5</ele>
    <time>2023-09-11T14:35:53Z</time>
   </trkpt>
   <trkpt lat="45.7841570" lon="4.7267560">
    <ele>284.4</ele>
    <time>2023-09-11T14:35:54Z</time>
   </trkpt>
   <trkpt lat="45.7841530" lon="4.7268110">
    <ele>284.3</ele>
    <time>2023-09-11T14:35:55Z</time>
   </trkpt>
   <trkpt lat="45.7841540" lon="4.7268280">
    <ele>284.2</ele>
    <time>2023-09-11T14:35:56Z</time>
   </trkpt>
   <trkpt lat="45.7841560" lon="4.7268740">
    <ele>284.1</ele>
    <time>2023-09-11T14:35:57Z</time>
   </trkpt>
   <trkpt lat="45.7841480" lon="4.7269120">
    <ele>284.0</ele>
    <time>2023-09-11T14:35:58Z</time>
   </trkpt>
   <trkpt lat="45.7841510" lon="4.7269670">
    <ele>283.9</ele>
    <time>2023-09-11T14:35:59Z</time>
   </trkpt>
   <trkpt lat="45.7841490" lon="4.7269850">
    <ele>283.8</ele>
    <time>2023-09-11T14:36:00Z</time>
   </trkpt>
   <trkpt lat="45.7841730" lon="4.7270230">
    <ele>283.7</ele>
    <time>2023-09-11T14:36:01Z</time>
   </trkpt>
   <trkpt lat="45.7841740" lon="4.7270840">
    <ele>283.5</ele>
    <time>2023-09-11T14:36:02Z</time>
   </trkpt>
   <trkpt lat="45.7841760" lon="4.7271090">
    <ele>283.5</ele>
    <time>2023-09-11T14:36:03Z</time>
   </trkpt>
   <trkpt lat="45.7841620" lon="4.7271710">
    <ele>283.3</ele>
    <time>2023-09-11T14:36:04Z</time>
   </trkpt>
   <trkpt lat="45.7841490" lon="4.7272240">
    <ele>283.2</ele>
    <time>2023-09-11T14:36:05Z</time>
   </trkpt>
   <trkpt lat="45.7841470" lon="4.7272830">
    <ele>283.1</ele>
    <time>2023-09-11T14:36:06Z</time>
   </trkpt>
   <trkpt lat="45.7841470" lon="4.7273070">
    <ele>283.0</ele>
    <time>2023-09-11T14:36:07Z</time>
   </trkpt>
   <trkpt lat="45.7841450" lon="4.7273460">
    <ele>283.0</ele>
    <time>2023-09-11T14:36:08Z</time>
   </trkpt>
   <trkpt lat="45.7841390" lon="4.7273880">
    <ele>282.9</ele>
    <time>2023-09-11T14:36:09Z</time>
   </trkpt>
   <trkpt lat="45.7841570" lon="4.7274330">
    <ele>282.8</ele>
    <time>2023-09-11T14:36:10Z</time>
   </trkpt>
   <trkpt lat="45.7841710" lon="4.7274870">
    <ele>282.7</ele>
    <time>2023-09-11T14:36:11Z</time>
   </trkpt>
   <trkpt lat="45.7841660" lon="4.7275390">
    <ele>282.6</ele>
    <time>2023-09-11T14:36:12Z</time>
   </trkpt>
   <trkpt lat="45.7841730" lon="4.7275810">
    <ele>282.5</ele>
    <time>2023-09-11T14:36:13Z</time>
   </trkpt>
   <trkpt lat="45.7841630" lon="4.7276290">
    <ele>282.4</ele>
    <time>2023-09-11T14:36:14Z</time>
   </trkpt>
   <trkpt lat="45.7841660" lon="4.7276480">
    <ele>282.4</ele>
    <time>2023-09-11T14:36:15Z</time>
   </trkpt>
   <trkpt lat="45.7841680" lon="4.7276870">
    <ele>282.4</ele>
    <time>2023-09-11T14:36:16Z</time>
   </trkpt>
   <trkpt lat="45.7841750" lon="4.7277330">
    <ele>282.3</ele>
    <time>2023-09-11T14:36:17Z</time>
   </trkpt>
   <trkpt lat="45.7841670" lon="4.7277800">
    <ele>282.2</ele>
    <time>2023-09-11T14:36:18Z</time>
   </trkpt>
   <trkpt lat="45.7841820" lon="4.7278180">
    <ele>282.1</ele>
    <time>2023-09-11T14:36:19Z</time>
   </trkpt>
   <trkpt lat="45.7841710" lon="4.7278590">
    <ele>282.1</ele>
    <time>2023-09-11T14:36:20Z</time>
   </trkpt>
   <trkpt lat="45.7841770" lon="4.7279030">
    <ele>282.0</ele>
    <time>2023-09-11T14:36:21Z</time>
   </trkpt>
   <trkpt lat="45.7841630" lon="4.7279530">
    <ele>281.9</ele>
    <time>2023-09-11T14:36:22Z</time>
   </trkpt>
   <trkpt lat="45.7841680" lon="4.7279960">
    <ele>281.8</ele>
    <time>2023-09-11T14:36:23Z</time>
   </trkpt>
   <trkpt lat="45.7841840" lon="4.7280490">
    <ele>281.8</ele>
    <time>2023-09-11T14:36:24Z</time>
   </trkpt>
   <trkpt lat="45.7841920" lon="4.7280910">
    <ele>281.7</ele>
    <time>2023-09-11T14:36:25Z</time>
   </trkpt>
   <trkpt lat="45.7841980" lon="4.7281030">
    <ele>281.7</ele>
    <time>2023-09-11T14:36:26Z</time>
   </trkpt>
   <trkpt lat="45.7841920" lon="4.7281460">
    <ele>281.6</ele>
    <time>2023-09-11T14:36:27Z</time>
   </trkpt>
   <trkpt lat="45.7842100" lon="4.7281860">
    <ele>281.5</ele>
    <time>2023-09-11T14:36:28Z</time>
   </trkpt>
   <trkpt lat="45.7842150" lon="4.7282330">
    <ele>281.4</ele>
    <time>2023-09-11T14:36:29Z</time>
   </trkpt>
   <trkpt lat="45.7842200" lon="4.7282950">
    <ele>281.3</ele>
    <time>2023-09-11T14:36:30Z</time>
   </trkpt>
   <trkpt lat="45.7842220" lon="4.7283210">
    <ele>281.3</ele>
    <time>2023-09-11T14:36:31Z</time>
   </trkpt>
   <trkpt lat="45.7842250" lon="4.7283600">
    <ele>281.2</ele>
    <time>2023-09-11T14:36:32Z</time>
   </trkpt>
   <trkpt lat="45.7842370" lon="4.7284120">
    <ele>281.1</ele>
    <time>2023-09-11T14:36:33Z</time>
   </trkpt>
   <trkpt lat="45.7842450" lon="4.7284270">
    <ele>281.1</ele>
    <time>2023-09-11T14:36:34Z</time>
   </trkpt>
   <trkpt lat="45.7842380" lon="4.7284730">
    <ele>281.0</ele>
    <time>2023-09-11T14:36:35Z</time>
   </trkpt>
   <trkpt lat="45.7842500" lon="4.7285230">
    <ele>280.9</ele>
    <time>2023-09-11T14:36:36Z</time>
   </trkpt>
   <trkpt lat="45.7842530" lon="4.7285700">
    <ele>280.8</ele>
    <time>2023-09-11T14:36:37Z</time>
   </trkpt>
   <trkpt lat="45.7842710" lon="4.7286050">
    <ele>280.7</ele>
    <time>2023-09-11T14:36:38Z</time>
   </trkpt>
   <trkpt lat="45.7842760" lon="4.7286460">
    <ele>280.6</ele>
    <time>2023-09-11T14:36:39Z</time>
   </trkpt>
   <trkpt lat="45.7842880" lon="4.7286810">
    <ele>280.5</ele>
    <time>2023-09-11T14:36:40Z</time>
   </trkpt>
   <trkpt lat="45.7842870" lon="4.7287300">
    <ele>280.4</ele>
    <time>2023-09-11T14:36:41Z</time>
   </trkpt>
   <trkpt lat="45.7842900" lon="4.7287480">
    <ele>280.4</ele>
    <time>2023-09-11T14:36:42Z</time>
   </trkpt>
   <trkpt lat="45.7842980" lon="4.7287890">
    <ele>280.3</ele>
    <time>2023-09-11T14:36:43Z</time>
   </trkpt>
   <trkpt lat="45.7843020" lon="4.7288330">
    <ele>280.2</ele>
    <time>2023-09-11T14:36:44Z</time>
   </trkpt>
   <trkpt lat="45.7842990" lon="4.7288790">
    <ele>280.1</ele>
    <time>2023-09-11T14:36:45Z</time>
   </trkpt>
   <trkpt lat="45.7843050" lon="4.7289260">
    <ele>280.0</ele>
    <time>2023-09-11T14:36:46Z</time>
   </trkpt>
   <trkpt lat="45.7843010" lon="4.7289690">
    <ele>279.9</ele>
    <time>2023-09-11T14:36:47Z</time>
   </trkpt>
   <trkpt lat="45.7842950" lon="4.7290170">
    <ele>279.8</ele>
    <time>2023-09-11T14:36:48Z</time>
   </trkpt>
   <trkpt lat="45.7842800" lon="4.7290530">
    <ele>279.7</ele>
    <time>2023-09-11T14:36:49Z</time>
   </trkpt>
   <trkpt lat="45.7842650" lon="4.7290940">
    <ele>279.6</ele>
    <time>2023-09-11T14:36:50Z</time>
   </trkpt>
   <trkpt lat="45.7842650" lon="4.7291490">
    <ele>279.5</ele>
    <time>2023-09-11T14:36:51Z</time>
   </trkpt>
   <trkpt lat="45.7842630" lon="4.7291900">
    <ele>279.4</ele>
    <time>2023-09-11T14:36:52Z</time>
   </trkpt>
   <trkpt lat="45.7842530" lon="4.7292310">
    <ele>279.3</ele>
    <time>2023-09-11T14:36:53Z</time>
   </trkpt>
   <trkpt lat="45.7842470" lon="4.7292700">
    <ele>279.2</ele>
    <time>2023-09-11T14:36:54Z</time>
   </trkpt>
   <trkpt lat="45.7842200" lon="4.7293150">
    <ele>279.1</ele>
    <time>2023-09-11T14:36:55Z</time>
   </trkpt>
   <trkpt lat="45.7842090" lon="4.7293310">
    <ele>279.0</ele>
    <time>2023-09-11T14:36:56Z</time>
   </trkpt>
   <trkpt lat="45.7841990" lon="4.7293710">
    <ele>279.0</ele>
    <time>2023-09-11T14:36:57Z</time>
   </trkpt>
   <trkpt lat="45.7841850" lon="4.7294270">
    <ele>278.8</ele>
    <time>2023-09-11T14:36:58Z</time>
   </trkpt>
   <trkpt lat="45.7841790" lon="4.7294500">
    <ele>278.8</ele>
    <time>2023-09-11T14:36:59Z</time>
   </trkpt>
   <trkpt lat="45.7841580" lon="4.7295020">
    <ele>278.6</ele>
    <time>2023-09-11T14:37:00Z</time>
   </trkpt>
   <trkpt lat="45.7841550" lon="4.7295270">
    <ele>278.6</ele>
    <time>2023-09-11T14:37:01Z</time>
   </trkpt>
   <trkpt lat="45.7841460" lon="4.7295730">
    <ele>278.5</ele>
    <time>2023-09-11T14:37:02Z</time>
   </trkpt>
   <trkpt lat="45.7841500" lon="4.7296270">
    <ele>278.4</ele>
    <time>2023-09-11T14:37:03Z</time>
   </trkpt>
   <trkpt lat="45.7841410" lon="4.7296720">
    <ele>278.3</ele>
    <time>2023-09-11T14:37:04Z</time>
   </trkpt>
   <trkpt lat="45.7841290" lon="4.7297120">
    <ele>278.2</ele>
    <time>2023-09-11T14:37:05Z</time>
   </trkpt>
   <trkpt lat="45.7840890" lon="4.7297720">
    <ele>278.0</ele>
    <time>2023-09-11T14:37:06Z</time>
   </trkpt>
   <trkpt lat="45.7840740" lon="4.7298170">
    <ele>277.8</ele>
    <time>2023-09-11T14:37:07Z</time>
   </trkpt>
   <trkpt lat="45.7840720" lon="4.7298630">
    <ele>277.7</ele>
    <time>2023-09-11T14:37:08Z</time>
   </trkpt>
   <trkpt lat="45.7840760" lon="4.7299040">
    <ele>277.7</ele>
    <time>2023-09-11T14:37:09Z</time>
   </trkpt>
   <trkpt lat="45.7840570" lon="4.7299490">
    <ele>277.5</ele>
    <time>2023-09-11T14:37:10Z</time>
   </trkpt>
   <trkpt lat="45.7840460" lon="4.7299990">
    <ele>277.5</ele>
    <time>2023-09-11T14:37:11Z</time>
   </trkpt>
   <trkpt lat="45.7840380" lon="4.7300130">
    <ele>277.4</ele>
    <time>2023-09-11T14:37:12Z</time>
   </trkpt>
   <trkpt lat="45.7840270" lon="4.7300590">
    <ele>277.3</ele>
    <time>2023-09-11T14:37:13Z</time>
   </trkpt>
   <trkpt lat="45.7840260" lon="4.7300770">
    <ele>277.3</ele>
    <time>2023-09-11T14:37:14Z</time>
   </trkpt>
   <trkpt lat="45.7840310" lon="4.7301230">
    <ele>277.2</ele>
    <time>2023-09-11T14:37:15Z</time>
   </trkpt>
   <trkpt lat="45.7840470" lon="4.7301820">
    <ele>277.0</ele>
    <time>2023-09-11T14:37:16Z</time>
   </trkpt>
   <trkpt lat="45.7840570" lon="4.7302100">
    <ele>277.0</ele>
    <time>2023-09-11T14:37:17Z</time>
   </trkpt>
   <trkpt lat="45.7840460" lon="4.7302640">
    <ele>276.9</ele>
    <time>2023-09-11T14:37:18Z</time>
   </trkpt>
   <trkpt lat="45.7840460" lon="4.7302850">
    <ele>276.8</ele>
    <time>2023-09-11T14:37:19Z</time>
   </trkpt>
   <trkpt lat="45.7840670" lon="4.7303470">
    <ele>276.7</ele>
    <time>2023-09-11T14:37:20Z</time>
   </trkpt>
   <trkpt lat="45.7840730" lon="4.7303750">
    <ele>276.6</ele>
    <time>2023-09-11T14:37:21Z</time>
   </trkpt>
   <trkpt lat="45.7840820" lon="4.7304250">
    <ele>276.5</ele>
    <time>2023-09-11T14:37:22Z</time>
   </trkpt>
   <trkpt lat="45.7841090" lon="4.7304550">
    <ele>276.4</ele>
    <time>2023-09-11T14:37:23Z</time>
   </trkpt>
   <trkpt lat="45.7841460" lon="4.7305000">
    <ele>276.3</ele>
    <time>2023-09-11T14:37:24Z</time>
   </trkpt>
   <trkpt lat="45.7841660" lon="4.7305480">
    <ele>276.3</ele>
    <time>2023-09-11T14:37:25Z</time>
   </trkpt>
   <trkpt lat="45.7841740" lon="4.7305640">
    <ele>276.3</ele>
    <time>2023-09-11T14:37:26Z</time>
   </trkpt>
   <trkpt lat="45.7842080" lon="4.7305920">
    <ele>276.3</ele>
    <time>2023-09-11T14:37:27Z</time>
   </trkpt>
   <trkpt lat="45.7842200" lon="4.7305980">
    <ele>276.3</ele>
    <time>2023-09-11T14:37:28Z</time>
   </trkpt>
   <trkpt lat="45.7842440" lon="4.7306320">
    <ele>276.3</ele>
    <time>2023-09-11T14:37:29Z</time>
   </trkpt>
   <trkpt lat="45.7842640" lon="4.7306700">
    <ele>276.4</ele>
    <time>2023-09-11T14:37:30Z</time>
   </trkpt>
   <trkpt lat="45.7842720" lon="4.7306830">
    <ele>276.4</ele>
    <time>2023-09-11T14:37:31Z</time>
   </trkpt>
   <trkpt lat="45.7843020" lon="4.7307110">
    <ele>276.4</ele>
    <time>2023-09-11T14:37:32Z</time>
   </trkpt>
   <trkpt lat="45.7843350" lon="4.7307170">
    <ele>276.4</ele>
    <time>2023-09-11T14:37:33Z</time>
   </trkpt>
   <trkpt lat="45.7843660" lon="4.7307220">
    <ele>276.4</ele>
    <time>2023-09-11T14:37:34Z</time>
   </trkpt>
   <trkpt lat="45.7843960" lon="4.7307410">
    <ele>276.4</ele>
    <time>2023-09-11T14:37:35Z</time>
   </trkpt>
   <trkpt lat="45.7844100" lon="4.7307410">
    <ele>276.4</ele>
    <time>2023-09-11T14:37:36Z</time>
   </trkpt>
   <trkpt lat="45.7844430" lon="4.7307590">
    <ele>276.4</ele>
    <time>2023-09-11T14:37:37Z</time>
   </trkpt>
   <trkpt lat="45.7844530" lon="4.7307670">
    <ele>276.4</ele>
    <time>2023-09-11T14:37:38Z</time>
   </trkpt>
   <trkpt lat="45.7844830" lon="4.7307700">
    <ele>276.4</ele>
    <time>2023-09-11T14:37:39Z</time>
   </trkpt>
   <trkpt lat="45.7845140" lon="4.7307930">
    <ele>276.4</ele>
    <time>2023-09-11T14:37:40Z</time>
   </trkpt>
   <trkpt lat="45.7845620" lon="4.7308020">
    <ele>276.3</ele>
    <time>2023-09-11T14:37:41Z</time>
   </trkpt>
   <trkpt lat="45.7846010" lon="4.7308070">
    <ele>276.3</ele>
    <time>2023-09-11T14:37:42Z</time>
   </trkpt>
   <trkpt lat="45.7846340" lon="4.7308080">
    <ele>276.4</ele>
    <time>2023-09-11T14:37:43Z</time>
   </trkpt>
   <trkpt lat="45.7846680" lon="4.7307940">
    <ele>276.5</ele>
    <time>2023-09-11T14:37:44Z</time>
   </trkpt>
   <trkpt lat="45.7846970" lon="4.7307770">
    <ele>276.6</ele>
    <time>2023-09-11T14:37:45Z</time>
   </trkpt>
   <trkpt lat="45.7847290" lon="4.7307980">
    <ele>276.7</ele>
    <time>2023-09-11T14:37:46Z</time>
   </trkpt>
   <trkpt lat="45.7847610" lon="4.7308020">
    <ele>276.8</ele>
    <time>2023-09-11T14:37:47Z</time>
   </trkpt>
   <trkpt lat="45.7847780" lon="4.7307910">
    <ele>276.9</ele>
    <time>2023-09-11T14:37:48Z</time>
   </trkpt>
   <trkpt lat="45.7848110" lon="4.7307680">
    <ele>277.0</ele>
    <time>2023-09-11T14:37:49Z</time>
   </trkpt>
   <trkpt lat="45.7848350" lon="4.7307430">
    <ele>277.1</ele>
    <time>2023-09-11T14:37:50Z</time>
   </trkpt>
   <trkpt lat="45.7848540" lon="4.7306880">
    <ele>277.3</ele>
    <time>2023-09-11T14:37:51Z</time>
   </trkpt>
   <trkpt lat="45.7848650" lon="4.7306670">
    <ele>277.3</ele>
    <time>2023-09-11T14:37:52Z</time>
   </trkpt>
   <trkpt lat="45.7848830" lon="4.7306330">
    <ele>277.4</ele>
    <time>2023-09-11T14:37:53Z</time>
   </trkpt>
   <trkpt lat="45.7849020" lon="4.7306010">
    <ele>277.5</ele>
    <time>2023-09-11T14:37:54Z</time>
   </trkpt>
   <trkpt lat="45.7849300" lon="4.7305800">
    <ele>277.6</ele>
    <time>2023-09-11T14:37:55Z</time>
   </trkpt>
   <trkpt lat="45.7849630" lon="4.7305660">
    <ele>277.7</ele>
    <time>2023-09-11T14:37:56Z</time>
   </trkpt>
   <trkpt lat="45.7849890" lon="4.7305450">
    <ele>277.4</ele>
    <time>2023-09-11T14:37:57Z</time>
   </trkpt>
   <trkpt lat="45.7850280" lon="4.7305310">
    <ele>277.4</ele>
    <time>2023-09-11T14:37:58Z</time>
   </trkpt>
   <trkpt lat="45.7850420" lon="4.7305340">
    <ele>277.4</ele>
    <time>2023-09-11T14:37:59Z</time>
   </trkpt>
   <trkpt lat="45.7850740" lon="4.7305300">
    <ele>277.3</ele>
    <time>2023-09-11T14:38:00Z</time>
   </trkpt>
   <trkpt lat="45.7851140" lon="4.7305330">
    <ele>277.3</ele>
    <time>2023-09-11T14:38:01Z</time>
   </trkpt>
   <trkpt lat="45.7851310" lon="4.7305340">
    <ele>277.2</ele>
    <time>2023-09-11T14:38:02Z</time>
   </trkpt>
   <trkpt lat="45.7851670" lon="4.7305310">
    <ele>277.2</ele>
    <time>2023-09-11T14:38:03Z</time>
   </trkpt>
   <trkpt lat="45.7851940" lon="4.7305090">
    <ele>277.1</ele>
    <time>2023-09-11T14:38:04Z</time>
   </trkpt>
   <trkpt lat="45.7852200" lon="4.7305140">
    <ele>277.1</ele>
    <time>2023-09-11T14:38:05Z</time>
   </trkpt>
   <trkpt lat="45.7852380" lon="4.7305190">
    <ele>277.1</ele>
    <time>2023-09-11T14:38:06Z</time>
   </trkpt>
   <trkpt lat="45.7852820" lon="4.7305140">
    <ele>277.0</ele>
    <time>2023-09-11T14:38:07Z</time>
   </trkpt>
   <trkpt lat="45.7853150" lon="4.7305070">
    <ele>277.0</ele>
    <time>2023-09-11T14:38:08Z</time>
   </trkpt>
   <trkpt lat="45.7853560" lon="4.7305000">
    <ele>276.9</ele>
    <time>2023-09-11T14:38:09Z</time>
   </trkpt>
   <trkpt lat="45.7853740" lon="4.7304910">
    <ele>276.9</ele>
    <time>2023-09-11T14:38:10Z</time>
   </trkpt>
   <trkpt lat="45.7854030" lon="4.7304660">
    <ele>276.8</ele>
    <time>2023-09-11T14:38:11Z</time>
   </trkpt>
   <trkpt lat="45.7854540" lon="4.7304590">
    <ele>276.8</ele>
    <time>2023-09-11T14:38:12Z</time>
   </trkpt>
   <trkpt lat="45.7854830" lon="4.7304550">
    <ele>276.7</ele>
    <time>2023-09-11T14:38:13Z</time>
   </trkpt>
   <trkpt lat="45.7855200" lon="4.7304450">
    <ele>276.7</ele>
    <time>2023-09-11T14:38:14Z</time>
   </trkpt>
   <trkpt lat="45.7855650" lon="4.7304400">
    <ele>276.6</ele>
    <time>2023-09-11T14:38:15Z</time>
   </trkpt>
   <trkpt lat="45.7855850" lon="4.7304430">
    <ele>276.6</ele>
    <time>2023-09-11T14:38:16Z</time>
   </trkpt>
   <trkpt lat="45.7856140" lon="4.7304410">
    <ele>276.6</ele>
    <time>2023-09-11T14:38:17Z</time>
   </trkpt>
   <trkpt lat="45.7856470" lon="4.7304250">
    <ele>276.5</ele>
    <time>2023-09-11T14:38:18Z</time>
   </trkpt>
   <trkpt lat="45.7856570" lon="4.7304240">
    <ele>276.5</ele>
    <time>2023-09-11T14:38:19Z</time>
   </trkpt>
   <trkpt lat="45.7856960" lon="4.7304170">
    <ele>276.4</ele>
    <time>2023-09-11T14:38:20Z</time>
   </trkpt>
   <trkpt lat="45.7857320" lon="4.7304210">
    <ele>276.4</ele>
    <time>2023-09-11T14:38:21Z</time>
   </trkpt>
   <trkpt lat="45.7857550" lon="4.7303950">
    <ele>276.4</ele>
    <time>2023-09-11T14:38:22Z</time>
   </trkpt>
   <trkpt lat="45.7857800" lon="4.7303800">
    <ele>276.3</ele>
    <time>2023-09-11T14:38:23Z</time>
   </trkpt>
   <trkpt lat="45.7858090" lon="4.7303650">
    <ele>276.3</ele>
    <time>2023-09-11T14:38:24Z</time>
   </trkpt>
   <trkpt lat="45.7858390" lon="4.7303640">
    <ele>276.2</ele>
    <time>2023-09-11T14:38:25Z</time>
   </trkpt>
   <trkpt lat="45.7858890" lon="4.7303530">
    <ele>276.2</ele>
    <time>2023-09-11T14:38:26Z</time>
   </trkpt>
   <trkpt lat="45.7859150" lon="4.7303390">
    <ele>276.1</ele>
    <time>2023-09-11T14:38:27Z</time>
   </trkpt>
   <trkpt lat="45.7859520" lon="4.7303320">
    <ele>276.1</ele>
    <time>2023-09-11T14:38:28Z</time>
   </trkpt>
   <trkpt lat="45.7859630" lon="4.7303250">
    <ele>276.1</ele>
    <time>2023-09-11T14:38:29Z</time>
   </trkpt>
   <trkpt lat="45.7859870" lon="4.7303030">
    <ele>276.0</ele>
    <time>2023-09-11T14:38:30Z</time>
   </trkpt>
   <trkpt lat="45.7860150" lon="4.7303250">
    <ele>276.0</ele>
    <time>2023-09-11T14:38:31Z</time>
   </trkpt>
   <trkpt lat="45.7860440" lon="4.7303180">
    <ele>275.9</ele>
    <time>2023-09-11T14:38:32Z</time>
   </trkpt>
   <trkpt lat="45.7860830" lon="4.7303000">
    <ele>275.8</ele>
    <time>2023-09-11T14:38:33Z</time>
   </trkpt>
   <trkpt lat="45.7860970" lon="4.7302940">
    <ele>275.7</ele>
    <time>2023-09-11T14:38:34Z</time>
   </trkpt>
   <trkpt lat="45.7861270" lon="4.7302820">
    <ele>275.6</ele>
    <time>2023-09-11T14:38:35Z</time>
   </trkpt>
   <trkpt lat="45.7861410" lon="4.7302790">
    <ele>275.5</ele>
    <time>2023-09-11T14:38:36Z</time>
   </trkpt>
   <trkpt lat="45.7861780" lon="4.7302600">
    <ele>275.4</ele>
    <time>2023-09-11T14:38:37Z</time>
   </trkpt>
   <trkpt lat="45.7861940" lon="4.7302550">
    <ele>275.3</ele>
    <time>2023-09-11T14:38:38Z</time>
   </trkpt>
   <trkpt lat="45.7862200" lon="4.7302450">
    <ele>275.2</ele>
    <time>2023-09-11T14:38:39Z</time>
   </trkpt>
   <trkpt lat="45.7862480" lon="4.7302460">
    <ele>275.1</ele>
    <time>2023-09-11T14:38:40Z</time>
   </trkpt>
   <trkpt lat="45.7862900" lon="4.7302410">
    <ele>275.0</ele>
    <time>2023-09-11T14:38:41Z</time>
   </trkpt>
   <trkpt lat="45.7863110" lon="4.7302300">
    <ele>274.9</ele>
    <time>2023-09-11T14:38:42Z</time>
   </trkpt>
   <trkpt lat="45.7863340" lon="4.7301940">
    <ele>275.0</ele>
    <time>2023-09-11T14:38:43Z</time>
   </trkpt>
   <trkpt lat="45.7863510" lon="4.7301530">
    <ele>275.0</ele>
    <time>2023-09-11T14:38:44Z</time>
   </trkpt>
   <trkpt lat="45.7863420" lon="4.7301130">
    <ele>275.1</ele>
    <time>2023-09-11T14:38:45Z</time>
   </trkpt>
   <trkpt lat="45.7863170" lon="4.7300680">
    <ele>275.1</ele>
    <time>2023-09-11T14:38:46Z</time>
   </trkpt>
   <trkpt lat="45.7863150" lon="4.7300320">
    <ele>275.1</ele>
    <time>2023-09-11T14:38:47Z</time>
   </trkpt>
   <trkpt lat="45.7863140" lon="4.7300190">
    <ele>275.1</ele>
    <time>2023-09-11T14:38:48Z</time>
   </trkpt>
   <trkpt lat="45.7863110" lon="4.7300170">
    <ele>275.2</ele>
    <time>2023-09-11T14:38:49Z</time>
   </trkpt>
   <trkpt lat="45.7863070" lon="4.7299970">
    <ele>275.2</ele>
    <time>2023-09-11T14:38:50Z</time>
   </trkpt>
   <trkpt lat="45.7863020" lon="4.7299710">
    <ele>275.2</ele>
    <time>2023-09-11T14:38:51Z</time>
   </trkpt>
   <trkpt lat="45.7862970" lon="4.7299490">
    <ele>275.2</ele>
    <time>2023-09-11T14:38:52Z</time>
   </trkpt>
   <trkpt lat="45.7862960" lon="4.7299290">
    <ele>275.2</ele>
    <time>2023-09-11T14:38:53Z</time>
   </trkpt>
   <trkpt lat="45.7863020" lon="4.7298780">
    <ele>275.3</ele>
    <time>2023-09-11T14:38:54Z</time>
   </trkpt>
   <trkpt lat="45.7863020" lon="4.7297940">
    <ele>275.4</ele>
    <time>2023-09-11T14:38:55Z</time>
   </trkpt>
   <trkpt lat="45.7863030" lon="4.7297120">
    <ele>275.5</ele>
    <time>2023-09-11T14:38:56Z</time>
   </trkpt>
   <trkpt lat="45.7863020" lon="4.7296690">
    <ele>275.5</ele>
    <time>2023-09-11T14:38:57Z</time>
   </trkpt>
   <trkpt lat="45.7863020" lon="4.7296240">
    <ele>275.6</ele>
    <time>2023-09-11T14:38:58Z</time>
   </trkpt>
   <trkpt lat="45.7862870" lon="4.7295860">
    <ele>275.6</ele>
    <time>2023-09-11T14:38:59Z</time>
   </trkpt>
   <trkpt lat="45.7862790" lon="4.7295360">
    <ele>275.7</ele>
    <time>2023-09-11T14:39:00Z</time>
   </trkpt>
   <trkpt lat="45.7862810" lon="4.7294970">
    <ele>275.7</ele>
    <time>2023-09-11T14:39:01Z</time>
   </trkpt>
   <trkpt lat="45.7862830" lon="4.7294510">
    <ele>275.8</ele>
    <time>2023-09-11T14:39:02Z</time>
   </trkpt>
   <trkpt lat="45.7862900" lon="4.7294020">
    <ele>275.9</ele>
    <time>2023-09-11T14:39:03Z</time>
   </trkpt>
   <trkpt lat="45.7862690" lon="4.7293540">
    <ele>276.0</ele>
    <time>2023-09-11T14:39:04Z</time>
   </trkpt>
   <trkpt lat="45.7862600" lon="4.7293340">
    <ele>276.0</ele>
    <time>2023-09-11T14:39:05Z</time>
   </trkpt>
   <trkpt lat="45.7862700" lon="4.7292940">
    <ele>276.0</ele>
    <time>2023-09-11T14:39:06Z</time>
   </trkpt>
   <trkpt lat="45.7862720" lon="4.7292510">
    <ele>276.1</ele>
    <time>2023-09-11T14:39:07Z</time>
   </trkpt>
   <trkpt lat="45.7862750" lon="4.7292040">
    <ele>276.2</ele>
    <time>2023-09-11T14:39:08Z</time>
   </trkpt>
   <trkpt lat="45.7862730" lon="4.7291530">
    <ele>276.3</ele>
    <time>2023-09-11T14:39:09Z</time>
   </trkpt>
   <trkpt lat="45.7862810" lon="4.7291120">
    <ele>276.3</ele>
    <time>2023-09-11T14:39:10Z</time>
   </trkpt>
   <trkpt lat="45.7862840" lon="4.7290510">
    <ele>276.4</ele>
    <time>2023-09-11T14:39:11Z</time>
   </trkpt>
   <trkpt lat="45.7862840" lon="4.7290270">
    <ele>276.5</ele>
    <time>2023-09-11T14:39:12Z</time>
   </trkpt>
   <trkpt lat="45.7862810" lon="4.7289850">
    <ele>276.5</ele>
    <time>2023-09-11T14:39:13Z</time>
   </trkpt>
   <trkpt lat="45.7862940" lon="4.7289360">
    <ele>276.7</ele>
    <time>2023-09-11T14:39:14Z</time>
   </trkpt>
   <trkpt lat="45.7863010" lon="4.7289210">
    <ele>276.7</ele>
    <time>2023-09-11T14:39:15Z</time>
   </trkpt>
   <trkpt lat="45.7863120" lon="4.7288740">
    <ele>276.8</ele>
    <time>2023-09-11T14:39:16Z</time>
   </trkpt>
   <trkpt lat="45.7863130" lon="4.7288550">
    <ele>276.9</ele>
    <time>2023-09-11T14:39:17Z</time>
   </trkpt>
   <trkpt lat="45.7863210" lon="4.7288000">
    <ele>277.0</ele>
    <time>2023-09-11T14:39:18Z</time>
   </trkpt>
   <trkpt lat="45.7863260" lon="4.7287770">
    <ele>277.0</ele>
    <time>2023-09-11T14:39:19Z</time>
   </trkpt>
   <trkpt lat="45.7863260" lon="4.7287370">
    <ele>277.1</ele>
    <time>2023-09-11T14:39:20Z</time>
   </trkpt>
   <trkpt lat="45.7863360" lon="4.7286800">
    <ele>277.3</ele>
    <time>2023-09-11T14:39:21Z</time>
   </trkpt>
   <trkpt lat="45.7863380" lon="4.7286580">
    <ele>277.3</ele>
    <time>2023-09-11T14:39:22Z</time>
   </trkpt>
   <trkpt lat="45.7863490" lon="4.7286030">
    <ele>277.4</ele>
    <time>2023-09-11T14:39:23Z</time>
   </trkpt>
   <trkpt lat="45.7863510" lon="4.7285830">
    <ele>277.5</ele>
    <time>2023-09-11T14:39:24Z</time>
   </trkpt>
   <trkpt lat="45.7863760" lon="4.7285360">
    <ele>277.6</ele>
    <time>2023-09-11T14:39:25Z</time>
   </trkpt>
   <trkpt lat="45.7863820" lon="4.7284800">
    <ele>277.7</ele>
    <time>2023-09-11T14:39:26Z</time>
   </trkpt>
   <trkpt lat="45.7863860" lon="4.7284600">
    <ele>277.8</ele>
    <time>2023-09-11T14:39:27Z</time>
   </trkpt>
   <trkpt lat="45.7863990" lon="4.7284200">
    <ele>277.8</ele>
    <time>2023-09-11T14:39:28Z</time>
   </trkpt>
   <trkpt lat="45.7863990" lon="4.7283810">
    <ele>277.9</ele>
    <time>2023-09-11T14:39:29Z</time>
   </trkpt>
   <trkpt lat="45.7864040" lon="4.7283370">
    <ele>278.0</ele>
    <time>2023-09-11T14:39:30Z</time>
   </trkpt>
   <trkpt lat="45.7864230" lon="4.7282960">
    <ele>278.0</ele>
    <time>2023-09-11T14:39:31Z</time>
   </trkpt>
   <trkpt lat="45.7864250" lon="4.7282850">
    <ele>278.0</ele>
    <time>2023-09-11T14:39:32Z</time>
   </trkpt>
   <trkpt lat="45.7864420" lon="4.7282390">
    <ele>278.1</ele>
    <time>2023-09-11T14:39:33Z</time>
   </trkpt>
   <trkpt lat="45.7864520" lon="4.7281990">
    <ele>278.1</ele>
    <time>2023-09-11T14:39:34Z</time>
   </trkpt>
   <trkpt lat="45.7864610" lon="4.7281510">
    <ele>278.1</ele>
    <time>2023-09-11T14:39:35Z</time>
   </trkpt>
   <trkpt lat="45.7864850" lon="4.7281160">
    <ele>278.2</ele>
    <time>2023-09-11T14:39:36Z</time>
   </trkpt>
   <trkpt lat="45.7864960" lon="4.7280620">
    <ele>278.2</ele>
    <time>2023-09-11T14:39:37Z</time>
   </trkpt>
   <trkpt lat="45.7865000" lon="4.7280420">
    <ele>278.2</ele>
    <time>2023-09-11T14:39:38Z</time>
   </trkpt>
   <trkpt lat="45.7864930" lon="4.7279970">
    <ele>278.2</ele>
    <time>2023-09-11T14:39:39Z</time>
   </trkpt>
   <trkpt lat="45.7865130" lon="4.7279620">
    <ele>278.2</ele>
    <time>2023-09-11T14:39:40Z</time>
   </trkpt>
   <trkpt lat="45.7865170" lon="4.7279140">
    <ele>278.2</ele>
    <time>2023-09-11T14:39:41Z</time>
   </trkpt>
   <trkpt lat="45.7865530" lon="4.7278870">
    <ele>278.3</ele>
    <time>2023-09-11T14:39:42Z</time>
   </trkpt>
   <trkpt lat="45.7865720" lon="4.7278420">
    <ele>278.3</ele>
    <time>2023-09-11T14:39:43Z</time>
   </trkpt>
   <trkpt lat="45.7865850" lon="4.7278000">
    <ele>278.3</ele>
    <time>2023-09-11T14:39:44Z</time>
   </trkpt>
   <trkpt lat="45.7866090" lon="4.7277720">
    <ele>278.3</ele>
    <time>2023-09-11T14:39:45Z</time>
   </trkpt>
   <trkpt lat="45.7866350" lon="4.7277460">
    <ele>278.3</ele>
    <time>2023-09-11T14:39:46Z</time>
   </trkpt>
   <trkpt lat="45.7866540" lon="4.7277150">
    <ele>278.3</ele>
    <time>2023-09-11T14:39:47Z</time>
   </trkpt>
   <trkpt lat="45.7866800" lon="4.7276740">
    <ele>278.4</ele>
    <time>2023-09-11T14:39:48Z</time>
   </trkpt>
   <trkpt lat="45.7866910" lon="4.7276600">
    <ele>278.4</ele>
    <time>2023-09-11T14:39:49Z</time>
   </trkpt>
   <trkpt lat="45.7867050" lon="4.7276190">
    <ele>278.4</ele>
    <time>2023-09-11T14:39:50Z</time>
   </trkpt>
   <trkpt lat="45.7867240" lon="4.7275870">
    <ele>278.4</ele>
    <time>2023-09-11T14:39:51Z</time>
   </trkpt>
   <trkpt lat="45.7867580" lon="4.7275690">
    <ele>278.4</ele>
    <time>2023-09-11T14:39:52Z</time>
   </trkpt>
   <trkpt lat="45.7867900" lon="4.7275300">
    <ele>278.5</ele>
    <time>2023-09-11T14:39:53Z</time>
   </trkpt>
   <trkpt lat="45.7868020" lon="4.7275160">
    <ele>278.5</ele>
    <time>2023-09-11T14:39:54Z</time>
   </trkpt>
   <trkpt lat="45.7868330" lon="4.7274980">
    <ele>278.5</ele>
    <time>2023-09-11T14:39:55Z</time>
   </trkpt>
   <trkpt lat="45.7868480" lon="4.7274790">
    <ele>278.5</ele>
    <time>2023-09-11T14:39:56Z</time>
   </trkpt>
   <trkpt lat="45.7868860" lon="4.7274570">
    <ele>278.6</ele>
    <time>2023-09-11T14:39:57Z</time>
   </trkpt>
   <trkpt lat="45.7868970" lon="4.7274430">
    <ele>278.6</ele>
    <time>2023-09-11T14:39:58Z</time>
   </trkpt>
   <trkpt lat="45.7869310" lon="4.7274270">
    <ele>278.6</ele>
    <time>2023-09-11T14:39:59Z</time>
   </trkpt>
   <trkpt lat="45.7869610" lon="4.7274050">
    <ele>278.6</ele>
    <time>2023-09-11T14:40:00Z</time>
   </trkpt>
   <trkpt lat="45.7869910" lon="4.7274050">
    <ele>278.7</ele>
    <time>2023-09-11T14:40:01Z</time>
   </trkpt>
   <trkpt lat="45.7870220" lon="4.7274190">
    <ele>278.7</ele>
    <time>2023-09-11T14:40:02Z</time>
   </trkpt>
   <trkpt lat="45.7870380" lon="4.7274120">
    <ele>278.7</ele>
    <time>2023-09-11T14:40:03Z</time>
   </trkpt>
   <trkpt lat="45.7870760" lon="4.7274180">
    <ele>278.7</ele>
    <time>2023-09-11T14:40:04Z</time>
   </trkpt>
   <trkpt lat="45.7870920" lon="4.7274150">
    <ele>278.7</ele>
    <time>2023-09-11T14:40:05Z</time>
   </trkpt>
   <trkpt lat="45.7871270" lon="4.7274170">
    <ele>278.7</ele>
    <time>2023-09-11T14:40:06Z</time>
   </trkpt>
   <trkpt lat="45.7871430" lon="4.7274190">
    <ele>278.7</ele>
    <time>2023-09-11T14:40:07Z</time>
   </trkpt>
   <trkpt lat="45.7871870" lon="4.7274230">
    <ele>278.7</ele>
    <time>2023-09-11T14:40:08Z</time>
   </trkpt>
   <trkpt lat="45.7872180" lon="4.7274270">
    <ele>278.7</ele>
    <time>2023-09-11T14:40:09Z</time>
   </trkpt>
   <trkpt lat="45.7872290" lon="4.7274310">
    <ele>278.7</ele>
    <time>2023-09-11T14:40:10Z</time>
   </trkpt>
   <trkpt lat="45.7872640" lon="4.7274370">
    <ele>278.7</ele>
    <time>2023-09-11T14:40:11Z</time>
   </trkpt>
   <trkpt lat="45.7872930" lon="4.7274600">
    <ele>278.7</ele>
    <time>2023-09-11T14:40:12Z</time>
   </trkpt>
   <trkpt lat="45.7873140" lon="4.7274910">
    <ele>278.7</ele>
    <time>2023-09-11T14:40:13Z</time>
   </trkpt>
   <trkpt lat="45.7873510" lon="4.7275100">
    <ele>278.7</ele>
    <time>2023-09-11T14:40:14Z</time>
   </trkpt>
   <trkpt lat="45.7873630" lon="4.7275150">
    <ele>278.7</ele>
    <time>2023-09-11T14:40:15Z</time>
   </trkpt>
   <trkpt lat="45.7873940" lon="4.7275210">
    <ele>278.7</ele>
    <time>2023-09-11T14:40:16Z</time>
   </trkpt>
   <trkpt lat="45.7874310" lon="4.7275250">
    <ele>278.7</ele>
    <time>2023-09-11T14:40:17Z</time>
   </trkpt>
   <trkpt lat="45.7874720" lon="4.7275320">
    <ele>278.6</ele>
    <time>2023-09-11T14:40:18Z</time>
   </trkpt>
   <trkpt lat="45.7874910" lon="4.7275340">
    <ele>278.6</ele>
    <time>2023-09-11T14:40:19Z</time>
   </trkpt>
   <trkpt lat="45.7875280" lon="4.7275370">
    <ele>278.5</ele>
    <time>2023-09-11T14:40:20Z</time>
   </trkpt>
   <trkpt lat="45.7875650" lon="4.7275520">
    <ele>278.4</ele>
    <time>2023-09-11T14:40:21Z</time>
   </trkpt>
   <trkpt lat="45.7875820" lon="4.7275560">
    <ele>278.4</ele>
    <time>2023-09-11T14:40:22Z</time>
   </trkpt>
   <trkpt lat="45.7876250" lon="4.7275500">
    <ele>278.2</ele>
    <time>2023-09-11T14:40:23Z</time>
   </trkpt>
   <trkpt lat="45.7876560" lon="4.7275660">
    <ele>278.2</ele>
    <time>2023-09-11T14:40:24Z</time>
   </trkpt>
   <trkpt lat="45.7876840" lon="4.7275700">
    <ele>278.1</ele>
    <time>2023-09-11T14:40:25Z</time>
   </trkpt>
   <trkpt lat="45.7877060" lon="4.7275490">
    <ele>278.0</ele>
    <time>2023-09-11T14:40:26Z</time>
   </trkpt>
   <trkpt lat="45.7877150" lon="4.7275400">
    <ele>278.0</ele>
    <time>2023-09-11T14:40:27Z</time>
   </trkpt>
   <trkpt lat="45.7877570" lon="4.7275120">
    <ele>277.8</ele>
    <time>2023-09-11T14:40:28Z</time>
   </trkpt>
   <trkpt lat="45.7877740" lon="4.7274970">
    <ele>277.7</ele>
    <time>2023-09-11T14:40:29Z</time>
   </trkpt>
   <trkpt lat="45.7878000" lon="4.7274660">
    <ele>277.6</ele>
    <time>2023-09-11T14:40:30Z</time>
   </trkpt>
   <trkpt lat="45.7878330" lon="4.7274450">
    <ele>277.5</ele>
    <time>2023-09-11T14:40:31Z</time>
   </trkpt>
   <trkpt lat="45.7878440" lon="4.7274290">
    <ele>277.4</ele>
    <time>2023-09-11T14:40:32Z</time>
   </trkpt>
   <trkpt lat="45.7878820" lon="4.7274110">
    <ele>277.2</ele>
    <time>2023-09-11T14:40:33Z</time>
   </trkpt>
   <trkpt lat="45.7878940" lon="4.7274050">
    <ele>277.2</ele>
    <time>2023-09-11T14:40:34Z</time>
   </trkpt>
   <trkpt lat="45.7879260" lon="4.7273860">
    <ele>276.9</ele>
    <time>2023-09-11T14:40:35Z</time>
   </trkpt>
   <trkpt lat="45.7879500" lon="4.7273630">
    <ele>276.8</ele>
    <time>2023-09-11T14:40:36Z</time>
   </trkpt>
   <trkpt lat="45.7879800" lon="4.7273610">
    <ele>276.6</ele>
    <time>2023-09-11T14:40:37Z</time>
   </trkpt>
   <trkpt lat="45.7880130" lon="4.7273510">
    <ele>276.3</ele>
    <time>2023-09-11T14:40:38Z</time>
   </trkpt>
   <trkpt lat="45.7880540" lon="4.7273400">
    <ele>276.0</ele>
    <time>2023-09-11T14:40:39Z</time>
   </trkpt>
   <trkpt lat="45.7880690" lon="4.7273250">
    <ele>275.9</ele>
    <time>2023-09-11T14:40:40Z</time>
   </trkpt>
   <trkpt lat="45.7880980" lon="4.7273060">
    <ele>275.7</ele>
    <time>2023-09-11T14:40:41Z</time>
   </trkpt>
   <trkpt lat="45.7881260" lon="4.7272880">
    <ele>275.4</ele>
    <time>2023-09-11T14:40:42Z</time>
   </trkpt>
   <trkpt lat="45.7881490" lon="4.7272570">
    <ele>275.2</ele>
    <time>2023-09-11T14:40:43Z</time>
   </trkpt>
   <trkpt lat="45.7881760" lon="4.7272330">
    <ele>274.9</ele>
    <time>2023-09-11T14:40:44Z</time>
   </trkpt>
   <trkpt lat="45.7882060" lon="4.7272160">
    <ele>274.7</ele>
    <time>2023-09-11T14:40:45Z</time>
   </trkpt>
   <trkpt lat="45.7882370" lon="4.7272030">
    <ele>274.4</ele>
    <time>2023-09-11T14:40:46Z</time>
   </trkpt>
   <trkpt lat="45.7882650" lon="4.7271860">
    <ele>274.2</ele>
    <time>2023-09-11T14:40:47Z</time>
   </trkpt>
   <trkpt lat="45.7882940" lon="4.7271720">
    <ele>273.9</ele>
    <time>2023-09-11T14:40:48Z</time>
   </trkpt>
   <trkpt lat="45.7883330" lon="4.7271470">
    <ele>273.6</ele>
    <time>2023-09-11T14:40:49Z</time>
   </trkpt>
   <trkpt lat="45.7883490" lon="4.7271420">
    <ele>273.5</ele>
    <time>2023-09-11T14:40:50Z</time>
   </trkpt>
   <trkpt lat="45.7883800" lon="4.7271240">
    <ele>273.3</ele>
    <time>2023-09-11T14:40:51Z</time>
   </trkpt>
   <trkpt lat="45.7884160" lon="4.7271090">
    <ele>273.0</ele>
    <time>2023-09-11T14:40:52Z</time>
   </trkpt>
   <trkpt lat="45.7884460" lon="4.7270910">
    <ele>272.8</ele>
    <time>2023-09-11T14:40:53Z</time>
   </trkpt>
   <trkpt lat="45.7884740" lon="4.7270670">
    <ele>272.6</ele>
    <time>2023-09-11T14:40:54Z</time>
   </trkpt>
   <trkpt lat="45.7885080" lon="4.7270400">
    <ele>272.3</ele>
    <time>2023-09-11T14:40:55Z</time>
   </trkpt>
   <trkpt lat="45.7885190" lon="4.7270270">
    <ele>272.2</ele>
    <time>2023-09-11T14:40:56Z</time>
   </trkpt>
   <trkpt lat="45.7885630" lon="4.7270060">
    <ele>271.9</ele>
    <time>2023-09-11T14:40:57Z</time>
   </trkpt>
   <trkpt lat="45.7885800" lon="4.7269920">
    <ele>271.8</ele>
    <time>2023-09-11T14:40:58Z</time>
   </trkpt>
   <trkpt lat="45.7886100" lon="4.7269700">
    <ele>271.6</ele>
    <time>2023-09-11T14:40:59Z</time>
   </trkpt>
   <trkpt lat="45.7886430" lon="4.7269490">
    <ele>271.4</ele>
    <time>2023-09-11T14:41:00Z</time>
   </trkpt>
   <trkpt lat="45.7886560" lon="4.7269380">
    <ele>271.3</ele>
    <time>2023-09-11T14:41:01Z</time>
   </trkpt>
   <trkpt lat="45.7886900" lon="4.7269280">
    <ele>271.0</ele>
    <time>2023-09-11T14:41:02Z</time>
   </trkpt>
   <trkpt lat="45.7887310" lon="4.7269100">
    <ele>270.7</ele>
    <time>2023-09-11T14:41:03Z</time>
   </trkpt>
   <trkpt lat="45.7887480" lon="4.7268970">
    <ele>270.6</ele>
    <time>2023-09-11T14:41:04Z</time>
   </trkpt>
   <trkpt lat="45.7887760" lon="4.7268700">
    <ele>270.4</ele>
    <time>2023-09-11T14:41:05Z</time>
   </trkpt>
   <trkpt lat="45.7888050" lon="4.7268560">
    <ele>270.1</ele>
    <time>2023-09-11T14:41:06Z</time>
   </trkpt>
   <trkpt lat="45.7888410" lon="4.7268200">
    <ele>269.8</ele>
    <time>2023-09-11T14:41:07Z</time>
   </trkpt>
   <trkpt lat="45.7888560" lon="4.7268040">
    <ele>269.7</ele>
    <time>2023-09-11T14:41:08Z</time>
   </trkpt>
   <trkpt lat="45.7888880" lon="4.7267860">
    <ele>269.5</ele>
    <time>2023-09-11T14:41:09Z</time>
   </trkpt>
   <trkpt lat="45.7889200" lon="4.7267730">
    <ele>269.2</ele>
    <time>2023-09-11T14:41:10Z</time>
   </trkpt>
   <trkpt lat="45.7889490" lon="4.7267620">
    <ele>269.0</ele>
    <time>2023-09-11T14:41:11Z</time>
   </trkpt>
   <trkpt lat="45.7889670" lon="4.7267280">
    <ele>268.8</ele>
    <time>2023-09-11T14:41:12Z</time>
   </trkpt>
   <trkpt lat="45.7889690" lon="4.7267140">
    <ele>268.7</ele>
    <time>2023-09-11T14:41:13Z</time>
   </trkpt>
   <trkpt lat="45.7889880" lon="4.7267100">
    <ele>268.6</ele>
    <time>2023-09-11T14:41:14Z</time>
   </trkpt>
   <trkpt lat="45.7890070" lon="4.7267060">
    <ele>268.5</ele>
    <time>2023-09-11T14:41:15Z</time>
   </trkpt>
   <trkpt lat="45.7890260" lon="4.7267020">
    <ele>268.4</ele>
    <time>2023-09-11T14:41:16Z</time>
   </trkpt>
   <trkpt lat="45.7890250" lon="4.7266870">
    <ele>268.3</ele>
    <time>2023-09-11T14:41:17Z</time>
   </trkpt>
   <trkpt lat="45.7890540" lon="4.7266960">
    <ele>268.1</ele>
    <time>2023-09-11T14:41:18Z</time>
   </trkpt>
   <trkpt lat="45.7890830" lon="4.7266950">
    <ele>267.9</ele>
    <time>2023-09-11T14:41:19Z</time>
   </trkpt>
   <trkpt lat="45.7890940" lon="4.7266910">
    <ele>267.9</ele>
    <time>2023-09-11T14:41:20Z</time>
   </trkpt>
   <trkpt lat="45.7891080" lon="4.7266720">
    <ele>267.8</ele>
    <time>2023-09-11T14:41:21Z</time>
   </trkpt>
   <trkpt lat="45.7891470" lon="4.7266880">
    <ele>267.5</ele>
    <time>2023-09-11T14:41:22Z</time>
   </trkpt>
   <trkpt lat="45.7891770" lon="4.7266750">
    <ele>267.3</ele>
    <time>2023-09-11T14:41:23Z</time>
   </trkpt>
   <trkpt lat="45.7891950" lon="4.7266780">
    <ele>267.2</ele>
    <time>2023-09-11T14:41:24Z</time>
   </trkpt>
   <trkpt lat="45.7892290" lon="4.7266920">
    <ele>267.0</ele>
    <time>2023-09-11T14:41:25Z</time>
   </trkpt>
   <trkpt lat="45.7892880" lon="4.7266680">
    <ele>266.5</ele>
    <time>2023-09-11T14:41:26Z</time>
   </trkpt>
   <trkpt lat="45.7892930" lon="4.7266850">
    <ele>266.5</ele>
    <time>2023-09-11T14:41:27Z</time>
   </trkpt>
   <trkpt lat="45.7893070" lon="4.7267110">
    <ele>266.0</ele>
    <time>2023-09-11T14:41:28Z</time>
   </trkpt>
   <trkpt lat="45.7893100" lon="4.7267640">
    <ele>265.9</ele>
    <time>2023-09-11T14:41:29Z</time>
   </trkpt>
   <trkpt lat="45.7893090" lon="4.7267950">
    <ele>265.8</ele>
    <time>2023-09-11T14:41:30Z</time>
   </trkpt>
   <trkpt lat="45.7893060" lon="4.7268130">
    <ele>265.7</ele>
    <time>2023-09-11T14:41:31Z</time>
   </trkpt>
   <trkpt lat="45.7892650" lon="4.7268320">
    <ele>265.5</ele>
    <time>2023-09-11T14:41:32Z</time>
   </trkpt>
   <trkpt lat="45.7892610" lon="4.7269030">
    <ele>265.3</ele>
    <time>2023-09-11T14:41:33Z</time>
   </trkpt>
   <trkpt lat="45.7892460" lon="4.7269470">
    <ele>265.2</ele>
    <time>2023-09-11T14:41:34Z</time>
   </trkpt>
   <trkpt lat="45.7892350" lon="4.7269650">
    <ele>265.1</ele>
    <time>2023-09-11T14:41:35Z</time>
   </trkpt>
   <trkpt lat="45.7891990" lon="4.7269990">
    <ele>264.9</ele>
    <time>2023-09-11T14:41:36Z</time>
   </trkpt>
   <trkpt lat="45.7891730" lon="4.7270150">
    <ele>264.8</ele>
    <time>2023-09-11T14:41:37Z</time>
   </trkpt>
   <trkpt lat="45.7891560" lon="4.7270190">
    <ele>264.7</ele>
    <time>2023-09-11T14:41:38Z</time>
   </trkpt>
   <trkpt lat="45.7891450" lon="4.7270550">
    <ele>264.6</ele>
    <time>2023-09-11T14:41:39Z</time>
   </trkpt>
   <trkpt lat="45.7891140" lon="4.7270810">
    <ele>264.4</ele>
    <time>2023-09-11T14:41:40Z</time>
   </trkpt>
   <trkpt lat="45.7891020" lon="4.7270880">
    <ele>264.3</ele>
    <time>2023-09-11T14:41:41Z</time>
   </trkpt>
   <trkpt lat="45.7890990" lon="4.7271690">
    <ele>264.1</ele>
    <time>2023-09-11T14:41:42Z</time>
   </trkpt>
   <trkpt lat="45.7890830" lon="4.7272260">
    <ele>263.8</ele>
    <time>2023-09-11T14:41:43Z</time>
   </trkpt>
   <trkpt lat="45.7890730" lon="4.7272460">
    <ele>263.7</ele>
    <time>2023-09-11T14:41:44Z</time>
   </trkpt>
   <trkpt lat="45.7890840" lon="4.7272990">
    <ele>263.5</ele>
    <time>2023-09-11T14:41:45Z</time>
   </trkpt>
   <trkpt lat="45.7890630" lon="4.7273330">
    <ele>263.3</ele>
    <time>2023-09-11T14:41:46Z</time>
   </trkpt>
   <trkpt lat="45.7890430" lon="4.7273740">
    <ele>263.1</ele>
    <time>2023-09-11T14:41:47Z</time>
   </trkpt>
   <trkpt lat="45.7890110" lon="4.7274170">
    <ele>262.9</ele>
    <time>2023-09-11T14:41:48Z</time>
   </trkpt>
   <trkpt lat="45.7890030" lon="4.7274610">
    <ele>262.7</ele>
    <time>2023-09-11T14:41:49Z</time>
   </trkpt>
   <trkpt lat="45.7889900" lon="4.7275080">
    <ele>262.5</ele>
    <time>2023-09-11T14:41:50Z</time>
   </trkpt>
   <trkpt lat="45.7889990" lon="4.7275600">
    <ele>262.3</ele>
    <time>2023-09-11T14:41:51Z</time>
   </trkpt>
   <trkpt lat="45.7890130" lon="4.7276150">
    <ele>262.0</ele>
    <time>2023-09-11T14:41:52Z</time>
   </trkpt>
   <trkpt lat="45.7890140" lon="4.7276640">
    <ele>261.8</ele>
    <time>2023-09-11T14:41:53Z</time>
   </trkpt>
   <trkpt lat="45.7890080" lon="4.7277030">
    <ele>261.7</ele>
    <time>2023-09-11T14:41:54Z</time>
   </trkpt>
   <trkpt lat="45.7890190" lon="4.7277540">
    <ele>261.4</ele>
    <time>2023-09-11T14:41:55Z</time>
   </trkpt>
   <trkpt lat="45.7890250" lon="4.7278070">
    <ele>261.2</ele>
    <time>2023-09-11T14:41:56Z</time>
   </trkpt>
   <trkpt lat="45.7890300" lon="4.7278650">
    <ele>261.0</ele>
    <time>2023-09-11T14:41:57Z</time>
   </trkpt>
   <trkpt lat="45.7890270" lon="4.7278870">
    <ele>260.9</ele>
    <time>2023-09-11T14:41:58Z</time>
   </trkpt>
   <trkpt lat="45.7890320" lon="4.7279350">
    <ele>260.6</ele>
    <time>2023-09-11T14:41:59Z</time>
   </trkpt>
   <trkpt lat="45.7890470" lon="4.7279750">
    <ele>260.4</ele>
    <time>2023-09-11T14:42:00Z</time>
   </trkpt>
   <trkpt lat="45.7890420" lon="4.7280190">
    <ele>260.2</ele>
    <time>2023-09-11T14:42:01Z</time>
   </trkpt>
   <trkpt lat="45.7890590" lon="4.7280610">
    <ele>260.0</ele>
    <time>2023-09-11T14:42:02Z</time>
   </trkpt>
   <trkpt lat="45.7890500" lon="4.7281040">
    <ele>259.8</ele>
    <time>2023-09-11T14:42:03Z</time>
   </trkpt>
   <trkpt lat="45.7890550" lon="4.7281430">
    <ele>259.6</ele>
    <time>2023-09-11T14:42:04Z</time>
   </trkpt>
   <trkpt lat="45.7890440" lon="4.7281970">
    <ele>259.4</ele>
    <time>2023-09-11T14:42:05Z</time>
   </trkpt>
   <trkpt lat="45.7890350" lon="4.7282180">
    <ele>259.2</ele>
    <time>2023-09-11T14:42:06Z</time>
   </trkpt>
   <trkpt lat="45.7890310" lon="4.7282700">
    <ele>259.0</ele>
    <time>2023-09-11T14:42:07Z</time>
   </trkpt>
   <trkpt lat="45.7890150" lon="4.7282880">
    <ele>258.9</ele>
    <time>2023-09-11T14:42:08Z</time>
   </trkpt>
   <trkpt lat="45.7889920" lon="4.7283220">
    <ele>258.7</ele>
    <time>2023-09-11T14:42:09Z</time>
   </trkpt>
   <trkpt lat="45.7889650" lon="4.7283590">
    <ele>258.5</ele>
    <time>2023-09-11T14:42:10Z</time>
   </trkpt>
   <trkpt lat="45.7889540" lon="4.7283670">
    <ele>258.4</ele>
    <time>2023-09-11T14:42:11Z</time>
   </trkpt>
   <trkpt lat="45.7889190" lon="4.7283970">
    <ele>258.2</ele>
    <time>2023-09-11T14:42:12Z</time>
   </trkpt>
   <trkpt lat="45.7888850" lon="4.7284090">
    <ele>258.1</ele>
    <time>2023-09-11T14:42:13Z</time>
   </trkpt>
   <trkpt lat="45.7888740" lon="4.7284140">
    <ele>258.0</ele>
    <time>2023-09-11T14:42:14Z</time>
   </trkpt>
   <trkpt lat="45.7888380" lon="4.7284340">
    <ele>257.8</ele>
    <time>2023-09-11T14:42:15Z</time>
   </trkpt>
   <trkpt lat="45.7888050" lon="4.7284460">
    <ele>257.7</ele>
    <time>2023-09-11T14:42:16Z</time>
   </trkpt>
   <trkpt lat="45.7887770" lon="4.7284590">
    <ele>257.5</ele>
    <time>2023-09-11T14:42:17Z</time>
   </trkpt>
   <trkpt lat="45.7887640" lon="4.7284970">
    <ele>257.4</ele>
    <time>2023-09-11T14:42:18Z</time>
   </trkpt>
   <trkpt lat="45.7887540" lon="4.7285470">
    <ele>257.2</ele>
    <time>2023-09-11T14:42:19Z</time>
   </trkpt>
   <trkpt lat="45.7887340" lon="4.7285880">
    <ele>256.7</ele>
    <time>2023-09-11T14:42:20Z</time>
   </trkpt>
   <trkpt lat="45.7887500" lon="4.7286580">
    <ele>256.7</ele>
    <time>2023-09-11T14:42:21Z</time>
   </trkpt>
   <trkpt lat="45.7887850" lon="4.7286950">
    <ele>256.5</ele>
    <time>2023-09-11T14:42:22Z</time>
   </trkpt>
   <trkpt lat="45.7888200" lon="4.7286940">
    <ele>256.3</ele>
    <time>2023-09-11T14:42:23Z</time>
   </trkpt>
   <trkpt lat="45.7888470" lon="4.7286820">
    <ele>256.2</ele>
    <time>2023-09-11T14:42:24Z</time>
   </trkpt>
   <trkpt lat="45.7888800" lon="4.7286440">
    <ele>256.0</ele>
    <time>2023-09-11T14:42:25Z</time>
   </trkpt>
   <trkpt lat="45.7889100" lon="4.7286230">
    <ele>255.8</ele>
    <time>2023-09-11T14:42:26Z</time>
   </trkpt>
   <trkpt lat="45.7889480" lon="4.7286040">
    <ele>255.6</ele>
    <time>2023-09-11T14:42:27Z</time>
   </trkpt>
   <trkpt lat="45.7889780" lon="4.7285940">
    <ele>255.5</ele>
    <time>2023-09-11T14:42:28Z</time>
   </trkpt>
   <trkpt lat="45.7890070" lon="4.7285720">
    <ele>255.3</ele>
    <time>2023-09-11T14:42:29Z</time>
   </trkpt>
   <trkpt lat="45.7890440" lon="4.7285490">
    <ele>255.2</ele>
    <time>2023-09-11T14:42:30Z</time>
   </trkpt>
   <trkpt lat="45.7890600" lon="4.7285330">
    <ele>255.1</ele>
    <time>2023-09-11T14:42:31Z</time>
   </trkpt>
   <trkpt lat="45.7890780" lon="4.7285030">
    <ele>255.0</ele>
    <time>2023-09-11T14:42:32Z</time>
   </trkpt>
   <trkpt lat="45.7890960" lon="4.7284670">
    <ele>254.9</ele>
    <time>2023-09-11T14:42:33Z</time>
   </trkpt>
   <trkpt lat="45.7891190" lon="4.7284380">
    <ele>254.8</ele>
    <time>2023-09-11T14:42:34Z</time>
   </trkpt>
   <trkpt lat="45.7891440" lon="4.7284140">
    <ele>254.7</ele>
    <time>2023-09-11T14:42:35Z</time>
   </trkpt>
   <trkpt lat="45.7891690" lon="4.7283680">
    <ele>254.5</ele>
    <time>2023-09-11T14:42:36Z</time>
   </trkpt>
   <trkpt lat="45.7891770" lon="4.7283490">
    <ele>254.5</ele>
    <time>2023-09-11T14:42:37Z</time>
   </trkpt>
   <trkpt lat="45.7891900" lon="4.7283020">
    <ele>254.4</ele>
    <time>2023-09-11T14:42:38Z</time>
   </trkpt>
   <trkpt lat="45.7892090" lon="4.7282530">
    <ele>254.2</ele>
    <time>2023-09-11T14:42:39Z</time>
   </trkpt>
   <trkpt lat="45.7892270" lon="4.7282030">
    <ele>254.1</ele>
    <time>2023-09-11T14:42:40Z</time>
   </trkpt>
   <trkpt lat="45.7892490" lon="4.7281600">
    <ele>254.0</ele>
    <time>2023-09-11T14:42:41Z</time>
   </trkpt>
   <trkpt lat="45.7892610" lon="4.7281480">
    <ele>254.0</ele>
    <time>2023-09-11T14:42:42Z</time>
   </trkpt>
   <trkpt lat="45.7892820" lon="4.7281070">
    <ele>253.9</ele>
    <time>2023-09-11T14:42:43Z</time>
   </trkpt>
   <trkpt lat="45.7893100" lon="4.7280920">
    <ele>253.9</ele>
    <time>2023-09-11T14:42:44Z</time>
   </trkpt>
   <trkpt lat="45.7893350" lon="4.7280710">
    <ele>253.8</ele>
    <time>2023-09-11T14:42:45Z</time>
   </trkpt>
   <trkpt lat="45.7893460" lon="4.7280010">
    <ele>253.7</ele>
    <time>2023-09-11T14:42:46Z</time>
   </trkpt>
   <trkpt lat="45.7893630" lon="4.7279650">
    <ele>253.7</ele>
    <time>2023-09-11T14:42:47Z</time>
   </trkpt>
   <trkpt lat="45.7893800" lon="4.7279280">
    <ele>253.6</ele>
    <time>2023-09-11T14:42:48Z</time>
   </trkpt>
   <trkpt lat="45.7893980" lon="4.7278880">
    <ele>253.6</ele>
    <time>2023-09-11T14:42:49Z</time>
   </trkpt>
   <trkpt lat="45.7894130" lon="4.7278460">
    <ele>253.5</ele>
    <time>2023-09-11T14:42:50Z</time>
   </trkpt>
   <trkpt lat="45.7894530" lon="4.7278050">
    <ele>253.5</ele>
    <time>2023-09-11T14:42:51Z</time>
   </trkpt>
   <trkpt lat="45.7894820" lon="4.7277640">
    <ele>253.4</ele>
    <time>2023-09-11T14:42:52Z</time>
   </trkpt>
   <trkpt lat="45.7894910" lon="4.7277420">
    <ele>253.4</ele>
    <time>2023-09-11T14:42:53Z</time>
   </trkpt>
   <trkpt lat="45.7895010" lon="4.7277020">
    <ele>253.4</ele>
    <time>2023-09-11T14:42:54Z</time>
   </trkpt>
   <trkpt lat="45.7895080" lon="4.7276890">
    <ele>253.4</ele>
    <time>2023-09-11T14:42:55Z</time>
   </trkpt>
   <trkpt lat="45.7895150" lon="4.7276370">
    <ele>253.3</ele>
    <time>2023-09-11T14:42:56Z</time>
   </trkpt>
   <trkpt lat="45.7895400" lon="4.7275920">
    <ele>253.2</ele>
    <time>2023-09-11T14:42:57Z</time>
   </trkpt>
   <trkpt lat="45.7895690" lon="4.7275650">
    <ele>253.2</ele>
    <time>2023-09-11T14:42:58Z</time>
   </trkpt>
   <trkpt lat="45.7895740" lon="4.7275450">
    <ele>253.2</ele>
    <time>2023-09-11T14:42:59Z</time>
   </trkpt>
   <trkpt lat="45.7895880" lon="4.7275010">
    <ele>253.1</ele>
    <time>2023-09-11T14:43:00Z</time>
   </trkpt>
   <trkpt lat="45.7896130" lon="4.7274540">
    <ele>253.0</ele>
    <time>2023-09-11T14:43:01Z</time>
   </trkpt>
   <trkpt lat="45.7896250" lon="4.7274000">
    <ele>253.0</ele>
    <time>2023-09-11T14:43:02Z</time>
   </trkpt>
   <trkpt lat="45.7896310" lon="4.7273840">
    <ele>252.9</ele>
    <time>2023-09-11T14:43:03Z</time>
   </trkpt>
   <trkpt lat="45.7896510" lon="4.7273390">
    <ele>252.9</ele>
    <time>2023-09-11T14:43:04Z</time>
   </trkpt>
   <trkpt lat="45.7896780" lon="4.7273110">
    <ele>252.9</ele>
    <time>2023-09-11T14:43:05Z</time>
   </trkpt>
   <trkpt lat="45.7896930" lon="4.7272720">
    <ele>252.8</ele>
    <time>2023-09-11T14:43:06Z</time>
   </trkpt>
   <trkpt lat="45.7897090" lon="4.7272230">
    <ele>252.8</ele>
    <time>2023-09-11T14:43:07Z</time>
   </trkpt>
   <trkpt lat="45.7897340" lon="4.7271870">
    <ele>252.8</ele>
    <time>2023-09-11T14:43:08Z</time>
   </trkpt>
   <trkpt lat="45.7897540" lon="4.7271570">
    <ele>252.8</ele>
    <time>2023-09-11T14:43:09Z</time>
   </trkpt>
   <trkpt lat="45.7897750" lon="4.7271230">
    <ele>252.7</ele>
    <time>2023-09-11T14:43:10Z</time>
   </trkpt>
   <trkpt lat="45.7897900" lon="4.7270670">
    <ele>252.7</ele>
    <time>2023-09-11T14:43:11Z</time>
   </trkpt>
   <trkpt lat="45.7897910" lon="4.7270440">
    <ele>252.7</ele>
    <time>2023-09-11T14:43:12Z</time>
   </trkpt>
   <trkpt lat="45.7897960" lon="4.7269930">
    <ele>252.7</ele>
    <time>2023-09-11T14:43:13Z</time>
   </trkpt>
   <trkpt lat="45.7898120" lon="4.7269480">
    <ele>252.7</ele>
    <time>2023-09-11T14:43:14Z</time>
   </trkpt>
   <trkpt lat="45.7898290" lon="4.7269030">
    <ele>252.7</ele>
    <time>2023-09-11T14:43:15Z</time>
   </trkpt>
   <trkpt lat="45.7898410" lon="4.7268530">
    <ele>252.6</ele>
    <time>2023-09-11T14:43:16Z</time>
   </trkpt>
   <trkpt lat="45.7898510" lon="4.7268180">
    <ele>252.6</ele>
    <time>2023-09-11T14:43:17Z</time>
   </trkpt>
   <trkpt lat="45.7898740" lon="4.7267670">
    <ele>252.5</ele>
    <time>2023-09-11T14:43:18Z</time>
   </trkpt>
   <trkpt lat="45.7898790" lon="4.7267440">
    <ele>252.5</ele>
    <time>2023-09-11T14:43:19Z</time>
   </trkpt>
   <trkpt lat="45.7898880" lon="4.7267160">
    <ele>252.5</ele>
    <time>2023-09-11T14:43:20Z</time>
   </trkpt>
   <trkpt lat="45.7898890" lon="4.7266970">
    <ele>252.5</ele>
    <time>2023-09-11T14:43:21Z</time>
   </trkpt>
   <trkpt lat="45.7899180" lon="4.7266530">
    <ele>252.5</ele>
    <time>2023-09-11T14:43:22Z</time>
   </trkpt>
   <trkpt lat="45.7899430" lon="4.7266100">
    <ele>252.5</ele>
    <time>2023-09-11T14:43:23Z</time>
   </trkpt>
   <trkpt lat="45.7899550" lon="4.7265950">
    <ele>252.5</ele>
    <time>2023-09-11T14:43:24Z</time>
   </trkpt>
   <trkpt lat="45.7899670" lon="4.7265450">
    <ele>252.5</ele>
    <time>2023-09-11T14:43:25Z</time>
   </trkpt>
   <trkpt lat="45.7899910" lon="4.7265200">
    <ele>252.5</ele>
    <time>2023-09-11T14:43:26Z</time>
   </trkpt>
   <trkpt lat="45.7900020" lon="4.7264820">
    <ele>252.5</ele>
    <time>2023-09-11T14:43:27Z</time>
   </trkpt>
   <trkpt lat="45.7900240" lon="4.7264380">
    <ele>252.5</ele>
    <time>2023-09-11T14:43:28Z</time>
   </trkpt>
   <trkpt lat="45.7900350" lon="4.7263980">
    <ele>252.5</ele>
    <time>2023-09-11T14:43:29Z</time>
   </trkpt>
   <trkpt lat="45.7900660" lon="4.7263620">
    <ele>252.5</ele>
    <time>2023-09-11T14:43:30Z</time>
   </trkpt>
   <trkpt lat="45.7900810" lon="4.7263530">
    <ele>252.5</ele>
    <time>2023-09-11T14:43:31Z</time>
   </trkpt>
   <trkpt lat="45.7900850" lon="4.7263080">
    <ele>252.5</ele>
    <time>2023-09-11T14:43:32Z</time>
   </trkpt>
   <trkpt lat="45.7900920" lon="4.7262600">
    <ele>252.5</ele>
    <time>2023-09-11T14:43:33Z</time>
   </trkpt>
   <trkpt lat="45.7901120" lon="4.7262180">
    <ele>252.6</ele>
    <time>2023-09-11T14:43:34Z</time>
   </trkpt>
   <trkpt lat="45.7901350" lon="4.7261810">
    <ele>252.6</ele>
    <time>2023-09-11T14:43:35Z</time>
   </trkpt>
   <trkpt lat="45.7901500" lon="4.7261340">
    <ele>252.6</ele>
    <time>2023-09-11T14:43:36Z</time>
   </trkpt>
   <trkpt lat="45.7901630" lon="4.7260890">
    <ele>252.6</ele>
    <time>2023-09-11T14:43:37Z</time>
   </trkpt>
   <trkpt lat="45.7901680" lon="4.7260670">
    <ele>252.6</ele>
    <time>2023-09-11T14:43:38Z</time>
   </trkpt>
   <trkpt lat="45.7901790" lon="4.7260210">
    <ele>252.6</ele>
    <time>2023-09-11T14:43:39Z</time>
   </trkpt>
   <trkpt lat="45.7901900" lon="4.7259760">
    <ele>252.7</ele>
    <time>2023-09-11T14:43:40Z</time>
   </trkpt>
   <trkpt lat="45.7902050" lon="4.7259330">
    <ele>252.7</ele>
    <time>2023-09-11T14:43:41Z</time>
   </trkpt>
   <trkpt lat="45.7902170" lon="4.7258860">
    <ele>252.7</ele>
    <time>2023-09-11T14:43:42Z</time>
   </trkpt>
   <trkpt lat="45.7902420" lon="4.7258610">
    <ele>252.8</ele>
    <time>2023-09-11T14:43:43Z</time>
   </trkpt>
   <trkpt lat="45.7902710" lon="4.7258350">
    <ele>252.8</ele>
    <time>2023-09-11T14:43:44Z</time>
   </trkpt>
   <trkpt lat="45.7902810" lon="4.7257950">
    <ele>252.9</ele>
    <time>2023-09-11T14:43:45Z</time>
   </trkpt>
   <trkpt lat="45.7902950" lon="4.7257590">
    <ele>252.9</ele>
    <time>2023-09-11T14:43:46Z</time>
   </trkpt>
   <trkpt lat="45.7903150" lon="4.7257050">
    <ele>252.9</ele>
    <time>2023-09-11T14:43:47Z</time>
   </trkpt>
   <trkpt lat="45.7903220" lon="4.7256760">
    <ele>252.9</ele>
    <time>2023-09-11T14:43:48Z</time>
   </trkpt>
   <trkpt lat="45.7903550" lon="4.7256570">
    <ele>252.9</ele>
    <time>2023-09-11T14:43:49Z</time>
   </trkpt>
   <trkpt lat="45.7903630" lon="4.7256070">
    <ele>253.0</ele>
    <time>2023-09-11T14:43:50Z</time>
   </trkpt>
   <trkpt lat="45.7903800" lon="4.7255660">
    <ele>253.0</ele>
    <time>2023-09-11T14:43:51Z</time>
   </trkpt>
   <trkpt lat="45.7904000" lon="4.7255270">
    <ele>253.0</ele>
    <time>2023-09-11T14:43:52Z</time>
   </trkpt>
   <trkpt lat="45.7904240" lon="4.7254820">
    <ele>253.0</ele>
    <time>2023-09-11T14:43:53Z</time>
   </trkpt>
   <trkpt lat="45.7904360" lon="4.7254430">
    <ele>253.0</ele>
    <time>2023-09-11T14:43:54Z</time>
   </trkpt>
   <trkpt lat="45.7904470" lon="4.7253970">
    <ele>253.0</ele>
    <time>2023-09-11T14:43:55Z</time>
   </trkpt>
   <trkpt lat="45.7904580" lon="4.7253520">
    <ele>253.0</ele>
    <time>2023-09-11T14:43:56Z</time>
   </trkpt>
   <trkpt lat="45.7904590" lon="4.7253060">
    <ele>253.0</ele>
    <time>2023-09-11T14:43:57Z</time>
   </trkpt>
   <trkpt lat="45.7904570" lon="4.7252460">
    <ele>253.0</ele>
    <time>2023-09-11T14:43:58Z</time>
   </trkpt>
   <trkpt lat="45.7904840" lon="4.7252150">
    <ele>253.1</ele>
    <time>2023-09-11T14:43:59Z</time>
   </trkpt>
   <trkpt lat="45.7904890" lon="4.7251650">
    <ele>253.1</ele>
    <time>2023-09-11T14:44:00Z</time>
   </trkpt>
   <trkpt lat="45.7905050" lon="4.7251250">
    <ele>253.1</ele>
    <time>2023-09-11T14:44:01Z</time>
   </trkpt>
   <trkpt lat="45.7905220" lon="4.7250740">
    <ele>253.1</ele>
    <time>2023-09-11T14:44:02Z</time>
   </trkpt>
   <trkpt lat="45.7905280" lon="4.7250550">
    <ele>253.1</ele>
    <time>2023-09-11T14:44:03Z</time>
   </trkpt>
   <trkpt lat="45.7905590" lon="4.7250070">
    <ele>253.2</ele>
    <time>2023-09-11T14:44:04Z</time>
   </trkpt>
   <trkpt lat="45.7905680" lon="4.7249810">
    <ele>253.2</ele>
    <time>2023-09-11T14:44:05Z</time>
   </trkpt>
   <trkpt lat="45.7905720" lon="4.7249340">
    <ele>253.2</ele>
    <time>2023-09-11T14:44:06Z</time>
   </trkpt>
   <trkpt lat="45.7905800" lon="4.7248730">
    <ele>253.3</ele>
    <time>2023-09-11T14:44:07Z</time>
   </trkpt>
   <trkpt lat="45.7906010" lon="4.7248410">
    <ele>253.3</ele>
    <time>2023-09-11T14:44:08Z</time>
   </trkpt>
   <trkpt lat="45.7906100" lon="4.7247840">
    <ele>253.3</ele>
    <time>2023-09-11T14:44:09Z</time>
   </trkpt>
   <trkpt lat="45.7906150" lon="4.7247350">
    <ele>253.4</ele>
    <time>2023-09-11T14:44:10Z</time>
   </trkpt>
   <trkpt lat="45.7906490" lon="4.7247160">
    <ele>253.4</ele>
    <time>2023-09-11T14:44:11Z</time>
   </trkpt>
   <trkpt lat="45.7906550" lon="4.7246680">
    <ele>253.5</ele>
    <time>2023-09-11T14:44:12Z</time>
   </trkpt>
   <trkpt lat="45.7906840" lon="4.7246230">
    <ele>253.5</ele>
    <time>2023-09-11T14:44:13Z</time>
   </trkpt>
   <trkpt lat="45.7906950" lon="4.7245840">
    <ele>253.6</ele>
    <time>2023-09-11T14:44:14Z</time>
   </trkpt>
   <trkpt lat="45.7907160" lon="4.7245570">
    <ele>253.6</ele>
    <time>2023-09-11T14:44:15Z</time>
   </trkpt>
   <trkpt lat="45.7907310" lon="4.7245140">
    <ele>253.7</ele>
    <time>2023-09-11T14:44:16Z</time>
   </trkpt>
   <trkpt lat="45.7907500" lon="4.7244690">
    <ele>253.7</ele>
    <time>2023-09-11T14:44:17Z</time>
   </trkpt>
   <trkpt lat="45.7907590" lon="4.7244190">
    <ele>253.7</ele>
    <time>2023-09-11T14:44:18Z</time>
   </trkpt>
   <trkpt lat="45.7907830" lon="4.7243880">
    <ele>253.8</ele>
    <time>2023-09-11T14:44:19Z</time>
   </trkpt>
   <trkpt lat="45.7908100" lon="4.7243390">
    <ele>253.8</ele>
    <time>2023-09-11T14:44:20Z</time>
   </trkpt>
   <trkpt lat="45.7908250" lon="4.7243220">
    <ele>253.8</ele>
    <time>2023-09-11T14:44:21Z</time>
   </trkpt>
   <trkpt lat="45.7908510" lon="4.7242870">
    <ele>253.7</ele>
    <time>2023-09-11T14:44:22Z</time>
   </trkpt>
   <trkpt lat="45.7908810" lon="4.7242490">
    <ele>253.7</ele>
    <time>2023-09-11T14:44:23Z</time>
   </trkpt>
   <trkpt lat="45.7908910" lon="4.7242240">
    <ele>253.7</ele>
    <time>2023-09-11T14:44:24Z</time>
   </trkpt>
   <trkpt lat="45.7909030" lon="4.7241830">
    <ele>253.6</ele>
    <time>2023-09-11T14:44:25Z</time>
   </trkpt>
   <trkpt lat="45.7909250" lon="4.7241590">
    <ele>253.6</ele>
    <time>2023-09-11T14:44:26Z</time>
   </trkpt>
   <trkpt lat="45.7909350" lon="4.7241030">
    <ele>253.6</ele>
    <time>2023-09-11T14:44:27Z</time>
   </trkpt>
   <trkpt lat="45.7909660" lon="4.7240640">
    <ele>253.6</ele>
    <time>2023-09-11T14:44:28Z</time>
   </trkpt>
   <trkpt lat="45.7909900" lon="4.7240400">
    <ele>253.6</ele>
    <time>2023-09-11T14:44:29Z</time>
   </trkpt>
   <trkpt lat="45.7910020" lon="4.7239850">
    <ele>253.6</ele>
    <time>2023-09-11T14:44:30Z</time>
   </trkpt>
   <trkpt lat="45.7910340" lon="4.7239420">
    <ele>253.7</ele>
    <time>2023-09-11T14:44:31Z</time>
   </trkpt>
   <trkpt lat="45.7910510" lon="4.7239280">
    <ele>253.7</ele>
    <time>2023-09-11T14:44:32Z</time>
   </trkpt>
   <trkpt lat="45.7910770" lon="4.7238790">
    <ele>253.7</ele>
    <time>2023-09-11T14:44:33Z</time>
   </trkpt>
   <trkpt lat="45.7911030" lon="4.7238700">
    <ele>253.7</ele>
    <time>2023-09-11T14:44:34Z</time>
   </trkpt>
   <trkpt lat="45.7911370" lon="4.7238530">
    <ele>253.8</ele>
    <time>2023-09-11T14:44:35Z</time>
   </trkpt>
   <trkpt lat="45.7911540" lon="4.7238180">
    <ele>253.8</ele>
    <time>2023-09-11T14:44:36Z</time>
   </trkpt>
   <trkpt lat="45.7911820" lon="4.7237880">
    <ele>253.9</ele>
    <time>2023-09-11T14:44:37Z</time>
   </trkpt>
   <trkpt lat="45.7912010" lon="4.7237560">
    <ele>253.9</ele>
    <time>2023-09-11T14:44:38Z</time>
   </trkpt>
   <trkpt lat="45.7912250" lon="4.7237060">
    <ele>253.9</ele>
    <time>2023-09-11T14:44:39Z</time>
   </trkpt>
   <trkpt lat="45.7912490" lon="4.7236860">
    <ele>254.0</ele>
    <time>2023-09-11T14:44:40Z</time>
   </trkpt>
   <trkpt lat="45.7912710" lon="4.7236240">
    <ele>254.0</ele>
    <time>2023-09-11T14:44:41Z</time>
   </trkpt>
   <trkpt lat="45.7912940" lon="4.7235720">
    <ele>254.0</ele>
    <time>2023-09-11T14:44:42Z</time>
   </trkpt>
   <trkpt lat="45.7913130" lon="4.7235340">
    <ele>254.1</ele>
    <time>2023-09-11T14:44:43Z</time>
   </trkpt>
   <trkpt lat="45.7913400" lon="4.7235040">
    <ele>254.1</ele>
    <time>2023-09-11T14:44:44Z</time>
   </trkpt>
   <trkpt lat="45.7913700" lon="4.7234510">
    <ele>254.1</ele>
    <time>2023-09-11T14:44:45Z</time>
   </trkpt>
   <trkpt lat="45.7914000" lon="4.7234140">
    <ele>254.2</ele>
    <time>2023-09-11T14:44:46Z</time>
   </trkpt>
   <trkpt lat="45.7914320" lon="4.7233930">
    <ele>254.2</ele>
    <time>2023-09-11T14:44:47Z</time>
   </trkpt>
   <trkpt lat="45.7914530" lon="4.7233530">
    <ele>254.2</ele>
    <time>2023-09-11T14:44:48Z</time>
   </trkpt>
   <trkpt lat="45.7914630" lon="4.7233130">
    <ele>254.2</ele>
    <time>2023-09-11T14:44:49Z</time>
   </trkpt>
   <trkpt lat="45.7915050" lon="4.7232740">
    <ele>254.3</ele>
    <time>2023-09-11T14:44:50Z</time>
   </trkpt>
   <trkpt lat="45.7915230" lon="4.7232430">
    <ele>254.3</ele>
    <time>2023-09-11T14:44:51Z</time>
   </trkpt>
   <trkpt lat="45.7915430" lon="4.7231890">
    <ele>254.3</ele>
    <time>2023-09-11T14:44:52Z</time>
   </trkpt>
   <trkpt lat="45.7915520" lon="4.7231460">
    <ele>254.4</ele>
    <time>2023-09-11T14:44:53Z</time>
   </trkpt>
   <trkpt lat="45.7915700" lon="4.7231010">
    <ele>254.4</ele>
    <time>2023-09-11T14:44:54Z</time>
   </trkpt>
   <trkpt lat="45.7916130" lon="4.7230720">
    <ele>254.4</ele>
    <time>2023-09-11T14:44:55Z</time>
   </trkpt>
   <trkpt lat="45.7916150" lon="4.7230300">
    <ele>254.5</ele>
    <time>2023-09-11T14:44:56Z</time>
   </trkpt>
   <trkpt lat="45.7916360" lon="4.7229870">
    <ele>254.5</ele>
    <time>2023-09-11T14:44:57Z</time>
   </trkpt>
   <trkpt lat="45.7916610" lon="4.7229390">
    <ele>254.6</ele>
    <time>2023-09-11T14:44:58Z</time>
   </trkpt>
   <trkpt lat="45.7916710" lon="4.7228710">
    <ele>254.7</ele>
    <time>2023-09-11T14:44:59Z</time>
   </trkpt>
   <trkpt lat="45.7916820" lon="4.7228410">
    <ele>254.7</ele>
    <time>2023-09-11T14:45:00Z</time>
   </trkpt>
   <trkpt lat="45.7917070" lon="4.7227990">
    <ele>254.7</ele>
    <time>2023-09-11T14:45:01Z</time>
   </trkpt>
   <trkpt lat="45.7917400" lon="4.7227520">
    <ele>254.8</ele>
    <time>2023-09-11T14:45:02Z</time>
   </trkpt>
   <trkpt lat="45.7917300" lon="4.7226840">
    <ele>254.8</ele>
    <time>2023-09-11T14:45:03Z</time>
   </trkpt>
   <trkpt lat="45.7917400" lon="4.7226420">
    <ele>254.9</ele>
    <time>2023-09-11T14:45:04Z</time>
   </trkpt>
   <trkpt lat="45.7917470" lon="4.7225800">
    <ele>254.9</ele>
    <time>2023-09-11T14:45:05Z</time>
   </trkpt>
   <trkpt lat="45.7917530" lon="4.7225300">
    <ele>255.0</ele>
    <time>2023-09-11T14:45:06Z</time>
   </trkpt>
   <trkpt lat="45.7917620" lon="4.7224840">
    <ele>255.0</ele>
    <time>2023-09-11T14:45:07Z</time>
   </trkpt>
   <trkpt lat="45.7917690" lon="4.7224310">
    <ele>255.1</ele>
    <time>2023-09-11T14:45:08Z</time>
   </trkpt>
   <trkpt lat="45.7917660" lon="4.7223830">
    <ele>255.1</ele>
    <time>2023-09-11T14:45:09Z</time>
   </trkpt>
   <trkpt lat="45.7917830" lon="4.7223300">
    <ele>255.2</ele>
    <time>2023-09-11T14:45:10Z</time>
   </trkpt>
   <trkpt lat="45.7918030" lon="4.7222610">
    <ele>255.3</ele>
    <time>2023-09-11T14:45:11Z</time>
   </trkpt>
   <trkpt lat="45.7918350" lon="4.7222190">
    <ele>255.3</ele>
    <time>2023-09-11T14:45:12Z</time>
   </trkpt>
   <trkpt lat="45.7918260" lon="4.7221680">
    <ele>255.4</ele>
    <time>2023-09-11T14:45:13Z</time>
   </trkpt>
   <trkpt lat="45.7918480" lon="4.7221270">
    <ele>255.4</ele>
    <time>2023-09-11T14:45:14Z</time>
   </trkpt>
   <trkpt lat="45.7918810" lon="4.7220850">
    <ele>255.4</ele>
    <time>2023-09-11T14:45:15Z</time>
   </trkpt>
   <trkpt lat="45.7919000" lon="4.7220450">
    <ele>255.4</ele>
    <time>2023-09-11T14:45:16Z</time>
   </trkpt>
   <trkpt lat="45.7919260" lon="4.7220090">
    <ele>255.4</ele>
    <time>2023-09-11T14:45:17Z</time>
   </trkpt>
   <trkpt lat="45.7919590" lon="4.7219810">
    <ele>255.4</ele>
    <time>2023-09-11T14:45:18Z</time>
   </trkpt>
   <trkpt lat="45.7919770" lon="4.7219380">
    <ele>255.4</ele>
    <time>2023-09-11T14:45:19Z</time>
   </trkpt>
   <trkpt lat="45.7919960" lon="4.7218850">
    <ele>255.4</ele>
    <time>2023-09-11T14:45:20Z</time>
   </trkpt>
   <trkpt lat="45.7920050" lon="4.7218670">
    <ele>255.4</ele>
    <time>2023-09-11T14:45:21Z</time>
   </trkpt>
   <trkpt lat="45.7920490" lon="4.7218560">
    <ele>255.4</ele>
    <time>2023-09-11T14:45:22Z</time>
   </trkpt>
   <trkpt lat="45.7920970" lon="4.7218420">
    <ele>255.4</ele>
    <time>2023-09-11T14:45:23Z</time>
   </trkpt>
   <trkpt lat="45.7921210" lon="4.7217920">
    <ele>255.4</ele>
    <time>2023-09-11T14:45:24Z</time>
   </trkpt>
   <trkpt lat="45.7921410" lon="4.7217630">
    <ele>255.4</ele>
    <time>2023-09-11T14:45:25Z</time>
   </trkpt>
   <trkpt lat="45.7921860" lon="4.7217420">
    <ele>255.4</ele>
    <time>2023-09-11T14:45:26Z</time>
   </trkpt>
   <trkpt lat="45.7922060" lon="4.7217360">
    <ele>255.4</ele>
    <time>2023-09-11T14:45:27Z</time>
   </trkpt>
   <trkpt lat="45.7922380" lon="4.7217260">
    <ele>255.5</ele>
    <time>2023-09-11T14:45:28Z</time>
   </trkpt>
   <trkpt lat="45.7922650" lon="4.7217070">
    <ele>255.5</ele>
    <time>2023-09-11T14:45:29Z</time>
   </trkpt>
   <trkpt lat="45.7922950" lon="4.7216810">
    <ele>255.5</ele>
    <time>2023-09-11T14:45:30Z</time>
   </trkpt>
   <trkpt lat="45.7923570" lon="4.7216340">
    <ele>255.6</ele>
    <time>2023-09-11T14:45:31Z</time>
   </trkpt>
   <trkpt lat="45.7931820" lon="4.7210650">
    <ele>257.3</ele>
    <time>2023-09-11T14:47:23Z</time>
   </trkpt>
   <trkpt lat="45.7932110" lon="4.7210480">
    <ele>257.4</ele>
    <time>2023-09-11T14:47:24Z</time>
   </trkpt>
   <trkpt lat="45.7932140" lon="4.7210450">
    <ele>257.4</ele>
    <time>2023-09-11T14:47:25Z</time>
   </trkpt>
   <trkpt lat="45.7932370" lon="4.7210320">
    <ele>257.5</ele>
    <time>2023-09-11T14:47:26Z</time>
   </trkpt>
   <trkpt lat="45.7932510" lon="4.7210140">
    <ele>257.6</ele>
    <time>2023-09-11T14:47:27Z</time>
   </trkpt>
   <trkpt lat="45.7932630" lon="4.7210090">
    <ele>257.6</ele>
    <time>2023-09-11T14:47:28Z</time>
   </trkpt>
   <trkpt lat="45.7932750" lon="4.7210040">
    <ele>257.7</ele>
    <time>2023-09-11T14:47:29Z</time>
   </trkpt>
   <trkpt lat="45.7932870" lon="4.7209990">
    <ele>257.7</ele>
    <time>2023-09-11T14:47:30Z</time>
   </trkpt>
   <trkpt lat="45.7933450" lon="4.7209920">
    <ele>257.9</ele>
    <time>2023-09-11T14:47:31Z</time>
   </trkpt>
   <trkpt lat="45.7934080" lon="4.7209840">
    <ele>258.1</ele>
    <time>2023-09-11T14:47:32Z</time>
   </trkpt>
   <trkpt lat="45.7934540" lon="4.7209710">
    <ele>258.3</ele>
    <time>2023-09-11T14:47:33Z</time>
   </trkpt>
   <trkpt lat="45.7934800" lon="4.7209250">
    <ele>258.4</ele>
    <time>2023-09-11T14:47:34Z</time>
   </trkpt>
   <trkpt lat="45.7934860" lon="4.7209020">
    <ele>258.5</ele>
    <time>2023-09-11T14:47:35Z</time>
   </trkpt>
   <trkpt lat="45.7935160" lon="4.7208900">
    <ele>258.6</ele>
    <time>2023-09-11T14:47:36Z</time>
   </trkpt>
   <trkpt lat="45.7935380" lon="4.7208420">
    <ele>258.7</ele>
    <time>2023-09-11T14:47:37Z</time>
   </trkpt>
   <trkpt lat="45.7935610" lon="4.7208030">
    <ele>258.8</ele>
    <time>2023-09-11T14:47:38Z</time>
   </trkpt>
   <trkpt lat="45.7935710" lon="4.7207590">
    <ele>258.9</ele>
    <time>2023-09-11T14:47:39Z</time>
   </trkpt>
   <trkpt lat="45.7935960" lon="4.7207330">
    <ele>259.0</ele>
    <time>2023-09-11T14:47:40Z</time>
   </trkpt>
   <trkpt lat="45.7936070" lon="4.7207260">
    <ele>259.0</ele>
    <time>2023-09-11T14:47:41Z</time>
   </trkpt>
   <trkpt lat="45.7936270" lon="4.7206960">
    <ele>259.1</ele>
    <time>2023-09-11T14:47:42Z</time>
   </trkpt>
   <trkpt lat="45.7936550" lon="4.7206800">
    <ele>259.2</ele>
    <time>2023-09-11T14:47:43Z</time>
   </trkpt>
   <trkpt lat="45.7936820" lon="4.7206630">
    <ele>259.3</ele>
    <time>2023-09-11T14:47:44Z</time>
   </trkpt>
   <trkpt lat="45.7936880" lon="4.7206590">
    <ele>259.3</ele>
    <time>2023-09-11T14:47:45Z</time>
   </trkpt>
   <trkpt lat="45.7937030" lon="4.7206070">
    <ele>259.4</ele>
    <time>2023-09-11T14:47:46Z</time>
   </trkpt>
   <trkpt lat="45.7937280" lon="4.7205850">
    <ele>259.4</ele>
    <time>2023-09-11T14:47:47Z</time>
   </trkpt>
   <trkpt lat="45.7937340" lon="4.7205730">
    <ele>259.5</ele>
    <time>2023-09-11T14:47:48Z</time>
   </trkpt>
   <trkpt lat="45.7937400" lon="4.7205470">
    <ele>259.5</ele>
    <time>2023-09-11T14:47:49Z</time>
   </trkpt>
   <trkpt lat="45.7937490" lon="4.7205310">
    <ele>259.5</ele>
    <time>2023-09-11T14:47:50Z</time>
   </trkpt>
   <trkpt lat="45.7937590" lon="4.7204930">
    <ele>259.6</ele>
    <time>2023-09-11T14:47:51Z</time>
   </trkpt>
   <trkpt lat="45.7937550" lon="4.7204490">
    <ele>259.6</ele>
    <time>2023-09-11T14:47:52Z</time>
   </trkpt>
   <trkpt lat="45.7937530" lon="4.7204300">
    <ele>259.6</ele>
    <time>2023-09-11T14:47:53Z</time>
   </trkpt>
   <trkpt lat="45.7937650" lon="4.7203850">
    <ele>259.8</ele>
    <time>2023-09-11T14:47:54Z</time>
   </trkpt>
   <trkpt lat="45.7937840" lon="4.7203510">
    <ele>259.8</ele>
    <time>2023-09-11T14:47:55Z</time>
   </trkpt>
   <trkpt lat="45.7937860" lon="4.7203070">
    <ele>259.9</ele>
    <time>2023-09-11T14:47:56Z</time>
   </trkpt>
   <trkpt lat="45.7937830" lon="4.7202610">
    <ele>260.0</ele>
    <time>2023-09-11T14:47:57Z</time>
   </trkpt>
   <trkpt lat="45.7937940" lon="4.7202200">
    <ele>260.1</ele>
    <time>2023-09-11T14:47:58Z</time>
   </trkpt>
   <trkpt lat="45.7938010" lon="4.7201600">
    <ele>260.2</ele>
    <time>2023-09-11T14:47:59Z</time>
   </trkpt>
   <trkpt lat="45.7938040" lon="4.7201150">
    <ele>260.3</ele>
    <time>2023-09-11T14:48:00Z</time>
   </trkpt>
   <trkpt lat="45.7938330" lon="4.7200680">
    <ele>260.4</ele>
    <time>2023-09-11T14:48:01Z</time>
   </trkpt>
   <trkpt lat="45.7938280" lon="4.7200060">
    <ele>260.5</ele>
    <time>2023-09-11T14:48:02Z</time>
   </trkpt>
   <trkpt lat="45.7938580" lon="4.7199670">
    <ele>260.6</ele>
    <time>2023-09-11T14:48:03Z</time>
   </trkpt>
   <trkpt lat="45.7938810" lon="4.7199040">
    <ele>260.7</ele>
    <time>2023-09-11T14:48:04Z</time>
   </trkpt>
   <trkpt lat="45.7938730" lon="4.7198400">
    <ele>260.9</ele>
    <time>2023-09-11T14:48:05Z</time>
   </trkpt>
   <trkpt lat="45.7938720" lon="4.7198110">
    <ele>261.0</ele>
    <time>2023-09-11T14:48:06Z</time>
   </trkpt>
   <trkpt lat="45.7938610" lon="4.7197510">
    <ele>261.1</ele>
    <time>2023-09-11T14:48:07Z</time>
   </trkpt>
   <trkpt lat="45.7938430" lon="4.7197220">
    <ele>261.2</ele>
    <time>2023-09-11T14:48:08Z</time>
   </trkpt>
   <trkpt lat="45.7938410" lon="4.7196820">
    <ele>261.3</ele>
    <time>2023-09-11T14:48:09Z</time>
   </trkpt>
   <trkpt lat="45.7938460" lon="4.7196320">
    <ele>261.5</ele>
    <time>2023-09-11T14:48:10Z</time>
   </trkpt>
   <trkpt lat="45.7938350" lon="4.7195810">
    <ele>261.6</ele>
    <time>2023-09-11T14:48:11Z</time>
   </trkpt>
   <trkpt lat="45.7938290" lon="4.7195410">
    <ele>261.7</ele>
    <time>2023-09-11T14:48:12Z</time>
   </trkpt>
   <trkpt lat="45.7938040" lon="4.7195070">
    <ele>261.9</ele>
    <time>2023-09-11T14:48:13Z</time>
   </trkpt>
   <trkpt lat="45.7937860" lon="4.7194660">
    <ele>262.0</ele>
    <time>2023-09-11T14:48:14Z</time>
   </trkpt>
   <trkpt lat="45.7937760" lon="4.7194240">
    <ele>262.1</ele>
    <time>2023-09-11T14:48:15Z</time>
   </trkpt>
   <trkpt lat="45.7937710" lon="4.7193690">
    <ele>262.2</ele>
    <time>2023-09-11T14:48:16Z</time>
   </trkpt>
   <trkpt lat="45.7937720" lon="4.7193440">
    <ele>262.3</ele>
    <time>2023-09-11T14:48:17Z</time>
   </trkpt>
   <trkpt lat="45.7937660" lon="4.7193010">
    <ele>262.4</ele>
    <time>2023-09-11T14:48:18Z</time>
   </trkpt>
   <trkpt lat="45.7937570" lon="4.7192610">
    <ele>262.5</ele>
    <time>2023-09-11T14:48:19Z</time>
   </trkpt>
   <trkpt lat="45.7937320" lon="4.7192230">
    <ele>262.6</ele>
    <time>2023-09-11T14:48:20Z</time>
   </trkpt>
   <trkpt lat="45.7937120" lon="4.7191910">
    <ele>262.7</ele>
    <time>2023-09-11T14:48:21Z</time>
   </trkpt>
   <trkpt lat="45.7936940" lon="4.7191500">
    <ele>262.9</ele>
    <time>2023-09-11T14:48:22Z</time>
   </trkpt>
   <trkpt lat="45.7936670" lon="4.7191110">
    <ele>263.0</ele>
    <time>2023-09-11T14:48:23Z</time>
   </trkpt>
   <trkpt lat="45.7936580" lon="4.7190990">
    <ele>263.0</ele>
    <time>2023-09-11T14:48:24Z</time>
   </trkpt>
   <trkpt lat="45.7936440" lon="4.7190630">
    <ele>263.1</ele>
    <time>2023-09-11T14:48:25Z</time>
   </trkpt>
   <trkpt lat="45.7936220" lon="4.7190330">
    <ele>263.2</ele>
    <time>2023-09-11T14:48:26Z</time>
   </trkpt>
   <trkpt lat="45.7936220" lon="4.7189840">
    <ele>263.3</ele>
    <time>2023-09-11T14:48:27Z</time>
   </trkpt>
   <trkpt lat="45.7936010" lon="4.7189410">
    <ele>263.4</ele>
    <time>2023-09-11T14:48:28Z</time>
   </trkpt>
   <trkpt lat="45.7935780" lon="4.7188950">
    <ele>263.5</ele>
    <time>2023-09-11T14:48:29Z</time>
   </trkpt>
   <trkpt lat="45.7935740" lon="4.7188760">
    <ele>263.5</ele>
    <time>2023-09-11T14:48:30Z</time>
   </trkpt>
   <trkpt lat="45.7935530" lon="4.7188320">
    <ele>263.6</ele>
    <time>2023-09-11T14:48:31Z</time>
   </trkpt>
   <trkpt lat="45.7935360" lon="4.7188170">
    <ele>263.6</ele>
    <time>2023-09-11T14:48:32Z</time>
   </trkpt>
   <trkpt lat="45.7935410" lon="4.7187720">
    <ele>263.7</ele>
    <time>2023-09-11T14:48:33Z</time>
   </trkpt>
   <trkpt lat="45.7935350" lon="4.7187230">
    <ele>263.8</ele>
    <time>2023-09-11T14:48:34Z</time>
   </trkpt>
   <trkpt lat="45.7935290" lon="4.7187090">
    <ele>263.8</ele>
    <time>2023-09-11T14:48:35Z</time>
   </trkpt>
   <trkpt lat="45.7935270" lon="4.7186650">
    <ele>263.9</ele>
    <time>2023-09-11T14:48:36Z</time>
   </trkpt>
   <trkpt lat="45.7934930" lon="4.7186290">
    <ele>264.0</ele>
    <time>2023-09-11T14:48:37Z</time>
   </trkpt>
   <trkpt lat="45.7934740" lon="4.7185990">
    <ele>264.1</ele>
    <time>2023-09-11T14:48:38Z</time>
   </trkpt>
   <trkpt lat="45.7934710" lon="4.7185590">
    <ele>264.2</ele>
    <time>2023-09-11T14:48:39Z</time>
   </trkpt>
   <trkpt lat="45.7934450" lon="4.7185170">
    <ele>264.3</ele>
    <time>2023-09-11T14:48:40Z</time>
   </trkpt>
   <trkpt lat="45.7934270" lon="4.7184660">
    <ele>264.4</ele>
    <time>2023-09-11T14:48:41Z</time>
   </trkpt>
   <trkpt lat="45.7934220" lon="4.7184450">
    <ele>264.5</ele>
    <time>2023-09-11T14:48:42Z</time>
   </trkpt>
   <trkpt lat="45.7934010" lon="4.7184040">
    <ele>264.6</ele>
    <time>2023-09-11T14:48:44Z</time>
   </trkpt>
   <trkpt lat="45.7933910" lon="4.7183960">
    <ele>264.6</ele>
    <time>2023-09-11T14:48:45Z</time>
   </trkpt>
   <trkpt lat="45.7933900" lon="4.7183530">
    <ele>264.7</ele>
    <time>2023-09-11T14:48:46Z</time>
   </trkpt>
   <trkpt lat="45.7933960" lon="4.7183010">
    <ele>264.8</ele>
    <time>2023-09-11T14:48:47Z</time>
   </trkpt>
   <trkpt lat="45.7933890" lon="4.7182830">
    <ele>264.9</ele>
    <time>2023-09-11T14:48:48Z</time>
   </trkpt>
   <trkpt lat="45.7933870" lon="4.7182410">
    <ele>265.0</ele>
    <time>2023-09-11T14:48:49Z</time>
   </trkpt>
   <trkpt lat="45.7933790" lon="4.7181930">
    <ele>265.1</ele>
    <time>2023-09-11T14:48:50Z</time>
   </trkpt>
   <trkpt lat="45.7933730" lon="4.7181820">
    <ele>265.1</ele>
    <time>2023-09-11T14:48:51Z</time>
   </trkpt>
   <trkpt lat="45.7933780" lon="4.7181430">
    <ele>265.2</ele>
    <time>2023-09-11T14:48:52Z</time>
   </trkpt>
   <trkpt lat="45.7933720" lon="4.7181040">
    <ele>265.3</ele>
    <time>2023-09-11T14:48:53Z</time>
   </trkpt>
   <trkpt lat="45.7933650" lon="4.7180470">
    <ele>265.4</ele>
    <time>2023-09-11T14:48:54Z</time>
   </trkpt>
   <trkpt lat="45.7933620" lon="4.7180230">
    <ele>265.4</ele>
    <time>2023-09-11T14:48:55Z</time>
   </trkpt>
   <trkpt lat="45.7933370" lon="4.7179920">
    <ele>265.5</ele>
    <time>2023-09-11T14:48:56Z</time>
   </trkpt>
   <trkpt lat="45.7933260" lon="4.7179790">
    <ele>265.6</ele>
    <time>2023-09-11T14:48:57Z</time>
   </trkpt>
   <trkpt lat="45.7933470" lon="4.7179170">
    <ele>265.8</ele>
    <time>2023-09-11T14:48:58Z</time>
   </trkpt>
   <trkpt lat="45.7933240" lon="4.7178710">
    <ele>265.9</ele>
    <time>2023-09-11T14:48:59Z</time>
   </trkpt>
   <trkpt lat="45.7933090" lon="4.7178240">
    <ele>266.1</ele>
    <time>2023-09-11T14:49:00Z</time>
   </trkpt>
   <trkpt lat="45.7933030" lon="4.7178010">
    <ele>266.1</ele>
    <time>2023-09-11T14:49:01Z</time>
   </trkpt>
   <trkpt lat="45.7932880" lon="4.7177610">
    <ele>266.2</ele>
    <time>2023-09-11T14:49:02Z</time>
   </trkpt>
   <trkpt lat="45.7933000" lon="4.7177240">
    <ele>266.3</ele>
    <time>2023-09-11T14:49:03Z</time>
   </trkpt>
   <trkpt lat="45.7932850" lon="4.7176770">
    <ele>266.5</ele>
    <time>2023-09-11T14:49:04Z</time>
   </trkpt>
   <trkpt lat="45.7932660" lon="4.7176590">
    <ele>266.6</ele>
    <time>2023-09-11T14:49:05Z</time>
   </trkpt>
   <trkpt lat="45.7932750" lon="4.7176290">
    <ele>266.6</ele>
    <time>2023-09-11T14:49:06Z</time>
   </trkpt>
   <trkpt lat="45.7932700" lon="4.7176070">
    <ele>266.7</ele>
    <time>2023-09-11T14:49:07Z</time>
   </trkpt>
   <trkpt lat="45.7932650" lon="4.7175590">
    <ele>266.8</ele>
    <time>2023-09-11T14:49:08Z</time>
   </trkpt>
   <trkpt lat="45.7932670" lon="4.7174880">
    <ele>267.0</ele>
    <time>2023-09-11T14:49:09Z</time>
   </trkpt>
   <trkpt lat="45.7932490" lon="4.7174420">
    <ele>267.1</ele>
    <time>2023-09-11T14:49:10Z</time>
   </trkpt>
   <trkpt lat="45.7932400" lon="4.7174000">
    <ele>267.2</ele>
    <time>2023-09-11T14:49:11Z</time>
   </trkpt>
   <trkpt lat="45.7932390" lon="4.7173510">
    <ele>267.3</ele>
    <time>2023-09-11T14:49:12Z</time>
   </trkpt>
   <trkpt lat="45.7932280" lon="4.7173130">
    <ele>267.4</ele>
    <time>2023-09-11T14:49:13Z</time>
   </trkpt>
   <trkpt lat="45.7932110" lon="4.7172630">
    <ele>267.5</ele>
    <time>2023-09-11T14:49:14Z</time>
   </trkpt>
   <trkpt lat="45.7931890" lon="4.7172220">
    <ele>267.6</ele>
    <time>2023-09-11T14:49:15Z</time>
   </trkpt>
   <trkpt lat="45.7932060" lon="4.7171730">
    <ele>267.8</ele>
    <time>2023-09-11T14:49:16Z</time>
   </trkpt>
   <trkpt lat="45.7932130" lon="4.7171550">
    <ele>267.8</ele>
    <time>2023-09-11T14:49:17Z</time>
   </trkpt>
   <trkpt lat="45.7931920" lon="4.7171030">
    <ele>267.9</ele>
    <time>2023-09-11T14:49:18Z</time>
   </trkpt>
   <trkpt lat="45.7931700" lon="4.7170820">
    <ele>268.0</ele>
    <time>2023-09-11T14:49:19Z</time>
   </trkpt>
   <trkpt lat="45.7931520" lon="4.7170360">
    <ele>268.2</ele>
    <time>2023-09-11T14:49:20Z</time>
   </trkpt>
   <trkpt lat="45.7931320" lon="4.7170150">
    <ele>268.3</ele>
    <time>2023-09-11T14:49:21Z</time>
   </trkpt>
   <trkpt lat="45.7931420" lon="4.7169830">
    <ele>268.3</ele>
    <time>2023-09-11T14:49:22Z</time>
   </trkpt>
   <trkpt lat="45.7931400" lon="4.7169560">
    <ele>268.4</ele>
    <time>2023-09-11T14:49:23Z</time>
   </trkpt>
   <trkpt lat="45.7931390" lon="4.7169170">
    <ele>268.5</ele>
    <time>2023-09-11T14:49:24Z</time>
   </trkpt>
   <trkpt lat="45.7930990" lon="4.7168680">
    <ele>268.7</ele>
    <time>2023-09-11T14:49:25Z</time>
   </trkpt>
   <trkpt lat="45.7930950" lon="4.7168260">
    <ele>268.8</ele>
    <time>2023-09-11T14:49:26Z</time>
   </trkpt>
   <trkpt lat="45.7930780" lon="4.7167880">
    <ele>269.0</ele>
    <time>2023-09-11T14:49:27Z</time>
   </trkpt>
   <trkpt lat="45.7930570" lon="4.7167490">
    <ele>269.1</ele>
    <time>2023-09-11T14:49:28Z</time>
   </trkpt>
   <trkpt lat="45.7930350" lon="4.7167130">
    <ele>269.2</ele>
    <time>2023-09-11T14:49:29Z</time>
   </trkpt>
   <trkpt lat="45.7930170" lon="4.7167010">
    <ele>269.3</ele>
    <time>2023-09-11T14:49:30Z</time>
   </trkpt>
   <trkpt lat="45.7929990" lon="4.7166670">
    <ele>269.4</ele>
    <time>2023-09-11T14:49:31Z</time>
   </trkpt>
   <trkpt lat="45.7929750" lon="4.7166260">
    <ele>269.5</ele>
    <time>2023-09-11T14:49:32Z</time>
   </trkpt>
   <trkpt lat="45.7929630" lon="4.7166170">
    <ele>269.6</ele>
    <time>2023-09-11T14:49:33Z</time>
   </trkpt>
   <trkpt lat="45.7929290" lon="4.7165860">
    <ele>269.7</ele>
    <time>2023-09-11T14:49:34Z</time>
   </trkpt>
   <trkpt lat="45.7929110" lon="4.7165470">
    <ele>269.8</ele>
    <time>2023-09-11T14:49:35Z</time>
   </trkpt>
   <trkpt lat="45.7928600" lon="4.7165200">
    <ele>270.0</ele>
    <time>2023-09-11T14:49:36Z</time>
   </trkpt>
   <trkpt lat="45.7928300" lon="4.7165160">
    <ele>270.1</ele>
    <time>2023-09-11T14:49:37Z</time>
   </trkpt>
   <trkpt lat="45.7927990" lon="4.7164930">
    <ele>270.2</ele>
    <time>2023-09-11T14:49:38Z</time>
   </trkpt>
   <trkpt lat="45.7927680" lon="4.7164780">
    <ele>270.4</ele>
    <time>2023-09-11T14:49:39Z</time>
   </trkpt>
   <trkpt lat="45.7927610" lon="4.7164630">
    <ele>270.4</ele>
    <time>2023-09-11T14:49:40Z</time>
   </trkpt>
   <trkpt lat="45.7927300" lon="4.7164250">
    <ele>270.6</ele>
    <time>2023-09-11T14:49:41Z</time>
   </trkpt>
   <trkpt lat="45.7927150" lon="4.7164170">
    <ele>270.6</ele>
    <time>2023-09-11T14:49:42Z</time>
   </trkpt>
   <trkpt lat="45.7926940" lon="4.7163860">
    <ele>270.8</ele>
    <time>2023-09-11T14:49:43Z</time>
   </trkpt>
   <trkpt lat="45.7926860" lon="4.7163820">
    <ele>270.8</ele>
    <time>2023-09-11T14:49:44Z</time>
   </trkpt>
   <trkpt lat="45.7926500" lon="4.7163570">
    <ele>271.0</ele>
    <time>2023-09-11T14:49:45Z</time>
   </trkpt>
   <trkpt lat="45.7926190" lon="4.7163450">
    <ele>271.1</ele>
    <time>2023-09-11T14:49:46Z</time>
   </trkpt>
   <trkpt lat="45.7925920" lon="4.7163520">
    <ele>271.2</ele>
    <time>2023-09-11T14:49:47Z</time>
   </trkpt>
   <trkpt lat="45.7925590" lon="4.7163530">
    <ele>271.4</ele>
    <time>2023-09-11T14:49:48Z</time>
   </trkpt>
   <trkpt lat="45.7925280" lon="4.7163510">
    <ele>271.5</ele>
    <time>2023-09-11T14:49:49Z</time>
   </trkpt>
   <trkpt lat="45.7924910" lon="4.7163440">
    <ele>271.6</ele>
    <time>2023-09-11T14:49:50Z</time>
   </trkpt>
   <trkpt lat="45.7924780" lon="4.7163370">
    <ele>271.7</ele>
    <time>2023-09-11T14:49:51Z</time>
   </trkpt>
   <trkpt lat="45.7924500" lon="4.7163100">
    <ele>271.8</ele>
    <time>2023-09-11T14:49:52Z</time>
   </trkpt>
   <trkpt lat="45.7924180" lon="4.7162730">
    <ele>272.0</ele>
    <time>2023-09-11T14:49:53Z</time>
   </trkpt>
   <trkpt lat="45.7924050" lon="4.7162620">
    <ele>272.0</ele>
    <time>2023-09-11T14:49:54Z</time>
   </trkpt>
   <trkpt lat="45.7923830" lon="4.7162150">
    <ele>272.2</ele>
    <time>2023-09-11T14:49:55Z</time>
   </trkpt>
   <trkpt lat="45.7923750" lon="4.7162010">
    <ele>272.2</ele>
    <time>2023-09-11T14:49:56Z</time>
   </trkpt>
   <trkpt lat="45.7923490" lon="4.7161800">
    <ele>272.3</ele>
    <time>2023-09-11T14:49:57Z</time>
   </trkpt>
   <trkpt lat="45.7923620" lon="4.7161320">
    <ele>272.5</ele>
    <time>2023-09-11T14:49:58Z</time>
   </trkpt>
   <trkpt lat="45.7923460" lon="4.7160930">
    <ele>272.6</ele>
    <time>2023-09-11T14:49:59Z</time>
   </trkpt>
   <trkpt lat="45.7923380" lon="4.7160750">
    <ele>272.6</ele>
    <time>2023-09-11T14:50:00Z</time>
   </trkpt>
   <trkpt lat="45.7923430" lon="4.7160360">
    <ele>272.7</ele>
    <time>2023-09-11T14:50:01Z</time>
   </trkpt>
   <trkpt lat="45.7923690" lon="4.7160120">
    <ele>272.8</ele>
    <time>2023-09-11T14:50:02Z</time>
   </trkpt>
   <trkpt lat="45.7923610" lon="4.7159630">
    <ele>272.9</ele>
    <time>2023-09-11T14:50:03Z</time>
   </trkpt>
   <trkpt lat="45.7923270" lon="4.7159270">
    <ele>273.0</ele>
    <time>2023-09-11T14:50:04Z</time>
   </trkpt>
   <trkpt lat="45.7923140" lon="4.7159140">
    <ele>273.1</ele>
    <time>2023-09-11T14:50:05Z</time>
   </trkpt>
   <trkpt lat="45.7922980" lon="4.7158750">
    <ele>273.2</ele>
    <time>2023-09-11T14:50:06Z</time>
   </trkpt>
   <trkpt lat="45.7922730" lon="4.7158410">
    <ele>273.3</ele>
    <time>2023-09-11T14:50:07Z</time>
   </trkpt>
   <trkpt lat="45.7922600" lon="4.7158070">
    <ele>273.4</ele>
    <time>2023-09-11T14:50:08Z</time>
   </trkpt>
   <trkpt lat="45.7922470" lon="4.7157720">
    <ele>273.5</ele>
    <time>2023-09-11T14:50:09Z</time>
   </trkpt>
   <trkpt lat="45.7922330" lon="4.7157180">
    <ele>273.7</ele>
    <time>2023-09-11T14:50:10Z</time>
   </trkpt>
   <trkpt lat="45.7922290" lon="4.7156990">
    <ele>273.7</ele>
    <time>2023-09-11T14:50:11Z</time>
   </trkpt>
   <trkpt lat="45.7922250" lon="4.7156590">
    <ele>273.8</ele>
    <time>2023-09-11T14:50:12Z</time>
   </trkpt>
   <trkpt lat="45.7922170" lon="4.7156150">
    <ele>273.9</ele>
    <time>2023-09-11T14:50:13Z</time>
   </trkpt>
   <trkpt lat="45.7922160" lon="4.7156000">
    <ele>274.0</ele>
    <time>2023-09-11T14:50:14Z</time>
   </trkpt>
   <trkpt lat="45.7922080" lon="4.7155590">
    <ele>274.1</ele>
    <time>2023-09-11T14:50:15Z</time>
   </trkpt>
   <trkpt lat="45.7921840" lon="4.7155160">
    <ele>274.2</ele>
    <time>2023-09-11T14:50:16Z</time>
   </trkpt>
   <trkpt lat="45.7921730" lon="4.7154780">
    <ele>274.3</ele>
    <time>2023-09-11T14:50:17Z</time>
   </trkpt>
   <trkpt lat="45.7921720" lon="4.7154250">
    <ele>274.4</ele>
    <time>2023-09-11T14:50:18Z</time>
   </trkpt>
   <trkpt lat="45.7921730" lon="4.7154000">
    <ele>274.4</ele>
    <time>2023-09-11T14:50:19Z</time>
   </trkpt>
   <trkpt lat="45.7921790" lon="4.7153410">
    <ele>274.6</ele>
    <time>2023-09-11T14:50:20Z</time>
   </trkpt>
   <trkpt lat="45.7921790" lon="4.7153180">
    <ele>274.6</ele>
    <time>2023-09-11T14:50:21Z</time>
   </trkpt>
   <trkpt lat="45.7921620" lon="4.7152720">
    <ele>274.8</ele>
    <time>2023-09-11T14:50:22Z</time>
   </trkpt>
   <trkpt lat="45.7921540" lon="4.7152510">
    <ele>274.8</ele>
    <time>2023-09-11T14:50:23Z</time>
   </trkpt>
   <trkpt lat="45.7921690" lon="4.7152030">
    <ele>275.0</ele>
    <time>2023-09-11T14:50:24Z</time>
   </trkpt>
   <trkpt lat="45.7921720" lon="4.7151840">
    <ele>275.0</ele>
    <time>2023-09-11T14:50:25Z</time>
   </trkpt>
   <trkpt lat="45.7921700" lon="4.7151420">
    <ele>275.1</ele>
    <time>2023-09-11T14:50:26Z</time>
   </trkpt>
   <trkpt lat="45.7921730" lon="4.7150880">
    <ele>275.2</ele>
    <time>2023-09-11T14:50:27Z</time>
   </trkpt>
   <trkpt lat="45.7921780" lon="4.7150310">
    <ele>275.3</ele>
    <time>2023-09-11T14:50:28Z</time>
   </trkpt>
   <trkpt lat="45.7921760" lon="4.7150080">
    <ele>275.3</ele>
    <time>2023-09-11T14:50:29Z</time>
   </trkpt>
   <trkpt lat="45.7921820" lon="4.7149630">
    <ele>275.4</ele>
    <time>2023-09-11T14:50:30Z</time>
   </trkpt>
   <trkpt lat="45.7921780" lon="4.7149110">
    <ele>275.5</ele>
    <time>2023-09-11T14:50:31Z</time>
   </trkpt>
   <trkpt lat="45.7921610" lon="4.7148640">
    <ele>275.6</ele>
    <time>2023-09-11T14:50:32Z</time>
   </trkpt>
   <trkpt lat="45.7921630" lon="4.7148160">
    <ele>275.7</ele>
    <time>2023-09-11T14:50:33Z</time>
   </trkpt>
   <trkpt lat="45.7921630" lon="4.7147980">
    <ele>275.8</ele>
    <time>2023-09-11T14:50:34Z</time>
   </trkpt>
   <trkpt lat="45.7921740" lon="4.7147460">
    <ele>275.9</ele>
    <time>2023-09-11T14:50:35Z</time>
   </trkpt>
   <trkpt lat="45.7921720" lon="4.7147250">
    <ele>275.9</ele>
    <time>2023-09-11T14:50:36Z</time>
   </trkpt>
   <trkpt lat="45.7921480" lon="4.7146820">
    <ele>276.0</ele>
    <time>2023-09-11T14:50:37Z</time>
   </trkpt>
   <trkpt lat="45.7921510" lon="4.7146430">
    <ele>276.1</ele>
    <time>2023-09-11T14:50:38Z</time>
   </trkpt>
   <trkpt lat="45.7921540" lon="4.7145810">
    <ele>276.2</ele>
    <time>2023-09-11T14:50:39Z</time>
   </trkpt>
   <trkpt lat="45.7921600" lon="4.7145530">
    <ele>276.3</ele>
    <time>2023-09-11T14:50:40Z</time>
   </trkpt>
   <trkpt lat="45.7921650" lon="4.7144900">
    <ele>276.4</ele>
    <time>2023-09-11T14:50:41Z</time>
   </trkpt>
   <trkpt lat="45.7921600" lon="4.7144580">
    <ele>276.5</ele>
    <time>2023-09-11T14:50:42Z</time>
   </trkpt>
   <trkpt lat="45.7921650" lon="4.7143970">
    <ele>276.6</ele>
    <time>2023-09-11T14:50:43Z</time>
   </trkpt>
   <trkpt lat="45.7921730" lon="4.7143750">
    <ele>276.6</ele>
    <time>2023-09-11T14:50:44Z</time>
   </trkpt>
   <trkpt lat="45.7921550" lon="4.7143290">
    <ele>276.8</ele>
    <time>2023-09-11T14:50:45Z</time>
   </trkpt>
   <trkpt lat="45.7921470" lon="4.7143110">
    <ele>276.8</ele>
    <time>2023-09-11T14:50:46Z</time>
   </trkpt>
   <trkpt lat="45.7921430" lon="4.7142570">
    <ele>276.9</ele>
    <time>2023-09-11T14:50:47Z</time>
   </trkpt>
   <trkpt lat="45.7921390" lon="4.7142380">
    <ele>277.0</ele>
    <time>2023-09-11T14:50:48Z</time>
   </trkpt>
   <trkpt lat="45.7921430" lon="4.7141870">
    <ele>277.1</ele>
    <time>2023-09-11T14:50:49Z</time>
   </trkpt>
   <trkpt lat="45.7921350" lon="4.7141640">
    <ele>277.1</ele>
    <time>2023-09-11T14:50:50Z</time>
   </trkpt>
   <trkpt lat="45.7921340" lon="4.7141220">
    <ele>277.2</ele>
    <time>2023-09-11T14:50:51Z</time>
   </trkpt>
   <trkpt lat="45.7921180" lon="4.7140880">
    <ele>277.3</ele>
    <time>2023-09-11T14:50:52Z</time>
   </trkpt>
   <trkpt lat="45.7921010" lon="4.7140440">
    <ele>277.4</ele>
    <time>2023-09-11T14:50:54Z</time>
   </trkpt>
   <trkpt lat="45.7920950" lon="4.7140270">
    <ele>277.4</ele>
    <time>2023-09-11T14:50:55Z</time>
   </trkpt>
   <trkpt lat="45.7920720" lon="4.7139890">
    <ele>277.6</ele>
    <time>2023-09-11T14:50:56Z</time>
   </trkpt>
   <trkpt lat="45.7919890" lon="4.7139770">
    <ele>277.6</ele>
    <time>2023-09-11T14:50:57Z</time>
   </trkpt>
   <trkpt lat="45.7919440" lon="4.7139870">
    <ele>277.6</ele>
    <time>2023-09-11T14:50:59Z</time>
   </trkpt>
   <trkpt lat="45.7919290" lon="4.7140030">
    <ele>277.7</ele>
    <time>2023-09-11T14:51:00Z</time>
   </trkpt>
   <trkpt lat="45.7919140" lon="4.7140190">
    <ele>277.7</ele>
    <time>2023-09-11T14:51:01Z</time>
   </trkpt>
   <trkpt lat="45.7918840" lon="4.7140340">
    <ele>277.7</ele>
    <time>2023-09-11T14:51:02Z</time>
   </trkpt>
   <trkpt lat="45.7918590" lon="4.7140580">
    <ele>277.7</ele>
    <time>2023-09-11T14:51:03Z</time>
   </trkpt>
   <trkpt lat="45.7918470" lon="4.7141090">
    <ele>277.8</ele>
    <time>2023-09-11T14:51:04Z</time>
   </trkpt>
   <trkpt lat="45.7918430" lon="4.7141250">
    <ele>277.8</ele>
    <time>2023-09-11T14:51:05Z</time>
   </trkpt>
   <trkpt lat="45.7918310" lon="4.7141830">
    <ele>277.8</ele>
    <time>2023-09-11T14:51:06Z</time>
   </trkpt>
   <trkpt lat="45.7918340" lon="4.7142100">
    <ele>277.9</ele>
    <time>2023-09-11T14:51:07Z</time>
   </trkpt>
   <trkpt lat="45.7918390" lon="4.7142950">
    <ele>278.1</ele>
    <time>2023-09-11T14:51:08Z</time>
   </trkpt>
   <trkpt lat="45.7918430" lon="4.7143380">
    <ele>278.2</ele>
    <time>2023-09-11T14:51:09Z</time>
   </trkpt>
   <trkpt lat="45.7918310" lon="4.7143920">
    <ele>278.3</ele>
    <time>2023-09-11T14:51:10Z</time>
   </trkpt>
   <trkpt lat="45.7918260" lon="4.7144110">
    <ele>278.4</ele>
    <time>2023-09-11T14:51:11Z</time>
   </trkpt>
   <trkpt lat="45.7918230" lon="4.7144690">
    <ele>278.5</ele>
    <time>2023-09-11T14:51:12Z</time>
   </trkpt>
   <trkpt lat="45.7918180" lon="4.7144900">
    <ele>278.6</ele>
    <time>2023-09-11T14:51:13Z</time>
   </trkpt>
   <trkpt lat="45.7918100" lon="4.7145280">
    <ele>278.7</ele>
    <time>2023-09-11T14:51:14Z</time>
   </trkpt>
   <trkpt lat="45.7918090" lon="4.7145680">
    <ele>278.8</ele>
    <time>2023-09-11T14:51:15Z</time>
   </trkpt>
   <trkpt lat="45.7918020" lon="4.7146220">
    <ele>278.9</ele>
    <time>2023-09-11T14:51:16Z</time>
   </trkpt>
   <trkpt lat="45.7918020" lon="4.7146420">
    <ele>278.9</ele>
    <time>2023-09-11T14:51:17Z</time>
   </trkpt>
   <trkpt lat="45.7917960" lon="4.7146850">
    <ele>279.0</ele>
    <time>2023-09-11T14:51:18Z</time>
   </trkpt>
   <trkpt lat="45.7917780" lon="4.7147280">
    <ele>279.2</ele>
    <time>2023-09-11T14:51:19Z</time>
   </trkpt>
   <trkpt lat="45.7917590" lon="4.7147840">
    <ele>279.3</ele>
    <time>2023-09-11T14:51:20Z</time>
   </trkpt>
   <trkpt lat="45.7917500" lon="4.7148070">
    <ele>279.4</ele>
    <time>2023-09-11T14:51:21Z</time>
   </trkpt>
   <trkpt lat="45.7917510" lon="4.7148480">
    <ele>279.5</ele>
    <time>2023-09-11T14:51:22Z</time>
   </trkpt>
   <trkpt lat="45.7917330" lon="4.7148960">
    <ele>279.6</ele>
    <time>2023-09-11T14:51:23Z</time>
   </trkpt>
   <trkpt lat="45.7917250" lon="4.7149110">
    <ele>279.6</ele>
    <time>2023-09-11T14:51:24Z</time>
   </trkpt>
   <trkpt lat="45.7917160" lon="4.7149600">
    <ele>279.8</ele>
    <time>2023-09-11T14:51:25Z</time>
   </trkpt>
   <trkpt lat="45.7917030" lon="4.7149970">
    <ele>279.9</ele>
    <time>2023-09-11T14:51:26Z</time>
   </trkpt>
   <trkpt lat="45.7916820" lon="4.7150450">
    <ele>280.0</ele>
    <time>2023-09-11T14:51:27Z</time>
   </trkpt>
   <trkpt lat="45.7916770" lon="4.7150650">
    <ele>280.0</ele>
    <time>2023-09-11T14:51:28Z</time>
   </trkpt>
   <trkpt lat="45.7916620" lon="4.7150970">
    <ele>280.1</ele>
    <time>2023-09-11T14:51:29Z</time>
   </trkpt>
   <trkpt lat="45.7916490" lon="4.7151410">
    <ele>280.2</ele>
    <time>2023-09-11T14:51:30Z</time>
   </trkpt>
   <trkpt lat="45.7916480" lon="4.7151830">
    <ele>280.3</ele>
    <time>2023-09-11T14:51:31Z</time>
   </trkpt>
   <trkpt lat="45.7916370" lon="4.7152260">
    <ele>280.4</ele>
    <time>2023-09-11T14:51:32Z</time>
   </trkpt>
   <trkpt lat="45.7916250" lon="4.7152840">
    <ele>280.6</ele>
    <time>2023-09-11T14:51:33Z</time>
   </trkpt>
   <trkpt lat="45.7916200" lon="4.7153090">
    <ele>280.7</ele>
    <time>2023-09-11T14:51:34Z</time>
   </trkpt>
   <trkpt lat="45.7916010" lon="4.7153600">
    <ele>280.8</ele>
    <time>2023-09-11T14:51:35Z</time>
   </trkpt>
   <trkpt lat="45.7915950" lon="4.7153810">
    <ele>280.8</ele>
    <time>2023-09-11T14:51:36Z</time>
   </trkpt>
   <trkpt lat="45.7915710" lon="4.7154050">
    <ele>280.9</ele>
    <time>2023-09-11T14:51:37Z</time>
   </trkpt>
   <trkpt lat="45.7915580" lon="4.7154440">
    <ele>281.0</ele>
    <time>2023-09-11T14:51:38Z</time>
   </trkpt>
   <trkpt lat="45.7915410" lon="4.7154800">
    <ele>281.2</ele>
    <time>2023-09-11T14:51:39Z</time>
   </trkpt>
   <trkpt lat="45.7915200" lon="4.7155310">
    <ele>281.3</ele>
    <time>2023-09-11T14:51:40Z</time>
   </trkpt>
   <trkpt lat="45.7915090" lon="4.7155470">
    <ele>281.4</ele>
    <time>2023-09-11T14:51:41Z</time>
   </trkpt>
   <trkpt lat="45.7914900" lon="4.7155840">
    <ele>281.5</ele>
    <time>2023-09-11T14:51:42Z</time>
   </trkpt>
   <trkpt lat="45.7914890" lon="4.7156040">
    <ele>281.6</ele>
    <time>2023-09-11T14:51:43Z</time>
   </trkpt>
   <trkpt lat="45.7914690" lon="4.7156500">
    <ele>281.7</ele>
    <time>2023-09-11T14:51:44Z</time>
   </trkpt>
   <trkpt lat="45.7914620" lon="4.7156660">
    <ele>281.8</ele>
    <time>2023-09-11T14:51:45Z</time>
   </trkpt>
   <trkpt lat="45.7914330" lon="4.7157030">
    <ele>281.9</ele>
    <time>2023-09-11T14:51:46Z</time>
   </trkpt>
   <trkpt lat="45.7914150" lon="4.7157100">
    <ele>282.0</ele>
    <time>2023-09-11T14:51:47Z</time>
   </trkpt>
   <trkpt lat="45.7913780" lon="4.7157310">
    <ele>282.2</ele>
    <time>2023-09-11T14:51:48Z</time>
   </trkpt>
   <trkpt lat="45.7913430" lon="4.7157550">
    <ele>282.4</ele>
    <time>2023-09-11T14:51:49Z</time>
   </trkpt>
   <trkpt lat="45.7913290" lon="4.7157550">
    <ele>282.4</ele>
    <time>2023-09-11T14:51:50Z</time>
   </trkpt>
   <trkpt lat="45.7912970" lon="4.7157440">
    <ele>282.6</ele>
    <time>2023-09-11T14:51:51Z</time>
   </trkpt>
   <trkpt lat="45.7912680" lon="4.7157140">
    <ele>282.7</ele>
    <time>2023-09-11T14:51:52Z</time>
   </trkpt>
   <trkpt lat="45.7912370" lon="4.7157040">
    <ele>282.9</ele>
    <time>2023-09-11T14:51:53Z</time>
   </trkpt>
   <trkpt lat="45.7911980" lon="4.7156890">
    <ele>283.1</ele>
    <time>2023-09-11T14:51:54Z</time>
   </trkpt>
   <trkpt lat="45.7911650" lon="4.7156670">
    <ele>283.3</ele>
    <time>2023-09-11T14:51:55Z</time>
   </trkpt>
   <trkpt lat="45.7911520" lon="4.7156620">
    <ele>283.4</ele>
    <time>2023-09-11T14:51:56Z</time>
   </trkpt>
   <trkpt lat="45.7914030" lon="4.7134670">
    <ele>287.9</ele>
    <time>2023-09-11T14:53:57Z</time>
   </trkpt>
   <trkpt lat="45.7913970" lon="4.7134460">
    <ele>287.9</ele>
    <time>2023-09-11T14:53:58Z</time>
   </trkpt>
   <trkpt lat="45.7913890" lon="4.7134280">
    <ele>287.9</ele>
    <time>2023-09-11T14:53:59Z</time>
   </trkpt>
   <trkpt lat="45.7913880" lon="4.7134040">
    <ele>288.0</ele>
    <time>2023-09-11T14:54:00Z</time>
   </trkpt>
   <trkpt lat="45.7913820" lon="4.7133810">
    <ele>288.0</ele>
    <time>2023-09-11T14:54:01Z</time>
   </trkpt>
   <trkpt lat="45.7913680" lon="4.7133440">
    <ele>288.1</ele>
    <time>2023-09-11T14:54:02Z</time>
   </trkpt>
   <trkpt lat="45.7913560" lon="4.7133210">
    <ele>288.1</ele>
    <time>2023-09-11T14:54:03Z</time>
   </trkpt>
   <trkpt lat="45.7913520" lon="4.7133070">
    <ele>288.1</ele>
    <time>2023-09-11T14:54:04Z</time>
   </trkpt>
   <trkpt lat="45.7913410" lon="4.7132840">
    <ele>288.2</ele>
    <time>2023-09-11T14:54:05Z</time>
   </trkpt>
   <trkpt lat="45.7913170" lon="4.7132500">
    <ele>288.2</ele>
    <time>2023-09-11T14:54:06Z</time>
   </trkpt>
   <trkpt lat="45.7913120" lon="4.7132340">
    <ele>288.3</ele>
    <time>2023-09-11T14:54:07Z</time>
   </trkpt>
   <trkpt lat="45.7913020" lon="4.7131910">
    <ele>288.3</ele>
    <time>2023-09-11T14:54:08Z</time>
   </trkpt>
   <trkpt lat="45.7912790" lon="4.7131460">
    <ele>288.4</ele>
    <time>2023-09-11T14:54:09Z</time>
   </trkpt>
   <trkpt lat="45.7912700" lon="4.7130860">
    <ele>288.5</ele>
    <time>2023-09-11T14:54:10Z</time>
   </trkpt>
   <trkpt lat="45.7912620" lon="4.7130450">
    <ele>288.6</ele>
    <time>2023-09-11T14:54:11Z</time>
   </trkpt>
   <trkpt lat="45.7912370" lon="4.7130070">
    <ele>288.7</ele>
    <time>2023-09-11T14:54:12Z</time>
   </trkpt>
   <trkpt lat="45.7912250" lon="4.7129690">
    <ele>288.8</ele>
    <time>2023-09-11T14:54:13Z</time>
   </trkpt>
   <trkpt lat="45.7912150" lon="4.7129260">
    <ele>288.9</ele>
    <time>2023-09-11T14:54:14Z</time>
   </trkpt>
   <trkpt lat="45.7911900" lon="4.7128790">
    <ele>289.0</ele>
    <time>2023-09-11T14:54:15Z</time>
   </trkpt>
   <trkpt lat="45.7911660" lon="4.7128560">
    <ele>289.1</ele>
    <time>2023-09-11T14:54:16Z</time>
   </trkpt>
   <trkpt lat="45.7911340" lon="4.7128250">
    <ele>289.2</ele>
    <time>2023-09-11T14:54:17Z</time>
   </trkpt>
   <trkpt lat="45.7911040" lon="4.7127880">
    <ele>289.3</ele>
    <time>2023-09-11T14:54:18Z</time>
   </trkpt>
   <trkpt lat="45.7910940" lon="4.7127770">
    <ele>289.3</ele>
    <time>2023-09-11T14:54:19Z</time>
   </trkpt>
   <trkpt lat="45.7910760" lon="4.7127420">
    <ele>289.4</ele>
    <time>2023-09-11T14:54:20Z</time>
   </trkpt>
   <trkpt lat="45.7910490" lon="4.7127260">
    <ele>289.5</ele>
    <time>2023-09-11T14:54:21Z</time>
   </trkpt>
   <trkpt lat="45.7910150" lon="4.7127210">
    <ele>289.6</ele>
    <time>2023-09-11T14:54:22Z</time>
   </trkpt>
   <trkpt lat="45.7909930" lon="4.7126830">
    <ele>289.7</ele>
    <time>2023-09-11T14:54:23Z</time>
   </trkpt>
   <trkpt lat="45.7909750" lon="4.7126490">
    <ele>289.8</ele>
    <time>2023-09-11T14:54:24Z</time>
   </trkpt>
   <trkpt lat="45.7909490" lon="4.7126300">
    <ele>289.9</ele>
    <time>2023-09-11T14:54:25Z</time>
   </trkpt>
   <trkpt lat="45.7909250" lon="4.7125970">
    <ele>290.0</ele>
    <time>2023-09-11T14:54:26Z</time>
   </trkpt>
   <trkpt lat="45.7908920" lon="4.7125900">
    <ele>290.1</ele>
    <time>2023-09-11T14:54:27Z</time>
   </trkpt>
   <trkpt lat="45.7908670" lon="4.7125700">
    <ele>290.2</ele>
    <time>2023-09-11T14:54:28Z</time>
   </trkpt>
   <trkpt lat="45.7908530" lon="4.7125350">
    <ele>290.3</ele>
    <time>2023-09-11T14:54:29Z</time>
   </trkpt>
   <trkpt lat="45.7908240" lon="4.7125360">
    <ele>290.4</ele>
    <time>2023-09-11T14:54:30Z</time>
   </trkpt>
   <trkpt lat="45.7907960" lon="4.7124980">
    <ele>290.5</ele>
    <time>2023-09-11T14:54:31Z</time>
   </trkpt>
   <trkpt lat="45.7907630" lon="4.7125060">
    <ele>290.6</ele>
    <time>2023-09-11T14:54:32Z</time>
   </trkpt>
   <trkpt lat="45.7907330" lon="4.7124870">
    <ele>290.7</ele>
    <time>2023-09-11T14:54:33Z</time>
   </trkpt>
   <trkpt lat="45.7907030" lon="4.7124940">
    <ele>290.9</ele>
    <time>2023-09-11T14:54:34Z</time>
   </trkpt>
   <trkpt lat="45.7906760" lon="4.7124830">
    <ele>291.0</ele>
    <time>2023-09-11T14:54:35Z</time>
   </trkpt>
   <trkpt lat="45.7906410" lon="4.7124690">
    <ele>291.1</ele>
    <time>2023-09-11T14:54:36Z</time>
   </trkpt>
   <trkpt lat="45.7906270" lon="4.7124660">
    <ele>291.2</ele>
    <time>2023-09-11T14:54:37Z</time>
   </trkpt>
   <trkpt lat="45.7905970" lon="4.7124520">
    <ele>291.3</ele>
    <time>2023-09-11T14:54:38Z</time>
   </trkpt>
   <trkpt lat="45.7905630" lon="4.7124540">
    <ele>291.4</ele>
    <time>2023-09-11T14:54:39Z</time>
   </trkpt>
   <trkpt lat="45.7905250" lon="4.7124380">
    <ele>291.6</ele>
    <time>2023-09-11T14:54:40Z</time>
   </trkpt>
   <trkpt lat="45.7905110" lon="4.7124350">
    <ele>291.6</ele>
    <time>2023-09-11T14:54:41Z</time>
   </trkpt>
   <trkpt lat="45.7904850" lon="4.7124140">
    <ele>291.8</ele>
    <time>2023-09-11T14:54:42Z</time>
   </trkpt>
   <trkpt lat="45.7904500" lon="4.7124150">
    <ele>291.9</ele>
    <time>2023-09-11T14:54:43Z</time>
   </trkpt>
   <trkpt lat="45.7904200" lon="4.7124300">
    <ele>292.0</ele>
    <time>2023-09-11T14:54:44Z</time>
   </trkpt>
   <trkpt lat="45.7904150" lon="4.7124350">
    <ele>292.1</ele>
    <time>2023-09-11T14:54:45Z</time>
   </trkpt>
   <trkpt lat="45.7903780" lon="4.7124440">
    <ele>292.2</ele>
    <time>2023-09-11T14:54:46Z</time>
   </trkpt>
   <trkpt lat="45.7903440" lon="4.7124310">
    <ele>292.4</ele>
    <time>2023-09-11T14:54:47Z</time>
   </trkpt>
   <trkpt lat="45.7903090" lon="4.7124510">
    <ele>292.6</ele>
    <time>2023-09-11T14:54:48Z</time>
   </trkpt>
   <trkpt lat="45.7902930" lon="4.7124580">
    <ele>292.6</ele>
    <time>2023-09-11T14:54:49Z</time>
   </trkpt>
   <trkpt lat="45.7902570" lon="4.7124800">
    <ele>292.8</ele>
    <time>2023-09-11T14:54:50Z</time>
   </trkpt>
   <trkpt lat="45.7902450" lon="4.7124890">
    <ele>292.9</ele>
    <time>2023-09-11T14:54:51Z</time>
   </trkpt>
   <trkpt lat="45.7902080" lon="4.7124920">
    <ele>293.1</ele>
    <time>2023-09-11T14:54:52Z</time>
   </trkpt>
   <trkpt lat="45.7901760" lon="4.7124950">
    <ele>293.2</ele>
    <time>2023-09-11T14:54:53Z</time>
   </trkpt>
   <trkpt lat="45.7901540" lon="4.7125350">
    <ele>293.4</ele>
    <time>2023-09-11T14:54:54Z</time>
   </trkpt>
   <trkpt lat="45.7901300" lon="4.7125520">
    <ele>293.5</ele>
    <time>2023-09-11T14:54:55Z</time>
   </trkpt>
   <trkpt lat="45.7900970" lon="4.7125720">
    <ele>293.7</ele>
    <time>2023-09-11T14:54:56Z</time>
   </trkpt>
   <trkpt lat="45.7900850" lon="4.7125790">
    <ele>293.7</ele>
    <time>2023-09-11T14:54:57Z</time>
   </trkpt>
   <trkpt lat="45.7900540" lon="4.7125960">
    <ele>293.8</ele>
    <time>2023-09-11T14:54:58Z</time>
   </trkpt>
   <trkpt lat="45.7900360" lon="4.7126300">
    <ele>293.9</ele>
    <time>2023-09-11T14:54:59Z</time>
   </trkpt>
   <trkpt lat="45.7900070" lon="4.7126610">
    <ele>294.1</ele>
    <time>2023-09-11T14:55:00Z</time>
   </trkpt>
   <trkpt lat="45.7899810" lon="4.7126820">
    <ele>294.2</ele>
    <time>2023-09-11T14:55:01Z</time>
   </trkpt>
   <trkpt lat="45.7899730" lon="4.7126970">
    <ele>294.2</ele>
    <time>2023-09-11T14:55:02Z</time>
   </trkpt>
   <trkpt lat="45.7899530" lon="4.7127350">
    <ele>294.3</ele>
    <time>2023-09-11T14:55:03Z</time>
   </trkpt>
   <trkpt lat="45.7899260" lon="4.7127690">
    <ele>294.3</ele>
    <time>2023-09-11T14:55:04Z</time>
   </trkpt>
   <trkpt lat="45.7899170" lon="4.7127800">
    <ele>294.4</ele>
    <time>2023-09-11T14:55:05Z</time>
   </trkpt>
   <trkpt lat="45.7898910" lon="4.7128270">
    <ele>294.5</ele>
    <time>2023-09-11T14:55:06Z</time>
   </trkpt>
   <trkpt lat="45.7898690" lon="4.7128720">
    <ele>294.5</ele>
    <time>2023-09-11T14:55:07Z</time>
   </trkpt>
   <trkpt lat="45.7898560" lon="4.7128900">
    <ele>294.6</ele>
    <time>2023-09-11T14:55:08Z</time>
   </trkpt>
   <trkpt lat="45.7898520" lon="4.7129380">
    <ele>294.6</ele>
    <time>2023-09-11T14:55:09Z</time>
   </trkpt>
   <trkpt lat="45.7898480" lon="4.7129560">
    <ele>294.7</ele>
    <time>2023-09-11T14:55:10Z</time>
   </trkpt>
   <trkpt lat="45.7898260" lon="4.7130050">
    <ele>294.7</ele>
    <time>2023-09-11T14:55:11Z</time>
   </trkpt>
   <trkpt lat="45.7897980" lon="4.7130370">
    <ele>294.8</ele>
    <time>2023-09-11T14:55:12Z</time>
   </trkpt>
   <trkpt lat="45.7897670" lon="4.7130750">
    <ele>294.9</ele>
    <time>2023-09-11T14:55:13Z</time>
   </trkpt>
   <trkpt lat="45.7897470" lon="4.7130920">
    <ele>294.9</ele>
    <time>2023-09-11T14:55:14Z</time>
   </trkpt>
   <trkpt lat="45.7897200" lon="4.7131230">
    <ele>295.0</ele>
    <time>2023-09-11T14:55:15Z</time>
   </trkpt>
   <trkpt lat="45.7897070" lon="4.7131290">
    <ele>295.0</ele>
    <time>2023-09-11T14:55:16Z</time>
   </trkpt>
   <trkpt lat="45.7896880" lon="4.7131630">
    <ele>295.1</ele>
    <time>2023-09-11T14:55:17Z</time>
   </trkpt>
   <trkpt lat="45.7896710" lon="4.7132010">
    <ele>295.1</ele>
    <time>2023-09-11T14:55:18Z</time>
   </trkpt>
   <trkpt lat="45.7896410" lon="4.7132220">
    <ele>295.2</ele>
    <time>2023-09-11T14:55:19Z</time>
   </trkpt>
   <trkpt lat="45.7896190" lon="4.7132520">
    <ele>295.2</ele>
    <time>2023-09-11T14:55:20Z</time>
   </trkpt>
   <trkpt lat="45.7895950" lon="4.7132690">
    <ele>295.3</ele>
    <time>2023-09-11T14:55:21Z</time>
   </trkpt>
   <trkpt lat="45.7895680" lon="4.7132900">
    <ele>295.3</ele>
    <time>2023-09-11T14:55:22Z</time>
   </trkpt>
   <trkpt lat="45.7895310" lon="4.7132970">
    <ele>295.4</ele>
    <time>2023-09-11T14:55:23Z</time>
   </trkpt>
   <trkpt lat="45.7894950" lon="4.7133220">
    <ele>295.4</ele>
    <time>2023-09-11T14:55:24Z</time>
   </trkpt>
   <trkpt lat="45.7894820" lon="4.7133370">
    <ele>295.5</ele>
    <time>2023-09-11T14:55:25Z</time>
   </trkpt>
   <trkpt lat="45.7894640" lon="4.7133720">
    <ele>295.5</ele>
    <time>2023-09-11T14:55:26Z</time>
   </trkpt>
   <trkpt lat="45.7894280" lon="4.7134080">
    <ele>295.6</ele>
    <time>2023-09-11T14:55:27Z</time>
   </trkpt>
   <trkpt lat="45.7894150" lon="4.7134260">
    <ele>295.6</ele>
    <time>2023-09-11T14:55:28Z</time>
   </trkpt>
   <trkpt lat="45.7893820" lon="4.7134580">
    <ele>295.7</ele>
    <time>2023-09-11T14:55:29Z</time>
   </trkpt>
   <trkpt lat="45.7893660" lon="4.7134700">
    <ele>295.7</ele>
    <time>2023-09-11T14:55:30Z</time>
   </trkpt>
   <trkpt lat="45.7893350" lon="4.7135140">
    <ele>295.8</ele>
    <time>2023-09-11T14:55:31Z</time>
   </trkpt>
   <trkpt lat="45.7893250" lon="4.7135380">
    <ele>295.8</ele>
    <time>2023-09-11T14:55:32Z</time>
   </trkpt>
   <trkpt lat="45.7893000" lon="4.7135550">
    <ele>295.9</ele>
    <time>2023-09-11T14:55:33Z</time>
   </trkpt>
   <trkpt lat="45.7892700" lon="4.7135570">
    <ele>295.9</ele>
    <time>2023-09-11T14:55:34Z</time>
   </trkpt>
   <trkpt lat="45.7892520" lon="4.7135880">
    <ele>296.0</ele>
    <time>2023-09-11T14:55:35Z</time>
   </trkpt>
   <trkpt lat="45.7892260" lon="4.7136310">
    <ele>296.0</ele>
    <time>2023-09-11T14:55:36Z</time>
   </trkpt>
   <trkpt lat="45.7892150" lon="4.7136460">
    <ele>296.1</ele>
    <time>2023-09-11T14:55:37Z</time>
   </trkpt>
   <trkpt lat="45.7891800" lon="4.7136790">
    <ele>296.1</ele>
    <time>2023-09-11T14:55:38Z</time>
   </trkpt>
   <trkpt lat="45.7891650" lon="4.7136850">
    <ele>296.1</ele>
    <time>2023-09-11T14:55:39Z</time>
   </trkpt>
   <trkpt lat="45.7891370" lon="4.7136970">
    <ele>296.1</ele>
    <time>2023-09-11T14:55:40Z</time>
   </trkpt>
   <trkpt lat="45.7891180" lon="4.7137320">
    <ele>296.2</ele>
    <time>2023-09-11T14:55:41Z</time>
   </trkpt>
   <trkpt lat="45.7890960" lon="4.7137620">
    <ele>296.2</ele>
    <time>2023-09-11T14:55:42Z</time>
   </trkpt>
   <trkpt lat="45.7890700" lon="4.7137760">
    <ele>296.2</ele>
    <time>2023-09-11T14:55:43Z</time>
   </trkpt>
   <trkpt lat="45.7890450" lon="4.7138040">
    <ele>296.2</ele>
    <time>2023-09-11T14:55:44Z</time>
   </trkpt>
   <trkpt lat="45.7890200" lon="4.7138450">
    <ele>296.3</ele>
    <time>2023-09-11T14:55:45Z</time>
   </trkpt>
   <trkpt lat="45.7890100" lon="4.7138590">
    <ele>296.3</ele>
    <time>2023-09-11T14:55:46Z</time>
   </trkpt>
   <trkpt lat="45.7889800" lon="4.7138680">
    <ele>296.3</ele>
    <time>2023-09-11T14:55:47Z</time>
   </trkpt>
   <trkpt lat="45.7889560" lon="4.7138960">
    <ele>296.3</ele>
    <time>2023-09-11T14:55:48Z</time>
   </trkpt>
   <trkpt lat="45.7889040" lon="4.7139490">
    <ele>296.4</ele>
    <time>2023-09-11T14:55:50Z</time>
   </trkpt>
   <trkpt lat="45.7888920" lon="4.7139860">
    <ele>296.4</ele>
    <time>2023-09-11T14:55:51Z</time>
   </trkpt>
   <trkpt lat="45.7888630" lon="4.7139890">
    <ele>296.4</ele>
    <time>2023-09-11T14:55:52Z</time>
   </trkpt>
   <trkpt lat="45.7888300" lon="4.7140360">
    <ele>296.4</ele>
    <time>2023-09-11T14:55:53Z</time>
   </trkpt>
   <trkpt lat="45.7888030" lon="4.7140680">
    <ele>296.4</ele>
    <time>2023-09-11T14:55:54Z</time>
   </trkpt>
   <trkpt lat="45.7887910" lon="4.7140780">
    <ele>296.4</ele>
    <time>2023-09-11T14:55:55Z</time>
   </trkpt>
   <trkpt lat="45.7887640" lon="4.7141010">
    <ele>296.4</ele>
    <time>2023-09-11T14:55:56Z</time>
   </trkpt>
   <trkpt lat="45.7887410" lon="4.7141370">
    <ele>296.4</ele>
    <time>2023-09-11T14:55:57Z</time>
   </trkpt>
   <trkpt lat="45.7887140" lon="4.7141770">
    <ele>296.4</ele>
    <time>2023-09-11T14:55:58Z</time>
   </trkpt>
   <trkpt lat="45.7887040" lon="4.7141940">
    <ele>296.4</ele>
    <time>2023-09-11T14:55:59Z</time>
   </trkpt>
   <trkpt lat="45.7886670" lon="4.7142290">
    <ele>296.4</ele>
    <time>2023-09-11T14:56:00Z</time>
   </trkpt>
   <trkpt lat="45.7886500" lon="4.7142380">
    <ele>296.4</ele>
    <time>2023-09-11T14:56:01Z</time>
   </trkpt>
   <trkpt lat="45.7886280" lon="4.7142630">
    <ele>296.4</ele>
    <time>2023-09-11T14:56:02Z</time>
   </trkpt>
   <trkpt lat="45.7886040" lon="4.7143140">
    <ele>296.4</ele>
    <time>2023-09-11T14:56:03Z</time>
   </trkpt>
   <trkpt lat="45.7885840" lon="4.7143460">
    <ele>296.3</ele>
    <time>2023-09-11T14:56:04Z</time>
   </trkpt>
   <trkpt lat="45.7885640" lon="4.7143800">
    <ele>296.3</ele>
    <time>2023-09-11T14:56:05Z</time>
   </trkpt>
   <trkpt lat="45.7885430" lon="4.7144180">
    <ele>296.3</ele>
    <time>2023-09-11T14:56:06Z</time>
   </trkpt>
   <trkpt lat="45.7885210" lon="4.7144480">
    <ele>296.2</ele>
    <time>2023-09-11T14:56:07Z</time>
   </trkpt>
   <trkpt lat="45.7885000" lon="4.7144930">
    <ele>296.1</ele>
    <time>2023-09-11T14:56:08Z</time>
   </trkpt>
   <trkpt lat="45.7884900" lon="4.7145340">
    <ele>296.1</ele>
    <time>2023-09-11T14:56:09Z</time>
   </trkpt>
   <trkpt lat="45.7884800" lon="4.7145760">
    <ele>296.0</ele>
    <time>2023-09-11T14:56:10Z</time>
   </trkpt>
   <trkpt lat="45.7884780" lon="4.7146240">
    <ele>295.9</ele>
    <time>2023-09-11T14:56:11Z</time>
   </trkpt>
   <trkpt lat="45.7884690" lon="4.7146670">
    <ele>295.8</ele>
    <time>2023-09-11T14:56:12Z</time>
   </trkpt>
   <trkpt lat="45.7884570" lon="4.7147130">
    <ele>295.7</ele>
    <time>2023-09-11T14:56:13Z</time>
   </trkpt>
   <trkpt lat="45.7884720" lon="4.7147650">
    <ele>295.6</ele>
    <time>2023-09-11T14:56:14Z</time>
   </trkpt>
   <trkpt lat="45.7884600" lon="4.7148050">
    <ele>295.5</ele>
    <time>2023-09-11T14:56:15Z</time>
   </trkpt>
   <trkpt lat="45.7884640" lon="4.7148450">
    <ele>295.4</ele>
    <time>2023-09-11T14:56:16Z</time>
   </trkpt>
   <trkpt lat="45.7884680" lon="4.7148930">
    <ele>295.3</ele>
    <time>2023-09-11T14:56:17Z</time>
   </trkpt>
   <trkpt lat="45.7884610" lon="4.7149410">
    <ele>295.2</ele>
    <time>2023-09-11T14:56:18Z</time>
   </trkpt>
   <trkpt lat="45.7884620" lon="4.7149920">
    <ele>295.1</ele>
    <time>2023-09-11T14:56:19Z</time>
   </trkpt>
   <trkpt lat="45.7884610" lon="4.7150110">
    <ele>295.0</ele>
    <time>2023-09-11T14:56:20Z</time>
   </trkpt>
   <trkpt lat="45.7885540" lon="4.7151520">
    <ele>294.4</ele>
    <time>2023-09-11T14:56:21Z</time>
   </trkpt>
   <trkpt lat="45.7886370" lon="4.7152720">
    <ele>293.9</ele>
    <time>2023-09-11T14:58:50Z</time>
   </trkpt>
   <trkpt lat="45.7887200" lon="4.7153920">
    <ele>293.4</ele>
    <time>2023-09-11T14:58:51Z</time>
   </trkpt>
   <trkpt lat="45.7888030" lon="4.7155120">
    <ele>292.9</ele>
    <time>2023-09-11T14:58:52Z</time>
   </trkpt>
   <trkpt lat="45.7888860" lon="4.7156320">
    <ele>292.4</ele>
    <time>2023-09-11T14:58:53Z</time>
   </trkpt>
   <trkpt lat="45.7889180" lon="4.7156490">
    <ele>292.3</ele>
    <time>2023-09-11T14:58:54Z</time>
   </trkpt>
   <trkpt lat="45.7889430" lon="4.7156670">
    <ele>292.1</ele>
    <time>2023-09-11T14:58:55Z</time>
   </trkpt>
   <trkpt lat="45.7889680" lon="4.7156870">
    <ele>292.0</ele>
    <time>2023-09-11T14:58:56Z</time>
   </trkpt>
   <trkpt lat="45.7889920" lon="4.7157140">
    <ele>291.9</ele>
    <time>2023-09-11T14:58:57Z</time>
   </trkpt>
   <trkpt lat="45.7890140" lon="4.7157430">
    <ele>291.8</ele>
    <time>2023-09-11T14:58:58Z</time>
   </trkpt>
   <trkpt lat="45.7890380" lon="4.7157730">
    <ele>291.7</ele>
    <time>2023-09-11T14:58:59Z</time>
   </trkpt>
   <trkpt lat="45.7890680" lon="4.7158080">
    <ele>291.6</ele>
    <time>2023-09-11T14:59:00Z</time>
   </trkpt>
   <trkpt lat="45.7890960" lon="4.7158320">
    <ele>291.5</ele>
    <time>2023-09-11T14:59:01Z</time>
   </trkpt>
   <trkpt lat="45.7891210" lon="4.7158530">
    <ele>291.4</ele>
    <time>2023-09-11T14:59:02Z</time>
   </trkpt>
   <trkpt lat="45.7891520" lon="4.7158750">
    <ele>291.3</ele>
    <time>2023-09-11T14:59:03Z</time>
   </trkpt>
   <trkpt lat="45.7891750" lon="4.7159000">
    <ele>291.2</ele>
    <time>2023-09-11T14:59:04Z</time>
   </trkpt>
   <trkpt lat="45.7892020" lon="4.7159320">
    <ele>291.1</ele>
    <time>2023-09-11T14:59:05Z</time>
   </trkpt>
   <trkpt lat="45.7892240" lon="4.7159670">
    <ele>291.0</ele>
    <time>2023-09-11T14:59:06Z</time>
   </trkpt>
   <trkpt lat="45.7892480" lon="4.7159950">
    <ele>290.9</ele>
    <time>2023-09-11T14:59:07Z</time>
   </trkpt>
   <trkpt lat="45.7892730" lon="4.7160240">
    <ele>290.8</ele>
    <time>2023-09-11T14:59:08Z</time>
   </trkpt>
   <trkpt lat="45.7892950" lon="4.7160560">
    <ele>290.8</ele>
    <time>2023-09-11T14:59:09Z</time>
   </trkpt>
   <trkpt lat="45.7893090" lon="4.7160980">
    <ele>290.7</ele>
    <time>2023-09-11T14:59:10Z</time>
   </trkpt>
   <trkpt lat="45.7893350" lon="4.7161450">
    <ele>290.7</ele>
    <time>2023-09-11T14:59:11Z</time>
   </trkpt>
   <trkpt lat="45.7893460" lon="4.7161610">
    <ele>290.7</ele>
    <time>2023-09-11T14:59:12Z</time>
   </trkpt>
   <trkpt lat="45.7893390" lon="4.7162200">
    <ele>290.6</ele>
    <time>2023-09-11T14:59:13Z</time>
   </trkpt>
   <trkpt lat="45.7893620" lon="4.7162560">
    <ele>290.6</ele>
    <time>2023-09-11T14:59:14Z</time>
   </trkpt>
   <trkpt lat="45.7893870" lon="4.7163050">
    <ele>290.6</ele>
    <time>2023-09-11T14:59:15Z</time>
   </trkpt>
   <trkpt lat="45.7893950" lon="4.7163470">
    <ele>290.5</ele>
    <time>2023-09-11T14:59:16Z</time>
   </trkpt>
   <trkpt lat="45.7894100" lon="4.7164010">
    <ele>290.5</ele>
    <time>2023-09-11T14:59:17Z</time>
   </trkpt>
   <trkpt lat="45.7894270" lon="4.7164320">
    <ele>290.4</ele>
    <time>2023-09-11T14:59:18Z</time>
   </trkpt>
   <trkpt lat="45.7894710" lon="4.7164880">
    <ele>290.3</ele>
    <time>2023-09-11T14:59:19Z</time>
   </trkpt>
   <trkpt lat="45.7894910" lon="4.7165320">
    <ele>290.2</ele>
    <time>2023-09-11T14:59:20Z</time>
   </trkpt>
   <trkpt lat="45.7895100" lon="4.7165650">
    <ele>290.2</ele>
    <time>2023-09-11T14:59:21Z</time>
   </trkpt>
   <trkpt lat="45.7895250" lon="4.7166180">
    <ele>290.1</ele>
    <time>2023-09-11T14:59:22Z</time>
   </trkpt>
   <trkpt lat="45.7895410" lon="4.7166570">
    <ele>290.0</ele>
    <time>2023-09-11T14:59:23Z</time>
   </trkpt>
   <trkpt lat="45.7895590" lon="4.7167140">
    <ele>289.9</ele>
    <time>2023-09-11T14:59:24Z</time>
   </trkpt>
   <trkpt lat="45.7895670" lon="4.7167370">
    <ele>289.8</ele>
    <time>2023-09-11T14:59:25Z</time>
   </trkpt>
   <trkpt lat="45.7895760" lon="4.7167750">
    <ele>289.7</ele>
    <time>2023-09-11T14:59:26Z</time>
   </trkpt>
   <trkpt lat="45.7895930" lon="4.7168100">
    <ele>289.6</ele>
    <time>2023-09-11T14:59:27Z</time>
   </trkpt>
   <trkpt lat="45.7896070" lon="4.7168710">
    <ele>289.5</ele>
    <time>2023-09-11T14:59:28Z</time>
   </trkpt>
   <trkpt lat="45.7896240" lon="4.7169080">
    <ele>289.4</ele>
    <time>2023-09-11T14:59:29Z</time>
   </trkpt>
   <trkpt lat="45.7896510" lon="4.7169570">
    <ele>289.2</ele>
    <time>2023-09-11T14:59:30Z</time>
   </trkpt>
   <trkpt lat="45.7896560" lon="4.7169830">
    <ele>289.2</ele>
    <time>2023-09-11T14:59:31Z</time>
   </trkpt>
   <trkpt lat="45.7896570" lon="4.7170310">
    <ele>289.0</ele>
    <time>2023-09-11T14:59:32Z</time>
   </trkpt>
   <trkpt lat="45.7896650" lon="4.7170790">
    <ele>288.9</ele>
    <time>2023-09-11T14:59:33Z</time>
   </trkpt>
   <trkpt lat="45.7896580" lon="4.7171360">
    <ele>288.8</ele>
    <time>2023-09-11T14:59:34Z</time>
   </trkpt>
   <trkpt lat="45.7896680" lon="4.7171840">
    <ele>288.6</ele>
    <time>2023-09-11T14:59:35Z</time>
   </trkpt>
   <trkpt lat="45.7896820" lon="4.7172320">
    <ele>288.5</ele>
    <time>2023-09-11T14:59:36Z</time>
   </trkpt>
   <trkpt lat="45.7896890" lon="4.7172480">
    <ele>288.4</ele>
    <time>2023-09-11T14:59:37Z</time>
   </trkpt>
   <trkpt lat="45.7897020" lon="4.7172840">
    <ele>288.3</ele>
    <time>2023-09-11T14:59:38Z</time>
   </trkpt>
   <trkpt lat="45.7897040" lon="4.7173330">
    <ele>288.2</ele>
    <time>2023-09-11T14:59:39Z</time>
   </trkpt>
   <trkpt lat="45.7897180" lon="4.7173820">
    <ele>288.0</ele>
    <time>2023-09-11T14:59:40Z</time>
   </trkpt>
   <trkpt lat="45.7897210" lon="4.7174210">
    <ele>287.9</ele>
    <time>2023-09-11T14:59:41Z</time>
   </trkpt>
   <trkpt lat="45.7897160" lon="4.7174750">
    <ele>287.8</ele>
    <time>2023-09-11T14:59:42Z</time>
   </trkpt>
   <trkpt lat="45.7897180" lon="4.7175270">
    <ele>287.6</ele>
    <time>2023-09-11T14:59:43Z</time>
   </trkpt>
   <trkpt lat="45.7897290" lon="4.7175870">
    <ele>287.5</ele>
    <time>2023-09-11T14:59:44Z</time>
   </trkpt>
   <trkpt lat="45.7897270" lon="4.7176140">
    <ele>287.4</ele>
    <time>2023-09-11T14:59:45Z</time>
   </trkpt>
   <trkpt lat="45.7897250" lon="4.7176590">
    <ele>287.3</ele>
    <time>2023-09-11T14:59:46Z</time>
   </trkpt>
   <trkpt lat="45.7897370" lon="4.7177070">
    <ele>287.1</ele>
    <time>2023-09-11T14:59:47Z</time>
   </trkpt>
   <trkpt lat="45.7897470" lon="4.7177570">
    <ele>287.0</ele>
    <time>2023-09-11T14:59:48Z</time>
   </trkpt>
   <trkpt lat="45.7897450" lon="4.7178140">
    <ele>286.8</ele>
    <time>2023-09-11T14:59:49Z</time>
   </trkpt>
   <trkpt lat="45.7897440" lon="4.7178350">
    <ele>286.8</ele>
    <time>2023-09-11T14:59:50Z</time>
   </trkpt>
   <trkpt lat="45.7897430" lon="4.7178850">
    <ele>286.7</ele>
    <time>2023-09-11T14:59:51Z</time>
   </trkpt>
   <trkpt lat="45.7897450" lon="4.7179260">
    <ele>286.6</ele>
    <time>2023-09-11T14:59:52Z</time>
   </trkpt>
   <trkpt lat="45.7897450" lon="4.7179690">
    <ele>286.5</ele>
    <time>2023-09-11T14:59:53Z</time>
   </trkpt>
   <trkpt lat="45.7897370" lon="4.7180190">
    <ele>286.4</ele>
    <time>2023-09-11T14:59:54Z</time>
   </trkpt>
   <trkpt lat="45.7897210" lon="4.7180540">
    <ele>286.3</ele>
    <time>2023-09-11T14:59:55Z</time>
   </trkpt>
   <trkpt lat="45.7897010" lon="4.7180980">
    <ele>286.2</ele>
    <time>2023-09-11T14:59:56Z</time>
   </trkpt>
   <trkpt lat="45.7896980" lon="4.7181530">
    <ele>286.1</ele>
    <time>2023-09-11T14:59:57Z</time>
   </trkpt>
   <trkpt lat="45.7896940" lon="4.7181910">
    <ele>286.0</ele>
    <time>2023-09-11T14:59:58Z</time>
   </trkpt>
   <trkpt lat="45.7896750" lon="4.7182530">
    <ele>285.9</ele>
    <time>2023-09-11T14:59:59Z</time>
   </trkpt>
   <trkpt lat="45.7896720" lon="4.7183030">
    <ele>285.8</ele>
    <time>2023-09-11T15:00:00Z</time>
   </trkpt>
   <trkpt lat="45.7896600" lon="4.7183480">
    <ele>285.7</ele>
    <time>2023-09-11T15:00:01Z</time>
   </trkpt>
   <trkpt lat="45.7896550" lon="4.7183960">
    <ele>285.6</ele>
    <time>2023-09-11T15:00:02Z</time>
   </trkpt>
   <trkpt lat="45.7896590" lon="4.7184440">
    <ele>285.5</ele>
    <time>2023-09-11T15:00:03Z</time>
   </trkpt>
   <trkpt lat="45.7896410" lon="4.7184950">
    <ele>285.3</ele>
    <time>2023-09-11T15:00:04Z</time>
   </trkpt>
   <trkpt lat="45.7896350" lon="4.7185160">
    <ele>285.3</ele>
    <time>2023-09-11T15:00:05Z</time>
   </trkpt>
   <trkpt lat="45.7896000" lon="4.7185660">
    <ele>285.1</ele>
    <time>2023-09-11T15:00:06Z</time>
   </trkpt>
   <trkpt lat="45.7895780" lon="4.7185850">
    <ele>285.0</ele>
    <time>2023-09-11T15:00:07Z</time>
   </trkpt>
   <trkpt lat="45.7895500" lon="4.7186280">
    <ele>284.8</ele>
    <time>2023-09-11T15:00:08Z</time>
   </trkpt>
   <trkpt lat="45.7895190" lon="4.7186540">
    <ele>284.7</ele>
    <time>2023-09-11T15:00:09Z</time>
   </trkpt>
   <trkpt lat="45.7894980" lon="4.7186920">
    <ele>284.6</ele>
    <time>2023-09-11T15:00:10Z</time>
   </trkpt>
   <trkpt lat="45.7894950" lon="4.7187370">
    <ele>284.5</ele>
    <time>2023-09-11T15:00:11Z</time>
   </trkpt>
   <trkpt lat="45.7894650" lon="4.7187870">
    <ele>284.4</ele>
    <time>2023-09-11T15:00:12Z</time>
   </trkpt>
   <trkpt lat="45.7894490" lon="4.7188080">
    <ele>284.3</ele>
    <time>2023-09-11T15:00:13Z</time>
   </trkpt>
   <trkpt lat="45.7894300" lon="4.7188440">
    <ele>284.2</ele>
    <time>2023-09-11T15:00:14Z</time>
   </trkpt>
   <trkpt lat="45.7893970" lon="4.7188630">
    <ele>284.1</ele>
    <time>2023-09-11T15:00:15Z</time>
   </trkpt>
   <trkpt lat="45.7893600" lon="4.7188980">
    <ele>284.0</ele>
    <time>2023-09-11T15:00:16Z</time>
   </trkpt>
   <trkpt lat="45.7893170" lon="4.7189070">
    <ele>283.8</ele>
    <time>2023-09-11T15:00:17Z</time>
   </trkpt>
   <trkpt lat="45.7892880" lon="4.7189370">
    <ele>283.7</ele>
    <time>2023-09-11T15:00:18Z</time>
   </trkpt>
   <trkpt lat="45.7892600" lon="4.7189640">
    <ele>283.6</ele>
    <time>2023-09-11T15:00:19Z</time>
   </trkpt>
   <trkpt lat="45.7892290" lon="4.7189860">
    <ele>283.5</ele>
    <time>2023-09-11T15:00:20Z</time>
   </trkpt>
   <trkpt lat="45.7891970" lon="4.7190260">
    <ele>283.4</ele>
    <time>2023-09-11T15:00:21Z</time>
   </trkpt>
   <trkpt lat="45.7891640" lon="4.7190600">
    <ele>283.3</ele>
    <time>2023-09-11T15:00:22Z</time>
   </trkpt>
   <trkpt lat="45.7891390" lon="4.7190890">
    <ele>283.2</ele>
    <time>2023-09-11T15:00:23Z</time>
   </trkpt>
   <trkpt lat="45.7891050" lon="4.7191280">
    <ele>283.0</ele>
    <time>2023-09-11T15:00:24Z</time>
   </trkpt>
   <trkpt lat="45.7890810" lon="4.7191500">
    <ele>282.9</ele>
    <time>2023-09-11T15:00:25Z</time>
   </trkpt>
   <trkpt lat="45.7890630" lon="4.7191810">
    <ele>282.8</ele>
    <time>2023-09-11T15:00:26Z</time>
   </trkpt>
   <trkpt lat="45.7890320" lon="4.7191930">
    <ele>282.8</ele>
    <time>2023-09-11T15:00:27Z</time>
   </trkpt>
   <trkpt lat="45.7890010" lon="4.7192410">
    <ele>282.6</ele>
    <time>2023-09-11T15:00:28Z</time>
   </trkpt>
   <trkpt lat="45.7889730" lon="4.7192580">
    <ele>282.5</ele>
    <time>2023-09-11T15:00:29Z</time>
   </trkpt>
   <trkpt lat="45.7889350" lon="4.7192720">
    <ele>282.4</ele>
    <time>2023-09-11T15:00:30Z</time>
   </trkpt>
   <trkpt lat="45.7889050" lon="4.7192900">
    <ele>282.3</ele>
    <time>2023-09-11T15:00:31Z</time>
   </trkpt>
   <trkpt lat="45.7888680" lon="4.7193010">
    <ele>282.3</ele>
    <time>2023-09-11T15:00:32Z</time>
   </trkpt>
   <trkpt lat="45.7888410" lon="4.7193350">
    <ele>282.2</ele>
    <time>2023-09-11T15:00:33Z</time>
   </trkpt>
   <trkpt lat="45.7888030" lon="4.7193440">
    <ele>282.1</ele>
    <time>2023-09-11T15:00:34Z</time>
   </trkpt>
   <trkpt lat="45.7887730" lon="4.7193360">
    <ele>282.1</ele>
    <time>2023-09-11T15:00:35Z</time>
   </trkpt>
   <trkpt lat="45.7887440" lon="4.7193350">
    <ele>282.0</ele>
    <time>2023-09-11T15:00:36Z</time>
   </trkpt>
   <trkpt lat="45.7887160" lon="4.7193360">
    <ele>282.0</ele>
    <time>2023-09-11T15:00:37Z</time>
   </trkpt>
   <trkpt lat="45.7886850" lon="4.7193320">
    <ele>282.0</ele>
    <time>2023-09-11T15:00:38Z</time>
   </trkpt>
   <trkpt lat="45.7886500" lon="4.7193180">
    <ele>282.0</ele>
    <time>2023-09-11T15:00:39Z</time>
   </trkpt>
   <trkpt lat="45.7886130" lon="4.7192900">
    <ele>281.9</ele>
    <time>2023-09-11T15:00:40Z</time>
   </trkpt>
   <trkpt lat="45.7885850" lon="4.7192570">
    <ele>281.9</ele>
    <time>2023-09-11T15:00:41Z</time>
   </trkpt>
   <trkpt lat="45.7885760" lon="4.7192400">
    <ele>281.9</ele>
    <time>2023-09-11T15:00:42Z</time>
   </trkpt>
   <trkpt lat="45.7885550" lon="4.7191920">
    <ele>281.8</ele>
    <time>2023-09-11T15:00:43Z</time>
   </trkpt>
   <trkpt lat="45.7885320" lon="4.7191550">
    <ele>281.8</ele>
    <time>2023-09-11T15:00:44Z</time>
   </trkpt>
   <trkpt lat="45.7885210" lon="4.7191080">
    <ele>281.7</ele>
    <time>2023-09-11T15:00:45Z</time>
   </trkpt>
   <trkpt lat="45.7885080" lon="4.7190490">
    <ele>281.6</ele>
    <time>2023-09-11T15:00:46Z</time>
   </trkpt>
   <trkpt lat="45.7884970" lon="4.7190100">
    <ele>281.6</ele>
    <time>2023-09-11T15:00:47Z</time>
   </trkpt>
   <trkpt lat="45.7884900" lon="4.7189550">
    <ele>281.5</ele>
    <time>2023-09-11T15:00:48Z</time>
   </trkpt>
   <trkpt lat="45.7884710" lon="4.7189090">
    <ele>281.4</ele>
    <time>2023-09-11T15:00:49Z</time>
   </trkpt>
   <trkpt lat="45.7884730" lon="4.7188700">
    <ele>281.4</ele>
    <time>2023-09-11T15:00:50Z</time>
   </trkpt>
   <trkpt lat="45.7884650" lon="4.7188160">
    <ele>281.4</ele>
    <time>2023-09-11T15:00:51Z</time>
   </trkpt>
   <trkpt lat="45.7884530" lon="4.7187730">
    <ele>281.4</ele>
    <time>2023-09-11T15:00:52Z</time>
   </trkpt>
   <trkpt lat="45.7884490" lon="4.7187120">
    <ele>281.4</ele>
    <time>2023-09-11T15:00:53Z</time>
   </trkpt>
   <trkpt lat="45.7884440" lon="4.7186640">
    <ele>281.4</ele>
    <time>2023-09-11T15:00:54Z</time>
   </trkpt>
   <trkpt lat="45.7884220" lon="4.7186040">
    <ele>281.6</ele>
    <time>2023-09-11T15:00:55Z</time>
   </trkpt>
   <trkpt lat="45.7884150" lon="4.7185750">
    <ele>281.6</ele>
    <time>2023-09-11T15:00:56Z</time>
   </trkpt>
   <trkpt lat="45.7883890" lon="4.7185290">
    <ele>281.7</ele>
    <time>2023-09-11T15:00:57Z</time>
   </trkpt>
   <trkpt lat="45.7883670" lon="4.7184850">
    <ele>281.9</ele>
    <time>2023-09-11T15:00:58Z</time>
   </trkpt>
   <trkpt lat="45.7883570" lon="4.7184420">
    <ele>282.0</ele>
    <time>2023-09-11T15:00:59Z</time>
   </trkpt>
   <trkpt lat="45.7883500" lon="4.7184210">
    <ele>282.1</ele>
    <time>2023-09-11T15:01:00Z</time>
   </trkpt>
   <trkpt lat="45.7883300" lon="4.7183770">
    <ele>282.2</ele>
    <time>2023-09-11T15:01:01Z</time>
   </trkpt>
   <trkpt lat="45.7883020" lon="4.7183290">
    <ele>282.4</ele>
    <time>2023-09-11T15:01:02Z</time>
   </trkpt>
   <trkpt lat="45.7882890" lon="4.7183080">
    <ele>282.5</ele>
    <time>2023-09-11T15:01:03Z</time>
   </trkpt>
   <trkpt lat="45.7882570" lon="4.7182660">
    <ele>282.7</ele>
    <time>2023-09-11T15:01:04Z</time>
   </trkpt>
   <trkpt lat="45.7882450" lon="4.7182310">
    <ele>282.9</ele>
    <time>2023-09-11T15:01:05Z</time>
   </trkpt>
   <trkpt lat="45.7882050" lon="4.7182100">
    <ele>283.2</ele>
    <time>2023-09-11T15:01:06Z</time>
   </trkpt>
   <trkpt lat="45.7881750" lon="4.7181800">
    <ele>283.5</ele>
    <time>2023-09-11T15:01:07Z</time>
   </trkpt>
   <trkpt lat="45.7881560" lon="4.7181500">
    <ele>283.7</ele>
    <time>2023-09-11T15:01:08Z</time>
   </trkpt>
   <trkpt lat="45.7881430" lon="4.7181140">
    <ele>283.9</ele>
    <time>2023-09-11T15:01:09Z</time>
   </trkpt>
   <trkpt lat="45.7881170" lon="4.7180880">
    <ele>284.2</ele>
    <time>2023-09-11T15:01:10Z</time>
   </trkpt>
   <trkpt lat="45.7880860" lon="4.7180510">
    <ele>284.5</ele>
    <time>2023-09-11T15:01:11Z</time>
   </trkpt>
   <trkpt lat="45.7880670" lon="4.7180210">
    <ele>284.7</ele>
    <time>2023-09-11T15:01:12Z</time>
   </trkpt>
   <trkpt lat="45.7880430" lon="4.7179920">
    <ele>284.9</ele>
    <time>2023-09-11T15:01:13Z</time>
   </trkpt>
   <trkpt lat="45.7880270" lon="4.7179540">
    <ele>285.2</ele>
    <time>2023-09-11T15:01:14Z</time>
   </trkpt>
   <trkpt lat="45.7879890" lon="4.7179220">
    <ele>285.5</ele>
    <time>2023-09-11T15:01:15Z</time>
   </trkpt>
   <trkpt lat="45.7879720" lon="4.7179080">
    <ele>285.6</ele>
    <time>2023-09-11T15:01:16Z</time>
   </trkpt>
   <trkpt lat="45.7879530" lon="4.7178720">
    <ele>285.8</ele>
    <time>2023-09-11T15:01:17Z</time>
   </trkpt>
   <trkpt lat="45.7879210" lon="4.7178680">
    <ele>286.0</ele>
    <time>2023-09-11T15:01:18Z</time>
   </trkpt>
   <trkpt lat="45.7878980" lon="4.7178250">
    <ele>286.2</ele>
    <time>2023-09-11T15:01:19Z</time>
   </trkpt>
   <trkpt lat="45.7878690" lon="4.7177710">
    <ele>286.5</ele>
    <time>2023-09-11T15:01:20Z</time>
   </trkpt>
   <trkpt lat="45.7878510" lon="4.7177510">
    <ele>286.5</ele>
    <time>2023-09-11T15:01:21Z</time>
   </trkpt>
   <trkpt lat="45.7878300" lon="4.7177010">
    <ele>286.7</ele>
    <time>2023-09-11T15:01:22Z</time>
   </trkpt>
   <trkpt lat="45.7878190" lon="4.7176790">
    <ele>286.8</ele>
    <time>2023-09-11T15:01:23Z</time>
   </trkpt>
   <trkpt lat="45.7877820" lon="4.7176500">
    <ele>286.9</ele>
    <time>2023-09-11T15:01:24Z</time>
   </trkpt>
   <trkpt lat="45.7877630" lon="4.7176370">
    <ele>286.9</ele>
    <time>2023-09-11T15:01:25Z</time>
   </trkpt>
   <trkpt lat="45.7877360" lon="4.7175890">
    <ele>287.1</ele>
    <time>2023-09-11T15:01:26Z</time>
   </trkpt>
   <trkpt lat="45.7877200" lon="4.7175740">
    <ele>287.1</ele>
    <time>2023-09-11T15:01:27Z</time>
   </trkpt>
   <trkpt lat="45.7877030" lon="4.7175310">
    <ele>287.2</ele>
    <time>2023-09-11T15:01:28Z</time>
   </trkpt>
   <trkpt lat="45.7876740" lon="4.7175050">
    <ele>287.2</ele>
    <time>2023-09-11T15:01:29Z</time>
   </trkpt>
   <trkpt lat="45.7876440" lon="4.7174730">
    <ele>287.3</ele>
    <time>2023-09-11T15:01:30Z</time>
   </trkpt>
   <trkpt lat="45.7876140" lon="4.7174330">
    <ele>287.3</ele>
    <time>2023-09-11T15:01:31Z</time>
   </trkpt>
   <trkpt lat="45.7875860" lon="4.7173970">
    <ele>287.4</ele>
    <time>2023-09-11T15:01:32Z</time>
   </trkpt>
   <trkpt lat="45.7875760" lon="4.7173800">
    <ele>287.4</ele>
    <time>2023-09-11T15:01:33Z</time>
   </trkpt>
   <trkpt lat="45.7875440" lon="4.7173530">
    <ele>287.5</ele>
    <time>2023-09-11T15:01:34Z</time>
   </trkpt>
   <trkpt lat="45.7875190" lon="4.7173210">
    <ele>287.5</ele>
    <time>2023-09-11T15:01:35Z</time>
   </trkpt>
   <trkpt lat="45.7874840" lon="4.7172930">
    <ele>287.6</ele>
    <time>2023-09-11T15:01:36Z</time>
   </trkpt>
   <trkpt lat="45.7874640" lon="4.7172520">
    <ele>287.6</ele>
    <time>2023-09-11T15:01:37Z</time>
   </trkpt>
   <trkpt lat="45.7874340" lon="4.7172230">
    <ele>287.7</ele>
    <time>2023-09-11T15:01:38Z</time>
   </trkpt>
   <trkpt lat="45.7874000" lon="4.7172290">
    <ele>287.8</ele>
    <time>2023-09-11T15:01:39Z</time>
   </trkpt>
   <trkpt lat="45.7873710" lon="4.7172000">
    <ele>287.8</ele>
    <time>2023-09-11T15:01:40Z</time>
   </trkpt>
   <trkpt lat="45.7873410" lon="4.7171540">
    <ele>287.9</ele>
    <time>2023-09-11T15:01:41Z</time>
   </trkpt>
   <trkpt lat="45.7873110" lon="4.7171200">
    <ele>288.0</ele>
    <time>2023-09-11T15:01:42Z</time>
   </trkpt>
   <trkpt lat="45.7872830" lon="4.7170960">
    <ele>288.1</ele>
    <time>2023-09-11T15:01:43Z</time>
   </trkpt>
   <trkpt lat="45.7872730" lon="4.7170810">
    <ele>288.1</ele>
    <time>2023-09-11T15:01:44Z</time>
   </trkpt>
   <trkpt lat="45.7872310" lon="4.7170540">
    <ele>288.2</ele>
    <time>2023-09-11T15:01:45Z</time>
   </trkpt>
   <trkpt lat="45.7872140" lon="4.7170370">
    <ele>288.3</ele>
    <time>2023-09-11T15:01:46Z</time>
   </trkpt>
   <trkpt lat="45.7871820" lon="4.7170260">
    <ele>288.4</ele>
    <time>2023-09-11T15:01:47Z</time>
   </trkpt>
   <trkpt lat="45.7871710" lon="4.7170310">
    <ele>288.4</ele>
    <time>2023-09-11T15:01:48Z</time>
   </trkpt>
   <trkpt lat="45.7871650" lon="4.7170350">
    <ele>288.5</ele>
    <time>2023-09-11T15:01:49Z</time>
   </trkpt>
  </trkseg>
 </trk>
</gpx>
