<?xml version="1.0" encoding="UTF-8"?>
<gpx creator="StravaGPX" version="1.1" xmlns="http://www.topografix.com/GPX/1/1" xmlns:xsi="http://www.w3.org/2001/XMLSchema-instance" xsi:schemaLocation="http://www.topografix.com/GPX/1/1 http://www.topografix.com/GPX/1/1/gpx.xsd">
 <metadata>
  <time>2023-10-01T15:12:42Z</time>
 </metadata>
 <trk>
  <name>Course à pied dans l'après-midi</name>
  <type>running</type>
  <trkseg>
   <trkpt lat="45.7638630" lon="4.7757180">
    <ele>221.2</ele>
    <time>2023-10-01T15:12:42Z</time>
   </trkpt>
   <trkpt lat="45.7636220" lon="4.7757560">
    <ele>221.1</ele>
    <time>2023-10-01T15:12:43Z</time>
   </trkpt>
   <trkpt lat="45.7636110" lon="4.7757310">
    <ele>221.1</ele>
    <time>2023-10-01T15:12:44Z</time>
   </trkpt>
   <trkpt lat="45.7636000" lon="4.7757070">
    <ele>221.0</ele>
    <time>2023-10-01T15:12:45Z</time>
   </trkpt>
   <trkpt lat="45.7635850" lon="4.7756610">
    <ele>221.0</ele>
    <time>2023-10-01T15:12:46Z</time>
   </trkpt>
   <trkpt lat="45.7636060" lon="4.7755950">
    <ele>221.0</ele>
    <time>2023-10-01T15:12:47Z</time>
   </trkpt>
   <trkpt lat="45.7636040" lon="4.7755670">
    <ele>221.0</ele>
    <time>2023-10-01T15:12:48Z</time>
   </trkpt>
   <trkpt lat="45.7635720" lon="4.7755430">
    <ele>221.0</ele>
    <time>2023-10-01T15:12:49Z</time>
   </trkpt>
   <trkpt lat="45.7635080" lon="4.7755040">
    <ele>221.0</ele>
    <time>2023-10-01T15:12:50Z</time>
   </trkpt>
   <trkpt lat="45.7634700" lon="4.7754900">
    <ele>220.9</ele>
    <time>2023-10-01T15:12:51Z</time>
   </trkpt>
   <trkpt lat="45.7634390" lon="4.7754760">
    <ele>220.9</ele>
    <time>2023-10-01T15:12:52Z</time>
   </trkpt>
   <trkpt lat="45.7634080" lon="4.7754820">
    <ele>220.9</ele>
    <time>2023-10-01T15:12:53Z</time>
   </trkpt>
   <trkpt lat="45.7633790" lon="4.7754980">
    <ele>220.9</ele>
    <time>2023-10-01T15:12:54Z</time>
   </trkpt>
   <trkpt lat="45.7633680" lon="4.7755040">
    <ele>220.9</ele>
    <time>2023-10-01T15:12:55Z</time>
   </trkpt>
   <trkpt lat="45.7633370" lon="4.7755200">
    <ele>220.9</ele>
    <time>2023-10-01T15:12:56Z</time>
   </trkpt>
   <trkpt lat="45.7633270" lon="4.7755260">
    <ele>220.9</ele>
    <time>2023-10-01T15:12:57Z</time>
   </trkpt>
   <trkpt lat="45.7632950" lon="4.7755420">
    <ele>220.9</ele>
    <time>2023-10-01T15:12:58Z</time>
   </trkpt>
   <trkpt lat="45.7632830" lon="4.7755480">
    <ele>220.9</ele>
    <time>2023-10-01T15:12:59Z</time>
   </trkpt>
   <trkpt lat="45.7632810" lon="4.7755510">
    <ele>220.9</ele>
    <time>2023-10-01T15:13:00Z</time>
   </trkpt>
   <trkpt lat="45.7632570" lon="4.7755670">
    <ele>220.9</ele>
    <time>2023-10-01T15:13:01Z</time>
   </trkpt>
   <trkpt lat="45.7632390" lon="4.7755800">
    <ele>220.9</ele>
    <time>2023-10-01T15:13:02Z</time>
   </trkpt>
   <trkpt lat="45.7632290" lon="4.7755830">
    <ele>220.9</ele>
    <time>2023-10-01T15:13:03Z</time>
   </trkpt>
   <trkpt lat="45.7632180" lon="4.7755860">
    <ele>220.9</ele>
    <time>2023-10-01T15:13:04Z</time>
   </trkpt>
   <trkpt lat="45.7631840" lon="4.7756120">
    <ele>220.9</ele>
    <time>2023-10-01T15:13:05Z</time>
   </trkpt>
   <trkpt lat="45.7631710" lon="4.7756190">
    <ele>220.9</ele>
    <time>2023-10-01T15:13:06Z</time>
   </trkpt>
   <trkpt lat="45.7631350" lon="4.7756200">
    <ele>220.9</ele>
    <time>2023-10-01T15:13:07Z</time>
   </trkpt>
   <trkpt lat="45.7631160" lon="4.7756170">
    <ele>220.9</ele>
    <time>2023-10-01T15:13:08Z</time>
   </trkpt>
   <trkpt lat="45.7630840" lon="4.7756190">
    <ele>220.9</ele>
    <time>2023-10-01T15:13:09Z</time>
   </trkpt>
   <trkpt lat="45.7630530" lon="4.7756090">
    <ele>220.9</ele>
    <time>2023-10-01T15:13:10Z</time>
   </trkpt>
   <trkpt lat="45.7630260" lon="4.7756310">
    <ele>220.9</ele>
    <time>2023-10-01T15:13:11Z</time>
   </trkpt>
   <trkpt lat="45.7629940" lon="4.7756390">
    <ele>220.9</ele>
    <time>2023-10-01T15:13:12Z</time>
   </trkpt>
   <trkpt lat="45.7629610" lon="4.7756330">
    <ele>220.9</ele>
    <time>2023-10-01T15:13:13Z</time>
   </trkpt>
   <trkpt lat="45.7629330" lon="4.7756340">
    <ele>220.9</ele>
    <time>2023-10-01T15:13:14Z</time>
   </trkpt>
   <trkpt lat="45.7629030" lon="4.7756670">
    <ele>220.9</ele>
    <time>2023-10-01T15:13:15Z</time>
   </trkpt>
   <trkpt lat="45.7628890" lon="4.7756710">
    <ele>220.9</ele>
    <time>2023-10-01T15:13:16Z</time>
   </trkpt>
   <trkpt lat="45.7628620" lon="4.7756770">
    <ele>220.9</ele>
    <time>2023-10-01T15:13:17Z</time>
   </trkpt>
   <trkpt lat="45.7628330" lon="4.7756830">
    <ele>220.9</ele>
    <time>2023-10-01T15:13:18Z</time>
   </trkpt>
   <trkpt lat="45.7628080" lon="4.7756990">
    <ele>220.9</ele>
    <time>2023-10-01T15:13:19Z</time>
   </trkpt>
   <trkpt lat="45.7627820" lon="4.7756710">
    <ele>220.9</ele>
    <time>2023-10-01T15:13:20Z</time>
   </trkpt>
   <trkpt lat="45.7627550" lon="4.7756810">
    <ele>220.9</ele>
    <time>2023-10-01T15:13:21Z</time>
   </trkpt>
   <trkpt lat="45.7627450" lon="4.7756810">
    <ele>220.9</ele>
    <time>2023-10-01T15:13:22Z</time>
   </trkpt>
   <trkpt lat="45.7627140" lon="4.7756770">
    <ele>220.9</ele>
    <time>2023-10-01T15:13:23Z</time>
   </trkpt>
   <trkpt lat="45.7626760" lon="4.7756640">
    <ele>220.9</ele>
    <time>2023-10-01T15:13:24Z</time>
   </trkpt>
   <trkpt lat="45.7626480" lon="4.7756880">
    <ele>220.9</ele>
    <time>2023-10-01T15:13:25Z</time>
   </trkpt>
   <trkpt lat="45.7626070" lon="4.7756850">
    <ele>220.9</ele>
    <time>2023-10-01T15:13:26Z</time>
   </trkpt>
   <trkpt lat="45.7625880" lon="4.7756790">
    <ele>220.9</ele>
    <time>2023-10-01T15:13:27Z</time>
   </trkpt>
   <trkpt lat="45.7625570" lon="4.7757000">
    <ele>220.9</ele>
    <time>2023-10-01T15:13:28Z</time>
   </trkpt>
   <trkpt lat="45.7625490" lon="4.7757020">
    <ele>220.9</ele>
    <time>2023-10-01T15:13:29Z</time>
   </trkpt>
   <trkpt lat="45.7625160" lon="4.7756990">
    <ele>220.9</ele>
    <time>2023-10-01T15:13:30Z</time>
   </trkpt>
   <trkpt lat="45.7624840" lon="4.7757000">
    <ele>220.9</ele>
    <time>2023-10-01T15:13:31Z</time>
   </trkpt>
   <trkpt lat="45.7624700" lon="4.7756910">
    <ele>220.9</ele>
    <time>2023-10-01T15:13:32Z</time>
   </trkpt>
   <trkpt lat="45.7624400" lon="4.7756960">
    <ele>220.9</ele>
    <time>2023-10-01T15:13:33Z</time>
   </trkpt>
   <trkpt lat="45.7624030" lon="4.7756990">
    <ele>220.9</ele>
    <time>2023-10-01T15:13:34Z</time>
   </trkpt>
   <trkpt lat="45.7623900" lon="4.7757040">
    <ele>220.9</ele>
    <time>2023-10-01T15:13:35Z</time>
   </trkpt>
   <trkpt lat="45.7623650" lon="4.7757210">
    <ele>220.9</ele>
    <time>2023-10-01T15:13:36Z</time>
   </trkpt>
   <trkpt lat="45.7623340" lon="4.7757120">
    <ele>220.9</ele>
    <time>2023-10-01T15:13:37Z</time>
   </trkpt>
   <trkpt lat="45.7622990" lon="4.7757210">
    <ele>220.9</ele>
    <time>2023-10-01T15:13:38Z</time>
   </trkpt>
   <trkpt lat="45.7622900" lon="4.7757290">
    <ele>220.9</ele>
    <time>2023-10-01T15:13:39Z</time>
   </trkpt>
   <trkpt lat="45.7622600" lon="4.7757180">
    <ele>220.9</ele>
    <time>2023-10-01T15:13:40Z</time>
   </trkpt>
   <trkpt lat="45.7622240" lon="4.7757160">
    <ele>220.9</ele>
    <time>2023-10-01T15:13:41Z</time>
   </trkpt>
   <trkpt lat="45.7622120" lon="4.7757070">
    <ele>220.9</ele>
    <time>2023-10-01T15:13:42Z</time>
   </trkpt>
   <trkpt lat="45.7621930" lon="4.7757420">
    <ele>220.9</ele>
    <time>2023-10-01T15:13:43Z</time>
   </trkpt>
   <trkpt lat="45.7621530" lon="4.7757490">
    <ele>221.0</ele>
    <time>2023-10-01T15:13:44Z</time>
   </trkpt>
   <trkpt lat="45.7621380" lon="4.7757550">
    <ele>221.0</ele>
    <time>2023-10-01T15:13:45Z</time>
   </trkpt>
   <trkpt lat="45.7621040" lon="4.7757460">
    <ele>221.0</ele>
    <time>2023-10-01T15:13:46Z</time>
   </trkpt>
   <trkpt lat="45.7620930" lon="4.7757460">
    <ele>221.0</ele>
    <time>2023-10-01T15:13:47Z</time>
   </trkpt>
   <trkpt lat="45.7620510" lon="4.7757480">
    <ele>221.0</ele>
    <time>2023-10-01T15:13:48Z</time>
   </trkpt>
   <trkpt lat="45.7620350" lon="4.7757360">
    <ele>221.0</ele>
    <time>2023-10-01T15:13:49Z</time>
   </trkpt>
   <trkpt lat="45.7620030" lon="4.7757270">
    <ele>221.0</ele>
    <time>2023-10-01T15:13:50Z</time>
   </trkpt>
   <trkpt lat="45.7619690" lon="4.7757430">
    <ele>221.0</ele>
    <time>2023-10-01T15:13:51Z</time>
   </trkpt>
   <trkpt lat="45.7619590" lon="4.7757480">
    <ele>221.0</ele>
    <time>2023-10-01T15:13:52Z</time>
   </trkpt>
   <trkpt lat="45.7619310" lon="4.7757580">
    <ele>221.1</ele>
    <time>2023-10-01T15:13:53Z</time>
   </trkpt>
   <trkpt lat="45.7619070" lon="4.7757360">
    <ele>221.1</ele>
    <time>2023-10-01T15:13:54Z</time>
   </trkpt>
   <trkpt lat="45.7618690" lon="4.7757180">
    <ele>221.1</ele>
    <time>2023-10-01T15:13:55Z</time>
   </trkpt>
   <trkpt lat="45.7618560" lon="4.7757110">
    <ele>221.1</ele>
    <time>2023-10-01T15:13:56Z</time>
   </trkpt>
   <trkpt lat="45.7618200" lon="4.7756890">
    <ele>221.2</ele>
    <time>2023-10-01T15:13:57Z</time>
   </trkpt>
   <trkpt lat="45.7618030" lon="4.7756920">
    <ele>221.2</ele>
    <time>2023-10-01T15:13:58Z</time>
   </trkpt>
   <trkpt lat="45.7617700" lon="4.7757100">
    <ele>221.2</ele>
    <time>2023-10-01T15:13:59Z</time>
   </trkpt>
   <trkpt lat="45.7617570" lon="4.7757290">
    <ele>221.2</ele>
    <time>2023-10-01T15:14:00Z</time>
   </trkpt>
   <trkpt lat="45.7617260" lon="4.7757340">
    <ele>221.2</ele>
    <time>2023-10-01T15:14:01Z</time>
   </trkpt>
   <trkpt lat="45.7616970" lon="4.7757190">
    <ele>221.2</ele>
    <time>2023-10-01T15:14:02Z</time>
   </trkpt>
   <trkpt lat="45.7616600" lon="4.7757130">
    <ele>221.2</ele>
    <time>2023-10-01T15:14:03Z</time>
   </trkpt>
   <trkpt lat="45.7616460" lon="4.7757200">
    <ele>221.2</ele>
    <time>2023-10-01T15:14:04Z</time>
   </trkpt>
   <trkpt lat="45.7616090" lon="4.7757120">
    <ele>221.2</ele>
    <time>2023-10-01T15:14:05Z</time>
   </trkpt>
   <trkpt lat="45.7615960" lon="4.7757020">
    <ele>221.2</ele>
    <time>2023-10-01T15:14:06Z</time>
   </trkpt>
   <trkpt lat="45.7615690" lon="4.7756910">
    <ele>221.2</ele>
    <time>2023-10-01T15:14:07Z</time>
   </trkpt>
   <trkpt lat="45.7615420" lon="4.7756840">
    <ele>221.2</ele>
    <time>2023-10-01T15:14:08Z</time>
   </trkpt>
   <trkpt lat="45.7615140" lon="4.7756820">
    <ele>221.2</ele>
    <time>2023-10-01T15:14:09Z</time>
   </trkpt>
   <trkpt lat="45.7614760" lon="4.7756800">
    <ele>221.2</ele>
    <time>2023-10-01T15:14:10Z</time>
   </trkpt>
   <trkpt lat="45.7614600" lon="4.7756790">
    <ele>221.3</ele>
    <time>2023-10-01T15:14:11Z</time>
   </trkpt>
   <trkpt lat="45.7614300" lon="4.7756800">
    <ele>221.3</ele>
    <time>2023-10-01T15:14:12Z</time>
   </trkpt>
   <trkpt lat="45.7613990" lon="4.7756850">
    <ele>221.5</ele>
    <time>2023-10-01T15:14:13Z</time>
   </trkpt>
   <trkpt lat="45.7613870" lon="4.7756970">
    <ele>221.5</ele>
    <time>2023-10-01T15:14:14Z</time>
   </trkpt>
   <trkpt lat="45.7613830" lon="4.7757540">
    <ele>221.5</ele>
    <time>2023-10-01T15:14:15Z</time>
   </trkpt>
   <trkpt lat="45.7614000" lon="4.7758030">
    <ele>221.6</ele>
    <time>2023-10-01T15:14:16Z</time>
   </trkpt>
   <trkpt lat="45.7614190" lon="4.7758450">
    <ele>221.6</ele>
    <time>2023-10-01T15:14:17Z</time>
   </trkpt>
   <trkpt lat="45.7614350" lon="4.7758860">
    <ele>221.6</ele>
    <time>2023-10-01T15:14:18Z</time>
   </trkpt>
   <trkpt lat="45.7614420" lon="4.7759300">
    <ele>221.6</ele>
    <time>2023-10-01T15:14:19Z</time>
   </trkpt>
   <trkpt lat="45.7614520" lon="4.7759680">
    <ele>221.6</ele>
    <time>2023-10-01T15:14:20Z</time>
   </trkpt>
   <trkpt lat="45.7614720" lon="4.7760150">
    <ele>221.6</ele>
    <time>2023-10-01T15:14:21Z</time>
   </trkpt>
   <trkpt lat="45.7614770" lon="4.7760360">
    <ele>221.7</ele>
    <time>2023-10-01T15:14:22Z</time>
   </trkpt>
   <trkpt lat="45.7614960" lon="4.7760780">
    <ele>221.7</ele>
    <time>2023-10-01T15:14:23Z</time>
   </trkpt>
   <trkpt lat="45.7615020" lon="4.7760940">
    <ele>221.7</ele>
    <time>2023-10-01T15:14:24Z</time>
   </trkpt>
   <trkpt lat="45.7615190" lon="4.7761300">
    <ele>221.7</ele>
    <time>2023-10-01T15:14:25Z</time>
   </trkpt>
   <trkpt lat="45.7615250" lon="4.7761730">
    <ele>221.8</ele>
    <time>2023-10-01T15:14:26Z</time>
   </trkpt>
   <trkpt lat="45.7615510" lon="4.7762050">
    <ele>221.8</ele>
    <time>2023-10-01T15:14:27Z</time>
   </trkpt>
   <trkpt lat="45.7615640" lon="4.7762440">
    <ele>221.9</ele>
    <time>2023-10-01T15:14:28Z</time>
   </trkpt>
   <trkpt lat="45.7615710" lon="4.7762810">
    <ele>221.9</ele>
    <time>2023-10-01T15:14:29Z</time>
   </trkpt>
   <trkpt lat="45.7615810" lon="4.7763340">
    <ele>222.0</ele>
    <time>2023-10-01T15:14:30Z</time>
   </trkpt>
   <trkpt lat="45.7615870" lon="4.7763540">
    <ele>222.0</ele>
    <time>2023-10-01T15:14:31Z</time>
   </trkpt>
   <trkpt lat="45.7615990" lon="4.7763880">
    <ele>222.1</ele>
    <time>2023-10-01T15:14:32Z</time>
   </trkpt>
   <trkpt lat="45.7616000" lon="4.7764080">
    <ele>222.1</ele>
    <time>2023-10-01T15:14:33Z</time>
   </trkpt>
   <trkpt lat="45.7616130" lon="4.7764440">
    <ele>222.1</ele>
    <time>2023-10-01T15:14:34Z</time>
   </trkpt>
   <trkpt lat="45.7616220" lon="4.7764810">
    <ele>222.2</ele>
    <time>2023-10-01T15:14:35Z</time>
   </trkpt>
   <trkpt lat="45.7616360" lon="4.7765290">
    <ele>222.2</ele>
    <time>2023-10-01T15:14:36Z</time>
   </trkpt>
   <trkpt lat="45.7616550" lon="4.7765750">
    <ele>222.3</ele>
    <time>2023-10-01T15:14:37Z</time>
   </trkpt>
   <trkpt lat="45.7616770" lon="4.7766160">
    <ele>222.3</ele>
    <time>2023-10-01T15:14:38Z</time>
   </trkpt>
   <trkpt lat="45.7616830" lon="4.7766280">
    <ele>222.3</ele>
    <time>2023-10-01T15:14:39Z</time>
   </trkpt>
   <trkpt lat="45.7617020" lon="4.7766640">
    <ele>222.3</ele>
    <time>2023-10-01T15:14:40Z</time>
   </trkpt>
   <trkpt lat="45.7617180" lon="4.7766980">
    <ele>222.4</ele>
    <time>2023-10-01T15:14:41Z</time>
   </trkpt>
   <trkpt lat="45.7617240" lon="4.7767170">
    <ele>222.4</ele>
    <time>2023-10-01T15:14:42Z</time>
   </trkpt>
   <trkpt lat="45.7617240" lon="4.7767740">
    <ele>222.4</ele>
    <time>2023-10-01T15:14:43Z</time>
   </trkpt>
   <trkpt lat="45.7617340" lon="4.7768180">
    <ele>222.5</ele>
    <time>2023-10-01T15:14:44Z</time>
   </trkpt>
   <trkpt lat="45.7617440" lon="4.7768620">
    <ele>222.5</ele>
    <time>2023-10-01T15:14:45Z</time>
   </trkpt>
   <trkpt lat="45.7617530" lon="4.7769000">
    <ele>222.5</ele>
    <time>2023-10-01T15:14:46Z</time>
   </trkpt>
   <trkpt lat="45.7617710" lon="4.7769390">
    <ele>222.6</ele>
    <time>2023-10-01T15:14:47Z</time>
   </trkpt>
   <trkpt lat="45.7617800" lon="4.7769570">
    <ele>222.6</ele>
    <time>2023-10-01T15:14:48Z</time>
   </trkpt>
   <trkpt lat="45.7617960" lon="4.7769960">
    <ele>222.6</ele>
    <time>2023-10-01T15:14:49Z</time>
   </trkpt>
   <trkpt lat="45.7618100" lon="4.7770450">
    <ele>222.6</ele>
    <time>2023-10-01T15:14:50Z</time>
   </trkpt>
   <trkpt lat="45.7618110" lon="4.7770650">
    <ele>222.7</ele>
    <time>2023-10-01T15:14:51Z</time>
   </trkpt>
   <trkpt lat="45.7618080" lon="4.7770930">
    <ele>222.7</ele>
    <time>2023-10-01T15:14:52Z</time>
   </trkpt>
   <trkpt lat="45.7618280" lon="4.7771070">
    <ele>222.7</ele>
    <time>2023-10-01T15:14:53Z</time>
   </trkpt>
   <trkpt lat="45.7618420" lon="4.7771520">
    <ele>222.7</ele>
    <time>2023-10-01T15:14:54Z</time>
   </trkpt>
   <trkpt lat="45.7618500" lon="4.7771990">
    <ele>222.7</ele>
    <time>2023-10-01T15:14:55Z</time>
   </trkpt>
   <trkpt lat="45.7618790" lon="4.7771970">
    <ele>222.7</ele>
    <time>2023-10-01T15:14:56Z</time>
   </trkpt>
   <trkpt lat="45.7618910" lon="4.7772050">
    <ele>222.7</ele>
    <time>2023-10-01T15:14:57Z</time>
   </trkpt>
   <trkpt lat="45.7619020" lon="4.7772140">
    <ele>222.7</ele>
    <time>2023-10-01T15:14:58Z</time>
   </trkpt>
   <trkpt lat="45.7619340" lon="4.7772370">
    <ele>222.6</ele>
    <time>2023-10-01T15:14:59Z</time>
   </trkpt>
   <trkpt lat="45.7619670" lon="4.7772310">
    <ele>222.6</ele>
    <time>2023-10-01T15:15:00Z</time>
   </trkpt>
   <trkpt lat="45.7620040" lon="4.7772330">
    <ele>222.5</ele>
    <time>2023-10-01T15:15:01Z</time>
   </trkpt>
   <trkpt lat="45.7620440" lon="4.7772250">
    <ele>222.4</ele>
    <time>2023-10-01T15:15:02Z</time>
   </trkpt>
   <trkpt lat="45.7620710" lon="4.7772510">
    <ele>222.4</ele>
    <time>2023-10-01T15:15:03Z</time>
   </trkpt>
   <trkpt lat="45.7621040" lon="4.7772550">
    <ele>222.3</ele>
    <time>2023-10-01T15:15:04Z</time>
   </trkpt>
   <trkpt lat="45.7621430" lon="4.7772510">
    <ele>222.3</ele>
    <time>2023-10-01T15:15:05Z</time>
   </trkpt>
   <trkpt lat="45.7621710" lon="4.7772390">
    <ele>222.2</ele>
    <time>2023-10-01T15:15:06Z</time>
   </trkpt>
   <trkpt lat="45.7622020" lon="4.7772460">
    <ele>222.2</ele>
    <time>2023-10-01T15:15:07Z</time>
   </trkpt>
   <trkpt lat="45.7622320" lon="4.7772270">
    <ele>222.2</ele>
    <time>2023-10-01T15:15:08Z</time>
   </trkpt>
   <trkpt lat="45.7622390" lon="4.7772240">
    <ele>222.2</ele>
    <time>2023-10-01T15:15:09Z</time>
   </trkpt>
   <trkpt lat="45.7622750" lon="4.7772030">
    <ele>222.1</ele>
    <time>2023-10-01T15:15:10Z</time>
   </trkpt>
   <trkpt lat="45.7623120" lon="4.7771960">
    <ele>222.1</ele>
    <time>2023-10-01T15:15:11Z</time>
   </trkpt>
   <trkpt lat="45.7623520" lon="4.7771910">
    <ele>222.1</ele>
    <time>2023-10-01T15:15:12Z</time>
   </trkpt>
   <trkpt lat="45.7623830" lon="4.7771660">
    <ele>222.0</ele>
    <time>2023-10-01T15:15:13Z</time>
   </trkpt>
   <trkpt lat="45.7624110" lon="4.7771620">
    <ele>222.0</ele>
    <time>2023-10-01T15:15:14Z</time>
   </trkpt>
   <trkpt lat="45.7624400" lon="4.7771480">
    <ele>222.0</ele>
    <time>2023-10-01T15:15:15Z</time>
   </trkpt>
   <trkpt lat="45.7624690" lon="4.7771460">
    <ele>222.0</ele>
    <time>2023-10-01T15:15:16Z</time>
   </trkpt>
   <trkpt lat="45.7625000" lon="4.7771680">
    <ele>221.9</ele>
    <time>2023-10-01T15:15:17Z</time>
   </trkpt>
   <trkpt lat="45.7625380" lon="4.7771560">
    <ele>221.9</ele>
    <time>2023-10-01T15:15:18Z</time>
   </trkpt>
   <trkpt lat="45.7625530" lon="4.7771500">
    <ele>221.9</ele>
    <time>2023-10-01T15:15:19Z</time>
   </trkpt>
   <trkpt lat="45.7625930" lon="4.7771440">
    <ele>221.9</ele>
    <time>2023-10-01T15:15:20Z</time>
   </trkpt>
   <trkpt lat="45.7626210" lon="4.7771400">
    <ele>221.9</ele>
    <time>2023-10-01T15:15:21Z</time>
   </trkpt>
   <trkpt lat="45.7626480" lon="4.7771300">
    <ele>221.9</ele>
    <time>2023-10-01T15:15:22Z</time>
   </trkpt>
   <trkpt lat="45.7626810" lon="4.7771260">
    <ele>221.8</ele>
    <time>2023-10-01T15:15:23Z</time>
   </trkpt>
   <trkpt lat="45.7627220" lon="4.7771310">
    <ele>221.8</ele>
    <time>2023-10-01T15:15:24Z</time>
   </trkpt>
   <trkpt lat="45.7627380" lon="4.7771330">
    <ele>221.8</ele>
    <time>2023-10-01T15:15:25Z</time>
   </trkpt>
   <trkpt lat="45.7627810" lon="4.7771260">
    <ele>221.8</ele>
    <time>2023-10-01T15:15:26Z</time>
   </trkpt>
   <trkpt lat="45.7628240" lon="4.7770960">
    <ele>221.8</ele>
    <time>2023-10-01T15:15:27Z</time>
   </trkpt>
   <trkpt lat="45.7628410" lon="4.7770780">
    <ele>221.8</ele>
    <time>2023-10-01T15:15:28Z</time>
   </trkpt>
   <trkpt lat="45.7628630" lon="4.7771100">
    <ele>221.7</ele>
    <time>2023-10-01T15:15:29Z</time>
   </trkpt>
   <trkpt lat="45.7628970" lon="4.7771270">
    <ele>221.7</ele>
    <time>2023-10-01T15:15:30Z</time>
   </trkpt>
   <trkpt lat="45.7629370" lon="4.7771400">
    <ele>221.7</ele>
    <time>2023-10-01T15:15:31Z</time>
   </trkpt>
   <trkpt lat="45.7629540" lon="4.7771380">
    <ele>221.7</ele>
    <time>2023-10-01T15:15:32Z</time>
   </trkpt>
   <trkpt lat="45.7629840" lon="4.7771290">
    <ele>221.7</ele>
    <time>2023-10-01T15:15:33Z</time>
   </trkpt>
   <trkpt lat="45.7630010" lon="4.7770900">
    <ele>221.7</ele>
    <time>2023-10-01T15:15:34Z</time>
   </trkpt>
   <trkpt lat="45.7630290" lon="4.7770910">
    <ele>221.7</ele>
    <time>2023-10-01T15:15:35Z</time>
   </trkpt>
   <trkpt lat="45.7630600" lon="4.7770710">
    <ele>221.7</ele>
    <time>2023-10-01T15:15:36Z</time>
   </trkpt>
   <trkpt lat="45.7630680" lon="4.7770700">
    <ele>221.7</ele>
    <time>2023-10-01T15:15:37Z</time>
   </trkpt>
   <trkpt lat="45.7630960" lon="4.7770960">
    <ele>221.6</ele>
    <time>2023-10-01T15:15:38Z</time>
   </trkpt>
   <trkpt lat="45.7631320" lon="4.7770970">
    <ele>221.6</ele>
    <time>2023-10-01T15:15:39Z</time>
   </trkpt>
   <trkpt lat="45.7631470" lon="4.7770950">
    <ele>221.6</ele>
    <time>2023-10-01T15:15:40Z</time>
   </trkpt>
   <trkpt lat="45.7631720" lon="4.7770720">
    <ele>221.6</ele>
    <time>2023-10-01T15:15:41Z</time>
   </trkpt>
   <trkpt lat="45.7632050" lon="4.7770730">
    <ele>221.6</ele>
    <time>2023-10-01T15:15:42Z</time>
   </trkpt>
   <trkpt lat="45.7632420" lon="4.7770770">
    <ele>221.6</ele>
    <time>2023-10-01T15:15:43Z</time>
   </trkpt>
   <trkpt lat="45.7632530" lon="4.7770710">
    <ele>221.6</ele>
    <time>2023-10-01T15:15:44Z</time>
   </trkpt>
   <trkpt lat="45.7632890" lon="4.7770680">
    <ele>221.6</ele>
    <time>2023-10-01T15:15:46Z</time>
   </trkpt>
   <trkpt lat="45.7633000" lon="4.7770640">
    <ele>221.6</ele>
    <time>2023-10-01T15:15:47Z</time>
   </trkpt>
   <trkpt lat="45.7633350" lon="4.7770800">
    <ele>221.6</ele>
    <time>2023-10-01T15:15:48Z</time>
   </trkpt>
   <trkpt lat="45.7633650" lon="4.7770880">
    <ele>221.6</ele>
    <time>2023-10-01T15:15:49Z</time>
   </trkpt>
   <trkpt lat="45.7633930" lon="4.7770780">
    <ele>221.6</ele>
    <time>2023-10-01T15:15:50Z</time>
   </trkpt>
   <trkpt lat="45.7634230" lon="4.7770690">
    <ele>221.6</ele>
    <time>2023-10-01T15:15:51Z</time>
   </trkpt>
   <trkpt lat="45.7634640" lon="4.7770590">
    <ele>221.6</ele>
    <time>2023-10-01T15:15:52Z</time>
   </trkpt>
   <trkpt lat="45.7634950" lon="4.7770850">
    <ele>221.6</ele>
    <time>2023-10-01T15:15:53Z</time>
   </trkpt>
   <trkpt lat="45.7635090" lon="4.7771120">
    <ele>221.6</ele>
    <time>2023-10-01T15:15:54Z</time>
   </trkpt>
   <trkpt lat="45.7635280" lon="4.7771430">
    <ele>221.6</ele>
    <time>2023-10-01T15:15:55Z</time>
   </trkpt>
   <trkpt lat="45.7635590" lon="4.7771550">
    <ele>221.7</ele>
    <time>2023-10-01T15:15:56Z</time>
   </trkpt>
   <trkpt lat="45.7635900" lon="4.7771130">
    <ele>221.7</ele>
    <time>2023-10-01T15:15:57Z</time>
   </trkpt>
   <trkpt lat="45.7636240" lon="4.7771120">
    <ele>221.7</ele>
    <time>2023-10-01T15:15:58Z</time>
   </trkpt>
   <trkpt lat="45.7636590" lon="4.7771090">
    <ele>221.7</ele>
    <time>2023-10-01T15:15:59Z</time>
   </trkpt>
   <trkpt lat="45.7636860" lon="4.7770760">
    <ele>221.8</ele>
    <time>2023-10-01T15:16:00Z</time>
   </trkpt>
   <trkpt lat="45.7637100" lon="4.7770090">
    <ele>221.8</ele>
    <time>2023-10-01T15:16:01Z</time>
   </trkpt>
   <trkpt lat="45.7637260" lon="4.7769640">
    <ele>221.8</ele>
    <time>2023-10-01T15:16:02Z</time>
   </trkpt>
   <trkpt lat="45.7637350" lon="4.7768880">
    <ele>221.8</ele>
    <time>2023-10-01T15:16:03Z</time>
   </trkpt>
   <trkpt lat="45.7637500" lon="4.7768480">
    <ele>221.8</ele>
    <time>2023-10-01T15:16:04Z</time>
   </trkpt>
   <trkpt lat="45.7637540" lon="4.7767910">
    <ele>221.8</ele>
    <time>2023-10-01T15:16:05Z</time>
   </trkpt>
   <trkpt lat="45.7637670" lon="4.7767340">
    <ele>221.8</ele>
    <time>2023-10-01T15:16:06Z</time>
   </trkpt>
   <trkpt lat="45.7637640" lon="4.7766910">
    <ele>221.7</ele>
    <time>2023-10-01T15:16:07Z</time>
   </trkpt>
   <trkpt lat="45.7637600" lon="4.7766470">
    <ele>221.7</ele>
    <time>2023-10-01T15:16:08Z</time>
   </trkpt>
   <trkpt lat="45.7637570" lon="4.7765570">
    <ele>221.7</ele>
    <time>2023-10-01T15:16:09Z</time>
   </trkpt>
   <trkpt lat="45.7637550" lon="4.7765220">
    <ele>221.6</ele>
    <time>2023-10-01T15:16:10Z</time>
   </trkpt>
   <trkpt lat="45.7637560" lon="4.7764740">
    <ele>221.6</ele>
    <time>2023-10-01T15:16:11Z</time>
   </trkpt>
   <trkpt lat="45.7637660" lon="4.7764220">
    <ele>221.6</ele>
    <time>2023-10-01T15:16:12Z</time>
   </trkpt>
   <trkpt lat="45.7637630" lon="4.7763690">
    <ele>221.5</ele>
    <time>2023-10-01T15:16:13Z</time>
   </trkpt>
   <trkpt lat="45.7637620" lon="4.7763490">
    <ele>221.5</ele>
    <time>2023-10-01T15:16:14Z</time>
   </trkpt>
   <trkpt lat="45.7637430" lon="4.7762970">
    <ele>221.5</ele>
    <time>2023-10-01T15:16:15Z</time>
   </trkpt>
   <trkpt lat="45.7637410" lon="4.7762510">
    <ele>221.5</ele>
    <time>2023-10-01T15:16:16Z</time>
   </trkpt>
   <trkpt lat="45.7637220" lon="4.7762120">
    <ele>221.4</ele>
    <time>2023-10-01T15:16:17Z</time>
   </trkpt>
   <trkpt lat="45.7637390" lon="4.7761630">
    <ele>221.4</ele>
    <time>2023-10-01T15:16:18Z</time>
   </trkpt>
   <trkpt lat="45.7637530" lon="4.7761120">
    <ele>221.4</ele>
    <time>2023-10-01T15:16:19Z</time>
   </trkpt>
   <trkpt lat="45.7637620" lon="4.7760950">
    <ele>221.4</ele>
    <time>2023-10-01T15:16:20Z</time>
   </trkpt>
   <trkpt lat="45.7637540" lon="4.7760340">
    <ele>221.4</ele>
    <time>2023-10-01T15:16:21Z</time>
   </trkpt>
   <trkpt lat="45.7637430" lon="4.7760110">
    <ele>221.4</ele>
    <time>2023-10-01T15:16:22Z</time>
   </trkpt>
   <trkpt lat="45.7637240" lon="4.7759780">
    <ele>221.3</ele>
    <time>2023-10-01T15:16:23Z</time>
   </trkpt>
   <trkpt lat="45.7637160" lon="4.7759370">
    <ele>221.3</ele>
    <time>2023-10-01T15:16:24Z</time>
   </trkpt>
   <trkpt lat="45.7637270" lon="4.7758940">
    <ele>221.3</ele>
    <time>2023-10-01T15:16:25Z</time>
   </trkpt>
   <trkpt lat="45.7637250" lon="4.7758490">
    <ele>221.3</ele>
    <time>2023-10-01T15:16:26Z</time>
   </trkpt>
   <trkpt lat="45.7637310" lon="4.7757940">
    <ele>221.3</ele>
    <time>2023-10-01T15:16:27Z</time>
   </trkpt>
   <trkpt lat="45.7637420" lon="4.7757470">
    <ele>221.3</ele>
    <time>2023-10-01T15:16:28Z</time>
   </trkpt>
   <trkpt lat="45.7637380" lon="4.7756920">
    <ele>221.3</ele>
    <time>2023-10-01T15:16:29Z</time>
   </trkpt>
   <trkpt lat="45.7637410" lon="4.7756710">
    <ele>221.3</ele>
    <time>2023-10-01T15:16:30Z</time>
   </trkpt>
   <trkpt lat="45.7637550" lon="4.7756380">
    <ele>221.2</ele>
    <time>2023-10-01T15:16:31Z</time>
   </trkpt>
   <trkpt lat="45.7637480" lon="4.7755760">
    <ele>221.2</ele>
    <time>2023-10-01T15:16:32Z</time>
   </trkpt>
   <trkpt lat="45.7637280" lon="4.7755190">
    <ele>221.2</ele>
    <time>2023-10-01T15:16:33Z</time>
   </trkpt>
   <trkpt lat="45.7637110" lon="4.7754960">
    <ele>221.2</ele>
    <time>2023-10-01T15:16:34Z</time>
   </trkpt>
   <trkpt lat="45.7636560" lon="4.7755140">
    <ele>221.2</ele>
    <time>2023-10-01T15:16:35Z</time>
   </trkpt>
   <trkpt lat="45.7636210" lon="4.7755070">
    <ele>221.1</ele>
    <time>2023-10-01T15:16:36Z</time>
   </trkpt>
   <trkpt lat="45.7635810" lon="4.7754800">
    <ele>221.1</ele>
    <time>2023-10-01T15:16:37Z</time>
   </trkpt>
   <trkpt lat="45.7635560" lon="4.7754480">
    <ele>221.1</ele>
    <time>2023-10-01T15:16:38Z</time>
   </trkpt>
   <trkpt lat="45.7635130" lon="4.7754610">
    <ele>221.1</ele>
    <time>2023-10-01T15:16:39Z</time>
   </trkpt>
   <trkpt lat="45.7634920" lon="4.7754650">
    <ele>221.0</ele>
    <time>2023-10-01T15:16:40Z</time>
   </trkpt>
   <trkpt lat="45.7634500" lon="4.7754720">
    <ele>221.0</ele>
    <time>2023-10-01T15:16:41Z</time>
   </trkpt>
   <trkpt lat="45.7634160" lon="4.7754720">
    <ele>221.0</ele>
    <time>2023-10-01T15:16:42Z</time>
   </trkpt>
   <trkpt lat="45.7633750" lon="4.7754850">
    <ele>221.0</ele>
    <time>2023-10-01T15:16:43Z</time>
   </trkpt>
   <trkpt lat="45.7633600" lon="4.7754920">
    <ele>221.0</ele>
    <time>2023-10-01T15:16:44Z</time>
   </trkpt>
   <trkpt lat="45.7633220" lon="4.7754990">
    <ele>221.0</ele>
    <time>2023-10-01T15:16:45Z</time>
   </trkpt>
   <trkpt lat="45.7632860" lon="4.7755120">
    <ele>220.9</ele>
    <time>2023-10-01T15:16:46Z</time>
   </trkpt>
   <trkpt lat="45.7632580" lon="4.7755420">
    <ele>220.9</ele>
    <time>2023-10-01T15:16:47Z</time>
   </trkpt>
   <trkpt lat="45.7632280" lon="4.7755470">
    <ele>220.9</ele>
    <time>2023-10-01T15:16:48Z</time>
   </trkpt>
   <trkpt lat="45.7632140" lon="4.7755460">
    <ele>220.9</ele>
    <time>2023-10-01T15:16:49Z</time>
   </trkpt>
   <trkpt lat="45.7631830" lon="4.7755550">
    <ele>220.9</ele>
    <time>2023-10-01T15:16:50Z</time>
   </trkpt>
   <trkpt lat="45.7631570" lon="4.7755970">
    <ele>220.9</ele>
    <time>2023-10-01T15:16:51Z</time>
   </trkpt>
   <trkpt lat="45.7631320" lon="4.7756230">
    <ele>220.9</ele>
    <time>2023-10-01T15:16:52Z</time>
   </trkpt>
   <trkpt lat="45.7630950" lon="4.7756200">
    <ele>220.9</ele>
    <time>2023-10-01T15:16:53Z</time>
   </trkpt>
   <trkpt lat="45.7630760" lon="4.7756020">
    <ele>220.9</ele>
    <time>2023-10-01T15:16:54Z</time>
   </trkpt>
   <trkpt lat="45.7630390" lon="4.7756070">
    <ele>220.9</ele>
    <time>2023-10-01T15:16:55Z</time>
   </trkpt>
   <trkpt lat="45.7630050" lon="4.7756070">
    <ele>220.9</ele>
    <time>2023-10-01T15:16:56Z</time>
   </trkpt>
   <trkpt lat="45.7629800" lon="4.7756170">
    <ele>220.9</ele>
    <time>2023-10-01T15:16:57Z</time>
   </trkpt>
   <trkpt lat="45.7629640" lon="4.7756210">
    <ele>220.9</ele>
    <time>2023-10-01T15:16:58Z</time>
   </trkpt>
   <trkpt lat="45.7629050" lon="4.7756530">
    <ele>220.9</ele>
    <time>2023-10-01T15:17:00Z</time>
   </trkpt>
   <trkpt lat="45.7628740" lon="4.7756640">
    <ele>220.9</ele>
    <time>2023-10-01T15:17:01Z</time>
   </trkpt>
   <trkpt lat="45.7628420" lon="4.7756840">
    <ele>220.9</ele>
    <time>2023-10-01T15:17:02Z</time>
   </trkpt>
   <trkpt lat="45.7628070" lon="4.7756930">
    <ele>220.9</ele>
    <time>2023-10-01T15:17:03Z</time>
   </trkpt>
   <trkpt lat="45.7627910" lon="4.7756970">
    <ele>220.9</ele>
    <time>2023-10-01T15:17:04Z</time>
   </trkpt>
   <trkpt lat="45.7627540" lon="4.7757010">
    <ele>220.9</ele>
    <time>2023-10-01T15:17:05Z</time>
   </trkpt>
   <trkpt lat="45.7627370" lon="4.7756990">
    <ele>220.9</ele>
    <time>2023-10-01T15:17:06Z</time>
   </trkpt>
   <trkpt lat="45.7626990" lon="4.7757050">
    <ele>220.9</ele>
    <time>2023-10-01T15:17:07Z</time>
   </trkpt>
   <trkpt lat="45.7626640" lon="4.7756980">
    <ele>220.9</ele>
    <time>2023-10-01T15:17:08Z</time>
   </trkpt>
   <trkpt lat="45.7626340" lon="4.7757060">
    <ele>220.9</ele>
    <time>2023-10-01T15:17:09Z</time>
   </trkpt>
   <trkpt lat="45.7626050" lon="4.7757080">
    <ele>220.9</ele>
    <time>2023-10-01T15:17:10Z</time>
   </trkpt>
   <trkpt lat="45.7625690" lon="4.7757040">
    <ele>220.9</ele>
    <time>2023-10-01T15:17:11Z</time>
   </trkpt>
   <trkpt lat="45.7625320" lon="4.7757020">
    <ele>220.9</ele>
    <time>2023-10-01T15:17:12Z</time>
   </trkpt>
   <trkpt lat="45.7625180" lon="4.7757050">
    <ele>220.9</ele>
    <time>2023-10-01T15:17:13Z</time>
   </trkpt>
   <trkpt lat="45.7624720" lon="4.7757120">
    <ele>220.9</ele>
    <time>2023-10-01T15:17:14Z</time>
   </trkpt>
   <trkpt lat="45.7624520" lon="4.7757180">
    <ele>220.9</ele>
    <time>2023-10-01T15:17:15Z</time>
   </trkpt>
   <trkpt lat="45.7624230" lon="4.7757120">
    <ele>220.9</ele>
    <time>2023-10-01T15:17:16Z</time>
   </trkpt>
   <trkpt lat="45.7623900" lon="4.7757170">
    <ele>220.9</ele>
    <time>2023-10-01T15:17:17Z</time>
   </trkpt>
   <trkpt lat="45.7623570" lon="4.7757200">
    <ele>220.9</ele>
    <time>2023-10-01T15:17:18Z</time>
   </trkpt>
   <trkpt lat="45.7623250" lon="4.7757180">
    <ele>220.9</ele>
    <time>2023-10-01T15:17:19Z</time>
   </trkpt>
   <trkpt lat="45.7622840" lon="4.7757110">
    <ele>220.9</ele>
    <time>2023-10-01T15:17:20Z</time>
   </trkpt>
   <trkpt lat="45.7622690" lon="4.7756990">
    <ele>220.9</ele>
    <time>2023-10-01T15:17:21Z</time>
   </trkpt>
   <trkpt lat="45.7622350" lon="4.7757150">
    <ele>220.9</ele>
    <time>2023-10-01T15:17:22Z</time>
   </trkpt>
   <trkpt lat="45.7621960" lon="4.7757250">
    <ele>220.9</ele>
    <time>2023-10-01T15:17:23Z</time>
   </trkpt>
   <trkpt lat="45.7621650" lon="4.7757310">
    <ele>221.0</ele>
    <time>2023-10-01T15:17:24Z</time>
   </trkpt>
   <trkpt lat="45.7621400" lon="4.7757650">
    <ele>221.0</ele>
    <time>2023-10-01T15:17:25Z</time>
   </trkpt>
   <trkpt lat="45.7621270" lon="4.7757780">
    <ele>221.0</ele>
    <time>2023-10-01T15:17:26Z</time>
   </trkpt>
   <trkpt lat="45.7620910" lon="4.7757760">
    <ele>221.0</ele>
    <time>2023-10-01T15:17:27Z</time>
   </trkpt>
   <trkpt lat="45.7620760" lon="4.7757740">
    <ele>221.0</ele>
    <time>2023-10-01T15:17:28Z</time>
   </trkpt>
   <trkpt lat="45.7620470" lon="4.7757610">
    <ele>221.0</ele>
    <time>2023-10-01T15:17:29Z</time>
   </trkpt>
   <trkpt lat="45.7620040" lon="4.7757570">
    <ele>221.0</ele>
    <time>2023-10-01T15:17:30Z</time>
   </trkpt>
   <trkpt lat="45.7619860" lon="4.7757580">
    <ele>221.0</ele>
    <time>2023-10-01T15:17:31Z</time>
   </trkpt>
   <trkpt lat="45.7619570" lon="4.7757430">
    <ele>221.0</ele>
    <time>2023-10-01T15:17:32Z</time>
   </trkpt>
   <trkpt lat="45.7619230" lon="4.7757240">
    <ele>221.1</ele>
    <time>2023-10-01T15:17:33Z</time>
   </trkpt>
   <trkpt lat="45.7619110" lon="4.7757110">
    <ele>221.1</ele>
    <time>2023-10-01T15:17:34Z</time>
   </trkpt>
   <trkpt lat="45.7618820" lon="4.7757200">
    <ele>221.1</ele>
    <time>2023-10-01T15:17:35Z</time>
   </trkpt>
   <trkpt lat="45.7618420" lon="4.7757290">
    <ele>221.1</ele>
    <time>2023-10-01T15:17:36Z</time>
   </trkpt>
   <trkpt lat="45.7618120" lon="4.7757440">
    <ele>221.2</ele>
    <time>2023-10-01T15:17:37Z</time>
   </trkpt>
   <trkpt lat="45.7617950" lon="4.7757770">
    <ele>221.2</ele>
    <time>2023-10-01T15:17:38Z</time>
   </trkpt>
   <trkpt lat="45.7617630" lon="4.7757760">
    <ele>221.2</ele>
    <time>2023-10-01T15:17:39Z</time>
   </trkpt>
   <trkpt lat="45.7617270" lon="4.7757540">
    <ele>221.2</ele>
    <time>2023-10-01T15:17:40Z</time>
   </trkpt>
   <trkpt lat="45.7616940" lon="4.7757330">
    <ele>221.2</ele>
    <time>2023-10-01T15:17:41Z</time>
   </trkpt>
   <trkpt lat="45.7616540" lon="4.7757310">
    <ele>221.2</ele>
    <time>2023-10-01T15:17:42Z</time>
   </trkpt>
   <trkpt lat="45.7616370" lon="4.7757250">
    <ele>221.2</ele>
    <time>2023-10-01T15:17:43Z</time>
   </trkpt>
   <trkpt lat="45.7616070" lon="4.7757080">
    <ele>221.2</ele>
    <time>2023-10-01T15:17:44Z</time>
   </trkpt>
   <trkpt lat="45.7615690" lon="4.7756950">
    <ele>221.2</ele>
    <time>2023-10-01T15:17:45Z</time>
   </trkpt>
   <trkpt lat="45.7615360" lon="4.7756830">
    <ele>221.2</ele>
    <time>2023-10-01T15:17:46Z</time>
   </trkpt>
   <trkpt lat="45.7615090" lon="4.7756920">
    <ele>221.2</ele>
    <time>2023-10-01T15:17:47Z</time>
   </trkpt>
   <trkpt lat="45.7614760" lon="4.7756970">
    <ele>221.2</ele>
    <time>2023-10-01T15:17:48Z</time>
   </trkpt>
   <trkpt lat="45.7614450" lon="4.7756890">
    <ele>221.3</ele>
    <time>2023-10-01T15:17:49Z</time>
   </trkpt>
   <trkpt lat="45.7614180" lon="4.7756740">
    <ele>221.3</ele>
    <time>2023-10-01T15:17:50Z</time>
   </trkpt>
   <trkpt lat="45.7613910" lon="4.7756640">
    <ele>221.3</ele>
    <time>2023-10-01T15:17:51Z</time>
   </trkpt>
   <trkpt lat="45.7613820" lon="4.7757090">
    <ele>221.5</ele>
    <time>2023-10-01T15:17:52Z</time>
   </trkpt>
   <trkpt lat="45.7613860" lon="4.7757240">
    <ele>221.5</ele>
    <time>2023-10-01T15:17:53Z</time>
   </trkpt>
   <trkpt lat="45.7614230" lon="4.7757550">
    <ele>221.6</ele>
    <time>2023-10-01T15:17:54Z</time>
   </trkpt>
   <trkpt lat="45.7614330" lon="4.7758120">
    <ele>221.6</ele>
    <time>2023-10-01T15:17:55Z</time>
   </trkpt>
   <trkpt lat="45.7614500" lon="4.7758510">
    <ele>221.6</ele>
    <time>2023-10-01T15:17:56Z</time>
   </trkpt>
   <trkpt lat="45.7614710" lon="4.7758960">
    <ele>221.6</ele>
    <time>2023-10-01T15:17:57Z</time>
   </trkpt>
   <trkpt lat="45.7614860" lon="4.7759420">
    <ele>221.6</ele>
    <time>2023-10-01T15:17:58Z</time>
   </trkpt>
   <trkpt lat="45.7614980" lon="4.7759950">
    <ele>221.6</ele>
    <time>2023-10-01T15:17:59Z</time>
   </trkpt>
   <trkpt lat="45.7615030" lon="4.7760140">
    <ele>221.7</ele>
    <time>2023-10-01T15:18:00Z</time>
   </trkpt>
   <trkpt lat="45.7615060" lon="4.7760570">
    <ele>221.7</ele>
    <time>2023-10-01T15:18:01Z</time>
   </trkpt>
   <trkpt lat="45.7615210" lon="4.7761020">
    <ele>221.7</ele>
    <time>2023-10-01T15:18:02Z</time>
   </trkpt>
   <trkpt lat="45.7615420" lon="4.7761390">
    <ele>221.8</ele>
    <time>2023-10-01T15:18:03Z</time>
   </trkpt>
   <trkpt lat="45.7615530" lon="4.7761920">
    <ele>221.8</ele>
    <time>2023-10-01T15:18:04Z</time>
   </trkpt>
   <trkpt lat="45.7615710" lon="4.7762470">
    <ele>221.9</ele>
    <time>2023-10-01T15:18:05Z</time>
   </trkpt>
   <trkpt lat="45.7615750" lon="4.7762690">
    <ele>221.9</ele>
    <time>2023-10-01T15:18:06Z</time>
   </trkpt>
   <trkpt lat="45.7615840" lon="4.7763200">
    <ele>222.0</ele>
    <time>2023-10-01T15:18:07Z</time>
   </trkpt>
   <trkpt lat="45.7616000" lon="4.7763590">
    <ele>222.0</ele>
    <time>2023-10-01T15:18:08Z</time>
   </trkpt>
   <trkpt lat="45.7616120" lon="4.7764070">
    <ele>222.1</ele>
    <time>2023-10-01T15:18:09Z</time>
   </trkpt>
   <trkpt lat="45.7616250" lon="4.7764540">
    <ele>222.1</ele>
    <time>2023-10-01T15:18:10Z</time>
   </trkpt>
   <trkpt lat="45.7616290" lon="4.7764760">
    <ele>222.2</ele>
    <time>2023-10-01T15:18:11Z</time>
   </trkpt>
   <trkpt lat="45.7616500" lon="4.7765170">
    <ele>222.2</ele>
    <time>2023-10-01T15:18:12Z</time>
   </trkpt>
   <trkpt lat="45.7616670" lon="4.7765660">
    <ele>222.3</ele>
    <time>2023-10-01T15:18:13Z</time>
   </trkpt>
   <trkpt lat="45.7616790" lon="4.7766160">
    <ele>222.3</ele>
    <time>2023-10-01T15:18:14Z</time>
   </trkpt>
   <trkpt lat="45.7617100" lon="4.7766510">
    <ele>222.3</ele>
    <time>2023-10-01T15:18:15Z</time>
   </trkpt>
   <trkpt lat="45.7617190" lon="4.7766650">
    <ele>222.4</ele>
    <time>2023-10-01T15:18:16Z</time>
   </trkpt>
   <trkpt lat="45.7617280" lon="4.7767050">
    <ele>222.4</ele>
    <time>2023-10-01T15:18:17Z</time>
   </trkpt>
   <trkpt lat="45.7617290" lon="4.7767470">
    <ele>222.4</ele>
    <time>2023-10-01T15:18:18Z</time>
   </trkpt>
   <trkpt lat="45.7617430" lon="4.7767810">
    <ele>222.4</ele>
    <time>2023-10-01T15:18:19Z</time>
   </trkpt>
   <trkpt lat="45.7617650" lon="4.7768280">
    <ele>222.5</ele>
    <time>2023-10-01T15:18:20Z</time>
   </trkpt>
   <trkpt lat="45.7617760" lon="4.7768670">
    <ele>222.5</ele>
    <time>2023-10-01T15:18:21Z</time>
   </trkpt>
   <trkpt lat="45.7617810" lon="4.7769150">
    <ele>222.5</ele>
    <time>2023-10-01T15:18:22Z</time>
   </trkpt>
   <trkpt lat="45.7618000" lon="4.7769610">
    <ele>222.6</ele>
    <time>2023-10-01T15:18:23Z</time>
   </trkpt>
   <trkpt lat="45.7618090" lon="4.7769760">
    <ele>222.6</ele>
    <time>2023-10-01T15:18:24Z</time>
   </trkpt>
   <trkpt lat="45.7618070" lon="4.7770420">
    <ele>222.7</ele>
    <time>2023-10-01T15:18:25Z</time>
   </trkpt>
   <trkpt lat="45.7618210" lon="4.7770880">
    <ele>222.7</ele>
    <time>2023-10-01T15:18:26Z</time>
   </trkpt>
   <trkpt lat="45.7618280" lon="4.7770970">
    <ele>222.7</ele>
    <time>2023-10-01T15:18:27Z</time>
   </trkpt>
   <trkpt lat="45.7618480" lon="4.7771290">
    <ele>222.7</ele>
    <time>2023-10-01T15:18:28Z</time>
   </trkpt>
   <trkpt lat="45.7618500" lon="4.7771700">
    <ele>222.7</ele>
    <time>2023-10-01T15:18:29Z</time>
   </trkpt>
   <trkpt lat="45.7618820" lon="4.7771780">
    <ele>222.7</ele>
    <time>2023-10-01T15:18:30Z</time>
   </trkpt>
   <trkpt lat="45.7618890" lon="4.7771890">
    <ele>222.8</ele>
    <time>2023-10-01T15:18:31Z</time>
   </trkpt>
   <trkpt lat="45.7619170" lon="4.7772210">
    <ele>222.6</ele>
    <time>2023-10-01T15:18:32Z</time>
   </trkpt>
   <trkpt lat="45.7619320" lon="4.7772310">
    <ele>222.6</ele>
    <time>2023-10-01T15:18:33Z</time>
   </trkpt>
   <trkpt lat="45.7619650" lon="4.7772410">
    <ele>222.6</ele>
    <time>2023-10-01T15:18:34Z</time>
   </trkpt>
   <trkpt lat="45.7619930" lon="4.7772290">
    <ele>222.5</ele>
    <time>2023-10-01T15:18:35Z</time>
   </trkpt>
   <trkpt lat="45.7620260" lon="4.7772480">
    <ele>222.4</ele>
    <time>2023-10-01T15:18:36Z</time>
   </trkpt>
   <trkpt lat="45.7620570" lon="4.7772550">
    <ele>222.4</ele>
    <time>2023-10-01T15:18:37Z</time>
   </trkpt>
   <trkpt lat="45.7620880" lon="4.7772480">
    <ele>222.4</ele>
    <time>2023-10-01T15:18:38Z</time>
   </trkpt>
   <trkpt lat="45.7621230" lon="4.7772550">
    <ele>222.3</ele>
    <time>2023-10-01T15:18:39Z</time>
   </trkpt>
   <trkpt lat="45.7621680" lon="4.7772530">
    <ele>222.2</ele>
    <time>2023-10-01T15:18:40Z</time>
   </trkpt>
   <trkpt lat="45.7621890" lon="4.7772170">
    <ele>222.2</ele>
    <time>2023-10-01T15:18:41Z</time>
   </trkpt>
   <trkpt lat="45.7622210" lon="4.7771730">
    <ele>222.2</ele>
    <time>2023-10-01T15:18:42Z</time>
   </trkpt>
   <trkpt lat="45.7622570" lon="4.7771470">
    <ele>222.1</ele>
    <time>2023-10-01T15:18:43Z</time>
   </trkpt>
   <trkpt lat="45.7622930" lon="4.7771320">
    <ele>222.1</ele>
    <time>2023-10-01T15:18:44Z</time>
   </trkpt>
   <trkpt lat="45.7623030" lon="4.7771300">
    <ele>222.1</ele>
    <time>2023-10-01T15:18:45Z</time>
   </trkpt>
   <trkpt lat="45.7623350" lon="4.7771310">
    <ele>222.0</ele>
    <time>2023-10-01T15:18:46Z</time>
   </trkpt>
   <trkpt lat="45.7623740" lon="4.7771590">
    <ele>222.0</ele>
    <time>2023-10-01T15:18:47Z</time>
   </trkpt>
   <trkpt lat="45.7624140" lon="4.7771690">
    <ele>222.0</ele>
    <time>2023-10-01T15:18:48Z</time>
   </trkpt>
   <trkpt lat="45.7624530" lon="4.7771500">
    <ele>222.0</ele>
    <time>2023-10-01T15:18:49Z</time>
   </trkpt>
   <trkpt lat="45.7624850" lon="4.7771390">
    <ele>221.9</ele>
    <time>2023-10-01T15:18:50Z</time>
   </trkpt>
   <trkpt lat="45.7625120" lon="4.7771500">
    <ele>221.9</ele>
    <time>2023-10-01T15:18:51Z</time>
   </trkpt>
   <trkpt lat="45.7625390" lon="4.7771550">
    <ele>221.9</ele>
    <time>2023-10-01T15:18:52Z</time>
   </trkpt>
   <trkpt lat="45.7625730" lon="4.7771420">
    <ele>221.9</ele>
    <time>2023-10-01T15:18:53Z</time>
   </trkpt>
   <trkpt lat="45.7625920" lon="4.7771700">
    <ele>221.9</ele>
    <time>2023-10-01T15:18:54Z</time>
   </trkpt>
   <trkpt lat="45.7626320" lon="4.7771500">
    <ele>221.8</ele>
    <time>2023-10-01T15:18:55Z</time>
   </trkpt>
   <trkpt lat="45.7626470" lon="4.7771450">
    <ele>221.8</ele>
    <time>2023-10-01T15:18:56Z</time>
   </trkpt>
   <trkpt lat="45.7626780" lon="4.7771440">
    <ele>221.8</ele>
    <time>2023-10-01T15:18:57Z</time>
   </trkpt>
   <trkpt lat="45.7627100" lon="4.7771280">
    <ele>221.8</ele>
    <time>2023-10-01T15:18:58Z</time>
   </trkpt>
   <trkpt lat="45.7627450" lon="4.7771260">
    <ele>221.8</ele>
    <time>2023-10-01T15:18:59Z</time>
   </trkpt>
   <trkpt lat="45.7627740" lon="4.7771300">
    <ele>221.8</ele>
    <time>2023-10-01T15:19:00Z</time>
   </trkpt>
   <trkpt lat="45.7627830" lon="4.7771410">
    <ele>221.8</ele>
    <time>2023-10-01T15:19:01Z</time>
   </trkpt>
   <trkpt lat="45.7628120" lon="4.7771300">
    <ele>221.7</ele>
    <time>2023-10-01T15:19:02Z</time>
   </trkpt>
   <trkpt lat="45.7628400" lon="4.7771410">
    <ele>221.7</ele>
    <time>2023-10-01T15:19:03Z</time>
   </trkpt>
   <trkpt lat="45.7628780" lon="4.7771420">
    <ele>221.7</ele>
    <time>2023-10-01T15:19:04Z</time>
   </trkpt>
   <trkpt lat="45.7629170" lon="4.7771400">
    <ele>221.7</ele>
    <time>2023-10-01T15:19:05Z</time>
   </trkpt>
   <trkpt lat="45.7629530" lon="4.7771200">
    <ele>221.7</ele>
    <time>2023-10-01T15:19:06Z</time>
   </trkpt>
   <trkpt lat="45.7629880" lon="4.7771080">
    <ele>221.7</ele>
    <time>2023-10-01T15:19:07Z</time>
   </trkpt>
   <trkpt lat="45.7630160" lon="4.7770910">
    <ele>221.7</ele>
    <time>2023-10-01T15:19:08Z</time>
   </trkpt>
   <trkpt lat="45.7630440" lon="4.7770630">
    <ele>221.6</ele>
    <time>2023-10-01T15:19:09Z</time>
   </trkpt>
   <trkpt lat="45.7630750" lon="4.7770590">
    <ele>221.6</ele>
    <time>2023-10-01T15:19:10Z</time>
   </trkpt>
   <trkpt lat="45.7630990" lon="4.7770900">
    <ele>221.6</ele>
    <time>2023-10-01T15:19:11Z</time>
   </trkpt>
   <trkpt lat="45.7631280" lon="4.7770860">
    <ele>221.6</ele>
    <time>2023-10-01T15:19:12Z</time>
   </trkpt>
   <trkpt lat="45.7631560" lon="4.7770940">
    <ele>221.6</ele>
    <time>2023-10-01T15:19:13Z</time>
   </trkpt>
   <trkpt lat="45.7631900" lon="4.7770830">
    <ele>221.6</ele>
    <time>2023-10-01T15:19:14Z</time>
   </trkpt>
   <trkpt lat="45.7632220" lon="4.7770810">
    <ele>221.6</ele>
    <time>2023-10-01T15:19:15Z</time>
   </trkpt>
   <trkpt lat="45.7632620" lon="4.7770780">
    <ele>221.6</ele>
    <time>2023-10-01T15:19:16Z</time>
   </trkpt>
   <trkpt lat="45.7632760" lon="4.7770760">
    <ele>221.6</ele>
    <time>2023-10-01T15:19:17Z</time>
   </trkpt>
   <trkpt lat="45.7633130" lon="4.7770520">
    <ele>221.6</ele>
    <time>2023-10-01T15:19:18Z</time>
   </trkpt>
   <trkpt lat="45.7633480" lon="4.7770640">
    <ele>221.6</ele>
    <time>2023-10-01T15:19:19Z</time>
   </trkpt>
   <trkpt lat="45.7633810" lon="4.7770400">
    <ele>221.6</ele>
    <time>2023-10-01T15:19:20Z</time>
   </trkpt>
   <trkpt lat="45.7634100" lon="4.7770220">
    <ele>221.6</ele>
    <time>2023-10-01T15:19:21Z</time>
   </trkpt>
   <trkpt lat="45.7634350" lon="4.7770500">
    <ele>221.6</ele>
    <time>2023-10-01T15:19:22Z</time>
   </trkpt>
   <trkpt lat="45.7634600" lon="4.7770280">
    <ele>221.6</ele>
    <time>2023-10-01T15:19:23Z</time>
   </trkpt>
   <trkpt lat="45.7634900" lon="4.7770330">
    <ele>221.6</ele>
    <time>2023-10-01T15:19:24Z</time>
   </trkpt>
   <trkpt lat="45.7635240" lon="4.7770170">
    <ele>221.7</ele>
    <time>2023-10-01T15:19:25Z</time>
   </trkpt>
   <trkpt lat="45.7635360" lon="4.7770180">
    <ele>221.7</ele>
    <time>2023-10-01T15:19:26Z</time>
   </trkpt>
   <trkpt lat="45.7635640" lon="4.7770250">
    <ele>221.7</ele>
    <time>2023-10-01T15:19:27Z</time>
   </trkpt>
   <trkpt lat="45.7636020" lon="4.7769930">
    <ele>221.7</ele>
    <time>2023-10-01T15:19:28Z</time>
   </trkpt>
   <trkpt lat="45.7636220" lon="4.7769880">
    <ele>221.7</ele>
    <time>2023-10-01T15:19:29Z</time>
   </trkpt>
   <trkpt lat="45.7636580" lon="4.7769950">
    <ele>221.8</ele>
    <time>2023-10-01T15:19:30Z</time>
   </trkpt>
   <trkpt lat="45.7636950" lon="4.7769860">
    <ele>221.8</ele>
    <time>2023-10-01T15:19:31Z</time>
   </trkpt>
   <trkpt lat="45.7637040" lon="4.7769100">
    <ele>221.8</ele>
    <time>2023-10-01T15:19:32Z</time>
   </trkpt>
   <trkpt lat="45.7637250" lon="4.7768570">
    <ele>221.8</ele>
    <time>2023-10-01T15:19:33Z</time>
   </trkpt>
   <trkpt lat="45.7637380" lon="4.7768110">
    <ele>221.8</ele>
    <time>2023-10-01T15:19:34Z</time>
   </trkpt>
   <trkpt lat="45.7637490" lon="4.7767670">
    <ele>221.8</ele>
    <time>2023-10-01T15:19:35Z</time>
   </trkpt>
   <trkpt lat="45.7637520" lon="4.7767170">
    <ele>221.8</ele>
    <time>2023-10-01T15:19:36Z</time>
   </trkpt>
   <trkpt lat="45.7637650" lon="4.7766670">
    <ele>221.7</ele>
    <time>2023-10-01T15:19:37Z</time>
   </trkpt>
   <trkpt lat="45.7637530" lon="4.7766210">
    <ele>221.7</ele>
    <time>2023-10-01T15:19:38Z</time>
   </trkpt>
   <trkpt lat="45.7637640" lon="4.7765620">
    <ele>221.6</ele>
    <time>2023-10-01T15:19:39Z</time>
   </trkpt>
   <trkpt lat="45.7637610" lon="4.7765360">
    <ele>221.6</ele>
    <time>2023-10-01T15:19:40Z</time>
   </trkpt>
   <trkpt lat="45.7637520" lon="4.7764980">
    <ele>221.6</ele>
    <time>2023-10-01T15:19:41Z</time>
   </trkpt>
   <trkpt lat="45.7637430" lon="4.7764450">
    <ele>221.6</ele>
    <time>2023-10-01T15:19:42Z</time>
   </trkpt>
   <trkpt lat="45.7637480" lon="4.7764070">
    <ele>221.5</ele>
    <time>2023-10-01T15:19:43Z</time>
   </trkpt>
   <trkpt lat="45.7637420" lon="4.7763510">
    <ele>221.5</ele>
    <time>2023-10-01T15:19:44Z</time>
   </trkpt>
   <trkpt lat="45.7637310" lon="4.7763150">
    <ele>221.5</ele>
    <time>2023-10-01T15:19:45Z</time>
   </trkpt>
   <trkpt lat="45.7637410" lon="4.7762740">
    <ele>221.5</ele>
    <time>2023-10-01T15:19:46Z</time>
   </trkpt>
   <trkpt lat="45.7637440" lon="4.7762270">
    <ele>221.4</ele>
    <time>2023-10-01T15:19:47Z</time>
   </trkpt>
   <trkpt lat="45.7637470" lon="4.7761840">
    <ele>221.4</ele>
    <time>2023-10-01T15:19:48Z</time>
   </trkpt>
   <trkpt lat="45.7637440" lon="4.7761420">
    <ele>221.4</ele>
    <time>2023-10-01T15:19:49Z</time>
   </trkpt>
   <trkpt lat="45.7637330" lon="4.7760950">
    <ele>221.4</ele>
    <time>2023-10-01T15:19:50Z</time>
   </trkpt>
   <trkpt lat="45.7637290" lon="4.7760540">
    <ele>221.4</ele>
    <time>2023-10-01T15:19:51Z</time>
   </trkpt>
   <trkpt lat="45.7637290" lon="4.7760090">
    <ele>221.4</ele>
    <time>2023-10-01T15:19:52Z</time>
   </trkpt>
   <trkpt lat="45.7637240" lon="4.7759470">
    <ele>221.3</ele>
    <time>2023-10-01T15:19:53Z</time>
   </trkpt>
   <trkpt lat="45.7637380" lon="4.7759060">
    <ele>221.3</ele>
    <time>2023-10-01T15:19:54Z</time>
   </trkpt>
   <trkpt lat="45.7637310" lon="4.7758530">
    <ele>221.3</ele>
    <time>2023-10-01T15:19:55Z</time>
   </trkpt>
   <trkpt lat="45.7637330" lon="4.7758120">
    <ele>221.3</ele>
    <time>2023-10-01T15:19:56Z</time>
   </trkpt>
   <trkpt lat="45.7637040" lon="4.7757680">
    <ele>221.3</ele>
    <time>2023-10-01T15:19:57Z</time>
   </trkpt>
   <trkpt lat="45.7637480" lon="4.7757190">
    <ele>221.3</ele>
    <time>2023-10-01T15:19:58Z</time>
   </trkpt>
   <trkpt lat="45.7637490" lon="4.7756650">
    <ele>221.2</ele>
    <time>2023-10-01T15:19:59Z</time>
   </trkpt>
   <trkpt lat="45.7637480" lon="4.7756210">
    <ele>221.2</ele>
    <time>2023-10-01T15:20:00Z</time>
   </trkpt>
   <trkpt lat="45.7637470" lon="4.7755740">
    <ele>221.2</ele>
    <time>2023-10-01T15:20:01Z</time>
   </trkpt>
   <trkpt lat="45.7637420" lon="4.7755310">
    <ele>221.2</ele>
    <time>2023-10-01T15:20:02Z</time>
   </trkpt>
   <trkpt lat="45.7637130" lon="4.7754990">
    <ele>221.2</ele>
    <time>2023-10-01T15:20:03Z</time>
   </trkpt>
   <trkpt lat="45.7636520" lon="4.7754960">
    <ele>221.2</ele>
    <time>2023-10-01T15:20:04Z</time>
   </trkpt>
   <trkpt lat="45.7636110" lon="4.7755010">
    <ele>221.1</ele>
    <time>2023-10-01T15:20:05Z</time>
   </trkpt>
   <trkpt lat="45.7635770" lon="4.7754820">
    <ele>221.1</ele>
    <time>2023-10-01T15:20:06Z</time>
   </trkpt>
   <trkpt lat="45.7635380" lon="4.7754880">
    <ele>221.1</ele>
    <time>2023-10-01T15:20:07Z</time>
   </trkpt>
   <trkpt lat="45.7634940" lon="4.7754970">
    <ele>221.1</ele>
    <time>2023-10-01T15:20:08Z</time>
   </trkpt>
   <trkpt lat="45.7634540" lon="4.7754930">
    <ele>221.0</ele>
    <time>2023-10-01T15:20:09Z</time>
   </trkpt>
   <trkpt lat="45.7634200" lon="4.7754790">
    <ele>221.0</ele>
    <time>2023-10-01T15:20:10Z</time>
   </trkpt>
   <trkpt lat="45.7633850" lon="4.7754940">
    <ele>221.0</ele>
    <time>2023-10-01T15:20:11Z</time>
   </trkpt>
   <trkpt lat="45.7633550" lon="4.7755020">
    <ele>221.0</ele>
    <time>2023-10-01T15:20:12Z</time>
   </trkpt>
   <trkpt lat="45.7633250" lon="4.7755030">
    <ele>221.0</ele>
    <time>2023-10-01T15:20:13Z</time>
   </trkpt>
   <trkpt lat="45.7632890" lon="4.7754990">
    <ele>220.9</ele>
    <time>2023-10-01T15:20:14Z</time>
   </trkpt>
   <trkpt lat="45.7632590" lon="4.7755220">
    <ele>220.9</ele>
    <time>2023-10-01T15:20:15Z</time>
   </trkpt>
   <trkpt lat="45.7632280" lon="4.7755430">
    <ele>220.9</ele>
    <time>2023-10-01T15:20:16Z</time>
   </trkpt>
   <trkpt lat="45.7631970" lon="4.7755410">
    <ele>220.9</ele>
    <time>2023-10-01T15:20:17Z</time>
   </trkpt>
   <trkpt lat="45.7631860" lon="4.7755430">
    <ele>220.9</ele>
    <time>2023-10-01T15:20:18Z</time>
   </trkpt>
   <trkpt lat="45.7631530" lon="4.7755740">
    <ele>220.9</ele>
    <time>2023-10-01T15:20:19Z</time>
   </trkpt>
   <trkpt lat="45.7631210" lon="4.7755670">
    <ele>220.9</ele>
    <time>2023-10-01T15:20:20Z</time>
   </trkpt>
   <trkpt lat="45.7630790" lon="4.7755740">
    <ele>220.9</ele>
    <time>2023-10-01T15:20:21Z</time>
   </trkpt>
   <trkpt lat="45.7630440" lon="4.7755910">
    <ele>220.9</ele>
    <time>2023-10-01T15:20:22Z</time>
   </trkpt>
   <trkpt lat="45.7630080" lon="4.7756080">
    <ele>220.9</ele>
    <time>2023-10-01T15:20:23Z</time>
   </trkpt>
   <trkpt lat="45.7629550" lon="4.7756260">
    <ele>220.9</ele>
    <time>2023-10-01T15:20:24Z</time>
   </trkpt>
   <trkpt lat="45.7629270" lon="4.7756300">
    <ele>220.9</ele>
    <time>2023-10-01T15:20:25Z</time>
   </trkpt>
   <trkpt lat="45.7628990" lon="4.7756580">
    <ele>220.9</ele>
    <time>2023-10-01T15:20:26Z</time>
   </trkpt>
   <trkpt lat="45.7628810" lon="4.7756570">
    <ele>220.9</ele>
    <time>2023-10-01T15:20:27Z</time>
   </trkpt>
   <trkpt lat="45.7628510" lon="4.7756710">
    <ele>220.9</ele>
    <time>2023-10-01T15:20:28Z</time>
   </trkpt>
   <trkpt lat="45.7628140" lon="4.7756730">
    <ele>220.9</ele>
    <time>2023-10-01T15:20:29Z</time>
   </trkpt>
   <trkpt lat="45.7627850" lon="4.7756850">
    <ele>220.9</ele>
    <time>2023-10-01T15:20:30Z</time>
   </trkpt>
   <trkpt lat="45.7627690" lon="4.7756880">
    <ele>220.9</ele>
    <time>2023-10-01T15:20:31Z</time>
   </trkpt>
   <trkpt lat="45.7627360" lon="4.7757020">
    <ele>220.9</ele>
    <time>2023-10-01T15:20:32Z</time>
   </trkpt>
   <trkpt lat="45.7627000" lon="4.7756890">
    <ele>220.9</ele>
    <time>2023-10-01T15:20:33Z</time>
   </trkpt>
   <trkpt lat="45.7626670" lon="4.7757020">
    <ele>220.9</ele>
    <time>2023-10-01T15:20:34Z</time>
   </trkpt>
   <trkpt lat="45.7626330" lon="4.7757070">
    <ele>220.9</ele>
    <time>2023-10-01T15:20:35Z</time>
   </trkpt>
   <trkpt lat="45.7626000" lon="4.7757140">
    <ele>220.9</ele>
    <time>2023-10-01T15:20:36Z</time>
   </trkpt>
   <trkpt lat="45.7625680" lon="4.7756990">
    <ele>220.9</ele>
    <time>2023-10-01T15:20:37Z</time>
   </trkpt>
   <trkpt lat="45.7625260" lon="4.7757110">
    <ele>220.9</ele>
    <time>2023-10-01T15:20:38Z</time>
   </trkpt>
   <trkpt lat="45.7625090" lon="4.7757150">
    <ele>220.9</ele>
    <time>2023-10-01T15:20:39Z</time>
   </trkpt>
   <trkpt lat="45.7624770" lon="4.7757120">
    <ele>220.9</ele>
    <time>2023-10-01T15:20:40Z</time>
   </trkpt>
   <trkpt lat="45.7624490" lon="4.7757250">
    <ele>220.9</ele>
    <time>2023-10-01T15:20:41Z</time>
   </trkpt>
   <trkpt lat="45.7624050" lon="4.7756890">
    <ele>220.9</ele>
    <time>2023-10-01T15:20:42Z</time>
   </trkpt>
   <trkpt lat="45.7623750" lon="4.7757170">
    <ele>220.9</ele>
    <time>2023-10-01T15:20:43Z</time>
   </trkpt>
   <trkpt lat="45.7623390" lon="4.7757230">
    <ele>220.9</ele>
    <time>2023-10-01T15:20:44Z</time>
   </trkpt>
   <trkpt lat="45.7623140" lon="4.7756910">
    <ele>220.9</ele>
    <time>2023-10-01T15:20:45Z</time>
   </trkpt>
   <trkpt lat="45.7622680" lon="4.7757070">
    <ele>220.9</ele>
    <time>2023-10-01T15:20:46Z</time>
   </trkpt>
   <trkpt lat="45.7622410" lon="4.7757190">
    <ele>220.9</ele>
    <time>2023-10-01T15:20:47Z</time>
   </trkpt>
   <trkpt lat="45.7622000" lon="4.7757300">
    <ele>220.9</ele>
    <time>2023-10-01T15:20:48Z</time>
   </trkpt>
   <trkpt lat="45.7621640" lon="4.7757160">
    <ele>221.0</ele>
    <time>2023-10-01T15:20:49Z</time>
   </trkpt>
   <trkpt lat="45.7621490" lon="4.7757020">
    <ele>221.0</ele>
    <time>2023-10-01T15:20:50Z</time>
   </trkpt>
   <trkpt lat="45.7621200" lon="4.7756990">
    <ele>221.0</ele>
    <time>2023-10-01T15:20:51Z</time>
   </trkpt>
   <trkpt lat="45.7620770" lon="4.7757050">
    <ele>221.0</ele>
    <time>2023-10-01T15:20:52Z</time>
   </trkpt>
   <trkpt lat="45.7620340" lon="4.7757170">
    <ele>221.0</ele>
    <time>2023-10-01T15:20:53Z</time>
   </trkpt>
   <trkpt lat="45.7619960" lon="4.7757270">
    <ele>221.0</ele>
    <time>2023-10-01T15:20:54Z</time>
   </trkpt>
   <trkpt lat="45.7619560" lon="4.7757230">
    <ele>221.0</ele>
    <time>2023-10-01T15:20:55Z</time>
   </trkpt>
   <trkpt lat="45.7619210" lon="4.7757080">
    <ele>221.1</ele>
    <time>2023-10-01T15:20:56Z</time>
   </trkpt>
   <trkpt lat="45.7618980" lon="4.7757310">
    <ele>221.1</ele>
    <time>2023-10-01T15:20:57Z</time>
   </trkpt>
   <trkpt lat="45.7618630" lon="4.7757120">
    <ele>221.1</ele>
    <time>2023-10-01T15:20:58Z</time>
   </trkpt>
   <trkpt lat="45.7618460" lon="4.7757150">
    <ele>221.1</ele>
    <time>2023-10-01T15:20:59Z</time>
   </trkpt>
   <trkpt lat="45.7618120" lon="4.7757230">
    <ele>221.2</ele>
    <time>2023-10-01T15:21:00Z</time>
   </trkpt>
   <trkpt lat="45.7617820" lon="4.7757140">
    <ele>221.2</ele>
    <time>2023-10-01T15:21:01Z</time>
   </trkpt>
   <trkpt lat="45.7617490" lon="4.7757050">
    <ele>221.2</ele>
    <time>2023-10-01T15:21:02Z</time>
   </trkpt>
   <trkpt lat="45.7617200" lon="4.7757050">
    <ele>221.2</ele>
    <time>2023-10-01T15:21:03Z</time>
   </trkpt>
   <trkpt lat="45.7616920" lon="4.7757040">
    <ele>221.2</ele>
    <time>2023-10-01T15:21:04Z</time>
   </trkpt>
   <trkpt lat="45.7616530" lon="4.7757120">
    <ele>221.2</ele>
    <time>2023-10-01T15:21:05Z</time>
   </trkpt>
   <trkpt lat="45.7616380" lon="4.7757100">
    <ele>221.2</ele>
    <time>2023-10-01T15:21:06Z</time>
   </trkpt>
   <trkpt lat="45.7616030" lon="4.7757040">
    <ele>221.2</ele>
    <time>2023-10-01T15:21:07Z</time>
   </trkpt>
   <trkpt lat="45.7615680" lon="4.7756900">
    <ele>221.2</ele>
    <time>2023-10-01T15:21:08Z</time>
   </trkpt>
   <trkpt lat="45.7615420" lon="4.7756520">
    <ele>221.2</ele>
    <time>2023-10-01T15:21:09Z</time>
   </trkpt>
   <trkpt lat="45.7615020" lon="4.7756600">
    <ele>221.2</ele>
    <time>2023-10-01T15:21:10Z</time>
   </trkpt>
   <trkpt lat="45.7614640" lon="4.7756460">
    <ele>221.3</ele>
    <time>2023-10-01T15:21:11Z</time>
   </trkpt>
   <trkpt lat="45.7614490" lon="4.7756260">
    <ele>221.3</ele>
    <time>2023-10-01T15:21:12Z</time>
   </trkpt>
   <trkpt lat="45.7614160" lon="4.7756260">
    <ele>221.3</ele>
    <time>2023-10-01T15:21:13Z</time>
   </trkpt>
   <trkpt lat="45.7614100" lon="4.7756810">
    <ele>221.5</ele>
    <time>2023-10-01T15:21:14Z</time>
   </trkpt>
   <trkpt lat="45.7614480" lon="4.7757160">
    <ele>221.5</ele>
    <time>2023-10-01T15:21:15Z</time>
   </trkpt>
   <trkpt lat="45.7614670" lon="4.7757680">
    <ele>221.6</ele>
    <time>2023-10-01T15:21:16Z</time>
   </trkpt>
   <trkpt lat="45.7614920" lon="4.7758080">
    <ele>221.6</ele>
    <time>2023-10-01T15:21:17Z</time>
   </trkpt>
   <trkpt lat="45.7615040" lon="4.7758610">
    <ele>221.6</ele>
    <time>2023-10-01T15:21:18Z</time>
   </trkpt>
   <trkpt lat="45.7615150" lon="4.7759050">
    <ele>221.6</ele>
    <time>2023-10-01T15:21:19Z</time>
   </trkpt>
   <trkpt lat="45.7615320" lon="4.7759590">
    <ele>221.6</ele>
    <time>2023-10-01T15:21:20Z</time>
   </trkpt>
   <trkpt lat="45.7615470" lon="4.7760000">
    <ele>221.7</ele>
    <time>2023-10-01T15:21:21Z</time>
   </trkpt>
   <trkpt lat="45.7615500" lon="4.7760450">
    <ele>221.7</ele>
    <time>2023-10-01T15:21:23Z</time>
   </trkpt>
   <trkpt lat="45.7615570" lon="4.7760910">
    <ele>221.7</ele>
    <time>2023-10-01T15:21:24Z</time>
   </trkpt>
   <trkpt lat="45.7615730" lon="4.7761330">
    <ele>221.8</ele>
    <time>2023-10-01T15:21:25Z</time>
   </trkpt>
   <trkpt lat="45.7615820" lon="4.7761840">
    <ele>221.8</ele>
    <time>2023-10-01T15:21:26Z</time>
   </trkpt>
   <trkpt lat="45.7615840" lon="4.7762300">
    <ele>221.9</ele>
    <time>2023-10-01T15:21:27Z</time>
   </trkpt>
   <trkpt lat="45.7615900" lon="4.7762770">
    <ele>221.9</ele>
    <time>2023-10-01T15:21:28Z</time>
   </trkpt>
   <trkpt lat="45.7615990" lon="4.7763160">
    <ele>222.0</ele>
    <time>2023-10-01T15:21:29Z</time>
   </trkpt>
   <trkpt lat="45.7616130" lon="4.7763580">
    <ele>222.0</ele>
    <time>2023-10-01T15:21:30Z</time>
   </trkpt>
   <trkpt lat="45.7616260" lon="4.7764130">
    <ele>222.1</ele>
    <time>2023-10-01T15:21:31Z</time>
   </trkpt>
   <trkpt lat="45.7616390" lon="4.7764650">
    <ele>222.2</ele>
    <time>2023-10-01T15:21:32Z</time>
   </trkpt>
   <trkpt lat="45.7616470" lon="4.7765100">
    <ele>222.2</ele>
    <time>2023-10-01T15:21:33Z</time>
   </trkpt>
   <trkpt lat="45.7616690" lon="4.7765630">
    <ele>222.3</ele>
    <time>2023-10-01T15:21:34Z</time>
   </trkpt>
   <trkpt lat="45.7616880" lon="4.7765850">
    <ele>222.3</ele>
    <time>2023-10-01T15:21:35Z</time>
   </trkpt>
   <trkpt lat="45.7616940" lon="4.7766290">
    <ele>222.3</ele>
    <time>2023-10-01T15:21:36Z</time>
   </trkpt>
   <trkpt lat="45.7617130" lon="4.7766670">
    <ele>222.4</ele>
    <time>2023-10-01T15:21:37Z</time>
   </trkpt>
   <trkpt lat="45.7617250" lon="4.7767070">
    <ele>222.4</ele>
    <time>2023-10-01T15:21:38Z</time>
   </trkpt>
   <trkpt lat="45.7617300" lon="4.7767570">
    <ele>222.4</ele>
    <time>2023-10-01T15:21:39Z</time>
   </trkpt>
   <trkpt lat="45.7617480" lon="4.7767920">
    <ele>222.4</ele>
    <time>2023-10-01T15:21:40Z</time>
   </trkpt>
   <trkpt lat="45.7617540" lon="4.7768320">
    <ele>222.5</ele>
    <time>2023-10-01T15:21:41Z</time>
   </trkpt>
   <trkpt lat="45.7617700" lon="4.7768720">
    <ele>222.5</ele>
    <time>2023-10-01T15:21:42Z</time>
   </trkpt>
   <trkpt lat="45.7617920" lon="4.7769070">
    <ele>222.5</ele>
    <time>2023-10-01T15:21:43Z</time>
   </trkpt>
   <trkpt lat="45.7618060" lon="4.7769450">
    <ele>222.6</ele>
    <time>2023-10-01T15:21:44Z</time>
   </trkpt>
   <trkpt lat="45.7618140" lon="4.7769820">
    <ele>222.6</ele>
    <time>2023-10-01T15:21:45Z</time>
   </trkpt>
   <trkpt lat="45.7618270" lon="4.7770280">
    <ele>222.6</ele>
    <time>2023-10-01T15:21:46Z</time>
   </trkpt>
   <trkpt lat="45.7618290" lon="4.7770470">
    <ele>222.6</ele>
    <time>2023-10-01T15:21:47Z</time>
   </trkpt>
   <trkpt lat="45.7618450" lon="4.7771000">
    <ele>222.7</ele>
    <time>2023-10-01T15:21:48Z</time>
   </trkpt>
   <trkpt lat="45.7618480" lon="4.7771210">
    <ele>222.7</ele>
    <time>2023-10-01T15:21:49Z</time>
   </trkpt>
   <trkpt lat="45.7618530" lon="4.7772110">
    <ele>222.8</ele>
    <time>2023-10-01T15:21:50Z</time>
   </trkpt>
   <trkpt lat="45.7618950" lon="4.7772090">
    <ele>222.7</ele>
    <time>2023-10-01T15:21:51Z</time>
   </trkpt>
   <trkpt lat="45.7618940" lon="4.7771910">
    <ele>222.7</ele>
    <time>2023-10-01T15:21:52Z</time>
   </trkpt>
   <trkpt lat="45.7619280" lon="4.7772040">
    <ele>222.6</ele>
    <time>2023-10-01T15:21:53Z</time>
   </trkpt>
   <trkpt lat="45.7619800" lon="4.7771840">
    <ele>222.5</ele>
    <time>2023-10-01T15:21:54Z</time>
   </trkpt>
   <trkpt lat="45.7620200" lon="4.7771700">
    <ele>222.4</ele>
    <time>2023-10-01T15:21:55Z</time>
   </trkpt>
   <trkpt lat="45.7620580" lon="4.7771540">
    <ele>222.4</ele>
    <time>2023-10-01T15:21:56Z</time>
   </trkpt>
   <trkpt lat="45.7620940" lon="4.7771720">
    <ele>222.3</ele>
    <time>2023-10-01T15:21:57Z</time>
   </trkpt>
   <trkpt lat="45.7621330" lon="4.7771810">
    <ele>222.3</ele>
    <time>2023-10-01T15:21:58Z</time>
   </trkpt>
   <trkpt lat="45.7621680" lon="4.7771920">
    <ele>222.2</ele>
    <time>2023-10-01T15:21:59Z</time>
   </trkpt>
   <trkpt lat="45.7621800" lon="4.7771990">
    <ele>222.2</ele>
    <time>2023-10-01T15:22:00Z</time>
   </trkpt>
   <trkpt lat="45.7622210" lon="4.7771550">
    <ele>222.2</ele>
    <time>2023-10-01T15:22:01Z</time>
   </trkpt>
   <trkpt lat="45.7622600" lon="4.7771380">
    <ele>222.1</ele>
    <time>2023-10-01T15:22:02Z</time>
   </trkpt>
   <trkpt lat="45.7622950" lon="4.7771530">
    <ele>222.1</ele>
    <time>2023-10-01T15:22:03Z</time>
   </trkpt>
   <trkpt lat="45.7623080" lon="4.7771530">
    <ele>222.1</ele>
    <time>2023-10-01T15:22:04Z</time>
   </trkpt>
   <trkpt lat="45.7623390" lon="4.7771580">
    <ele>222.1</ele>
    <time>2023-10-01T15:22:05Z</time>
   </trkpt>
   <trkpt lat="45.7623800" lon="4.7771550">
    <ele>222.0</ele>
    <time>2023-10-01T15:22:06Z</time>
   </trkpt>
   <trkpt lat="45.7624210" lon="4.7771530">
    <ele>222.0</ele>
    <time>2023-10-01T15:22:07Z</time>
   </trkpt>
   <trkpt lat="45.7624530" lon="4.7771600">
    <ele>222.0</ele>
    <time>2023-10-01T15:22:08Z</time>
   </trkpt>
   <trkpt lat="45.7624920" lon="4.7771710">
    <ele>221.9</ele>
    <time>2023-10-01T15:22:09Z</time>
   </trkpt>
   <trkpt lat="45.7625240" lon="4.7771600">
    <ele>221.9</ele>
    <time>2023-10-01T15:22:10Z</time>
   </trkpt>
   <trkpt lat="45.7625520" lon="4.7771500">
    <ele>221.9</ele>
    <time>2023-10-01T15:22:11Z</time>
   </trkpt>
   <trkpt lat="45.7625910" lon="4.7771100">
    <ele>221.9</ele>
    <time>2023-10-01T15:22:12Z</time>
   </trkpt>
   <trkpt lat="45.7626340" lon="4.7771100">
    <ele>221.9</ele>
    <time>2023-10-01T15:22:13Z</time>
   </trkpt>
   <trkpt lat="45.7626650" lon="4.7771050">
    <ele>221.8</ele>
    <time>2023-10-01T15:22:14Z</time>
   </trkpt>
   <trkpt lat="45.7626900" lon="4.7770730">
    <ele>221.8</ele>
    <time>2023-10-01T15:22:15Z</time>
   </trkpt>
   <trkpt lat="45.7627230" lon="4.7771060">
    <ele>221.8</ele>
    <time>2023-10-01T15:22:16Z</time>
   </trkpt>
   <trkpt lat="45.7627490" lon="4.7770920">
    <ele>221.8</ele>
    <time>2023-10-01T15:22:17Z</time>
   </trkpt>
   <trkpt lat="45.7627730" lon="4.7771210">
    <ele>221.8</ele>
    <time>2023-10-01T15:22:18Z</time>
   </trkpt>
   <trkpt lat="45.7628080" lon="4.7771340">
    <ele>221.8</ele>
    <time>2023-10-01T15:22:19Z</time>
   </trkpt>
   <trkpt lat="45.7628440" lon="4.7771210">
    <ele>221.7</ele>
    <time>2023-10-01T15:22:20Z</time>
   </trkpt>
   <trkpt lat="45.7628770" lon="4.7770950">
    <ele>221.7</ele>
    <time>2023-10-01T15:22:21Z</time>
   </trkpt>
   <trkpt lat="45.7629100" lon="4.7770640">
    <ele>221.7</ele>
    <time>2023-10-01T15:22:22Z</time>
   </trkpt>
   <trkpt lat="45.7629400" lon="4.7770470">
    <ele>221.7</ele>
    <time>2023-10-01T15:22:23Z</time>
   </trkpt>
   <trkpt lat="45.7629700" lon="4.7770110">
    <ele>221.7</ele>
    <time>2023-10-01T15:22:24Z</time>
   </trkpt>
   <trkpt lat="45.7629830" lon="4.7769990">
    <ele>221.7</ele>
    <time>2023-10-01T15:22:25Z</time>
   </trkpt>
   <trkpt lat="45.7630190" lon="4.7769910">
    <ele>221.7</ele>
    <time>2023-10-01T15:22:26Z</time>
   </trkpt>
   <trkpt lat="45.7630540" lon="4.7770080">
    <ele>221.7</ele>
    <time>2023-10-01T15:22:27Z</time>
   </trkpt>
   <trkpt lat="45.7630900" lon="4.7770360">
    <ele>221.6</ele>
    <time>2023-10-01T15:22:28Z</time>
   </trkpt>
   <trkpt lat="45.7631250" lon="4.7770700">
    <ele>221.6</ele>
    <time>2023-10-01T15:22:29Z</time>
   </trkpt>
   <trkpt lat="45.7631630" lon="4.7770630">
    <ele>221.6</ele>
    <time>2023-10-01T15:22:30Z</time>
   </trkpt>
   <trkpt lat="45.7632030" lon="4.7770760">
    <ele>221.6</ele>
    <time>2023-10-01T15:22:31Z</time>
   </trkpt>
   <trkpt lat="45.7632380" lon="4.7770940">
    <ele>221.6</ele>
    <time>2023-10-01T15:22:32Z</time>
   </trkpt>
   <trkpt lat="45.7632720" lon="4.7770990">
    <ele>221.6</ele>
    <time>2023-10-01T15:22:33Z</time>
   </trkpt>
   <trkpt lat="45.7633110" lon="4.7770720">
    <ele>221.6</ele>
    <time>2023-10-01T15:22:34Z</time>
   </trkpt>
   <trkpt lat="45.7633390" lon="4.7770360">
    <ele>221.6</ele>
    <time>2023-10-01T15:22:35Z</time>
   </trkpt>
   <trkpt lat="45.7633710" lon="4.7769950">
    <ele>221.6</ele>
    <time>2023-10-01T15:22:36Z</time>
   </trkpt>
   <trkpt lat="45.7634130" lon="4.7770010">
    <ele>221.6</ele>
    <time>2023-10-01T15:22:37Z</time>
   </trkpt>
   <trkpt lat="45.7634450" lon="4.7770240">
    <ele>221.6</ele>
    <time>2023-10-01T15:22:38Z</time>
   </trkpt>
   <trkpt lat="45.7634790" lon="4.7770270">
    <ele>221.6</ele>
    <time>2023-10-01T15:22:39Z</time>
   </trkpt>
   <trkpt lat="45.7635090" lon="4.7770500">
    <ele>221.6</ele>
    <time>2023-10-01T15:22:40Z</time>
   </trkpt>
   <trkpt lat="45.7635450" lon="4.7770160">
    <ele>221.7</ele>
    <time>2023-10-01T15:22:41Z</time>
   </trkpt>
   <trkpt lat="45.7635850" lon="4.7770280">
    <ele>221.7</ele>
    <time>2023-10-01T15:22:42Z</time>
   </trkpt>
   <trkpt lat="45.7635980" lon="4.7770350">
    <ele>221.7</ele>
    <time>2023-10-01T15:22:43Z</time>
   </trkpt>
   <trkpt lat="45.7636270" lon="4.7770290">
    <ele>221.7</ele>
    <time>2023-10-01T15:22:44Z</time>
   </trkpt>
   <trkpt lat="45.7636540" lon="4.7770520">
    <ele>221.8</ele>
    <time>2023-10-01T15:22:45Z</time>
   </trkpt>
   <trkpt lat="45.7636770" lon="4.7770840">
    <ele>221.8</ele>
    <time>2023-10-01T15:22:46Z</time>
   </trkpt>
   <trkpt lat="45.7637230" lon="4.7769570">
    <ele>221.8</ele>
    <time>2023-10-01T15:22:47Z</time>
   </trkpt>
   <trkpt lat="45.7637320" lon="4.7769000">
    <ele>221.8</ele>
    <time>2023-10-01T15:22:48Z</time>
   </trkpt>
   <trkpt lat="45.7637450" lon="4.7768610">
    <ele>221.8</ele>
    <time>2023-10-01T15:22:49Z</time>
   </trkpt>
   <trkpt lat="45.7637550" lon="4.7768060">
    <ele>221.8</ele>
    <time>2023-10-01T15:22:50Z</time>
   </trkpt>
   <trkpt lat="45.7637700" lon="4.7767640">
    <ele>221.8</ele>
    <time>2023-10-01T15:22:51Z</time>
   </trkpt>
   <trkpt lat="45.7637790" lon="4.7767140">
    <ele>221.8</ele>
    <time>2023-10-01T15:22:52Z</time>
   </trkpt>
   <trkpt lat="45.7637680" lon="4.7766580">
    <ele>221.7</ele>
    <time>2023-10-01T15:22:53Z</time>
   </trkpt>
   <trkpt lat="45.7637810" lon="4.7766160">
    <ele>221.7</ele>
    <time>2023-10-01T15:22:54Z</time>
   </trkpt>
   <trkpt lat="45.7637810" lon="4.7765720">
    <ele>221.7</ele>
    <time>2023-10-01T15:22:55Z</time>
   </trkpt>
   <trkpt lat="45.7637870" lon="4.7765110">
    <ele>221.6</ele>
    <time>2023-10-01T15:22:56Z</time>
   </trkpt>
   <trkpt lat="45.7637740" lon="4.7764610">
    <ele>221.6</ele>
    <time>2023-10-01T15:22:57Z</time>
   </trkpt>
   <trkpt lat="45.7637810" lon="4.7764130">
    <ele>221.5</ele>
    <time>2023-10-01T15:22:58Z</time>
   </trkpt>
   <trkpt lat="45.7637790" lon="4.7763640">
    <ele>221.5</ele>
    <time>2023-10-01T15:22:59Z</time>
   </trkpt>
   <trkpt lat="45.7637770" lon="4.7763250">
    <ele>221.5</ele>
    <time>2023-10-01T15:23:00Z</time>
   </trkpt>
   <trkpt lat="45.7637720" lon="4.7762750">
    <ele>221.5</ele>
    <time>2023-10-01T15:23:01Z</time>
   </trkpt>
   <trkpt lat="45.7637600" lon="4.7762270">
    <ele>221.4</ele>
    <time>2023-10-01T15:23:02Z</time>
   </trkpt>
   <trkpt lat="45.7637530" lon="4.7761730">
    <ele>221.4</ele>
    <time>2023-10-01T15:23:03Z</time>
   </trkpt>
   <trkpt lat="45.7637630" lon="4.7761270">
    <ele>221.4</ele>
    <time>2023-10-01T15:23:04Z</time>
   </trkpt>
   <trkpt lat="45.7637490" lon="4.7760900">
    <ele>221.4</ele>
    <time>2023-10-01T15:23:05Z</time>
   </trkpt>
   <trkpt lat="45.7637750" lon="4.7760320">
    <ele>221.4</ele>
    <time>2023-10-01T15:23:06Z</time>
   </trkpt>
   <trkpt lat="45.7637680" lon="4.7759910">
    <ele>221.3</ele>
    <time>2023-10-01T15:23:07Z</time>
   </trkpt>
   <trkpt lat="45.7637610" lon="4.7759490">
    <ele>221.3</ele>
    <time>2023-10-01T15:23:08Z</time>
   </trkpt>
   <trkpt lat="45.7637660" lon="4.7758930">
    <ele>221.3</ele>
    <time>2023-10-01T15:23:09Z</time>
   </trkpt>
   <trkpt lat="45.7637750" lon="4.7758400">
    <ele>221.3</ele>
    <time>2023-10-01T15:23:10Z</time>
   </trkpt>
   <trkpt lat="45.7637560" lon="4.7757890">
    <ele>221.3</ele>
    <time>2023-10-01T15:23:11Z</time>
   </trkpt>
   <trkpt lat="45.7637710" lon="4.7757190">
    <ele>221.3</ele>
    <time>2023-10-01T15:23:12Z</time>
   </trkpt>
   <trkpt lat="45.7637940" lon="4.7756840">
    <ele>221.3</ele>
    <time>2023-10-01T15:23:13Z</time>
   </trkpt>
   <trkpt lat="45.7637940" lon="4.7756190">
    <ele>221.2</ele>
    <time>2023-10-01T15:23:14Z</time>
   </trkpt>
   <trkpt lat="45.7637980" lon="4.7755900">
    <ele>221.2</ele>
    <time>2023-10-01T15:23:15Z</time>
   </trkpt>
   <trkpt lat="45.7637770" lon="4.7755530">
    <ele>221.2</ele>
    <time>2023-10-01T15:23:16Z</time>
   </trkpt>
   <trkpt lat="45.7637660" lon="4.7755170">
    <ele>221.2</ele>
    <time>2023-10-01T15:23:17Z</time>
   </trkpt>
   <trkpt lat="45.7637270" lon="4.7755040">
    <ele>221.2</ele>
    <time>2023-10-01T15:23:18Z</time>
   </trkpt>
   <trkpt lat="45.7636620" lon="4.7755400">
    <ele>221.2</ele>
    <time>2023-10-01T15:23:19Z</time>
   </trkpt>
   <trkpt lat="45.7635930" lon="4.7755460">
    <ele>221.1</ele>
    <time>2023-10-01T15:23:20Z</time>
   </trkpt>
   <trkpt lat="45.7635490" lon="4.7755660">
    <ele>221.1</ele>
    <time>2023-10-01T15:23:21Z</time>
   </trkpt>
   <trkpt lat="45.7635150" lon="4.7755720">
    <ele>221.1</ele>
    <time>2023-10-01T15:23:22Z</time>
   </trkpt>
   <trkpt lat="45.7634880" lon="4.7755440">
    <ele>221.0</ele>
    <time>2023-10-01T15:23:23Z</time>
   </trkpt>
   <trkpt lat="45.7634410" lon="4.7755210">
    <ele>221.0</ele>
    <time>2023-10-01T15:23:24Z</time>
   </trkpt>
   <trkpt lat="45.7634080" lon="4.7755050">
    <ele>221.0</ele>
    <time>2023-10-01T15:23:25Z</time>
   </trkpt>
   <trkpt lat="45.7633740" lon="4.7755250">
    <ele>221.0</ele>
    <time>2023-10-01T15:23:26Z</time>
   </trkpt>
   <trkpt lat="45.7633310" lon="4.7755430">
    <ele>221.0</ele>
    <time>2023-10-01T15:23:27Z</time>
   </trkpt>
   <trkpt lat="45.7632910" lon="4.7755570">
    <ele>220.9</ele>
    <time>2023-10-01T15:23:28Z</time>
   </trkpt>
   <trkpt lat="45.7632770" lon="4.7755670">
    <ele>220.9</ele>
    <time>2023-10-01T15:23:29Z</time>
   </trkpt>
   <trkpt lat="45.7632490" lon="4.7755730">
    <ele>220.9</ele>
    <time>2023-10-01T15:23:30Z</time>
   </trkpt>
   <trkpt lat="45.7632360" lon="4.7755790">
    <ele>220.9</ele>
    <time>2023-10-01T15:23:31Z</time>
   </trkpt>
   <trkpt lat="45.7632060" lon="4.7756050">
    <ele>220.9</ele>
    <time>2023-10-01T15:23:32Z</time>
   </trkpt>
   <trkpt lat="45.7631690" lon="4.7756090">
    <ele>220.9</ele>
    <time>2023-10-01T15:23:33Z</time>
   </trkpt>
   <trkpt lat="45.7631310" lon="4.7756060">
    <ele>220.9</ele>
    <time>2023-10-01T15:23:34Z</time>
   </trkpt>
   <trkpt lat="45.7630870" lon="4.7756090">
    <ele>220.9</ele>
    <time>2023-10-01T15:23:35Z</time>
   </trkpt>
   <trkpt lat="45.7630640" lon="4.7755920">
    <ele>220.9</ele>
    <time>2023-10-01T15:23:36Z</time>
   </trkpt>
   <trkpt lat="45.7630360" lon="4.7756130">
    <ele>220.9</ele>
    <time>2023-10-01T15:23:37Z</time>
   </trkpt>
   <trkpt lat="45.7629950" lon="4.7756020">
    <ele>220.9</ele>
    <time>2023-10-01T15:23:38Z</time>
   </trkpt>
   <trkpt lat="45.7629760" lon="4.7756040">
    <ele>220.9</ele>
    <time>2023-10-01T15:23:39Z</time>
   </trkpt>
   <trkpt lat="45.7629480" lon="4.7756250">
    <ele>220.9</ele>
    <time>2023-10-01T15:23:40Z</time>
   </trkpt>
   <trkpt lat="45.7629080" lon="4.7756200">
    <ele>220.9</ele>
    <time>2023-10-01T15:23:41Z</time>
   </trkpt>
   <trkpt lat="45.7628880" lon="4.7756300">
    <ele>220.9</ele>
    <time>2023-10-01T15:23:42Z</time>
   </trkpt>
   <trkpt lat="45.7628560" lon="4.7756480">
    <ele>220.9</ele>
    <time>2023-10-01T15:23:43Z</time>
   </trkpt>
   <trkpt lat="45.7628370" lon="4.7757310">
    <ele>220.9</ele>
    <time>2023-10-01T15:23:44Z</time>
   </trkpt>
   <trkpt lat="45.7627800" lon="4.7757480">
    <ele>220.9</ele>
    <time>2023-10-01T15:23:45Z</time>
   </trkpt>
   <trkpt lat="45.7627500" lon="4.7757550">
    <ele>220.9</ele>
    <time>2023-10-01T15:23:46Z</time>
   </trkpt>
   <trkpt lat="45.7626920" lon="4.7757180">
    <ele>220.9</ele>
    <time>2023-10-01T15:23:47Z</time>
   </trkpt>
   <trkpt lat="45.7626510" lon="4.7757270">
    <ele>220.9</ele>
    <time>2023-10-01T15:23:48Z</time>
   </trkpt>
   <trkpt lat="45.7626090" lon="4.7757310">
    <ele>220.9</ele>
    <time>2023-10-01T15:23:49Z</time>
   </trkpt>
   <trkpt lat="45.7625830" lon="4.7757090">
    <ele>220.9</ele>
    <time>2023-10-01T15:23:50Z</time>
   </trkpt>
   <trkpt lat="45.7625450" lon="4.7757180">
    <ele>220.9</ele>
    <time>2023-10-01T15:23:51Z</time>
   </trkpt>
   <trkpt lat="45.7625150" lon="4.7757070">
    <ele>220.9</ele>
    <time>2023-10-01T15:23:52Z</time>
   </trkpt>
   <trkpt lat="45.7624840" lon="4.7757120">
    <ele>220.9</ele>
    <time>2023-10-01T15:23:53Z</time>
   </trkpt>
   <trkpt lat="45.7624440" lon="4.7757130">
    <ele>220.9</ele>
    <time>2023-10-01T15:23:54Z</time>
   </trkpt>
   <trkpt lat="45.7624080" lon="4.7757080">
    <ele>220.9</ele>
    <time>2023-10-01T15:23:55Z</time>
   </trkpt>
   <trkpt lat="45.7623930" lon="4.7757060">
    <ele>220.9</ele>
    <time>2023-10-01T15:23:56Z</time>
   </trkpt>
   <trkpt lat="45.7623510" lon="4.7757140">
    <ele>220.9</ele>
    <time>2023-10-01T15:23:57Z</time>
   </trkpt>
   <trkpt lat="45.7623150" lon="4.7757290">
    <ele>220.9</ele>
    <time>2023-10-01T15:23:58Z</time>
   </trkpt>
   <trkpt lat="45.7622830" lon="4.7757350">
    <ele>220.9</ele>
    <time>2023-10-01T15:23:59Z</time>
   </trkpt>
   <trkpt lat="45.7622500" lon="4.7757370">
    <ele>220.9</ele>
    <time>2023-10-01T15:24:00Z</time>
   </trkpt>
   <trkpt lat="45.7620860" lon="4.7757400">
    <ele>221.0</ele>
    <time>2023-10-01T15:24:05Z</time>
   </trkpt>
   <trkpt lat="45.7620570" lon="4.7757370">
    <ele>221.0</ele>
    <time>2023-10-01T15:24:06Z</time>
   </trkpt>
   <trkpt lat="45.7620180" lon="4.7757500">
    <ele>221.0</ele>
    <time>2023-10-01T15:24:07Z</time>
   </trkpt>
   <trkpt lat="45.7619780" lon="4.7757490">
    <ele>221.0</ele>
    <time>2023-10-01T15:24:08Z</time>
   </trkpt>
   <trkpt lat="45.7619480" lon="4.7757540">
    <ele>221.0</ele>
    <time>2023-10-01T15:24:09Z</time>
   </trkpt>
   <trkpt lat="45.7619030" lon="4.7757510">
    <ele>221.1</ele>
    <time>2023-10-01T15:24:10Z</time>
   </trkpt>
   <trkpt lat="45.7618850" lon="4.7757520">
    <ele>221.1</ele>
    <time>2023-10-01T15:24:11Z</time>
   </trkpt>
   <trkpt lat="45.7618600" lon="4.7757370">
    <ele>221.1</ele>
    <time>2023-10-01T15:24:12Z</time>
   </trkpt>
   <trkpt lat="45.7618320" lon="4.7757280">
    <ele>221.1</ele>
    <time>2023-10-01T15:24:13Z</time>
   </trkpt>
   <trkpt lat="45.7618020" lon="4.7757180">
    <ele>221.2</ele>
    <time>2023-10-01T15:24:14Z</time>
   </trkpt>
   <trkpt lat="45.7617500" lon="4.7757530">
    <ele>221.2</ele>
    <time>2023-10-01T15:24:15Z</time>
   </trkpt>
   <trkpt lat="45.7617200" lon="4.7757450">
    <ele>221.2</ele>
    <time>2023-10-01T15:24:16Z</time>
   </trkpt>
   <trkpt lat="45.7616930" lon="4.7757260">
    <ele>221.2</ele>
    <time>2023-10-01T15:24:17Z</time>
   </trkpt>
   <trkpt lat="45.7616520" lon="4.7757120">
    <ele>221.2</ele>
    <time>2023-10-01T15:24:18Z</time>
   </trkpt>
   <trkpt lat="45.7616210" lon="4.7756810">
    <ele>221.2</ele>
    <time>2023-10-01T15:24:19Z</time>
   </trkpt>
   <trkpt lat="45.7615880" lon="4.7756740">
    <ele>221.2</ele>
    <time>2023-10-01T15:24:20Z</time>
   </trkpt>
   <trkpt lat="45.7615590" lon="4.7756740">
    <ele>221.2</ele>
    <time>2023-10-01T15:24:21Z</time>
   </trkpt>
   <trkpt lat="45.7615190" lon="4.7756630">
    <ele>221.2</ele>
    <time>2023-10-01T15:24:22Z</time>
   </trkpt>
   <trkpt lat="45.7614860" lon="4.7756740">
    <ele>221.2</ele>
    <time>2023-10-01T15:24:23Z</time>
   </trkpt>
   <trkpt lat="45.7614500" lon="4.7756770">
    <ele>221.3</ele>
    <time>2023-10-01T15:24:24Z</time>
   </trkpt>
   <trkpt lat="45.7614110" lon="4.7756580">
    <ele>221.3</ele>
    <time>2023-10-01T15:24:25Z</time>
   </trkpt>
   <trkpt lat="45.7613680" lon="4.7756640">
    <ele>221.4</ele>
    <time>2023-10-01T15:24:26Z</time>
   </trkpt>
   <trkpt lat="45.7613260" lon="4.7756820">
    <ele>221.4</ele>
    <time>2023-10-01T15:24:27Z</time>
   </trkpt>
   <trkpt lat="45.7613650" lon="4.7757730">
    <ele>221.5</ele>
    <time>2023-10-01T15:24:28Z</time>
   </trkpt>
   <trkpt lat="45.7614170" lon="4.7758380">
    <ele>221.6</ele>
    <time>2023-10-01T15:24:29Z</time>
   </trkpt>
   <trkpt lat="45.7614640" lon="4.7758810">
    <ele>221.6</ele>
    <time>2023-10-01T15:24:30Z</time>
   </trkpt>
   <trkpt lat="45.7614710" lon="4.7759290">
    <ele>221.6</ele>
    <time>2023-10-01T15:24:31Z</time>
   </trkpt>
   <trkpt lat="45.7614820" lon="4.7759710">
    <ele>221.6</ele>
    <time>2023-10-01T15:24:32Z</time>
   </trkpt>
   <trkpt lat="45.7614850" lon="4.7760140">
    <ele>221.6</ele>
    <time>2023-10-01T15:24:33Z</time>
   </trkpt>
   <trkpt lat="45.7614810" lon="4.7760520">
    <ele>221.7</ele>
    <time>2023-10-01T15:24:34Z</time>
   </trkpt>
   <trkpt lat="45.7615000" lon="4.7760930">
    <ele>221.7</ele>
    <time>2023-10-01T15:24:35Z</time>
   </trkpt>
   <trkpt lat="45.7615200" lon="4.7761420">
    <ele>221.8</ele>
    <time>2023-10-01T15:24:36Z</time>
   </trkpt>
   <trkpt lat="45.7615410" lon="4.7761880">
    <ele>221.8</ele>
    <time>2023-10-01T15:24:37Z</time>
   </trkpt>
   <trkpt lat="45.7615600" lon="4.7762400">
    <ele>221.9</ele>
    <time>2023-10-01T15:24:38Z</time>
   </trkpt>
   <trkpt lat="45.7615770" lon="4.7762950">
    <ele>221.9</ele>
    <time>2023-10-01T15:24:39Z</time>
   </trkpt>
   <trkpt lat="45.7616040" lon="4.7763050">
    <ele>222.0</ele>
    <time>2023-10-01T15:24:40Z</time>
   </trkpt>
   <trkpt lat="45.7616280" lon="4.7763390">
    <ele>222.0</ele>
    <time>2023-10-01T15:24:41Z</time>
   </trkpt>
   <trkpt lat="45.7616400" lon="4.7763770">
    <ele>222.1</ele>
    <time>2023-10-01T15:24:42Z</time>
   </trkpt>
   <trkpt lat="45.7616520" lon="4.7764120">
    <ele>222.1</ele>
    <time>2023-10-01T15:24:43Z</time>
   </trkpt>
   <trkpt lat="45.7616650" lon="4.7764490">
    <ele>222.2</ele>
    <time>2023-10-01T15:24:44Z</time>
   </trkpt>
   <trkpt lat="45.7616930" lon="4.7764970">
    <ele>222.2</ele>
    <time>2023-10-01T15:24:45Z</time>
   </trkpt>
   <trkpt lat="45.7617140" lon="4.7765520">
    <ele>222.3</ele>
    <time>2023-10-01T15:24:46Z</time>
   </trkpt>
   <trkpt lat="45.7617320" lon="4.7766090">
    <ele>222.3</ele>
    <time>2023-10-01T15:24:47Z</time>
   </trkpt>
   <trkpt lat="45.7617310" lon="4.7766570">
    <ele>222.4</ele>
    <time>2023-10-01T15:24:48Z</time>
   </trkpt>
   <trkpt lat="45.7617480" lon="4.7767150">
    <ele>222.4</ele>
    <time>2023-10-01T15:24:49Z</time>
   </trkpt>
   <trkpt lat="45.7617620" lon="4.7767420">
    <ele>222.4</ele>
    <time>2023-10-01T15:24:50Z</time>
   </trkpt>
   <trkpt lat="45.7617730" lon="4.7767810">
    <ele>222.5</ele>
    <time>2023-10-01T15:24:51Z</time>
   </trkpt>
   <trkpt lat="45.7617910" lon="4.7768250">
    <ele>222.5</ele>
    <time>2023-10-01T15:24:52Z</time>
   </trkpt>
   <trkpt lat="45.7618260" lon="4.7768590">
    <ele>222.5</ele>
    <time>2023-10-01T15:24:53Z</time>
   </trkpt>
   <trkpt lat="45.7618520" lon="4.7768810">
    <ele>222.6</ele>
    <time>2023-10-01T15:24:54Z</time>
   </trkpt>
   <trkpt lat="45.7618790" lon="4.7769150">
    <ele>222.6</ele>
    <time>2023-10-01T15:24:55Z</time>
   </trkpt>
   <trkpt lat="45.7618910" lon="4.7769550">
    <ele>222.7</ele>
    <time>2023-10-01T15:24:56Z</time>
   </trkpt>
   <trkpt lat="45.7619150" lon="4.7770010">
    <ele>222.7</ele>
    <time>2023-10-01T15:24:57Z</time>
   </trkpt>
   <trkpt lat="45.7619210" lon="4.7770250">
    <ele>222.7</ele>
    <time>2023-10-01T15:24:58Z</time>
   </trkpt>
   <trkpt lat="45.7619170" lon="4.7770770">
    <ele>222.7</ele>
    <time>2023-10-01T15:24:59Z</time>
   </trkpt>
   <trkpt lat="45.7619230" lon="4.7771230">
    <ele>222.8</ele>
    <time>2023-10-01T15:25:00Z</time>
   </trkpt>
   <trkpt lat="45.7619260" lon="4.7771710">
    <ele>222.6</ele>
    <time>2023-10-01T15:25:01Z</time>
   </trkpt>
   <trkpt lat="45.7619190" lon="4.7772280">
    <ele>222.6</ele>
    <time>2023-10-01T15:25:02Z</time>
   </trkpt>
   <trkpt lat="45.7619550" lon="4.7772360">
    <ele>222.5</ele>
    <time>2023-10-01T15:25:03Z</time>
   </trkpt>
   <trkpt lat="45.7619870" lon="4.7772410">
    <ele>222.4</ele>
    <time>2023-10-01T15:25:04Z</time>
   </trkpt>
   <trkpt lat="45.7620050" lon="4.7772100">
    <ele>222.4</ele>
    <time>2023-10-01T15:25:05Z</time>
   </trkpt>
   <trkpt lat="45.7620350" lon="4.7772030">
    <ele>222.4</ele>
    <time>2023-10-01T15:25:06Z</time>
   </trkpt>
   <trkpt lat="45.7620680" lon="4.7772020">
    <ele>222.3</ele>
    <time>2023-10-01T15:25:07Z</time>
   </trkpt>
   <trkpt lat="45.7620990" lon="4.7771900">
    <ele>222.3</ele>
    <time>2023-10-01T15:25:08Z</time>
   </trkpt>
   <trkpt lat="45.7621230" lon="4.7772000">
    <ele>222.2</ele>
    <time>2023-10-01T15:25:09Z</time>
   </trkpt>
   <trkpt lat="45.7621370" lon="4.7772030">
    <ele>222.2</ele>
    <time>2023-10-01T15:25:10Z</time>
   </trkpt>
   <trkpt lat="45.7621750" lon="4.7771910">
    <ele>222.2</ele>
    <time>2023-10-01T15:25:11Z</time>
   </trkpt>
   <trkpt lat="45.7622120" lon="4.7771910">
    <ele>222.2</ele>
    <time>2023-10-01T15:25:12Z</time>
   </trkpt>
   <trkpt lat="45.7622510" lon="4.7771910">
    <ele>222.1</ele>
    <time>2023-10-01T15:25:13Z</time>
   </trkpt>
   <trkpt lat="45.7622820" lon="4.7771870">
    <ele>222.1</ele>
    <time>2023-10-01T15:25:14Z</time>
   </trkpt>
   <trkpt lat="45.7623200" lon="4.7772150">
    <ele>222.0</ele>
    <time>2023-10-01T15:25:15Z</time>
   </trkpt>
   <trkpt lat="45.7623400" lon="4.7772280">
    <ele>222.0</ele>
    <time>2023-10-01T15:25:16Z</time>
   </trkpt>
   <trkpt lat="45.7623840" lon="4.7772300">
    <ele>222.0</ele>
    <time>2023-10-01T15:25:17Z</time>
   </trkpt>
   <trkpt lat="45.7624180" lon="4.7772650">
    <ele>222.0</ele>
    <time>2023-10-01T15:25:18Z</time>
   </trkpt>
   <trkpt lat="45.7624560" lon="4.7772350">
    <ele>221.9</ele>
    <time>2023-10-01T15:25:19Z</time>
   </trkpt>
   <trkpt lat="45.7624880" lon="4.7772200">
    <ele>221.9</ele>
    <time>2023-10-01T15:25:20Z</time>
   </trkpt>
   <trkpt lat="45.7625710" lon="4.7772190">
    <ele>221.9</ele>
    <time>2023-10-01T15:25:21Z</time>
   </trkpt>
   <trkpt lat="45.7626050" lon="4.7771930">
    <ele>221.9</ele>
    <time>2023-10-01T15:25:22Z</time>
   </trkpt>
   <trkpt lat="45.7626170" lon="4.7771790">
    <ele>221.8</ele>
    <time>2023-10-01T15:25:23Z</time>
   </trkpt>
   <trkpt lat="45.7626460" lon="4.7771550">
    <ele>221.8</ele>
    <time>2023-10-01T15:25:24Z</time>
   </trkpt>
   <trkpt lat="45.7626780" lon="4.7771750">
    <ele>221.8</ele>
    <time>2023-10-01T15:25:25Z</time>
   </trkpt>
   <trkpt lat="45.7627080" lon="4.7771480">
    <ele>221.8</ele>
    <time>2023-10-01T15:25:26Z</time>
   </trkpt>
   <trkpt lat="45.7627530" lon="4.7771550">
    <ele>221.8</ele>
    <time>2023-10-01T15:25:27Z</time>
   </trkpt>
   <trkpt lat="45.7627840" lon="4.7771470">
    <ele>221.8</ele>
    <time>2023-10-01T15:25:28Z</time>
   </trkpt>
   <trkpt lat="45.7628260" lon="4.7771400">
    <ele>221.7</ele>
    <time>2023-10-01T15:25:29Z</time>
   </trkpt>
   <trkpt lat="45.7628560" lon="4.7771240">
    <ele>221.7</ele>
    <time>2023-10-01T15:25:30Z</time>
   </trkpt>
   <trkpt lat="45.7628970" lon="4.7770690">
    <ele>221.7</ele>
    <time>2023-10-01T15:25:31Z</time>
   </trkpt>
   <trkpt lat="45.7629270" lon="4.7770600">
    <ele>221.7</ele>
    <time>2023-10-01T15:25:32Z</time>
   </trkpt>
   <trkpt lat="45.7629590" lon="4.7770730">
    <ele>221.7</ele>
    <time>2023-10-01T15:25:33Z</time>
   </trkpt>
   <trkpt lat="45.7630030" lon="4.7770140">
    <ele>221.7</ele>
    <time>2023-10-01T15:25:34Z</time>
   </trkpt>
   <trkpt lat="45.7630330" lon="4.7770140">
    <ele>221.6</ele>
    <time>2023-10-01T15:25:35Z</time>
   </trkpt>
   <trkpt lat="45.7630670" lon="4.7770020">
    <ele>221.6</ele>
    <time>2023-10-01T15:25:36Z</time>
   </trkpt>
   <trkpt lat="45.7630820" lon="4.7769970">
    <ele>221.6</ele>
    <time>2023-10-01T15:25:37Z</time>
   </trkpt>
   <trkpt lat="45.7631130" lon="4.7770060">
    <ele>221.6</ele>
    <time>2023-10-01T15:25:38Z</time>
   </trkpt>
   <trkpt lat="45.7631440" lon="4.7770130">
    <ele>221.6</ele>
    <time>2023-10-01T15:25:39Z</time>
   </trkpt>
   <trkpt lat="45.7631770" lon="4.7770170">
    <ele>221.6</ele>
    <time>2023-10-01T15:25:40Z</time>
   </trkpt>
   <trkpt lat="45.7632260" lon="4.7770150">
    <ele>221.6</ele>
    <time>2023-10-01T15:25:41Z</time>
   </trkpt>
   <trkpt lat="45.7632660" lon="4.7770250">
    <ele>221.6</ele>
    <time>2023-10-01T15:25:42Z</time>
   </trkpt>
   <trkpt lat="45.7633040" lon="4.7770230">
    <ele>221.6</ele>
    <time>2023-10-01T15:25:43Z</time>
   </trkpt>
   <trkpt lat="45.7633440" lon="4.7770440">
    <ele>221.6</ele>
    <time>2023-10-01T15:25:44Z</time>
   </trkpt>
   <trkpt lat="45.7633720" lon="4.7770210">
    <ele>221.6</ele>
    <time>2023-10-01T15:25:45Z</time>
   </trkpt>
   <trkpt lat="45.7633910" lon="4.7770200">
    <ele>221.6</ele>
    <time>2023-10-01T15:25:46Z</time>
   </trkpt>
   <trkpt lat="45.7634220" lon="4.7769980">
    <ele>221.6</ele>
    <time>2023-10-01T15:25:47Z</time>
   </trkpt>
   <trkpt lat="45.7634500" lon="4.7769680">
    <ele>221.6</ele>
    <time>2023-10-01T15:25:48Z</time>
   </trkpt>
   <trkpt lat="45.7634870" lon="4.7769680">
    <ele>221.6</ele>
    <time>2023-10-01T15:25:49Z</time>
   </trkpt>
   <trkpt lat="45.7635180" lon="4.7769970">
    <ele>221.6</ele>
    <time>2023-10-01T15:25:50Z</time>
   </trkpt>
   <trkpt lat="45.7635420" lon="4.7770330">
    <ele>221.7</ele>
    <time>2023-10-01T15:25:51Z</time>
   </trkpt>
   <trkpt lat="45.7635760" lon="4.7770510">
    <ele>221.7</ele>
    <time>2023-10-01T15:25:52Z</time>
   </trkpt>
   <trkpt lat="45.7636090" lon="4.7770360">
    <ele>221.7</ele>
    <time>2023-10-01T15:25:53Z</time>
   </trkpt>
   <trkpt lat="45.7636660" lon="4.7770040">
    <ele>221.8</ele>
    <time>2023-10-01T15:25:54Z</time>
   </trkpt>
   <trkpt lat="45.7636970" lon="4.7769970">
    <ele>221.8</ele>
    <time>2023-10-01T15:25:55Z</time>
   </trkpt>
   <trkpt lat="45.7637600" lon="4.7769040">
    <ele>221.8</ele>
    <time>2023-10-01T15:25:56Z</time>
   </trkpt>
   <trkpt lat="45.7637750" lon="4.7768540">
    <ele>221.8</ele>
    <time>2023-10-01T15:25:57Z</time>
   </trkpt>
   <trkpt lat="45.7637800" lon="4.7767960">
    <ele>221.8</ele>
    <time>2023-10-01T15:25:58Z</time>
   </trkpt>
   <trkpt lat="45.7637910" lon="4.7767450">
    <ele>221.8</ele>
    <time>2023-10-01T15:25:59Z</time>
   </trkpt>
   <trkpt lat="45.7637850" lon="4.7766990">
    <ele>221.8</ele>
    <time>2023-10-01T15:26:00Z</time>
   </trkpt>
   <trkpt lat="45.7637900" lon="4.7766390">
    <ele>221.7</ele>
    <time>2023-10-01T15:26:01Z</time>
   </trkpt>
   <trkpt lat="45.7638100" lon="4.7765850">
    <ele>221.7</ele>
    <time>2023-10-01T15:26:02Z</time>
   </trkpt>
   <trkpt lat="45.7638130" lon="4.7765410">
    <ele>221.6</ele>
    <time>2023-10-01T15:26:03Z</time>
   </trkpt>
   <trkpt lat="45.7638000" lon="4.7764900">
    <ele>221.6</ele>
    <time>2023-10-01T15:26:04Z</time>
   </trkpt>
   <trkpt lat="45.7637970" lon="4.7764750">
    <ele>221.6</ele>
    <time>2023-10-01T15:26:05Z</time>
   </trkpt>
   <trkpt lat="45.7638080" lon="4.7764220">
    <ele>221.6</ele>
    <time>2023-10-01T15:26:06Z</time>
   </trkpt>
   <trkpt lat="45.7637950" lon="4.7763720">
    <ele>221.5</ele>
    <time>2023-10-01T15:26:07Z</time>
   </trkpt>
   <trkpt lat="45.7637860" lon="4.7763500">
    <ele>221.5</ele>
    <time>2023-10-01T15:26:08Z</time>
   </trkpt>
   <trkpt lat="45.7637850" lon="4.7763010">
    <ele>221.5</ele>
    <time>2023-10-01T15:26:09Z</time>
   </trkpt>
   <trkpt lat="45.7637470" lon="4.7762540">
    <ele>221.5</ele>
    <time>2023-10-01T15:26:10Z</time>
   </trkpt>
   <trkpt lat="45.7637500" lon="4.7762040">
    <ele>221.4</ele>
    <time>2023-10-01T15:26:11Z</time>
   </trkpt>
   <trkpt lat="45.7637200" lon="4.7761260">
    <ele>221.4</ele>
    <time>2023-10-01T15:26:12Z</time>
   </trkpt>
   <trkpt lat="45.7636950" lon="4.7760810">
    <ele>221.4</ele>
    <time>2023-10-01T15:26:13Z</time>
   </trkpt>
   <trkpt lat="45.7636830" lon="4.7760220">
    <ele>221.4</ele>
    <time>2023-10-01T15:26:14Z</time>
   </trkpt>
   <trkpt lat="45.7636750" lon="4.7759770">
    <ele>221.3</ele>
    <time>2023-10-01T15:26:15Z</time>
   </trkpt>
   <trkpt lat="45.7636520" lon="4.7759470">
    <ele>221.3</ele>
    <time>2023-10-01T15:26:16Z</time>
   </trkpt>
   <trkpt lat="45.7636770" lon="4.7758750">
    <ele>221.3</ele>
    <time>2023-10-01T15:26:17Z</time>
   </trkpt>
   <trkpt lat="45.7636860" lon="4.7758180">
    <ele>221.3</ele>
    <time>2023-10-01T15:26:18Z</time>
   </trkpt>
   <trkpt lat="45.7636920" lon="4.7757660">
    <ele>221.3</ele>
    <time>2023-10-01T15:26:19Z</time>
   </trkpt>
   <trkpt lat="45.7636920" lon="4.7757120">
    <ele>221.3</ele>
    <time>2023-10-01T15:26:20Z</time>
   </trkpt>
   <trkpt lat="45.7636740" lon="4.7756490">
    <ele>221.2</ele>
    <time>2023-10-01T15:26:21Z</time>
   </trkpt>
   <trkpt lat="45.7636690" lon="4.7756140">
    <ele>221.2</ele>
    <time>2023-10-01T15:26:22Z</time>
   </trkpt>
   <trkpt lat="45.7636910" lon="4.7755640">
    <ele>221.2</ele>
    <time>2023-10-01T15:26:23Z</time>
   </trkpt>
   <trkpt lat="45.7636880" lon="4.7755220">
    <ele>221.2</ele>
    <time>2023-10-01T15:26:24Z</time>
   </trkpt>
   <trkpt lat="45.7636400" lon="4.7754780">
    <ele>221.2</ele>
    <time>2023-10-01T15:26:25Z</time>
   </trkpt>
   <trkpt lat="45.7636110" lon="4.7754650">
    <ele>221.1</ele>
    <time>2023-10-01T15:26:26Z</time>
   </trkpt>
   <trkpt lat="45.7635600" lon="4.7755140">
    <ele>221.1</ele>
    <time>2023-10-01T15:26:27Z</time>
   </trkpt>
   <trkpt lat="45.7635280" lon="4.7755420">
    <ele>221.1</ele>
    <time>2023-10-01T15:26:28Z</time>
   </trkpt>
   <trkpt lat="45.7634840" lon="4.7755370">
    <ele>221.0</ele>
    <time>2023-10-01T15:26:29Z</time>
   </trkpt>
   <trkpt lat="45.7634550" lon="4.7755270">
    <ele>221.0</ele>
    <time>2023-10-01T15:26:30Z</time>
   </trkpt>
   <trkpt lat="45.7634150" lon="4.7755250">
    <ele>221.0</ele>
    <time>2023-10-01T15:26:31Z</time>
   </trkpt>
   <trkpt lat="45.7633980" lon="4.7755630">
    <ele>221.0</ele>
    <time>2023-10-01T15:26:32Z</time>
   </trkpt>
   <trkpt lat="45.7633570" lon="4.7755530">
    <ele>221.0</ele>
    <time>2023-10-01T15:26:33Z</time>
   </trkpt>
   <trkpt lat="45.7633240" lon="4.7755550">
    <ele>221.0</ele>
    <time>2023-10-01T15:26:34Z</time>
   </trkpt>
   <trkpt lat="45.7632950" lon="4.7755590">
    <ele>220.9</ele>
    <time>2023-10-01T15:26:35Z</time>
   </trkpt>
   <trkpt lat="45.7632650" lon="4.7755620">
    <ele>220.9</ele>
    <time>2023-10-01T15:26:36Z</time>
   </trkpt>
   <trkpt lat="45.7632370" lon="4.7755810">
    <ele>220.9</ele>
    <time>2023-10-01T15:26:37Z</time>
   </trkpt>
   <trkpt lat="45.7632270" lon="4.7755720">
    <ele>220.9</ele>
    <time>2023-10-01T15:26:38Z</time>
   </trkpt>
   <trkpt lat="45.7632090" lon="4.7755920">
    <ele>220.9</ele>
    <time>2023-10-01T15:26:39Z</time>
   </trkpt>
   <trkpt lat="45.7631880" lon="4.7756290">
    <ele>220.9</ele>
    <time>2023-10-01T15:26:40Z</time>
   </trkpt>
   <trkpt lat="45.7631430" lon="4.7756200">
    <ele>220.9</ele>
    <time>2023-10-01T15:26:41Z</time>
   </trkpt>
   <trkpt lat="45.7631030" lon="4.7756260">
    <ele>220.9</ele>
    <time>2023-10-01T15:26:42Z</time>
   </trkpt>
   <trkpt lat="45.7630550" lon="4.7756260">
    <ele>220.9</ele>
    <time>2023-10-01T15:26:43Z</time>
   </trkpt>
   <trkpt lat="45.7630100" lon="4.7756180">
    <ele>220.9</ele>
    <time>2023-10-01T15:26:44Z</time>
   </trkpt>
   <trkpt lat="45.7629780" lon="4.7756300">
    <ele>220.9</ele>
    <time>2023-10-01T15:26:45Z</time>
   </trkpt>
   <trkpt lat="45.7629340" lon="4.7756250">
    <ele>220.9</ele>
    <time>2023-10-01T15:26:46Z</time>
   </trkpt>
   <trkpt lat="45.7629150" lon="4.7756240">
    <ele>220.9</ele>
    <time>2023-10-01T15:26:47Z</time>
   </trkpt>
   <trkpt lat="45.7628790" lon="4.7756360">
    <ele>220.9</ele>
    <time>2023-10-01T15:26:48Z</time>
   </trkpt>
   <trkpt lat="45.7628480" lon="4.7756600">
    <ele>220.9</ele>
    <time>2023-10-01T15:26:49Z</time>
   </trkpt>
   <trkpt lat="45.7628140" lon="4.7756560">
    <ele>220.9</ele>
    <time>2023-10-01T15:26:50Z</time>
   </trkpt>
   <trkpt lat="45.7627750" lon="4.7756780">
    <ele>220.9</ele>
    <time>2023-10-01T15:26:51Z</time>
   </trkpt>
   <trkpt lat="45.7627460" lon="4.7756820">
    <ele>220.9</ele>
    <time>2023-10-01T15:26:52Z</time>
   </trkpt>
   <trkpt lat="45.7627100" lon="4.7756820">
    <ele>220.9</ele>
    <time>2023-10-01T15:26:53Z</time>
   </trkpt>
   <trkpt lat="45.7626770" lon="4.7756820">
    <ele>220.9</ele>
    <time>2023-10-01T15:26:54Z</time>
   </trkpt>
   <trkpt lat="45.7626420" lon="4.7756810">
    <ele>220.9</ele>
    <time>2023-10-01T15:26:55Z</time>
   </trkpt>
   <trkpt lat="45.7626150" lon="4.7757180">
    <ele>220.9</ele>
    <time>2023-10-01T15:26:56Z</time>
   </trkpt>
   <trkpt lat="45.7625790" lon="4.7757130">
    <ele>220.9</ele>
    <time>2023-10-01T15:26:57Z</time>
   </trkpt>
   <trkpt lat="45.7625470" lon="4.7757180">
    <ele>220.9</ele>
    <time>2023-10-01T15:26:58Z</time>
   </trkpt>
   <trkpt lat="45.7625200" lon="4.7757100">
    <ele>220.9</ele>
    <time>2023-10-01T15:26:59Z</time>
   </trkpt>
   <trkpt lat="45.7624870" lon="4.7757220">
    <ele>220.9</ele>
    <time>2023-10-01T15:27:00Z</time>
   </trkpt>
   <trkpt lat="45.7624500" lon="4.7757120">
    <ele>220.9</ele>
    <time>2023-10-01T15:27:01Z</time>
   </trkpt>
   <trkpt lat="45.7624160" lon="4.7757330">
    <ele>220.9</ele>
    <time>2023-10-01T15:27:02Z</time>
   </trkpt>
   <trkpt lat="45.7623790" lon="4.7757280">
    <ele>220.9</ele>
    <time>2023-10-01T15:27:03Z</time>
   </trkpt>
   <trkpt lat="45.7623470" lon="4.7757200">
    <ele>220.9</ele>
    <time>2023-10-01T15:27:04Z</time>
   </trkpt>
   <trkpt lat="45.7623150" lon="4.7757410">
    <ele>220.9</ele>
    <time>2023-10-01T15:27:05Z</time>
   </trkpt>
   <trkpt lat="45.7622750" lon="4.7757460">
    <ele>220.9</ele>
    <time>2023-10-01T15:27:06Z</time>
   </trkpt>
   <trkpt lat="45.7622280" lon="4.7757410">
    <ele>220.9</ele>
    <time>2023-10-01T15:27:07Z</time>
   </trkpt>
   <trkpt lat="45.7622050" lon="4.7757280">
    <ele>220.9</ele>
    <time>2023-10-01T15:27:08Z</time>
   </trkpt>
   <trkpt lat="45.7621660" lon="4.7757180">
    <ele>221.0</ele>
    <time>2023-10-01T15:27:09Z</time>
   </trkpt>
   <trkpt lat="45.7621230" lon="4.7756990">
    <ele>221.0</ele>
    <time>2023-10-01T15:27:10Z</time>
   </trkpt>
   <trkpt lat="45.7620900" lon="4.7757310">
    <ele>221.0</ele>
    <time>2023-10-01T15:27:11Z</time>
   </trkpt>
   <trkpt lat="45.7620780" lon="4.7757430">
    <ele>221.0</ele>
    <time>2023-10-01T15:27:12Z</time>
   </trkpt>
   <trkpt lat="45.7620380" lon="4.7757570">
    <ele>221.0</ele>
    <time>2023-10-01T15:27:13Z</time>
   </trkpt>
   <trkpt lat="45.7620000" lon="4.7757360">
    <ele>221.0</ele>
    <time>2023-10-01T15:27:14Z</time>
   </trkpt>
   <trkpt lat="45.7619640" lon="4.7757270">
    <ele>221.0</ele>
    <time>2023-10-01T15:27:15Z</time>
   </trkpt>
   <trkpt lat="45.7619250" lon="4.7757360">
    <ele>221.1</ele>
    <time>2023-10-01T15:27:16Z</time>
   </trkpt>
   <trkpt lat="45.7618910" lon="4.7757300">
    <ele>221.1</ele>
    <time>2023-10-01T15:27:17Z</time>
   </trkpt>
   <trkpt lat="45.7618520" lon="4.7757450">
    <ele>221.1</ele>
    <time>2023-10-01T15:27:18Z</time>
   </trkpt>
   <trkpt lat="45.7618200" lon="4.7757490">
    <ele>221.1</ele>
    <time>2023-10-01T15:27:19Z</time>
   </trkpt>
   <trkpt lat="45.7617860" lon="4.7757530">
    <ele>221.2</ele>
    <time>2023-10-01T15:27:20Z</time>
   </trkpt>
   <trkpt lat="45.7617550" lon="4.7757660">
    <ele>221.2</ele>
    <time>2023-10-01T15:27:21Z</time>
   </trkpt>
   <trkpt lat="45.7617310" lon="4.7757340">
    <ele>221.2</ele>
    <time>2023-10-01T15:27:22Z</time>
   </trkpt>
   <trkpt lat="45.7617020" lon="4.7757250">
    <ele>221.2</ele>
    <time>2023-10-01T15:27:23Z</time>
   </trkpt>
   <trkpt lat="45.7616730" lon="4.7757310">
    <ele>221.2</ele>
    <time>2023-10-01T15:27:24Z</time>
   </trkpt>
   <trkpt lat="45.7616370" lon="4.7757390">
    <ele>221.2</ele>
    <time>2023-10-01T15:27:25Z</time>
   </trkpt>
   <trkpt lat="45.7615990" lon="4.7757280">
    <ele>221.2</ele>
    <time>2023-10-01T15:27:26Z</time>
   </trkpt>
   <trkpt lat="45.7615650" lon="4.7757150">
    <ele>221.2</ele>
    <time>2023-10-01T15:27:27Z</time>
   </trkpt>
   <trkpt lat="45.7615300" lon="4.7757180">
    <ele>221.2</ele>
    <time>2023-10-01T15:27:28Z</time>
   </trkpt>
   <trkpt lat="45.7614910" lon="4.7757080">
    <ele>221.2</ele>
    <time>2023-10-01T15:27:29Z</time>
   </trkpt>
   <trkpt lat="45.7614630" lon="4.7756870">
    <ele>221.3</ele>
    <time>2023-10-01T15:27:31Z</time>
   </trkpt>
   <trkpt lat="45.7614250" lon="4.7756720">
    <ele>221.3</ele>
    <time>2023-10-01T15:27:32Z</time>
   </trkpt>
   <trkpt lat="45.7613870" lon="4.7756870">
    <ele>221.5</ele>
    <time>2023-10-01T15:27:33Z</time>
   </trkpt>
   <trkpt lat="45.7613470" lon="4.7757320">
    <ele>221.5</ele>
    <time>2023-10-01T15:27:34Z</time>
   </trkpt>
   <trkpt lat="45.7614190" lon="4.7758260">
    <ele>221.6</ele>
    <time>2023-10-01T15:27:35Z</time>
   </trkpt>
   <trkpt lat="45.7614730" lon="4.7758760">
    <ele>221.6</ele>
    <time>2023-10-01T15:27:36Z</time>
   </trkpt>
   <trkpt lat="45.7614810" lon="4.7759260">
    <ele>221.6</ele>
    <time>2023-10-01T15:27:37Z</time>
   </trkpt>
   <trkpt lat="45.7614830" lon="4.7759380">
    <ele>221.6</ele>
    <time>2023-10-01T15:27:38Z</time>
   </trkpt>
   <trkpt lat="45.7614780" lon="4.7759790">
    <ele>221.6</ele>
    <time>2023-10-01T15:27:39Z</time>
   </trkpt>
   <trkpt lat="45.7614740" lon="4.7760290">
    <ele>221.7</ele>
    <time>2023-10-01T15:27:40Z</time>
   </trkpt>
   <trkpt lat="45.7614950" lon="4.7760850">
    <ele>221.7</ele>
    <time>2023-10-01T15:27:41Z</time>
   </trkpt>
   <trkpt lat="45.7614880" lon="4.7761260">
    <ele>221.7</ele>
    <time>2023-10-01T15:27:42Z</time>
   </trkpt>
   <trkpt lat="45.7615120" lon="4.7761680">
    <ele>221.8</ele>
    <time>2023-10-01T15:27:43Z</time>
   </trkpt>
   <trkpt lat="45.7615460" lon="4.7762030">
    <ele>221.8</ele>
    <time>2023-10-01T15:27:44Z</time>
   </trkpt>
   <trkpt lat="45.7615610" lon="4.7762510">
    <ele>221.9</ele>
    <time>2023-10-01T15:27:45Z</time>
   </trkpt>
   <trkpt lat="45.7615940" lon="4.7762960">
    <ele>222.0</ele>
    <time>2023-10-01T15:27:46Z</time>
   </trkpt>
   <trkpt lat="45.7616080" lon="4.7763280">
    <ele>222.0</ele>
    <time>2023-10-01T15:27:47Z</time>
   </trkpt>
   <trkpt lat="45.7616160" lon="4.7763770">
    <ele>222.1</ele>
    <time>2023-10-01T15:27:48Z</time>
   </trkpt>
   <trkpt lat="45.7616360" lon="4.7764230">
    <ele>222.1</ele>
    <time>2023-10-01T15:27:49Z</time>
   </trkpt>
   <trkpt lat="45.7616490" lon="4.7764670">
    <ele>222.2</ele>
    <time>2023-10-01T15:27:50Z</time>
   </trkpt>
   <trkpt lat="45.7616860" lon="4.7764990">
    <ele>222.2</ele>
    <time>2023-10-01T15:27:51Z</time>
   </trkpt>
   <trkpt lat="45.7616920" lon="4.7765570">
    <ele>222.3</ele>
    <time>2023-10-01T15:27:52Z</time>
   </trkpt>
   <trkpt lat="45.7617140" lon="4.7765870">
    <ele>222.3</ele>
    <time>2023-10-01T15:27:53Z</time>
   </trkpt>
   <trkpt lat="45.7617300" lon="4.7766210">
    <ele>222.3</ele>
    <time>2023-10-01T15:27:54Z</time>
   </trkpt>
   <trkpt lat="45.7617410" lon="4.7766780">
    <ele>222.4</ele>
    <time>2023-10-01T15:27:55Z</time>
   </trkpt>
   <trkpt lat="45.7617470" lon="4.7767310">
    <ele>222.4</ele>
    <time>2023-10-01T15:27:56Z</time>
   </trkpt>
   <trkpt lat="45.7617820" lon="4.7767720">
    <ele>222.5</ele>
    <time>2023-10-01T15:27:57Z</time>
   </trkpt>
   <trkpt lat="45.7617980" lon="4.7768120">
    <ele>222.5</ele>
    <time>2023-10-01T15:27:58Z</time>
   </trkpt>
   <trkpt lat="45.7618240" lon="4.7768440">
    <ele>222.5</ele>
    <time>2023-10-01T15:27:59Z</time>
   </trkpt>
   <trkpt lat="45.7618400" lon="4.7768970">
    <ele>222.6</ele>
    <time>2023-10-01T15:28:00Z</time>
   </trkpt>
   <trkpt lat="45.7618560" lon="4.7769480">
    <ele>222.6</ele>
    <time>2023-10-01T15:28:01Z</time>
   </trkpt>
   <trkpt lat="45.7618580" lon="4.7770110">
    <ele>222.7</ele>
    <time>2023-10-01T15:28:02Z</time>
   </trkpt>
   <trkpt lat="45.7618640" lon="4.7770580">
    <ele>222.7</ele>
    <time>2023-10-01T15:28:03Z</time>
   </trkpt>
   <trkpt lat="45.7618730" lon="4.7770720">
    <ele>222.7</ele>
    <time>2023-10-01T15:28:04Z</time>
   </trkpt>
   <trkpt lat="45.7619140" lon="4.7770890">
    <ele>222.7</ele>
    <time>2023-10-01T15:28:05Z</time>
   </trkpt>
   <trkpt lat="45.7619140" lon="4.7771440">
    <ele>222.8</ele>
    <time>2023-10-01T15:28:06Z</time>
   </trkpt>
   <trkpt lat="45.7619080" lon="4.7772070">
    <ele>222.7</ele>
    <time>2023-10-01T15:28:07Z</time>
   </trkpt>
   <trkpt lat="45.7619390" lon="4.7772080">
    <ele>222.6</ele>
    <time>2023-10-01T15:28:08Z</time>
   </trkpt>
   <trkpt lat="45.7619660" lon="4.7772240">
    <ele>222.6</ele>
    <time>2023-10-01T15:28:09Z</time>
   </trkpt>
   <trkpt lat="45.7619340" lon="4.7773120">
    <ele>222.5</ele>
    <time>2023-10-01T15:28:10Z</time>
   </trkpt>
   <trkpt lat="45.7619870" lon="4.7773350">
    <ele>222.4</ele>
    <time>2023-10-01T15:28:11Z</time>
   </trkpt>
   <trkpt lat="45.7620440" lon="4.7773440">
    <ele>222.3</ele>
    <time>2023-10-01T15:28:12Z</time>
   </trkpt>
   <trkpt lat="45.7620980" lon="4.7773240">
    <ele>222.2</ele>
    <time>2023-10-01T15:28:13Z</time>
   </trkpt>
   <trkpt lat="45.7621340" lon="4.7773000">
    <ele>222.2</ele>
    <time>2023-10-01T15:28:14Z</time>
   </trkpt>
   <trkpt lat="45.7621680" lon="4.7772700">
    <ele>222.2</ele>
    <time>2023-10-01T15:28:15Z</time>
   </trkpt>
   <trkpt lat="45.7621990" lon="4.7772210">
    <ele>222.1</ele>
    <time>2023-10-01T15:28:16Z</time>
   </trkpt>
   <trkpt lat="45.7622590" lon="4.7772570">
    <ele>222.1</ele>
    <time>2023-10-01T15:28:17Z</time>
   </trkpt>
   <trkpt lat="45.7623010" lon="4.7772350">
    <ele>222.0</ele>
    <time>2023-10-01T15:28:18Z</time>
   </trkpt>
   <trkpt lat="45.7623480" lon="4.7772640">
    <ele>222.0</ele>
    <time>2023-10-01T15:28:19Z</time>
   </trkpt>
   <trkpt lat="45.7623720" lon="4.7772760">
    <ele>222.0</ele>
    <time>2023-10-01T15:28:20Z</time>
   </trkpt>
   <trkpt lat="45.7624130" lon="4.7772790">
    <ele>221.9</ele>
    <time>2023-10-01T15:28:21Z</time>
   </trkpt>
   <trkpt lat="45.7624510" lon="4.7772460">
    <ele>221.9</ele>
    <time>2023-10-01T15:28:22Z</time>
   </trkpt>
   <trkpt lat="45.7624900" lon="4.7772230">
    <ele>221.9</ele>
    <time>2023-10-01T15:28:23Z</time>
   </trkpt>
   <trkpt lat="45.7625250" lon="4.7772060">
    <ele>221.9</ele>
    <time>2023-10-01T15:28:24Z</time>
   </trkpt>
   <trkpt lat="45.7625720" lon="4.7772240">
    <ele>221.9</ele>
    <time>2023-10-01T15:28:25Z</time>
   </trkpt>
   <trkpt lat="45.7626080" lon="4.7771950">
    <ele>221.8</ele>
    <time>2023-10-01T15:28:26Z</time>
   </trkpt>
   <trkpt lat="45.7626440" lon="4.7771590">
    <ele>221.8</ele>
    <time>2023-10-01T15:28:27Z</time>
   </trkpt>
   <trkpt lat="45.7626760" lon="4.7771880">
    <ele>221.8</ele>
    <time>2023-10-01T15:28:28Z</time>
   </trkpt>
   <trkpt lat="45.7627120" lon="4.7771580">
    <ele>221.8</ele>
    <time>2023-10-01T15:28:29Z</time>
   </trkpt>
   <trkpt lat="45.7627590" lon="4.7771480">
    <ele>221.8</ele>
    <time>2023-10-01T15:28:30Z</time>
   </trkpt>
   <trkpt lat="45.7627980" lon="4.7771340">
    <ele>221.7</ele>
    <time>2023-10-01T15:28:31Z</time>
   </trkpt>
   <trkpt lat="45.7628330" lon="4.7770950">
    <ele>221.7</ele>
    <time>2023-10-01T15:28:32Z</time>
   </trkpt>
   <trkpt lat="45.7628730" lon="4.7770800">
    <ele>221.7</ele>
    <time>2023-10-01T15:28:33Z</time>
   </trkpt>
   <trkpt lat="45.7629240" lon="4.7770580">
    <ele>221.7</ele>
    <time>2023-10-01T15:28:34Z</time>
   </trkpt>
   <trkpt lat="45.7629540" lon="4.7770220">
    <ele>221.7</ele>
    <time>2023-10-01T15:28:35Z</time>
   </trkpt>
   <trkpt lat="45.7629970" lon="4.7770320">
    <ele>221.7</ele>
    <time>2023-10-01T15:28:36Z</time>
   </trkpt>
   <trkpt lat="45.7630160" lon="4.7770360">
    <ele>221.6</ele>
    <time>2023-10-01T15:28:37Z</time>
   </trkpt>
   <trkpt lat="45.7630590" lon="4.7770390">
    <ele>221.6</ele>
    <time>2023-10-01T15:28:38Z</time>
   </trkpt>
   <trkpt lat="45.7630960" lon="4.7770260">
    <ele>221.6</ele>
    <time>2023-10-01T15:28:39Z</time>
   </trkpt>
   <trkpt lat="45.7631240" lon="4.7770420">
    <ele>221.6</ele>
    <time>2023-10-01T15:28:40Z</time>
   </trkpt>
   <trkpt lat="45.7631630" lon="4.7770110">
    <ele>221.6</ele>
    <time>2023-10-01T15:28:41Z</time>
   </trkpt>
   <trkpt lat="45.7632080" lon="4.7770030">
    <ele>221.6</ele>
    <time>2023-10-01T15:28:42Z</time>
   </trkpt>
   <trkpt lat="45.7632320" lon="4.7770060">
    <ele>221.6</ele>
    <time>2023-10-01T15:28:43Z</time>
   </trkpt>
   <trkpt lat="45.7632680" lon="4.7770060">
    <ele>221.6</ele>
    <time>2023-10-01T15:28:44Z</time>
   </trkpt>
   <trkpt lat="45.7633110" lon="4.7770200">
    <ele>221.6</ele>
    <time>2023-10-01T15:28:45Z</time>
   </trkpt>
   <trkpt lat="45.7633470" lon="4.7770240">
    <ele>221.6</ele>
    <time>2023-10-01T15:28:46Z</time>
   </trkpt>
   <trkpt lat="45.7633890" lon="4.7770100">
    <ele>221.6</ele>
    <time>2023-10-01T15:28:47Z</time>
   </trkpt>
   <trkpt lat="45.7634250" lon="4.7770080">
    <ele>221.6</ele>
    <time>2023-10-01T15:28:48Z</time>
   </trkpt>
   <trkpt lat="45.7634400" lon="4.7770120">
    <ele>221.6</ele>
    <time>2023-10-01T15:28:49Z</time>
   </trkpt>
   <trkpt lat="45.7634510" lon="4.7769640">
    <ele>221.6</ele>
    <time>2023-10-01T15:28:50Z</time>
   </trkpt>
   <trkpt lat="45.7635020" lon="4.7769590">
    <ele>221.6</ele>
    <time>2023-10-01T15:28:51Z</time>
   </trkpt>
   <trkpt lat="45.7635750" lon="4.7769970">
    <ele>221.7</ele>
    <time>2023-10-01T15:28:52Z</time>
   </trkpt>
   <trkpt lat="45.7636130" lon="4.7770330">
    <ele>221.7</ele>
    <time>2023-10-01T15:28:53Z</time>
   </trkpt>
   <trkpt lat="45.7636540" lon="4.7770390">
    <ele>221.8</ele>
    <time>2023-10-01T15:28:54Z</time>
   </trkpt>
   <trkpt lat="45.7637020" lon="4.7770390">
    <ele>221.8</ele>
    <time>2023-10-01T15:28:55Z</time>
   </trkpt>
   <trkpt lat="45.7637290" lon="4.7769670">
    <ele>221.8</ele>
    <time>2023-10-01T15:28:56Z</time>
   </trkpt>
   <trkpt lat="45.7637340" lon="4.7769040">
    <ele>221.8</ele>
    <time>2023-10-01T15:28:57Z</time>
   </trkpt>
   <trkpt lat="45.7637120" lon="4.7768210">
    <ele>221.8</ele>
    <time>2023-10-01T15:28:58Z</time>
   </trkpt>
   <trkpt lat="45.7636510" lon="4.7767410">
    <ele>221.8</ele>
    <time>2023-10-01T15:28:59Z</time>
   </trkpt>
   <trkpt lat="45.7636350" lon="4.7766630">
    <ele>221.7</ele>
    <time>2023-10-01T15:29:00Z</time>
   </trkpt>
   <trkpt lat="45.7636370" lon="4.7766060">
    <ele>221.7</ele>
    <time>2023-10-01T15:29:01Z</time>
   </trkpt>
   <trkpt lat="45.7637280" lon="4.7765640">
    <ele>221.6</ele>
    <time>2023-10-01T15:29:02Z</time>
   </trkpt>
   <trkpt lat="45.7637190" lon="4.7765180">
    <ele>221.6</ele>
    <time>2023-10-01T15:29:03Z</time>
   </trkpt>
   <trkpt lat="45.7637310" lon="4.7764360">
    <ele>221.5</ele>
    <time>2023-10-01T15:29:04Z</time>
   </trkpt>
   <trkpt lat="45.7637230" lon="4.7763790">
    <ele>221.5</ele>
    <time>2023-10-01T15:29:05Z</time>
   </trkpt>
   <trkpt lat="45.7637180" lon="4.7763010">
    <ele>221.5</ele>
    <time>2023-10-01T15:29:06Z</time>
   </trkpt>
   <trkpt lat="45.7637020" lon="4.7762500">
    <ele>221.4</ele>
    <time>2023-10-01T15:29:07Z</time>
   </trkpt>
   <trkpt lat="45.7636840" lon="4.7761780">
    <ele>221.4</ele>
    <time>2023-10-01T15:29:08Z</time>
   </trkpt>
   <trkpt lat="45.7636970" lon="4.7761130">
    <ele>221.4</ele>
    <time>2023-10-01T15:29:09Z</time>
   </trkpt>
   <trkpt lat="45.7636810" lon="4.7760530">
    <ele>221.4</ele>
    <time>2023-10-01T15:29:10Z</time>
   </trkpt>
   <trkpt lat="45.7636970" lon="4.7759860">
    <ele>221.3</ele>
    <time>2023-10-01T15:29:11Z</time>
   </trkpt>
  </trkseg>
 </trk>
</gpx>
