ID de l'activité,Date de l'activité,Nom de l'activité,Type d'activité,Description de l'activité,Temps écoulé,Distance,Fréquence cardiaque max.,Effort relatif,Déplacement-transport,Note privée sur les activités,Matériel utilisé pour l'activité,Nom du fichier,Poids de l'athlète,Poids du vélo,Temps écoulé,Durée de déplacement,Distance,Vitesse max.,Vitesse moyenne,Dénivelé positif,Dénivelé négatif,Altitude min.,Altitude max.,Pente max.,Pente moyenne,Pente positive moyenne,Pente négative moyenne,Cadence max.,Cadence moyenne,Fréquence cardiaque max.,Fréquence cardiaque moyenne,Puissance max.,Puissance moyenne,Calories,Température max.,Température moyenne,Effort relatif,Effort total,Nombre de sorties course à pied,Temps de montée,Temps de descente,Autres temps,Effort ressenti,Type,Heure de début,Puissance moyenne pondérée,Nombre d'échantillons de puissance,Utiliser l'Effort ressenti,Effort relatif ressenti,Déplacement-transport,Poids total soulevé,À partir du téléchargement,Distance ajustée selon la pente,Heure d'observation de la météo,Conditions météo,Température selon les prévisions météo,Température ressentie,Point de rosée,Humidité,Pression atmosphérique,Vitesse du vent,Rafale de vent,Direction du vent,Intensité des précipitations,Heure de lever du soleil,Heure de coucher du soleil,Phase de la lune,Vélo,Matériel,Probabilité de précipitations,Type de précipitations,Couverture nuageuse,Visibilité selon les prévisions météo,Indice UV,Ozone selon les prévisions météo,Nombre de sauts,Grit total,Flow moyen,Signalé,Vitesse moyenne (temps écoulé),Distance sur chemin,Distance récemment découverte,Distance sur chemin récemment découverte,Nombre d'activités,Nombre total de pas,CO2 économisé,Longueur de piscine,Charge d’entraînement,Intensité,Vitesse moyenne ajustée selon la pente,Temps enregistré par le chronomètre,Nombre total de cycles,Récupération,Avec mon animal de compagnie,Compétition,Sortie longue,Pour la bonne cause,Avec enfant,Distance en descente,Nombre total de séries,Nombre total de répétitions,Support
20435179666,"3 oct. 2026, 13:44:39",Afternoon Trail Run,Course à pied,"",5566,"16,42",189.0,253,false,,Brooks Cascadia,activities/21591884543.fit.gz,,,5566.0,5550.0,16423.0,5.3,2.959,655.0,656.0,399.0,799.0,42.1,0.0,,,119.0,82.0,189.0,171.0,,249.0,1141.0,,,253.0,,,,,,,,,258.0,5567.0,,,0.0,,1.0,19440.9,,,,,,,,,,,,,,,,33993365.0,,,,,,,,,,,2.951,12276.0,,,,14732.0,0.0,,581.0,194.0,3.503,,,,,,,,,,,,""
20402764364,"1 oct. 2026, 05:54:38",Morning Swim,Natation,"",2114,1 200,148.0,13,false,,,activities/21558767530.fit.gz,,,2114.0,1806.0,1200.0,0.84,0.665,0.0,0.0,,,0.0,0.0,,,41.0,31.0,148.0,120.0,,,296.0,,28.1,13.0,,,,,,,,,,,,,0.0,,1.0,,,,,,,,,,,,,,,,,,,,,,,,,,,,0.568,0.0,,,,,0.0,25.0,,,,,,,,,,,,,,,""
20396426154,"30 sept. 2026, 17:10:15",Course à pied en soirée,Course à pied,"",2281,"8,00",188.0,86,false,,New Balance Fluo,activities/21552283427.fit.gz,,,2281.0,2273.0,8000.0,5.2,3.52,118.0,116.0,197.0,275.0,31.6,0.0,,,96.0,89.0,188.0,167.0,,272.0,619.0,,,86.0,,,,,,,,,277.0,2282.0,,,0.0,,1.0,8412.8,,,,,,,,,,,,,,,,33993377.0,,,,,,,,,,,3.507,679.0,,,,6838.0,0.0,,274.0,208.0,3.701,,,,,,,,,,,,""
20393937497,"30 sept. 2026, 14:30:47",Afternoon Weight Training,Entraînement aux poids,"",1839,0,166.0,7,false,,,activities/21549752665.fit.gz,,,1839.0,1839.0,0.0,0.0,0.0,0.0,0.0,,,0.0,0.0,,,,,166.0,116.0,,,274.0,,,7.0,,,,,,,,,,,,,0.0,50.2,1.0,,,,,,,,,,,,,,,,,,,,,,,,,,,,0.0,0.0,,,,,0.0,,,,,,,,,,,,,,11,106,""
20375901303,"29 sept. 2026, 09:55:04",Course à pied le midi,Course à pied,"",2522,"8,00",189.0,58,false,,New Balance Fluo,activities/21531361236.fit.gz,,,2522.0,2505.0,8002.3,6.0,3.195,11.0,13.0,265.0,272.0,20.0,0.0,,,108.0,81.0,189.0,155.0,,255.0,624.0,,,58.0,,,,,,,,,269.0,2523.0,,,0.0,,1.0,8053.8,,,,,,,,,,,,,,,,33993377.0,,,,,,,,,,,3.173,0.0,,,,6526.0,0.0,,286.0,202.0,3.215,,,,,,,,,,,,""
20365564138,"28 sept. 2026, 14:41:15",Afternoon Run,Course à pied,"",3478,"10,05",160.0,47,false,,New Balance Fluo,activities/21520849412.fit.gz,,,3478.0,3282.0,10050.0,4.4,3.062,74.0,73.0,193.0,236.0,27.3,0.0,,,88.0,82.0,160.0,146.0,,236.0,726.0,,,47.0,,,,,,,,,233.0,3479.0,,,0.0,,1.0,10281.7,,,,,,,,,,,,,,,,33993377.0,,,,,,,,,,,2.889,0.0,,,,8900.0,0.0,,296.0,175.0,3.133,,,,,,,,,,,,""
20348292439,"27 sept. 2026, 08:04:00",Trail le matin,Course à pied,"",7084,"20,62",184.0,237,false,,Brooks Cascadia,activities/21502974614.fit.gz,,,7084.0,6985.0,20622.8,5.4,2.952,599.0,631.0,309.0,468.0,50.0,-0.1,,,116.0,81.0,184.0,164.0,,240.0,1347.0,,,237.0,,,,,,,,,246.0,7085.0,,,0.0,,1.0,23185.4,,,,,,,,,,,,,,,,33993365.0,,,,,,,,,,,2.911,5389.5,,,,18228.0,0.0,,673.0,185.0,3.319,,,,,,,,,,,,""
20300649631,"23 sept. 2026, 17:06:42",Trail en soirée,Course à pied,"",4711,"10,78",161.0,48,false,,Brooks Cascadia,activities/21454469683.fit.gz,,,4711.0,4671.0,10788.6,4.7,2.31,367.0,368.0,400.0,729.0,40.0,0.0,,,95.0,75.0,161.0,143.0,,188.0,744.0,,,48.0,,,,,,,,,191.0,4712.0,,,0.0,,1.0,12388.6,,,,,,,,,,,,,,,,33993365.0,,,,,,,,,,,2.29,7613.1,,,,11306.0,0.0,,270.0,144.0,2.652,,,,,,,,,,,,""
20297435867,"23 sept. 2026, 12:51:47",Afternoon Run,Course à pied,"",6384,"21,13",173.0,178,false,,New Balance Fluo,activities/21451201772.fit.gz,,,6384.0,6236.0,21131.0,5.0,3.389,233.0,270.0,227.0,346.0,33.3,-0.2,,,89.0,85.0,173.0,159.0,,256.0,1577.0,,,178.0,,,,,,,,,256.0,6385.0,,,0.0,,1.0,21677.7,,,,,,,,,,,,,,,,33993377.0,,,,,,,,,,,3.31,9650.5,,,,17690.0,0.0,,655.0,192.0,3.476,,,,,,,,,,,,""
20285298053,"22 sept. 2026, 17:04:30",Evening Run,Course à pied,"",2393,"7,37",170.0,34,false,,New Balance Fluo,activities/21438865087.fit.gz,,,2393.0,2381.0,7374.0,4.6,3.097,109.0,106.0,215.0,278.0,26.7,0.1,,,87.0,82.0,170.0,147.0,,238.0,528.0,,,34.0,,,,,,,,,238.0,2394.0,,,0.0,,1.0,7704.0,,,,,,,,,,,,,,,,33993377.0,,,,,,,,,,,3.081,0.0,,,,6498.0,0.0,,213.0,179.0,3.235,,,,,,,,,,,,""
20285298399,"22 sept. 2026, 14:51:28",Afternoon Weight Training,Entraînement aux poids,"",2856,0,113.0,4,false,,,activities/21438865545.fit.gz,,,2856.0,2856.0,0.0,0.0,0.0,0.0,0.0,,,0.0,0.0,,,,,113.0,83.0,,,122.0,,,4.0,,,,,,,,,,,,,0.0,1693.5,1.0,,,,,,,,,,,,,,,,,,,,,,,,,,,,0.0,0.0,,,,,0.0,,,,,,,,,,,,,,14,150,""
20270372026,"21 sept. 2026, 16:39:11",Evening Run,Course à pied,"",2614,"9,79",188.0,101,false,,,activities/21423683605.fit.gz,,,2614.0,2584.0,9796.2,5.3,3.791,28.0,29.0,218.0,225.0,10.0,0.0,,,94.0,86.0,188.0,167.0,,285.0,717.0,,,101.0,,,,,,,,,286.0,2614.0,,,0.0,,1.0,9880.8,,,,,,,,,,,,,,,,,,,,,,,,,,,3.748,0.0,,,,7512.0,0.0,,335.0,215.0,3.823,,,,,,,,,,,,""
20250485350,"20 sept. 2026, 07:17:19",Trail le matin,Course à pied,"",4701,"10,00",183.0,62,false,,,activities/21403390082.fit.gz,,,4701.0,3885.0,10002.9,4.2,2.574,276.0,311.0,2.0,89.0,43.5,0.0,,,123.0,81.0,183.0,148.0,,207.0,647.0,,,62.0,,,,,,,,,213.0,4666.0,,,0.0,,1.0,11359.8,,,,,,,,,,,,,,,,,,,,,,,,,,,2.128,4684.5,,,,10528.0,0.0,,332.0,160.0,2.924,,,,,,,,,,,,""
20229039624,"18 sept. 2026, 14:47:50",Afternoon Trail Run,Course à pied,"",4556,"11,05",175.0,52,false,,,activities/21381471846.fit.gz,,,4556.0,4272.0,11051.8,4.4,2.587,322.0,330.0,-2.0,84.0,50.0,0.0,,,98.0,81.0,175.0,143.0,,213.0,660.0,,,52.0,,,,,,,,,221.0,4557.0,,,0.0,,1.0,12652.4,,,,,,,,,,,,,,,,,,,,,,,,,,,2.426,4866.4,,,,11372.0,0.0,,349.0,166.0,2.961,,,,,,,,,,,,""
20210934625,"17 sept. 2026, 07:22:46",Morning Run,Course à pied,"",7220,"18,00",174.0,66,false,,,activities/21362973289.fit.gz,,,7220.0,6622.0,18005.6,4.7,2.719,313.0,316.0,186.0,295.0,42.1,0.0,,,87.0,81.0,174.0,143.0,,214.0,1377.0,,,66.0,,,,,,,,,217.0,6821.0,,,0.0,,1.0,19325.5,,,,,,,,,,,,,,,,,,,,,,,,,,,2.494,4304.5,,,,17930.0,0.0,,503.0,163.0,2.919,,,,,,,,,,,,""
20182597195,"15 sept. 2026, 09:25:57",Lunch Run,Course à pied,"",3692,"11,48",179.0,80,false,,,activities/21333517339.fit.gz,,,3692.0,3666.0,11479.0,4.7,3.131,140.0,136.0,221.0,297.0,20.0,0.0,,,88.0,82.0,179.0,153.0,,238.0,631.0,,,80.0,,,,,,,,,240.0,3693.0,,,0.0,,1.0,11894.9,,,,,,,,,,,,,,,,,,,,,,,,,,,3.109,2247.5,,,,10130.0,0.0,,333.0,180.0,3.245,,,,,,,,,,,,""
20172718634,"14 sept. 2026, 15:39:59",Afternoon Trail Run,Course à pied,"",2705,"8,44",188.0,97,false,,,activities/21323052235.fit.gz,,,2705.0,2682.0,8449.0,4.8,3.15,219.0,221.0,233.0,295.0,34.8,0.0,,,95.0,83.0,188.0,166.0,,252.0,498.0,,,97.0,,,,,,,,,257.0,2706.0,,,0.0,,1.0,9328.1,,,,,,,,,,,,,,,,,,,,,,,,,,,3.124,5174.0,,,,7478.0,0.0,,280.0,193.0,3.478,,,,,,,,,,,,""
20158592212,"13 sept. 2026, 12:04:51",Course à pied dans l'après-midi,Course à pied,,5422,"10,77",158.0,20,false,,,activities/21307968792.fit.gz,,,5422.0,5308.0,10777.5,3.9,2.03,376.6,374.4,381.6,731.1,29.7,0.0,,,85.0,67.0,158.0,122.0,,,776.0,,,20.0,,,,,,,,,,,,,0.0,,1.0,12170.5,,,,,,,,,,,,,,,,,,,,,,,,,,,1.988,7578.1,,,,11820.0,0.0,,,,2.293,,,,,,,,,,,,""
20140160470,"12 sept. 2026, 08:09:38",Course à pied le matin,Course à pied,,3116,"10,00",189.0,81,false,,,activities/21288515910.fit.gz,,,3116.0,3113.0,10007.5,5.743,3.215,365.6,389.0,381.6,731.1,27.4,-0.2,,,110.0,85.0,189.0,152.0,,,726.0,,,81.0,,,,,,,,,,,,,0.0,,1.0,11344.8,,,,,,,,,,,,,,,,,,,,,,,,,,,3.212,6883.5,,,,8590.0,0.0,,,,3.644,,,,,,,,,,,,""
20128164783,"11 sept. 2026, 09:55:48",Course à pied le midi,Course à pied,,2619,"6,59",145.0,9,false,,,activities/21275752617.fit.gz,,,2619.0,2606.0,6590.4,4.467,2.529,113.2,113.3,168.7,219.2,35.6,0.0,,,90.0,81.0,145.0,123.0,,,422.0,,,9.0,,,,,,,,,,,,,0.0,,1.0,6921.7,,,,,,,,,,,,,,,,,,,,,,,,,,,2.516,2251.4,,,,7050.0,0.0,,,,2.656,,,,,,,,,,,,""
20104486880,"9 sept. 2026, 13:40:39",Afternoon Run,Course à pied,,7762,"17,54",194.0,71,false,,,activities/21250493583.fit.gz,,,7762.0,7103.0,17542.5,6.243,2.47,991.6,833.7,422.3,593.6,44.8,0.9,,,114.0,76.0,194.0,131.0,,,1419.0,,,71.0,,,,,,,,,,,,,0.0,,1.0,21980.1,,,,,,,,,,,,,,,,,,,,,,,,,,,2.26,17067.8,,,,16612.0,0.0,,,,3.094,,,,,,,,,,,,""
20089845686,"8 sept. 2026, 15:05:06",Course à pied dans l'après-midi,Course à pied,,2802,"8,01",158.0,25,false,,,activities/21234907559.fit.gz,,,2802.0,2802.0,8009.8,3.836,2.859,58.5,58.0,193.7,234.1,28.4,0.0,,,82.0,79.0,158.0,141.0,,,534.0,,,25.0,,,,,,,,,,,,,0.0,,1.0,8119.5,,,,,,,,,,,,,,,,,,,,,,,,,,,2.859,668.7,,,,7360.0,0.0,,,,2.898,,,,,,,,,,,,""
20072001917,"7 sept. 2026, 08:30:53",Course à pied le matin,Course à pied,,10042,"26,33",185.0,208,false,,,activities/21215919165.fit.gz,,,10042.0,9884.0,26329.5,4.214,2.664,488.4,494.5,230.8,374.4,17.3,0.0,,,104.0,80.0,185.0,153.0,,,1891.0,,,208.0,,,,,,,,,,,,,0.0,,1.0,27504.7,,,,,,,,,,,,,,,,,,,,,,,,,,,2.622,9966.2,,,,26234.0,0.0,,,,2.783,,,,,,,,,,,,""
20044040295,"5 sept. 2026, 08:59:10",Course à pied le matin,Course à pied,,3311,"7,39",145.0,11,false,,,activities/21186043832.fit.gz,,,3311.0,3132.0,7397.2,4.183,2.362,112.7,110.1,252.8,319.8,12.2,0.0,,,85.0,79.0,145.0,124.0,,,489.0,,,11.0,,,,,,,,,,,,,0.0,,1.0,7604.9,,,,,,,,,,,,,,,,,,,,,,,,,,,2.234,1393.0,,,,8012.0,0.0,,,,2.428,,,,,,,,,,,,""
20006332067,"2 sept. 2026, 12:51:11",Course à pied dans l'après-midi,Course à pied,,6271,"15,00",190.0,115,false,,,activities/21145610060.fit.gz,,,6271.0,6147.0,15004.5,5.056,2.441,353.9,353.8,239.3,299.1,34.7,0.0,,,114.0,72.0,190.0,146.0,,,1101.0,,,115.0,,,,,,,,,,,,,0.0,,1.0,16297.5,,,,,,,,,,,,,,,,,,,,,,,,,,,2.393,11773.7,,,,14824.0,0.0,,,,2.651,,,,,,,,,,,,""
19991279913,"1 sept. 2026, 13:59:06",Course à pied dans l'après-midi,Course à pied,,3103,"10,16",195.0,59,false,,,activities/21129776674.fit.gz,,,3103.0,3023.0,10160.1,9.5,3.361,137.0,140.2,222.4,237.9,6.6,0.0,,,94.0,81.0,195.0,151.0,,,648.0,,,59.0,,,,,,,,,,,,,0.0,,1.0,10356.4,,,,,,,,,,,,,,,,,,,,,,,,,,,3.274,0.0,,,,8188.0,0.0,,,,3.426,,,,,,,,,,,,""
19974909871,"31 août 2026, 11:01:53",Course à pied dans l'après-midi,Course à pied,,3528,"11,80",189.0,139,false,,,activities/21112968889.fit.gz,,,3528.0,3528.0,11801.9,5.5,3.345,186.1,197.5,214.8,302.8,17.3,-0.1,,,94.0,82.0,189.0,167.0,,,821.0,,,139.0,,,,,,,,,,,,,0.0,,1.0,12246.1,,,,,,,,,,,,,,,,,,,,,,,,,,,3.345,3231.9,,,,9700.0,0.0,,,,3.471,,,,,,,,,,,,""
19909264213,"26 août 2026, 14:28:32",Course à pied dans l'après-midi,Course à pied,,1517,"5,01",191.0,47,false,,,activities/21045322740.fit.gz,,,1517.0,1371.0,5009.3,5.94,3.654,59.3,62.6,216.4,237.8,6.1,0.0,,,112.0,84.0,191.0,163.0,,,327.0,,,47.0,,,,,,,,,,,,,0.0,,1.0,5084.9,,,,,,,,,,,,,,,,,,,,,,,,,,,3.302,0.0,,,,3812.0,0.0,,,,3.709,,,,,,,,,,,,""
19881828775,"24 août 2026, 17:00:56",Course à pied en soirée,Course à pied,"",3718,"10,80",174.0,38,false,,,activities/21017217114.fit.gz,,,3718.0,3426.0,10808.9,5.25,3.155,106.1,102.3,210.2,248.4,9.9,0.0,,,97.0,81.0,174.0,143.0,,,732.0,,,38.0,,,,,,,,,,,,,0.0,,1.0,10989.1,,,,,,,,,,,,,,,,,,,,,,,,,,,2.907,557.1,,,,9590.0,0.0,,,,3.208,,,,,,,,,,,,media/8BA55097-54F4-4A8E-B198-84CEC954DE7F.jpg
19866810571,"23 août 2026, 14:50:48",Course à pied dans l'après-midi,Course à pied,,1415,"4,72",182.0,53,false,,,activities/21001785960.fit.gz,,,1415.0,1415.0,4724.0,4.362,3.339,20.0,64.4,203.7,263.4,8.7,-0.9,,,90.0,84.0,182.0,166.0,,,325.0,,,53.0,,,,,,,,,,,,,0.0,,1.0,4681.2,,,,,,,,,,,,,,,,,,,,,,,,,,,3.339,0.0,,,,3946.0,0.0,,,,3.308,,,,,,,,,,,,""
19865407526,"23 août 2026, 12:22:41",Course à pied dans l'après-midi,Course à pied,,4842,"15,67",191.0,185,false,,,activities/21000352679.fit.gz,,,4842.0,4730.0,15678.3,5.48,3.315,222.2,185.5,206.8,295.9,15.0,0.2,,,88.0,84.0,191.0,168.0,,,1093.0,,,185.0,,,,,,,,,,,,,0.0,,1.0,16167.7,,,,,,,,,,,,,,,,,,,,,,,,,,,3.238,3811.8,,,,13200.0,0.0,,,,3.418,,,,,,,,,,,,""
19854056598,"22 août 2026, 11:31:56",Grand moulin par voie alpine,Randonnée,"",19474,"9,43",159.0,29,false,,,activities/20988644868.fit.gz,,,19474.0,9292.0,9438.4,4.414,1.016,808.0,937.6,1634.5,2473.6,50.0,-0.1,,,124.0,56.0,159.0,106.0,,,1489.0,,,29.0,,,,,,,,,,,,,0.0,,1.0,15692.3,,,,,,,,,,,,,,,,,,,,,,,,,,,0.485,8857.2,,,,12906.0,0.0,,,,0.833,,,,,,,,,,,,media/34A99430-69ED-48AB-9C6F-AD68B55CF551.jpg|media/782C503A-2F2B-4089-A974-7D136670E639.jpg
19826744031,"20 août 2026, 15:47:57",Course à pied dans l'après-midi,Course à pied,,6686,"9,44",188.0,185,false,,,activities/20960568256.fit.gz,,,6686.0,5643.0,9445.4,5.08,1.674,928.5,850.6,303.5,1200.5,33.3,0.8,,,123.0,68.0,188.0,161.0,,,1140.0,,,185.0,,,,,,,,,,,,,0.0,,1.0,16059.9,,,,,,,,,,,,,,,,,,,,,,,,,,,1.413,9445.4,,,,12290.0,0.0,,,,2.846,,,,,,,,,,,,""
19782303390,"17 août 2026, 16:42:52",Course à pied en soirée,Course à pied,,1485,"5,19",188.0,61,false,,,activities/20915016611.fit.gz,,,1485.0,1478.0,5190.8,9.338,3.512,23.9,23.1,214.4,234.1,9.9,0.0,,,90.0,85.0,188.0,170.0,,,354.0,,,61.0,,,,,,,,,,,,,0.0,,1.0,5211.0,,,,,,,,,,,,,,,,,,,,,,,,,,,3.495,0.0,,,,4178.0,0.0,,,,3.526,,,,,,,,,,,,""
19726453322,"13 août 2026, 14:07:40",Sortie vélo dans l'après-midi,Vélo,,3121,0,177.0,92,false,,,activities/20857495041.fit.gz,,,3121.0,3121.0,0.0,0.0,0.0,0.0,0.0,,,0.0,0.0,,,,,177.0,160.0,,,699.0,,,92.0,,,,,,,,,,,,,0.0,,1.0,,,,,,,,,,,,,,,,,,,,,,,,,,,,0.0,0.0,,,,,0.0,,,,,,,,,,,,,,,,""
19713716013,"12 août 2026, 16:25:52",Course à pied en soirée,Course à pied,,1406,"5,02",194.0,55,false,,,activities/20844381401.fit.gz,,,1406.0,1366.0,5019.3,4.667,3.674,30.8,31.8,218.8,245.6,8.4,0.0,,,89.0,84.0,194.0,169.0,,,343.0,,,55.0,,,,,,,,,,,,,0.0,,1.0,5081.1,,,,,,,,,,,,,,,,,,,,,,,,,,,3.57,0.0,,,,3856.0,0.0,,,,3.72,,,,,,,,,,,,""
19638501367,"7 août 2026, 08:48:04",Course à pied matinale,Course à pied,"",5541,"17,42",,,false,,,activities/19638501367.gpx,,,5541.0,5279.0,17423.3,5.32,3.3,154.2,153.7,218.2,295.9,17.2,0.0,,,,,,,,,,,,,,,,,,,,,,,,,0.0,,1.0,17648.4,,,,,,,,,,,,,,,,,,,,,,,,,,,3.144,4644.8,,,,14516.0,0.0,,,,3.343,,,,,,,,,,,,""
19567064243,"2 août 2026, 07:04:31",Marche le matin,Marche,,10702,"8,25",160.0,30,false,,,activities/20692005488.fit.gz,,,10702.0,8524.0,8250.2,3.457,0.968,463.7,1145.9,1245.7,2327.5,49.2,-8.3,,,87.0,57.0,160.0,113.0,,,973.0,,,30.0,,,,,,,,,,,,,0.0,,1.0,,,,,,,,,,,,,,,,,,,,,,,,,,,,0.771,8040.6,,,,13716.0,0.0,,,,,,,,,,,,,,,,""
19559090073,"1 août 2026, 12:00:36",Marche dans l'après-midi,Marche,,18426,"11,23",179.0,57,false,,,activities/20683705368.fit.gz,,,18426.0,10654.0,11229.4,2.54,1.054,1137.7,451.0,1243.7,1931.8,46.3,6.1,,,115.0,52.0,179.0,119.0,,,1458.0,,,57.0,,,,,,,,,,,,,0.0,,1.0,,,,,,,,,,,,,,,,,,,,,,,,,,,,0.609,10946.2,,,,14754.0,0.0,,,,,,,,,,,,,,,,""
19529356650,"30 juil. 2026, 12:17:16",Afternoon Run,Course à pied,,5459,"13,32",193.0,85,false,,,activities/20652992026.fit.gz,,,5459.0,4470.0,13319.9,7.08,2.98,186.5,187.2,203.7,275.0,16.8,0.0,,,90.0,80.0,193.0,152.0,,,912.0,,,85.0,,,,,,,,,,,,,0.0,,1.0,13734.2,,,,,,,,,,,,,,,,,,,,,,,,,,,2.44,255.5,,,,11984.0,0.0,,,,3.073,,,,,,,,,,,,""
19443482343,"24 juil. 2026, 09:45:30",Course à pied le midi,Course à pied,,3105,"10,43",191.0,125,false,,,activities/20564643210.fit.gz,,,3105.0,3100.0,10434.4,5.5,3.366,75.4,85.9,178.3,232.2,5.2,-0.1,,,89.0,83.0,191.0,168.0,,,734.0,,,125.0,,,,,,,,,,,,,0.0,,1.0,10494.1,,,,,,,,,,,,,,,,,,,,,,,,,,,3.361,0.0,,,,8568.0,0.0,,,,3.385,,,,,,,,,,,,""
19415177381,"22 juil. 2026, 09:02:44",Course à pied le midi,Course à pied,,4182,"12,56",186.0,138,false,,,activities/20535708093.fit.gz,,,4182.0,3968.0,12559.1,8.26,3.165,156.8,155.8,216.4,299.1,18.2,0.0,,,86.0,82.0,186.0,163.0,,,893.0,,,138.0,,,,,,,,,,,,,0.0,,1.0,12810.1,,,,,,,,,,,,,,,,,,,,,,,,,,,3.003,2408.3,,,,10754.0,0.0,,,,3.228,,,,,,,,,,,,""
19309988995,"14 juil. 2026, 12:33:23",J3B Refuge de Nice-> Relai des merveilles,Marche,"",5644,"5,14",152.0,19,false,,,activities/20428599412.fit.gz,,,5644.0,4930.0,5146.4,1.85,1.044,13.9,527.2,1685.9,2203.7,11.3,-9.9,,,94.0,54.0,152.0,123.0,,,537.0,,,19.0,,,,,,,,,,,,,0.0,,1.0,,,,,,,,,,,,,,,,,,,,,,,,,,,,0.912,5147.8,,,,6294.0,0.0,,,,,,,,,,,,,,,,media/AF08BA2A-06B9-4142-83AC-E57F103AE783.jpg|media/1BA4ED3D-D559-44C6-8AFB-AD6759511A65.mp4
19309983087,"14 juil. 2026, 07:19:35",J3 Refuge de valmasque ->  Refuge de Nice,Marche,"",14622,"8,59",168.0,32,false,,,activities/20428593272.fit.gz,,,14622.0,9680.0,8594.9,2.05,0.888,544.5,537.2,2217.8,2686.7,49.5,0.1,,,123.0,51.0,168.0,112.0,,,1226.0,,,32.0,,,,,,,,,,,,,0.0,,1.0,,,,,,,,,,,,,,,,,,,,,,,,,,,,0.588,8598.2,,,,9936.0,0.0,,,,,,,,,,,,,,,,media/C4BD820F-FC27-409D-B60F-F09BA26BE6F6.jpg|media/CD0DB9F3-F4C6-4337-96C1-B0FC7655D136.jpg|media/082C7621-0058-42CA-B19A-303ADB9D7116.jpg|media/7463E64E-B72F-4876-B61E-9AF008384348.jpg|media/889A6993-5BC7-4B24-906C-E5F4FA218171.jpg|media/E3F4297D-A088-4589-8CD8-0F24867F1F09.jpg
19309969964,"13 juil. 2026, 08:05:48",J2 Refuge des merveilles -> refuge de Valmasque,Marche,"",20022,"10,76",151.0,39,false,,,activities/20428579893.fit.gz,,,20022.0,11812.0,10759.0,5.717,0.911,901.4,793.8,2102.5,2813.6,50.0,1.0,,,94.0,53.0,151.0,114.0,,,1726.0,,,39.0,,,,,,,,,,,,,0.0,,1.0,,,,,,,,,,,,,,,,,,,,,,,,,,,,0.537,10759.0,,,,13514.0,0.0,,,,,,,,,,,,,,,,media/0B9AA913-6F7F-482F-AABE-508F070F1EF5.jpg|media/F02AD99A-CBF6-43EC-9598-587B1D747C99.jpg|media/1513ADDE-B710-4031-A940-D6162ECBEDAB.jpg|media/971947D5-9478-4261-AC02-DFFAA130E546.jpg|media/5217F12F-29F6-4B43-8487-4404958D610B.jpg|media/B606FD39-9114-4923-9BE7-5178DB9639B4.jpg
19309956855,"12 juil. 2026, 10:58:25",J1 Belvédère -> Refuge des merveilles,Marche,"",14055,"8,56",161.0,29,false,,,activities/20428566782.fit.gz,,,14055.0,9610.0,8560.1,2.157,0.891,916.8,374.6,1578.7,2477.7,50.0,6.3,,,114.0,52.0,161.0,111.0,,,1225.0,,,29.0,,,,,,,,,,,,,0.0,,1.0,,,,,,,,,,,,,,,,,,,,,,,,,,,,0.609,8561.7,,,,9540.0,0.0,,,,,,,,,,,,,,,,media/17C870FB-837D-4C20-9425-460DE132C8C6.jpg|media/2808AD21-D365-44AC-990F-7387C5686AF4.jpg|media/CA031DC6-2CF5-41B4-912E-FC3E4C18E78E.jpg|media/41BF924C-DEC2-4A6F-8B85-6072D66E4321.jpg
19198576711,"6 juil. 2026, 09:18:11",Lunch Run,Course à pied,,1719,"5,88",186.0,42,false,,,activities/20315391392.fit.gz,,,1719.0,1719.0,5882.9,5.029,3.422,37.6,39.4,214.9,248.1,5.3,0.0,,,92.0,84.0,186.0,156.0,,,387.0,,,42.0,,,,,,,,,,,,,0.0,,1.0,5930.4,,,,,,,,,,,,,,,,,,,,,,,,,,,3.422,0.0,,,,4828.0,0.0,,,,3.45,,,,,,,,,,,,""
19152879520,"2 juil. 2026, 15:15:30",Afternoon EasyRun,Course à pied,"",5653,"15,01",200.0,228,false,,,activities/20268965721.fit.gz,,,5653.0,5207.0,15014.9,6.66,2.884,235.7,237.4,193.8,304.4,41.8,0.0,,,91.0,80.0,200.0,171.0,,,1208.0,,,228.0,,,,,,,,,,,,,0.0,,1.0,15824.0,,,,,,,,,,,,,,,,,,,,,,,,,,,2.656,3432.0,,,,13714.0,0.0,,,,3.039,,,,,,,,,,,,""
19136361909,"1 juil. 2026, 11:06:08",Course à pied dans l'après-midi,Course à pied,"",3273,"10,18",,,false,,,activities/19136361909.gpx,,,3273.0,3208.0,10180.3,4.877,3.173,100.2,101.3,193.8,252.1,20.4,0.0,,,,,,,,,,,,,,,,,,,,,,,,,0.0,,1.0,10408.8,,,,,,,,,,,,,,,,,,,,,,,,,,,3.11,1977.0,,,,8562.0,0.0,,,,3.245,,,,,,,,,,,,""
19121116483,"30 juin 2026, 09:12:06",Course à pied le midi,Course à pied,,2665,"7,19",159.0,25,false,,,activities/20236755263.fit.gz,,,2665.0,2653.0,7197.3,3.443,2.713,69.2,16.0,167.8,229.7,5.6,0.7,,,115.0,79.0,159.0,141.0,,,508.0,,,25.0,,,,,,,,,,,,,0.0,,1.0,7358.8,,,,,,,,,,,,,,,,,,,,,,,,,,,2.701,1358.9,,,,6950.0,0.0,,,,2.774,,,,,,,,,,,,""
19008398539,"21 juin 2026, 08:01:42",Course à pied le matin,Course à pied,,7975,"21,80",190.0,179,false,,,activities/20122217702.fit.gz,,,7975.0,7870.0,21806.3,5.02,2.771,350.6,263.3,217.6,331.7,16.6,0.4,,,94.0,79.0,190.0,155.0,,,1621.0,,,179.0,,,,,,,,,,,,,0.0,,1.0,22643.0,,,,,,,,,,,,,,,,,,,,,,,,,,,2.734,4069.1,,,,20728.0,0.0,,,,2.877,,,,,,,,,,,,""
18988748622,"19 juin 2026, 20:05:35",Night Run,Course à pied,,2763,"9,19",191.0,102,false,,,activities/20102224546.fit.gz,,,2763.0,2763.0,9198.5,5.36,3.329,129.7,128.9,193.7,275.1,34.7,0.0,,,91.0,84.0,191.0,165.0,,,667.0,,,102.0,,,,,,,,,,,,,0.0,,1.0,9545.7,,,,,,,,,,,,,,,,,,,,,,,,,,,3.329,0.0,,,,7718.0,0.0,,,,3.455,,,,,,,,,,,,""
18961853797,"17 juin 2026, 16:36:11",Course à pied le soir,Course à pied,"",6841,"15,42",192.0,151,false,,,activities/20074960171.fit.gz,,,6841.0,4994.0,15419.0,8.317,3.088,168.5,169.2,218.7,299.5,18.5,0.0,,,98.0,81.0,192.0,161.0,,,1129.0,,,151.0,,,,,,,,,,,,,0.0,,1.0,15692.0,,,,,,,,,,,,,,,,,,,,,,,,,,,2.254,2749.1,,,,13454.0,0.0,,,,3.142,,,,1.0,,,,,,,,""
18933188461,"15 juin 2026, 15:12:21",Afternoon Run,Course à pied,,12337,"22,13",177.0,164,false,,,activities/20045901068.fit.gz,,,12337.0,8773.0,22134.4,4.64,2.523,459.9,459.1,233.0,299.1,23.3,0.0,,,104.0,80.0,177.0,151.0,,,1698.0,,,164.0,,,,,,,,,,,,,0.0,,1.0,23679.2,,,,,,,,,,,,,,,,,,,,,,,,,,,1.794,12075.5,,,,22748.0,0.0,,,,2.699,,,,,,,,,,,,""
18921914259,"14 juin 2026, 19:00:35",Course à pied de nuit,Course à pied,,2064,"5,65",154.0,11,false,,,activities/20034455640.fit.gz,,,2064.0,2028.0,5650.0,3.72,2.786,66.9,69.7,168.6,219.0,21.7,0.0,,,83.0,80.0,154.0,135.0,,,376.0,,,11.0,,,,,,,,,,,,,0.0,,1.0,5812.5,,,,,,,,,,,,,,,,,,,,,,,,,,,2.737,934.3,,,,5352.0,0.0,,,,2.866,,,,,,,,,,,,""
18891768234,"12 juin 2026, 13:36:03",Afternoon Run,Course à pied,,5048,"12,80",187.0,130,false,,,activities/20003830243.fit.gz,,,5048.0,4142.0,12808.2,5.44,3.092,173.0,187.4,218.5,295.9,25.0,-0.1,,,94.0,82.0,187.0,162.0,,,943.0,,,130.0,,,,,,,,,,,,,0.0,,1.0,13168.7,,,,,,,,,,,,,,,,,,,,,,,,,,,2.537,4121.7,,,,11274.0,0.0,,,,3.179,,,,,,,,,,,,""
18868398466,"10 juin 2026, 16:49:55",Evening Run,Course à pied,,4614,"9,94",148.0,16,false,,,activities/19980125413.fit.gz,,,4614.0,4453.0,9944.3,5.287,2.233,214.8,215.8,180.2,295.2,48.1,0.0,,,118.0,74.0,148.0,123.0,,,699.0,,,16.0,,,,,,,,,,,,,0.0,,1.0,10664.4,,,,,,,,,,,,,,,,,,,,,,,,,,,2.155,2299.1,,,,10840.0,0.0,,,,2.395,,,,,,,,,,,,""
18853092122,"9 juin 2026, 15:49:24",Course à pied dans l'après-midi,Course à pied,,3766,"10,83",188.0,125,false,,,activities/19964537502.fit.gz,,,3766.0,3507.0,10831.2,6.58,3.088,226.8,228.0,232.9,299.1,25.2,0.0,,,87.0,82.0,188.0,165.0,,,822.0,,,125.0,,,,,,,,,,,,,0.0,,1.0,11593.8,,,,,,,,,,,,,,,,,,,,,,,,,,,2.876,6110.5,,,,9560.0,0.0,,,,3.306,,,,,,,,,,,,""
18757772843,"2 juin 2026, 15:08:43",Course à pied dans l'après-midi,Course à pied,"",4288,"11,93",,,false,,,activities/18757772843.gpx,,,4288.0,3964.0,11929.5,5.68,3.009,211.3,206.7,193.8,309.2,17.5,0.0,,,,,,,,,,,,,,,,,,,,,,,,,0.0,,1.0,12561.5,,,,,,,,,,,,,,,,,,,,,,,,,,,2.782,920.2,,,,10374.0,0.0,,,,3.169,,,,,,,,,,,,""
18744842820,"1 juin 2026, 15:38:50",Course à pied dans l'après-midi,Course à pied,"",7188,"21,05",,,false,,,activities/18744842820.gpx,,,7188.0,6406.0,21049.4,11.08,3.286,98.9,99.8,166.0,225.9,18.1,0.0,,,,,,,,,,,,,,,,,,,,,,,,,0.0,,1.0,21180.6,,,,,,,,,,,,,,,,,,,,,,,,,,,2.928,1305.2,,,,17186.0,0.0,,,,3.306,,,,,,,,,,,,""
18733431829,"31 mai 2026, 17:52:17",Course à pied en soirée,Course à pied,,2465,"8,58",185.0,99,false,,,activities/19842679193.fit.gz,,,2465.0,2439.0,8584.1,5.029,3.52,110.7,108.4,193.7,274.4,24.3,0.0,,,87.0,82.0,185.0,168.0,,,599.0,,,99.0,,,,,,,,,,,,,0.0,,1.0,8897.8,,,,,,,,,,,,,,,,,,,,,,,,,,,3.482,0.0,,,,6704.0,0.0,,,,3.648,,,,,,,,,,,,""
18684382863,"28 mai 2026, 04:18:17",Course à pied le matin,Course à pied,,2333,"7,53",187.0,47,false,,,activities/19792700998.fit.gz,,,2333.0,2308.0,7538.7,6.76,3.266,195.4,194.2,1.5,99.8,31.2,0.0,,,95.0,81.0,187.0,152.0,,,510.0,,,47.0,,,,,,,,,,,,,0.0,,1.0,8038.2,,,,,,,,,,,,,,,,,,,,,,,,,,,3.231,870.9,,,,6258.0,0.0,,,,3.483,,,,,,,,,,,,""
18651068551,"25 mai 2026, 16:56:08",Course à pied en soirée,Course à pied,,2460,"7,45",182.0,75,false,,,activities/19758777965.fit.gz,,,2460.0,2421.0,7458.8,5.583,3.081,76.5,77.3,210.2,248.4,12.9,0.0,,,82.0,80.0,182.0,162.0,,,564.0,,,75.0,,,,,,,,,,,,,0.0,,1.0,7607.3,,,,,,,,,,,,,,,,,,,,,,,,,,,3.032,416.8,,,,6524.0,0.0,,,,3.142,,,,,,,,,,,,""
18638710033,"24 mai 2026, 16:51:01",Course à pied en soirée,Course à pied,,3475,"10,10",179.0,93,false,,,activities/19746154776.fit.gz,,,3475.0,3462.0,10099.5,4.317,2.917,116.3,116.3,193.7,280.2,29.6,0.0,,,82.0,79.0,179.0,159.0,,,773.0,,,93.0,,,,,,,,,,,,,0.0,,1.0,10352.0,,,,,,,,,,,,,,,,,,,,,,,,,,,2.906,0.0,,,,9086.0,0.0,,,,2.99,,,,,,,,,,,,""
18631596559,"24 mai 2026, 08:27:51",HIIT le matin,Entraînement,,2775,0,143.0,9,false,,,activities/19738892253.fit.gz,,,2775.0,2775.0,0.0,0.0,0.0,0.0,0.0,0.0,0.0,0.0,0.0,,,,,143.0,115.0,,,313.0,,,9.0,,,,,,,,,,,,,0.0,,1.0,,,,,,,,,,,,,,,,,,,,,,,,,,,,0.0,0.0,,,,,0.0,,,,,,,,0.0,,,,,,,,""
18621638540,"23 mai 2026, 12:16:46",Course à pied dans l'après-midi,Course à pied,,4192,"9,68",176.0,73,false,,,activities/19728701102.fit.gz,,,4192.0,3328.0,9684.2,4.42,2.91,86.6,85.1,193.8,252.4,20.3,0.0,,,108.0,80.0,176.0,153.0,,,703.0,,,73.0,,,,,,,,,,,,,0.0,,1.0,9844.7,,,,,,,,,,,,,,,,,,,,,,,,,,,2.31,2739.0,,,,8856.0,0.0,,,,2.958,,,,,,,,,,,,""
18614214008,"22 mai 2026, 20:34:53",HIIT de nuit,Entraînement,,2829,0,139.0,8,false,,,activities/19721129643.fit.gz,,,2829.0,2829.0,0.0,0.0,0.0,0.0,0.0,0.0,0.0,0.0,0.0,,,,,139.0,113.0,,,300.0,,,8.0,,,,,,,,,,,,,0.0,,1.0,,,,,,,,,,,,,,,,,,,,,,,,,,,,0.0,0.0,,,,,0.0,,,,,,,,0.0,,,,,,,,""
18610392680,"22 mai 2026, 15:50:03",Course à pied dans l'après-midi,Course à pied,,2318,"7,79",187.0,101,false,,,activities/19717228595.fit.gz,,,2318.0,2228.0,7794.8,6.22,3.499,91.2,123.7,230.5,295.9,8.5,-0.4,,,87.0,84.0,187.0,170.0,,,549.0,,,101.0,,,,,,,,,,,,,0.0,,1.0,7872.9,,,,,,,,,,,,,,,,,,,,,,,,,,,3.363,3692.6,,,,6224.0,0.0,,,,3.534,,,,,,,,,,,,""
18596375816,"21 mai 2026, 13:58:50",HIIT dans l'après-midi,Entraînement,,4457,0,143.0,11,false,,,activities/19702947339.fit.gz,,,4457.0,4457.0,0.0,0.0,0.0,0.0,0.0,0.0,0.0,0.0,0.0,,,,,143.0,102.0,,,350.0,,,11.0,,,,,,,,,,,,,0.0,,1.0,,,,,,,,,,,,,,,,,,,,,,,,,,,,0.0,0.0,,,,,0.0,,,,,,,,0.0,,,,,,,,""
18591511982,"21 mai 2026, 06:01:45",Natation le matin,Natation,,2648,1 500,185.0,63,false,,,activities/19697998680.fit.gz,,,2648.0,2231.0,1500.0,10.0,0.672,0.0,0.0,0.0,0.0,0.0,0.0,,,,,185.0,144.0,,,369.0,,,63.0,,,,,,,,,,,,,0.0,,1.0,,,,,,,,,,,,,,,,,,,,,,,,,,,,0.566,0.0,,,,,0.0,25.0,,,,,,,,,,,,,,,""
18570771180,"19 mai 2026, 14:42:49",Course à pied dans l'après-midi,Course à pied,,8655,"18,73",191.0,205,false,,,activities/19676999688.fit.gz,,,8655.0,6228.0,18736.3,5.96,3.008,228.9,229.0,218.2,295.9,36.4,0.0,,,94.0,82.0,191.0,163.0,,,1378.0,,,205.0,,,,,,,,,,,,,0.0,,1.0,19252.1,,,,,,,,,,,,,,,,,,,,,,,,,,,2.165,6467.4,,,,16742.0,0.0,,,,3.091,,,,,,,,,,,,""
18532043271,"16 mai 2026, 15:23:30",Course à pied dans l'après-midi,Course à pied,,3583,"8,26",158.0,24,false,,,activities/19637815709.fit.gz,,,3583.0,3518.0,8260.2,3.56,2.348,206.9,214.3,4.0,172.4,41.0,-0.1,,,93.0,75.0,158.0,132.0,,,626.0,,,24.0,,,,,,,,,,,,,0.0,,1.0,9092.1,,,,,,,,,,,,,,,,,,,,,,,,,,,2.305,2306.4,,,,8728.0,0.0,,,,2.584,,,,,,,,,,,,""
18505086466,"14 mai 2026, 08:39:37",Marche le matin,Marche,,21640,"35,02",154.0,28,false,,,activities/19610600031.fit.gz,,,21640.0,15198.0,35025.1,5.3,2.305,337.4,203.2,5.6,184.8,46.9,0.4,,,123.0,53.0,154.0,88.0,,,1160.0,,,28.0,,,,,,,,,,,,,0.0,,1.0,,,,,,,,,,,,,,,,,,,,,,,,,,,,1.619,14444.1,,,,14316.0,0.0,,,,,,,,,,,,,,,,""
18490696171,"13 mai 2026, 09:11:02",Marche le midi,Marche,,14890,"16,01",152.0,38,false,,,activities/19596090820.fit.gz,,,14890.0,11272.0,16011.3,3.829,1.42,573.9,573.8,12.7,233.9,50.0,0.0,,,124.0,59.0,152.0,111.0,,,1458.0,,,38.0,,,,,,,,,,,,,0.0,,1.0,,,,,,,,,,,,,,,,,,,,,,,,,,,,1.075,3589.1,,,,19796.0,0.0,,,,,,,,,,,,,,,,""
18474534519,"12 mai 2026, 08:22:26",Course à pied le matin,Randonnée,"",6054,"4,44",148.0,12,false,,,activities/19579808148.fit.gz,,,6054.0,4579.0,4442.5,6.8,0.97,395.8,391.2,2.6,297.2,49.7,0.1,,,125.0,56.0,148.0,106.0,,,549.0,,,12.0,,,,,,,,,,,,,0.0,,1.0,7705.2,,,,,,,,,,,,,,,,,,,,,,,,,,,0.734,2589.5,,,,7856.0,0.0,,,,1.351,,,,,,,,,,,,""
18465522588,"11 mai 2026, 15:00:52",Course à pied dans l'après-midi,Course à pied,,4416,"8,40",165.0,20,false,,,activities/19570745922.fit.gz,,,4416.0,3662.0,8408.4,3.56,2.296,236.3,240.7,4.0,171.0,30.1,-0.1,,,98.0,75.0,165.0,132.0,,,620.0,,,20.0,,,,,,,,,,,,,0.0,,1.0,9437.9,,,,,,,,,,,,,,,,,,,,,,,,,,,1.904,2386.1,,,,8962.0,0.0,,,,2.577,,,,,,,,,,,,""
18438836018,"9 mai 2026, 12:53:22",Course à pied dans l'après-midi,Course à pied,,2214,"7,40",190.0,87,false,,,activities/19543700071.fit.gz,,,2214.0,2211.0,7403.6,5.84,3.349,51.1,46.4,269.3,306.7,5.8,0.1,,,94.0,82.0,190.0,168.0,,,524.0,,,87.0,,,,,,,,,,,,,0.0,,1.0,7462.5,,,,,,,,,,,,,,,,,,,,,,,,,,,3.344,127.3,,,,5994.0,0.0,,,,3.375,,,,,,,,,,,,""
18429724385,"8 mai 2026, 19:29:20",Course à pied de nuit,Course à pied,,1965,"7,02",184.0,70,false,,,activities/19534477484.fit.gz,,,1965.0,1965.0,7027.9,5.85,3.577,69.6,68.7,218.2,274.7,7.5,0.0,,,90.0,86.0,184.0,166.0,,,483.0,,,70.0,,,,,,,,,,,,,0.0,,1.0,7121.2,,,,,,,,,,,,,,,,,,,,,,,,,,,3.577,236.4,,,,5608.0,0.0,,,,3.624,,,,,,,,,,,,""
18412848224,"7 mai 2026, 12:22:47",Course à pied dans l'après-midi,Course à pied,,6936,"17,80",188.0,203,false,,,activities/19517461470.fit.gz,,,6936.0,5984.0,17799.0,5.757,2.974,306.6,296.4,185.0,299.1,30.0,0.1,,,114.0,83.0,188.0,165.0,,,1301.0,,,203.0,,,,,,,,,,,,,0.0,,1.0,18964.0,,,,,,,,,,,,,,,,,,,,,,,,,,,2.566,5931.9,,,,16484.0,0.0,,,,3.169,,,,,,,,,,,,""
18388446461,"5 mai 2026, 16:48:28",Course à pied en soirée,Course à pied,,2474,"7,46",189.0,72,false,,,activities/19492885887.fit.gz,,,2474.0,2274.0,7461.3,6.7,3.281,135.0,128.7,233.0,300.3,26.2,0.1,,,98.0,83.0,189.0,163.0,,,539.0,,,72.0,,,,,,,,,,,,,0.0,,1.0,7881.8,,,,,,,,,,,,,,,,,,,,,,,,,,,3.016,4082.9,,,,6292.0,0.0,,,,3.466,,,,,,,,,,,,""
18347355508,"2 mai 2026, 13:59:08",Course à pied dans l'après-midi,Course à pied,,1843,"6,36",188.0,73,false,,,activities/19451316768.fit.gz,,,1843.0,1838.0,6365.2,4.58,3.463,48.2,23.5,269.3,306.1,5.9,0.4,,,91.0,86.0,188.0,168.0,,,453.0,,,73.0,,,,,,,,,,,,,0.0,,1.0,6460.8,,,,,,,,,,,,,,,,,,,,,,,,,,,3.454,217.7,,,,5246.0,0.0,,,,3.515,,,,,,,,,,,,""
18334383084,"1 mai 2026, 14:09:04",Course à pied dans l'après-midi,Course à pied,,3881,"10,03",184.0,63,false,,,activities/19438170036.fit.gz,,,3881.0,3825.0,10032.2,6.7,2.623,137.1,143.1,230.5,295.9,13.4,-0.1,,,94.0,81.0,184.0,150.0,,,778.0,,,63.0,,,,,,,,,,,,,0.0,,1.0,10296.5,,,,,,,,,,,,,,,,,,,,,,,,,,,2.585,4267.1,,,,9800.0,0.0,,,,2.692,,,,,,,,,,,,""
18317161723,"30 avr. 2026, 09:36:51",Course à pied le midi,Course à pied,,3097,"9,29",184.0,97,false,,,activities/19420787824.fit.gz,,,3097.0,3059.0,9291.9,5.16,3.038,172.8,157.3,168.6,216.9,28.7,0.2,,,90.0,84.0,184.0,163.0,,,711.0,,,97.0,,,,,,,,,,,,,0.0,,1.0,10037.8,,,,,,,,,,,,,,,,,,,,,,,,,,,3.0,5962.3,,,,8624.0,0.0,,,,3.281,,,,,,,,,,,,""
18303467223,"29 avr. 2026, 09:18:31",Course à pied le midi,Course à pied,,2020,"6,17",187.0,70,false,,,activities/19406997828.fit.gz,,,2020.0,2008.0,6172.9,6.05,3.074,158.7,154.3,233.0,299.1,30.6,0.1,,,95.0,85.0,187.0,165.0,,,480.0,,,70.0,,,,,,,,,,,,,0.0,,1.0,6799.9,,,,,,,,,,,,,,,,,,,,,,,,,,,3.056,2979.2,,,,5642.0,0.0,,,,3.386,,,,,,,,,,,,""
18295547335,"28 avr. 2026, 16:50:13",Course à pied en soirée,Course à pied,,3625,"8,87",159.0,18,false,,,activities/19399019065.fit.gz,,,3625.0,3511.0,8874.5,3.689,2.528,91.6,91.1,193.7,252.4,20.4,0.0,,,87.0,80.0,159.0,135.0,,,635.0,,,18.0,,,,,,,,,,,,,0.0,,1.0,9087.1,,,,,,,,,,,,,,,,,,,,,,,,,,,2.448,1962.3,,,,9154.0,0.0,,,,2.588,,,,,,,,,,,,""
18262313434,"26 avr. 2026, 06:01:30",Course à pied le matin,Course à pied,,12437,"32,25",196.0,557,false,,,activities/19365490349.fit.gz,,,12437.0,12050.0,32258.7,5.814,2.677,1098.0,1098.8,309.3,507.2,45.9,0.0,,,121.0,78.0,196.0,172.0,,,2750.0,,,557.0,,,,,,,,,,,,,0.0,,1.0,37246.0,,,,,,,,,,,,,,,,,,,,,,,,,,,2.594,6535.8,,,,30780.0,0.0,,,,3.091,,,,,,,,,,,,""
18201651034,"21 avr. 2026, 16:45:02",Course à pied en soirée,Course à pied,,3230,"9,18",173.0,59,false,,,activities/19304313441.fit.gz,,,3230.0,3029.0,9181.5,4.68,3.031,148.3,148.4,225.9,299.1,35.9,0.0,,,98.0,82.0,173.0,152.0,,,654.0,,,59.0,,,,,,,,,,,,,0.0,,1.0,9471.5,,,,,,,,,,,,,,,,,,,,,,,,,,,2.843,2074.6,,,,8150.0,0.0,,,,3.127,,,,,,,,,,,,""
18129381159,"16 avr. 2026, 08:33:53",Course à pied le matin,Course à pied,,5287,"15,05",191.0,238,false,,,activities/19231387243.fit.gz,,,5287.0,4729.0,15054.9,4.72,3.184,219.9,170.7,168.7,272.1,13.3,0.3,,,114.0,83.0,191.0,175.0,,,1157.0,,,238.0,,,,,,,,,,,,,0.0,,1.0,15577.7,,,,,,,,,,,,,,,,,,,,,,,,,,,2.848,483.7,,,,13086.0,0.0,,,,3.294,,,,,,,,,,,,""
18121757645,"15 avr. 2026, 17:05:45",Course à pied en soirée,Course à pied,,2305,"7,59",188.0,80,false,,,activities/19223705870.fit.gz,,,2305.0,2236.0,7592.7,4.662,3.396,18.6,69.9,168.6,229.7,3.5,-0.6,,,89.0,83.0,188.0,166.0,,,533.0,,,80.0,,,,,,,,,,,,,0.0,,1.0,7531.1,,,,,,,,,,,,,,,,,,,,,,,,,,,3.294,0.0,,,,6200.0,0.0,,,,3.368,,,,,,,,,,,,""
18030325901,"8 avr. 2026, 16:30:41",Course à pied en soirée,Course à pied,,3503,"10,31",182.0,67,false,,,activities/19131454357.fit.gz,,,3503.0,3460.0,10312.5,5.643,2.98,136.2,135.6,223.0,282.1,26.3,0.0,,,93.0,80.0,182.0,153.0,,,735.0,,,67.0,,,,,,,,,,,,,0.0,,1.0,10656.9,,,,,,,,,,,,,,,,,,,,,,,,,,,2.944,0.0,,,,9146.0,0.0,,,,3.08,,,,,,,,,,,,""
18010983415,"7 avr. 2026, 10:04:03",Course à pied le midi,Course à pied,,2821,"8,68",188.0,114,false,,,activities/19111769462.fit.gz,,,2821.0,2800.0,8681.5,4.967,3.101,191.0,190.5,233.4,299.3,24.2,0.0,,,109.0,82.0,188.0,169.0,,,655.0,,,114.0,,,,,,,,,,,,,0.0,,1.0,9269.1,,,,,,,,,,,,,,,,,,,,,,,,,,,3.077,5093.0,,,,7678.0,0.0,,,,3.31,,,,,,,,,,,,""
17985950343,"5 avr. 2026, 09:49:28",Course à pied le midi,Course à pied,,4402,"12,75",188.0,206,false,,,activities/19086437007.fit.gz,,,4402.0,4297.0,12751.1,7.78,2.967,113.1,111.7,193.7,252.5,43.9,0.0,,,87.0,83.0,188.0,172.0,,,989.0,,,206.0,,,,,,,,,,,,,0.0,,1.0,13000.9,,,,,,,,,,,,,,,,,,,,,,,,,,,2.897,4705.9,,,,11860.0,0.0,,,,3.026,,,,,,,,,,,,""
17961372469,"3 avr. 2026, 11:00:40",Course à pied dans l'après-midi,Course à pied,,4265,"11,85",192.0,176,false,,,activities/19061607001.fit.gz,,,4265.0,3850.0,11857.0,5.46,3.08,247.7,254.6,233.3,300.2,25.2,0.0,,,91.0,83.0,192.0,172.0,,,900.0,,,176.0,,,,,,,,,,,,,0.0,,1.0,12721.7,,,,,,,,,,,,,,,,,,,,,,,,,,,2.78,6893.5,,,,10564.0,0.0,,,,3.304,,,,,,,,,,,,""
17940904414,"1 avr. 2026, 16:31:49",Course à pied en soirée,Course à pied,,4643,"13,14",197.0,140,false,,,activities/19041001411.fit.gz,,,4643.0,4531.0,13142.5,7.817,2.901,263.5,271.3,164.3,281.4,40.9,0.0,,,92.0,83.0,197.0,163.0,,,999.0,,,140.0,,,,,,,,,,,,,0.0,,1.0,14301.2,,,,,,,,,,,,,,,,,,,,,,,,,,,2.831,1014.3,,,,12124.0,0.0,,,,3.156,,,,,,,,,,,,""
17925877697,"31 mars 2026, 14:23:02",Course à pied dans l'après-midi,Course à pied,,2108,"7,57",192.0,88,false,,,activities/19025876151.fit.gz,,,2108.0,2103.0,7569.0,5.32,3.599,99.1,96.5,193.7,274.4,28.7,0.0,,,94.0,86.0,192.0,170.0,,,519.0,,,88.0,,,,,,,,,,,,,0.0,,1.0,7866.8,,,,,,,,,,,,,,,,,,,,,,,,,,,3.591,0.0,,,,6008.0,0.0,,,,3.741,,,,,,,,,,,,""
17898154773,"29 mars 2026, 07:37:44",Course à pied le matin,Course à pied,,8560,"16,06",186.0,89,false,,,activities/18997880362.fit.gz,,,8560.0,8082.0,16062.1,6.58,1.987,722.5,686.9,321.0,530.6,44.0,0.2,,,119.0,73.0,186.0,141.0,,,1292.0,,,89.0,,,,,,,,,,,,,0.0,,1.0,19915.4,,,,,,,,,,,,,,,,,,,,,,,,,,,1.876,4933.0,,,,16704.0,0.0,,,,2.464,,,,,,,,,,,,""
17862947417,"26 mars 2026, 07:04:50",Natation le matin,Natation,"",2243,1 250,175.0,33,false,,,activities/18962484285.fit.gz,,,2243.0,1927.0,1250.0,6.42,0.649,0.0,0.0,0.0,0.0,0.0,0.0,,,,,175.0,133.0,,,296.0,,,33.0,,,,,,,,,,,,,0.0,,1.0,,,,,,,,,,,,,,,,,,,,,,,,,,,,0.557,0.0,,,,,0.0,25.0,,,,,,0.0,0.0,,,,0.0,,,,""
17844093627,"24 mars 2026, 17:50:30",Course à pied le soir,Course à pied,"",3022,"8,07",,,false,,,activities/17844093627.gpx,,,3022.0,2811.0,8074.3,4.54,2.872,84.1,84.6,193.7,252.1,22.5,0.0,,,,,,,,,,,,,,,,,,,,,,,,,0.0,,1.0,8299.0,,,,,,,,,,,,,,,,,,,,,,,,,,,2.672,1927.2,,,,7224.0,0.0,,,,2.952,,,,,,,,,,,,""
17791259250,"20 mars 2026, 13:10:28",Course à pied dans l'après-midi,Course à pied,,2301,"6,32",184.0,79,false,,,activities/18890294726.fit.gz,,,2301.0,2158.0,6323.9,5.24,2.93,114.2,110.1,239.4,300.2,26.8,0.1,,,90.0,82.0,184.0,166.0,,,487.0,,,79.0,,,,,,,,,,,,,0.0,,1.0,6695.7,,,,,,,,,,,,,,,,,,,,,,,,,,,2.748,3057.7,,,,5862.0,0.0,,,,3.103,,,,,,,,,,,,""
17780249969,"19 mars 2026, 14:53:39",Course à pied dans l'après-midi,Course à pied,,2337,"8,33",193.0,130,false,,,activities/18879228577.fit.gz,,,2337.0,2317.0,8332.6,4.986,3.596,120.9,120.8,225.8,299.1,11.0,0.0,,,91.0,87.0,193.0,180.0,,,607.0,,,130.0,,,,,,,,,,,,,0.0,,1.0,8531.0,,,,,,,,,,,,,,,,,,,,,,,,,,,3.566,668.8,,,,6720.0,0.0,,,,3.682,,,,,,,,,,,,""
17755581772,"17 mars 2026, 13:41:18",Course à pied dans l'après-midi,Course à pied,,8372,"19,99",185.0,173,false,,,activities/18854459931.fit.gz,,,8372.0,7430.0,19998.9,6.267,2.692,445.9,394.4,214.9,376.9,26.6,0.3,,,108.0,81.0,185.0,156.0,,,1450.0,,,173.0,,,,,,,,,,,,,0.0,,1.0,21382.6,,,,,,,,,,,,,,,,,,,,,,,,,,,2.389,6040.9,,,,19600.0,0.0,,,,2.878,,,,,,,,,,,,""
17708676220,"13 mars 2026, 13:25:40",Course à pied dans l'après-midi,Course à pied,,3591,"9,37",193.0,87,false,,,activities/18807220068.fit.gz,,,3591.0,3192.0,9373.3,5.78,2.936,156.2,163.7,230.5,296.0,24.6,-0.1,,,104.0,82.0,193.0,160.0,,,690.0,,,87.0,,,,,,,,,,,,,0.0,,1.0,9748.5,,,,,,,,,,,,,,,,,,,,,,,,,,,2.61,4542.1,,,,8518.0,0.0,,,,3.054,,,,,,,,,,,,""
17673026816,"10 mars 2026, 13:25:35",Course à pied dans l'après-midi,Course à pied,,3514,"8,01",172.0,53,false,,,activities/18771426806.fit.gz,,,3514.0,2768.0,8018.6,7.16,2.897,126.8,129.9,230.5,295.9,27.5,0.0,,,119.0,80.0,172.0,151.0,,,569.0,,,53.0,,,,,,,,,,,,,0.0,,1.0,8396.3,,,,,,,,,,,,,,,,,,,,,,,,,,,2.282,3759.5,,,,7268.0,0.0,,,,3.033,,,,,,,,,,,,""
17614617917,"5 mars 2026, 14:21:30",Course à pied dans l'après-midi,Course à pied,,6519,"16,31",183.0,163,false,,,activities/18712545677.fit.gz,,,6519.0,5425.0,16317.5,7.46,3.008,167.9,156.1,168.4,295.2,46.6,0.1,,,110.0,82.0,183.0,162.0,,,1132.0,,,163.0,,,,,,,,,,,,,0.0,,1.0,16914.7,,,,,,,,,,,,,,,,,,,,,,,,,,2.0,2.503,2533.1,,,,14834.0,0.0,,,,3.118,,,,,,,,,,,,""
17585871408,"3 mars 2026, 09:54:04",Course à pied le matin,Course à pied,,2476,"5,57",169.0,18,false,,,activities/18683752606.fit.gz,,,2476.0,2327.0,5571.3,5.05,2.394,89.8,121.8,233.2,300.2,19.9,-0.6,,,123.0,72.0,169.0,135.0,,,407.0,,,18.0,,,,,,,,,,,,,0.0,,1.0,5832.2,,,,,,,,,,,,,,,,,,,,,,,,,,,2.25,3853.6,,,,5662.0,0.0,,,,2.506,,,,,,,,,,,,""
17530920083,"26 févr. 2026, 12:53:08",Course à pied dans l'après-midi,Course à pied,,7493,"20,01",195.0,327,false,,,activities/18628408261.fit.gz,,,7493.0,6698.0,20009.4,6.76,2.987,320.6,342.4,217.4,299.2,48.2,-0.1,,,90.0,83.0,195.0,175.0,,,1561.0,,,327.0,,,,,,,,,,,,,0.0,,1.0,20914.8,,,,,,,,,,,,,,,,,,,,,,,,,,,2.67,7491.6,,,,18222.0,0.0,,,,3.123,,,,,,,,,,,,""
17481546812,"22 févr. 2026, 10:20:17",Course à pied le midi,Course à pied,,2291,"6,72",193.0,91,false,,,activities/18578830521.fit.gz,,,2291.0,2255.0,6720.5,4.7,2.98,123.8,127.7,233.2,300.2,33.3,-0.1,,,90.0,81.0,193.0,169.0,,,526.0,,,91.0,,,,,,,,,,,,,0.0,,1.0,7124.3,,,,,,,,,,,,,,,,,,,,,,,,,,,2.933,3729.7,,,,6104.0,0.0,,,,3.159,,,,,,,,,,,,""
17470237585,"21 févr. 2026, 10:25:29",Course à pied le midi,Course à pied,,2347,"8,04",193.0,135,false,,,activities/18567439366.fit.gz,,,2347.0,2347.0,8042.5,4.943,3.427,124.4,123.7,230.5,293.5,26.1,0.0,,,90.0,84.0,193.0,181.0,,,597.0,,,135.0,,,,,,,,,,,,,0.0,,1.0,8356.5,,,,,,,,,,,,,,,,,,,,,,,,,,,3.427,3200.6,,,,6586.0,0.0,,,,3.561,,,,,,,,,,,,""
17441377981,"18 févr. 2026, 16:26:14",Course à pied dans l'après-midi,Course à pied,,3240,"10,00",202.0,149,false,,,activities/18538493209.fit.gz,,,3240.0,3044.0,10005.6,9.32,3.287,123.7,125.9,220.3,299.1,22.2,0.0,,,89.0,83.0,202.0,175.0,,,754.0,,,149.0,,,,,,,,,,,,,0.0,,1.0,10208.1,,,,,,,,,,,,,,,,,,,,,,,,,,,3.088,4014.2,,,,8314.0,0.0,,,,3.354,,,,,,,,,,,,""
16786865215,"19 déc. 2025, 17:47:20",Course à pied en soirée,Course à pied,,2412,"6,24",163.0,28,false,,,activities/17877668367.fit.gz,,,2412.0,2354.0,6243.2,5.729,2.652,40.8,45.2,215.0,248.4,6.3,-0.1,,,88.0,79.0,163.0,145.0,,,455.0,,,28.0,,,,,,,,,,,,,0.0,,1.0,6282.1,,,,,,,,,,,,,,,,,,,,,,,,,,,2.588,0.0,,,,6010.0,0.0,,,,2.669,,,,,,,,,,,,""
16759603919,"16 déc. 2025, 16:44:32",Course à pied dans l'après-midi,Course à pied,,1580,"5,56",197.0,88,false,,,activities/17850128256.fit.gz,,,1580.0,1580.0,5566.3,10.0,3.523,57.1,52.1,193.7,237.9,25.6,0.0,,,89.0,83.0,197.0,179.0,,,407.0,,,88.0,,,,,,,,,,,,,0.0,,1.0,5696.4,,,,,,,,,,,,,,,,,,,,,,,,,,,3.523,0.0,,,,4394.0,0.0,,,,3.605,,,,,,,,,,,,""
16487488160,"17 nov. 2025, 17:48:13",Course à pied en soirée,Course à pied,,3703,"10,32",,,false,,,activities/16487488160.fit,,,3703.0,3335.0,10327.3,5.6,3.097,134.0,122.0,160.2,281.8,35.2,0.1,,,,,,,,,,,,,,,,,,,,,,,,,0.0,,1.0,10775.4,,,,,,,,,,,,,,,,,,,,,,,,,,,2.789,168.0,,,,,0.0,,,,3.231,,,,,,,,,,,,""
16352986428,"4 nov. 2025, 14:36:34",Course à pied dans l'après-midi,Course à pied,,2583,"8,00",191.0,103,false,,,activities/17438600048.fit.gz,,,2583.0,2334.0,8008.0,7.057,3.431,142.9,317.0,193.9,277.1,13.9,0.0,,,98.0,84.0,191.0,171.0,,,584.0,,,103.0,,,,,,,,,,,,,0.0,,1.0,8406.5,,,,,,,,,,,,,,,,,,,,,,,,,,,3.1,173.8,,,,6564.0,0.0,,,,3.602,,,,,,,,,,,,""
16295036671,"29 oct. 2025, 17:50:35",Course à pied en soirée,Course à pied,,3044,"8,58",181.0,83,false,,,activities/17379847914.fit.gz,,,3044.0,2814.0,8585.5,5.02,3.051,119.1,247.0,225.9,299.2,13.2,0.0,,,92.0,81.0,181.0,161.0,,,653.0,,,83.0,,,,,,,,,,,,,0.0,,1.0,8780.6,,,,,,,,,,,,,,,,,,,,,,,,,,,2.82,710.4,,,,7624.0,0.0,,,,3.12,,,,,,,,,,,,""
15604463753,"27 août 2025, 11:44:39",Sortie vélo dans l'après-midi,Vélo,,5197,"24,02",180.0,79,false,,,activities/16666327941.fit.gz,,9.0,5197.0,4273.0,24027.1,12.88,5.623,276.7,377.0,218.4,353.4,12.9,0.0,,,,,180.0,149.0,,,871.0,,,79.0,,,,,,,,,,,,,0.0,,1.0,,,,,,,,,,,,,,,,,,,,,,,,,,,,4.623,6718.2,,,,,0.0,,,,,,,,,,,,,,,,""
15402642081,"9 août 2025, 18:07:25",Course à pied en soirée,Course à pied,,2038,"7,04",196.0,77,false,,,activities/16448839968.fit.gz,,,2038.0,2038.0,7042.3,6.22,3.455,2.2,74.0,7.8,17.0,1.6,-0.1,,,92.0,84.0,196.0,167.0,,,499.0,,,77.0,,,,,,,,,,,,,0.0,,1.0,7028.7,,,,,,,,,,,,,,,,,,,,,,,,,,,3.455,0.0,,,,5710.0,0.0,,,,3.449,,,,,,,,,,,,""
15387704523,"8 août 2025, 09:19:58",Course à pied le midi,Course à pied,,2319,"7,38",192.0,104,false,,,activities/16432935845.fit.gz,,,2319.0,2231.0,7387.8,7.35,3.311,34.8,100.0,-2.4,16.8,11.8,0.1,,,87.0,84.0,192.0,173.0,,,565.0,,,104.0,,,,,,,,,,,,,0.0,,1.0,7470.7,,,,,,,,,,,,,,,,,,,,,,,,,,,3.186,0.0,,,,6196.0,0.0,,,,3.349,,,,,,,,,,,,""
15212405372,"23 juil. 2025, 16:46:01",Course à pied en soirée,Course à pied,,3407,"9,22",187.0,49,false,,,activities/16245469770.fit.gz,,,3407.0,3271.0,9221.3,5.225,2.819,103.4,254.0,215.0,250.4,9.5,0.0,,,96.0,78.0,187.0,148.0,,,691.0,,,49.0,,,,,,,,,,,,,0.0,,1.0,9433.3,,,,,,,,,,,,,,,,,,,,,,,,,,,2.707,652.5,,,,8636.0,0.0,,,,2.884,,,,,,,,,,,,""
15189567002,"21 juil. 2025, 16:49:24",Course à pied en soirée,Course à pied,,3761,"9,31",177.0,35,false,,,activities/16220927911.fit.gz,,,3761.0,3441.0,9312.5,7.217,2.706,77.1,294.0,225.9,299.3,21.6,-0.5,,,108.0,78.0,177.0,141.0,,,663.0,,,35.0,,,,,,,,,,,,,0.0,,1.0,9374.1,,,,,,,,,,,,,,,,,,,,,,,,,,0.0,2.476,720.0,,,,8618.0,0.0,,,,2.724,,,,,,,,,,,,""
14984868337,"30 juin 2025, 17:20:19",Course à pied en soirée,Course à pied,,2954,"7,54",177.0,22,false,,,activities/15996105361.fit.gz,,,2954.0,2945.0,7540.3,4.067,2.56,70.3,161.0,267.8,296.2,7.0,0.0,,,86.0,78.0,177.0,141.0,,,561.0,,,22.0,,,,,,,,,,,,,0.0,,1.0,7621.0,,,,,,,,,,,,,,,,,,,,,,,,,,0.0,2.553,4376.9,,,,7418.0,,,,,2.588,,,,,,,,,,,,""
14933144541,"27 juin 2025, 14:18:51",Course à pied dans l'après-midi,Course à pied,,4629,"5,26",179.0,21,false,,,activities/15939202731.fit.gz,,,4629.0,1564.0,5261.8,5.017,3.364,34.0,139.0,215.0,239.0,11.5,0.0,,,89.0,84.0,179.0,151.0,,,356.0,,,21.0,,,,,,,,,,,,,0.0,,1.0,5306.3,,,,,,,,,,,,,,,,,,,,,,,,,,0.0,1.137,260.0,,,,4392.0,,,,,3.393,,,,,,,,,,,,""
14902200360,"24 juin 2025, 15:45:14",Course à pied dans l'après-midi,Course à pied,,1223,"3,51",151.0,7,false,,,activities/15905627746.fit.gz,,,1223.0,1220.0,3514.4,4.7,2.881,3.4,100.0,169.5,173.4,5.0,0.0,,,82.0,80.0,151.0,140.0,,,247.0,,,7.0,,,,,,,,,,,,,0.0,,1.0,3519.5,,,,,,,,,,,,,,,,,,,,,,,,,,0.0,2.874,88.0,,,,3244.0,,,,,2.885,,,,,,,,,,,,""
14897585293,"23 juin 2025, 16:46:54",Course à pied en soirée,Course à pied,,4239,"9,27",168.0,30,false,,,activities/15900606458.fit.gz,,,4239.0,3970.0,9272.9,6.86,2.336,134.1,341.0,225.4,299.2,22.7,0.0,,,110.0,79.0,168.0,144.0,,,720.0,,,30.0,,,,,,,,,,,,,0.0,,1.0,9533.8,,,,,,,,,,,,,,,,,,,,,,,,,,0.0,2.188,2279.6,,,,10150.0,,,,,2.401,,,,,,,,,,,,""
14841380186,"18 juin 2025, 16:53:42",Course à pied en soirée,Course à pied,,3344,"7,23",143.0,11,false,,,activities/15839534510.fit.gz,,,3344.0,3307.0,7230.3,3.471,2.186,46.9,250.0,215.0,248.7,9.4,0.0,,,82.0,77.0,143.0,127.0,,,509.0,,,11.0,,,,,,,,,,,,,0.0,,1.0,7285.9,,,,,,,,,,,,,,,,,,,,,,,,,,0.0,2.162,701.3,,,,8224.0,,,,,2.203,,,,,,,,,,,,""
14831845084,"17 juin 2025, 15:38:41",Course à pied dans l'après-midi,Course à pied,,1579,"5,41",183.0,39,false,,,activities/15829217781.fit.gz,,,1579.0,1549.0,5412.0,5.54,3.494,29.7,137.0,214.3,237.0,7.3,0.0,,,92.0,86.0,183.0,162.0,,,379.0,,,39.0,,,,,,,,,,,,,0.0,,1.0,5443.9,,,,,,,,,,,,,,,,,,,,,,,,,,0.0,3.427,198.7,,,,4446.0,,,,,3.514,,,,,,,,,,,,""
14789730145,"13 juin 2025, 19:05:20",Course à pied de nuit,Course à pied,,2608,"8,08",182.0,82,false,,,activities/15783640281.fit.gz,,,2608.0,2591.0,8085.0,4.343,3.12,70.6,180.0,194.0,237.3,27.8,0.0,,,90.0,83.0,182.0,158.0,,,599.0,,,82.0,,,,,,,,,,,,,0.0,,1.0,8219.4,,,,,,,,,,,,,,,,,,,,,,,,,,0.0,3.1,1190.9,,,,7170.0,,,,,3.172,,,,,,,,,,,,""
14785628252,"13 juin 2025, 10:37:04",Course à pied le midi,Course à pied,,3029,"6,17",191.0,99,false,,,activities/15779197405.fit.gz,,,3029.0,2299.0,6170.6,6.98,2.684,41.4,90.0,213.8,230.8,10.8,0.1,,,108.0,76.0,191.0,169.0,,0.0,525.0,,,99.0,,,,,,,,,,,,,0.0,,1.0,6231.3,,,,,,,,,,,,,,,,,,,,,,,,,,0.0,2.037,0.0,,,,5404.0,,,,,2.71,,,,,,,,,,,,""
14785628428,"13 juin 2025, 10:25:05",Course à pied le midi,Course à pied,,705,"1,94",180.0,14,false,,,activities/15779197709.fit.gz,,,705.0,704.0,1948.3,5.4,2.767,7.1,25.0,214.0,221.7,4.6,-0.2,,,90.0,79.0,180.0,150.0,,0.0,143.0,,,14.0,,,,,,,,,,,,,0.0,,1.0,1949.5,,,,,,,,,,,,,,,,,,,,,,,,,,0.0,2.764,16.0,,,,1670.0,,,,,2.769,,,,,,,,,,,,""
14746978894,"9 juin 2025, 16:45:27",Course à pied en soirée,Course à pied,,3313,"9,55",186.0,104,false,,,activities/15737500121.fit.gz,,,3313.0,3249.0,9555.1,4.95,2.941,73.4,221.0,194.0,239.2,7.8,0.0,,,89.0,80.0,186.0,159.0,,,791.0,,,104.0,,,,,,,,,,,,,0.0,,1.0,9655.0,,,,,,,,,,,,,,,,,,,,,,,,,,0.0,2.884,0.0,,,,8670.0,,,,,2.972,,,,,,,,,,,,""
14736389288,"8 juin 2025, 15:07:08",Course à pied dans l'après-midi,Course à pied,,5101,"16,41",181.0,131,false,,,activities/15726026398.fit.gz,,,5101.0,5082.0,16412.2,4.471,3.229,153.4,386.0,218.4,296.2,7.6,0.0,,,93.0,86.0,181.0,155.0,,,1230.0,,,131.0,,,,,,,,,,,,,0.0,,1.0,16601.0,,,,,,,,,,,,,,,,,,,,,,,,,,0.0,3.217,4877.0,,,,14530.0,,,,,3.267,,,,,,,,,,,,""
14725572042,"7 juin 2025, 15:31:02",Course à pied dans l'après-midi,Course à pied,5*400m// 1*1000m,2503,"8,45",194.0,93,false,,,activities/15714321054.fit.gz,,,2503.0,2482.0,8452.5,9.233,3.406,45.3,389.0,215.8,221.7,9.6,0.0,,,109.0,81.0,194.0,163.0,,,627.0,,,93.0,,,,,,,,,,,0.0,,0.0,,1.0,8490.3,,,,,,,,,,,,,,,,,,,,,,,,,,0.0,3.377,1140.4,,,,6756.0,,,,,3.421,,,,,,,,,,,,""
14706835967,"5 juin 2025, 16:55:13",Course à pied en soirée,Course à pied,,3298,"8,47",191.0,76,false,,,activities/15694082153.fit.gz,,,3298.0,3000.0,8473.4,8.18,2.824,115.2,312.0,227.9,299.2,24.2,-0.1,,,92.0,81.0,191.0,154.0,,,654.0,,,76.0,,,,,,,,,,,,,0.0,,1.0,8672.3,,,,,,,,,,,,,,,,,,,,,,,,,,0.0,2.569,861.9,,,,7828.0,,,,,2.891,,,,,,,,,,,,""
14673215778,"2 juin 2025, 13:54:09",Course à pied dans l'après-midi,Course à pied,,4533,"6,95",188.0,81,false,,,activities/15658050071.fit.gz,,,4533.0,1911.0,6954.3,5.317,3.639,80.5,176.0,219.1,280.3,6.6,0.0,,,94.0,85.0,188.0,165.0,,,508.0,,,81.0,,,,,,,,,,,,,0.0,,1.0,7070.4,,,,,,,,,,,,,,,,,,,,,,,,,,0.0,1.534,172.1,,,,5420.0,,,,,3.7,,,,,,,,,,,,""
14654406309,"31 mai 2025, 17:01:48",Course à pied en soirée,Course à pied,,1431,"4,73",184.0,44,false,,,activities/15637719852.fit.gz,,,1431.0,1403.0,4737.1,8.6,3.376,78.3,114.0,11.1,69.6,27.8,0.0,,,94.0,85.0,184.0,159.0,,,363.0,,,44.0,,,,,,,,,,,,,0.0,,1.0,5072.4,,,,,,,,,,,,,,,,,,,,,,,,,,0.0,3.31,0.0,,,,3870.0,,,,,3.615,,,,,,,,,,,,""
14650729705,"31 mai 2025, 09:49:19",Sortie vélo le midi,Vélo,,6899,"50,70",177.0,120,false,,,activities/15633788557.fit.gz,,,6899.0,6600.0,50707.3,18.753,7.683,350.6,284.0,5.6,84.4,15.5,0.0,,,,,177.0,144.0,,,1322.0,,,120.0,,,,,,,,,,,,,0.0,,1.0,,,,,,,,,,,,,,,,,,,,,,,,,,,2.0,7.35,22.6,,,,,,,,,,,,,,,,,,,,,""
14628668647,"29 mai 2025, 08:02:43",Course à pied le matin,Course à pied,,2514,"7,74",187.0,64,false,,,activities/15610079728.fit.gz,,,2514.0,2475.0,7740.1,9.84,3.127,102.7,176.0,6.3,71.3,36.7,0.0,,,106.0,84.0,187.0,154.0,,,592.0,,,64.0,,,,,,,,,,,,,0.0,,1.0,8082.8,,,,,,,,,,,,,,,,,,,,,,,,,,0.0,3.079,17.5,,,,6896.0,,,,,3.266,,,,,,,,,,,,""
14607941431,"27 mai 2025, 08:00:18",Course à pied le matin,Course à pied,,3375,"11,12",182.0,124,false,,,activities/15587867060.fit.gz,,,3375.0,3371.0,11123.3,5.483,3.3,34.0,176.0,7.0,47.7,9.6,-0.3,,,123.0,86.0,182.0,162.0,,,800.0,,,124.0,,,,,,,,,,,,,0.0,,1.0,11104.7,,,,,,,,,,,,,,,,,,,,,,,,,,0.0,3.296,0.0,,,,9636.0,,,,,3.294,,,,,,,,,,,,""
14603487535,"26 mai 2025, 18:25:03",Course à pied en soirée,Course à pied,,2135,"7,39",187.0,90,false,,,activities/15583023871.fit.gz,,,2135.0,2092.0,7394.4,7.8,3.535,47.8,136.0,7.9,48.1,11.5,0.0,,,96.0,87.0,187.0,167.0,,,523.0,,,90.0,,,,,,,,,,,,,0.0,,1.0,7509.9,,,,,,,,,,,,,,,,,,,,,,,,,,0.0,3.463,0.0,,,,6042.0,,,,,3.59,,,,,,,,,,,,""
14600846759,"26 mai 2025, 14:48:21",Course à pied dans l'après-midi,Course à pied,,1591,"5,63",183.0,69,false,,,activities/15580231127.fit.gz,,,1591.0,1580.0,5631.0,5.56,3.564,0.0,89.0,6.9,41.3,1.8,-0.6,,,92.0,85.0,183.0,167.0,,,391.0,,,69.0,,,,,,,,,,,,,0.0,,1.0,5586.7,,,,,,,,,,,,,,,,,,,,,,,,,,0.0,3.539,0.0,,,,4434.0,,,,,3.536,,,,,,,,,,,,""
14581348318,"24 mai 2025, 14:38:21",Course à pied dans l'après-midi,Course à pied,,1830,"5,39",168.0,41,false,,,activities/15559126623.fit.gz,,,1830.0,1822.0,5395.3,4.367,2.961,8.4,92.0,7.9,46.5,4.5,-0.7,,,101.0,80.0,168.0,150.0,,,401.0,,,41.0,,,,,,,,,,,,,0.0,,1.0,5350.6,,,,,,,,,,,,,,,,,,,,,,,,,,0.0,2.948,0.0,,,,4816.0,,,,,2.937,,,,,,,,,,,,""
14567663856,"23 mai 2025, 06:57:55",Course à pied le matin,Course à pied,,2922,"9,24",184.0,135,false,,,activities/15544383183.fit.gz,,,2922.0,2899.0,9243.4,4.814,3.188,232.3,274.0,81.1,202.6,13.7,0.0,,,101.0,83.0,184.0,168.0,,,719.0,,,135.0,,,,,,,,,,,,,0.0,,1.0,9827.2,,,,,,,,,,,,,,,,,,,,,,,,,,0.0,3.163,7885.7,,,,8042.0,,,,,3.39,,,,,,,,,,,,""
14551139112,"21 mai 2025, 13:36:34",Marche dans l'après-midi,Marche,,4457,"5,03",137.0,12,false,,,activities/15526641473.fit.gz,,,4457.0,4303.0,5035.9,2.3,1.17,218.3,278.0,845.2,1037.6,20.2,0.0,,,124.0,56.0,137.0,105.0,,,399.0,,,12.0,,,,,,,,,,,,,0.0,,1.0,,,,,,,,,,,,,,,,,,,,,,,,,,,0.0,1.13,5036.5,,,,7494.0,,,,,,,,,,,,,,,,,""
14548495240,"21 mai 2025, 08:49:28",Course à pied le matin,Course à pied,,3780,"12,89",182.0,136,false,,,activities/15523816176.fit.gz,,,3780.0,3780.0,12895.2,5.64,3.411,123.8,221.0,5.3,114.2,41.5,0.1,,,97.0,85.0,182.0,161.0,,,887.0,,,136.0,,,,,,,,,,,,,0.0,,1.0,13241.5,,,,,,,,,,,,,,,,,,,,,,,,,,0.0,3.411,0.0,,,,10586.0,,,,,3.503,,,,,,,,,,,,""
14529103789,"19 mai 2025, 05:24:15",Marche le matin,Marche,,29525,"20,58",163.0,65,false,,,activities/15503208675.fit.gz,,,29525.0,20027.0,20585.4,2.333,1.028,1138.6,2198.0,1385.5,2811.5,50.0,-3.6,,,123.0,54.0,163.0,104.0,,,2194.0,,,65.0,,,,,,,,,,,,,0.0,,1.0,,,,,,,,,,,,,,,,,,,,,,,,,,,0.0,0.697,20400.0,,,,27120.0,,,,,,,,,,,,,,,,,""
14529087207,"18 mai 2025, 14:33:09",Marche dans l'après-midi,Marche,,8032,"8,00",162.0,33,false,,,activities/15503190990.fit.gz,,,8032.0,7026.0,7999.4,2.7,1.139,717.3,166.0,1417.9,2118.6,43.4,8.7,,,88.0,49.0,162.0,119.0,,,929.0,,,33.0,,,,,,,,,,,,,0.0,,1.0,,,,,,,,,,,,,,,,,,,,,,,,,,,0.0,0.996,8000.7,,,,8936.0,,,,,,,,,,,,,,,,,""
14515150611,"18 mai 2025, 06:36:11",Course à pied le matin,Course à pied,,3946,"11,92",185.0,160,false,,,activities/15487297822.fit.gz,,,3946.0,3876.0,11919.1,5.367,3.075,398.4,470.0,81.1,342.6,26.6,0.0,,,106.0,82.0,185.0,165.0,,,935.0,,,160.0,,,,,,,,,,,,,0.0,,1.0,13472.1,,,,,,,,,,,,,,,,,,,,,,,,,,0.0,3.021,9646.1,,,,10688.0,,,,,3.476,,,,,,,,,,,,""
14490058092,"15 mai 2025, 15:55:04",Course à pied dans l'après-midi,Course à pied,,2333,"7,03",175.0,72,false,,,activities/15459629104.fit.gz,,,2333.0,2333.0,7037.8,3.95,3.017,199.0,200.0,97.9,202.4,28.4,0.3,,,90.0,83.0,175.0,157.0,,,542.0,,,72.0,,,,,,,,,,,,,0.0,,1.0,7653.0,,,,,,,,,,,,,,,,,,,,,,,,,,0.0,3.017,5569.0,,,,6420.0,,,,,3.28,,,,,,,,,,,,""
14487793697,"15 mai 2025, 07:48:18",Marche le matin,Marche,,15608,"15,55",168.0,50,false,,,activities/15457213095.fit.gz,,,15608.0,11951.0,15558.4,11.914,1.302,1625.4,2239.0,509.0,937.5,49.9,0.0,,,123.0,56.0,168.0,112.0,,,1393.0,,,50.0,,,,,,,,,,,,,0.0,,1.0,,,,,,,,,,,,,,,,,,,,,,,,,,,0.0,0.997,14525.8,,,,16538.0,,,,,,,,,,,,,,,,,""
14479190982,"14 mai 2025, 12:41:44",Rocher de roquebrune,Marche,"",11636,"7,11",158.0,28,false,,,activities/15448079347.fit.gz,,,11636.0,6982.0,7116.0,6.225,1.019,476.1,606.0,18.8,366.0,49.7,0.0,,,124.0,58.0,158.0,118.0,,,1126.0,,,28.0,,,,,,,,,,,0.0,,0.0,,1.0,,,,,,,,,,,,,,,,,,,,,,,,,,,0.0,0.612,5850.5,,,,10624.0,,,,,,,,,,,,,,,,,media/A34A5E32-CCF2-4F40-9CC3-44BED9EF9536.jpg|media/A3CE4FB8-F05F-439A-A780-83571E5FD0E9.jpg|media/77DFA9E2-7015-4559-B7E7-CFAD98090F48.jpg|media/69E11705-8914-4369-90C8-33E6199F6BD0.jpg
14474801342,"14 mai 2025, 06:04:45",Course à pied le matin,Course à pied,,3001,"10,73",183.0,133,false,,,activities/15443410630.fit.gz,,,3001.0,3000.0,10732.2,4.717,3.577,133.8,174.0,5.3,114.6,40.7,0.1,,,96.0,88.0,183.0,166.0,,,746.0,,,133.0,,,,,,,,,,,,,0.0,,1.0,11083.4,,,,,,,,,,,,,,,,,,,,,,,,,,0.0,3.576,0.0,,,,8780.0,,,,,3.694,,,,,,,,,,,,""
14468847605,"13 mai 2025, 16:21:51",Course à pied en soirée,Course à pied,,2523,"7,69",175.0,73,false,,,activities/15437143729.fit.gz,,,2523.0,2523.0,7697.3,3.978,3.051,154.2,214.0,101.1,218.6,40.0,-0.1,,,88.0,84.0,175.0,156.0,,,564.0,,,73.0,,,,,,,,,,,,,0.0,,1.0,8109.6,,,,,,,,,,,,,,,,,,,,,,,,,,0.0,3.051,5971.3,,,,7020.0,,,,,3.214,,,,,,,,,,,,""
14448692429,"11 mai 2025, 14:45:47",Course à pied dans l'après-midi,Course à pied,,6170,"21,22",185.0,300,false,,,activities/15415773234.fit.gz,,,6170.0,6166.0,21220.6,4.44,3.442,156.7,287.0,5.0,107.4,23.4,0.0,,,89.0,85.0,185.0,169.0,,,1520.0,,,300.0,,,,,,,,,,,,,0.0,,1.0,21516.5,,,,,,,,,,,,,,,,,,,,,,,,,,0.0,3.439,51.0,,,,17526.0,,,,,3.49,,,,,,,,,,,,""
14439136779,"10 mai 2025, 18:29:47",Course à pied en soirée,Course à pied,,1680,"5,85",173.0,55,false,,,activities/15405653673.fit.gz,,,1680.0,1680.0,5856.0,4.438,3.486,21.4,79.0,4.2,19.4,6.5,0.0,,,87.0,84.0,173.0,160.0,,,406.0,,,55.0,,,,,,,,,,,,,0.0,,1.0,5883.7,,,,,,,,,,,,,,,,,,,,,,,,,,0.0,3.486,814.2,,,,4716.0,,,,,3.502,,,,,,,,,,,,""
14423480416,"9 mai 2025, 08:22:40",Course à pied le matin,Course à pied,,3059,"10,66",190.0,120,false,,,activities/15389124279.fit.gz,,,3059.0,3049.0,10667.9,4.912,3.499,124.2,189.0,5.3,105.7,14.4,0.0,,,94.0,85.0,190.0,164.0,,,743.0,,,120.0,,,,,,,,,,,,,0.0,,1.0,10922.1,,,,,,,,,,,,,,,,,,,,,,,,,,0.0,3.487,0.0,,,,8628.0,,,,,3.582,,,,,,,,,,,,""
14416466120,"8 mai 2025, 11:38:45",Sortie vélo dans l'après-midi,Vélo,"",10925,"29,09",169.0,71,false,,,activities/15381727080.fit.gz,,,10925.0,7977.0,29089.3,13.529,3.647,598.6,707.0,13.7,287.2,25.0,0.0,,,,,169.0,128.0,,,1263.0,,,71.0,,,,,,,,,,,0.0,,0.0,,1.0,,,,,,,,,,,,,,,,,,,,,,,,,,,0.0,2.663,10462.6,,,,,,,,,,,,,,,,,,,,,media/32DAB79A-C230-418A-B295-A685A7499486.jpg|media/C920BE35-4DB8-416E-AF4D-E9581F2BCBF8.jpg|media/B20AF98D-4DF0-411B-994B-0410C896FDDB.jpg
14392337425,"6 mai 2025, 08:13:34",Course à pied le matin,Course à pied,,2701,"10,38",191.0,151,false,,,activities/15356456771.fit.gz,,,2701.0,2692.0,10388.9,4.467,3.859,22.7,93.0,4.5,11.9,1.6,0.0,,,92.0,87.0,191.0,175.0,,,711.0,,,151.0,,,,,,,,,,,,,0.0,,1.0,10402.2,,,,,,,,,,,,,,,,,,,,,,,,,,0.0,3.846,0.0,,,,7774.0,,,,,3.864,,,,,,,,,,,,""
14383681011,"5 mai 2025, 10:40:16",Course à pied le midi,Course à pied,,2307,"7,01",193.0,101,false,,,activities/15347354483.fit.gz,,,2307.0,2175.0,7017.5,6.06,3.226,258.3,285.0,99.0,342.5,38.2,-0.1,,,100.0,84.0,193.0,168.0,,,534.0,,,101.0,,,,,,,,,,,,,0.0,,1.0,8233.3,,,,,,,,,,,,,,,,,,,,,,,,,,0.0,3.042,4394.5,,,,6096.0,,,,,3.785,,,,,,,,,,,,""
14373077807,"4 mai 2025, 09:22:00",Course à pied le midi (pieds chauds),Course à pied,"",2714,"8,75",189.0,96,false,,,activities/15336175873.fit.gz,,,2714.0,2693.0,8756.8,5.629,3.252,241.5,275.0,97.8,281.9,29.5,0.1,,,111.0,82.0,189.0,161.0,,,638.0,,,96.0,,,,,,,,,,,0.0,,0.0,,1.0,9681.0,,,,,,,,,,,,,,,,,,,,,,,,,,0.0,3.227,6989.5,,,,7364.0,,,,,3.595,,,,,,,,,,,,""
14333688732,"30 avr. 2025, 14:44:10",Course à pied dans l'après-midi,Course à pied,,2096,"6,90",182.0,80,false,,,activities/15294829981.fit.gz,,,2096.0,2096.0,6903.4,6.94,3.294,45.3,142.0,194.0,229.7,29.8,0.0,,,100.0,83.0,182.0,162.0,,,487.0,,,80.0,,,,,,,,,,,,,0.0,,1.0,6988.3,,,,,,,,,,,,,,,,,,,,,,,,,,0.0,3.294,480.4,,,,5804.0,,,,,3.334,,,,,,,,,,,,""
14325189700,"29 avr. 2025, 17:33:01",Course à pied en soirée,Course à pied,,2815,"9,36",187.0,109,false,,,activities/15285945506.fit.gz,,,2815.0,2792.0,9363.4,8.767,3.354,140.0,287.0,221.0,299.2,18.9,0.0,,,103.0,84.0,187.0,164.0,,,644.0,,,109.0,,,,,,,,,,,,,0.0,,1.0,9640.2,,,,,,,,,,,,,,,,,,,,,,,,,,0.0,3.326,3133.2,,,,7780.0,,,,,3.453,,,,,,,,,,,,""
14312961389,"28 avr. 2025, 15:38:19",Course à pied dans l'après-midi,Course à pied,,2134,"6,91",188.0,99,false,,,activities/15273204931.fit.gz,,,2134.0,2041.0,6914.2,6.629,3.388,8.4,168.0,166.8,223.9,4.5,-0.8,,,90.0,84.0,188.0,170.0,,,508.0,,,99.0,,,,,,,,,,,,,0.0,,1.0,6824.8,,,,,,,,,,,,,,,,,,,,,,,,,,0.0,3.24,0.0,,,,5754.0,,,,,3.344,,,,,,,,,,,,""
14311886202,"28 avr. 2025, 13:18:37",Course à pied dans l'après-midi,Course à pied,,2888,"9,07",190.0,116,false,,,activities/15272077727.fit.gz,,,2888.0,2540.0,9074.6,5.22,3.573,90.8,174.0,267.8,296.2,6.3,0.0,,,96.0,84.0,190.0,169.0,,,596.0,,,116.0,,,,,,,,,,,,,0.0,,1.0,9186.4,,,,,,,,,,,,,,,,,,,,,,,,,,0.0,3.142,6735.8,,,,7142.0,,,,,3.617,,,,,,,,,,,,""
14289510440,"26 avr. 2025, 09:27:11",Course à pied le midi,Course à pied,,2616,"5,05",177.0,43,false,,,activities/15248575999.fit.gz,,,2616.0,1739.0,5056.0,4.65,2.907,94.1,140.0,1051.1,1089.3,20.6,0.0,,,89.0,81.0,177.0,152.0,,,348.0,,,43.0,,,,,,,,,,,,,0.0,,1.0,5253.2,,,,,,,,,,,,,,,,,,,,,,,,,,0.0,1.933,3483.6,,,,4668.0,,,,,3.021,,,,,,,,,,,,""
14282471318,"25 avr. 2025, 14:29:11",Course à pied dans l'après-midi,Course à pied,,955,"3,22",189.0,33,false,,,activities/15241204485.fit.gz,,,955.0,955.0,3220.0,4.27,3.372,0.0,0.0,0.0,0.0,0.0,0.0,,,93.0,82.0,189.0,162.0,,,205.0,,,33.0,,,,,,,,,,,,,0.0,,1.0,3228.5,,,,,,,,,,,,,,,,,,,,,,,,,,0.0,3.372,0.0,,,,2628.0,,,,,,,,,,,,,,,,,""
14270501616,"24 avr. 2025, 09:14:03",Course à pied le midi,Course à pied,,1926,"6,73",192.0,101,false,,,activities/15228702456.fit.gz,,,1926.0,1771.0,6730.4,5.28,3.8,4.5,147.0,4.4,6.8,2.3,0.0,,,95.0,85.0,192.0,177.0,,,441.0,,,101.0,,,,,,,,,,,,,0.0,,1.0,6738.4,,,,,,,,,,,,,,,,,,,,,,,,,,0.0,3.494,0.0,,,,4974.0,,,,,3.805,,,,,,,,,,,,""
14262184478,"23 avr. 2025, 12:51:59",Course à pied dans l'après-midi,Course à pied,,719,"2,01",179.0,19,false,,,activities/15220030882.fit.gz,,,719.0,694.0,2010.3,4.75,2.897,37.0,35.0,7.9,46.6,11.7,1.9,,,87.0,84.0,179.0,154.0,,,149.0,,,19.0,,,,,,,,,,,,,0.0,,1.0,2170.1,,,,,,,,,,,,,,,,,,,,,,,,,,0.0,2.796,0.0,,,,1940.0,,,,,3.127,,,,,,,,,,,,""
14261506092,"23 avr. 2025, 11:31:51",Course à pied dans l'après-midi,Course à pied,,787,"2,58",169.0,19,false,,,activities/15219320320.fit.gz,,,787.0,775.0,2580.8,5.25,3.33,0.0,76.0,7.9,47.1,3.2,-1.5,,,90.0,83.0,169.0,154.0,,,168.0,,,19.0,,,,,,,,,,,,,0.0,,1.0,2527.0,,,,,,,,,,,,,,,,,,,,,,,,,,0.0,3.279,0.0,,,,2182.0,,,,,3.261,,,,,,,,,,,,""
14259958274,"23 avr. 2025, 08:19:37",Course à pied le matin,Course à pied,,1232,"4,28",188.0,52,false,,,activities/15217709129.fit.gz,,,1232.0,1226.0,4287.9,8.933,3.497,34.4,40.0,7.5,43.8,11.7,0.8,,,97.0,87.0,188.0,167.0,,,276.0,,,52.0,,,,,,,,,,,,,0.0,,1.0,4437.2,,,,,,,,,,,,,,,,,,,,,,,,,,0.0,3.48,0.0,,,,3502.0,,,,,3.619,,,,,,,,,,,,""
14249636312,"22 avr. 2025, 08:09:41",Course à pied le matin,Course à pied,,2945,"10,05",192.0,166,false,,,activities/15206952319.fit.gz,,,2945.0,2915.0,10051.7,5.471,3.448,60.8,179.0,6.3,48.5,9.7,0.0,,,91.0,87.0,192.0,175.0,,,689.0,,,166.0,,,,,,,,,,,,,0.0,,1.0,10164.5,,,,,,,,,,,,,,,,,,,,,,,,,,0.0,3.413,18.9,,,,8438.0,,,,,3.487,,,,,,,,,,,,""
14249636296,"22 avr. 2025, 07:44:37",Course à pied le matin,Course à pied,,1288,"5,02",189.0,81,false,,,activities/15206952310.fit.gz,,,1288.0,1280.0,5019.3,4.517,3.921,2.3,32.0,7.3,9.7,0.9,0.0,,,93.0,90.0,189.0,178.0,,,314.0,,,81.0,,,,,,,,,,,,,0.0,,1.0,5019.3,,,,,,,,,,,,,,,,,,,,,,,,,,0.0,3.897,0.0,,,,3822.0,,,,,3.921,,,,,,,,,,,,""
14175027560,"14 avr. 2025, 14:17:21",Course à pied dans l'après-midi,Course à pied,"",1733,"4,31",,,false,,,activities/14175027560.gpx,,,1733.0,1518.0,4318.0,4.26,2.845,73.9,73.9,209.8,251.5,19.4,0.3,,,,,,,,,,,,,,,,,,,,,,,,,0.0,,1.0,4508.0,,,,,,,,,,,,,,,,,,,,,,,,,,0.0,2.492,1200.4,,,,3970.0,,,,,2.97,,,,,,,,,,,,""
14113995996,"8 avr. 2025, 07:56:03",Course à pied matinale,Course à pied,"",2753,"9,60",,,false,,,activities/14113995996.gpx,,,2753.0,2701.0,9602.1,5.92,3.555,13.3,13.3,165.2,258.0,46.2,-0.5,,,,,,,,,,,,,,,,,,,,,,,,,0.0,,1.0,9488.7,,,,,,,,,,,,,,,,,,,,,,,,,,0.0,3.488,561.8,,,,7330.0,,,,,3.513,,,,,,,,,,,,""
14061791440,"2 avr. 2025, 18:39:42",Course à pied le soir,Course à pied,"",1205,"5,01",,,false,,,activities/14061791440.gpx,,,1205.0,1199.0,5009.9,5.86,4.178,22.6,22.6,204.3,263.2,8.3,-0.8,,,,,,,,,,,,,,,,,,,,,,,,,0.0,,1.0,4967.0,,,,,,,,,,,,,,,,,,,,,,,,,,0.0,4.158,0.0,,,,3498.0,,,,,4.143,,,,,,,,,,,,""
14061368357,"2 avr. 2025, 17:52:05",Course à pied le soir,Course à pied,"",1670,"5,89",,,false,,,activities/14061368357.gpx,,,1670.0,1665.0,5891.5,5.42,3.538,124.5,124.5,207.5,272.0,16.5,0.7,,,,,,,,,,,,,,,,,,,,,,,,,0.0,,1.0,6244.7,,,,,,,,,,,,,,,,,,,,,,,,,,0.0,3.528,103.3,,,,4406.0,,,,,3.751,,,,,,,,,,,,""
13751125104,"28 févr. 2025, 14:01:06",Course à pied dans l'après-midi,Course à pied,,5968,"19,45",,,false,,,activities/13751125104.gpx,,,5968.0,5805.0,19454.4,5.82,3.351,315.8,315.8,204.3,302.6,19.1,0.0,,,,,,,,,,,,,,,,,,,,,,,,,0.0,,1.0,20280.5,,,,,,,,,,,,,,,,,,,,,,,,,,0.0,3.26,2233.5,,,,16154.0,,,,,3.494,,,,,,,,,,,,""
13509266095,"1 févr. 2025, 12:15:04",Ski alpin dans l'après-midi,Ski alpin,,852,"6,78",,,false,,,activities/13509266095.gpx,,,852.0,643.0,6783.2,25.98,10.549,0.0,0.0,1422.8,2667.4,11.6,-18.3,,,,,,,,,,,,,,2,,,,,,,,,,,0.0,,1.0,,,,,,,,,,,,,,,,,,,,,,,,,,,0.0,7.962,774.2,,,,,,,,,,,502.0,,,,,,,,,,""
13355132227,"14 janv. 2025, 18:33:36",Course à pied en soirée,Course à pied,,2171,"5,98",,,false,,,activities/13355132227.fit,,,2171.0,1897.0,5987.9,5.28,3.157,48.9,48.9,215.1,262.3,36.8,0.0,,,,,,,,,,,,,,,,,,,,,,,,,0.0,,1.0,6095.5,,,,,,,,,,,,,,,,,,,,,,,,,,0.0,2.758,0.0,,,,,,,,,3.213,,,,,,,,,,,,""
13317923333,"10 janv. 2025, 10:53:25",Ski de randonnée le midi,Ski de randonnée,,15433,"9,21",,,false,,,activities/13317923333.fit,,,15433.0,6655.0,9214.2,12.88,1.385,765.0,616.0,1451.2,2204.2,49.6,-0.1,,,,,,,,,,,,,,,,,,,,,,,,,0.0,,1.0,,,,,,,,,,,,,,,,,,,,,,,,,,,0.0,0.597,1263.0,,,,,,,,,,,,,,,,,,,,,""
13309892389,"9 janv. 2025, 11:20:23",Ski de randonnée le midi,Ski de randonnée,,18122,"9,66",,,false,,,activities/13309892389.fit,,,18122.0,7572.0,9668.2,12.92,1.277,853.0,638.0,1436.2,2065.2,50.0,-0.1,,,,,,,,,,,,,,,,,,,,,,,,,0.0,,1.0,,,,,,,,,,,,,,,,,,,,,,,,,,,0.0,0.534,1799.8,,,,,,,,,,,,,,,,,,,,,""
13299823750,"8 janv. 2025, 14:06:14",Course à pied dans l'après-midi,Course à pied,,4288,"11,24",,,false,,,activities/13299823750.fit,,,4288.0,3268.0,11242.5,5.56,3.44,309.0,299.0,1444.0,1692.8,31.8,0.2,,,,,,,,,,,,,,,,,,,,,,,,,0.0,,1.0,12115.8,,,,,,,,,,,,,,,,,,,,,,,,,,0.0,2.622,433.6,,,,,,,,,3.707,,,,,,,,,,,,""
13119186454,"15 déc. 2024, 08:59:26",Morzine winter trail 2024,Course à pied,"",4595,"10,61",,,false,,,activities/13119186454.gpx,,,4595.0,4230.0,10609.6,5.7,2.508,399.6,399.6,967.6,1301.4,49.5,0.0,,,,,,,,,,,,,,,,,,,,,,,0.0,,0.0,,1.0,12343.8,,,,,,,,,,,,,,,,,,,,,,,,,,0.0,2.309,7724.0,,,,10270.0,,,,,2.918,,,,,,,,,,,,media/AF929D1C-FFD5-4BD2-B15D-8A8748BB1545.jpg|media/E3AA0911-F408-4D70-8F87-36C6B329A551.jpg|media/E8BDFCD9-BC8C-41B1-B8B7-5A41111179F7.jpg|media/FF07060D-6AC2-49C1-8B38-28CC766FAE0E.jpg
13063698474,"7 déc. 2024, 07:38:43",Course à pied le matin,Course à pied,,1294,"4,36",175.0,40,false,,,activities/13931003109.fit.gz,,,1294.0,1181.0,4366.0,5.2,3.697,0.0,0.0,0.0,0.0,0.0,0.0,,,116.0,82.0,175.0,159.0,,,380.0,,,40.0,,,,,,,,,,,,,0.0,,1.0,4363.0,,,,,,,,,,,,,,,,,,,,,,,,,,0.0,3.374,0.0,,,,3338.0,,,,,,,,,,,,,,,,,""
12795914934,"1 nov. 2024, 10:23:07",Course à pied le midi,Course à pied,,3793,"8,01",182.0,69,false,,,activities/13643978246.fit.gz,,,3793.0,2920.0,8014.0,10.2,2.745,78.9,63.0,210.5,256.4,46.7,0.0,,,97.0,84.0,182.0,151.0,,,874.0,,,69.0,,,,,,,,,,,,,0.0,,1.0,8159.1,,,,,,,,,,,,,,,,,,,,,,,,,,0.0,2.113,1802.0,,,,8694.0,,,,,2.794,,,,,,,,,,,,""
12780848820,"30 oct. 2024, 10:39:52",Course à pied le midi,Course à pied,,5027,"11,24",181.0,122,false,,,activities/13627759367.fit.gz,,,5027.0,4250.0,11247.0,5.6,2.646,175.9,145.0,217.7,284.1,26.3,0.0,,,90.0,80.0,181.0,155.0,,,1132.0,,,122.0,,,,,,,,,,,,,0.0,,1.0,11764.5,,,,,,,,,,,,,,,,,,,,,,,,,,0.0,2.237,6.0,,,,11788.0,,,,,2.768,,,,,,,,,,,,""
12743009954,"25 oct. 2024, 16:21:46",Course à pied en soirée,Course à pied,,5092,"12,34",,,false,,,activities/12743009954.fit,,,5092.0,4056.0,12341.9,7.0,3.043,170.0,177.0,209.8,299.0,30.4,0.0,,,,,,,,,,,,,,,,,,,,,,,,,0.0,,1.0,12819.2,,,,,,,,,,,,,,,,,,,,,,,,,,0.0,2.424,880.0,,,,,,,,,3.161,,,,,,,,,,,,""
12718572450,"22 oct. 2024, 16:11:40",Course à pied en soirée,Course à pied,,2737,"8,94",190.0,121,false,,,activities/13560669825.fit.gz,,,2737.0,2552.0,8939.0,9.5,3.503,100.9,68.0,206.2,272.0,24.3,0.0,,,90.0,84.0,190.0,170.0,,,860.0,,,121.0,,,,,,,,,,,,,0.0,,1.0,9159.5,,,,,,,,,,,,,,,,,,,,,,,,,,0.0,3.266,123.0,,,,7298.0,,,,,3.589,,,,,,,,,,,,""
12716602937,"22 oct. 2024, 11:48:06",Course à pied dans l'après-midi,Course à pied,,3512,"10,87",188.0,171,false,,,activities/13558564597.fit.gz,,,3512.0,3512.0,10878.0,4.8,3.097,133.1,109.0,253.4,296.6,7.3,0.0,,,87.0,81.0,188.0,170.0,,,1102.0,,,171.0,,,,,,,,,,,,,0.0,,1.0,11072.6,,,,,,,,,,,,,,,,,,,,,,,,,,0.0,3.097,7582.0,,,,9466.0,,,,,3.153,,,,,,,,,,,,""
12698796992,"20 oct. 2024, 08:31:35",Course à pied le matin,Course à pied,,3068,"7,72",183.0,85,false,,,activities/13539404111.fit.gz,,,3068.0,2842.0,7725.0,6.6,2.718,6.8,19.0,170.4,175.0,4.5,0.0,,,88.0,78.0,183.0,156.0,,,769.0,,,85.0,,,,,,,,,,,,,0.0,,1.0,7734.4,,,,,,,,,,,,,,,,,,,,,,,,,,0.0,2.518,0.0,,,,7396.0,,,,,2.721,,,,,,,,,,,,""
12629056242,"11 oct. 2024, 12:16:56",Course à pied dans l'après-midi,Course à pied,,4017,"9,46",176.0,78,false,,,activities/13464468773.fit.gz,,,4017.0,3654.0,9459.0,4.6,2.589,149.7,134.0,233.5,326.5,17.1,-0.1,,,102.0,79.0,176.0,150.0,,,912.0,,,78.0,,,,,,,,,,,,,0.0,,1.0,9770.2,,,,,,,,,,,,,,,,,,,,,,,,,,0.0,2.355,1781.0,,,,9052.0,,,,,2.674,,,,,,,,,,,,""
12621837042,"10 oct. 2024, 10:12:34",Course à pied le midi,Course à pied,,2218,"5,66",165.0,47,false,,,activities/13456708864.fit.gz,,,2218.0,2086.0,5667.0,6.6,2.717,76.2,105.0,252.9,316.2,23.8,0.0,,,90.0,79.0,165.0,150.0,,,541.0,,,47.0,,,,,,,,,,,,,0.0,,1.0,5831.3,,,,,,,,,,,,,,,,,,,,,,,,,,0.0,2.555,57.0,,,,5366.0,,,,,2.795,,,,,,,,,,,,""
12598002425,"7 oct. 2024, 14:41:21",Course à pied dans l'après-midi,Course à pied,,1063,"3,40",189.0,47,false,,,activities/13431321272.fit.gz,,,1063.0,1012.0,3404.0,5.6,3.364,15.1,56.0,221.7,280.2,6.3,-1.4,,,88.0,82.0,189.0,168.0,,,338.0,,,47.0,,,,,,,,,,,,,0.0,,1.0,3339.4,,,,,,,,,,,,,,,,,,,,,,,,,,0.0,3.202,19.0,,,,2750.0,,,,,3.3,,,,,,,,,,,,""
12596791793,"7 oct. 2024, 11:16:54",Course à pied dans l'après-midi,Course à pied,,2044,"5,12",188.0,20,false,,,activities/13430016732.fit.gz,,,2044.0,471.0,5128.0,17.7,10.887,118.1,62.9,204.4,283.0,39.5,1.2,,,88.0,81.0,188.0,165.0,,,673.0,,,20.0,,,,,,,,,,,,,0.0,,1.0,5368.0,,,,,,,,,,,,,,,,,,,,,,,,,,0.0,2.509,177.0,,,,5450.0,,,,,11.397,,,,,,,,,,,,""
12385301489,"11 sept. 2024, 16:38:34",Course à pied en soirée,Course à pied,,1857,"6,51",187.0,88,false,,,activities/13204657669.fit.gz,,,1857.0,1853.0,6516.0,6.0,3.516,107.7,94.0,215.8,280.5,15.0,0.0,,,89.0,82.0,187.0,170.0,,,588.0,,,88.0,,,,,,,,,,,,,0.0,,1.0,6782.3,,,,,,,,,,,,,,,,,,,,,,,,,,0.0,3.509,0.0,,,,4956.0,,,,,3.66,,,,,,,,,,,,""
12359242441,"8 sept. 2024, 13:28:06",Course à pied dans l'après-midi,Course à pied,,4334,"14,00",191.0,198,false,,,activities/13176866845.fit.gz,,,4334.0,4090.0,14002.0,7.7,3.423,129.8,88.0,218.4,296.6,9.0,0.0,,,86.0,81.0,191.0,169.0,,,1298.0,,,198.0,,,,,,,,,,,,,0.0,,1.0,14159.6,,,,,,,,,,,,,,,,,,,,,,,,,,0.0,3.231,4421.0,,,,11146.0,,,,,3.462,,,,,,,,,,,,""
12316852376,"3 sept. 2024, 16:27:46",Course à pied en soirée,Course à pied,,3349,"10,00",195.0,167,false,,,activities/13130394606.fit.gz,,,3349.0,3315.0,10006.0,5.2,3.018,153.0,134.0,204.4,272.0,42.2,0.1,,,91.0,79.0,195.0,171.0,,,1071.0,,,167.0,,,,,,,,,,,,,0.0,,1.0,10375.7,,,,,,,,,,,,,,,,,,,,,,,,,,0.0,2.988,0.0,,,,8716.0,,,,,3.13,,,,,,,,,,,,""
12313982794,"3 sept. 2024, 10:25:25",Course à pied le midi,Course à pied,,1618,"5,00",190.0,68,false,,,activities/13127353014.fit.gz,,,1618.0,1494.0,4999.0,7.6,3.346,0.0,40.0,168.2,174.3,5.6,-0.1,,,88.0,78.0,190.0,168.0,,,513.0,,,68.0,,,,,,,,,,,,,0.0,,1.0,4994.2,,,,,,,,,,,,,,,,,,,,,,,,,,0.0,3.09,1994.0,,,,4026.0,,,,,3.343,,,,,,,,,,,,""
12304740308,"2 sept. 2024, 09:53:28",Course à pied le midi,Course à pied,"",1862,"5,50",181.0,73,false,,,activities/13117153797.fit.gz,,,1862.0,1809.0,5504.0,4.5,3.043,0.0,46.0,168.2,170.8,1.1,0.0,,,79.0,77.0,181.0,165.0,,,559.0,,,73.0,,,,,,,,,,,0.0,,0.0,,1.0,5501.5,,,,,,,,,,,,,,,,,,,,,,,,,,0.0,2.956,2893.0,,,,4734.0,,,,,3.041,,,,,,,,,,,,""
12273808495,"29 août 2024, 14:29:45",Course à pied dans l'après-midi,Course à pied,,4115,"10,01",192.0,169,false,,,activities/13084304392.fit.gz,,,4115.0,3180.0,10013.0,5.4,3.149,175.9,113.0,221.2,311.8,25.0,0.4,,,110.0,80.0,192.0,173.0,,,1140.0,,,169.0,,,,,,,,,,,,,0.0,,1.0,10490.2,,,,,,,,,,,,,,,,,,,,,,,,,,0.0,2.433,416.0,,,,9092.0,,,,,3.299,,,,,,,,,,,,""
12245381869,"26 août 2024, 09:58:30",Course à pied le midi,Course à pied,,3466,"11,20",189.0,169,false,,,activities/13054062556.fit.gz,,,3466.0,3453.0,11207.0,4.6,3.246,2.5,6.0,168.2,174.3,8.6,0.0,,,84.0,80.0,189.0,171.0,,,1108.0,,,169.0,,,,,,,,,,,,,0.0,,1.0,11211.9,,,,,,,,,,,,,,,,,,,,,,,,,,0.0,3.233,5643.7,,,,9190.0,,,,,3.247,,,,,,,,,,,,""
12212396118,"22 août 2024, 08:51:45",Randonnée le matin,Randonnée,,3666,"4,64",157.0,13,false,,,activities/13019683130.fit.gz,,,3666.0,2834.0,4643.0,11.625,1.638,131.0,337.0,549.8,894.8,22.9,-4.6,,,96.0,62.0,157.0,122.0,,,517.0,,,13.0,,,,,,,,,,,,,0.0,,1.0,,,,,,,,,,,,,,,,,,,,,,,,,,,0.0,1.267,4517.0,,,,5120.0,,,,,,,5120.0,,,,,,,,,,""
12212393825,"22 août 2024, 08:27:09",Randonnée le matin,Randonnée,,1185,"1,45",163.0,14,false,,,activities/13019680541.fit.gz,,,1185.0,1185.0,1451.0,3.2,1.224,221.3,0.0,549.8,775.2,42.9,15.5,,,78.0,52.0,163.0,125.0,,,261.0,,,14.0,,,,,,,,,,,,,0.0,,1.0,,,,,,,,,,,,,,,,,,,,,,,,,,,0.0,1.224,1413.0,,,,1630.0,,,,,,,1630.0,,,,,,,,,,""
12146658671,"14 août 2024, 15:19:32",Course à pied dans l'après-midi,Course à pied,,2137,"5,01",189.0,73,false,,,activities/12946404338.fit.gz,,,2137.0,1883.0,5010.0,7.6,2.661,93.4,96.0,182.8,268.2,25.0,-0.4,,,97.0,79.0,189.0,165.0,,,637.0,,,73.0,,,,,,,,,,,,,0.0,,1.0,5379.6,,,,,,,,,,,,,,,,,,,,,,,,,,0.0,2.344,1788.0,,,,4820.0,,,,,2.857,,,,,,,,,,,,""
12145727693,"14 août 2024, 12:27:30",Sortie VTT dans l'après-midi,Vélo,,5021,"28,61",,,false,,,activities/12145727693.gpx,,,5021.0,4598.0,28613.0,15.14,6.223,706.2,704.0,181.1,679.6,48.7,-0.1,,,,,,,,,,,,,,,,,,,,,,,,,0.0,,1.0,,,,,,,,,,,,,,,,,,,,,,,,,,,1.0,5.699,5201.3,,,,,,,,,,,,,,,,,,,,,""
12137832487,"13 août 2024, 15:12:54",Course à pied dans l'après-midi,Course à pied,,2482,"6,36",188.0,88,false,,,activities/12937182689.fit.gz,,,2482.0,2305.0,6365.0,5.2,2.761,124.4,89.0,182.8,269.2,17.1,0.0,,,84.0,78.0,188.0,164.0,,,730.0,,,88.0,,,,,,,,,,,,,0.0,,1.0,6798.8,,,,,,,,,,,,,,,,,,,,,,,,,,0.0,2.564,1842.0,,,,6086.0,,,,,2.95,,,,,,,,,,,,""
12136751232,"13 août 2024, 10:59:54",Sortie VTT le midi,Vélo,,5179,"11,51",180.0,36,false,,,activities/12936041933.fit.gz,,,5179.0,3177.0,11517.0,15.4,3.625,253.2,684.0,156.9,845.2,27.5,-3.7,,,,,180.0,121.0,,,774.0,,,36.0,,,,,,,,,,,,,0.0,,1.0,,,,,,,,,,,,,,,,,,,,,,,,,,,0.0,2.224,2415.0,,,,,,,,,,,,,,,,,,,,,""
12136749416,"13 août 2024, 10:41:38",Sortie VTT le midi,Vélo,,970,"1,95",177.0,6,false,,,activities/12936040081.fit.gz,,,970.0,933.0,1952.0,6.4,2.092,160.4,0.0,425.1,587.9,21.4,8.3,,,,,177.0,126.0,,,195.0,,,6.0,,,,,,,,,,,,,0.0,,1.0,,,,,,,,,,,,,,,,,,,,,,,,,,,0.0,2.012,1952.0,,,,,,,,,,,,,,,,,,,,,""
12136749716,"13 août 2024, 09:32:56",Sortie VTT le midi,Vélo,,2899,"10,27",162.0,12,false,,,activities/12936040328.fit.gz,,,2899.0,2598.0,10278.0,9.8,3.956,307.2,53.0,175.5,409.9,19.1,2.3,,,,,162.0,115.0,,,427.0,,,12.0,,,,,,,,,,,,,0.0,,1.0,,,,,,,,,,,,,,,,,,,,,,,,,,,0.0,3.545,1570.0,,,,,,,,,,,,,,,,,,,,,""
12104119050,"9 août 2024, 14:28:20",Natation dans l'après-midi,Natation,,108,124,106.0,0,false,,,activities/12901749584.fit.gz,,,108.0,101.0,124.0,3.214,1.227,0.0,0.0,0.0,0.0,0.0,0.0,,,,,106.0,106.0,,,20.0,,,0.0,,,,,,,,,,,,,0.0,,1.0,,,,,,,,,,,,,,,,,,,,,,,,,,,0.0,1.148,0.0,,,,,,25.0,,,,,,,,,,,,,,,""
12083645823,"7 août 2024, 06:21:18",Course à pied le matin,Course à pied,,1934,"6,00",177.0,58,false,,,activities/12880310217.fit.gz,,,1934.0,1913.0,6000.0,5.4,3.136,61.2,65.0,214.6,262.5,8.2,0.1,,,84.0,79.0,177.0,157.0,,,531.0,,,58.0,,,,,,,,,,,,,0.0,,1.0,6099.2,,,,,,,,,,,,,,,,,,,,,,,,,,0.0,3.102,0.0,,,,5024.0,,,,,3.188,,,,,,,,,,,,""
12078088746,"6 août 2024, 12:36:16",Sortie vélo dans l'après-midi,Vélo,,6057,"17,71",146.0,11,false,,,activities/12874523921.fit.gz,,,6057.0,2738.0,17709.0,17.571,6.468,23.0,128.6,169.3,287.2,14.5,-0.6,,,,,146.0,115.0,,,620.0,,,11.0,,,,,,,,,,,,,0.0,,1.0,,,,,,,,,,,,,,,,,,,,,,,,,,,0.0,2.924,0.0,,,,,,,,,,,,,,,,,,,,,""
12028825680,"31 juil. 2024, 15:24:41",Sortie vélo dans l'après-midi,Vélo,,4834,"28,56",167.0,67,false,,,activities/12823061682.fit.gz,,,4834.0,3734.0,28566.0,14.8,7.65,465.4,257.0,204.5,347.1,17.6,0.3,,,,,167.0,143.0,,,884.0,,,67.0,,,,,,,,,,,,,0.0,,1.0,,,,,,,,,,,,,,,,,,,,,,,,,,,0.0,5.909,37.0,,,,,,,,,,,,,,,,,,,,,""
12020124345,"30 juil. 2024, 16:19:27",Course à pied en soirée,Course à pied,,1807,"5,14",189.0,84,false,,,activities/12814027807.fit.gz,,,1807.0,1804.0,5139.0,4.4,2.849,89.1,33.0,191.0,278.0,18.6,1.1,,,99.0,78.0,189.0,170.0,,,563.0,,,84.0,,,,,,,,,,,,,0.0,,1.0,5488.9,,,,,,,,,,,,,,,,,,,,,,,,,,0.0,2.844,76.0,,,,4472.0,,,,,3.043,,,,,,,,,,,,""
12019636066,"30 juil. 2024, 14:42:18",Sortie vélo dans l'après-midi,Vélo,,2928,"20,30",164.0,11,false,,,activities/12813522637.fit.gz,,,2928.0,2928.0,20303.0,10.6,6.934,81.1,19.0,167.1,223.8,6.7,0.2,,,,,164.0,111.0,,,427.0,,,11.0,,,,,,,,,,,,,0.0,,1.0,,,,,,,,,,,,,,,,,,,,,,,,,,,0.0,6.934,1242.0,,,,,,,,,,,,,,,,,,,,,""
12015735480,"30 juil. 2024, 05:28:20",Sortie vélo le matin,Vélo,,2907,"20,00",117.0,7,false,,,activities/12809471414.fit.gz,,,2907.0,2907.0,20001.0,11.6,6.88,29.3,77.0,168.5,223.8,6.8,-0.3,,,,,117.0,97.0,,,319.0,,,7.0,,,,,,,,,,,,,0.0,,1.0,,,,,,,,,,,,,,,,,,,,,,,,,,,0.0,6.88,1250.0,,,,,,,,,,,,,,,,,,,,,""
12001756559,"28 juil. 2024, 09:55:32",Randonnée le midi,Randonnée,,7129,"4,11",161.0,12,false,,,activities/12794933218.fit.gz,,,7129.0,3616.0,4118.0,3.2,1.139,354.3,334.0,2148.9,2479.5,46.7,-0.1,,,105.0,57.0,161.0,112.0,,,639.0,,,12.0,,,,,,,,,,,,,0.0,,1.0,,,,,,,,,,,,,,,,,,,,,,,,,,,0.0,0.578,4110.0,,,,6250.0,,,,,,,6250.0,,,,,,,,,,""
11994108287,"27 juil. 2024, 11:41:08",Randonnée dans l'après-midi,Randonnée,,6581,"8,39",133.0,16,false,,,activities/12786952523.fit.gz,,,6581.0,5998.0,8395.0,16.025,1.4,79.2,563.0,1281.4,1858.0,23.8,-6.0,,,105.0,58.0,133.0,105.0,,,732.0,,,16.0,,,,,,,,,,,,,0.0,,1.0,,,,,,,,,,,,,,,,,,,,,,,,,,,0.0,1.276,8274.0,,,,10576.0,,,,,,,10576.0,,,,,,,,,,""
11994101985,"27 juil. 2024, 09:35:36",Randonnée le midi,Randonnée,,4570,"5,49",170.0,17,false,,,activities/12786945616.fit.gz,,,4570.0,4076.0,5495.0,4.0,1.348,462.4,0.0,1280.6,1727.8,48.8,8.1,,,94.0,53.0,170.0,117.0,,,605.0,,,17.0,,,,,,,,,,,,,0.0,,1.0,,,,,,,,,,,,,,,,,,,,,,,,,,,0.0,1.202,5412.0,,,,6592.0,,,,,,,6592.0,,,,,,,,,,""
11980185119,"25 juil. 2024, 17:04:56",Course à pied en soirée,Course à pied,"",5952,"16,07",185.0,142,false,,New Balance 880,activities/12772444610.fit.gz,,,5952.0,5929.0,16078.0,5.3,2.712,155.4,409.0,218.4,296.6,9.1,0.0,,,89.0,77.0,185.0,152.0,,,1404.0,,,142.0,,,,,,,,,,,0.0,,0.0,,1.0,16296.9,,,,,,,,,,,,,,,,18535466.0,,,,,,,,,,0.0,2.701,4553.0,,,,15238.0,,,,,2.749,,,,,,,,,,,,""
11961617864,"23 juil. 2024, 15:25:42",Course à pied dans l'après-midi,Course à pied,"",3559,"11,00",190.0,172,false,,New Balance 880,activities/12753232608.fit.gz,,,3559.0,3535.0,11005.0,9.667,3.113,165.5,131.0,215.8,301.2,27.5,-0.1,,,98.0,81.0,190.0,170.0,,,1112.0,,,172.0,,,,,,,,,,,0.0,,0.0,,1.0,11380.4,,,,,,,,,,,,,,,,18535466.0,,,,,,,,,,0.0,3.092,975.0,,,,9346.0,,,,,3.219,,,,,,,,,,,,""
11953186649,"22 juil. 2024, 16:34:50",Course à pied en soirée,Course à pied,"",1404,"4,61",187.0,76,false,,New Balance 880,activities/12744504699.fit.gz,,,1404.0,1404.0,4614.0,4.857,3.286,44.1,81.0,215.8,278.5,16.4,-1.1,,,88.0,82.0,187.0,174.0,,,463.0,,,76.0,,,,,,,,,,,0.0,,0.0,,1.0,4657.0,,,,,,,,,,,,,,,,18535466.0,,,,,,,,,,0.0,3.286,0.0,,,,3806.0,,,,,3.317,,,,,,,,,,,,""
11952816349,"22 juil. 2024, 15:55:53",Course à pied dans l'après-midi,Course à pied,"",1097,"3,50",189.0,48,false,,New Balance 880,activities/12744123180.fit.gz,,,1097.0,1097.0,3508.0,5.4,3.198,64.8,8.0,221.3,280.1,34.5,1.4,,,90.0,81.0,189.0,166.0,,,340.0,,,48.0,,,,,,,,,,,0.0,,0.0,,1.0,3752.2,,,,,,,,,,,,,,,,18535466.0,,,,,,,,,,0.0,3.198,800.0,,,,2956.0,,,,,3.42,,,,,,,,,,,,""
11952376393,"22 juil. 2024, 14:43:55",Course à pied dans l'après-midi,Course à pied,"",1753,"5,54",186.0,72,false,,New Balance 880,activities/12743668925.fit.gz,,,1753.0,1746.0,5547.0,7.6,3.177,63.1,70.0,215.1,274.7,14.3,0.0,,,127.0,81.0,186.0,165.0,,,534.0,,,72.0,,,,,,,,,,,0.0,,0.0,,1.0,5758.1,,,,,,,,,,,,,,,,18535466.0,,,,,,,,,,0.0,3.164,0.0,,,,4648.0,,,,,3.298,,,,,,,,,,,,""
11936958570,"20 juil. 2024, 15:49:38",Sortie vélo dans l'après-midi,Vélo,,1726,"13,89",165.0,10,false,,,activities/12727595798.fit.gz,,,1726.0,1726.0,13891.0,14.8,8.048,114.1,156.0,218.4,351.7,9.4,-0.7,,,,,165.0,120.0,,,295.0,,,10.0,,,,,,,,,,,,,0.0,,1.0,,,,,,,,,,,,,,,,,,,,,,,,,,,0.0,8.048,205.0,,,,,,,,,,,,,,,,,,,,,""
11934195094,"20 juil. 2024, 09:56:00",Sortie vélo le midi,Vélo,,2296,"14,70",128.0,7,false,,,activities/12724723747.fit.gz,,,2296.0,2272.0,14700.0,13.2,6.47,274.3,100.0,218.4,351.8,20.0,0.7,,,,,128.0,111.0,,,310.0,,,7.0,,,,,,,,,,,,,0.0,,1.0,,,,,,,,,,,,,,,,,,,,,,,,,,,0.0,6.402,2716.0,,,,,,,,,,,,,,,,,,,,,""
11920132029,"18 juil. 2024, 15:23:04",Course à pied dans l'après-midi,Course à pied,"",1537,"4,06",188.0,74,false,,New Balance 880,activities/12710123872.fit.gz,,,1537.0,1311.0,4061.0,4.6,3.098,3.8,0.0,168.2,172.0,3.6,0.1,,,82.0,79.0,188.0,175.0,,,506.0,,,74.0,,,,,,,,,,,0.0,,0.0,,1.0,4069.2,,,,,,,,,,,,,,,,18535466.0,,,,,,,,,,0.0,2.642,2092.0,,,,3858.0,,,,,3.104,,,,,,,,,,,,""
11919924128,"18 juil. 2024, 14:52:45",Course à pied dans l'après-midi,Course à pied,"",1448,"5,03",185.0,54,false,,New Balance 880,activities/12709907237.fit.gz,,,1448.0,1443.0,5030.0,8.6,3.486,0.0,52.0,168.2,174.3,1.4,-0.1,,,87.0,82.0,185.0,164.0,,,438.0,,,54.0,,,,,,,,,,,0.0,,0.0,,1.0,5025.0,,,,,,,,,,,,,,,,18535466.0,,,,,,,,,,0.0,3.474,2148.0,,,,3940.0,,,,,3.482,,,,,,,,,,,,""
11869686321,"12 juil. 2024, 12:26:24",Course à pied dans l'après-midi,Course à pied,"",689,"2,77",187.0,36,false,,New Balance 880,activities/12657858696.fit.gz,,,689.0,689.0,2776.0,8.8,4.029,6.7,29.0,216.7,222.6,2.7,0.0,,,94.0,89.0,187.0,172.0,,,225.0,,,36.0,,,,,,,,,,,0.0,,0.0,,1.0,2778.9,,,,,,,,,,,,,,,,18535466.0,,,,,,,,,,0.0,4.029,0.0,,,,2010.0,,,,,4.033,,,,,,,,,,,,""
11855453468,"10 juil. 2024, 16:00:45",Course à pied en soirée,Course à pied,"",1474,"5,01",184.0,67,false,,New Balance 880,activities/12643114019.fit.gz,,,1474.0,1436.0,5010.0,5.2,3.489,47.9,77.0,215.1,278.5,22.9,-1.0,,,94.0,83.0,184.0,168.0,,,458.0,,,67.0,,,,,,,,,,,0.0,,0.0,,1.0,5071.1,,,,,,,,,,,,,,,,18535466.0,,,,,,,,,,0.0,3.399,72.0,,,,4000.0,,,,,3.531,,,,,,,,,,,,""
11855157237,"10 juil. 2024, 15:21:45",Course à pied dans l'après-midi,Course à pied,"",1500,"4,98",188.0,57,false,,New Balance 880,activities/12642807212.fit.gz,,,1500.0,1494.0,4988.0,6.6,3.339,86.6,44.0,219.7,280.5,13.3,1.0,,,87.0,81.0,188.0,163.0,,,449.0,,,57.0,,,,,,,,,,,0.0,,0.0,,1.0,5240.6,,,,,,,,,,,,,,,,18535466.0,,,,,,,,,,0.0,3.325,0.0,,,,4020.0,,,,,3.508,,,,,,,,,,,,""
11846723330,"9 juil. 2024, 14:25:29",Sortie vélo dans l'après-midi,Vélo,,2951,"19,54",155.0,12,false,,,activities/12634104800.fit.gz,,,2951.0,2915.0,19542.0,10.0,6.704,82.8,7.0,167.7,223.6,6.9,0.2,,,,,155.0,119.0,,,469.0,,,12.0,,,,,,,,,,,,,0.0,,1.0,,,,,,,,,,,,,,,,,,,,,,,,,,,0.0,6.622,460.0,,,,,,,,,,,,,,,,,,,,,""
11843317505,"9 juil. 2024, 05:34:20",Sortie vélo le matin,Vélo,,2800,"19,88",137.0,10,false,,,activities/12630587290.fit.gz,,,2800.0,2800.0,19880.0,11.6,7.1,31.6,48.0,168.5,224.1,6.4,-0.3,,,,,137.0,118.0,,,439.0,,,10.0,,,,,,,,,,,,,0.0,,1.0,,,,,,,,,,,,,,,,,,,,,,,,,,,0.0,7.1,847.5,,,,,,,,,,,,,,,,,,,,,""
11838341030,"8 juil. 2024, 14:35:53",Sortie vélo dans l'après-midi,Vélo,,2948,"20,39",165.0,31,false,,,activities/12625489117.fit.gz,,,2948.0,2899.0,20389.0,10.6,7.033,79.7,0.0,167.6,223.8,6.3,0.2,,,,,165.0,133.0,,,566.0,,,31.0,,,,,,,,,,,,,0.0,,1.0,,,,,,,,,,,,,,,,,,,,,,,,,,,0.0,6.916,854.0,,,,,,,,,,,,,,,,,,,,,""
11835030795,"8 juil. 2024, 05:18:07",Sortie vélo le matin,Vélo,,2785,"19,65",138.0,11,false,,,activities/12622050436.fit.gz,,,2785.0,2785.0,19653.0,11.2,7.057,29.3,45.0,168.5,224.1,6.4,-0.3,,,,,138.0,118.0,,,439.0,,,11.0,,,,,,,,,,,,,0.0,,1.0,,,,,,,,,,,,,,,,,,,,,,,,,,,0.0,7.057,1230.0,,,,,,,,,,,,,,,,,,,,,""
11828539439,"7 juil. 2024, 10:27:53",Course à pied le midi,Course à pied,"",938,"3,50",187.0,50,false,,New Balance 880,activities/12615332213.fit.gz,,,938.0,938.0,3505.0,11.6,3.737,22.6,49.0,234.2,299.3,26.7,-1.8,,,95.0,85.0,187.0,174.0,,,320.0,,,50.0,,,,,,,,,,,0.0,,0.0,,1.0,3447.1,,,,,,,,,,,,,,,,18535466.0,,,,,,,,,,0.0,3.737,1492.0,,,,2632.0,,,,,3.675,,,,,,,,,,,,""
11828351627,"7 juil. 2024, 09:53:14",Course à pied le midi,Course à pied,"",1583,"5,01",187.0,82,false,,New Balance 880,activities/12615138569.fit.gz,,,1583.0,1422.0,5015.0,5.4,3.527,84.0,52.0,220.6,272.0,11.0,1.0,,,122.0,84.0,187.0,175.0,,,509.0,,,82.0,,,,,,,,,,,0.0,,0.0,,1.0,5257.6,,,,,,,,,,,,,,,,18535466.0,,,,,,,,,,0.0,3.168,1535.0,,,,4088.0,,,,,3.697,,,,,,,,,,,,""
11827100533,"7 juil. 2024, 07:06:02",Course à pied le matin,Course à pied,"",2667,"7,94",184.0,63,false,,New Balance 880,activities/12613847655.fit.gz,,,2667.0,2664.0,7944.0,5.6,2.982,104.3,23.0,218.4,296.6,7.0,0.8,,,90.0,80.0,184.0,152.0,,,670.0,,,63.0,,,,,,,,,,,0.0,,0.0,,1.0,8182.5,,,,,,,,,,,,,,,,18535466.0,,,,,,,,,,0.0,2.979,3080.0,,,,7052.0,,,,,3.072,,,,,,,,,,,,""
11762152422,"28 juin 2024, 18:52:57",Course à pied en soirée,Course à pied,"",5118,"16,07",187.0,239,false,,New Balance 880,activities/12546724544.fit.gz,,,5118.0,4998.0,16071.0,5.2,3.215,214.1,140.0,215.8,311.8,35.0,0.0,,,88.0,82.0,187.0,169.0,,,1532.0,,,239.0,,,,,,,,,,,0.0,,0.0,,1.0,16553.4,,,,,,,,,,,,,,,,18535466.0,,,,,,,,,,0.0,3.14,991.0,,,,13592.0,,,,,3.312,,,,,,,,,,,,""
11750244788,"27 juin 2024, 07:55:23",Course à pied le matin,Course à pied,"",209,"0,73",187.0,8,false,,New Balance 880,activities/12534460102.fit.gz,,,209.0,209.0,734.0,4.8,3.512,11.7,0.0,281.8,294.6,7.5,1.6,,,85.0,82.0,187.0,164.0,,,65.0,,,8.0,,,,,,,,,,,0.0,,0.0,,1.0,778.0,,,,,,,,,,,,,,,,18535466.0,,,,,,,,,,0.0,3.512,0.0,,,,570.0,,,,,3.722,,,,,,,,,,,,""
11750244758,"27 juin 2024, 07:17:55",Course à pied le matin,Course à pied,"",2165,"6,94",191.0,84,false,,New Balance 880,activities/12534460014.fit.gz,,,2165.0,2145.0,6945.0,5.2,3.238,72.5,60.0,253.4,296.6,9.1,-0.2,,,90.0,82.0,191.0,164.0,,,647.0,,,84.0,,,,,,,,,,,0.0,,0.0,,1.0,7026.7,,,,,,,,,,,,,,,,18535466.0,,,,,,,,,,0.0,3.208,5454.0,,,,5832.0,,,,,3.276,,,,,,,,,,,,""
11744693593,"26 juin 2024, 14:23:01",Course à pied dans l'après-midi,Course à pied,"",1370,"4,45",186.0,65,false,,New Balance 880,activities/12528747612.fit.gz,,,1370.0,1367.0,4449.0,4.6,3.255,17.6,9.0,216.8,234.6,4.5,0.0,,,82.0,79.0,186.0,169.0,,,437.0,,,65.0,,,,,,,,,,,0.0,,0.0,,1.0,4462.1,,,,,,,,,,,,,,,,18535466.0,,,,,,,,,,0.0,3.247,0.0,,,,3602.0,,,,,3.264,,,,,,,,,,,,""
11744340324,"26 juin 2024, 13:04:25",Sortie vélo dans l'après-midi,Vélo,,2944,"20,38",159.0,19,false,,,activities/12528384001.fit.gz,,,2944.0,2908.0,20382.0,10.8,7.009,78.5,0.0,167.3,223.9,6.7,0.2,,,,,159.0,127.0,,,532.0,,,19.0,,,,,,,,,,,,,0.0,,1.0,,,,,,,,,,,,,,,,,,,,,,,,,,,0.0,6.923,1248.0,,,,,,,,,,,,,,,,,,,,,""
11741566617,"26 juin 2024, 05:11:54",Sortie vélo le matin,Vélo,,2764,"19,66",126.0,8,false,,,activities/12525521767.fit.gz,,,2764.0,2724.0,19666.0,12.4,7.22,33.0,118.0,168.5,224.2,6.5,-0.3,,,,,126.0,113.0,,,394.0,,,8.0,,,,,,,,,,,,,0.0,,1.0,,,,,,,,,,,,,,,,,,,,,,,,,,,0.0,7.115,1251.0,,,,,,,,,,,,,,,,,,,,,""
11738375820,"25 juin 2024, 18:00:09",Course à pied en soirée,Course à pied,"",3301,"8,89",189.0,126,false,,New Balance 880,activities/12522389203.fit.gz,,,3301.0,3301.0,8898.0,5.333,2.696,95.3,125.0,194.3,262.5,38.5,0.0,,,86.0,78.0,189.0,163.0,,,945.0,,,126.0,,,,,,,,,,,0.0,,0.0,,1.0,9097.7,,,,,,,,,,,,,,,,18535466.0,,,,,,,,,,0.0,2.696,12.0,,,,8600.0,,,,,2.756,,,,,,,,,,,,""
11728921350,"24 juin 2024, 15:47:13",Course à pied dans l'après-midi,Course à pied,"",3750,"9,90",184.0,116,false,,New Balance 880,activities/12512672946.fit.gz,,,3750.0,3731.0,9900.0,7.6,2.653,143.0,206.0,210.7,276.1,35.0,0.0,,,85.0,77.0,184.0,158.0,,,995.0,,,116.0,,,,,,,,,,,0.0,,0.0,,1.0,10306.8,,,,,,,,,,,,,,,,18535466.0,,,,,,,,,,0.0,2.64,1996.0,,,,9552.0,,,,,2.762,,,,,,,,,,,,""
11722795967,"23 juin 2024, 17:46:29",Course à pied en soirée,Course à pied,"",2746,"8,77",188.0,113,false,,New Balance 880,activities/12506329958.fit.gz,,,2746.0,2746.0,8773.0,5.8,3.195,150.9,228.0,218.0,280.1,36.7,0.0,,,88.0,81.0,188.0,165.0,,,815.0,,,113.0,,,,,,,,,,,0.0,,0.0,,1.0,9261.6,,,,,,,,,,,,,,,,18535466.0,,,,,,,,,,0.0,3.195,16.0,,,,7350.0,,,,,3.373,,,,,,,,,,,,""
11705811006,"21 juin 2024, 16:06:38",Course à pied en soirée,Course à pied,"",859,"2,91",191.0,30,false,,New Balance 880,activities/12488808774.fit.gz,,,859.0,836.0,2911.0,6.857,3.482,14.7,71.0,220.0,280.2,7.8,-1.6,,,87.0,81.0,191.0,162.0,,,257.0,,,30.0,,,,,,,,,,,0.0,,0.0,,1.0,2847.7,,,,,,,,,,,,,,,,18535466.0,,,,,,,,,,0.0,3.389,0.0,,,,2254.0,,,,,3.406,,,,,,,,,,,,""
11674258374,"17 juin 2024, 15:49:15",Course à pied dans l'après-midi,Course à pied,"",1227,"3,97",192.0,51,false,,New Balance 880,activities/12456360653.fit.gz,,,1227.0,1104.0,3977.0,5.2,3.602,14.2,23.0,216.8,228.5,8.9,0.0,,,89.0,82.0,192.0,170.0,,,391.0,,,51.0,,,,,,,,,,,0.0,,0.0,,1.0,3994.3,,,,,,,,,,,,,,,,18535466.0,,,,,,,,,,0.0,3.241,0.0,,,,3232.0,,,,,3.618,,,,,,,,,,,,""
11641692675,"13 juin 2024, 10:05:25",Sortie vélo le midi,Vélo,,700,"2,83",165.0,5,false,,,activities/12422760484.fit.gz,,,700.0,700.0,2835.0,8.6,4.05,59.4,24.0,176.1,233.1,28.8,1.3,,,,,165.0,122.0,,,130.0,,,5.0,,,,,,,,,,,,,0.0,,1.0,,,,,,,,,,,,,,,,,,,,,,,,,,,0.0,4.05,0.0,,,,,,,,,,,,,,,,,,,,,""
11626705973,"11 juin 2024, 12:46:22",Sortie vélo dans l'après-midi,Vélo,,1898,"7,36",157.0,10,false,,,activities/12407376650.fit.gz,,,1898.0,1554.0,7367.0,12.4,4.741,49.7,104.0,219.0,294.5,26.0,-1.0,,,,,157.0,127.0,,,334.0,,,10.0,,,,,,,,,,,,,0.0,,1.0,,,,,,,,,,,,,,,,,,,,,,,,,,,0.0,3.881,666.0,,,,,,,,,,,,,,,,,,,,,""
11626456367,"11 juin 2024, 12:17:30",Course à pied dans l'après-midi,Course à pied,"",1438,"5,17",185.0,60,false,,New Balance 880,activities/12407119990.fit.gz,,,1438.0,1438.0,5172.0,5.4,3.597,59.7,42.0,253.4,297.0,7.3,0.0,,,89.0,84.0,185.0,165.0,,,448.0,,,60.0,,,,,,,,,,,0.0,,0.0,,1.0,5255.8,,,,,,,,,,,,,,,,18535466.0,,,,,,,,,,0.0,3.597,3672.0,,,,4018.0,,,,,3.655,,,,,,,,,,,,""
11626455209,"11 juin 2024, 11:47:45",Sortie vélo dans l'après-midi,Vélo,,1605,"6,61",155.0,12,false,,,activities/12407118843.fit.gz,,,1605.0,1526.0,6617.0,10.0,4.336,104.3,33.0,218.6,294.9,8.0,1.1,,,,,155.0,128.0,,,301.0,,,12.0,,,,,,,,,,,,,0.0,,1.0,,,,,,,,,,,,,,,,,,,,,,,,,,,0.0,4.123,748.0,,,,,,,,,,,,,,,,,,,,,""
11619724250,"10 juin 2024, 15:14:48",Sortie vélo dans l'après-midi,Vélo,,836,"5,03",149.0,6,false,,,activities/12400216729.fit.gz,,,836.0,836.0,5029.0,10.8,6.016,60.4,89.0,170.9,272.2,13.1,-1.0,,,,,149.0,133.0,,,217.0,,,6.0,,,,,,,,,,,,,0.0,,1.0,,,,,,,,,,,,,,,,,,,,,,,,,,,0.0,6.016,209.0,,,,,,,,,,,,,,,,,,,,,""
11619268875,"10 juin 2024, 11:28:58",Course à pied dans l'après-midi,Course à pied,"",10509,"25,07",192.0,384,false,,New Balance 880,activities/12399747814.fit.gz,,,10509.0,8863.0,25076.0,5.2,2.829,440.1,424.0,177.8,326.4,31.3,0.0,,,87.0,80.0,192.0,166.0,,,2669.0,,,384.0,,,,,,,,,,,0.0,,0.0,,1.0,26491.9,,,,,,,,,,,,,,,,18535466.0,,,,,,,,,,0.0,2.386,2960.0,,,,24772.0,,,,,2.989,,,,,,,,,,,,""
11589820169,"6 juin 2024, 16:16:58",Sortie vélo en soirée,Vélo,,1815,"6,96",145.0,4,false,,,activities/12369399374.fit.gz,,,1815.0,1057.0,6967.0,13.8,6.591,59.9,91.0,169.9,270.0,9.1,-0.7,,,,,145.0,117.0,,,249.0,,,4.0,,,,,,,,,,,,,0.0,,1.0,,,,,,,,,,,,,,,,,,,,,,,,,,,0.0,3.839,0.0,,,,,,,,,,,,,,,,,,,,,""
11580784255,"5 juin 2024, 15:58:29",Sortie vélo dans l'après-midi,Vélo,,876,"5,29",157.0,7,false,,,activities/12360127954.fit.gz,,,876.0,824.0,5292.0,13.75,6.422,104.4,95.0,171.2,270.0,11.3,0.9,,,,,157.0,130.0,,,166.0,,,7.0,,,,,,,,,,,,,0.0,,1.0,,,,,,,,,,,,,,,,,,,,,,,,,,,0.0,6.041,0.0,,,,,,,,,,,,,,,,,,,,,""
11580435435,"5 juin 2024, 14:38:24",Sortie vélo dans l'après-midi,Vélo,,2944,"21,47",172.0,43,false,,,activities/12359769468.fit.gz,,,2944.0,2944.0,21472.0,19.286,7.293,39.5,384.0,167.3,179.5,6.5,0.0,,,,,172.0,142.0,,,649.0,,,43.0,,,,,,,,,,,,,0.0,,1.0,,,,,,,,,,,,,,,,,,,,,,,,,,,0.0,7.293,838.0,,,,,,,,,,,,,,,,,,,,,""
11578625851,"5 juin 2024, 10:43:39",Course à pied le midi,Course à pied,"",1763,"5,02",191.0,60,false,,New Balance 880,activities/12357911633.fit.gz,,,1763.0,1381.0,5021.0,7.429,3.636,2.7,19.0,169.1,174.3,22.0,0.0,,,88.0,81.0,191.0,167.0,,,511.0,,,60.0,,,,,,,,,,,0.0,,0.0,,1.0,5032.6,,,,,,,,,,,,,,,,18535466.0,,,,,,,,,,0.0,2.848,1253.0,,,,4352.0,,,,,3.644,,,,,,,,,,,,""
11577040065,"5 juin 2024, 05:13:00",Sortie vélo le matin,Vélo,,2778,"19,63",139.0,13,false,,,activities/12356270517.fit.gz,,,2778.0,2697.0,19630.0,12.2,7.278,31.2,56.0,168.5,224.2,6.8,-0.3,,,,,139.0,123.0,,,448.0,,,13.0,,,,,,,,,,,,,0.0,,1.0,,,,,,,,,,,,,,,,,,,,,,,,,,,0.0,7.066,1249.0,,,,,,,,,,,,,,,,,,,,,""
11574588214,"4 juin 2024, 20:07:48",Sortie vélo de nuit,Vélo,,744,"5,47",159.0,11,false,,,activities/12353757406.fit.gz,,,744.0,744.0,5477.0,16.171,7.362,104.3,73.0,171.2,270.0,11.8,0.9,,,,,159.0,135.0,,,164.0,,,11.0,,,,,,,,,,,,,0.0,,1.0,,,,,,,,,,,,,,,,,,,,,,,,,,,0.0,7.362,0.0,,,,,,,,,,,,,,,,,,,,,""
11574368798,"4 juin 2024, 19:02:23",Sortie vélo de nuit,Vélo,,734,"5,45",172.0,11,false,,,activities/12353533939.fit.gz,,,734.0,718.0,5455.0,12.8,7.597,54.2,93.0,169.9,269.9,7.5,-0.9,,,,,172.0,140.0,,,210.0,,,11.0,,,,,,,,,,,,,0.0,,1.0,,,,,,,,,,,,,,,,,,,,,,,,,,,0.0,7.432,0.0,,,,,,,,,,,,,,,,,,,,,""
11571815166,"4 juin 2024, 14:19:55",Sortie vélo dans l'après-midi,Vélo,"",2404,"15,06",174.0,40,false,,,activities/12350930599.fit.gz,,,2404.0,2169.0,15067.0,10.8,6.947,22.1,68.0,167.3,179.5,6.7,0.0,,,,,174.0,146.0,,,563.0,,,40.0,,,,,,,,,,,0.0,,0.0,,1.0,,,,,,,,,,,,,,,,,,,,,,,,,,,0.0,6.267,456.0,,,,,,,,,,,,,,,,,,,,,media/BABA44D7-F823-423F-9C71-CCAF5A647D87.jpg
11568692313,"4 juin 2024, 05:15:40",Sortie vélo le matin,Vélo,,3152,"20,03",131.0,7,false,,,activities/12347701846.fit.gz,,,3152.0,2909.0,20038.0,11.2,6.888,33.4,57.0,168.5,224.2,7.0,-0.3,,,,,131.0,98.0,,,325.0,,,7.0,,,,,,,,,,,,,0.0,,1.0,,,,,,,,,,,,,,,,,,,,,,,,,,,0.0,6.357,1244.0,,,,,,,,,,,,,,,,,,,,,""
11523451906,"29 mai 2024, 10:05:50",Course à pied le midi,Course à pied,"",1802,"5,22",190.0,51,false,,New Balance 880,activities/12301101816.fit.gz,,,1802.0,1623.0,5220.0,6.4,3.216,2.4,22.0,168.4,173.2,4.0,0.0,,,86.0,79.0,190.0,159.0,,,489.0,,,51.0,,,,,,,,,,,0.0,,0.0,,1.0,5219.4,,,,,,,,,,,,,,,,18535466.0,,,,,,,,,,0.0,2.897,1558.0,,,,4454.0,,,,,3.216,,,,,,,,,,,,""
11511117768,"27 mai 2024, 17:00:27",Course à pied en soirée,Course à pied,,683,"1,06",190.0,19,false,,,activities/12288386446.fit.gz,,,683.0,519.0,1063.0,3.2,2.048,0.0,0.0,224.6,225.6,3.8,0.0,,,89.0,80.0,190.0,160.0,,,220.0,,,19.0,,,,,,,,,,,,,0.0,,1.0,1064.5,,,,,,,,,,,,,,,,,,,,,,,,,,0.0,1.556,0.0,,,,1740.0,,,,,2.051,,,,,,,,,,,,""
11497407257,"25 mai 2024, 22:55:03",Sortie vélo de nuit,Vélo,,791,"4,69",158.0,1,false,,,activities/12274215049.fit.gz,,,791.0,179.0,4693.0,17.933,26.218,100.7,51.2,172.1,269.0,43.3,1.1,,,,,158.0,128.0,,,180.0,,,1.0,,,,,,,,,,,,,0.0,,1.0,,,,,,,,,,,,,,,,,,,,,,,,,,,0.0,5.933,0.0,,,,,,,,,,,,,,,,,,,,,""
11497024095,"25 mai 2024, 21:07:16",Sortie vélo de nuit,Vélo,,941,"5,31",156.0,7,false,,,activities/12273817766.fit.gz,,,941.0,704.0,5317.0,18.4,7.553,155.2,152.0,157.9,217.7,48.0,-1.0,,,,,156.0,134.0,,,185.0,,,7.0,,,,,,,,,,,,,0.0,,1.0,,,,,,,,,,,,,,,,,,,,,,,,,,,0.0,5.65,0.0,,,,,,,,,,,,,,,,,,,,,""
11494163491,"25 mai 2024, 13:54:00",Course à pied dans l'après-midi,Course à pied,"",537,"1,88",188.0,23,false,,New Balance 880,activities/12270862929.fit.gz,,,537.0,537.0,1887.0,5.6,3.514,0.0,0.0,0.0,0.0,0.0,0.0,,,85.0,80.0,188.0,168.0,,,175.0,,,23.0,,,,,,,,,,,0.0,,0.0,,1.0,1884.0,,,,,,,,,,,,,,,,18535466.0,,,,,,,,,,0.0,3.514,0.0,,,,1446.0,,,,,,,,,,,,,,,,,""
11494163656,"25 mai 2024, 13:39:52",Course à pied dans l'après-midi,Course à pied,"",529,"2,01",187.0,27,false,,New Balance 880,activities/12270862984.fit.gz,,,529.0,529.0,2016.0,6.0,3.811,0.0,0.0,0.0,0.0,0.0,0.0,,,85.0,81.0,187.0,172.0,,,192.0,,,27.0,,,,,,,,,,,0.0,,0.0,,1.0,2016.0,,,,,,,,,,,,,,,,18535466.0,,,,,,,,,,0.0,3.811,0.0,,,,1452.0,,,,,,,,,,,,,,,,,""
11488793373,"24 mai 2024, 20:24:00",Sortie vélo de nuit,Vélo,,870,"5,41",163.0,12,false,,,activities/12265310843.fit.gz,,,870.0,840.0,5414.0,11.8,6.445,105.9,63.0,169.2,270.0,11.7,0.9,,,,,163.0,129.0,,,171.0,,,12.0,,,,,,,,,,,,,0.0,,1.0,,,,,,,,,,,,,,,,,,,,,,,,,,,0.0,6.223,0.0,,,,,,,,,,,,,,,,,,,,,""
11488489092,"24 mai 2024, 19:12:53",Sortie vélo de nuit,Vélo,,686,"5,23",170.0,6,false,,,activities/12264997115.fit.gz,,,686.0,686.0,5231.0,13.4,7.625,54.5,93.0,169.9,269.9,7.3,-1.0,,,,,170.0,129.0,,,137.0,,,6.0,,,,,,,,,,,,,0.0,,1.0,,,,,,,,,,,,,,,,,,,,,,,,,,,0.0,7.625,0.0,,,,,,,,,,,,,,,,,,,,,""
11479589542,"23 mai 2024, 14:52:45",Sortie vélo dans l'après-midi,Vélo,,3040,"18,85",144.0,14,false,,,activities/12255835493.fit.gz,,,3040.0,3020.0,18857.0,10.0,6.244,79.6,0.0,167.3,224.1,6.4,0.3,,,,,144.0,121.0,,,496.0,,,14.0,,,,,,,,,,,,,0.0,,1.0,,,,,,,,,,,,,,,,,,,,,,,,,,,0.0,6.203,874.0,,,,,,,,,,,,,,,,,,,,,""
11477537147,"23 mai 2024, 05:28:46",Sortie vélo le matin,Vélo,,3058,"18,91",127.0,9,false,,,activities/12253723185.fit.gz,,,3058.0,2938.0,18913.0,11.0,6.437,29.8,72.0,168.5,205.9,7.0,-0.2,,,,,127.0,115.0,,,431.0,,,9.0,,,,,,,,,,,,,0.0,,1.0,,,,,,,,,,,,,,,,,,,,,,,,,,,0.0,6.185,1234.0,,,,,,,,,,,,,,,,,,,,,""
11454236446,"20 mai 2024, 09:34:40",Course à pied le midi,Course à pied,"",6258,"17,21",177.0,217,false,,New Balance 880,activities/12229776236.fit.gz,,,6258.0,6112.0,17218.0,6.0,2.817,185.4,127.0,218.6,297.0,9.2,0.1,,,83.0,79.0,177.0,162.0,,,1612.0,,,217.0,,,,,,,,,,,0.0,,0.0,,1.0,17475.4,,,,,,,,,,,,,,,,18535466.0,,,,,,,,,,0.0,2.751,7877.0,,,,16242.0,,,,,2.859,,,,,,,,,,,,""
11449851792,"19 mai 2024, 16:02:11",Course à pied en soirée,Course à pied,"",6479,"18,77",191.0,309,false,,New Balance 880,activities/12225228192.fit.gz,,,6479.0,6390.0,18773.0,6.125,2.938,322.4,230.0,166.2,311.2,37.1,0.0,,,105.0,79.0,191.0,170.0,,,1866.0,,,309.0,,,,,,,,,,,0.0,,0.0,,1.0,19573.8,,,,,,,,,,,,,,,,18535466.0,,,,,,,,,,0.0,2.898,2007.0,,,,16912.0,,,,,3.063,,,,,,,,,,,,""
11424163485,"16 mai 2024, 12:42:22",Course à pied dans l'après-midi,Course à pied,"",3098,"9,99",192.0,174,false,,New Balance 880,activities/12198736712.fit.gz,,,3098.0,2883.0,9996.0,11.625,3.467,92.7,124.0,224.7,309.7,14.2,-0.7,,,92.0,80.0,192.0,178.0,,,1014.0,,,174.0,,,,,,,,,,,0.0,,0.0,,1.0,10043.3,,,,,,,,,,,,,,,,18535466.0,,,,,,,,,,0.0,3.227,14.0,,,,8002.0,,,,,3.484,,,,,,,,,,,,""
11422884467,"16 mai 2024, 09:37:27",Course à pied le midi,Course à pied,"",2061,"6,00",181.0,86,false,,New Balance 880,activities/12197420993.fit.gz,,,2061.0,2053.0,6002.0,5.0,2.924,77.0,25.0,252.9,311.2,13.6,0.1,,,90.0,79.0,181.0,165.0,,,603.0,,,86.0,,,,,,,,,,,0.0,,0.0,,1.0,6144.8,,,,,,,,,,,,,,,,18535466.0,,,,,,,,,,0.0,2.912,283.0,,,,5308.0,,,,,2.993,,,,,,,,,,,,""
11415775106,"15 mai 2024, 10:14:28",Course à pied le midi,Course à pied,"",2946,"7,19",,,false,,New Balance 880,activities/11415775106.fit,,,2946.0,2650.0,7196.9,3.998,2.716,97.4,191.0,252.9,311.2,13.3,0.0,,,,,,,,,,,,,,,,,,,,,,,0.0,,0.0,,1.0,7354.5,,,,,,,,,,,,,,,,18535466.0,,,,,,,,,,0.0,2.443,97.8,,,,,,,,,2.775,,,,,,,,,,,,""
11376593997,"10 mai 2024, 11:16:29",Course à pied dans l'après-midi,Course à pied,,3198,"10,03",203.0,186,false,,,activities/12149767115.fit.gz,,,3198.0,3051.0,10032.0,10.1,3.288,100.1,583.0,214.6,280.1,22.7,0.0,,,87.0,81.0,203.0,179.0,,,1076.0,,,186.0,,,,,,,,,,,,,0.0,,1.0,10232.6,,,,,,,,,,,,,,,,,,,,,,,,,,0.0,3.137,664.0,,,,8300.0,,,,,3.354,,,,,,,,,,,,""
11361728102,"8 mai 2024, 14:26:12",Entraînement dans l'après-midi,Entraînement,,3566,"8,01",174.0,72,false,,,activities/12134479020.fit.gz,,,3566.0,3566.0,8016.0,6.8,2.248,0.0,0.0,0.0,0.0,0.0,0.0,,,85.0,54.0,174.0,148.0,,,811.0,,,72.0,,,,,,,,,,,,,0.0,,1.0,,,,,,,,,,,,,,,,,,,,,,,,,,,0.0,2.248,0.0,,,,,,,,,,,,,,,,,,,,,""
11360881448,"8 mai 2024, 12:32:34",Course à pied dans l'après-midi,Course à pied,,1868,"4,43",193.0,73,false,,,activities/12133608252.fit.gz,,,1868.0,1354.0,4431.0,5.667,3.273,79.0,35.0,210.9,280.3,17.8,0.8,,,82.0,81.0,193.0,175.0,,,557.0,,,73.0,,,,,,,,,,,,,0.0,,1.0,4615.5,,,,,,,,,,,,,,,,,,,,,,,,,,0.0,2.372,0.0,,,,4332.0,,,,,3.409,,,,,,,,,,,,""
11340158202,"5 mai 2024, 14:31:35",Course à pied dans l'après-midi,Course à pied,,4856,"11,93",198.0,223,false,,,activities/12112322117.fit.gz,,,4856.0,4131.0,11938.0,14.8,2.89,309.1,253.0,160.9,299.5,47.5,0.0,,,102.0,78.0,198.0,175.0,,,1462.0,,,223.0,,,,,,,,,,,,,0.0,,1.0,13337.4,,,,,,,,,,,,,,,,,,,,,,,,,,0.0,2.458,1708.0,,,,11448.0,,,,,3.229,,,,,,,,,,,,""
11340155609,"2 mai 2024, 10:22:26",Natation le midi,Natation,,1406,1 050,171.0,37,false,,,activities/12112319647.fit.gz,,,1406.0,1287.0,1050.0,2.274,0.816,0.0,0.0,0.0,0.0,0.0,0.0,,,,,171.0,143.0,,,319.0,,,37.0,,,,,,,,,,,,,0.0,,1.0,,,,,,,,,,,,,,,,,,,,,,,,,,,0.0,0.747,0.0,,,,,,,,,,,,,,,,,,,,,""
11255271959,"24 avr. 2024, 16:27:37",Natation en soirée,Natation,,2240,1 500,175.0,47,false,,,activities/12024768446.fit.gz,,,2240.0,1970.0,1500.0,2.778,0.761,0.0,0.0,0.0,0.0,0.0,0.0,,,,,175.0,139.0,,,448.0,,,47.0,,,,,,,,,,,,,0.0,,1.0,,,,,,,,,,,,,,,,,,,,,,,,,,,0.0,0.67,0.0,,,,,,,,,,,,,,,,,,,,,""
11340153449,"23 avr. 2024, 10:09:11",Course à pied le midi,Course à pied,,2039,"7,00",191.0,109,false,,,activities/12112317327.fit.gz,,,2039.0,1933.0,7002.0,5.6,3.622,5.7,47.0,168.4,174.3,3.1,0.0,,,87.0,80.0,191.0,175.0,,,657.0,,,109.0,,,,,,,,,,,,,0.0,,1.0,7007.0,,,,,,,,,,,,,,,,,,,,,,,,,,0.0,3.434,1535.0,,,,5230.0,,,,,3.625,,,,,,,,,,,,""
11340152368,"19 avr. 2024, 15:24:41",Course à pied dans l'après-midi,Course à pied,,3213,"9,79",194.0,179,false,,,activities/12112316139.fit.gz,,,3213.0,3068.0,9797.0,5.4,3.193,75.1,104.0,204.5,271.9,46.3,-0.5,,,86.0,80.0,194.0,176.0,,,1034.0,,,179.0,,,,,,,,,,,,,0.0,,1.0,9910.3,,,,,,,,,,,,,,,,,,,,,,,,,,0.0,3.049,0.0,,,,8192.0,,,,,3.23,,,,,,,,,,,,""
11340150589,"15 avr. 2024, 13:10:31",Course à pied dans l'après-midi,Course à pied,,2176,"5,84",188.0,88,false,,,activities/12112314340.fit.gz,,,2176.0,1936.0,5840.0,11.8,3.017,39.3,30.0,194.3,229.6,14.5,-0.1,,,83.0,78.0,188.0,168.0,,,639.0,,,88.0,,,,,,,,,,,,,0.0,,1.0,5834.4,,,,,,,,,,,,,,,,,,,,,,,,,,0.0,2.684,0.0,,,,5130.0,,,,,3.014,,,,,,,,,,,,""
11113507006,"5 avr. 2024, 13:47:48",Croix du Nivolet,Randonnée,"",11128,"10,05",,,false,,,activities/11113507006.fit,,,11128.0,5029.0,10053.5,7.28,1.999,928.3,954.1,595.5,1520.3,49.5,-0.2,,,,,,,,,,,,,,,,,,,,,,,0.0,,0.0,,1.0,13563.1,,,,,,,,,,,,,,,,,,,,,,,,,,0.0,0.903,7731.1,,,,,,,,,2.697,,,,,,,,,,,,""
11013898276,"22 mars 2024, 11:11:43",Sortie vélo le midi,Vélo,,2842,"18,43",161.0,14,false,,,activities/11774141833.fit.gz,,,2842.0,2842.0,18433.0,10.0,6.486,76.5,0.0,167.3,223.9,6.5,0.3,,,,,,117.0,,,436.0,,,14.0,,,,,,,,,,,,,0.0,,1.0,,,,,,,,,,,,,,,,,,,,,,,,,,,0.0,6.486,453.0,,,,,,,,,,,,,,,,,,,,,""
11012528968,"22 mars 2024, 06:15:19",Sortie vélo le matin,Vélo,,2792,"18,54",160.0,27,false,,,activities/11772722129.fit.gz,,,2792.0,2617.0,18540.0,11.4,7.084,28.3,87.0,167.3,204.4,6.5,-0.2,,,,,,135.0,,,531.0,,,27.0,,,,,,,,,,,,,0.0,,1.0,,,,,,,,,,,,,,,,,,,,,,,,,,,0.0,6.64,1252.0,,,,,,,,,,,,,,,,,,,,,""
10987210687,"18 mars 2024, 16:49:33",Course à pied dans l'après-midi,Course à pied,,3189,"8,26",193.0,132,false,,,activities/11746620268.fit.gz,,,3189.0,2672.0,8268.0,5.4,3.094,139.4,89.0,204.6,272.0,38.9,0.0,,,89.0,78.0,,172.0,,,876.0,,,132.0,,,,,,,,,,,,,0.0,,1.0,8610.3,,,,,,,,,,,,,,,,,,,,,,,,,,0.0,2.593,121.0,,,,7698.0,,,,,,,,,,,,,,,,,""
10965022855,"15 mars 2024, 13:48:43",Course à pied dans l'après-midi,Course à pied,,3683,"10,02",189.0,153,false,,,activities/11723212031.fit.gz,,,3683.0,3312.0,10019.0,6.2,3.025,147.0,161.0,204.6,272.0,35.0,0.0,,,88.0,78.0,,169.0,,,1059.0,,,153.0,,,,,,,,,,,,,0.0,,1.0,10308.5,,,,,,,,,,,,,,,,,,,,,,,,,,0.0,2.72,115.0,,,,8888.0,,,,,,,,,,,,,,,,,""
10841562734,"26 févr. 2024, 16:04:47",Course à pied dans l'après-midi,Course à pied,,3390,"8,00",195.0,123,false,,,activities/11589371258.fit.gz,,,3390.0,2414.0,8008.0,5.6,3.317,98.6,80.0,215.9,280.4,14.0,-0.1,,,88.0,78.0,,173.0,,,869.0,,,123.0,,,,,,,,,,,,,0.0,,1.0,8103.0,,,,,,,,,,,,,,,,,,,,,,,,,,0.0,2.362,170.0,,,,7200.0,,,,,,,,,,,,,,,,,""
10815135986,"22 févr. 2024, 16:36:50",Course à pied dans l'après-midi,Course à pied,,2581,"8,00",192.0,135,false,,,activities/11561988030.fit.gz,,,2581.0,2524.0,8001.0,5.8,3.17,93.8,77.0,204.7,263.9,35.0,0.0,,,83.0,78.0,,172.0,,,809.0,,,135.0,,,,,,,,,,,,,0.0,,1.0,8226.5,,,,,,,,,,,,,,,,,,,,,,,,,,0.0,3.1,0.0,,,,6548.0,,,,,,,,,,,,,,,,,""
10760785874,"14 févr. 2024, 14:19:29",Course à pied dans l'après-midi,Course à pied,,2811,"8,89",193.0,164,false,,,activities/11505969869.fit.gz,,,2811.0,2792.0,8896.0,4.8,3.186,99.7,99.0,253.1,296.6,23.8,-0.2,,,81.0,79.0,,177.0,,,938.0,,,164.0,,,,,,,,,,,,,0.0,,1.0,9009.9,,,,,,,,,,,,,,,,,,,,,,,,,,0.0,3.165,7325.0,,,,7354.0,,,,,,,,,,,,,,,,,""
10755269464,"13 févr. 2024, 17:46:42",Course à pied en soirée,Course à pied,,1119,"4,00",198.0,62,false,,,activities/11500280801.fit.gz,,,1119.0,1118.0,4005.0,5.0,3.582,15.2,25.0,219.0,231.2,3.6,0.0,,,83.0,80.0,,178.0,,,398.0,,,62.0,,,,,,,,,,,,,0.0,,1.0,4019.1,,,,,,,,,,,,,,,,,,,,,,,,,,0.0,3.579,0.0,,,,2916.0,,,,,,,,,,,,,,,,,""
10570666754,"16 janv. 2024, 16:50:56",Course à pied dans l'après-midi,Course à pied,,1608,"4,83",189.0,64,false,,,activities/11309799478.fit.gz,,,1608.0,1388.0,4835.0,5.2,3.483,32.4,37.0,215.3,238.2,43.0,-0.1,,,90.0,79.0,,169.0,,,470.0,,,64.0,,,,,,,,,,,,,0.0,,1.0,4875.6,,,,,,,,,,,,,,,,,,,,,,,,,,0.0,3.007,285.0,,,,4032.0,,,,,,,,,,,,,,,,,""
10327087862,"4 déc. 2023, 13:50:27",Course à pied dans l'après-midi,Course à pied,,2683,"7,00",189.0,95,false,,,activities/11056006251.fit.gz,,,2683.0,2049.0,7008.0,5.8,3.42,141.2,108.0,194.5,277.3,34.4,0.0,,,98.0,80.0,,169.0,,,753.0,,,95.0,,,,,,,,,,,,,0.0,,1.0,7316.2,,,,,,,,,,,,,,,,,,,,,,,,,,0.0,2.612,0.0,,,,6198.0,,,,,,,,,,,,,,,,,""
10325763662,"3 déc. 2023, 09:10:22",Ski alpin le matin,Ski alpin,"",4230,"17,16",137.0,8,false,,,activities/11054628150.fit.gz,,,4230.0,3384.0,17167.0,22.6,5.073,1525.0,2452.0,1685.2,2692.6,49.5,-5.5,,,107.0,56.0,,102.0,,,492.0,,,8.0,,7,,,,,,,,,0.0,,0.0,,1.0,,,,,,,,,,,,,,,,,,,,,,,,,,,0.0,4.058,981.0,,,,,,,,,,,,,,,,,,,,,""
10238198432,"18 nov. 2023, 09:35:47",Course à pied le matin,Course à pied,,1262,"3,51",178.0,37,false,,,activities/10963620708.fit.gz,,,1262.0,1094.0,3514.0,6.6,3.212,69.3,65.0,1622.2,1719.9,46.3,-0.8,,,99.0,80.0,,160.0,,,352.0,,,37.0,,,,,,,,,,,,,0.0,,1.0,3716.0,,,,,,,,,,,,,,,,,,,,,,,,,,0.0,2.784,474.0,,,,3000.0,,,,,,,,,,,,,,,,,""
10229861162,"16 nov. 2023, 17:42:37",Course à pied en soirée,Course à pied,,959,"3,30",176.0,13,false,,,activities/10954961936.fit.gz,,,959.0,945.0,3304.0,5.8,3.496,7.2,9.0,217.1,224.4,2.9,0.0,,,88.0,77.0,,142.0,,,206.0,,,13.0,,,,,,,,,,,,,0.0,,1.0,3309.6,,,,,,,,,,,,,,,,,,,,,,,,,,0.0,3.445,0.0,,,,2234.0,,,,,,,,,,,,,,,,,""
10225158627,"15 nov. 2023, 18:06:16",Sortie vélo en soirée,Vélo,,1334,"8,10",168.0,20,false,,,activities/10950024618.fit.gz,,,1334.0,1263.0,8102.0,11.8,6.415,111.0,73.0,171.1,270.0,12.4,0.6,,,,,,140.0,,,289.0,,,20.0,,,,,,,,,,,,,0.0,,1.0,,,,,,,,,,,,,,,,,,,,,,,,,,,0.0,6.073,39.0,,,,,,,,,,,,,,,,,,,,,""
10223541245,"15 nov. 2023, 15:38:38",Sortie vélo dans l'après-midi,Vélo,,619,"2,25",116.0,1,false,,,activities/10948367247.fit.gz,,,619.0,532.0,2254.0,10.0,4.237,2.0,10.0,172.8,176.2,3.8,-0.1,,,,,,94.0,,,106.0,,,1.0,,,,,,,,,,,,,0.0,,1.0,,,,,,,,,,,,,,,,,,,,,,,,,,,0.0,3.641,0.0,,,,,,,,,,,,,,,,,,,,,""
10223422252,"15 nov. 2023, 14:34:58",Sortie vélo dans l'après-midi,Vélo,,870,"4,88",133.0,1,false,,,activities/10948244383.fit.gz,,,870.0,743.0,4887.0,13.1,6.577,9.9,33.0,169.8,216.5,15.0,-0.9,,,,,,100.0,,,155.0,,,1.0,,,,,,,,,,,,,0.0,,1.0,,,,,,,,,,,,,,,,,,,,,,,,,,,0.0,5.617,0.0,,,,,,,,,,,,,,,,,,,,,""
10216825970,"14 nov. 2023, 13:14:25",NoDrunkNovember 12/25,Course à pied,"",1847,"6,00",190.0,86,false,,,activities/10941426672.fit.gz,,,1847.0,1840.0,6001.0,6.8,3.261,36.4,63.0,215.4,238.4,9.1,0.0,,,86.0,78.0,,169.0,,,566.0,,,86.0,,,,,,,,,,,0.0,,0.0,,1.0,6052.6,,,,,,,,,,,,,,,,,,,,,,,,,,0.0,3.249,0.0,,,,4780.0,,,,,,,,,,,,,,,,,""
10211895635,"13 nov. 2023, 16:30:15",NoDrunkNovember 11/25,Course à pied,"Un peu de retard, je la compte aussi.
Encore 14 avant l’apéro",1079,"3,00",172.0,26,false,,,activities/10936331820.fit.gz,,,1079.0,1068.0,3008.0,5.0,2.816,59.5,28.0,176.3,232.8,32.9,1.5,,,84.0,77.0,,154.0,,,280.0,,,26.0,,,,,,,,,,,0.0,,0.0,,1.0,3356.9,,,,,,,,,,,,,,,,,,,,,,,,,,0.0,2.788,0.0,,,,2686.0,,,,,,,,,,,,,,,,,""
10211469331,"13 nov. 2023, 13:27:59",NoDrunkNovember 10/25,Course à pied,"Premier semi sur du plat on adore ça.
Encorde désolé maman j’ai séché les cours mais c’est pour la bonne cause.",6223,"21,14",188.0,364,false,,,activities/10935889401.fit.gz,,,6223.0,6222.0,21146.0,12.8,3.399,39.1,253.0,164.6,201.5,10.0,-0.1,,,119.0,81.0,,175.0,,,1941.0,,,364.0,,,,,,,,,,,0.0,,0.0,,1.0,21165.4,,,,,,,,,,,,,,,,,,,,,,,,,,0.0,3.398,536.0,,,,16588.0,,,,,,,,,,,,,,,,,""
10198340846,"11 nov. 2023, 09:38:45",NoDrunkNovember 9/25,Course à pied,Retour dans le 43 on s’envoie dans les montées comme des ânes,3820,"10,63",175.0,108,false,,,activities/10922215379.fit.gz,,,3820.0,3485.0,10631.0,4.8,3.051,268.3,212.0,951.9,1080.5,30.0,-0.1,,,88.0,79.0,,160.0,,,971.0,,,108.0,,,,,,,,,,,0.0,,0.0,,1.0,11504.0,,,,,,,,,,,,,,,,,,,,,,,,,,0.0,2.783,5820.0,,,,9212.0,,,,,,,,,,,,,,,,,""
10183818836,"8 nov. 2023, 16:43:43",NoDrunkNovember 8/25,Course à pied,Pour finir la journée,2739,"9,02",180.0,111,false,,,activities/10907185052.fit.gz,,,2739.0,2714.0,9029.0,6.6,3.327,95.3,86.0,194.5,262.7,46.0,0.0,,,87.0,82.0,,166.0,,,792.0,,,111.0,,,,,,,,,,,0.0,,0.0,,1.0,9206.3,,,,,,,,,,,,,,,,,,,,,,,,,,0.0,3.296,0.0,,,,7296.0,,,,,,,,,,,,,,,,,""
10183429766,"8 nov. 2023, 14:37:57",NoDrunkNovember 7/25,Vélo électrique,Petit tour à vélo en rentrant du taff,6175,"40,54",144.0,26,false,,,activities/10906784373.fit.gz,,,6175.0,6108.0,40543.0,13.0,6.638,161.7,60.0,167.8,223.9,10.0,0.1,,,,,,120.0,,,804.0,,,26.0,,,,,,,,,,,0.0,,0.0,,1.0,,,,,,,,,,,,,,,,,,,,,,,,,,,0.0,6.566,3884.0,,,,,,,,,,,,,,,,,,,,,""
10180959447,"8 nov. 2023, 06:18:27",NoDrunkNovember 6/25,Vélo électrique,"Aujourd’hui on velotaff.
Bien penser à prendre des gants et mettre 2 paires de chaussettes la prochaine fois.",2814,"20,01",152.0,34,false,,,activities/10904221238.fit.gz,,,2814.0,2814.0,20010.0,11.0,7.111,29.4,54.0,169.4,223.9,6.7,-0.3,,,,,,138.0,,,571.0,,,34.0,,,,,,,,,,,0.0,,0.0,,1.0,,,,,,,,,,,,,,,,,,,,,,,,,,,0.0,7.111,773.0,,,,,,,,,,,,,,,,,,,,,""
10177543366,"7 nov. 2023, 16:37:17",NoDrunKNovember 5/25,Course à pied,"Dans les bois avec tetons, de nuit et sans frontale",2065,"5,26",166.0,36,false,,,activities/10900701636.fit.gz,,,2065.0,2032.0,5261.0,5.6,2.589,66.0,64.0,261.1,324.0,8.8,0.0,,,82.0,76.0,,148.0,,,473.0,,,36.0,,,,,,,,,,,0.0,,0.0,,1.0,5347.2,,,,,,,,,,,,,,,,,,,,,,,,,,0.0,2.548,1931.0,,,,5010.0,,,,,,,,,,,,,,,,,""
10171717711,"6 nov. 2023, 17:07:44",NoDrunkNovember 4/25,Course à pied,Désolé maman j’ai racheté un paquet de clope hier,2219,"7,01",179.0,82,false,,,activities/10894642228.fit.gz,,,2219.0,1943.0,7013.0,6.2,3.609,103.8,50.0,221.3,299.6,45.5,0.2,,,89.0,80.0,,165.0,,,629.0,,,82.0,,,,,,,,,,,0.0,,0.0,,1.0,7236.5,,,,,,,,,,,,,,,,,,,,,,,,,,0.0,3.16,74.0,,,,5388.0,,,,,,,,,,,,,,,,,""
10166612772,"5 nov. 2023, 16:20:44",NoDrunkNovember 3/25,Vélo électrique,"",5481,"30,04",134.0,15,false,,,activities/10889254127.fit.gz,,,5481.0,5335.0,30043.0,11.6,5.631,119.2,121.0,164.6,257.7,24.4,-0.1,,,,,,107.0,,,639.0,,,15.0,,,,,,,,,,,0.0,,0.0,,1.0,,,,,,,,,,,,,,,,,,,,,,,,,,,0.0,5.481,476.5,,,,,,,,,,,,,,,,,,,,,""
10165093865,"5 nov. 2023, 13:44:59",Sortie vélo dans l'après-midi,Vélo,,1117,"5,94",165.0,10,false,,,activities/10887664965.fit.gz,,,1117.0,1085.0,5945.0,10.2,5.479,82.0,94.0,172.2,254.2,8.0,0.5,,,,,,133.0,,,227.0,,,10.0,,,,,,,,,,,,,0.0,,1.0,,,,,,,,,,,,,,,,,,,,,,,,,,,0.0,5.322,0.0,,,,,,,,,,,,,,,,,,,,,""
10154434667,"3 nov. 2023, 17:30:09",NoDrunkNovember 2/25,Course à pied,"Changement dans les plans, opération dû genoux le 23 novembre on va réduire l’objectif",3271,"10,01",180.0,129,false,,,activities/10876454214.fit.gz,,,3271.0,3269.0,10010.0,11.6,3.062,133.0,109.0,215.6,274.5,11.3,0.0,,,126.0,78.0,,164.0,,,913.0,,,129.0,,,,,,,,,,,0.0,,0.0,,1.0,10333.5,,,,,,,,,,,,,,,,,,,,,,,,,,0.0,3.06,9.0,,,,8472.0,,,,,,,,,,,,,,,,,""
10149195575,"2 nov. 2023, 18:36:20",Course à pied en soirée,Course à pied,,470,"1,64",191.0,18,false,,,activities/10870951240.fit.gz,,,470.0,471.0,1644.0,4.4,3.49,4.2,0.0,217.1,221.5,1.4,0.1,,,88.0,80.0,,165.0,,,142.0,,,18.0,,,,,,,,,,,,,0.0,,1.0,1645.7,,,,,,,,,,,,,,,,,,,,,,,,,,0.0,3.498,0.0,,,,1262.0,,,,,,,,,,,,,,,,,""
10149195698,"2 nov. 2023, 17:19:03",NoDrunkNovember 1/40,Course à pied,"",4539,"8,04",189.0,104,false,,,activities/10870951328.fit.gz,,,4539.0,2314.0,8040.0,12.0,3.475,135.9,124.0,204.9,272.0,16.4,0.0,,,90.0,79.0,,167.0,,,817.0,,,104.0,,,,,,,,,,,0.0,,0.0,,1.0,8256.2,,,,,,,,,,,,,,,,,,,,,,,,,,0.0,1.771,122.0,,,,7862.0,,,,,,,,,,,,,,,,,""
10137434505,"31 oct. 2023, 16:54:47",Course à pied dans l'après-midi,Course à pied,Promenade avec tete,2000,"5,40",166.0,44,false,,,activities/10858623213.fit.gz,,,2000.0,1994.0,5402.0,6.0,2.709,55.2,49.0,253.0,296.7,5.2,-0.1,,,88.0,73.0,,150.0,,,476.0,,,44.0,,,,,,,,,,,0.0,,0.0,,1.0,5443.2,,,,,,,,,,,,,,,,,,,,,,,,,,0.0,2.701,3750.0,,,,4742.0,,,,,,,,,,,,,,,,,""
10131602895,"30 oct. 2023, 16:48:20",Course à pied dans l'après-midi,Course à pied,"Ça commence en endurance fondamentale, ça  fini à prendre des cotes à 3:35",2356,"6,96",180.0,70,false,,,activities/10852537323.fit.gz,,,2356.0,2182.0,6959.0,6.64,3.189,90.5,83.0,204.9,263.8,41.1,0.0,,,103.0,77.0,,159.0,,,637.0,,,70.0,,,,,,,,,,,0.0,,0.0,,1.0,7164.9,,,,,,,,,,,,,,,,,,,,,,,,,,0.0,2.954,0.0,,,,5816.0,,,,,,,,,,,,,,,,,""
10115525279,"27 oct. 2023, 22:31:01",Sortie vélo de nuit,Vélo,,774,"5,35",120.0,1,false,,,activities/10835623457.fit.gz,,,774.0,774.0,5355.0,11.2,6.919,105.3,34.0,170.3,269.6,10.5,0.9,,,,,,97.0,,,89.0,,,1.0,,,,,,,,,,,,,0.0,,1.0,,,,,,,,,,,,,,,,,,,,,,,,,,,1.0,6.919,0.0,,,,,,,,,,,,,,,,,,,,,""
10115313153,"27 oct. 2023, 21:24:49",Sortie vélo de nuit,Vélo,,883,"5,65",105.0,1,false,,,activities/10835401997.fit.gz,,,883.0,792.0,5650.0,14.36,7.134,56.7,85.0,170.7,270.0,7.1,-0.8,,,,,,90.0,,,87.0,,,1.0,,,,,,,,,,,,,0.0,,1.0,,,,,,,,,,,,,,,,,,,,,,,,,,,0.0,6.399,0.0,,,,,,,,,,,,,,,,,,,,,""
10115133514,"27 oct. 2023, 20:37:29",Course à pied de nuit,Course à pied,"",827,"2,45",184.0,29,false,,,activities/10835215396.fit.gz,,,827.0,778.0,2451.0,8.6,3.15,31.8,11.0,223.0,255.6,31.0,0.2,,,84.0,79.0,,160.0,,,239.0,,,29.0,,,,,,,,,,,0.0,,0.0,,1.0,2514.1,,,,,,,,,,,,,,,,,,,,,,,,,,0.0,2.964,797.7,,,,2070.0,,,,,,,,,,,,,,,,,""
10083250593,"22 oct. 2023, 09:37:19",Course à pied le midi,Course à pied,,3008,"10,00",189.0,175,false,,,activities/10802006438.fit.gz,,,3008.0,2743.0,10000.0,8.2,3.646,36.8,91.0,168.0,179.1,12.9,0.0,,,89.0,85.0,,181.0,,,1002.0,,,175.0,,,,,,,,,,,,,0.0,,1.0,10050.0,,,,,,,,,,,,,,,,,,,,,,,,,,0.0,3.324,6.0,,,,7964.0,,,,,,,,,,,,,,,,,""
10067893847,"19 oct. 2023, 15:25:34",Course à pied dans l'après-midi,Course à pied,,3511,"10,01",194.0,145,false,,,activities/10786008156.fit.gz,,,3511.0,2920.0,10013.0,7.2,3.429,44.0,39.0,203.8,236.8,45.0,0.0,,,102.0,81.0,,171.0,,,1040.0,,,145.0,,,,,,,,,,,,,0.0,,1.0,10142.2,,,,,,,,,,,,,,,,,,,,,,,,,,0.0,2.852,7.0,,,,8758.0,,,,,,,,,,,,,,,,,""
10055892274,"17 oct. 2023, 16:13:48",Course à pied en soirée,Course à pied,,275,"0,91",187.0,10,false,,,activities/10773566403.fit.gz,,,275.0,259.0,915.0,5.6,3.533,0.0,0.0,221.5,228.5,1.5,-0.6,,,86.0,80.0,,166.0,,,81.0,,,10.0,,,,,,,,,,,,,0.0,,1.0,904.9,,,,,,,,,,,,,,,,,,,,,,,,,,0.0,3.327,0.0,,,,694.0,,,,,,,,,,,,,,,,,""
10055891816,"17 oct. 2023, 15:53:33",Course à pied dans l'après-midi,Course à pied,,1130,"3,04",186.0,35,false,,,activities/10773565853.fit.gz,,,1130.0,822.0,3048.0,6.0,3.708,57.7,15.0,216.1,274.2,25.0,0.2,,,88.0,80.0,,165.0,,,331.0,,,35.0,,,,,,,,,,,,,0.0,,1.0,3177.1,,,,,,,,,,,,,,,,,,,,,,,,,,0.0,2.697,0.0,,,,2642.0,,,,,,,,,,,,,,,,,""
10030993051,"13 oct. 2023, 12:37:56",Course à pied dans l'après-midi,Course à pied,,2314,"6,00",190.0,90,false,,,activities/10747609813.fit.gz,,,2314.0,1745.0,6000.0,6.0,3.438,67.9,96.0,171.3,272.2,35.6,-0.8,,,103.0,81.0,,172.0,,,659.0,,,90.0,,,,,,,,,,,,,0.0,,1.0,6149.5,,,,,,,,,,,,,,,,,,,,,,,,,,0.0,2.593,1510.0,,,,5400.0,,,,,,,,,,,,,,,,,""
10020531621,"11 oct. 2023, 16:18:13",Course à pied en soirée,Course à pied,,3298,"10,00",190.0,149,false,,,activities/10736750989.fit.gz,,,3298.0,3264.0,10008.0,5.4,3.066,113.3,86.0,253.0,296.7,8.2,-0.1,,,88.0,81.0,,168.0,,,967.0,,,149.0,,,,,,,,,,,,,0.0,,1.0,10136.8,,,,,,,,,,,,,,,,,,,,,,,,,,0.0,3.035,6967.0,,,,8674.0,,,,,,,,,,,,,,,,,""
10008139504,"9 oct. 2023, 18:09:22",Course à pied en soirée,Course à pied,,2218,"6,67",191.0,99,false,,,activities/10723921780.fit.gz,,,2218.0,2193.0,6674.0,6.4,3.043,71.5,69.0,205.0,245.5,30.0,0.0,,,87.0,78.0,,169.0,,,664.0,,,99.0,,,,,,,,,,,,,0.0,,1.0,6795.8,,,,,,,,,,,,,,,,,,,,,,,,,,0.0,3.009,34.0,,,,5498.0,,,,,,,,,,,,,,,,,""
9993204505,"7 oct. 2023, 09:00:48",UTBV 23km,Course à pied,"200/449
77/123 SEM",9272,"22,26",,,false,,,activities/10708302692.fit.gz,,,9272.0,8937.0,22268.0,5.4,2.492,917.2,796.0,427.8,824.5,49.1,0.0,,,132.0,75.0,,,,,2540.0,,,,,,,,,,,,,,0.0,,0.0,,1.0,26978.5,1696669184.0,1.0,16.7,15.6,4.5,0.44,1027.5,0.4,2.0,187.0,0.0,1696657664.0,1696698752.0,0.875,,,0.0,1.0,0.0,36009.7,2.0,,,,,0.0,2.402,12991.0,,,,,,,,,,,,,,,,,,,,,""
9975949571,"4 oct. 2023, 15:57:35",Course à pied dans l'après-midi,Course à pied,,234,"0,87",,,false,,,activities/10690331142.fit.gz,,,234.0,231.0,870.0,5.2,3.766,2.8,0.0,218.6,221.4,2.1,0.3,,,89.0,82.0,,,,,70.0,,,,,,,,,,,,,,,,0.0,,1.0,874.6,1696431616.0,3.0,19.9,19.3,9.8,0.52,1026.3,4.4,8.6,357.0,0.0,1696398080.0,1696439808.0,0.625,,,0.0,1.0,0.82,34851.0,1.0,,,,,0.0,3.718,0.0,,,,,,,,,,,,,,,,,,,,,""
9975949848,"4 oct. 2023, 15:36:08",Course à pied dans l'après-midi,Course à pied,,947,"3,01",,,false,,,activities/10690331477.fit.gz,,,947.0,781.0,3010.0,5.2,3.854,14.4,0.0,220.0,234.6,5.3,0.0,,,86.0,81.0,,,,,237.0,,,,,,,,,,,,,,,,0.0,,1.0,3027.4,1696431616.0,3.0,19.9,19.3,9.8,0.52,1026.3,4.4,8.6,357.0,0.0,1696398080.0,1696439808.0,0.625,,,0.0,1.0,0.82,34851.0,1.0,,,,,0.0,3.178,0.0,,,,,,,,,,,,,,,,,,,,,""
9956725421,"1 oct. 2023, 15:12:42",Course à pied dans l'après-midi,Course à pied,,992,"3,77",,,false,,,activities/9956725421.gpx,,,992.0,984.0,3771.9,7.468,3.833,0.0,-0.1,220.9,222.8,2.7,0.0,,,,,,,,,,,,,,,,,,,,,,,,,0.0,,1.0,3778.5,1696172416.0,1.0,25.2,24.9,12.5,0.45,1022.9,1.4,2.8,89.0,0.0,1696138752.0,1696180864.0,0.625,,,0.0,1.0,0.07,31624.0,1.0,,,,,0.0,3.802,0.0,,,,848.0,,,,,,,,,,,,,,,,,""
9948694312,"30 sept. 2023, 09:01:56",Course à pied dans l'après-midi,Course à pied,"",11463,"26,16",,,false,,,activities/9948694312.gpx,,,11463.0,9480.0,26166.7,6.86,2.76,704.3,732.1,951.2,1188.6,42.4,-0.1,,,,,,,,,,,,,,,,,,,,,,,0.0,,0.0,,1.0,28342.3,1696064384.0,1.0,15.7,15.2,10.7,0.72,1026.3,2.8,6.3,339.0,0.0,1696052352.0,1696094720.0,0.625,,,0.32,1.0,0.29,29121.0,3.0,,,,,0.0,2.283,22477.1,,,,14420.0,,,,,,,,,,,,,,,,,""
9931740328,"27 sept. 2023, 15:57:22",Course à pied le soir,Course à pied,,3137,"8,46",,,false,,,activities/9931740328.gpx,,,3137.0,2827.0,8460.7,6.91,2.993,87.4,87.7,194.6,262.4,43.4,0.0,,,,,,,,,,,,,,,,,,,,,,,,,0.0,,1.0,8635.9,1695826816.0,2.0,26.6,26.3,12.4,0.41,1017.3,2.1,4.0,141.0,0.0,1695792768.0,1695835776.0,0.375,,,0.0,1.0,0.55,35097.0,1.0,,,,,0.0,2.697,0.0,,,,7300.0,,,,,,,,,,,,,,,,,""
9924687749,"26 sept. 2023, 15:48:57",Course à pied le soir,Course à pied,,780,"2,70",,,false,,,activities/9924687749.gpx,,,780.0,780.0,2708.7,6.938,3.473,0.0,-1.1,220.9,222.7,2.7,0.0,,,,,,,,,,,,,,,,,,,,,,,,,0.0,,1.0,2715.3,1695740416.0,1.0,26.1,25.5,10.7,0.38,1019.3,1.1,2.8,119.0,0.0,1695706368.0,1695749504.0,0.375,,,0.0,1.0,0.07,35034.0,2.0,,,,,0.0,3.473,0.0,,,,2010.0,,,,,,,,,,,,,,,,,""
9909425154,"24 sept. 2023, 07:30:58",Course à pied du midi,Course à pied,,5848,"15,70",,,false,,,activities/9909425154.gpx,,,5848.0,5801.0,15701.0,4.618,2.707,418.3,417.9,304.8,501.7,48.1,0.0,,,,,,,,,,,,,,,,,,,,,,,,,0.0,,1.0,17150.1,1695538816.0,1.0,10.4,9.8,7.3,0.81,1024.9,1.6,3.0,312.0,0.0,1695533440.0,1695576960.0,0.375,,,0.0,1.0,0.03,29230.0,1.0,,,,,0.0,2.685,10432.1,,,,14650.0,,,,,,,,,,,,,,,,,""
9832112687,"12 sept. 2023, 05:10:49",Course à pied matinale,Course à pied,,986,"2,91",,,false,,,activities/9832112687.gpx,,,986.0,813.0,2913.8,6.71,3.584,8.4,8.6,217.5,222.8,12.9,0.0,,,,,,,,,,,,,,,,,,,,,,,,,0.0,,1.0,2922.7,1694494848.0,3.0,15.9,15.3,9.0,0.64,1012.8,1.5,2.9,203.0,0.0,1694495744.0,1694541568.0,0.875,,,0.38,5.0,0.69,29656.0,0.0,,,,,0.0,2.955,0.0,,,,2060.0,,,,,,,,,,,,,,,,,""
9828262612,"11 sept. 2023, 14:32:03",Course à pied dans l'après-midi,Course à pied,,1787,"4,78",,,false,,,activities/9828262612.gpx,,,1787.0,1409.0,4782.5,5.026,3.394,56.2,61.3,252.5,296.4,48.6,-0.1,,,,,,,,,,,,,,,,,,,,,,,,,0.0,,1.0,4845.2,1694440832.0,1.0,32.7,31.6,9.7,0.24,1012.0,4.2,9.0,155.0,0.0,1694409216.0,1694455296.0,0.875,,,0.0,1.0,0.2,33569.0,4.0,,,,,0.0,2.676,3208.3,,,,3700.0,,,,,,,,,,,,,,,,,""
