<?xml version="1.0" encoding="UTF-8"?>
<gpx creator="StravaGPX" version="1.1" xmlns="http://www.topografix.com/GPX/1/1" xmlns:xsi="http://www.w3.org/2001/XMLSchema-instance" xsi:schemaLocation="http://www.topografix.com/GPX/1/1 http://www.topografix.com/GPX/1/1/gpx.xsd">
 <metadata>
  <time>2024-12-15T08:59:26Z</time>
 </metadata>
 <trk>
  <name>Morzine winter trail 2024</name>
  <type>trail_running</type>
  <trkseg>
   <trkpt lat="46.1813650" lon="6.7026980">
    <ele>977.8</ele>
    <time>2024-12-15T08:59:26Z</time>
   </trkpt>
   <trkpt lat="46.1813650" lon="6.7026980">
    <ele>977.8</ele>
    <time>2024-12-15T08:59:47Z</time>
   </trkpt>
   <trkpt lat="46.1813650" lon="6.7027280">
    <ele>977.8</ele>
    <time>2024-12-15T08:59:48Z</time>
   </trkpt>
   <trkpt lat="46.1813640" lon="6.7027720">
    <ele>977.7</ele>
    <time>2024-12-15T08:59:49Z</time>
   </trkpt>
   <trkpt lat="46.1813630" lon="6.7027900">
    <ele>977.7</ele>
    <time>2024-12-15T08:59:50Z</time>
   </trkpt>
   <trkpt lat="46.1813600" lon="6.7028380">
    <ele>977.7</ele>
    <time>2024-12-15T08:59:51Z</time>
   </trkpt>
   <trkpt lat="46.1813560" lon="6.7028640">
    <ele>977.7</ele>
    <time>2024-12-15T08:59:52Z</time>
   </trkpt>
   <trkpt lat="46.1813520" lon="6.7028890">
    <ele>977.7</ele>
    <time>2024-12-15T08:59:53Z</time>
   </trkpt>
   <trkpt lat="46.1813450" lon="6.7029310">
    <ele>977.7</ele>
    <time>2024-12-15T08:59:54Z</time>
   </trkpt>
   <trkpt lat="46.1813420" lon="6.7029410">
    <ele>977.7</ele>
    <time>2024-12-15T08:59:55Z</time>
   </trkpt>
   <trkpt lat="46.1813420" lon="6.7029600">
    <ele>977.7</ele>
    <time>2024-12-15T08:59:56Z</time>
   </trkpt>
   <trkpt lat="46.1813380" lon="6.7029900">
    <ele>977.7</ele>
    <time>2024-12-15T08:59:57Z</time>
   </trkpt>
   <trkpt lat="46.1813380" lon="6.7030080">
    <ele>977.7</ele>
    <time>2024-12-15T08:59:58Z</time>
   </trkpt>
   <trkpt lat="46.1813400" lon="6.7030320">
    <ele>977.7</ele>
    <time>2024-12-15T08:59:59Z</time>
   </trkpt>
   <trkpt lat="46.1813370" lon="6.7030530">
    <ele>977.7</ele>
    <time>2024-12-15T09:00:00Z</time>
   </trkpt>
   <trkpt lat="46.1813410" lon="6.7030750">
    <ele>977.7</ele>
    <time>2024-12-15T09:00:01Z</time>
   </trkpt>
   <trkpt lat="46.1813420" lon="6.7030950">
    <ele>977.7</ele>
    <time>2024-12-15T09:00:02Z</time>
   </trkpt>
   <trkpt lat="46.1813440" lon="6.7031160">
    <ele>977.7</ele>
    <time>2024-12-15T09:00:03Z</time>
   </trkpt>
   <trkpt lat="46.1813480" lon="6.7031530">
    <ele>977.7</ele>
    <time>2024-12-15T09:00:04Z</time>
   </trkpt>
   <trkpt lat="46.1813510" lon="6.7031670">
    <ele>977.7</ele>
    <time>2024-12-15T09:00:05Z</time>
   </trkpt>
   <trkpt lat="46.1813500" lon="6.7031920">
    <ele>977.7</ele>
    <time>2024-12-15T09:00:06Z</time>
   </trkpt>
   <trkpt lat="46.1813470" lon="6.7032090">
    <ele>977.7</ele>
    <time>2024-12-15T09:00:07Z</time>
   </trkpt>
   <trkpt lat="46.1813430" lon="6.7032330">
    <ele>977.8</ele>
    <time>2024-12-15T09:00:08Z</time>
   </trkpt>
   <trkpt lat="46.1813470" lon="6.7032490">
    <ele>977.8</ele>
    <time>2024-12-15T09:00:09Z</time>
   </trkpt>
   <trkpt lat="46.1813540" lon="6.7032620">
    <ele>977.8</ele>
    <time>2024-12-15T09:00:10Z</time>
   </trkpt>
   <trkpt lat="46.1813500" lon="6.7032840">
    <ele>977.8</ele>
    <time>2024-12-15T09:00:11Z</time>
   </trkpt>
   <trkpt lat="46.1813650" lon="6.7032930">
    <ele>977.8</ele>
    <time>2024-12-15T09:00:12Z</time>
   </trkpt>
   <trkpt lat="46.1813630" lon="6.7033190">
    <ele>977.8</ele>
    <time>2024-12-15T09:00:13Z</time>
   </trkpt>
   <trkpt lat="46.1813530" lon="6.7033410">
    <ele>977.8</ele>
    <time>2024-12-15T09:00:14Z</time>
   </trkpt>
   <trkpt lat="46.1813510" lon="6.7033580">
    <ele>977.8</ele>
    <time>2024-12-15T09:00:15Z</time>
   </trkpt>
   <trkpt lat="46.1813540" lon="6.7033780">
    <ele>977.8</ele>
    <time>2024-12-15T09:00:16Z</time>
   </trkpt>
   <trkpt lat="46.1813540" lon="6.7033850">
    <ele>977.8</ele>
    <time>2024-12-15T09:00:17Z</time>
   </trkpt>
   <trkpt lat="46.1813560" lon="6.7033920">
    <ele>977.8</ele>
    <time>2024-12-15T09:00:18Z</time>
   </trkpt>
   <trkpt lat="46.1813550" lon="6.7033960">
    <ele>977.8</ele>
    <time>2024-12-15T09:00:19Z</time>
   </trkpt>
   <trkpt lat="46.1813540" lon="6.7034060">
    <ele>977.8</ele>
    <time>2024-12-15T09:00:20Z</time>
   </trkpt>
   <trkpt lat="46.1813510" lon="6.7034250">
    <ele>977.8</ele>
    <time>2024-12-15T09:00:21Z</time>
   </trkpt>
   <trkpt lat="46.1813490" lon="6.7034410">
    <ele>977.9</ele>
    <time>2024-12-15T09:00:22Z</time>
   </trkpt>
   <trkpt lat="46.1813510" lon="6.7034520">
    <ele>977.9</ele>
    <time>2024-12-15T09:00:23Z</time>
   </trkpt>
   <trkpt lat="46.1813460" lon="6.7034680">
    <ele>977.9</ele>
    <time>2024-12-15T09:00:24Z</time>
   </trkpt>
   <trkpt lat="46.1813420" lon="6.7035010">
    <ele>977.9</ele>
    <time>2024-12-15T09:00:25Z</time>
   </trkpt>
   <trkpt lat="46.1813400" lon="6.7035130">
    <ele>977.9</ele>
    <time>2024-12-15T09:00:26Z</time>
   </trkpt>
   <trkpt lat="46.1813370" lon="6.7035260">
    <ele>977.9</ele>
    <time>2024-12-15T09:00:27Z</time>
   </trkpt>
   <trkpt lat="46.1813360" lon="6.7035540">
    <ele>977.9</ele>
    <time>2024-12-15T09:00:28Z</time>
   </trkpt>
   <trkpt lat="46.1813360" lon="6.7035700">
    <ele>977.9</ele>
    <time>2024-12-15T09:00:29Z</time>
   </trkpt>
   <trkpt lat="46.1813350" lon="6.7035860">
    <ele>977.8</ele>
    <time>2024-12-15T09:00:30Z</time>
   </trkpt>
   <trkpt lat="46.1813320" lon="6.7036300">
    <ele>977.8</ele>
    <time>2024-12-15T09:00:31Z</time>
   </trkpt>
   <trkpt lat="46.1813320" lon="6.7036420">
    <ele>977.8</ele>
    <time>2024-12-15T09:00:32Z</time>
   </trkpt>
   <trkpt lat="46.1813410" lon="6.7036610">
    <ele>977.8</ele>
    <time>2024-12-15T09:00:33Z</time>
   </trkpt>
   <trkpt lat="46.1813420" lon="6.7036920">
    <ele>977.8</ele>
    <time>2024-12-15T09:00:34Z</time>
   </trkpt>
   <trkpt lat="46.1813510" lon="6.7037190">
    <ele>977.8</ele>
    <time>2024-12-15T09:00:35Z</time>
   </trkpt>
   <trkpt lat="46.1813570" lon="6.7037390">
    <ele>977.7</ele>
    <time>2024-12-15T09:00:36Z</time>
   </trkpt>
   <trkpt lat="46.1813620" lon="6.7037580">
    <ele>977.7</ele>
    <time>2024-12-15T09:00:37Z</time>
   </trkpt>
   <trkpt lat="46.1813670" lon="6.7037890">
    <ele>977.7</ele>
    <time>2024-12-15T09:00:38Z</time>
   </trkpt>
   <trkpt lat="46.1813730" lon="6.7038050">
    <ele>977.7</ele>
    <time>2024-12-15T09:00:39Z</time>
   </trkpt>
   <trkpt lat="46.1813780" lon="6.7038200">
    <ele>977.7</ele>
    <time>2024-12-15T09:00:40Z</time>
   </trkpt>
   <trkpt lat="46.1813780" lon="6.7038300">
    <ele>977.7</ele>
    <time>2024-12-15T09:00:41Z</time>
   </trkpt>
   <trkpt lat="46.1813750" lon="6.7038620">
    <ele>977.7</ele>
    <time>2024-12-15T09:00:42Z</time>
   </trkpt>
   <trkpt lat="46.1813860" lon="6.7039040">
    <ele>977.6</ele>
    <time>2024-12-15T09:00:43Z</time>
   </trkpt>
   <trkpt lat="46.1814050" lon="6.7039470">
    <ele>977.6</ele>
    <time>2024-12-15T09:00:44Z</time>
   </trkpt>
   <trkpt lat="46.1814080" lon="6.7039610">
    <ele>977.5</ele>
    <time>2024-12-15T09:00:45Z</time>
   </trkpt>
   <trkpt lat="46.1814170" lon="6.7039900">
    <ele>977.5</ele>
    <time>2024-12-15T09:00:46Z</time>
   </trkpt>
   <trkpt lat="46.1814300" lon="6.7039980">
    <ele>977.5</ele>
    <time>2024-12-15T09:00:47Z</time>
   </trkpt>
   <trkpt lat="46.1814370" lon="6.7040240">
    <ele>977.5</ele>
    <time>2024-12-15T09:00:48Z</time>
   </trkpt>
   <trkpt lat="46.1814490" lon="6.7040390">
    <ele>977.4</ele>
    <time>2024-12-15T09:00:49Z</time>
   </trkpt>
   <trkpt lat="46.1814610" lon="6.7040730">
    <ele>977.4</ele>
    <time>2024-12-15T09:00:50Z</time>
   </trkpt>
   <trkpt lat="46.1814640" lon="6.7040910">
    <ele>977.4</ele>
    <time>2024-12-15T09:00:51Z</time>
   </trkpt>
   <trkpt lat="46.1814640" lon="6.7041230">
    <ele>977.3</ele>
    <time>2024-12-15T09:00:52Z</time>
   </trkpt>
   <trkpt lat="46.1814700" lon="6.7041380">
    <ele>977.3</ele>
    <time>2024-12-15T09:00:53Z</time>
   </trkpt>
   <trkpt lat="46.1814630" lon="6.7041900">
    <ele>977.3</ele>
    <time>2024-12-15T09:00:54Z</time>
   </trkpt>
   <trkpt lat="46.1814600" lon="6.7042100">
    <ele>977.4</ele>
    <time>2024-12-15T09:00:55Z</time>
   </trkpt>
   <trkpt lat="46.1814410" lon="6.7042520">
    <ele>977.4</ele>
    <time>2024-12-15T09:00:56Z</time>
   </trkpt>
   <trkpt lat="46.1814380" lon="6.7042710">
    <ele>977.5</ele>
    <time>2024-12-15T09:00:57Z</time>
   </trkpt>
   <trkpt lat="46.1814280" lon="6.7043150">
    <ele>977.6</ele>
    <time>2024-12-15T09:00:58Z</time>
   </trkpt>
   <trkpt lat="46.1814270" lon="6.7043260">
    <ele>977.6</ele>
    <time>2024-12-15T09:00:59Z</time>
   </trkpt>
   <trkpt lat="46.1814030" lon="6.7043620">
    <ele>977.7</ele>
    <time>2024-12-15T09:01:00Z</time>
   </trkpt>
   <trkpt lat="46.1813920" lon="6.7043710">
    <ele>977.7</ele>
    <time>2024-12-15T09:01:01Z</time>
   </trkpt>
   <trkpt lat="46.1813870" lon="6.7044150">
    <ele>977.8</ele>
    <time>2024-12-15T09:01:02Z</time>
   </trkpt>
   <trkpt lat="46.1813840" lon="6.7044250">
    <ele>977.8</ele>
    <time>2024-12-15T09:01:03Z</time>
   </trkpt>
   <trkpt lat="46.1813730" lon="6.7044620">
    <ele>977.9</ele>
    <time>2024-12-15T09:01:04Z</time>
   </trkpt>
   <trkpt lat="46.1813660" lon="6.7044720">
    <ele>977.9</ele>
    <time>2024-12-15T09:01:05Z</time>
   </trkpt>
   <trkpt lat="46.1813520" lon="6.7045140">
    <ele>978.0</ele>
    <time>2024-12-15T09:01:06Z</time>
   </trkpt>
   <trkpt lat="46.1813470" lon="6.7045290">
    <ele>978.1</ele>
    <time>2024-12-15T09:01:07Z</time>
   </trkpt>
   <trkpt lat="46.1813350" lon="6.7045730">
    <ele>978.2</ele>
    <time>2024-12-15T09:01:08Z</time>
   </trkpt>
   <trkpt lat="46.1813290" lon="6.7045820">
    <ele>978.2</ele>
    <time>2024-12-15T09:01:09Z</time>
   </trkpt>
   <trkpt lat="46.1813110" lon="6.7046320">
    <ele>978.3</ele>
    <time>2024-12-15T09:01:10Z</time>
   </trkpt>
   <trkpt lat="46.1813030" lon="6.7046460">
    <ele>978.4</ele>
    <time>2024-12-15T09:01:11Z</time>
   </trkpt>
   <trkpt lat="46.1812970" lon="6.7047010">
    <ele>978.5</ele>
    <time>2024-12-15T09:01:12Z</time>
   </trkpt>
   <trkpt lat="46.1812940" lon="6.7047180">
    <ele>978.5</ele>
    <time>2024-12-15T09:01:13Z</time>
   </trkpt>
   <trkpt lat="46.1812850" lon="6.7047660">
    <ele>978.6</ele>
    <time>2024-12-15T09:01:14Z</time>
   </trkpt>
   <trkpt lat="46.1812840" lon="6.7047810">
    <ele>978.7</ele>
    <time>2024-12-15T09:01:15Z</time>
   </trkpt>
   <trkpt lat="46.1812750" lon="6.7048280">
    <ele>978.8</ele>
    <time>2024-12-15T09:01:16Z</time>
   </trkpt>
   <trkpt lat="46.1812740" lon="6.7048420">
    <ele>978.8</ele>
    <time>2024-12-15T09:01:17Z</time>
   </trkpt>
   <trkpt lat="46.1812610" lon="6.7048850">
    <ele>978.9</ele>
    <time>2024-12-15T09:01:18Z</time>
   </trkpt>
   <trkpt lat="46.1812530" lon="6.7048950">
    <ele>978.9</ele>
    <time>2024-12-15T09:01:19Z</time>
   </trkpt>
   <trkpt lat="46.1812640" lon="6.7049580">
    <ele>979.0</ele>
    <time>2024-12-15T09:01:20Z</time>
   </trkpt>
   <trkpt lat="46.1812700" lon="6.7049830">
    <ele>979.1</ele>
    <time>2024-12-15T09:01:21Z</time>
   </trkpt>
   <trkpt lat="46.1812360" lon="6.7049950">
    <ele>979.1</ele>
    <time>2024-12-15T09:01:22Z</time>
   </trkpt>
   <trkpt lat="46.1812260" lon="6.7050200">
    <ele>979.2</ele>
    <time>2024-12-15T09:01:23Z</time>
   </trkpt>
   <trkpt lat="46.1812190" lon="6.7050400">
    <ele>979.2</ele>
    <time>2024-12-15T09:01:24Z</time>
   </trkpt>
   <trkpt lat="46.1811980" lon="6.7050710">
    <ele>979.3</ele>
    <time>2024-12-15T09:01:25Z</time>
   </trkpt>
   <trkpt lat="46.1811900" lon="6.7050890">
    <ele>979.3</ele>
    <time>2024-12-15T09:01:26Z</time>
   </trkpt>
   <trkpt lat="46.1811670" lon="6.7051270">
    <ele>979.3</ele>
    <time>2024-12-15T09:01:27Z</time>
   </trkpt>
   <trkpt lat="46.1811580" lon="6.7051410">
    <ele>979.3</ele>
    <time>2024-12-15T09:01:28Z</time>
   </trkpt>
   <trkpt lat="46.1811290" lon="6.7051460">
    <ele>979.4</ele>
    <time>2024-12-15T09:01:29Z</time>
   </trkpt>
   <trkpt lat="46.1811190" lon="6.7051570">
    <ele>979.4</ele>
    <time>2024-12-15T09:01:30Z</time>
   </trkpt>
   <trkpt lat="46.1810770" lon="6.7052200">
    <ele>979.5</ele>
    <time>2024-12-15T09:01:31Z</time>
   </trkpt>
   <trkpt lat="46.1810670" lon="6.7052610">
    <ele>979.5</ele>
    <time>2024-12-15T09:01:32Z</time>
   </trkpt>
   <trkpt lat="46.1810590" lon="6.7052780">
    <ele>979.5</ele>
    <time>2024-12-15T09:01:33Z</time>
   </trkpt>
   <trkpt lat="46.1810340" lon="6.7053150">
    <ele>979.5</ele>
    <time>2024-12-15T09:01:34Z</time>
   </trkpt>
   <trkpt lat="46.1810100" lon="6.7053490">
    <ele>979.4</ele>
    <time>2024-12-15T09:01:36Z</time>
   </trkpt>
   <trkpt lat="46.1809990" lon="6.7053550">
    <ele>979.4</ele>
    <time>2024-12-15T09:01:37Z</time>
   </trkpt>
   <trkpt lat="46.1809820" lon="6.7053860">
    <ele>979.2</ele>
    <time>2024-12-15T09:01:38Z</time>
   </trkpt>
   <trkpt lat="46.1809700" lon="6.7053870">
    <ele>979.2</ele>
    <time>2024-12-15T09:01:39Z</time>
   </trkpt>
   <trkpt lat="46.1809480" lon="6.7054220">
    <ele>979.1</ele>
    <time>2024-12-15T09:01:40Z</time>
   </trkpt>
   <trkpt lat="46.1809350" lon="6.7054270">
    <ele>979.0</ele>
    <time>2024-12-15T09:01:41Z</time>
   </trkpt>
   <trkpt lat="46.1809120" lon="6.7054540">
    <ele>978.9</ele>
    <time>2024-12-15T09:01:42Z</time>
   </trkpt>
   <trkpt lat="46.1808880" lon="6.7054870">
    <ele>978.8</ele>
    <time>2024-12-15T09:01:43Z</time>
   </trkpt>
   <trkpt lat="46.1808760" lon="6.7054940">
    <ele>978.7</ele>
    <time>2024-12-15T09:01:44Z</time>
   </trkpt>
   <trkpt lat="46.1808490" lon="6.7055050">
    <ele>978.6</ele>
    <time>2024-12-15T09:01:45Z</time>
   </trkpt>
   <trkpt lat="46.1808200" lon="6.7055250">
    <ele>978.5</ele>
    <time>2024-12-15T09:01:46Z</time>
   </trkpt>
   <trkpt lat="46.1808080" lon="6.7055310">
    <ele>978.4</ele>
    <time>2024-12-15T09:01:47Z</time>
   </trkpt>
   <trkpt lat="46.1807760" lon="6.7055500">
    <ele>978.3</ele>
    <time>2024-12-15T09:01:48Z</time>
   </trkpt>
   <trkpt lat="46.1807670" lon="6.7055590">
    <ele>978.3</ele>
    <time>2024-12-15T09:01:49Z</time>
   </trkpt>
   <trkpt lat="46.1807400" lon="6.7055760">
    <ele>978.2</ele>
    <time>2024-12-15T09:01:50Z</time>
   </trkpt>
   <trkpt lat="46.1807290" lon="6.7055780">
    <ele>978.1</ele>
    <time>2024-12-15T09:01:51Z</time>
   </trkpt>
   <trkpt lat="46.1807010" lon="6.7055900">
    <ele>978.0</ele>
    <time>2024-12-15T09:01:52Z</time>
   </trkpt>
   <trkpt lat="46.1806890" lon="6.7055950">
    <ele>978.0</ele>
    <time>2024-12-15T09:01:53Z</time>
   </trkpt>
   <trkpt lat="46.1806610" lon="6.7056130">
    <ele>977.9</ele>
    <time>2024-12-15T09:01:54Z</time>
   </trkpt>
   <trkpt lat="46.1806510" lon="6.7056180">
    <ele>977.9</ele>
    <time>2024-12-15T09:01:55Z</time>
   </trkpt>
   <trkpt lat="46.1806280" lon="6.7056410">
    <ele>977.8</ele>
    <time>2024-12-15T09:01:56Z</time>
   </trkpt>
   <trkpt lat="46.1805970" lon="6.7056560">
    <ele>977.7</ele>
    <time>2024-12-15T09:01:57Z</time>
   </trkpt>
   <trkpt lat="46.1805880" lon="6.7056600">
    <ele>977.6</ele>
    <time>2024-12-15T09:01:58Z</time>
   </trkpt>
   <trkpt lat="46.1805580" lon="6.7056820">
    <ele>977.5</ele>
    <time>2024-12-15T09:01:59Z</time>
   </trkpt>
   <trkpt lat="46.1805460" lon="6.7056940">
    <ele>977.5</ele>
    <time>2024-12-15T09:02:00Z</time>
   </trkpt>
   <trkpt lat="46.1805160" lon="6.7057190">
    <ele>977.4</ele>
    <time>2024-12-15T09:02:01Z</time>
   </trkpt>
   <trkpt lat="46.1805040" lon="6.7057250">
    <ele>977.3</ele>
    <time>2024-12-15T09:02:02Z</time>
   </trkpt>
   <trkpt lat="46.1804740" lon="6.7057460">
    <ele>977.2</ele>
    <time>2024-12-15T09:02:03Z</time>
   </trkpt>
   <trkpt lat="46.1804620" lon="6.7057540">
    <ele>977.2</ele>
    <time>2024-12-15T09:02:04Z</time>
   </trkpt>
   <trkpt lat="46.1804340" lon="6.7057800">
    <ele>977.1</ele>
    <time>2024-12-15T09:02:05Z</time>
   </trkpt>
   <trkpt lat="46.1804250" lon="6.7057820">
    <ele>977.1</ele>
    <time>2024-12-15T09:02:06Z</time>
   </trkpt>
   <trkpt lat="46.1803970" lon="6.7058000">
    <ele>977.0</ele>
    <time>2024-12-15T09:02:07Z</time>
   </trkpt>
   <trkpt lat="46.1803890" lon="6.7058100">
    <ele>977.0</ele>
    <time>2024-12-15T09:02:08Z</time>
   </trkpt>
   <trkpt lat="46.1803570" lon="6.7058270">
    <ele>976.9</ele>
    <time>2024-12-15T09:02:09Z</time>
   </trkpt>
   <trkpt lat="46.1803480" lon="6.7058290">
    <ele>976.8</ele>
    <time>2024-12-15T09:02:10Z</time>
   </trkpt>
   <trkpt lat="46.1803180" lon="6.7058490">
    <ele>976.7</ele>
    <time>2024-12-15T09:02:11Z</time>
   </trkpt>
   <trkpt lat="46.1803110" lon="6.7058550">
    <ele>976.7</ele>
    <time>2024-12-15T09:02:12Z</time>
   </trkpt>
   <trkpt lat="46.1802840" lon="6.7058660">
    <ele>976.6</ele>
    <time>2024-12-15T09:02:13Z</time>
   </trkpt>
   <trkpt lat="46.1802590" lon="6.7058820">
    <ele>976.5</ele>
    <time>2024-12-15T09:02:14Z</time>
   </trkpt>
   <trkpt lat="46.1802290" lon="6.7059070">
    <ele>976.4</ele>
    <time>2024-12-15T09:02:15Z</time>
   </trkpt>
   <trkpt lat="46.1802190" lon="6.7059120">
    <ele>976.4</ele>
    <time>2024-12-15T09:02:16Z</time>
   </trkpt>
   <trkpt lat="46.1801860" lon="6.7059220">
    <ele>976.2</ele>
    <time>2024-12-15T09:02:17Z</time>
   </trkpt>
   <trkpt lat="46.1801750" lon="6.7059250">
    <ele>976.2</ele>
    <time>2024-12-15T09:02:18Z</time>
   </trkpt>
   <trkpt lat="46.1801420" lon="6.7059400">
    <ele>976.1</ele>
    <time>2024-12-15T09:02:19Z</time>
   </trkpt>
   <trkpt lat="46.1801280" lon="6.7059420">
    <ele>976.0</ele>
    <time>2024-12-15T09:02:20Z</time>
   </trkpt>
   <trkpt lat="46.1800940" lon="6.7059410">
    <ele>975.8</ele>
    <time>2024-12-15T09:02:21Z</time>
   </trkpt>
   <trkpt lat="46.1800790" lon="6.7059420">
    <ele>975.8</ele>
    <time>2024-12-15T09:02:22Z</time>
   </trkpt>
   <trkpt lat="46.1800410" lon="6.7059370">
    <ele>975.6</ele>
    <time>2024-12-15T09:02:23Z</time>
   </trkpt>
   <trkpt lat="46.1800280" lon="6.7059360">
    <ele>975.6</ele>
    <time>2024-12-15T09:02:24Z</time>
   </trkpt>
   <trkpt lat="46.1799930" lon="6.7059380">
    <ele>975.4</ele>
    <time>2024-12-15T09:02:25Z</time>
   </trkpt>
   <trkpt lat="46.1799790" lon="6.7059380">
    <ele>975.3</ele>
    <time>2024-12-15T09:02:26Z</time>
   </trkpt>
   <trkpt lat="46.1799510" lon="6.7059390">
    <ele>975.2</ele>
    <time>2024-12-15T09:02:27Z</time>
   </trkpt>
   <trkpt lat="46.1799150" lon="6.7059450">
    <ele>975.0</ele>
    <time>2024-12-15T09:02:28Z</time>
   </trkpt>
   <trkpt lat="46.1799030" lon="6.7059450">
    <ele>975.0</ele>
    <time>2024-12-15T09:02:29Z</time>
   </trkpt>
   <trkpt lat="46.1798680" lon="6.7059350">
    <ele>974.8</ele>
    <time>2024-12-15T09:02:30Z</time>
   </trkpt>
   <trkpt lat="46.1798560" lon="6.7059310">
    <ele>974.7</ele>
    <time>2024-12-15T09:02:31Z</time>
   </trkpt>
   <trkpt lat="46.1798230" lon="6.7059380">
    <ele>974.6</ele>
    <time>2024-12-15T09:02:32Z</time>
   </trkpt>
   <trkpt lat="46.1798100" lon="6.7059400">
    <ele>974.5</ele>
    <time>2024-12-15T09:02:33Z</time>
   </trkpt>
   <trkpt lat="46.1797770" lon="6.7059390">
    <ele>974.3</ele>
    <time>2024-12-15T09:02:34Z</time>
   </trkpt>
   <trkpt lat="46.1797670" lon="6.7059440">
    <ele>974.3</ele>
    <time>2024-12-15T09:02:35Z</time>
   </trkpt>
   <trkpt lat="46.1797280" lon="6.7059540">
    <ele>974.1</ele>
    <time>2024-12-15T09:02:36Z</time>
   </trkpt>
   <trkpt lat="46.1797150" lon="6.7059580">
    <ele>974.1</ele>
    <time>2024-12-15T09:02:37Z</time>
   </trkpt>
   <trkpt lat="46.1796810" lon="6.7059780">
    <ele>973.9</ele>
    <time>2024-12-15T09:02:38Z</time>
   </trkpt>
   <trkpt lat="46.1796700" lon="6.7059820">
    <ele>973.9</ele>
    <time>2024-12-15T09:02:39Z</time>
   </trkpt>
   <trkpt lat="46.1796330" lon="6.7059910">
    <ele>973.7</ele>
    <time>2024-12-15T09:02:40Z</time>
   </trkpt>
   <trkpt lat="46.1796230" lon="6.7059950">
    <ele>973.7</ele>
    <time>2024-12-15T09:02:41Z</time>
   </trkpt>
   <trkpt lat="46.1795930" lon="6.7060090">
    <ele>973.5</ele>
    <time>2024-12-15T09:02:42Z</time>
   </trkpt>
   <trkpt lat="46.1795820" lon="6.7060200">
    <ele>973.5</ele>
    <time>2024-12-15T09:02:43Z</time>
   </trkpt>
   <trkpt lat="46.1795570" lon="6.7060450">
    <ele>973.4</ele>
    <time>2024-12-15T09:02:44Z</time>
   </trkpt>
   <trkpt lat="46.1795250" lon="6.7060630">
    <ele>973.2</ele>
    <time>2024-12-15T09:02:45Z</time>
   </trkpt>
   <trkpt lat="46.1795130" lon="6.7060660">
    <ele>973.2</ele>
    <time>2024-12-15T09:02:46Z</time>
   </trkpt>
   <trkpt lat="46.1794900" lon="6.7061050">
    <ele>973.0</ele>
    <time>2024-12-15T09:02:47Z</time>
   </trkpt>
   <trkpt lat="46.1794810" lon="6.7061200">
    <ele>973.0</ele>
    <time>2024-12-15T09:02:48Z</time>
   </trkpt>
   <trkpt lat="46.1794630" lon="6.7061520">
    <ele>972.8</ele>
    <time>2024-12-15T09:02:49Z</time>
   </trkpt>
   <trkpt lat="46.1794470" lon="6.7061840">
    <ele>972.7</ele>
    <time>2024-12-15T09:02:50Z</time>
   </trkpt>
   <trkpt lat="46.1794320" lon="6.7062190">
    <ele>972.6</ele>
    <time>2024-12-15T09:02:51Z</time>
   </trkpt>
   <trkpt lat="46.1794280" lon="6.7062330">
    <ele>972.5</ele>
    <time>2024-12-15T09:02:52Z</time>
   </trkpt>
   <trkpt lat="46.1794150" lon="6.7062800">
    <ele>972.4</ele>
    <time>2024-12-15T09:02:53Z</time>
   </trkpt>
   <trkpt lat="46.1794090" lon="6.7062960">
    <ele>972.3</ele>
    <time>2024-12-15T09:02:54Z</time>
   </trkpt>
   <trkpt lat="46.1794040" lon="6.7063450">
    <ele>972.2</ele>
    <time>2024-12-15T09:02:55Z</time>
   </trkpt>
   <trkpt lat="46.1794040" lon="6.7063630">
    <ele>972.1</ele>
    <time>2024-12-15T09:02:56Z</time>
   </trkpt>
   <trkpt lat="46.1793900" lon="6.7063970">
    <ele>972.0</ele>
    <time>2024-12-15T09:02:57Z</time>
   </trkpt>
   <trkpt lat="46.1793820" lon="6.7064060">
    <ele>972.0</ele>
    <time>2024-12-15T09:02:58Z</time>
   </trkpt>
   <trkpt lat="46.1793580" lon="6.7064430">
    <ele>971.8</ele>
    <time>2024-12-15T09:02:59Z</time>
   </trkpt>
   <trkpt lat="46.1793570" lon="6.7064600">
    <ele>971.8</ele>
    <time>2024-12-15T09:03:00Z</time>
   </trkpt>
   <trkpt lat="46.1793430" lon="6.7065040">
    <ele>971.6</ele>
    <time>2024-12-15T09:03:01Z</time>
   </trkpt>
   <trkpt lat="46.1793420" lon="6.7065210">
    <ele>971.6</ele>
    <time>2024-12-15T09:03:02Z</time>
   </trkpt>
   <trkpt lat="46.1793280" lon="6.7065680">
    <ele>971.4</ele>
    <time>2024-12-15T09:03:03Z</time>
   </trkpt>
   <trkpt lat="46.1793190" lon="6.7065810">
    <ele>971.3</ele>
    <time>2024-12-15T09:03:04Z</time>
   </trkpt>
   <trkpt lat="46.1793120" lon="6.7066250">
    <ele>971.2</ele>
    <time>2024-12-15T09:03:05Z</time>
   </trkpt>
   <trkpt lat="46.1793090" lon="6.7066380">
    <ele>971.2</ele>
    <time>2024-12-15T09:03:06Z</time>
   </trkpt>
   <trkpt lat="46.1792980" lon="6.7066900">
    <ele>971.0</ele>
    <time>2024-12-15T09:03:07Z</time>
   </trkpt>
   <trkpt lat="46.1792960" lon="6.7067060">
    <ele>971.0</ele>
    <time>2024-12-15T09:03:08Z</time>
   </trkpt>
   <trkpt lat="46.1792840" lon="6.7067470">
    <ele>970.8</ele>
    <time>2024-12-15T09:03:09Z</time>
   </trkpt>
   <trkpt lat="46.1792820" lon="6.7067610">
    <ele>970.8</ele>
    <time>2024-12-15T09:03:10Z</time>
   </trkpt>
   <trkpt lat="46.1792630" lon="6.7067990">
    <ele>970.7</ele>
    <time>2024-12-15T09:03:11Z</time>
   </trkpt>
   <trkpt lat="46.1792540" lon="6.7068140">
    <ele>970.6</ele>
    <time>2024-12-15T09:03:12Z</time>
   </trkpt>
   <trkpt lat="46.1792410" lon="6.7068560">
    <ele>970.5</ele>
    <time>2024-12-15T09:03:13Z</time>
   </trkpt>
   <trkpt lat="46.1792340" lon="6.7068730">
    <ele>970.4</ele>
    <time>2024-12-15T09:03:14Z</time>
   </trkpt>
   <trkpt lat="46.1792280" lon="6.7069280">
    <ele>970.3</ele>
    <time>2024-12-15T09:03:15Z</time>
   </trkpt>
   <trkpt lat="46.1792250" lon="6.7069450">
    <ele>970.2</ele>
    <time>2024-12-15T09:03:16Z</time>
   </trkpt>
   <trkpt lat="46.1792090" lon="6.7069910">
    <ele>970.1</ele>
    <time>2024-12-15T09:03:17Z</time>
   </trkpt>
   <trkpt lat="46.1792020" lon="6.7070060">
    <ele>970.1</ele>
    <time>2024-12-15T09:03:18Z</time>
   </trkpt>
   <trkpt lat="46.1791880" lon="6.7070570">
    <ele>969.9</ele>
    <time>2024-12-15T09:03:19Z</time>
   </trkpt>
   <trkpt lat="46.1791840" lon="6.7070740">
    <ele>969.9</ele>
    <time>2024-12-15T09:03:20Z</time>
   </trkpt>
   <trkpt lat="46.1791720" lon="6.7071230">
    <ele>969.7</ele>
    <time>2024-12-15T09:03:21Z</time>
   </trkpt>
   <trkpt lat="46.1791650" lon="6.7071410">
    <ele>969.7</ele>
    <time>2024-12-15T09:03:22Z</time>
   </trkpt>
   <trkpt lat="46.1791550" lon="6.7071800">
    <ele>969.6</ele>
    <time>2024-12-15T09:03:23Z</time>
   </trkpt>
   <trkpt lat="46.1791550" lon="6.7071980">
    <ele>969.5</ele>
    <time>2024-12-15T09:03:24Z</time>
   </trkpt>
   <trkpt lat="46.1791460" lon="6.7072530">
    <ele>969.4</ele>
    <time>2024-12-15T09:03:25Z</time>
   </trkpt>
   <trkpt lat="46.1791380" lon="6.7072700">
    <ele>969.3</ele>
    <time>2024-12-15T09:03:26Z</time>
   </trkpt>
   <trkpt lat="46.1791190" lon="6.7073100">
    <ele>969.2</ele>
    <time>2024-12-15T09:03:27Z</time>
   </trkpt>
   <trkpt lat="46.1791140" lon="6.7073270">
    <ele>969.2</ele>
    <time>2024-12-15T09:03:28Z</time>
   </trkpt>
   <trkpt lat="46.1791080" lon="6.7073760">
    <ele>969.0</ele>
    <time>2024-12-15T09:03:29Z</time>
   </trkpt>
   <trkpt lat="46.1791060" lon="6.7073930">
    <ele>969.0</ele>
    <time>2024-12-15T09:03:30Z</time>
   </trkpt>
   <trkpt lat="46.1790910" lon="6.7074430">
    <ele>968.9</ele>
    <time>2024-12-15T09:03:31Z</time>
   </trkpt>
   <trkpt lat="46.1790810" lon="6.7074560">
    <ele>968.8</ele>
    <time>2024-12-15T09:03:32Z</time>
   </trkpt>
   <trkpt lat="46.1790770" lon="6.7074940">
    <ele>968.7</ele>
    <time>2024-12-15T09:03:33Z</time>
   </trkpt>
   <trkpt lat="46.1790620" lon="6.7075410">
    <ele>968.6</ele>
    <time>2024-12-15T09:03:34Z</time>
   </trkpt>
   <trkpt lat="46.1790590" lon="6.7075580">
    <ele>968.5</ele>
    <time>2024-12-15T09:03:35Z</time>
   </trkpt>
   <trkpt lat="46.1790450" lon="6.7076210">
    <ele>968.3</ele>
    <time>2024-12-15T09:03:36Z</time>
   </trkpt>
   <trkpt lat="46.1790340" lon="6.7076500">
    <ele>968.2</ele>
    <time>2024-12-15T09:03:37Z</time>
   </trkpt>
   <trkpt lat="46.1790300" lon="6.7076940">
    <ele>968.1</ele>
    <time>2024-12-15T09:03:39Z</time>
   </trkpt>
   <trkpt lat="46.1790190" lon="6.7077480">
    <ele>968.0</ele>
    <time>2024-12-15T09:03:40Z</time>
   </trkpt>
   <trkpt lat="46.1790170" lon="6.7077660">
    <ele>968.0</ele>
    <time>2024-12-15T09:03:41Z</time>
   </trkpt>
   <trkpt lat="46.1790090" lon="6.7078050">
    <ele>968.0</ele>
    <time>2024-12-15T09:03:42Z</time>
   </trkpt>
   <trkpt lat="46.1790090" lon="6.7078200">
    <ele>967.9</ele>
    <time>2024-12-15T09:03:43Z</time>
   </trkpt>
   <trkpt lat="46.1790000" lon="6.7078590">
    <ele>967.9</ele>
    <time>2024-12-15T09:03:44Z</time>
   </trkpt>
   <trkpt lat="46.1789950" lon="6.7078790">
    <ele>967.9</ele>
    <time>2024-12-15T09:03:45Z</time>
   </trkpt>
   <trkpt lat="46.1789810" lon="6.7079270">
    <ele>967.9</ele>
    <time>2024-12-15T09:03:46Z</time>
   </trkpt>
   <trkpt lat="46.1789780" lon="6.7079460">
    <ele>967.9</ele>
    <time>2024-12-15T09:03:47Z</time>
   </trkpt>
   <trkpt lat="46.1789710" lon="6.7079970">
    <ele>967.8</ele>
    <time>2024-12-15T09:03:48Z</time>
   </trkpt>
   <trkpt lat="46.1789630" lon="6.7080430">
    <ele>967.8</ele>
    <time>2024-12-15T09:03:49Z</time>
   </trkpt>
   <trkpt lat="46.1789640" lon="6.7080600">
    <ele>967.8</ele>
    <time>2024-12-15T09:03:50Z</time>
   </trkpt>
   <trkpt lat="46.1789530" lon="6.7081060">
    <ele>967.8</ele>
    <time>2024-12-15T09:03:51Z</time>
   </trkpt>
   <trkpt lat="46.1789500" lon="6.7081210">
    <ele>967.7</ele>
    <time>2024-12-15T09:03:52Z</time>
   </trkpt>
   <trkpt lat="46.1789360" lon="6.7081740">
    <ele>967.7</ele>
    <time>2024-12-15T09:03:53Z</time>
   </trkpt>
   <trkpt lat="46.1789310" lon="6.7081920">
    <ele>967.7</ele>
    <time>2024-12-15T09:03:54Z</time>
   </trkpt>
   <trkpt lat="46.1789340" lon="6.7082450">
    <ele>967.7</ele>
    <time>2024-12-15T09:03:55Z</time>
   </trkpt>
   <trkpt lat="46.1789340" lon="6.7082630">
    <ele>967.6</ele>
    <time>2024-12-15T09:03:56Z</time>
   </trkpt>
   <trkpt lat="46.1789330" lon="6.7083180">
    <ele>967.6</ele>
    <time>2024-12-15T09:03:57Z</time>
   </trkpt>
   <trkpt lat="46.1789310" lon="6.7083370">
    <ele>967.6</ele>
    <time>2024-12-15T09:03:58Z</time>
   </trkpt>
   <trkpt lat="46.1789520" lon="6.7083860">
    <ele>967.6</ele>
    <time>2024-12-15T09:03:59Z</time>
   </trkpt>
   <trkpt lat="46.1789330" lon="6.7084160">
    <ele>968.1</ele>
    <time>2024-12-15T09:04:00Z</time>
   </trkpt>
   <trkpt lat="46.1789200" lon="6.7084590">
    <ele>968.6</ele>
    <time>2024-12-15T09:04:01Z</time>
   </trkpt>
   <trkpt lat="46.1789170" lon="6.7084730">
    <ele>968.8</ele>
    <time>2024-12-15T09:04:02Z</time>
   </trkpt>
   <trkpt lat="46.1788990" lon="6.7085110">
    <ele>969.3</ele>
    <time>2024-12-15T09:04:03Z</time>
   </trkpt>
   <trkpt lat="46.1788910" lon="6.7085220">
    <ele>969.5</ele>
    <time>2024-12-15T09:04:04Z</time>
   </trkpt>
   <trkpt lat="46.1788640" lon="6.7085390">
    <ele>970.0</ele>
    <time>2024-12-15T09:04:05Z</time>
   </trkpt>
   <trkpt lat="46.1788520" lon="6.7085390">
    <ele>970.2</ele>
    <time>2024-12-15T09:04:06Z</time>
   </trkpt>
   <trkpt lat="46.1788180" lon="6.7085350">
    <ele>970.8</ele>
    <time>2024-12-15T09:04:07Z</time>
   </trkpt>
   <trkpt lat="46.1788070" lon="6.7085350">
    <ele>971.0</ele>
    <time>2024-12-15T09:04:08Z</time>
   </trkpt>
   <trkpt lat="46.1787680" lon="6.7085570">
    <ele>970.9</ele>
    <time>2024-12-15T09:04:09Z</time>
   </trkpt>
   <trkpt lat="46.1787320" lon="6.7085610">
    <ele>970.8</ele>
    <time>2024-12-15T09:04:11Z</time>
   </trkpt>
   <trkpt lat="46.1787210" lon="6.7085460">
    <ele>970.8</ele>
    <time>2024-12-15T09:04:13Z</time>
   </trkpt>
   <trkpt lat="46.1786980" lon="6.7085580">
    <ele>970.7</ele>
    <time>2024-12-15T09:04:14Z</time>
   </trkpt>
   <trkpt lat="46.1786690" lon="6.7085630">
    <ele>970.7</ele>
    <time>2024-12-15T09:04:15Z</time>
   </trkpt>
   <trkpt lat="46.1786600" lon="6.7085630">
    <ele>970.7</ele>
    <time>2024-12-15T09:04:16Z</time>
   </trkpt>
   <trkpt lat="46.1786340" lon="6.7085440">
    <ele>970.6</ele>
    <time>2024-12-15T09:04:17Z</time>
   </trkpt>
   <trkpt lat="46.1786270" lon="6.7085320">
    <ele>970.6</ele>
    <time>2024-12-15T09:04:18Z</time>
   </trkpt>
   <trkpt lat="46.1786000" lon="6.7085040">
    <ele>970.5</ele>
    <time>2024-12-15T09:04:19Z</time>
   </trkpt>
   <trkpt lat="46.1785900" lon="6.7085010">
    <ele>970.5</ele>
    <time>2024-12-15T09:04:20Z</time>
   </trkpt>
   <trkpt lat="46.1785650" lon="6.7084750">
    <ele>970.5</ele>
    <time>2024-12-15T09:04:21Z</time>
   </trkpt>
   <trkpt lat="46.1785550" lon="6.7084700">
    <ele>970.5</ele>
    <time>2024-12-15T09:04:22Z</time>
   </trkpt>
   <trkpt lat="46.1785370" lon="6.7084330">
    <ele>970.5</ele>
    <time>2024-12-15T09:04:23Z</time>
   </trkpt>
   <trkpt lat="46.1785320" lon="6.7084150">
    <ele>970.5</ele>
    <time>2024-12-15T09:04:24Z</time>
   </trkpt>
   <trkpt lat="46.1785440" lon="6.7083640">
    <ele>970.5</ele>
    <time>2024-12-15T09:04:25Z</time>
   </trkpt>
   <trkpt lat="46.1785480" lon="6.7083480">
    <ele>970.5</ele>
    <time>2024-12-15T09:04:26Z</time>
   </trkpt>
   <trkpt lat="46.1785600" lon="6.7083060">
    <ele>970.5</ele>
    <time>2024-12-15T09:04:27Z</time>
   </trkpt>
   <trkpt lat="46.1785650" lon="6.7082900">
    <ele>970.6</ele>
    <time>2024-12-15T09:04:28Z</time>
   </trkpt>
   <trkpt lat="46.1785870" lon="6.7082440">
    <ele>970.6</ele>
    <time>2024-12-15T09:04:29Z</time>
   </trkpt>
   <trkpt lat="46.1785940" lon="6.7082300">
    <ele>970.6</ele>
    <time>2024-12-15T09:04:30Z</time>
   </trkpt>
   <trkpt lat="46.1786250" lon="6.7082020">
    <ele>970.7</ele>
    <time>2024-12-15T09:04:31Z</time>
   </trkpt>
   <trkpt lat="46.1786350" lon="6.7081930">
    <ele>970.7</ele>
    <time>2024-12-15T09:04:32Z</time>
   </trkpt>
   <trkpt lat="46.1786580" lon="6.7081510">
    <ele>970.8</ele>
    <time>2024-12-15T09:04:33Z</time>
   </trkpt>
   <trkpt lat="46.1786670" lon="6.7081390">
    <ele>970.9</ele>
    <time>2024-12-15T09:04:34Z</time>
   </trkpt>
   <trkpt lat="46.1786920" lon="6.7081030">
    <ele>970.9</ele>
    <time>2024-12-15T09:04:35Z</time>
   </trkpt>
   <trkpt lat="46.1787010" lon="6.7080890">
    <ele>971.0</ele>
    <time>2024-12-15T09:04:36Z</time>
   </trkpt>
   <trkpt lat="46.1787280" lon="6.7080830">
    <ele>971.0</ele>
    <time>2024-12-15T09:04:37Z</time>
   </trkpt>
   <trkpt lat="46.1787530" lon="6.7081120">
    <ele>971.1</ele>
    <time>2024-12-15T09:04:38Z</time>
   </trkpt>
   <trkpt lat="46.1787890" lon="6.7081340">
    <ele>971.3</ele>
    <time>2024-12-15T09:04:39Z</time>
   </trkpt>
   <trkpt lat="46.1788150" lon="6.7081140">
    <ele>971.4</ele>
    <time>2024-12-15T09:04:40Z</time>
   </trkpt>
   <trkpt lat="46.1788200" lon="6.7081000">
    <ele>971.5</ele>
    <time>2024-12-15T09:04:41Z</time>
   </trkpt>
   <trkpt lat="46.1788490" lon="6.7080720">
    <ele>971.7</ele>
    <time>2024-12-15T09:04:42Z</time>
   </trkpt>
   <trkpt lat="46.1788590" lon="6.7080660">
    <ele>971.7</ele>
    <time>2024-12-15T09:04:43Z</time>
   </trkpt>
   <trkpt lat="46.1788700" lon="6.7080550">
    <ele>971.8</ele>
    <time>2024-12-15T09:04:44Z</time>
   </trkpt>
   <trkpt lat="46.1788810" lon="6.7080280">
    <ele>971.9</ele>
    <time>2024-12-15T09:04:45Z</time>
   </trkpt>
   <trkpt lat="46.1788920" lon="6.7079860">
    <ele>972.1</ele>
    <time>2024-12-15T09:04:46Z</time>
   </trkpt>
   <trkpt lat="46.1788960" lon="6.7079760">
    <ele>972.2</ele>
    <time>2024-12-15T09:04:47Z</time>
   </trkpt>
   <trkpt lat="46.1788970" lon="6.7079510">
    <ele>972.3</ele>
    <time>2024-12-15T09:04:48Z</time>
   </trkpt>
   <trkpt lat="46.1788980" lon="6.7079280">
    <ele>972.4</ele>
    <time>2024-12-15T09:04:49Z</time>
   </trkpt>
   <trkpt lat="46.1788810" lon="6.7078910">
    <ele>972.6</ele>
    <time>2024-12-15T09:04:50Z</time>
   </trkpt>
   <trkpt lat="46.1788820" lon="6.7078650">
    <ele>972.7</ele>
    <time>2024-12-15T09:04:51Z</time>
   </trkpt>
   <trkpt lat="46.1788840" lon="6.7078440">
    <ele>972.8</ele>
    <time>2024-12-15T09:04:52Z</time>
   </trkpt>
   <trkpt lat="46.1788900" lon="6.7078230">
    <ele>972.9</ele>
    <time>2024-12-15T09:04:53Z</time>
   </trkpt>
   <trkpt lat="46.1788900" lon="6.7078020">
    <ele>973.0</ele>
    <time>2024-12-15T09:04:54Z</time>
   </trkpt>
   <trkpt lat="46.1788910" lon="6.7077800">
    <ele>973.2</ele>
    <time>2024-12-15T09:04:55Z</time>
   </trkpt>
   <trkpt lat="46.1788900" lon="6.7077580">
    <ele>973.4</ele>
    <time>2024-12-15T09:04:56Z</time>
   </trkpt>
   <trkpt lat="46.1788860" lon="6.7077380">
    <ele>973.5</ele>
    <time>2024-12-15T09:04:57Z</time>
   </trkpt>
   <trkpt lat="46.1788890" lon="6.7077150">
    <ele>973.7</ele>
    <time>2024-12-15T09:04:58Z</time>
   </trkpt>
   <trkpt lat="46.1788890" lon="6.7076980">
    <ele>973.8</ele>
    <time>2024-12-15T09:04:59Z</time>
   </trkpt>
   <trkpt lat="46.1788890" lon="6.7076710">
    <ele>974.1</ele>
    <time>2024-12-15T09:05:00Z</time>
   </trkpt>
   <trkpt lat="46.1788830" lon="6.7076500">
    <ele>974.2</ele>
    <time>2024-12-15T09:05:01Z</time>
   </trkpt>
   <trkpt lat="46.1788880" lon="6.7076290">
    <ele>974.4</ele>
    <time>2024-12-15T09:05:02Z</time>
   </trkpt>
   <trkpt lat="46.1788960" lon="6.7076060">
    <ele>974.6</ele>
    <time>2024-12-15T09:05:03Z</time>
   </trkpt>
   <trkpt lat="46.1789080" lon="6.7075870">
    <ele>974.8</ele>
    <time>2024-12-15T09:05:04Z</time>
   </trkpt>
   <trkpt lat="46.1789110" lon="6.7075610">
    <ele>975.0</ele>
    <time>2024-12-15T09:05:05Z</time>
   </trkpt>
   <trkpt lat="46.1789080" lon="6.7075390">
    <ele>975.2</ele>
    <time>2024-12-15T09:05:06Z</time>
   </trkpt>
   <trkpt lat="46.1789210" lon="6.7074940">
    <ele>975.6</ele>
    <time>2024-12-15T09:05:07Z</time>
   </trkpt>
   <trkpt lat="46.1789180" lon="6.7074790">
    <ele>975.7</ele>
    <time>2024-12-15T09:05:08Z</time>
   </trkpt>
   <trkpt lat="46.1789200" lon="6.7074370">
    <ele>976.1</ele>
    <time>2024-12-15T09:05:09Z</time>
   </trkpt>
   <trkpt lat="46.1789190" lon="6.7074230">
    <ele>976.2</ele>
    <time>2024-12-15T09:05:10Z</time>
   </trkpt>
   <trkpt lat="46.1789180" lon="6.7074000">
    <ele>976.4</ele>
    <time>2024-12-15T09:05:11Z</time>
   </trkpt>
   <trkpt lat="46.1789120" lon="6.7073750">
    <ele>976.6</ele>
    <time>2024-12-15T09:05:12Z</time>
   </trkpt>
   <trkpt lat="46.1789050" lon="6.7073480">
    <ele>976.8</ele>
    <time>2024-12-15T09:05:13Z</time>
   </trkpt>
   <trkpt lat="46.1789210" lon="6.7073250">
    <ele>977.1</ele>
    <time>2024-12-15T09:05:14Z</time>
   </trkpt>
   <trkpt lat="46.1789210" lon="6.7072980">
    <ele>977.3</ele>
    <time>2024-12-15T09:05:15Z</time>
   </trkpt>
   <trkpt lat="46.1789270" lon="6.7072750">
    <ele>977.4</ele>
    <time>2024-12-15T09:05:16Z</time>
   </trkpt>
   <trkpt lat="46.1789310" lon="6.7072540">
    <ele>977.6</ele>
    <time>2024-12-15T09:05:17Z</time>
   </trkpt>
   <trkpt lat="46.1789360" lon="6.7072290">
    <ele>977.8</ele>
    <time>2024-12-15T09:05:18Z</time>
   </trkpt>
   <trkpt lat="46.1789480" lon="6.7072090">
    <ele>978.0</ele>
    <time>2024-12-15T09:05:19Z</time>
   </trkpt>
   <trkpt lat="46.1789460" lon="6.7071810">
    <ele>978.2</ele>
    <time>2024-12-15T09:05:20Z</time>
   </trkpt>
   <trkpt lat="46.1789590" lon="6.7071450">
    <ele>978.4</ele>
    <time>2024-12-15T09:05:21Z</time>
   </trkpt>
   <trkpt lat="46.1789640" lon="6.7071330">
    <ele>978.5</ele>
    <time>2024-12-15T09:05:22Z</time>
   </trkpt>
   <trkpt lat="46.1789780" lon="6.7071140">
    <ele>978.7</ele>
    <time>2024-12-15T09:05:23Z</time>
   </trkpt>
   <trkpt lat="46.1789740" lon="6.7070860">
    <ele>978.9</ele>
    <time>2024-12-15T09:05:24Z</time>
   </trkpt>
   <trkpt lat="46.1789940" lon="6.7070810">
    <ele>979.1</ele>
    <time>2024-12-15T09:05:25Z</time>
   </trkpt>
   <trkpt lat="46.1789960" lon="6.7070580">
    <ele>979.2</ele>
    <time>2024-12-15T09:05:26Z</time>
   </trkpt>
   <trkpt lat="46.1790090" lon="6.7070390">
    <ele>979.4</ele>
    <time>2024-12-15T09:05:27Z</time>
   </trkpt>
   <trkpt lat="46.1790100" lon="6.7070170">
    <ele>979.6</ele>
    <time>2024-12-15T09:05:28Z</time>
   </trkpt>
   <trkpt lat="46.1790210" lon="6.7069990">
    <ele>979.7</ele>
    <time>2024-12-15T09:05:29Z</time>
   </trkpt>
   <trkpt lat="46.1790190" lon="6.7069680">
    <ele>979.9</ele>
    <time>2024-12-15T09:05:30Z</time>
   </trkpt>
   <trkpt lat="46.1790290" lon="6.7069480">
    <ele>980.1</ele>
    <time>2024-12-15T09:05:31Z</time>
   </trkpt>
   <trkpt lat="46.1790420" lon="6.7069330">
    <ele>980.2</ele>
    <time>2024-12-15T09:05:32Z</time>
   </trkpt>
   <trkpt lat="46.1790430" lon="6.7069070">
    <ele>980.4</ele>
    <time>2024-12-15T09:05:33Z</time>
   </trkpt>
   <trkpt lat="46.1790550" lon="6.7068950">
    <ele>980.5</ele>
    <time>2024-12-15T09:05:34Z</time>
   </trkpt>
   <trkpt lat="46.1790610" lon="6.7068690">
    <ele>980.7</ele>
    <time>2024-12-15T09:05:35Z</time>
   </trkpt>
   <trkpt lat="46.1790690" lon="6.7068470">
    <ele>980.9</ele>
    <time>2024-12-15T09:05:36Z</time>
   </trkpt>
   <trkpt lat="46.1790790" lon="6.7068340">
    <ele>981.0</ele>
    <time>2024-12-15T09:05:37Z</time>
   </trkpt>
   <trkpt lat="46.1790790" lon="6.7068070">
    <ele>981.1</ele>
    <time>2024-12-15T09:05:38Z</time>
   </trkpt>
   <trkpt lat="46.1790950" lon="6.7067930">
    <ele>981.3</ele>
    <time>2024-12-15T09:05:39Z</time>
   </trkpt>
   <trkpt lat="46.1791080" lon="6.7067740">
    <ele>981.5</ele>
    <time>2024-12-15T09:05:40Z</time>
   </trkpt>
   <trkpt lat="46.1791190" lon="6.7067550">
    <ele>981.6</ele>
    <time>2024-12-15T09:05:41Z</time>
   </trkpt>
   <trkpt lat="46.1791310" lon="6.7067470">
    <ele>981.8</ele>
    <time>2024-12-15T09:05:42Z</time>
   </trkpt>
   <trkpt lat="46.1791180" lon="6.7067050">
    <ele>982.0</ele>
    <time>2024-12-15T09:05:43Z</time>
   </trkpt>
   <trkpt lat="46.1791180" lon="6.7066750">
    <ele>982.2</ele>
    <time>2024-12-15T09:05:44Z</time>
   </trkpt>
   <trkpt lat="46.1791220" lon="6.7066610">
    <ele>982.3</ele>
    <time>2024-12-15T09:05:45Z</time>
   </trkpt>
   <trkpt lat="46.1791260" lon="6.7066460">
    <ele>982.4</ele>
    <time>2024-12-15T09:05:46Z</time>
   </trkpt>
   <trkpt lat="46.1791320" lon="6.7066250">
    <ele>982.6</ele>
    <time>2024-12-15T09:05:47Z</time>
   </trkpt>
   <trkpt lat="46.1791390" lon="6.7066020">
    <ele>982.7</ele>
    <time>2024-12-15T09:05:48Z</time>
   </trkpt>
   <trkpt lat="46.1791380" lon="6.7065780">
    <ele>982.9</ele>
    <time>2024-12-15T09:05:49Z</time>
   </trkpt>
   <trkpt lat="46.1791340" lon="6.7065700">
    <ele>982.9</ele>
    <time>2024-12-15T09:05:50Z</time>
   </trkpt>
   <trkpt lat="46.1791310" lon="6.7065610">
    <ele>983.0</ele>
    <time>2024-12-15T09:05:51Z</time>
   </trkpt>
   <trkpt lat="46.1791270" lon="6.7065530">
    <ele>983.1</ele>
    <time>2024-12-15T09:05:52Z</time>
   </trkpt>
   <trkpt lat="46.1791190" lon="6.7065210">
    <ele>983.3</ele>
    <time>2024-12-15T09:05:53Z</time>
   </trkpt>
   <trkpt lat="46.1791120" lon="6.7065050">
    <ele>983.4</ele>
    <time>2024-12-15T09:05:54Z</time>
   </trkpt>
   <trkpt lat="46.1791040" lon="6.7064880">
    <ele>983.5</ele>
    <time>2024-12-15T09:05:55Z</time>
   </trkpt>
   <trkpt lat="46.1791000" lon="6.7064750">
    <ele>983.6</ele>
    <time>2024-12-15T09:05:56Z</time>
   </trkpt>
   <trkpt lat="46.1790950" lon="6.7064610">
    <ele>983.7</ele>
    <time>2024-12-15T09:05:57Z</time>
   </trkpt>
   <trkpt lat="46.1790950" lon="6.7064450">
    <ele>983.8</ele>
    <time>2024-12-15T09:05:58Z</time>
   </trkpt>
   <trkpt lat="46.1790870" lon="6.7064180">
    <ele>984.0</ele>
    <time>2024-12-15T09:05:59Z</time>
   </trkpt>
   <trkpt lat="46.1790830" lon="6.7064060">
    <ele>984.1</ele>
    <time>2024-12-15T09:06:01Z</time>
   </trkpt>
   <trkpt lat="46.1790790" lon="6.7063950">
    <ele>984.1</ele>
    <time>2024-12-15T09:06:02Z</time>
   </trkpt>
   <trkpt lat="46.1790680" lon="6.7063720">
    <ele>984.3</ele>
    <time>2024-12-15T09:06:03Z</time>
   </trkpt>
   <trkpt lat="46.1790610" lon="6.7063640">
    <ele>984.4</ele>
    <time>2024-12-15T09:06:04Z</time>
   </trkpt>
   <trkpt lat="46.1790530" lon="6.7063550">
    <ele>984.4</ele>
    <time>2024-12-15T09:06:05Z</time>
   </trkpt>
   <trkpt lat="46.1790360" lon="6.7063390">
    <ele>984.6</ele>
    <time>2024-12-15T09:06:06Z</time>
   </trkpt>
   <trkpt lat="46.1790250" lon="6.7063270">
    <ele>984.7</ele>
    <time>2024-12-15T09:06:07Z</time>
   </trkpt>
   <trkpt lat="46.1790110" lon="6.7063180">
    <ele>984.8</ele>
    <time>2024-12-15T09:06:08Z</time>
   </trkpt>
   <trkpt lat="46.1790050" lon="6.7063040">
    <ele>984.9</ele>
    <time>2024-12-15T09:06:09Z</time>
   </trkpt>
   <trkpt lat="46.1790000" lon="6.7062980">
    <ele>984.9</ele>
    <time>2024-12-15T09:06:10Z</time>
   </trkpt>
   <trkpt lat="46.1789910" lon="6.7062840">
    <ele>985.0</ele>
    <time>2024-12-15T09:06:11Z</time>
   </trkpt>
   <trkpt lat="46.1789770" lon="6.7062670">
    <ele>985.1</ele>
    <time>2024-12-15T09:06:12Z</time>
   </trkpt>
   <trkpt lat="46.1789570" lon="6.7062650">
    <ele>985.2</ele>
    <time>2024-12-15T09:06:13Z</time>
   </trkpt>
   <trkpt lat="46.1789460" lon="6.7062660">
    <ele>985.3</ele>
    <time>2024-12-15T09:06:14Z</time>
   </trkpt>
   <trkpt lat="46.1789350" lon="6.7062680">
    <ele>985.3</ele>
    <time>2024-12-15T09:06:15Z</time>
   </trkpt>
   <trkpt lat="46.1789170" lon="6.7062760">
    <ele>985.4</ele>
    <time>2024-12-15T09:06:16Z</time>
   </trkpt>
   <trkpt lat="46.1789070" lon="6.7062860">
    <ele>985.4</ele>
    <time>2024-12-15T09:06:17Z</time>
   </trkpt>
   <trkpt lat="46.1788930" lon="6.7063080">
    <ele>985.4</ele>
    <time>2024-12-15T09:06:18Z</time>
   </trkpt>
   <trkpt lat="46.1788840" lon="6.7063150">
    <ele>985.4</ele>
    <time>2024-12-15T09:06:19Z</time>
   </trkpt>
   <trkpt lat="46.1788680" lon="6.7063490">
    <ele>985.5</ele>
    <time>2024-12-15T09:06:20Z</time>
   </trkpt>
   <trkpt lat="46.1788670" lon="6.7063620">
    <ele>985.5</ele>
    <time>2024-12-15T09:06:21Z</time>
   </trkpt>
   <trkpt lat="46.1788470" lon="6.7063830">
    <ele>985.5</ele>
    <time>2024-12-15T09:06:22Z</time>
   </trkpt>
   <trkpt lat="46.1788280" lon="6.7064080">
    <ele>985.6</ele>
    <time>2024-12-15T09:06:23Z</time>
   </trkpt>
   <trkpt lat="46.1788180" lon="6.7064200">
    <ele>985.6</ele>
    <time>2024-12-15T09:06:24Z</time>
   </trkpt>
   <trkpt lat="46.1787970" lon="6.7064630">
    <ele>985.7</ele>
    <time>2024-12-15T09:06:25Z</time>
   </trkpt>
   <trkpt lat="46.1787900" lon="6.7065160">
    <ele>985.7</ele>
    <time>2024-12-15T09:06:26Z</time>
   </trkpt>
   <trkpt lat="46.1787880" lon="6.7065310">
    <ele>985.8</ele>
    <time>2024-12-15T09:06:27Z</time>
   </trkpt>
   <trkpt lat="46.1787690" lon="6.7065670">
    <ele>985.8</ele>
    <time>2024-12-15T09:06:28Z</time>
   </trkpt>
   <trkpt lat="46.1787600" lon="6.7065760">
    <ele>985.8</ele>
    <time>2024-12-15T09:06:29Z</time>
   </trkpt>
   <trkpt lat="46.1787360" lon="6.7066160">
    <ele>985.9</ele>
    <time>2024-12-15T09:06:30Z</time>
   </trkpt>
   <trkpt lat="46.1787060" lon="6.7066160">
    <ele>986.0</ele>
    <time>2024-12-15T09:06:31Z</time>
   </trkpt>
   <trkpt lat="46.1786750" lon="6.7066300">
    <ele>986.0</ele>
    <time>2024-12-15T09:06:32Z</time>
   </trkpt>
   <trkpt lat="46.1786570" lon="6.7066720">
    <ele>986.1</ele>
    <time>2024-12-15T09:06:33Z</time>
   </trkpt>
   <trkpt lat="46.1786650" lon="6.7067070">
    <ele>986.2</ele>
    <time>2024-12-15T09:06:34Z</time>
   </trkpt>
   <trkpt lat="46.1786530" lon="6.7067570">
    <ele>986.3</ele>
    <time>2024-12-15T09:06:35Z</time>
   </trkpt>
   <trkpt lat="46.1786450" lon="6.7067680">
    <ele>986.3</ele>
    <time>2024-12-15T09:06:36Z</time>
   </trkpt>
   <trkpt lat="46.1786320" lon="6.7068050">
    <ele>986.4</ele>
    <time>2024-12-15T09:06:37Z</time>
   </trkpt>
   <trkpt lat="46.1786020" lon="6.7068690">
    <ele>986.5</ele>
    <time>2024-12-15T09:06:39Z</time>
   </trkpt>
   <trkpt lat="46.1785920" lon="6.7068880">
    <ele>986.5</ele>
    <time>2024-12-15T09:06:40Z</time>
   </trkpt>
   <trkpt lat="46.1785740" lon="6.7069260">
    <ele>986.6</ele>
    <time>2024-12-15T09:06:41Z</time>
   </trkpt>
   <trkpt lat="46.1785730" lon="6.7069390">
    <ele>986.7</ele>
    <time>2024-12-15T09:06:42Z</time>
   </trkpt>
   <trkpt lat="46.1785440" lon="6.7069640">
    <ele>986.8</ele>
    <time>2024-12-15T09:06:43Z</time>
   </trkpt>
   <trkpt lat="46.1785340" lon="6.7069640">
    <ele>986.8</ele>
    <time>2024-12-15T09:06:44Z</time>
   </trkpt>
   <trkpt lat="46.1785070" lon="6.7069830">
    <ele>986.9</ele>
    <time>2024-12-15T09:06:45Z</time>
   </trkpt>
   <trkpt lat="46.1784950" lon="6.7069780">
    <ele>986.9</ele>
    <time>2024-12-15T09:06:46Z</time>
   </trkpt>
   <trkpt lat="46.1784650" lon="6.7070190">
    <ele>987.0</ele>
    <time>2024-12-15T09:06:47Z</time>
   </trkpt>
   <trkpt lat="46.1784610" lon="6.7070260">
    <ele>987.0</ele>
    <time>2024-12-15T09:06:48Z</time>
   </trkpt>
   <trkpt lat="46.1784330" lon="6.7070230">
    <ele>987.1</ele>
    <time>2024-12-15T09:06:49Z</time>
   </trkpt>
   <trkpt lat="46.1784230" lon="6.7070810">
    <ele>987.2</ele>
    <time>2024-12-15T09:06:50Z</time>
   </trkpt>
   <trkpt lat="46.1784310" lon="6.7071210">
    <ele>987.3</ele>
    <time>2024-12-15T09:06:51Z</time>
   </trkpt>
   <trkpt lat="46.1784180" lon="6.7071670">
    <ele>987.4</ele>
    <time>2024-12-15T09:06:52Z</time>
   </trkpt>
   <trkpt lat="46.1784120" lon="6.7071790">
    <ele>987.4</ele>
    <time>2024-12-15T09:06:53Z</time>
   </trkpt>
   <trkpt lat="46.1783960" lon="6.7072160">
    <ele>987.5</ele>
    <time>2024-12-15T09:06:54Z</time>
   </trkpt>
   <trkpt lat="46.1783870" lon="6.7072290">
    <ele>987.5</ele>
    <time>2024-12-15T09:06:55Z</time>
   </trkpt>
   <trkpt lat="46.1783660" lon="6.7072560">
    <ele>987.6</ele>
    <time>2024-12-15T09:06:56Z</time>
   </trkpt>
   <trkpt lat="46.1783580" lon="6.7072630">
    <ele>987.7</ele>
    <time>2024-12-15T09:06:57Z</time>
   </trkpt>
   <trkpt lat="46.1783380" lon="6.7072940">
    <ele>987.8</ele>
    <time>2024-12-15T09:06:58Z</time>
   </trkpt>
   <trkpt lat="46.1783310" lon="6.7073060">
    <ele>987.8</ele>
    <time>2024-12-15T09:06:59Z</time>
   </trkpt>
   <trkpt lat="46.1783160" lon="6.7073470">
    <ele>987.9</ele>
    <time>2024-12-15T09:07:00Z</time>
   </trkpt>
   <trkpt lat="46.1782740" lon="6.7073450">
    <ele>988.0</ele>
    <time>2024-12-15T09:07:01Z</time>
   </trkpt>
   <trkpt lat="46.1782610" lon="6.7073940">
    <ele>988.1</ele>
    <time>2024-12-15T09:07:02Z</time>
   </trkpt>
   <trkpt lat="46.1782540" lon="6.7074040">
    <ele>988.1</ele>
    <time>2024-12-15T09:07:03Z</time>
   </trkpt>
   <trkpt lat="46.1782440" lon="6.7074240">
    <ele>988.2</ele>
    <time>2024-12-15T09:07:04Z</time>
   </trkpt>
   <trkpt lat="46.1782360" lon="6.7074450">
    <ele>988.2</ele>
    <time>2024-12-15T09:07:05Z</time>
   </trkpt>
   <trkpt lat="46.1782300" lon="6.7074680">
    <ele>988.3</ele>
    <time>2024-12-15T09:07:06Z</time>
   </trkpt>
   <trkpt lat="46.1782180" lon="6.7074760">
    <ele>988.3</ele>
    <time>2024-12-15T09:07:07Z</time>
   </trkpt>
   <trkpt lat="46.1781980" lon="6.7075050">
    <ele>988.4</ele>
    <time>2024-12-15T09:07:08Z</time>
   </trkpt>
   <trkpt lat="46.1781900" lon="6.7075170">
    <ele>988.4</ele>
    <time>2024-12-15T09:07:09Z</time>
   </trkpt>
   <trkpt lat="46.1781720" lon="6.7075550">
    <ele>988.5</ele>
    <time>2024-12-15T09:07:10Z</time>
   </trkpt>
   <trkpt lat="46.1781640" lon="6.7075680">
    <ele>988.5</ele>
    <time>2024-12-15T09:07:11Z</time>
   </trkpt>
   <trkpt lat="46.1781410" lon="6.7075970">
    <ele>988.6</ele>
    <time>2024-12-15T09:07:12Z</time>
   </trkpt>
   <trkpt lat="46.1781180" lon="6.7076310">
    <ele>988.7</ele>
    <time>2024-12-15T09:07:13Z</time>
   </trkpt>
   <trkpt lat="46.1780890" lon="6.7076480">
    <ele>988.8</ele>
    <time>2024-12-15T09:07:14Z</time>
   </trkpt>
   <trkpt lat="46.1780860" lon="6.7076540">
    <ele>988.8</ele>
    <time>2024-12-15T09:07:15Z</time>
   </trkpt>
   <trkpt lat="46.1780810" lon="6.7076770">
    <ele>988.9</ele>
    <time>2024-12-15T09:07:16Z</time>
   </trkpt>
   <trkpt lat="46.1780690" lon="6.7076910">
    <ele>988.9</ele>
    <time>2024-12-15T09:07:17Z</time>
   </trkpt>
   <trkpt lat="46.1780610" lon="6.7077170">
    <ele>989.0</ele>
    <time>2024-12-15T09:07:18Z</time>
   </trkpt>
   <trkpt lat="46.1780520" lon="6.7077360">
    <ele>989.0</ele>
    <time>2024-12-15T09:07:19Z</time>
   </trkpt>
   <trkpt lat="46.1780300" lon="6.7077580">
    <ele>989.1</ele>
    <time>2024-12-15T09:07:20Z</time>
   </trkpt>
   <trkpt lat="46.1780230" lon="6.7077690">
    <ele>989.1</ele>
    <time>2024-12-15T09:07:21Z</time>
   </trkpt>
   <trkpt lat="46.1780020" lon="6.7078000">
    <ele>989.1</ele>
    <time>2024-12-15T09:07:22Z</time>
   </trkpt>
   <trkpt lat="46.1779950" lon="6.7078100">
    <ele>989.2</ele>
    <time>2024-12-15T09:07:23Z</time>
   </trkpt>
   <trkpt lat="46.1779780" lon="6.7078450">
    <ele>989.2</ele>
    <time>2024-12-15T09:07:24Z</time>
   </trkpt>
   <trkpt lat="46.1779720" lon="6.7078520">
    <ele>989.3</ele>
    <time>2024-12-15T09:07:25Z</time>
   </trkpt>
   <trkpt lat="46.1779460" lon="6.7078910">
    <ele>989.3</ele>
    <time>2024-12-15T09:07:26Z</time>
   </trkpt>
   <trkpt lat="46.1779400" lon="6.7079050">
    <ele>989.4</ele>
    <time>2024-12-15T09:07:27Z</time>
   </trkpt>
   <trkpt lat="46.1779300" lon="6.7079210">
    <ele>989.4</ele>
    <time>2024-12-15T09:07:28Z</time>
   </trkpt>
   <trkpt lat="46.1779080" lon="6.7079220">
    <ele>989.5</ele>
    <time>2024-12-15T09:07:29Z</time>
   </trkpt>
   <trkpt lat="46.1778800" lon="6.7079270">
    <ele>989.5</ele>
    <time>2024-12-15T09:07:30Z</time>
   </trkpt>
   <trkpt lat="46.1778410" lon="6.7079390">
    <ele>989.6</ele>
    <time>2024-12-15T09:07:31Z</time>
   </trkpt>
   <trkpt lat="46.1778250" lon="6.7079440">
    <ele>989.7</ele>
    <time>2024-12-15T09:07:32Z</time>
   </trkpt>
   <trkpt lat="46.1777950" lon="6.7079350">
    <ele>989.7</ele>
    <time>2024-12-15T09:07:33Z</time>
   </trkpt>
   <trkpt lat="46.1777760" lon="6.7079410">
    <ele>989.8</ele>
    <time>2024-12-15T09:07:34Z</time>
   </trkpt>
   <trkpt lat="46.1777650" lon="6.7079430">
    <ele>989.8</ele>
    <time>2024-12-15T09:07:35Z</time>
   </trkpt>
   <trkpt lat="46.1777540" lon="6.7079440">
    <ele>989.9</ele>
    <time>2024-12-15T09:07:36Z</time>
   </trkpt>
   <trkpt lat="46.1777350" lon="6.7079450">
    <ele>989.9</ele>
    <time>2024-12-15T09:07:37Z</time>
   </trkpt>
   <trkpt lat="46.1777200" lon="6.7079450">
    <ele>990.0</ele>
    <time>2024-12-15T09:07:38Z</time>
   </trkpt>
   <trkpt lat="46.1776930" lon="6.7079480">
    <ele>990.1</ele>
    <time>2024-12-15T09:07:39Z</time>
   </trkpt>
   <trkpt lat="46.1776820" lon="6.7079530">
    <ele>990.2</ele>
    <time>2024-12-15T09:07:40Z</time>
   </trkpt>
   <trkpt lat="46.1776540" lon="6.7079300">
    <ele>990.3</ele>
    <time>2024-12-15T09:07:41Z</time>
   </trkpt>
   <trkpt lat="46.1776320" lon="6.7079070">
    <ele>990.4</ele>
    <time>2024-12-15T09:07:42Z</time>
   </trkpt>
   <trkpt lat="46.1776030" lon="6.7079190">
    <ele>990.6</ele>
    <time>2024-12-15T09:07:43Z</time>
   </trkpt>
   <trkpt lat="46.1775930" lon="6.7079150">
    <ele>990.6</ele>
    <time>2024-12-15T09:07:44Z</time>
   </trkpt>
   <trkpt lat="46.1775690" lon="6.7078960">
    <ele>990.7</ele>
    <time>2024-12-15T09:07:45Z</time>
   </trkpt>
   <trkpt lat="46.1775440" lon="6.7078810">
    <ele>990.9</ele>
    <time>2024-12-15T09:07:46Z</time>
   </trkpt>
   <trkpt lat="46.1775350" lon="6.7078740">
    <ele>990.9</ele>
    <time>2024-12-15T09:07:47Z</time>
   </trkpt>
   <trkpt lat="46.1775010" lon="6.7078600">
    <ele>991.1</ele>
    <time>2024-12-15T09:07:48Z</time>
   </trkpt>
   <trkpt lat="46.1774860" lon="6.7078580">
    <ele>991.1</ele>
    <time>2024-12-15T09:07:49Z</time>
   </trkpt>
   <trkpt lat="46.1774560" lon="6.7078400">
    <ele>991.3</ele>
    <time>2024-12-15T09:07:50Z</time>
   </trkpt>
   <trkpt lat="46.1774460" lon="6.7078360">
    <ele>991.4</ele>
    <time>2024-12-15T09:07:51Z</time>
   </trkpt>
   <trkpt lat="46.1774130" lon="6.7078210">
    <ele>991.6</ele>
    <time>2024-12-15T09:07:52Z</time>
   </trkpt>
   <trkpt lat="46.1774000" lon="6.7078160">
    <ele>991.7</ele>
    <time>2024-12-15T09:07:53Z</time>
   </trkpt>
   <trkpt lat="46.1773840" lon="6.7078130">
    <ele>991.8</ele>
    <time>2024-12-15T09:07:54Z</time>
   </trkpt>
   <trkpt lat="46.1773650" lon="6.7078100">
    <ele>991.9</ele>
    <time>2024-12-15T09:07:55Z</time>
   </trkpt>
   <trkpt lat="46.1773320" lon="6.7077970">
    <ele>992.1</ele>
    <time>2024-12-15T09:07:56Z</time>
   </trkpt>
   <trkpt lat="46.1773190" lon="6.7077910">
    <ele>992.2</ele>
    <time>2024-12-15T09:07:57Z</time>
   </trkpt>
   <trkpt lat="46.1772880" lon="6.7077860">
    <ele>992.4</ele>
    <time>2024-12-15T09:07:58Z</time>
   </trkpt>
   <trkpt lat="46.1772760" lon="6.7077830">
    <ele>992.5</ele>
    <time>2024-12-15T09:07:59Z</time>
   </trkpt>
   <trkpt lat="46.1772450" lon="6.7077760">
    <ele>992.7</ele>
    <time>2024-12-15T09:08:00Z</time>
   </trkpt>
   <trkpt lat="46.1772340" lon="6.7077740">
    <ele>992.8</ele>
    <time>2024-12-15T09:08:01Z</time>
   </trkpt>
   <trkpt lat="46.1772040" lon="6.7077620">
    <ele>993.0</ele>
    <time>2024-12-15T09:08:02Z</time>
   </trkpt>
   <trkpt lat="46.1771930" lon="6.7077560">
    <ele>993.1</ele>
    <time>2024-12-15T09:08:03Z</time>
   </trkpt>
   <trkpt lat="46.1771620" lon="6.7077530">
    <ele>993.3</ele>
    <time>2024-12-15T09:08:04Z</time>
   </trkpt>
   <trkpt lat="46.1771520" lon="6.7077480">
    <ele>993.4</ele>
    <time>2024-12-15T09:08:05Z</time>
   </trkpt>
   <trkpt lat="46.1771260" lon="6.7077310">
    <ele>993.6</ele>
    <time>2024-12-15T09:08:06Z</time>
   </trkpt>
   <trkpt lat="46.1771150" lon="6.7077280">
    <ele>993.6</ele>
    <time>2024-12-15T09:08:07Z</time>
   </trkpt>
   <trkpt lat="46.1770850" lon="6.7077220">
    <ele>993.8</ele>
    <time>2024-12-15T09:08:08Z</time>
   </trkpt>
   <trkpt lat="46.1770730" lon="6.7077210">
    <ele>993.9</ele>
    <time>2024-12-15T09:08:09Z</time>
   </trkpt>
   <trkpt lat="46.1770410" lon="6.7077230">
    <ele>994.1</ele>
    <time>2024-12-15T09:08:10Z</time>
   </trkpt>
   <trkpt lat="46.1770300" lon="6.7077240">
    <ele>994.2</ele>
    <time>2024-12-15T09:08:11Z</time>
   </trkpt>
   <trkpt lat="46.1769930" lon="6.7077190">
    <ele>994.3</ele>
    <time>2024-12-15T09:08:12Z</time>
   </trkpt>
   <trkpt lat="46.1769820" lon="6.7077190">
    <ele>994.3</ele>
    <time>2024-12-15T09:08:13Z</time>
   </trkpt>
   <trkpt lat="46.1769660" lon="6.7077140">
    <ele>994.3</ele>
    <time>2024-12-15T09:08:14Z</time>
   </trkpt>
   <trkpt lat="46.1769460" lon="6.7077180">
    <ele>994.3</ele>
    <time>2024-12-15T09:08:15Z</time>
   </trkpt>
   <trkpt lat="46.1769190" lon="6.7077200">
    <ele>994.3</ele>
    <time>2024-12-15T09:08:16Z</time>
   </trkpt>
   <trkpt lat="46.1769080" lon="6.7077220">
    <ele>994.3</ele>
    <time>2024-12-15T09:08:17Z</time>
   </trkpt>
   <trkpt lat="46.1768950" lon="6.7077140">
    <ele>994.3</ele>
    <time>2024-12-15T09:08:18Z</time>
   </trkpt>
   <trkpt lat="46.1768760" lon="6.7077300">
    <ele>994.3</ele>
    <time>2024-12-15T09:08:19Z</time>
   </trkpt>
   <trkpt lat="46.1768490" lon="6.7077290">
    <ele>994.3</ele>
    <time>2024-12-15T09:08:20Z</time>
   </trkpt>
   <trkpt lat="46.1768380" lon="6.7077290">
    <ele>994.3</ele>
    <time>2024-12-15T09:08:21Z</time>
   </trkpt>
   <trkpt lat="46.1768210" lon="6.7077270">
    <ele>994.3</ele>
    <time>2024-12-15T09:08:22Z</time>
   </trkpt>
   <trkpt lat="46.1768040" lon="6.7077220">
    <ele>994.3</ele>
    <time>2024-12-15T09:08:23Z</time>
   </trkpt>
   <trkpt lat="46.1767930" lon="6.7077220">
    <ele>994.3</ele>
    <time>2024-12-15T09:08:24Z</time>
   </trkpt>
   <trkpt lat="46.1767750" lon="6.7077390">
    <ele>994.3</ele>
    <time>2024-12-15T09:08:25Z</time>
   </trkpt>
   <trkpt lat="46.1767610" lon="6.7077370">
    <ele>994.3</ele>
    <time>2024-12-15T09:08:26Z</time>
   </trkpt>
   <trkpt lat="46.1767420" lon="6.7077420">
    <ele>994.3</ele>
    <time>2024-12-15T09:08:27Z</time>
   </trkpt>
   <trkpt lat="46.1767250" lon="6.7077460">
    <ele>994.3</ele>
    <time>2024-12-15T09:08:28Z</time>
   </trkpt>
   <trkpt lat="46.1767110" lon="6.7077220">
    <ele>994.4</ele>
    <time>2024-12-15T09:08:29Z</time>
   </trkpt>
   <trkpt lat="46.1766920" lon="6.7076780">
    <ele>994.8</ele>
    <time>2024-12-15T09:08:30Z</time>
   </trkpt>
   <trkpt lat="46.1766830" lon="6.7076680">
    <ele>994.9</ele>
    <time>2024-12-15T09:08:31Z</time>
   </trkpt>
   <trkpt lat="46.1766640" lon="6.7076330">
    <ele>995.2</ele>
    <time>2024-12-15T09:08:32Z</time>
   </trkpt>
   <trkpt lat="46.1766550" lon="6.7076260">
    <ele>995.3</ele>
    <time>2024-12-15T09:08:33Z</time>
   </trkpt>
   <trkpt lat="46.1766290" lon="6.7076000">
    <ele>995.6</ele>
    <time>2024-12-15T09:08:34Z</time>
   </trkpt>
   <trkpt lat="46.1766220" lon="6.7075890">
    <ele>995.7</ele>
    <time>2024-12-15T09:08:35Z</time>
   </trkpt>
   <trkpt lat="46.1765960" lon="6.7075630">
    <ele>996.0</ele>
    <time>2024-12-15T09:08:36Z</time>
   </trkpt>
   <trkpt lat="46.1765850" lon="6.7075590">
    <ele>996.1</ele>
    <time>2024-12-15T09:08:37Z</time>
   </trkpt>
   <trkpt lat="46.1765730" lon="6.7075410">
    <ele>996.3</ele>
    <time>2024-12-15T09:08:38Z</time>
   </trkpt>
   <trkpt lat="46.1765600" lon="6.7075270">
    <ele>996.5</ele>
    <time>2024-12-15T09:08:39Z</time>
   </trkpt>
   <trkpt lat="46.1765440" lon="6.7075240">
    <ele>996.6</ele>
    <time>2024-12-15T09:08:40Z</time>
   </trkpt>
   <trkpt lat="46.1765300" lon="6.7075240">
    <ele>996.7</ele>
    <time>2024-12-15T09:08:41Z</time>
   </trkpt>
   <trkpt lat="46.1765170" lon="6.7075090">
    <ele>996.9</ele>
    <time>2024-12-15T09:08:42Z</time>
   </trkpt>
   <trkpt lat="46.1765000" lon="6.7074950">
    <ele>997.1</ele>
    <time>2024-12-15T09:08:43Z</time>
   </trkpt>
   <trkpt lat="46.1764880" lon="6.7074570">
    <ele>997.3</ele>
    <time>2024-12-15T09:08:44Z</time>
   </trkpt>
   <trkpt lat="46.1764880" lon="6.7074430">
    <ele>997.4</ele>
    <time>2024-12-15T09:08:45Z</time>
   </trkpt>
   <trkpt lat="46.1764780" lon="6.7074290">
    <ele>997.5</ele>
    <time>2024-12-15T09:08:46Z</time>
   </trkpt>
   <trkpt lat="46.1764690" lon="6.7074220">
    <ele>997.6</ele>
    <time>2024-12-15T09:08:47Z</time>
   </trkpt>
   <trkpt lat="46.1764690" lon="6.7074040">
    <ele>997.7</ele>
    <time>2024-12-15T09:08:48Z</time>
   </trkpt>
   <trkpt lat="46.1764560" lon="6.7073890">
    <ele>997.8</ele>
    <time>2024-12-15T09:08:49Z</time>
   </trkpt>
   <trkpt lat="46.1764410" lon="6.7073790">
    <ele>998.0</ele>
    <time>2024-12-15T09:08:50Z</time>
   </trkpt>
   <trkpt lat="46.1764200" lon="6.7073510">
    <ele>997.9</ele>
    <time>2024-12-15T09:08:51Z</time>
   </trkpt>
   <trkpt lat="46.1764210" lon="6.7073320">
    <ele>997.8</ele>
    <time>2024-12-15T09:08:52Z</time>
   </trkpt>
   <trkpt lat="46.1764070" lon="6.7072900">
    <ele>997.6</ele>
    <time>2024-12-15T09:08:53Z</time>
   </trkpt>
   <trkpt lat="46.1764010" lon="6.7072760">
    <ele>997.5</ele>
    <time>2024-12-15T09:08:54Z</time>
   </trkpt>
   <trkpt lat="46.1763700" lon="6.7072580">
    <ele>997.3</ele>
    <time>2024-12-15T09:08:55Z</time>
   </trkpt>
   <trkpt lat="46.1763550" lon="6.7072550">
    <ele>997.1</ele>
    <time>2024-12-15T09:08:56Z</time>
   </trkpt>
   <trkpt lat="46.1763330" lon="6.7072270">
    <ele>996.9</ele>
    <time>2024-12-15T09:08:57Z</time>
   </trkpt>
   <trkpt lat="46.1763260" lon="6.7072170">
    <ele>996.9</ele>
    <time>2024-12-15T09:08:58Z</time>
   </trkpt>
   <trkpt lat="46.1763330" lon="6.7071710">
    <ele>996.6</ele>
    <time>2024-12-15T09:08:59Z</time>
   </trkpt>
   <trkpt lat="46.1763040" lon="6.7071730">
    <ele>996.5</ele>
    <time>2024-12-15T09:09:00Z</time>
   </trkpt>
   <trkpt lat="46.1762870" lon="6.7071380">
    <ele>996.3</ele>
    <time>2024-12-15T09:09:01Z</time>
   </trkpt>
   <trkpt lat="46.1762810" lon="6.7071310">
    <ele>996.2</ele>
    <time>2024-12-15T09:09:02Z</time>
   </trkpt>
   <trkpt lat="46.1762600" lon="6.7071160">
    <ele>996.0</ele>
    <time>2024-12-15T09:09:03Z</time>
   </trkpt>
   <trkpt lat="46.1762580" lon="6.7071090">
    <ele>996.0</ele>
    <time>2024-12-15T09:09:04Z</time>
   </trkpt>
   <trkpt lat="46.1762390" lon="6.7070560">
    <ele>996.4</ele>
    <time>2024-12-15T09:09:05Z</time>
   </trkpt>
   <trkpt lat="46.1762300" lon="6.7070380">
    <ele>996.6</ele>
    <time>2024-12-15T09:09:06Z</time>
   </trkpt>
   <trkpt lat="46.1762230" lon="6.7070270">
    <ele>996.8</ele>
    <time>2024-12-15T09:09:07Z</time>
   </trkpt>
   <trkpt lat="46.1762120" lon="6.7070080">
    <ele>997.1</ele>
    <time>2024-12-15T09:09:08Z</time>
   </trkpt>
   <trkpt lat="46.1762050" lon="6.7069940">
    <ele>997.4</ele>
    <time>2024-12-15T09:09:09Z</time>
   </trkpt>
   <trkpt lat="46.1761950" lon="6.7069770">
    <ele>997.6</ele>
    <time>2024-12-15T09:09:10Z</time>
   </trkpt>
   <trkpt lat="46.1761810" lon="6.7069620">
    <ele>998.0</ele>
    <time>2024-12-15T09:09:11Z</time>
   </trkpt>
   <trkpt lat="46.1761700" lon="6.7069440">
    <ele>998.3</ele>
    <time>2024-12-15T09:09:12Z</time>
   </trkpt>
   <trkpt lat="46.1761490" lon="6.7069180">
    <ele>998.8</ele>
    <time>2024-12-15T09:09:13Z</time>
   </trkpt>
   <trkpt lat="46.1761460" lon="6.7069030">
    <ele>999.0</ele>
    <time>2024-12-15T09:09:14Z</time>
   </trkpt>
   <trkpt lat="46.1761300" lon="6.7068840">
    <ele>999.5</ele>
    <time>2024-12-15T09:09:15Z</time>
   </trkpt>
   <trkpt lat="46.1761290" lon="6.7068630">
    <ele>999.7</ele>
    <time>2024-12-15T09:09:16Z</time>
   </trkpt>
   <trkpt lat="46.1761080" lon="6.7068380">
    <ele>1000.3</ele>
    <time>2024-12-15T09:09:17Z</time>
   </trkpt>
   <trkpt lat="46.1761010" lon="6.7068270">
    <ele>1000.5</ele>
    <time>2024-12-15T09:09:18Z</time>
   </trkpt>
   <trkpt lat="46.1760890" lon="6.7068060">
    <ele>1000.9</ele>
    <time>2024-12-15T09:09:19Z</time>
   </trkpt>
   <trkpt lat="46.1760810" lon="6.7067850">
    <ele>1001.2</ele>
    <time>2024-12-15T09:09:20Z</time>
   </trkpt>
   <trkpt lat="46.1760690" lon="6.7067740">
    <ele>1001.5</ele>
    <time>2024-12-15T09:09:21Z</time>
   </trkpt>
   <trkpt lat="46.1760550" lon="6.7067610">
    <ele>1001.8</ele>
    <time>2024-12-15T09:09:22Z</time>
   </trkpt>
   <trkpt lat="46.1760430" lon="6.7067470">
    <ele>1002.1</ele>
    <time>2024-12-15T09:09:23Z</time>
   </trkpt>
   <trkpt lat="46.1760250" lon="6.7067390">
    <ele>1002.5</ele>
    <time>2024-12-15T09:09:24Z</time>
   </trkpt>
   <trkpt lat="46.1760070" lon="6.7067150">
    <ele>1003.0</ele>
    <time>2024-12-15T09:09:25Z</time>
   </trkpt>
   <trkpt lat="46.1759990" lon="6.7067060">
    <ele>1003.2</ele>
    <time>2024-12-15T09:09:26Z</time>
   </trkpt>
   <trkpt lat="46.1759900" lon="6.7066970">
    <ele>1003.4</ele>
    <time>2024-12-15T09:09:27Z</time>
   </trkpt>
   <trkpt lat="46.1759770" lon="6.7066840">
    <ele>1003.8</ele>
    <time>2024-12-15T09:09:28Z</time>
   </trkpt>
   <trkpt lat="46.1759660" lon="6.7066670">
    <ele>1004.1</ele>
    <time>2024-12-15T09:09:29Z</time>
   </trkpt>
   <trkpt lat="46.1759570" lon="6.7066420">
    <ele>1004.5</ele>
    <time>2024-12-15T09:09:30Z</time>
   </trkpt>
   <trkpt lat="46.1759530" lon="6.7066200">
    <ele>1004.8</ele>
    <time>2024-12-15T09:09:31Z</time>
   </trkpt>
   <trkpt lat="46.1759500" lon="6.7065820">
    <ele>1005.3</ele>
    <time>2024-12-15T09:09:32Z</time>
   </trkpt>
   <trkpt lat="46.1759490" lon="6.7065710">
    <ele>1005.4</ele>
    <time>2024-12-15T09:09:33Z</time>
   </trkpt>
   <trkpt lat="46.1759490" lon="6.7065610">
    <ele>1005.5</ele>
    <time>2024-12-15T09:09:34Z</time>
   </trkpt>
   <trkpt lat="46.1759600" lon="6.7065380">
    <ele>1005.7</ele>
    <time>2024-12-15T09:09:35Z</time>
   </trkpt>
   <trkpt lat="46.1759800" lon="6.7065360">
    <ele>1005.1</ele>
    <time>2024-12-15T09:09:36Z</time>
   </trkpt>
   <trkpt lat="46.1759880" lon="6.7065180">
    <ele>1005.0</ele>
    <time>2024-12-15T09:09:37Z</time>
   </trkpt>
   <trkpt lat="46.1759960" lon="6.7064930">
    <ele>1005.2</ele>
    <time>2024-12-15T09:09:38Z</time>
   </trkpt>
   <trkpt lat="46.1759990" lon="6.7064730">
    <ele>1004.6</ele>
    <time>2024-12-15T09:09:39Z</time>
   </trkpt>
   <trkpt lat="46.1760110" lon="6.7064590">
    <ele>1004.8</ele>
    <time>2024-12-15T09:09:40Z</time>
   </trkpt>
   <trkpt lat="46.1760170" lon="6.7064360">
    <ele>1004.8</ele>
    <time>2024-12-15T09:09:41Z</time>
   </trkpt>
   <trkpt lat="46.1760220" lon="6.7064140">
    <ele>1004.9</ele>
    <time>2024-12-15T09:09:42Z</time>
   </trkpt>
   <trkpt lat="46.1760680" lon="6.7063020">
    <ele>1004.2</ele>
    <time>2024-12-15T09:09:43Z</time>
   </trkpt>
   <trkpt lat="46.1761060" lon="6.7062150">
    <ele>1004.1</ele>
    <time>2024-12-15T09:09:58Z</time>
   </trkpt>
   <trkpt lat="46.1761440" lon="6.7061270">
    <ele>1004.1</ele>
    <time>2024-12-15T09:10:00Z</time>
   </trkpt>
   <trkpt lat="46.1761820" lon="6.7060390">
    <ele>1003.5</ele>
    <time>2024-12-15T09:10:01Z</time>
   </trkpt>
   <trkpt lat="46.1761890" lon="6.7059980">
    <ele>1003.9</ele>
    <time>2024-12-15T09:10:02Z</time>
   </trkpt>
   <trkpt lat="46.1761910" lon="6.7059800">
    <ele>1004.3</ele>
    <time>2024-12-15T09:10:03Z</time>
   </trkpt>
   <trkpt lat="46.1762220" lon="6.7059250">
    <ele>1004.0</ele>
    <time>2024-12-15T09:10:04Z</time>
   </trkpt>
   <trkpt lat="46.1762240" lon="6.7058990">
    <ele>1004.3</ele>
    <time>2024-12-15T09:10:05Z</time>
   </trkpt>
   <trkpt lat="46.1762260" lon="6.7058730">
    <ele>1004.3</ele>
    <time>2024-12-15T09:10:06Z</time>
   </trkpt>
   <trkpt lat="46.1762360" lon="6.7058250">
    <ele>1004.1</ele>
    <time>2024-12-15T09:10:07Z</time>
   </trkpt>
   <trkpt lat="46.1762380" lon="6.7058080">
    <ele>1004.4</ele>
    <time>2024-12-15T09:10:08Z</time>
   </trkpt>
   <trkpt lat="46.1762400" lon="6.7057870">
    <ele>1004.4</ele>
    <time>2024-12-15T09:10:10Z</time>
   </trkpt>
   <trkpt lat="46.1762430" lon="6.7057580">
    <ele>1004.7</ele>
    <time>2024-12-15T09:10:11Z</time>
   </trkpt>
   <trkpt lat="46.1762460" lon="6.7057340">
    <ele>1005.1</ele>
    <time>2024-12-15T09:10:12Z</time>
   </trkpt>
   <trkpt lat="46.1762480" lon="6.7057130">
    <ele>1005.0</ele>
    <time>2024-12-15T09:10:13Z</time>
   </trkpt>
   <trkpt lat="46.1762500" lon="6.7056890">
    <ele>1005.4</ele>
    <time>2024-12-15T09:10:14Z</time>
   </trkpt>
   <trkpt lat="46.1762540" lon="6.7056740">
    <ele>1005.4</ele>
    <time>2024-12-15T09:10:15Z</time>
   </trkpt>
   <trkpt lat="46.1762560" lon="6.7056550">
    <ele>1005.4</ele>
    <time>2024-12-15T09:10:16Z</time>
   </trkpt>
   <trkpt lat="46.1762590" lon="6.7056380">
    <ele>1005.7</ele>
    <time>2024-12-15T09:10:17Z</time>
   </trkpt>
   <trkpt lat="46.1762650" lon="6.7056370">
    <ele>1005.2</ele>
    <time>2024-12-15T09:10:18Z</time>
   </trkpt>
   <trkpt lat="46.1762670" lon="6.7056380">
    <ele>1005.2</ele>
    <time>2024-12-15T09:10:19Z</time>
   </trkpt>
   <trkpt lat="46.1762710" lon="6.7056300">
    <ele>1005.2</ele>
    <time>2024-12-15T09:10:20Z</time>
   </trkpt>
   <trkpt lat="46.1762680" lon="6.7056220">
    <ele>1005.1</ele>
    <time>2024-12-15T09:10:21Z</time>
   </trkpt>
   <trkpt lat="46.1762720" lon="6.7056210">
    <ele>1005.1</ele>
    <time>2024-12-15T09:10:22Z</time>
   </trkpt>
   <trkpt lat="46.1762730" lon="6.7056130">
    <ele>1005.1</ele>
    <time>2024-12-15T09:10:23Z</time>
   </trkpt>
   <trkpt lat="46.1762720" lon="6.7055980">
    <ele>1005.5</ele>
    <time>2024-12-15T09:10:24Z</time>
   </trkpt>
   <trkpt lat="46.1762760" lon="6.7055790">
    <ele>1005.4</ele>
    <time>2024-12-15T09:10:25Z</time>
   </trkpt>
   <trkpt lat="46.1762790" lon="6.7055650">
    <ele>1005.8</ele>
    <time>2024-12-15T09:10:26Z</time>
   </trkpt>
   <trkpt lat="46.1762770" lon="6.7055510">
    <ele>1005.8</ele>
    <time>2024-12-15T09:10:27Z</time>
   </trkpt>
   <trkpt lat="46.1762730" lon="6.7055380">
    <ele>1005.8</ele>
    <time>2024-12-15T09:10:28Z</time>
   </trkpt>
   <trkpt lat="46.1762740" lon="6.7055260">
    <ele>1005.8</ele>
    <time>2024-12-15T09:10:29Z</time>
   </trkpt>
   <trkpt lat="46.1762760" lon="6.7055160">
    <ele>1006.1</ele>
    <time>2024-12-15T09:10:30Z</time>
   </trkpt>
   <trkpt lat="46.1762750" lon="6.7055040">
    <ele>1006.1</ele>
    <time>2024-12-15T09:10:31Z</time>
   </trkpt>
   <trkpt lat="46.1762750" lon="6.7054800">
    <ele>1006.1</ele>
    <time>2024-12-15T09:10:32Z</time>
   </trkpt>
   <trkpt lat="46.1762750" lon="6.7054700">
    <ele>1006.4</ele>
    <time>2024-12-15T09:10:33Z</time>
   </trkpt>
   <trkpt lat="46.1762760" lon="6.7054590">
    <ele>1006.4</ele>
    <time>2024-12-15T09:10:34Z</time>
   </trkpt>
   <trkpt lat="46.1762760" lon="6.7054490">
    <ele>1006.4</ele>
    <time>2024-12-15T09:10:35Z</time>
   </trkpt>
   <trkpt lat="46.1762760" lon="6.7054350">
    <ele>1006.8</ele>
    <time>2024-12-15T09:10:36Z</time>
   </trkpt>
   <trkpt lat="46.1762760" lon="6.7054190">
    <ele>1006.7</ele>
    <time>2024-12-15T09:10:37Z</time>
   </trkpt>
   <trkpt lat="46.1762760" lon="6.7054040">
    <ele>1006.7</ele>
    <time>2024-12-15T09:10:38Z</time>
   </trkpt>
   <trkpt lat="46.1762810" lon="6.7053930">
    <ele>1007.1</ele>
    <time>2024-12-15T09:10:39Z</time>
   </trkpt>
   <trkpt lat="46.1762840" lon="6.7053800">
    <ele>1007.1</ele>
    <time>2024-12-15T09:10:40Z</time>
   </trkpt>
   <trkpt lat="46.1762820" lon="6.7053610">
    <ele>1007.1</ele>
    <time>2024-12-15T09:10:41Z</time>
   </trkpt>
   <trkpt lat="46.1762780" lon="6.7053460">
    <ele>1007.6</ele>
    <time>2024-12-15T09:10:42Z</time>
   </trkpt>
   <trkpt lat="46.1762780" lon="6.7053330">
    <ele>1007.6</ele>
    <time>2024-12-15T09:10:43Z</time>
   </trkpt>
   <trkpt lat="46.1762770" lon="6.7053210">
    <ele>1007.6</ele>
    <time>2024-12-15T09:10:44Z</time>
   </trkpt>
   <trkpt lat="46.1762770" lon="6.7053080">
    <ele>1007.5</ele>
    <time>2024-12-15T09:10:45Z</time>
   </trkpt>
   <trkpt lat="46.1762790" lon="6.7052880">
    <ele>1008.1</ele>
    <time>2024-12-15T09:10:46Z</time>
   </trkpt>
   <trkpt lat="46.1762770" lon="6.7052760">
    <ele>1008.1</ele>
    <time>2024-12-15T09:10:47Z</time>
   </trkpt>
   <trkpt lat="46.1762760" lon="6.7052650">
    <ele>1008.7</ele>
    <time>2024-12-15T09:10:48Z</time>
   </trkpt>
   <trkpt lat="46.1762740" lon="6.7052530">
    <ele>1008.6</ele>
    <time>2024-12-15T09:10:49Z</time>
   </trkpt>
   <trkpt lat="46.1762750" lon="6.7052410">
    <ele>1008.6</ele>
    <time>2024-12-15T09:10:50Z</time>
   </trkpt>
   <trkpt lat="46.1762740" lon="6.7052220">
    <ele>1009.2</ele>
    <time>2024-12-15T09:10:51Z</time>
   </trkpt>
   <trkpt lat="46.1762740" lon="6.7052080">
    <ele>1009.2</ele>
    <time>2024-12-15T09:10:52Z</time>
   </trkpt>
   <trkpt lat="46.1762710" lon="6.7051910">
    <ele>1009.2</ele>
    <time>2024-12-15T09:10:53Z</time>
   </trkpt>
   <trkpt lat="46.1762670" lon="6.7051790">
    <ele>1009.8</ele>
    <time>2024-12-15T09:10:54Z</time>
   </trkpt>
   <trkpt lat="46.1762640" lon="6.7051680">
    <ele>1010.4</ele>
    <time>2024-12-15T09:10:55Z</time>
   </trkpt>
   <trkpt lat="46.1762600" lon="6.7051560">
    <ele>1010.4</ele>
    <time>2024-12-15T09:10:56Z</time>
   </trkpt>
   <trkpt lat="46.1762560" lon="6.7051380">
    <ele>1010.4</ele>
    <time>2024-12-15T09:10:57Z</time>
   </trkpt>
   <trkpt lat="46.1762530" lon="6.7051270">
    <ele>1011.0</ele>
    <time>2024-12-15T09:10:58Z</time>
   </trkpt>
   <trkpt lat="46.1762490" lon="6.7051170">
    <ele>1011.0</ele>
    <time>2024-12-15T09:10:59Z</time>
   </trkpt>
   <trkpt lat="46.1762450" lon="6.7051060">
    <ele>1011.0</ele>
    <time>2024-12-15T09:11:00Z</time>
   </trkpt>
   <trkpt lat="46.1762480" lon="6.7050990">
    <ele>1010.9</ele>
    <time>2024-12-15T09:11:01Z</time>
   </trkpt>
   <trkpt lat="46.1762470" lon="6.7050920">
    <ele>1011.6</ele>
    <time>2024-12-15T09:11:02Z</time>
   </trkpt>
   <trkpt lat="46.1762390" lon="6.7050720">
    <ele>1011.6</ele>
    <time>2024-12-15T09:11:03Z</time>
   </trkpt>
   <trkpt lat="46.1762330" lon="6.7050600">
    <ele>1012.2</ele>
    <time>2024-12-15T09:11:04Z</time>
   </trkpt>
   <trkpt lat="46.1762280" lon="6.7050500">
    <ele>1012.8</ele>
    <time>2024-12-15T09:11:05Z</time>
   </trkpt>
   <trkpt lat="46.1762220" lon="6.7050430">
    <ele>1012.8</ele>
    <time>2024-12-15T09:11:06Z</time>
   </trkpt>
   <trkpt lat="46.1762190" lon="6.7050380">
    <ele>1012.8</ele>
    <time>2024-12-15T09:11:07Z</time>
   </trkpt>
   <trkpt lat="46.1762140" lon="6.7050290">
    <ele>1012.8</ele>
    <time>2024-12-15T09:11:08Z</time>
   </trkpt>
   <trkpt lat="46.1762080" lon="6.7050210">
    <ele>1012.7</ele>
    <time>2024-12-15T09:11:09Z</time>
   </trkpt>
   <trkpt lat="46.1762040" lon="6.7050090">
    <ele>1013.4</ele>
    <time>2024-12-15T09:11:10Z</time>
   </trkpt>
   <trkpt lat="46.1762000" lon="6.7050030">
    <ele>1014.1</ele>
    <time>2024-12-15T09:11:11Z</time>
   </trkpt>
   <trkpt lat="46.1761930" lon="6.7050010">
    <ele>1014.1</ele>
    <time>2024-12-15T09:11:12Z</time>
   </trkpt>
   <trkpt lat="46.1761930" lon="6.7049940">
    <ele>1014.1</ele>
    <time>2024-12-15T09:11:13Z</time>
   </trkpt>
   <trkpt lat="46.1761860" lon="6.7049820">
    <ele>1014.0</ele>
    <time>2024-12-15T09:11:14Z</time>
   </trkpt>
   <trkpt lat="46.1761810" lon="6.7049740">
    <ele>1014.0</ele>
    <time>2024-12-15T09:11:15Z</time>
   </trkpt>
   <trkpt lat="46.1761750" lon="6.7049650">
    <ele>1014.8</ele>
    <time>2024-12-15T09:11:16Z</time>
   </trkpt>
   <trkpt lat="46.1761720" lon="6.7049570">
    <ele>1015.5</ele>
    <time>2024-12-15T09:11:17Z</time>
   </trkpt>
   <trkpt lat="46.1761680" lon="6.7049500">
    <ele>1015.5</ele>
    <time>2024-12-15T09:11:18Z</time>
   </trkpt>
   <trkpt lat="46.1761660" lon="6.7049390">
    <ele>1015.5</ele>
    <time>2024-12-15T09:11:19Z</time>
   </trkpt>
   <trkpt lat="46.1761590" lon="6.7049280">
    <ele>1015.4</ele>
    <time>2024-12-15T09:11:20Z</time>
   </trkpt>
   <trkpt lat="46.1761490" lon="6.7049160">
    <ele>1016.2</ele>
    <time>2024-12-15T09:11:21Z</time>
   </trkpt>
   <trkpt lat="46.1761450" lon="6.7049120">
    <ele>1017.0</ele>
    <time>2024-12-15T09:11:22Z</time>
   </trkpt>
   <trkpt lat="46.1761410" lon="6.7049070">
    <ele>1017.0</ele>
    <time>2024-12-15T09:11:23Z</time>
   </trkpt>
   <trkpt lat="46.1761370" lon="6.7049030">
    <ele>1017.0</ele>
    <time>2024-12-15T09:11:24Z</time>
   </trkpt>
   <trkpt lat="46.1761330" lon="6.7048980">
    <ele>1016.9</ele>
    <time>2024-12-15T09:11:25Z</time>
   </trkpt>
   <trkpt lat="46.1761290" lon="6.7048940">
    <ele>1016.9</ele>
    <time>2024-12-15T09:11:26Z</time>
   </trkpt>
   <trkpt lat="46.1761290" lon="6.7048920">
    <ele>1016.9</ele>
    <time>2024-12-15T09:11:27Z</time>
   </trkpt>
   <trkpt lat="46.1761250" lon="6.7048830">
    <ele>1016.9</ele>
    <time>2024-12-15T09:11:28Z</time>
   </trkpt>
   <trkpt lat="46.1761170" lon="6.7048700">
    <ele>1017.7</ele>
    <time>2024-12-15T09:11:29Z</time>
   </trkpt>
   <trkpt lat="46.1761110" lon="6.7048630">
    <ele>1018.5</ele>
    <time>2024-12-15T09:11:30Z</time>
   </trkpt>
   <trkpt lat="46.1761060" lon="6.7048540">
    <ele>1018.5</ele>
    <time>2024-12-15T09:11:31Z</time>
   </trkpt>
   <trkpt lat="46.1761020" lon="6.7048430">
    <ele>1018.5</ele>
    <time>2024-12-15T09:11:32Z</time>
   </trkpt>
   <trkpt lat="46.1760950" lon="6.7048390">
    <ele>1018.4</ele>
    <time>2024-12-15T09:11:33Z</time>
   </trkpt>
   <trkpt lat="46.1760900" lon="6.7048310">
    <ele>1019.3</ele>
    <time>2024-12-15T09:11:34Z</time>
   </trkpt>
   <trkpt lat="46.1760850" lon="6.7048230">
    <ele>1020.1</ele>
    <time>2024-12-15T09:11:35Z</time>
   </trkpt>
   <trkpt lat="46.1760820" lon="6.7048180">
    <ele>1020.0</ele>
    <time>2024-12-15T09:11:36Z</time>
   </trkpt>
   <trkpt lat="46.1760800" lon="6.7048160">
    <ele>1020.0</ele>
    <time>2024-12-15T09:11:37Z</time>
   </trkpt>
   <trkpt lat="46.1760750" lon="6.7048090">
    <ele>1020.0</ele>
    <time>2024-12-15T09:11:38Z</time>
   </trkpt>
   <trkpt lat="46.1760670" lon="6.7048050">
    <ele>1020.0</ele>
    <time>2024-12-15T09:11:39Z</time>
   </trkpt>
   <trkpt lat="46.1760650" lon="6.7047980">
    <ele>1020.0</ele>
    <time>2024-12-15T09:11:40Z</time>
   </trkpt>
   <trkpt lat="46.1760600" lon="6.7047920">
    <ele>1020.8</ele>
    <time>2024-12-15T09:11:41Z</time>
   </trkpt>
   <trkpt lat="46.1760550" lon="6.7047870">
    <ele>1021.6</ele>
    <time>2024-12-15T09:11:42Z</time>
   </trkpt>
   <trkpt lat="46.1760530" lon="6.7047820">
    <ele>1021.6</ele>
    <time>2024-12-15T09:11:43Z</time>
   </trkpt>
   <trkpt lat="46.1760480" lon="6.7047740">
    <ele>1021.5</ele>
    <time>2024-12-15T09:11:44Z</time>
   </trkpt>
   <trkpt lat="46.1760410" lon="6.7047640">
    <ele>1021.5</ele>
    <time>2024-12-15T09:11:45Z</time>
   </trkpt>
   <trkpt lat="46.1760360" lon="6.7047590">
    <ele>1021.5</ele>
    <time>2024-12-15T09:11:46Z</time>
   </trkpt>
   <trkpt lat="46.1760330" lon="6.7047530">
    <ele>1021.5</ele>
    <time>2024-12-15T09:11:47Z</time>
   </trkpt>
   <trkpt lat="46.1760310" lon="6.7047480">
    <ele>1022.4</ele>
    <time>2024-12-15T09:11:48Z</time>
   </trkpt>
   <trkpt lat="46.1760230" lon="6.7047400">
    <ele>1023.1</ele>
    <time>2024-12-15T09:11:49Z</time>
   </trkpt>
   <trkpt lat="46.1760240" lon="6.7047390">
    <ele>1023.0</ele>
    <time>2024-12-15T09:11:50Z</time>
   </trkpt>
   <trkpt lat="46.1760200" lon="6.7047330">
    <ele>1023.0</ele>
    <time>2024-12-15T09:11:51Z</time>
   </trkpt>
   <trkpt lat="46.1760180" lon="6.7047300">
    <ele>1023.0</ele>
    <time>2024-12-15T09:11:52Z</time>
   </trkpt>
   <trkpt lat="46.1760130" lon="6.7047230">
    <ele>1023.0</ele>
    <time>2024-12-15T09:11:53Z</time>
   </trkpt>
   <trkpt lat="46.1760100" lon="6.7047200">
    <ele>1023.0</ele>
    <time>2024-12-15T09:11:54Z</time>
   </trkpt>
   <trkpt lat="46.1760020" lon="6.7047180">
    <ele>1023.0</ele>
    <time>2024-12-15T09:11:55Z</time>
   </trkpt>
   <trkpt lat="46.1759960" lon="6.7047160">
    <ele>1023.6</ele>
    <time>2024-12-15T09:11:56Z</time>
   </trkpt>
   <trkpt lat="46.1759920" lon="6.7047100">
    <ele>1023.6</ele>
    <time>2024-12-15T09:11:57Z</time>
   </trkpt>
   <trkpt lat="46.1759880" lon="6.7047050">
    <ele>1024.5</ele>
    <time>2024-12-15T09:11:58Z</time>
   </trkpt>
   <trkpt lat="46.1759810" lon="6.7046990">
    <ele>1024.4</ele>
    <time>2024-12-15T09:11:59Z</time>
   </trkpt>
   <trkpt lat="46.1759760" lon="6.7046940">
    <ele>1024.4</ele>
    <time>2024-12-15T09:12:00Z</time>
   </trkpt>
   <trkpt lat="46.1759680" lon="6.7046920">
    <ele>1024.4</ele>
    <time>2024-12-15T09:12:01Z</time>
   </trkpt>
   <trkpt lat="46.1759580" lon="6.7046870">
    <ele>1025.1</ele>
    <time>2024-12-15T09:12:02Z</time>
   </trkpt>
   <trkpt lat="46.1759500" lon="6.7046820">
    <ele>1025.1</ele>
    <time>2024-12-15T09:12:03Z</time>
   </trkpt>
   <trkpt lat="46.1759480" lon="6.7046720">
    <ele>1025.0</ele>
    <time>2024-12-15T09:12:04Z</time>
   </trkpt>
   <trkpt lat="46.1759460" lon="6.7046580">
    <ele>1025.8</ele>
    <time>2024-12-15T09:12:05Z</time>
   </trkpt>
   <trkpt lat="46.1759410" lon="6.7046520">
    <ele>1025.8</ele>
    <time>2024-12-15T09:12:06Z</time>
   </trkpt>
   <trkpt lat="46.1759380" lon="6.7046440">
    <ele>1025.8</ele>
    <time>2024-12-15T09:12:07Z</time>
   </trkpt>
   <trkpt lat="46.1759390" lon="6.7046360">
    <ele>1025.8</ele>
    <time>2024-12-15T09:12:08Z</time>
   </trkpt>
   <trkpt lat="46.1759360" lon="6.7046270">
    <ele>1026.5</ele>
    <time>2024-12-15T09:12:09Z</time>
   </trkpt>
   <trkpt lat="46.1759300" lon="6.7046200">
    <ele>1027.2</ele>
    <time>2024-12-15T09:12:10Z</time>
   </trkpt>
   <trkpt lat="46.1759280" lon="6.7046220">
    <ele>1026.4</ele>
    <time>2024-12-15T09:12:11Z</time>
   </trkpt>
   <trkpt lat="46.1759210" lon="6.7046130">
    <ele>1027.2</ele>
    <time>2024-12-15T09:12:12Z</time>
   </trkpt>
   <trkpt lat="46.1759170" lon="6.7046100">
    <ele>1027.2</ele>
    <time>2024-12-15T09:12:13Z</time>
   </trkpt>
   <trkpt lat="46.1759150" lon="6.7046070">
    <ele>1027.1</ele>
    <time>2024-12-15T09:12:14Z</time>
   </trkpt>
   <trkpt lat="46.1759130" lon="6.7046030">
    <ele>1027.1</ele>
    <time>2024-12-15T09:12:15Z</time>
   </trkpt>
   <trkpt lat="46.1759100" lon="6.7045960">
    <ele>1027.1</ele>
    <time>2024-12-15T09:12:16Z</time>
   </trkpt>
   <trkpt lat="46.1759080" lon="6.7045920">
    <ele>1027.1</ele>
    <time>2024-12-15T09:12:17Z</time>
   </trkpt>
   <trkpt lat="46.1759060" lon="6.7045940">
    <ele>1027.8</ele>
    <time>2024-12-15T09:12:18Z</time>
   </trkpt>
   <trkpt lat="46.1758990" lon="6.7045830">
    <ele>1027.8</ele>
    <time>2024-12-15T09:12:19Z</time>
   </trkpt>
   <trkpt lat="46.1758970" lon="6.7045740">
    <ele>1028.5</ele>
    <time>2024-12-15T09:12:20Z</time>
   </trkpt>
   <trkpt lat="46.1758930" lon="6.7045690">
    <ele>1028.5</ele>
    <time>2024-12-15T09:12:21Z</time>
   </trkpt>
   <trkpt lat="46.1758900" lon="6.7045690">
    <ele>1028.5</ele>
    <time>2024-12-15T09:12:22Z</time>
   </trkpt>
   <trkpt lat="46.1758880" lon="6.7045590">
    <ele>1028.4</ele>
    <time>2024-12-15T09:12:23Z</time>
   </trkpt>
   <trkpt lat="46.1758830" lon="6.7045500">
    <ele>1028.4</ele>
    <time>2024-12-15T09:12:24Z</time>
   </trkpt>
   <trkpt lat="46.1758790" lon="6.7045480">
    <ele>1028.4</ele>
    <time>2024-12-15T09:12:25Z</time>
   </trkpt>
   <trkpt lat="46.1758770" lon="6.7045430">
    <ele>1029.1</ele>
    <time>2024-12-15T09:12:26Z</time>
   </trkpt>
   <trkpt lat="46.1758760" lon="6.7045360">
    <ele>1029.1</ele>
    <time>2024-12-15T09:12:27Z</time>
   </trkpt>
   <trkpt lat="46.1758730" lon="6.7045290">
    <ele>1029.9</ele>
    <time>2024-12-15T09:12:28Z</time>
   </trkpt>
   <trkpt lat="46.1758690" lon="6.7045220">
    <ele>1029.8</ele>
    <time>2024-12-15T09:12:29Z</time>
   </trkpt>
   <trkpt lat="46.1758670" lon="6.7045180">
    <ele>1029.8</ele>
    <time>2024-12-15T09:12:30Z</time>
   </trkpt>
   <trkpt lat="46.1758680" lon="6.7045120">
    <ele>1029.8</ele>
    <time>2024-12-15T09:12:31Z</time>
   </trkpt>
   <trkpt lat="46.1758620" lon="6.7045070">
    <ele>1029.8</ele>
    <time>2024-12-15T09:12:32Z</time>
   </trkpt>
   <trkpt lat="46.1758570" lon="6.7045010">
    <ele>1029.8</ele>
    <time>2024-12-15T09:12:33Z</time>
   </trkpt>
   <trkpt lat="46.1758500" lon="6.7044930">
    <ele>1029.8</ele>
    <time>2024-12-15T09:12:34Z</time>
   </trkpt>
   <trkpt lat="46.1758470" lon="6.7044900">
    <ele>1031.3</ele>
    <time>2024-12-15T09:12:35Z</time>
   </trkpt>
   <trkpt lat="46.1758440" lon="6.7044820">
    <ele>1031.3</ele>
    <time>2024-12-15T09:12:36Z</time>
   </trkpt>
   <trkpt lat="46.1758430" lon="6.7044720">
    <ele>1031.3</ele>
    <time>2024-12-15T09:12:37Z</time>
   </trkpt>
   <trkpt lat="46.1758360" lon="6.7044590">
    <ele>1031.3</ele>
    <time>2024-12-15T09:12:39Z</time>
   </trkpt>
   <trkpt lat="46.1758340" lon="6.7044510">
    <ele>1031.3</ele>
    <time>2024-12-15T09:12:40Z</time>
   </trkpt>
   <trkpt lat="46.1758320" lon="6.7044380">
    <ele>1032.1</ele>
    <time>2024-12-15T09:12:41Z</time>
   </trkpt>
   <trkpt lat="46.1758290" lon="6.7044300">
    <ele>1032.1</ele>
    <time>2024-12-15T09:12:42Z</time>
   </trkpt>
   <trkpt lat="46.1758260" lon="6.7044190">
    <ele>1032.1</ele>
    <time>2024-12-15T09:12:43Z</time>
   </trkpt>
   <trkpt lat="46.1758270" lon="6.7044140">
    <ele>1032.1</ele>
    <time>2024-12-15T09:12:44Z</time>
   </trkpt>
   <trkpt lat="46.1758240" lon="6.7044030">
    <ele>1033.0</ele>
    <time>2024-12-15T09:12:45Z</time>
   </trkpt>
   <trkpt lat="46.1758260" lon="6.7043820">
    <ele>1033.0</ele>
    <time>2024-12-15T09:12:46Z</time>
   </trkpt>
   <trkpt lat="46.1758250" lon="6.7043720">
    <ele>1032.9</ele>
    <time>2024-12-15T09:12:47Z</time>
   </trkpt>
   <trkpt lat="46.1758220" lon="6.7043720">
    <ele>1032.9</ele>
    <time>2024-12-15T09:12:48Z</time>
   </trkpt>
   <trkpt lat="46.1758210" lon="6.7043650">
    <ele>1032.9</ele>
    <time>2024-12-15T09:12:49Z</time>
   </trkpt>
   <trkpt lat="46.1758210" lon="6.7043540">
    <ele>1033.8</ele>
    <time>2024-12-15T09:12:50Z</time>
   </trkpt>
   <trkpt lat="46.1758200" lon="6.7043440">
    <ele>1033.8</ele>
    <time>2024-12-15T09:12:51Z</time>
   </trkpt>
   <trkpt lat="46.1758150" lon="6.7043400">
    <ele>1034.7</ele>
    <time>2024-12-15T09:12:52Z</time>
   </trkpt>
   <trkpt lat="46.1758150" lon="6.7043350">
    <ele>1034.6</ele>
    <time>2024-12-15T09:12:53Z</time>
   </trkpt>
   <trkpt lat="46.1758150" lon="6.7043320">
    <ele>1034.6</ele>
    <time>2024-12-15T09:12:54Z</time>
   </trkpt>
   <trkpt lat="46.1758140" lon="6.7043260">
    <ele>1034.6</ele>
    <time>2024-12-15T09:12:55Z</time>
   </trkpt>
   <trkpt lat="46.1758150" lon="6.7043230">
    <ele>1034.6</ele>
    <time>2024-12-15T09:12:56Z</time>
   </trkpt>
   <trkpt lat="46.1758070" lon="6.7043160">
    <ele>1035.5</ele>
    <time>2024-12-15T09:12:57Z</time>
   </trkpt>
   <trkpt lat="46.1758070" lon="6.7043060">
    <ele>1035.5</ele>
    <time>2024-12-15T09:12:58Z</time>
   </trkpt>
   <trkpt lat="46.1758050" lon="6.7043110">
    <ele>1035.5</ele>
    <time>2024-12-15T09:12:59Z</time>
   </trkpt>
   <trkpt lat="46.1758020" lon="6.7043030">
    <ele>1035.5</ele>
    <time>2024-12-15T09:13:00Z</time>
   </trkpt>
   <trkpt lat="46.1758060" lon="6.7043050">
    <ele>1035.4</ele>
    <time>2024-12-15T09:13:01Z</time>
   </trkpt>
   <trkpt lat="46.1758030" lon="6.7043000">
    <ele>1035.4</ele>
    <time>2024-12-15T09:13:02Z</time>
   </trkpt>
   <trkpt lat="46.1758020" lon="6.7042880">
    <ele>1035.4</ele>
    <time>2024-12-15T09:13:03Z</time>
   </trkpt>
   <trkpt lat="46.1758000" lon="6.7042810">
    <ele>1035.4</ele>
    <time>2024-12-15T09:13:04Z</time>
   </trkpt>
   <trkpt lat="46.1758000" lon="6.7042750">
    <ele>1036.3</ele>
    <time>2024-12-15T09:13:05Z</time>
   </trkpt>
   <trkpt lat="46.1757960" lon="6.7042560">
    <ele>1036.3</ele>
    <time>2024-12-15T09:13:06Z</time>
   </trkpt>
   <trkpt lat="46.1757910" lon="6.7042440">
    <ele>1036.3</ele>
    <time>2024-12-15T09:13:07Z</time>
   </trkpt>
   <trkpt lat="46.1757920" lon="6.7042470">
    <ele>1036.3</ele>
    <time>2024-12-15T09:13:08Z</time>
   </trkpt>
   <trkpt lat="46.1757880" lon="6.7042440">
    <ele>1037.1</ele>
    <time>2024-12-15T09:13:09Z</time>
   </trkpt>
   <trkpt lat="46.1757900" lon="6.7042360">
    <ele>1036.2</ele>
    <time>2024-12-15T09:13:10Z</time>
   </trkpt>
   <trkpt lat="46.1757890" lon="6.7042420">
    <ele>1037.1</ele>
    <time>2024-12-15T09:13:11Z</time>
   </trkpt>
   <trkpt lat="46.1757860" lon="6.7042360">
    <ele>1037.1</ele>
    <time>2024-12-15T09:13:12Z</time>
   </trkpt>
   <trkpt lat="46.1757820" lon="6.7042290">
    <ele>1038.0</ele>
    <time>2024-12-15T09:13:13Z</time>
   </trkpt>
   <trkpt lat="46.1757810" lon="6.7042200">
    <ele>1038.0</ele>
    <time>2024-12-15T09:13:14Z</time>
   </trkpt>
   <trkpt lat="46.1757820" lon="6.7042150">
    <ele>1038.0</ele>
    <time>2024-12-15T09:13:15Z</time>
   </trkpt>
   <trkpt lat="46.1757820" lon="6.7042110">
    <ele>1038.0</ele>
    <time>2024-12-15T09:13:16Z</time>
   </trkpt>
   <trkpt lat="46.1757810" lon="6.7041970">
    <ele>1038.0</ele>
    <time>2024-12-15T09:13:17Z</time>
   </trkpt>
   <trkpt lat="46.1757860" lon="6.7041900">
    <ele>1038.9</ele>
    <time>2024-12-15T09:13:18Z</time>
   </trkpt>
   <trkpt lat="46.1757760" lon="6.7041910">
    <ele>1038.9</ele>
    <time>2024-12-15T09:13:19Z</time>
   </trkpt>
   <trkpt lat="46.1757730" lon="6.7041840">
    <ele>1038.8</ele>
    <time>2024-12-15T09:13:20Z</time>
   </trkpt>
   <trkpt lat="46.1757750" lon="6.7041830">
    <ele>1038.8</ele>
    <time>2024-12-15T09:13:21Z</time>
   </trkpt>
   <trkpt lat="46.1757760" lon="6.7041750">
    <ele>1038.8</ele>
    <time>2024-12-15T09:13:22Z</time>
   </trkpt>
   <trkpt lat="46.1757740" lon="6.7041690">
    <ele>1038.8</ele>
    <time>2024-12-15T09:13:23Z</time>
   </trkpt>
   <trkpt lat="46.1757710" lon="6.7041700">
    <ele>1038.8</ele>
    <time>2024-12-15T09:13:24Z</time>
   </trkpt>
   <trkpt lat="46.1757650" lon="6.7041600">
    <ele>1038.8</ele>
    <time>2024-12-15T09:13:25Z</time>
   </trkpt>
   <trkpt lat="46.1757650" lon="6.7041590">
    <ele>1038.7</ele>
    <time>2024-12-15T09:13:26Z</time>
   </trkpt>
   <trkpt lat="46.1757670" lon="6.7041630">
    <ele>1038.7</ele>
    <time>2024-12-15T09:13:27Z</time>
   </trkpt>
   <trkpt lat="46.1757640" lon="6.7041490">
    <ele>1039.6</ele>
    <time>2024-12-15T09:13:28Z</time>
   </trkpt>
   <trkpt lat="46.1757600" lon="6.7041420">
    <ele>1039.6</ele>
    <time>2024-12-15T09:13:29Z</time>
   </trkpt>
   <trkpt lat="46.1757630" lon="6.7041350">
    <ele>1039.6</ele>
    <time>2024-12-15T09:13:30Z</time>
   </trkpt>
   <trkpt lat="46.1757630" lon="6.7041340">
    <ele>1039.6</ele>
    <time>2024-12-15T09:13:31Z</time>
   </trkpt>
   <trkpt lat="46.1757600" lon="6.7041310">
    <ele>1039.6</ele>
    <time>2024-12-15T09:13:32Z</time>
   </trkpt>
   <trkpt lat="46.1757640" lon="6.7041260">
    <ele>1039.5</ele>
    <time>2024-12-15T09:13:33Z</time>
   </trkpt>
   <trkpt lat="46.1757560" lon="6.7041240">
    <ele>1040.4</ele>
    <time>2024-12-15T09:13:34Z</time>
   </trkpt>
   <trkpt lat="46.1757580" lon="6.7041100">
    <ele>1040.4</ele>
    <time>2024-12-15T09:13:35Z</time>
   </trkpt>
   <trkpt lat="46.1757570" lon="6.7041040">
    <ele>1041.3</ele>
    <time>2024-12-15T09:13:36Z</time>
   </trkpt>
   <trkpt lat="46.1757510" lon="6.7041080">
    <ele>1040.4</ele>
    <time>2024-12-15T09:13:37Z</time>
   </trkpt>
   <trkpt lat="46.1757460" lon="6.7041080">
    <ele>1040.4</ele>
    <time>2024-12-15T09:13:38Z</time>
   </trkpt>
   <trkpt lat="46.1757480" lon="6.7041000">
    <ele>1041.3</ele>
    <time>2024-12-15T09:13:39Z</time>
   </trkpt>
   <trkpt lat="46.1757490" lon="6.7040950">
    <ele>1041.3</ele>
    <time>2024-12-15T09:13:40Z</time>
   </trkpt>
   <trkpt lat="46.1757500" lon="6.7040750">
    <ele>1041.2</ele>
    <time>2024-12-15T09:13:41Z</time>
   </trkpt>
   <trkpt lat="46.1757410" lon="6.7040870">
    <ele>1041.2</ele>
    <time>2024-12-15T09:13:42Z</time>
   </trkpt>
   <trkpt lat="46.1757390" lon="6.7040790">
    <ele>1041.2</ele>
    <time>2024-12-15T09:13:43Z</time>
   </trkpt>
   <trkpt lat="46.1757340" lon="6.7040850">
    <ele>1041.2</ele>
    <time>2024-12-15T09:13:44Z</time>
   </trkpt>
   <trkpt lat="46.1757310" lon="6.7040850">
    <ele>1041.2</ele>
    <time>2024-12-15T09:13:45Z</time>
   </trkpt>
   <trkpt lat="46.1757280" lon="6.7040890">
    <ele>1042.0</ele>
    <time>2024-12-15T09:13:46Z</time>
   </trkpt>
   <trkpt lat="46.1757330" lon="6.7040720">
    <ele>1041.1</ele>
    <time>2024-12-15T09:13:47Z</time>
   </trkpt>
   <trkpt lat="46.1757340" lon="6.7040560">
    <ele>1042.1</ele>
    <time>2024-12-15T09:13:48Z</time>
   </trkpt>
   <trkpt lat="46.1757290" lon="6.7040510">
    <ele>1042.9</ele>
    <time>2024-12-15T09:13:49Z</time>
   </trkpt>
   <trkpt lat="46.1757200" lon="6.7040420">
    <ele>1042.9</ele>
    <time>2024-12-15T09:13:50Z</time>
   </trkpt>
   <trkpt lat="46.1757120" lon="6.7040420">
    <ele>1042.9</ele>
    <time>2024-12-15T09:13:51Z</time>
   </trkpt>
   <trkpt lat="46.1757090" lon="6.7040400">
    <ele>1042.9</ele>
    <time>2024-12-15T09:13:52Z</time>
   </trkpt>
   <trkpt lat="46.1756980" lon="6.7040450">
    <ele>1043.6</ele>
    <time>2024-12-15T09:13:53Z</time>
   </trkpt>
   <trkpt lat="46.1756900" lon="6.7040390">
    <ele>1043.6</ele>
    <time>2024-12-15T09:13:54Z</time>
   </trkpt>
   <trkpt lat="46.1756890" lon="6.7040390">
    <ele>1043.6</ele>
    <time>2024-12-15T09:13:55Z</time>
   </trkpt>
   <trkpt lat="46.1756870" lon="6.7040360">
    <ele>1043.6</ele>
    <time>2024-12-15T09:13:56Z</time>
   </trkpt>
   <trkpt lat="46.1756820" lon="6.7040290">
    <ele>1043.6</ele>
    <time>2024-12-15T09:13:57Z</time>
   </trkpt>
   <trkpt lat="46.1756720" lon="6.7040260">
    <ele>1043.5</ele>
    <time>2024-12-15T09:13:58Z</time>
   </trkpt>
   <trkpt lat="46.1756680" lon="6.7040170">
    <ele>1045.3</ele>
    <time>2024-12-15T09:13:59Z</time>
   </trkpt>
   <trkpt lat="46.1756660" lon="6.7040200">
    <ele>1045.3</ele>
    <time>2024-12-15T09:14:00Z</time>
   </trkpt>
   <trkpt lat="46.1756630" lon="6.7040210">
    <ele>1044.3</ele>
    <time>2024-12-15T09:14:01Z</time>
   </trkpt>
   <trkpt lat="46.1756580" lon="6.7040150">
    <ele>1045.3</ele>
    <time>2024-12-15T09:14:02Z</time>
   </trkpt>
   <trkpt lat="46.1756540" lon="6.7040160">
    <ele>1045.2</ele>
    <time>2024-12-15T09:14:03Z</time>
   </trkpt>
   <trkpt lat="46.1756490" lon="6.7040100">
    <ele>1045.2</ele>
    <time>2024-12-15T09:14:04Z</time>
   </trkpt>
   <trkpt lat="46.1756470" lon="6.7039990">
    <ele>1045.2</ele>
    <time>2024-12-15T09:14:05Z</time>
   </trkpt>
   <trkpt lat="46.1756450" lon="6.7039940">
    <ele>1045.2</ele>
    <time>2024-12-15T09:14:06Z</time>
   </trkpt>
   <trkpt lat="46.1756360" lon="6.7039960">
    <ele>1046.0</ele>
    <time>2024-12-15T09:14:07Z</time>
   </trkpt>
   <trkpt lat="46.1756270" lon="6.7040010">
    <ele>1046.0</ele>
    <time>2024-12-15T09:14:08Z</time>
   </trkpt>
   <trkpt lat="46.1756200" lon="6.7039940">
    <ele>1046.0</ele>
    <time>2024-12-15T09:14:09Z</time>
   </trkpt>
   <trkpt lat="46.1756130" lon="6.7039950">
    <ele>1046.0</ele>
    <time>2024-12-15T09:14:10Z</time>
   </trkpt>
   <trkpt lat="46.1756070" lon="6.7039980">
    <ele>1046.9</ele>
    <time>2024-12-15T09:14:11Z</time>
   </trkpt>
   <trkpt lat="46.1756010" lon="6.7040000">
    <ele>1046.9</ele>
    <time>2024-12-15T09:14:12Z</time>
   </trkpt>
   <trkpt lat="46.1755970" lon="6.7040010">
    <ele>1046.9</ele>
    <time>2024-12-15T09:14:13Z</time>
   </trkpt>
   <trkpt lat="46.1755920" lon="6.7040070">
    <ele>1046.8</ele>
    <time>2024-12-15T09:14:14Z</time>
   </trkpt>
   <trkpt lat="46.1755850" lon="6.7040140">
    <ele>1046.8</ele>
    <time>2024-12-15T09:14:15Z</time>
   </trkpt>
   <trkpt lat="46.1755790" lon="6.7040140">
    <ele>1047.9</ele>
    <time>2024-12-15T09:14:16Z</time>
   </trkpt>
   <trkpt lat="46.1755740" lon="6.7040160">
    <ele>1047.9</ele>
    <time>2024-12-15T09:14:17Z</time>
   </trkpt>
   <trkpt lat="46.1755710" lon="6.7040150">
    <ele>1047.8</ele>
    <time>2024-12-15T09:14:18Z</time>
   </trkpt>
   <trkpt lat="46.1755650" lon="6.7040110">
    <ele>1047.8</ele>
    <time>2024-12-15T09:14:19Z</time>
   </trkpt>
   <trkpt lat="46.1755610" lon="6.7040020">
    <ele>1047.8</ele>
    <time>2024-12-15T09:14:20Z</time>
   </trkpt>
   <trkpt lat="46.1755520" lon="6.7040010">
    <ele>1047.8</ele>
    <time>2024-12-15T09:14:21Z</time>
   </trkpt>
   <trkpt lat="46.1755440" lon="6.7039960">
    <ele>1048.9</ele>
    <time>2024-12-15T09:14:22Z</time>
   </trkpt>
   <trkpt lat="46.1755410" lon="6.7039910">
    <ele>1048.9</ele>
    <time>2024-12-15T09:14:23Z</time>
   </trkpt>
   <trkpt lat="46.1755380" lon="6.7040000">
    <ele>1048.9</ele>
    <time>2024-12-15T09:14:24Z</time>
   </trkpt>
   <trkpt lat="46.1755340" lon="6.7039880">
    <ele>1048.8</ele>
    <time>2024-12-15T09:14:25Z</time>
   </trkpt>
   <trkpt lat="46.1754990" lon="6.7039820">
    <ele>1049.9</ele>
    <time>2024-12-15T09:14:50Z</time>
   </trkpt>
   <trkpt lat="46.1754930" lon="6.7039980">
    <ele>1049.9</ele>
    <time>2024-12-15T09:14:51Z</time>
   </trkpt>
   <trkpt lat="46.1754960" lon="6.7040160">
    <ele>1049.9</ele>
    <time>2024-12-15T09:14:52Z</time>
   </trkpt>
   <trkpt lat="46.1754930" lon="6.7040070">
    <ele>1049.9</ele>
    <time>2024-12-15T09:14:53Z</time>
   </trkpt>
   <trkpt lat="46.1754880" lon="6.7040050">
    <ele>1050.9</ele>
    <time>2024-12-15T09:14:54Z</time>
   </trkpt>
   <trkpt lat="46.1751990" lon="6.7037780">
    <ele>1066.7</ele>
    <time>2024-12-15T09:15:38Z</time>
   </trkpt>
   <trkpt lat="46.1751830" lon="6.7037890">
    <ele>1066.9</ele>
    <time>2024-12-15T09:15:39Z</time>
   </trkpt>
   <trkpt lat="46.1751660" lon="6.7038000">
    <ele>1067.1</ele>
    <time>2024-12-15T09:15:40Z</time>
   </trkpt>
   <trkpt lat="46.1751380" lon="6.7038140">
    <ele>1067.4</ele>
    <time>2024-12-15T09:15:41Z</time>
   </trkpt>
   <trkpt lat="46.1751160" lon="6.7038410">
    <ele>1067.7</ele>
    <time>2024-12-15T09:15:42Z</time>
   </trkpt>
   <trkpt lat="46.1750960" lon="6.7038770">
    <ele>1068.0</ele>
    <time>2024-12-15T09:15:43Z</time>
   </trkpt>
   <trkpt lat="46.1750900" lon="6.7038890">
    <ele>1068.1</ele>
    <time>2024-12-15T09:15:44Z</time>
   </trkpt>
   <trkpt lat="46.1750660" lon="6.7039150">
    <ele>1068.4</ele>
    <time>2024-12-15T09:15:45Z</time>
   </trkpt>
   <trkpt lat="46.1750570" lon="6.7039220">
    <ele>1068.5</ele>
    <time>2024-12-15T09:15:46Z</time>
   </trkpt>
   <trkpt lat="46.1750390" lon="6.7039290">
    <ele>1068.7</ele>
    <time>2024-12-15T09:15:47Z</time>
   </trkpt>
   <trkpt lat="46.1750260" lon="6.7039460">
    <ele>1068.9</ele>
    <time>2024-12-15T09:15:48Z</time>
   </trkpt>
   <trkpt lat="46.1750030" lon="6.7039850">
    <ele>1069.2</ele>
    <time>2024-12-15T09:15:49Z</time>
   </trkpt>
   <trkpt lat="46.1749960" lon="6.7039950">
    <ele>1069.3</ele>
    <time>2024-12-15T09:15:50Z</time>
   </trkpt>
   <trkpt lat="46.1749830" lon="6.7040110">
    <ele>1069.5</ele>
    <time>2024-12-15T09:15:51Z</time>
   </trkpt>
   <trkpt lat="46.1749680" lon="6.7040240">
    <ele>1069.6</ele>
    <time>2024-12-15T09:15:52Z</time>
   </trkpt>
   <trkpt lat="46.1749470" lon="6.7040510">
    <ele>1069.9</ele>
    <time>2024-12-15T09:15:53Z</time>
   </trkpt>
   <trkpt lat="46.1749390" lon="6.7040590">
    <ele>1070.0</ele>
    <time>2024-12-15T09:15:54Z</time>
   </trkpt>
   <trkpt lat="46.1749170" lon="6.7040870">
    <ele>1070.3</ele>
    <time>2024-12-15T09:15:55Z</time>
   </trkpt>
   <trkpt lat="46.1749100" lon="6.7040980">
    <ele>1070.4</ele>
    <time>2024-12-15T09:15:56Z</time>
   </trkpt>
   <trkpt lat="46.1748960" lon="6.7041090">
    <ele>1070.6</ele>
    <time>2024-12-15T09:15:57Z</time>
   </trkpt>
   <trkpt lat="46.1748840" lon="6.7041220">
    <ele>1070.7</ele>
    <time>2024-12-15T09:15:58Z</time>
   </trkpt>
   <trkpt lat="46.1748640" lon="6.7041530">
    <ele>1071.0</ele>
    <time>2024-12-15T09:15:59Z</time>
   </trkpt>
   <trkpt lat="46.1748580" lon="6.7041630">
    <ele>1071.1</ele>
    <time>2024-12-15T09:16:00Z</time>
   </trkpt>
   <trkpt lat="46.1748440" lon="6.7041820">
    <ele>1071.3</ele>
    <time>2024-12-15T09:16:01Z</time>
   </trkpt>
   <trkpt lat="46.1748320" lon="6.7041910">
    <ele>1071.4</ele>
    <time>2024-12-15T09:16:02Z</time>
   </trkpt>
   <trkpt lat="46.1748220" lon="6.7041970">
    <ele>1071.5</ele>
    <time>2024-12-15T09:16:03Z</time>
   </trkpt>
   <trkpt lat="46.1748090" lon="6.7042190">
    <ele>1071.8</ele>
    <time>2024-12-15T09:16:04Z</time>
   </trkpt>
   <trkpt lat="46.1747950" lon="6.7042320">
    <ele>1071.9</ele>
    <time>2024-12-15T09:16:05Z</time>
   </trkpt>
   <trkpt lat="46.1747800" lon="6.7042390">
    <ele>1072.1</ele>
    <time>2024-12-15T09:16:06Z</time>
   </trkpt>
   <trkpt lat="46.1747680" lon="6.7042540">
    <ele>1072.3</ele>
    <time>2024-12-15T09:16:07Z</time>
   </trkpt>
   <trkpt lat="46.1747560" lon="6.7042630">
    <ele>1072.4</ele>
    <time>2024-12-15T09:16:08Z</time>
   </trkpt>
   <trkpt lat="46.1747440" lon="6.7042720">
    <ele>1072.6</ele>
    <time>2024-12-15T09:16:09Z</time>
   </trkpt>
   <trkpt lat="46.1747370" lon="6.7042780">
    <ele>1072.6</ele>
    <time>2024-12-15T09:16:10Z</time>
   </trkpt>
   <trkpt lat="46.1747270" lon="6.7042810">
    <ele>1072.7</ele>
    <time>2024-12-15T09:16:11Z</time>
   </trkpt>
   <trkpt lat="46.1747200" lon="6.7042890">
    <ele>1072.8</ele>
    <time>2024-12-15T09:16:12Z</time>
   </trkpt>
   <trkpt lat="46.1746990" lon="6.7043070">
    <ele>1073.1</ele>
    <time>2024-12-15T09:16:13Z</time>
   </trkpt>
   <trkpt lat="46.1746850" lon="6.7043140">
    <ele>1073.3</ele>
    <time>2024-12-15T09:16:14Z</time>
   </trkpt>
   <trkpt lat="46.1746730" lon="6.7043250">
    <ele>1073.4</ele>
    <time>2024-12-15T09:16:15Z</time>
   </trkpt>
   <trkpt lat="46.1746530" lon="6.7043350">
    <ele>1073.6</ele>
    <time>2024-12-15T09:16:16Z</time>
   </trkpt>
   <trkpt lat="46.1746430" lon="6.7043400">
    <ele>1073.7</ele>
    <time>2024-12-15T09:16:17Z</time>
   </trkpt>
   <trkpt lat="46.1746340" lon="6.7043460">
    <ele>1073.8</ele>
    <time>2024-12-15T09:16:18Z</time>
   </trkpt>
   <trkpt lat="46.1746230" lon="6.7043610">
    <ele>1074.0</ele>
    <time>2024-12-15T09:16:19Z</time>
   </trkpt>
   <trkpt lat="46.1746150" lon="6.7043610">
    <ele>1074.1</ele>
    <time>2024-12-15T09:16:20Z</time>
   </trkpt>
   <trkpt lat="46.1746050" lon="6.7043660">
    <ele>1074.2</ele>
    <time>2024-12-15T09:16:21Z</time>
   </trkpt>
   <trkpt lat="46.1745860" lon="6.7043790">
    <ele>1074.4</ele>
    <time>2024-12-15T09:16:22Z</time>
   </trkpt>
   <trkpt lat="46.1745780" lon="6.7043850">
    <ele>1074.5</ele>
    <time>2024-12-15T09:16:23Z</time>
   </trkpt>
   <trkpt lat="46.1745700" lon="6.7043910">
    <ele>1074.6</ele>
    <time>2024-12-15T09:16:24Z</time>
   </trkpt>
   <trkpt lat="46.1745610" lon="6.7043990">
    <ele>1074.7</ele>
    <time>2024-12-15T09:16:25Z</time>
   </trkpt>
   <trkpt lat="46.1745480" lon="6.7044020">
    <ele>1074.9</ele>
    <time>2024-12-15T09:16:26Z</time>
   </trkpt>
   <trkpt lat="46.1745390" lon="6.7044060">
    <ele>1075.0</ele>
    <time>2024-12-15T09:16:28Z</time>
   </trkpt>
   <trkpt lat="46.1745300" lon="6.7044060">
    <ele>1075.1</ele>
    <time>2024-12-15T09:16:29Z</time>
   </trkpt>
   <trkpt lat="46.1745210" lon="6.7044130">
    <ele>1075.2</ele>
    <time>2024-12-15T09:16:30Z</time>
   </trkpt>
   <trkpt lat="46.1745120" lon="6.7044220">
    <ele>1075.3</ele>
    <time>2024-12-15T09:16:31Z</time>
   </trkpt>
   <trkpt lat="46.1744880" lon="6.7044330">
    <ele>1075.5</ele>
    <time>2024-12-15T09:16:32Z</time>
   </trkpt>
   <trkpt lat="46.1744820" lon="6.7044380">
    <ele>1075.6</ele>
    <time>2024-12-15T09:16:34Z</time>
   </trkpt>
   <trkpt lat="46.1744730" lon="6.7044470">
    <ele>1075.7</ele>
    <time>2024-12-15T09:16:35Z</time>
   </trkpt>
   <trkpt lat="46.1744660" lon="6.7044370">
    <ele>1075.8</ele>
    <time>2024-12-15T09:16:36Z</time>
   </trkpt>
   <trkpt lat="46.1744570" lon="6.7044370">
    <ele>1075.9</ele>
    <time>2024-12-15T09:16:37Z</time>
   </trkpt>
   <trkpt lat="46.1744510" lon="6.7044430">
    <ele>1076.0</ele>
    <time>2024-12-15T09:16:38Z</time>
   </trkpt>
   <trkpt lat="46.1744320" lon="6.7044530">
    <ele>1076.1</ele>
    <time>2024-12-15T09:16:39Z</time>
   </trkpt>
   <trkpt lat="46.1744250" lon="6.7044600">
    <ele>1076.2</ele>
    <time>2024-12-15T09:16:40Z</time>
   </trkpt>
   <trkpt lat="46.1744070" lon="6.7044760">
    <ele>1076.4</ele>
    <time>2024-12-15T09:16:41Z</time>
   </trkpt>
   <trkpt lat="46.1743990" lon="6.7044790">
    <ele>1076.5</ele>
    <time>2024-12-15T09:16:42Z</time>
   </trkpt>
   <trkpt lat="46.1743920" lon="6.7044830">
    <ele>1076.5</ele>
    <time>2024-12-15T09:16:43Z</time>
   </trkpt>
   <trkpt lat="46.1743820" lon="6.7044900">
    <ele>1076.6</ele>
    <time>2024-12-15T09:16:44Z</time>
   </trkpt>
   <trkpt lat="46.1743690" lon="6.7045050">
    <ele>1076.8</ele>
    <time>2024-12-15T09:16:45Z</time>
   </trkpt>
   <trkpt lat="46.1743570" lon="6.7045110">
    <ele>1076.9</ele>
    <time>2024-12-15T09:16:46Z</time>
   </trkpt>
   <trkpt lat="46.1743420" lon="6.7045170">
    <ele>1077.0</ele>
    <time>2024-12-15T09:16:47Z</time>
   </trkpt>
   <trkpt lat="46.1743210" lon="6.7045300">
    <ele>1077.2</ele>
    <time>2024-12-15T09:16:48Z</time>
   </trkpt>
   <trkpt lat="46.1743110" lon="6.7045370">
    <ele>1077.3</ele>
    <time>2024-12-15T09:16:49Z</time>
   </trkpt>
   <trkpt lat="46.1743010" lon="6.7045430">
    <ele>1077.3</ele>
    <time>2024-12-15T09:16:50Z</time>
   </trkpt>
   <trkpt lat="46.1742840" lon="6.7045510">
    <ele>1077.5</ele>
    <time>2024-12-15T09:16:51Z</time>
   </trkpt>
   <trkpt lat="46.1742750" lon="6.7045580">
    <ele>1077.5</ele>
    <time>2024-12-15T09:16:52Z</time>
   </trkpt>
   <trkpt lat="46.1742660" lon="6.7045640">
    <ele>1077.6</ele>
    <time>2024-12-15T09:16:53Z</time>
   </trkpt>
   <trkpt lat="46.1742510" lon="6.7045720">
    <ele>1077.7</ele>
    <time>2024-12-15T09:16:54Z</time>
   </trkpt>
   <trkpt lat="46.1742380" lon="6.7045890">
    <ele>1077.8</ele>
    <time>2024-12-15T09:16:55Z</time>
   </trkpt>
   <trkpt lat="46.1742260" lon="6.7045980">
    <ele>1077.8</ele>
    <time>2024-12-15T09:16:56Z</time>
   </trkpt>
   <trkpt lat="46.1742100" lon="6.7046100">
    <ele>1077.9</ele>
    <time>2024-12-15T09:16:57Z</time>
   </trkpt>
   <trkpt lat="46.1741840" lon="6.7046320">
    <ele>1078.1</ele>
    <time>2024-12-15T09:16:58Z</time>
   </trkpt>
   <trkpt lat="46.1741760" lon="6.7046370">
    <ele>1078.1</ele>
    <time>2024-12-15T09:16:59Z</time>
   </trkpt>
   <trkpt lat="46.1741600" lon="6.7046420">
    <ele>1078.2</ele>
    <time>2024-12-15T09:17:00Z</time>
   </trkpt>
   <trkpt lat="46.1741450" lon="6.7046580">
    <ele>1078.3</ele>
    <time>2024-12-15T09:17:01Z</time>
   </trkpt>
   <trkpt lat="46.1741220" lon="6.7046770">
    <ele>1078.4</ele>
    <time>2024-12-15T09:17:02Z</time>
   </trkpt>
   <trkpt lat="46.1741130" lon="6.7046840">
    <ele>1078.4</ele>
    <time>2024-12-15T09:17:03Z</time>
   </trkpt>
   <trkpt lat="46.1741110" lon="6.7046970">
    <ele>1078.4</ele>
    <time>2024-12-15T09:17:04Z</time>
   </trkpt>
   <trkpt lat="46.1741020" lon="6.7047080">
    <ele>1078.5</ele>
    <time>2024-12-15T09:17:05Z</time>
   </trkpt>
   <trkpt lat="46.1740840" lon="6.7047090">
    <ele>1078.6</ele>
    <time>2024-12-15T09:17:06Z</time>
   </trkpt>
   <trkpt lat="46.1740690" lon="6.7047220">
    <ele>1078.6</ele>
    <time>2024-12-15T09:17:07Z</time>
   </trkpt>
   <trkpt lat="46.1740600" lon="6.7047390">
    <ele>1078.7</ele>
    <time>2024-12-15T09:17:08Z</time>
   </trkpt>
   <trkpt lat="46.1740440" lon="6.7047450">
    <ele>1078.7</ele>
    <time>2024-12-15T09:17:09Z</time>
   </trkpt>
   <trkpt lat="46.1740260" lon="6.7047530">
    <ele>1078.8</ele>
    <time>2024-12-15T09:17:10Z</time>
   </trkpt>
   <trkpt lat="46.1740140" lon="6.7047630">
    <ele>1078.9</ele>
    <time>2024-12-15T09:17:11Z</time>
   </trkpt>
   <trkpt lat="46.1739980" lon="6.7047720">
    <ele>1078.9</ele>
    <time>2024-12-15T09:17:12Z</time>
   </trkpt>
   <trkpt lat="46.1739770" lon="6.7047800">
    <ele>1079.0</ele>
    <time>2024-12-15T09:17:13Z</time>
   </trkpt>
   <trkpt lat="46.1739690" lon="6.7047880">
    <ele>1079.0</ele>
    <time>2024-12-15T09:17:14Z</time>
   </trkpt>
   <trkpt lat="46.1739500" lon="6.7048020">
    <ele>1079.1</ele>
    <time>2024-12-15T09:17:15Z</time>
   </trkpt>
   <trkpt lat="46.1739360" lon="6.7047980">
    <ele>1079.2</ele>
    <time>2024-12-15T09:17:16Z</time>
   </trkpt>
   <trkpt lat="46.1739150" lon="6.7048140">
    <ele>1079.2</ele>
    <time>2024-12-15T09:17:17Z</time>
   </trkpt>
   <trkpt lat="46.1739060" lon="6.7048180">
    <ele>1079.3</ele>
    <time>2024-12-15T09:17:18Z</time>
   </trkpt>
   <trkpt lat="46.1738970" lon="6.7048210">
    <ele>1079.3</ele>
    <time>2024-12-15T09:17:19Z</time>
   </trkpt>
   <trkpt lat="46.1738770" lon="6.7048340">
    <ele>1079.4</ele>
    <time>2024-12-15T09:17:20Z</time>
   </trkpt>
   <trkpt lat="46.1738670" lon="6.7048400">
    <ele>1079.4</ele>
    <time>2024-12-15T09:17:21Z</time>
   </trkpt>
   <trkpt lat="46.1738580" lon="6.7048450">
    <ele>1079.4</ele>
    <time>2024-12-15T09:17:22Z</time>
   </trkpt>
   <trkpt lat="46.1738410" lon="6.7048540">
    <ele>1079.5</ele>
    <time>2024-12-15T09:17:23Z</time>
   </trkpt>
   <trkpt lat="46.1738270" lon="6.7048640">
    <ele>1079.5</ele>
    <time>2024-12-15T09:17:24Z</time>
   </trkpt>
   <trkpt lat="46.1738140" lon="6.7048750">
    <ele>1079.6</ele>
    <time>2024-12-15T09:17:25Z</time>
   </trkpt>
   <trkpt lat="46.1738000" lon="6.7048740">
    <ele>1079.6</ele>
    <time>2024-12-15T09:17:26Z</time>
   </trkpt>
   <trkpt lat="46.1737690" lon="6.7048860">
    <ele>1079.7</ele>
    <time>2024-12-15T09:17:27Z</time>
   </trkpt>
   <trkpt lat="46.1737550" lon="6.7048930">
    <ele>1079.7</ele>
    <time>2024-12-15T09:17:28Z</time>
   </trkpt>
   <trkpt lat="46.1737290" lon="6.7049120">
    <ele>1079.8</ele>
    <time>2024-12-15T09:17:29Z</time>
   </trkpt>
   <trkpt lat="46.1737180" lon="6.7049130">
    <ele>1079.9</ele>
    <time>2024-12-15T09:17:30Z</time>
   </trkpt>
   <trkpt lat="46.1736960" lon="6.7049460">
    <ele>1079.9</ele>
    <time>2024-12-15T09:17:31Z</time>
   </trkpt>
   <trkpt lat="46.1736910" lon="6.7049570">
    <ele>1080.0</ele>
    <time>2024-12-15T09:17:32Z</time>
   </trkpt>
   <trkpt lat="46.1736630" lon="6.7049870">
    <ele>1080.1</ele>
    <time>2024-12-15T09:17:33Z</time>
   </trkpt>
   <trkpt lat="46.1736540" lon="6.7049940">
    <ele>1080.1</ele>
    <time>2024-12-15T09:17:34Z</time>
   </trkpt>
   <trkpt lat="46.1736430" lon="6.7049990">
    <ele>1080.1</ele>
    <time>2024-12-15T09:17:35Z</time>
   </trkpt>
   <trkpt lat="46.1736250" lon="6.7050170">
    <ele>1080.2</ele>
    <time>2024-12-15T09:17:36Z</time>
   </trkpt>
   <trkpt lat="46.1735950" lon="6.7050450">
    <ele>1080.3</ele>
    <time>2024-12-15T09:17:37Z</time>
   </trkpt>
   <trkpt lat="46.1735860" lon="6.7050520">
    <ele>1080.3</ele>
    <time>2024-12-15T09:17:38Z</time>
   </trkpt>
   <trkpt lat="46.1735580" lon="6.7050820">
    <ele>1080.4</ele>
    <time>2024-12-15T09:17:39Z</time>
   </trkpt>
   <trkpt lat="46.1735470" lon="6.7050930">
    <ele>1080.4</ele>
    <time>2024-12-15T09:17:40Z</time>
   </trkpt>
   <trkpt lat="46.1735180" lon="6.7051220">
    <ele>1080.6</ele>
    <time>2024-12-15T09:17:41Z</time>
   </trkpt>
   <trkpt lat="46.1735090" lon="6.7051290">
    <ele>1080.6</ele>
    <time>2024-12-15T09:17:42Z</time>
   </trkpt>
   <trkpt lat="46.1734810" lon="6.7051530">
    <ele>1080.7</ele>
    <time>2024-12-15T09:17:43Z</time>
   </trkpt>
   <trkpt lat="46.1734700" lon="6.7051600">
    <ele>1080.7</ele>
    <time>2024-12-15T09:17:44Z</time>
   </trkpt>
   <trkpt lat="46.1734410" lon="6.7051820">
    <ele>1080.8</ele>
    <time>2024-12-15T09:17:45Z</time>
   </trkpt>
   <trkpt lat="46.1734320" lon="6.7051880">
    <ele>1080.8</ele>
    <time>2024-12-15T09:17:46Z</time>
   </trkpt>
   <trkpt lat="46.1734040" lon="6.7052060">
    <ele>1080.9</ele>
    <time>2024-12-15T09:17:47Z</time>
   </trkpt>
   <trkpt lat="46.1733940" lon="6.7052130">
    <ele>1081.0</ele>
    <time>2024-12-15T09:17:48Z</time>
   </trkpt>
   <trkpt lat="46.1733650" lon="6.7052400">
    <ele>1081.1</ele>
    <time>2024-12-15T09:17:49Z</time>
   </trkpt>
   <trkpt lat="46.1733550" lon="6.7052470">
    <ele>1081.1</ele>
    <time>2024-12-15T09:17:50Z</time>
   </trkpt>
   <trkpt lat="46.1733260" lon="6.7052600">
    <ele>1081.2</ele>
    <time>2024-12-15T09:17:51Z</time>
   </trkpt>
   <trkpt lat="46.1733150" lon="6.7052610">
    <ele>1081.2</ele>
    <time>2024-12-15T09:17:52Z</time>
   </trkpt>
   <trkpt lat="46.1732820" lon="6.7052860">
    <ele>1081.3</ele>
    <time>2024-12-15T09:17:53Z</time>
   </trkpt>
   <trkpt lat="46.1732720" lon="6.7052960">
    <ele>1081.4</ele>
    <time>2024-12-15T09:17:54Z</time>
   </trkpt>
   <trkpt lat="46.1732460" lon="6.7053240">
    <ele>1081.5</ele>
    <time>2024-12-15T09:17:55Z</time>
   </trkpt>
   <trkpt lat="46.1732380" lon="6.7053330">
    <ele>1081.5</ele>
    <time>2024-12-15T09:17:56Z</time>
   </trkpt>
   <trkpt lat="46.1732110" lon="6.7053510">
    <ele>1081.6</ele>
    <time>2024-12-15T09:17:57Z</time>
   </trkpt>
   <trkpt lat="46.1732040" lon="6.7053560">
    <ele>1081.6</ele>
    <time>2024-12-15T09:17:58Z</time>
   </trkpt>
   <trkpt lat="46.1731820" lon="6.7053860">
    <ele>1081.7</ele>
    <time>2024-12-15T09:17:59Z</time>
   </trkpt>
   <trkpt lat="46.1731740" lon="6.7053970">
    <ele>1081.7</ele>
    <time>2024-12-15T09:18:00Z</time>
   </trkpt>
   <trkpt lat="46.1731460" lon="6.7054150">
    <ele>1081.8</ele>
    <time>2024-12-15T09:18:01Z</time>
   </trkpt>
   <trkpt lat="46.1731370" lon="6.7054170">
    <ele>1081.8</ele>
    <time>2024-12-15T09:18:02Z</time>
   </trkpt>
   <trkpt lat="46.1731110" lon="6.7054330">
    <ele>1081.9</ele>
    <time>2024-12-15T09:18:03Z</time>
   </trkpt>
   <trkpt lat="46.1731020" lon="6.7054400">
    <ele>1081.9</ele>
    <time>2024-12-15T09:18:04Z</time>
   </trkpt>
   <trkpt lat="46.1730850" lon="6.7054500">
    <ele>1082.0</ele>
    <time>2024-12-15T09:18:05Z</time>
   </trkpt>
   <trkpt lat="46.1730700" lon="6.7054560">
    <ele>1082.0</ele>
    <time>2024-12-15T09:18:06Z</time>
   </trkpt>
   <trkpt lat="46.1730540" lon="6.7054520">
    <ele>1082.0</ele>
    <time>2024-12-15T09:18:07Z</time>
   </trkpt>
   <trkpt lat="46.1730380" lon="6.7054560">
    <ele>1082.1</ele>
    <time>2024-12-15T09:18:08Z</time>
   </trkpt>
   <trkpt lat="46.1730100" lon="6.7054650">
    <ele>1082.2</ele>
    <time>2024-12-15T09:18:09Z</time>
   </trkpt>
   <trkpt lat="46.1729990" lon="6.7054680">
    <ele>1082.2</ele>
    <time>2024-12-15T09:18:10Z</time>
   </trkpt>
   <trkpt lat="46.1729660" lon="6.7054750">
    <ele>1082.3</ele>
    <time>2024-12-15T09:18:11Z</time>
   </trkpt>
   <trkpt lat="46.1729540" lon="6.7054780">
    <ele>1082.3</ele>
    <time>2024-12-15T09:18:12Z</time>
   </trkpt>
   <trkpt lat="46.1729370" lon="6.7054780">
    <ele>1082.3</ele>
    <time>2024-12-15T09:18:13Z</time>
   </trkpt>
   <trkpt lat="46.1729210" lon="6.7054830">
    <ele>1082.3</ele>
    <time>2024-12-15T09:18:14Z</time>
   </trkpt>
   <trkpt lat="46.1729060" lon="6.7054890">
    <ele>1082.4</ele>
    <time>2024-12-15T09:18:15Z</time>
   </trkpt>
   <trkpt lat="46.1728960" lon="6.7055000">
    <ele>1082.4</ele>
    <time>2024-12-15T09:18:16Z</time>
   </trkpt>
   <trkpt lat="46.1728640" lon="6.7055220">
    <ele>1082.5</ele>
    <time>2024-12-15T09:18:17Z</time>
   </trkpt>
   <trkpt lat="46.1728530" lon="6.7055240">
    <ele>1082.5</ele>
    <time>2024-12-15T09:18:18Z</time>
   </trkpt>
   <trkpt lat="46.1728090" lon="6.7055380">
    <ele>1082.6</ele>
    <time>2024-12-15T09:18:19Z</time>
   </trkpt>
   <trkpt lat="46.1727770" lon="6.7055520">
    <ele>1082.7</ele>
    <time>2024-12-15T09:18:20Z</time>
   </trkpt>
   <trkpt lat="46.1727660" lon="6.7055570">
    <ele>1082.7</ele>
    <time>2024-12-15T09:18:21Z</time>
   </trkpt>
   <trkpt lat="46.1727390" lon="6.7055660">
    <ele>1082.7</ele>
    <time>2024-12-15T09:18:22Z</time>
   </trkpt>
   <trkpt lat="46.1727200" lon="6.7055700">
    <ele>1082.8</ele>
    <time>2024-12-15T09:18:23Z</time>
   </trkpt>
   <trkpt lat="46.1727050" lon="6.7055740">
    <ele>1082.8</ele>
    <time>2024-12-15T09:18:24Z</time>
   </trkpt>
   <trkpt lat="46.1726770" lon="6.7055900">
    <ele>1082.9</ele>
    <time>2024-12-15T09:18:25Z</time>
   </trkpt>
   <trkpt lat="46.1726700" lon="6.7055950">
    <ele>1082.9</ele>
    <time>2024-12-15T09:18:26Z</time>
   </trkpt>
   <trkpt lat="46.1726420" lon="6.7056070">
    <ele>1083.0</ele>
    <time>2024-12-15T09:18:27Z</time>
   </trkpt>
   <trkpt lat="46.1726320" lon="6.7056100">
    <ele>1083.0</ele>
    <time>2024-12-15T09:18:28Z</time>
   </trkpt>
   <trkpt lat="46.1726050" lon="6.7056250">
    <ele>1083.1</ele>
    <time>2024-12-15T09:18:29Z</time>
   </trkpt>
   <trkpt lat="46.1725950" lon="6.7056280">
    <ele>1083.2</ele>
    <time>2024-12-15T09:18:30Z</time>
   </trkpt>
   <trkpt lat="46.1725670" lon="6.7056410">
    <ele>1083.3</ele>
    <time>2024-12-15T09:18:31Z</time>
   </trkpt>
   <trkpt lat="46.1725580" lon="6.7056450">
    <ele>1083.3</ele>
    <time>2024-12-15T09:18:32Z</time>
   </trkpt>
   <trkpt lat="46.1725320" lon="6.7056650">
    <ele>1083.4</ele>
    <time>2024-12-15T09:18:33Z</time>
   </trkpt>
   <trkpt lat="46.1725240" lon="6.7056690">
    <ele>1083.5</ele>
    <time>2024-12-15T09:18:34Z</time>
   </trkpt>
   <trkpt lat="46.1725040" lon="6.7056730">
    <ele>1083.6</ele>
    <time>2024-12-15T09:18:35Z</time>
   </trkpt>
   <trkpt lat="46.1724900" lon="6.7056850">
    <ele>1083.7</ele>
    <time>2024-12-15T09:18:36Z</time>
   </trkpt>
   <trkpt lat="46.1724710" lon="6.7056950">
    <ele>1083.8</ele>
    <time>2024-12-15T09:18:37Z</time>
   </trkpt>
   <trkpt lat="46.1724520" lon="6.7057040">
    <ele>1083.9</ele>
    <time>2024-12-15T09:18:39Z</time>
   </trkpt>
   <trkpt lat="46.1724350" lon="6.7057150">
    <ele>1084.0</ele>
    <time>2024-12-15T09:18:40Z</time>
   </trkpt>
   <trkpt lat="46.1724180" lon="6.7057240">
    <ele>1084.2</ele>
    <time>2024-12-15T09:18:41Z</time>
   </trkpt>
   <trkpt lat="46.1724030" lon="6.7057390">
    <ele>1084.3</ele>
    <time>2024-12-15T09:18:42Z</time>
   </trkpt>
   <trkpt lat="46.1723880" lon="6.7057460">
    <ele>1084.4</ele>
    <time>2024-12-15T09:18:43Z</time>
   </trkpt>
   <trkpt lat="46.1723690" lon="6.7057540">
    <ele>1084.6</ele>
    <time>2024-12-15T09:18:44Z</time>
   </trkpt>
   <trkpt lat="46.1723590" lon="6.7057730">
    <ele>1084.7</ele>
    <time>2024-12-15T09:18:45Z</time>
   </trkpt>
   <trkpt lat="46.1723370" lon="6.7057830">
    <ele>1085.0</ele>
    <time>2024-12-15T09:18:46Z</time>
   </trkpt>
   <trkpt lat="46.1723260" lon="6.7057910">
    <ele>1085.1</ele>
    <time>2024-12-15T09:18:47Z</time>
   </trkpt>
   <trkpt lat="46.1723120" lon="6.7058030">
    <ele>1085.2</ele>
    <time>2024-12-15T09:18:48Z</time>
   </trkpt>
   <trkpt lat="46.1722930" lon="6.7058110">
    <ele>1085.4</ele>
    <time>2024-12-15T09:18:49Z</time>
   </trkpt>
   <trkpt lat="46.1722750" lon="6.7058210">
    <ele>1085.6</ele>
    <time>2024-12-15T09:18:50Z</time>
   </trkpt>
   <trkpt lat="46.1722610" lon="6.7058300">
    <ele>1085.8</ele>
    <time>2024-12-15T09:18:51Z</time>
   </trkpt>
   <trkpt lat="46.1722480" lon="6.7058370">
    <ele>1085.9</ele>
    <time>2024-12-15T09:18:52Z</time>
   </trkpt>
   <trkpt lat="46.1722290" lon="6.7058470">
    <ele>1086.2</ele>
    <time>2024-12-15T09:18:53Z</time>
   </trkpt>
   <trkpt lat="46.1722030" lon="6.7058620">
    <ele>1086.5</ele>
    <time>2024-12-15T09:18:54Z</time>
   </trkpt>
   <trkpt lat="46.1721950" lon="6.7058690">
    <ele>1086.6</ele>
    <time>2024-12-15T09:18:55Z</time>
   </trkpt>
   <trkpt lat="46.1721660" lon="6.7058810">
    <ele>1086.9</ele>
    <time>2024-12-15T09:18:56Z</time>
   </trkpt>
   <trkpt lat="46.1721560" lon="6.7058850">
    <ele>1087.1</ele>
    <time>2024-12-15T09:18:57Z</time>
   </trkpt>
   <trkpt lat="46.1721410" lon="6.7058880">
    <ele>1087.2</ele>
    <time>2024-12-15T09:18:58Z</time>
   </trkpt>
   <trkpt lat="46.1721290" lon="6.7059120">
    <ele>1087.5</ele>
    <time>2024-12-15T09:18:59Z</time>
   </trkpt>
   <trkpt lat="46.1720980" lon="6.7059270">
    <ele>1087.9</ele>
    <time>2024-12-15T09:19:00Z</time>
   </trkpt>
   <trkpt lat="46.1720880" lon="6.7059300">
    <ele>1088.0</ele>
    <time>2024-12-15T09:19:01Z</time>
   </trkpt>
   <trkpt lat="46.1720610" lon="6.7059460">
    <ele>1088.3</ele>
    <time>2024-12-15T09:19:02Z</time>
   </trkpt>
   <trkpt lat="46.1720520" lon="6.7059500">
    <ele>1088.4</ele>
    <time>2024-12-15T09:19:03Z</time>
   </trkpt>
   <trkpt lat="46.1720380" lon="6.7059630">
    <ele>1088.7</ele>
    <time>2024-12-15T09:19:04Z</time>
   </trkpt>
   <trkpt lat="46.1720240" lon="6.7059770">
    <ele>1088.9</ele>
    <time>2024-12-15T09:19:05Z</time>
   </trkpt>
   <trkpt lat="46.1720090" lon="6.7059790">
    <ele>1089.1</ele>
    <time>2024-12-15T09:19:06Z</time>
   </trkpt>
   <trkpt lat="46.1719950" lon="6.7059810">
    <ele>1089.2</ele>
    <time>2024-12-15T09:19:07Z</time>
   </trkpt>
   <trkpt lat="46.1719810" lon="6.7059930">
    <ele>1089.4</ele>
    <time>2024-12-15T09:19:08Z</time>
   </trkpt>
   <trkpt lat="46.1719630" lon="6.7059950">
    <ele>1089.7</ele>
    <time>2024-12-15T09:19:09Z</time>
   </trkpt>
   <trkpt lat="46.1719480" lon="6.7060000">
    <ele>1089.9</ele>
    <time>2024-12-15T09:19:10Z</time>
   </trkpt>
   <trkpt lat="46.1719350" lon="6.7060040">
    <ele>1090.0</ele>
    <time>2024-12-15T09:19:11Z</time>
   </trkpt>
   <trkpt lat="46.1719110" lon="6.7060320">
    <ele>1090.4</ele>
    <time>2024-12-15T09:19:12Z</time>
   </trkpt>
   <trkpt lat="46.1719040" lon="6.7060420">
    <ele>1090.6</ele>
    <time>2024-12-15T09:19:13Z</time>
   </trkpt>
   <trkpt lat="46.1718760" lon="6.7060580">
    <ele>1091.0</ele>
    <time>2024-12-15T09:19:14Z</time>
   </trkpt>
   <trkpt lat="46.1718640" lon="6.7060640">
    <ele>1091.1</ele>
    <time>2024-12-15T09:19:15Z</time>
   </trkpt>
   <trkpt lat="46.1718310" lon="6.7060750">
    <ele>1091.6</ele>
    <time>2024-12-15T09:19:16Z</time>
   </trkpt>
   <trkpt lat="46.1718200" lon="6.7060830">
    <ele>1091.8</ele>
    <time>2024-12-15T09:19:17Z</time>
   </trkpt>
   <trkpt lat="46.1718070" lon="6.7061030">
    <ele>1092.1</ele>
    <time>2024-12-15T09:19:18Z</time>
   </trkpt>
   <trkpt lat="46.1717910" lon="6.7061070">
    <ele>1092.3</ele>
    <time>2024-12-15T09:19:19Z</time>
   </trkpt>
   <trkpt lat="46.1717620" lon="6.7061120">
    <ele>1092.7</ele>
    <time>2024-12-15T09:19:20Z</time>
   </trkpt>
   <trkpt lat="46.1717540" lon="6.7061150">
    <ele>1092.8</ele>
    <time>2024-12-15T09:19:21Z</time>
   </trkpt>
   <trkpt lat="46.1717290" lon="6.7061480">
    <ele>1093.3</ele>
    <time>2024-12-15T09:19:22Z</time>
   </trkpt>
   <trkpt lat="46.1717190" lon="6.7061610">
    <ele>1093.5</ele>
    <time>2024-12-15T09:19:23Z</time>
   </trkpt>
   <trkpt lat="46.1716910" lon="6.7061790">
    <ele>1093.9</ele>
    <time>2024-12-15T09:19:24Z</time>
   </trkpt>
   <trkpt lat="46.1716820" lon="6.7061860">
    <ele>1094.0</ele>
    <time>2024-12-15T09:19:25Z</time>
   </trkpt>
   <trkpt lat="46.1716670" lon="6.7062080">
    <ele>1094.3</ele>
    <time>2024-12-15T09:19:26Z</time>
   </trkpt>
   <trkpt lat="46.1716530" lon="6.7062170">
    <ele>1094.5</ele>
    <time>2024-12-15T09:19:27Z</time>
   </trkpt>
   <trkpt lat="46.1716230" lon="6.7062310">
    <ele>1094.9</ele>
    <time>2024-12-15T09:19:28Z</time>
   </trkpt>
   <trkpt lat="46.1716120" lon="6.7062360">
    <ele>1095.0</ele>
    <time>2024-12-15T09:19:29Z</time>
   </trkpt>
   <trkpt lat="46.1715890" lon="6.7062280">
    <ele>1095.3</ele>
    <time>2024-12-15T09:19:30Z</time>
   </trkpt>
   <trkpt lat="46.1715780" lon="6.7062390">
    <ele>1095.4</ele>
    <time>2024-12-15T09:19:31Z</time>
   </trkpt>
   <trkpt lat="46.1715600" lon="6.7062440">
    <ele>1095.6</ele>
    <time>2024-12-15T09:19:32Z</time>
   </trkpt>
   <trkpt lat="46.1715460" lon="6.7062590">
    <ele>1095.7</ele>
    <time>2024-12-15T09:19:33Z</time>
   </trkpt>
   <trkpt lat="46.1715170" lon="6.7062750">
    <ele>1096.0</ele>
    <time>2024-12-15T09:19:34Z</time>
   </trkpt>
   <trkpt lat="46.1715070" lon="6.7062770">
    <ele>1096.1</ele>
    <time>2024-12-15T09:19:35Z</time>
   </trkpt>
   <trkpt lat="46.1714770" lon="6.7062910">
    <ele>1096.3</ele>
    <time>2024-12-15T09:19:36Z</time>
   </trkpt>
   <trkpt lat="46.1714670" lon="6.7062910">
    <ele>1096.3</ele>
    <time>2024-12-15T09:19:37Z</time>
   </trkpt>
   <trkpt lat="46.1714390" lon="6.7062990">
    <ele>1096.5</ele>
    <time>2024-12-15T09:19:38Z</time>
   </trkpt>
   <trkpt lat="46.1714310" lon="6.7063050">
    <ele>1096.6</ele>
    <time>2024-12-15T09:19:39Z</time>
   </trkpt>
   <trkpt lat="46.1714020" lon="6.7063240">
    <ele>1096.7</ele>
    <time>2024-12-15T09:19:40Z</time>
   </trkpt>
   <trkpt lat="46.1713920" lon="6.7063270">
    <ele>1096.8</ele>
    <time>2024-12-15T09:19:41Z</time>
   </trkpt>
   <trkpt lat="46.1713630" lon="6.7063370">
    <ele>1096.9</ele>
    <time>2024-12-15T09:19:42Z</time>
   </trkpt>
   <trkpt lat="46.1713540" lon="6.7063390">
    <ele>1097.0</ele>
    <time>2024-12-15T09:19:43Z</time>
   </trkpt>
   <trkpt lat="46.1713290" lon="6.7063620">
    <ele>1097.1</ele>
    <time>2024-12-15T09:19:44Z</time>
   </trkpt>
   <trkpt lat="46.1713190" lon="6.7063710">
    <ele>1097.2</ele>
    <time>2024-12-15T09:19:45Z</time>
   </trkpt>
   <trkpt lat="46.1713030" lon="6.7063820">
    <ele>1097.2</ele>
    <time>2024-12-15T09:19:46Z</time>
   </trkpt>
   <trkpt lat="46.1712870" lon="6.7063830">
    <ele>1097.3</ele>
    <time>2024-12-15T09:19:47Z</time>
   </trkpt>
   <trkpt lat="46.1712570" lon="6.7063970">
    <ele>1097.4</ele>
    <time>2024-12-15T09:19:48Z</time>
   </trkpt>
   <trkpt lat="46.1712460" lon="6.7064000">
    <ele>1097.5</ele>
    <time>2024-12-15T09:19:49Z</time>
   </trkpt>
   <trkpt lat="46.1712300" lon="6.7064010">
    <ele>1097.5</ele>
    <time>2024-12-15T09:19:50Z</time>
   </trkpt>
   <trkpt lat="46.1712170" lon="6.7064030">
    <ele>1097.6</ele>
    <time>2024-12-15T09:19:51Z</time>
   </trkpt>
   <trkpt lat="46.1711900" lon="6.7064130">
    <ele>1097.7</ele>
    <time>2024-12-15T09:19:52Z</time>
   </trkpt>
   <trkpt lat="46.1711810" lon="6.7064190">
    <ele>1097.7</ele>
    <time>2024-12-15T09:19:53Z</time>
   </trkpt>
   <trkpt lat="46.1711490" lon="6.7064260">
    <ele>1097.9</ele>
    <time>2024-12-15T09:19:54Z</time>
   </trkpt>
   <trkpt lat="46.1711390" lon="6.7064250">
    <ele>1097.9</ele>
    <time>2024-12-15T09:19:55Z</time>
   </trkpt>
   <trkpt lat="46.1711100" lon="6.7064410">
    <ele>1098.0</ele>
    <time>2024-12-15T09:19:56Z</time>
   </trkpt>
   <trkpt lat="46.1711030" lon="6.7064480">
    <ele>1098.1</ele>
    <time>2024-12-15T09:19:57Z</time>
   </trkpt>
   <trkpt lat="46.1710860" lon="6.7064510">
    <ele>1098.1</ele>
    <time>2024-12-15T09:19:58Z</time>
   </trkpt>
   <trkpt lat="46.1710700" lon="6.7064520">
    <ele>1098.2</ele>
    <time>2024-12-15T09:19:59Z</time>
   </trkpt>
   <trkpt lat="46.1710430" lon="6.7064630">
    <ele>1098.3</ele>
    <time>2024-12-15T09:20:00Z</time>
   </trkpt>
   <trkpt lat="46.1710320" lon="6.7064640">
    <ele>1098.3</ele>
    <time>2024-12-15T09:20:01Z</time>
   </trkpt>
   <trkpt lat="46.1709960" lon="6.7064710">
    <ele>1098.5</ele>
    <time>2024-12-15T09:20:02Z</time>
   </trkpt>
   <trkpt lat="46.1709830" lon="6.7064690">
    <ele>1098.5</ele>
    <time>2024-12-15T09:20:03Z</time>
   </trkpt>
   <trkpt lat="46.1709500" lon="6.7064720">
    <ele>1098.7</ele>
    <time>2024-12-15T09:20:04Z</time>
   </trkpt>
   <trkpt lat="46.1709390" lon="6.7064750">
    <ele>1098.7</ele>
    <time>2024-12-15T09:20:05Z</time>
   </trkpt>
   <trkpt lat="46.1709120" lon="6.7064800">
    <ele>1098.8</ele>
    <time>2024-12-15T09:20:06Z</time>
   </trkpt>
   <trkpt lat="46.1709020" lon="6.7064830">
    <ele>1098.9</ele>
    <time>2024-12-15T09:20:07Z</time>
   </trkpt>
   <trkpt lat="46.1708890" lon="6.7064910">
    <ele>1099.0</ele>
    <time>2024-12-15T09:20:08Z</time>
   </trkpt>
   <trkpt lat="46.1708710" lon="6.7064900">
    <ele>1099.1</ele>
    <time>2024-12-15T09:20:09Z</time>
   </trkpt>
   <trkpt lat="46.1708390" lon="6.7064930">
    <ele>1099.2</ele>
    <time>2024-12-15T09:20:10Z</time>
   </trkpt>
   <trkpt lat="46.1708320" lon="6.7064930">
    <ele>1099.3</ele>
    <time>2024-12-15T09:20:11Z</time>
   </trkpt>
   <trkpt lat="46.1708060" lon="6.7064780">
    <ele>1099.4</ele>
    <time>2024-12-15T09:20:12Z</time>
   </trkpt>
   <trkpt lat="46.1707970" lon="6.7064730">
    <ele>1099.5</ele>
    <time>2024-12-15T09:20:13Z</time>
   </trkpt>
   <trkpt lat="46.1707690" lon="6.7064750">
    <ele>1099.7</ele>
    <time>2024-12-15T09:20:14Z</time>
   </trkpt>
   <trkpt lat="46.1707590" lon="6.7064710">
    <ele>1099.7</ele>
    <time>2024-12-15T09:20:15Z</time>
   </trkpt>
   <trkpt lat="46.1707260" lon="6.7064730">
    <ele>1100.0</ele>
    <time>2024-12-15T09:20:16Z</time>
   </trkpt>
   <trkpt lat="46.1707170" lon="6.7064710">
    <ele>1100.1</ele>
    <time>2024-12-15T09:20:17Z</time>
   </trkpt>
   <trkpt lat="46.1707030" lon="6.7064710">
    <ele>1100.2</ele>
    <time>2024-12-15T09:20:18Z</time>
   </trkpt>
   <trkpt lat="46.1706820" lon="6.7064760">
    <ele>1100.3</ele>
    <time>2024-12-15T09:20:19Z</time>
   </trkpt>
   <trkpt lat="46.1706550" lon="6.7064780">
    <ele>1100.6</ele>
    <time>2024-12-15T09:20:20Z</time>
   </trkpt>
   <trkpt lat="46.1706450" lon="6.7064760">
    <ele>1100.7</ele>
    <time>2024-12-15T09:20:21Z</time>
   </trkpt>
   <trkpt lat="46.1706240" lon="6.7064790">
    <ele>1100.8</ele>
    <time>2024-12-15T09:20:22Z</time>
   </trkpt>
   <trkpt lat="46.1706150" lon="6.7064810">
    <ele>1100.9</ele>
    <time>2024-12-15T09:20:23Z</time>
   </trkpt>
   <trkpt lat="46.1706060" lon="6.7064820">
    <ele>1101.0</ele>
    <time>2024-12-15T09:20:24Z</time>
   </trkpt>
   <trkpt lat="46.1705700" lon="6.7064830">
    <ele>1101.3</ele>
    <time>2024-12-15T09:20:25Z</time>
   </trkpt>
   <trkpt lat="46.1705470" lon="6.7064840">
    <ele>1101.5</ele>
    <time>2024-12-15T09:20:26Z</time>
   </trkpt>
   <trkpt lat="46.1705380" lon="6.7064850">
    <ele>1101.6</ele>
    <time>2024-12-15T09:20:27Z</time>
   </trkpt>
   <trkpt lat="46.1705290" lon="6.7064850">
    <ele>1101.7</ele>
    <time>2024-12-15T09:20:28Z</time>
   </trkpt>
   <trkpt lat="46.1705020" lon="6.7064850">
    <ele>1102.0</ele>
    <time>2024-12-15T09:20:29Z</time>
   </trkpt>
   <trkpt lat="46.1704910" lon="6.7064840">
    <ele>1102.1</ele>
    <time>2024-12-15T09:20:30Z</time>
   </trkpt>
   <trkpt lat="46.1704580" lon="6.7064960">
    <ele>1102.4</ele>
    <time>2024-12-15T09:20:31Z</time>
   </trkpt>
   <trkpt lat="46.1704490" lon="6.7065000">
    <ele>1102.5</ele>
    <time>2024-12-15T09:20:32Z</time>
   </trkpt>
   <trkpt lat="46.1704320" lon="6.7065000">
    <ele>1102.7</ele>
    <time>2024-12-15T09:20:33Z</time>
   </trkpt>
   <trkpt lat="46.1704140" lon="6.7065040">
    <ele>1102.8</ele>
    <time>2024-12-15T09:20:34Z</time>
   </trkpt>
   <trkpt lat="46.1703960" lon="6.7065120">
    <ele>1103.0</ele>
    <time>2024-12-15T09:20:35Z</time>
   </trkpt>
   <trkpt lat="46.1703790" lon="6.7065090">
    <ele>1103.2</ele>
    <time>2024-12-15T09:20:36Z</time>
   </trkpt>
   <trkpt lat="46.1703620" lon="6.7065090">
    <ele>1103.3</ele>
    <time>2024-12-15T09:20:37Z</time>
   </trkpt>
   <trkpt lat="46.1703440" lon="6.7065070">
    <ele>1103.5</ele>
    <time>2024-12-15T09:20:38Z</time>
   </trkpt>
   <trkpt lat="46.1703280" lon="6.7065100">
    <ele>1103.6</ele>
    <time>2024-12-15T09:20:39Z</time>
   </trkpt>
   <trkpt lat="46.1703100" lon="6.7065100">
    <ele>1103.8</ele>
    <time>2024-12-15T09:20:41Z</time>
   </trkpt>
   <trkpt lat="46.1702910" lon="6.7065140">
    <ele>1104.0</ele>
    <time>2024-12-15T09:20:42Z</time>
   </trkpt>
   <trkpt lat="46.1702760" lon="6.7065140">
    <ele>1104.1</ele>
    <time>2024-12-15T09:20:43Z</time>
   </trkpt>
   <trkpt lat="46.1702570" lon="6.7065220">
    <ele>1104.3</ele>
    <time>2024-12-15T09:20:44Z</time>
   </trkpt>
   <trkpt lat="46.1702410" lon="6.7065300">
    <ele>1104.5</ele>
    <time>2024-12-15T09:20:45Z</time>
   </trkpt>
   <trkpt lat="46.1702180" lon="6.7065430">
    <ele>1104.7</ele>
    <time>2024-12-15T09:20:46Z</time>
   </trkpt>
   <trkpt lat="46.1702070" lon="6.7065450">
    <ele>1104.8</ele>
    <time>2024-12-15T09:20:47Z</time>
   </trkpt>
   <trkpt lat="46.1701890" lon="6.7065470">
    <ele>1105.0</ele>
    <time>2024-12-15T09:20:48Z</time>
   </trkpt>
   <trkpt lat="46.1701710" lon="6.7065430">
    <ele>1105.2</ele>
    <time>2024-12-15T09:20:49Z</time>
   </trkpt>
   <trkpt lat="46.1701530" lon="6.7065430">
    <ele>1105.3</ele>
    <time>2024-12-15T09:20:50Z</time>
   </trkpt>
   <trkpt lat="46.1701360" lon="6.7065400">
    <ele>1105.5</ele>
    <time>2024-12-15T09:20:51Z</time>
   </trkpt>
   <trkpt lat="46.1701070" lon="6.7065500">
    <ele>1105.7</ele>
    <time>2024-12-15T09:20:52Z</time>
   </trkpt>
   <trkpt lat="46.1700990" lon="6.7065500">
    <ele>1105.8</ele>
    <time>2024-12-15T09:20:53Z</time>
   </trkpt>
   <trkpt lat="46.1700830" lon="6.7065480">
    <ele>1106.0</ele>
    <time>2024-12-15T09:20:54Z</time>
   </trkpt>
   <trkpt lat="46.1700670" lon="6.7065530">
    <ele>1106.1</ele>
    <time>2024-12-15T09:20:55Z</time>
   </trkpt>
   <trkpt lat="46.1700490" lon="6.7065500">
    <ele>1106.3</ele>
    <time>2024-12-15T09:20:56Z</time>
   </trkpt>
   <trkpt lat="46.1700320" lon="6.7065440">
    <ele>1106.4</ele>
    <time>2024-12-15T09:20:57Z</time>
   </trkpt>
   <trkpt lat="46.1700130" lon="6.7065470">
    <ele>1106.6</ele>
    <time>2024-12-15T09:20:58Z</time>
   </trkpt>
   <trkpt lat="46.1699970" lon="6.7065420">
    <ele>1106.7</ele>
    <time>2024-12-15T09:20:59Z</time>
   </trkpt>
   <trkpt lat="46.1699680" lon="6.7065460">
    <ele>1106.9</ele>
    <time>2024-12-15T09:21:00Z</time>
   </trkpt>
   <trkpt lat="46.1699580" lon="6.7065470">
    <ele>1107.0</ele>
    <time>2024-12-15T09:21:01Z</time>
   </trkpt>
   <trkpt lat="46.1699290" lon="6.7065410">
    <ele>1107.2</ele>
    <time>2024-12-15T09:21:02Z</time>
   </trkpt>
   <trkpt lat="46.1699190" lon="6.7065400">
    <ele>1107.3</ele>
    <time>2024-12-15T09:21:03Z</time>
   </trkpt>
   <trkpt lat="46.1699000" lon="6.7065550">
    <ele>1107.5</ele>
    <time>2024-12-15T09:21:04Z</time>
   </trkpt>
   <trkpt lat="46.1698870" lon="6.7065530">
    <ele>1107.6</ele>
    <time>2024-12-15T09:21:05Z</time>
   </trkpt>
   <trkpt lat="46.1698580" lon="6.7065550">
    <ele>1107.8</ele>
    <time>2024-12-15T09:21:06Z</time>
   </trkpt>
   <trkpt lat="46.1698480" lon="6.7065550">
    <ele>1107.9</ele>
    <time>2024-12-15T09:21:07Z</time>
   </trkpt>
   <trkpt lat="46.1698190" lon="6.7065600">
    <ele>1108.1</ele>
    <time>2024-12-15T09:21:08Z</time>
   </trkpt>
   <trkpt lat="46.1698090" lon="6.7065600">
    <ele>1108.2</ele>
    <time>2024-12-15T09:21:09Z</time>
   </trkpt>
   <trkpt lat="46.1697790" lon="6.7065590">
    <ele>1108.4</ele>
    <time>2024-12-15T09:21:10Z</time>
   </trkpt>
   <trkpt lat="46.1697700" lon="6.7065590">
    <ele>1108.5</ele>
    <time>2024-12-15T09:21:11Z</time>
   </trkpt>
   <trkpt lat="46.1697360" lon="6.7065570">
    <ele>1108.7</ele>
    <time>2024-12-15T09:21:12Z</time>
   </trkpt>
   <trkpt lat="46.1697260" lon="6.7065590">
    <ele>1108.8</ele>
    <time>2024-12-15T09:21:13Z</time>
   </trkpt>
   <trkpt lat="46.1696950" lon="6.7065530">
    <ele>1109.1</ele>
    <time>2024-12-15T09:21:14Z</time>
   </trkpt>
   <trkpt lat="46.1696840" lon="6.7065520">
    <ele>1109.1</ele>
    <time>2024-12-15T09:21:15Z</time>
   </trkpt>
   <trkpt lat="46.1696640" lon="6.7065520">
    <ele>1109.3</ele>
    <time>2024-12-15T09:21:16Z</time>
   </trkpt>
   <trkpt lat="46.1696510" lon="6.7065530">
    <ele>1109.4</ele>
    <time>2024-12-15T09:21:17Z</time>
   </trkpt>
   <trkpt lat="46.1696210" lon="6.7065500">
    <ele>1109.7</ele>
    <time>2024-12-15T09:21:18Z</time>
   </trkpt>
   <trkpt lat="46.1696090" lon="6.7065500">
    <ele>1109.8</ele>
    <time>2024-12-15T09:21:19Z</time>
   </trkpt>
   <trkpt lat="46.1695780" lon="6.7065540">
    <ele>1110.1</ele>
    <time>2024-12-15T09:21:20Z</time>
   </trkpt>
   <trkpt lat="46.1695670" lon="6.7065540">
    <ele>1110.2</ele>
    <time>2024-12-15T09:21:21Z</time>
   </trkpt>
   <trkpt lat="46.1695360" lon="6.7065490">
    <ele>1110.5</ele>
    <time>2024-12-15T09:21:22Z</time>
   </trkpt>
   <trkpt lat="46.1695270" lon="6.7065510">
    <ele>1110.6</ele>
    <time>2024-12-15T09:21:23Z</time>
   </trkpt>
   <trkpt lat="46.1695080" lon="6.7065530">
    <ele>1110.8</ele>
    <time>2024-12-15T09:21:24Z</time>
   </trkpt>
   <trkpt lat="46.1694930" lon="6.7065570">
    <ele>1111.0</ele>
    <time>2024-12-15T09:21:25Z</time>
   </trkpt>
   <trkpt lat="46.1694670" lon="6.7065580">
    <ele>1111.3</ele>
    <time>2024-12-15T09:21:26Z</time>
   </trkpt>
   <trkpt lat="46.1694570" lon="6.7065570">
    <ele>1111.4</ele>
    <time>2024-12-15T09:21:27Z</time>
   </trkpt>
   <trkpt lat="46.1694280" lon="6.7065570">
    <ele>1111.7</ele>
    <time>2024-12-15T09:21:28Z</time>
   </trkpt>
   <trkpt lat="46.1694190" lon="6.7065570">
    <ele>1111.8</ele>
    <time>2024-12-15T09:21:29Z</time>
   </trkpt>
   <trkpt lat="46.1694010" lon="6.7065520">
    <ele>1112.0</ele>
    <time>2024-12-15T09:21:30Z</time>
   </trkpt>
   <trkpt lat="46.1693840" lon="6.7065500">
    <ele>1112.2</ele>
    <time>2024-12-15T09:21:31Z</time>
   </trkpt>
   <trkpt lat="46.1693510" lon="6.7065470">
    <ele>1112.6</ele>
    <time>2024-12-15T09:21:32Z</time>
   </trkpt>
   <trkpt lat="46.1693420" lon="6.7065490">
    <ele>1112.7</ele>
    <time>2024-12-15T09:21:33Z</time>
   </trkpt>
   <trkpt lat="46.1693140" lon="6.7065600">
    <ele>1113.1</ele>
    <time>2024-12-15T09:21:34Z</time>
   </trkpt>
   <trkpt lat="46.1693040" lon="6.7065630">
    <ele>1113.2</ele>
    <time>2024-12-15T09:21:35Z</time>
   </trkpt>
   <trkpt lat="46.1692740" lon="6.7065560">
    <ele>1113.6</ele>
    <time>2024-12-15T09:21:36Z</time>
   </trkpt>
   <trkpt lat="46.1692640" lon="6.7065510">
    <ele>1113.7</ele>
    <time>2024-12-15T09:21:37Z</time>
   </trkpt>
   <trkpt lat="46.1692320" lon="6.7065530">
    <ele>1114.1</ele>
    <time>2024-12-15T09:21:38Z</time>
   </trkpt>
   <trkpt lat="46.1692220" lon="6.7065530">
    <ele>1114.2</ele>
    <time>2024-12-15T09:21:39Z</time>
   </trkpt>
   <trkpt lat="46.1691900" lon="6.7065500">
    <ele>1114.7</ele>
    <time>2024-12-15T09:21:40Z</time>
   </trkpt>
   <trkpt lat="46.1691770" lon="6.7065500">
    <ele>1114.8</ele>
    <time>2024-12-15T09:21:41Z</time>
   </trkpt>
   <trkpt lat="46.1691440" lon="6.7065590">
    <ele>1115.3</ele>
    <time>2024-12-15T09:21:42Z</time>
   </trkpt>
   <trkpt lat="46.1691320" lon="6.7065610">
    <ele>1115.4</ele>
    <time>2024-12-15T09:21:43Z</time>
   </trkpt>
   <trkpt lat="46.1691160" lon="6.7065520">
    <ele>1115.7</ele>
    <time>2024-12-15T09:21:44Z</time>
   </trkpt>
   <trkpt lat="46.1690980" lon="6.7065550">
    <ele>1115.9</ele>
    <time>2024-12-15T09:21:45Z</time>
   </trkpt>
   <trkpt lat="46.1690740" lon="6.7065750">
    <ele>1116.3</ele>
    <time>2024-12-15T09:21:46Z</time>
   </trkpt>
   <trkpt lat="46.1690570" lon="6.7065690">
    <ele>1116.6</ele>
    <time>2024-12-15T09:21:47Z</time>
   </trkpt>
   <trkpt lat="46.1690460" lon="6.7065730">
    <ele>1116.7</ele>
    <time>2024-12-15T09:21:48Z</time>
   </trkpt>
   <trkpt lat="46.1690180" lon="6.7065650">
    <ele>1117.1</ele>
    <time>2024-12-15T09:21:49Z</time>
   </trkpt>
   <trkpt lat="46.1690080" lon="6.7065640">
    <ele>1117.3</ele>
    <time>2024-12-15T09:21:50Z</time>
   </trkpt>
   <trkpt lat="46.1689790" lon="6.7065680">
    <ele>1117.7</ele>
    <time>2024-12-15T09:21:51Z</time>
   </trkpt>
   <trkpt lat="46.1689670" lon="6.7065690">
    <ele>1117.9</ele>
    <time>2024-12-15T09:21:52Z</time>
   </trkpt>
   <trkpt lat="46.1689480" lon="6.7065700">
    <ele>1118.2</ele>
    <time>2024-12-15T09:21:53Z</time>
   </trkpt>
   <trkpt lat="46.1689340" lon="6.7065760">
    <ele>1118.4</ele>
    <time>2024-12-15T09:21:54Z</time>
   </trkpt>
   <trkpt lat="46.1689190" lon="6.7065790">
    <ele>1118.6</ele>
    <time>2024-12-15T09:21:55Z</time>
   </trkpt>
   <trkpt lat="46.1689020" lon="6.7065860">
    <ele>1118.9</ele>
    <time>2024-12-15T09:21:56Z</time>
   </trkpt>
   <trkpt lat="46.1688730" lon="6.7065900">
    <ele>1119.3</ele>
    <time>2024-12-15T09:21:57Z</time>
   </trkpt>
   <trkpt lat="46.1688630" lon="6.7065930">
    <ele>1119.5</ele>
    <time>2024-12-15T09:21:58Z</time>
   </trkpt>
   <trkpt lat="46.1688330" lon="6.7066140">
    <ele>1120.0</ele>
    <time>2024-12-15T09:21:59Z</time>
   </trkpt>
   <trkpt lat="46.1688230" lon="6.7066160">
    <ele>1120.1</ele>
    <time>2024-12-15T09:22:00Z</time>
   </trkpt>
   <trkpt lat="46.1688110" lon="6.7066350">
    <ele>1120.4</ele>
    <time>2024-12-15T09:22:01Z</time>
   </trkpt>
   <trkpt lat="46.1687960" lon="6.7066420">
    <ele>1120.6</ele>
    <time>2024-12-15T09:22:02Z</time>
   </trkpt>
   <trkpt lat="46.1687690" lon="6.7066620">
    <ele>1121.1</ele>
    <time>2024-12-15T09:22:03Z</time>
   </trkpt>
   <trkpt lat="46.1687570" lon="6.7066730">
    <ele>1121.3</ele>
    <time>2024-12-15T09:22:04Z</time>
   </trkpt>
   <trkpt lat="46.1687470" lon="6.7066880">
    <ele>1121.5</ele>
    <time>2024-12-15T09:22:05Z</time>
   </trkpt>
   <trkpt lat="46.1687310" lon="6.7066870">
    <ele>1121.7</ele>
    <time>2024-12-15T09:22:06Z</time>
   </trkpt>
   <trkpt lat="46.1687030" lon="6.7067070">
    <ele>1122.2</ele>
    <time>2024-12-15T09:22:07Z</time>
   </trkpt>
   <trkpt lat="46.1686930" lon="6.7067170">
    <ele>1122.3</ele>
    <time>2024-12-15T09:22:08Z</time>
   </trkpt>
   <trkpt lat="46.1686650" lon="6.7067360">
    <ele>1122.8</ele>
    <time>2024-12-15T09:22:09Z</time>
   </trkpt>
   <trkpt lat="46.1686560" lon="6.7067410">
    <ele>1122.9</ele>
    <time>2024-12-15T09:22:10Z</time>
   </trkpt>
   <trkpt lat="46.1686330" lon="6.7067720">
    <ele>1123.3</ele>
    <time>2024-12-15T09:22:11Z</time>
   </trkpt>
   <trkpt lat="46.1686270" lon="6.7067770">
    <ele>1123.4</ele>
    <time>2024-12-15T09:22:12Z</time>
   </trkpt>
   <trkpt lat="46.1685980" lon="6.7067620">
    <ele>1123.8</ele>
    <time>2024-12-15T09:22:13Z</time>
   </trkpt>
   <trkpt lat="46.1685900" lon="6.7067670">
    <ele>1123.9</ele>
    <time>2024-12-15T09:22:14Z</time>
   </trkpt>
   <trkpt lat="46.1685590" lon="6.7067820">
    <ele>1124.4</ele>
    <time>2024-12-15T09:22:15Z</time>
   </trkpt>
   <trkpt lat="46.1685490" lon="6.7067850">
    <ele>1124.5</ele>
    <time>2024-12-15T09:22:16Z</time>
   </trkpt>
   <trkpt lat="46.1685220" lon="6.7068000">
    <ele>1124.9</ele>
    <time>2024-12-15T09:22:17Z</time>
   </trkpt>
   <trkpt lat="46.1685120" lon="6.7068030">
    <ele>1125.0</ele>
    <time>2024-12-15T09:22:18Z</time>
   </trkpt>
   <trkpt lat="46.1684860" lon="6.7068320">
    <ele>1125.4</ele>
    <time>2024-12-15T09:22:19Z</time>
   </trkpt>
   <trkpt lat="46.1684770" lon="6.7068360">
    <ele>1125.6</ele>
    <time>2024-12-15T09:22:20Z</time>
   </trkpt>
   <trkpt lat="46.1684620" lon="6.7068450">
    <ele>1125.8</ele>
    <time>2024-12-15T09:22:21Z</time>
   </trkpt>
   <trkpt lat="46.1684480" lon="6.7068520">
    <ele>1126.0</ele>
    <time>2024-12-15T09:22:22Z</time>
   </trkpt>
   <trkpt lat="46.1684180" lon="6.7068640">
    <ele>1126.4</ele>
    <time>2024-12-15T09:22:23Z</time>
   </trkpt>
   <trkpt lat="46.1684060" lon="6.7068700">
    <ele>1126.5</ele>
    <time>2024-12-15T09:22:24Z</time>
   </trkpt>
   <trkpt lat="46.1683790" lon="6.7068860">
    <ele>1126.9</ele>
    <time>2024-12-15T09:22:25Z</time>
   </trkpt>
   <trkpt lat="46.1683710" lon="6.7068910">
    <ele>1127.0</ele>
    <time>2024-12-15T09:22:26Z</time>
   </trkpt>
   <trkpt lat="46.1683430" lon="6.7069070">
    <ele>1127.4</ele>
    <time>2024-12-15T09:22:27Z</time>
   </trkpt>
   <trkpt lat="46.1683320" lon="6.7069120">
    <ele>1127.6</ele>
    <time>2024-12-15T09:22:28Z</time>
   </trkpt>
   <trkpt lat="46.1683180" lon="6.7069190">
    <ele>1127.8</ele>
    <time>2024-12-15T09:22:29Z</time>
   </trkpt>
   <trkpt lat="46.1683000" lon="6.7069270">
    <ele>1128.0</ele>
    <time>2024-12-15T09:22:30Z</time>
   </trkpt>
   <trkpt lat="46.1682720" lon="6.7069490">
    <ele>1128.4</ele>
    <time>2024-12-15T09:22:31Z</time>
   </trkpt>
   <trkpt lat="46.1682610" lon="6.7069500">
    <ele>1128.6</ele>
    <time>2024-12-15T09:22:32Z</time>
   </trkpt>
   <trkpt lat="46.1682280" lon="6.7069370">
    <ele>1129.0</ele>
    <time>2024-12-15T09:22:33Z</time>
   </trkpt>
   <trkpt lat="46.1682160" lon="6.7069320">
    <ele>1129.2</ele>
    <time>2024-12-15T09:22:34Z</time>
   </trkpt>
   <trkpt lat="46.1681870" lon="6.7069180">
    <ele>1129.6</ele>
    <time>2024-12-15T09:22:35Z</time>
   </trkpt>
   <trkpt lat="46.1681550" lon="6.7069140">
    <ele>1130.0</ele>
    <time>2024-12-15T09:22:36Z</time>
   </trkpt>
   <trkpt lat="46.1681430" lon="6.7069120">
    <ele>1130.2</ele>
    <time>2024-12-15T09:22:37Z</time>
   </trkpt>
   <trkpt lat="46.1681260" lon="6.7069130">
    <ele>1130.4</ele>
    <time>2024-12-15T09:22:38Z</time>
   </trkpt>
   <trkpt lat="46.1681070" lon="6.7069150">
    <ele>1130.7</ele>
    <time>2024-12-15T09:22:39Z</time>
   </trkpt>
   <trkpt lat="46.1680750" lon="6.7069140">
    <ele>1131.2</ele>
    <time>2024-12-15T09:22:40Z</time>
   </trkpt>
   <trkpt lat="46.1680650" lon="6.7069140">
    <ele>1131.3</ele>
    <time>2024-12-15T09:22:41Z</time>
   </trkpt>
   <trkpt lat="46.1680350" lon="6.7069090">
    <ele>1131.8</ele>
    <time>2024-12-15T09:22:42Z</time>
   </trkpt>
   <trkpt lat="46.1680250" lon="6.7069110">
    <ele>1132.0</ele>
    <time>2024-12-15T09:22:43Z</time>
   </trkpt>
   <trkpt lat="46.1680130" lon="6.7069140">
    <ele>1132.2</ele>
    <time>2024-12-15T09:22:44Z</time>
   </trkpt>
   <trkpt lat="46.1679980" lon="6.7069140">
    <ele>1132.5</ele>
    <time>2024-12-15T09:22:45Z</time>
   </trkpt>
   <trkpt lat="46.1679660" lon="6.7069130">
    <ele>1133.0</ele>
    <time>2024-12-15T09:22:46Z</time>
   </trkpt>
   <trkpt lat="46.1679540" lon="6.7069130">
    <ele>1133.2</ele>
    <time>2024-12-15T09:22:47Z</time>
   </trkpt>
   <trkpt lat="46.1679240" lon="6.7069120">
    <ele>1133.7</ele>
    <time>2024-12-15T09:22:48Z</time>
   </trkpt>
   <trkpt lat="46.1679130" lon="6.7069110">
    <ele>1133.9</ele>
    <time>2024-12-15T09:22:49Z</time>
   </trkpt>
   <trkpt lat="46.1678820" lon="6.7069100">
    <ele>1134.4</ele>
    <time>2024-12-15T09:22:50Z</time>
   </trkpt>
   <trkpt lat="46.1678720" lon="6.7069100">
    <ele>1134.6</ele>
    <time>2024-12-15T09:22:51Z</time>
   </trkpt>
   <trkpt lat="46.1678390" lon="6.7069200">
    <ele>1135.1</ele>
    <time>2024-12-15T09:22:52Z</time>
   </trkpt>
   <trkpt lat="46.1678300" lon="6.7069270">
    <ele>1135.2</ele>
    <time>2024-12-15T09:22:53Z</time>
   </trkpt>
   <trkpt lat="46.1677990" lon="6.7069190">
    <ele>1135.7</ele>
    <time>2024-12-15T09:22:54Z</time>
   </trkpt>
   <trkpt lat="46.1677890" lon="6.7069200">
    <ele>1135.8</ele>
    <time>2024-12-15T09:22:55Z</time>
   </trkpt>
   <trkpt lat="46.1677600" lon="6.7069130">
    <ele>1136.2</ele>
    <time>2024-12-15T09:22:56Z</time>
   </trkpt>
   <trkpt lat="46.1677500" lon="6.7069060">
    <ele>1136.4</ele>
    <time>2024-12-15T09:22:57Z</time>
   </trkpt>
   <trkpt lat="46.1677320" lon="6.7068970">
    <ele>1136.6</ele>
    <time>2024-12-15T09:22:58Z</time>
   </trkpt>
   <trkpt lat="46.1677150" lon="6.7069000">
    <ele>1136.8</ele>
    <time>2024-12-15T09:22:59Z</time>
   </trkpt>
   <trkpt lat="46.1676840" lon="6.7069100">
    <ele>1136.7</ele>
    <time>2024-12-15T09:23:00Z</time>
   </trkpt>
   <trkpt lat="46.1676730" lon="6.7069160">
    <ele>1136.7</ele>
    <time>2024-12-15T09:23:01Z</time>
   </trkpt>
   <trkpt lat="46.1676440" lon="6.7069370">
    <ele>1136.5</ele>
    <time>2024-12-15T09:23:02Z</time>
   </trkpt>
   <trkpt lat="46.1676360" lon="6.7069480">
    <ele>1136.5</ele>
    <time>2024-12-15T09:23:03Z</time>
   </trkpt>
   <trkpt lat="46.1676030" lon="6.7069630">
    <ele>1136.4</ele>
    <time>2024-12-15T09:23:04Z</time>
   </trkpt>
   <trkpt lat="46.1675840" lon="6.7069940">
    <ele>1136.2</ele>
    <time>2024-12-15T09:23:05Z</time>
   </trkpt>
   <trkpt lat="46.1675740" lon="6.7070050">
    <ele>1136.2</ele>
    <time>2024-12-15T09:23:06Z</time>
   </trkpt>
   <trkpt lat="46.1675600" lon="6.7070480">
    <ele>1135.8</ele>
    <time>2024-12-15T09:23:07Z</time>
   </trkpt>
   <trkpt lat="46.1675600" lon="6.7070640">
    <ele>1135.7</ele>
    <time>2024-12-15T09:23:08Z</time>
   </trkpt>
   <trkpt lat="46.1675300" lon="6.7071040">
    <ele>1135.3</ele>
    <time>2024-12-15T09:23:09Z</time>
   </trkpt>
   <trkpt lat="46.1675100" lon="6.7071450">
    <ele>1134.9</ele>
    <time>2024-12-15T09:23:10Z</time>
   </trkpt>
   <trkpt lat="46.1675050" lon="6.7071570">
    <ele>1134.9</ele>
    <time>2024-12-15T09:23:11Z</time>
   </trkpt>
   <trkpt lat="46.1674820" lon="6.7071810">
    <ele>1134.6</ele>
    <time>2024-12-15T09:23:12Z</time>
   </trkpt>
   <trkpt lat="46.1674740" lon="6.7071960">
    <ele>1134.5</ele>
    <time>2024-12-15T09:23:13Z</time>
   </trkpt>
   <trkpt lat="46.1674750" lon="6.7072200">
    <ele>1134.4</ele>
    <time>2024-12-15T09:23:14Z</time>
   </trkpt>
   <trkpt lat="46.1674700" lon="6.7072450">
    <ele>1134.3</ele>
    <time>2024-12-15T09:23:15Z</time>
   </trkpt>
   <trkpt lat="46.1674570" lon="6.7072850">
    <ele>1134.2</ele>
    <time>2024-12-15T09:23:16Z</time>
   </trkpt>
   <trkpt lat="46.1674540" lon="6.7072970">
    <ele>1134.1</ele>
    <time>2024-12-15T09:23:17Z</time>
   </trkpt>
   <trkpt lat="46.1674430" lon="6.7073070">
    <ele>1134.1</ele>
    <time>2024-12-15T09:23:18Z</time>
   </trkpt>
   <trkpt lat="46.1674290" lon="6.7073160">
    <ele>1134.0</ele>
    <time>2024-12-15T09:23:19Z</time>
   </trkpt>
   <trkpt lat="46.1674140" lon="6.7073280">
    <ele>1134.0</ele>
    <time>2024-12-15T09:23:20Z</time>
   </trkpt>
   <trkpt lat="46.1674000" lon="6.7073450">
    <ele>1134.0</ele>
    <time>2024-12-15T09:23:21Z</time>
   </trkpt>
   <trkpt lat="46.1673880" lon="6.7073620">
    <ele>1134.0</ele>
    <time>2024-12-15T09:23:22Z</time>
   </trkpt>
   <trkpt lat="46.1673740" lon="6.7073690">
    <ele>1134.0</ele>
    <time>2024-12-15T09:23:23Z</time>
   </trkpt>
   <trkpt lat="46.1673590" lon="6.7073800">
    <ele>1134.0</ele>
    <time>2024-12-15T09:23:24Z</time>
   </trkpt>
   <trkpt lat="46.1673510" lon="6.7073990">
    <ele>1134.0</ele>
    <time>2024-12-15T09:23:25Z</time>
   </trkpt>
   <trkpt lat="46.1673360" lon="6.7074080">
    <ele>1134.0</ele>
    <time>2024-12-15T09:23:26Z</time>
   </trkpt>
   <trkpt lat="46.1673200" lon="6.7074170">
    <ele>1134.0</ele>
    <time>2024-12-15T09:23:27Z</time>
   </trkpt>
   <trkpt lat="46.1673080" lon="6.7074250">
    <ele>1134.1</ele>
    <time>2024-12-15T09:23:28Z</time>
   </trkpt>
   <trkpt lat="46.1672930" lon="6.7074330">
    <ele>1134.1</ele>
    <time>2024-12-15T09:23:29Z</time>
   </trkpt>
   <trkpt lat="46.1672850" lon="6.7074440">
    <ele>1134.1</ele>
    <time>2024-12-15T09:23:30Z</time>
   </trkpt>
   <trkpt lat="46.1672750" lon="6.7074490">
    <ele>1134.2</ele>
    <time>2024-12-15T09:23:31Z</time>
   </trkpt>
   <trkpt lat="46.1672640" lon="6.7074540">
    <ele>1134.2</ele>
    <time>2024-12-15T09:23:32Z</time>
   </trkpt>
   <trkpt lat="46.1672480" lon="6.7074670">
    <ele>1134.3</ele>
    <time>2024-12-15T09:23:33Z</time>
   </trkpt>
   <trkpt lat="46.1672330" lon="6.7074720">
    <ele>1134.3</ele>
    <time>2024-12-15T09:23:34Z</time>
   </trkpt>
   <trkpt lat="46.1672110" lon="6.7074750">
    <ele>1134.2</ele>
    <time>2024-12-15T09:23:35Z</time>
   </trkpt>
   <trkpt lat="46.1672020" lon="6.7074860">
    <ele>1134.2</ele>
    <time>2024-12-15T09:23:36Z</time>
   </trkpt>
   <trkpt lat="46.1671920" lon="6.7074960">
    <ele>1134.2</ele>
    <time>2024-12-15T09:23:37Z</time>
   </trkpt>
   <trkpt lat="46.1671820" lon="6.7075060">
    <ele>1134.2</ele>
    <time>2024-12-15T09:23:38Z</time>
   </trkpt>
   <trkpt lat="46.1671680" lon="6.7075270">
    <ele>1134.1</ele>
    <time>2024-12-15T09:23:39Z</time>
   </trkpt>
   <trkpt lat="46.1671460" lon="6.7075430">
    <ele>1134.1</ele>
    <time>2024-12-15T09:23:40Z</time>
   </trkpt>
   <trkpt lat="46.1671360" lon="6.7075500">
    <ele>1134.1</ele>
    <time>2024-12-15T09:23:41Z</time>
   </trkpt>
   <trkpt lat="46.1671270" lon="6.7075560">
    <ele>1134.0</ele>
    <time>2024-12-15T09:23:42Z</time>
   </trkpt>
   <trkpt lat="46.1671050" lon="6.7075780">
    <ele>1134.0</ele>
    <time>2024-12-15T09:23:43Z</time>
   </trkpt>
   <trkpt lat="46.1670960" lon="6.7075860">
    <ele>1134.0</ele>
    <time>2024-12-15T09:23:44Z</time>
   </trkpt>
   <trkpt lat="46.1670800" lon="6.7075960">
    <ele>1134.0</ele>
    <time>2024-12-15T09:23:45Z</time>
   </trkpt>
   <trkpt lat="46.1670640" lon="6.7076070">
    <ele>1134.0</ele>
    <time>2024-12-15T09:23:46Z</time>
   </trkpt>
   <trkpt lat="46.1670520" lon="6.7076100">
    <ele>1134.0</ele>
    <time>2024-12-15T09:23:47Z</time>
   </trkpt>
   <trkpt lat="46.1670360" lon="6.7076200">
    <ele>1134.0</ele>
    <time>2024-12-15T09:23:48Z</time>
   </trkpt>
   <trkpt lat="46.1670190" lon="6.7076350">
    <ele>1134.1</ele>
    <time>2024-12-15T09:23:49Z</time>
   </trkpt>
   <trkpt lat="46.1670080" lon="6.7076500">
    <ele>1134.1</ele>
    <time>2024-12-15T09:23:50Z</time>
   </trkpt>
   <trkpt lat="46.1669940" lon="6.7076610">
    <ele>1134.1</ele>
    <time>2024-12-15T09:23:51Z</time>
   </trkpt>
   <trkpt lat="46.1669760" lon="6.7076700">
    <ele>1134.2</ele>
    <time>2024-12-15T09:23:52Z</time>
   </trkpt>
   <trkpt lat="46.1669640" lon="6.7076800">
    <ele>1134.2</ele>
    <time>2024-12-15T09:23:53Z</time>
   </trkpt>
   <trkpt lat="46.1669520" lon="6.7076910">
    <ele>1134.3</ele>
    <time>2024-12-15T09:23:54Z</time>
   </trkpt>
   <trkpt lat="46.1669390" lon="6.7077010">
    <ele>1134.3</ele>
    <time>2024-12-15T09:23:55Z</time>
   </trkpt>
   <trkpt lat="46.1669270" lon="6.7077100">
    <ele>1134.4</ele>
    <time>2024-12-15T09:23:56Z</time>
   </trkpt>
   <trkpt lat="46.1669110" lon="6.7077170">
    <ele>1134.5</ele>
    <time>2024-12-15T09:23:57Z</time>
   </trkpt>
   <trkpt lat="46.1668960" lon="6.7077240">
    <ele>1134.5</ele>
    <time>2024-12-15T09:23:58Z</time>
   </trkpt>
   <trkpt lat="46.1668770" lon="6.7077350">
    <ele>1135.0</ele>
    <time>2024-12-15T09:23:59Z</time>
   </trkpt>
   <trkpt lat="46.1668670" lon="6.7077400">
    <ele>1135.3</ele>
    <time>2024-12-15T09:24:00Z</time>
   </trkpt>
   <trkpt lat="46.1668570" lon="6.7077440">
    <ele>1135.5</ele>
    <time>2024-12-15T09:24:01Z</time>
   </trkpt>
   <trkpt lat="46.1668280" lon="6.7077450">
    <ele>1136.3</ele>
    <time>2024-12-15T09:24:02Z</time>
   </trkpt>
   <trkpt lat="46.1668140" lon="6.7077430">
    <ele>1136.7</ele>
    <time>2024-12-15T09:24:03Z</time>
   </trkpt>
   <trkpt lat="46.1667840" lon="6.7077510">
    <ele>1137.6</ele>
    <time>2024-12-15T09:24:04Z</time>
   </trkpt>
   <trkpt lat="46.1667770" lon="6.7077560">
    <ele>1137.8</ele>
    <time>2024-12-15T09:24:05Z</time>
   </trkpt>
   <trkpt lat="46.1667640" lon="6.7077710">
    <ele>1138.3</ele>
    <time>2024-12-15T09:24:06Z</time>
   </trkpt>
   <trkpt lat="46.1667490" lon="6.7077780">
    <ele>1138.8</ele>
    <time>2024-12-15T09:24:07Z</time>
   </trkpt>
   <trkpt lat="46.1667210" lon="6.7077890">
    <ele>1139.7</ele>
    <time>2024-12-15T09:24:08Z</time>
   </trkpt>
   <trkpt lat="46.1667120" lon="6.7077890">
    <ele>1140.0</ele>
    <time>2024-12-15T09:24:09Z</time>
   </trkpt>
   <trkpt lat="46.1666990" lon="6.7077900">
    <ele>1140.4</ele>
    <time>2024-12-15T09:24:10Z</time>
   </trkpt>
   <trkpt lat="46.1666820" lon="6.7077930">
    <ele>1140.9</ele>
    <time>2024-12-15T09:24:11Z</time>
   </trkpt>
   <trkpt lat="46.1666680" lon="6.7077930">
    <ele>1141.3</ele>
    <time>2024-12-15T09:24:12Z</time>
   </trkpt>
   <trkpt lat="46.1666530" lon="6.7077990">
    <ele>1141.8</ele>
    <time>2024-12-15T09:24:13Z</time>
   </trkpt>
   <trkpt lat="46.1666360" lon="6.7078050">
    <ele>1142.4</ele>
    <time>2024-12-15T09:24:14Z</time>
   </trkpt>
   <trkpt lat="46.1666220" lon="6.7078100">
    <ele>1142.9</ele>
    <time>2024-12-15T09:24:15Z</time>
   </trkpt>
   <trkpt lat="46.1666090" lon="6.7078140">
    <ele>1143.3</ele>
    <time>2024-12-15T09:24:16Z</time>
   </trkpt>
   <trkpt lat="46.1665940" lon="6.7078170">
    <ele>1143.8</ele>
    <time>2024-12-15T09:24:17Z</time>
   </trkpt>
   <trkpt lat="46.1665790" lon="6.7078210">
    <ele>1144.3</ele>
    <time>2024-12-15T09:24:18Z</time>
   </trkpt>
   <trkpt lat="46.1665650" lon="6.7078260">
    <ele>1144.7</ele>
    <time>2024-12-15T09:24:19Z</time>
   </trkpt>
   <trkpt lat="46.1665480" lon="6.7078330">
    <ele>1145.3</ele>
    <time>2024-12-15T09:24:20Z</time>
   </trkpt>
   <trkpt lat="46.1665360" lon="6.7078370">
    <ele>1145.7</ele>
    <time>2024-12-15T09:24:21Z</time>
   </trkpt>
   <trkpt lat="46.1665150" lon="6.7078390">
    <ele>1146.3</ele>
    <time>2024-12-15T09:24:22Z</time>
   </trkpt>
   <trkpt lat="46.1665070" lon="6.7078410">
    <ele>1146.6</ele>
    <time>2024-12-15T09:24:23Z</time>
   </trkpt>
   <trkpt lat="46.1664990" lon="6.7078430">
    <ele>1146.8</ele>
    <time>2024-12-15T09:24:24Z</time>
   </trkpt>
   <trkpt lat="46.1664910" lon="6.7078440">
    <ele>1147.1</ele>
    <time>2024-12-15T09:24:25Z</time>
   </trkpt>
   <trkpt lat="46.1664750" lon="6.7078460">
    <ele>1147.6</ele>
    <time>2024-12-15T09:24:26Z</time>
   </trkpt>
   <trkpt lat="46.1664690" lon="6.7078520">
    <ele>1147.8</ele>
    <time>2024-12-15T09:24:27Z</time>
   </trkpt>
   <trkpt lat="46.1664560" lon="6.7078610">
    <ele>1148.3</ele>
    <time>2024-12-15T09:24:28Z</time>
   </trkpt>
   <trkpt lat="46.1664440" lon="6.7078730">
    <ele>1148.8</ele>
    <time>2024-12-15T09:24:29Z</time>
   </trkpt>
   <trkpt lat="46.1664360" lon="6.7078610">
    <ele>1149.1</ele>
    <time>2024-12-15T09:24:30Z</time>
   </trkpt>
   <trkpt lat="46.1664260" lon="6.7078630">
    <ele>1149.5</ele>
    <time>2024-12-15T09:24:31Z</time>
   </trkpt>
   <trkpt lat="46.1664130" lon="6.7078600">
    <ele>1149.9</ele>
    <time>2024-12-15T09:24:32Z</time>
   </trkpt>
   <trkpt lat="46.1664030" lon="6.7078570">
    <ele>1150.2</ele>
    <time>2024-12-15T09:24:33Z</time>
   </trkpt>
   <trkpt lat="46.1663920" lon="6.7078580">
    <ele>1150.6</ele>
    <time>2024-12-15T09:24:34Z</time>
   </trkpt>
   <trkpt lat="46.1663810" lon="6.7078610">
    <ele>1150.9</ele>
    <time>2024-12-15T09:24:35Z</time>
   </trkpt>
   <trkpt lat="46.1663740" lon="6.7078640">
    <ele>1151.2</ele>
    <time>2024-12-15T09:24:36Z</time>
   </trkpt>
   <trkpt lat="46.1663660" lon="6.7078700">
    <ele>1151.4</ele>
    <time>2024-12-15T09:24:37Z</time>
   </trkpt>
   <trkpt lat="46.1663560" lon="6.7078720">
    <ele>1151.8</ele>
    <time>2024-12-15T09:24:38Z</time>
   </trkpt>
   <trkpt lat="46.1663490" lon="6.7078740">
    <ele>1152.0</ele>
    <time>2024-12-15T09:24:39Z</time>
   </trkpt>
   <trkpt lat="46.1663410" lon="6.7078780">
    <ele>1152.3</ele>
    <time>2024-12-15T09:24:40Z</time>
   </trkpt>
   <trkpt lat="46.1663290" lon="6.7078740">
    <ele>1152.7</ele>
    <time>2024-12-15T09:24:41Z</time>
   </trkpt>
   <trkpt lat="46.1663210" lon="6.7078740">
    <ele>1152.9</ele>
    <time>2024-12-15T09:24:42Z</time>
   </trkpt>
   <trkpt lat="46.1663100" lon="6.7078780">
    <ele>1153.3</ele>
    <time>2024-12-15T09:24:43Z</time>
   </trkpt>
   <trkpt lat="46.1663080" lon="6.7078830">
    <ele>1153.4</ele>
    <time>2024-12-15T09:24:44Z</time>
   </trkpt>
   <trkpt lat="46.1663090" lon="6.7078850">
    <ele>1153.5</ele>
    <time>2024-12-15T09:24:45Z</time>
   </trkpt>
   <trkpt lat="46.1663060" lon="6.7078860">
    <ele>1153.6</ele>
    <time>2024-12-15T09:24:46Z</time>
   </trkpt>
   <trkpt lat="46.1662950" lon="6.7078900">
    <ele>1153.9</ele>
    <time>2024-12-15T09:24:47Z</time>
   </trkpt>
   <trkpt lat="46.1662900" lon="6.7078890">
    <ele>1154.1</ele>
    <time>2024-12-15T09:24:48Z</time>
   </trkpt>
   <trkpt lat="46.1662840" lon="6.7078920">
    <ele>1154.3</ele>
    <time>2024-12-15T09:24:49Z</time>
   </trkpt>
   <trkpt lat="46.1662800" lon="6.7078950">
    <ele>1154.4</ele>
    <time>2024-12-15T09:24:50Z</time>
   </trkpt>
   <trkpt lat="46.1662750" lon="6.7079000">
    <ele>1154.6</ele>
    <time>2024-12-15T09:24:51Z</time>
   </trkpt>
   <trkpt lat="46.1662630" lon="6.7079070">
    <ele>1155.0</ele>
    <time>2024-12-15T09:24:52Z</time>
   </trkpt>
   <trkpt lat="46.1662590" lon="6.7079110">
    <ele>1155.2</ele>
    <time>2024-12-15T09:24:53Z</time>
   </trkpt>
   <trkpt lat="46.1662500" lon="6.7079160">
    <ele>1155.5</ele>
    <time>2024-12-15T09:24:54Z</time>
   </trkpt>
   <trkpt lat="46.1662390" lon="6.7079180">
    <ele>1155.8</ele>
    <time>2024-12-15T09:24:55Z</time>
   </trkpt>
   <trkpt lat="46.1662300" lon="6.7079250">
    <ele>1156.1</ele>
    <time>2024-12-15T09:24:56Z</time>
   </trkpt>
   <trkpt lat="46.1662210" lon="6.7079280">
    <ele>1156.4</ele>
    <time>2024-12-15T09:24:57Z</time>
   </trkpt>
   <trkpt lat="46.1662130" lon="6.7079340">
    <ele>1156.7</ele>
    <time>2024-12-15T09:24:58Z</time>
   </trkpt>
   <trkpt lat="46.1662060" lon="6.7079390">
    <ele>1156.9</ele>
    <time>2024-12-15T09:24:59Z</time>
   </trkpt>
   <trkpt lat="46.1661980" lon="6.7079470">
    <ele>1157.2</ele>
    <time>2024-12-15T09:25:00Z</time>
   </trkpt>
   <trkpt lat="46.1661950" lon="6.7079470">
    <ele>1157.3</ele>
    <time>2024-12-15T09:25:01Z</time>
   </trkpt>
   <trkpt lat="46.1661840" lon="6.7079520">
    <ele>1157.6</ele>
    <time>2024-12-15T09:25:02Z</time>
   </trkpt>
   <trkpt lat="46.1661750" lon="6.7079520">
    <ele>1157.8</ele>
    <time>2024-12-15T09:25:03Z</time>
   </trkpt>
   <trkpt lat="46.1661690" lon="6.7079530">
    <ele>1158.0</ele>
    <time>2024-12-15T09:25:04Z</time>
   </trkpt>
   <trkpt lat="46.1661670" lon="6.7079520">
    <ele>1158.1</ele>
    <time>2024-12-15T09:25:05Z</time>
   </trkpt>
   <trkpt lat="46.1661570" lon="6.7079520">
    <ele>1158.3</ele>
    <time>2024-12-15T09:25:06Z</time>
   </trkpt>
   <trkpt lat="46.1661490" lon="6.7079550">
    <ele>1158.6</ele>
    <time>2024-12-15T09:25:07Z</time>
   </trkpt>
   <trkpt lat="46.1661430" lon="6.7079570">
    <ele>1158.7</ele>
    <time>2024-12-15T09:25:08Z</time>
   </trkpt>
   <trkpt lat="46.1661360" lon="6.7079590">
    <ele>1158.9</ele>
    <time>2024-12-15T09:25:09Z</time>
   </trkpt>
   <trkpt lat="46.1661270" lon="6.7079620">
    <ele>1159.2</ele>
    <time>2024-12-15T09:25:10Z</time>
   </trkpt>
   <trkpt lat="46.1661200" lon="6.7079620">
    <ele>1159.3</ele>
    <time>2024-12-15T09:25:11Z</time>
   </trkpt>
   <trkpt lat="46.1661180" lon="6.7079600">
    <ele>1159.4</ele>
    <time>2024-12-15T09:25:12Z</time>
   </trkpt>
   <trkpt lat="46.1661050" lon="6.7079600">
    <ele>1159.8</ele>
    <time>2024-12-15T09:25:13Z</time>
   </trkpt>
   <trkpt lat="46.1661030" lon="6.7079610">
    <ele>1159.8</ele>
    <time>2024-12-15T09:25:14Z</time>
   </trkpt>
   <trkpt lat="46.1660960" lon="6.7079550">
    <ele>1160.0</ele>
    <time>2024-12-15T09:25:15Z</time>
   </trkpt>
   <trkpt lat="46.1660890" lon="6.7079540">
    <ele>1160.2</ele>
    <time>2024-12-15T09:25:16Z</time>
   </trkpt>
   <trkpt lat="46.1660820" lon="6.7079510">
    <ele>1160.3</ele>
    <time>2024-12-15T09:25:17Z</time>
   </trkpt>
   <trkpt lat="46.1660730" lon="6.7079530">
    <ele>1160.6</ele>
    <time>2024-12-15T09:25:18Z</time>
   </trkpt>
   <trkpt lat="46.1660660" lon="6.7079550">
    <ele>1160.7</ele>
    <time>2024-12-15T09:25:19Z</time>
   </trkpt>
   <trkpt lat="46.1660680" lon="6.7079480">
    <ele>1160.9</ele>
    <time>2024-12-15T09:25:20Z</time>
   </trkpt>
   <trkpt lat="46.1660600" lon="6.7079440">
    <ele>1161.1</ele>
    <time>2024-12-15T09:25:21Z</time>
   </trkpt>
   <trkpt lat="46.1660530" lon="6.7079420">
    <ele>1161.2</ele>
    <time>2024-12-15T09:25:22Z</time>
   </trkpt>
   <trkpt lat="46.1660450" lon="6.7079410">
    <ele>1161.4</ele>
    <time>2024-12-15T09:25:23Z</time>
   </trkpt>
   <trkpt lat="46.1660390" lon="6.7079370">
    <ele>1161.5</ele>
    <time>2024-12-15T09:25:24Z</time>
   </trkpt>
   <trkpt lat="46.1660350" lon="6.7079350">
    <ele>1161.6</ele>
    <time>2024-12-15T09:25:25Z</time>
   </trkpt>
   <trkpt lat="46.1660240" lon="6.7079320">
    <ele>1161.9</ele>
    <time>2024-12-15T09:25:26Z</time>
   </trkpt>
   <trkpt lat="46.1660160" lon="6.7079250">
    <ele>1162.1</ele>
    <time>2024-12-15T09:25:27Z</time>
   </trkpt>
   <trkpt lat="46.1659310" lon="6.7079080">
    <ele>1163.8</ele>
    <time>2024-12-15T09:25:28Z</time>
   </trkpt>
   <trkpt lat="46.1658430" lon="6.7078970">
    <ele>1165.4</ele>
    <time>2024-12-15T09:25:29Z</time>
   </trkpt>
   <trkpt lat="46.1657550" lon="6.7078860">
    <ele>1166.8</ele>
    <time>2024-12-15T09:25:30Z</time>
   </trkpt>
   <trkpt lat="46.1656660" lon="6.7078750">
    <ele>1168.0</ele>
    <time>2024-12-15T09:25:31Z</time>
   </trkpt>
   <trkpt lat="46.1655780" lon="6.7078640">
    <ele>1168.8</ele>
    <time>2024-12-15T09:26:25Z</time>
   </trkpt>
   <trkpt lat="46.1654900" lon="6.7078530">
    <ele>1169.4</ele>
    <time>2024-12-15T09:26:26Z</time>
   </trkpt>
   <trkpt lat="46.1654540" lon="6.7078590">
    <ele>1169.5</ele>
    <time>2024-12-15T09:26:27Z</time>
   </trkpt>
   <trkpt lat="46.1654390" lon="6.7078660">
    <ele>1169.6</ele>
    <time>2024-12-15T09:26:28Z</time>
   </trkpt>
   <trkpt lat="46.1654120" lon="6.7078830">
    <ele>1169.7</ele>
    <time>2024-12-15T09:26:29Z</time>
   </trkpt>
   <trkpt lat="46.1654020" lon="6.7078920">
    <ele>1169.7</ele>
    <time>2024-12-15T09:26:30Z</time>
   </trkpt>
   <trkpt lat="46.1653750" lon="6.7079090">
    <ele>1169.7</ele>
    <time>2024-12-15T09:26:31Z</time>
   </trkpt>
   <trkpt lat="46.1653600" lon="6.7079160">
    <ele>1169.7</ele>
    <time>2024-12-15T09:26:32Z</time>
   </trkpt>
   <trkpt lat="46.1653230" lon="6.7079190">
    <ele>1169.6</ele>
    <time>2024-12-15T09:26:33Z</time>
   </trkpt>
   <trkpt lat="46.1653110" lon="6.7079180">
    <ele>1169.6</ele>
    <time>2024-12-15T09:26:34Z</time>
   </trkpt>
   <trkpt lat="46.1652840" lon="6.7079120">
    <ele>1169.6</ele>
    <time>2024-12-15T09:26:35Z</time>
   </trkpt>
   <trkpt lat="46.1652520" lon="6.7078910">
    <ele>1169.5</ele>
    <time>2024-12-15T09:26:36Z</time>
   </trkpt>
   <trkpt lat="46.1652430" lon="6.7078810">
    <ele>1169.6</ele>
    <time>2024-12-15T09:26:37Z</time>
   </trkpt>
   <trkpt lat="46.1652050" lon="6.7078590">
    <ele>1169.6</ele>
    <time>2024-12-15T09:26:38Z</time>
   </trkpt>
   <trkpt lat="46.1651910" lon="6.7078560">
    <ele>1169.7</ele>
    <time>2024-12-15T09:26:39Z</time>
   </trkpt>
   <trkpt lat="46.1651560" lon="6.7078350">
    <ele>1169.8</ele>
    <time>2024-12-15T09:26:40Z</time>
   </trkpt>
   <trkpt lat="46.1651450" lon="6.7078270">
    <ele>1169.8</ele>
    <time>2024-12-15T09:26:41Z</time>
   </trkpt>
   <trkpt lat="46.1651090" lon="6.7078060">
    <ele>1169.8</ele>
    <time>2024-12-15T09:26:42Z</time>
   </trkpt>
   <trkpt lat="46.1650960" lon="6.7077960">
    <ele>1169.8</ele>
    <time>2024-12-15T09:26:43Z</time>
   </trkpt>
   <trkpt lat="46.1650700" lon="6.7077680">
    <ele>1169.9</ele>
    <time>2024-12-15T09:26:44Z</time>
   </trkpt>
   <trkpt lat="46.1650600" lon="6.7077580">
    <ele>1169.9</ele>
    <time>2024-12-15T09:26:45Z</time>
   </trkpt>
   <trkpt lat="46.1650320" lon="6.7077310">
    <ele>1169.9</ele>
    <time>2024-12-15T09:26:46Z</time>
   </trkpt>
   <trkpt lat="46.1650210" lon="6.7077250">
    <ele>1169.9</ele>
    <time>2024-12-15T09:26:47Z</time>
   </trkpt>
   <trkpt lat="46.1649900" lon="6.7076950">
    <ele>1169.9</ele>
    <time>2024-12-15T09:26:48Z</time>
   </trkpt>
   <trkpt lat="46.1649810" lon="6.7076840">
    <ele>1169.9</ele>
    <time>2024-12-15T09:26:49Z</time>
   </trkpt>
   <trkpt lat="46.1649570" lon="6.7076560">
    <ele>1169.9</ele>
    <time>2024-12-15T09:26:50Z</time>
   </trkpt>
   <trkpt lat="46.1649330" lon="6.7076170">
    <ele>1169.9</ele>
    <time>2024-12-15T09:26:51Z</time>
   </trkpt>
   <trkpt lat="46.1649270" lon="6.7076000">
    <ele>1169.9</ele>
    <time>2024-12-15T09:26:52Z</time>
   </trkpt>
   <trkpt lat="46.1649180" lon="6.7075630">
    <ele>1169.9</ele>
    <time>2024-12-15T09:26:53Z</time>
   </trkpt>
   <trkpt lat="46.1649040" lon="6.7075260">
    <ele>1169.9</ele>
    <time>2024-12-15T09:26:54Z</time>
   </trkpt>
   <trkpt lat="46.1648980" lon="6.7074730">
    <ele>1169.9</ele>
    <time>2024-12-15T09:26:55Z</time>
   </trkpt>
   <trkpt lat="46.1648940" lon="6.7074570">
    <ele>1169.8</ele>
    <time>2024-12-15T09:26:56Z</time>
   </trkpt>
   <trkpt lat="46.1648800" lon="6.7074010">
    <ele>1169.8</ele>
    <time>2024-12-15T09:26:57Z</time>
   </trkpt>
   <trkpt lat="46.1648740" lon="6.7073810">
    <ele>1169.8</ele>
    <time>2024-12-15T09:26:58Z</time>
   </trkpt>
   <trkpt lat="46.1648590" lon="6.7073450">
    <ele>1169.8</ele>
    <time>2024-12-15T09:26:59Z</time>
   </trkpt>
   <trkpt lat="46.1648400" lon="6.7073010">
    <ele>1169.7</ele>
    <time>2024-12-15T09:27:00Z</time>
   </trkpt>
   <trkpt lat="46.1648360" lon="6.7072880">
    <ele>1169.7</ele>
    <time>2024-12-15T09:27:01Z</time>
   </trkpt>
   <trkpt lat="46.1648390" lon="6.7072470">
    <ele>1169.7</ele>
    <time>2024-12-15T09:27:02Z</time>
   </trkpt>
   <trkpt lat="46.1648070" lon="6.7072320">
    <ele>1169.6</ele>
    <time>2024-12-15T09:27:03Z</time>
   </trkpt>
   <trkpt lat="46.1647760" lon="6.7072220">
    <ele>1169.6</ele>
    <time>2024-12-15T09:27:04Z</time>
   </trkpt>
   <trkpt lat="46.1647640" lon="6.7072160">
    <ele>1169.6</ele>
    <time>2024-12-15T09:27:05Z</time>
   </trkpt>
   <trkpt lat="46.1647330" lon="6.7072040">
    <ele>1169.5</ele>
    <time>2024-12-15T09:27:06Z</time>
   </trkpt>
   <trkpt lat="46.1647220" lon="6.7071990">
    <ele>1169.5</ele>
    <time>2024-12-15T09:27:07Z</time>
   </trkpt>
   <trkpt lat="46.1646920" lon="6.7071920">
    <ele>1169.5</ele>
    <time>2024-12-15T09:27:08Z</time>
   </trkpt>
   <trkpt lat="46.1646820" lon="6.7071900">
    <ele>1169.4</ele>
    <time>2024-12-15T09:27:09Z</time>
   </trkpt>
   <trkpt lat="46.1646530" lon="6.7071790">
    <ele>1169.4</ele>
    <time>2024-12-15T09:27:10Z</time>
   </trkpt>
   <trkpt lat="46.1646440" lon="6.7071750">
    <ele>1169.4</ele>
    <time>2024-12-15T09:27:11Z</time>
   </trkpt>
   <trkpt lat="46.1646170" lon="6.7071580">
    <ele>1169.3</ele>
    <time>2024-12-15T09:27:12Z</time>
   </trkpt>
   <trkpt lat="46.1646060" lon="6.7071530">
    <ele>1169.3</ele>
    <time>2024-12-15T09:27:13Z</time>
   </trkpt>
   <trkpt lat="46.1645800" lon="6.7071370">
    <ele>1169.2</ele>
    <time>2024-12-15T09:27:14Z</time>
   </trkpt>
   <trkpt lat="46.1645690" lon="6.7071350">
    <ele>1169.2</ele>
    <time>2024-12-15T09:27:15Z</time>
   </trkpt>
   <trkpt lat="46.1645380" lon="6.7071240">
    <ele>1169.2</ele>
    <time>2024-12-15T09:27:16Z</time>
   </trkpt>
   <trkpt lat="46.1645260" lon="6.7071240">
    <ele>1169.2</ele>
    <time>2024-12-15T09:27:17Z</time>
   </trkpt>
   <trkpt lat="46.1644980" lon="6.7071200">
    <ele>1169.2</ele>
    <time>2024-12-15T09:27:18Z</time>
   </trkpt>
   <trkpt lat="46.1644650" lon="6.7071330">
    <ele>1169.2</ele>
    <time>2024-12-15T09:27:19Z</time>
   </trkpt>
   <trkpt lat="46.1644540" lon="6.7071380">
    <ele>1169.2</ele>
    <time>2024-12-15T09:27:20Z</time>
   </trkpt>
   <trkpt lat="46.1644280" lon="6.7071540">
    <ele>1169.2</ele>
    <time>2024-12-15T09:27:21Z</time>
   </trkpt>
   <trkpt lat="46.1643970" lon="6.7071900">
    <ele>1169.2</ele>
    <time>2024-12-15T09:27:22Z</time>
   </trkpt>
   <trkpt lat="46.1643850" lon="6.7071990">
    <ele>1169.2</ele>
    <time>2024-12-15T09:27:23Z</time>
   </trkpt>
   <trkpt lat="46.1643540" lon="6.7072220">
    <ele>1169.2</ele>
    <time>2024-12-15T09:27:24Z</time>
   </trkpt>
   <trkpt lat="46.1643440" lon="6.7072320">
    <ele>1169.2</ele>
    <time>2024-12-15T09:27:25Z</time>
   </trkpt>
   <trkpt lat="46.1643180" lon="6.7072600">
    <ele>1169.2</ele>
    <time>2024-12-15T09:27:26Z</time>
   </trkpt>
   <trkpt lat="46.1643090" lon="6.7072680">
    <ele>1169.2</ele>
    <time>2024-12-15T09:27:27Z</time>
   </trkpt>
   <trkpt lat="46.1642800" lon="6.7072990">
    <ele>1169.3</ele>
    <time>2024-12-15T09:27:28Z</time>
   </trkpt>
   <trkpt lat="46.1642690" lon="6.7073110">
    <ele>1169.3</ele>
    <time>2024-12-15T09:27:29Z</time>
   </trkpt>
   <trkpt lat="46.1642450" lon="6.7073430">
    <ele>1169.3</ele>
    <time>2024-12-15T09:27:30Z</time>
   </trkpt>
   <trkpt lat="46.1642370" lon="6.7073520">
    <ele>1169.4</ele>
    <time>2024-12-15T09:27:31Z</time>
   </trkpt>
   <trkpt lat="46.1642100" lon="6.7073830">
    <ele>1169.5</ele>
    <time>2024-12-15T09:27:32Z</time>
   </trkpt>
   <trkpt lat="46.1642010" lon="6.7073930">
    <ele>1169.5</ele>
    <time>2024-12-15T09:27:33Z</time>
   </trkpt>
   <trkpt lat="46.1641760" lon="6.7074200">
    <ele>1169.6</ele>
    <time>2024-12-15T09:27:34Z</time>
   </trkpt>
   <trkpt lat="46.1641670" lon="6.7074280">
    <ele>1169.6</ele>
    <time>2024-12-15T09:27:35Z</time>
   </trkpt>
   <trkpt lat="46.1641400" lon="6.7074510">
    <ele>1169.8</ele>
    <time>2024-12-15T09:27:36Z</time>
   </trkpt>
   <trkpt lat="46.1641320" lon="6.7074600">
    <ele>1169.8</ele>
    <time>2024-12-15T09:27:37Z</time>
   </trkpt>
   <trkpt lat="46.1641050" lon="6.7074860">
    <ele>1170.0</ele>
    <time>2024-12-15T09:27:38Z</time>
   </trkpt>
   <trkpt lat="46.1640950" lon="6.7074960">
    <ele>1170.0</ele>
    <time>2024-12-15T09:27:39Z</time>
   </trkpt>
   <trkpt lat="46.1640650" lon="6.7075160">
    <ele>1170.2</ele>
    <time>2024-12-15T09:27:40Z</time>
   </trkpt>
   <trkpt lat="46.1640560" lon="6.7075240">
    <ele>1170.3</ele>
    <time>2024-12-15T09:27:41Z</time>
   </trkpt>
   <trkpt lat="46.1640280" lon="6.7075450">
    <ele>1170.5</ele>
    <time>2024-12-15T09:27:42Z</time>
   </trkpt>
   <trkpt lat="46.1640190" lon="6.7075510">
    <ele>1170.5</ele>
    <time>2024-12-15T09:27:43Z</time>
   </trkpt>
   <trkpt lat="46.1639920" lon="6.7075730">
    <ele>1170.7</ele>
    <time>2024-12-15T09:27:44Z</time>
   </trkpt>
   <trkpt lat="46.1639840" lon="6.7075780">
    <ele>1170.8</ele>
    <time>2024-12-15T09:27:45Z</time>
   </trkpt>
   <trkpt lat="46.1639760" lon="6.7075850">
    <ele>1170.9</ele>
    <time>2024-12-15T09:27:46Z</time>
   </trkpt>
   <trkpt lat="46.1639600" lon="6.7075990">
    <ele>1171.0</ele>
    <time>2024-12-15T09:27:47Z</time>
   </trkpt>
   <trkpt lat="46.1639470" lon="6.7076050">
    <ele>1171.1</ele>
    <time>2024-12-15T09:27:48Z</time>
   </trkpt>
   <trkpt lat="46.1639330" lon="6.7076070">
    <ele>1171.3</ele>
    <time>2024-12-15T09:27:49Z</time>
   </trkpt>
   <trkpt lat="46.1639180" lon="6.7076100">
    <ele>1171.4</ele>
    <time>2024-12-15T09:27:50Z</time>
   </trkpt>
   <trkpt lat="46.1639050" lon="6.7076200">
    <ele>1171.5</ele>
    <time>2024-12-15T09:27:51Z</time>
   </trkpt>
   <trkpt lat="46.1638870" lon="6.7076310">
    <ele>1171.7</ele>
    <time>2024-12-15T09:27:52Z</time>
   </trkpt>
   <trkpt lat="46.1638770" lon="6.7076350">
    <ele>1171.8</ele>
    <time>2024-12-15T09:27:53Z</time>
   </trkpt>
   <trkpt lat="46.1638680" lon="6.7076390">
    <ele>1171.9</ele>
    <time>2024-12-15T09:27:54Z</time>
   </trkpt>
   <trkpt lat="46.1638540" lon="6.7076510">
    <ele>1172.1</ele>
    <time>2024-12-15T09:27:55Z</time>
   </trkpt>
   <trkpt lat="46.1638430" lon="6.7076570">
    <ele>1172.3</ele>
    <time>2024-12-15T09:27:56Z</time>
   </trkpt>
   <trkpt lat="46.1638300" lon="6.7076630">
    <ele>1172.4</ele>
    <time>2024-12-15T09:27:57Z</time>
   </trkpt>
   <trkpt lat="46.1638220" lon="6.7076660">
    <ele>1172.7</ele>
    <time>2024-12-15T09:27:58Z</time>
   </trkpt>
   <trkpt lat="46.1638140" lon="6.7076680">
    <ele>1172.9</ele>
    <time>2024-12-15T09:27:59Z</time>
   </trkpt>
   <trkpt lat="46.1638060" lon="6.7076710">
    <ele>1173.2</ele>
    <time>2024-12-15T09:28:00Z</time>
   </trkpt>
   <trkpt lat="46.1637980" lon="6.7076780">
    <ele>1173.5</ele>
    <time>2024-12-15T09:28:01Z</time>
   </trkpt>
   <trkpt lat="46.1637850" lon="6.7076820">
    <ele>1174.0</ele>
    <time>2024-12-15T09:28:02Z</time>
   </trkpt>
   <trkpt lat="46.1637770" lon="6.7076850">
    <ele>1174.2</ele>
    <time>2024-12-15T09:28:03Z</time>
   </trkpt>
   <trkpt lat="46.1637620" lon="6.7076910">
    <ele>1174.8</ele>
    <time>2024-12-15T09:28:04Z</time>
   </trkpt>
   <trkpt lat="46.1637580" lon="6.7076940">
    <ele>1174.9</ele>
    <time>2024-12-15T09:28:05Z</time>
   </trkpt>
   <trkpt lat="46.1637470" lon="6.7077010">
    <ele>1175.3</ele>
    <time>2024-12-15T09:28:06Z</time>
   </trkpt>
   <trkpt lat="46.1637410" lon="6.7077040">
    <ele>1175.5</ele>
    <time>2024-12-15T09:28:07Z</time>
   </trkpt>
   <trkpt lat="46.1637310" lon="6.7077090">
    <ele>1175.9</ele>
    <time>2024-12-15T09:28:08Z</time>
   </trkpt>
   <trkpt lat="46.1637240" lon="6.7077160">
    <ele>1176.2</ele>
    <time>2024-12-15T09:28:09Z</time>
   </trkpt>
   <trkpt lat="46.1637180" lon="6.7077200">
    <ele>1176.4</ele>
    <time>2024-12-15T09:28:10Z</time>
   </trkpt>
   <trkpt lat="46.1637030" lon="6.7077270">
    <ele>1176.9</ele>
    <time>2024-12-15T09:28:11Z</time>
   </trkpt>
   <trkpt lat="46.1636960" lon="6.7077290">
    <ele>1177.1</ele>
    <time>2024-12-15T09:28:12Z</time>
   </trkpt>
   <trkpt lat="46.1636900" lon="6.7077310">
    <ele>1177.3</ele>
    <time>2024-12-15T09:28:13Z</time>
   </trkpt>
   <trkpt lat="46.1636830" lon="6.7077330">
    <ele>1177.6</ele>
    <time>2024-12-15T09:28:14Z</time>
   </trkpt>
   <trkpt lat="46.1636720" lon="6.7077370">
    <ele>1177.9</ele>
    <time>2024-12-15T09:28:15Z</time>
   </trkpt>
   <trkpt lat="46.1636630" lon="6.7077400">
    <ele>1178.2</ele>
    <time>2024-12-15T09:28:16Z</time>
   </trkpt>
   <trkpt lat="46.1636560" lon="6.7077400">
    <ele>1178.4</ele>
    <time>2024-12-15T09:28:17Z</time>
   </trkpt>
   <trkpt lat="46.1636430" lon="6.7077420">
    <ele>1178.9</ele>
    <time>2024-12-15T09:28:18Z</time>
   </trkpt>
   <trkpt lat="46.1636280" lon="6.7077440">
    <ele>1179.3</ele>
    <time>2024-12-15T09:28:19Z</time>
   </trkpt>
   <trkpt lat="46.1636140" lon="6.7077460">
    <ele>1179.8</ele>
    <time>2024-12-15T09:28:20Z</time>
   </trkpt>
   <trkpt lat="46.1636070" lon="6.7077470">
    <ele>1180.0</ele>
    <time>2024-12-15T09:28:21Z</time>
   </trkpt>
   <trkpt lat="46.1636010" lon="6.7077470">
    <ele>1180.2</ele>
    <time>2024-12-15T09:28:22Z</time>
   </trkpt>
   <trkpt lat="46.1635940" lon="6.7077480">
    <ele>1180.4</ele>
    <time>2024-12-15T09:28:23Z</time>
   </trkpt>
   <trkpt lat="46.1635870" lon="6.7077490">
    <ele>1180.6</ele>
    <time>2024-12-15T09:28:24Z</time>
   </trkpt>
   <trkpt lat="46.1635740" lon="6.7077510">
    <ele>1180.9</ele>
    <time>2024-12-15T09:28:25Z</time>
   </trkpt>
   <trkpt lat="46.1635650" lon="6.7077540">
    <ele>1181.2</ele>
    <time>2024-12-15T09:28:26Z</time>
   </trkpt>
   <trkpt lat="46.1635540" lon="6.7077570">
    <ele>1181.5</ele>
    <time>2024-12-15T09:28:27Z</time>
   </trkpt>
   <trkpt lat="46.1635470" lon="6.7077570">
    <ele>1181.7</ele>
    <time>2024-12-15T09:28:28Z</time>
   </trkpt>
   <trkpt lat="46.1635350" lon="6.7077570">
    <ele>1182.1</ele>
    <time>2024-12-15T09:28:29Z</time>
   </trkpt>
   <trkpt lat="46.1635220" lon="6.7077560">
    <ele>1182.5</ele>
    <time>2024-12-15T09:28:30Z</time>
   </trkpt>
   <trkpt lat="46.1635130" lon="6.7077490">
    <ele>1182.7</ele>
    <time>2024-12-15T09:28:31Z</time>
   </trkpt>
   <trkpt lat="46.1634980" lon="6.7077490">
    <ele>1183.0</ele>
    <time>2024-12-15T09:28:32Z</time>
   </trkpt>
   <trkpt lat="46.1634900" lon="6.7077440">
    <ele>1183.1</ele>
    <time>2024-12-15T09:28:33Z</time>
   </trkpt>
   <trkpt lat="46.1634780" lon="6.7077400">
    <ele>1183.1</ele>
    <time>2024-12-15T09:28:34Z</time>
   </trkpt>
   <trkpt lat="46.1634630" lon="6.7077410">
    <ele>1183.2</ele>
    <time>2024-12-15T09:28:35Z</time>
   </trkpt>
   <trkpt lat="46.1634410" lon="6.7077450">
    <ele>1183.4</ele>
    <time>2024-12-15T09:28:36Z</time>
   </trkpt>
   <trkpt lat="46.1634330" lon="6.7077450">
    <ele>1183.4</ele>
    <time>2024-12-15T09:28:37Z</time>
   </trkpt>
   <trkpt lat="46.1634260" lon="6.7077460">
    <ele>1183.4</ele>
    <time>2024-12-15T09:28:38Z</time>
   </trkpt>
   <trkpt lat="46.1634150" lon="6.7077450">
    <ele>1183.5</ele>
    <time>2024-12-15T09:28:39Z</time>
   </trkpt>
   <trkpt lat="46.1634070" lon="6.7077470">
    <ele>1183.6</ele>
    <time>2024-12-15T09:28:40Z</time>
   </trkpt>
   <trkpt lat="46.1633960" lon="6.7077530">
    <ele>1183.6</ele>
    <time>2024-12-15T09:28:41Z</time>
   </trkpt>
   <trkpt lat="46.1633900" lon="6.7077520">
    <ele>1183.7</ele>
    <time>2024-12-15T09:28:42Z</time>
   </trkpt>
   <trkpt lat="46.1633800" lon="6.7077510">
    <ele>1183.7</ele>
    <time>2024-12-15T09:28:43Z</time>
   </trkpt>
   <trkpt lat="46.1633750" lon="6.7077510">
    <ele>1183.8</ele>
    <time>2024-12-15T09:28:44Z</time>
   </trkpt>
   <trkpt lat="46.1633650" lon="6.7077500">
    <ele>1183.8</ele>
    <time>2024-12-15T09:28:45Z</time>
   </trkpt>
   <trkpt lat="46.1633600" lon="6.7077460">
    <ele>1183.9</ele>
    <time>2024-12-15T09:28:46Z</time>
   </trkpt>
   <trkpt lat="46.1633550" lon="6.7077430">
    <ele>1183.9</ele>
    <time>2024-12-15T09:28:47Z</time>
   </trkpt>
   <trkpt lat="46.1633440" lon="6.7077370">
    <ele>1184.0</ele>
    <time>2024-12-15T09:28:48Z</time>
   </trkpt>
   <trkpt lat="46.1633380" lon="6.7077320">
    <ele>1184.1</ele>
    <time>2024-12-15T09:28:49Z</time>
   </trkpt>
   <trkpt lat="46.1633340" lon="6.7077280">
    <ele>1184.2</ele>
    <time>2024-12-15T09:28:50Z</time>
   </trkpt>
   <trkpt lat="46.1633290" lon="6.7077210">
    <ele>1184.3</ele>
    <time>2024-12-15T09:28:51Z</time>
   </trkpt>
   <trkpt lat="46.1633140" lon="6.7077130">
    <ele>1184.5</ele>
    <time>2024-12-15T09:28:52Z</time>
   </trkpt>
   <trkpt lat="46.1633030" lon="6.7077060">
    <ele>1184.6</ele>
    <time>2024-12-15T09:28:53Z</time>
   </trkpt>
   <trkpt lat="46.1633000" lon="6.7077000">
    <ele>1184.7</ele>
    <time>2024-12-15T09:28:54Z</time>
   </trkpt>
   <trkpt lat="46.1632900" lon="6.7076950">
    <ele>1184.8</ele>
    <time>2024-12-15T09:28:55Z</time>
   </trkpt>
   <trkpt lat="46.1632780" lon="6.7076880">
    <ele>1184.9</ele>
    <time>2024-12-15T09:28:56Z</time>
   </trkpt>
   <trkpt lat="46.1632670" lon="6.7076830">
    <ele>1185.1</ele>
    <time>2024-12-15T09:28:57Z</time>
   </trkpt>
   <trkpt lat="46.1632590" lon="6.7076770">
    <ele>1185.2</ele>
    <time>2024-12-15T09:28:58Z</time>
   </trkpt>
   <trkpt lat="46.1632530" lon="6.7076690">
    <ele>1185.3</ele>
    <time>2024-12-15T09:28:59Z</time>
   </trkpt>
   <trkpt lat="46.1632480" lon="6.7076610">
    <ele>1185.4</ele>
    <time>2024-12-15T09:29:00Z</time>
   </trkpt>
   <trkpt lat="46.1632380" lon="6.7076520">
    <ele>1185.5</ele>
    <time>2024-12-15T09:29:01Z</time>
   </trkpt>
   <trkpt lat="46.1632280" lon="6.7076420">
    <ele>1185.6</ele>
    <time>2024-12-15T09:29:02Z</time>
   </trkpt>
   <trkpt lat="46.1632200" lon="6.7076370">
    <ele>1185.7</ele>
    <time>2024-12-15T09:29:03Z</time>
   </trkpt>
   <trkpt lat="46.1632060" lon="6.7076270">
    <ele>1185.9</ele>
    <time>2024-12-15T09:29:04Z</time>
   </trkpt>
   <trkpt lat="46.1631940" lon="6.7076070">
    <ele>1186.1</ele>
    <time>2024-12-15T09:29:05Z</time>
   </trkpt>
   <trkpt lat="46.1631870" lon="6.7075970">
    <ele>1186.2</ele>
    <time>2024-12-15T09:29:06Z</time>
   </trkpt>
   <trkpt lat="46.1631790" lon="6.7075880">
    <ele>1186.3</ele>
    <time>2024-12-15T09:29:07Z</time>
   </trkpt>
   <trkpt lat="46.1631670" lon="6.7075760">
    <ele>1186.5</ele>
    <time>2024-12-15T09:29:08Z</time>
   </trkpt>
   <trkpt lat="46.1631590" lon="6.7075670">
    <ele>1186.6</ele>
    <time>2024-12-15T09:29:09Z</time>
   </trkpt>
   <trkpt lat="46.1631520" lon="6.7075540">
    <ele>1186.7</ele>
    <time>2024-12-15T09:29:10Z</time>
   </trkpt>
   <trkpt lat="46.1631420" lon="6.7075430">
    <ele>1186.9</ele>
    <time>2024-12-15T09:29:11Z</time>
   </trkpt>
   <trkpt lat="46.1631370" lon="6.7075350">
    <ele>1187.0</ele>
    <time>2024-12-15T09:29:12Z</time>
   </trkpt>
   <trkpt lat="46.1631300" lon="6.7075240">
    <ele>1187.1</ele>
    <time>2024-12-15T09:29:13Z</time>
   </trkpt>
   <trkpt lat="46.1631190" lon="6.7075120">
    <ele>1187.2</ele>
    <time>2024-12-15T09:29:14Z</time>
   </trkpt>
   <trkpt lat="46.1631020" lon="6.7074980">
    <ele>1187.5</ele>
    <time>2024-12-15T09:29:15Z</time>
   </trkpt>
   <trkpt lat="46.1630830" lon="6.7074780">
    <ele>1187.7</ele>
    <time>2024-12-15T09:29:16Z</time>
   </trkpt>
   <trkpt lat="46.1630750" lon="6.7074710">
    <ele>1187.8</ele>
    <time>2024-12-15T09:29:17Z</time>
   </trkpt>
   <trkpt lat="46.1630670" lon="6.7074650">
    <ele>1187.9</ele>
    <time>2024-12-15T09:29:18Z</time>
   </trkpt>
   <trkpt lat="46.1630520" lon="6.7074420">
    <ele>1188.2</ele>
    <time>2024-12-15T09:29:19Z</time>
   </trkpt>
   <trkpt lat="46.1630440" lon="6.7074360">
    <ele>1188.3</ele>
    <time>2024-12-15T09:29:20Z</time>
   </trkpt>
   <trkpt lat="46.1630370" lon="6.7074300">
    <ele>1188.3</ele>
    <time>2024-12-15T09:29:21Z</time>
   </trkpt>
   <trkpt lat="46.1630240" lon="6.7074220">
    <ele>1188.5</ele>
    <time>2024-12-15T09:29:22Z</time>
   </trkpt>
   <trkpt lat="46.1630180" lon="6.7074170">
    <ele>1188.6</ele>
    <time>2024-12-15T09:29:23Z</time>
   </trkpt>
   <trkpt lat="46.1630080" lon="6.7074070">
    <ele>1188.7</ele>
    <time>2024-12-15T09:29:24Z</time>
   </trkpt>
   <trkpt lat="46.1629990" lon="6.7074020">
    <ele>1188.8</ele>
    <time>2024-12-15T09:29:25Z</time>
   </trkpt>
   <trkpt lat="46.1629860" lon="6.7073940">
    <ele>1189.0</ele>
    <time>2024-12-15T09:29:26Z</time>
   </trkpt>
   <trkpt lat="46.1629860" lon="6.7073960">
    <ele>1189.0</ele>
    <time>2024-12-15T09:29:27Z</time>
   </trkpt>
   <trkpt lat="46.1629810" lon="6.7073890">
    <ele>1189.1</ele>
    <time>2024-12-15T09:29:28Z</time>
   </trkpt>
   <trkpt lat="46.1629750" lon="6.7073820">
    <ele>1189.1</ele>
    <time>2024-12-15T09:29:29Z</time>
   </trkpt>
   <trkpt lat="46.1629650" lon="6.7073690">
    <ele>1189.3</ele>
    <time>2024-12-15T09:29:30Z</time>
   </trkpt>
   <trkpt lat="46.1629560" lon="6.7073640">
    <ele>1189.4</ele>
    <time>2024-12-15T09:29:31Z</time>
   </trkpt>
   <trkpt lat="46.1629450" lon="6.7073460">
    <ele>1189.6</ele>
    <time>2024-12-15T09:29:32Z</time>
   </trkpt>
   <trkpt lat="46.1629400" lon="6.7073380">
    <ele>1189.7</ele>
    <time>2024-12-15T09:29:33Z</time>
   </trkpt>
   <trkpt lat="46.1629340" lon="6.7073290">
    <ele>1189.7</ele>
    <time>2024-12-15T09:29:34Z</time>
   </trkpt>
   <trkpt lat="46.1629280" lon="6.7073210">
    <ele>1189.8</ele>
    <time>2024-12-15T09:29:35Z</time>
   </trkpt>
   <trkpt lat="46.1629190" lon="6.7073070">
    <ele>1190.0</ele>
    <time>2024-12-15T09:29:36Z</time>
   </trkpt>
   <trkpt lat="46.1629120" lon="6.7072950">
    <ele>1190.1</ele>
    <time>2024-12-15T09:29:37Z</time>
   </trkpt>
   <trkpt lat="46.1629150" lon="6.7072920">
    <ele>1190.1</ele>
    <time>2024-12-15T09:29:38Z</time>
   </trkpt>
   <trkpt lat="46.1629040" lon="6.7072830">
    <ele>1190.3</ele>
    <time>2024-12-15T09:29:39Z</time>
   </trkpt>
   <trkpt lat="46.1628860" lon="6.7072660">
    <ele>1190.5</ele>
    <time>2024-12-15T09:29:40Z</time>
   </trkpt>
   <trkpt lat="46.1628790" lon="6.7072580">
    <ele>1190.6</ele>
    <time>2024-12-15T09:29:41Z</time>
   </trkpt>
   <trkpt lat="46.1628660" lon="6.7072330">
    <ele>1190.8</ele>
    <time>2024-12-15T09:29:42Z</time>
   </trkpt>
   <trkpt lat="46.1628600" lon="6.7072240">
    <ele>1190.9</ele>
    <time>2024-12-15T09:29:43Z</time>
   </trkpt>
   <trkpt lat="46.1628550" lon="6.7072160">
    <ele>1191.0</ele>
    <time>2024-12-15T09:29:44Z</time>
   </trkpt>
   <trkpt lat="46.1628420" lon="6.7072080">
    <ele>1191.2</ele>
    <time>2024-12-15T09:29:45Z</time>
   </trkpt>
   <trkpt lat="46.1628370" lon="6.7071920">
    <ele>1191.3</ele>
    <time>2024-12-15T09:29:46Z</time>
   </trkpt>
   <trkpt lat="46.1628320" lon="6.7071790">
    <ele>1191.4</ele>
    <time>2024-12-15T09:29:47Z</time>
   </trkpt>
   <trkpt lat="46.1628270" lon="6.7071690">
    <ele>1191.5</ele>
    <time>2024-12-15T09:29:48Z</time>
   </trkpt>
   <trkpt lat="46.1628230" lon="6.7071710">
    <ele>1191.6</ele>
    <time>2024-12-15T09:29:49Z</time>
   </trkpt>
   <trkpt lat="46.1628080" lon="6.7071650">
    <ele>1191.7</ele>
    <time>2024-12-15T09:29:50Z</time>
   </trkpt>
   <trkpt lat="46.1628040" lon="6.7071500">
    <ele>1191.8</ele>
    <time>2024-12-15T09:29:51Z</time>
   </trkpt>
   <trkpt lat="46.1627980" lon="6.7071380">
    <ele>1192.0</ele>
    <time>2024-12-15T09:29:52Z</time>
   </trkpt>
   <trkpt lat="46.1627810" lon="6.7071230">
    <ele>1192.2</ele>
    <time>2024-12-15T09:29:53Z</time>
   </trkpt>
   <trkpt lat="46.1627810" lon="6.7071130">
    <ele>1192.2</ele>
    <time>2024-12-15T09:29:54Z</time>
   </trkpt>
   <trkpt lat="46.1627800" lon="6.7070940">
    <ele>1192.4</ele>
    <time>2024-12-15T09:29:55Z</time>
   </trkpt>
   <trkpt lat="46.1627770" lon="6.7070770">
    <ele>1192.5</ele>
    <time>2024-12-15T09:29:56Z</time>
   </trkpt>
   <trkpt lat="46.1627690" lon="6.7070780">
    <ele>1192.6</ele>
    <time>2024-12-15T09:29:57Z</time>
   </trkpt>
   <trkpt lat="46.1627610" lon="6.7070600">
    <ele>1192.8</ele>
    <time>2024-12-15T09:29:58Z</time>
   </trkpt>
   <trkpt lat="46.1627540" lon="6.7070480">
    <ele>1192.9</ele>
    <time>2024-12-15T09:29:59Z</time>
   </trkpt>
   <trkpt lat="46.1627400" lon="6.7070380">
    <ele>1193.0</ele>
    <time>2024-12-15T09:30:00Z</time>
   </trkpt>
   <trkpt lat="46.1627330" lon="6.7070210">
    <ele>1193.2</ele>
    <time>2024-12-15T09:30:01Z</time>
   </trkpt>
   <trkpt lat="46.1627130" lon="6.7070030">
    <ele>1193.4</ele>
    <time>2024-12-15T09:30:02Z</time>
   </trkpt>
   <trkpt lat="46.1627050" lon="6.7069940">
    <ele>1193.5</ele>
    <time>2024-12-15T09:30:03Z</time>
   </trkpt>
   <trkpt lat="46.1626970" lon="6.7069860">
    <ele>1193.6</ele>
    <time>2024-12-15T09:30:04Z</time>
   </trkpt>
   <trkpt lat="46.1626830" lon="6.7069690">
    <ele>1193.8</ele>
    <time>2024-12-15T09:30:05Z</time>
   </trkpt>
   <trkpt lat="46.1626800" lon="6.7069610">
    <ele>1193.8</ele>
    <time>2024-12-15T09:30:06Z</time>
   </trkpt>
   <trkpt lat="46.1626690" lon="6.7069580">
    <ele>1193.9</ele>
    <time>2024-12-15T09:30:07Z</time>
   </trkpt>
   <trkpt lat="46.1626550" lon="6.7069450">
    <ele>1194.1</ele>
    <time>2024-12-15T09:30:08Z</time>
   </trkpt>
   <trkpt lat="46.1626470" lon="6.7069330">
    <ele>1194.2</ele>
    <time>2024-12-15T09:30:09Z</time>
   </trkpt>
   <trkpt lat="46.1626310" lon="6.7069330">
    <ele>1194.3</ele>
    <time>2024-12-15T09:30:10Z</time>
   </trkpt>
   <trkpt lat="46.1626310" lon="6.7069270">
    <ele>1194.4</ele>
    <time>2024-12-15T09:30:11Z</time>
   </trkpt>
   <trkpt lat="46.1626250" lon="6.7069080">
    <ele>1194.5</ele>
    <time>2024-12-15T09:30:12Z</time>
   </trkpt>
   <trkpt lat="46.1626210" lon="6.7068670">
    <ele>1194.8</ele>
    <time>2024-12-15T09:30:13Z</time>
   </trkpt>
   <trkpt lat="46.1626220" lon="6.7068510">
    <ele>1194.9</ele>
    <time>2024-12-15T09:30:14Z</time>
   </trkpt>
   <trkpt lat="46.1626080" lon="6.7068380">
    <ele>1195.1</ele>
    <time>2024-12-15T09:30:15Z</time>
   </trkpt>
   <trkpt lat="46.1626050" lon="6.7068180">
    <ele>1195.2</ele>
    <time>2024-12-15T09:30:16Z</time>
   </trkpt>
   <trkpt lat="46.1625980" lon="6.7068020">
    <ele>1195.3</ele>
    <time>2024-12-15T09:30:17Z</time>
   </trkpt>
   <trkpt lat="46.1625870" lon="6.7067880">
    <ele>1195.4</ele>
    <time>2024-12-15T09:30:18Z</time>
   </trkpt>
   <trkpt lat="46.1625720" lon="6.7067690">
    <ele>1195.6</ele>
    <time>2024-12-15T09:30:19Z</time>
   </trkpt>
   <trkpt lat="46.1625640" lon="6.7067610">
    <ele>1195.7</ele>
    <time>2024-12-15T09:30:20Z</time>
   </trkpt>
   <trkpt lat="46.1625500" lon="6.7067360">
    <ele>1195.9</ele>
    <time>2024-12-15T09:30:21Z</time>
   </trkpt>
   <trkpt lat="46.1625460" lon="6.7067260">
    <ele>1196.0</ele>
    <time>2024-12-15T09:30:22Z</time>
   </trkpt>
   <trkpt lat="46.1625430" lon="6.7067160">
    <ele>1196.1</ele>
    <time>2024-12-15T09:30:23Z</time>
   </trkpt>
   <trkpt lat="46.1625370" lon="6.7067090">
    <ele>1196.2</ele>
    <time>2024-12-15T09:30:24Z</time>
   </trkpt>
   <trkpt lat="46.1625300" lon="6.7067000">
    <ele>1196.3</ele>
    <time>2024-12-15T09:30:25Z</time>
   </trkpt>
   <trkpt lat="46.1625270" lon="6.7066770">
    <ele>1196.4</ele>
    <time>2024-12-15T09:30:26Z</time>
   </trkpt>
   <trkpt lat="46.1625120" lon="6.7066560">
    <ele>1196.6</ele>
    <time>2024-12-15T09:30:27Z</time>
   </trkpt>
   <trkpt lat="46.1625060" lon="6.7066470">
    <ele>1196.7</ele>
    <time>2024-12-15T09:30:28Z</time>
   </trkpt>
   <trkpt lat="46.1624950" lon="6.7066320">
    <ele>1196.9</ele>
    <time>2024-12-15T09:30:29Z</time>
   </trkpt>
   <trkpt lat="46.1624760" lon="6.7066250">
    <ele>1197.1</ele>
    <time>2024-12-15T09:30:30Z</time>
   </trkpt>
   <trkpt lat="46.1624530" lon="6.7066220">
    <ele>1197.3</ele>
    <time>2024-12-15T09:30:31Z</time>
   </trkpt>
   <trkpt lat="46.1624510" lon="6.7066080">
    <ele>1197.4</ele>
    <time>2024-12-15T09:30:32Z</time>
   </trkpt>
   <trkpt lat="46.1624450" lon="6.7065920">
    <ele>1197.6</ele>
    <time>2024-12-15T09:30:33Z</time>
   </trkpt>
   <trkpt lat="46.1624380" lon="6.7065730">
    <ele>1197.8</ele>
    <time>2024-12-15T09:30:34Z</time>
   </trkpt>
   <trkpt lat="46.1624190" lon="6.7065490">
    <ele>1198.0</ele>
    <time>2024-12-15T09:30:35Z</time>
   </trkpt>
   <trkpt lat="46.1624110" lon="6.7065360">
    <ele>1198.2</ele>
    <time>2024-12-15T09:30:36Z</time>
   </trkpt>
   <trkpt lat="46.1624020" lon="6.7065240">
    <ele>1198.3</ele>
    <time>2024-12-15T09:30:37Z</time>
   </trkpt>
   <trkpt lat="46.1623940" lon="6.7065070">
    <ele>1198.5</ele>
    <time>2024-12-15T09:30:38Z</time>
   </trkpt>
   <trkpt lat="46.1623840" lon="6.7064950">
    <ele>1198.6</ele>
    <time>2024-12-15T09:30:39Z</time>
   </trkpt>
   <trkpt lat="46.1623830" lon="6.7064640">
    <ele>1198.9</ele>
    <time>2024-12-15T09:30:40Z</time>
   </trkpt>
   <trkpt lat="46.1623810" lon="6.7064540">
    <ele>1199.0</ele>
    <time>2024-12-15T09:30:41Z</time>
   </trkpt>
   <trkpt lat="46.1623790" lon="6.7064430">
    <ele>1199.1</ele>
    <time>2024-12-15T09:30:42Z</time>
   </trkpt>
   <trkpt lat="46.1623650" lon="6.7064320">
    <ele>1199.3</ele>
    <time>2024-12-15T09:30:43Z</time>
   </trkpt>
   <trkpt lat="46.1623600" lon="6.7064240">
    <ele>1199.4</ele>
    <time>2024-12-15T09:30:44Z</time>
   </trkpt>
   <trkpt lat="46.1623490" lon="6.7064160">
    <ele>1199.5</ele>
    <time>2024-12-15T09:30:45Z</time>
   </trkpt>
   <trkpt lat="46.1623390" lon="6.7063960">
    <ele>1199.7</ele>
    <time>2024-12-15T09:30:46Z</time>
   </trkpt>
   <trkpt lat="46.1623280" lon="6.7063840">
    <ele>1199.9</ele>
    <time>2024-12-15T09:30:47Z</time>
   </trkpt>
   <trkpt lat="46.1623240" lon="6.7063670">
    <ele>1200.0</ele>
    <time>2024-12-15T09:30:48Z</time>
   </trkpt>
   <trkpt lat="46.1623200" lon="6.7063520">
    <ele>1200.2</ele>
    <time>2024-12-15T09:30:49Z</time>
   </trkpt>
   <trkpt lat="46.1623110" lon="6.7063450">
    <ele>1200.3</ele>
    <time>2024-12-15T09:30:50Z</time>
   </trkpt>
   <trkpt lat="46.1623050" lon="6.7063260">
    <ele>1200.5</ele>
    <time>2024-12-15T09:30:51Z</time>
   </trkpt>
   <trkpt lat="46.1623010" lon="6.7063090">
    <ele>1200.6</ele>
    <time>2024-12-15T09:30:52Z</time>
   </trkpt>
   <trkpt lat="46.1622910" lon="6.7063020">
    <ele>1200.7</ele>
    <time>2024-12-15T09:30:53Z</time>
   </trkpt>
   <trkpt lat="46.1622770" lon="6.7062680">
    <ele>1201.1</ele>
    <time>2024-12-15T09:30:54Z</time>
   </trkpt>
   <trkpt lat="46.1622780" lon="6.7062470">
    <ele>1201.3</ele>
    <time>2024-12-15T09:30:55Z</time>
   </trkpt>
   <trkpt lat="46.1622730" lon="6.7062330">
    <ele>1201.4</ele>
    <time>2024-12-15T09:30:56Z</time>
   </trkpt>
   <trkpt lat="46.1622690" lon="6.7062200">
    <ele>1201.5</ele>
    <time>2024-12-15T09:30:57Z</time>
   </trkpt>
   <trkpt lat="46.1622550" lon="6.7062120">
    <ele>1201.7</ele>
    <time>2024-12-15T09:30:58Z</time>
   </trkpt>
   <trkpt lat="46.1622470" lon="6.7061970">
    <ele>1201.9</ele>
    <time>2024-12-15T09:30:59Z</time>
   </trkpt>
   <trkpt lat="46.1622390" lon="6.7061820">
    <ele>1202.0</ele>
    <time>2024-12-15T09:31:00Z</time>
   </trkpt>
   <trkpt lat="46.1622280" lon="6.7061660">
    <ele>1202.2</ele>
    <time>2024-12-15T09:31:01Z</time>
   </trkpt>
   <trkpt lat="46.1622210" lon="6.7061480">
    <ele>1202.4</ele>
    <time>2024-12-15T09:31:02Z</time>
   </trkpt>
   <trkpt lat="46.1622130" lon="6.7061300">
    <ele>1202.6</ele>
    <time>2024-12-15T09:31:03Z</time>
   </trkpt>
   <trkpt lat="46.1622070" lon="6.7061160">
    <ele>1202.7</ele>
    <time>2024-12-15T09:31:04Z</time>
   </trkpt>
   <trkpt lat="46.1621910" lon="6.7060950">
    <ele>1203.0</ele>
    <time>2024-12-15T09:31:05Z</time>
   </trkpt>
   <trkpt lat="46.1621880" lon="6.7060760">
    <ele>1203.2</ele>
    <time>2024-12-15T09:31:06Z</time>
   </trkpt>
   <trkpt lat="46.1621800" lon="6.7060580">
    <ele>1203.4</ele>
    <time>2024-12-15T09:31:07Z</time>
   </trkpt>
   <trkpt lat="46.1621680" lon="6.7060370">
    <ele>1203.6</ele>
    <time>2024-12-15T09:31:08Z</time>
   </trkpt>
   <trkpt lat="46.1621630" lon="6.7060210">
    <ele>1203.8</ele>
    <time>2024-12-15T09:31:09Z</time>
   </trkpt>
   <trkpt lat="46.1621520" lon="6.7060070">
    <ele>1204.0</ele>
    <time>2024-12-15T09:31:10Z</time>
   </trkpt>
   <trkpt lat="46.1621460" lon="6.7059850">
    <ele>1204.2</ele>
    <time>2024-12-15T09:31:11Z</time>
   </trkpt>
   <trkpt lat="46.1621390" lon="6.7059700">
    <ele>1204.4</ele>
    <time>2024-12-15T09:31:12Z</time>
   </trkpt>
   <trkpt lat="46.1621270" lon="6.7059500">
    <ele>1204.6</ele>
    <time>2024-12-15T09:31:13Z</time>
   </trkpt>
   <trkpt lat="46.1621030" lon="6.7059280">
    <ele>1205.0</ele>
    <time>2024-12-15T09:31:14Z</time>
   </trkpt>
   <trkpt lat="46.1620940" lon="6.7059190">
    <ele>1205.2</ele>
    <time>2024-12-15T09:31:15Z</time>
   </trkpt>
   <trkpt lat="46.1620910" lon="6.7059000">
    <ele>1205.4</ele>
    <time>2024-12-15T09:31:16Z</time>
   </trkpt>
   <trkpt lat="46.1620770" lon="6.7058820">
    <ele>1205.6</ele>
    <time>2024-12-15T09:31:18Z</time>
   </trkpt>
   <trkpt lat="46.1620680" lon="6.7058580">
    <ele>1205.9</ele>
    <time>2024-12-15T09:31:19Z</time>
   </trkpt>
   <trkpt lat="46.1620610" lon="6.7058470">
    <ele>1206.0</ele>
    <time>2024-12-15T09:31:20Z</time>
   </trkpt>
   <trkpt lat="46.1620500" lon="6.7058290">
    <ele>1206.3</ele>
    <time>2024-12-15T09:31:21Z</time>
   </trkpt>
   <trkpt lat="46.1620450" lon="6.7058120">
    <ele>1206.5</ele>
    <time>2024-12-15T09:31:22Z</time>
   </trkpt>
   <trkpt lat="46.1620410" lon="6.7057950">
    <ele>1206.6</ele>
    <time>2024-12-15T09:31:23Z</time>
   </trkpt>
   <trkpt lat="46.1620310" lon="6.7057820">
    <ele>1206.8</ele>
    <time>2024-12-15T09:31:24Z</time>
   </trkpt>
   <trkpt lat="46.1620270" lon="6.7057680">
    <ele>1207.0</ele>
    <time>2024-12-15T09:31:25Z</time>
   </trkpt>
   <trkpt lat="46.1620200" lon="6.7057450">
    <ele>1207.2</ele>
    <time>2024-12-15T09:31:26Z</time>
   </trkpt>
   <trkpt lat="46.1620150" lon="6.7057250">
    <ele>1207.4</ele>
    <time>2024-12-15T09:31:27Z</time>
   </trkpt>
   <trkpt lat="46.1620080" lon="6.7057040">
    <ele>1207.6</ele>
    <time>2024-12-15T09:31:28Z</time>
   </trkpt>
   <trkpt lat="46.1620010" lon="6.7056790">
    <ele>1207.9</ele>
    <time>2024-12-15T09:31:29Z</time>
   </trkpt>
   <trkpt lat="46.1620120" lon="6.7056590">
    <ele>1208.1</ele>
    <time>2024-12-15T09:31:30Z</time>
   </trkpt>
   <trkpt lat="46.1620150" lon="6.7056370">
    <ele>1208.3</ele>
    <time>2024-12-15T09:31:31Z</time>
   </trkpt>
   <trkpt lat="46.1619990" lon="6.7056200">
    <ele>1208.6</ele>
    <time>2024-12-15T09:31:32Z</time>
   </trkpt>
   <trkpt lat="46.1619930" lon="6.7056110">
    <ele>1208.7</ele>
    <time>2024-12-15T09:31:33Z</time>
   </trkpt>
   <trkpt lat="46.1619860" lon="6.7055970">
    <ele>1208.8</ele>
    <time>2024-12-15T09:31:34Z</time>
   </trkpt>
   <trkpt lat="46.1619750" lon="6.7055750">
    <ele>1209.1</ele>
    <time>2024-12-15T09:31:35Z</time>
   </trkpt>
   <trkpt lat="46.1619700" lon="6.7055590">
    <ele>1209.3</ele>
    <time>2024-12-15T09:31:36Z</time>
   </trkpt>
   <trkpt lat="46.1619570" lon="6.7055400">
    <ele>1209.5</ele>
    <time>2024-12-15T09:31:37Z</time>
   </trkpt>
   <trkpt lat="46.1619480" lon="6.7055280">
    <ele>1209.7</ele>
    <time>2024-12-15T09:31:38Z</time>
   </trkpt>
   <trkpt lat="46.1619380" lon="6.7055130">
    <ele>1209.9</ele>
    <time>2024-12-15T09:31:39Z</time>
   </trkpt>
   <trkpt lat="46.1619250" lon="6.7054940">
    <ele>1210.1</ele>
    <time>2024-12-15T09:31:40Z</time>
   </trkpt>
   <trkpt lat="46.1619160" lon="6.7054820">
    <ele>1210.3</ele>
    <time>2024-12-15T09:31:41Z</time>
   </trkpt>
   <trkpt lat="46.1619120" lon="6.7054590">
    <ele>1210.6</ele>
    <time>2024-12-15T09:31:42Z</time>
   </trkpt>
   <trkpt lat="46.1619010" lon="6.7054450">
    <ele>1210.8</ele>
    <time>2024-12-15T09:31:43Z</time>
   </trkpt>
   <trkpt lat="46.1618900" lon="6.7054290">
    <ele>1211.0</ele>
    <time>2024-12-15T09:31:44Z</time>
   </trkpt>
   <trkpt lat="46.1618800" lon="6.7054150">
    <ele>1211.3</ele>
    <time>2024-12-15T09:31:45Z</time>
   </trkpt>
   <trkpt lat="46.1618670" lon="6.7054000">
    <ele>1211.5</ele>
    <time>2024-12-15T09:31:46Z</time>
   </trkpt>
   <trkpt lat="46.1618560" lon="6.7053880">
    <ele>1211.8</ele>
    <time>2024-12-15T09:31:47Z</time>
   </trkpt>
   <trkpt lat="46.1618460" lon="6.7053730">
    <ele>1212.0</ele>
    <time>2024-12-15T09:31:48Z</time>
   </trkpt>
   <trkpt lat="46.1618330" lon="6.7053620">
    <ele>1212.3</ele>
    <time>2024-12-15T09:31:49Z</time>
   </trkpt>
   <trkpt lat="46.1618200" lon="6.7053470">
    <ele>1212.5</ele>
    <time>2024-12-15T09:31:50Z</time>
   </trkpt>
   <trkpt lat="46.1618070" lon="6.7053350">
    <ele>1212.8</ele>
    <time>2024-12-15T09:31:51Z</time>
   </trkpt>
   <trkpt lat="46.1617940" lon="6.7053190">
    <ele>1213.1</ele>
    <time>2024-12-15T09:31:52Z</time>
   </trkpt>
   <trkpt lat="46.1617830" lon="6.7053090">
    <ele>1213.3</ele>
    <time>2024-12-15T09:31:53Z</time>
   </trkpt>
   <trkpt lat="46.1617740" lon="6.7052950">
    <ele>1213.6</ele>
    <time>2024-12-15T09:31:54Z</time>
   </trkpt>
   <trkpt lat="46.1617590" lon="6.7052840">
    <ele>1213.9</ele>
    <time>2024-12-15T09:31:55Z</time>
   </trkpt>
   <trkpt lat="46.1617510" lon="6.7052670">
    <ele>1214.2</ele>
    <time>2024-12-15T09:31:56Z</time>
   </trkpt>
   <trkpt lat="46.1617390" lon="6.7052550">
    <ele>1214.5</ele>
    <time>2024-12-15T09:31:57Z</time>
   </trkpt>
   <trkpt lat="46.1617280" lon="6.7052440">
    <ele>1214.7</ele>
    <time>2024-12-15T09:31:58Z</time>
   </trkpt>
   <trkpt lat="46.1617150" lon="6.7052250">
    <ele>1215.1</ele>
    <time>2024-12-15T09:31:59Z</time>
   </trkpt>
   <trkpt lat="46.1617080" lon="6.7052250">
    <ele>1215.2</ele>
    <time>2024-12-15T09:32:00Z</time>
   </trkpt>
   <trkpt lat="46.1616980" lon="6.7052110">
    <ele>1215.5</ele>
    <time>2024-12-15T09:32:01Z</time>
   </trkpt>
   <trkpt lat="46.1616880" lon="6.7052010">
    <ele>1215.7</ele>
    <time>2024-12-15T09:32:02Z</time>
   </trkpt>
   <trkpt lat="46.1616750" lon="6.7051910">
    <ele>1216.1</ele>
    <time>2024-12-15T09:32:03Z</time>
   </trkpt>
   <trkpt lat="46.1616620" lon="6.7051890">
    <ele>1216.3</ele>
    <time>2024-12-15T09:32:04Z</time>
   </trkpt>
   <trkpt lat="46.1616500" lon="6.7051670">
    <ele>1216.7</ele>
    <time>2024-12-15T09:32:05Z</time>
   </trkpt>
   <trkpt lat="46.1616400" lon="6.7051610">
    <ele>1217.0</ele>
    <time>2024-12-15T09:32:06Z</time>
   </trkpt>
   <trkpt lat="46.1616220" lon="6.7051430">
    <ele>1217.5</ele>
    <time>2024-12-15T09:32:07Z</time>
   </trkpt>
   <trkpt lat="46.1616150" lon="6.7051380">
    <ele>1217.6</ele>
    <time>2024-12-15T09:32:08Z</time>
   </trkpt>
   <trkpt lat="46.1616090" lon="6.7051330">
    <ele>1217.8</ele>
    <time>2024-12-15T09:32:09Z</time>
   </trkpt>
   <trkpt lat="46.1616020" lon="6.7051220">
    <ele>1218.0</ele>
    <time>2024-12-15T09:32:10Z</time>
   </trkpt>
   <trkpt lat="46.1615880" lon="6.7051120">
    <ele>1218.4</ele>
    <time>2024-12-15T09:32:11Z</time>
   </trkpt>
   <trkpt lat="46.1615820" lon="6.7051000">
    <ele>1218.6</ele>
    <time>2024-12-15T09:32:12Z</time>
   </trkpt>
   <trkpt lat="46.1615680" lon="6.7050880">
    <ele>1219.0</ele>
    <time>2024-12-15T09:32:13Z</time>
   </trkpt>
   <trkpt lat="46.1615570" lon="6.7050800">
    <ele>1219.3</ele>
    <time>2024-12-15T09:32:14Z</time>
   </trkpt>
   <trkpt lat="46.1615380" lon="6.7050680">
    <ele>1219.8</ele>
    <time>2024-12-15T09:32:15Z</time>
   </trkpt>
   <trkpt lat="46.1615280" lon="6.7050640">
    <ele>1220.0</ele>
    <time>2024-12-15T09:32:16Z</time>
   </trkpt>
   <trkpt lat="46.1615190" lon="6.7050610">
    <ele>1220.2</ele>
    <time>2024-12-15T09:32:17Z</time>
   </trkpt>
   <trkpt lat="46.1614980" lon="6.7050470">
    <ele>1220.8</ele>
    <time>2024-12-15T09:32:18Z</time>
   </trkpt>
   <trkpt lat="46.1614920" lon="6.7050420">
    <ele>1220.9</ele>
    <time>2024-12-15T09:32:19Z</time>
   </trkpt>
   <trkpt lat="46.1614850" lon="6.7050380">
    <ele>1221.1</ele>
    <time>2024-12-15T09:32:20Z</time>
   </trkpt>
   <trkpt lat="46.1614650" lon="6.7050190">
    <ele>1221.7</ele>
    <time>2024-12-15T09:32:21Z</time>
   </trkpt>
   <trkpt lat="46.1614570" lon="6.7050120">
    <ele>1221.9</ele>
    <time>2024-12-15T09:32:22Z</time>
   </trkpt>
   <trkpt lat="46.1614500" lon="6.7050050">
    <ele>1222.1</ele>
    <time>2024-12-15T09:32:23Z</time>
   </trkpt>
   <trkpt lat="46.1614380" lon="6.7049960">
    <ele>1222.4</ele>
    <time>2024-12-15T09:32:24Z</time>
   </trkpt>
   <trkpt lat="46.1614240" lon="6.7049890">
    <ele>1222.8</ele>
    <time>2024-12-15T09:32:25Z</time>
   </trkpt>
   <trkpt lat="46.1614010" lon="6.7049820">
    <ele>1223.3</ele>
    <time>2024-12-15T09:32:26Z</time>
   </trkpt>
   <trkpt lat="46.1613910" lon="6.7049810">
    <ele>1223.6</ele>
    <time>2024-12-15T09:32:27Z</time>
   </trkpt>
   <trkpt lat="46.1613820" lon="6.7049800">
    <ele>1223.8</ele>
    <time>2024-12-15T09:32:28Z</time>
   </trkpt>
   <trkpt lat="46.1613680" lon="6.7049760">
    <ele>1224.1</ele>
    <time>2024-12-15T09:32:29Z</time>
   </trkpt>
   <trkpt lat="46.1613550" lon="6.7049700">
    <ele>1224.4</ele>
    <time>2024-12-15T09:32:30Z</time>
   </trkpt>
   <trkpt lat="46.1613400" lon="6.7049670">
    <ele>1224.8</ele>
    <time>2024-12-15T09:32:31Z</time>
   </trkpt>
   <trkpt lat="46.1613300" lon="6.7049550">
    <ele>1225.1</ele>
    <time>2024-12-15T09:32:32Z</time>
   </trkpt>
   <trkpt lat="46.1613210" lon="6.7049430">
    <ele>1225.4</ele>
    <time>2024-12-15T09:32:33Z</time>
   </trkpt>
   <trkpt lat="46.1613090" lon="6.7049320">
    <ele>1225.7</ele>
    <time>2024-12-15T09:32:34Z</time>
   </trkpt>
   <trkpt lat="46.1612990" lon="6.7049300">
    <ele>1225.9</ele>
    <time>2024-12-15T09:32:35Z</time>
   </trkpt>
   <trkpt lat="46.1612820" lon="6.7049100">
    <ele>1226.4</ele>
    <time>2024-12-15T09:32:36Z</time>
   </trkpt>
   <trkpt lat="46.1612720" lon="6.7049040">
    <ele>1226.6</ele>
    <time>2024-12-15T09:32:37Z</time>
   </trkpt>
   <trkpt lat="46.1612630" lon="6.7048990">
    <ele>1226.8</ele>
    <time>2024-12-15T09:32:38Z</time>
   </trkpt>
   <trkpt lat="46.1612420" lon="6.7048890">
    <ele>1227.3</ele>
    <time>2024-12-15T09:32:39Z</time>
   </trkpt>
   <trkpt lat="46.1612350" lon="6.7048880">
    <ele>1227.4</ele>
    <time>2024-12-15T09:32:40Z</time>
   </trkpt>
   <trkpt lat="46.1612270" lon="6.7048860">
    <ele>1227.6</ele>
    <time>2024-12-15T09:32:41Z</time>
   </trkpt>
   <trkpt lat="46.1612170" lon="6.7048870">
    <ele>1227.8</ele>
    <time>2024-12-15T09:32:42Z</time>
   </trkpt>
   <trkpt lat="46.1612060" lon="6.7048950">
    <ele>1228.0</ele>
    <time>2024-12-15T09:32:43Z</time>
   </trkpt>
   <trkpt lat="46.1611940" lon="6.7048850">
    <ele>1228.3</ele>
    <time>2024-12-15T09:32:44Z</time>
   </trkpt>
   <trkpt lat="46.1611790" lon="6.7048850">
    <ele>1228.6</ele>
    <time>2024-12-15T09:32:45Z</time>
   </trkpt>
   <trkpt lat="46.1611670" lon="6.7048740">
    <ele>1228.8</ele>
    <time>2024-12-15T09:32:46Z</time>
   </trkpt>
   <trkpt lat="46.1611470" lon="6.7048590">
    <ele>1229.2</ele>
    <time>2024-12-15T09:32:47Z</time>
   </trkpt>
   <trkpt lat="46.1611350" lon="6.7048530">
    <ele>1229.4</ele>
    <time>2024-12-15T09:32:48Z</time>
   </trkpt>
   <trkpt lat="46.1611210" lon="6.7048490">
    <ele>1229.7</ele>
    <time>2024-12-15T09:32:49Z</time>
   </trkpt>
   <trkpt lat="46.1611090" lon="6.7048350">
    <ele>1229.9</ele>
    <time>2024-12-15T09:32:50Z</time>
   </trkpt>
   <trkpt lat="46.1610960" lon="6.7048270">
    <ele>1230.1</ele>
    <time>2024-12-15T09:32:51Z</time>
   </trkpt>
   <trkpt lat="46.1610800" lon="6.7048240">
    <ele>1230.3</ele>
    <time>2024-12-15T09:32:52Z</time>
   </trkpt>
   <trkpt lat="46.1610580" lon="6.7048250">
    <ele>1230.7</ele>
    <time>2024-12-15T09:32:53Z</time>
   </trkpt>
   <trkpt lat="46.1610500" lon="6.7048250">
    <ele>1230.8</ele>
    <time>2024-12-15T09:32:54Z</time>
   </trkpt>
   <trkpt lat="46.1610410" lon="6.7048250">
    <ele>1230.9</ele>
    <time>2024-12-15T09:32:55Z</time>
   </trkpt>
   <trkpt lat="46.1610290" lon="6.7048290">
    <ele>1231.0</ele>
    <time>2024-12-15T09:32:56Z</time>
   </trkpt>
   <trkpt lat="46.1610210" lon="6.7048290">
    <ele>1231.2</ele>
    <time>2024-12-15T09:32:57Z</time>
   </trkpt>
   <trkpt lat="46.1610110" lon="6.7048240">
    <ele>1231.3</ele>
    <time>2024-12-15T09:32:58Z</time>
   </trkpt>
   <trkpt lat="46.1609850" lon="6.7048220">
    <ele>1231.6</ele>
    <time>2024-12-15T09:32:59Z</time>
   </trkpt>
   <trkpt lat="46.1609730" lon="6.7048220">
    <ele>1231.7</ele>
    <time>2024-12-15T09:33:00Z</time>
   </trkpt>
   <trkpt lat="46.1609610" lon="6.7048220">
    <ele>1231.9</ele>
    <time>2024-12-15T09:33:01Z</time>
   </trkpt>
   <trkpt lat="46.1609520" lon="6.7048180">
    <ele>1232.0</ele>
    <time>2024-12-15T09:33:02Z</time>
   </trkpt>
   <trkpt lat="46.1609360" lon="6.7048230">
    <ele>1232.1</ele>
    <time>2024-12-15T09:33:03Z</time>
   </trkpt>
   <trkpt lat="46.1609260" lon="6.7048270">
    <ele>1232.2</ele>
    <time>2024-12-15T09:33:04Z</time>
   </trkpt>
   <trkpt lat="46.1609160" lon="6.7048210">
    <ele>1232.3</ele>
    <time>2024-12-15T09:33:05Z</time>
   </trkpt>
   <trkpt lat="46.1609080" lon="6.7048150">
    <ele>1232.4</ele>
    <time>2024-12-15T09:33:06Z</time>
   </trkpt>
   <trkpt lat="46.1608930" lon="6.7048120">
    <ele>1232.6</ele>
    <time>2024-12-15T09:33:07Z</time>
   </trkpt>
   <trkpt lat="46.1608850" lon="6.7048130">
    <ele>1232.6</ele>
    <time>2024-12-15T09:33:08Z</time>
   </trkpt>
   <trkpt lat="46.1608730" lon="6.7048090">
    <ele>1232.8</ele>
    <time>2024-12-15T09:33:09Z</time>
   </trkpt>
   <trkpt lat="46.1608510" lon="6.7048020">
    <ele>1233.0</ele>
    <time>2024-12-15T09:33:10Z</time>
   </trkpt>
   <trkpt lat="46.1608430" lon="6.7048000">
    <ele>1233.1</ele>
    <time>2024-12-15T09:33:11Z</time>
   </trkpt>
   <trkpt lat="46.1608350" lon="6.7047980">
    <ele>1233.1</ele>
    <time>2024-12-15T09:33:12Z</time>
   </trkpt>
   <trkpt lat="46.1608210" lon="6.7047930">
    <ele>1233.3</ele>
    <time>2024-12-15T09:33:13Z</time>
   </trkpt>
   <trkpt lat="46.1608050" lon="6.7047890">
    <ele>1233.4</ele>
    <time>2024-12-15T09:33:14Z</time>
   </trkpt>
   <trkpt lat="46.1607850" lon="6.7047810">
    <ele>1233.6</ele>
    <time>2024-12-15T09:33:15Z</time>
   </trkpt>
   <trkpt lat="46.1607780" lon="6.7047800">
    <ele>1233.6</ele>
    <time>2024-12-15T09:33:16Z</time>
   </trkpt>
   <trkpt lat="46.1607700" lon="6.7047780">
    <ele>1233.7</ele>
    <time>2024-12-15T09:33:17Z</time>
   </trkpt>
   <trkpt lat="46.1607490" lon="6.7047680">
    <ele>1233.9</ele>
    <time>2024-12-15T09:33:18Z</time>
   </trkpt>
   <trkpt lat="46.1607400" lon="6.7047620">
    <ele>1234.0</ele>
    <time>2024-12-15T09:33:19Z</time>
   </trkpt>
   <trkpt lat="46.1607320" lon="6.7047550">
    <ele>1234.1</ele>
    <time>2024-12-15T09:33:21Z</time>
   </trkpt>
   <trkpt lat="46.1607230" lon="6.7047490">
    <ele>1234.1</ele>
    <time>2024-12-15T09:33:22Z</time>
   </trkpt>
   <trkpt lat="46.1607150" lon="6.7047430">
    <ele>1234.2</ele>
    <time>2024-12-15T09:33:23Z</time>
   </trkpt>
   <trkpt lat="46.1607060" lon="6.7047370">
    <ele>1234.3</ele>
    <time>2024-12-15T09:33:24Z</time>
   </trkpt>
   <trkpt lat="46.1606880" lon="6.7047220">
    <ele>1234.5</ele>
    <time>2024-12-15T09:33:25Z</time>
   </trkpt>
   <trkpt lat="46.1606810" lon="6.7047170">
    <ele>1234.5</ele>
    <time>2024-12-15T09:33:26Z</time>
   </trkpt>
   <trkpt lat="46.1606730" lon="6.7047120">
    <ele>1234.6</ele>
    <time>2024-12-15T09:33:27Z</time>
   </trkpt>
   <trkpt lat="46.1606520" lon="6.7047070">
    <ele>1234.7</ele>
    <time>2024-12-15T09:33:28Z</time>
   </trkpt>
   <trkpt lat="46.1606430" lon="6.7047030">
    <ele>1234.8</ele>
    <time>2024-12-15T09:33:29Z</time>
   </trkpt>
   <trkpt lat="46.1606350" lon="6.7046990">
    <ele>1234.9</ele>
    <time>2024-12-15T09:33:30Z</time>
   </trkpt>
   <trkpt lat="46.1606180" lon="6.7046990">
    <ele>1235.0</ele>
    <time>2024-12-15T09:33:31Z</time>
   </trkpt>
   <trkpt lat="46.1606040" lon="6.7046980">
    <ele>1235.1</ele>
    <time>2024-12-15T09:33:32Z</time>
   </trkpt>
   <trkpt lat="46.1605920" lon="6.7046930">
    <ele>1235.2</ele>
    <time>2024-12-15T09:33:33Z</time>
   </trkpt>
   <trkpt lat="46.1605780" lon="6.7046810">
    <ele>1235.3</ele>
    <time>2024-12-15T09:33:34Z</time>
   </trkpt>
   <trkpt lat="46.1605690" lon="6.7046760">
    <ele>1235.4</ele>
    <time>2024-12-15T09:33:35Z</time>
   </trkpt>
   <trkpt lat="46.1605520" lon="6.7046710">
    <ele>1235.5</ele>
    <time>2024-12-15T09:33:36Z</time>
   </trkpt>
   <trkpt lat="46.1605440" lon="6.7046660">
    <ele>1235.6</ele>
    <time>2024-12-15T09:33:37Z</time>
   </trkpt>
   <trkpt lat="46.1605360" lon="6.7046570">
    <ele>1235.6</ele>
    <time>2024-12-15T09:33:38Z</time>
   </trkpt>
   <trkpt lat="46.1605230" lon="6.7046420">
    <ele>1235.7</ele>
    <time>2024-12-15T09:33:39Z</time>
   </trkpt>
   <trkpt lat="46.1605050" lon="6.7046310">
    <ele>1235.9</ele>
    <time>2024-12-15T09:33:40Z</time>
   </trkpt>
   <trkpt lat="46.1604940" lon="6.7046240">
    <ele>1236.0</ele>
    <time>2024-12-15T09:33:41Z</time>
   </trkpt>
   <trkpt lat="46.1604860" lon="6.7046100">
    <ele>1236.1</ele>
    <time>2024-12-15T09:33:42Z</time>
   </trkpt>
   <trkpt lat="46.1604780" lon="6.7045990">
    <ele>1236.1</ele>
    <time>2024-12-15T09:33:43Z</time>
   </trkpt>
   <trkpt lat="46.1604690" lon="6.7045910">
    <ele>1236.2</ele>
    <time>2024-12-15T09:33:44Z</time>
   </trkpt>
   <trkpt lat="46.1604460" lon="6.7045560">
    <ele>1236.5</ele>
    <time>2024-12-15T09:33:45Z</time>
   </trkpt>
   <trkpt lat="46.1604170" lon="6.7045310">
    <ele>1236.7</ele>
    <time>2024-12-15T09:33:46Z</time>
   </trkpt>
   <trkpt lat="46.1604070" lon="6.7045260">
    <ele>1236.8</ele>
    <time>2024-12-15T09:33:47Z</time>
   </trkpt>
   <trkpt lat="46.1603800" lon="6.7045010">
    <ele>1237.0</ele>
    <time>2024-12-15T09:33:48Z</time>
   </trkpt>
   <trkpt lat="46.1603710" lon="6.7044940">
    <ele>1237.1</ele>
    <time>2024-12-15T09:33:49Z</time>
   </trkpt>
   <trkpt lat="46.1603410" lon="6.7044760">
    <ele>1237.4</ele>
    <time>2024-12-15T09:33:50Z</time>
   </trkpt>
   <trkpt lat="46.1603280" lon="6.7044740">
    <ele>1237.5</ele>
    <time>2024-12-15T09:33:51Z</time>
   </trkpt>
   <trkpt lat="46.1602990" lon="6.7044390">
    <ele>1237.8</ele>
    <time>2024-12-15T09:33:52Z</time>
   </trkpt>
   <trkpt lat="46.1602860" lon="6.7044260">
    <ele>1237.9</ele>
    <time>2024-12-15T09:33:53Z</time>
   </trkpt>
   <trkpt lat="46.1602550" lon="6.7044100">
    <ele>1238.2</ele>
    <time>2024-12-15T09:33:54Z</time>
   </trkpt>
   <trkpt lat="46.1602460" lon="6.7044030">
    <ele>1238.3</ele>
    <time>2024-12-15T09:33:55Z</time>
   </trkpt>
   <trkpt lat="46.1602140" lon="6.7043930">
    <ele>1238.6</ele>
    <time>2024-12-15T09:33:56Z</time>
   </trkpt>
   <trkpt lat="46.1601790" lon="6.7043700">
    <ele>1239.0</ele>
    <time>2024-12-15T09:33:57Z</time>
   </trkpt>
   <trkpt lat="46.1601660" lon="6.7043650">
    <ele>1239.1</ele>
    <time>2024-12-15T09:33:58Z</time>
   </trkpt>
   <trkpt lat="46.1601310" lon="6.7043440">
    <ele>1239.5</ele>
    <time>2024-12-15T09:33:59Z</time>
   </trkpt>
   <trkpt lat="46.1601200" lon="6.7043380">
    <ele>1239.6</ele>
    <time>2024-12-15T09:34:00Z</time>
   </trkpt>
   <trkpt lat="46.1600920" lon="6.7043250">
    <ele>1239.9</ele>
    <time>2024-12-15T09:34:01Z</time>
   </trkpt>
   <trkpt lat="46.1600610" lon="6.7043010">
    <ele>1240.4</ele>
    <time>2024-12-15T09:34:02Z</time>
   </trkpt>
   <trkpt lat="46.1600250" lon="6.7042950">
    <ele>1240.8</ele>
    <time>2024-12-15T09:34:03Z</time>
   </trkpt>
   <trkpt lat="46.1600120" lon="6.7042850">
    <ele>1241.0</ele>
    <time>2024-12-15T09:34:04Z</time>
   </trkpt>
   <trkpt lat="46.1599820" lon="6.7042580">
    <ele>1241.5</ele>
    <time>2024-12-15T09:34:05Z</time>
   </trkpt>
   <trkpt lat="46.1599720" lon="6.7042450">
    <ele>1241.6</ele>
    <time>2024-12-15T09:34:06Z</time>
   </trkpt>
   <trkpt lat="46.1599360" lon="6.7042280">
    <ele>1242.2</ele>
    <time>2024-12-15T09:34:07Z</time>
   </trkpt>
   <trkpt lat="46.1599240" lon="6.7042160">
    <ele>1242.4</ele>
    <time>2024-12-15T09:34:08Z</time>
   </trkpt>
   <trkpt lat="46.1598970" lon="6.7041980">
    <ele>1242.8</ele>
    <time>2024-12-15T09:34:09Z</time>
   </trkpt>
   <trkpt lat="46.1598850" lon="6.7041980">
    <ele>1242.9</ele>
    <time>2024-12-15T09:34:10Z</time>
   </trkpt>
   <trkpt lat="46.1598600" lon="6.7041640">
    <ele>1243.4</ele>
    <time>2024-12-15T09:34:11Z</time>
   </trkpt>
   <trkpt lat="46.1598250" lon="6.7041550">
    <ele>1243.9</ele>
    <time>2024-12-15T09:34:12Z</time>
   </trkpt>
   <trkpt lat="46.1598140" lon="6.7041460">
    <ele>1244.1</ele>
    <time>2024-12-15T09:34:13Z</time>
   </trkpt>
   <trkpt lat="46.1597870" lon="6.7041210">
    <ele>1244.5</ele>
    <time>2024-12-15T09:34:14Z</time>
   </trkpt>
   <trkpt lat="46.1597790" lon="6.7041120">
    <ele>1244.6</ele>
    <time>2024-12-15T09:34:15Z</time>
   </trkpt>
   <trkpt lat="46.1597510" lon="6.7040960">
    <ele>1245.0</ele>
    <time>2024-12-15T09:34:16Z</time>
   </trkpt>
   <trkpt lat="46.1597420" lon="6.7040920">
    <ele>1245.1</ele>
    <time>2024-12-15T09:34:17Z</time>
   </trkpt>
   <trkpt lat="46.1597300" lon="6.7040740">
    <ele>1245.3</ele>
    <time>2024-12-15T09:34:18Z</time>
   </trkpt>
   <trkpt lat="46.1597170" lon="6.7040730">
    <ele>1245.5</ele>
    <time>2024-12-15T09:34:19Z</time>
   </trkpt>
   <trkpt lat="46.1597030" lon="6.7040630">
    <ele>1245.7</ele>
    <time>2024-12-15T09:34:20Z</time>
   </trkpt>
   <trkpt lat="46.1596900" lon="6.7040460">
    <ele>1245.9</ele>
    <time>2024-12-15T09:34:21Z</time>
   </trkpt>
   <trkpt lat="46.1596750" lon="6.7040360">
    <ele>1246.1</ele>
    <time>2024-12-15T09:34:22Z</time>
   </trkpt>
   <trkpt lat="46.1596690" lon="6.7040190">
    <ele>1246.2</ele>
    <time>2024-12-15T09:34:23Z</time>
   </trkpt>
   <trkpt lat="46.1596520" lon="6.7040100">
    <ele>1246.4</ele>
    <time>2024-12-15T09:34:24Z</time>
   </trkpt>
   <trkpt lat="46.1596370" lon="6.7040140">
    <ele>1246.6</ele>
    <time>2024-12-15T09:34:25Z</time>
   </trkpt>
   <trkpt lat="46.1596190" lon="6.7040080">
    <ele>1246.8</ele>
    <time>2024-12-15T09:34:26Z</time>
   </trkpt>
   <trkpt lat="46.1596150" lon="6.7039800">
    <ele>1247.0</ele>
    <time>2024-12-15T09:34:27Z</time>
   </trkpt>
   <trkpt lat="46.1596060" lon="6.7039510">
    <ele>1247.0</ele>
    <time>2024-12-15T09:34:28Z</time>
   </trkpt>
   <trkpt lat="46.1595890" lon="6.7039470">
    <ele>1247.0</ele>
    <time>2024-12-15T09:34:29Z</time>
   </trkpt>
   <trkpt lat="46.1595830" lon="6.7039240">
    <ele>1246.9</ele>
    <time>2024-12-15T09:34:30Z</time>
   </trkpt>
   <trkpt lat="46.1595830" lon="6.7039120">
    <ele>1246.9</ele>
    <time>2024-12-15T09:34:31Z</time>
   </trkpt>
   <trkpt lat="46.1595760" lon="6.7039050">
    <ele>1246.9</ele>
    <time>2024-12-15T09:34:32Z</time>
   </trkpt>
   <trkpt lat="46.1595730" lon="6.7038920">
    <ele>1246.9</ele>
    <time>2024-12-15T09:34:33Z</time>
   </trkpt>
   <trkpt lat="46.1595670" lon="6.7038740">
    <ele>1246.8</ele>
    <time>2024-12-15T09:34:34Z</time>
   </trkpt>
   <trkpt lat="46.1595670" lon="6.7038640">
    <ele>1246.8</ele>
    <time>2024-12-15T09:34:35Z</time>
   </trkpt>
   <trkpt lat="46.1595660" lon="6.7038490">
    <ele>1246.8</ele>
    <time>2024-12-15T09:34:36Z</time>
   </trkpt>
   <trkpt lat="46.1595610" lon="6.7038140">
    <ele>1246.7</ele>
    <time>2024-12-15T09:34:37Z</time>
   </trkpt>
   <trkpt lat="46.1595670" lon="6.7037900">
    <ele>1246.6</ele>
    <time>2024-12-15T09:34:38Z</time>
   </trkpt>
   <trkpt lat="46.1595670" lon="6.7037690">
    <ele>1246.6</ele>
    <time>2024-12-15T09:34:39Z</time>
   </trkpt>
   <trkpt lat="46.1595670" lon="6.7037480">
    <ele>1246.5</ele>
    <time>2024-12-15T09:34:40Z</time>
   </trkpt>
   <trkpt lat="46.1595640" lon="6.7037230">
    <ele>1246.4</ele>
    <time>2024-12-15T09:34:41Z</time>
   </trkpt>
   <trkpt lat="46.1595650" lon="6.7037070">
    <ele>1246.4</ele>
    <time>2024-12-15T09:34:42Z</time>
   </trkpt>
   <trkpt lat="46.1595650" lon="6.7036900">
    <ele>1246.3</ele>
    <time>2024-12-15T09:34:43Z</time>
   </trkpt>
   <trkpt lat="46.1595710" lon="6.7036750">
    <ele>1246.2</ele>
    <time>2024-12-15T09:34:44Z</time>
   </trkpt>
   <trkpt lat="46.1595770" lon="6.7036520">
    <ele>1246.1</ele>
    <time>2024-12-15T09:34:45Z</time>
   </trkpt>
   <trkpt lat="46.1595740" lon="6.7036280">
    <ele>1246.0</ele>
    <time>2024-12-15T09:34:46Z</time>
   </trkpt>
   <trkpt lat="46.1595610" lon="6.7036100">
    <ele>1245.9</ele>
    <time>2024-12-15T09:34:47Z</time>
   </trkpt>
   <trkpt lat="46.1595690" lon="6.7035700">
    <ele>1245.8</ele>
    <time>2024-12-15T09:34:48Z</time>
   </trkpt>
   <trkpt lat="46.1595400" lon="6.7035080">
    <ele>1245.6</ele>
    <time>2024-12-15T09:34:49Z</time>
   </trkpt>
   <trkpt lat="46.1595130" lon="6.7034640">
    <ele>1245.6</ele>
    <time>2024-12-15T09:34:50Z</time>
   </trkpt>
   <trkpt lat="46.1594860" lon="6.7034110">
    <ele>1245.8</ele>
    <time>2024-12-15T09:34:51Z</time>
   </trkpt>
   <trkpt lat="46.1594680" lon="6.7033550">
    <ele>1246.1</ele>
    <time>2024-12-15T09:34:52Z</time>
   </trkpt>
   <trkpt lat="46.1594610" lon="6.7033330">
    <ele>1246.3</ele>
    <time>2024-12-15T09:34:53Z</time>
   </trkpt>
   <trkpt lat="46.1594570" lon="6.7032910">
    <ele>1246.6</ele>
    <time>2024-12-15T09:34:54Z</time>
   </trkpt>
   <trkpt lat="46.1594620" lon="6.7032760">
    <ele>1246.8</ele>
    <time>2024-12-15T09:34:55Z</time>
   </trkpt>
   <trkpt lat="46.1594620" lon="6.7032320">
    <ele>1247.2</ele>
    <time>2024-12-15T09:34:56Z</time>
   </trkpt>
   <trkpt lat="46.1594670" lon="6.7031870">
    <ele>1247.7</ele>
    <time>2024-12-15T09:34:57Z</time>
   </trkpt>
   <trkpt lat="46.1594630" lon="6.7031340">
    <ele>1248.2</ele>
    <time>2024-12-15T09:34:58Z</time>
   </trkpt>
   <trkpt lat="46.1594600" lon="6.7031160">
    <ele>1248.4</ele>
    <time>2024-12-15T09:34:59Z</time>
   </trkpt>
   <trkpt lat="46.1594550" lon="6.7030710">
    <ele>1248.7</ele>
    <time>2024-12-15T09:35:00Z</time>
   </trkpt>
   <trkpt lat="46.1594530" lon="6.7030560">
    <ele>1248.8</ele>
    <time>2024-12-15T09:35:01Z</time>
   </trkpt>
   <trkpt lat="46.1594390" lon="6.7029840">
    <ele>1249.1</ele>
    <time>2024-12-15T09:35:02Z</time>
   </trkpt>
   <trkpt lat="46.1594310" lon="6.7029290">
    <ele>1248.8</ele>
    <time>2024-12-15T09:35:11Z</time>
   </trkpt>
   <trkpt lat="46.1594230" lon="6.7028740">
    <ele>1248.6</ele>
    <time>2024-12-15T09:35:12Z</time>
   </trkpt>
   <trkpt lat="46.1594360" lon="6.7028280">
    <ele>1248.3</ele>
    <time>2024-12-15T09:35:13Z</time>
   </trkpt>
   <trkpt lat="46.1594400" lon="6.7028150">
    <ele>1248.3</ele>
    <time>2024-12-15T09:35:14Z</time>
   </trkpt>
   <trkpt lat="46.1594350" lon="6.7027680">
    <ele>1248.0</ele>
    <time>2024-12-15T09:35:15Z</time>
   </trkpt>
   <trkpt lat="46.1594350" lon="6.7027560">
    <ele>1247.9</ele>
    <time>2024-12-15T09:35:16Z</time>
   </trkpt>
   <trkpt lat="46.1594370" lon="6.7027080">
    <ele>1247.6</ele>
    <time>2024-12-15T09:35:17Z</time>
   </trkpt>
   <trkpt lat="46.1594340" lon="6.7026940">
    <ele>1247.5</ele>
    <time>2024-12-15T09:35:18Z</time>
   </trkpt>
   <trkpt lat="46.1594160" lon="6.7026470">
    <ele>1247.2</ele>
    <time>2024-12-15T09:35:19Z</time>
   </trkpt>
   <trkpt lat="46.1594080" lon="6.7026290">
    <ele>1247.0</ele>
    <time>2024-12-15T09:35:20Z</time>
   </trkpt>
   <trkpt lat="46.1593910" lon="6.7025900">
    <ele>1246.7</ele>
    <time>2024-12-15T09:35:21Z</time>
   </trkpt>
   <trkpt lat="46.1593640" lon="6.7025430">
    <ele>1246.2</ele>
    <time>2024-12-15T09:35:23Z</time>
   </trkpt>
   <trkpt lat="46.1593550" lon="6.7025290">
    <ele>1246.0</ele>
    <time>2024-12-15T09:35:24Z</time>
   </trkpt>
   <trkpt lat="46.1593460" lon="6.7025140">
    <ele>1245.9</ele>
    <time>2024-12-15T09:35:25Z</time>
   </trkpt>
   <trkpt lat="46.1593180" lon="6.7024910">
    <ele>1245.5</ele>
    <time>2024-12-15T09:35:26Z</time>
   </trkpt>
   <trkpt lat="46.1592970" lon="6.7024650">
    <ele>1245.2</ele>
    <time>2024-12-15T09:35:27Z</time>
   </trkpt>
   <trkpt lat="46.1592660" lon="6.7024350">
    <ele>1244.9</ele>
    <time>2024-12-15T09:35:28Z</time>
   </trkpt>
   <trkpt lat="46.1592290" lon="6.7024100">
    <ele>1244.5</ele>
    <time>2024-12-15T09:35:29Z</time>
   </trkpt>
   <trkpt lat="46.1592110" lon="6.7024030">
    <ele>1244.3</ele>
    <time>2024-12-15T09:35:30Z</time>
   </trkpt>
   <trkpt lat="46.1591870" lon="6.7023800">
    <ele>1244.1</ele>
    <time>2024-12-15T09:35:31Z</time>
   </trkpt>
   <trkpt lat="46.1591560" lon="6.7023300">
    <ele>1243.7</ele>
    <time>2024-12-15T09:35:32Z</time>
   </trkpt>
   <trkpt lat="46.1591430" lon="6.7023040">
    <ele>1243.6</ele>
    <time>2024-12-15T09:35:33Z</time>
   </trkpt>
   <trkpt lat="46.1591220" lon="6.7022640">
    <ele>1243.3</ele>
    <time>2024-12-15T09:35:34Z</time>
   </trkpt>
   <trkpt lat="46.1591150" lon="6.7022430">
    <ele>1243.2</ele>
    <time>2024-12-15T09:35:35Z</time>
   </trkpt>
   <trkpt lat="46.1591030" lon="6.7022030">
    <ele>1243.0</ele>
    <time>2024-12-15T09:35:36Z</time>
   </trkpt>
   <trkpt lat="46.1590880" lon="6.7021540">
    <ele>1242.8</ele>
    <time>2024-12-15T09:35:37Z</time>
   </trkpt>
   <trkpt lat="46.1590640" lon="6.7021210">
    <ele>1242.6</ele>
    <time>2024-12-15T09:35:38Z</time>
   </trkpt>
   <trkpt lat="46.1590450" lon="6.7020650">
    <ele>1242.4</ele>
    <time>2024-12-15T09:35:39Z</time>
   </trkpt>
   <trkpt lat="46.1590310" lon="6.7020140">
    <ele>1242.3</ele>
    <time>2024-12-15T09:35:40Z</time>
   </trkpt>
   <trkpt lat="46.1590240" lon="6.7019700">
    <ele>1242.1</ele>
    <time>2024-12-15T09:35:41Z</time>
   </trkpt>
   <trkpt lat="46.1589990" lon="6.7019170">
    <ele>1242.0</ele>
    <time>2024-12-15T09:35:42Z</time>
   </trkpt>
   <trkpt lat="46.1589900" lon="6.7018950">
    <ele>1241.9</ele>
    <time>2024-12-15T09:35:43Z</time>
   </trkpt>
   <trkpt lat="46.1589750" lon="6.7018540">
    <ele>1241.8</ele>
    <time>2024-12-15T09:35:44Z</time>
   </trkpt>
   <trkpt lat="46.1589520" lon="6.7018230">
    <ele>1241.7</ele>
    <time>2024-12-15T09:35:45Z</time>
   </trkpt>
   <trkpt lat="46.1589330" lon="6.7017950">
    <ele>1241.6</ele>
    <time>2024-12-15T09:35:46Z</time>
   </trkpt>
   <trkpt lat="46.1589070" lon="6.7017570">
    <ele>1241.6</ele>
    <time>2024-12-15T09:35:47Z</time>
   </trkpt>
   <trkpt lat="46.1588850" lon="6.7017230">
    <ele>1241.5</ele>
    <time>2024-12-15T09:35:48Z</time>
   </trkpt>
   <trkpt lat="46.1588580" lon="6.7016950">
    <ele>1241.4</ele>
    <time>2024-12-15T09:35:49Z</time>
   </trkpt>
   <trkpt lat="46.1588340" lon="6.7016610">
    <ele>1241.3</ele>
    <time>2024-12-15T09:35:50Z</time>
   </trkpt>
   <trkpt lat="46.1588200" lon="6.7016160">
    <ele>1241.3</ele>
    <time>2024-12-15T09:35:51Z</time>
   </trkpt>
   <trkpt lat="46.1588090" lon="6.7015990">
    <ele>1241.2</ele>
    <time>2024-12-15T09:35:52Z</time>
   </trkpt>
   <trkpt lat="46.1587990" lon="6.7015500">
    <ele>1241.2</ele>
    <time>2024-12-15T09:35:53Z</time>
   </trkpt>
   <trkpt lat="46.1588010" lon="6.7014860">
    <ele>1241.1</ele>
    <time>2024-12-15T09:35:54Z</time>
   </trkpt>
   <trkpt lat="46.1588050" lon="6.7014600">
    <ele>1241.0</ele>
    <time>2024-12-15T09:35:55Z</time>
   </trkpt>
   <trkpt lat="46.1588030" lon="6.7014180">
    <ele>1240.8</ele>
    <time>2024-12-15T09:35:56Z</time>
   </trkpt>
   <trkpt lat="46.1588220" lon="6.7013880">
    <ele>1240.6</ele>
    <time>2024-12-15T09:35:57Z</time>
   </trkpt>
   <trkpt lat="46.1588410" lon="6.7013430">
    <ele>1240.3</ele>
    <time>2024-12-15T09:35:58Z</time>
   </trkpt>
   <trkpt lat="46.1588480" lon="6.7013270">
    <ele>1240.3</ele>
    <time>2024-12-15T09:35:59Z</time>
   </trkpt>
   <trkpt lat="46.1588630" lon="6.7012850">
    <ele>1240.1</ele>
    <time>2024-12-15T09:36:00Z</time>
   </trkpt>
   <trkpt lat="46.1588970" lon="6.7012690">
    <ele>1239.9</ele>
    <time>2024-12-15T09:36:01Z</time>
   </trkpt>
   <trkpt lat="46.1589370" lon="6.7012550">
    <ele>1239.6</ele>
    <time>2024-12-15T09:36:02Z</time>
   </trkpt>
   <trkpt lat="46.1589820" lon="6.7012650">
    <ele>1239.3</ele>
    <time>2024-12-15T09:36:03Z</time>
   </trkpt>
   <trkpt lat="46.1590140" lon="6.7012780">
    <ele>1239.1</ele>
    <time>2024-12-15T09:36:04Z</time>
   </trkpt>
   <trkpt lat="46.1590460" lon="6.7013010">
    <ele>1238.9</ele>
    <time>2024-12-15T09:36:05Z</time>
   </trkpt>
   <trkpt lat="46.1590760" lon="6.7013130">
    <ele>1238.8</ele>
    <time>2024-12-15T09:36:06Z</time>
   </trkpt>
   <trkpt lat="46.1591130" lon="6.7013400">
    <ele>1238.6</ele>
    <time>2024-12-15T09:36:07Z</time>
   </trkpt>
   <trkpt lat="46.1591270" lon="6.7013530">
    <ele>1238.5</ele>
    <time>2024-12-15T09:36:08Z</time>
   </trkpt>
   <trkpt lat="46.1591610" lon="6.7013650">
    <ele>1238.3</ele>
    <time>2024-12-15T09:36:09Z</time>
   </trkpt>
   <trkpt lat="46.1591900" lon="6.7013980">
    <ele>1238.2</ele>
    <time>2024-12-15T09:36:10Z</time>
   </trkpt>
   <trkpt lat="46.1592230" lon="6.7014340">
    <ele>1238.0</ele>
    <time>2024-12-15T09:36:11Z</time>
   </trkpt>
   <trkpt lat="46.1592590" lon="6.7014610">
    <ele>1237.9</ele>
    <time>2024-12-15T09:36:12Z</time>
   </trkpt>
   <trkpt lat="46.1592720" lon="6.7014710">
    <ele>1237.8</ele>
    <time>2024-12-15T09:36:13Z</time>
   </trkpt>
   <trkpt lat="46.1593080" lon="6.7014910">
    <ele>1237.7</ele>
    <time>2024-12-15T09:36:14Z</time>
   </trkpt>
   <trkpt lat="46.1593400" lon="6.7015110">
    <ele>1237.6</ele>
    <time>2024-12-15T09:36:15Z</time>
   </trkpt>
   <trkpt lat="46.1593790" lon="6.7015340">
    <ele>1237.5</ele>
    <time>2024-12-15T09:36:16Z</time>
   </trkpt>
   <trkpt lat="46.1593920" lon="6.7015450">
    <ele>1237.4</ele>
    <time>2024-12-15T09:36:17Z</time>
   </trkpt>
   <trkpt lat="46.1594200" lon="6.7015530">
    <ele>1237.3</ele>
    <time>2024-12-15T09:36:18Z</time>
   </trkpt>
   <trkpt lat="46.1594460" lon="6.7015730">
    <ele>1237.2</ele>
    <time>2024-12-15T09:36:19Z</time>
   </trkpt>
   <trkpt lat="46.1594780" lon="6.7015610">
    <ele>1237.1</ele>
    <time>2024-12-15T09:36:20Z</time>
   </trkpt>
   <trkpt lat="46.1595140" lon="6.7015810">
    <ele>1236.9</ele>
    <time>2024-12-15T09:36:21Z</time>
   </trkpt>
   <trkpt lat="46.1595280" lon="6.7015820">
    <ele>1236.9</ele>
    <time>2024-12-15T09:36:22Z</time>
   </trkpt>
   <trkpt lat="46.1595590" lon="6.7015910">
    <ele>1236.8</ele>
    <time>2024-12-15T09:36:23Z</time>
   </trkpt>
   <trkpt lat="46.1595870" lon="6.7015920">
    <ele>1236.7</ele>
    <time>2024-12-15T09:36:24Z</time>
   </trkpt>
   <trkpt lat="46.1596260" lon="6.7016130">
    <ele>1236.5</ele>
    <time>2024-12-15T09:36:25Z</time>
   </trkpt>
   <trkpt lat="46.1596580" lon="6.7016290">
    <ele>1236.4</ele>
    <time>2024-12-15T09:36:26Z</time>
   </trkpt>
   <trkpt lat="46.1596910" lon="6.7016410">
    <ele>1236.3</ele>
    <time>2024-12-15T09:36:27Z</time>
   </trkpt>
   <trkpt lat="46.1597220" lon="6.7016480">
    <ele>1236.2</ele>
    <time>2024-12-15T09:36:28Z</time>
   </trkpt>
   <trkpt lat="46.1597630" lon="6.7016620">
    <ele>1236.1</ele>
    <time>2024-12-15T09:36:29Z</time>
   </trkpt>
   <trkpt lat="46.1597920" lon="6.7016640">
    <ele>1236.1</ele>
    <time>2024-12-15T09:36:30Z</time>
   </trkpt>
   <trkpt lat="46.1598220" lon="6.7016670">
    <ele>1236.0</ele>
    <time>2024-12-15T09:36:31Z</time>
   </trkpt>
   <trkpt lat="46.1598560" lon="6.7016840">
    <ele>1236.0</ele>
    <time>2024-12-15T09:36:32Z</time>
   </trkpt>
   <trkpt lat="46.1598950" lon="6.7017070">
    <ele>1235.9</ele>
    <time>2024-12-15T09:36:33Z</time>
   </trkpt>
   <trkpt lat="46.1599220" lon="6.7017280">
    <ele>1235.9</ele>
    <time>2024-12-15T09:36:34Z</time>
   </trkpt>
   <trkpt lat="46.1599580" lon="6.7017640">
    <ele>1235.9</ele>
    <time>2024-12-15T09:36:35Z</time>
   </trkpt>
   <trkpt lat="46.1599730" lon="6.7017790">
    <ele>1235.9</ele>
    <time>2024-12-15T09:36:36Z</time>
   </trkpt>
   <trkpt lat="46.1600090" lon="6.7018040">
    <ele>1235.9</ele>
    <time>2024-12-15T09:36:37Z</time>
   </trkpt>
   <trkpt lat="46.1600230" lon="6.7018120">
    <ele>1235.9</ele>
    <time>2024-12-15T09:36:38Z</time>
   </trkpt>
   <trkpt lat="46.1600500" lon="6.7018250">
    <ele>1235.9</ele>
    <time>2024-12-15T09:36:39Z</time>
   </trkpt>
   <trkpt lat="46.1600800" lon="6.7018520">
    <ele>1235.9</ele>
    <time>2024-12-15T09:36:40Z</time>
   </trkpt>
   <trkpt lat="46.1601170" lon="6.7018870">
    <ele>1235.9</ele>
    <time>2024-12-15T09:36:41Z</time>
   </trkpt>
   <trkpt lat="46.1601390" lon="6.7019190">
    <ele>1235.8</ele>
    <time>2024-12-15T09:36:42Z</time>
   </trkpt>
   <trkpt lat="46.1601700" lon="6.7019280">
    <ele>1235.8</ele>
    <time>2024-12-15T09:36:43Z</time>
   </trkpt>
   <trkpt lat="46.1602020" lon="6.7019510">
    <ele>1235.8</ele>
    <time>2024-12-15T09:36:44Z</time>
   </trkpt>
   <trkpt lat="46.1602350" lon="6.7019410">
    <ele>1235.7</ele>
    <time>2024-12-15T09:36:45Z</time>
   </trkpt>
   <trkpt lat="46.1602560" lon="6.7019720">
    <ele>1235.7</ele>
    <time>2024-12-15T09:36:46Z</time>
   </trkpt>
   <trkpt lat="46.1602960" lon="6.7019980">
    <ele>1235.7</ele>
    <time>2024-12-15T09:36:47Z</time>
   </trkpt>
   <trkpt lat="46.1603240" lon="6.7020130">
    <ele>1235.6</ele>
    <time>2024-12-15T09:36:48Z</time>
   </trkpt>
   <trkpt lat="46.1603450" lon="6.7020740">
    <ele>1235.6</ele>
    <time>2024-12-15T09:36:49Z</time>
   </trkpt>
   <trkpt lat="46.1603770" lon="6.7020840">
    <ele>1235.5</ele>
    <time>2024-12-15T09:36:50Z</time>
   </trkpt>
   <trkpt lat="46.1604140" lon="6.7020890">
    <ele>1235.5</ele>
    <time>2024-12-15T09:36:51Z</time>
   </trkpt>
   <trkpt lat="46.1604430" lon="6.7020660">
    <ele>1235.4</ele>
    <time>2024-12-15T09:36:52Z</time>
   </trkpt>
   <trkpt lat="46.1604760" lon="6.7020440">
    <ele>1235.4</ele>
    <time>2024-12-15T09:36:53Z</time>
   </trkpt>
   <trkpt lat="46.1605140" lon="6.7020710">
    <ele>1235.3</ele>
    <time>2024-12-15T09:36:54Z</time>
   </trkpt>
   <trkpt lat="46.1605500" lon="6.7020870">
    <ele>1235.3</ele>
    <time>2024-12-15T09:36:55Z</time>
   </trkpt>
   <trkpt lat="46.1605800" lon="6.7020910">
    <ele>1235.3</ele>
    <time>2024-12-15T09:36:56Z</time>
   </trkpt>
   <trkpt lat="46.1606270" lon="6.7021110">
    <ele>1235.2</ele>
    <time>2024-12-15T09:36:57Z</time>
   </trkpt>
   <trkpt lat="46.1606540" lon="6.7021000">
    <ele>1235.2</ele>
    <time>2024-12-15T09:36:58Z</time>
   </trkpt>
   <trkpt lat="46.1606820" lon="6.7021120">
    <ele>1235.2</ele>
    <time>2024-12-15T09:36:59Z</time>
   </trkpt>
   <trkpt lat="46.1607110" lon="6.7021210">
    <ele>1235.2</ele>
    <time>2024-12-15T09:37:00Z</time>
   </trkpt>
   <trkpt lat="46.1607490" lon="6.7021500">
    <ele>1235.2</ele>
    <time>2024-12-15T09:37:01Z</time>
   </trkpt>
   <trkpt lat="46.1607670" lon="6.7021580">
    <ele>1235.2</ele>
    <time>2024-12-15T09:37:02Z</time>
   </trkpt>
   <trkpt lat="46.1607910" lon="6.7021820">
    <ele>1235.2</ele>
    <time>2024-12-15T09:37:03Z</time>
   </trkpt>
   <trkpt lat="46.1608300" lon="6.7021900">
    <ele>1235.2</ele>
    <time>2024-12-15T09:37:04Z</time>
   </trkpt>
   <trkpt lat="46.1608430" lon="6.7021980">
    <ele>1235.2</ele>
    <time>2024-12-15T09:37:05Z</time>
   </trkpt>
   <trkpt lat="46.1608690" lon="6.7022100">
    <ele>1235.1</ele>
    <time>2024-12-15T09:37:06Z</time>
   </trkpt>
   <trkpt lat="46.1609080" lon="6.7022270">
    <ele>1235.1</ele>
    <time>2024-12-15T09:37:07Z</time>
   </trkpt>
   <trkpt lat="46.1609240" lon="6.7022320">
    <ele>1235.1</ele>
    <time>2024-12-15T09:37:08Z</time>
   </trkpt>
   <trkpt lat="46.1609570" lon="6.7022470">
    <ele>1235.1</ele>
    <time>2024-12-15T09:37:09Z</time>
   </trkpt>
   <trkpt lat="46.1609700" lon="6.7022530">
    <ele>1235.1</ele>
    <time>2024-12-15T09:37:10Z</time>
   </trkpt>
   <trkpt lat="46.1609980" lon="6.7022660">
    <ele>1235.1</ele>
    <time>2024-12-15T09:37:11Z</time>
   </trkpt>
   <trkpt lat="46.1610280" lon="6.7022610">
    <ele>1235.1</ele>
    <time>2024-12-15T09:37:12Z</time>
   </trkpt>
   <trkpt lat="46.1610690" lon="6.7022640">
    <ele>1235.1</ele>
    <time>2024-12-15T09:37:13Z</time>
   </trkpt>
   <trkpt lat="46.1610870" lon="6.7022670">
    <ele>1235.1</ele>
    <time>2024-12-15T09:37:14Z</time>
   </trkpt>
   <trkpt lat="46.1611190" lon="6.7022760">
    <ele>1235.1</ele>
    <time>2024-12-15T09:37:15Z</time>
   </trkpt>
   <trkpt lat="46.1611510" lon="6.7022820">
    <ele>1235.1</ele>
    <time>2024-12-15T09:37:16Z</time>
   </trkpt>
   <trkpt lat="46.1611820" lon="6.7022830">
    <ele>1235.1</ele>
    <time>2024-12-15T09:37:17Z</time>
   </trkpt>
   <trkpt lat="46.1612140" lon="6.7023010">
    <ele>1235.1</ele>
    <time>2024-12-15T09:37:18Z</time>
   </trkpt>
   <trkpt lat="46.1612200" lon="6.7023100">
    <ele>1235.1</ele>
    <time>2024-12-15T09:37:19Z</time>
   </trkpt>
   <trkpt lat="46.1612480" lon="6.7023020">
    <ele>1235.2</ele>
    <time>2024-12-15T09:37:20Z</time>
   </trkpt>
   <trkpt lat="46.1612840" lon="6.7022970">
    <ele>1235.2</ele>
    <time>2024-12-15T09:37:21Z</time>
   </trkpt>
   <trkpt lat="46.1613320" lon="6.7023080">
    <ele>1235.2</ele>
    <time>2024-12-15T09:37:22Z</time>
   </trkpt>
   <trkpt lat="46.1613600" lon="6.7023180">
    <ele>1235.2</ele>
    <time>2024-12-15T09:37:23Z</time>
   </trkpt>
   <trkpt lat="46.1614000" lon="6.7023260">
    <ele>1235.2</ele>
    <time>2024-12-15T09:37:24Z</time>
   </trkpt>
   <trkpt lat="46.1614130" lon="6.7023390">
    <ele>1235.2</ele>
    <time>2024-12-15T09:37:25Z</time>
   </trkpt>
   <trkpt lat="46.1614460" lon="6.7023410">
    <ele>1235.2</ele>
    <time>2024-12-15T09:37:26Z</time>
   </trkpt>
   <trkpt lat="46.1614750" lon="6.7023560">
    <ele>1235.3</ele>
    <time>2024-12-15T09:37:27Z</time>
   </trkpt>
   <trkpt lat="46.1615030" lon="6.7023750">
    <ele>1235.3</ele>
    <time>2024-12-15T09:37:28Z</time>
   </trkpt>
   <trkpt lat="46.1615310" lon="6.7023920">
    <ele>1235.4</ele>
    <time>2024-12-15T09:37:29Z</time>
   </trkpt>
   <trkpt lat="46.1615830" lon="6.7024250">
    <ele>1235.5</ele>
    <time>2024-12-15T09:37:30Z</time>
   </trkpt>
   <trkpt lat="46.1616220" lon="6.7024430">
    <ele>1235.5</ele>
    <time>2024-12-15T09:37:31Z</time>
   </trkpt>
   <trkpt lat="46.1616360" lon="6.7024510">
    <ele>1235.6</ele>
    <time>2024-12-15T09:37:32Z</time>
   </trkpt>
   <trkpt lat="46.1616590" lon="6.7025060">
    <ele>1235.7</ele>
    <time>2024-12-15T09:37:33Z</time>
   </trkpt>
   <trkpt lat="46.1616920" lon="6.7025280">
    <ele>1235.7</ele>
    <time>2024-12-15T09:37:34Z</time>
   </trkpt>
   <trkpt lat="46.1617040" lon="6.7025420">
    <ele>1235.7</ele>
    <time>2024-12-15T09:37:35Z</time>
   </trkpt>
   <trkpt lat="46.1617400" lon="6.7025730">
    <ele>1235.8</ele>
    <time>2024-12-15T09:37:36Z</time>
   </trkpt>
   <trkpt lat="46.1617530" lon="6.7025960">
    <ele>1235.8</ele>
    <time>2024-12-15T09:37:37Z</time>
   </trkpt>
   <trkpt lat="46.1617760" lon="6.7026240">
    <ele>1235.9</ele>
    <time>2024-12-15T09:37:38Z</time>
   </trkpt>
   <trkpt lat="46.1618110" lon="6.7026440">
    <ele>1235.9</ele>
    <time>2024-12-15T09:37:39Z</time>
   </trkpt>
   <trkpt lat="46.1618430" lon="6.7026730">
    <ele>1236.0</ele>
    <time>2024-12-15T09:37:40Z</time>
   </trkpt>
   <trkpt lat="46.1618730" lon="6.7027000">
    <ele>1236.0</ele>
    <time>2024-12-15T09:37:41Z</time>
   </trkpt>
   <trkpt lat="46.1618830" lon="6.7027150">
    <ele>1236.0</ele>
    <time>2024-12-15T09:37:42Z</time>
   </trkpt>
   <trkpt lat="46.1619110" lon="6.7027420">
    <ele>1236.1</ele>
    <time>2024-12-15T09:37:43Z</time>
   </trkpt>
   <trkpt lat="46.1619180" lon="6.7027560">
    <ele>1236.1</ele>
    <time>2024-12-15T09:37:44Z</time>
   </trkpt>
   <trkpt lat="46.1619470" lon="6.7027710">
    <ele>1236.1</ele>
    <time>2024-12-15T09:37:45Z</time>
   </trkpt>
   <trkpt lat="46.1619730" lon="6.7027940">
    <ele>1236.2</ele>
    <time>2024-12-15T09:37:46Z</time>
   </trkpt>
   <trkpt lat="46.1620000" lon="6.7027980">
    <ele>1236.2</ele>
    <time>2024-12-15T09:37:47Z</time>
   </trkpt>
   <trkpt lat="46.1620270" lon="6.7028080">
    <ele>1236.2</ele>
    <time>2024-12-15T09:37:48Z</time>
   </trkpt>
   <trkpt lat="46.1620350" lon="6.7028500">
    <ele>1236.3</ele>
    <time>2024-12-15T09:37:49Z</time>
   </trkpt>
   <trkpt lat="46.1620710" lon="6.7028560">
    <ele>1236.3</ele>
    <time>2024-12-15T09:37:50Z</time>
   </trkpt>
   <trkpt lat="46.1620950" lon="6.7028780">
    <ele>1236.4</ele>
    <time>2024-12-15T09:37:51Z</time>
   </trkpt>
   <trkpt lat="46.1621230" lon="6.7028900">
    <ele>1236.4</ele>
    <time>2024-12-15T09:37:52Z</time>
   </trkpt>
   <trkpt lat="46.1621610" lon="6.7028640">
    <ele>1236.5</ele>
    <time>2024-12-15T09:37:53Z</time>
   </trkpt>
   <trkpt lat="46.1621940" lon="6.7028700">
    <ele>1236.5</ele>
    <time>2024-12-15T09:37:54Z</time>
   </trkpt>
   <trkpt lat="46.1622220" lon="6.7028800">
    <ele>1236.5</ele>
    <time>2024-12-15T09:37:55Z</time>
   </trkpt>
   <trkpt lat="46.1622550" lon="6.7028700">
    <ele>1236.6</ele>
    <time>2024-12-15T09:37:56Z</time>
   </trkpt>
   <trkpt lat="46.1622660" lon="6.7028680">
    <ele>1236.6</ele>
    <time>2024-12-15T09:37:57Z</time>
   </trkpt>
   <trkpt lat="46.1622950" lon="6.7028570">
    <ele>1236.6</ele>
    <time>2024-12-15T09:37:58Z</time>
   </trkpt>
   <trkpt lat="46.1623200" lon="6.7028330">
    <ele>1236.7</ele>
    <time>2024-12-15T09:37:59Z</time>
   </trkpt>
   <trkpt lat="46.1623520" lon="6.7028120">
    <ele>1236.7</ele>
    <time>2024-12-15T09:38:00Z</time>
   </trkpt>
   <trkpt lat="46.1623820" lon="6.7028050">
    <ele>1236.8</ele>
    <time>2024-12-15T09:38:01Z</time>
   </trkpt>
   <trkpt lat="46.1623930" lon="6.7028020">
    <ele>1236.8</ele>
    <time>2024-12-15T09:38:02Z</time>
   </trkpt>
   <trkpt lat="46.1624290" lon="6.7027960">
    <ele>1236.9</ele>
    <time>2024-12-15T09:38:03Z</time>
   </trkpt>
   <trkpt lat="46.1624420" lon="6.7027860">
    <ele>1236.9</ele>
    <time>2024-12-15T09:38:04Z</time>
   </trkpt>
   <trkpt lat="46.1624710" lon="6.7027750">
    <ele>1237.0</ele>
    <time>2024-12-15T09:38:05Z</time>
   </trkpt>
   <trkpt lat="46.1625160" lon="6.7027720">
    <ele>1237.2</ele>
    <time>2024-12-15T09:38:06Z</time>
   </trkpt>
   <trkpt lat="46.1625380" lon="6.7027830">
    <ele>1237.2</ele>
    <time>2024-12-15T09:38:07Z</time>
   </trkpt>
   <trkpt lat="46.1625710" lon="6.7027900">
    <ele>1237.4</ele>
    <time>2024-12-15T09:38:08Z</time>
   </trkpt>
   <trkpt lat="46.1625970" lon="6.7027980">
    <ele>1237.4</ele>
    <time>2024-12-15T09:38:09Z</time>
   </trkpt>
   <trkpt lat="46.1626360" lon="6.7027960">
    <ele>1237.6</ele>
    <time>2024-12-15T09:38:10Z</time>
   </trkpt>
   <trkpt lat="46.1626470" lon="6.7027900">
    <ele>1237.6</ele>
    <time>2024-12-15T09:38:11Z</time>
   </trkpt>
   <trkpt lat="46.1626880" lon="6.7027930">
    <ele>1237.9</ele>
    <time>2024-12-15T09:38:12Z</time>
   </trkpt>
   <trkpt lat="46.1627070" lon="6.7027890">
    <ele>1238.0</ele>
    <time>2024-12-15T09:38:13Z</time>
   </trkpt>
   <trkpt lat="46.1627430" lon="6.7027850">
    <ele>1238.3</ele>
    <time>2024-12-15T09:38:14Z</time>
   </trkpt>
   <trkpt lat="46.1627730" lon="6.7027790">
    <ele>1238.5</ele>
    <time>2024-12-15T09:38:15Z</time>
   </trkpt>
   <trkpt lat="46.1628120" lon="6.7027870">
    <ele>1238.8</ele>
    <time>2024-12-15T09:38:16Z</time>
   </trkpt>
   <trkpt lat="46.1628250" lon="6.7027850">
    <ele>1239.0</ele>
    <time>2024-12-15T09:38:17Z</time>
   </trkpt>
   <trkpt lat="46.1628550" lon="6.7027840">
    <ele>1239.2</ele>
    <time>2024-12-15T09:38:18Z</time>
   </trkpt>
   <trkpt lat="46.1628630" lon="6.7027820">
    <ele>1239.3</ele>
    <time>2024-12-15T09:38:19Z</time>
   </trkpt>
   <trkpt lat="46.1628950" lon="6.7027940">
    <ele>1239.6</ele>
    <time>2024-12-15T09:38:20Z</time>
   </trkpt>
   <trkpt lat="46.1629180" lon="6.7028180">
    <ele>1239.9</ele>
    <time>2024-12-15T09:38:21Z</time>
   </trkpt>
   <trkpt lat="46.1629430" lon="6.7028450">
    <ele>1240.3</ele>
    <time>2024-12-15T09:38:22Z</time>
   </trkpt>
   <trkpt lat="46.1629500" lon="6.7028530">
    <ele>1240.4</ele>
    <time>2024-12-15T09:38:23Z</time>
   </trkpt>
   <trkpt lat="46.1629660" lon="6.7028570">
    <ele>1240.6</ele>
    <time>2024-12-15T09:38:24Z</time>
   </trkpt>
   <trkpt lat="46.1629840" lon="6.7028630">
    <ele>1240.8</ele>
    <time>2024-12-15T09:38:25Z</time>
   </trkpt>
   <trkpt lat="46.1630210" lon="6.7028770">
    <ele>1241.3</ele>
    <time>2024-12-15T09:38:26Z</time>
   </trkpt>
   <trkpt lat="46.1630340" lon="6.7028810">
    <ele>1241.5</ele>
    <time>2024-12-15T09:38:27Z</time>
   </trkpt>
   <trkpt lat="46.1630690" lon="6.7029010">
    <ele>1242.0</ele>
    <time>2024-12-15T09:38:29Z</time>
   </trkpt>
   <trkpt lat="46.1630780" lon="6.7029120">
    <ele>1242.1</ele>
    <time>2024-12-15T09:38:30Z</time>
   </trkpt>
   <trkpt lat="46.1631040" lon="6.7029400">
    <ele>1242.6</ele>
    <time>2024-12-15T09:38:31Z</time>
   </trkpt>
   <trkpt lat="46.1631120" lon="6.7029460">
    <ele>1242.7</ele>
    <time>2024-12-15T09:38:32Z</time>
   </trkpt>
   <trkpt lat="46.1631230" lon="6.7029550">
    <ele>1242.9</ele>
    <time>2024-12-15T09:38:33Z</time>
   </trkpt>
   <trkpt lat="46.1631360" lon="6.7029690">
    <ele>1243.1</ele>
    <time>2024-12-15T09:38:34Z</time>
   </trkpt>
   <trkpt lat="46.1631460" lon="6.7029730">
    <ele>1243.3</ele>
    <time>2024-12-15T09:38:35Z</time>
   </trkpt>
   <trkpt lat="46.1631590" lon="6.7029710">
    <ele>1243.5</ele>
    <time>2024-12-15T09:38:36Z</time>
   </trkpt>
   <trkpt lat="46.1631690" lon="6.7029770">
    <ele>1243.6</ele>
    <time>2024-12-15T09:38:37Z</time>
   </trkpt>
   <trkpt lat="46.1631780" lon="6.7029880">
    <ele>1243.8</ele>
    <time>2024-12-15T09:38:38Z</time>
   </trkpt>
   <trkpt lat="46.1631840" lon="6.7029960">
    <ele>1243.9</ele>
    <time>2024-12-15T09:38:39Z</time>
   </trkpt>
   <trkpt lat="46.1631950" lon="6.7030080">
    <ele>1244.1</ele>
    <time>2024-12-15T09:38:40Z</time>
   </trkpt>
   <trkpt lat="46.1632080" lon="6.7030140">
    <ele>1244.3</ele>
    <time>2024-12-15T09:38:41Z</time>
   </trkpt>
   <trkpt lat="46.1632140" lon="6.7030190">
    <ele>1244.4</ele>
    <time>2024-12-15T09:38:42Z</time>
   </trkpt>
   <trkpt lat="46.1632210" lon="6.7030050">
    <ele>1244.6</ele>
    <time>2024-12-15T09:38:43Z</time>
   </trkpt>
   <trkpt lat="46.1632280" lon="6.7030150">
    <ele>1244.8</ele>
    <time>2024-12-15T09:38:44Z</time>
   </trkpt>
   <trkpt lat="46.1632380" lon="6.7030220">
    <ele>1244.9</ele>
    <time>2024-12-15T09:38:45Z</time>
   </trkpt>
   <trkpt lat="46.1632470" lon="6.7030300">
    <ele>1245.1</ele>
    <time>2024-12-15T09:38:46Z</time>
   </trkpt>
   <trkpt lat="46.1632560" lon="6.7030360">
    <ele>1245.2</ele>
    <time>2024-12-15T09:38:47Z</time>
   </trkpt>
   <trkpt lat="46.1632740" lon="6.7030430">
    <ele>1245.5</ele>
    <time>2024-12-15T09:38:48Z</time>
   </trkpt>
   <trkpt lat="46.1632910" lon="6.7030460">
    <ele>1245.7</ele>
    <time>2024-12-15T09:38:49Z</time>
   </trkpt>
   <trkpt lat="46.1633080" lon="6.7030630">
    <ele>1246.0</ele>
    <time>2024-12-15T09:38:50Z</time>
   </trkpt>
   <trkpt lat="46.1633170" lon="6.7030690">
    <ele>1246.1</ele>
    <time>2024-12-15T09:38:51Z</time>
   </trkpt>
   <trkpt lat="46.1633250" lon="6.7030740">
    <ele>1246.2</ele>
    <time>2024-12-15T09:38:52Z</time>
   </trkpt>
   <trkpt lat="46.1633370" lon="6.7030840">
    <ele>1246.4</ele>
    <time>2024-12-15T09:38:53Z</time>
   </trkpt>
   <trkpt lat="46.1633480" lon="6.7030970">
    <ele>1246.5</ele>
    <time>2024-12-15T09:38:54Z</time>
   </trkpt>
   <trkpt lat="46.1633580" lon="6.7031090">
    <ele>1246.7</ele>
    <time>2024-12-15T09:38:55Z</time>
   </trkpt>
   <trkpt lat="46.1633620" lon="6.7031330">
    <ele>1246.9</ele>
    <time>2024-12-15T09:38:56Z</time>
   </trkpt>
   <trkpt lat="46.1633810" lon="6.7031620">
    <ele>1247.1</ele>
    <time>2024-12-15T09:38:57Z</time>
   </trkpt>
   <trkpt lat="46.1633900" lon="6.7031680">
    <ele>1247.2</ele>
    <time>2024-12-15T09:38:58Z</time>
   </trkpt>
   <trkpt lat="46.1634210" lon="6.7031830">
    <ele>1247.4</ele>
    <time>2024-12-15T09:38:59Z</time>
   </trkpt>
   <trkpt lat="46.1634310" lon="6.7031890">
    <ele>1247.5</ele>
    <time>2024-12-15T09:39:00Z</time>
   </trkpt>
   <trkpt lat="46.1634460" lon="6.7032000">
    <ele>1247.6</ele>
    <time>2024-12-15T09:39:01Z</time>
   </trkpt>
   <trkpt lat="46.1634630" lon="6.7032120">
    <ele>1247.7</ele>
    <time>2024-12-15T09:39:02Z</time>
   </trkpt>
   <trkpt lat="46.1634920" lon="6.7032340">
    <ele>1247.8</ele>
    <time>2024-12-15T09:39:03Z</time>
   </trkpt>
   <trkpt lat="46.1635010" lon="6.7032420">
    <ele>1247.9</ele>
    <time>2024-12-15T09:39:04Z</time>
   </trkpt>
   <trkpt lat="46.1635380" lon="6.7032650">
    <ele>1247.9</ele>
    <time>2024-12-15T09:39:05Z</time>
   </trkpt>
   <trkpt lat="46.1635570" lon="6.7032770">
    <ele>1248.0</ele>
    <time>2024-12-15T09:39:06Z</time>
   </trkpt>
   <trkpt lat="46.1635820" lon="6.7033070">
    <ele>1248.0</ele>
    <time>2024-12-15T09:39:07Z</time>
   </trkpt>
   <trkpt lat="46.1636170" lon="6.7033340">
    <ele>1248.0</ele>
    <time>2024-12-15T09:39:08Z</time>
   </trkpt>
   <trkpt lat="46.1636300" lon="6.7033440">
    <ele>1248.0</ele>
    <time>2024-12-15T09:39:09Z</time>
   </trkpt>
   <trkpt lat="46.1636630" lon="6.7033690">
    <ele>1248.0</ele>
    <time>2024-12-15T09:39:10Z</time>
   </trkpt>
   <trkpt lat="46.1636750" lon="6.7033770">
    <ele>1247.9</ele>
    <time>2024-12-15T09:39:11Z</time>
   </trkpt>
   <trkpt lat="46.1637030" lon="6.7034090">
    <ele>1247.9</ele>
    <time>2024-12-15T09:39:12Z</time>
   </trkpt>
   <trkpt lat="46.1637150" lon="6.7034200">
    <ele>1247.9</ele>
    <time>2024-12-15T09:39:13Z</time>
   </trkpt>
   <trkpt lat="46.1637420" lon="6.7034310">
    <ele>1247.9</ele>
    <time>2024-12-15T09:39:14Z</time>
   </trkpt>
   <trkpt lat="46.1637700" lon="6.7034510">
    <ele>1247.8</ele>
    <time>2024-12-15T09:39:15Z</time>
   </trkpt>
   <trkpt lat="46.1637800" lon="6.7034580">
    <ele>1247.8</ele>
    <time>2024-12-15T09:39:16Z</time>
   </trkpt>
   <trkpt lat="46.1638140" lon="6.7034730">
    <ele>1247.8</ele>
    <time>2024-12-15T09:39:17Z</time>
   </trkpt>
   <trkpt lat="46.1638570" lon="6.7035020">
    <ele>1247.7</ele>
    <time>2024-12-15T09:39:18Z</time>
   </trkpt>
   <trkpt lat="46.1638900" lon="6.7035260">
    <ele>1247.7</ele>
    <time>2024-12-15T09:39:19Z</time>
   </trkpt>
   <trkpt lat="46.1639020" lon="6.7035340">
    <ele>1247.7</ele>
    <time>2024-12-15T09:39:20Z</time>
   </trkpt>
   <trkpt lat="46.1639300" lon="6.7035480">
    <ele>1247.6</ele>
    <time>2024-12-15T09:39:21Z</time>
   </trkpt>
   <trkpt lat="46.1639580" lon="6.7035470">
    <ele>1247.6</ele>
    <time>2024-12-15T09:39:22Z</time>
   </trkpt>
   <trkpt lat="46.1639960" lon="6.7035720">
    <ele>1247.5</ele>
    <time>2024-12-15T09:39:23Z</time>
   </trkpt>
   <trkpt lat="46.1640100" lon="6.7035820">
    <ele>1247.5</ele>
    <time>2024-12-15T09:39:24Z</time>
   </trkpt>
   <trkpt lat="46.1640400" lon="6.7035990">
    <ele>1247.5</ele>
    <time>2024-12-15T09:39:25Z</time>
   </trkpt>
   <trkpt lat="46.1640500" lon="6.7036070">
    <ele>1247.5</ele>
    <time>2024-12-15T09:39:26Z</time>
   </trkpt>
   <trkpt lat="46.1640880" lon="6.7036240">
    <ele>1247.4</ele>
    <time>2024-12-15T09:39:27Z</time>
   </trkpt>
   <trkpt lat="46.1641010" lon="6.7036300">
    <ele>1247.4</ele>
    <time>2024-12-15T09:39:28Z</time>
   </trkpt>
   <trkpt lat="46.1641360" lon="6.7036480">
    <ele>1247.4</ele>
    <time>2024-12-15T09:39:29Z</time>
   </trkpt>
   <trkpt lat="46.1641510" lon="6.7036540">
    <ele>1247.4</ele>
    <time>2024-12-15T09:39:30Z</time>
   </trkpt>
   <trkpt lat="46.1641900" lon="6.7036680">
    <ele>1247.4</ele>
    <time>2024-12-15T09:39:31Z</time>
   </trkpt>
   <trkpt lat="46.1642010" lon="6.7036790">
    <ele>1247.4</ele>
    <time>2024-12-15T09:39:32Z</time>
   </trkpt>
   <trkpt lat="46.1642280" lon="6.7037010">
    <ele>1247.4</ele>
    <time>2024-12-15T09:39:33Z</time>
   </trkpt>
   <trkpt lat="46.1642630" lon="6.7037130">
    <ele>1247.4</ele>
    <time>2024-12-15T09:39:34Z</time>
   </trkpt>
   <trkpt lat="46.1642770" lon="6.7037200">
    <ele>1247.4</ele>
    <time>2024-12-15T09:39:35Z</time>
   </trkpt>
   <trkpt lat="46.1643070" lon="6.7037370">
    <ele>1247.4</ele>
    <time>2024-12-15T09:39:36Z</time>
   </trkpt>
   <trkpt lat="46.1643340" lon="6.7037480">
    <ele>1247.4</ele>
    <time>2024-12-15T09:39:37Z</time>
   </trkpt>
   <trkpt lat="46.1643730" lon="6.7037650">
    <ele>1247.4</ele>
    <time>2024-12-15T09:39:38Z</time>
   </trkpt>
   <trkpt lat="46.1643870" lon="6.7037730">
    <ele>1247.4</ele>
    <time>2024-12-15T09:39:39Z</time>
   </trkpt>
   <trkpt lat="46.1644070" lon="6.7037780">
    <ele>1247.4</ele>
    <time>2024-12-15T09:39:40Z</time>
   </trkpt>
   <trkpt lat="46.1644270" lon="6.7037860">
    <ele>1247.4</ele>
    <time>2024-12-15T09:39:42Z</time>
   </trkpt>
   <trkpt lat="46.1644550" lon="6.7038000">
    <ele>1247.5</ele>
    <time>2024-12-15T09:39:43Z</time>
   </trkpt>
   <trkpt lat="46.1644930" lon="6.7038140">
    <ele>1247.5</ele>
    <time>2024-12-15T09:39:44Z</time>
   </trkpt>
   <trkpt lat="46.1645060" lon="6.7038180">
    <ele>1247.5</ele>
    <time>2024-12-15T09:39:45Z</time>
   </trkpt>
   <trkpt lat="46.1645460" lon="6.7038270">
    <ele>1247.5</ele>
    <time>2024-12-15T09:39:46Z</time>
   </trkpt>
   <trkpt lat="46.1645590" lon="6.7038340">
    <ele>1247.5</ele>
    <time>2024-12-15T09:39:47Z</time>
   </trkpt>
   <trkpt lat="46.1645960" lon="6.7038330">
    <ele>1247.5</ele>
    <time>2024-12-15T09:39:48Z</time>
   </trkpt>
   <trkpt lat="46.1646100" lon="6.7038340">
    <ele>1247.5</ele>
    <time>2024-12-15T09:39:49Z</time>
   </trkpt>
   <trkpt lat="46.1646390" lon="6.7038460">
    <ele>1247.5</ele>
    <time>2024-12-15T09:39:50Z</time>
   </trkpt>
   <trkpt lat="46.1646680" lon="6.7038420">
    <ele>1247.5</ele>
    <time>2024-12-15T09:39:51Z</time>
   </trkpt>
   <trkpt lat="46.1646990" lon="6.7038420">
    <ele>1247.5</ele>
    <time>2024-12-15T09:39:52Z</time>
   </trkpt>
   <trkpt lat="46.1647290" lon="6.7038440">
    <ele>1247.5</ele>
    <time>2024-12-15T09:39:53Z</time>
   </trkpt>
   <trkpt lat="46.1647550" lon="6.7038580">
    <ele>1247.5</ele>
    <time>2024-12-15T09:39:54Z</time>
   </trkpt>
   <trkpt lat="46.1647850" lon="6.7038710">
    <ele>1247.5</ele>
    <time>2024-12-15T09:39:55Z</time>
   </trkpt>
   <trkpt lat="46.1648220" lon="6.7038800">
    <ele>1247.5</ele>
    <time>2024-12-15T09:39:56Z</time>
   </trkpt>
   <trkpt lat="46.1648400" lon="6.7038820">
    <ele>1247.6</ele>
    <time>2024-12-15T09:39:57Z</time>
   </trkpt>
   <trkpt lat="46.1648750" lon="6.7038900">
    <ele>1247.6</ele>
    <time>2024-12-15T09:39:58Z</time>
   </trkpt>
   <trkpt lat="46.1649100" lon="6.7038810">
    <ele>1247.6</ele>
    <time>2024-12-15T09:39:59Z</time>
   </trkpt>
   <trkpt lat="46.1649440" lon="6.7038940">
    <ele>1247.7</ele>
    <time>2024-12-15T09:40:00Z</time>
   </trkpt>
   <trkpt lat="46.1649550" lon="6.7038960">
    <ele>1247.7</ele>
    <time>2024-12-15T09:40:01Z</time>
   </trkpt>
   <trkpt lat="46.1649880" lon="6.7039040">
    <ele>1247.7</ele>
    <time>2024-12-15T09:40:02Z</time>
   </trkpt>
   <trkpt lat="46.1649980" lon="6.7039080">
    <ele>1247.8</ele>
    <time>2024-12-15T09:40:03Z</time>
   </trkpt>
   <trkpt lat="46.1650330" lon="6.7039130">
    <ele>1247.8</ele>
    <time>2024-12-15T09:40:04Z</time>
   </trkpt>
   <trkpt lat="46.1650650" lon="6.7039130">
    <ele>1247.9</ele>
    <time>2024-12-15T09:40:05Z</time>
   </trkpt>
   <trkpt lat="46.1650940" lon="6.7039170">
    <ele>1247.9</ele>
    <time>2024-12-15T09:40:06Z</time>
   </trkpt>
   <trkpt lat="46.1651250" lon="6.7039070">
    <ele>1248.0</ele>
    <time>2024-12-15T09:40:07Z</time>
   </trkpt>
   <trkpt lat="46.1651330" lon="6.7039000">
    <ele>1248.1</ele>
    <time>2024-12-15T09:40:08Z</time>
   </trkpt>
   <trkpt lat="46.1651600" lon="6.7039090">
    <ele>1248.1</ele>
    <time>2024-12-15T09:40:09Z</time>
   </trkpt>
   <trkpt lat="46.1651940" lon="6.7039110">
    <ele>1248.2</ele>
    <time>2024-12-15T09:40:10Z</time>
   </trkpt>
   <trkpt lat="46.1652340" lon="6.7039050">
    <ele>1248.4</ele>
    <time>2024-12-15T09:40:11Z</time>
   </trkpt>
   <trkpt lat="46.1652490" lon="6.7039010">
    <ele>1248.4</ele>
    <time>2024-12-15T09:40:12Z</time>
   </trkpt>
   <trkpt lat="46.1652840" lon="6.7039030">
    <ele>1248.5</ele>
    <time>2024-12-15T09:40:13Z</time>
   </trkpt>
   <trkpt lat="46.1652960" lon="6.7039060">
    <ele>1248.6</ele>
    <time>2024-12-15T09:40:14Z</time>
   </trkpt>
   <trkpt lat="46.1653280" lon="6.7039140">
    <ele>1248.7</ele>
    <time>2024-12-15T09:40:15Z</time>
   </trkpt>
   <trkpt lat="46.1653680" lon="6.7039140">
    <ele>1248.8</ele>
    <time>2024-12-15T09:40:16Z</time>
   </trkpt>
   <trkpt lat="46.1653820" lon="6.7039110">
    <ele>1248.8</ele>
    <time>2024-12-15T09:40:17Z</time>
   </trkpt>
   <trkpt lat="46.1654110" lon="6.7039000">
    <ele>1248.9</ele>
    <time>2024-12-15T09:40:18Z</time>
   </trkpt>
   <trkpt lat="46.1654450" lon="6.7038930">
    <ele>1249.0</ele>
    <time>2024-12-15T09:40:19Z</time>
   </trkpt>
   <trkpt lat="46.1654860" lon="6.7038960">
    <ele>1249.1</ele>
    <time>2024-12-15T09:40:20Z</time>
   </trkpt>
   <trkpt lat="46.1655020" lon="6.7038940">
    <ele>1249.2</ele>
    <time>2024-12-15T09:40:21Z</time>
   </trkpt>
   <trkpt lat="46.1655330" lon="6.7038810">
    <ele>1249.2</ele>
    <time>2024-12-15T09:40:22Z</time>
   </trkpt>
   <trkpt lat="46.1655680" lon="6.7038550">
    <ele>1249.3</ele>
    <time>2024-12-15T09:40:23Z</time>
   </trkpt>
   <trkpt lat="46.1655780" lon="6.7038410">
    <ele>1249.3</ele>
    <time>2024-12-15T09:40:24Z</time>
   </trkpt>
   <trkpt lat="46.1656170" lon="6.7038190">
    <ele>1249.4</ele>
    <time>2024-12-15T09:40:25Z</time>
   </trkpt>
   <trkpt lat="46.1656300" lon="6.7038080">
    <ele>1249.4</ele>
    <time>2024-12-15T09:40:26Z</time>
   </trkpt>
   <trkpt lat="46.1656610" lon="6.7037960">
    <ele>1249.4</ele>
    <time>2024-12-15T09:40:27Z</time>
   </trkpt>
   <trkpt lat="46.1656880" lon="6.7037640">
    <ele>1249.4</ele>
    <time>2024-12-15T09:40:28Z</time>
   </trkpt>
   <trkpt lat="46.1657190" lon="6.7037430">
    <ele>1249.4</ele>
    <time>2024-12-15T09:40:29Z</time>
   </trkpt>
   <trkpt lat="46.1657440" lon="6.7037210">
    <ele>1249.4</ele>
    <time>2024-12-15T09:40:30Z</time>
   </trkpt>
   <trkpt lat="46.1657690" lon="6.7037020">
    <ele>1249.4</ele>
    <time>2024-12-15T09:40:31Z</time>
   </trkpt>
   <trkpt lat="46.1658010" lon="6.7036720">
    <ele>1249.4</ele>
    <time>2024-12-15T09:40:32Z</time>
   </trkpt>
   <trkpt lat="46.1658120" lon="6.7036620">
    <ele>1249.4</ele>
    <time>2024-12-15T09:40:33Z</time>
   </trkpt>
   <trkpt lat="46.1658380" lon="6.7036380">
    <ele>1249.3</ele>
    <time>2024-12-15T09:40:34Z</time>
   </trkpt>
   <trkpt lat="46.1658620" lon="6.7036150">
    <ele>1249.3</ele>
    <time>2024-12-15T09:40:35Z</time>
   </trkpt>
   <trkpt lat="46.1658860" lon="6.7035880">
    <ele>1249.3</ele>
    <time>2024-12-15T09:40:36Z</time>
   </trkpt>
   <trkpt lat="46.1659200" lon="6.7035680">
    <ele>1249.3</ele>
    <time>2024-12-15T09:40:37Z</time>
   </trkpt>
   <trkpt lat="46.1659320" lon="6.7035570">
    <ele>1249.3</ele>
    <time>2024-12-15T09:40:38Z</time>
   </trkpt>
   <trkpt lat="46.1659670" lon="6.7035290">
    <ele>1249.2</ele>
    <time>2024-12-15T09:40:39Z</time>
   </trkpt>
   <trkpt lat="46.1659790" lon="6.7035190">
    <ele>1249.2</ele>
    <time>2024-12-15T09:40:40Z</time>
   </trkpt>
   <trkpt lat="46.1660050" lon="6.7035020">
    <ele>1249.2</ele>
    <time>2024-12-15T09:40:41Z</time>
   </trkpt>
   <trkpt lat="46.1660400" lon="6.7034740">
    <ele>1249.2</ele>
    <time>2024-12-15T09:40:42Z</time>
   </trkpt>
   <trkpt lat="46.1660530" lon="6.7034630">
    <ele>1249.2</ele>
    <time>2024-12-15T09:40:43Z</time>
   </trkpt>
   <trkpt lat="46.1660830" lon="6.7034390">
    <ele>1249.2</ele>
    <time>2024-12-15T09:40:44Z</time>
   </trkpt>
   <trkpt lat="46.1660910" lon="6.7034320">
    <ele>1249.2</ele>
    <time>2024-12-15T09:40:45Z</time>
   </trkpt>
   <trkpt lat="46.1661220" lon="6.7034010">
    <ele>1249.3</ele>
    <time>2024-12-15T09:40:46Z</time>
   </trkpt>
   <trkpt lat="46.1661330" lon="6.7033900">
    <ele>1249.3</ele>
    <time>2024-12-15T09:40:47Z</time>
   </trkpt>
   <trkpt lat="46.1661600" lon="6.7033760">
    <ele>1249.3</ele>
    <time>2024-12-15T09:40:48Z</time>
   </trkpt>
   <trkpt lat="46.1662000" lon="6.7033520">
    <ele>1249.4</ele>
    <time>2024-12-15T09:40:49Z</time>
   </trkpt>
   <trkpt lat="46.1662160" lon="6.7033450">
    <ele>1249.4</ele>
    <time>2024-12-15T09:40:50Z</time>
   </trkpt>
   <trkpt lat="46.1662500" lon="6.7033140">
    <ele>1249.5</ele>
    <time>2024-12-15T09:40:51Z</time>
   </trkpt>
   <trkpt lat="46.1662600" lon="6.7033030">
    <ele>1249.5</ele>
    <time>2024-12-15T09:40:52Z</time>
   </trkpt>
   <trkpt lat="46.1662810" lon="6.7032780">
    <ele>1249.6</ele>
    <time>2024-12-15T09:40:53Z</time>
   </trkpt>
   <trkpt lat="46.1663180" lon="6.7032590">
    <ele>1249.6</ele>
    <time>2024-12-15T09:40:54Z</time>
   </trkpt>
   <trkpt lat="46.1663310" lon="6.7032490">
    <ele>1249.7</ele>
    <time>2024-12-15T09:40:55Z</time>
   </trkpt>
   <trkpt lat="46.1663690" lon="6.7032250">
    <ele>1249.8</ele>
    <time>2024-12-15T09:40:56Z</time>
   </trkpt>
   <trkpt lat="46.1663810" lon="6.7032110">
    <ele>1249.8</ele>
    <time>2024-12-15T09:40:57Z</time>
   </trkpt>
   <trkpt lat="46.1663860" lon="6.7031920">
    <ele>1249.8</ele>
    <time>2024-12-15T09:40:58Z</time>
   </trkpt>
   <trkpt lat="46.1664070" lon="6.7031760">
    <ele>1249.9</ele>
    <time>2024-12-15T09:40:59Z</time>
   </trkpt>
   <trkpt lat="46.1664380" lon="6.7031630">
    <ele>1249.9</ele>
    <time>2024-12-15T09:41:00Z</time>
   </trkpt>
   <trkpt lat="46.1664750" lon="6.7031510">
    <ele>1250.0</ele>
    <time>2024-12-15T09:41:01Z</time>
   </trkpt>
   <trkpt lat="46.1665000" lon="6.7031350">
    <ele>1250.1</ele>
    <time>2024-12-15T09:41:02Z</time>
   </trkpt>
   <trkpt lat="46.1665280" lon="6.7031250">
    <ele>1250.1</ele>
    <time>2024-12-15T09:41:03Z</time>
   </trkpt>
   <trkpt lat="46.1665580" lon="6.7030840">
    <ele>1250.2</ele>
    <time>2024-12-15T09:41:04Z</time>
   </trkpt>
   <trkpt lat="46.1665670" lon="6.7030680">
    <ele>1250.2</ele>
    <time>2024-12-15T09:41:05Z</time>
   </trkpt>
   <trkpt lat="46.1665950" lon="6.7030600">
    <ele>1250.2</ele>
    <time>2024-12-15T09:41:06Z</time>
   </trkpt>
   <trkpt lat="46.1666160" lon="6.7030350">
    <ele>1250.2</ele>
    <time>2024-12-15T09:41:07Z</time>
   </trkpt>
   <trkpt lat="46.1666420" lon="6.7030120">
    <ele>1250.3</ele>
    <time>2024-12-15T09:41:08Z</time>
   </trkpt>
   <trkpt lat="46.1666700" lon="6.7029990">
    <ele>1250.3</ele>
    <time>2024-12-15T09:41:09Z</time>
   </trkpt>
   <trkpt lat="46.1666980" lon="6.7029770">
    <ele>1250.3</ele>
    <time>2024-12-15T09:41:10Z</time>
   </trkpt>
   <trkpt lat="46.1667180" lon="6.7029440">
    <ele>1250.4</ele>
    <time>2024-12-15T09:41:11Z</time>
   </trkpt>
   <trkpt lat="46.1667500" lon="6.7029220">
    <ele>1250.4</ele>
    <time>2024-12-15T09:41:12Z</time>
   </trkpt>
   <trkpt lat="46.1667610" lon="6.7029140">
    <ele>1250.4</ele>
    <time>2024-12-15T09:41:13Z</time>
   </trkpt>
   <trkpt lat="46.1667960" lon="6.7028880">
    <ele>1250.5</ele>
    <time>2024-12-15T09:41:14Z</time>
   </trkpt>
   <trkpt lat="46.1668090" lon="6.7028780">
    <ele>1250.5</ele>
    <time>2024-12-15T09:41:15Z</time>
   </trkpt>
   <trkpt lat="46.1668360" lon="6.7028680">
    <ele>1250.5</ele>
    <time>2024-12-15T09:41:16Z</time>
   </trkpt>
   <trkpt lat="46.1668690" lon="6.7028410">
    <ele>1250.6</ele>
    <time>2024-12-15T09:41:17Z</time>
   </trkpt>
   <trkpt lat="46.1668820" lon="6.7028320">
    <ele>1250.6</ele>
    <time>2024-12-15T09:41:18Z</time>
   </trkpt>
   <trkpt lat="46.1669100" lon="6.7028020">
    <ele>1250.7</ele>
    <time>2024-12-15T09:41:19Z</time>
   </trkpt>
   <trkpt lat="46.1669190" lon="6.7027890">
    <ele>1250.7</ele>
    <time>2024-12-15T09:41:20Z</time>
   </trkpt>
   <trkpt lat="46.1669590" lon="6.7027730">
    <ele>1250.8</ele>
    <time>2024-12-15T09:41:21Z</time>
   </trkpt>
   <trkpt lat="46.1669730" lon="6.7027660">
    <ele>1250.8</ele>
    <time>2024-12-15T09:41:22Z</time>
   </trkpt>
   <trkpt lat="46.1669970" lon="6.7027450">
    <ele>1250.9</ele>
    <time>2024-12-15T09:41:23Z</time>
   </trkpt>
   <trkpt lat="46.1670300" lon="6.7027270">
    <ele>1250.9</ele>
    <time>2024-12-15T09:41:24Z</time>
   </trkpt>
   <trkpt lat="46.1670400" lon="6.7027180">
    <ele>1251.0</ele>
    <time>2024-12-15T09:41:25Z</time>
   </trkpt>
   <trkpt lat="46.1670650" lon="6.7027030">
    <ele>1251.0</ele>
    <time>2024-12-15T09:41:26Z</time>
   </trkpt>
   <trkpt lat="46.1671060" lon="6.7026900">
    <ele>1251.1</ele>
    <time>2024-12-15T09:41:27Z</time>
   </trkpt>
   <trkpt lat="46.1671200" lon="6.7026800">
    <ele>1251.2</ele>
    <time>2024-12-15T09:41:28Z</time>
   </trkpt>
   <trkpt lat="46.1671420" lon="6.7026540">
    <ele>1251.2</ele>
    <time>2024-12-15T09:41:29Z</time>
   </trkpt>
   <trkpt lat="46.1671770" lon="6.7026210">
    <ele>1251.3</ele>
    <time>2024-12-15T09:41:30Z</time>
   </trkpt>
   <trkpt lat="46.1671940" lon="6.7026090">
    <ele>1251.4</ele>
    <time>2024-12-15T09:41:31Z</time>
   </trkpt>
   <trkpt lat="46.1672200" lon="6.7025940">
    <ele>1251.4</ele>
    <time>2024-12-15T09:41:32Z</time>
   </trkpt>
   <trkpt lat="46.1672540" lon="6.7025690">
    <ele>1251.5</ele>
    <time>2024-12-15T09:41:33Z</time>
   </trkpt>
   <trkpt lat="46.1672650" lon="6.7025600">
    <ele>1251.6</ele>
    <time>2024-12-15T09:41:34Z</time>
   </trkpt>
   <trkpt lat="46.1672980" lon="6.7025390">
    <ele>1251.7</ele>
    <time>2024-12-15T09:41:35Z</time>
   </trkpt>
   <trkpt lat="46.1673100" lon="6.7025330">
    <ele>1251.7</ele>
    <time>2024-12-15T09:41:36Z</time>
   </trkpt>
   <trkpt lat="46.1673360" lon="6.7025180">
    <ele>1251.7</ele>
    <time>2024-12-15T09:41:37Z</time>
   </trkpt>
   <trkpt lat="46.1673610" lon="6.7025000">
    <ele>1251.8</ele>
    <time>2024-12-15T09:41:38Z</time>
   </trkpt>
   <trkpt lat="46.1673900" lon="6.7024750">
    <ele>1251.9</ele>
    <time>2024-12-15T09:41:39Z</time>
   </trkpt>
   <trkpt lat="46.1674000" lon="6.7024640">
    <ele>1251.9</ele>
    <time>2024-12-15T09:41:40Z</time>
   </trkpt>
   <trkpt lat="46.1674190" lon="6.7024450">
    <ele>1252.0</ele>
    <time>2024-12-15T09:41:41Z</time>
   </trkpt>
   <trkpt lat="46.1674470" lon="6.7024320">
    <ele>1252.1</ele>
    <time>2024-12-15T09:41:43Z</time>
   </trkpt>
   <trkpt lat="46.1674820" lon="6.7024080">
    <ele>1252.1</ele>
    <time>2024-12-15T09:41:44Z</time>
   </trkpt>
   <trkpt lat="46.1674910" lon="6.7023970">
    <ele>1252.2</ele>
    <time>2024-12-15T09:41:45Z</time>
   </trkpt>
   <trkpt lat="46.1675220" lon="6.7023730">
    <ele>1252.2</ele>
    <time>2024-12-15T09:41:46Z</time>
   </trkpt>
   <trkpt lat="46.1675300" lon="6.7023660">
    <ele>1252.3</ele>
    <time>2024-12-15T09:41:47Z</time>
   </trkpt>
   <trkpt lat="46.1675640" lon="6.7023420">
    <ele>1252.3</ele>
    <time>2024-12-15T09:41:48Z</time>
   </trkpt>
   <trkpt lat="46.1675760" lon="6.7023330">
    <ele>1252.3</ele>
    <time>2024-12-15T09:41:49Z</time>
   </trkpt>
   <trkpt lat="46.1676090" lon="6.7023080">
    <ele>1252.4</ele>
    <time>2024-12-15T09:41:50Z</time>
   </trkpt>
   <trkpt lat="46.1676170" lon="6.7022990">
    <ele>1252.4</ele>
    <time>2024-12-15T09:41:51Z</time>
   </trkpt>
   <trkpt lat="46.1676420" lon="6.7022800">
    <ele>1252.4</ele>
    <time>2024-12-15T09:41:52Z</time>
   </trkpt>
   <trkpt lat="46.1676730" lon="6.7022570">
    <ele>1252.4</ele>
    <time>2024-12-15T09:41:53Z</time>
   </trkpt>
   <trkpt lat="46.1676820" lon="6.7022460">
    <ele>1252.4</ele>
    <time>2024-12-15T09:41:54Z</time>
   </trkpt>
   <trkpt lat="46.1677080" lon="6.7022310">
    <ele>1252.4</ele>
    <time>2024-12-15T09:41:55Z</time>
   </trkpt>
   <trkpt lat="46.1677320" lon="6.7022070">
    <ele>1252.4</ele>
    <time>2024-12-15T09:41:56Z</time>
   </trkpt>
   <trkpt lat="46.1677720" lon="6.7021840">
    <ele>1252.4</ele>
    <time>2024-12-15T09:41:57Z</time>
   </trkpt>
   <trkpt lat="46.1677880" lon="6.7021770">
    <ele>1252.4</ele>
    <time>2024-12-15T09:41:58Z</time>
   </trkpt>
   <trkpt lat="46.1678140" lon="6.7021570">
    <ele>1252.3</ele>
    <time>2024-12-15T09:41:59Z</time>
   </trkpt>
   <trkpt lat="46.1678390" lon="6.7021310">
    <ele>1252.3</ele>
    <time>2024-12-15T09:42:00Z</time>
   </trkpt>
   <trkpt lat="46.1678810" lon="6.7021120">
    <ele>1252.2</ele>
    <time>2024-12-15T09:42:01Z</time>
   </trkpt>
   <trkpt lat="46.1678990" lon="6.7021080">
    <ele>1252.2</ele>
    <time>2024-12-15T09:42:02Z</time>
   </trkpt>
   <trkpt lat="46.1679320" lon="6.7020950">
    <ele>1252.2</ele>
    <time>2024-12-15T09:42:03Z</time>
   </trkpt>
   <trkpt lat="46.1679610" lon="6.7020610">
    <ele>1252.1</ele>
    <time>2024-12-15T09:42:04Z</time>
   </trkpt>
   <trkpt lat="46.1679700" lon="6.7020520">
    <ele>1252.1</ele>
    <time>2024-12-15T09:42:05Z</time>
   </trkpt>
   <trkpt lat="46.1680050" lon="6.7020200">
    <ele>1252.1</ele>
    <time>2024-12-15T09:42:06Z</time>
   </trkpt>
   <trkpt lat="46.1680190" lon="6.7020100">
    <ele>1252.1</ele>
    <time>2024-12-15T09:42:07Z</time>
   </trkpt>
   <trkpt lat="46.1680470" lon="6.7019930">
    <ele>1252.0</ele>
    <time>2024-12-15T09:42:08Z</time>
   </trkpt>
   <trkpt lat="46.1680720" lon="6.7019750">
    <ele>1252.0</ele>
    <time>2024-12-15T09:42:09Z</time>
   </trkpt>
   <trkpt lat="46.1681050" lon="6.7019530">
    <ele>1252.0</ele>
    <time>2024-12-15T09:42:10Z</time>
   </trkpt>
   <trkpt lat="46.1681140" lon="6.7019440">
    <ele>1252.0</ele>
    <time>2024-12-15T09:42:11Z</time>
   </trkpt>
   <trkpt lat="46.1681410" lon="6.7019210">
    <ele>1251.9</ele>
    <time>2024-12-15T09:42:12Z</time>
   </trkpt>
   <trkpt lat="46.1681670" lon="6.7019050">
    <ele>1251.9</ele>
    <time>2024-12-15T09:42:13Z</time>
   </trkpt>
   <trkpt lat="46.1681940" lon="6.7018930">
    <ele>1251.9</ele>
    <time>2024-12-15T09:42:14Z</time>
   </trkpt>
   <trkpt lat="46.1682190" lon="6.7018740">
    <ele>1251.9</ele>
    <time>2024-12-15T09:42:15Z</time>
   </trkpt>
   <trkpt lat="46.1682550" lon="6.7018570">
    <ele>1251.8</ele>
    <time>2024-12-15T09:42:16Z</time>
   </trkpt>
   <trkpt lat="46.1682680" lon="6.7018520">
    <ele>1251.8</ele>
    <time>2024-12-15T09:42:17Z</time>
   </trkpt>
   <trkpt lat="46.1682980" lon="6.7018300">
    <ele>1251.8</ele>
    <time>2024-12-15T09:42:18Z</time>
   </trkpt>
   <trkpt lat="46.1683310" lon="6.7018230">
    <ele>1251.8</ele>
    <time>2024-12-15T09:42:19Z</time>
   </trkpt>
   <trkpt lat="46.1683620" lon="6.7017940">
    <ele>1251.8</ele>
    <time>2024-12-15T09:42:20Z</time>
   </trkpt>
   <trkpt lat="46.1683730" lon="6.7017850">
    <ele>1251.8</ele>
    <time>2024-12-15T09:42:21Z</time>
   </trkpt>
   <trkpt lat="46.1684040" lon="6.7017620">
    <ele>1251.8</ele>
    <time>2024-12-15T09:42:22Z</time>
   </trkpt>
   <trkpt lat="46.1684160" lon="6.7017530">
    <ele>1251.8</ele>
    <time>2024-12-15T09:42:23Z</time>
   </trkpt>
   <trkpt lat="46.1684420" lon="6.7017340">
    <ele>1251.8</ele>
    <time>2024-12-15T09:42:24Z</time>
   </trkpt>
   <trkpt lat="46.1684770" lon="6.7017170">
    <ele>1251.8</ele>
    <time>2024-12-15T09:42:25Z</time>
   </trkpt>
   <trkpt lat="46.1684890" lon="6.7017090">
    <ele>1251.8</ele>
    <time>2024-12-15T09:42:26Z</time>
   </trkpt>
   <trkpt lat="46.1685140" lon="6.7016930">
    <ele>1251.8</ele>
    <time>2024-12-15T09:42:27Z</time>
   </trkpt>
   <trkpt lat="46.1685480" lon="6.7016750">
    <ele>1251.7</ele>
    <time>2024-12-15T09:42:28Z</time>
   </trkpt>
   <trkpt lat="46.1685600" lon="6.7016700">
    <ele>1251.7</ele>
    <time>2024-12-15T09:42:29Z</time>
   </trkpt>
   <trkpt lat="46.1685960" lon="6.7016500">
    <ele>1251.7</ele>
    <time>2024-12-15T09:42:30Z</time>
   </trkpt>
   <trkpt lat="46.1686090" lon="6.7016430">
    <ele>1251.7</ele>
    <time>2024-12-15T09:42:31Z</time>
   </trkpt>
   <trkpt lat="46.1686390" lon="6.7016250">
    <ele>1251.7</ele>
    <time>2024-12-15T09:42:32Z</time>
   </trkpt>
   <trkpt lat="46.1686640" lon="6.7016050">
    <ele>1251.7</ele>
    <time>2024-12-15T09:42:33Z</time>
   </trkpt>
   <trkpt lat="46.1686960" lon="6.7015820">
    <ele>1251.7</ele>
    <time>2024-12-15T09:42:34Z</time>
   </trkpt>
   <trkpt lat="46.1687070" lon="6.7015750">
    <ele>1251.7</ele>
    <time>2024-12-15T09:42:35Z</time>
   </trkpt>
   <trkpt lat="46.1687300" lon="6.7015540">
    <ele>1251.6</ele>
    <time>2024-12-15T09:42:36Z</time>
   </trkpt>
   <trkpt lat="46.1687590" lon="6.7015420">
    <ele>1251.6</ele>
    <time>2024-12-15T09:42:37Z</time>
   </trkpt>
   <trkpt lat="46.1687850" lon="6.7015250">
    <ele>1251.6</ele>
    <time>2024-12-15T09:42:38Z</time>
   </trkpt>
   <trkpt lat="46.1688210" lon="6.7015120">
    <ele>1251.5</ele>
    <time>2024-12-15T09:42:39Z</time>
   </trkpt>
   <trkpt lat="46.1688500" lon="6.7014880">
    <ele>1251.4</ele>
    <time>2024-12-15T09:42:40Z</time>
   </trkpt>
   <trkpt lat="46.1688780" lon="6.7014630">
    <ele>1251.3</ele>
    <time>2024-12-15T09:42:41Z</time>
   </trkpt>
   <trkpt lat="46.1689020" lon="6.7014280">
    <ele>1251.1</ele>
    <time>2024-12-15T09:42:42Z</time>
   </trkpt>
   <trkpt lat="46.1689100" lon="6.7014150">
    <ele>1251.1</ele>
    <time>2024-12-15T09:42:43Z</time>
   </trkpt>
   <trkpt lat="46.1689460" lon="6.7013920">
    <ele>1250.9</ele>
    <time>2024-12-15T09:42:44Z</time>
   </trkpt>
   <trkpt lat="46.1689740" lon="6.7013790">
    <ele>1250.7</ele>
    <time>2024-12-15T09:42:45Z</time>
   </trkpt>
   <trkpt lat="46.1690010" lon="6.7013630">
    <ele>1250.6</ele>
    <time>2024-12-15T09:42:46Z</time>
   </trkpt>
   <trkpt lat="46.1690280" lon="6.7013390">
    <ele>1250.4</ele>
    <time>2024-12-15T09:42:47Z</time>
   </trkpt>
   <trkpt lat="46.1690600" lon="6.7013190">
    <ele>1250.2</ele>
    <time>2024-12-15T09:42:48Z</time>
   </trkpt>
   <trkpt lat="46.1690890" lon="6.7012930">
    <ele>1250.0</ele>
    <time>2024-12-15T09:42:49Z</time>
   </trkpt>
   <trkpt lat="46.1691170" lon="6.7012810">
    <ele>1249.8</ele>
    <time>2024-12-15T09:42:50Z</time>
   </trkpt>
   <trkpt lat="46.1691480" lon="6.7012660">
    <ele>1249.6</ele>
    <time>2024-12-15T09:42:51Z</time>
   </trkpt>
   <trkpt lat="46.1691750" lon="6.7012570">
    <ele>1249.4</ele>
    <time>2024-12-15T09:42:52Z</time>
   </trkpt>
   <trkpt lat="46.1692030" lon="6.7012400">
    <ele>1249.2</ele>
    <time>2024-12-15T09:42:53Z</time>
   </trkpt>
   <trkpt lat="46.1692300" lon="6.7012210">
    <ele>1249.0</ele>
    <time>2024-12-15T09:42:54Z</time>
   </trkpt>
   <trkpt lat="46.1692570" lon="6.7012090">
    <ele>1248.8</ele>
    <time>2024-12-15T09:42:55Z</time>
   </trkpt>
   <trkpt lat="46.1692920" lon="6.7012040">
    <ele>1248.6</ele>
    <time>2024-12-15T09:42:56Z</time>
   </trkpt>
   <trkpt lat="46.1693280" lon="6.7011900">
    <ele>1248.4</ele>
    <time>2024-12-15T09:42:57Z</time>
   </trkpt>
   <trkpt lat="46.1693630" lon="6.7011790">
    <ele>1248.2</ele>
    <time>2024-12-15T09:42:58Z</time>
   </trkpt>
   <trkpt lat="46.1693780" lon="6.7011710">
    <ele>1248.1</ele>
    <time>2024-12-15T09:42:59Z</time>
   </trkpt>
   <trkpt lat="46.1694070" lon="6.7011520">
    <ele>1248.0</ele>
    <time>2024-12-15T09:43:00Z</time>
   </trkpt>
   <trkpt lat="46.1694420" lon="6.7011400">
    <ele>1247.8</ele>
    <time>2024-12-15T09:43:01Z</time>
   </trkpt>
   <trkpt lat="46.1694540" lon="6.7011360">
    <ele>1247.8</ele>
    <time>2024-12-15T09:43:02Z</time>
   </trkpt>
   <trkpt lat="46.1694800" lon="6.7011170">
    <ele>1247.7</ele>
    <time>2024-12-15T09:43:03Z</time>
   </trkpt>
   <trkpt lat="46.1695130" lon="6.7011140">
    <ele>1247.6</ele>
    <time>2024-12-15T09:43:04Z</time>
   </trkpt>
   <trkpt lat="46.1695500" lon="6.7010960">
    <ele>1247.5</ele>
    <time>2024-12-15T09:43:05Z</time>
   </trkpt>
   <trkpt lat="46.1695650" lon="6.7010940">
    <ele>1247.4</ele>
    <time>2024-12-15T09:43:06Z</time>
   </trkpt>
   <trkpt lat="46.1695930" lon="6.7010820">
    <ele>1247.4</ele>
    <time>2024-12-15T09:43:07Z</time>
   </trkpt>
   <trkpt lat="46.1696320" lon="6.7010730">
    <ele>1247.3</ele>
    <time>2024-12-15T09:43:08Z</time>
   </trkpt>
   <trkpt lat="46.1696460" lon="6.7010700">
    <ele>1247.3</ele>
    <time>2024-12-15T09:43:09Z</time>
   </trkpt>
   <trkpt lat="46.1696770" lon="6.7010590">
    <ele>1247.2</ele>
    <time>2024-12-15T09:43:10Z</time>
   </trkpt>
   <trkpt lat="46.1697090" lon="6.7010520">
    <ele>1247.2</ele>
    <time>2024-12-15T09:43:11Z</time>
   </trkpt>
   <trkpt lat="46.1697460" lon="6.7010350">
    <ele>1247.2</ele>
    <time>2024-12-15T09:43:12Z</time>
   </trkpt>
   <trkpt lat="46.1697610" lon="6.7010330">
    <ele>1247.2</ele>
    <time>2024-12-15T09:43:13Z</time>
   </trkpt>
   <trkpt lat="46.1698000" lon="6.7010250">
    <ele>1247.1</ele>
    <time>2024-12-15T09:43:14Z</time>
   </trkpt>
   <trkpt lat="46.1698120" lon="6.7010220">
    <ele>1247.1</ele>
    <time>2024-12-15T09:43:15Z</time>
   </trkpt>
   <trkpt lat="46.1698410" lon="6.7010120">
    <ele>1247.1</ele>
    <time>2024-12-15T09:43:16Z</time>
   </trkpt>
   <trkpt lat="46.1698750" lon="6.7010000">
    <ele>1247.0</ele>
    <time>2024-12-15T09:43:17Z</time>
   </trkpt>
   <trkpt lat="46.1699080" lon="6.7010050">
    <ele>1247.0</ele>
    <time>2024-12-15T09:43:18Z</time>
   </trkpt>
   <trkpt lat="46.1699370" lon="6.7009950">
    <ele>1247.0</ele>
    <time>2024-12-15T09:43:19Z</time>
   </trkpt>
   <trkpt lat="46.1699740" lon="6.7009820">
    <ele>1246.9</ele>
    <time>2024-12-15T09:43:20Z</time>
   </trkpt>
   <trkpt lat="46.1699860" lon="6.7009770">
    <ele>1246.9</ele>
    <time>2024-12-15T09:43:21Z</time>
   </trkpt>
   <trkpt lat="46.1700140" lon="6.7009720">
    <ele>1246.8</ele>
    <time>2024-12-15T09:43:22Z</time>
   </trkpt>
   <trkpt lat="46.1700480" lon="6.7009670">
    <ele>1246.8</ele>
    <time>2024-12-15T09:43:23Z</time>
   </trkpt>
   <trkpt lat="46.1700770" lon="6.7009570">
    <ele>1246.7</ele>
    <time>2024-12-15T09:43:24Z</time>
   </trkpt>
   <trkpt lat="46.1701150" lon="6.7009720">
    <ele>1246.6</ele>
    <time>2024-12-15T09:43:25Z</time>
   </trkpt>
   <trkpt lat="46.1701310" lon="6.7009730">
    <ele>1246.6</ele>
    <time>2024-12-15T09:43:26Z</time>
   </trkpt>
   <trkpt lat="46.1701570" lon="6.7009590">
    <ele>1246.5</ele>
    <time>2024-12-15T09:43:27Z</time>
   </trkpt>
   <trkpt lat="46.1701830" lon="6.7009430">
    <ele>1246.5</ele>
    <time>2024-12-15T09:43:28Z</time>
   </trkpt>
   <trkpt lat="46.1702160" lon="6.7009410">
    <ele>1246.4</ele>
    <time>2024-12-15T09:43:29Z</time>
   </trkpt>
   <trkpt lat="46.1702590" lon="6.7009390">
    <ele>1246.2</ele>
    <time>2024-12-15T09:43:30Z</time>
   </trkpt>
   <trkpt lat="46.1702750" lon="6.7009340">
    <ele>1246.2</ele>
    <time>2024-12-15T09:43:31Z</time>
   </trkpt>
   <trkpt lat="46.1703160" lon="6.7009220">
    <ele>1246.0</ele>
    <time>2024-12-15T09:43:32Z</time>
   </trkpt>
   <trkpt lat="46.1703310" lon="6.7009230">
    <ele>1246.0</ele>
    <time>2024-12-15T09:43:33Z</time>
   </trkpt>
   <trkpt lat="46.1703570" lon="6.7009130">
    <ele>1245.9</ele>
    <time>2024-12-15T09:43:34Z</time>
   </trkpt>
   <trkpt lat="46.1703890" lon="6.7009080">
    <ele>1245.8</ele>
    <time>2024-12-15T09:43:35Z</time>
   </trkpt>
   <trkpt lat="46.1704040" lon="6.7009060">
    <ele>1245.7</ele>
    <time>2024-12-15T09:43:36Z</time>
   </trkpt>
   <trkpt lat="46.1704350" lon="6.7008950">
    <ele>1245.6</ele>
    <time>2024-12-15T09:43:37Z</time>
   </trkpt>
   <trkpt lat="46.1704670" lon="6.7008910">
    <ele>1245.5</ele>
    <time>2024-12-15T09:43:38Z</time>
   </trkpt>
   <trkpt lat="46.1704980" lon="6.7008840">
    <ele>1245.4</ele>
    <time>2024-12-15T09:43:39Z</time>
   </trkpt>
   <trkpt lat="46.1705250" lon="6.7008780">
    <ele>1245.3</ele>
    <time>2024-12-15T09:43:40Z</time>
   </trkpt>
   <trkpt lat="46.1705620" lon="6.7008710">
    <ele>1245.2</ele>
    <time>2024-12-15T09:43:41Z</time>
   </trkpt>
   <trkpt lat="46.1705790" lon="6.7008660">
    <ele>1245.1</ele>
    <time>2024-12-15T09:43:42Z</time>
   </trkpt>
   <trkpt lat="46.1706080" lon="6.7008730">
    <ele>1245.0</ele>
    <time>2024-12-15T09:43:43Z</time>
   </trkpt>
   <trkpt lat="46.1706370" lon="6.7008630">
    <ele>1245.0</ele>
    <time>2024-12-15T09:43:44Z</time>
   </trkpt>
   <trkpt lat="46.1706710" lon="6.7008540">
    <ele>1244.9</ele>
    <time>2024-12-15T09:43:45Z</time>
   </trkpt>
   <trkpt lat="46.1706830" lon="6.7008500">
    <ele>1244.9</ele>
    <time>2024-12-15T09:43:46Z</time>
   </trkpt>
   <trkpt lat="46.1707080" lon="6.7008370">
    <ele>1244.8</ele>
    <time>2024-12-15T09:43:47Z</time>
   </trkpt>
   <trkpt lat="46.1707590" lon="6.7008320">
    <ele>1244.8</ele>
    <time>2024-12-15T09:43:48Z</time>
   </trkpt>
   <trkpt lat="46.1707870" lon="6.7008280">
    <ele>1244.8</ele>
    <time>2024-12-15T09:43:49Z</time>
   </trkpt>
   <trkpt lat="46.1708230" lon="6.7008140">
    <ele>1244.7</ele>
    <time>2024-12-15T09:43:50Z</time>
   </trkpt>
   <trkpt lat="46.1708540" lon="6.7008130">
    <ele>1244.7</ele>
    <time>2024-12-15T09:43:51Z</time>
   </trkpt>
   <trkpt lat="46.1708850" lon="6.7008110">
    <ele>1244.7</ele>
    <time>2024-12-15T09:43:52Z</time>
   </trkpt>
   <trkpt lat="46.1709240" lon="6.7008160">
    <ele>1244.7</ele>
    <time>2024-12-15T09:43:53Z</time>
   </trkpt>
   <trkpt lat="46.1709630" lon="6.7008010">
    <ele>1244.7</ele>
    <time>2024-12-15T09:43:54Z</time>
   </trkpt>
   <trkpt lat="46.1709960" lon="6.7007970">
    <ele>1244.7</ele>
    <time>2024-12-15T09:43:55Z</time>
   </trkpt>
   <trkpt lat="46.1710380" lon="6.7007980">
    <ele>1244.7</ele>
    <time>2024-12-15T09:43:56Z</time>
   </trkpt>
   <trkpt lat="46.1710540" lon="6.7007970">
    <ele>1244.7</ele>
    <time>2024-12-15T09:43:57Z</time>
   </trkpt>
   <trkpt lat="46.1710840" lon="6.7007920">
    <ele>1244.7</ele>
    <time>2024-12-15T09:43:58Z</time>
   </trkpt>
   <trkpt lat="46.1711130" lon="6.7007770">
    <ele>1244.7</ele>
    <time>2024-12-15T09:43:59Z</time>
   </trkpt>
   <trkpt lat="46.1711420" lon="6.7007570">
    <ele>1244.8</ele>
    <time>2024-12-15T09:44:00Z</time>
   </trkpt>
   <trkpt lat="46.1711730" lon="6.7007520">
    <ele>1244.8</ele>
    <time>2024-12-15T09:44:01Z</time>
   </trkpt>
   <trkpt lat="46.1712080" lon="6.7007560">
    <ele>1244.8</ele>
    <time>2024-12-15T09:44:02Z</time>
   </trkpt>
   <trkpt lat="46.1712390" lon="6.7007610">
    <ele>1244.9</ele>
    <time>2024-12-15T09:44:03Z</time>
   </trkpt>
   <trkpt lat="46.1712700" lon="6.7007620">
    <ele>1244.9</ele>
    <time>2024-12-15T09:44:04Z</time>
   </trkpt>
   <trkpt lat="46.1713050" lon="6.7007510">
    <ele>1244.9</ele>
    <time>2024-12-15T09:44:05Z</time>
   </trkpt>
   <trkpt lat="46.1713330" lon="6.7007580">
    <ele>1245.0</ele>
    <time>2024-12-15T09:44:06Z</time>
   </trkpt>
   <trkpt lat="46.1713720" lon="6.7007560">
    <ele>1245.1</ele>
    <time>2024-12-15T09:44:07Z</time>
   </trkpt>
   <trkpt lat="46.1713840" lon="6.7007490">
    <ele>1245.1</ele>
    <time>2024-12-15T09:44:08Z</time>
   </trkpt>
   <trkpt lat="46.1714250" lon="6.7007430">
    <ele>1245.2</ele>
    <time>2024-12-15T09:44:09Z</time>
   </trkpt>
   <trkpt lat="46.1714410" lon="6.7007410">
    <ele>1245.3</ele>
    <time>2024-12-15T09:44:10Z</time>
   </trkpt>
   <trkpt lat="46.1714820" lon="6.7007350">
    <ele>1245.5</ele>
    <time>2024-12-15T09:44:11Z</time>
   </trkpt>
   <trkpt lat="46.1714960" lon="6.7007370">
    <ele>1245.5</ele>
    <time>2024-12-15T09:44:12Z</time>
   </trkpt>
   <trkpt lat="46.1715310" lon="6.7007350">
    <ele>1245.7</ele>
    <time>2024-12-15T09:44:13Z</time>
   </trkpt>
   <trkpt lat="46.1715430" lon="6.7007370">
    <ele>1245.8</ele>
    <time>2024-12-15T09:44:14Z</time>
   </trkpt>
   <trkpt lat="46.1715770" lon="6.7007160">
    <ele>1246.0</ele>
    <time>2024-12-15T09:44:15Z</time>
   </trkpt>
   <trkpt lat="46.1715900" lon="6.7007140">
    <ele>1246.1</ele>
    <time>2024-12-15T09:44:16Z</time>
   </trkpt>
   <trkpt lat="46.1716260" lon="6.7007080">
    <ele>1246.3</ele>
    <time>2024-12-15T09:44:17Z</time>
   </trkpt>
   <trkpt lat="46.1716400" lon="6.7007070">
    <ele>1246.4</ele>
    <time>2024-12-15T09:44:18Z</time>
   </trkpt>
   <trkpt lat="46.1716730" lon="6.7006980">
    <ele>1246.6</ele>
    <time>2024-12-15T09:44:19Z</time>
   </trkpt>
   <trkpt lat="46.1716820" lon="6.7006920">
    <ele>1246.7</ele>
    <time>2024-12-15T09:44:20Z</time>
   </trkpt>
   <trkpt lat="46.1717130" lon="6.7006860">
    <ele>1246.9</ele>
    <time>2024-12-15T09:44:21Z</time>
   </trkpt>
   <trkpt lat="46.1717250" lon="6.7006810">
    <ele>1247.0</ele>
    <time>2024-12-15T09:44:22Z</time>
   </trkpt>
   <trkpt lat="46.1717530" lon="6.7006510">
    <ele>1247.2</ele>
    <time>2024-12-15T09:44:23Z</time>
   </trkpt>
   <trkpt lat="46.1717590" lon="6.7006410">
    <ele>1247.3</ele>
    <time>2024-12-15T09:44:24Z</time>
   </trkpt>
   <trkpt lat="46.1718040" lon="6.7006170">
    <ele>1247.6</ele>
    <time>2024-12-15T09:44:26Z</time>
   </trkpt>
   <trkpt lat="46.1718180" lon="6.7006040">
    <ele>1247.7</ele>
    <time>2024-12-15T09:44:27Z</time>
   </trkpt>
   <trkpt lat="46.1718320" lon="6.7005900">
    <ele>1247.8</ele>
    <time>2024-12-15T09:44:28Z</time>
   </trkpt>
   <trkpt lat="46.1718510" lon="6.7005510">
    <ele>1248.1</ele>
    <time>2024-12-15T09:44:29Z</time>
   </trkpt>
   <trkpt lat="46.1718570" lon="6.7005370">
    <ele>1248.2</ele>
    <time>2024-12-15T09:44:30Z</time>
   </trkpt>
   <trkpt lat="46.1718740" lon="6.7005030">
    <ele>1248.5</ele>
    <time>2024-12-15T09:44:31Z</time>
   </trkpt>
   <trkpt lat="46.1718790" lon="6.7004900">
    <ele>1248.6</ele>
    <time>2024-12-15T09:44:32Z</time>
   </trkpt>
   <trkpt lat="46.1718890" lon="6.7004420">
    <ele>1248.9</ele>
    <time>2024-12-15T09:44:33Z</time>
   </trkpt>
   <trkpt lat="46.1718910" lon="6.7004250">
    <ele>1249.1</ele>
    <time>2024-12-15T09:44:34Z</time>
   </trkpt>
   <trkpt lat="46.1719070" lon="6.7003830">
    <ele>1249.4</ele>
    <time>2024-12-15T09:44:35Z</time>
   </trkpt>
   <trkpt lat="46.1719130" lon="6.7003720">
    <ele>1249.5</ele>
    <time>2024-12-15T09:44:36Z</time>
   </trkpt>
   <trkpt lat="46.1719400" lon="6.7003530">
    <ele>1249.8</ele>
    <time>2024-12-15T09:44:37Z</time>
   </trkpt>
   <trkpt lat="46.1719480" lon="6.7003460">
    <ele>1249.9</ele>
    <time>2024-12-15T09:44:38Z</time>
   </trkpt>
   <trkpt lat="46.1719750" lon="6.7003210">
    <ele>1250.2</ele>
    <time>2024-12-15T09:44:39Z</time>
   </trkpt>
   <trkpt lat="46.1719860" lon="6.7003120">
    <ele>1250.3</ele>
    <time>2024-12-15T09:44:40Z</time>
   </trkpt>
   <trkpt lat="46.1720100" lon="6.7002910">
    <ele>1250.6</ele>
    <time>2024-12-15T09:44:41Z</time>
   </trkpt>
   <trkpt lat="46.1720190" lon="6.7002880">
    <ele>1250.7</ele>
    <time>2024-12-15T09:44:42Z</time>
   </trkpt>
   <trkpt lat="46.1720280" lon="6.7002840">
    <ele>1250.8</ele>
    <time>2024-12-15T09:44:43Z</time>
   </trkpt>
   <trkpt lat="46.1720650" lon="6.7002770">
    <ele>1251.1</ele>
    <time>2024-12-15T09:44:44Z</time>
   </trkpt>
   <trkpt lat="46.1720770" lon="6.7002730">
    <ele>1251.2</ele>
    <time>2024-12-15T09:44:45Z</time>
   </trkpt>
   <trkpt lat="46.1720860" lon="6.7002500">
    <ele>1251.4</ele>
    <time>2024-12-15T09:44:46Z</time>
   </trkpt>
   <trkpt lat="46.1721060" lon="6.7002450">
    <ele>1251.6</ele>
    <time>2024-12-15T09:44:47Z</time>
   </trkpt>
   <trkpt lat="46.1721350" lon="6.7002300">
    <ele>1251.8</ele>
    <time>2024-12-15T09:44:48Z</time>
   </trkpt>
   <trkpt lat="46.1721440" lon="6.7002250">
    <ele>1251.9</ele>
    <time>2024-12-15T09:44:49Z</time>
   </trkpt>
   <trkpt lat="46.1721730" lon="6.7002070">
    <ele>1252.2</ele>
    <time>2024-12-15T09:44:50Z</time>
   </trkpt>
   <trkpt lat="46.1721820" lon="6.7002030">
    <ele>1252.3</ele>
    <time>2024-12-15T09:44:51Z</time>
   </trkpt>
   <trkpt lat="46.1722110" lon="6.7001880">
    <ele>1252.5</ele>
    <time>2024-12-15T09:44:52Z</time>
   </trkpt>
   <trkpt lat="46.1722200" lon="6.7001820">
    <ele>1252.6</ele>
    <time>2024-12-15T09:44:53Z</time>
   </trkpt>
   <trkpt lat="46.1722520" lon="6.7001640">
    <ele>1252.9</ele>
    <time>2024-12-15T09:44:54Z</time>
   </trkpt>
   <trkpt lat="46.1722600" lon="6.7001550">
    <ele>1253.0</ele>
    <time>2024-12-15T09:44:55Z</time>
   </trkpt>
   <trkpt lat="46.1722860" lon="6.7001420">
    <ele>1253.2</ele>
    <time>2024-12-15T09:44:56Z</time>
   </trkpt>
   <trkpt lat="46.1722950" lon="6.7001370">
    <ele>1253.3</ele>
    <time>2024-12-15T09:44:57Z</time>
   </trkpt>
   <trkpt lat="46.1723110" lon="6.7001240">
    <ele>1253.6</ele>
    <time>2024-12-15T09:44:58Z</time>
   </trkpt>
   <trkpt lat="46.1723240" lon="6.7001120">
    <ele>1253.8</ele>
    <time>2024-12-15T09:44:59Z</time>
   </trkpt>
   <trkpt lat="46.1723340" lon="6.7001010">
    <ele>1253.9</ele>
    <time>2024-12-15T09:45:00Z</time>
   </trkpt>
   <trkpt lat="46.1723450" lon="6.7000870">
    <ele>1254.1</ele>
    <time>2024-12-15T09:45:01Z</time>
   </trkpt>
   <trkpt lat="46.1723600" lon="6.7000760">
    <ele>1254.3</ele>
    <time>2024-12-15T09:45:02Z</time>
   </trkpt>
   <trkpt lat="46.1723740" lon="6.7000620">
    <ele>1254.5</ele>
    <time>2024-12-15T09:45:03Z</time>
   </trkpt>
   <trkpt lat="46.1723830" lon="6.7000450">
    <ele>1254.7</ele>
    <time>2024-12-15T09:45:04Z</time>
   </trkpt>
   <trkpt lat="46.1723910" lon="6.7000370">
    <ele>1254.8</ele>
    <time>2024-12-15T09:45:05Z</time>
   </trkpt>
   <trkpt lat="46.1723990" lon="6.7000280">
    <ele>1254.9</ele>
    <time>2024-12-15T09:45:06Z</time>
   </trkpt>
   <trkpt lat="46.1724070" lon="6.7000200">
    <ele>1255.0</ele>
    <time>2024-12-15T09:45:07Z</time>
   </trkpt>
   <trkpt lat="46.1724180" lon="6.7000030">
    <ele>1255.2</ele>
    <time>2024-12-15T09:45:08Z</time>
   </trkpt>
   <trkpt lat="46.1724320" lon="6.6999890">
    <ele>1255.4</ele>
    <time>2024-12-15T09:45:09Z</time>
   </trkpt>
   <trkpt lat="46.1724390" lon="6.6999820">
    <ele>1255.5</ele>
    <time>2024-12-15T09:45:10Z</time>
   </trkpt>
   <trkpt lat="46.1724440" lon="6.6999680">
    <ele>1255.7</ele>
    <time>2024-12-15T09:45:11Z</time>
   </trkpt>
   <trkpt lat="46.1724560" lon="6.6999570">
    <ele>1255.8</ele>
    <time>2024-12-15T09:45:12Z</time>
   </trkpt>
   <trkpt lat="46.1724700" lon="6.6999310">
    <ele>1256.1</ele>
    <time>2024-12-15T09:45:13Z</time>
   </trkpt>
   <trkpt lat="46.1724760" lon="6.6999190">
    <ele>1256.2</ele>
    <time>2024-12-15T09:45:14Z</time>
   </trkpt>
   <trkpt lat="46.1724810" lon="6.6999070">
    <ele>1256.3</ele>
    <time>2024-12-15T09:45:15Z</time>
   </trkpt>
   <trkpt lat="46.1724890" lon="6.6998960">
    <ele>1256.5</ele>
    <time>2024-12-15T09:45:16Z</time>
   </trkpt>
   <trkpt lat="46.1724950" lon="6.6998860">
    <ele>1256.6</ele>
    <time>2024-12-15T09:45:17Z</time>
   </trkpt>
   <trkpt lat="46.1725020" lon="6.6998710">
    <ele>1256.7</ele>
    <time>2024-12-15T09:45:18Z</time>
   </trkpt>
   <trkpt lat="46.1725070" lon="6.6998520">
    <ele>1256.9</ele>
    <time>2024-12-15T09:45:19Z</time>
   </trkpt>
   <trkpt lat="46.1725150" lon="6.6998400">
    <ele>1257.0</ele>
    <time>2024-12-15T09:45:20Z</time>
   </trkpt>
   <trkpt lat="46.1725170" lon="6.6998320">
    <ele>1257.1</ele>
    <time>2024-12-15T09:45:21Z</time>
   </trkpt>
   <trkpt lat="46.1725240" lon="6.6998040">
    <ele>1257.3</ele>
    <time>2024-12-15T09:45:22Z</time>
   </trkpt>
   <trkpt lat="46.1725290" lon="6.6997920">
    <ele>1257.4</ele>
    <time>2024-12-15T09:45:23Z</time>
   </trkpt>
   <trkpt lat="46.1725340" lon="6.6997810">
    <ele>1257.5</ele>
    <time>2024-12-15T09:45:24Z</time>
   </trkpt>
   <trkpt lat="46.1725460" lon="6.6997560">
    <ele>1257.7</ele>
    <time>2024-12-15T09:45:25Z</time>
   </trkpt>
   <trkpt lat="46.1725520" lon="6.6997480">
    <ele>1257.8</ele>
    <time>2024-12-15T09:45:26Z</time>
   </trkpt>
   <trkpt lat="46.1725580" lon="6.6997400">
    <ele>1257.9</ele>
    <time>2024-12-15T09:45:27Z</time>
   </trkpt>
   <trkpt lat="46.1725660" lon="6.6997250">
    <ele>1258.0</ele>
    <time>2024-12-15T09:45:28Z</time>
   </trkpt>
   <trkpt lat="46.1725740" lon="6.6997160">
    <ele>1258.1</ele>
    <time>2024-12-15T09:45:29Z</time>
   </trkpt>
   <trkpt lat="46.1725830" lon="6.6997060">
    <ele>1258.2</ele>
    <time>2024-12-15T09:45:30Z</time>
   </trkpt>
   <trkpt lat="46.1725980" lon="6.6996780">
    <ele>1258.4</ele>
    <time>2024-12-15T09:45:31Z</time>
   </trkpt>
   <trkpt lat="46.1726030" lon="6.6996690">
    <ele>1258.5</ele>
    <time>2024-12-15T09:45:32Z</time>
   </trkpt>
   <trkpt lat="46.1726080" lon="6.6996600">
    <ele>1258.5</ele>
    <time>2024-12-15T09:45:33Z</time>
   </trkpt>
   <trkpt lat="46.1726250" lon="6.6996350">
    <ele>1258.7</ele>
    <time>2024-12-15T09:45:34Z</time>
   </trkpt>
   <trkpt lat="46.1726330" lon="6.6996220">
    <ele>1258.9</ele>
    <time>2024-12-15T09:45:35Z</time>
   </trkpt>
   <trkpt lat="46.1726420" lon="6.6996080">
    <ele>1259.0</ele>
    <time>2024-12-15T09:45:36Z</time>
   </trkpt>
   <trkpt lat="46.1726570" lon="6.6995830">
    <ele>1259.2</ele>
    <time>2024-12-15T09:45:37Z</time>
   </trkpt>
   <trkpt lat="46.1726630" lon="6.6995730">
    <ele>1259.3</ele>
    <time>2024-12-15T09:45:38Z</time>
   </trkpt>
   <trkpt lat="46.1726770" lon="6.6995530">
    <ele>1259.4</ele>
    <time>2024-12-15T09:45:39Z</time>
   </trkpt>
   <trkpt lat="46.1726830" lon="6.6995440">
    <ele>1259.5</ele>
    <time>2024-12-15T09:45:40Z</time>
   </trkpt>
   <trkpt lat="46.1726900" lon="6.6995350">
    <ele>1259.6</ele>
    <time>2024-12-15T09:45:41Z</time>
   </trkpt>
   <trkpt lat="46.1727060" lon="6.6995150">
    <ele>1259.8</ele>
    <time>2024-12-15T09:45:42Z</time>
   </trkpt>
   <trkpt lat="46.1727110" lon="6.6995060">
    <ele>1259.9</ele>
    <time>2024-12-15T09:45:43Z</time>
   </trkpt>
   <trkpt lat="46.1727170" lon="6.6994970">
    <ele>1260.0</ele>
    <time>2024-12-15T09:45:44Z</time>
   </trkpt>
   <trkpt lat="46.1727340" lon="6.6994750">
    <ele>1260.2</ele>
    <time>2024-12-15T09:45:45Z</time>
   </trkpt>
   <trkpt lat="46.1727410" lon="6.6994670">
    <ele>1260.3</ele>
    <time>2024-12-15T09:45:46Z</time>
   </trkpt>
   <trkpt lat="46.1727470" lon="6.6994580">
    <ele>1260.4</ele>
    <time>2024-12-15T09:45:47Z</time>
   </trkpt>
   <trkpt lat="46.1727540" lon="6.6994450">
    <ele>1260.6</ele>
    <time>2024-12-15T09:45:48Z</time>
   </trkpt>
   <trkpt lat="46.1727630" lon="6.6994300">
    <ele>1260.7</ele>
    <time>2024-12-15T09:45:49Z</time>
   </trkpt>
   <trkpt lat="46.1727690" lon="6.6994190">
    <ele>1260.9</ele>
    <time>2024-12-15T09:45:50Z</time>
   </trkpt>
   <trkpt lat="46.1727750" lon="6.6994100">
    <ele>1261.0</ele>
    <time>2024-12-15T09:45:51Z</time>
   </trkpt>
   <trkpt lat="46.1727810" lon="6.6994020">
    <ele>1261.1</ele>
    <time>2024-12-15T09:45:52Z</time>
   </trkpt>
   <trkpt lat="46.1727850" lon="6.6993970">
    <ele>1261.2</ele>
    <time>2024-12-15T09:45:54Z</time>
   </trkpt>
   <trkpt lat="46.1727900" lon="6.6993880">
    <ele>1261.3</ele>
    <time>2024-12-15T09:45:55Z</time>
   </trkpt>
   <trkpt lat="46.1727980" lon="6.6993740">
    <ele>1261.4</ele>
    <time>2024-12-15T09:45:56Z</time>
   </trkpt>
   <trkpt lat="46.1728030" lon="6.6993630">
    <ele>1261.6</ele>
    <time>2024-12-15T09:45:57Z</time>
   </trkpt>
   <trkpt lat="46.1728110" lon="6.6993500">
    <ele>1261.7</ele>
    <time>2024-12-15T09:45:58Z</time>
   </trkpt>
   <trkpt lat="46.1728190" lon="6.6993330">
    <ele>1261.9</ele>
    <time>2024-12-15T09:45:59Z</time>
   </trkpt>
   <trkpt lat="46.1728240" lon="6.6993240">
    <ele>1262.1</ele>
    <time>2024-12-15T09:46:00Z</time>
   </trkpt>
   <trkpt lat="46.1728320" lon="6.6993120">
    <ele>1262.2</ele>
    <time>2024-12-15T09:46:01Z</time>
   </trkpt>
   <trkpt lat="46.1728330" lon="6.6993090">
    <ele>1262.3</ele>
    <time>2024-12-15T09:46:02Z</time>
   </trkpt>
   <trkpt lat="46.1728410" lon="6.6992980">
    <ele>1262.4</ele>
    <time>2024-12-15T09:46:03Z</time>
   </trkpt>
   <trkpt lat="46.1728400" lon="6.6992830">
    <ele>1262.6</ele>
    <time>2024-12-15T09:46:04Z</time>
   </trkpt>
   <trkpt lat="46.1728460" lon="6.6992760">
    <ele>1262.7</ele>
    <time>2024-12-15T09:46:05Z</time>
   </trkpt>
   <trkpt lat="46.1728560" lon="6.6992570">
    <ele>1263.0</ele>
    <time>2024-12-15T09:46:06Z</time>
   </trkpt>
   <trkpt lat="46.1728650" lon="6.6992380">
    <ele>1263.3</ele>
    <time>2024-12-15T09:46:07Z</time>
   </trkpt>
   <trkpt lat="46.1728660" lon="6.6992250">
    <ele>1263.4</ele>
    <time>2024-12-15T09:46:08Z</time>
   </trkpt>
   <trkpt lat="46.1728710" lon="6.6992160">
    <ele>1263.6</ele>
    <time>2024-12-15T09:46:09Z</time>
   </trkpt>
   <trkpt lat="46.1728750" lon="6.6992060">
    <ele>1263.7</ele>
    <time>2024-12-15T09:46:10Z</time>
   </trkpt>
   <trkpt lat="46.1728800" lon="6.6991930">
    <ele>1263.9</ele>
    <time>2024-12-15T09:46:11Z</time>
   </trkpt>
   <trkpt lat="46.1728930" lon="6.6991700">
    <ele>1264.2</ele>
    <time>2024-12-15T09:46:12Z</time>
   </trkpt>
   <trkpt lat="46.1728990" lon="6.6991620">
    <ele>1264.4</ele>
    <time>2024-12-15T09:46:13Z</time>
   </trkpt>
   <trkpt lat="46.1729040" lon="6.6991530">
    <ele>1264.5</ele>
    <time>2024-12-15T09:46:14Z</time>
   </trkpt>
   <trkpt lat="46.1729170" lon="6.6991310">
    <ele>1264.8</ele>
    <time>2024-12-15T09:46:15Z</time>
   </trkpt>
   <trkpt lat="46.1729230" lon="6.6991210">
    <ele>1265.0</ele>
    <time>2024-12-15T09:46:16Z</time>
   </trkpt>
   <trkpt lat="46.1729290" lon="6.6991100">
    <ele>1265.2</ele>
    <time>2024-12-15T09:46:17Z</time>
   </trkpt>
   <trkpt lat="46.1729350" lon="6.6990930">
    <ele>1265.4</ele>
    <time>2024-12-15T09:46:18Z</time>
   </trkpt>
   <trkpt lat="46.1729420" lon="6.6990810">
    <ele>1265.6</ele>
    <time>2024-12-15T09:46:19Z</time>
   </trkpt>
   <trkpt lat="46.1729470" lon="6.6990670">
    <ele>1265.7</ele>
    <time>2024-12-15T09:46:20Z</time>
   </trkpt>
   <trkpt lat="46.1729550" lon="6.6990480">
    <ele>1266.0</ele>
    <time>2024-12-15T09:46:21Z</time>
   </trkpt>
   <trkpt lat="46.1729600" lon="6.6990320">
    <ele>1266.2</ele>
    <time>2024-12-15T09:46:22Z</time>
   </trkpt>
   <trkpt lat="46.1729730" lon="6.6990150">
    <ele>1266.4</ele>
    <time>2024-12-15T09:46:23Z</time>
   </trkpt>
   <trkpt lat="46.1729780" lon="6.6990010">
    <ele>1266.6</ele>
    <time>2024-12-15T09:46:24Z</time>
   </trkpt>
   <trkpt lat="46.1729880" lon="6.6989890">
    <ele>1266.8</ele>
    <time>2024-12-15T09:46:25Z</time>
   </trkpt>
   <trkpt lat="46.1729990" lon="6.6989710">
    <ele>1267.0</ele>
    <time>2024-12-15T09:46:26Z</time>
   </trkpt>
   <trkpt lat="46.1730030" lon="6.6989550">
    <ele>1267.2</ele>
    <time>2024-12-15T09:46:27Z</time>
   </trkpt>
   <trkpt lat="46.1730100" lon="6.6989400">
    <ele>1267.4</ele>
    <time>2024-12-15T09:46:28Z</time>
   </trkpt>
   <trkpt lat="46.1730160" lon="6.6989280">
    <ele>1267.5</ele>
    <time>2024-12-15T09:46:29Z</time>
   </trkpt>
   <trkpt lat="46.1730280" lon="6.6989100">
    <ele>1267.7</ele>
    <time>2024-12-15T09:46:30Z</time>
   </trkpt>
   <trkpt lat="46.1730330" lon="6.6988940">
    <ele>1267.9</ele>
    <time>2024-12-15T09:46:31Z</time>
   </trkpt>
   <trkpt lat="46.1730350" lon="6.6988850">
    <ele>1268.0</ele>
    <time>2024-12-15T09:46:32Z</time>
   </trkpt>
   <trkpt lat="46.1730410" lon="6.6988710">
    <ele>1268.1</ele>
    <time>2024-12-15T09:46:33Z</time>
   </trkpt>
   <trkpt lat="46.1730470" lon="6.6988520">
    <ele>1268.3</ele>
    <time>2024-12-15T09:46:34Z</time>
   </trkpt>
   <trkpt lat="46.1730510" lon="6.6988390">
    <ele>1268.5</ele>
    <time>2024-12-15T09:46:35Z</time>
   </trkpt>
   <trkpt lat="46.1730580" lon="6.6988250">
    <ele>1268.6</ele>
    <time>2024-12-15T09:46:36Z</time>
   </trkpt>
   <trkpt lat="46.1730620" lon="6.6988130">
    <ele>1268.7</ele>
    <time>2024-12-15T09:46:37Z</time>
   </trkpt>
   <trkpt lat="46.1730680" lon="6.6987920">
    <ele>1269.0</ele>
    <time>2024-12-15T09:46:38Z</time>
   </trkpt>
   <trkpt lat="46.1730720" lon="6.6987730">
    <ele>1269.1</ele>
    <time>2024-12-15T09:46:39Z</time>
   </trkpt>
   <trkpt lat="46.1730790" lon="6.6987440">
    <ele>1269.4</ele>
    <time>2024-12-15T09:46:40Z</time>
   </trkpt>
   <trkpt lat="46.1730810" lon="6.6987330">
    <ele>1269.6</ele>
    <time>2024-12-15T09:46:41Z</time>
   </trkpt>
   <trkpt lat="46.1730830" lon="6.6987210">
    <ele>1269.7</ele>
    <time>2024-12-15T09:46:42Z</time>
   </trkpt>
   <trkpt lat="46.1730870" lon="6.6987030">
    <ele>1269.8</ele>
    <time>2024-12-15T09:46:43Z</time>
   </trkpt>
   <trkpt lat="46.1730890" lon="6.6986890">
    <ele>1270.0</ele>
    <time>2024-12-15T09:46:44Z</time>
   </trkpt>
   <trkpt lat="46.1730920" lon="6.6986740">
    <ele>1270.2</ele>
    <time>2024-12-15T09:46:45Z</time>
   </trkpt>
   <trkpt lat="46.1731000" lon="6.6986460">
    <ele>1270.5</ele>
    <time>2024-12-15T09:46:46Z</time>
   </trkpt>
   <trkpt lat="46.1731030" lon="6.6986350">
    <ele>1270.6</ele>
    <time>2024-12-15T09:46:47Z</time>
   </trkpt>
   <trkpt lat="46.1731060" lon="6.6986250">
    <ele>1270.7</ele>
    <time>2024-12-15T09:46:48Z</time>
   </trkpt>
   <trkpt lat="46.1731090" lon="6.6986060">
    <ele>1270.9</ele>
    <time>2024-12-15T09:46:49Z</time>
   </trkpt>
   <trkpt lat="46.1731120" lon="6.6985900">
    <ele>1271.1</ele>
    <time>2024-12-15T09:46:50Z</time>
   </trkpt>
   <trkpt lat="46.1731160" lon="6.6985760">
    <ele>1271.3</ele>
    <time>2024-12-15T09:46:51Z</time>
   </trkpt>
   <trkpt lat="46.1731210" lon="6.6985570">
    <ele>1271.5</ele>
    <time>2024-12-15T09:46:52Z</time>
   </trkpt>
   <trkpt lat="46.1731240" lon="6.6985460">
    <ele>1271.6</ele>
    <time>2024-12-15T09:46:53Z</time>
   </trkpt>
   <trkpt lat="46.1731260" lon="6.6985360">
    <ele>1271.7</ele>
    <time>2024-12-15T09:46:54Z</time>
   </trkpt>
   <trkpt lat="46.1731280" lon="6.6985250">
    <ele>1271.8</ele>
    <time>2024-12-15T09:46:55Z</time>
   </trkpt>
   <trkpt lat="46.1731300" lon="6.6985140">
    <ele>1272.0</ele>
    <time>2024-12-15T09:46:56Z</time>
   </trkpt>
   <trkpt lat="46.1731340" lon="6.6985000">
    <ele>1272.1</ele>
    <time>2024-12-15T09:46:57Z</time>
   </trkpt>
   <trkpt lat="46.1731390" lon="6.6984750">
    <ele>1272.4</ele>
    <time>2024-12-15T09:46:58Z</time>
   </trkpt>
   <trkpt lat="46.1731420" lon="6.6984620">
    <ele>1272.6</ele>
    <time>2024-12-15T09:46:59Z</time>
   </trkpt>
   <trkpt lat="46.1731460" lon="6.6984450">
    <ele>1272.8</ele>
    <time>2024-12-15T09:47:00Z</time>
   </trkpt>
   <trkpt lat="46.1731500" lon="6.6984280">
    <ele>1273.1</ele>
    <time>2024-12-15T09:47:01Z</time>
   </trkpt>
   <trkpt lat="46.1731540" lon="6.6984120">
    <ele>1273.3</ele>
    <time>2024-12-15T09:47:02Z</time>
   </trkpt>
   <trkpt lat="46.1731580" lon="6.6983970">
    <ele>1273.5</ele>
    <time>2024-12-15T09:47:03Z</time>
   </trkpt>
   <trkpt lat="46.1731640" lon="6.6983840">
    <ele>1273.6</ele>
    <time>2024-12-15T09:47:04Z</time>
   </trkpt>
   <trkpt lat="46.1731690" lon="6.6983670">
    <ele>1273.9</ele>
    <time>2024-12-15T09:47:05Z</time>
   </trkpt>
   <trkpt lat="46.1731720" lon="6.6983510">
    <ele>1274.1</ele>
    <time>2024-12-15T09:47:06Z</time>
   </trkpt>
   <trkpt lat="46.1731750" lon="6.6983370">
    <ele>1274.3</ele>
    <time>2024-12-15T09:47:07Z</time>
   </trkpt>
   <trkpt lat="46.1731770" lon="6.6983240">
    <ele>1274.4</ele>
    <time>2024-12-15T09:47:08Z</time>
   </trkpt>
   <trkpt lat="46.1731800" lon="6.6983100">
    <ele>1274.6</ele>
    <time>2024-12-15T09:47:09Z</time>
   </trkpt>
   <trkpt lat="46.1731870" lon="6.6982960">
    <ele>1274.8</ele>
    <time>2024-12-15T09:47:10Z</time>
   </trkpt>
   <trkpt lat="46.1731920" lon="6.6982850">
    <ele>1275.0</ele>
    <time>2024-12-15T09:47:11Z</time>
   </trkpt>
   <trkpt lat="46.1731980" lon="6.6982670">
    <ele>1275.2</ele>
    <time>2024-12-15T09:47:12Z</time>
   </trkpt>
   <trkpt lat="46.1732000" lon="6.6982590">
    <ele>1275.3</ele>
    <time>2024-12-15T09:47:13Z</time>
   </trkpt>
   <trkpt lat="46.1732020" lon="6.6982560">
    <ele>1275.3</ele>
    <time>2024-12-15T09:47:14Z</time>
   </trkpt>
   <trkpt lat="46.1732060" lon="6.6982450">
    <ele>1275.5</ele>
    <time>2024-12-15T09:47:15Z</time>
   </trkpt>
   <trkpt lat="46.1732110" lon="6.6982350">
    <ele>1275.6</ele>
    <time>2024-12-15T09:47:19Z</time>
   </trkpt>
   <trkpt lat="46.1732150" lon="6.6982250">
    <ele>1275.7</ele>
    <time>2024-12-15T09:47:20Z</time>
   </trkpt>
   <trkpt lat="46.1732200" lon="6.6982150">
    <ele>1275.9</ele>
    <time>2024-12-15T09:47:21Z</time>
   </trkpt>
   <trkpt lat="46.1732240" lon="6.6982040">
    <ele>1276.0</ele>
    <time>2024-12-15T09:47:22Z</time>
   </trkpt>
   <trkpt lat="46.1732290" lon="6.6981940">
    <ele>1276.1</ele>
    <time>2024-12-15T09:47:23Z</time>
   </trkpt>
   <trkpt lat="46.1732330" lon="6.6981330">
    <ele>1276.8</ele>
    <time>2024-12-15T09:47:24Z</time>
   </trkpt>
   <trkpt lat="46.1732340" lon="6.6981210">
    <ele>1276.9</ele>
    <time>2024-12-15T09:47:25Z</time>
   </trkpt>
   <trkpt lat="46.1732440" lon="6.6980900">
    <ele>1277.2</ele>
    <time>2024-12-15T09:47:26Z</time>
   </trkpt>
   <trkpt lat="46.1732580" lon="6.6980430">
    <ele>1277.7</ele>
    <time>2024-12-15T09:47:27Z</time>
   </trkpt>
   <trkpt lat="46.1732680" lon="6.6980290">
    <ele>1277.8</ele>
    <time>2024-12-15T09:47:28Z</time>
   </trkpt>
   <trkpt lat="46.1732820" lon="6.6979870">
    <ele>1278.2</ele>
    <time>2024-12-15T09:47:29Z</time>
   </trkpt>
   <trkpt lat="46.1732910" lon="6.6979760">
    <ele>1278.3</ele>
    <time>2024-12-15T09:47:30Z</time>
   </trkpt>
   <trkpt lat="46.1733330" lon="6.6977440">
    <ele>1279.9</ele>
    <time>2024-12-15T09:47:41Z</time>
   </trkpt>
   <trkpt lat="46.1733380" lon="6.6977230">
    <ele>1280.1</ele>
    <time>2024-12-15T09:47:42Z</time>
   </trkpt>
   <trkpt lat="46.1733850" lon="6.6975270">
    <ele>1281.5</ele>
    <time>2024-12-15T09:47:43Z</time>
   </trkpt>
   <trkpt lat="46.1733950" lon="6.6973430">
    <ele>1282.6</ele>
    <time>2024-12-15T09:48:15Z</time>
   </trkpt>
   <trkpt lat="46.1734060" lon="6.6971580">
    <ele>1283.5</ele>
    <time>2024-12-15T09:48:16Z</time>
   </trkpt>
   <trkpt lat="46.1734160" lon="6.6969740">
    <ele>1284.2</ele>
    <time>2024-12-15T09:48:17Z</time>
   </trkpt>
   <trkpt lat="46.1734110" lon="6.6969300">
    <ele>1284.4</ele>
    <time>2024-12-15T09:48:18Z</time>
   </trkpt>
   <trkpt lat="46.1734110" lon="6.6969130">
    <ele>1284.5</ele>
    <time>2024-12-15T09:48:19Z</time>
   </trkpt>
   <trkpt lat="46.1734110" lon="6.6968700">
    <ele>1284.7</ele>
    <time>2024-12-15T09:48:20Z</time>
   </trkpt>
   <trkpt lat="46.1734110" lon="6.6968550">
    <ele>1284.7</ele>
    <time>2024-12-15T09:48:21Z</time>
   </trkpt>
   <trkpt lat="46.1734190" lon="6.6968160">
    <ele>1284.9</ele>
    <time>2024-12-15T09:48:22Z</time>
   </trkpt>
   <trkpt lat="46.1734210" lon="6.6968020">
    <ele>1285.0</ele>
    <time>2024-12-15T09:48:23Z</time>
   </trkpt>
   <trkpt lat="46.1734260" lon="6.6967580">
    <ele>1285.2</ele>
    <time>2024-12-15T09:48:24Z</time>
   </trkpt>
   <trkpt lat="46.1734270" lon="6.6967420">
    <ele>1285.3</ele>
    <time>2024-12-15T09:48:25Z</time>
   </trkpt>
   <trkpt lat="46.1734330" lon="6.6966920">
    <ele>1285.5</ele>
    <time>2024-12-15T09:48:26Z</time>
   </trkpt>
   <trkpt lat="46.1734320" lon="6.6966780">
    <ele>1285.6</ele>
    <time>2024-12-15T09:48:27Z</time>
   </trkpt>
   <trkpt lat="46.1734240" lon="6.6966390">
    <ele>1285.7</ele>
    <time>2024-12-15T09:48:28Z</time>
   </trkpt>
   <trkpt lat="46.1734200" lon="6.6966240">
    <ele>1285.8</ele>
    <time>2024-12-15T09:48:29Z</time>
   </trkpt>
   <trkpt lat="46.1734190" lon="6.6965780">
    <ele>1286.0</ele>
    <time>2024-12-15T09:48:30Z</time>
   </trkpt>
   <trkpt lat="46.1734170" lon="6.6965650">
    <ele>1286.1</ele>
    <time>2024-12-15T09:48:31Z</time>
   </trkpt>
   <trkpt lat="46.1734110" lon="6.6965250">
    <ele>1286.3</ele>
    <time>2024-12-15T09:48:32Z</time>
   </trkpt>
   <trkpt lat="46.1734110" lon="6.6965100">
    <ele>1286.4</ele>
    <time>2024-12-15T09:48:33Z</time>
   </trkpt>
   <trkpt lat="46.1734110" lon="6.6964850">
    <ele>1286.5</ele>
    <time>2024-12-15T09:48:34Z</time>
   </trkpt>
   <trkpt lat="46.1734120" lon="6.6964590">
    <ele>1286.6</ele>
    <time>2024-12-15T09:48:35Z</time>
   </trkpt>
   <trkpt lat="46.1734080" lon="6.6964190">
    <ele>1286.8</ele>
    <time>2024-12-15T09:48:36Z</time>
   </trkpt>
   <trkpt lat="46.1734060" lon="6.6964050">
    <ele>1286.9</ele>
    <time>2024-12-15T09:48:37Z</time>
   </trkpt>
   <trkpt lat="46.1734090" lon="6.6963580">
    <ele>1287.1</ele>
    <time>2024-12-15T09:48:38Z</time>
   </trkpt>
   <trkpt lat="46.1734090" lon="6.6963430">
    <ele>1287.2</ele>
    <time>2024-12-15T09:48:39Z</time>
   </trkpt>
   <trkpt lat="46.1734060" lon="6.6963160">
    <ele>1287.3</ele>
    <time>2024-12-15T09:48:40Z</time>
   </trkpt>
   <trkpt lat="46.1734070" lon="6.6962920">
    <ele>1287.4</ele>
    <time>2024-12-15T09:48:41Z</time>
   </trkpt>
   <trkpt lat="46.1734120" lon="6.6962590">
    <ele>1287.6</ele>
    <time>2024-12-15T09:48:42Z</time>
   </trkpt>
   <trkpt lat="46.1734110" lon="6.6962470">
    <ele>1287.6</ele>
    <time>2024-12-15T09:48:43Z</time>
   </trkpt>
   <trkpt lat="46.1734110" lon="6.6962340">
    <ele>1287.7</ele>
    <time>2024-12-15T09:48:44Z</time>
   </trkpt>
   <trkpt lat="46.1734180" lon="6.6962070">
    <ele>1287.8</ele>
    <time>2024-12-15T09:48:45Z</time>
   </trkpt>
   <trkpt lat="46.1734200" lon="6.6961940">
    <ele>1287.9</ele>
    <time>2024-12-15T09:48:46Z</time>
   </trkpt>
   <trkpt lat="46.1734220" lon="6.6961820">
    <ele>1288.0</ele>
    <time>2024-12-15T09:48:47Z</time>
   </trkpt>
   <trkpt lat="46.1734250" lon="6.6961610">
    <ele>1288.1</ele>
    <time>2024-12-15T09:48:48Z</time>
   </trkpt>
   <trkpt lat="46.1734240" lon="6.6961430">
    <ele>1288.2</ele>
    <time>2024-12-15T09:48:49Z</time>
   </trkpt>
   <trkpt lat="46.1734270" lon="6.6961230">
    <ele>1288.3</ele>
    <time>2024-12-15T09:48:50Z</time>
   </trkpt>
   <trkpt lat="46.1734350" lon="6.6961090">
    <ele>1288.4</ele>
    <time>2024-12-15T09:48:51Z</time>
   </trkpt>
   <trkpt lat="46.1734340" lon="6.6960950">
    <ele>1288.4</ele>
    <time>2024-12-15T09:48:52Z</time>
   </trkpt>
   <trkpt lat="46.1734380" lon="6.6960700">
    <ele>1288.6</ele>
    <time>2024-12-15T09:48:53Z</time>
   </trkpt>
   <trkpt lat="46.1734360" lon="6.6960560">
    <ele>1288.7</ele>
    <time>2024-12-15T09:48:54Z</time>
   </trkpt>
   <trkpt lat="46.1734340" lon="6.6960410">
    <ele>1288.7</ele>
    <time>2024-12-15T09:48:55Z</time>
   </trkpt>
   <trkpt lat="46.1734340" lon="6.6960170">
    <ele>1288.9</ele>
    <time>2024-12-15T09:48:56Z</time>
   </trkpt>
   <trkpt lat="46.1734340" lon="6.6959940">
    <ele>1289.0</ele>
    <time>2024-12-15T09:48:57Z</time>
   </trkpt>
   <trkpt lat="46.1734370" lon="6.6959620">
    <ele>1289.3</ele>
    <time>2024-12-15T09:48:58Z</time>
   </trkpt>
   <trkpt lat="46.1734390" lon="6.6959490">
    <ele>1289.3</ele>
    <time>2024-12-15T09:48:59Z</time>
   </trkpt>
   <trkpt lat="46.1734420" lon="6.6959360">
    <ele>1289.4</ele>
    <time>2024-12-15T09:49:00Z</time>
   </trkpt>
   <trkpt lat="46.1734410" lon="6.6959140">
    <ele>1289.6</ele>
    <time>2024-12-15T09:49:01Z</time>
   </trkpt>
   <trkpt lat="46.1734420" lon="6.6958950">
    <ele>1289.7</ele>
    <time>2024-12-15T09:49:02Z</time>
   </trkpt>
   <trkpt lat="46.1734470" lon="6.6958660">
    <ele>1289.9</ele>
    <time>2024-12-15T09:49:03Z</time>
   </trkpt>
   <trkpt lat="46.1734500" lon="6.6958550">
    <ele>1290.0</ele>
    <time>2024-12-15T09:49:04Z</time>
   </trkpt>
   <trkpt lat="46.1734520" lon="6.6958430">
    <ele>1290.1</ele>
    <time>2024-12-15T09:49:05Z</time>
   </trkpt>
   <trkpt lat="46.1734600" lon="6.6958280">
    <ele>1290.2</ele>
    <time>2024-12-15T09:49:06Z</time>
   </trkpt>
   <trkpt lat="46.1734660" lon="6.6958060">
    <ele>1290.4</ele>
    <time>2024-12-15T09:49:07Z</time>
   </trkpt>
   <trkpt lat="46.1734700" lon="6.6957870">
    <ele>1290.5</ele>
    <time>2024-12-15T09:49:08Z</time>
   </trkpt>
   <trkpt lat="46.1734750" lon="6.6957790">
    <ele>1290.6</ele>
    <time>2024-12-15T09:49:09Z</time>
   </trkpt>
   <trkpt lat="46.1734820" lon="6.6957640">
    <ele>1290.7</ele>
    <time>2024-12-15T09:49:10Z</time>
   </trkpt>
   <trkpt lat="46.1734910" lon="6.6957420">
    <ele>1290.9</ele>
    <time>2024-12-15T09:49:11Z</time>
   </trkpt>
   <trkpt lat="46.1734970" lon="6.6957260">
    <ele>1291.0</ele>
    <time>2024-12-15T09:49:12Z</time>
   </trkpt>
   <trkpt lat="46.1735170" lon="6.6957040">
    <ele>1291.3</ele>
    <time>2024-12-15T09:49:13Z</time>
   </trkpt>
   <trkpt lat="46.1735210" lon="6.6956920">
    <ele>1291.4</ele>
    <time>2024-12-15T09:49:14Z</time>
   </trkpt>
   <trkpt lat="46.1735250" lon="6.6956800">
    <ele>1291.5</ele>
    <time>2024-12-15T09:49:15Z</time>
   </trkpt>
   <trkpt lat="46.1735320" lon="6.6956640">
    <ele>1291.6</ele>
    <time>2024-12-15T09:49:16Z</time>
   </trkpt>
   <trkpt lat="46.1735420" lon="6.6956470">
    <ele>1291.8</ele>
    <time>2024-12-15T09:49:17Z</time>
   </trkpt>
   <trkpt lat="46.1735520" lon="6.6956380">
    <ele>1291.9</ele>
    <time>2024-12-15T09:49:18Z</time>
   </trkpt>
   <trkpt lat="46.1735500" lon="6.6956200">
    <ele>1292.1</ele>
    <time>2024-12-15T09:49:19Z</time>
   </trkpt>
   <trkpt lat="46.1735560" lon="6.6956120">
    <ele>1292.1</ele>
    <time>2024-12-15T09:49:20Z</time>
   </trkpt>
   <trkpt lat="46.1735760" lon="6.6955710">
    <ele>1292.5</ele>
    <time>2024-12-15T09:49:21Z</time>
   </trkpt>
   <trkpt lat="46.1735850" lon="6.6955590">
    <ele>1292.6</ele>
    <time>2024-12-15T09:49:22Z</time>
   </trkpt>
   <trkpt lat="46.1735840" lon="6.6955490">
    <ele>1292.7</ele>
    <time>2024-12-15T09:49:23Z</time>
   </trkpt>
   <trkpt lat="46.1735890" lon="6.6955290">
    <ele>1292.9</ele>
    <time>2024-12-15T09:49:24Z</time>
   </trkpt>
   <trkpt lat="46.1735960" lon="6.6955130">
    <ele>1293.0</ele>
    <time>2024-12-15T09:49:25Z</time>
   </trkpt>
   <trkpt lat="46.1736080" lon="6.6954670">
    <ele>1293.4</ele>
    <time>2024-12-15T09:49:26Z</time>
   </trkpt>
   <trkpt lat="46.1736230" lon="6.6954470">
    <ele>1293.6</ele>
    <time>2024-12-15T09:49:27Z</time>
   </trkpt>
   <trkpt lat="46.1736340" lon="6.6954310">
    <ele>1293.8</ele>
    <time>2024-12-15T09:49:28Z</time>
   </trkpt>
   <trkpt lat="46.1736450" lon="6.6954150">
    <ele>1293.9</ele>
    <time>2024-12-15T09:49:29Z</time>
   </trkpt>
   <trkpt lat="46.1736650" lon="6.6953840">
    <ele>1294.3</ele>
    <time>2024-12-15T09:49:30Z</time>
   </trkpt>
   <trkpt lat="46.1736730" lon="6.6953710">
    <ele>1294.4</ele>
    <time>2024-12-15T09:49:31Z</time>
   </trkpt>
   <trkpt lat="46.1737020" lon="6.6953390">
    <ele>1294.9</ele>
    <time>2024-12-15T09:49:32Z</time>
   </trkpt>
   <trkpt lat="46.1737130" lon="6.6953260">
    <ele>1295.1</ele>
    <time>2024-12-15T09:49:33Z</time>
   </trkpt>
   <trkpt lat="46.1737400" lon="6.6952920">
    <ele>1295.6</ele>
    <time>2024-12-15T09:49:34Z</time>
   </trkpt>
   <trkpt lat="46.1737470" lon="6.6952830">
    <ele>1295.7</ele>
    <time>2024-12-15T09:49:35Z</time>
   </trkpt>
   <trkpt lat="46.1737720" lon="6.6952420">
    <ele>1296.2</ele>
    <time>2024-12-15T09:49:36Z</time>
   </trkpt>
   <trkpt lat="46.1737820" lon="6.6952270">
    <ele>1296.5</ele>
    <time>2024-12-15T09:49:37Z</time>
   </trkpt>
   <trkpt lat="46.1738050" lon="6.6951930">
    <ele>1296.9</ele>
    <time>2024-12-15T09:49:38Z</time>
   </trkpt>
   <trkpt lat="46.1738130" lon="6.6951790">
    <ele>1297.1</ele>
    <time>2024-12-15T09:49:39Z</time>
   </trkpt>
   <trkpt lat="46.1738230" lon="6.6951410">
    <ele>1297.5</ele>
    <time>2024-12-15T09:49:40Z</time>
   </trkpt>
   <trkpt lat="46.1738290" lon="6.6951280">
    <ele>1297.7</ele>
    <time>2024-12-15T09:49:41Z</time>
   </trkpt>
   <trkpt lat="46.1738580" lon="6.6951100">
    <ele>1298.2</ele>
    <time>2024-12-15T09:49:42Z</time>
   </trkpt>
   <trkpt lat="46.1738790" lon="6.6950800">
    <ele>1298.6</ele>
    <time>2024-12-15T09:49:43Z</time>
   </trkpt>
   <trkpt lat="46.1738800" lon="6.6950620">
    <ele>1298.8</ele>
    <time>2024-12-15T09:49:44Z</time>
   </trkpt>
   <trkpt lat="46.1738850" lon="6.6950420">
    <ele>1299.0</ele>
    <time>2024-12-15T09:49:45Z</time>
   </trkpt>
   <trkpt lat="46.1739040" lon="6.6950250">
    <ele>1299.3</ele>
    <time>2024-12-15T09:49:46Z</time>
   </trkpt>
   <trkpt lat="46.1739230" lon="6.6949830">
    <ele>1299.8</ele>
    <time>2024-12-15T09:49:47Z</time>
   </trkpt>
   <trkpt lat="46.1739300" lon="6.6949690">
    <ele>1299.9</ele>
    <time>2024-12-15T09:49:48Z</time>
   </trkpt>
   <trkpt lat="46.1739450" lon="6.6949280">
    <ele>1300.3</ele>
    <time>2024-12-15T09:49:49Z</time>
   </trkpt>
   <trkpt lat="46.1739500" lon="6.6949130">
    <ele>1300.4</ele>
    <time>2024-12-15T09:49:50Z</time>
   </trkpt>
   <trkpt lat="46.1739540" lon="6.6948720">
    <ele>1300.8</ele>
    <time>2024-12-15T09:49:51Z</time>
   </trkpt>
   <trkpt lat="46.1739550" lon="6.6948200">
    <ele>1301.1</ele>
    <time>2024-12-15T09:49:52Z</time>
   </trkpt>
   <trkpt lat="46.1739670" lon="6.6947800">
    <ele>1301.4</ele>
    <time>2024-12-15T09:49:53Z</time>
   </trkpt>
   <trkpt lat="46.1739710" lon="6.6947640">
    <ele>1301.4</ele>
    <time>2024-12-15T09:49:54Z</time>
   </trkpt>
   <trkpt lat="46.1739840" lon="6.6947290">
    <ele>1301.4</ele>
    <time>2024-12-15T09:49:55Z</time>
   </trkpt>
   <trkpt lat="46.1739900" lon="6.6947160">
    <ele>1301.3</ele>
    <time>2024-12-15T09:49:56Z</time>
   </trkpt>
   <trkpt lat="46.1739970" lon="6.6946920">
    <ele>1301.3</ele>
    <time>2024-12-15T09:49:57Z</time>
   </trkpt>
   <trkpt lat="46.1740060" lon="6.6946710">
    <ele>1301.3</ele>
    <time>2024-12-15T09:49:58Z</time>
   </trkpt>
   <trkpt lat="46.1740340" lon="6.6946380">
    <ele>1301.2</ele>
    <time>2024-12-15T09:49:59Z</time>
   </trkpt>
   <trkpt lat="46.1740400" lon="6.6946250">
    <ele>1301.2</ele>
    <time>2024-12-15T09:50:00Z</time>
   </trkpt>
   <trkpt lat="46.1740610" lon="6.6945840">
    <ele>1301.1</ele>
    <time>2024-12-15T09:50:01Z</time>
   </trkpt>
   <trkpt lat="46.1740690" lon="6.6945750">
    <ele>1301.0</ele>
    <time>2024-12-15T09:50:02Z</time>
   </trkpt>
   <trkpt lat="46.1740990" lon="6.6945590">
    <ele>1300.9</ele>
    <time>2024-12-15T09:50:03Z</time>
   </trkpt>
   <trkpt lat="46.1741270" lon="6.6945170">
    <ele>1300.8</ele>
    <time>2024-12-15T09:50:04Z</time>
   </trkpt>
   <trkpt lat="46.1741340" lon="6.6944940">
    <ele>1300.8</ele>
    <time>2024-12-15T09:50:05Z</time>
   </trkpt>
   <trkpt lat="46.1741550" lon="6.6944510">
    <ele>1300.7</ele>
    <time>2024-12-15T09:50:06Z</time>
   </trkpt>
   <trkpt lat="46.1741610" lon="6.6944400">
    <ele>1300.6</ele>
    <time>2024-12-15T09:50:07Z</time>
   </trkpt>
   <trkpt lat="46.1741770" lon="6.6944020">
    <ele>1300.6</ele>
    <time>2024-12-15T09:50:08Z</time>
   </trkpt>
   <trkpt lat="46.1741820" lon="6.6943870">
    <ele>1300.5</ele>
    <time>2024-12-15T09:50:09Z</time>
   </trkpt>
   <trkpt lat="46.1741980" lon="6.6943520">
    <ele>1300.4</ele>
    <time>2024-12-15T09:50:10Z</time>
   </trkpt>
   <trkpt lat="46.1742130" lon="6.6943160">
    <ele>1300.4</ele>
    <time>2024-12-15T09:50:11Z</time>
   </trkpt>
   <trkpt lat="46.1742210" lon="6.6943060">
    <ele>1300.3</ele>
    <time>2024-12-15T09:50:12Z</time>
   </trkpt>
   <trkpt lat="46.1742510" lon="6.6943040">
    <ele>1300.2</ele>
    <time>2024-12-15T09:50:13Z</time>
   </trkpt>
   <trkpt lat="46.1742590" lon="6.6943020">
    <ele>1300.2</ele>
    <time>2024-12-15T09:50:14Z</time>
   </trkpt>
   <trkpt lat="46.1742900" lon="6.6942710">
    <ele>1300.1</ele>
    <time>2024-12-15T09:50:15Z</time>
   </trkpt>
   <trkpt lat="46.1743020" lon="6.6942570">
    <ele>1300.0</ele>
    <time>2024-12-15T09:50:16Z</time>
   </trkpt>
   <trkpt lat="46.1743370" lon="6.6942430">
    <ele>1300.0</ele>
    <time>2024-12-15T09:50:17Z</time>
   </trkpt>
   <trkpt lat="46.1743490" lon="6.6942460">
    <ele>1300.0</ele>
    <time>2024-12-15T09:50:18Z</time>
   </trkpt>
   <trkpt lat="46.1743800" lon="6.6942510">
    <ele>1300.0</ele>
    <time>2024-12-15T09:50:19Z</time>
   </trkpt>
   <trkpt lat="46.1743930" lon="6.6942510">
    <ele>1300.0</ele>
    <time>2024-12-15T09:50:20Z</time>
   </trkpt>
   <trkpt lat="46.1744250" lon="6.6942600">
    <ele>1299.9</ele>
    <time>2024-12-15T09:50:21Z</time>
   </trkpt>
   <trkpt lat="46.1744340" lon="6.6942620">
    <ele>1299.9</ele>
    <time>2024-12-15T09:50:22Z</time>
   </trkpt>
   <trkpt lat="46.1744620" lon="6.6942570">
    <ele>1299.8</ele>
    <time>2024-12-15T09:50:23Z</time>
   </trkpt>
   <trkpt lat="46.1744930" lon="6.6942570">
    <ele>1299.6</ele>
    <time>2024-12-15T09:50:24Z</time>
   </trkpt>
   <trkpt lat="46.1745030" lon="6.6942570">
    <ele>1299.5</ele>
    <time>2024-12-15T09:50:25Z</time>
   </trkpt>
   <trkpt lat="46.1745300" lon="6.6942400">
    <ele>1299.3</ele>
    <time>2024-12-15T09:50:26Z</time>
   </trkpt>
   <trkpt lat="46.1745610" lon="6.6942480">
    <ele>1299.0</ele>
    <time>2024-12-15T09:50:27Z</time>
   </trkpt>
   <trkpt lat="46.1745690" lon="6.6942540">
    <ele>1298.9</ele>
    <time>2024-12-15T09:50:28Z</time>
   </trkpt>
   <trkpt lat="46.1745970" lon="6.6942740">
    <ele>1298.6</ele>
    <time>2024-12-15T09:50:29Z</time>
   </trkpt>
   <trkpt lat="46.1746100" lon="6.6942760">
    <ele>1298.4</ele>
    <time>2024-12-15T09:50:30Z</time>
   </trkpt>
   <trkpt lat="46.1746450" lon="6.6942770">
    <ele>1297.9</ele>
    <time>2024-12-15T09:50:31Z</time>
   </trkpt>
   <trkpt lat="46.1746560" lon="6.6942780">
    <ele>1297.8</ele>
    <time>2024-12-15T09:50:32Z</time>
   </trkpt>
   <trkpt lat="46.1746920" lon="6.6942920">
    <ele>1297.2</ele>
    <time>2024-12-15T09:50:33Z</time>
   </trkpt>
   <trkpt lat="46.1747080" lon="6.6942930">
    <ele>1296.9</ele>
    <time>2024-12-15T09:50:34Z</time>
   </trkpt>
   <trkpt lat="46.1747390" lon="6.6942950">
    <ele>1296.4</ele>
    <time>2024-12-15T09:50:35Z</time>
   </trkpt>
   <trkpt lat="46.1747510" lon="6.6942930">
    <ele>1296.2</ele>
    <time>2024-12-15T09:50:36Z</time>
   </trkpt>
   <trkpt lat="46.1747850" lon="6.6943010">
    <ele>1295.6</ele>
    <time>2024-12-15T09:50:37Z</time>
   </trkpt>
   <trkpt lat="46.1747960" lon="6.6943010">
    <ele>1295.4</ele>
    <time>2024-12-15T09:50:38Z</time>
   </trkpt>
   <trkpt lat="46.1748260" lon="6.6943090">
    <ele>1294.8</ele>
    <time>2024-12-15T09:50:39Z</time>
   </trkpt>
   <trkpt lat="46.1748380" lon="6.6943100">
    <ele>1294.6</ele>
    <time>2024-12-15T09:50:40Z</time>
   </trkpt>
   <trkpt lat="46.1748650" lon="6.6943090">
    <ele>1294.1</ele>
    <time>2024-12-15T09:50:41Z</time>
   </trkpt>
   <trkpt lat="46.1748760" lon="6.6943060">
    <ele>1293.8</ele>
    <time>2024-12-15T09:50:42Z</time>
   </trkpt>
   <trkpt lat="46.1749120" lon="6.6943120">
    <ele>1293.1</ele>
    <time>2024-12-15T09:50:43Z</time>
   </trkpt>
   <trkpt lat="46.1749240" lon="6.6943190">
    <ele>1292.9</ele>
    <time>2024-12-15T09:50:44Z</time>
   </trkpt>
   <trkpt lat="46.1749630" lon="6.6943160">
    <ele>1292.1</ele>
    <time>2024-12-15T09:50:45Z</time>
   </trkpt>
   <trkpt lat="46.1749780" lon="6.6943150">
    <ele>1291.8</ele>
    <time>2024-12-15T09:50:46Z</time>
   </trkpt>
   <trkpt lat="46.1750140" lon="6.6943220">
    <ele>1291.1</ele>
    <time>2024-12-15T09:50:47Z</time>
   </trkpt>
   <trkpt lat="46.1750250" lon="6.6943190">
    <ele>1290.9</ele>
    <time>2024-12-15T09:50:48Z</time>
   </trkpt>
   <trkpt lat="46.1750620" lon="6.6943140">
    <ele>1290.2</ele>
    <time>2024-12-15T09:50:49Z</time>
   </trkpt>
   <trkpt lat="46.1750950" lon="6.6943310">
    <ele>1289.6</ele>
    <time>2024-12-15T09:50:50Z</time>
   </trkpt>
   <trkpt lat="46.1751030" lon="6.6943360">
    <ele>1289.4</ele>
    <time>2024-12-15T09:50:51Z</time>
   </trkpt>
   <trkpt lat="46.1751350" lon="6.6943400">
    <ele>1288.8</ele>
    <time>2024-12-15T09:50:52Z</time>
   </trkpt>
   <trkpt lat="46.1751660" lon="6.6943590">
    <ele>1288.2</ele>
    <time>2024-12-15T09:50:53Z</time>
   </trkpt>
   <trkpt lat="46.1751830" lon="6.6943640">
    <ele>1287.9</ele>
    <time>2024-12-15T09:50:54Z</time>
   </trkpt>
   <trkpt lat="46.1751960" lon="6.6943780">
    <ele>1287.6</ele>
    <time>2024-12-15T09:50:55Z</time>
   </trkpt>
   <trkpt lat="46.1752320" lon="6.6943990">
    <ele>1286.9</ele>
    <time>2024-12-15T09:50:56Z</time>
   </trkpt>
   <trkpt lat="46.1752450" lon="6.6944090">
    <ele>1286.6</ele>
    <time>2024-12-15T09:50:57Z</time>
   </trkpt>
   <trkpt lat="46.1752570" lon="6.6944250">
    <ele>1286.3</ele>
    <time>2024-12-15T09:50:58Z</time>
   </trkpt>
   <trkpt lat="46.1752630" lon="6.6944530">
    <ele>1285.9</ele>
    <time>2024-12-15T09:50:59Z</time>
   </trkpt>
   <trkpt lat="46.1752850" lon="6.6944870">
    <ele>1285.3</ele>
    <time>2024-12-15T09:51:00Z</time>
   </trkpt>
   <trkpt lat="46.1752920" lon="6.6945040">
    <ele>1285.0</ele>
    <time>2024-12-15T09:51:01Z</time>
   </trkpt>
   <trkpt lat="46.1753100" lon="6.6945210">
    <ele>1284.6</ele>
    <time>2024-12-15T09:51:02Z</time>
   </trkpt>
   <trkpt lat="46.1753150" lon="6.6945350">
    <ele>1284.4</ele>
    <time>2024-12-15T09:51:03Z</time>
   </trkpt>
   <trkpt lat="46.1753220" lon="6.6945510">
    <ele>1284.1</ele>
    <time>2024-12-15T09:51:04Z</time>
   </trkpt>
   <trkpt lat="46.1753300" lon="6.6945730">
    <ele>1283.8</ele>
    <time>2024-12-15T09:51:05Z</time>
   </trkpt>
   <trkpt lat="46.1753450" lon="6.6946160">
    <ele>1283.0</ele>
    <time>2024-12-15T09:51:06Z</time>
   </trkpt>
   <trkpt lat="46.1753460" lon="6.6946350">
    <ele>1282.8</ele>
    <time>2024-12-15T09:51:07Z</time>
   </trkpt>
   <trkpt lat="46.1753450" lon="6.6946580">
    <ele>1282.4</ele>
    <time>2024-12-15T09:51:08Z</time>
   </trkpt>
   <trkpt lat="46.1753570" lon="6.6946820">
    <ele>1281.9</ele>
    <time>2024-12-15T09:51:09Z</time>
   </trkpt>
   <trkpt lat="46.1753600" lon="6.6947110">
    <ele>1281.4</ele>
    <time>2024-12-15T09:51:10Z</time>
   </trkpt>
   <trkpt lat="46.1753820" lon="6.6947190">
    <ele>1280.9</ele>
    <time>2024-12-15T09:51:11Z</time>
   </trkpt>
   <trkpt lat="46.1753880" lon="6.6947640">
    <ele>1280.0</ele>
    <time>2024-12-15T09:51:12Z</time>
   </trkpt>
   <trkpt lat="46.1753870" lon="6.6947760">
    <ele>1279.8</ele>
    <time>2024-12-15T09:51:13Z</time>
   </trkpt>
   <trkpt lat="46.1753860" lon="6.6948020">
    <ele>1279.3</ele>
    <time>2024-12-15T09:51:14Z</time>
   </trkpt>
   <trkpt lat="46.1754050" lon="6.6948090">
    <ele>1278.8</ele>
    <time>2024-12-15T09:51:15Z</time>
   </trkpt>
   <trkpt lat="46.1754230" lon="6.6948060">
    <ele>1278.8</ele>
    <time>2024-12-15T09:51:16Z</time>
   </trkpt>
   <trkpt lat="46.1754410" lon="6.6948010">
    <ele>1278.6</ele>
    <time>2024-12-15T09:51:17Z</time>
   </trkpt>
   <trkpt lat="46.1754690" lon="6.6948040">
    <ele>1278.4</ele>
    <time>2024-12-15T09:51:18Z</time>
   </trkpt>
   <trkpt lat="46.1754830" lon="6.6948030">
    <ele>1278.4</ele>
    <time>2024-12-15T09:51:19Z</time>
   </trkpt>
   <trkpt lat="46.1755120" lon="6.6947860">
    <ele>1278.7</ele>
    <time>2024-12-15T09:51:20Z</time>
   </trkpt>
   <trkpt lat="46.1755370" lon="6.6947640">
    <ele>1278.5</ele>
    <time>2024-12-15T09:51:21Z</time>
   </trkpt>
   <trkpt lat="46.1755650" lon="6.6947440">
    <ele>1278.8</ele>
    <time>2024-12-15T09:51:22Z</time>
   </trkpt>
   <trkpt lat="46.1755820" lon="6.6947050">
    <ele>1279.1</ele>
    <time>2024-12-15T09:51:23Z</time>
   </trkpt>
   <trkpt lat="46.1756100" lon="6.6946900">
    <ele>1279.1</ele>
    <time>2024-12-15T09:51:24Z</time>
   </trkpt>
   <trkpt lat="46.1756390" lon="6.6946600">
    <ele>1279.5</ele>
    <time>2024-12-15T09:51:25Z</time>
   </trkpt>
   <trkpt lat="46.1756600" lon="6.6946240">
    <ele>1279.2</ele>
    <time>2024-12-15T09:51:26Z</time>
   </trkpt>
   <trkpt lat="46.1756930" lon="6.6946070">
    <ele>1279.6</ele>
    <time>2024-12-15T09:51:27Z</time>
   </trkpt>
   <trkpt lat="46.1757240" lon="6.6945780">
    <ele>1280.1</ele>
    <time>2024-12-15T09:51:28Z</time>
   </trkpt>
   <trkpt lat="46.1757530" lon="6.6945460">
    <ele>1279.8</ele>
    <time>2024-12-15T09:51:29Z</time>
   </trkpt>
   <trkpt lat="46.1757820" lon="6.6945230">
    <ele>1280.1</ele>
    <time>2024-12-15T09:51:30Z</time>
   </trkpt>
   <trkpt lat="46.1758080" lon="6.6945030">
    <ele>1279.7</ele>
    <time>2024-12-15T09:51:31Z</time>
   </trkpt>
   <trkpt lat="46.1758400" lon="6.6944630">
    <ele>1280.0</ele>
    <time>2024-12-15T09:51:32Z</time>
   </trkpt>
   <trkpt lat="46.1758540" lon="6.6944510">
    <ele>1279.6</ele>
    <time>2024-12-15T09:51:33Z</time>
   </trkpt>
   <trkpt lat="46.1758720" lon="6.6944020">
    <ele>1281.0</ele>
    <time>2024-12-15T09:51:34Z</time>
   </trkpt>
   <trkpt lat="46.1759180" lon="6.6943850">
    <ele>1280.1</ele>
    <time>2024-12-15T09:51:35Z</time>
   </trkpt>
   <trkpt lat="46.1759290" lon="6.6943500">
    <ele>1280.7</ele>
    <time>2024-12-15T09:51:36Z</time>
   </trkpt>
   <trkpt lat="46.1759600" lon="6.6943270">
    <ele>1280.3</ele>
    <time>2024-12-15T09:51:37Z</time>
   </trkpt>
   <trkpt lat="46.1759480" lon="6.6942800">
    <ele>1280.9</ele>
    <time>2024-12-15T09:51:38Z</time>
   </trkpt>
   <trkpt lat="46.1759390" lon="6.6942620">
    <ele>1281.4</ele>
    <time>2024-12-15T09:51:39Z</time>
   </trkpt>
   <trkpt lat="46.1759300" lon="6.6935790">
    <ele>1292.3</ele>
    <time>2024-12-15T09:52:29Z</time>
   </trkpt>
   <trkpt lat="46.1759460" lon="6.6935580">
    <ele>1292.2</ele>
    <time>2024-12-15T09:52:30Z</time>
   </trkpt>
   <trkpt lat="46.1759820" lon="6.6935450">
    <ele>1291.9</ele>
    <time>2024-12-15T09:52:31Z</time>
   </trkpt>
   <trkpt lat="46.1759940" lon="6.6935420">
    <ele>1291.8</ele>
    <time>2024-12-15T09:52:32Z</time>
   </trkpt>
   <trkpt lat="46.1760330" lon="6.6935110">
    <ele>1291.4</ele>
    <time>2024-12-15T09:52:33Z</time>
   </trkpt>
   <trkpt lat="46.1760510" lon="6.6935060">
    <ele>1291.3</ele>
    <time>2024-12-15T09:52:34Z</time>
   </trkpt>
   <trkpt lat="46.1760830" lon="6.6934880">
    <ele>1291.0</ele>
    <time>2024-12-15T09:52:35Z</time>
   </trkpt>
   <trkpt lat="46.1761110" lon="6.6934710">
    <ele>1290.7</ele>
    <time>2024-12-15T09:52:36Z</time>
   </trkpt>
   <trkpt lat="46.1761400" lon="6.6934510">
    <ele>1290.5</ele>
    <time>2024-12-15T09:52:37Z</time>
   </trkpt>
   <trkpt lat="46.1761750" lon="6.6934250">
    <ele>1290.1</ele>
    <time>2024-12-15T09:52:38Z</time>
   </trkpt>
   <trkpt lat="46.1761890" lon="6.6934170">
    <ele>1290.0</ele>
    <time>2024-12-15T09:52:39Z</time>
   </trkpt>
   <trkpt lat="46.1762140" lon="6.6933930">
    <ele>1289.7</ele>
    <time>2024-12-15T09:52:40Z</time>
   </trkpt>
   <trkpt lat="46.1762420" lon="6.6933680">
    <ele>1289.4</ele>
    <time>2024-12-15T09:52:41Z</time>
   </trkpt>
   <trkpt lat="46.1762490" lon="6.6933550">
    <ele>1289.3</ele>
    <time>2024-12-15T09:52:42Z</time>
   </trkpt>
   <trkpt lat="46.1762790" lon="6.6933260">
    <ele>1289.0</ele>
    <time>2024-12-15T09:52:43Z</time>
   </trkpt>
   <trkpt lat="46.1762850" lon="6.6933150">
    <ele>1288.9</ele>
    <time>2024-12-15T09:52:44Z</time>
   </trkpt>
   <trkpt lat="46.1763130" lon="6.6932930">
    <ele>1288.6</ele>
    <time>2024-12-15T09:52:45Z</time>
   </trkpt>
   <trkpt lat="46.1763220" lon="6.6932870">
    <ele>1288.5</ele>
    <time>2024-12-15T09:52:46Z</time>
   </trkpt>
   <trkpt lat="46.1763200" lon="6.6932580">
    <ele>1288.3</ele>
    <time>2024-12-15T09:52:47Z</time>
   </trkpt>
   <trkpt lat="46.1763250" lon="6.6932550">
    <ele>1288.3</ele>
    <time>2024-12-15T09:52:48Z</time>
   </trkpt>
   <trkpt lat="46.1763310" lon="6.6932510">
    <ele>1288.2</ele>
    <time>2024-12-15T09:52:51Z</time>
   </trkpt>
   <trkpt lat="46.1763360" lon="6.6932470">
    <ele>1288.2</ele>
    <time>2024-12-15T09:52:52Z</time>
   </trkpt>
   <trkpt lat="46.1763610" lon="6.6932260">
    <ele>1288.0</ele>
    <time>2024-12-15T09:52:53Z</time>
   </trkpt>
   <trkpt lat="46.1763870" lon="6.6931780">
    <ele>1287.6</ele>
    <time>2024-12-15T09:52:54Z</time>
   </trkpt>
   <trkpt lat="46.1763950" lon="6.6931580">
    <ele>1287.5</ele>
    <time>2024-12-15T09:52:55Z</time>
   </trkpt>
   <trkpt lat="46.1764110" lon="6.6931140">
    <ele>1287.2</ele>
    <time>2024-12-15T09:52:56Z</time>
   </trkpt>
   <trkpt lat="46.1764300" lon="6.6930800">
    <ele>1286.9</ele>
    <time>2024-12-15T09:52:57Z</time>
   </trkpt>
   <trkpt lat="46.1764270" lon="6.6930330">
    <ele>1286.7</ele>
    <time>2024-12-15T09:52:58Z</time>
   </trkpt>
   <trkpt lat="46.1764310" lon="6.6929810">
    <ele>1286.4</ele>
    <time>2024-12-15T09:52:59Z</time>
   </trkpt>
   <trkpt lat="46.1764370" lon="6.6929320">
    <ele>1286.1</ele>
    <time>2024-12-15T09:53:00Z</time>
   </trkpt>
   <trkpt lat="46.1764340" lon="6.6929150">
    <ele>1286.0</ele>
    <time>2024-12-15T09:53:01Z</time>
   </trkpt>
   <trkpt lat="46.1764340" lon="6.6928730">
    <ele>1285.7</ele>
    <time>2024-12-15T09:53:02Z</time>
   </trkpt>
   <trkpt lat="46.1764380" lon="6.6928110">
    <ele>1285.4</ele>
    <time>2024-12-15T09:53:03Z</time>
   </trkpt>
   <trkpt lat="46.1764340" lon="6.6927860">
    <ele>1285.2</ele>
    <time>2024-12-15T09:53:04Z</time>
   </trkpt>
   <trkpt lat="46.1764310" lon="6.6927420">
    <ele>1285.0</ele>
    <time>2024-12-15T09:53:05Z</time>
   </trkpt>
   <trkpt lat="46.1764250" lon="6.6926960">
    <ele>1284.7</ele>
    <time>2024-12-15T09:53:06Z</time>
   </trkpt>
   <trkpt lat="46.1764320" lon="6.6926550">
    <ele>1284.4</ele>
    <time>2024-12-15T09:53:07Z</time>
   </trkpt>
   <trkpt lat="46.1764320" lon="6.6926150">
    <ele>1284.2</ele>
    <time>2024-12-15T09:53:08Z</time>
   </trkpt>
   <trkpt lat="46.1764380" lon="6.6925530">
    <ele>1283.8</ele>
    <time>2024-12-15T09:53:09Z</time>
   </trkpt>
   <trkpt lat="46.1764400" lon="6.6925280">
    <ele>1283.6</ele>
    <time>2024-12-15T09:53:10Z</time>
   </trkpt>
   <trkpt lat="46.1764740" lon="6.6924780">
    <ele>1283.2</ele>
    <time>2024-12-15T09:53:11Z</time>
   </trkpt>
   <trkpt lat="46.1764860" lon="6.6924500">
    <ele>1282.9</ele>
    <time>2024-12-15T09:53:12Z</time>
   </trkpt>
   <trkpt lat="46.1764950" lon="6.6923900">
    <ele>1283.2</ele>
    <time>2024-12-15T09:53:13Z</time>
   </trkpt>
   <trkpt lat="46.1765210" lon="6.6923500">
    <ele>1282.5</ele>
    <time>2024-12-15T09:53:14Z</time>
   </trkpt>
   <trkpt lat="46.1765410" lon="6.6923120">
    <ele>1282.0</ele>
    <time>2024-12-15T09:53:15Z</time>
   </trkpt>
   <trkpt lat="46.1765510" lon="6.6922750">
    <ele>1282.0</ele>
    <time>2024-12-15T09:53:16Z</time>
   </trkpt>
   <trkpt lat="46.1765620" lon="6.6922390">
    <ele>1281.5</ele>
    <time>2024-12-15T09:53:17Z</time>
   </trkpt>
   <trkpt lat="46.1765790" lon="6.6921820">
    <ele>1281.6</ele>
    <time>2024-12-15T09:53:18Z</time>
   </trkpt>
   <trkpt lat="46.1765890" lon="6.6921630">
    <ele>1281.6</ele>
    <time>2024-12-15T09:53:19Z</time>
   </trkpt>
   <trkpt lat="46.1766120" lon="6.6921300">
    <ele>1281.0</ele>
    <time>2024-12-15T09:53:20Z</time>
   </trkpt>
   <trkpt lat="46.1766270" lon="6.6920810">
    <ele>1280.4</ele>
    <time>2024-12-15T09:53:21Z</time>
   </trkpt>
   <trkpt lat="46.1766530" lon="6.6920490">
    <ele>1279.9</ele>
    <time>2024-12-15T09:53:22Z</time>
   </trkpt>
   <trkpt lat="46.1766780" lon="6.6920190">
    <ele>1279.5</ele>
    <time>2024-12-15T09:53:23Z</time>
   </trkpt>
   <trkpt lat="46.1767070" lon="6.6920120">
    <ele>1279.1</ele>
    <time>2024-12-15T09:53:24Z</time>
   </trkpt>
   <trkpt lat="46.1767250" lon="6.6919720">
    <ele>1278.7</ele>
    <time>2024-12-15T09:53:25Z</time>
   </trkpt>
   <trkpt lat="46.1767410" lon="6.6919650">
    <ele>1278.6</ele>
    <time>2024-12-15T09:53:26Z</time>
   </trkpt>
   <trkpt lat="46.1767760" lon="6.6919410">
    <ele>1278.1</ele>
    <time>2024-12-15T09:53:27Z</time>
   </trkpt>
   <trkpt lat="46.1767850" lon="6.6919310">
    <ele>1278.0</ele>
    <time>2024-12-15T09:53:28Z</time>
   </trkpt>
   <trkpt lat="46.1768220" lon="6.6919070">
    <ele>1277.7</ele>
    <time>2024-12-15T09:53:29Z</time>
   </trkpt>
   <trkpt lat="46.1768480" lon="6.6918690">
    <ele>1277.3</ele>
    <time>2024-12-15T09:53:30Z</time>
   </trkpt>
   <trkpt lat="46.1768540" lon="6.6918550">
    <ele>1277.2</ele>
    <time>2024-12-15T09:53:31Z</time>
   </trkpt>
   <trkpt lat="46.1769020" lon="6.6918360">
    <ele>1276.8</ele>
    <time>2024-12-15T09:53:32Z</time>
   </trkpt>
   <trkpt lat="46.1769280" lon="6.6918150">
    <ele>1276.6</ele>
    <time>2024-12-15T09:53:33Z</time>
   </trkpt>
   <trkpt lat="46.1769550" lon="6.6917850">
    <ele>1276.4</ele>
    <time>2024-12-15T09:53:34Z</time>
   </trkpt>
   <trkpt lat="46.1769650" lon="6.6917760">
    <ele>1276.3</ele>
    <time>2024-12-15T09:53:35Z</time>
   </trkpt>
   <trkpt lat="46.1769920" lon="6.6917540">
    <ele>1276.1</ele>
    <time>2024-12-15T09:53:36Z</time>
   </trkpt>
   <trkpt lat="46.1770030" lon="6.6917450">
    <ele>1276.0</ele>
    <time>2024-12-15T09:53:37Z</time>
   </trkpt>
   <trkpt lat="46.1770340" lon="6.6917220">
    <ele>1275.8</ele>
    <time>2024-12-15T09:53:38Z</time>
   </trkpt>
   <trkpt lat="46.1770450" lon="6.6917210">
    <ele>1275.8</ele>
    <time>2024-12-15T09:53:39Z</time>
   </trkpt>
   <trkpt lat="46.1770770" lon="6.6917030">
    <ele>1275.6</ele>
    <time>2024-12-15T09:53:40Z</time>
   </trkpt>
   <trkpt lat="46.1770840" lon="6.6916820">
    <ele>1275.5</ele>
    <time>2024-12-15T09:53:41Z</time>
   </trkpt>
   <trkpt lat="46.1771150" lon="6.6916870">
    <ele>1275.4</ele>
    <time>2024-12-15T09:53:42Z</time>
   </trkpt>
   <trkpt lat="46.1771510" lon="6.6916650">
    <ele>1275.2</ele>
    <time>2024-12-15T09:53:43Z</time>
   </trkpt>
   <trkpt lat="46.1771620" lon="6.6916580">
    <ele>1275.1</ele>
    <time>2024-12-15T09:53:44Z</time>
   </trkpt>
   <trkpt lat="46.1771910" lon="6.6916200">
    <ele>1275.0</ele>
    <time>2024-12-15T09:53:45Z</time>
   </trkpt>
   <trkpt lat="46.1772040" lon="6.6916060">
    <ele>1274.9</ele>
    <time>2024-12-15T09:53:46Z</time>
   </trkpt>
   <trkpt lat="46.1772310" lon="6.6915820">
    <ele>1274.7</ele>
    <time>2024-12-15T09:53:47Z</time>
   </trkpt>
   <trkpt lat="46.1772530" lon="6.6915490">
    <ele>1274.6</ele>
    <time>2024-12-15T09:53:48Z</time>
   </trkpt>
   <trkpt lat="46.1772790" lon="6.6915130">
    <ele>1274.4</ele>
    <time>2024-12-15T09:53:49Z</time>
   </trkpt>
   <trkpt lat="46.1772840" lon="6.6915010">
    <ele>1274.4</ele>
    <time>2024-12-15T09:53:50Z</time>
   </trkpt>
   <trkpt lat="46.1773190" lon="6.6914810">
    <ele>1274.2</ele>
    <time>2024-12-15T09:53:51Z</time>
   </trkpt>
   <trkpt lat="46.1773310" lon="6.6914750">
    <ele>1274.2</ele>
    <time>2024-12-15T09:53:52Z</time>
   </trkpt>
   <trkpt lat="46.1773440" lon="6.6914870">
    <ele>1274.1</ele>
    <time>2024-12-15T09:53:53Z</time>
   </trkpt>
   <trkpt lat="46.1773610" lon="6.6914560">
    <ele>1274.0</ele>
    <time>2024-12-15T09:53:54Z</time>
   </trkpt>
   <trkpt lat="46.1773890" lon="6.6914140">
    <ele>1273.8</ele>
    <time>2024-12-15T09:53:55Z</time>
   </trkpt>
   <trkpt lat="46.1773990" lon="6.6913720">
    <ele>1273.7</ele>
    <time>2024-12-15T09:53:56Z</time>
   </trkpt>
   <trkpt lat="46.1774210" lon="6.6913380">
    <ele>1273.5</ele>
    <time>2024-12-15T09:53:57Z</time>
   </trkpt>
   <trkpt lat="46.1774190" lon="6.6912960">
    <ele>1273.4</ele>
    <time>2024-12-15T09:53:58Z</time>
   </trkpt>
   <trkpt lat="46.1774210" lon="6.6912810">
    <ele>1273.3</ele>
    <time>2024-12-15T09:53:59Z</time>
   </trkpt>
   <trkpt lat="46.1774550" lon="6.6912350">
    <ele>1273.1</ele>
    <time>2024-12-15T09:54:00Z</time>
   </trkpt>
   <trkpt lat="46.1774760" lon="6.6912050">
    <ele>1272.9</ele>
    <time>2024-12-15T09:54:01Z</time>
   </trkpt>
   <trkpt lat="46.1775010" lon="6.6911890">
    <ele>1272.7</ele>
    <time>2024-12-15T09:54:02Z</time>
   </trkpt>
   <trkpt lat="46.1775220" lon="6.6911520">
    <ele>1272.4</ele>
    <time>2024-12-15T09:54:03Z</time>
   </trkpt>
   <trkpt lat="46.1775300" lon="6.6911430">
    <ele>1272.4</ele>
    <time>2024-12-15T09:54:04Z</time>
   </trkpt>
   <trkpt lat="46.1775510" lon="6.6911170">
    <ele>1272.2</ele>
    <time>2024-12-15T09:54:05Z</time>
   </trkpt>
   <trkpt lat="46.1775600" lon="6.6911080">
    <ele>1272.1</ele>
    <time>2024-12-15T09:54:06Z</time>
   </trkpt>
   <trkpt lat="46.1775900" lon="6.6910830">
    <ele>1271.8</ele>
    <time>2024-12-15T09:54:07Z</time>
   </trkpt>
   <trkpt lat="46.1775990" lon="6.6910720">
    <ele>1271.8</ele>
    <time>2024-12-15T09:54:08Z</time>
   </trkpt>
   <trkpt lat="46.1776200" lon="6.6910280">
    <ele>1271.5</ele>
    <time>2024-12-15T09:54:09Z</time>
   </trkpt>
   <trkpt lat="46.1776310" lon="6.6910080">
    <ele>1271.4</ele>
    <time>2024-12-15T09:54:10Z</time>
   </trkpt>
   <trkpt lat="46.1776760" lon="6.6909730">
    <ele>1271.0</ele>
    <time>2024-12-15T09:54:12Z</time>
   </trkpt>
   <trkpt lat="46.1776970" lon="6.6909530">
    <ele>1270.8</ele>
    <time>2024-12-15T09:54:13Z</time>
   </trkpt>
   <trkpt lat="46.1777190" lon="6.6909320">
    <ele>1270.5</ele>
    <time>2024-12-15T09:54:14Z</time>
   </trkpt>
   <trkpt lat="46.1777330" lon="6.6909060">
    <ele>1270.3</ele>
    <time>2024-12-15T09:54:16Z</time>
   </trkpt>
   <trkpt lat="46.1777540" lon="6.6908780">
    <ele>1270.1</ele>
    <time>2024-12-15T09:54:17Z</time>
   </trkpt>
   <trkpt lat="46.1777630" lon="6.6908690">
    <ele>1270.0</ele>
    <time>2024-12-15T09:54:18Z</time>
   </trkpt>
   <trkpt lat="46.1777950" lon="6.6908270">
    <ele>1269.6</ele>
    <time>2024-12-15T09:54:19Z</time>
   </trkpt>
   <trkpt lat="46.1778060" lon="6.6908090">
    <ele>1269.5</ele>
    <time>2024-12-15T09:54:20Z</time>
   </trkpt>
   <trkpt lat="46.1778210" lon="6.6907730">
    <ele>1269.2</ele>
    <time>2024-12-15T09:54:21Z</time>
   </trkpt>
   <trkpt lat="46.1778470" lon="6.6907520">
    <ele>1268.9</ele>
    <time>2024-12-15T09:54:22Z</time>
   </trkpt>
   <trkpt lat="46.1778560" lon="6.6907020">
    <ele>1268.6</ele>
    <time>2024-12-15T09:54:23Z</time>
   </trkpt>
   <trkpt lat="46.1778520" lon="6.6906800">
    <ele>1268.5</ele>
    <time>2024-12-15T09:54:24Z</time>
   </trkpt>
   <trkpt lat="46.1778660" lon="6.6906300">
    <ele>1267.9</ele>
    <time>2024-12-15T09:54:25Z</time>
   </trkpt>
   <trkpt lat="46.1778740" lon="6.6906140">
    <ele>1267.1</ele>
    <time>2024-12-15T09:54:26Z</time>
   </trkpt>
   <trkpt lat="46.1778880" lon="6.6905730">
    <ele>1266.7</ele>
    <time>2024-12-15T09:54:27Z</time>
   </trkpt>
   <trkpt lat="46.1778970" lon="6.6905390">
    <ele>1266.4</ele>
    <time>2024-12-15T09:54:28Z</time>
   </trkpt>
   <trkpt lat="46.1778960" lon="6.6905210">
    <ele>1266.3</ele>
    <time>2024-12-15T09:54:29Z</time>
   </trkpt>
   <trkpt lat="46.1779080" lon="6.6905080">
    <ele>1265.6</ele>
    <time>2024-12-15T09:54:30Z</time>
   </trkpt>
   <trkpt lat="46.1779180" lon="6.6904910">
    <ele>1265.3</ele>
    <time>2024-12-15T09:54:31Z</time>
   </trkpt>
   <trkpt lat="46.1779340" lon="6.6904440">
    <ele>1264.4</ele>
    <time>2024-12-15T09:54:32Z</time>
   </trkpt>
   <trkpt lat="46.1779380" lon="6.6904230">
    <ele>1264.3</ele>
    <time>2024-12-15T09:54:33Z</time>
   </trkpt>
   <trkpt lat="46.1779570" lon="6.6903890">
    <ele>1264.0</ele>
    <time>2024-12-15T09:54:34Z</time>
   </trkpt>
   <trkpt lat="46.1779640" lon="6.6903770">
    <ele>1263.3</ele>
    <time>2024-12-15T09:54:35Z</time>
   </trkpt>
   <trkpt lat="46.1779890" lon="6.6903470">
    <ele>1262.4</ele>
    <time>2024-12-15T09:54:36Z</time>
   </trkpt>
   <trkpt lat="46.1779990" lon="6.6903340">
    <ele>1262.3</ele>
    <time>2024-12-15T09:54:37Z</time>
   </trkpt>
   <trkpt lat="46.1780180" lon="6.6902980">
    <ele>1261.4</ele>
    <time>2024-12-15T09:54:38Z</time>
   </trkpt>
   <trkpt lat="46.1780250" lon="6.6902850">
    <ele>1261.1</ele>
    <time>2024-12-15T09:54:39Z</time>
   </trkpt>
   <trkpt lat="46.1780450" lon="6.6902520">
    <ele>1261.0</ele>
    <time>2024-12-15T09:54:40Z</time>
   </trkpt>
   <trkpt lat="46.1780500" lon="6.6902370">
    <ele>1260.0</ele>
    <time>2024-12-15T09:54:41Z</time>
   </trkpt>
   <trkpt lat="46.1780790" lon="6.6902290">
    <ele>1259.2</ele>
    <time>2024-12-15T09:54:42Z</time>
   </trkpt>
   <trkpt lat="46.1781020" lon="6.6901880">
    <ele>1258.9</ele>
    <time>2024-12-15T09:54:43Z</time>
   </trkpt>
   <trkpt lat="46.1781080" lon="6.6901700">
    <ele>1258.2</ele>
    <time>2024-12-15T09:54:44Z</time>
   </trkpt>
   <trkpt lat="46.1781220" lon="6.6901300">
    <ele>1257.9</ele>
    <time>2024-12-15T09:54:45Z</time>
   </trkpt>
   <trkpt lat="46.1781510" lon="6.6901030">
    <ele>1256.9</ele>
    <time>2024-12-15T09:54:46Z</time>
   </trkpt>
   <trkpt lat="46.1781730" lon="6.6900650">
    <ele>1255.9</ele>
    <time>2024-12-15T09:54:47Z</time>
   </trkpt>
   <trkpt lat="46.1781860" lon="6.6900140">
    <ele>1255.5</ele>
    <time>2024-12-15T09:54:48Z</time>
   </trkpt>
   <trkpt lat="46.1782140" lon="6.6899730">
    <ele>1254.5</ele>
    <time>2024-12-15T09:54:49Z</time>
   </trkpt>
   <trkpt lat="46.1782330" lon="6.6899420">
    <ele>1253.3</ele>
    <time>2024-12-15T09:54:50Z</time>
   </trkpt>
   <trkpt lat="46.1782560" lon="6.6899200">
    <ele>1252.5</ele>
    <time>2024-12-15T09:54:51Z</time>
   </trkpt>
   <trkpt lat="46.1782850" lon="6.6899030">
    <ele>1252.4</ele>
    <time>2024-12-15T09:54:52Z</time>
   </trkpt>
   <trkpt lat="46.1783140" lon="6.6898650">
    <ele>1251.2</ele>
    <time>2024-12-15T09:54:53Z</time>
   </trkpt>
   <trkpt lat="46.1783440" lon="6.6898270">
    <ele>1250.0</ele>
    <time>2024-12-15T09:54:54Z</time>
   </trkpt>
   <trkpt lat="46.1783760" lon="6.6897940">
    <ele>1248.1</ele>
    <time>2024-12-15T09:54:55Z</time>
   </trkpt>
   <trkpt lat="46.1784040" lon="6.6897980">
    <ele>1248.0</ele>
    <time>2024-12-15T09:54:56Z</time>
   </trkpt>
   <trkpt lat="46.1784480" lon="6.6897920">
    <ele>1246.6</ele>
    <time>2024-12-15T09:54:57Z</time>
   </trkpt>
   <trkpt lat="46.1784710" lon="6.6898000">
    <ele>1245.9</ele>
    <time>2024-12-15T09:54:58Z</time>
   </trkpt>
   <trkpt lat="46.1785100" lon="6.6898010">
    <ele>1245.3</ele>
    <time>2024-12-15T09:54:59Z</time>
   </trkpt>
   <trkpt lat="46.1785370" lon="6.6898060">
    <ele>1244.7</ele>
    <time>2024-12-15T09:55:00Z</time>
   </trkpt>
   <trkpt lat="46.1785750" lon="6.6898230">
    <ele>1244.4</ele>
    <time>2024-12-15T09:55:01Z</time>
   </trkpt>
   <trkpt lat="46.1786090" lon="6.6898380">
    <ele>1244.1</ele>
    <time>2024-12-15T09:55:02Z</time>
   </trkpt>
   <trkpt lat="46.1786340" lon="6.6898580">
    <ele>1243.9</ele>
    <time>2024-12-15T09:55:03Z</time>
   </trkpt>
   <trkpt lat="46.1786600" lon="6.6898790">
    <ele>1243.7</ele>
    <time>2024-12-15T09:55:04Z</time>
   </trkpt>
   <trkpt lat="46.1786850" lon="6.6899070">
    <ele>1243.5</ele>
    <time>2024-12-15T09:55:05Z</time>
   </trkpt>
   <trkpt lat="46.1787150" lon="6.6899480">
    <ele>1243.3</ele>
    <time>2024-12-15T09:55:06Z</time>
   </trkpt>
   <trkpt lat="46.1787270" lon="6.6899640">
    <ele>1243.2</ele>
    <time>2024-12-15T09:55:07Z</time>
   </trkpt>
   <trkpt lat="46.1787530" lon="6.6899920">
    <ele>1243.0</ele>
    <time>2024-12-15T09:55:08Z</time>
   </trkpt>
   <trkpt lat="46.1787610" lon="6.6900380">
    <ele>1242.8</ele>
    <time>2024-12-15T09:55:09Z</time>
   </trkpt>
   <trkpt lat="46.1787830" lon="6.6900670">
    <ele>1242.6</ele>
    <time>2024-12-15T09:55:10Z</time>
   </trkpt>
   <trkpt lat="46.1788060" lon="6.6900980">
    <ele>1242.4</ele>
    <time>2024-12-15T09:55:11Z</time>
   </trkpt>
   <trkpt lat="46.1788360" lon="6.6901270">
    <ele>1242.2</ele>
    <time>2024-12-15T09:55:12Z</time>
   </trkpt>
   <trkpt lat="46.1788710" lon="6.6901500">
    <ele>1241.9</ele>
    <time>2024-12-15T09:55:13Z</time>
   </trkpt>
   <trkpt lat="46.1788950" lon="6.6901740">
    <ele>1241.8</ele>
    <time>2024-12-15T09:55:14Z</time>
   </trkpt>
   <trkpt lat="46.1789310" lon="6.6902080">
    <ele>1241.5</ele>
    <time>2024-12-15T09:55:15Z</time>
   </trkpt>
   <trkpt lat="46.1789440" lon="6.6902240">
    <ele>1241.4</ele>
    <time>2024-12-15T09:55:16Z</time>
   </trkpt>
   <trkpt lat="46.1789740" lon="6.6902480">
    <ele>1241.1</ele>
    <time>2024-12-15T09:55:17Z</time>
   </trkpt>
   <trkpt lat="46.1790090" lon="6.6902760">
    <ele>1240.8</ele>
    <time>2024-12-15T09:55:18Z</time>
   </trkpt>
   <trkpt lat="46.1790520" lon="6.6903050">
    <ele>1240.5</ele>
    <time>2024-12-15T09:55:19Z</time>
   </trkpt>
   <trkpt lat="46.1790760" lon="6.6903360">
    <ele>1240.2</ele>
    <time>2024-12-15T09:55:20Z</time>
   </trkpt>
   <trkpt lat="46.1791100" lon="6.6903680">
    <ele>1239.9</ele>
    <time>2024-12-15T09:55:21Z</time>
   </trkpt>
   <trkpt lat="46.1791490" lon="6.6903930">
    <ele>1239.5</ele>
    <time>2024-12-15T09:55:22Z</time>
   </trkpt>
   <trkpt lat="46.1791620" lon="6.6904480">
    <ele>1239.2</ele>
    <time>2024-12-15T09:55:23Z</time>
   </trkpt>
   <trkpt lat="46.1792070" lon="6.6904650">
    <ele>1238.8</ele>
    <time>2024-12-15T09:55:24Z</time>
   </trkpt>
   <trkpt lat="46.1792390" lon="6.6905090">
    <ele>1238.3</ele>
    <time>2024-12-15T09:55:25Z</time>
   </trkpt>
   <trkpt lat="46.1792530" lon="6.6905240">
    <ele>1238.0</ele>
    <time>2024-12-15T09:55:26Z</time>
   </trkpt>
   <trkpt lat="46.1792800" lon="6.6905400">
    <ele>1237.6</ele>
    <time>2024-12-15T09:55:27Z</time>
   </trkpt>
   <trkpt lat="46.1793020" lon="6.6905940">
    <ele>1237.1</ele>
    <time>2024-12-15T09:55:28Z</time>
   </trkpt>
   <trkpt lat="46.1793140" lon="6.6906370">
    <ele>1236.7</ele>
    <time>2024-12-15T09:55:29Z</time>
   </trkpt>
   <trkpt lat="46.1793360" lon="6.6906780">
    <ele>1236.2</ele>
    <time>2024-12-15T09:55:30Z</time>
   </trkpt>
   <trkpt lat="46.1793530" lon="6.6907090">
    <ele>1235.9</ele>
    <time>2024-12-15T09:55:31Z</time>
   </trkpt>
   <trkpt lat="46.1793750" lon="6.6907430">
    <ele>1235.5</ele>
    <time>2024-12-15T09:55:32Z</time>
   </trkpt>
   <trkpt lat="46.1794100" lon="6.6907820">
    <ele>1234.9</ele>
    <time>2024-12-15T09:55:33Z</time>
   </trkpt>
   <trkpt lat="46.1794100" lon="6.6908330">
    <ele>1234.4</ele>
    <time>2024-12-15T09:55:34Z</time>
   </trkpt>
   <trkpt lat="46.1794190" lon="6.6908780">
    <ele>1234.0</ele>
    <time>2024-12-15T09:55:35Z</time>
   </trkpt>
   <trkpt lat="46.1794180" lon="6.6909280">
    <ele>1233.6</ele>
    <time>2024-12-15T09:55:36Z</time>
   </trkpt>
   <trkpt lat="46.1794350" lon="6.6909830">
    <ele>1233.1</ele>
    <time>2024-12-15T09:55:37Z</time>
   </trkpt>
   <trkpt lat="46.1794490" lon="6.6910370">
    <ele>1232.6</ele>
    <time>2024-12-15T09:55:38Z</time>
   </trkpt>
   <trkpt lat="46.1794400" lon="6.6910810">
    <ele>1232.2</ele>
    <time>2024-12-15T09:55:39Z</time>
   </trkpt>
   <trkpt lat="46.1794360" lon="6.6911360">
    <ele>1231.7</ele>
    <time>2024-12-15T09:55:40Z</time>
   </trkpt>
   <trkpt lat="46.1794290" lon="6.6911940">
    <ele>1231.2</ele>
    <time>2024-12-15T09:55:41Z</time>
   </trkpt>
   <trkpt lat="46.1794150" lon="6.6912490">
    <ele>1230.7</ele>
    <time>2024-12-15T09:55:42Z</time>
   </trkpt>
   <trkpt lat="46.1794100" lon="6.6913030">
    <ele>1230.2</ele>
    <time>2024-12-15T09:55:43Z</time>
   </trkpt>
   <trkpt lat="46.1793910" lon="6.6913500">
    <ele>1229.8</ele>
    <time>2024-12-15T09:55:44Z</time>
   </trkpt>
   <trkpt lat="46.1793720" lon="6.6913820">
    <ele>1229.4</ele>
    <time>2024-12-15T09:55:45Z</time>
   </trkpt>
   <trkpt lat="46.1793550" lon="6.6914310">
    <ele>1229.0</ele>
    <time>2024-12-15T09:55:46Z</time>
   </trkpt>
   <trkpt lat="46.1793380" lon="6.6914780">
    <ele>1228.5</ele>
    <time>2024-12-15T09:55:47Z</time>
   </trkpt>
   <trkpt lat="46.1793240" lon="6.6915380">
    <ele>1228.0</ele>
    <time>2024-12-15T09:55:48Z</time>
   </trkpt>
   <trkpt lat="46.1793320" lon="6.6915880">
    <ele>1227.5</ele>
    <time>2024-12-15T09:55:49Z</time>
   </trkpt>
   <trkpt lat="46.1793450" lon="6.6916430">
    <ele>1227.0</ele>
    <time>2024-12-15T09:55:50Z</time>
   </trkpt>
   <trkpt lat="46.1793890" lon="6.6916860">
    <ele>1226.3</ele>
    <time>2024-12-15T09:55:51Z</time>
   </trkpt>
   <trkpt lat="46.1794330" lon="6.6916730">
    <ele>1225.8</ele>
    <time>2024-12-15T09:55:52Z</time>
   </trkpt>
   <trkpt lat="46.1794750" lon="6.6916520">
    <ele>1225.2</ele>
    <time>2024-12-15T09:55:53Z</time>
   </trkpt>
   <trkpt lat="46.1794990" lon="6.6916050">
    <ele>1224.7</ele>
    <time>2024-12-15T09:55:54Z</time>
   </trkpt>
   <trkpt lat="46.1795180" lon="6.6915740">
    <ele>1224.4</ele>
    <time>2024-12-15T09:55:55Z</time>
   </trkpt>
   <trkpt lat="46.1795360" lon="6.6915240">
    <ele>1223.9</ele>
    <time>2024-12-15T09:55:56Z</time>
   </trkpt>
   <trkpt lat="46.1795650" lon="6.6914940">
    <ele>1223.5</ele>
    <time>2024-12-15T09:55:57Z</time>
   </trkpt>
   <trkpt lat="46.1795850" lon="6.6914640">
    <ele>1223.2</ele>
    <time>2024-12-15T09:55:58Z</time>
   </trkpt>
   <trkpt lat="46.1796090" lon="6.6914320">
    <ele>1222.8</ele>
    <time>2024-12-15T09:55:59Z</time>
   </trkpt>
   <trkpt lat="46.1796310" lon="6.6913910">
    <ele>1222.4</ele>
    <time>2024-12-15T09:56:00Z</time>
   </trkpt>
   <trkpt lat="46.1796600" lon="6.6913480">
    <ele>1221.9</ele>
    <time>2024-12-15T09:56:01Z</time>
   </trkpt>
   <trkpt lat="46.1796780" lon="6.6912990">
    <ele>1221.4</ele>
    <time>2024-12-15T09:56:02Z</time>
   </trkpt>
   <trkpt lat="46.1797070" lon="6.6912680">
    <ele>1221.0</ele>
    <time>2024-12-15T09:56:03Z</time>
   </trkpt>
   <trkpt lat="46.1797350" lon="6.6912290">
    <ele>1220.8</ele>
    <time>2024-12-15T09:56:04Z</time>
   </trkpt>
   <trkpt lat="46.1797470" lon="6.6912160">
    <ele>1220.8</ele>
    <time>2024-12-15T09:56:05Z</time>
   </trkpt>
   <trkpt lat="46.1797940" lon="6.6911950">
    <ele>1220.8</ele>
    <time>2024-12-15T09:56:06Z</time>
   </trkpt>
   <trkpt lat="46.1798180" lon="6.6911760">
    <ele>1220.9</ele>
    <time>2024-12-15T09:56:07Z</time>
   </trkpt>
   <trkpt lat="46.1798450" lon="6.6911420">
    <ele>1220.9</ele>
    <time>2024-12-15T09:56:08Z</time>
   </trkpt>
   <trkpt lat="46.1798550" lon="6.6911330">
    <ele>1220.9</ele>
    <time>2024-12-15T09:56:09Z</time>
   </trkpt>
   <trkpt lat="46.1798790" lon="6.6910830">
    <ele>1221.0</ele>
    <time>2024-12-15T09:56:10Z</time>
   </trkpt>
   <trkpt lat="46.1799070" lon="6.6910710">
    <ele>1221.0</ele>
    <time>2024-12-15T09:56:11Z</time>
   </trkpt>
   <trkpt lat="46.1799660" lon="6.6910150">
    <ele>1221.1</ele>
    <time>2024-12-15T09:56:12Z</time>
   </trkpt>
   <trkpt lat="46.1799990" lon="6.6909810">
    <ele>1221.1</ele>
    <time>2024-12-15T09:56:14Z</time>
   </trkpt>
   <trkpt lat="46.1800610" lon="6.6909100">
    <ele>1221.2</ele>
    <time>2024-12-15T09:56:15Z</time>
   </trkpt>
   <trkpt lat="46.1800730" lon="6.6908760">
    <ele>1221.2</ele>
    <time>2024-12-15T09:56:16Z</time>
   </trkpt>
   <trkpt lat="46.1801150" lon="6.6907950">
    <ele>1221.3</ele>
    <time>2024-12-15T09:56:18Z</time>
   </trkpt>
   <trkpt lat="46.1801370" lon="6.6907590">
    <ele>1221.3</ele>
    <time>2024-12-15T09:56:19Z</time>
   </trkpt>
   <trkpt lat="46.1801630" lon="6.6907480">
    <ele>1221.1</ele>
    <time>2024-12-15T09:56:20Z</time>
   </trkpt>
   <trkpt lat="46.1802040" lon="6.6907220">
    <ele>1220.6</ele>
    <time>2024-12-15T09:56:21Z</time>
   </trkpt>
   <trkpt lat="46.1802290" lon="6.6906950">
    <ele>1220.3</ele>
    <time>2024-12-15T09:56:22Z</time>
   </trkpt>
   <trkpt lat="46.1802390" lon="6.6906570">
    <ele>1220.0</ele>
    <time>2024-12-15T09:56:23Z</time>
   </trkpt>
   <trkpt lat="46.1802710" lon="6.6906280">
    <ele>1219.7</ele>
    <time>2024-12-15T09:56:25Z</time>
   </trkpt>
   <trkpt lat="46.1803020" lon="6.6906090">
    <ele>1219.3</ele>
    <time>2024-12-15T09:56:26Z</time>
   </trkpt>
   <trkpt lat="46.1803420" lon="6.6905850">
    <ele>1218.9</ele>
    <time>2024-12-15T09:56:27Z</time>
   </trkpt>
   <trkpt lat="46.1803670" lon="6.6905660">
    <ele>1218.6</ele>
    <time>2024-12-15T09:56:28Z</time>
   </trkpt>
   <trkpt lat="46.1803930" lon="6.6905300">
    <ele>1218.3</ele>
    <time>2024-12-15T09:56:29Z</time>
   </trkpt>
   <trkpt lat="46.1804190" lon="6.6904990">
    <ele>1217.9</ele>
    <time>2024-12-15T09:56:30Z</time>
   </trkpt>
   <trkpt lat="46.1804550" lon="6.6904870">
    <ele>1217.6</ele>
    <time>2024-12-15T09:56:31Z</time>
   </trkpt>
   <trkpt lat="46.1804890" lon="6.6904580">
    <ele>1217.2</ele>
    <time>2024-12-15T09:56:32Z</time>
   </trkpt>
   <trkpt lat="46.1805180" lon="6.6904290">
    <ele>1216.9</ele>
    <time>2024-12-15T09:56:33Z</time>
   </trkpt>
   <trkpt lat="46.1805470" lon="6.6904010">
    <ele>1216.5</ele>
    <time>2024-12-15T09:56:34Z</time>
   </trkpt>
   <trkpt lat="46.1805830" lon="6.6903780">
    <ele>1216.2</ele>
    <time>2024-12-15T09:56:35Z</time>
   </trkpt>
   <trkpt lat="46.1806130" lon="6.6903590">
    <ele>1215.9</ele>
    <time>2024-12-15T09:56:36Z</time>
   </trkpt>
   <trkpt lat="46.1806350" lon="6.6903230">
    <ele>1215.6</ele>
    <time>2024-12-15T09:56:37Z</time>
   </trkpt>
   <trkpt lat="46.1806650" lon="6.6902970">
    <ele>1215.2</ele>
    <time>2024-12-15T09:56:38Z</time>
   </trkpt>
   <trkpt lat="46.1806950" lon="6.6902720">
    <ele>1214.9</ele>
    <time>2024-12-15T09:56:39Z</time>
   </trkpt>
   <trkpt lat="46.1807190" lon="6.6902380">
    <ele>1214.6</ele>
    <time>2024-12-15T09:56:40Z</time>
   </trkpt>
   <trkpt lat="46.1807360" lon="6.6902000">
    <ele>1214.3</ele>
    <time>2024-12-15T09:56:41Z</time>
   </trkpt>
   <trkpt lat="46.1807660" lon="6.6901820">
    <ele>1214.0</ele>
    <time>2024-12-15T09:56:42Z</time>
   </trkpt>
   <trkpt lat="46.1807970" lon="6.6901570">
    <ele>1213.7</ele>
    <time>2024-12-15T09:56:43Z</time>
   </trkpt>
   <trkpt lat="46.1808210" lon="6.6901070">
    <ele>1213.3</ele>
    <time>2024-12-15T09:56:44Z</time>
   </trkpt>
   <trkpt lat="46.1808460" lon="6.6900680">
    <ele>1213.0</ele>
    <time>2024-12-15T09:56:45Z</time>
   </trkpt>
   <trkpt lat="46.1808720" lon="6.6900440">
    <ele>1212.7</ele>
    <time>2024-12-15T09:56:46Z</time>
   </trkpt>
   <trkpt lat="46.1808960" lon="6.6900120">
    <ele>1212.4</ele>
    <time>2024-12-15T09:56:47Z</time>
   </trkpt>
   <trkpt lat="46.1809220" lon="6.6899880">
    <ele>1212.1</ele>
    <time>2024-12-15T09:56:48Z</time>
   </trkpt>
   <trkpt lat="46.1809560" lon="6.6899860">
    <ele>1211.8</ele>
    <time>2024-12-15T09:56:49Z</time>
   </trkpt>
   <trkpt lat="46.1809870" lon="6.6899960">
    <ele>1211.5</ele>
    <time>2024-12-15T09:56:50Z</time>
   </trkpt>
   <trkpt lat="46.1810210" lon="6.6900250">
    <ele>1210.9</ele>
    <time>2024-12-15T09:56:51Z</time>
   </trkpt>
   <trkpt lat="46.1810470" lon="6.6900760">
    <ele>1210.5</ele>
    <time>2024-12-15T09:56:52Z</time>
   </trkpt>
   <trkpt lat="46.1810490" lon="6.6901280">
    <ele>1210.2</ele>
    <time>2024-12-15T09:56:53Z</time>
   </trkpt>
   <trkpt lat="46.1810520" lon="6.6901770">
    <ele>1209.9</ele>
    <time>2024-12-15T09:56:54Z</time>
   </trkpt>
   <trkpt lat="46.1810350" lon="6.6902280">
    <ele>1209.6</ele>
    <time>2024-12-15T09:56:55Z</time>
   </trkpt>
   <trkpt lat="46.1810270" lon="6.6902740">
    <ele>1209.4</ele>
    <time>2024-12-15T09:56:56Z</time>
   </trkpt>
   <trkpt lat="46.1810060" lon="6.6903060">
    <ele>1209.1</ele>
    <time>2024-12-15T09:56:57Z</time>
   </trkpt>
   <trkpt lat="46.1809890" lon="6.6903430">
    <ele>1208.9</ele>
    <time>2024-12-15T09:56:58Z</time>
   </trkpt>
   <trkpt lat="46.1809720" lon="6.6903770">
    <ele>1208.6</ele>
    <time>2024-12-15T09:56:59Z</time>
   </trkpt>
   <trkpt lat="46.1809500" lon="6.6904140">
    <ele>1208.4</ele>
    <time>2024-12-15T09:57:00Z</time>
   </trkpt>
   <trkpt lat="46.1809300" lon="6.6904490">
    <ele>1208.1</ele>
    <time>2024-12-15T09:57:01Z</time>
   </trkpt>
   <trkpt lat="46.1809110" lon="6.6904940">
    <ele>1207.8</ele>
    <time>2024-12-15T09:57:02Z</time>
   </trkpt>
   <trkpt lat="46.1808910" lon="6.6905320">
    <ele>1207.6</ele>
    <time>2024-12-15T09:57:03Z</time>
   </trkpt>
   <trkpt lat="46.1808710" lon="6.6905700">
    <ele>1207.3</ele>
    <time>2024-12-15T09:57:04Z</time>
   </trkpt>
   <trkpt lat="46.1808470" lon="6.6906020">
    <ele>1207.1</ele>
    <time>2024-12-15T09:57:05Z</time>
   </trkpt>
   <trkpt lat="46.1808230" lon="6.6906540">
    <ele>1206.8</ele>
    <time>2024-12-15T09:57:06Z</time>
   </trkpt>
   <trkpt lat="46.1808010" lon="6.6906900">
    <ele>1206.5</ele>
    <time>2024-12-15T09:57:07Z</time>
   </trkpt>
   <trkpt lat="46.1807800" lon="6.6907430">
    <ele>1206.3</ele>
    <time>2024-12-15T09:57:08Z</time>
   </trkpt>
   <trkpt lat="46.1807580" lon="6.6907850">
    <ele>1206.1</ele>
    <time>2024-12-15T09:57:09Z</time>
   </trkpt>
   <trkpt lat="46.1807370" lon="6.6908160">
    <ele>1205.9</ele>
    <time>2024-12-15T09:57:10Z</time>
   </trkpt>
   <trkpt lat="46.1807220" lon="6.6908640">
    <ele>1205.7</ele>
    <time>2024-12-15T09:57:11Z</time>
   </trkpt>
   <trkpt lat="46.1807010" lon="6.6909070">
    <ele>1205.5</ele>
    <time>2024-12-15T09:57:12Z</time>
   </trkpt>
   <trkpt lat="46.1806940" lon="6.6909620">
    <ele>1205.3</ele>
    <time>2024-12-15T09:57:13Z</time>
   </trkpt>
   <trkpt lat="46.1806650" lon="6.6909910">
    <ele>1205.1</ele>
    <time>2024-12-15T09:57:14Z</time>
   </trkpt>
   <trkpt lat="46.1806410" lon="6.6910400">
    <ele>1204.9</ele>
    <time>2024-12-15T09:57:15Z</time>
   </trkpt>
   <trkpt lat="46.1806170" lon="6.6910660">
    <ele>1204.7</ele>
    <time>2024-12-15T09:57:16Z</time>
   </trkpt>
   <trkpt lat="46.1805960" lon="6.6911150">
    <ele>1204.5</ele>
    <time>2024-12-15T09:57:17Z</time>
   </trkpt>
   <trkpt lat="46.1805870" lon="6.6911300">
    <ele>1204.4</ele>
    <time>2024-12-15T09:57:18Z</time>
   </trkpt>
   <trkpt lat="46.1805830" lon="6.6912090">
    <ele>1204.1</ele>
    <time>2024-12-15T09:57:19Z</time>
   </trkpt>
   <trkpt lat="46.1805760" lon="6.6912550">
    <ele>1203.8</ele>
    <time>2024-12-15T09:57:20Z</time>
   </trkpt>
   <trkpt lat="46.1805750" lon="6.6913170">
    <ele>1203.5</ele>
    <time>2024-12-15T09:57:21Z</time>
   </trkpt>
   <trkpt lat="46.1805790" lon="6.6913570">
    <ele>1203.3</ele>
    <time>2024-12-15T09:57:22Z</time>
   </trkpt>
   <trkpt lat="46.1806150" lon="6.6913760">
    <ele>1203.0</ele>
    <time>2024-12-15T09:57:23Z</time>
   </trkpt>
   <trkpt lat="46.1806730" lon="6.6913470">
    <ele>1202.5</ele>
    <time>2024-12-15T09:57:24Z</time>
   </trkpt>
   <trkpt lat="46.1807230" lon="6.6913080">
    <ele>1202.0</ele>
    <time>2024-12-15T09:57:25Z</time>
   </trkpt>
   <trkpt lat="46.1807630" lon="6.6912640">
    <ele>1201.6</ele>
    <time>2024-12-15T09:57:26Z</time>
   </trkpt>
   <trkpt lat="46.1808080" lon="6.6912360">
    <ele>1201.1</ele>
    <time>2024-12-15T09:57:27Z</time>
   </trkpt>
   <trkpt lat="46.1808430" lon="6.6912110">
    <ele>1200.8</ele>
    <time>2024-12-15T09:57:28Z</time>
   </trkpt>
   <trkpt lat="46.1808650" lon="6.6911780">
    <ele>1200.5</ele>
    <time>2024-12-15T09:57:29Z</time>
   </trkpt>
   <trkpt lat="46.1808870" lon="6.6911570">
    <ele>1200.2</ele>
    <time>2024-12-15T09:57:30Z</time>
   </trkpt>
   <trkpt lat="46.1809260" lon="6.6911190">
    <ele>1199.8</ele>
    <time>2024-12-15T09:57:31Z</time>
   </trkpt>
   <trkpt lat="46.1809450" lon="6.6911070">
    <ele>1199.6</ele>
    <time>2024-12-15T09:57:32Z</time>
   </trkpt>
   <trkpt lat="46.1809760" lon="6.6910710">
    <ele>1199.2</ele>
    <time>2024-12-15T09:57:33Z</time>
   </trkpt>
   <trkpt lat="46.1810130" lon="6.6910300">
    <ele>1198.8</ele>
    <time>2024-12-15T09:57:34Z</time>
   </trkpt>
   <trkpt lat="46.1810260" lon="6.6910070">
    <ele>1198.6</ele>
    <time>2024-12-15T09:57:35Z</time>
   </trkpt>
   <trkpt lat="46.1810560" lon="6.6909680">
    <ele>1198.2</ele>
    <time>2024-12-15T09:57:36Z</time>
   </trkpt>
   <trkpt lat="46.1810820" lon="6.6909280">
    <ele>1197.9</ele>
    <time>2024-12-15T09:57:37Z</time>
   </trkpt>
   <trkpt lat="46.1811050" lon="6.6908890">
    <ele>1197.6</ele>
    <time>2024-12-15T09:57:38Z</time>
   </trkpt>
   <trkpt lat="46.1811420" lon="6.6908670">
    <ele>1197.2</ele>
    <time>2024-12-15T09:57:39Z</time>
   </trkpt>
   <trkpt lat="46.1811760" lon="6.6908300">
    <ele>1196.9</ele>
    <time>2024-12-15T09:57:40Z</time>
   </trkpt>
   <trkpt lat="46.1812120" lon="6.6908000">
    <ele>1196.5</ele>
    <time>2024-12-15T09:57:41Z</time>
   </trkpt>
   <trkpt lat="46.1812450" lon="6.6907690">
    <ele>1196.1</ele>
    <time>2024-12-15T09:57:42Z</time>
   </trkpt>
   <trkpt lat="46.1812770" lon="6.6907260">
    <ele>1195.7</ele>
    <time>2024-12-15T09:57:43Z</time>
   </trkpt>
   <trkpt lat="46.1812920" lon="6.6907120">
    <ele>1195.6</ele>
    <time>2024-12-15T09:57:44Z</time>
   </trkpt>
   <trkpt lat="46.1813340" lon="6.6906820">
    <ele>1195.1</ele>
    <time>2024-12-15T09:57:45Z</time>
   </trkpt>
   <trkpt lat="46.1813570" lon="6.6906570">
    <ele>1194.9</ele>
    <time>2024-12-15T09:57:46Z</time>
   </trkpt>
   <trkpt lat="46.1813890" lon="6.6906330">
    <ele>1194.6</ele>
    <time>2024-12-15T09:57:47Z</time>
   </trkpt>
   <trkpt lat="46.1814150" lon="6.6905970">
    <ele>1194.2</ele>
    <time>2024-12-15T09:57:48Z</time>
   </trkpt>
   <trkpt lat="46.1814410" lon="6.6905590">
    <ele>1193.9</ele>
    <time>2024-12-15T09:57:49Z</time>
   </trkpt>
   <trkpt lat="46.1814700" lon="6.6905320">
    <ele>1193.6</ele>
    <time>2024-12-15T09:57:50Z</time>
   </trkpt>
   <trkpt lat="46.1815110" lon="6.6905000">
    <ele>1193.2</ele>
    <time>2024-12-15T09:57:51Z</time>
   </trkpt>
   <trkpt lat="46.1815570" lon="6.6904770">
    <ele>1192.8</ele>
    <time>2024-12-15T09:57:52Z</time>
   </trkpt>
   <trkpt lat="46.1815920" lon="6.6904460">
    <ele>1192.4</ele>
    <time>2024-12-15T09:57:53Z</time>
   </trkpt>
   <trkpt lat="46.1816210" lon="6.6904220">
    <ele>1192.1</ele>
    <time>2024-12-15T09:57:54Z</time>
   </trkpt>
   <trkpt lat="46.1816640" lon="6.6903870">
    <ele>1191.7</ele>
    <time>2024-12-15T09:57:55Z</time>
   </trkpt>
   <trkpt lat="46.1816950" lon="6.6903380">
    <ele>1191.3</ele>
    <time>2024-12-15T09:57:56Z</time>
   </trkpt>
   <trkpt lat="46.1817240" lon="6.6903170">
    <ele>1191.0</ele>
    <time>2024-12-15T09:57:57Z</time>
   </trkpt>
   <trkpt lat="46.1817260" lon="6.6903020">
    <ele>1190.9</ele>
    <time>2024-12-15T09:57:58Z</time>
   </trkpt>
   <trkpt lat="46.1817800" lon="6.6902720">
    <ele>1190.3</ele>
    <time>2024-12-15T09:57:59Z</time>
   </trkpt>
   <trkpt lat="46.1818080" lon="6.6902270">
    <ele>1189.9</ele>
    <time>2024-12-15T09:58:00Z</time>
   </trkpt>
   <trkpt lat="46.1818370" lon="6.6901850">
    <ele>1189.5</ele>
    <time>2024-12-15T09:58:01Z</time>
   </trkpt>
   <trkpt lat="46.1818770" lon="6.6901750">
    <ele>1189.1</ele>
    <time>2024-12-15T09:58:02Z</time>
   </trkpt>
   <trkpt lat="46.1819110" lon="6.6901380">
    <ele>1188.7</ele>
    <time>2024-12-15T09:58:03Z</time>
   </trkpt>
   <trkpt lat="46.1819380" lon="6.6900920">
    <ele>1188.3</ele>
    <time>2024-12-15T09:58:04Z</time>
   </trkpt>
   <trkpt lat="46.1819710" lon="6.6900650">
    <ele>1187.9</ele>
    <time>2024-12-15T09:58:05Z</time>
   </trkpt>
   <trkpt lat="46.1820040" lon="6.6900220">
    <ele>1187.4</ele>
    <time>2024-12-15T09:58:06Z</time>
   </trkpt>
   <trkpt lat="46.1820460" lon="6.6899770">
    <ele>1186.9</ele>
    <time>2024-12-15T09:58:07Z</time>
   </trkpt>
   <trkpt lat="46.1820680" lon="6.6899530">
    <ele>1186.7</ele>
    <time>2024-12-15T09:58:08Z</time>
   </trkpt>
   <trkpt lat="46.1821060" lon="6.6899350">
    <ele>1186.3</ele>
    <time>2024-12-15T09:58:09Z</time>
   </trkpt>
   <trkpt lat="46.1821380" lon="6.6898800">
    <ele>1185.8</ele>
    <time>2024-12-15T09:58:10Z</time>
   </trkpt>
   <trkpt lat="46.1821630" lon="6.6898410">
    <ele>1185.5</ele>
    <time>2024-12-15T09:58:11Z</time>
   </trkpt>
   <trkpt lat="46.1822170" lon="6.6897930">
    <ele>1184.9</ele>
    <time>2024-12-15T09:58:12Z</time>
   </trkpt>
   <trkpt lat="46.1822600" lon="6.6897650">
    <ele>1184.4</ele>
    <time>2024-12-15T09:58:13Z</time>
   </trkpt>
   <trkpt lat="46.1822900" lon="6.6897300">
    <ele>1184.0</ele>
    <time>2024-12-15T09:58:14Z</time>
   </trkpt>
   <trkpt lat="46.1823280" lon="6.6896890">
    <ele>1183.5</ele>
    <time>2024-12-15T09:58:15Z</time>
   </trkpt>
   <trkpt lat="46.1823540" lon="6.6896590">
    <ele>1183.2</ele>
    <time>2024-12-15T09:58:16Z</time>
   </trkpt>
   <trkpt lat="46.1823820" lon="6.6896140">
    <ele>1182.7</ele>
    <time>2024-12-15T09:58:17Z</time>
   </trkpt>
   <trkpt lat="46.1823910" lon="6.6895910">
    <ele>1182.6</ele>
    <time>2024-12-15T09:58:18Z</time>
   </trkpt>
   <trkpt lat="46.1824170" lon="6.6895480">
    <ele>1182.1</ele>
    <time>2024-12-15T09:58:19Z</time>
   </trkpt>
   <trkpt lat="46.1824370" lon="6.6895080">
    <ele>1181.7</ele>
    <time>2024-12-15T09:58:20Z</time>
   </trkpt>
   <trkpt lat="46.1824650" lon="6.6894540">
    <ele>1181.2</ele>
    <time>2024-12-15T09:58:21Z</time>
   </trkpt>
   <trkpt lat="46.1824670" lon="6.6894120">
    <ele>1180.9</ele>
    <time>2024-12-15T09:58:22Z</time>
   </trkpt>
   <trkpt lat="46.1824640" lon="6.6893520">
    <ele>1180.5</ele>
    <time>2024-12-15T09:58:23Z</time>
   </trkpt>
   <trkpt lat="46.1824650" lon="6.6893000">
    <ele>1180.1</ele>
    <time>2024-12-15T09:58:24Z</time>
   </trkpt>
   <trkpt lat="46.1824480" lon="6.6892510">
    <ele>1179.7</ele>
    <time>2024-12-15T09:58:25Z</time>
   </trkpt>
   <trkpt lat="46.1824470" lon="6.6892240">
    <ele>1179.5</ele>
    <time>2024-12-15T09:58:26Z</time>
   </trkpt>
   <trkpt lat="46.1824290" lon="6.6891720">
    <ele>1179.0</ele>
    <time>2024-12-15T09:58:27Z</time>
   </trkpt>
   <trkpt lat="46.1824230" lon="6.6891540">
    <ele>1178.9</ele>
    <time>2024-12-15T09:58:28Z</time>
   </trkpt>
   <trkpt lat="46.1824170" lon="6.6891000">
    <ele>1178.5</ele>
    <time>2024-12-15T09:58:29Z</time>
   </trkpt>
   <trkpt lat="46.1823920" lon="6.6890440">
    <ele>1178.1</ele>
    <time>2024-12-15T09:58:31Z</time>
   </trkpt>
   <trkpt lat="46.1823690" lon="6.6889820">
    <ele>1177.6</ele>
    <time>2024-12-15T09:58:32Z</time>
   </trkpt>
   <trkpt lat="46.1823540" lon="6.6889320">
    <ele>1177.2</ele>
    <time>2024-12-15T09:58:33Z</time>
   </trkpt>
   <trkpt lat="46.1823300" lon="6.6889070">
    <ele>1177.0</ele>
    <time>2024-12-15T09:58:34Z</time>
   </trkpt>
   <trkpt lat="46.1823350" lon="6.6888610">
    <ele>1176.7</ele>
    <time>2024-12-15T09:58:35Z</time>
   </trkpt>
   <trkpt lat="46.1823320" lon="6.6888040">
    <ele>1176.3</ele>
    <time>2024-12-15T09:58:36Z</time>
   </trkpt>
   <trkpt lat="46.1823320" lon="6.6887590">
    <ele>1175.7</ele>
    <time>2024-12-15T09:58:37Z</time>
   </trkpt>
   <trkpt lat="46.1823620" lon="6.6887240">
    <ele>1175.4</ele>
    <time>2024-12-15T09:58:38Z</time>
   </trkpt>
   <trkpt lat="46.1823880" lon="6.6886940">
    <ele>1175.2</ele>
    <time>2024-12-15T09:58:39Z</time>
   </trkpt>
   <trkpt lat="46.1824320" lon="6.6887160">
    <ele>1174.9</ele>
    <time>2024-12-15T09:58:40Z</time>
   </trkpt>
   <trkpt lat="46.1824610" lon="6.6887350">
    <ele>1174.7</ele>
    <time>2024-12-15T09:58:41Z</time>
   </trkpt>
   <trkpt lat="46.1824960" lon="6.6887400">
    <ele>1174.5</ele>
    <time>2024-12-15T09:58:42Z</time>
   </trkpt>
   <trkpt lat="46.1825260" lon="6.6887470">
    <ele>1174.4</ele>
    <time>2024-12-15T09:58:43Z</time>
   </trkpt>
   <trkpt lat="46.1825560" lon="6.6887620">
    <ele>1174.2</ele>
    <time>2024-12-15T09:58:44Z</time>
   </trkpt>
   <trkpt lat="46.1825930" lon="6.6887440">
    <ele>1174.0</ele>
    <time>2024-12-15T09:58:45Z</time>
   </trkpt>
   <trkpt lat="46.1826250" lon="6.6887600">
    <ele>1173.8</ele>
    <time>2024-12-15T09:58:46Z</time>
   </trkpt>
   <trkpt lat="46.1826700" lon="6.6887430">
    <ele>1173.6</ele>
    <time>2024-12-15T09:58:47Z</time>
   </trkpt>
   <trkpt lat="46.1826870" lon="6.6887330">
    <ele>1173.5</ele>
    <time>2024-12-15T09:58:48Z</time>
   </trkpt>
   <trkpt lat="46.1827250" lon="6.6887020">
    <ele>1173.2</ele>
    <time>2024-12-15T09:58:49Z</time>
   </trkpt>
   <trkpt lat="46.1827540" lon="6.6886840">
    <ele>1173.0</ele>
    <time>2024-12-15T09:58:50Z</time>
   </trkpt>
   <trkpt lat="46.1827930" lon="6.6886530">
    <ele>1172.7</ele>
    <time>2024-12-15T09:58:51Z</time>
   </trkpt>
   <trkpt lat="46.1828120" lon="6.6886440">
    <ele>1172.5</ele>
    <time>2024-12-15T09:58:52Z</time>
   </trkpt>
   <trkpt lat="46.1828430" lon="6.6886370">
    <ele>1172.3</ele>
    <time>2024-12-15T09:58:53Z</time>
   </trkpt>
   <trkpt lat="46.1828720" lon="6.6886180">
    <ele>1172.0</ele>
    <time>2024-12-15T09:58:54Z</time>
   </trkpt>
   <trkpt lat="46.1829080" lon="6.6886130">
    <ele>1171.7</ele>
    <time>2024-12-15T09:58:55Z</time>
   </trkpt>
   <trkpt lat="46.1829420" lon="6.6886100">
    <ele>1171.3</ele>
    <time>2024-12-15T09:58:56Z</time>
   </trkpt>
   <trkpt lat="46.1829680" lon="6.6885940">
    <ele>1171.0</ele>
    <time>2024-12-15T09:58:57Z</time>
   </trkpt>
   <trkpt lat="46.1829970" lon="6.6885970">
    <ele>1170.7</ele>
    <time>2024-12-15T09:58:58Z</time>
   </trkpt>
   <trkpt lat="46.1830270" lon="6.6885660">
    <ele>1170.4</ele>
    <time>2024-12-15T09:58:59Z</time>
   </trkpt>
   <trkpt lat="46.1830590" lon="6.6885470">
    <ele>1170.0</ele>
    <time>2024-12-15T09:59:00Z</time>
   </trkpt>
   <trkpt lat="46.1830910" lon="6.6885250">
    <ele>1169.7</ele>
    <time>2024-12-15T09:59:01Z</time>
   </trkpt>
   <trkpt lat="46.1831180" lon="6.6885140">
    <ele>1169.4</ele>
    <time>2024-12-15T09:59:02Z</time>
   </trkpt>
   <trkpt lat="46.1831690" lon="6.6884950">
    <ele>1168.9</ele>
    <time>2024-12-15T09:59:03Z</time>
   </trkpt>
   <trkpt lat="46.1831960" lon="6.6884940">
    <ele>1168.7</ele>
    <time>2024-12-15T09:59:04Z</time>
   </trkpt>
   <trkpt lat="46.1832280" lon="6.6884960">
    <ele>1168.4</ele>
    <time>2024-12-15T09:59:05Z</time>
   </trkpt>
   <trkpt lat="46.1832560" lon="6.6884810">
    <ele>1168.1</ele>
    <time>2024-12-15T09:59:06Z</time>
   </trkpt>
   <trkpt lat="46.1832810" lon="6.6884630">
    <ele>1167.9</ele>
    <time>2024-12-15T09:59:07Z</time>
   </trkpt>
   <trkpt lat="46.1833190" lon="6.6884640">
    <ele>1167.6</ele>
    <time>2024-12-15T09:59:08Z</time>
   </trkpt>
   <trkpt lat="46.1833450" lon="6.6884540">
    <ele>1167.4</ele>
    <time>2024-12-15T09:59:09Z</time>
   </trkpt>
   <trkpt lat="46.1833750" lon="6.6884580">
    <ele>1167.2</ele>
    <time>2024-12-15T09:59:10Z</time>
   </trkpt>
   <trkpt lat="46.1834100" lon="6.6884610">
    <ele>1166.9</ele>
    <time>2024-12-15T09:59:11Z</time>
   </trkpt>
   <trkpt lat="46.1834380" lon="6.6884660">
    <ele>1166.7</ele>
    <time>2024-12-15T09:59:12Z</time>
   </trkpt>
   <trkpt lat="46.1834730" lon="6.6884510">
    <ele>1166.4</ele>
    <time>2024-12-15T09:59:13Z</time>
   </trkpt>
   <trkpt lat="46.1835110" lon="6.6884400">
    <ele>1166.1</ele>
    <time>2024-12-15T09:59:14Z</time>
   </trkpt>
   <trkpt lat="46.1835330" lon="6.6884630">
    <ele>1165.9</ele>
    <time>2024-12-15T09:59:15Z</time>
   </trkpt>
   <trkpt lat="46.1835650" lon="6.6884560">
    <ele>1165.6</ele>
    <time>2024-12-15T09:59:16Z</time>
   </trkpt>
   <trkpt lat="46.1836090" lon="6.6884630">
    <ele>1165.2</ele>
    <time>2024-12-15T09:59:17Z</time>
   </trkpt>
   <trkpt lat="46.1836280" lon="6.6884620">
    <ele>1165.0</ele>
    <time>2024-12-15T09:59:18Z</time>
   </trkpt>
   <trkpt lat="46.1836590" lon="6.6884660">
    <ele>1164.7</ele>
    <time>2024-12-15T09:59:19Z</time>
   </trkpt>
   <trkpt lat="46.1836910" lon="6.6884990">
    <ele>1164.3</ele>
    <time>2024-12-15T09:59:20Z</time>
   </trkpt>
   <trkpt lat="46.1837150" lon="6.6885230">
    <ele>1163.9</ele>
    <time>2024-12-15T09:59:21Z</time>
   </trkpt>
   <trkpt lat="46.1837450" lon="6.6885290">
    <ele>1163.5</ele>
    <time>2024-12-15T09:59:22Z</time>
   </trkpt>
   <trkpt lat="46.1837740" lon="6.6885410">
    <ele>1163.1</ele>
    <time>2024-12-15T09:59:23Z</time>
   </trkpt>
   <trkpt lat="46.1838020" lon="6.6885640">
    <ele>1162.6</ele>
    <time>2024-12-15T09:59:24Z</time>
   </trkpt>
   <trkpt lat="46.1838350" lon="6.6885730">
    <ele>1162.0</ele>
    <time>2024-12-15T09:59:25Z</time>
   </trkpt>
   <trkpt lat="46.1838560" lon="6.6886100">
    <ele>1161.4</ele>
    <time>2024-12-15T09:59:26Z</time>
   </trkpt>
   <trkpt lat="46.1838790" lon="6.6886470">
    <ele>1160.7</ele>
    <time>2024-12-15T09:59:27Z</time>
   </trkpt>
   <trkpt lat="46.1839150" lon="6.6886730">
    <ele>1159.9</ele>
    <time>2024-12-15T09:59:28Z</time>
   </trkpt>
   <trkpt lat="46.1839330" lon="6.6887350">
    <ele>1159.0</ele>
    <time>2024-12-15T09:59:29Z</time>
   </trkpt>
   <trkpt lat="46.1839430" lon="6.6887840">
    <ele>1158.3</ele>
    <time>2024-12-15T09:59:30Z</time>
   </trkpt>
   <trkpt lat="46.1839680" lon="6.6888340">
    <ele>1157.5</ele>
    <time>2024-12-15T09:59:31Z</time>
   </trkpt>
   <trkpt lat="46.1840050" lon="6.6888670">
    <ele>1156.6</ele>
    <time>2024-12-15T09:59:32Z</time>
   </trkpt>
   <trkpt lat="46.1840200" lon="6.6888840">
    <ele>1156.2</ele>
    <time>2024-12-15T09:59:33Z</time>
   </trkpt>
   <trkpt lat="46.1840360" lon="6.6889260">
    <ele>1155.6</ele>
    <time>2024-12-15T09:59:34Z</time>
   </trkpt>
   <trkpt lat="46.1840750" lon="6.6889580">
    <ele>1154.8</ele>
    <time>2024-12-15T09:59:35Z</time>
   </trkpt>
   <trkpt lat="46.1840940" lon="6.6889860">
    <ele>1154.2</ele>
    <time>2024-12-15T09:59:36Z</time>
   </trkpt>
   <trkpt lat="46.1841250" lon="6.6890200">
    <ele>1153.5</ele>
    <time>2024-12-15T09:59:37Z</time>
   </trkpt>
   <trkpt lat="46.1841350" lon="6.6890340">
    <ele>1153.3</ele>
    <time>2024-12-15T09:59:38Z</time>
   </trkpt>
   <trkpt lat="46.1841540" lon="6.6890710">
    <ele>1152.7</ele>
    <time>2024-12-15T09:59:39Z</time>
   </trkpt>
   <trkpt lat="46.1841620" lon="6.6890880">
    <ele>1152.4</ele>
    <time>2024-12-15T09:59:40Z</time>
   </trkpt>
   <trkpt lat="46.1841870" lon="6.6891190">
    <ele>1151.8</ele>
    <time>2024-12-15T09:59:41Z</time>
   </trkpt>
   <trkpt lat="46.1842120" lon="6.6891350">
    <ele>1151.2</ele>
    <time>2024-12-15T09:59:42Z</time>
   </trkpt>
   <trkpt lat="46.1842510" lon="6.6891570">
    <ele>1150.4</ele>
    <time>2024-12-15T09:59:43Z</time>
   </trkpt>
   <trkpt lat="46.1842650" lon="6.6891660">
    <ele>1150.1</ele>
    <time>2024-12-15T09:59:44Z</time>
   </trkpt>
   <trkpt lat="46.1842970" lon="6.6891870">
    <ele>1149.5</ele>
    <time>2024-12-15T09:59:45Z</time>
   </trkpt>
   <trkpt lat="46.1843240" lon="6.6891840">
    <ele>1148.9</ele>
    <time>2024-12-15T09:59:46Z</time>
   </trkpt>
   <trkpt lat="46.1843570" lon="6.6892040">
    <ele>1148.2</ele>
    <time>2024-12-15T09:59:47Z</time>
   </trkpt>
   <trkpt lat="46.1843930" lon="6.6891950">
    <ele>1147.4</ele>
    <time>2024-12-15T09:59:48Z</time>
   </trkpt>
   <trkpt lat="46.1844340" lon="6.6892090">
    <ele>1146.4</ele>
    <time>2024-12-15T09:59:49Z</time>
   </trkpt>
   <trkpt lat="46.1844490" lon="6.6892180">
    <ele>1146.0</ele>
    <time>2024-12-15T09:59:50Z</time>
   </trkpt>
   <trkpt lat="46.1844890" lon="6.6892180">
    <ele>1145.1</ele>
    <time>2024-12-15T09:59:51Z</time>
   </trkpt>
   <trkpt lat="46.1845020" lon="6.6892190">
    <ele>1144.8</ele>
    <time>2024-12-15T09:59:52Z</time>
   </trkpt>
   <trkpt lat="46.1845440" lon="6.6892420">
    <ele>1143.7</ele>
    <time>2024-12-15T09:59:53Z</time>
   </trkpt>
   <trkpt lat="46.1845640" lon="6.6892460">
    <ele>1143.3</ele>
    <time>2024-12-15T09:59:54Z</time>
   </trkpt>
   <trkpt lat="46.1845890" lon="6.6892770">
    <ele>1142.5</ele>
    <time>2024-12-15T09:59:55Z</time>
   </trkpt>
   <trkpt lat="46.1846130" lon="6.6893030">
    <ele>1141.8</ele>
    <time>2024-12-15T09:59:56Z</time>
   </trkpt>
   <trkpt lat="46.1846460" lon="6.6893100">
    <ele>1141.0</ele>
    <time>2024-12-15T09:59:57Z</time>
   </trkpt>
   <trkpt lat="46.1846780" lon="6.6893370">
    <ele>1140.2</ele>
    <time>2024-12-15T09:59:58Z</time>
   </trkpt>
   <trkpt lat="46.1847100" lon="6.6893480">
    <ele>1139.4</ele>
    <time>2024-12-15T09:59:59Z</time>
   </trkpt>
   <trkpt lat="46.1847190" lon="6.6893640">
    <ele>1139.1</ele>
    <time>2024-12-15T10:00:00Z</time>
   </trkpt>
   <trkpt lat="46.1847520" lon="6.6894120">
    <ele>1137.9</ele>
    <time>2024-12-15T10:00:01Z</time>
   </trkpt>
   <trkpt lat="46.1847780" lon="6.6894240">
    <ele>1137.2</ele>
    <time>2024-12-15T10:00:02Z</time>
   </trkpt>
   <trkpt lat="46.1848210" lon="6.6893970">
    <ele>1136.0</ele>
    <time>2024-12-15T10:00:03Z</time>
   </trkpt>
   <trkpt lat="46.1848540" lon="6.6893830">
    <ele>1135.2</ele>
    <time>2024-12-15T10:00:04Z</time>
   </trkpt>
   <trkpt lat="46.1848820" lon="6.6893730">
    <ele>1134.5</ele>
    <time>2024-12-15T10:00:05Z</time>
   </trkpt>
   <trkpt lat="46.1849180" lon="6.6893950">
    <ele>1133.5</ele>
    <time>2024-12-15T10:00:06Z</time>
   </trkpt>
   <trkpt lat="46.1849520" lon="6.6893970">
    <ele>1132.7</ele>
    <time>2024-12-15T10:00:07Z</time>
   </trkpt>
   <trkpt lat="46.1849800" lon="6.6893960">
    <ele>1132.1</ele>
    <time>2024-12-15T10:00:08Z</time>
   </trkpt>
   <trkpt lat="46.1850170" lon="6.6894210">
    <ele>1131.1</ele>
    <time>2024-12-15T10:00:09Z</time>
   </trkpt>
   <trkpt lat="46.1850320" lon="6.6894260">
    <ele>1130.8</ele>
    <time>2024-12-15T10:00:10Z</time>
   </trkpt>
   <trkpt lat="46.1850680" lon="6.6894490">
    <ele>1129.8</ele>
    <time>2024-12-15T10:00:11Z</time>
   </trkpt>
   <trkpt lat="46.1850910" lon="6.6894880">
    <ele>1129.0</ele>
    <time>2024-12-15T10:00:12Z</time>
   </trkpt>
   <trkpt lat="46.1850980" lon="6.6895090">
    <ele>1128.6</ele>
    <time>2024-12-15T10:00:13Z</time>
   </trkpt>
   <trkpt lat="46.1851240" lon="6.6895520">
    <ele>1127.7</ele>
    <time>2024-12-15T10:00:14Z</time>
   </trkpt>
   <trkpt lat="46.1851430" lon="6.6895610">
    <ele>1127.2</ele>
    <time>2024-12-15T10:00:15Z</time>
   </trkpt>
   <trkpt lat="46.1851460" lon="6.6895840">
    <ele>1126.8</ele>
    <time>2024-12-15T10:00:16Z</time>
   </trkpt>
   <trkpt lat="46.1851890" lon="6.6896480">
    <ele>1125.3</ele>
    <time>2024-12-15T10:00:17Z</time>
   </trkpt>
   <trkpt lat="46.1852130" lon="6.6896870">
    <ele>1124.5</ele>
    <time>2024-12-15T10:00:18Z</time>
   </trkpt>
   <trkpt lat="46.1852060" lon="6.6897320">
    <ele>1123.7</ele>
    <time>2024-12-15T10:00:19Z</time>
   </trkpt>
   <trkpt lat="46.1852110" lon="6.6897480">
    <ele>1123.4</ele>
    <time>2024-12-15T10:00:20Z</time>
   </trkpt>
   <trkpt lat="46.1852240" lon="6.6897940">
    <ele>1122.6</ele>
    <time>2024-12-15T10:00:21Z</time>
   </trkpt>
   <trkpt lat="46.1852350" lon="6.6898190">
    <ele>1122.0</ele>
    <time>2024-12-15T10:00:22Z</time>
   </trkpt>
   <trkpt lat="46.1852580" lon="6.6898530">
    <ele>1121.2</ele>
    <time>2024-12-15T10:00:23Z</time>
   </trkpt>
   <trkpt lat="46.1852790" lon="6.6898890">
    <ele>1120.4</ele>
    <time>2024-12-15T10:00:24Z</time>
   </trkpt>
   <trkpt lat="46.1852860" lon="6.6899080">
    <ele>1120.0</ele>
    <time>2024-12-15T10:00:25Z</time>
   </trkpt>
   <trkpt lat="46.1853020" lon="6.6899570">
    <ele>1119.1</ele>
    <time>2024-12-15T10:00:26Z</time>
   </trkpt>
   <trkpt lat="46.1853070" lon="6.6899750">
    <ele>1118.8</ele>
    <time>2024-12-15T10:00:27Z</time>
   </trkpt>
   <trkpt lat="46.1853410" lon="6.6900140">
    <ele>1117.7</ele>
    <time>2024-12-15T10:00:28Z</time>
   </trkpt>
   <trkpt lat="46.1853560" lon="6.6900260">
    <ele>1117.2</ele>
    <time>2024-12-15T10:00:29Z</time>
   </trkpt>
   <trkpt lat="46.1853770" lon="6.6900510">
    <ele>1116.5</ele>
    <time>2024-12-15T10:00:30Z</time>
   </trkpt>
   <trkpt lat="46.1854040" lon="6.6900780">
    <ele>1115.7</ele>
    <time>2024-12-15T10:00:31Z</time>
   </trkpt>
   <trkpt lat="46.1854110" lon="6.6900830">
    <ele>1115.5</ele>
    <time>2024-12-15T10:00:32Z</time>
   </trkpt>
   <trkpt lat="46.1854320" lon="6.6901510">
    <ele>1114.1</ele>
    <time>2024-12-15T10:00:33Z</time>
   </trkpt>
   <trkpt lat="46.1854580" lon="6.6901930">
    <ele>1113.1</ele>
    <time>2024-12-15T10:00:34Z</time>
   </trkpt>
   <trkpt lat="46.1855090" lon="6.6902250">
    <ele>1111.6</ele>
    <time>2024-12-15T10:00:36Z</time>
   </trkpt>
   <trkpt lat="46.1855440" lon="6.6902660">
    <ele>1110.3</ele>
    <time>2024-12-15T10:00:37Z</time>
   </trkpt>
   <trkpt lat="46.1855680" lon="6.6903230">
    <ele>1109.0</ele>
    <time>2024-12-15T10:00:38Z</time>
   </trkpt>
   <trkpt lat="46.1855760" lon="6.6903550">
    <ele>1108.4</ele>
    <time>2024-12-15T10:00:39Z</time>
   </trkpt>
   <trkpt lat="46.1856040" lon="6.6903890">
    <ele>1107.4</ele>
    <time>2024-12-15T10:00:40Z</time>
   </trkpt>
   <trkpt lat="46.1856000" lon="6.6904470">
    <ele>1106.3</ele>
    <time>2024-12-15T10:00:41Z</time>
   </trkpt>
   <trkpt lat="46.1856170" lon="6.6905060">
    <ele>1105.1</ele>
    <time>2024-12-15T10:00:42Z</time>
   </trkpt>
   <trkpt lat="46.1856370" lon="6.6905560">
    <ele>1104.0</ele>
    <time>2024-12-15T10:00:43Z</time>
   </trkpt>
   <trkpt lat="46.1856530" lon="6.6906100">
    <ele>1103.0</ele>
    <time>2024-12-15T10:00:44Z</time>
   </trkpt>
   <trkpt lat="46.1856570" lon="6.6906690">
    <ele>1102.0</ele>
    <time>2024-12-15T10:00:45Z</time>
   </trkpt>
   <trkpt lat="46.1856720" lon="6.6907230">
    <ele>1101.0</ele>
    <time>2024-12-15T10:00:46Z</time>
   </trkpt>
   <trkpt lat="46.1856720" lon="6.6907740">
    <ele>1100.2</ele>
    <time>2024-12-15T10:00:47Z</time>
   </trkpt>
   <trkpt lat="46.1856710" lon="6.6908230">
    <ele>1099.4</ele>
    <time>2024-12-15T10:00:48Z</time>
   </trkpt>
   <trkpt lat="46.1856710" lon="6.6908730">
    <ele>1098.7</ele>
    <time>2024-12-15T10:00:49Z</time>
   </trkpt>
   <trkpt lat="46.1856540" lon="6.6909230">
    <ele>1097.8</ele>
    <time>2024-12-15T10:00:50Z</time>
   </trkpt>
   <trkpt lat="46.1856420" lon="6.6909780">
    <ele>1096.9</ele>
    <time>2024-12-15T10:00:51Z</time>
   </trkpt>
   <trkpt lat="46.1856290" lon="6.6910390">
    <ele>1095.9</ele>
    <time>2024-12-15T10:00:52Z</time>
   </trkpt>
   <trkpt lat="46.1856150" lon="6.6910810">
    <ele>1095.1</ele>
    <time>2024-12-15T10:00:53Z</time>
   </trkpt>
   <trkpt lat="46.1855960" lon="6.6911150">
    <ele>1094.3</ele>
    <time>2024-12-15T10:00:54Z</time>
   </trkpt>
   <trkpt lat="46.1855880" lon="6.6911630">
    <ele>1093.4</ele>
    <time>2024-12-15T10:00:55Z</time>
   </trkpt>
   <trkpt lat="46.1855790" lon="6.6912090">
    <ele>1092.6</ele>
    <time>2024-12-15T10:00:56Z</time>
   </trkpt>
   <trkpt lat="46.1855640" lon="6.6912540">
    <ele>1091.7</ele>
    <time>2024-12-15T10:00:57Z</time>
   </trkpt>
   <trkpt lat="46.1855840" lon="6.6913070">
    <ele>1090.6</ele>
    <time>2024-12-15T10:00:58Z</time>
   </trkpt>
   <trkpt lat="46.1855840" lon="6.6913560">
    <ele>1089.7</ele>
    <time>2024-12-15T10:00:59Z</time>
   </trkpt>
   <trkpt lat="46.1855690" lon="6.6914060">
    <ele>1088.7</ele>
    <time>2024-12-15T10:01:00Z</time>
   </trkpt>
   <trkpt lat="46.1855430" lon="6.6914420">
    <ele>1087.7</ele>
    <time>2024-12-15T10:01:01Z</time>
   </trkpt>
   <trkpt lat="46.1855220" lon="6.6914840">
    <ele>1086.8</ele>
    <time>2024-12-15T10:01:02Z</time>
   </trkpt>
   <trkpt lat="46.1855140" lon="6.6915230">
    <ele>1086.1</ele>
    <time>2024-12-15T10:01:03Z</time>
   </trkpt>
   <trkpt lat="46.1855100" lon="6.6915340">
    <ele>1085.9</ele>
    <time>2024-12-15T10:01:04Z</time>
   </trkpt>
   <trkpt lat="46.1854420" lon="6.6914950">
    <ele>1084.1</ele>
    <time>2024-12-15T10:01:05Z</time>
   </trkpt>
   <trkpt lat="46.1854150" lon="6.6915090">
    <ele>1083.4</ele>
    <time>2024-12-15T10:01:06Z</time>
   </trkpt>
   <trkpt lat="46.1854060" lon="6.6915150">
    <ele>1083.1</ele>
    <time>2024-12-15T10:01:07Z</time>
   </trkpt>
   <trkpt lat="46.1853840" lon="6.6915360">
    <ele>1082.5</ele>
    <time>2024-12-15T10:01:08Z</time>
   </trkpt>
   <trkpt lat="46.1853760" lon="6.6915500">
    <ele>1082.2</ele>
    <time>2024-12-15T10:01:09Z</time>
   </trkpt>
   <trkpt lat="46.1853610" lon="6.6915950">
    <ele>1081.4</ele>
    <time>2024-12-15T10:01:10Z</time>
   </trkpt>
   <trkpt lat="46.1853530" lon="6.6916160">
    <ele>1081.0</ele>
    <time>2024-12-15T10:01:11Z</time>
   </trkpt>
   <trkpt lat="46.1853460" lon="6.6916620">
    <ele>1080.3</ele>
    <time>2024-12-15T10:01:12Z</time>
   </trkpt>
   <trkpt lat="46.1853200" lon="6.6917060">
    <ele>1079.4</ele>
    <time>2024-12-15T10:01:13Z</time>
   </trkpt>
   <trkpt lat="46.1852950" lon="6.6917340">
    <ele>1078.8</ele>
    <time>2024-12-15T10:01:14Z</time>
   </trkpt>
   <trkpt lat="46.1852760" lon="6.6917790">
    <ele>1078.0</ele>
    <time>2024-12-15T10:01:15Z</time>
   </trkpt>
   <trkpt lat="46.1852590" lon="6.6918120">
    <ele>1077.4</ele>
    <time>2024-12-15T10:01:16Z</time>
   </trkpt>
   <trkpt lat="46.1852330" lon="6.6918550">
    <ele>1076.8</ele>
    <time>2024-12-15T10:01:17Z</time>
   </trkpt>
   <trkpt lat="46.1852230" lon="6.6918970">
    <ele>1076.2</ele>
    <time>2024-12-15T10:01:18Z</time>
   </trkpt>
   <trkpt lat="46.1852020" lon="6.6919580">
    <ele>1075.5</ele>
    <time>2024-12-15T10:01:19Z</time>
   </trkpt>
   <trkpt lat="46.1851890" lon="6.6919860">
    <ele>1075.1</ele>
    <time>2024-12-15T10:01:20Z</time>
   </trkpt>
   <trkpt lat="46.1851670" lon="6.6920120">
    <ele>1074.7</ele>
    <time>2024-12-15T10:01:21Z</time>
   </trkpt>
   <trkpt lat="46.1851420" lon="6.6920430">
    <ele>1074.2</ele>
    <time>2024-12-15T10:01:22Z</time>
   </trkpt>
   <trkpt lat="46.1851070" lon="6.6920760">
    <ele>1073.5</ele>
    <time>2024-12-15T10:01:23Z</time>
   </trkpt>
   <trkpt lat="46.1850900" lon="6.6920990">
    <ele>1073.1</ele>
    <time>2024-12-15T10:01:24Z</time>
   </trkpt>
   <trkpt lat="46.1850550" lon="6.6921130">
    <ele>1072.5</ele>
    <time>2024-12-15T10:01:25Z</time>
   </trkpt>
   <trkpt lat="46.1850430" lon="6.6921250">
    <ele>1072.3</ele>
    <time>2024-12-15T10:01:26Z</time>
   </trkpt>
   <trkpt lat="46.1850330" lon="6.6921650">
    <ele>1071.8</ele>
    <time>2024-12-15T10:01:27Z</time>
   </trkpt>
   <trkpt lat="46.1850220" lon="6.6922180">
    <ele>1071.2</ele>
    <time>2024-12-15T10:01:28Z</time>
   </trkpt>
   <trkpt lat="46.1850160" lon="6.6922360">
    <ele>1070.9</ele>
    <time>2024-12-15T10:01:29Z</time>
   </trkpt>
   <trkpt lat="46.1850060" lon="6.6922770">
    <ele>1070.4</ele>
    <time>2024-12-15T10:01:30Z</time>
   </trkpt>
   <trkpt lat="46.1850020" lon="6.6922880">
    <ele>1070.3</ele>
    <time>2024-12-15T10:01:31Z</time>
   </trkpt>
   <trkpt lat="46.1849890" lon="6.6923290">
    <ele>1069.8</ele>
    <time>2024-12-15T10:01:32Z</time>
   </trkpt>
   <trkpt lat="46.1849860" lon="6.6923420">
    <ele>1069.6</ele>
    <time>2024-12-15T10:01:33Z</time>
   </trkpt>
   <trkpt lat="46.1849490" lon="6.6923720">
    <ele>1068.9</ele>
    <time>2024-12-15T10:01:34Z</time>
   </trkpt>
   <trkpt lat="46.1849360" lon="6.6923890">
    <ele>1068.6</ele>
    <time>2024-12-15T10:01:35Z</time>
   </trkpt>
   <trkpt lat="46.1849140" lon="6.6924220">
    <ele>1068.1</ele>
    <time>2024-12-15T10:01:36Z</time>
   </trkpt>
   <trkpt lat="46.1848840" lon="6.6924520">
    <ele>1067.5</ele>
    <time>2024-12-15T10:01:37Z</time>
   </trkpt>
   <trkpt lat="46.1848710" lon="6.6924740">
    <ele>1067.1</ele>
    <time>2024-12-15T10:01:38Z</time>
   </trkpt>
   <trkpt lat="46.1848460" lon="6.6925090">
    <ele>1066.5</ele>
    <time>2024-12-15T10:01:39Z</time>
   </trkpt>
   <trkpt lat="46.1848440" lon="6.6925600">
    <ele>1065.9</ele>
    <time>2024-12-15T10:01:40Z</time>
   </trkpt>
   <trkpt lat="46.1848140" lon="6.6925710">
    <ele>1065.4</ele>
    <time>2024-12-15T10:01:41Z</time>
   </trkpt>
   <trkpt lat="46.1847720" lon="6.6926100">
    <ele>1064.7</ele>
    <time>2024-12-15T10:01:42Z</time>
   </trkpt>
   <trkpt lat="46.1847430" lon="6.6926530">
    <ele>1064.1</ele>
    <time>2024-12-15T10:01:43Z</time>
   </trkpt>
   <trkpt lat="46.1847290" lon="6.6926640">
    <ele>1063.9</ele>
    <time>2024-12-15T10:01:44Z</time>
   </trkpt>
   <trkpt lat="46.1847060" lon="6.6927210">
    <ele>1063.3</ele>
    <time>2024-12-15T10:01:45Z</time>
   </trkpt>
   <trkpt lat="46.1846990" lon="6.6927460">
    <ele>1063.0</ele>
    <time>2024-12-15T10:01:46Z</time>
   </trkpt>
   <trkpt lat="46.1846830" lon="6.6927980">
    <ele>1062.5</ele>
    <time>2024-12-15T10:01:47Z</time>
   </trkpt>
   <trkpt lat="46.1846740" lon="6.6928140">
    <ele>1062.3</ele>
    <time>2024-12-15T10:01:48Z</time>
   </trkpt>
   <trkpt lat="46.1846450" lon="6.6928380">
    <ele>1061.9</ele>
    <time>2024-12-15T10:01:49Z</time>
   </trkpt>
   <trkpt lat="46.1846100" lon="6.6928470">
    <ele>1061.5</ele>
    <time>2024-12-15T10:01:50Z</time>
   </trkpt>
   <trkpt lat="46.1845810" lon="6.6928590">
    <ele>1061.1</ele>
    <time>2024-12-15T10:01:51Z</time>
   </trkpt>
   <trkpt lat="46.1845500" lon="6.6928910">
    <ele>1060.7</ele>
    <time>2024-12-15T10:01:52Z</time>
   </trkpt>
   <trkpt lat="46.1845200" lon="6.6928960">
    <ele>1060.3</ele>
    <time>2024-12-15T10:01:53Z</time>
   </trkpt>
   <trkpt lat="46.1844890" lon="6.6928620">
    <ele>1059.9</ele>
    <time>2024-12-15T10:01:54Z</time>
   </trkpt>
   <trkpt lat="46.1844480" lon="6.6928790">
    <ele>1059.4</ele>
    <time>2024-12-15T10:01:55Z</time>
   </trkpt>
   <trkpt lat="46.1844320" lon="6.6928960">
    <ele>1059.2</ele>
    <time>2024-12-15T10:01:56Z</time>
   </trkpt>
   <trkpt lat="46.1844070" lon="6.6929380">
    <ele>1058.8</ele>
    <time>2024-12-15T10:01:57Z</time>
   </trkpt>
   <trkpt lat="46.1843750" lon="6.6929710">
    <ele>1058.4</ele>
    <time>2024-12-15T10:01:58Z</time>
   </trkpt>
   <trkpt lat="46.1843420" lon="6.6929990">
    <ele>1058.0</ele>
    <time>2024-12-15T10:01:59Z</time>
   </trkpt>
   <trkpt lat="46.1843250" lon="6.6930110">
    <ele>1057.8</ele>
    <time>2024-12-15T10:02:00Z</time>
   </trkpt>
   <trkpt lat="46.1842930" lon="6.6930370">
    <ele>1057.4</ele>
    <time>2024-12-15T10:02:01Z</time>
   </trkpt>
   <trkpt lat="46.1842590" lon="6.6930640">
    <ele>1057.1</ele>
    <time>2024-12-15T10:02:02Z</time>
   </trkpt>
   <trkpt lat="46.1842300" lon="6.6930860">
    <ele>1056.7</ele>
    <time>2024-12-15T10:02:03Z</time>
   </trkpt>
   <trkpt lat="46.1841910" lon="6.6931100">
    <ele>1056.4</ele>
    <time>2024-12-15T10:02:04Z</time>
   </trkpt>
   <trkpt lat="46.1841760" lon="6.6931180">
    <ele>1056.2</ele>
    <time>2024-12-15T10:02:05Z</time>
   </trkpt>
   <trkpt lat="46.1841520" lon="6.6931610">
    <ele>1055.8</ele>
    <time>2024-12-15T10:02:06Z</time>
   </trkpt>
   <trkpt lat="46.1841270" lon="6.6931920">
    <ele>1055.5</ele>
    <time>2024-12-15T10:02:07Z</time>
   </trkpt>
   <trkpt lat="46.1840870" lon="6.6932160">
    <ele>1055.1</ele>
    <time>2024-12-15T10:02:08Z</time>
   </trkpt>
   <trkpt lat="46.1840710" lon="6.6932250">
    <ele>1054.9</ele>
    <time>2024-12-15T10:02:09Z</time>
   </trkpt>
   <trkpt lat="46.1840370" lon="6.6932520">
    <ele>1054.4</ele>
    <time>2024-12-15T10:02:10Z</time>
   </trkpt>
   <trkpt lat="46.1840230" lon="6.6932860">
    <ele>1054.1</ele>
    <time>2024-12-15T10:02:11Z</time>
   </trkpt>
   <trkpt lat="46.1839860" lon="6.6933220">
    <ele>1053.6</ele>
    <time>2024-12-15T10:02:12Z</time>
   </trkpt>
   <trkpt lat="46.1839560" lon="6.6933310">
    <ele>1053.2</ele>
    <time>2024-12-15T10:02:13Z</time>
   </trkpt>
   <trkpt lat="46.1839260" lon="6.6933520">
    <ele>1052.8</ele>
    <time>2024-12-15T10:02:14Z</time>
   </trkpt>
   <trkpt lat="46.1838900" lon="6.6933690">
    <ele>1052.3</ele>
    <time>2024-12-15T10:02:15Z</time>
   </trkpt>
   <trkpt lat="46.1838500" lon="6.6933960">
    <ele>1051.7</ele>
    <time>2024-12-15T10:02:16Z</time>
   </trkpt>
   <trkpt lat="46.1838220" lon="6.6934250">
    <ele>1051.2</ele>
    <time>2024-12-15T10:02:17Z</time>
   </trkpt>
   <trkpt lat="46.1837890" lon="6.6934230">
    <ele>1050.8</ele>
    <time>2024-12-15T10:02:18Z</time>
   </trkpt>
   <trkpt lat="46.1837590" lon="6.6934510">
    <ele>1050.3</ele>
    <time>2024-12-15T10:02:19Z</time>
   </trkpt>
   <trkpt lat="46.1837320" lon="6.6934930">
    <ele>1049.8</ele>
    <time>2024-12-15T10:02:20Z</time>
   </trkpt>
   <trkpt lat="46.1837020" lon="6.6935130">
    <ele>1049.3</ele>
    <time>2024-12-15T10:02:21Z</time>
   </trkpt>
   <trkpt lat="46.1836690" lon="6.6935540">
    <ele>1048.7</ele>
    <time>2024-12-15T10:02:22Z</time>
   </trkpt>
   <trkpt lat="46.1836440" lon="6.6935840">
    <ele>1048.3</ele>
    <time>2024-12-15T10:02:23Z</time>
   </trkpt>
   <trkpt lat="46.1836080" lon="6.6935720">
    <ele>1047.8</ele>
    <time>2024-12-15T10:02:24Z</time>
   </trkpt>
   <trkpt lat="46.1835680" lon="6.6935950">
    <ele>1047.2</ele>
    <time>2024-12-15T10:02:25Z</time>
   </trkpt>
   <trkpt lat="46.1835450" lon="6.6936170">
    <ele>1046.8</ele>
    <time>2024-12-15T10:02:26Z</time>
   </trkpt>
   <trkpt lat="46.1835190" lon="6.6936600">
    <ele>1046.2</ele>
    <time>2024-12-15T10:02:27Z</time>
   </trkpt>
   <trkpt lat="46.1834500" lon="6.6937010">
    <ele>1044.9</ele>
    <time>2024-12-15T10:02:28Z</time>
   </trkpt>
   <trkpt lat="46.1834130" lon="6.6937060">
    <ele>1044.2</ele>
    <time>2024-12-15T10:02:29Z</time>
   </trkpt>
   <trkpt lat="46.1833840" lon="6.6937770">
    <ele>1043.3</ele>
    <time>2024-12-15T10:02:31Z</time>
   </trkpt>
   <trkpt lat="46.1833780" lon="6.6938230">
    <ele>1042.8</ele>
    <time>2024-12-15T10:02:32Z</time>
   </trkpt>
   <trkpt lat="46.1833470" lon="6.6938280">
    <ele>1042.3</ele>
    <time>2024-12-15T10:02:33Z</time>
   </trkpt>
   <trkpt lat="46.1833260" lon="6.6938650">
    <ele>1041.9</ele>
    <time>2024-12-15T10:02:34Z</time>
   </trkpt>
   <trkpt lat="46.1832900" lon="6.6938820">
    <ele>1041.3</ele>
    <time>2024-12-15T10:02:35Z</time>
   </trkpt>
   <trkpt lat="46.1832750" lon="6.6939060">
    <ele>1041.0</ele>
    <time>2024-12-15T10:02:36Z</time>
   </trkpt>
   <trkpt lat="46.1832420" lon="6.6939910">
    <ele>1040.0</ele>
    <time>2024-12-15T10:02:37Z</time>
   </trkpt>
   <trkpt lat="46.1832310" lon="6.6940170">
    <ele>1039.7</ele>
    <time>2024-12-15T10:02:39Z</time>
   </trkpt>
   <trkpt lat="46.1832100" lon="6.6940560">
    <ele>1039.3</ele>
    <time>2024-12-15T10:02:40Z</time>
   </trkpt>
   <trkpt lat="46.1831800" lon="6.6940910">
    <ele>1038.7</ele>
    <time>2024-12-15T10:02:41Z</time>
   </trkpt>
   <trkpt lat="46.1831500" lon="6.6941140">
    <ele>1038.3</ele>
    <time>2024-12-15T10:02:42Z</time>
   </trkpt>
   <trkpt lat="46.1831270" lon="6.6941520">
    <ele>1037.9</ele>
    <time>2024-12-15T10:02:43Z</time>
   </trkpt>
   <trkpt lat="46.1831050" lon="6.6942060">
    <ele>1037.3</ele>
    <time>2024-12-15T10:02:44Z</time>
   </trkpt>
   <trkpt lat="46.1830910" lon="6.6942240">
    <ele>1037.1</ele>
    <time>2024-12-15T10:02:45Z</time>
   </trkpt>
   <trkpt lat="46.1830730" lon="6.6942650">
    <ele>1036.7</ele>
    <time>2024-12-15T10:02:46Z</time>
   </trkpt>
   <trkpt lat="46.1830570" lon="6.6943020">
    <ele>1036.3</ele>
    <time>2024-12-15T10:02:47Z</time>
   </trkpt>
   <trkpt lat="46.1830190" lon="6.6943360">
    <ele>1035.8</ele>
    <time>2024-12-15T10:02:48Z</time>
   </trkpt>
   <trkpt lat="46.1830040" lon="6.6943500">
    <ele>1035.6</ele>
    <time>2024-12-15T10:02:49Z</time>
   </trkpt>
   <trkpt lat="46.1829840" lon="6.6943800">
    <ele>1035.3</ele>
    <time>2024-12-15T10:02:50Z</time>
   </trkpt>
   <trkpt lat="46.1829530" lon="6.6944210">
    <ele>1034.9</ele>
    <time>2024-12-15T10:02:51Z</time>
   </trkpt>
   <trkpt lat="46.1829270" lon="6.6944570">
    <ele>1034.6</ele>
    <time>2024-12-15T10:02:52Z</time>
   </trkpt>
   <trkpt lat="46.1829150" lon="6.6944670">
    <ele>1034.4</ele>
    <time>2024-12-15T10:02:53Z</time>
   </trkpt>
   <trkpt lat="46.1828740" lon="6.6944830">
    <ele>1034.1</ele>
    <time>2024-12-15T10:02:54Z</time>
   </trkpt>
   <trkpt lat="46.1828550" lon="6.6944910">
    <ele>1033.9</ele>
    <time>2024-12-15T10:02:55Z</time>
   </trkpt>
   <trkpt lat="46.1828320" lon="6.6945500">
    <ele>1033.5</ele>
    <time>2024-12-15T10:02:56Z</time>
   </trkpt>
   <trkpt lat="46.1827990" lon="6.6945910">
    <ele>1033.2</ele>
    <time>2024-12-15T10:02:57Z</time>
   </trkpt>
   <trkpt lat="46.1827730" lon="6.6946040">
    <ele>1033.0</ele>
    <time>2024-12-15T10:02:58Z</time>
   </trkpt>
   <trkpt lat="46.1827450" lon="6.6946770">
    <ele>1032.7</ele>
    <time>2024-12-15T10:02:59Z</time>
   </trkpt>
   <trkpt lat="46.1827170" lon="6.6946880">
    <ele>1032.5</ele>
    <time>2024-12-15T10:03:00Z</time>
   </trkpt>
   <trkpt lat="46.1826820" lon="6.6946760">
    <ele>1032.3</ele>
    <time>2024-12-15T10:03:01Z</time>
   </trkpt>
   <trkpt lat="46.1826590" lon="6.6947150">
    <ele>1032.1</ele>
    <time>2024-12-15T10:03:02Z</time>
   </trkpt>
   <trkpt lat="46.1826430" lon="6.6947560">
    <ele>1031.9</ele>
    <time>2024-12-15T10:03:03Z</time>
   </trkpt>
   <trkpt lat="46.1826270" lon="6.6948020">
    <ele>1031.8</ele>
    <time>2024-12-15T10:03:04Z</time>
   </trkpt>
   <trkpt lat="46.1826190" lon="6.6948510">
    <ele>1031.6</ele>
    <time>2024-12-15T10:03:05Z</time>
   </trkpt>
   <trkpt lat="46.1826010" lon="6.6949040">
    <ele>1031.4</ele>
    <time>2024-12-15T10:03:06Z</time>
   </trkpt>
   <trkpt lat="46.1825920" lon="6.6949210">
    <ele>1031.3</ele>
    <time>2024-12-15T10:03:07Z</time>
   </trkpt>
   <trkpt lat="46.1825770" lon="6.6949700">
    <ele>1031.1</ele>
    <time>2024-12-15T10:03:08Z</time>
   </trkpt>
   <trkpt lat="46.1825790" lon="6.6950250">
    <ele>1030.9</ele>
    <time>2024-12-15T10:03:09Z</time>
   </trkpt>
   <trkpt lat="46.1825810" lon="6.6950430">
    <ele>1030.8</ele>
    <time>2024-12-15T10:03:10Z</time>
   </trkpt>
   <trkpt lat="46.1825540" lon="6.6950570">
    <ele>1030.7</ele>
    <time>2024-12-15T10:03:11Z</time>
   </trkpt>
   <trkpt lat="46.1825430" lon="6.6950960">
    <ele>1030.5</ele>
    <time>2024-12-15T10:03:12Z</time>
   </trkpt>
   <trkpt lat="46.1824930" lon="6.6950830">
    <ele>1030.2</ele>
    <time>2024-12-15T10:03:13Z</time>
   </trkpt>
   <trkpt lat="46.1824630" lon="6.6951200">
    <ele>1029.9</ele>
    <time>2024-12-15T10:03:14Z</time>
   </trkpt>
   <trkpt lat="46.1824200" lon="6.6951410">
    <ele>1029.6</ele>
    <time>2024-12-15T10:03:15Z</time>
   </trkpt>
   <trkpt lat="46.1824000" lon="6.6951590">
    <ele>1029.5</ele>
    <time>2024-12-15T10:03:16Z</time>
   </trkpt>
   <trkpt lat="46.1823720" lon="6.6951990">
    <ele>1029.2</ele>
    <time>2024-12-15T10:03:17Z</time>
   </trkpt>
   <trkpt lat="46.1823480" lon="6.6952480">
    <ele>1028.9</ele>
    <time>2024-12-15T10:03:18Z</time>
   </trkpt>
   <trkpt lat="46.1823190" lon="6.6952870">
    <ele>1028.5</ele>
    <time>2024-12-15T10:03:19Z</time>
   </trkpt>
   <trkpt lat="46.1823060" lon="6.6953060">
    <ele>1028.4</ele>
    <time>2024-12-15T10:03:20Z</time>
   </trkpt>
   <trkpt lat="46.1822880" lon="6.6953580">
    <ele>1028.1</ele>
    <time>2024-12-15T10:03:21Z</time>
   </trkpt>
   <trkpt lat="46.1822540" lon="6.6953770">
    <ele>1027.8</ele>
    <time>2024-12-15T10:03:22Z</time>
   </trkpt>
   <trkpt lat="46.1822260" lon="6.6954170">
    <ele>1027.5</ele>
    <time>2024-12-15T10:03:23Z</time>
   </trkpt>
   <trkpt lat="46.1822290" lon="6.6954690">
    <ele>1027.2</ele>
    <time>2024-12-15T10:03:24Z</time>
   </trkpt>
   <trkpt lat="46.1821970" lon="6.6955060">
    <ele>1026.9</ele>
    <time>2024-12-15T10:03:25Z</time>
   </trkpt>
   <trkpt lat="46.1821700" lon="6.6955600">
    <ele>1026.5</ele>
    <time>2024-12-15T10:03:26Z</time>
   </trkpt>
   <trkpt lat="46.1821360" lon="6.6955870">
    <ele>1026.2</ele>
    <time>2024-12-15T10:03:27Z</time>
   </trkpt>
   <trkpt lat="46.1821030" lon="6.6956230">
    <ele>1025.9</ele>
    <time>2024-12-15T10:03:28Z</time>
   </trkpt>
   <trkpt lat="46.1820710" lon="6.6956660">
    <ele>1025.6</ele>
    <time>2024-12-15T10:03:29Z</time>
   </trkpt>
   <trkpt lat="46.1820520" lon="6.6957200">
    <ele>1025.3</ele>
    <time>2024-12-15T10:03:30Z</time>
   </trkpt>
   <trkpt lat="46.1820330" lon="6.6957490">
    <ele>1025.1</ele>
    <time>2024-12-15T10:03:31Z</time>
   </trkpt>
   <trkpt lat="46.1820170" lon="6.6957900">
    <ele>1024.9</ele>
    <time>2024-12-15T10:03:32Z</time>
   </trkpt>
   <trkpt lat="46.1820000" lon="6.6958290">
    <ele>1024.7</ele>
    <time>2024-12-15T10:03:33Z</time>
   </trkpt>
   <trkpt lat="46.1819830" lon="6.6958630">
    <ele>1024.5</ele>
    <time>2024-12-15T10:03:34Z</time>
   </trkpt>
   <trkpt lat="46.1819600" lon="6.6958940">
    <ele>1024.3</ele>
    <time>2024-12-15T10:03:35Z</time>
   </trkpt>
   <trkpt lat="46.1819370" lon="6.6959320">
    <ele>1024.1</ele>
    <time>2024-12-15T10:03:36Z</time>
   </trkpt>
   <trkpt lat="46.1819200" lon="6.6959660">
    <ele>1023.9</ele>
    <time>2024-12-15T10:03:37Z</time>
   </trkpt>
   <trkpt lat="46.1818940" lon="6.6960200">
    <ele>1023.7</ele>
    <time>2024-12-15T10:03:38Z</time>
   </trkpt>
   <trkpt lat="46.1818730" lon="6.6960650">
    <ele>1023.5</ele>
    <time>2024-12-15T10:03:39Z</time>
   </trkpt>
   <trkpt lat="46.1818490" lon="6.6961090">
    <ele>1023.3</ele>
    <time>2024-12-15T10:03:40Z</time>
   </trkpt>
   <trkpt lat="46.1818300" lon="6.6961380">
    <ele>1023.2</ele>
    <time>2024-12-15T10:03:41Z</time>
   </trkpt>
   <trkpt lat="46.1818150" lon="6.6961770">
    <ele>1023.1</ele>
    <time>2024-12-15T10:03:42Z</time>
   </trkpt>
   <trkpt lat="46.1817910" lon="6.6962200">
    <ele>1022.9</ele>
    <time>2024-12-15T10:03:43Z</time>
   </trkpt>
   <trkpt lat="46.1817590" lon="6.6962570">
    <ele>1022.8</ele>
    <time>2024-12-15T10:03:44Z</time>
   </trkpt>
   <trkpt lat="46.1817410" lon="6.6963020">
    <ele>1022.7</ele>
    <time>2024-12-15T10:03:45Z</time>
   </trkpt>
   <trkpt lat="46.1817230" lon="6.6963340">
    <ele>1022.6</ele>
    <time>2024-12-15T10:03:46Z</time>
   </trkpt>
   <trkpt lat="46.1817110" lon="6.6963800">
    <ele>1022.5</ele>
    <time>2024-12-15T10:03:47Z</time>
   </trkpt>
   <trkpt lat="46.1816780" lon="6.6964140">
    <ele>1022.4</ele>
    <time>2024-12-15T10:03:48Z</time>
   </trkpt>
   <trkpt lat="46.1816510" lon="6.6964610">
    <ele>1022.3</ele>
    <time>2024-12-15T10:03:49Z</time>
   </trkpt>
   <trkpt lat="46.1816380" lon="6.6964790">
    <ele>1022.3</ele>
    <time>2024-12-15T10:03:50Z</time>
   </trkpt>
   <trkpt lat="46.1816190" lon="6.6965230">
    <ele>1022.2</ele>
    <time>2024-12-15T10:03:51Z</time>
   </trkpt>
   <trkpt lat="46.1816010" lon="6.6965540">
    <ele>1022.1</ele>
    <time>2024-12-15T10:03:52Z</time>
   </trkpt>
   <trkpt lat="46.1815910" lon="6.6965920">
    <ele>1022.1</ele>
    <time>2024-12-15T10:03:53Z</time>
   </trkpt>
   <trkpt lat="46.1815670" lon="6.6966230">
    <ele>1022.0</ele>
    <time>2024-12-15T10:03:54Z</time>
   </trkpt>
   <trkpt lat="46.1815290" lon="6.6966440">
    <ele>1021.9</ele>
    <time>2024-12-15T10:03:55Z</time>
   </trkpt>
   <trkpt lat="46.1815160" lon="6.6966590">
    <ele>1021.8</ele>
    <time>2024-12-15T10:03:56Z</time>
   </trkpt>
   <trkpt lat="46.1814840" lon="6.6966810">
    <ele>1021.7</ele>
    <time>2024-12-15T10:03:57Z</time>
   </trkpt>
   <trkpt lat="46.1814660" lon="6.6967210">
    <ele>1021.6</ele>
    <time>2024-12-15T10:03:58Z</time>
   </trkpt>
   <trkpt lat="46.1814460" lon="6.6967650">
    <ele>1021.5</ele>
    <time>2024-12-15T10:03:59Z</time>
   </trkpt>
   <trkpt lat="46.1814220" lon="6.6968000">
    <ele>1021.4</ele>
    <time>2024-12-15T10:04:00Z</time>
   </trkpt>
   <trkpt lat="46.1814040" lon="6.6968430">
    <ele>1021.3</ele>
    <time>2024-12-15T10:04:01Z</time>
   </trkpt>
   <trkpt lat="46.1813870" lon="6.6968840">
    <ele>1021.2</ele>
    <time>2024-12-15T10:04:02Z</time>
   </trkpt>
   <trkpt lat="46.1813630" lon="6.6969090">
    <ele>1021.0</ele>
    <time>2024-12-15T10:04:03Z</time>
   </trkpt>
   <trkpt lat="46.1813410" lon="6.6969460">
    <ele>1020.9</ele>
    <time>2024-12-15T10:04:04Z</time>
   </trkpt>
   <trkpt lat="46.1813230" lon="6.6969810">
    <ele>1020.7</ele>
    <time>2024-12-15T10:04:05Z</time>
   </trkpt>
   <trkpt lat="46.1813120" lon="6.6970380">
    <ele>1020.6</ele>
    <time>2024-12-15T10:04:06Z</time>
   </trkpt>
   <trkpt lat="46.1812880" lon="6.6970630">
    <ele>1020.4</ele>
    <time>2024-12-15T10:04:07Z</time>
   </trkpt>
   <trkpt lat="46.1812590" lon="6.6970940">
    <ele>1020.2</ele>
    <time>2024-12-15T10:04:08Z</time>
   </trkpt>
   <trkpt lat="46.1812420" lon="6.6971300">
    <ele>1020.1</ele>
    <time>2024-12-15T10:04:09Z</time>
   </trkpt>
   <trkpt lat="46.1812170" lon="6.6971590">
    <ele>1019.9</ele>
    <time>2024-12-15T10:04:10Z</time>
   </trkpt>
   <trkpt lat="46.1812160" lon="6.6972060">
    <ele>1019.7</ele>
    <time>2024-12-15T10:04:11Z</time>
   </trkpt>
   <trkpt lat="46.1811880" lon="6.6972580">
    <ele>1019.5</ele>
    <time>2024-12-15T10:04:12Z</time>
   </trkpt>
   <trkpt lat="46.1811760" lon="6.6972800">
    <ele>1019.4</ele>
    <time>2024-12-15T10:04:13Z</time>
   </trkpt>
   <trkpt lat="46.1811600" lon="6.6973280">
    <ele>1019.2</ele>
    <time>2024-12-15T10:04:14Z</time>
   </trkpt>
   <trkpt lat="46.1811660" lon="6.6973850">
    <ele>1018.9</ele>
    <time>2024-12-15T10:04:15Z</time>
   </trkpt>
   <trkpt lat="46.1811370" lon="6.6974140">
    <ele>1018.7</ele>
    <time>2024-12-15T10:04:16Z</time>
   </trkpt>
   <trkpt lat="46.1811030" lon="6.6974470">
    <ele>1018.5</ele>
    <time>2024-12-15T10:04:17Z</time>
   </trkpt>
   <trkpt lat="46.1810900" lon="6.6974610">
    <ele>1018.4</ele>
    <time>2024-12-15T10:04:18Z</time>
   </trkpt>
   <trkpt lat="46.1810630" lon="6.6975000">
    <ele>1018.2</ele>
    <time>2024-12-15T10:04:19Z</time>
   </trkpt>
   <trkpt lat="46.1810320" lon="6.6975330">
    <ele>1018.0</ele>
    <time>2024-12-15T10:04:20Z</time>
   </trkpt>
   <trkpt lat="46.1810150" lon="6.6975740">
    <ele>1017.8</ele>
    <time>2024-12-15T10:04:21Z</time>
   </trkpt>
   <trkpt lat="46.1809900" lon="6.6976010">
    <ele>1017.7</ele>
    <time>2024-12-15T10:04:22Z</time>
   </trkpt>
   <trkpt lat="46.1809650" lon="6.6976340">
    <ele>1017.5</ele>
    <time>2024-12-15T10:04:23Z</time>
   </trkpt>
   <trkpt lat="46.1809200" lon="6.6976270">
    <ele>1017.3</ele>
    <time>2024-12-15T10:04:24Z</time>
   </trkpt>
   <trkpt lat="46.1808870" lon="6.6976590">
    <ele>1017.1</ele>
    <time>2024-12-15T10:04:25Z</time>
   </trkpt>
   <trkpt lat="46.1808610" lon="6.6976960">
    <ele>1017.0</ele>
    <time>2024-12-15T10:04:26Z</time>
   </trkpt>
   <trkpt lat="46.1808350" lon="6.6977460">
    <ele>1017.1</ele>
    <time>2024-12-15T10:04:27Z</time>
   </trkpt>
   <trkpt lat="46.1808090" lon="6.6977860">
    <ele>1017.1</ele>
    <time>2024-12-15T10:04:28Z</time>
   </trkpt>
   <trkpt lat="46.1807720" lon="6.6978060">
    <ele>1017.2</ele>
    <time>2024-12-15T10:04:29Z</time>
   </trkpt>
   <trkpt lat="46.1807400" lon="6.6978540">
    <ele>1017.3</ele>
    <time>2024-12-15T10:04:30Z</time>
   </trkpt>
   <trkpt lat="46.1807280" lon="6.6978760">
    <ele>1017.3</ele>
    <time>2024-12-15T10:04:31Z</time>
   </trkpt>
   <trkpt lat="46.1807190" lon="6.6979140">
    <ele>1017.4</ele>
    <time>2024-12-15T10:04:32Z</time>
   </trkpt>
   <trkpt lat="46.1806950" lon="6.6979440">
    <ele>1017.5</ele>
    <time>2024-12-15T10:04:33Z</time>
   </trkpt>
   <trkpt lat="46.1806610" lon="6.6979680">
    <ele>1017.6</ele>
    <time>2024-12-15T10:04:34Z</time>
   </trkpt>
   <trkpt lat="46.1806360" lon="6.6980000">
    <ele>1017.7</ele>
    <time>2024-12-15T10:04:35Z</time>
   </trkpt>
   <trkpt lat="46.1806010" lon="6.6980210">
    <ele>1017.8</ele>
    <time>2024-12-15T10:04:36Z</time>
   </trkpt>
   <trkpt lat="46.1805680" lon="6.6980580">
    <ele>1018.0</ele>
    <time>2024-12-15T10:04:37Z</time>
   </trkpt>
   <trkpt lat="46.1805360" lon="6.6980940">
    <ele>1018.1</ele>
    <time>2024-12-15T10:04:38Z</time>
   </trkpt>
   <trkpt lat="46.1805210" lon="6.6981400">
    <ele>1018.2</ele>
    <time>2024-12-15T10:04:39Z</time>
   </trkpt>
   <trkpt lat="46.1805050" lon="6.6981920">
    <ele>1018.3</ele>
    <time>2024-12-15T10:04:40Z</time>
   </trkpt>
   <trkpt lat="46.1804840" lon="6.6982400">
    <ele>1018.4</ele>
    <time>2024-12-15T10:04:41Z</time>
   </trkpt>
   <trkpt lat="46.1805040" lon="6.6982960">
    <ele>1018.4</ele>
    <time>2024-12-15T10:04:42Z</time>
   </trkpt>
   <trkpt lat="46.1804390" lon="6.6983610">
    <ele>1018.4</ele>
    <time>2024-12-15T10:04:43Z</time>
   </trkpt>
   <trkpt lat="46.1804070" lon="6.6983760">
    <ele>1018.4</ele>
    <time>2024-12-15T10:04:45Z</time>
   </trkpt>
   <trkpt lat="46.1803740" lon="6.6983770">
    <ele>1018.0</ele>
    <time>2024-12-15T10:04:46Z</time>
   </trkpt>
   <trkpt lat="46.1803450" lon="6.6984230">
    <ele>1017.3</ele>
    <time>2024-12-15T10:04:47Z</time>
   </trkpt>
   <trkpt lat="46.1803120" lon="6.6984420">
    <ele>1016.7</ele>
    <time>2024-12-15T10:04:48Z</time>
   </trkpt>
   <trkpt lat="46.1802910" lon="6.6984870">
    <ele>1016.0</ele>
    <time>2024-12-15T10:04:49Z</time>
   </trkpt>
   <trkpt lat="46.1802880" lon="6.6985080">
    <ele>1015.7</ele>
    <time>2024-12-15T10:04:50Z</time>
   </trkpt>
   <trkpt lat="46.1802720" lon="6.6985560">
    <ele>1015.1</ele>
    <time>2024-12-15T10:04:51Z</time>
   </trkpt>
   <trkpt lat="46.1802690" lon="6.6985710">
    <ele>1014.9</ele>
    <time>2024-12-15T10:04:52Z</time>
   </trkpt>
   <trkpt lat="46.1802460" lon="6.6986060">
    <ele>1014.3</ele>
    <time>2024-12-15T10:04:53Z</time>
   </trkpt>
   <trkpt lat="46.1802240" lon="6.6986450">
    <ele>1013.6</ele>
    <time>2024-12-15T10:04:54Z</time>
   </trkpt>
   <trkpt lat="46.1802100" lon="6.6986860">
    <ele>1013.0</ele>
    <time>2024-12-15T10:04:55Z</time>
   </trkpt>
   <trkpt lat="46.1801960" lon="6.6987440">
    <ele>1012.3</ele>
    <time>2024-12-15T10:04:56Z</time>
   </trkpt>
   <trkpt lat="46.1801950" lon="6.6987680">
    <ele>1011.9</ele>
    <time>2024-12-15T10:04:57Z</time>
   </trkpt>
   <trkpt lat="46.1801860" lon="6.6987870">
    <ele>1011.7</ele>
    <time>2024-12-15T10:04:58Z</time>
   </trkpt>
   <trkpt lat="46.1801780" lon="6.6988050">
    <ele>1011.4</ele>
    <time>2024-12-15T10:04:59Z</time>
   </trkpt>
   <trkpt lat="46.1801500" lon="6.6988280">
    <ele>1010.8</ele>
    <time>2024-12-15T10:05:00Z</time>
   </trkpt>
   <trkpt lat="46.1801230" lon="6.6988710">
    <ele>1010.1</ele>
    <time>2024-12-15T10:05:01Z</time>
   </trkpt>
   <trkpt lat="46.1801140" lon="6.6988870">
    <ele>1009.8</ele>
    <time>2024-12-15T10:05:02Z</time>
   </trkpt>
   <trkpt lat="46.1800950" lon="6.6989220">
    <ele>1009.3</ele>
    <time>2024-12-15T10:05:03Z</time>
   </trkpt>
   <trkpt lat="46.1800720" lon="6.6989560">
    <ele>1008.7</ele>
    <time>2024-12-15T10:05:04Z</time>
   </trkpt>
   <trkpt lat="46.1800530" lon="6.6989830">
    <ele>1008.3</ele>
    <time>2024-12-15T10:05:05Z</time>
   </trkpt>
   <trkpt lat="46.1800270" lon="6.6990070">
    <ele>1007.7</ele>
    <time>2024-12-15T10:05:06Z</time>
   </trkpt>
   <trkpt lat="46.1800020" lon="6.6990410">
    <ele>1007.1</ele>
    <time>2024-12-15T10:05:07Z</time>
   </trkpt>
   <trkpt lat="46.1799880" lon="6.6990760">
    <ele>1006.7</ele>
    <time>2024-12-15T10:05:08Z</time>
   </trkpt>
   <trkpt lat="46.1799700" lon="6.6991110">
    <ele>1006.2</ele>
    <time>2024-12-15T10:05:09Z</time>
   </trkpt>
   <trkpt lat="46.1799410" lon="6.6991500">
    <ele>1005.5</ele>
    <time>2024-12-15T10:05:10Z</time>
   </trkpt>
   <trkpt lat="46.1799260" lon="6.6991940">
    <ele>1004.9</ele>
    <time>2024-12-15T10:05:11Z</time>
   </trkpt>
   <trkpt lat="46.1799080" lon="6.6992360">
    <ele>1005.0</ele>
    <time>2024-12-15T10:05:12Z</time>
   </trkpt>
   <trkpt lat="46.1799050" lon="6.6992500">
    <ele>1005.1</ele>
    <time>2024-12-15T10:05:13Z</time>
   </trkpt>
   <trkpt lat="46.1798880" lon="6.6992890">
    <ele>1005.1</ele>
    <time>2024-12-15T10:05:14Z</time>
   </trkpt>
   <trkpt lat="46.1798700" lon="6.6993190">
    <ele>1004.5</ele>
    <time>2024-12-15T10:05:15Z</time>
   </trkpt>
   <trkpt lat="46.1798630" lon="6.6993380">
    <ele>1004.5</ele>
    <time>2024-12-15T10:05:16Z</time>
   </trkpt>
   <trkpt lat="46.1798500" lon="6.6993520">
    <ele>1004.4</ele>
    <time>2024-12-15T10:05:17Z</time>
   </trkpt>
   <trkpt lat="46.1798380" lon="6.6993810">
    <ele>1004.4</ele>
    <time>2024-12-15T10:05:18Z</time>
   </trkpt>
   <trkpt lat="46.1798310" lon="6.6993950">
    <ele>1003.6</ele>
    <time>2024-12-15T10:05:19Z</time>
   </trkpt>
   <trkpt lat="46.1798230" lon="6.6994090">
    <ele>1004.7</ele>
    <time>2024-12-15T10:05:20Z</time>
   </trkpt>
   <trkpt lat="46.1798240" lon="6.6994350">
    <ele>1003.8</ele>
    <time>2024-12-15T10:05:21Z</time>
   </trkpt>
   <trkpt lat="46.1798160" lon="6.6994570">
    <ele>1003.9</ele>
    <time>2024-12-15T10:05:22Z</time>
   </trkpt>
   <trkpt lat="46.1798090" lon="6.6994800">
    <ele>1003.0</ele>
    <time>2024-12-15T10:05:23Z</time>
   </trkpt>
   <trkpt lat="46.1797990" lon="6.6995020">
    <ele>1003.7</ele>
    <time>2024-12-15T10:05:24Z</time>
   </trkpt>
   <trkpt lat="46.1797890" lon="6.6995250">
    <ele>1002.9</ele>
    <time>2024-12-15T10:05:25Z</time>
   </trkpt>
   <trkpt lat="46.1797810" lon="6.6995350">
    <ele>1003.0</ele>
    <time>2024-12-15T10:05:26Z</time>
   </trkpt>
   <trkpt lat="46.1797730" lon="6.6995440">
    <ele>1003.0</ele>
    <time>2024-12-15T10:05:27Z</time>
   </trkpt>
   <trkpt lat="46.1797540" lon="6.6995870">
    <ele>1002.9</ele>
    <time>2024-12-15T10:05:28Z</time>
   </trkpt>
   <trkpt lat="46.1797410" lon="6.6996330">
    <ele>1002.9</ele>
    <time>2024-12-15T10:05:29Z</time>
   </trkpt>
   <trkpt lat="46.1797350" lon="6.6996430">
    <ele>1003.0</ele>
    <time>2024-12-15T10:05:30Z</time>
   </trkpt>
   <trkpt lat="46.1797120" lon="6.6996830">
    <ele>1002.2</ele>
    <time>2024-12-15T10:05:31Z</time>
   </trkpt>
   <trkpt lat="46.1797030" lon="6.6997030">
    <ele>1002.2</ele>
    <time>2024-12-15T10:05:32Z</time>
   </trkpt>
   <trkpt lat="46.1796840" lon="6.6997420">
    <ele>1001.3</ele>
    <time>2024-12-15T10:05:33Z</time>
   </trkpt>
   <trkpt lat="46.1796740" lon="6.6997590">
    <ele>1002.1</ele>
    <time>2024-12-15T10:05:34Z</time>
   </trkpt>
   <trkpt lat="46.1796620" lon="6.6997950">
    <ele>1001.3</ele>
    <time>2024-12-15T10:05:35Z</time>
   </trkpt>
   <trkpt lat="46.1796440" lon="6.6998380">
    <ele>1001.2</ele>
    <time>2024-12-15T10:05:36Z</time>
   </trkpt>
   <trkpt lat="46.1796280" lon="6.6998810">
    <ele>1000.4</ele>
    <time>2024-12-15T10:05:37Z</time>
   </trkpt>
   <trkpt lat="46.1796080" lon="6.6999240">
    <ele>1000.3</ele>
    <time>2024-12-15T10:05:38Z</time>
   </trkpt>
   <trkpt lat="46.1795830" lon="6.6999600">
    <ele>1000.2</ele>
    <time>2024-12-15T10:05:39Z</time>
   </trkpt>
   <trkpt lat="46.1795740" lon="6.7000120">
    <ele>999.5</ele>
    <time>2024-12-15T10:05:40Z</time>
   </trkpt>
   <trkpt lat="46.1795610" lon="6.7000530">
    <ele>999.5</ele>
    <time>2024-12-15T10:05:41Z</time>
   </trkpt>
   <trkpt lat="46.1795510" lon="6.7000930">
    <ele>998.8</ele>
    <time>2024-12-15T10:05:42Z</time>
   </trkpt>
   <trkpt lat="46.1795360" lon="6.7001290">
    <ele>998.1</ele>
    <time>2024-12-15T10:05:43Z</time>
   </trkpt>
   <trkpt lat="46.1795130" lon="6.7001860">
    <ele>998.1</ele>
    <time>2024-12-15T10:05:44Z</time>
   </trkpt>
   <trkpt lat="46.1794880" lon="6.7002520">
    <ele>997.3</ele>
    <time>2024-12-15T10:05:45Z</time>
   </trkpt>
   <trkpt lat="46.1794720" lon="6.7003060">
    <ele>997.2</ele>
    <time>2024-12-15T10:05:46Z</time>
   </trkpt>
   <trkpt lat="46.1794530" lon="6.7003330">
    <ele>996.4</ele>
    <time>2024-12-15T10:05:47Z</time>
   </trkpt>
   <trkpt lat="46.1794280" lon="6.7003890">
    <ele>996.5</ele>
    <time>2024-12-15T10:05:48Z</time>
   </trkpt>
   <trkpt lat="46.1794170" lon="6.7004140">
    <ele>996.5</ele>
    <time>2024-12-15T10:05:49Z</time>
   </trkpt>
   <trkpt lat="46.1794050" lon="6.7004620">
    <ele>995.9</ele>
    <time>2024-12-15T10:05:50Z</time>
   </trkpt>
   <trkpt lat="46.1793980" lon="6.7005080">
    <ele>995.3</ele>
    <time>2024-12-15T10:05:51Z</time>
   </trkpt>
   <trkpt lat="46.1793900" lon="6.7005610">
    <ele>994.6</ele>
    <time>2024-12-15T10:05:52Z</time>
   </trkpt>
   <trkpt lat="46.1793790" lon="6.7005980">
    <ele>994.8</ele>
    <time>2024-12-15T10:05:53Z</time>
   </trkpt>
   <trkpt lat="46.1793620" lon="6.7006400">
    <ele>994.2</ele>
    <time>2024-12-15T10:05:54Z</time>
   </trkpt>
   <trkpt lat="46.1793470" lon="6.7006720">
    <ele>995.0</ele>
    <time>2024-12-15T10:05:55Z</time>
   </trkpt>
   <trkpt lat="46.1793370" lon="6.7007110">
    <ele>994.3</ele>
    <time>2024-12-15T10:05:56Z</time>
   </trkpt>
   <trkpt lat="46.1793120" lon="6.7007480">
    <ele>994.5</ele>
    <time>2024-12-15T10:05:57Z</time>
   </trkpt>
   <trkpt lat="46.1792990" lon="6.7007950">
    <ele>993.8</ele>
    <time>2024-12-15T10:05:58Z</time>
   </trkpt>
   <trkpt lat="46.1792810" lon="6.7008380">
    <ele>994.0</ele>
    <time>2024-12-15T10:05:59Z</time>
   </trkpt>
   <trkpt lat="46.1792720" lon="6.7008760">
    <ele>993.4</ele>
    <time>2024-12-15T10:06:00Z</time>
   </trkpt>
   <trkpt lat="46.1792620" lon="6.7009250">
    <ele>993.6</ele>
    <time>2024-12-15T10:06:01Z</time>
   </trkpt>
   <trkpt lat="46.1792520" lon="6.7009650">
    <ele>993.1</ele>
    <time>2024-12-15T10:06:02Z</time>
   </trkpt>
   <trkpt lat="46.1792350" lon="6.7010070">
    <ele>993.3</ele>
    <time>2024-12-15T10:06:03Z</time>
   </trkpt>
   <trkpt lat="46.1792260" lon="6.7010550">
    <ele>992.8</ele>
    <time>2024-12-15T10:06:04Z</time>
   </trkpt>
   <trkpt lat="46.1792200" lon="6.7010740">
    <ele>992.3</ele>
    <time>2024-12-15T10:06:05Z</time>
   </trkpt>
   <trkpt lat="46.1792170" lon="6.7011190">
    <ele>991.8</ele>
    <time>2024-12-15T10:06:06Z</time>
   </trkpt>
   <trkpt lat="46.1792140" lon="6.7011320">
    <ele>991.8</ele>
    <time>2024-12-15T10:06:07Z</time>
   </trkpt>
   <trkpt lat="46.1791970" lon="6.7011760">
    <ele>992.1</ele>
    <time>2024-12-15T10:06:08Z</time>
   </trkpt>
   <trkpt lat="46.1791920" lon="6.7011870">
    <ele>992.1</ele>
    <time>2024-12-15T10:06:09Z</time>
   </trkpt>
   <trkpt lat="46.1791850" lon="6.7012380">
    <ele>991.0</ele>
    <time>2024-12-15T10:06:10Z</time>
   </trkpt>
   <trkpt lat="46.1791800" lon="6.7012560">
    <ele>991.1</ele>
    <time>2024-12-15T10:06:11Z</time>
   </trkpt>
   <trkpt lat="46.1791660" lon="6.7013030">
    <ele>991.4</ele>
    <time>2024-12-15T10:06:12Z</time>
   </trkpt>
   <trkpt lat="46.1791620" lon="6.7013220">
    <ele>990.9</ele>
    <time>2024-12-15T10:06:13Z</time>
   </trkpt>
   <trkpt lat="46.1791580" lon="6.7013470">
    <ele>991.0</ele>
    <time>2024-12-15T10:06:14Z</time>
   </trkpt>
   <trkpt lat="46.1791540" lon="6.7013720">
    <ele>990.5</ele>
    <time>2024-12-15T10:06:15Z</time>
   </trkpt>
   <trkpt lat="46.1791450" lon="6.7014170">
    <ele>990.9</ele>
    <time>2024-12-15T10:06:16Z</time>
   </trkpt>
   <trkpt lat="46.1791400" lon="6.7014340">
    <ele>991.0</ele>
    <time>2024-12-15T10:06:17Z</time>
   </trkpt>
   <trkpt lat="46.1791330" lon="6.7014730">
    <ele>990.5</ele>
    <time>2024-12-15T10:06:18Z</time>
   </trkpt>
   <trkpt lat="46.1791360" lon="6.7015280">
    <ele>990.1</ele>
    <time>2024-12-15T10:06:19Z</time>
   </trkpt>
   <trkpt lat="46.1791370" lon="6.7015450">
    <ele>989.7</ele>
    <time>2024-12-15T10:06:20Z</time>
   </trkpt>
   <trkpt lat="46.1791230" lon="6.7015990">
    <ele>989.2</ele>
    <time>2024-12-15T10:06:21Z</time>
   </trkpt>
   <trkpt lat="46.1791170" lon="6.7016190">
    <ele>989.5</ele>
    <time>2024-12-15T10:06:22Z</time>
   </trkpt>
   <trkpt lat="46.1791190" lon="6.7016670">
    <ele>987.9</ele>
    <time>2024-12-15T10:06:23Z</time>
   </trkpt>
   <trkpt lat="46.1791080" lon="6.7017030">
    <ele>988.7</ele>
    <time>2024-12-15T10:06:24Z</time>
   </trkpt>
   <trkpt lat="46.1791060" lon="6.7017450">
    <ele>988.2</ele>
    <time>2024-12-15T10:06:25Z</time>
   </trkpt>
   <trkpt lat="46.1790980" lon="6.7017930">
    <ele>987.2</ele>
    <time>2024-12-15T10:06:26Z</time>
   </trkpt>
   <trkpt lat="46.1790880" lon="6.7018050">
    <ele>987.3</ele>
    <time>2024-12-15T10:06:27Z</time>
   </trkpt>
   <trkpt lat="46.1790750" lon="6.7018390">
    <ele>987.6</ele>
    <time>2024-12-15T10:06:28Z</time>
   </trkpt>
   <trkpt lat="46.1790770" lon="6.7018800">
    <ele>987.1</ele>
    <time>2024-12-15T10:06:29Z</time>
   </trkpt>
   <trkpt lat="46.1790510" lon="6.7019150">
    <ele>987.8</ele>
    <time>2024-12-15T10:06:30Z</time>
   </trkpt>
   <trkpt lat="46.1790440" lon="6.7019280">
    <ele>987.4</ele>
    <time>2024-12-15T10:06:31Z</time>
   </trkpt>
   <trkpt lat="46.1790280" lon="6.7019690">
    <ele>987.5</ele>
    <time>2024-12-15T10:06:32Z</time>
   </trkpt>
   <trkpt lat="46.1790130" lon="6.7020200">
    <ele>987.0</ele>
    <time>2024-12-15T10:06:33Z</time>
   </trkpt>
   <trkpt lat="46.1790140" lon="6.7020420">
    <ele>987.1</ele>
    <time>2024-12-15T10:06:34Z</time>
   </trkpt>
   <trkpt lat="46.1789840" lon="6.7020690">
    <ele>987.1</ele>
    <time>2024-12-15T10:06:35Z</time>
   </trkpt>
   <trkpt lat="46.1789730" lon="6.7020870">
    <ele>987.2</ele>
    <time>2024-12-15T10:06:36Z</time>
   </trkpt>
   <trkpt lat="46.1789470" lon="6.7021150">
    <ele>987.2</ele>
    <time>2024-12-15T10:06:37Z</time>
   </trkpt>
   <trkpt lat="46.1789380" lon="6.7021270">
    <ele>988.0</ele>
    <time>2024-12-15T10:06:38Z</time>
   </trkpt>
   <trkpt lat="46.1789100" lon="6.7021710">
    <ele>987.4</ele>
    <time>2024-12-15T10:06:39Z</time>
   </trkpt>
   <trkpt lat="46.1788990" lon="6.7021850">
    <ele>987.5</ele>
    <time>2024-12-15T10:06:40Z</time>
   </trkpt>
   <trkpt lat="46.1788770" lon="6.7022140">
    <ele>988.2</ele>
    <time>2024-12-15T10:06:41Z</time>
   </trkpt>
   <trkpt lat="46.1788590" lon="6.7022480">
    <ele>987.6</ele>
    <time>2024-12-15T10:06:42Z</time>
   </trkpt>
   <trkpt lat="46.1788400" lon="6.7022780">
    <ele>987.7</ele>
    <time>2024-12-15T10:06:43Z</time>
   </trkpt>
   <trkpt lat="46.1788130" lon="6.7023220">
    <ele>987.8</ele>
    <time>2024-12-15T10:06:44Z</time>
   </trkpt>
   <trkpt lat="46.1788010" lon="6.7023360">
    <ele>987.9</ele>
    <time>2024-12-15T10:06:45Z</time>
   </trkpt>
   <trkpt lat="46.1787820" lon="6.7023670">
    <ele>988.0</ele>
    <time>2024-12-15T10:06:46Z</time>
   </trkpt>
   <trkpt lat="46.1787570" lon="6.7024050">
    <ele>988.0</ele>
    <time>2024-12-15T10:06:47Z</time>
   </trkpt>
   <trkpt lat="46.1787440" lon="6.7024590">
    <ele>987.5</ele>
    <time>2024-12-15T10:06:48Z</time>
   </trkpt>
   <trkpt lat="46.1787360" lon="6.7024760">
    <ele>986.9</ele>
    <time>2024-12-15T10:06:49Z</time>
   </trkpt>
   <trkpt lat="46.1787270" lon="6.7025150">
    <ele>987.6</ele>
    <time>2024-12-15T10:06:50Z</time>
   </trkpt>
   <trkpt lat="46.1787160" lon="6.7025530">
    <ele>987.0</ele>
    <time>2024-12-15T10:06:51Z</time>
   </trkpt>
   <trkpt lat="46.1786930" lon="6.7025940">
    <ele>987.1</ele>
    <time>2024-12-15T10:06:52Z</time>
   </trkpt>
   <trkpt lat="46.1786860" lon="6.7026070">
    <ele>986.6</ele>
    <time>2024-12-15T10:06:53Z</time>
   </trkpt>
   <trkpt lat="46.1786720" lon="6.7026590">
    <ele>986.1</ele>
    <time>2024-12-15T10:06:54Z</time>
   </trkpt>
   <trkpt lat="46.1786660" lon="6.7026750">
    <ele>986.8</ele>
    <time>2024-12-15T10:06:55Z</time>
   </trkpt>
   <trkpt lat="46.1786430" lon="6.7027170">
    <ele>986.3</ele>
    <time>2024-12-15T10:06:56Z</time>
   </trkpt>
   <trkpt lat="46.1786380" lon="6.7027330">
    <ele>987.1</ele>
    <time>2024-12-15T10:06:57Z</time>
   </trkpt>
   <trkpt lat="46.1786240" lon="6.7027780">
    <ele>986.0</ele>
    <time>2024-12-15T10:06:58Z</time>
   </trkpt>
   <trkpt lat="46.1786180" lon="6.7028170">
    <ele>986.1</ele>
    <time>2024-12-15T10:06:59Z</time>
   </trkpt>
   <trkpt lat="46.1786090" lon="6.7028560">
    <ele>986.2</ele>
    <time>2024-12-15T10:07:00Z</time>
   </trkpt>
   <trkpt lat="46.1786080" lon="6.7028970">
    <ele>985.6</ele>
    <time>2024-12-15T10:07:01Z</time>
   </trkpt>
   <trkpt lat="46.1785890" lon="6.7029360">
    <ele>985.0</ele>
    <time>2024-12-15T10:07:02Z</time>
   </trkpt>
   <trkpt lat="46.1785700" lon="6.7029730">
    <ele>985.0</ele>
    <time>2024-12-15T10:07:03Z</time>
   </trkpt>
   <trkpt lat="46.1785490" lon="6.7030090">
    <ele>984.9</ele>
    <time>2024-12-15T10:07:04Z</time>
   </trkpt>
   <trkpt lat="46.1785290" lon="6.7030450">
    <ele>984.2</ele>
    <time>2024-12-15T10:07:05Z</time>
   </trkpt>
   <trkpt lat="46.1785010" lon="6.7030800">
    <ele>984.1</ele>
    <time>2024-12-15T10:07:06Z</time>
   </trkpt>
   <trkpt lat="46.1784870" lon="6.7031340">
    <ele>984.0</ele>
    <time>2024-12-15T10:07:07Z</time>
   </trkpt>
   <trkpt lat="46.1784690" lon="6.7031930">
    <ele>983.4</ele>
    <time>2024-12-15T10:07:08Z</time>
   </trkpt>
   <trkpt lat="46.1784570" lon="6.7032140">
    <ele>983.3</ele>
    <time>2024-12-15T10:07:09Z</time>
   </trkpt>
   <trkpt lat="46.1784370" lon="6.7032590">
    <ele>982.8</ele>
    <time>2024-12-15T10:07:10Z</time>
   </trkpt>
   <trkpt lat="46.1784310" lon="6.7032970">
    <ele>982.7</ele>
    <time>2024-12-15T10:07:11Z</time>
   </trkpt>
   <trkpt lat="46.1784110" lon="6.7033370">
    <ele>982.1</ele>
    <time>2024-12-15T10:07:12Z</time>
   </trkpt>
   <trkpt lat="46.1784000" lon="6.7033750">
    <ele>982.7</ele>
    <time>2024-12-15T10:07:13Z</time>
   </trkpt>
   <trkpt lat="46.1783830" lon="6.7034170">
    <ele>982.2</ele>
    <time>2024-12-15T10:07:14Z</time>
   </trkpt>
   <trkpt lat="46.1783730" lon="6.7034660">
    <ele>981.7</ele>
    <time>2024-12-15T10:07:15Z</time>
   </trkpt>
   <trkpt lat="46.1783570" lon="6.7035080">
    <ele>981.3</ele>
    <time>2024-12-15T10:07:16Z</time>
   </trkpt>
   <trkpt lat="46.1783430" lon="6.7035480">
    <ele>982.0</ele>
    <time>2024-12-15T10:07:17Z</time>
   </trkpt>
   <trkpt lat="46.1783390" lon="6.7035880">
    <ele>981.6</ele>
    <time>2024-12-15T10:07:18Z</time>
   </trkpt>
   <trkpt lat="46.1783210" lon="6.7036210">
    <ele>981.3</ele>
    <time>2024-12-15T10:07:19Z</time>
   </trkpt>
   <trkpt lat="46.1783100" lon="6.7036660">
    <ele>981.6</ele>
    <time>2024-12-15T10:07:20Z</time>
   </trkpt>
   <trkpt lat="46.1783020" lon="6.7037180">
    <ele>981.3</ele>
    <time>2024-12-15T10:07:21Z</time>
   </trkpt>
   <trkpt lat="46.1783000" lon="6.7037370">
    <ele>981.0</ele>
    <time>2024-12-15T10:07:22Z</time>
   </trkpt>
   <trkpt lat="46.1782830" lon="6.7037920">
    <ele>981.2</ele>
    <time>2024-12-15T10:07:23Z</time>
   </trkpt>
   <trkpt lat="46.1782760" lon="6.7038130">
    <ele>980.8</ele>
    <time>2024-12-15T10:07:24Z</time>
   </trkpt>
   <trkpt lat="46.1782770" lon="6.7038610">
    <ele>980.4</ele>
    <time>2024-12-15T10:07:25Z</time>
   </trkpt>
   <trkpt lat="46.1782590" lon="6.7038970">
    <ele>980.0</ele>
    <time>2024-12-15T10:07:26Z</time>
   </trkpt>
   <trkpt lat="46.1782500" lon="6.7039370">
    <ele>980.0</ele>
    <time>2024-12-15T10:07:27Z</time>
   </trkpt>
   <trkpt lat="46.1782380" lon="6.7039760">
    <ele>980.0</ele>
    <time>2024-12-15T10:07:28Z</time>
   </trkpt>
   <trkpt lat="46.1782350" lon="6.7039930">
    <ele>979.7</ele>
    <time>2024-12-15T10:07:29Z</time>
   </trkpt>
   <trkpt lat="46.1782250" lon="6.7040320">
    <ele>979.8</ele>
    <time>2024-12-15T10:07:30Z</time>
   </trkpt>
   <trkpt lat="46.1782120" lon="6.7040720">
    <ele>979.6</ele>
    <time>2024-12-15T10:07:31Z</time>
   </trkpt>
   <trkpt lat="46.1782020" lon="6.7041290">
    <ele>979.4</ele>
    <time>2024-12-15T10:07:32Z</time>
   </trkpt>
   <trkpt lat="46.1782000" lon="6.7041520">
    <ele>979.3</ele>
    <time>2024-12-15T10:07:33Z</time>
   </trkpt>
   <trkpt lat="46.1781860" lon="6.7041910">
    <ele>979.7</ele>
    <time>2024-12-15T10:07:34Z</time>
   </trkpt>
   <trkpt lat="46.1781760" lon="6.7042300">
    <ele>979.6</ele>
    <time>2024-12-15T10:07:35Z</time>
   </trkpt>
   <trkpt lat="46.1781690" lon="6.7042720">
    <ele>979.5</ele>
    <time>2024-12-15T10:07:36Z</time>
   </trkpt>
   <trkpt lat="46.1781520" lon="6.7043230">
    <ele>979.6</ele>
    <time>2024-12-15T10:07:37Z</time>
   </trkpt>
   <trkpt lat="46.1781470" lon="6.7043430">
    <ele>979.6</ele>
    <time>2024-12-15T10:07:38Z</time>
   </trkpt>
   <trkpt lat="46.1781390" lon="6.7043840">
    <ele>979.6</ele>
    <time>2024-12-15T10:07:39Z</time>
   </trkpt>
   <trkpt lat="46.1781160" lon="6.7044180">
    <ele>979.8</ele>
    <time>2024-12-15T10:07:40Z</time>
   </trkpt>
   <trkpt lat="46.1781050" lon="6.7044660">
    <ele>980.0</ele>
    <time>2024-12-15T10:07:41Z</time>
   </trkpt>
   <trkpt lat="46.1780840" lon="6.7045010">
    <ele>980.0</ele>
    <time>2024-12-15T10:07:42Z</time>
   </trkpt>
   <trkpt lat="46.1780650" lon="6.7045510">
    <ele>980.3</ele>
    <time>2024-12-15T10:07:43Z</time>
   </trkpt>
   <trkpt lat="46.1780590" lon="6.7045690">
    <ele>980.3</ele>
    <time>2024-12-15T10:07:44Z</time>
   </trkpt>
   <trkpt lat="46.1780290" lon="6.7046060">
    <ele>980.6</ele>
    <time>2024-12-15T10:07:45Z</time>
   </trkpt>
   <trkpt lat="46.1780190" lon="6.7046210">
    <ele>980.6</ele>
    <time>2024-12-15T10:07:46Z</time>
   </trkpt>
   <trkpt lat="46.1780030" lon="6.7046540">
    <ele>980.8</ele>
    <time>2024-12-15T10:07:47Z</time>
   </trkpt>
   <trkpt lat="46.1779860" lon="6.7047040">
    <ele>981.0</ele>
    <time>2024-12-15T10:07:48Z</time>
   </trkpt>
   <trkpt lat="46.1779760" lon="6.7047160">
    <ele>981.0</ele>
    <time>2024-12-15T10:07:49Z</time>
   </trkpt>
   <trkpt lat="46.1779590" lon="6.7047460">
    <ele>981.0</ele>
    <time>2024-12-15T10:07:50Z</time>
   </trkpt>
   <trkpt lat="46.1779290" lon="6.7047850">
    <ele>981.2</ele>
    <time>2024-12-15T10:07:51Z</time>
   </trkpt>
   <trkpt lat="46.1779010" lon="6.7048160">
    <ele>981.3</ele>
    <time>2024-12-15T10:07:52Z</time>
   </trkpt>
   <trkpt lat="46.1778920" lon="6.7048300">
    <ele>981.5</ele>
    <time>2024-12-15T10:07:53Z</time>
   </trkpt>
   <trkpt lat="46.1778620" lon="6.7048580">
    <ele>981.7</ele>
    <time>2024-12-15T10:07:54Z</time>
   </trkpt>
   <trkpt lat="46.1778390" lon="6.7048960">
    <ele>981.9</ele>
    <time>2024-12-15T10:07:55Z</time>
   </trkpt>
   <trkpt lat="46.1778290" lon="6.7049150">
    <ele>981.9</ele>
    <time>2024-12-15T10:07:56Z</time>
   </trkpt>
   <trkpt lat="46.1777940" lon="6.7049360">
    <ele>982.2</ele>
    <time>2024-12-15T10:07:57Z</time>
   </trkpt>
   <trkpt lat="46.1777810" lon="6.7049400">
    <ele>982.2</ele>
    <time>2024-12-15T10:07:58Z</time>
   </trkpt>
   <trkpt lat="46.1777420" lon="6.7049550">
    <ele>982.6</ele>
    <time>2024-12-15T10:07:59Z</time>
   </trkpt>
   <trkpt lat="46.1777130" lon="6.7049780">
    <ele>982.9</ele>
    <time>2024-12-15T10:08:00Z</time>
   </trkpt>
   <trkpt lat="46.1776830" lon="6.7049970">
    <ele>983.1</ele>
    <time>2024-12-15T10:08:01Z</time>
   </trkpt>
   <trkpt lat="46.1776540" lon="6.7050090">
    <ele>983.4</ele>
    <time>2024-12-15T10:08:02Z</time>
   </trkpt>
   <trkpt lat="46.1776280" lon="6.7050300">
    <ele>983.7</ele>
    <time>2024-12-15T10:08:03Z</time>
   </trkpt>
   <trkpt lat="46.1776010" lon="6.7050590">
    <ele>984.0</ele>
    <time>2024-12-15T10:08:04Z</time>
   </trkpt>
   <trkpt lat="46.1775710" lon="6.7050890">
    <ele>984.4</ele>
    <time>2024-12-15T10:08:05Z</time>
   </trkpt>
   <trkpt lat="46.1775390" lon="6.7050960">
    <ele>984.7</ele>
    <time>2024-12-15T10:08:06Z</time>
   </trkpt>
   <trkpt lat="46.1775170" lon="6.7051200">
    <ele>984.8</ele>
    <time>2024-12-15T10:08:07Z</time>
   </trkpt>
   <trkpt lat="46.1774830" lon="6.7051450">
    <ele>985.1</ele>
    <time>2024-12-15T10:08:08Z</time>
   </trkpt>
   <trkpt lat="46.1774600" lon="6.7051720">
    <ele>985.6</ele>
    <time>2024-12-15T10:08:09Z</time>
   </trkpt>
   <trkpt lat="46.1774370" lon="6.7051990">
    <ele>985.9</ele>
    <time>2024-12-15T10:08:10Z</time>
   </trkpt>
   <trkpt lat="46.1774020" lon="6.7052190">
    <ele>986.3</ele>
    <time>2024-12-15T10:08:11Z</time>
   </trkpt>
   <trkpt lat="46.1773810" lon="6.7052540">
    <ele>986.6</ele>
    <time>2024-12-15T10:08:12Z</time>
   </trkpt>
   <trkpt lat="46.1773430" lon="6.7052780">
    <ele>986.7</ele>
    <time>2024-12-15T10:08:13Z</time>
   </trkpt>
   <trkpt lat="46.1773250" lon="6.7052880">
    <ele>987.1</ele>
    <time>2024-12-15T10:08:14Z</time>
   </trkpt>
   <trkpt lat="46.1773000" lon="6.7053170">
    <ele>987.3</ele>
    <time>2024-12-15T10:08:15Z</time>
   </trkpt>
   <trkpt lat="46.1772680" lon="6.7053480">
    <ele>987.7</ele>
    <time>2024-12-15T10:08:16Z</time>
   </trkpt>
   <trkpt lat="46.1772590" lon="6.7053650">
    <ele>987.5</ele>
    <time>2024-12-15T10:08:17Z</time>
   </trkpt>
   <trkpt lat="46.1772350" lon="6.7053840">
    <ele>987.9</ele>
    <time>2024-12-15T10:08:18Z</time>
   </trkpt>
   <trkpt lat="46.1772030" lon="6.7054010">
    <ele>988.1</ele>
    <time>2024-12-15T10:08:19Z</time>
   </trkpt>
   <trkpt lat="46.1771770" lon="6.7054270">
    <ele>988.5</ele>
    <time>2024-12-15T10:08:20Z</time>
   </trkpt>
   <trkpt lat="46.1771650" lon="6.7054370">
    <ele>988.3</ele>
    <time>2024-12-15T10:08:21Z</time>
   </trkpt>
   <trkpt lat="46.1771380" lon="6.7054640">
    <ele>988.7</ele>
    <time>2024-12-15T10:08:22Z</time>
   </trkpt>
   <trkpt lat="46.1771290" lon="6.7054730">
    <ele>988.8</ele>
    <time>2024-12-15T10:08:23Z</time>
   </trkpt>
   <trkpt lat="46.1771000" lon="6.7055000">
    <ele>988.9</ele>
    <time>2024-12-15T10:08:24Z</time>
   </trkpt>
   <trkpt lat="46.1770700" lon="6.7055280">
    <ele>989.1</ele>
    <time>2024-12-15T10:08:25Z</time>
   </trkpt>
   <trkpt lat="46.1770600" lon="6.7055350">
    <ele>989.5</ele>
    <time>2024-12-15T10:08:26Z</time>
   </trkpt>
   <trkpt lat="46.1770280" lon="6.7055490">
    <ele>990.0</ele>
    <time>2024-12-15T10:08:27Z</time>
   </trkpt>
   <trkpt lat="46.1770180" lon="6.7055580">
    <ele>990.0</ele>
    <time>2024-12-15T10:08:28Z</time>
   </trkpt>
   <trkpt lat="46.1769850" lon="6.7055850">
    <ele>990.3</ele>
    <time>2024-12-15T10:08:29Z</time>
   </trkpt>
   <trkpt lat="46.1769720" lon="6.7055900">
    <ele>990.8</ele>
    <time>2024-12-15T10:08:30Z</time>
   </trkpt>
   <trkpt lat="46.1769410" lon="6.7056110">
    <ele>991.1</ele>
    <time>2024-12-15T10:08:31Z</time>
   </trkpt>
   <trkpt lat="46.1769330" lon="6.7056200">
    <ele>991.1</ele>
    <time>2024-12-15T10:08:32Z</time>
   </trkpt>
   <trkpt lat="46.1769290" lon="6.7056240">
    <ele>991.1</ele>
    <time>2024-12-15T10:08:33Z</time>
   </trkpt>
   <trkpt lat="46.1762310" lon="6.7061910">
    <ele>1000.2</ele>
    <time>2024-12-15T10:09:26Z</time>
   </trkpt>
   <trkpt lat="46.1761980" lon="6.7062160">
    <ele>1000.5</ele>
    <time>2024-12-15T10:09:27Z</time>
   </trkpt>
   <trkpt lat="46.1761850" lon="6.7062250">
    <ele>1000.5</ele>
    <time>2024-12-15T10:09:28Z</time>
   </trkpt>
   <trkpt lat="46.1761560" lon="6.7062380">
    <ele>1001.2</ele>
    <time>2024-12-15T10:09:29Z</time>
   </trkpt>
   <trkpt lat="46.1761460" lon="6.7062420">
    <ele>1001.3</ele>
    <time>2024-12-15T10:09:30Z</time>
   </trkpt>
   <trkpt lat="46.1761150" lon="6.7062500">
    <ele>1002.7</ele>
    <time>2024-12-15T10:09:31Z</time>
   </trkpt>
   <trkpt lat="46.1761050" lon="6.7062520">
    <ele>1002.7</ele>
    <time>2024-12-15T10:09:32Z</time>
   </trkpt>
   <trkpt lat="46.1760940" lon="6.7062570">
    <ele>1002.5</ele>
    <time>2024-12-15T10:09:33Z</time>
   </trkpt>
   <trkpt lat="46.1760780" lon="6.7062680">
    <ele>1003.2</ele>
    <time>2024-12-15T10:09:34Z</time>
   </trkpt>
   <trkpt lat="46.1760640" lon="6.7062680">
    <ele>1003.2</ele>
    <time>2024-12-15T10:09:35Z</time>
   </trkpt>
   <trkpt lat="46.1760460" lon="6.7062800">
    <ele>1003.9</ele>
    <time>2024-12-15T10:09:36Z</time>
   </trkpt>
   <trkpt lat="46.1760310" lon="6.7063170">
    <ele>1003.6</ele>
    <time>2024-12-15T10:09:37Z</time>
   </trkpt>
   <trkpt lat="46.1760270" lon="6.7063340">
    <ele>1003.7</ele>
    <time>2024-12-15T10:09:38Z</time>
   </trkpt>
   <trkpt lat="46.1760170" lon="6.7063840">
    <ele>1003.8</ele>
    <time>2024-12-15T10:09:39Z</time>
   </trkpt>
   <trkpt lat="46.1760120" lon="6.7063980">
    <ele>1003.9</ele>
    <time>2024-12-15T10:09:40Z</time>
   </trkpt>
   <trkpt lat="46.1760040" lon="6.7064420">
    <ele>1003.7</ele>
    <time>2024-12-15T10:09:41Z</time>
   </trkpt>
   <trkpt lat="46.1760020" lon="6.7064580">
    <ele>1003.7</ele>
    <time>2024-12-15T10:09:42Z</time>
   </trkpt>
   <trkpt lat="46.1759940" lon="6.7065160">
    <ele>1004.0</ele>
    <time>2024-12-15T10:09:43Z</time>
   </trkpt>
   <trkpt lat="46.1759890" lon="6.7065360">
    <ele>1004.0</ele>
    <time>2024-12-15T10:09:44Z</time>
   </trkpt>
   <trkpt lat="46.1759870" lon="6.7065780">
    <ele>1003.9</ele>
    <time>2024-12-15T10:09:45Z</time>
   </trkpt>
   <trkpt lat="46.1759860" lon="6.7066260">
    <ele>1003.8</ele>
    <time>2024-12-15T10:09:46Z</time>
   </trkpt>
   <trkpt lat="46.1759830" lon="6.7066390">
    <ele>1003.8</ele>
    <time>2024-12-15T10:09:47Z</time>
   </trkpt>
   <trkpt lat="46.1759850" lon="6.7066800">
    <ele>1003.8</ele>
    <time>2024-12-15T10:09:48Z</time>
   </trkpt>
   <trkpt lat="46.1759970" lon="6.7066890">
    <ele>1003.6</ele>
    <time>2024-12-15T10:09:49Z</time>
   </trkpt>
   <trkpt lat="46.1760350" lon="6.7067160">
    <ele>1002.7</ele>
    <time>2024-12-15T10:09:50Z</time>
   </trkpt>
   <trkpt lat="46.1760490" lon="6.7067290">
    <ele>1002.4</ele>
    <time>2024-12-15T10:09:51Z</time>
   </trkpt>
   <trkpt lat="46.1760760" lon="6.7067470">
    <ele>1001.8</ele>
    <time>2024-12-15T10:09:52Z</time>
   </trkpt>
   <trkpt lat="46.1761040" lon="6.7067680">
    <ele>1001.1</ele>
    <time>2024-12-15T10:09:53Z</time>
   </trkpt>
   <trkpt lat="46.1761140" lon="6.7067750">
    <ele>1000.9</ele>
    <time>2024-12-15T10:09:54Z</time>
   </trkpt>
   <trkpt lat="46.1761240" lon="6.7068160">
    <ele>1000.3</ele>
    <time>2024-12-15T10:09:55Z</time>
   </trkpt>
   <trkpt lat="46.1761330" lon="6.7068250">
    <ele>1000.1</ele>
    <time>2024-12-15T10:09:56Z</time>
   </trkpt>
   <trkpt lat="46.1761710" lon="6.7068460">
    <ele>999.3</ele>
    <time>2024-12-15T10:09:57Z</time>
   </trkpt>
   <trkpt lat="46.1761910" lon="6.7068750">
    <ele>998.7</ele>
    <time>2024-12-15T10:09:58Z</time>
   </trkpt>
   <trkpt lat="46.1762040" lon="6.7069150">
    <ele>998.2</ele>
    <time>2024-12-15T10:09:59Z</time>
   </trkpt>
   <trkpt lat="46.1762220" lon="6.7069550">
    <ele>997.5</ele>
    <time>2024-12-15T10:10:00Z</time>
   </trkpt>
   <trkpt lat="46.1762350" lon="6.7069910">
    <ele>997.0</ele>
    <time>2024-12-15T10:10:01Z</time>
   </trkpt>
   <trkpt lat="46.1762620" lon="6.7070270">
    <ele>996.3</ele>
    <time>2024-12-15T10:10:02Z</time>
   </trkpt>
   <trkpt lat="46.1762670" lon="6.7070420">
    <ele>996.1</ele>
    <time>2024-12-15T10:10:03Z</time>
   </trkpt>
   <trkpt lat="46.1762870" lon="6.7070900">
    <ele>996.1</ele>
    <time>2024-12-15T10:10:04Z</time>
   </trkpt>
   <trkpt lat="46.1762920" lon="6.7071060">
    <ele>996.2</ele>
    <time>2024-12-15T10:10:05Z</time>
   </trkpt>
   <trkpt lat="46.1763140" lon="6.7071450">
    <ele>996.4</ele>
    <time>2024-12-15T10:10:06Z</time>
   </trkpt>
   <trkpt lat="46.1763230" lon="6.7071570">
    <ele>996.5</ele>
    <time>2024-12-15T10:10:07Z</time>
   </trkpt>
   <trkpt lat="46.1763520" lon="6.7071930">
    <ele>996.8</ele>
    <time>2024-12-15T10:10:08Z</time>
   </trkpt>
   <trkpt lat="46.1763610" lon="6.7072090">
    <ele>996.9</ele>
    <time>2024-12-15T10:10:09Z</time>
   </trkpt>
   <trkpt lat="46.1763850" lon="6.7072430">
    <ele>997.2</ele>
    <time>2024-12-15T10:10:10Z</time>
   </trkpt>
   <trkpt lat="46.1763930" lon="6.7072550">
    <ele>997.3</ele>
    <time>2024-12-15T10:10:11Z</time>
   </trkpt>
   <trkpt lat="46.1764170" lon="6.7072990">
    <ele>997.6</ele>
    <time>2024-12-15T10:10:12Z</time>
   </trkpt>
   <trkpt lat="46.1764260" lon="6.7073110">
    <ele>997.7</ele>
    <time>2024-12-15T10:10:13Z</time>
   </trkpt>
   <trkpt lat="46.1764450" lon="6.7073590">
    <ele>998.0</ele>
    <time>2024-12-15T10:10:14Z</time>
   </trkpt>
   <trkpt lat="46.1764550" lon="6.7073730">
    <ele>998.0</ele>
    <time>2024-12-15T10:10:15Z</time>
   </trkpt>
   <trkpt lat="46.1764770" lon="6.7074030">
    <ele>997.7</ele>
    <time>2024-12-15T10:10:16Z</time>
   </trkpt>
   <trkpt lat="46.1765050" lon="6.7074330">
    <ele>997.4</ele>
    <time>2024-12-15T10:10:17Z</time>
   </trkpt>
   <trkpt lat="46.1765350" lon="6.7074320">
    <ele>997.1</ele>
    <time>2024-12-15T10:10:18Z</time>
   </trkpt>
   <trkpt lat="46.1765540" lon="6.7074640">
    <ele>996.8</ele>
    <time>2024-12-15T10:10:19Z</time>
   </trkpt>
   <trkpt lat="46.1765860" lon="6.7075010">
    <ele>996.4</ele>
    <time>2024-12-15T10:10:20Z</time>
   </trkpt>
   <trkpt lat="46.1765930" lon="6.7075210">
    <ele>996.2</ele>
    <time>2024-12-15T10:10:21Z</time>
   </trkpt>
   <trkpt lat="46.1766000" lon="6.7075620">
    <ele>995.9</ele>
    <time>2024-12-15T10:10:22Z</time>
   </trkpt>
   <trkpt lat="46.1766130" lon="6.7076030">
    <ele>995.5</ele>
    <time>2024-12-15T10:10:23Z</time>
   </trkpt>
   <trkpt lat="46.1766390" lon="6.7076170">
    <ele>995.3</ele>
    <time>2024-12-15T10:10:24Z</time>
   </trkpt>
   <trkpt lat="46.1766640" lon="6.7076540">
    <ele>994.9</ele>
    <time>2024-12-15T10:10:25Z</time>
   </trkpt>
   <trkpt lat="46.1766930" lon="6.7076870">
    <ele>994.6</ele>
    <time>2024-12-15T10:10:26Z</time>
   </trkpt>
   <trkpt lat="46.1767250" lon="6.7077220">
    <ele>994.3</ele>
    <time>2024-12-15T10:10:27Z</time>
   </trkpt>
   <trkpt lat="46.1767390" lon="6.7077350">
    <ele>994.3</ele>
    <time>2024-12-15T10:10:28Z</time>
   </trkpt>
   <trkpt lat="46.1767890" lon="6.7077480">
    <ele>994.3</ele>
    <time>2024-12-15T10:10:29Z</time>
   </trkpt>
   <trkpt lat="46.1768260" lon="6.7077270">
    <ele>994.3</ele>
    <time>2024-12-15T10:10:30Z</time>
   </trkpt>
   <trkpt lat="46.1768550" lon="6.7077300">
    <ele>994.3</ele>
    <time>2024-12-15T10:10:31Z</time>
   </trkpt>
   <trkpt lat="46.1768870" lon="6.7077200">
    <ele>994.3</ele>
    <time>2024-12-15T10:10:32Z</time>
   </trkpt>
   <trkpt lat="46.1769260" lon="6.7077260">
    <ele>994.3</ele>
    <time>2024-12-15T10:10:33Z</time>
   </trkpt>
   <trkpt lat="46.1769670" lon="6.7077340">
    <ele>994.3</ele>
    <time>2024-12-15T10:10:34Z</time>
   </trkpt>
   <trkpt lat="46.1769980" lon="6.7077330">
    <ele>994.3</ele>
    <time>2024-12-15T10:10:35Z</time>
   </trkpt>
   <trkpt lat="46.1770510" lon="6.7077400">
    <ele>994.1</ele>
    <time>2024-12-15T10:10:36Z</time>
   </trkpt>
   <trkpt lat="46.1770900" lon="6.7077510">
    <ele>993.8</ele>
    <time>2024-12-15T10:10:37Z</time>
   </trkpt>
   <trkpt lat="46.1771310" lon="6.7077580">
    <ele>993.5</ele>
    <time>2024-12-15T10:10:38Z</time>
   </trkpt>
   <trkpt lat="46.1771690" lon="6.7077770">
    <ele>993.2</ele>
    <time>2024-12-15T10:10:39Z</time>
   </trkpt>
   <trkpt lat="46.1771960" lon="6.7077840">
    <ele>993.0</ele>
    <time>2024-12-15T10:10:40Z</time>
   </trkpt>
   <trkpt lat="46.1772300" lon="6.7077850">
    <ele>992.8</ele>
    <time>2024-12-15T10:10:41Z</time>
   </trkpt>
   <trkpt lat="46.1772710" lon="6.7078000">
    <ele>992.5</ele>
    <time>2024-12-15T10:10:42Z</time>
   </trkpt>
   <trkpt lat="46.1773090" lon="6.7078230">
    <ele>992.2</ele>
    <time>2024-12-15T10:10:43Z</time>
   </trkpt>
   <trkpt lat="46.1773240" lon="6.7078300">
    <ele>992.0</ele>
    <time>2024-12-15T10:10:44Z</time>
   </trkpt>
   <trkpt lat="46.1773680" lon="6.7078060">
    <ele>991.7</ele>
    <time>2024-12-15T10:10:45Z</time>
   </trkpt>
   <trkpt lat="46.1774120" lon="6.7078070">
    <ele>991.4</ele>
    <time>2024-12-15T10:10:46Z</time>
   </trkpt>
   <trkpt lat="46.1774300" lon="6.7078150">
    <ele>991.3</ele>
    <time>2024-12-15T10:10:47Z</time>
   </trkpt>
   <trkpt lat="46.1775070" lon="6.7078670">
    <ele>990.9</ele>
    <time>2024-12-15T10:10:48Z</time>
   </trkpt>
   <trkpt lat="46.1775510" lon="6.7078880">
    <ele>990.7</ele>
    <time>2024-12-15T10:10:49Z</time>
   </trkpt>
   <trkpt lat="46.1775890" lon="6.7079120">
    <ele>990.5</ele>
    <time>2024-12-15T10:10:50Z</time>
   </trkpt>
   <trkpt lat="46.1776050" lon="6.7079210">
    <ele>990.5</ele>
    <time>2024-12-15T10:10:51Z</time>
   </trkpt>
   <trkpt lat="46.1776320" lon="6.7079430">
    <ele>990.4</ele>
    <time>2024-12-15T10:10:52Z</time>
   </trkpt>
   <trkpt lat="46.1776770" lon="6.7079280">
    <ele>990.2</ele>
    <time>2024-12-15T10:10:53Z</time>
   </trkpt>
   <trkpt lat="46.1777050" lon="6.7079170">
    <ele>990.1</ele>
    <time>2024-12-15T10:10:54Z</time>
   </trkpt>
   <trkpt lat="46.1777370" lon="6.7079450">
    <ele>989.9</ele>
    <time>2024-12-15T10:10:55Z</time>
   </trkpt>
   <trkpt lat="46.1777590" lon="6.7079950">
    <ele>989.8</ele>
    <time>2024-12-15T10:10:56Z</time>
   </trkpt>
   <trkpt lat="46.1777630" lon="6.7080550">
    <ele>990.0</ele>
    <time>2024-12-15T10:10:57Z</time>
   </trkpt>
   <trkpt lat="46.1777680" lon="6.7081040">
    <ele>990.2</ele>
    <time>2024-12-15T10:10:59Z</time>
   </trkpt>
   <trkpt lat="46.1777680" lon="6.7081180">
    <ele>990.2</ele>
    <time>2024-12-15T10:11:00Z</time>
   </trkpt>
   <trkpt lat="46.1777560" lon="6.7081600">
    <ele>990.3</ele>
    <time>2024-12-15T10:11:01Z</time>
   </trkpt>
   <trkpt lat="46.1777620" lon="6.7082010">
    <ele>990.4</ele>
    <time>2024-12-15T10:11:02Z</time>
   </trkpt>
   <trkpt lat="46.1777680" lon="6.7082480">
    <ele>990.3</ele>
    <time>2024-12-15T10:11:03Z</time>
   </trkpt>
   <trkpt lat="46.1778110" lon="6.7082400">
    <ele>990.0</ele>
    <time>2024-12-15T10:11:04Z</time>
   </trkpt>
   <trkpt lat="46.1778430" lon="6.7082410">
    <ele>989.8</ele>
    <time>2024-12-15T10:11:05Z</time>
   </trkpt>
   <trkpt lat="46.1778540" lon="6.7082480">
    <ele>989.7</ele>
    <time>2024-12-15T10:11:06Z</time>
   </trkpt>
   <trkpt lat="46.1778640" lon="6.7082560">
    <ele>989.5</ele>
    <time>2024-12-15T10:11:07Z</time>
   </trkpt>
   <trkpt lat="46.1778820" lon="6.7082610">
    <ele>989.3</ele>
    <time>2024-12-15T10:11:08Z</time>
   </trkpt>
   <trkpt lat="46.1779220" lon="6.7082660">
    <ele>988.8</ele>
    <time>2024-12-15T10:11:09Z</time>
   </trkpt>
   <trkpt lat="46.1779360" lon="6.7082700">
    <ele>988.7</ele>
    <time>2024-12-15T10:11:10Z</time>
   </trkpt>
   <trkpt lat="46.1779650" lon="6.7082630">
    <ele>988.4</ele>
    <time>2024-12-15T10:11:11Z</time>
   </trkpt>
   <trkpt lat="46.1779980" lon="6.7082590">
    <ele>988.2</ele>
    <time>2024-12-15T10:11:12Z</time>
   </trkpt>
   <trkpt lat="46.1780300" lon="6.7082590">
    <ele>987.9</ele>
    <time>2024-12-15T10:11:13Z</time>
   </trkpt>
   <trkpt lat="46.1780630" lon="6.7082280">
    <ele>987.7</ele>
    <time>2024-12-15T10:11:14Z</time>
   </trkpt>
   <trkpt lat="46.1780930" lon="6.7082050">
    <ele>987.5</ele>
    <time>2024-12-15T10:11:15Z</time>
   </trkpt>
   <trkpt lat="46.1781220" lon="6.7081930">
    <ele>987.3</ele>
    <time>2024-12-15T10:11:16Z</time>
   </trkpt>
   <trkpt lat="46.1781620" lon="6.7081760">
    <ele>987.1</ele>
    <time>2024-12-15T10:11:17Z</time>
   </trkpt>
   <trkpt lat="46.1782010" lon="6.7081550">
    <ele>986.8</ele>
    <time>2024-12-15T10:11:18Z</time>
   </trkpt>
   <trkpt lat="46.1782200" lon="6.7081400">
    <ele>986.6</ele>
    <time>2024-12-15T10:11:19Z</time>
   </trkpt>
   <trkpt lat="46.1782510" lon="6.7081290">
    <ele>986.4</ele>
    <time>2024-12-15T10:11:20Z</time>
   </trkpt>
   <trkpt lat="46.1782800" lon="6.7081350">
    <ele>986.1</ele>
    <time>2024-12-15T10:11:21Z</time>
   </trkpt>
   <trkpt lat="46.1783120" lon="6.7081290">
    <ele>985.6</ele>
    <time>2024-12-15T10:11:22Z</time>
   </trkpt>
   <trkpt lat="46.1783410" lon="6.7081170">
    <ele>985.1</ele>
    <time>2024-12-15T10:11:23Z</time>
   </trkpt>
   <trkpt lat="46.1783760" lon="6.7081110">
    <ele>984.5</ele>
    <time>2024-12-15T10:11:24Z</time>
   </trkpt>
   <trkpt lat="46.1783920" lon="6.7081140">
    <ele>984.2</ele>
    <time>2024-12-15T10:11:25Z</time>
   </trkpt>
   <trkpt lat="46.1784300" lon="6.7080990">
    <ele>983.6</ele>
    <time>2024-12-15T10:11:26Z</time>
   </trkpt>
   <trkpt lat="46.1784440" lon="6.7080870">
    <ele>983.3</ele>
    <time>2024-12-15T10:11:27Z</time>
   </trkpt>
   <trkpt lat="46.1784750" lon="6.7080840">
    <ele>982.8</ele>
    <time>2024-12-15T10:11:28Z</time>
   </trkpt>
   <trkpt lat="46.1784880" lon="6.7080810">
    <ele>982.5</ele>
    <time>2024-12-15T10:11:29Z</time>
   </trkpt>
   <trkpt lat="46.1785230" lon="6.7080790">
    <ele>981.9</ele>
    <time>2024-12-15T10:11:30Z</time>
   </trkpt>
   <trkpt lat="46.1785560" lon="6.7080750">
    <ele>981.2</ele>
    <time>2024-12-15T10:11:31Z</time>
   </trkpt>
   <trkpt lat="46.1785650" lon="6.7080740">
    <ele>981.0</ele>
    <time>2024-12-15T10:11:32Z</time>
   </trkpt>
   <trkpt lat="46.1785960" lon="6.7080780">
    <ele>980.4</ele>
    <time>2024-12-15T10:11:33Z</time>
   </trkpt>
   <trkpt lat="46.1786090" lon="6.7080750">
    <ele>980.1</ele>
    <time>2024-12-15T10:11:34Z</time>
   </trkpt>
   <trkpt lat="46.1786440" lon="6.7080710">
    <ele>979.4</ele>
    <time>2024-12-15T10:11:35Z</time>
   </trkpt>
   <trkpt lat="46.1786560" lon="6.7080680">
    <ele>979.1</ele>
    <time>2024-12-15T10:11:36Z</time>
   </trkpt>
   <trkpt lat="46.1786960" lon="6.7080550">
    <ele>978.3</ele>
    <time>2024-12-15T10:11:37Z</time>
   </trkpt>
   <trkpt lat="46.1787110" lon="6.7080470">
    <ele>978.0</ele>
    <time>2024-12-15T10:11:38Z</time>
   </trkpt>
   <trkpt lat="46.1787450" lon="6.7080440">
    <ele>977.3</ele>
    <time>2024-12-15T10:11:39Z</time>
   </trkpt>
   <trkpt lat="46.1787770" lon="6.7080330">
    <ele>976.7</ele>
    <time>2024-12-15T10:11:40Z</time>
   </trkpt>
   <trkpt lat="46.1787870" lon="6.7080250">
    <ele>976.5</ele>
    <time>2024-12-15T10:11:41Z</time>
   </trkpt>
   <trkpt lat="46.1788210" lon="6.7079920">
    <ele>975.6</ele>
    <time>2024-12-15T10:11:42Z</time>
   </trkpt>
   <trkpt lat="46.1788360" lon="6.7079780">
    <ele>975.3</ele>
    <time>2024-12-15T10:11:43Z</time>
   </trkpt>
   <trkpt lat="46.1788530" lon="6.7079470">
    <ele>974.7</ele>
    <time>2024-12-15T10:11:44Z</time>
   </trkpt>
   <trkpt lat="46.1788700" lon="6.7079140">
    <ele>974.1</ele>
    <time>2024-12-15T10:11:45Z</time>
   </trkpt>
   <trkpt lat="46.1788840" lon="6.7079150">
    <ele>973.8</ele>
    <time>2024-12-15T10:11:46Z</time>
   </trkpt>
   <trkpt lat="46.1788800" lon="6.7079510">
    <ele>973.3</ele>
    <time>2024-12-15T10:11:47Z</time>
   </trkpt>
   <trkpt lat="46.1788760" lon="6.7080190">
    <ele>972.5</ele>
    <time>2024-12-15T10:11:48Z</time>
   </trkpt>
   <trkpt lat="46.1788710" lon="6.7080490">
    <ele>972.3</ele>
    <time>2024-12-15T10:11:49Z</time>
   </trkpt>
   <trkpt lat="46.1788400" lon="6.7080980">
    <ele>971.8</ele>
    <time>2024-12-15T10:11:50Z</time>
   </trkpt>
   <trkpt lat="46.1788270" lon="6.7081400">
    <ele>971.5</ele>
    <time>2024-12-15T10:11:51Z</time>
   </trkpt>
   <trkpt lat="46.1788030" lon="6.7081660">
    <ele>971.2</ele>
    <time>2024-12-15T10:11:52Z</time>
   </trkpt>
   <trkpt lat="46.1787740" lon="6.7081830">
    <ele>971.1</ele>
    <time>2024-12-15T10:11:53Z</time>
   </trkpt>
   <trkpt lat="46.1787470" lon="6.7081980">
    <ele>971.0</ele>
    <time>2024-12-15T10:11:54Z</time>
   </trkpt>
   <trkpt lat="46.1787200" lon="6.7082130">
    <ele>970.9</ele>
    <time>2024-12-15T10:11:55Z</time>
   </trkpt>
   <trkpt lat="46.1786940" lon="6.7082290">
    <ele>970.9</ele>
    <time>2024-12-15T10:11:56Z</time>
   </trkpt>
   <trkpt lat="46.1786560" lon="6.7082410">
    <ele>970.8</ele>
    <time>2024-12-15T10:11:57Z</time>
   </trkpt>
   <trkpt lat="46.1786240" lon="6.7082680">
    <ele>970.7</ele>
    <time>2024-12-15T10:11:58Z</time>
   </trkpt>
   <trkpt lat="46.1785940" lon="6.7082710">
    <ele>970.6</ele>
    <time>2024-12-15T10:11:59Z</time>
   </trkpt>
   <trkpt lat="46.1785760" lon="6.7083390">
    <ele>970.5</ele>
    <time>2024-12-15T10:12:00Z</time>
   </trkpt>
   <trkpt lat="46.1785750" lon="6.7083770">
    <ele>970.5</ele>
    <time>2024-12-15T10:12:01Z</time>
   </trkpt>
   <trkpt lat="46.1785750" lon="6.7084310">
    <ele>970.5</ele>
    <time>2024-12-15T10:12:02Z</time>
   </trkpt>
   <trkpt lat="46.1785950" lon="6.7084990">
    <ele>970.5</ele>
    <time>2024-12-15T10:12:03Z</time>
   </trkpt>
   <trkpt lat="46.1786370" lon="6.7085190">
    <ele>970.5</ele>
    <time>2024-12-15T10:12:04Z</time>
   </trkpt>
   <trkpt lat="46.1786770" lon="6.7085470">
    <ele>970.6</ele>
    <time>2024-12-15T10:12:05Z</time>
   </trkpt>
   <trkpt lat="46.1786980" lon="6.7085800">
    <ele>970.7</ele>
    <time>2024-12-15T10:12:06Z</time>
   </trkpt>
   <trkpt lat="46.1787340" lon="6.7085710">
    <ele>970.8</ele>
    <time>2024-12-15T10:12:07Z</time>
   </trkpt>
   <trkpt lat="46.1787730" lon="6.7085570">
    <ele>970.9</ele>
    <time>2024-12-15T10:12:08Z</time>
   </trkpt>
   <trkpt lat="46.1787990" lon="6.7085240">
    <ele>971.0</ele>
    <time>2024-12-15T10:12:09Z</time>
   </trkpt>
   <trkpt lat="46.1788420" lon="6.7085120">
    <ele>969.5</ele>
    <time>2024-12-15T10:12:10Z</time>
   </trkpt>
   <trkpt lat="46.1788610" lon="6.7085100">
    <ele>969.2</ele>
    <time>2024-12-15T10:12:11Z</time>
   </trkpt>
   <trkpt lat="46.1788890" lon="6.7084630">
    <ele>968.6</ele>
    <time>2024-12-15T10:12:12Z</time>
   </trkpt>
   <trkpt lat="46.1789330" lon="6.7084330">
    <ele>967.8</ele>
    <time>2024-12-15T10:12:13Z</time>
   </trkpt>
   <trkpt lat="46.1789510" lon="6.7083760">
    <ele>967.6</ele>
    <time>2024-12-15T10:12:14Z</time>
   </trkpt>
   <trkpt lat="46.1789330" lon="6.7083170">
    <ele>967.6</ele>
    <time>2024-12-15T10:12:15Z</time>
   </trkpt>
   <trkpt lat="46.1789180" lon="6.7082760">
    <ele>967.7</ele>
    <time>2024-12-15T10:12:16Z</time>
   </trkpt>
   <trkpt lat="46.1788890" lon="6.7082470">
    <ele>967.7</ele>
    <time>2024-12-15T10:12:17Z</time>
   </trkpt>
   <trkpt lat="46.1788730" lon="6.7082080">
    <ele>967.7</ele>
    <time>2024-12-15T10:12:18Z</time>
   </trkpt>
   <trkpt lat="46.1788770" lon="6.7081630">
    <ele>967.7</ele>
    <time>2024-12-15T10:12:19Z</time>
   </trkpt>
   <trkpt lat="46.1788830" lon="6.7080900">
    <ele>967.7</ele>
    <time>2024-12-15T10:12:20Z</time>
   </trkpt>
   <trkpt lat="46.1789130" lon="6.7080440">
    <ele>967.8</ele>
    <time>2024-12-15T10:12:21Z</time>
   </trkpt>
   <trkpt lat="46.1789650" lon="6.7080130">
    <ele>967.8</ele>
    <time>2024-12-15T10:12:22Z</time>
   </trkpt>
   <trkpt lat="46.1789950" lon="6.7079800">
    <ele>967.8</ele>
    <time>2024-12-15T10:12:23Z</time>
   </trkpt>
   <trkpt lat="46.1790180" lon="6.7079530">
    <ele>967.9</ele>
    <time>2024-12-15T10:12:24Z</time>
   </trkpt>
   <trkpt lat="46.1790140" lon="6.7078820">
    <ele>967.9</ele>
    <time>2024-12-15T10:12:25Z</time>
   </trkpt>
   <trkpt lat="46.1789970" lon="6.7078230">
    <ele>967.9</ele>
    <time>2024-12-15T10:12:26Z</time>
   </trkpt>
   <trkpt lat="46.1790010" lon="6.7077810">
    <ele>968.0</ele>
    <time>2024-12-15T10:12:27Z</time>
   </trkpt>
   <trkpt lat="46.1790050" lon="6.7077280">
    <ele>968.0</ele>
    <time>2024-12-15T10:12:28Z</time>
   </trkpt>
   <trkpt lat="46.1790120" lon="6.7076870">
    <ele>968.1</ele>
    <time>2024-12-15T10:12:29Z</time>
   </trkpt>
   <trkpt lat="46.1790210" lon="6.7076310">
    <ele>968.2</ele>
    <time>2024-12-15T10:12:30Z</time>
   </trkpt>
   <trkpt lat="46.1790200" lon="6.7076100">
    <ele>968.3</ele>
    <time>2024-12-15T10:12:31Z</time>
   </trkpt>
   <trkpt lat="46.1790230" lon="6.7075690">
    <ele>968.4</ele>
    <time>2024-12-15T10:12:32Z</time>
   </trkpt>
   <trkpt lat="46.1790570" lon="6.7075310">
    <ele>968.6</ele>
    <time>2024-12-15T10:12:33Z</time>
   </trkpt>
   <trkpt lat="46.1790710" lon="6.7074860">
    <ele>968.7</ele>
    <time>2024-12-15T10:12:34Z</time>
   </trkpt>
   <trkpt lat="46.1790700" lon="6.7074360">
    <ele>968.8</ele>
    <time>2024-12-15T10:12:35Z</time>
   </trkpt>
   <trkpt lat="46.1790750" lon="6.7073930">
    <ele>969.0</ele>
    <time>2024-12-15T10:12:36Z</time>
   </trkpt>
   <trkpt lat="46.1791040" lon="6.7073520">
    <ele>969.1</ele>
    <time>2024-12-15T10:12:37Z</time>
   </trkpt>
   <trkpt lat="46.1791170" lon="6.7073130">
    <ele>969.2</ele>
    <time>2024-12-15T10:12:38Z</time>
   </trkpt>
   <trkpt lat="46.1791340" lon="6.7072580">
    <ele>969.4</ele>
    <time>2024-12-15T10:12:39Z</time>
   </trkpt>
   <trkpt lat="46.1791370" lon="6.7072370">
    <ele>969.4</ele>
    <time>2024-12-15T10:12:40Z</time>
   </trkpt>
   <trkpt lat="46.1791600" lon="6.7071900">
    <ele>969.5</ele>
    <time>2024-12-15T10:12:41Z</time>
   </trkpt>
   <trkpt lat="46.1791770" lon="6.7071810">
    <ele>969.6</ele>
    <time>2024-12-15T10:12:42Z</time>
   </trkpt>
   <trkpt lat="46.1792050" lon="6.7071520">
    <ele>969.7</ele>
    <time>2024-12-15T10:12:43Z</time>
   </trkpt>
   <trkpt lat="46.1792320" lon="6.7071170">
    <ele>969.9</ele>
    <time>2024-12-15T10:12:44Z</time>
   </trkpt>
   <trkpt lat="46.1792420" lon="6.7070660">
    <ele>970.0</ele>
    <time>2024-12-15T10:12:45Z</time>
   </trkpt>
   <trkpt lat="46.1792500" lon="6.7070490">
    <ele>970.0</ele>
    <time>2024-12-15T10:12:46Z</time>
   </trkpt>
   <trkpt lat="46.1792040" lon="6.7069790">
    <ele>970.3</ele>
    <time>2024-12-15T10:12:47Z</time>
   </trkpt>
   <trkpt lat="46.1792220" lon="6.7069500">
    <ele>970.4</ele>
    <time>2024-12-15T10:12:48Z</time>
   </trkpt>
   <trkpt lat="46.1792290" lon="6.7069080">
    <ele>970.5</ele>
    <time>2024-12-15T10:12:49Z</time>
   </trkpt>
   <trkpt lat="46.1792490" lon="6.7068620">
    <ele>970.6</ele>
    <time>2024-12-15T10:12:50Z</time>
   </trkpt>
   <trkpt lat="46.1792590" lon="6.7068460">
    <ele>970.7</ele>
    <time>2024-12-15T10:12:51Z</time>
   </trkpt>
   <trkpt lat="46.1792650" lon="6.7068050">
    <ele>970.8</ele>
    <time>2024-12-15T10:12:52Z</time>
   </trkpt>
   <trkpt lat="46.1792810" lon="6.7067720">
    <ele>970.9</ele>
    <time>2024-12-15T10:12:53Z</time>
   </trkpt>
   <trkpt lat="46.1792840" lon="6.7067260">
    <ele>971.1</ele>
    <time>2024-12-15T10:12:54Z</time>
   </trkpt>
   <trkpt lat="46.1793000" lon="6.7066890">
    <ele>971.2</ele>
    <time>2024-12-15T10:12:55Z</time>
   </trkpt>
   <trkpt lat="46.1793150" lon="6.7066480">
    <ele>971.3</ele>
    <time>2024-12-15T10:12:56Z</time>
   </trkpt>
   <trkpt lat="46.1793200" lon="6.7065930">
    <ele>971.5</ele>
    <time>2024-12-15T10:12:57Z</time>
   </trkpt>
   <trkpt lat="46.1793250" lon="6.7065760">
    <ele>971.5</ele>
    <time>2024-12-15T10:12:58Z</time>
   </trkpt>
   <trkpt lat="46.1793270" lon="6.7065310">
    <ele>971.7</ele>
    <time>2024-12-15T10:12:59Z</time>
   </trkpt>
   <trkpt lat="46.1793440" lon="6.7064970">
    <ele>971.8</ele>
    <time>2024-12-15T10:13:00Z</time>
   </trkpt>
   <trkpt lat="46.1793580" lon="6.7064630">
    <ele>971.9</ele>
    <time>2024-12-15T10:13:01Z</time>
   </trkpt>
   <trkpt lat="46.1793650" lon="6.7064070">
    <ele>972.1</ele>
    <time>2024-12-15T10:13:02Z</time>
   </trkpt>
   <trkpt lat="46.1793670" lon="6.7063860">
    <ele>972.1</ele>
    <time>2024-12-15T10:13:03Z</time>
   </trkpt>
   <trkpt lat="46.1793810" lon="6.7063490">
    <ele>972.3</ele>
    <time>2024-12-15T10:13:04Z</time>
   </trkpt>
   <trkpt lat="46.1794040" lon="6.7063160">
    <ele>972.4</ele>
    <time>2024-12-15T10:13:05Z</time>
   </trkpt>
   <trkpt lat="46.1794030" lon="6.7062750">
    <ele>972.5</ele>
    <time>2024-12-15T10:13:06Z</time>
   </trkpt>
   <trkpt lat="46.1794260" lon="6.7062510">
    <ele>972.6</ele>
    <time>2024-12-15T10:13:07Z</time>
   </trkpt>
   <trkpt lat="46.1794570" lon="6.7062120">
    <ele>972.8</ele>
    <time>2024-12-15T10:13:08Z</time>
   </trkpt>
   <trkpt lat="46.1794740" lon="6.7062020">
    <ele>972.9</ele>
    <time>2024-12-15T10:13:09Z</time>
   </trkpt>
   <trkpt lat="46.1794830" lon="6.7061610">
    <ele>973.0</ele>
    <time>2024-12-15T10:13:10Z</time>
   </trkpt>
   <trkpt lat="46.1794880" lon="6.7061460">
    <ele>973.1</ele>
    <time>2024-12-15T10:13:11Z</time>
   </trkpt>
   <trkpt lat="46.1795130" lon="6.7061100">
    <ele>973.2</ele>
    <time>2024-12-15T10:13:12Z</time>
   </trkpt>
   <trkpt lat="46.1795180" lon="6.7060940">
    <ele>973.2</ele>
    <time>2024-12-15T10:13:13Z</time>
   </trkpt>
   <trkpt lat="46.1795450" lon="6.7060760">
    <ele>973.4</ele>
    <time>2024-12-15T10:13:14Z</time>
   </trkpt>
   <trkpt lat="46.1795530" lon="6.7060710">
    <ele>973.4</ele>
    <time>2024-12-15T10:13:15Z</time>
   </trkpt>
   <trkpt lat="46.1795670" lon="6.7060390">
    <ele>973.5</ele>
    <time>2024-12-15T10:13:16Z</time>
   </trkpt>
   <trkpt lat="46.1795750" lon="6.7060280">
    <ele>973.6</ele>
    <time>2024-12-15T10:13:17Z</time>
   </trkpt>
   <trkpt lat="46.1795960" lon="6.7059980">
    <ele>973.7</ele>
    <time>2024-12-15T10:13:18Z</time>
   </trkpt>
   <trkpt lat="46.1796270" lon="6.7059810">
    <ele>973.8</ele>
    <time>2024-12-15T10:13:19Z</time>
   </trkpt>
   <trkpt lat="46.1796320" lon="6.7059720">
    <ele>973.8</ele>
    <time>2024-12-15T10:13:20Z</time>
   </trkpt>
   <trkpt lat="46.1796650" lon="6.7059660">
    <ele>974.0</ele>
    <time>2024-12-15T10:13:21Z</time>
   </trkpt>
   <trkpt lat="46.1796790" lon="6.7059600">
    <ele>974.0</ele>
    <time>2024-12-15T10:13:22Z</time>
   </trkpt>
   <trkpt lat="46.1796930" lon="6.7059440">
    <ele>974.1</ele>
    <time>2024-12-15T10:13:23Z</time>
   </trkpt>
   <trkpt lat="46.1797130" lon="6.7059480">
    <ele>974.2</ele>
    <time>2024-12-15T10:13:24Z</time>
   </trkpt>
   <trkpt lat="46.1797520" lon="6.7059360">
    <ele>974.4</ele>
    <time>2024-12-15T10:13:25Z</time>
   </trkpt>
   <trkpt lat="46.1797660" lon="6.7059310">
    <ele>974.4</ele>
    <time>2024-12-15T10:13:26Z</time>
   </trkpt>
   <trkpt lat="46.1797910" lon="6.7059180">
    <ele>974.5</ele>
    <time>2024-12-15T10:13:27Z</time>
   </trkpt>
   <trkpt lat="46.1798170" lon="6.7059130">
    <ele>974.7</ele>
    <time>2024-12-15T10:13:28Z</time>
   </trkpt>
   <trkpt lat="46.1798280" lon="6.7059080">
    <ele>974.7</ele>
    <time>2024-12-15T10:13:29Z</time>
   </trkpt>
   <trkpt lat="46.1798490" lon="6.7059110">
    <ele>974.8</ele>
    <time>2024-12-15T10:13:30Z</time>
   </trkpt>
   <trkpt lat="46.1798640" lon="6.7059100">
    <ele>974.9</ele>
    <time>2024-12-15T10:13:31Z</time>
   </trkpt>
   <trkpt lat="46.1798920" lon="6.7059110">
    <ele>975.0</ele>
    <time>2024-12-15T10:13:32Z</time>
   </trkpt>
   <trkpt lat="46.1799230" lon="6.7059010">
    <ele>975.2</ele>
    <time>2024-12-15T10:13:33Z</time>
   </trkpt>
   <trkpt lat="46.1799330" lon="6.7059000">
    <ele>975.2</ele>
    <time>2024-12-15T10:13:34Z</time>
   </trkpt>
   <trkpt lat="46.1799600" lon="6.7059060">
    <ele>975.3</ele>
    <time>2024-12-15T10:13:35Z</time>
   </trkpt>
   <trkpt lat="46.1799890" lon="6.7059120">
    <ele>975.5</ele>
    <time>2024-12-15T10:13:36Z</time>
   </trkpt>
   <trkpt lat="46.1800030" lon="6.7059190">
    <ele>975.5</ele>
    <time>2024-12-15T10:13:37Z</time>
   </trkpt>
   <trkpt lat="46.1800140" lon="6.7059290">
    <ele>975.6</ele>
    <time>2024-12-15T10:13:38Z</time>
   </trkpt>
   <trkpt lat="46.1800470" lon="6.7059410">
    <ele>975.7</ele>
    <time>2024-12-15T10:13:39Z</time>
   </trkpt>
   <trkpt lat="46.1800570" lon="6.7059450">
    <ele>975.8</ele>
    <time>2024-12-15T10:13:40Z</time>
   </trkpt>
   <trkpt lat="46.1800900" lon="6.7059420">
    <ele>975.9</ele>
    <time>2024-12-15T10:13:41Z</time>
   </trkpt>
   <trkpt lat="46.1801000" lon="6.7059440">
    <ele>976.0</ele>
    <time>2024-12-15T10:13:42Z</time>
   </trkpt>
   <trkpt lat="46.1801340" lon="6.7059460">
    <ele>976.1</ele>
    <time>2024-12-15T10:13:43Z</time>
   </trkpt>
   <trkpt lat="46.1801430" lon="6.7059450">
    <ele>976.1</ele>
    <time>2024-12-15T10:13:44Z</time>
   </trkpt>
   <trkpt lat="46.1801660" lon="6.7059200">
    <ele>976.3</ele>
    <time>2024-12-15T10:13:45Z</time>
   </trkpt>
   <trkpt lat="46.1801760" lon="6.7059130">
    <ele>976.3</ele>
    <time>2024-12-15T10:13:46Z</time>
   </trkpt>
   <trkpt lat="46.1802160" lon="6.7059170">
    <ele>976.4</ele>
    <time>2024-12-15T10:13:47Z</time>
   </trkpt>
   <trkpt lat="46.1802290" lon="6.7059150">
    <ele>976.5</ele>
    <time>2024-12-15T10:13:48Z</time>
   </trkpt>
   <trkpt lat="46.1802600" lon="6.7058810">
    <ele>976.6</ele>
    <time>2024-12-15T10:13:49Z</time>
   </trkpt>
   <trkpt lat="46.1802710" lon="6.7058710">
    <ele>976.6</ele>
    <time>2024-12-15T10:13:50Z</time>
   </trkpt>
   <trkpt lat="46.1803010" lon="6.7058530">
    <ele>976.7</ele>
    <time>2024-12-15T10:13:51Z</time>
   </trkpt>
   <trkpt lat="46.1803370" lon="6.7058290">
    <ele>976.9</ele>
    <time>2024-12-15T10:13:52Z</time>
   </trkpt>
   <trkpt lat="46.1803480" lon="6.7058150">
    <ele>976.9</ele>
    <time>2024-12-15T10:13:53Z</time>
   </trkpt>
   <trkpt lat="46.1803840" lon="6.7058000">
    <ele>977.0</ele>
    <time>2024-12-15T10:13:54Z</time>
   </trkpt>
   <trkpt lat="46.1803940" lon="6.7057890">
    <ele>977.0</ele>
    <time>2024-12-15T10:13:55Z</time>
   </trkpt>
   <trkpt lat="46.1804290" lon="6.7057720">
    <ele>977.1</ele>
    <time>2024-12-15T10:13:56Z</time>
   </trkpt>
   <trkpt lat="46.1804410" lon="6.7057660">
    <ele>977.2</ele>
    <time>2024-12-15T10:13:57Z</time>
   </trkpt>
   <trkpt lat="46.1804640" lon="6.7057420">
    <ele>977.3</ele>
    <time>2024-12-15T10:13:58Z</time>
   </trkpt>
   <trkpt lat="46.1804940" lon="6.7057170">
    <ele>977.4</ele>
    <time>2024-12-15T10:13:59Z</time>
   </trkpt>
   <trkpt lat="46.1805110" lon="6.7057180">
    <ele>977.4</ele>
    <time>2024-12-15T10:14:00Z</time>
   </trkpt>
   <trkpt lat="46.1805380" lon="6.7057100">
    <ele>977.5</ele>
    <time>2024-12-15T10:14:01Z</time>
   </trkpt>
   <trkpt lat="46.1805670" lon="6.7056820">
    <ele>977.6</ele>
    <time>2024-12-15T10:14:02Z</time>
   </trkpt>
   <trkpt lat="46.1805750" lon="6.7056700">
    <ele>977.6</ele>
    <time>2024-12-15T10:14:03Z</time>
   </trkpt>
   <trkpt lat="46.1806080" lon="6.7056470">
    <ele>977.8</ele>
    <time>2024-12-15T10:14:04Z</time>
   </trkpt>
   <trkpt lat="46.1806170" lon="6.7056330">
    <ele>977.8</ele>
    <time>2024-12-15T10:14:05Z</time>
   </trkpt>
   <trkpt lat="46.1806490" lon="6.7056340">
    <ele>977.9</ele>
    <time>2024-12-15T10:14:06Z</time>
   </trkpt>
   <trkpt lat="46.1806850" lon="6.7056100">
    <ele>978.0</ele>
    <time>2024-12-15T10:14:07Z</time>
   </trkpt>
   <trkpt lat="46.1806960" lon="6.7056020">
    <ele>978.1</ele>
    <time>2024-12-15T10:14:08Z</time>
   </trkpt>
   <trkpt lat="46.1807310" lon="6.7055730">
    <ele>978.2</ele>
    <time>2024-12-15T10:14:09Z</time>
   </trkpt>
   <trkpt lat="46.1807420" lon="6.7055630">
    <ele>978.2</ele>
    <time>2024-12-15T10:14:10Z</time>
   </trkpt>
   <trkpt lat="46.1807670" lon="6.7055440">
    <ele>978.3</ele>
    <time>2024-12-15T10:14:11Z</time>
   </trkpt>
   <trkpt lat="46.1808020" lon="6.7055340">
    <ele>978.5</ele>
    <time>2024-12-15T10:14:12Z</time>
   </trkpt>
   <trkpt lat="46.1808140" lon="6.7055300">
    <ele>978.5</ele>
    <time>2024-12-15T10:14:13Z</time>
   </trkpt>
   <trkpt lat="46.1808500" lon="6.7055110">
    <ele>978.7</ele>
    <time>2024-12-15T10:14:14Z</time>
   </trkpt>
   <trkpt lat="46.1808630" lon="6.7055020">
    <ele>978.7</ele>
    <time>2024-12-15T10:14:15Z</time>
   </trkpt>
   <trkpt lat="46.1808920" lon="6.7054770">
    <ele>978.8</ele>
    <time>2024-12-15T10:14:16Z</time>
   </trkpt>
   <trkpt lat="46.1809010" lon="6.7054610">
    <ele>978.9</ele>
    <time>2024-12-15T10:14:17Z</time>
   </trkpt>
   <trkpt lat="46.1809240" lon="6.7054380">
    <ele>979.0</ele>
    <time>2024-12-15T10:14:18Z</time>
   </trkpt>
   <trkpt lat="46.1809500" lon="6.7054070">
    <ele>979.1</ele>
    <time>2024-12-15T10:14:19Z</time>
   </trkpt>
   <trkpt lat="46.1809790" lon="6.7053830">
    <ele>979.2</ele>
    <time>2024-12-15T10:14:20Z</time>
   </trkpt>
   <trkpt lat="46.1810140" lon="6.7053460">
    <ele>979.4</ele>
    <time>2024-12-15T10:14:21Z</time>
   </trkpt>
   <trkpt lat="46.1810280" lon="6.7053320">
    <ele>979.5</ele>
    <time>2024-12-15T10:14:22Z</time>
   </trkpt>
   <trkpt lat="46.1810460" lon="6.7052820">
    <ele>979.5</ele>
    <time>2024-12-15T10:14:23Z</time>
   </trkpt>
   <trkpt lat="46.1810540" lon="6.7052670">
    <ele>979.5</ele>
    <time>2024-12-15T10:14:24Z</time>
   </trkpt>
   <trkpt lat="46.1810660" lon="6.7052280">
    <ele>979.5</ele>
    <time>2024-12-15T10:14:25Z</time>
   </trkpt>
   <trkpt lat="46.1810730" lon="6.7051890">
    <ele>979.5</ele>
    <time>2024-12-15T10:14:26Z</time>
   </trkpt>
   <trkpt lat="46.1810910" lon="6.7051580">
    <ele>979.4</ele>
    <time>2024-12-15T10:14:27Z</time>
   </trkpt>
   <trkpt lat="46.1811050" lon="6.7051000">
    <ele>979.4</ele>
    <time>2024-12-15T10:14:28Z</time>
   </trkpt>
   <trkpt lat="46.1811100" lon="6.7050770">
    <ele>979.3</ele>
    <time>2024-12-15T10:14:29Z</time>
   </trkpt>
   <trkpt lat="46.1811330" lon="6.7050280">
    <ele>979.3</ele>
    <time>2024-12-15T10:14:30Z</time>
   </trkpt>
   <trkpt lat="46.1811430" lon="6.7050130">
    <ele>979.2</ele>
    <time>2024-12-15T10:14:31Z</time>
   </trkpt>
   <trkpt lat="46.1811420" lon="6.7049690">
    <ele>979.2</ele>
    <time>2024-12-15T10:14:32Z</time>
   </trkpt>
   <trkpt lat="46.1811740" lon="6.7049640">
    <ele>979.1</ele>
    <time>2024-12-15T10:14:33Z</time>
   </trkpt>
   <trkpt lat="46.1812020" lon="6.7049140">
    <ele>979.0</ele>
    <time>2024-12-15T10:14:34Z</time>
   </trkpt>
   <trkpt lat="46.1812130" lon="6.7048930">
    <ele>979.0</ele>
    <time>2024-12-15T10:14:35Z</time>
   </trkpt>
   <trkpt lat="46.1812250" lon="6.7048520">
    <ele>978.9</ele>
    <time>2024-12-15T10:14:36Z</time>
   </trkpt>
   <trkpt lat="46.1812400" lon="6.7048090">
    <ele>978.8</ele>
    <time>2024-12-15T10:14:37Z</time>
   </trkpt>
   <trkpt lat="46.1812420" lon="6.7047900">
    <ele>978.7</ele>
    <time>2024-12-15T10:14:38Z</time>
   </trkpt>
   <trkpt lat="46.1812050" lon="6.7047370">
    <ele>978.6</ele>
    <time>2024-12-15T10:14:39Z</time>
   </trkpt>
   <trkpt lat="46.1812470" lon="6.7046760">
    <ele>978.4</ele>
    <time>2024-12-15T10:14:40Z</time>
   </trkpt>
   <trkpt lat="46.1812710" lon="6.7046400">
    <ele>978.3</ele>
    <time>2024-12-15T10:14:41Z</time>
   </trkpt>
   <trkpt lat="46.1812880" lon="6.7046050">
    <ele>978.2</ele>
    <time>2024-12-15T10:14:42Z</time>
   </trkpt>
   <trkpt lat="46.1813080" lon="6.7045700">
    <ele>978.1</ele>
    <time>2024-12-15T10:14:43Z</time>
   </trkpt>
   <trkpt lat="46.1813200" lon="6.7045220">
    <ele>977.9</ele>
    <time>2024-12-15T10:14:44Z</time>
   </trkpt>
   <trkpt lat="46.1813490" lon="6.7044880">
    <ele>977.8</ele>
    <time>2024-12-15T10:14:45Z</time>
   </trkpt>
   <trkpt lat="46.1813490" lon="6.7044350">
    <ele>977.7</ele>
    <time>2024-12-15T10:14:46Z</time>
   </trkpt>
   <trkpt lat="46.1813550" lon="6.7043880">
    <ele>977.6</ele>
    <time>2024-12-15T10:14:47Z</time>
   </trkpt>
   <trkpt lat="46.1813470" lon="6.7043280">
    <ele>977.5</ele>
    <time>2024-12-15T10:14:48Z</time>
   </trkpt>
   <trkpt lat="46.1813350" lon="6.7042570">
    <ele>977.4</ele>
    <time>2024-12-15T10:14:49Z</time>
   </trkpt>
   <trkpt lat="46.1813240" lon="6.7042060">
    <ele>977.3</ele>
    <time>2024-12-15T10:14:50Z</time>
   </trkpt>
   <trkpt lat="46.1813280" lon="6.7041610">
    <ele>977.4</ele>
    <time>2024-12-15T10:14:51Z</time>
   </trkpt>
   <trkpt lat="46.1813260" lon="6.7041220">
    <ele>977.4</ele>
    <time>2024-12-15T10:14:52Z</time>
   </trkpt>
   <trkpt lat="46.1813140" lon="6.7040680">
    <ele>977.5</ele>
    <time>2024-12-15T10:14:53Z</time>
   </trkpt>
   <trkpt lat="46.1813200" lon="6.7040200">
    <ele>977.5</ele>
    <time>2024-12-15T10:14:54Z</time>
   </trkpt>
   <trkpt lat="46.1813210" lon="6.7039720">
    <ele>977.6</ele>
    <time>2024-12-15T10:14:55Z</time>
   </trkpt>
   <trkpt lat="46.1813160" lon="6.7039180">
    <ele>977.6</ele>
    <time>2024-12-15T10:14:56Z</time>
   </trkpt>
   <trkpt lat="46.1813150" lon="6.7038780">
    <ele>977.6</ele>
    <time>2024-12-15T10:14:57Z</time>
   </trkpt>
   <trkpt lat="46.1813180" lon="6.7038370">
    <ele>977.7</ele>
    <time>2024-12-15T10:14:58Z</time>
   </trkpt>
   <trkpt lat="46.1813070" lon="6.7037950">
    <ele>977.7</ele>
    <time>2024-12-15T10:14:59Z</time>
   </trkpt>
   <trkpt lat="46.1813090" lon="6.7037360">
    <ele>977.7</ele>
    <time>2024-12-15T10:15:00Z</time>
   </trkpt>
   <trkpt lat="46.1813010" lon="6.7036810">
    <ele>977.8</ele>
    <time>2024-12-15T10:15:01Z</time>
   </trkpt>
   <trkpt lat="46.1813010" lon="6.7036390">
    <ele>977.8</ele>
    <time>2024-12-15T10:15:02Z</time>
   </trkpt>
   <trkpt lat="46.1813050" lon="6.7035740">
    <ele>977.8</ele>
    <time>2024-12-15T10:15:03Z</time>
   </trkpt>
   <trkpt lat="46.1813030" lon="6.7035460">
    <ele>977.9</ele>
    <time>2024-12-15T10:15:04Z</time>
   </trkpt>
   <trkpt lat="46.1813010" lon="6.7034920">
    <ele>977.9</ele>
    <time>2024-12-15T10:15:05Z</time>
   </trkpt>
   <trkpt lat="46.1813020" lon="6.7034450">
    <ele>977.9</ele>
    <time>2024-12-15T10:15:06Z</time>
   </trkpt>
   <trkpt lat="46.1813040" lon="6.7033970">
    <ele>977.8</ele>
    <time>2024-12-15T10:15:07Z</time>
   </trkpt>
   <trkpt lat="46.1813130" lon="6.7033450">
    <ele>977.8</ele>
    <time>2024-12-15T10:15:08Z</time>
   </trkpt>
   <trkpt lat="46.1813160" lon="6.7032970">
    <ele>977.8</ele>
    <time>2024-12-15T10:15:09Z</time>
   </trkpt>
   <trkpt lat="46.1813100" lon="6.7031900">
    <ele>977.8</ele>
    <time>2024-12-15T10:15:10Z</time>
   </trkpt>
   <trkpt lat="46.1812940" lon="6.7031340">
    <ele>977.7</ele>
    <time>2024-12-15T10:15:11Z</time>
   </trkpt>
   <trkpt lat="46.1812930" lon="6.7030840">
    <ele>977.7</ele>
    <time>2024-12-15T10:15:12Z</time>
   </trkpt>
   <trkpt lat="46.1813020" lon="6.7030420">
    <ele>977.7</ele>
    <time>2024-12-15T10:15:13Z</time>
   </trkpt>
   <trkpt lat="46.1813030" lon="6.7030260">
    <ele>977.7</ele>
    <time>2024-12-15T10:15:14Z</time>
   </trkpt>
   <trkpt lat="46.1813320" lon="6.7029730">
    <ele>977.7</ele>
    <time>2024-12-15T10:15:53Z</time>
   </trkpt>
   <trkpt lat="46.1813390" lon="6.7029550">
    <ele>977.7</ele>
    <time>2024-12-15T10:15:54Z</time>
   </trkpt>
   <trkpt lat="46.1813450" lon="6.7029370">
    <ele>977.7</ele>
    <time>2024-12-15T10:15:55Z</time>
   </trkpt>
   <trkpt lat="46.1813440" lon="6.7029230">
    <ele>977.7</ele>
    <time>2024-12-15T10:15:56Z</time>
   </trkpt>
   <trkpt lat="46.1813470" lon="6.7029100">
    <ele>977.7</ele>
    <time>2024-12-15T10:15:57Z</time>
   </trkpt>
   <trkpt lat="46.1813480" lon="6.7029060">
    <ele>977.7</ele>
    <time>2024-12-15T10:15:58Z</time>
   </trkpt>
  </trkseg>
 </trk>
</gpx>
