<?xml version="1.0" encoding="UTF-8"?>
<gpx creator="StravaGPX" version="1.1" xmlns="http://www.topografix.com/GPX/1/1" xmlns:xsi="http://www.w3.org/2001/XMLSchema-instance" xsi:schemaLocation="http://www.topografix.com/GPX/1/1 http://www.topografix.com/GPX/1/1/gpx.xsd">
 <metadata>
  <time>2025-02-28T14:01:06Z</time>
 </metadata>
 <trk>
  <name>Course à pied dans l'après-midi</name>
  <type>running</type>
  <trkseg>
   <trkpt lat="45.7637530" lon="4.7744290">
    <ele>220.7</ele>
    <time>2025-02-28T14:01:06Z</time>
   </trkpt>
   <trkpt lat="45.7637510" lon="4.7744030">
    <ele>220.7</ele>
    <time>2025-02-28T14:01:07Z</time>
   </trkpt>
   <trkpt lat="45.7637490" lon="4.7743770">
    <ele>220.7</ele>
    <time>2025-02-28T14:01:08Z</time>
   </trkpt>
   <trkpt lat="45.7637470" lon="4.7743510">
    <ele>220.7</ele>
    <time>2025-02-28T14:01:09Z</time>
   </trkpt>
   <trkpt lat="45.7637460" lon="4.7743010">
    <ele>220.7</ele>
    <time>2025-02-28T14:01:10Z</time>
   </trkpt>
   <trkpt lat="45.7637470" lon="4.7742450">
    <ele>220.6</ele>
    <time>2025-02-28T14:01:11Z</time>
   </trkpt>
   <trkpt lat="45.7637480" lon="4.7742270">
    <ele>220.6</ele>
    <time>2025-02-28T14:01:12Z</time>
   </trkpt>
   <trkpt lat="45.7637510" lon="4.7741880">
    <ele>220.6</ele>
    <time>2025-02-28T14:01:13Z</time>
   </trkpt>
   <trkpt lat="45.7637570" lon="4.7741490">
    <ele>220.6</ele>
    <time>2025-02-28T14:01:14Z</time>
   </trkpt>
   <trkpt lat="45.7637610" lon="4.7741100">
    <ele>220.6</ele>
    <time>2025-02-28T14:01:15Z</time>
   </trkpt>
   <trkpt lat="45.7637580" lon="4.7740710">
    <ele>220.6</ele>
    <time>2025-02-28T14:01:16Z</time>
   </trkpt>
   <trkpt lat="45.7637510" lon="4.7740180">
    <ele>220.6</ele>
    <time>2025-02-28T14:01:17Z</time>
   </trkpt>
   <trkpt lat="45.7637470" lon="4.7740030">
    <ele>220.6</ele>
    <time>2025-02-28T14:01:18Z</time>
   </trkpt>
   <trkpt lat="45.7637450" lon="4.7739640">
    <ele>220.6</ele>
    <time>2025-02-28T14:01:19Z</time>
   </trkpt>
   <trkpt lat="45.7637440" lon="4.7739510">
    <ele>220.6</ele>
    <time>2025-02-28T14:01:20Z</time>
   </trkpt>
   <trkpt lat="45.7637450" lon="4.7739110">
    <ele>220.6</ele>
    <time>2025-02-28T14:01:21Z</time>
   </trkpt>
   <trkpt lat="45.7637410" lon="4.7738670">
    <ele>220.6</ele>
    <time>2025-02-28T14:01:22Z</time>
   </trkpt>
   <trkpt lat="45.7637390" lon="4.7738510">
    <ele>220.6</ele>
    <time>2025-02-28T14:01:23Z</time>
   </trkpt>
   <trkpt lat="45.7637200" lon="4.7737990">
    <ele>220.6</ele>
    <time>2025-02-28T14:01:24Z</time>
   </trkpt>
   <trkpt lat="45.7637050" lon="4.7737600">
    <ele>220.7</ele>
    <time>2025-02-28T14:01:25Z</time>
   </trkpt>
   <trkpt lat="45.7636990" lon="4.7737370">
    <ele>220.7</ele>
    <time>2025-02-28T14:01:26Z</time>
   </trkpt>
   <trkpt lat="45.7636990" lon="4.7737100">
    <ele>220.7</ele>
    <time>2025-02-28T14:01:27Z</time>
   </trkpt>
   <trkpt lat="45.7637010" lon="4.7736600">
    <ele>220.7</ele>
    <time>2025-02-28T14:01:28Z</time>
   </trkpt>
   <trkpt lat="45.7637090" lon="4.7736190">
    <ele>220.7</ele>
    <time>2025-02-28T14:01:29Z</time>
   </trkpt>
   <trkpt lat="45.7637170" lon="4.7736100">
    <ele>220.7</ele>
    <time>2025-02-28T14:01:30Z</time>
   </trkpt>
   <trkpt lat="45.7637440" lon="4.7735860">
    <ele>220.6</ele>
    <time>2025-02-28T14:01:31Z</time>
   </trkpt>
   <trkpt lat="45.7637900" lon="4.7735450">
    <ele>220.4</ele>
    <time>2025-02-28T14:01:32Z</time>
   </trkpt>
   <trkpt lat="45.7638500" lon="4.7735270">
    <ele>220.1</ele>
    <time>2025-02-28T14:01:33Z</time>
   </trkpt>
   <trkpt lat="45.7638950" lon="4.7735030">
    <ele>219.8</ele>
    <time>2025-02-28T14:01:34Z</time>
   </trkpt>
   <trkpt lat="45.7638920" lon="4.7734290">
    <ele>219.5</ele>
    <time>2025-02-28T14:01:35Z</time>
   </trkpt>
   <trkpt lat="45.7639020" lon="4.7733700">
    <ele>219.2</ele>
    <time>2025-02-28T14:01:36Z</time>
   </trkpt>
   <trkpt lat="45.7639050" lon="4.7733200">
    <ele>219.0</ele>
    <time>2025-02-28T14:01:37Z</time>
   </trkpt>
   <trkpt lat="45.7639220" lon="4.7732850">
    <ele>218.8</ele>
    <time>2025-02-28T14:01:38Z</time>
   </trkpt>
   <trkpt lat="45.7639370" lon="4.7732300">
    <ele>218.6</ele>
    <time>2025-02-28T14:01:39Z</time>
   </trkpt>
   <trkpt lat="45.7639470" lon="4.7731930">
    <ele>218.4</ele>
    <time>2025-02-28T14:01:40Z</time>
   </trkpt>
   <trkpt lat="45.7639610" lon="4.7731530">
    <ele>218.2</ele>
    <time>2025-02-28T14:01:41Z</time>
   </trkpt>
   <trkpt lat="45.7639600" lon="4.7730940">
    <ele>218.0</ele>
    <time>2025-02-28T14:01:42Z</time>
   </trkpt>
   <trkpt lat="45.7639640" lon="4.7730510">
    <ele>217.8</ele>
    <time>2025-02-28T14:01:43Z</time>
   </trkpt>
   <trkpt lat="45.7639720" lon="4.7730010">
    <ele>217.6</ele>
    <time>2025-02-28T14:01:44Z</time>
   </trkpt>
   <trkpt lat="45.7639910" lon="4.7729690">
    <ele>217.4</ele>
    <time>2025-02-28T14:01:45Z</time>
   </trkpt>
   <trkpt lat="45.7640000" lon="4.7729190">
    <ele>217.2</ele>
    <time>2025-02-28T14:01:46Z</time>
   </trkpt>
   <trkpt lat="45.7640100" lon="4.7728750">
    <ele>217.0</ele>
    <time>2025-02-28T14:01:47Z</time>
   </trkpt>
   <trkpt lat="45.7640100" lon="4.7728340">
    <ele>216.8</ele>
    <time>2025-02-28T14:01:48Z</time>
   </trkpt>
   <trkpt lat="45.7640540" lon="4.7728280">
    <ele>216.6</ele>
    <time>2025-02-28T14:01:49Z</time>
   </trkpt>
   <trkpt lat="45.7640700" lon="4.7727930">
    <ele>216.4</ele>
    <time>2025-02-28T14:01:50Z</time>
   </trkpt>
   <trkpt lat="45.7640850" lon="4.7727650">
    <ele>216.3</ele>
    <time>2025-02-28T14:01:51Z</time>
   </trkpt>
   <trkpt lat="45.7641010" lon="4.7727210">
    <ele>216.1</ele>
    <time>2025-02-28T14:01:53Z</time>
   </trkpt>
   <trkpt lat="45.7641090" lon="4.7726670">
    <ele>215.9</ele>
    <time>2025-02-28T14:01:54Z</time>
   </trkpt>
   <trkpt lat="45.7641150" lon="4.7726260">
    <ele>215.8</ele>
    <time>2025-02-28T14:01:55Z</time>
   </trkpt>
   <trkpt lat="45.7641370" lon="4.7725880">
    <ele>215.6</ele>
    <time>2025-02-28T14:01:56Z</time>
   </trkpt>
   <trkpt lat="45.7641590" lon="4.7725510">
    <ele>215.5</ele>
    <time>2025-02-28T14:01:57Z</time>
   </trkpt>
   <trkpt lat="45.7641810" lon="4.7725170">
    <ele>215.3</ele>
    <time>2025-02-28T14:01:58Z</time>
   </trkpt>
   <trkpt lat="45.7642010" lon="4.7724810">
    <ele>215.2</ele>
    <time>2025-02-28T14:01:59Z</time>
   </trkpt>
   <trkpt lat="45.7642230" lon="4.7724470">
    <ele>215.0</ele>
    <time>2025-02-28T14:02:00Z</time>
   </trkpt>
   <trkpt lat="45.7642400" lon="4.7724120">
    <ele>214.9</ele>
    <time>2025-02-28T14:02:01Z</time>
   </trkpt>
   <trkpt lat="45.7642710" lon="4.7723720">
    <ele>214.7</ele>
    <time>2025-02-28T14:02:02Z</time>
   </trkpt>
   <trkpt lat="45.7642750" lon="4.7723290">
    <ele>214.5</ele>
    <time>2025-02-28T14:02:03Z</time>
   </trkpt>
   <trkpt lat="45.7643100" lon="4.7723370">
    <ele>214.3</ele>
    <time>2025-02-28T14:02:04Z</time>
   </trkpt>
   <trkpt lat="45.7643200" lon="4.7723120">
    <ele>214.2</ele>
    <time>2025-02-28T14:02:05Z</time>
   </trkpt>
   <trkpt lat="45.7643350" lon="4.7723070">
    <ele>214.1</ele>
    <time>2025-02-28T14:02:06Z</time>
   </trkpt>
   <trkpt lat="45.7643500" lon="4.7723010">
    <ele>214.0</ele>
    <time>2025-02-28T14:02:07Z</time>
   </trkpt>
   <trkpt lat="45.7643940" lon="4.7722900">
    <ele>213.7</ele>
    <time>2025-02-28T14:02:08Z</time>
   </trkpt>
   <trkpt lat="45.7644110" lon="4.7722830">
    <ele>213.6</ele>
    <time>2025-02-28T14:02:09Z</time>
   </trkpt>
   <trkpt lat="45.7644500" lon="4.7723030">
    <ele>213.4</ele>
    <time>2025-02-28T14:02:10Z</time>
   </trkpt>
   <trkpt lat="45.7644610" lon="4.7723210">
    <ele>213.3</ele>
    <time>2025-02-28T14:02:11Z</time>
   </trkpt>
   <trkpt lat="45.7644910" lon="4.7723260">
    <ele>213.1</ele>
    <time>2025-02-28T14:02:12Z</time>
   </trkpt>
   <trkpt lat="45.7645200" lon="4.7723330">
    <ele>212.9</ele>
    <time>2025-02-28T14:02:13Z</time>
   </trkpt>
   <trkpt lat="45.7645290" lon="4.7723410">
    <ele>212.9</ele>
    <time>2025-02-28T14:02:14Z</time>
   </trkpt>
   <trkpt lat="45.7645610" lon="4.7723780">
    <ele>212.6</ele>
    <time>2025-02-28T14:02:15Z</time>
   </trkpt>
   <trkpt lat="45.7645720" lon="4.7723920">
    <ele>212.5</ele>
    <time>2025-02-28T14:02:16Z</time>
   </trkpt>
   <trkpt lat="45.7646100" lon="4.7723920">
    <ele>212.3</ele>
    <time>2025-02-28T14:02:17Z</time>
   </trkpt>
   <trkpt lat="45.7646230" lon="4.7723890">
    <ele>212.2</ele>
    <time>2025-02-28T14:02:18Z</time>
   </trkpt>
   <trkpt lat="45.7646530" lon="4.7723970">
    <ele>212.0</ele>
    <time>2025-02-28T14:02:19Z</time>
   </trkpt>
   <trkpt lat="45.7646820" lon="4.7724180">
    <ele>211.8</ele>
    <time>2025-02-28T14:02:20Z</time>
   </trkpt>
   <trkpt lat="45.7647160" lon="4.7724300">
    <ele>211.5</ele>
    <time>2025-02-28T14:02:21Z</time>
   </trkpt>
   <trkpt lat="45.7647510" lon="4.7724430">
    <ele>211.3</ele>
    <time>2025-02-28T14:02:22Z</time>
   </trkpt>
   <trkpt lat="45.7647650" lon="4.7724510">
    <ele>211.1</ele>
    <time>2025-02-28T14:02:23Z</time>
   </trkpt>
   <trkpt lat="45.7647960" lon="4.7724820">
    <ele>210.9</ele>
    <time>2025-02-28T14:02:24Z</time>
   </trkpt>
   <trkpt lat="45.7648080" lon="4.7724930">
    <ele>210.8</ele>
    <time>2025-02-28T14:02:25Z</time>
   </trkpt>
   <trkpt lat="45.7648440" lon="4.7725140">
    <ele>210.6</ele>
    <time>2025-02-28T14:02:26Z</time>
   </trkpt>
   <trkpt lat="45.7648770" lon="4.7725300">
    <ele>210.6</ele>
    <time>2025-02-28T14:02:27Z</time>
   </trkpt>
   <trkpt lat="45.7649100" lon="4.7725550">
    <ele>210.4</ele>
    <time>2025-02-28T14:02:28Z</time>
   </trkpt>
   <trkpt lat="45.7649430" lon="4.7725630">
    <ele>210.3</ele>
    <time>2025-02-28T14:02:29Z</time>
   </trkpt>
   <trkpt lat="45.7649760" lon="4.7725630">
    <ele>210.3</ele>
    <time>2025-02-28T14:02:30Z</time>
   </trkpt>
   <trkpt lat="45.7650120" lon="4.7725400">
    <ele>210.2</ele>
    <time>2025-02-28T14:02:31Z</time>
   </trkpt>
   <trkpt lat="45.7650280" lon="4.7725370">
    <ele>210.2</ele>
    <time>2025-02-28T14:02:32Z</time>
   </trkpt>
   <trkpt lat="45.7650660" lon="4.7725420">
    <ele>210.1</ele>
    <time>2025-02-28T14:02:33Z</time>
   </trkpt>
   <trkpt lat="45.7651020" lon="4.7725320">
    <ele>210.1</ele>
    <time>2025-02-28T14:02:34Z</time>
   </trkpt>
   <trkpt lat="45.7651290" lon="4.7725370">
    <ele>210.0</ele>
    <time>2025-02-28T14:02:35Z</time>
   </trkpt>
   <trkpt lat="45.7651560" lon="4.7725300">
    <ele>210.0</ele>
    <time>2025-02-28T14:02:36Z</time>
   </trkpt>
   <trkpt lat="45.7651850" lon="4.7725530">
    <ele>210.1</ele>
    <time>2025-02-28T14:02:37Z</time>
   </trkpt>
   <trkpt lat="45.7652190" lon="4.7725590">
    <ele>210.1</ele>
    <time>2025-02-28T14:02:38Z</time>
   </trkpt>
   <trkpt lat="45.7652490" lon="4.7725600">
    <ele>210.1</ele>
    <time>2025-02-28T14:02:39Z</time>
   </trkpt>
   <trkpt lat="45.7652790" lon="4.7725640">
    <ele>210.2</ele>
    <time>2025-02-28T14:02:40Z</time>
   </trkpt>
   <trkpt lat="45.7653000" lon="4.7725390">
    <ele>210.3</ele>
    <time>2025-02-28T14:02:41Z</time>
   </trkpt>
   <trkpt lat="45.7653260" lon="4.7725140">
    <ele>210.3</ele>
    <time>2025-02-28T14:02:42Z</time>
   </trkpt>
   <trkpt lat="45.7653550" lon="4.7724920">
    <ele>210.4</ele>
    <time>2025-02-28T14:02:43Z</time>
   </trkpt>
   <trkpt lat="45.7653850" lon="4.7724840">
    <ele>210.5</ele>
    <time>2025-02-28T14:02:44Z</time>
   </trkpt>
   <trkpt lat="45.7654120" lon="4.7725210">
    <ele>210.5</ele>
    <time>2025-02-28T14:02:45Z</time>
   </trkpt>
   <trkpt lat="45.7654430" lon="4.7725410">
    <ele>210.6</ele>
    <time>2025-02-28T14:02:46Z</time>
   </trkpt>
   <trkpt lat="45.7654550" lon="4.7725340">
    <ele>210.7</ele>
    <time>2025-02-28T14:02:47Z</time>
   </trkpt>
   <trkpt lat="45.7654850" lon="4.7724950">
    <ele>210.8</ele>
    <time>2025-02-28T14:02:48Z</time>
   </trkpt>
   <trkpt lat="45.7654990" lon="4.7724730">
    <ele>210.8</ele>
    <time>2025-02-28T14:02:49Z</time>
   </trkpt>
   <trkpt lat="45.7655030" lon="4.7724140">
    <ele>211.0</ele>
    <time>2025-02-28T14:02:50Z</time>
   </trkpt>
   <trkpt lat="45.7655140" lon="4.7723690">
    <ele>211.2</ele>
    <time>2025-02-28T14:02:51Z</time>
   </trkpt>
   <trkpt lat="45.7655320" lon="4.7723290">
    <ele>211.4</ele>
    <time>2025-02-28T14:02:52Z</time>
   </trkpt>
   <trkpt lat="45.7655570" lon="4.7722860">
    <ele>211.6</ele>
    <time>2025-02-28T14:02:53Z</time>
   </trkpt>
   <trkpt lat="45.7655670" lon="4.7722730">
    <ele>211.7</ele>
    <time>2025-02-28T14:02:54Z</time>
   </trkpt>
   <trkpt lat="45.7655800" lon="4.7722340">
    <ele>211.8</ele>
    <time>2025-02-28T14:02:55Z</time>
   </trkpt>
   <trkpt lat="45.7655870" lon="4.7721770">
    <ele>212.1</ele>
    <time>2025-02-28T14:02:56Z</time>
   </trkpt>
   <trkpt lat="45.7655910" lon="4.7721580">
    <ele>212.2</ele>
    <time>2025-02-28T14:02:57Z</time>
   </trkpt>
   <trkpt lat="45.7655970" lon="4.7721020">
    <ele>212.4</ele>
    <time>2025-02-28T14:02:58Z</time>
   </trkpt>
   <trkpt lat="45.7655980" lon="4.7720800">
    <ele>212.5</ele>
    <time>2025-02-28T14:02:59Z</time>
   </trkpt>
   <trkpt lat="45.7655800" lon="4.7720310">
    <ele>212.7</ele>
    <time>2025-02-28T14:03:00Z</time>
   </trkpt>
   <trkpt lat="45.7655860" lon="4.7719850">
    <ele>212.9</ele>
    <time>2025-02-28T14:03:01Z</time>
   </trkpt>
   <trkpt lat="45.7655930" lon="4.7719710">
    <ele>213.0</ele>
    <time>2025-02-28T14:03:02Z</time>
   </trkpt>
   <trkpt lat="45.7655980" lon="4.7719300">
    <ele>213.2</ele>
    <time>2025-02-28T14:03:03Z</time>
   </trkpt>
   <trkpt lat="45.7655990" lon="4.7718870">
    <ele>213.3</ele>
    <time>2025-02-28T14:03:04Z</time>
   </trkpt>
   <trkpt lat="45.7656020" lon="4.7718350">
    <ele>213.6</ele>
    <time>2025-02-28T14:03:05Z</time>
   </trkpt>
   <trkpt lat="45.7656040" lon="4.7718160">
    <ele>213.6</ele>
    <time>2025-02-28T14:03:06Z</time>
   </trkpt>
   <trkpt lat="45.7656030" lon="4.7717750">
    <ele>213.8</ele>
    <time>2025-02-28T14:03:07Z</time>
   </trkpt>
   <trkpt lat="45.7656140" lon="4.7717280">
    <ele>214.0</ele>
    <time>2025-02-28T14:03:08Z</time>
   </trkpt>
   <trkpt lat="45.7656180" lon="4.7716880">
    <ele>214.1</ele>
    <time>2025-02-28T14:03:09Z</time>
   </trkpt>
   <trkpt lat="45.7656190" lon="4.7716420">
    <ele>214.3</ele>
    <time>2025-02-28T14:03:10Z</time>
   </trkpt>
   <trkpt lat="45.7656160" lon="4.7716290">
    <ele>214.4</ele>
    <time>2025-02-28T14:03:11Z</time>
   </trkpt>
   <trkpt lat="45.7656140" lon="4.7715860">
    <ele>214.5</ele>
    <time>2025-02-28T14:03:12Z</time>
   </trkpt>
   <trkpt lat="45.7656240" lon="4.7715450">
    <ele>214.6</ele>
    <time>2025-02-28T14:03:13Z</time>
   </trkpt>
   <trkpt lat="45.7656170" lon="4.7715040">
    <ele>214.8</ele>
    <time>2025-02-28T14:03:14Z</time>
   </trkpt>
   <trkpt lat="45.7656280" lon="4.7714730">
    <ele>214.9</ele>
    <time>2025-02-28T14:03:15Z</time>
   </trkpt>
   <trkpt lat="45.7656310" lon="4.7714520">
    <ele>214.9</ele>
    <time>2025-02-28T14:03:16Z</time>
   </trkpt>
   <trkpt lat="45.7656430" lon="4.7714100">
    <ele>215.1</ele>
    <time>2025-02-28T14:03:17Z</time>
   </trkpt>
   <trkpt lat="45.7656450" lon="4.7713690">
    <ele>215.2</ele>
    <time>2025-02-28T14:03:18Z</time>
   </trkpt>
   <trkpt lat="45.7656560" lon="4.7713150">
    <ele>215.3</ele>
    <time>2025-02-28T14:03:19Z</time>
   </trkpt>
   <trkpt lat="45.7656620" lon="4.7712970">
    <ele>215.4</ele>
    <time>2025-02-28T14:03:20Z</time>
   </trkpt>
   <trkpt lat="45.7656760" lon="4.7712600">
    <ele>215.5</ele>
    <time>2025-02-28T14:03:21Z</time>
   </trkpt>
   <trkpt lat="45.7656810" lon="4.7712110">
    <ele>215.6</ele>
    <time>2025-02-28T14:03:22Z</time>
   </trkpt>
   <trkpt lat="45.7656920" lon="4.7711670">
    <ele>215.7</ele>
    <time>2025-02-28T14:03:23Z</time>
   </trkpt>
   <trkpt lat="45.7657110" lon="4.7711160">
    <ele>215.8</ele>
    <time>2025-02-28T14:03:24Z</time>
   </trkpt>
   <trkpt lat="45.7657160" lon="4.7710960">
    <ele>215.8</ele>
    <time>2025-02-28T14:03:25Z</time>
   </trkpt>
   <trkpt lat="45.7657370" lon="4.7710560">
    <ele>215.9</ele>
    <time>2025-02-28T14:03:26Z</time>
   </trkpt>
   <trkpt lat="45.7657530" lon="4.7710230">
    <ele>215.9</ele>
    <time>2025-02-28T14:03:27Z</time>
   </trkpt>
   <trkpt lat="45.7657720" lon="4.7709740">
    <ele>216.0</ele>
    <time>2025-02-28T14:03:28Z</time>
   </trkpt>
   <trkpt lat="45.7657790" lon="4.7709600">
    <ele>216.0</ele>
    <time>2025-02-28T14:03:29Z</time>
   </trkpt>
   <trkpt lat="45.7658030" lon="4.7709400">
    <ele>216.0</ele>
    <time>2025-02-28T14:03:30Z</time>
   </trkpt>
   <trkpt lat="45.7658210" lon="4.7708930">
    <ele>216.1</ele>
    <time>2025-02-28T14:03:31Z</time>
   </trkpt>
   <trkpt lat="45.7658250" lon="4.7708780">
    <ele>216.1</ele>
    <time>2025-02-28T14:03:32Z</time>
   </trkpt>
   <trkpt lat="45.7658410" lon="4.7708270">
    <ele>216.1</ele>
    <time>2025-02-28T14:03:33Z</time>
   </trkpt>
   <trkpt lat="45.7658540" lon="4.7707840">
    <ele>216.2</ele>
    <time>2025-02-28T14:03:34Z</time>
   </trkpt>
   <trkpt lat="45.7658600" lon="4.7707770">
    <ele>216.2</ele>
    <time>2025-02-28T14:03:35Z</time>
   </trkpt>
   <trkpt lat="45.7658590" lon="4.7707240">
    <ele>216.2</ele>
    <time>2025-02-28T14:03:36Z</time>
   </trkpt>
   <trkpt lat="45.7658820" lon="4.7706870">
    <ele>216.3</ele>
    <time>2025-02-28T14:03:37Z</time>
   </trkpt>
   <trkpt lat="45.7659040" lon="4.7706370">
    <ele>216.3</ele>
    <time>2025-02-28T14:03:38Z</time>
   </trkpt>
   <trkpt lat="45.7659130" lon="4.7706190">
    <ele>216.3</ele>
    <time>2025-02-28T14:03:39Z</time>
   </trkpt>
   <trkpt lat="45.7659320" lon="4.7705840">
    <ele>216.3</ele>
    <time>2025-02-28T14:03:40Z</time>
   </trkpt>
   <trkpt lat="45.7659470" lon="4.7705400">
    <ele>216.4</ele>
    <time>2025-02-28T14:03:41Z</time>
   </trkpt>
   <trkpt lat="45.7659690" lon="4.7704930">
    <ele>216.4</ele>
    <time>2025-02-28T14:03:42Z</time>
   </trkpt>
   <trkpt lat="45.7659850" lon="4.7704540">
    <ele>216.4</ele>
    <time>2025-02-28T14:03:43Z</time>
   </trkpt>
   <trkpt lat="45.7660500" lon="4.7702540">
    <ele>216.7</ele>
    <time>2025-02-28T14:03:48Z</time>
   </trkpt>
   <trkpt lat="45.7660550" lon="4.7702360">
    <ele>216.7</ele>
    <time>2025-02-28T14:03:49Z</time>
   </trkpt>
   <trkpt lat="45.7660600" lon="4.7702170">
    <ele>216.8</ele>
    <time>2025-02-28T14:03:50Z</time>
   </trkpt>
   <trkpt lat="45.7660830" lon="4.7701890">
    <ele>216.8</ele>
    <time>2025-02-28T14:03:51Z</time>
   </trkpt>
   <trkpt lat="45.7661000" lon="4.7701510">
    <ele>216.9</ele>
    <time>2025-02-28T14:03:52Z</time>
   </trkpt>
   <trkpt lat="45.7661300" lon="4.7701100">
    <ele>216.9</ele>
    <time>2025-02-28T14:03:53Z</time>
   </trkpt>
   <trkpt lat="45.7661390" lon="4.7700910">
    <ele>217.0</ele>
    <time>2025-02-28T14:03:54Z</time>
   </trkpt>
   <trkpt lat="45.7661550" lon="4.7700580">
    <ele>217.0</ele>
    <time>2025-02-28T14:03:55Z</time>
   </trkpt>
   <trkpt lat="45.7661710" lon="4.7700130">
    <ele>217.1</ele>
    <time>2025-02-28T14:03:56Z</time>
   </trkpt>
   <trkpt lat="45.7661940" lon="4.7699710">
    <ele>217.1</ele>
    <time>2025-02-28T14:03:57Z</time>
   </trkpt>
   <trkpt lat="45.7662040" lon="4.7699580">
    <ele>217.2</ele>
    <time>2025-02-28T14:03:58Z</time>
   </trkpt>
   <trkpt lat="45.7662220" lon="4.7699260">
    <ele>217.2</ele>
    <time>2025-02-28T14:03:59Z</time>
   </trkpt>
   <trkpt lat="45.7662450" lon="4.7698920">
    <ele>217.3</ele>
    <time>2025-02-28T14:04:00Z</time>
   </trkpt>
   <trkpt lat="45.7662720" lon="4.7698560">
    <ele>217.4</ele>
    <time>2025-02-28T14:04:01Z</time>
   </trkpt>
   <trkpt lat="45.7662790" lon="4.7698410">
    <ele>217.4</ele>
    <time>2025-02-28T14:04:02Z</time>
   </trkpt>
   <trkpt lat="45.7663010" lon="4.7697920">
    <ele>217.5</ele>
    <time>2025-02-28T14:04:03Z</time>
   </trkpt>
   <trkpt lat="45.7663070" lon="4.7697740">
    <ele>217.5</ele>
    <time>2025-02-28T14:04:04Z</time>
   </trkpt>
   <trkpt lat="45.7663320" lon="4.7697610">
    <ele>217.6</ele>
    <time>2025-02-28T14:04:05Z</time>
   </trkpt>
   <trkpt lat="45.7663710" lon="4.7697540">
    <ele>217.7</ele>
    <time>2025-02-28T14:04:06Z</time>
   </trkpt>
   <trkpt lat="45.7664010" lon="4.7697400">
    <ele>217.7</ele>
    <time>2025-02-28T14:04:07Z</time>
   </trkpt>
   <trkpt lat="45.7664150" lon="4.7697020">
    <ele>217.8</ele>
    <time>2025-02-28T14:04:08Z</time>
   </trkpt>
   <trkpt lat="45.7664410" lon="4.7696790">
    <ele>217.8</ele>
    <time>2025-02-28T14:04:09Z</time>
   </trkpt>
   <trkpt lat="45.7664730" lon="4.7696460">
    <ele>217.9</ele>
    <time>2025-02-28T14:04:10Z</time>
   </trkpt>
   <trkpt lat="45.7664880" lon="4.7696350">
    <ele>217.9</ele>
    <time>2025-02-28T14:04:11Z</time>
   </trkpt>
   <trkpt lat="45.7665230" lon="4.7696230">
    <ele>217.9</ele>
    <time>2025-02-28T14:04:12Z</time>
   </trkpt>
   <trkpt lat="45.7665370" lon="4.7696190">
    <ele>217.9</ele>
    <time>2025-02-28T14:04:13Z</time>
   </trkpt>
   <trkpt lat="45.7665640" lon="4.7696100">
    <ele>217.9</ele>
    <time>2025-02-28T14:04:14Z</time>
   </trkpt>
   <trkpt lat="45.7665950" lon="4.7695930">
    <ele>217.9</ele>
    <time>2025-02-28T14:04:15Z</time>
   </trkpt>
   <trkpt lat="45.7666320" lon="4.7695790">
    <ele>218.0</ele>
    <time>2025-02-28T14:04:16Z</time>
   </trkpt>
   <trkpt lat="45.7666440" lon="4.7695680">
    <ele>218.0</ele>
    <time>2025-02-28T14:04:17Z</time>
   </trkpt>
   <trkpt lat="45.7666780" lon="4.7695450">
    <ele>218.0</ele>
    <time>2025-02-28T14:04:18Z</time>
   </trkpt>
   <trkpt lat="45.7666900" lon="4.7695380">
    <ele>218.0</ele>
    <time>2025-02-28T14:04:19Z</time>
   </trkpt>
   <trkpt lat="45.7667170" lon="4.7695280">
    <ele>218.0</ele>
    <time>2025-02-28T14:04:20Z</time>
   </trkpt>
   <trkpt lat="45.7667560" lon="4.7695270">
    <ele>218.1</ele>
    <time>2025-02-28T14:04:21Z</time>
   </trkpt>
   <trkpt lat="45.7667690" lon="4.7695190">
    <ele>218.1</ele>
    <time>2025-02-28T14:04:22Z</time>
   </trkpt>
   <trkpt lat="45.7668160" lon="4.7695230">
    <ele>218.2</ele>
    <time>2025-02-28T14:04:23Z</time>
   </trkpt>
   <trkpt lat="45.7668370" lon="4.7695320">
    <ele>218.2</ele>
    <time>2025-02-28T14:04:24Z</time>
   </trkpt>
   <trkpt lat="45.7668700" lon="4.7695240">
    <ele>218.2</ele>
    <time>2025-02-28T14:04:25Z</time>
   </trkpt>
   <trkpt lat="45.7668820" lon="4.7695120">
    <ele>218.3</ele>
    <time>2025-02-28T14:04:26Z</time>
   </trkpt>
   <trkpt lat="45.7669100" lon="4.7694850">
    <ele>218.3</ele>
    <time>2025-02-28T14:04:27Z</time>
   </trkpt>
   <trkpt lat="45.7669450" lon="4.7694800">
    <ele>218.4</ele>
    <time>2025-02-28T14:04:28Z</time>
   </trkpt>
   <trkpt lat="45.7669550" lon="4.7694880">
    <ele>218.4</ele>
    <time>2025-02-28T14:04:29Z</time>
   </trkpt>
   <trkpt lat="45.7669830" lon="4.7695000">
    <ele>218.5</ele>
    <time>2025-02-28T14:04:30Z</time>
   </trkpt>
   <trkpt lat="45.7670180" lon="4.7695160">
    <ele>218.6</ele>
    <time>2025-02-28T14:04:31Z</time>
   </trkpt>
   <trkpt lat="45.7670520" lon="4.7695050">
    <ele>218.7</ele>
    <time>2025-02-28T14:04:32Z</time>
   </trkpt>
   <trkpt lat="45.7670820" lon="4.7695040">
    <ele>218.8</ele>
    <time>2025-02-28T14:04:33Z</time>
   </trkpt>
   <trkpt lat="45.7671140" lon="4.7694980">
    <ele>218.8</ele>
    <time>2025-02-28T14:04:34Z</time>
   </trkpt>
   <trkpt lat="45.7671490" lon="4.7694960">
    <ele>219.0</ele>
    <time>2025-02-28T14:04:35Z</time>
   </trkpt>
   <trkpt lat="45.7671650" lon="4.7694970">
    <ele>219.0</ele>
    <time>2025-02-28T14:04:36Z</time>
   </trkpt>
   <trkpt lat="45.7671810" lon="4.7695290">
    <ele>219.1</ele>
    <time>2025-02-28T14:04:37Z</time>
   </trkpt>
   <trkpt lat="45.7671930" lon="4.7695360">
    <ele>219.1</ele>
    <time>2025-02-28T14:04:38Z</time>
   </trkpt>
   <trkpt lat="45.7672050" lon="4.7695420">
    <ele>219.2</ele>
    <time>2025-02-28T14:04:39Z</time>
   </trkpt>
   <trkpt lat="45.7672460" lon="4.7695470">
    <ele>219.3</ele>
    <time>2025-02-28T14:04:40Z</time>
   </trkpt>
   <trkpt lat="45.7672620" lon="4.7695480">
    <ele>219.4</ele>
    <time>2025-02-28T14:04:41Z</time>
   </trkpt>
   <trkpt lat="45.7672960" lon="4.7695470">
    <ele>219.5</ele>
    <time>2025-02-28T14:04:42Z</time>
   </trkpt>
   <trkpt lat="45.7673230" lon="4.7695370">
    <ele>219.6</ele>
    <time>2025-02-28T14:04:43Z</time>
   </trkpt>
   <trkpt lat="45.7673500" lon="4.7695280">
    <ele>219.7</ele>
    <time>2025-02-28T14:04:44Z</time>
   </trkpt>
   <trkpt lat="45.7673800" lon="4.7695210">
    <ele>219.8</ele>
    <time>2025-02-28T14:04:45Z</time>
   </trkpt>
   <trkpt lat="45.7674150" lon="4.7695080">
    <ele>220.0</ele>
    <time>2025-02-28T14:04:46Z</time>
   </trkpt>
   <trkpt lat="45.7674440" lon="4.7695020">
    <ele>220.1</ele>
    <time>2025-02-28T14:04:47Z</time>
   </trkpt>
   <trkpt lat="45.7674890" lon="4.7695110">
    <ele>220.2</ele>
    <time>2025-02-28T14:04:48Z</time>
   </trkpt>
   <trkpt lat="45.7675090" lon="4.7695140">
    <ele>220.3</ele>
    <time>2025-02-28T14:04:49Z</time>
   </trkpt>
   <trkpt lat="45.7675400" lon="4.7695340">
    <ele>220.4</ele>
    <time>2025-02-28T14:04:50Z</time>
   </trkpt>
   <trkpt lat="45.7675470" lon="4.7695430">
    <ele>220.4</ele>
    <time>2025-02-28T14:04:51Z</time>
   </trkpt>
   <trkpt lat="45.7675820" lon="4.7695150">
    <ele>220.5</ele>
    <time>2025-02-28T14:04:52Z</time>
   </trkpt>
   <trkpt lat="45.7676000" lon="4.7694800">
    <ele>220.6</ele>
    <time>2025-02-28T14:04:53Z</time>
   </trkpt>
   <trkpt lat="45.7676030" lon="4.7693720">
    <ele>220.8</ele>
    <time>2025-02-28T14:04:54Z</time>
   </trkpt>
   <trkpt lat="45.7675880" lon="4.7693100">
    <ele>220.9</ele>
    <time>2025-02-28T14:04:55Z</time>
   </trkpt>
   <trkpt lat="45.7675890" lon="4.7692420">
    <ele>221.1</ele>
    <time>2025-02-28T14:04:56Z</time>
   </trkpt>
   <trkpt lat="45.7675950" lon="4.7691990">
    <ele>221.1</ele>
    <time>2025-02-28T14:04:57Z</time>
   </trkpt>
   <trkpt lat="45.7676050" lon="4.7691470">
    <ele>221.2</ele>
    <time>2025-02-28T14:04:58Z</time>
   </trkpt>
   <trkpt lat="45.7676120" lon="4.7691320">
    <ele>221.3</ele>
    <time>2025-02-28T14:04:59Z</time>
   </trkpt>
   <trkpt lat="45.7676440" lon="4.7691320">
    <ele>221.4</ele>
    <time>2025-02-28T14:05:00Z</time>
   </trkpt>
   <trkpt lat="45.7676590" lon="4.7691310">
    <ele>221.4</ele>
    <time>2025-02-28T14:05:01Z</time>
   </trkpt>
   <trkpt lat="45.7676890" lon="4.7691290">
    <ele>221.5</ele>
    <time>2025-02-28T14:05:02Z</time>
   </trkpt>
   <trkpt lat="45.7677210" lon="4.7691240">
    <ele>221.6</ele>
    <time>2025-02-28T14:05:03Z</time>
   </trkpt>
   <trkpt lat="45.7677590" lon="4.7691150">
    <ele>221.7</ele>
    <time>2025-02-28T14:05:04Z</time>
   </trkpt>
   <trkpt lat="45.7677750" lon="4.7691110">
    <ele>221.8</ele>
    <time>2025-02-28T14:05:05Z</time>
   </trkpt>
   <trkpt lat="45.7678030" lon="4.7691090">
    <ele>221.8</ele>
    <time>2025-02-28T14:05:06Z</time>
   </trkpt>
   <trkpt lat="45.7678340" lon="4.7691090">
    <ele>221.9</ele>
    <time>2025-02-28T14:05:07Z</time>
   </trkpt>
   <trkpt lat="45.7678640" lon="4.7690920">
    <ele>221.9</ele>
    <time>2025-02-28T14:05:08Z</time>
   </trkpt>
   <trkpt lat="45.7678920" lon="4.7690930">
    <ele>222.0</ele>
    <time>2025-02-28T14:05:09Z</time>
   </trkpt>
   <trkpt lat="45.7679290" lon="4.7690870">
    <ele>222.0</ele>
    <time>2025-02-28T14:05:10Z</time>
   </trkpt>
   <trkpt lat="45.7679420" lon="4.7690870">
    <ele>222.0</ele>
    <time>2025-02-28T14:05:11Z</time>
   </trkpt>
   <trkpt lat="45.7679830" lon="4.7690800">
    <ele>222.0</ele>
    <time>2025-02-28T14:05:12Z</time>
   </trkpt>
   <trkpt lat="45.7679990" lon="4.7690820">
    <ele>222.0</ele>
    <time>2025-02-28T14:05:13Z</time>
   </trkpt>
   <trkpt lat="45.7680330" lon="4.7690750">
    <ele>222.0</ele>
    <time>2025-02-28T14:05:14Z</time>
   </trkpt>
   <trkpt lat="45.7680470" lon="4.7690710">
    <ele>222.0</ele>
    <time>2025-02-28T14:05:15Z</time>
   </trkpt>
   <trkpt lat="45.7680790" lon="4.7690570">
    <ele>221.9</ele>
    <time>2025-02-28T14:05:16Z</time>
   </trkpt>
   <trkpt lat="45.7681070" lon="4.7690610">
    <ele>221.9</ele>
    <time>2025-02-28T14:05:17Z</time>
   </trkpt>
   <trkpt lat="45.7681270" lon="4.7690290">
    <ele>221.5</ele>
    <time>2025-02-28T14:05:18Z</time>
   </trkpt>
   <trkpt lat="45.7681590" lon="4.7690070">
    <ele>221.1</ele>
    <time>2025-02-28T14:05:19Z</time>
   </trkpt>
   <trkpt lat="45.7681880" lon="4.7690140">
    <ele>221.0</ele>
    <time>2025-02-28T14:05:20Z</time>
   </trkpt>
   <trkpt lat="45.7682190" lon="4.7690310">
    <ele>221.0</ele>
    <time>2025-02-28T14:05:21Z</time>
   </trkpt>
   <trkpt lat="45.7682580" lon="4.7690260">
    <ele>220.9</ele>
    <time>2025-02-28T14:05:22Z</time>
   </trkpt>
   <trkpt lat="45.7682740" lon="4.7690300">
    <ele>220.9</ele>
    <time>2025-02-28T14:05:23Z</time>
   </trkpt>
   <trkpt lat="45.7683030" lon="4.7690230">
    <ele>220.8</ele>
    <time>2025-02-28T14:05:24Z</time>
   </trkpt>
   <trkpt lat="45.7683390" lon="4.7690270">
    <ele>220.8</ele>
    <time>2025-02-28T14:05:25Z</time>
   </trkpt>
   <trkpt lat="45.7683710" lon="4.7690150">
    <ele>220.8</ele>
    <time>2025-02-28T14:05:26Z</time>
   </trkpt>
   <trkpt lat="45.7683990" lon="4.7690100">
    <ele>220.7</ele>
    <time>2025-02-28T14:05:27Z</time>
   </trkpt>
   <trkpt lat="45.7684290" lon="4.7690170">
    <ele>220.7</ele>
    <time>2025-02-28T14:05:28Z</time>
   </trkpt>
   <trkpt lat="45.7684590" lon="4.7690330">
    <ele>220.7</ele>
    <time>2025-02-28T14:05:29Z</time>
   </trkpt>
   <trkpt lat="45.7684930" lon="4.7690330">
    <ele>220.6</ele>
    <time>2025-02-28T14:05:30Z</time>
   </trkpt>
   <trkpt lat="45.7685220" lon="4.7690340">
    <ele>220.6</ele>
    <time>2025-02-28T14:05:31Z</time>
   </trkpt>
   <trkpt lat="45.7685590" lon="4.7690320">
    <ele>220.6</ele>
    <time>2025-02-28T14:05:32Z</time>
   </trkpt>
   <trkpt lat="45.7685970" lon="4.7690210">
    <ele>220.5</ele>
    <time>2025-02-28T14:05:33Z</time>
   </trkpt>
   <trkpt lat="45.7686100" lon="4.7690190">
    <ele>220.5</ele>
    <time>2025-02-28T14:05:34Z</time>
   </trkpt>
   <trkpt lat="45.7686410" lon="4.7690080">
    <ele>220.5</ele>
    <time>2025-02-28T14:05:35Z</time>
   </trkpt>
   <trkpt lat="45.7686720" lon="4.7690170">
    <ele>220.5</ele>
    <time>2025-02-28T14:05:36Z</time>
   </trkpt>
   <trkpt lat="45.7687080" lon="4.7690250">
    <ele>220.4</ele>
    <time>2025-02-28T14:05:37Z</time>
   </trkpt>
   <trkpt lat="45.7687420" lon="4.7690250">
    <ele>220.4</ele>
    <time>2025-02-28T14:05:38Z</time>
   </trkpt>
   <trkpt lat="45.7687770" lon="4.7690310">
    <ele>220.3</ele>
    <time>2025-02-28T14:05:39Z</time>
   </trkpt>
   <trkpt lat="45.7688050" lon="4.7690400">
    <ele>220.3</ele>
    <time>2025-02-28T14:05:40Z</time>
   </trkpt>
   <trkpt lat="45.7688430" lon="4.7690280">
    <ele>220.3</ele>
    <time>2025-02-28T14:05:41Z</time>
   </trkpt>
   <trkpt lat="45.7688550" lon="4.7690250">
    <ele>220.3</ele>
    <time>2025-02-28T14:05:42Z</time>
   </trkpt>
   <trkpt lat="45.7688850" lon="4.7690360">
    <ele>220.2</ele>
    <time>2025-02-28T14:05:43Z</time>
   </trkpt>
   <trkpt lat="45.7689140" lon="4.7690650">
    <ele>220.2</ele>
    <time>2025-02-28T14:05:44Z</time>
   </trkpt>
   <trkpt lat="45.7689480" lon="4.7690930">
    <ele>220.1</ele>
    <time>2025-02-28T14:05:45Z</time>
   </trkpt>
   <trkpt lat="45.7689610" lon="4.7691030">
    <ele>220.1</ele>
    <time>2025-02-28T14:05:46Z</time>
   </trkpt>
   <trkpt lat="45.7689930" lon="4.7691170">
    <ele>220.0</ele>
    <time>2025-02-28T14:05:47Z</time>
   </trkpt>
   <trkpt lat="45.7690270" lon="4.7691260">
    <ele>219.9</ele>
    <time>2025-02-28T14:05:48Z</time>
   </trkpt>
   <trkpt lat="45.7690610" lon="4.7691420">
    <ele>219.9</ele>
    <time>2025-02-28T14:05:49Z</time>
   </trkpt>
   <trkpt lat="45.7690900" lon="4.7691530">
    <ele>219.8</ele>
    <time>2025-02-28T14:05:50Z</time>
   </trkpt>
   <trkpt lat="45.7691200" lon="4.7691590">
    <ele>219.8</ele>
    <time>2025-02-28T14:05:51Z</time>
   </trkpt>
   <trkpt lat="45.7691560" lon="4.7691810">
    <ele>219.7</ele>
    <time>2025-02-28T14:05:52Z</time>
   </trkpt>
   <trkpt lat="45.7691710" lon="4.7691880">
    <ele>219.7</ele>
    <time>2025-02-28T14:05:53Z</time>
   </trkpt>
   <trkpt lat="45.7692000" lon="4.7692050">
    <ele>219.6</ele>
    <time>2025-02-28T14:05:54Z</time>
   </trkpt>
   <trkpt lat="45.7692320" lon="4.7692110">
    <ele>219.6</ele>
    <time>2025-02-28T14:05:55Z</time>
   </trkpt>
   <trkpt lat="45.7692610" lon="4.7692170">
    <ele>219.6</ele>
    <time>2025-02-28T14:05:56Z</time>
   </trkpt>
   <trkpt lat="45.7692870" lon="4.7692380">
    <ele>219.5</ele>
    <time>2025-02-28T14:05:57Z</time>
   </trkpt>
   <trkpt lat="45.7693130" lon="4.7692550">
    <ele>219.5</ele>
    <time>2025-02-28T14:05:58Z</time>
   </trkpt>
   <trkpt lat="45.7693420" lon="4.7692610">
    <ele>219.5</ele>
    <time>2025-02-28T14:05:59Z</time>
   </trkpt>
   <trkpt lat="45.7693750" lon="4.7692670">
    <ele>219.4</ele>
    <time>2025-02-28T14:06:00Z</time>
   </trkpt>
   <trkpt lat="45.7694060" lon="4.7692750">
    <ele>219.4</ele>
    <time>2025-02-28T14:06:01Z</time>
   </trkpt>
   <trkpt lat="45.7694350" lon="4.7692920">
    <ele>219.4</ele>
    <time>2025-02-28T14:06:02Z</time>
   </trkpt>
   <trkpt lat="45.7694620" lon="4.7693040">
    <ele>219.4</ele>
    <time>2025-02-28T14:06:03Z</time>
   </trkpt>
   <trkpt lat="45.7694890" lon="4.7693290">
    <ele>219.4</ele>
    <time>2025-02-28T14:06:04Z</time>
   </trkpt>
   <trkpt lat="45.7695180" lon="4.7693500">
    <ele>219.4</ele>
    <time>2025-02-28T14:06:05Z</time>
   </trkpt>
   <trkpt lat="45.7695440" lon="4.7693760">
    <ele>219.4</ele>
    <time>2025-02-28T14:06:06Z</time>
   </trkpt>
   <trkpt lat="45.7695700" lon="4.7694030">
    <ele>219.4</ele>
    <time>2025-02-28T14:06:07Z</time>
   </trkpt>
   <trkpt lat="45.7696040" lon="4.7694220">
    <ele>219.4</ele>
    <time>2025-02-28T14:06:08Z</time>
   </trkpt>
   <trkpt lat="45.7696370" lon="4.7694560">
    <ele>219.4</ele>
    <time>2025-02-28T14:06:09Z</time>
   </trkpt>
   <trkpt lat="45.7696500" lon="4.7694670">
    <ele>219.4</ele>
    <time>2025-02-28T14:06:10Z</time>
   </trkpt>
   <trkpt lat="45.7696760" lon="4.7694920">
    <ele>219.4</ele>
    <time>2025-02-28T14:06:11Z</time>
   </trkpt>
   <trkpt lat="45.7697040" lon="4.7695030">
    <ele>219.4</ele>
    <time>2025-02-28T14:06:12Z</time>
   </trkpt>
   <trkpt lat="45.7697380" lon="4.7695340">
    <ele>219.4</ele>
    <time>2025-02-28T14:06:13Z</time>
   </trkpt>
   <trkpt lat="45.7697500" lon="4.7695450">
    <ele>219.4</ele>
    <time>2025-02-28T14:06:14Z</time>
   </trkpt>
   <trkpt lat="45.7697880" lon="4.7695710">
    <ele>219.5</ele>
    <time>2025-02-28T14:06:15Z</time>
   </trkpt>
   <trkpt lat="45.7698010" lon="4.7695810">
    <ele>219.5</ele>
    <time>2025-02-28T14:06:16Z</time>
   </trkpt>
   <trkpt lat="45.7698280" lon="4.7696220">
    <ele>219.6</ele>
    <time>2025-02-28T14:06:17Z</time>
   </trkpt>
   <trkpt lat="45.7698370" lon="4.7696370">
    <ele>219.6</ele>
    <time>2025-02-28T14:06:18Z</time>
   </trkpt>
   <trkpt lat="45.7698610" lon="4.7696610">
    <ele>219.7</ele>
    <time>2025-02-28T14:06:19Z</time>
   </trkpt>
   <trkpt lat="45.7698940" lon="4.7696850">
    <ele>219.7</ele>
    <time>2025-02-28T14:06:20Z</time>
   </trkpt>
   <trkpt lat="45.7699050" lon="4.7696950">
    <ele>219.8</ele>
    <time>2025-02-28T14:06:21Z</time>
   </trkpt>
   <trkpt lat="45.7699360" lon="4.7697300">
    <ele>219.9</ele>
    <time>2025-02-28T14:06:22Z</time>
   </trkpt>
   <trkpt lat="45.7699470" lon="4.7697410">
    <ele>219.9</ele>
    <time>2025-02-28T14:06:23Z</time>
   </trkpt>
   <trkpt lat="45.7699700" lon="4.7697680">
    <ele>220.0</ele>
    <time>2025-02-28T14:06:24Z</time>
   </trkpt>
   <trkpt lat="45.7699880" lon="4.7698020">
    <ele>220.1</ele>
    <time>2025-02-28T14:06:25Z</time>
   </trkpt>
   <trkpt lat="45.7700120" lon="4.7698280">
    <ele>220.2</ele>
    <time>2025-02-28T14:06:26Z</time>
   </trkpt>
   <trkpt lat="45.7700370" lon="4.7698460">
    <ele>220.2</ele>
    <time>2025-02-28T14:06:27Z</time>
   </trkpt>
   <trkpt lat="45.7700650" lon="4.7698860">
    <ele>220.4</ele>
    <time>2025-02-28T14:06:28Z</time>
   </trkpt>
   <trkpt lat="45.7700760" lon="4.7699000">
    <ele>220.4</ele>
    <time>2025-02-28T14:06:29Z</time>
   </trkpt>
   <trkpt lat="45.7701060" lon="4.7699340">
    <ele>220.5</ele>
    <time>2025-02-28T14:06:30Z</time>
   </trkpt>
   <trkpt lat="45.7701150" lon="4.7699450">
    <ele>220.5</ele>
    <time>2025-02-28T14:06:31Z</time>
   </trkpt>
   <trkpt lat="45.7701440" lon="4.7699650">
    <ele>220.6</ele>
    <time>2025-02-28T14:06:32Z</time>
   </trkpt>
   <trkpt lat="45.7701670" lon="4.7700130">
    <ele>220.7</ele>
    <time>2025-02-28T14:06:33Z</time>
   </trkpt>
   <trkpt lat="45.7701730" lon="4.7700340">
    <ele>220.8</ele>
    <time>2025-02-28T14:06:34Z</time>
   </trkpt>
   <trkpt lat="45.7701850" lon="4.7700700">
    <ele>220.9</ele>
    <time>2025-02-28T14:06:35Z</time>
   </trkpt>
   <trkpt lat="45.7702110" lon="4.7701020">
    <ele>221.0</ele>
    <time>2025-02-28T14:06:36Z</time>
   </trkpt>
   <trkpt lat="45.7702200" lon="4.7701190">
    <ele>221.0</ele>
    <time>2025-02-28T14:06:37Z</time>
   </trkpt>
   <trkpt lat="45.7702350" lon="4.7701590">
    <ele>221.1</ele>
    <time>2025-02-28T14:06:38Z</time>
   </trkpt>
   <trkpt lat="45.7702530" lon="4.7701920">
    <ele>221.2</ele>
    <time>2025-02-28T14:06:39Z</time>
   </trkpt>
   <trkpt lat="45.7702720" lon="4.7702210">
    <ele>221.2</ele>
    <time>2025-02-28T14:06:40Z</time>
   </trkpt>
   <trkpt lat="45.7703050" lon="4.7702520">
    <ele>221.3</ele>
    <time>2025-02-28T14:06:41Z</time>
   </trkpt>
   <trkpt lat="45.7703150" lon="4.7702660">
    <ele>221.4</ele>
    <time>2025-02-28T14:06:42Z</time>
   </trkpt>
   <trkpt lat="45.7703420" lon="4.7702950">
    <ele>221.5</ele>
    <time>2025-02-28T14:06:43Z</time>
   </trkpt>
   <trkpt lat="45.7703510" lon="4.7703060">
    <ele>221.5</ele>
    <time>2025-02-28T14:06:44Z</time>
   </trkpt>
   <trkpt lat="45.7703690" lon="4.7703370">
    <ele>221.6</ele>
    <time>2025-02-28T14:06:45Z</time>
   </trkpt>
   <trkpt lat="45.7703910" lon="4.7703680">
    <ele>221.7</ele>
    <time>2025-02-28T14:06:46Z</time>
   </trkpt>
   <trkpt lat="45.7704120" lon="4.7703990">
    <ele>221.7</ele>
    <time>2025-02-28T14:06:47Z</time>
   </trkpt>
   <trkpt lat="45.7704380" lon="4.7704370">
    <ele>221.9</ele>
    <time>2025-02-28T14:06:48Z</time>
   </trkpt>
   <trkpt lat="45.7704430" lon="4.7704610">
    <ele>221.9</ele>
    <time>2025-02-28T14:06:49Z</time>
   </trkpt>
   <trkpt lat="45.7704680" lon="4.7704780">
    <ele>222.0</ele>
    <time>2025-02-28T14:06:50Z</time>
   </trkpt>
   <trkpt lat="45.7704940" lon="4.7705190">
    <ele>222.1</ele>
    <time>2025-02-28T14:06:51Z</time>
   </trkpt>
   <trkpt lat="45.7705030" lon="4.7705350">
    <ele>222.2</ele>
    <time>2025-02-28T14:06:52Z</time>
   </trkpt>
   <trkpt lat="45.7705250" lon="4.7705620">
    <ele>222.3</ele>
    <time>2025-02-28T14:06:53Z</time>
   </trkpt>
   <trkpt lat="45.7705480" lon="4.7705840">
    <ele>222.4</ele>
    <time>2025-02-28T14:06:54Z</time>
   </trkpt>
   <trkpt lat="45.7705750" lon="4.7706010">
    <ele>222.5</ele>
    <time>2025-02-28T14:06:55Z</time>
   </trkpt>
   <trkpt lat="45.7706040" lon="4.7706140">
    <ele>222.6</ele>
    <time>2025-02-28T14:06:56Z</time>
   </trkpt>
   <trkpt lat="45.7706280" lon="4.7706410">
    <ele>222.8</ele>
    <time>2025-02-28T14:06:57Z</time>
   </trkpt>
   <trkpt lat="45.7706400" lon="4.7706540">
    <ele>222.8</ele>
    <time>2025-02-28T14:06:58Z</time>
   </trkpt>
   <trkpt lat="45.7706670" lon="4.7706780">
    <ele>223.0</ele>
    <time>2025-02-28T14:06:59Z</time>
   </trkpt>
   <trkpt lat="45.7706940" lon="4.7706870">
    <ele>223.1</ele>
    <time>2025-02-28T14:07:00Z</time>
   </trkpt>
   <trkpt lat="45.7707250" lon="4.7706710">
    <ele>223.1</ele>
    <time>2025-02-28T14:07:01Z</time>
   </trkpt>
   <trkpt lat="45.7707650" lon="4.7706500">
    <ele>223.2</ele>
    <time>2025-02-28T14:07:02Z</time>
   </trkpt>
   <trkpt lat="45.7707820" lon="4.7706400">
    <ele>223.2</ele>
    <time>2025-02-28T14:07:03Z</time>
   </trkpt>
   <trkpt lat="45.7708080" lon="4.7706280">
    <ele>223.2</ele>
    <time>2025-02-28T14:07:04Z</time>
   </trkpt>
   <trkpt lat="45.7708270" lon="4.7705840">
    <ele>223.2</ele>
    <time>2025-02-28T14:07:05Z</time>
   </trkpt>
   <trkpt lat="45.7708350" lon="4.7705400">
    <ele>223.2</ele>
    <time>2025-02-28T14:07:06Z</time>
   </trkpt>
   <trkpt lat="45.7708390" lon="4.7704860">
    <ele>223.2</ele>
    <time>2025-02-28T14:07:07Z</time>
   </trkpt>
   <trkpt lat="45.7708320" lon="4.7704380">
    <ele>223.2</ele>
    <time>2025-02-28T14:07:08Z</time>
   </trkpt>
   <trkpt lat="45.7708320" lon="4.7703900">
    <ele>223.3</ele>
    <time>2025-02-28T14:07:09Z</time>
   </trkpt>
   <trkpt lat="45.7708520" lon="4.7703400">
    <ele>223.3</ele>
    <time>2025-02-28T14:07:10Z</time>
   </trkpt>
   <trkpt lat="45.7708590" lon="4.7702970">
    <ele>223.3</ele>
    <time>2025-02-28T14:07:11Z</time>
   </trkpt>
   <trkpt lat="45.7708700" lon="4.7702620">
    <ele>223.3</ele>
    <time>2025-02-28T14:07:12Z</time>
   </trkpt>
   <trkpt lat="45.7708730" lon="4.7702160">
    <ele>223.4</ele>
    <time>2025-02-28T14:07:13Z</time>
   </trkpt>
   <trkpt lat="45.7708650" lon="4.7701600">
    <ele>223.4</ele>
    <time>2025-02-28T14:07:14Z</time>
   </trkpt>
   <trkpt lat="45.7708650" lon="4.7701390">
    <ele>223.4</ele>
    <time>2025-02-28T14:07:15Z</time>
   </trkpt>
   <trkpt lat="45.7708700" lon="4.7700890">
    <ele>223.5</ele>
    <time>2025-02-28T14:07:16Z</time>
   </trkpt>
   <trkpt lat="45.7708660" lon="4.7700450">
    <ele>223.5</ele>
    <time>2025-02-28T14:07:17Z</time>
   </trkpt>
   <trkpt lat="45.7708590" lon="4.7700020">
    <ele>223.6</ele>
    <time>2025-02-28T14:07:18Z</time>
   </trkpt>
   <trkpt lat="45.7708530" lon="4.7699470">
    <ele>223.7</ele>
    <time>2025-02-28T14:07:19Z</time>
   </trkpt>
   <trkpt lat="45.7708510" lon="4.7699290">
    <ele>223.7</ele>
    <time>2025-02-28T14:07:20Z</time>
   </trkpt>
   <trkpt lat="45.7708440" lon="4.7698830">
    <ele>223.8</ele>
    <time>2025-02-28T14:07:21Z</time>
   </trkpt>
   <trkpt lat="45.7708290" lon="4.7698390">
    <ele>223.9</ele>
    <time>2025-02-28T14:07:22Z</time>
   </trkpt>
   <trkpt lat="45.7708220" lon="4.7698200">
    <ele>224.0</ele>
    <time>2025-02-28T14:07:23Z</time>
   </trkpt>
   <trkpt lat="45.7708160" lon="4.7697700">
    <ele>224.1</ele>
    <time>2025-02-28T14:07:24Z</time>
   </trkpt>
   <trkpt lat="45.7708100" lon="4.7696730">
    <ele>224.4</ele>
    <time>2025-02-28T14:07:25Z</time>
   </trkpt>
   <trkpt lat="45.7708000" lon="4.7696330">
    <ele>224.6</ele>
    <time>2025-02-28T14:07:26Z</time>
   </trkpt>
   <trkpt lat="45.7707950" lon="4.7695920">
    <ele>224.8</ele>
    <time>2025-02-28T14:07:28Z</time>
   </trkpt>
   <trkpt lat="45.7707850" lon="4.7695540">
    <ele>224.9</ele>
    <time>2025-02-28T14:07:29Z</time>
   </trkpt>
   <trkpt lat="45.7707810" lon="4.7695090">
    <ele>225.1</ele>
    <time>2025-02-28T14:07:30Z</time>
   </trkpt>
   <trkpt lat="45.7707600" lon="4.7694840">
    <ele>225.3</ele>
    <time>2025-02-28T14:07:31Z</time>
   </trkpt>
   <trkpt lat="45.7707460" lon="4.7694480">
    <ele>225.5</ele>
    <time>2025-02-28T14:07:32Z</time>
   </trkpt>
   <trkpt lat="45.7707300" lon="4.7694110">
    <ele>225.7</ele>
    <time>2025-02-28T14:07:33Z</time>
   </trkpt>
   <trkpt lat="45.7707110" lon="4.7693710">
    <ele>225.9</ele>
    <time>2025-02-28T14:07:34Z</time>
   </trkpt>
   <trkpt lat="45.7707000" lon="4.7693350">
    <ele>226.1</ele>
    <time>2025-02-28T14:07:35Z</time>
   </trkpt>
   <trkpt lat="45.7706910" lon="4.7692860">
    <ele>226.3</ele>
    <time>2025-02-28T14:07:36Z</time>
   </trkpt>
   <trkpt lat="45.7706860" lon="4.7692700">
    <ele>226.4</ele>
    <time>2025-02-28T14:07:37Z</time>
   </trkpt>
   <trkpt lat="45.7706920" lon="4.7692210">
    <ele>226.7</ele>
    <time>2025-02-28T14:07:38Z</time>
   </trkpt>
   <trkpt lat="45.7706840" lon="4.7691530">
    <ele>227.1</ele>
    <time>2025-02-28T14:07:39Z</time>
   </trkpt>
   <trkpt lat="45.7706810" lon="4.7691160">
    <ele>227.3</ele>
    <time>2025-02-28T14:07:40Z</time>
   </trkpt>
   <trkpt lat="45.7706700" lon="4.7690630">
    <ele>227.6</ele>
    <time>2025-02-28T14:07:41Z</time>
   </trkpt>
   <trkpt lat="45.7706640" lon="4.7690440">
    <ele>227.8</ele>
    <time>2025-02-28T14:07:42Z</time>
   </trkpt>
   <trkpt lat="45.7706470" lon="4.7690130">
    <ele>228.0</ele>
    <time>2025-02-28T14:07:43Z</time>
   </trkpt>
   <trkpt lat="45.7706400" lon="4.7689750">
    <ele>228.3</ele>
    <time>2025-02-28T14:07:44Z</time>
   </trkpt>
   <trkpt lat="45.7706360" lon="4.7689230">
    <ele>228.6</ele>
    <time>2025-02-28T14:07:45Z</time>
   </trkpt>
   <trkpt lat="45.7706310" lon="4.7689090">
    <ele>228.7</ele>
    <time>2025-02-28T14:07:46Z</time>
   </trkpt>
   <trkpt lat="45.7706340" lon="4.7688660">
    <ele>229.1</ele>
    <time>2025-02-28T14:07:47Z</time>
   </trkpt>
   <trkpt lat="45.7706250" lon="4.7688170">
    <ele>229.5</ele>
    <time>2025-02-28T14:07:48Z</time>
   </trkpt>
   <trkpt lat="45.7706270" lon="4.7687990">
    <ele>229.6</ele>
    <time>2025-02-28T14:07:49Z</time>
   </trkpt>
   <trkpt lat="45.7706150" lon="4.7687590">
    <ele>229.9</ele>
    <time>2025-02-28T14:07:50Z</time>
   </trkpt>
   <trkpt lat="45.7705930" lon="4.7687150">
    <ele>230.4</ele>
    <time>2025-02-28T14:07:51Z</time>
   </trkpt>
   <trkpt lat="45.7705790" lon="4.7687020">
    <ele>230.6</ele>
    <time>2025-02-28T14:07:52Z</time>
   </trkpt>
   <trkpt lat="45.7705570" lon="4.7686640">
    <ele>231.0</ele>
    <time>2025-02-28T14:07:53Z</time>
   </trkpt>
   <trkpt lat="45.7705490" lon="4.7686460">
    <ele>231.2</ele>
    <time>2025-02-28T14:07:54Z</time>
   </trkpt>
   <trkpt lat="45.7705420" lon="4.7686300">
    <ele>231.4</ele>
    <time>2025-02-28T14:07:55Z</time>
   </trkpt>
   <trkpt lat="45.7705330" lon="4.7686000">
    <ele>231.7</ele>
    <time>2025-02-28T14:07:56Z</time>
   </trkpt>
   <trkpt lat="45.7705240" lon="4.7685600">
    <ele>232.1</ele>
    <time>2025-02-28T14:07:57Z</time>
   </trkpt>
   <trkpt lat="45.7705190" lon="4.7685150">
    <ele>232.5</ele>
    <time>2025-02-28T14:07:58Z</time>
   </trkpt>
   <trkpt lat="45.7705160" lon="4.7685010">
    <ele>232.7</ele>
    <time>2025-02-28T14:07:59Z</time>
   </trkpt>
   <trkpt lat="45.7705110" lon="4.7684500">
    <ele>233.2</ele>
    <time>2025-02-28T14:08:00Z</time>
   </trkpt>
   <trkpt lat="45.7705080" lon="4.7684320">
    <ele>233.4</ele>
    <time>2025-02-28T14:08:01Z</time>
   </trkpt>
   <trkpt lat="45.7705080" lon="4.7683810">
    <ele>234.0</ele>
    <time>2025-02-28T14:08:02Z</time>
   </trkpt>
   <trkpt lat="45.7705110" lon="4.7683610">
    <ele>234.2</ele>
    <time>2025-02-28T14:08:03Z</time>
   </trkpt>
   <trkpt lat="45.7704920" lon="4.7683140">
    <ele>234.7</ele>
    <time>2025-02-28T14:08:04Z</time>
   </trkpt>
   <trkpt lat="45.7704880" lon="4.7682960">
    <ele>234.9</ele>
    <time>2025-02-28T14:08:05Z</time>
   </trkpt>
   <trkpt lat="45.7704810" lon="4.7682690">
    <ele>235.2</ele>
    <time>2025-02-28T14:08:06Z</time>
   </trkpt>
   <trkpt lat="45.7704830" lon="4.7682480">
    <ele>235.5</ele>
    <time>2025-02-28T14:08:07Z</time>
   </trkpt>
   <trkpt lat="45.7704580" lon="4.7682240">
    <ele>235.9</ele>
    <time>2025-02-28T14:08:08Z</time>
   </trkpt>
   <trkpt lat="45.7704430" lon="4.7681810">
    <ele>236.4</ele>
    <time>2025-02-28T14:08:09Z</time>
   </trkpt>
   <trkpt lat="45.7704370" lon="4.7681670">
    <ele>236.6</ele>
    <time>2025-02-28T14:08:10Z</time>
   </trkpt>
   <trkpt lat="45.7704270" lon="4.7681240">
    <ele>237.1</ele>
    <time>2025-02-28T14:08:11Z</time>
   </trkpt>
   <trkpt lat="45.7704240" lon="4.7681070">
    <ele>237.2</ele>
    <time>2025-02-28T14:08:12Z</time>
   </trkpt>
   <trkpt lat="45.7704140" lon="4.7680640">
    <ele>237.7</ele>
    <time>2025-02-28T14:08:13Z</time>
   </trkpt>
   <trkpt lat="45.7704080" lon="4.7680590">
    <ele>237.8</ele>
    <time>2025-02-28T14:08:14Z</time>
   </trkpt>
   <trkpt lat="45.7704250" lon="4.7680320">
    <ele>238.1</ele>
    <time>2025-02-28T14:08:15Z</time>
   </trkpt>
   <trkpt lat="45.7704300" lon="4.7680260">
    <ele>238.2</ele>
    <time>2025-02-28T14:08:16Z</time>
   </trkpt>
   <trkpt lat="45.7704350" lon="4.7680210">
    <ele>238.3</ele>
    <time>2025-02-28T14:08:17Z</time>
   </trkpt>
   <trkpt lat="45.7704410" lon="4.7679830">
    <ele>238.6</ele>
    <time>2025-02-28T14:08:18Z</time>
   </trkpt>
   <trkpt lat="45.7704310" lon="4.7679400">
    <ele>238.7</ele>
    <time>2025-02-28T14:08:19Z</time>
   </trkpt>
   <trkpt lat="45.7704270" lon="4.7678880">
    <ele>238.8</ele>
    <time>2025-02-28T14:08:20Z</time>
   </trkpt>
   <trkpt lat="45.7704210" lon="4.7678460">
    <ele>238.9</ele>
    <time>2025-02-28T14:08:21Z</time>
   </trkpt>
   <trkpt lat="45.7704130" lon="4.7678070">
    <ele>239.0</ele>
    <time>2025-02-28T14:08:22Z</time>
   </trkpt>
   <trkpt lat="45.7704140" lon="4.7677680">
    <ele>239.1</ele>
    <time>2025-02-28T14:08:23Z</time>
   </trkpt>
   <trkpt lat="45.7704180" lon="4.7677690">
    <ele>239.1</ele>
    <time>2025-02-28T14:08:24Z</time>
   </trkpt>
   <trkpt lat="45.7704390" lon="4.7677320">
    <ele>239.2</ele>
    <time>2025-02-28T14:08:25Z</time>
   </trkpt>
   <trkpt lat="45.7704450" lon="4.7676940">
    <ele>239.2</ele>
    <time>2025-02-28T14:08:26Z</time>
   </trkpt>
   <trkpt lat="45.7704500" lon="4.7676380">
    <ele>239.2</ele>
    <time>2025-02-28T14:08:27Z</time>
   </trkpt>
   <trkpt lat="45.7704540" lon="4.7676140">
    <ele>239.2</ele>
    <time>2025-02-28T14:08:28Z</time>
   </trkpt>
   <trkpt lat="45.7704770" lon="4.7675770">
    <ele>239.2</ele>
    <time>2025-02-28T14:08:29Z</time>
   </trkpt>
   <trkpt lat="45.7705140" lon="4.7675470">
    <ele>239.2</ele>
    <time>2025-02-28T14:08:30Z</time>
   </trkpt>
   <trkpt lat="45.7705290" lon="4.7675310">
    <ele>239.2</ele>
    <time>2025-02-28T14:08:31Z</time>
   </trkpt>
   <trkpt lat="45.7705640" lon="4.7675230">
    <ele>239.2</ele>
    <time>2025-02-28T14:08:32Z</time>
   </trkpt>
   <trkpt lat="45.7705890" lon="4.7674730">
    <ele>239.2</ele>
    <time>2025-02-28T14:08:33Z</time>
   </trkpt>
   <trkpt lat="45.7705950" lon="4.7674470">
    <ele>239.2</ele>
    <time>2025-02-28T14:08:34Z</time>
   </trkpt>
   <trkpt lat="45.7706190" lon="4.7674080">
    <ele>239.3</ele>
    <time>2025-02-28T14:08:35Z</time>
   </trkpt>
   <trkpt lat="45.7706280" lon="4.7673910">
    <ele>239.3</ele>
    <time>2025-02-28T14:08:36Z</time>
   </trkpt>
   <trkpt lat="45.7706530" lon="4.7673720">
    <ele>239.3</ele>
    <time>2025-02-28T14:08:37Z</time>
   </trkpt>
   <trkpt lat="45.7706720" lon="4.7673350">
    <ele>239.4</ele>
    <time>2025-02-28T14:08:38Z</time>
   </trkpt>
   <trkpt lat="45.7706910" lon="4.7672980">
    <ele>239.5</ele>
    <time>2025-02-28T14:08:39Z</time>
   </trkpt>
   <trkpt lat="45.7706980" lon="4.7672510">
    <ele>239.6</ele>
    <time>2025-02-28T14:08:40Z</time>
   </trkpt>
   <trkpt lat="45.7707130" lon="4.7672140">
    <ele>239.6</ele>
    <time>2025-02-28T14:08:41Z</time>
   </trkpt>
   <trkpt lat="45.7707250" lon="4.7671710">
    <ele>239.7</ele>
    <time>2025-02-28T14:08:43Z</time>
   </trkpt>
   <trkpt lat="45.7707340" lon="4.7671340">
    <ele>239.8</ele>
    <time>2025-02-28T14:08:44Z</time>
   </trkpt>
   <trkpt lat="45.7707430" lon="4.7670890">
    <ele>239.9</ele>
    <time>2025-02-28T14:08:45Z</time>
   </trkpt>
   <trkpt lat="45.7707510" lon="4.7670470">
    <ele>240.0</ele>
    <time>2025-02-28T14:08:46Z</time>
   </trkpt>
   <trkpt lat="45.7707620" lon="4.7669910">
    <ele>240.1</ele>
    <time>2025-02-28T14:08:47Z</time>
   </trkpt>
   <trkpt lat="45.7707690" lon="4.7669720">
    <ele>240.1</ele>
    <time>2025-02-28T14:08:48Z</time>
   </trkpt>
   <trkpt lat="45.7707670" lon="4.7669160">
    <ele>240.2</ele>
    <time>2025-02-28T14:08:49Z</time>
   </trkpt>
   <trkpt lat="45.7707640" lon="4.7668970">
    <ele>240.2</ele>
    <time>2025-02-28T14:08:50Z</time>
   </trkpt>
   <trkpt lat="45.7707660" lon="4.7668400">
    <ele>240.3</ele>
    <time>2025-02-28T14:08:51Z</time>
   </trkpt>
   <trkpt lat="45.7707630" lon="4.7668210">
    <ele>240.4</ele>
    <time>2025-02-28T14:08:52Z</time>
   </trkpt>
   <trkpt lat="45.7707690" lon="4.7667800">
    <ele>240.4</ele>
    <time>2025-02-28T14:08:53Z</time>
   </trkpt>
   <trkpt lat="45.7707640" lon="4.7667400">
    <ele>240.5</ele>
    <time>2025-02-28T14:08:54Z</time>
   </trkpt>
   <trkpt lat="45.7707660" lon="4.7666970">
    <ele>240.6</ele>
    <time>2025-02-28T14:08:55Z</time>
   </trkpt>
   <trkpt lat="45.7707750" lon="4.7666570">
    <ele>240.7</ele>
    <time>2025-02-28T14:08:56Z</time>
   </trkpt>
   <trkpt lat="45.7707860" lon="4.7666100">
    <ele>240.8</ele>
    <time>2025-02-28T14:08:57Z</time>
   </trkpt>
   <trkpt lat="45.7707890" lon="4.7665700">
    <ele>240.9</ele>
    <time>2025-02-28T14:08:58Z</time>
   </trkpt>
   <trkpt lat="45.7707910" lon="4.7665090">
    <ele>241.0</ele>
    <time>2025-02-28T14:08:59Z</time>
   </trkpt>
   <trkpt lat="45.7707900" lon="4.7664860">
    <ele>241.0</ele>
    <time>2025-02-28T14:09:00Z</time>
   </trkpt>
   <trkpt lat="45.7707900" lon="4.7664400">
    <ele>241.1</ele>
    <time>2025-02-28T14:09:01Z</time>
   </trkpt>
   <trkpt lat="45.7707990" lon="4.7663990">
    <ele>241.2</ele>
    <time>2025-02-28T14:09:02Z</time>
   </trkpt>
   <trkpt lat="45.7708080" lon="4.7663620">
    <ele>241.3</ele>
    <time>2025-02-28T14:09:03Z</time>
   </trkpt>
   <trkpt lat="45.7707980" lon="4.7663250">
    <ele>241.4</ele>
    <time>2025-02-28T14:09:04Z</time>
   </trkpt>
   <trkpt lat="45.7708170" lon="4.7662860">
    <ele>241.5</ele>
    <time>2025-02-28T14:09:05Z</time>
   </trkpt>
   <trkpt lat="45.7708250" lon="4.7662710">
    <ele>241.5</ele>
    <time>2025-02-28T14:09:06Z</time>
   </trkpt>
   <trkpt lat="45.7708370" lon="4.7662230">
    <ele>241.6</ele>
    <time>2025-02-28T14:09:07Z</time>
   </trkpt>
   <trkpt lat="45.7708440" lon="4.7662080">
    <ele>241.6</ele>
    <time>2025-02-28T14:09:08Z</time>
   </trkpt>
   <trkpt lat="45.7708640" lon="4.7661620">
    <ele>241.7</ele>
    <time>2025-02-28T14:09:09Z</time>
   </trkpt>
   <trkpt lat="45.7708690" lon="4.7661470">
    <ele>241.8</ele>
    <time>2025-02-28T14:09:10Z</time>
   </trkpt>
   <trkpt lat="45.7708910" lon="4.7661180">
    <ele>241.9</ele>
    <time>2025-02-28T14:09:11Z</time>
   </trkpt>
   <trkpt lat="45.7709180" lon="4.7660780">
    <ele>242.0</ele>
    <time>2025-02-28T14:09:12Z</time>
   </trkpt>
   <trkpt lat="45.7709280" lon="4.7660660">
    <ele>242.0</ele>
    <time>2025-02-28T14:09:13Z</time>
   </trkpt>
   <trkpt lat="45.7709540" lon="4.7660230">
    <ele>242.1</ele>
    <time>2025-02-28T14:09:14Z</time>
   </trkpt>
   <trkpt lat="45.7709620" lon="4.7660050">
    <ele>242.2</ele>
    <time>2025-02-28T14:09:15Z</time>
   </trkpt>
   <trkpt lat="45.7709890" lon="4.7659640">
    <ele>242.3</ele>
    <time>2025-02-28T14:09:16Z</time>
   </trkpt>
   <trkpt lat="45.7709990" lon="4.7659470">
    <ele>242.3</ele>
    <time>2025-02-28T14:09:17Z</time>
   </trkpt>
   <trkpt lat="45.7710300" lon="4.7659090">
    <ele>242.4</ele>
    <time>2025-02-28T14:09:18Z</time>
   </trkpt>
   <trkpt lat="45.7710380" lon="4.7658920">
    <ele>242.5</ele>
    <time>2025-02-28T14:09:19Z</time>
   </trkpt>
   <trkpt lat="45.7710660" lon="4.7658610">
    <ele>242.6</ele>
    <time>2025-02-28T14:09:20Z</time>
   </trkpt>
   <trkpt lat="45.7710760" lon="4.7658480">
    <ele>242.6</ele>
    <time>2025-02-28T14:09:21Z</time>
   </trkpt>
   <trkpt lat="45.7711030" lon="4.7658340">
    <ele>242.7</ele>
    <time>2025-02-28T14:09:22Z</time>
   </trkpt>
   <trkpt lat="45.7711320" lon="4.7658460">
    <ele>242.8</ele>
    <time>2025-02-28T14:09:23Z</time>
   </trkpt>
   <trkpt lat="45.7711680" lon="4.7658420">
    <ele>242.8</ele>
    <time>2025-02-28T14:09:24Z</time>
   </trkpt>
   <trkpt lat="45.7711840" lon="4.7658380">
    <ele>242.9</ele>
    <time>2025-02-28T14:09:25Z</time>
   </trkpt>
   <trkpt lat="45.7712220" lon="4.7658350">
    <ele>243.0</ele>
    <time>2025-02-28T14:09:26Z</time>
   </trkpt>
   <trkpt lat="45.7712340" lon="4.7658390">
    <ele>243.0</ele>
    <time>2025-02-28T14:09:27Z</time>
   </trkpt>
   <trkpt lat="45.7712730" lon="4.7658340">
    <ele>243.1</ele>
    <time>2025-02-28T14:09:28Z</time>
   </trkpt>
   <trkpt lat="45.7712890" lon="4.7658310">
    <ele>243.1</ele>
    <time>2025-02-28T14:09:29Z</time>
   </trkpt>
   <trkpt lat="45.7713270" lon="4.7658560">
    <ele>243.2</ele>
    <time>2025-02-28T14:09:30Z</time>
   </trkpt>
   <trkpt lat="45.7713430" lon="4.7658660">
    <ele>243.2</ele>
    <time>2025-02-28T14:09:31Z</time>
   </trkpt>
   <trkpt lat="45.7713720" lon="4.7658840">
    <ele>243.3</ele>
    <time>2025-02-28T14:09:32Z</time>
   </trkpt>
   <trkpt lat="45.7714050" lon="4.7658780">
    <ele>243.4</ele>
    <time>2025-02-28T14:09:33Z</time>
   </trkpt>
   <trkpt lat="45.7714390" lon="4.7658770">
    <ele>243.5</ele>
    <time>2025-02-28T14:09:34Z</time>
   </trkpt>
   <trkpt lat="45.7714680" lon="4.7658630">
    <ele>243.5</ele>
    <time>2025-02-28T14:09:35Z</time>
   </trkpt>
   <trkpt lat="45.7715020" lon="4.7658540">
    <ele>243.6</ele>
    <time>2025-02-28T14:09:36Z</time>
   </trkpt>
   <trkpt lat="45.7715420" lon="4.7658480">
    <ele>243.7</ele>
    <time>2025-02-28T14:09:37Z</time>
   </trkpt>
   <trkpt lat="45.7715560" lon="4.7658530">
    <ele>243.8</ele>
    <time>2025-02-28T14:09:38Z</time>
   </trkpt>
   <trkpt lat="45.7715820" lon="4.7658680">
    <ele>243.9</ele>
    <time>2025-02-28T14:09:39Z</time>
   </trkpt>
   <trkpt lat="45.7716190" lon="4.7658670">
    <ele>244.0</ele>
    <time>2025-02-28T14:09:40Z</time>
   </trkpt>
   <trkpt lat="45.7716350" lon="4.7658640">
    <ele>244.0</ele>
    <time>2025-02-28T14:09:41Z</time>
   </trkpt>
   <trkpt lat="45.7716730" lon="4.7658680">
    <ele>244.1</ele>
    <time>2025-02-28T14:09:42Z</time>
   </trkpt>
   <trkpt lat="45.7716870" lon="4.7658730">
    <ele>244.2</ele>
    <time>2025-02-28T14:09:43Z</time>
   </trkpt>
   <trkpt lat="45.7717230" lon="4.7658890">
    <ele>244.3</ele>
    <time>2025-02-28T14:09:44Z</time>
   </trkpt>
   <trkpt lat="45.7717380" lon="4.7658940">
    <ele>244.3</ele>
    <time>2025-02-28T14:09:45Z</time>
   </trkpt>
   <trkpt lat="45.7717650" lon="4.7658970">
    <ele>244.4</ele>
    <time>2025-02-28T14:09:46Z</time>
   </trkpt>
   <trkpt lat="45.7717970" lon="4.7658890">
    <ele>244.5</ele>
    <time>2025-02-28T14:09:47Z</time>
   </trkpt>
   <trkpt lat="45.7718370" lon="4.7658910">
    <ele>244.6</ele>
    <time>2025-02-28T14:09:48Z</time>
   </trkpt>
   <trkpt lat="45.7718520" lon="4.7658940">
    <ele>244.7</ele>
    <time>2025-02-28T14:09:49Z</time>
   </trkpt>
   <trkpt lat="45.7718980" lon="4.7659020">
    <ele>244.8</ele>
    <time>2025-02-28T14:09:50Z</time>
   </trkpt>
   <trkpt lat="45.7719240" lon="4.7659160">
    <ele>244.9</ele>
    <time>2025-02-28T14:09:51Z</time>
   </trkpt>
   <trkpt lat="45.7719510" lon="4.7659550">
    <ele>245.1</ele>
    <time>2025-02-28T14:09:52Z</time>
   </trkpt>
   <trkpt lat="45.7719600" lon="4.7659670">
    <ele>245.1</ele>
    <time>2025-02-28T14:09:53Z</time>
   </trkpt>
   <trkpt lat="45.7719820" lon="4.7660120">
    <ele>245.3</ele>
    <time>2025-02-28T14:09:54Z</time>
   </trkpt>
   <trkpt lat="45.7719870" lon="4.7660300">
    <ele>245.3</ele>
    <time>2025-02-28T14:09:55Z</time>
   </trkpt>
   <trkpt lat="45.7719970" lon="4.7660720">
    <ele>245.4</ele>
    <time>2025-02-28T14:09:56Z</time>
   </trkpt>
   <trkpt lat="45.7720110" lon="4.7661260">
    <ele>245.6</ele>
    <time>2025-02-28T14:09:57Z</time>
   </trkpt>
   <trkpt lat="45.7720150" lon="4.7661480">
    <ele>245.7</ele>
    <time>2025-02-28T14:09:58Z</time>
   </trkpt>
   <trkpt lat="45.7720280" lon="4.7661980">
    <ele>245.8</ele>
    <time>2025-02-28T14:09:59Z</time>
   </trkpt>
   <trkpt lat="45.7720300" lon="4.7662140">
    <ele>245.8</ele>
    <time>2025-02-28T14:10:00Z</time>
   </trkpt>
   <trkpt lat="45.7720480" lon="4.7662620">
    <ele>246.0</ele>
    <time>2025-02-28T14:10:01Z</time>
   </trkpt>
   <trkpt lat="45.7720540" lon="4.7662770">
    <ele>246.1</ele>
    <time>2025-02-28T14:10:02Z</time>
   </trkpt>
   <trkpt lat="45.7720760" lon="4.7663170">
    <ele>246.2</ele>
    <time>2025-02-28T14:10:03Z</time>
   </trkpt>
   <trkpt lat="45.7720820" lon="4.7663340">
    <ele>246.3</ele>
    <time>2025-02-28T14:10:04Z</time>
   </trkpt>
   <trkpt lat="45.7720970" lon="4.7663700">
    <ele>246.4</ele>
    <time>2025-02-28T14:10:05Z</time>
   </trkpt>
   <trkpt lat="45.7721280" lon="4.7664080">
    <ele>246.5</ele>
    <time>2025-02-28T14:10:06Z</time>
   </trkpt>
   <trkpt lat="45.7721390" lon="4.7664210">
    <ele>246.6</ele>
    <time>2025-02-28T14:10:07Z</time>
   </trkpt>
   <trkpt lat="45.7721720" lon="4.7664590">
    <ele>246.8</ele>
    <time>2025-02-28T14:10:08Z</time>
   </trkpt>
   <trkpt lat="45.7721850" lon="4.7664720">
    <ele>246.9</ele>
    <time>2025-02-28T14:10:09Z</time>
   </trkpt>
   <trkpt lat="45.7722150" lon="4.7665040">
    <ele>247.0</ele>
    <time>2025-02-28T14:10:10Z</time>
   </trkpt>
   <trkpt lat="45.7722260" lon="4.7665130">
    <ele>247.1</ele>
    <time>2025-02-28T14:10:11Z</time>
   </trkpt>
   <trkpt lat="45.7722630" lon="4.7665170">
    <ele>247.2</ele>
    <time>2025-02-28T14:10:12Z</time>
   </trkpt>
   <trkpt lat="45.7722940" lon="4.7665210">
    <ele>247.4</ele>
    <time>2025-02-28T14:10:13Z</time>
   </trkpt>
   <trkpt lat="45.7723300" lon="4.7665070">
    <ele>247.5</ele>
    <time>2025-02-28T14:10:14Z</time>
   </trkpt>
   <trkpt lat="45.7723400" lon="4.7664980">
    <ele>247.6</ele>
    <time>2025-02-28T14:10:15Z</time>
   </trkpt>
   <trkpt lat="45.7723610" lon="4.7665250">
    <ele>247.7</ele>
    <time>2025-02-28T14:10:16Z</time>
   </trkpt>
   <trkpt lat="45.7723930" lon="4.7665380">
    <ele>247.8</ele>
    <time>2025-02-28T14:10:17Z</time>
   </trkpt>
   <trkpt lat="45.7724330" lon="4.7665400">
    <ele>248.0</ele>
    <time>2025-02-28T14:10:18Z</time>
   </trkpt>
   <trkpt lat="45.7724470" lon="4.7665420">
    <ele>248.0</ele>
    <time>2025-02-28T14:10:19Z</time>
   </trkpt>
   <trkpt lat="45.7724740" lon="4.7665470">
    <ele>248.1</ele>
    <time>2025-02-28T14:10:20Z</time>
   </trkpt>
   <trkpt lat="45.7725010" lon="4.7665510">
    <ele>248.2</ele>
    <time>2025-02-28T14:10:21Z</time>
   </trkpt>
   <trkpt lat="45.7725400" lon="4.7665460">
    <ele>248.4</ele>
    <time>2025-02-28T14:10:22Z</time>
   </trkpt>
   <trkpt lat="45.7725540" lon="4.7665390">
    <ele>248.4</ele>
    <time>2025-02-28T14:10:23Z</time>
   </trkpt>
   <trkpt lat="45.7725930" lon="4.7665360">
    <ele>248.5</ele>
    <time>2025-02-28T14:10:24Z</time>
   </trkpt>
   <trkpt lat="45.7726080" lon="4.7665390">
    <ele>248.6</ele>
    <time>2025-02-28T14:10:25Z</time>
   </trkpt>
   <trkpt lat="45.7726450" lon="4.7665380">
    <ele>248.6</ele>
    <time>2025-02-28T14:10:26Z</time>
   </trkpt>
   <trkpt lat="45.7726790" lon="4.7665120">
    <ele>248.7</ele>
    <time>2025-02-28T14:10:27Z</time>
   </trkpt>
   <trkpt lat="45.7727160" lon="4.7664920">
    <ele>248.7</ele>
    <time>2025-02-28T14:10:28Z</time>
   </trkpt>
   <trkpt lat="45.7727490" lon="4.7664830">
    <ele>248.8</ele>
    <time>2025-02-28T14:10:29Z</time>
   </trkpt>
   <trkpt lat="45.7727830" lon="4.7664750">
    <ele>248.8</ele>
    <time>2025-02-28T14:10:30Z</time>
   </trkpt>
   <trkpt lat="45.7727970" lon="4.7664640">
    <ele>248.9</ele>
    <time>2025-02-28T14:10:31Z</time>
   </trkpt>
   <trkpt lat="45.7728150" lon="4.7664760">
    <ele>248.9</ele>
    <time>2025-02-28T14:10:32Z</time>
   </trkpt>
   <trkpt lat="45.7728480" lon="4.7664610">
    <ele>249.0</ele>
    <time>2025-02-28T14:10:33Z</time>
   </trkpt>
   <trkpt lat="45.7728860" lon="4.7664570">
    <ele>249.0</ele>
    <time>2025-02-28T14:10:34Z</time>
   </trkpt>
   <trkpt lat="45.7728970" lon="4.7664580">
    <ele>249.0</ele>
    <time>2025-02-28T14:10:35Z</time>
   </trkpt>
   <trkpt lat="45.7729350" lon="4.7664460">
    <ele>249.1</ele>
    <time>2025-02-28T14:10:36Z</time>
   </trkpt>
   <trkpt lat="45.7729480" lon="4.7664400">
    <ele>249.1</ele>
    <time>2025-02-28T14:10:37Z</time>
   </trkpt>
   <trkpt lat="45.7729760" lon="4.7664410">
    <ele>249.2</ele>
    <time>2025-02-28T14:10:38Z</time>
   </trkpt>
   <trkpt lat="45.7730060" lon="4.7664290">
    <ele>249.2</ele>
    <time>2025-02-28T14:10:39Z</time>
   </trkpt>
   <trkpt lat="45.7730470" lon="4.7664400">
    <ele>249.3</ele>
    <time>2025-02-28T14:10:40Z</time>
   </trkpt>
   <trkpt lat="45.7730630" lon="4.7664380">
    <ele>249.3</ele>
    <time>2025-02-28T14:10:41Z</time>
   </trkpt>
   <trkpt lat="45.7730910" lon="4.7664430">
    <ele>249.4</ele>
    <time>2025-02-28T14:10:42Z</time>
   </trkpt>
   <trkpt lat="45.7731220" lon="4.7664570">
    <ele>249.4</ele>
    <time>2025-02-28T14:10:43Z</time>
   </trkpt>
   <trkpt lat="45.7731520" lon="4.7664620">
    <ele>249.4</ele>
    <time>2025-02-28T14:10:44Z</time>
   </trkpt>
   <trkpt lat="45.7731880" lon="4.7664580">
    <ele>249.5</ele>
    <time>2025-02-28T14:10:45Z</time>
   </trkpt>
   <trkpt lat="45.7732190" lon="4.7664430">
    <ele>249.5</ele>
    <time>2025-02-28T14:10:46Z</time>
   </trkpt>
   <trkpt lat="45.7732450" lon="4.7664220">
    <ele>249.6</ele>
    <time>2025-02-28T14:10:47Z</time>
   </trkpt>
   <trkpt lat="45.7732800" lon="4.7664240">
    <ele>249.6</ele>
    <time>2025-02-28T14:10:48Z</time>
   </trkpt>
   <trkpt lat="45.7733160" lon="4.7664270">
    <ele>249.6</ele>
    <time>2025-02-28T14:10:49Z</time>
   </trkpt>
   <trkpt lat="45.7733540" lon="4.7664110">
    <ele>249.7</ele>
    <time>2025-02-28T14:10:50Z</time>
   </trkpt>
   <trkpt lat="45.7733700" lon="4.7664020">
    <ele>249.7</ele>
    <time>2025-02-28T14:10:51Z</time>
   </trkpt>
   <trkpt lat="45.7734060" lon="4.7663900">
    <ele>249.7</ele>
    <time>2025-02-28T14:10:52Z</time>
   </trkpt>
   <trkpt lat="45.7734180" lon="4.7663860">
    <ele>249.7</ele>
    <time>2025-02-28T14:10:53Z</time>
   </trkpt>
   <trkpt lat="45.7734480" lon="4.7663880">
    <ele>249.7</ele>
    <time>2025-02-28T14:10:54Z</time>
   </trkpt>
   <trkpt lat="45.7734800" lon="4.7663890">
    <ele>249.7</ele>
    <time>2025-02-28T14:10:55Z</time>
   </trkpt>
   <trkpt lat="45.7735180" lon="4.7663930">
    <ele>249.7</ele>
    <time>2025-02-28T14:10:56Z</time>
   </trkpt>
   <trkpt lat="45.7735500" lon="4.7663910">
    <ele>249.7</ele>
    <time>2025-02-28T14:10:57Z</time>
   </trkpt>
   <trkpt lat="45.7735830" lon="4.7663920">
    <ele>249.7</ele>
    <time>2025-02-28T14:10:58Z</time>
   </trkpt>
   <trkpt lat="45.7736140" lon="4.7663910">
    <ele>249.7</ele>
    <time>2025-02-28T14:10:59Z</time>
   </trkpt>
   <trkpt lat="45.7736530" lon="4.7663900">
    <ele>249.7</ele>
    <time>2025-02-28T14:11:00Z</time>
   </trkpt>
   <trkpt lat="45.7736700" lon="4.7663880">
    <ele>249.6</ele>
    <time>2025-02-28T14:11:01Z</time>
   </trkpt>
   <trkpt lat="45.7736980" lon="4.7663820">
    <ele>249.6</ele>
    <time>2025-02-28T14:11:02Z</time>
   </trkpt>
   <trkpt lat="45.7737270" lon="4.7663850">
    <ele>249.6</ele>
    <time>2025-02-28T14:11:03Z</time>
   </trkpt>
   <trkpt lat="45.7737590" lon="4.7663850">
    <ele>249.6</ele>
    <time>2025-02-28T14:11:04Z</time>
   </trkpt>
   <trkpt lat="45.7737910" lon="4.7663800">
    <ele>249.6</ele>
    <time>2025-02-28T14:11:05Z</time>
   </trkpt>
   <trkpt lat="45.7738230" lon="4.7663830">
    <ele>249.6</ele>
    <time>2025-02-28T14:11:06Z</time>
   </trkpt>
   <trkpt lat="45.7738590" lon="4.7663880">
    <ele>249.6</ele>
    <time>2025-02-28T14:11:07Z</time>
   </trkpt>
   <trkpt lat="45.7738870" lon="4.7663810">
    <ele>249.6</ele>
    <time>2025-02-28T14:11:08Z</time>
   </trkpt>
   <trkpt lat="45.7739200" lon="4.7663800">
    <ele>249.6</ele>
    <time>2025-02-28T14:11:09Z</time>
   </trkpt>
   <trkpt lat="45.7739550" lon="4.7663820">
    <ele>249.6</ele>
    <time>2025-02-28T14:11:10Z</time>
   </trkpt>
   <trkpt lat="45.7739880" lon="4.7663630">
    <ele>249.6</ele>
    <time>2025-02-28T14:11:11Z</time>
   </trkpt>
   <trkpt lat="45.7740200" lon="4.7663560">
    <ele>249.5</ele>
    <time>2025-02-28T14:11:12Z</time>
   </trkpt>
   <trkpt lat="45.7740510" lon="4.7663530">
    <ele>249.5</ele>
    <time>2025-02-28T14:11:13Z</time>
   </trkpt>
   <trkpt lat="45.7740850" lon="4.7663390">
    <ele>249.5</ele>
    <time>2025-02-28T14:11:14Z</time>
   </trkpt>
   <trkpt lat="45.7741190" lon="4.7663430">
    <ele>249.6</ele>
    <time>2025-02-28T14:11:15Z</time>
   </trkpt>
   <trkpt lat="45.7741520" lon="4.7663410">
    <ele>249.6</ele>
    <time>2025-02-28T14:11:16Z</time>
   </trkpt>
   <trkpt lat="45.7741830" lon="4.7663360">
    <ele>249.6</ele>
    <time>2025-02-28T14:11:17Z</time>
   </trkpt>
   <trkpt lat="45.7742190" lon="4.7663140">
    <ele>249.6</ele>
    <time>2025-02-28T14:11:18Z</time>
   </trkpt>
   <trkpt lat="45.7742470" lon="4.7663040">
    <ele>249.6</ele>
    <time>2025-02-28T14:11:19Z</time>
   </trkpt>
   <trkpt lat="45.7742820" lon="4.7662710">
    <ele>249.6</ele>
    <time>2025-02-28T14:11:20Z</time>
   </trkpt>
   <trkpt lat="45.7743080" lon="4.7662450">
    <ele>249.6</ele>
    <time>2025-02-28T14:11:21Z</time>
   </trkpt>
   <trkpt lat="45.7743350" lon="4.7662350">
    <ele>249.6</ele>
    <time>2025-02-28T14:11:22Z</time>
   </trkpt>
   <trkpt lat="45.7743610" lon="4.7662190">
    <ele>249.6</ele>
    <time>2025-02-28T14:11:23Z</time>
   </trkpt>
   <trkpt lat="45.7743950" lon="4.7662020">
    <ele>249.7</ele>
    <time>2025-02-28T14:11:24Z</time>
   </trkpt>
   <trkpt lat="45.7744070" lon="4.7661920">
    <ele>249.7</ele>
    <time>2025-02-28T14:11:25Z</time>
   </trkpt>
   <trkpt lat="45.7744330" lon="4.7661610">
    <ele>249.7</ele>
    <time>2025-02-28T14:11:26Z</time>
   </trkpt>
   <trkpt lat="45.7744660" lon="4.7661530">
    <ele>249.8</ele>
    <time>2025-02-28T14:11:27Z</time>
   </trkpt>
   <trkpt lat="45.7744920" lon="4.7661720">
    <ele>249.8</ele>
    <time>2025-02-28T14:11:28Z</time>
   </trkpt>
   <trkpt lat="45.7745320" lon="4.7661990">
    <ele>249.9</ele>
    <time>2025-02-28T14:11:29Z</time>
   </trkpt>
   <trkpt lat="45.7745500" lon="4.7662160">
    <ele>250.0</ele>
    <time>2025-02-28T14:11:30Z</time>
   </trkpt>
   <trkpt lat="45.7745770" lon="4.7662410">
    <ele>250.1</ele>
    <time>2025-02-28T14:11:31Z</time>
   </trkpt>
   <trkpt lat="45.7746000" lon="4.7662640">
    <ele>250.1</ele>
    <time>2025-02-28T14:11:32Z</time>
   </trkpt>
   <trkpt lat="45.7746310" lon="4.7662810">
    <ele>250.2</ele>
    <time>2025-02-28T14:11:33Z</time>
   </trkpt>
   <trkpt lat="45.7746660" lon="4.7663040">
    <ele>250.3</ele>
    <time>2025-02-28T14:11:34Z</time>
   </trkpt>
   <trkpt lat="45.7746760" lon="4.7663220">
    <ele>250.3</ele>
    <time>2025-02-28T14:11:35Z</time>
   </trkpt>
   <trkpt lat="45.7747110" lon="4.7663520">
    <ele>250.5</ele>
    <time>2025-02-28T14:11:36Z</time>
   </trkpt>
   <trkpt lat="45.7747240" lon="4.7663670">
    <ele>250.5</ele>
    <time>2025-02-28T14:11:37Z</time>
   </trkpt>
   <trkpt lat="45.7747580" lon="4.7663820">
    <ele>250.6</ele>
    <time>2025-02-28T14:11:38Z</time>
   </trkpt>
   <trkpt lat="45.7747820" lon="4.7664020">
    <ele>250.7</ele>
    <time>2025-02-28T14:11:39Z</time>
   </trkpt>
   <trkpt lat="45.7748130" lon="4.7664110">
    <ele>250.8</ele>
    <time>2025-02-28T14:11:40Z</time>
   </trkpt>
   <trkpt lat="45.7748490" lon="4.7664340">
    <ele>250.9</ele>
    <time>2025-02-28T14:11:41Z</time>
   </trkpt>
   <trkpt lat="45.7748610" lon="4.7664420">
    <ele>250.9</ele>
    <time>2025-02-28T14:11:42Z</time>
   </trkpt>
   <trkpt lat="45.7748980" lon="4.7664560">
    <ele>251.0</ele>
    <time>2025-02-28T14:11:43Z</time>
   </trkpt>
   <trkpt lat="45.7749100" lon="4.7664640">
    <ele>251.0</ele>
    <time>2025-02-28T14:11:44Z</time>
   </trkpt>
   <trkpt lat="45.7749390" lon="4.7664910">
    <ele>251.1</ele>
    <time>2025-02-28T14:11:45Z</time>
   </trkpt>
   <trkpt lat="45.7749510" lon="4.7664990">
    <ele>251.1</ele>
    <time>2025-02-28T14:11:46Z</time>
   </trkpt>
   <trkpt lat="45.7749890" lon="4.7664980">
    <ele>251.2</ele>
    <time>2025-02-28T14:11:47Z</time>
   </trkpt>
   <trkpt lat="45.7750060" lon="4.7664960">
    <ele>251.2</ele>
    <time>2025-02-28T14:11:48Z</time>
   </trkpt>
   <trkpt lat="45.7750360" lon="4.7665010">
    <ele>251.3</ele>
    <time>2025-02-28T14:11:49Z</time>
   </trkpt>
   <trkpt lat="45.7750630" lon="4.7665000">
    <ele>251.4</ele>
    <time>2025-02-28T14:11:50Z</time>
   </trkpt>
   <trkpt lat="45.7750930" lon="4.7665110">
    <ele>251.4</ele>
    <time>2025-02-28T14:11:51Z</time>
   </trkpt>
   <trkpt lat="45.7751200" lon="4.7665250">
    <ele>251.5</ele>
    <time>2025-02-28T14:11:52Z</time>
   </trkpt>
   <trkpt lat="45.7751480" lon="4.7665390">
    <ele>251.5</ele>
    <time>2025-02-28T14:11:53Z</time>
   </trkpt>
   <trkpt lat="45.7751780" lon="4.7665420">
    <ele>251.5</ele>
    <time>2025-02-28T14:11:54Z</time>
   </trkpt>
   <trkpt lat="45.7752020" lon="4.7665480">
    <ele>251.6</ele>
    <time>2025-02-28T14:11:55Z</time>
   </trkpt>
   <trkpt lat="45.7752270" lon="4.7665570">
    <ele>251.6</ele>
    <time>2025-02-28T14:11:57Z</time>
   </trkpt>
   <trkpt lat="45.7752670" lon="4.7665590">
    <ele>251.6</ele>
    <time>2025-02-28T14:11:58Z</time>
   </trkpt>
   <trkpt lat="45.7752820" lon="4.7665640">
    <ele>251.6</ele>
    <time>2025-02-28T14:11:59Z</time>
   </trkpt>
   <trkpt lat="45.7753160" lon="4.7665660">
    <ele>251.6</ele>
    <time>2025-02-28T14:12:00Z</time>
   </trkpt>
   <trkpt lat="45.7753340" lon="4.7665550">
    <ele>251.6</ele>
    <time>2025-02-28T14:12:01Z</time>
   </trkpt>
   <trkpt lat="45.7753680" lon="4.7665180">
    <ele>251.6</ele>
    <time>2025-02-28T14:12:02Z</time>
   </trkpt>
   <trkpt lat="45.7753790" lon="4.7664960">
    <ele>251.7</ele>
    <time>2025-02-28T14:12:03Z</time>
   </trkpt>
   <trkpt lat="45.7754000" lon="4.7664390">
    <ele>251.5</ele>
    <time>2025-02-28T14:12:04Z</time>
   </trkpt>
   <trkpt lat="45.7754080" lon="4.7663970">
    <ele>251.4</ele>
    <time>2025-02-28T14:12:05Z</time>
   </trkpt>
   <trkpt lat="45.7754200" lon="4.7663570">
    <ele>251.2</ele>
    <time>2025-02-28T14:12:06Z</time>
   </trkpt>
   <trkpt lat="45.7754350" lon="4.7663230">
    <ele>251.1</ele>
    <time>2025-02-28T14:12:07Z</time>
   </trkpt>
   <trkpt lat="45.7754280" lon="4.7662730">
    <ele>250.9</ele>
    <time>2025-02-28T14:12:08Z</time>
   </trkpt>
   <trkpt lat="45.7754270" lon="4.7662250">
    <ele>250.7</ele>
    <time>2025-02-28T14:12:09Z</time>
   </trkpt>
   <trkpt lat="45.7754240" lon="4.7661760">
    <ele>250.5</ele>
    <time>2025-02-28T14:12:10Z</time>
   </trkpt>
   <trkpt lat="45.7754280" lon="4.7661280">
    <ele>250.4</ele>
    <time>2025-02-28T14:12:11Z</time>
   </trkpt>
   <trkpt lat="45.7754420" lon="4.7660870">
    <ele>250.2</ele>
    <time>2025-02-28T14:12:12Z</time>
   </trkpt>
   <trkpt lat="45.7754470" lon="4.7660400">
    <ele>250.0</ele>
    <time>2025-02-28T14:12:13Z</time>
   </trkpt>
   <trkpt lat="45.7754580" lon="4.7660030">
    <ele>249.9</ele>
    <time>2025-02-28T14:12:14Z</time>
   </trkpt>
   <trkpt lat="45.7754710" lon="4.7659690">
    <ele>249.7</ele>
    <time>2025-02-28T14:12:15Z</time>
   </trkpt>
   <trkpt lat="45.7754740" lon="4.7659290">
    <ele>249.5</ele>
    <time>2025-02-28T14:12:16Z</time>
   </trkpt>
   <trkpt lat="45.7754730" lon="4.7658860">
    <ele>249.4</ele>
    <time>2025-02-28T14:12:17Z</time>
   </trkpt>
   <trkpt lat="45.7754740" lon="4.7658360">
    <ele>249.2</ele>
    <time>2025-02-28T14:12:18Z</time>
   </trkpt>
   <trkpt lat="45.7754810" lon="4.7657850">
    <ele>249.0</ele>
    <time>2025-02-28T14:12:19Z</time>
   </trkpt>
   <trkpt lat="45.7754840" lon="4.7657450">
    <ele>248.8</ele>
    <time>2025-02-28T14:12:20Z</time>
   </trkpt>
   <trkpt lat="45.7754840" lon="4.7656940">
    <ele>248.6</ele>
    <time>2025-02-28T14:12:21Z</time>
   </trkpt>
   <trkpt lat="45.7754790" lon="4.7656480">
    <ele>248.5</ele>
    <time>2025-02-28T14:12:22Z</time>
   </trkpt>
   <trkpt lat="45.7754780" lon="4.7656000">
    <ele>248.3</ele>
    <time>2025-02-28T14:12:23Z</time>
   </trkpt>
   <trkpt lat="45.7754830" lon="4.7655550">
    <ele>248.1</ele>
    <time>2025-02-28T14:12:24Z</time>
   </trkpt>
   <trkpt lat="45.7754880" lon="4.7655050">
    <ele>247.9</ele>
    <time>2025-02-28T14:12:25Z</time>
   </trkpt>
   <trkpt lat="45.7755070" lon="4.7654610">
    <ele>247.8</ele>
    <time>2025-02-28T14:12:26Z</time>
   </trkpt>
   <trkpt lat="45.7755250" lon="4.7654100">
    <ele>247.6</ele>
    <time>2025-02-28T14:12:27Z</time>
   </trkpt>
   <trkpt lat="45.7755360" lon="4.7653940">
    <ele>247.5</ele>
    <time>2025-02-28T14:12:28Z</time>
   </trkpt>
   <trkpt lat="45.7755560" lon="4.7653490">
    <ele>247.2</ele>
    <time>2025-02-28T14:12:29Z</time>
   </trkpt>
   <trkpt lat="45.7755700" lon="4.7653340">
    <ele>247.2</ele>
    <time>2025-02-28T14:12:30Z</time>
   </trkpt>
   <trkpt lat="45.7756010" lon="4.7653010">
    <ele>247.1</ele>
    <time>2025-02-28T14:12:31Z</time>
   </trkpt>
   <trkpt lat="45.7756100" lon="4.7652880">
    <ele>247.1</ele>
    <time>2025-02-28T14:12:32Z</time>
   </trkpt>
   <trkpt lat="45.7756310" lon="4.7652520">
    <ele>247.1</ele>
    <time>2025-02-28T14:12:33Z</time>
   </trkpt>
   <trkpt lat="45.7756500" lon="4.7652180">
    <ele>247.0</ele>
    <time>2025-02-28T14:12:34Z</time>
   </trkpt>
   <trkpt lat="45.7756750" lon="4.7651930">
    <ele>247.1</ele>
    <time>2025-02-28T14:12:35Z</time>
   </trkpt>
   <trkpt lat="45.7757010" lon="4.7651740">
    <ele>247.2</ele>
    <time>2025-02-28T14:12:36Z</time>
   </trkpt>
   <trkpt lat="45.7757350" lon="4.7651430">
    <ele>247.3</ele>
    <time>2025-02-28T14:12:37Z</time>
   </trkpt>
   <trkpt lat="45.7757470" lon="4.7651290">
    <ele>247.4</ele>
    <time>2025-02-28T14:12:38Z</time>
   </trkpt>
   <trkpt lat="45.7757850" lon="4.7651070">
    <ele>247.5</ele>
    <time>2025-02-28T14:12:39Z</time>
   </trkpt>
   <trkpt lat="45.7757990" lon="4.7651000">
    <ele>247.6</ele>
    <time>2025-02-28T14:12:40Z</time>
   </trkpt>
   <trkpt lat="45.7758230" lon="4.7650710">
    <ele>247.8</ele>
    <time>2025-02-28T14:12:41Z</time>
   </trkpt>
   <trkpt lat="45.7758390" lon="4.7650340">
    <ele>247.9</ele>
    <time>2025-02-28T14:12:42Z</time>
   </trkpt>
   <trkpt lat="45.7758530" lon="4.7649880">
    <ele>248.2</ele>
    <time>2025-02-28T14:12:43Z</time>
   </trkpt>
   <trkpt lat="45.7758770" lon="4.7649670">
    <ele>248.4</ele>
    <time>2025-02-28T14:12:44Z</time>
   </trkpt>
   <trkpt lat="45.7759000" lon="4.7649250">
    <ele>248.6</ele>
    <time>2025-02-28T14:12:45Z</time>
   </trkpt>
   <trkpt lat="45.7759080" lon="4.7649100">
    <ele>248.7</ele>
    <time>2025-02-28T14:12:46Z</time>
   </trkpt>
   <trkpt lat="45.7759340" lon="4.7648890">
    <ele>248.9</ele>
    <time>2025-02-28T14:12:47Z</time>
   </trkpt>
   <trkpt lat="45.7759470" lon="4.7648550">
    <ele>249.1</ele>
    <time>2025-02-28T14:12:48Z</time>
   </trkpt>
   <trkpt lat="45.7759700" lon="4.7648170">
    <ele>249.3</ele>
    <time>2025-02-28T14:12:49Z</time>
   </trkpt>
   <trkpt lat="45.7759790" lon="4.7648040">
    <ele>249.4</ele>
    <time>2025-02-28T14:12:50Z</time>
   </trkpt>
   <trkpt lat="45.7760110" lon="4.7647740">
    <ele>249.7</ele>
    <time>2025-02-28T14:12:51Z</time>
   </trkpt>
   <trkpt lat="45.7760210" lon="4.7647620">
    <ele>249.8</ele>
    <time>2025-02-28T14:12:52Z</time>
   </trkpt>
   <trkpt lat="45.7760590" lon="4.7647670">
    <ele>250.0</ele>
    <time>2025-02-28T14:12:53Z</time>
   </trkpt>
   <trkpt lat="45.7760900" lon="4.7647350">
    <ele>250.3</ele>
    <time>2025-02-28T14:12:54Z</time>
   </trkpt>
   <trkpt lat="45.7761010" lon="4.7647140">
    <ele>250.5</ele>
    <time>2025-02-28T14:12:55Z</time>
   </trkpt>
   <trkpt lat="45.7761260" lon="4.7647090">
    <ele>250.7</ele>
    <time>2025-02-28T14:12:56Z</time>
   </trkpt>
   <trkpt lat="45.7761390" lon="4.7647130">
    <ele>250.8</ele>
    <time>2025-02-28T14:12:57Z</time>
   </trkpt>
   <trkpt lat="45.7761620" lon="4.7646900">
    <ele>251.0</ele>
    <time>2025-02-28T14:12:58Z</time>
   </trkpt>
   <trkpt lat="45.7761700" lon="4.7646800">
    <ele>251.1</ele>
    <time>2025-02-28T14:12:59Z</time>
   </trkpt>
   <trkpt lat="45.7761950" lon="4.7646610">
    <ele>251.3</ele>
    <time>2025-02-28T14:13:00Z</time>
   </trkpt>
   <trkpt lat="45.7762200" lon="4.7646340">
    <ele>251.6</ele>
    <time>2025-02-28T14:13:01Z</time>
   </trkpt>
   <trkpt lat="45.7762510" lon="4.7645940">
    <ele>251.9</ele>
    <time>2025-02-28T14:13:02Z</time>
   </trkpt>
   <trkpt lat="45.7762610" lon="4.7645770">
    <ele>252.0</ele>
    <time>2025-02-28T14:13:03Z</time>
   </trkpt>
   <trkpt lat="45.7762790" lon="4.7645460">
    <ele>252.2</ele>
    <time>2025-02-28T14:13:04Z</time>
   </trkpt>
   <trkpt lat="45.7763010" lon="4.7645190">
    <ele>252.4</ele>
    <time>2025-02-28T14:13:05Z</time>
   </trkpt>
   <trkpt lat="45.7763250" lon="4.7644880">
    <ele>252.7</ele>
    <time>2025-02-28T14:13:06Z</time>
   </trkpt>
   <trkpt lat="45.7763300" lon="4.7644740">
    <ele>252.8</ele>
    <time>2025-02-28T14:13:07Z</time>
   </trkpt>
   <trkpt lat="45.7763450" lon="4.7644400">
    <ele>253.0</ele>
    <time>2025-02-28T14:13:08Z</time>
   </trkpt>
   <trkpt lat="45.7763760" lon="4.7644190">
    <ele>253.2</ele>
    <time>2025-02-28T14:13:09Z</time>
   </trkpt>
   <trkpt lat="45.7764010" lon="4.7644030">
    <ele>253.4</ele>
    <time>2025-02-28T14:13:10Z</time>
   </trkpt>
   <trkpt lat="45.7764220" lon="4.7643760">
    <ele>253.6</ele>
    <time>2025-02-28T14:13:11Z</time>
   </trkpt>
   <trkpt lat="45.7764470" lon="4.7643380">
    <ele>253.9</ele>
    <time>2025-02-28T14:13:12Z</time>
   </trkpt>
   <trkpt lat="45.7764580" lon="4.7643270">
    <ele>254.0</ele>
    <time>2025-02-28T14:13:13Z</time>
   </trkpt>
   <trkpt lat="45.7764750" lon="4.7642910">
    <ele>254.2</ele>
    <time>2025-02-28T14:13:14Z</time>
   </trkpt>
   <trkpt lat="45.7765010" lon="4.7642480">
    <ele>254.5</ele>
    <time>2025-02-28T14:13:15Z</time>
   </trkpt>
   <trkpt lat="45.7765100" lon="4.7642350">
    <ele>254.6</ele>
    <time>2025-02-28T14:13:16Z</time>
   </trkpt>
   <trkpt lat="45.7765320" lon="4.7642130">
    <ele>254.8</ele>
    <time>2025-02-28T14:13:17Z</time>
   </trkpt>
   <trkpt lat="45.7765530" lon="4.7641750">
    <ele>255.0</ele>
    <time>2025-02-28T14:13:18Z</time>
   </trkpt>
   <trkpt lat="45.7765640" lon="4.7641620">
    <ele>255.1</ele>
    <time>2025-02-28T14:13:19Z</time>
   </trkpt>
   <trkpt lat="45.7765830" lon="4.7641250">
    <ele>255.4</ele>
    <time>2025-02-28T14:13:20Z</time>
   </trkpt>
   <trkpt lat="45.7765920" lon="4.7641140">
    <ele>255.4</ele>
    <time>2025-02-28T14:13:21Z</time>
   </trkpt>
   <trkpt lat="45.7766150" lon="4.7640790">
    <ele>255.7</ele>
    <time>2025-02-28T14:13:22Z</time>
   </trkpt>
   <trkpt lat="45.7766380" lon="4.7640480">
    <ele>255.9</ele>
    <time>2025-02-28T14:13:23Z</time>
   </trkpt>
   <trkpt lat="45.7766630" lon="4.7640250">
    <ele>256.0</ele>
    <time>2025-02-28T14:13:24Z</time>
   </trkpt>
   <trkpt lat="45.7766850" lon="4.7639950">
    <ele>256.2</ele>
    <time>2025-02-28T14:13:25Z</time>
   </trkpt>
   <trkpt lat="45.7767200" lon="4.7639630">
    <ele>256.5</ele>
    <time>2025-02-28T14:13:26Z</time>
   </trkpt>
   <trkpt lat="45.7767340" lon="4.7639530">
    <ele>256.6</ele>
    <time>2025-02-28T14:13:27Z</time>
   </trkpt>
   <trkpt lat="45.7767660" lon="4.7639170">
    <ele>256.8</ele>
    <time>2025-02-28T14:13:28Z</time>
   </trkpt>
   <trkpt lat="45.7767780" lon="4.7639040">
    <ele>256.9</ele>
    <time>2025-02-28T14:13:29Z</time>
   </trkpt>
   <trkpt lat="45.7768030" lon="4.7638550">
    <ele>257.0</ele>
    <time>2025-02-28T14:13:30Z</time>
   </trkpt>
   <trkpt lat="45.7768120" lon="4.7638330">
    <ele>257.1</ele>
    <time>2025-02-28T14:13:31Z</time>
   </trkpt>
   <trkpt lat="45.7768450" lon="4.7638020">
    <ele>257.2</ele>
    <time>2025-02-28T14:13:32Z</time>
   </trkpt>
   <trkpt lat="45.7768560" lon="4.7637910">
    <ele>257.2</ele>
    <time>2025-02-28T14:13:33Z</time>
   </trkpt>
   <trkpt lat="45.7768790" lon="4.7637650">
    <ele>257.3</ele>
    <time>2025-02-28T14:13:34Z</time>
   </trkpt>
   <trkpt lat="45.7768970" lon="4.7637370">
    <ele>257.4</ele>
    <time>2025-02-28T14:13:35Z</time>
   </trkpt>
   <trkpt lat="45.7769140" lon="4.7637060">
    <ele>257.5</ele>
    <time>2025-02-28T14:13:36Z</time>
   </trkpt>
   <trkpt lat="45.7769330" lon="4.7636730">
    <ele>257.6</ele>
    <time>2025-02-28T14:13:37Z</time>
   </trkpt>
   <trkpt lat="45.7769590" lon="4.7636260">
    <ele>257.7</ele>
    <time>2025-02-28T14:13:38Z</time>
   </trkpt>
   <trkpt lat="45.7769840" lon="4.7635910">
    <ele>257.8</ele>
    <time>2025-02-28T14:13:39Z</time>
   </trkpt>
   <trkpt lat="45.7770150" lon="4.7635580">
    <ele>257.9</ele>
    <time>2025-02-28T14:13:40Z</time>
   </trkpt>
   <trkpt lat="45.7770250" lon="4.7635470">
    <ele>257.9</ele>
    <time>2025-02-28T14:13:41Z</time>
   </trkpt>
   <trkpt lat="45.7770450" lon="4.7635200">
    <ele>258.0</ele>
    <time>2025-02-28T14:13:42Z</time>
   </trkpt>
   <trkpt lat="45.7770480" lon="4.7634620">
    <ele>258.1</ele>
    <time>2025-02-28T14:13:43Z</time>
   </trkpt>
   <trkpt lat="45.7770360" lon="4.7634360">
    <ele>258.1</ele>
    <time>2025-02-28T14:13:44Z</time>
   </trkpt>
   <trkpt lat="45.7770500" lon="4.7633870">
    <ele>258.2</ele>
    <time>2025-02-28T14:13:45Z</time>
   </trkpt>
   <trkpt lat="45.7770540" lon="4.7633410">
    <ele>258.3</ele>
    <time>2025-02-28T14:13:46Z</time>
   </trkpt>
   <trkpt lat="45.7770550" lon="4.7632980">
    <ele>258.3</ele>
    <time>2025-02-28T14:13:47Z</time>
   </trkpt>
   <trkpt lat="45.7770540" lon="4.7632550">
    <ele>258.4</ele>
    <time>2025-02-28T14:13:48Z</time>
   </trkpt>
   <trkpt lat="45.7770500" lon="4.7632020">
    <ele>258.4</ele>
    <time>2025-02-28T14:13:49Z</time>
   </trkpt>
   <trkpt lat="45.7770500" lon="4.7631550">
    <ele>258.5</ele>
    <time>2025-02-28T14:13:50Z</time>
   </trkpt>
   <trkpt lat="45.7770460" lon="4.7631030">
    <ele>258.5</ele>
    <time>2025-02-28T14:13:51Z</time>
   </trkpt>
   <trkpt lat="45.7770450" lon="4.7630530">
    <ele>258.5</ele>
    <time>2025-02-28T14:13:52Z</time>
   </trkpt>
   <trkpt lat="45.7770280" lon="4.7630110">
    <ele>258.6</ele>
    <time>2025-02-28T14:13:53Z</time>
   </trkpt>
   <trkpt lat="45.7770020" lon="4.7629720">
    <ele>258.6</ele>
    <time>2025-02-28T14:13:54Z</time>
   </trkpt>
   <trkpt lat="45.7769790" lon="4.7629330">
    <ele>258.6</ele>
    <time>2025-02-28T14:13:55Z</time>
   </trkpt>
   <trkpt lat="45.7769490" lon="4.7629030">
    <ele>258.6</ele>
    <time>2025-02-28T14:13:56Z</time>
   </trkpt>
   <trkpt lat="45.7769200" lon="4.7628650">
    <ele>258.5</ele>
    <time>2025-02-28T14:13:57Z</time>
   </trkpt>
   <trkpt lat="45.7769050" lon="4.7628530">
    <ele>258.5</ele>
    <time>2025-02-28T14:13:58Z</time>
   </trkpt>
   <trkpt lat="45.7768770" lon="4.7628250">
    <ele>258.5</ele>
    <time>2025-02-28T14:13:59Z</time>
   </trkpt>
   <trkpt lat="45.7768630" lon="4.7627830">
    <ele>258.5</ele>
    <time>2025-02-28T14:14:00Z</time>
   </trkpt>
   <trkpt lat="45.7768460" lon="4.7627340">
    <ele>258.5</ele>
    <time>2025-02-28T14:14:01Z</time>
   </trkpt>
   <trkpt lat="45.7768230" lon="4.7627010">
    <ele>258.5</ele>
    <time>2025-02-28T14:14:02Z</time>
   </trkpt>
   <trkpt lat="45.7768150" lon="4.7626550">
    <ele>258.5</ele>
    <time>2025-02-28T14:14:03Z</time>
   </trkpt>
   <trkpt lat="45.7767870" lon="4.7626250">
    <ele>258.5</ele>
    <time>2025-02-28T14:14:04Z</time>
   </trkpt>
   <trkpt lat="45.7767490" lon="4.7626000">
    <ele>258.5</ele>
    <time>2025-02-28T14:14:05Z</time>
   </trkpt>
   <trkpt lat="45.7767130" lon="4.7625620">
    <ele>258.5</ele>
    <time>2025-02-28T14:14:06Z</time>
   </trkpt>
   <trkpt lat="45.7766990" lon="4.7625440">
    <ele>258.5</ele>
    <time>2025-02-28T14:14:07Z</time>
   </trkpt>
   <trkpt lat="45.7766870" lon="4.7624900">
    <ele>258.5</ele>
    <time>2025-02-28T14:14:08Z</time>
   </trkpt>
   <trkpt lat="45.7766820" lon="4.7624690">
    <ele>258.5</ele>
    <time>2025-02-28T14:14:09Z</time>
   </trkpt>
   <trkpt lat="45.7766740" lon="4.7624270">
    <ele>258.6</ele>
    <time>2025-02-28T14:14:10Z</time>
   </trkpt>
   <trkpt lat="45.7766530" lon="4.7623910">
    <ele>258.6</ele>
    <time>2025-02-28T14:14:11Z</time>
   </trkpt>
   <trkpt lat="45.7766210" lon="4.7623510">
    <ele>258.6</ele>
    <time>2025-02-28T14:14:12Z</time>
   </trkpt>
   <trkpt lat="45.7765910" lon="4.7623340">
    <ele>258.6</ele>
    <time>2025-02-28T14:14:13Z</time>
   </trkpt>
   <trkpt lat="45.7765660" lon="4.7623060">
    <ele>258.6</ele>
    <time>2025-02-28T14:14:14Z</time>
   </trkpt>
   <trkpt lat="45.7765410" lon="4.7622720">
    <ele>258.6</ele>
    <time>2025-02-28T14:14:15Z</time>
   </trkpt>
   <trkpt lat="45.7765190" lon="4.7622280">
    <ele>258.6</ele>
    <time>2025-02-28T14:14:16Z</time>
   </trkpt>
   <trkpt lat="45.7765030" lon="4.7621890">
    <ele>258.6</ele>
    <time>2025-02-28T14:14:17Z</time>
   </trkpt>
   <trkpt lat="45.7764760" lon="4.7621440">
    <ele>258.6</ele>
    <time>2025-02-28T14:14:18Z</time>
   </trkpt>
   <trkpt lat="45.7764550" lon="4.7621090">
    <ele>258.6</ele>
    <time>2025-02-28T14:14:19Z</time>
   </trkpt>
   <trkpt lat="45.7764080" lon="4.7621150">
    <ele>258.6</ele>
    <time>2025-02-28T14:14:20Z</time>
   </trkpt>
   <trkpt lat="45.7763660" lon="4.7621030">
    <ele>258.6</ele>
    <time>2025-02-28T14:14:21Z</time>
   </trkpt>
   <trkpt lat="45.7763480" lon="4.7621000">
    <ele>258.6</ele>
    <time>2025-02-28T14:14:22Z</time>
   </trkpt>
   <trkpt lat="45.7763230" lon="4.7620720">
    <ele>258.6</ele>
    <time>2025-02-28T14:14:23Z</time>
   </trkpt>
   <trkpt lat="45.7763000" lon="4.7620520">
    <ele>258.6</ele>
    <time>2025-02-28T14:14:24Z</time>
   </trkpt>
   <trkpt lat="45.7762720" lon="4.7620180">
    <ele>258.7</ele>
    <time>2025-02-28T14:14:25Z</time>
   </trkpt>
   <trkpt lat="45.7762490" lon="4.7619910">
    <ele>258.7</ele>
    <time>2025-02-28T14:14:26Z</time>
   </trkpt>
   <trkpt lat="45.7762230" lon="4.7619530">
    <ele>258.8</ele>
    <time>2025-02-28T14:14:27Z</time>
   </trkpt>
   <trkpt lat="45.7761980" lon="4.7619330">
    <ele>258.8</ele>
    <time>2025-02-28T14:14:28Z</time>
   </trkpt>
   <trkpt lat="45.7761820" lon="4.7618820">
    <ele>258.9</ele>
    <time>2025-02-28T14:14:29Z</time>
   </trkpt>
   <trkpt lat="45.7761530" lon="4.7618610">
    <ele>259.0</ele>
    <time>2025-02-28T14:14:30Z</time>
   </trkpt>
   <trkpt lat="45.7761300" lon="4.7618270">
    <ele>259.0</ele>
    <time>2025-02-28T14:14:31Z</time>
   </trkpt>
   <trkpt lat="45.7760940" lon="4.7617960">
    <ele>259.1</ele>
    <time>2025-02-28T14:14:32Z</time>
   </trkpt>
   <trkpt lat="45.7760790" lon="4.7617900">
    <ele>259.1</ele>
    <time>2025-02-28T14:14:33Z</time>
   </trkpt>
   <trkpt lat="45.7760570" lon="4.7617620">
    <ele>259.2</ele>
    <time>2025-02-28T14:14:34Z</time>
   </trkpt>
   <trkpt lat="45.7760300" lon="4.7617460">
    <ele>259.3</ele>
    <time>2025-02-28T14:14:35Z</time>
   </trkpt>
   <trkpt lat="45.7760110" lon="4.7617090">
    <ele>259.3</ele>
    <time>2025-02-28T14:14:36Z</time>
   </trkpt>
   <trkpt lat="45.7759870" lon="4.7616820">
    <ele>259.4</ele>
    <time>2025-02-28T14:14:37Z</time>
   </trkpt>
   <trkpt lat="45.7759550" lon="4.7616450">
    <ele>259.5</ele>
    <time>2025-02-28T14:14:38Z</time>
   </trkpt>
   <trkpt lat="45.7759440" lon="4.7616300">
    <ele>259.5</ele>
    <time>2025-02-28T14:14:39Z</time>
   </trkpt>
   <trkpt lat="45.7759150" lon="4.7616150">
    <ele>259.5</ele>
    <time>2025-02-28T14:14:40Z</time>
   </trkpt>
   <trkpt lat="45.7758940" lon="4.7615910">
    <ele>259.6</ele>
    <time>2025-02-28T14:14:41Z</time>
   </trkpt>
   <trkpt lat="45.7758770" lon="4.7615450">
    <ele>259.6</ele>
    <time>2025-02-28T14:14:42Z</time>
   </trkpt>
   <trkpt lat="45.7758430" lon="4.7615080">
    <ele>259.6</ele>
    <time>2025-02-28T14:14:43Z</time>
   </trkpt>
   <trkpt lat="45.7758300" lon="4.7614840">
    <ele>259.7</ele>
    <time>2025-02-28T14:14:44Z</time>
   </trkpt>
   <trkpt lat="45.7758110" lon="4.7614430">
    <ele>259.7</ele>
    <time>2025-02-28T14:14:45Z</time>
   </trkpt>
   <trkpt lat="45.7757910" lon="4.7613950">
    <ele>259.7</ele>
    <time>2025-02-28T14:14:46Z</time>
   </trkpt>
   <trkpt lat="45.7757770" lon="4.7613740">
    <ele>259.8</ele>
    <time>2025-02-28T14:14:47Z</time>
   </trkpt>
   <trkpt lat="45.7757410" lon="4.7613370">
    <ele>259.8</ele>
    <time>2025-02-28T14:14:48Z</time>
   </trkpt>
   <trkpt lat="45.7757110" lon="4.7613160">
    <ele>259.8</ele>
    <time>2025-02-28T14:14:49Z</time>
   </trkpt>
   <trkpt lat="45.7756850" lon="4.7612920">
    <ele>259.9</ele>
    <time>2025-02-28T14:14:50Z</time>
   </trkpt>
   <trkpt lat="45.7756670" lon="4.7612640">
    <ele>259.9</ele>
    <time>2025-02-28T14:14:51Z</time>
   </trkpt>
   <trkpt lat="45.7756470" lon="4.7612370">
    <ele>259.9</ele>
    <time>2025-02-28T14:14:52Z</time>
   </trkpt>
   <trkpt lat="45.7756210" lon="4.7612100">
    <ele>260.0</ele>
    <time>2025-02-28T14:14:53Z</time>
   </trkpt>
   <trkpt lat="45.7755910" lon="4.7611990">
    <ele>260.0</ele>
    <time>2025-02-28T14:14:54Z</time>
   </trkpt>
   <trkpt lat="45.7755600" lon="4.7611850">
    <ele>260.1</ele>
    <time>2025-02-28T14:14:55Z</time>
   </trkpt>
   <trkpt lat="45.7755400" lon="4.7611490">
    <ele>260.1</ele>
    <time>2025-02-28T14:14:56Z</time>
   </trkpt>
   <trkpt lat="45.7755190" lon="4.7611210">
    <ele>260.1</ele>
    <time>2025-02-28T14:14:57Z</time>
   </trkpt>
   <trkpt lat="45.7755020" lon="4.7610870">
    <ele>260.2</ele>
    <time>2025-02-28T14:14:58Z</time>
   </trkpt>
   <trkpt lat="45.7755120" lon="4.7610270">
    <ele>260.3</ele>
    <time>2025-02-28T14:14:59Z</time>
   </trkpt>
   <trkpt lat="45.7755630" lon="4.7609870">
    <ele>260.5</ele>
    <time>2025-02-28T14:15:00Z</time>
   </trkpt>
   <trkpt lat="45.7755910" lon="4.7609600">
    <ele>260.5</ele>
    <time>2025-02-28T14:15:01Z</time>
   </trkpt>
   <trkpt lat="45.7756030" lon="4.7609210">
    <ele>260.6</ele>
    <time>2025-02-28T14:15:02Z</time>
   </trkpt>
   <trkpt lat="45.7756190" lon="4.7608730">
    <ele>260.8</ele>
    <time>2025-02-28T14:15:03Z</time>
   </trkpt>
   <trkpt lat="45.7756340" lon="4.7608300">
    <ele>261.1</ele>
    <time>2025-02-28T14:15:04Z</time>
   </trkpt>
   <trkpt lat="45.7756390" lon="4.7608210">
    <ele>261.1</ele>
    <time>2025-02-28T14:15:05Z</time>
   </trkpt>
   <trkpt lat="45.7756640" lon="4.7607830">
    <ele>261.4</ele>
    <time>2025-02-28T14:15:06Z</time>
   </trkpt>
   <trkpt lat="45.7756700" lon="4.7607720">
    <ele>261.5</ele>
    <time>2025-02-28T14:15:07Z</time>
   </trkpt>
   <trkpt lat="45.7756890" lon="4.7607280">
    <ele>261.7</ele>
    <time>2025-02-28T14:15:08Z</time>
   </trkpt>
   <trkpt lat="45.7757160" lon="4.7606820">
    <ele>262.1</ele>
    <time>2025-02-28T14:15:09Z</time>
   </trkpt>
   <trkpt lat="45.7757240" lon="4.7606640">
    <ele>262.2</ele>
    <time>2025-02-28T14:15:10Z</time>
   </trkpt>
   <trkpt lat="45.7757320" lon="4.7606170">
    <ele>262.5</ele>
    <time>2025-02-28T14:15:11Z</time>
   </trkpt>
   <trkpt lat="45.7757340" lon="4.7605980">
    <ele>262.6</ele>
    <time>2025-02-28T14:15:12Z</time>
   </trkpt>
   <trkpt lat="45.7757540" lon="4.7605680">
    <ele>262.8</ele>
    <time>2025-02-28T14:15:13Z</time>
   </trkpt>
   <trkpt lat="45.7757680" lon="4.7605320">
    <ele>263.1</ele>
    <time>2025-02-28T14:15:14Z</time>
   </trkpt>
   <trkpt lat="45.7757830" lon="4.7604900">
    <ele>263.4</ele>
    <time>2025-02-28T14:15:15Z</time>
   </trkpt>
   <trkpt lat="45.7757900" lon="4.7604810">
    <ele>263.5</ele>
    <time>2025-02-28T14:15:16Z</time>
   </trkpt>
   <trkpt lat="45.7758050" lon="4.7604600">
    <ele>263.7</ele>
    <time>2025-02-28T14:15:17Z</time>
   </trkpt>
   <trkpt lat="45.7758170" lon="4.7604490">
    <ele>263.8</ele>
    <time>2025-02-28T14:15:18Z</time>
   </trkpt>
   <trkpt lat="45.7758420" lon="4.7604180">
    <ele>264.1</ele>
    <time>2025-02-28T14:15:19Z</time>
   </trkpt>
   <trkpt lat="45.7758550" lon="4.7604090">
    <ele>264.2</ele>
    <time>2025-02-28T14:15:20Z</time>
   </trkpt>
   <trkpt lat="45.7758840" lon="4.7603880">
    <ele>264.4</ele>
    <time>2025-02-28T14:15:21Z</time>
   </trkpt>
   <trkpt lat="45.7759090" lon="4.7603720">
    <ele>264.4</ele>
    <time>2025-02-28T14:15:22Z</time>
   </trkpt>
   <trkpt lat="45.7759370" lon="4.7603640">
    <ele>264.6</ele>
    <time>2025-02-28T14:15:23Z</time>
   </trkpt>
   <trkpt lat="45.7759670" lon="4.7603770">
    <ele>264.8</ele>
    <time>2025-02-28T14:15:24Z</time>
   </trkpt>
   <trkpt lat="45.7760060" lon="4.7603920">
    <ele>265.0</ele>
    <time>2025-02-28T14:15:25Z</time>
   </trkpt>
   <trkpt lat="45.7760190" lon="4.7604000">
    <ele>265.0</ele>
    <time>2025-02-28T14:15:26Z</time>
   </trkpt>
   <trkpt lat="45.7760550" lon="4.7604110">
    <ele>265.2</ele>
    <time>2025-02-28T14:15:27Z</time>
   </trkpt>
   <trkpt lat="45.7760700" lon="4.7604150">
    <ele>265.2</ele>
    <time>2025-02-28T14:15:28Z</time>
   </trkpt>
   <trkpt lat="45.7761070" lon="4.7604400">
    <ele>265.4</ele>
    <time>2025-02-28T14:15:29Z</time>
   </trkpt>
   <trkpt lat="45.7761210" lon="4.7604530">
    <ele>265.4</ele>
    <time>2025-02-28T14:15:30Z</time>
   </trkpt>
   <trkpt lat="45.7761600" lon="4.7604740">
    <ele>265.6</ele>
    <time>2025-02-28T14:15:31Z</time>
   </trkpt>
   <trkpt lat="45.7761760" lon="4.7604830">
    <ele>265.6</ele>
    <time>2025-02-28T14:15:32Z</time>
   </trkpt>
   <trkpt lat="45.7762160" lon="4.7604920">
    <ele>265.7</ele>
    <time>2025-02-28T14:15:33Z</time>
   </trkpt>
   <trkpt lat="45.7762310" lon="4.7604980">
    <ele>265.7</ele>
    <time>2025-02-28T14:15:34Z</time>
   </trkpt>
   <trkpt lat="45.7762600" lon="4.7605170">
    <ele>265.8</ele>
    <time>2025-02-28T14:15:35Z</time>
   </trkpt>
   <trkpt lat="45.7763080" lon="4.7605210">
    <ele>265.9</ele>
    <time>2025-02-28T14:15:36Z</time>
   </trkpt>
   <trkpt lat="45.7763480" lon="4.7605260">
    <ele>266.0</ele>
    <time>2025-02-28T14:15:37Z</time>
   </trkpt>
   <trkpt lat="45.7763750" lon="4.7605630">
    <ele>266.2</ele>
    <time>2025-02-28T14:15:38Z</time>
   </trkpt>
   <trkpt lat="45.7764130" lon="4.7605760">
    <ele>266.3</ele>
    <time>2025-02-28T14:15:39Z</time>
   </trkpt>
   <trkpt lat="45.7764520" lon="4.7605890">
    <ele>266.4</ele>
    <time>2025-02-28T14:15:40Z</time>
   </trkpt>
   <trkpt lat="45.7764860" lon="4.7606190">
    <ele>266.6</ele>
    <time>2025-02-28T14:15:41Z</time>
   </trkpt>
   <trkpt lat="45.7765280" lon="4.7606400">
    <ele>266.9</ele>
    <time>2025-02-28T14:15:42Z</time>
   </trkpt>
   <trkpt lat="45.7765590" lon="4.7606480">
    <ele>267.0</ele>
    <time>2025-02-28T14:15:43Z</time>
   </trkpt>
   <trkpt lat="45.7765720" lon="4.7606510">
    <ele>267.1</ele>
    <time>2025-02-28T14:15:44Z</time>
   </trkpt>
   <trkpt lat="45.7765990" lon="4.7606530">
    <ele>267.3</ele>
    <time>2025-02-28T14:15:45Z</time>
   </trkpt>
   <trkpt lat="45.7766260" lon="4.7606400">
    <ele>267.5</ele>
    <time>2025-02-28T14:15:46Z</time>
   </trkpt>
   <trkpt lat="45.7766240" lon="4.7606210">
    <ele>267.6</ele>
    <time>2025-02-28T14:15:50Z</time>
   </trkpt>
   <trkpt lat="45.7766400" lon="4.7606040">
    <ele>267.7</ele>
    <time>2025-02-28T14:15:51Z</time>
   </trkpt>
   <trkpt lat="45.7766630" lon="4.7605660">
    <ele>268.0</ele>
    <time>2025-02-28T14:15:52Z</time>
   </trkpt>
   <trkpt lat="45.7766820" lon="4.7605280">
    <ele>268.3</ele>
    <time>2025-02-28T14:15:53Z</time>
   </trkpt>
   <trkpt lat="45.7766980" lon="4.7604960">
    <ele>268.5</ele>
    <time>2025-02-28T14:15:54Z</time>
   </trkpt>
   <trkpt lat="45.7767260" lon="4.7604580">
    <ele>268.8</ele>
    <time>2025-02-28T14:15:55Z</time>
   </trkpt>
   <trkpt lat="45.7767370" lon="4.7604190">
    <ele>269.1</ele>
    <time>2025-02-28T14:15:56Z</time>
   </trkpt>
   <trkpt lat="45.7767550" lon="4.7603780">
    <ele>269.3</ele>
    <time>2025-02-28T14:15:57Z</time>
   </trkpt>
   <trkpt lat="45.7767800" lon="4.7603450">
    <ele>269.6</ele>
    <time>2025-02-28T14:15:58Z</time>
   </trkpt>
   <trkpt lat="45.7768000" lon="4.7603150">
    <ele>269.8</ele>
    <time>2025-02-28T14:15:59Z</time>
   </trkpt>
   <trkpt lat="45.7768280" lon="4.7602980">
    <ele>270.0</ele>
    <time>2025-02-28T14:16:00Z</time>
   </trkpt>
   <trkpt lat="45.7768600" lon="4.7602810">
    <ele>270.3</ele>
    <time>2025-02-28T14:16:01Z</time>
   </trkpt>
   <trkpt lat="45.7768670" lon="4.7602620">
    <ele>270.4</ele>
    <time>2025-02-28T14:16:02Z</time>
   </trkpt>
   <trkpt lat="45.7768870" lon="4.7602030">
    <ele>270.7</ele>
    <time>2025-02-28T14:16:03Z</time>
   </trkpt>
   <trkpt lat="45.7769070" lon="4.7601760">
    <ele>270.8</ele>
    <time>2025-02-28T14:16:04Z</time>
   </trkpt>
   <trkpt lat="45.7769230" lon="4.7601420">
    <ele>271.0</ele>
    <time>2025-02-28T14:16:05Z</time>
   </trkpt>
   <trkpt lat="45.7769390" lon="4.7601090">
    <ele>271.1</ele>
    <time>2025-02-28T14:16:06Z</time>
   </trkpt>
   <trkpt lat="45.7769580" lon="4.7600710">
    <ele>271.3</ele>
    <time>2025-02-28T14:16:07Z</time>
   </trkpt>
   <trkpt lat="45.7769770" lon="4.7600360">
    <ele>271.5</ele>
    <time>2025-02-28T14:16:08Z</time>
   </trkpt>
   <trkpt lat="45.7769970" lon="4.7600000">
    <ele>271.6</ele>
    <time>2025-02-28T14:16:09Z</time>
   </trkpt>
   <trkpt lat="45.7770220" lon="4.7599680">
    <ele>271.8</ele>
    <time>2025-02-28T14:16:10Z</time>
   </trkpt>
   <trkpt lat="45.7770390" lon="4.7599340">
    <ele>271.9</ele>
    <time>2025-02-28T14:16:11Z</time>
   </trkpt>
   <trkpt lat="45.7770680" lon="4.7598950">
    <ele>272.1</ele>
    <time>2025-02-28T14:16:12Z</time>
   </trkpt>
   <trkpt lat="45.7770810" lon="4.7598750">
    <ele>272.2</ele>
    <time>2025-02-28T14:16:13Z</time>
   </trkpt>
   <trkpt lat="45.7770900" lon="4.7598300">
    <ele>272.4</ele>
    <time>2025-02-28T14:16:14Z</time>
   </trkpt>
   <trkpt lat="45.7771120" lon="4.7597950">
    <ele>272.5</ele>
    <time>2025-02-28T14:16:15Z</time>
   </trkpt>
   <trkpt lat="45.7771590" lon="4.7597450">
    <ele>272.8</ele>
    <time>2025-02-28T14:16:16Z</time>
   </trkpt>
   <trkpt lat="45.7771830" lon="4.7597240">
    <ele>272.9</ele>
    <time>2025-02-28T14:16:17Z</time>
   </trkpt>
   <trkpt lat="45.7772070" lon="4.7596890">
    <ele>273.0</ele>
    <time>2025-02-28T14:16:18Z</time>
   </trkpt>
   <trkpt lat="45.7772240" lon="4.7596480">
    <ele>273.1</ele>
    <time>2025-02-28T14:16:19Z</time>
   </trkpt>
   <trkpt lat="45.7772580" lon="4.7596190">
    <ele>273.3</ele>
    <time>2025-02-28T14:16:20Z</time>
   </trkpt>
   <trkpt lat="45.7772680" lon="4.7596010">
    <ele>273.3</ele>
    <time>2025-02-28T14:16:21Z</time>
   </trkpt>
   <trkpt lat="45.7773080" lon="4.7596000">
    <ele>273.3</ele>
    <time>2025-02-28T14:16:22Z</time>
   </trkpt>
   <trkpt lat="45.7773210" lon="4.7595960">
    <ele>273.3</ele>
    <time>2025-02-28T14:16:23Z</time>
   </trkpt>
   <trkpt lat="45.7773660" lon="4.7596090">
    <ele>273.5</ele>
    <time>2025-02-28T14:16:24Z</time>
   </trkpt>
   <trkpt lat="45.7774020" lon="4.7595980">
    <ele>273.6</ele>
    <time>2025-02-28T14:16:25Z</time>
   </trkpt>
   <trkpt lat="45.7774120" lon="4.7595980">
    <ele>273.6</ele>
    <time>2025-02-28T14:16:26Z</time>
   </trkpt>
   <trkpt lat="45.7774400" lon="4.7596040">
    <ele>273.7</ele>
    <time>2025-02-28T14:16:27Z</time>
   </trkpt>
   <trkpt lat="45.7774700" lon="4.7595970">
    <ele>273.8</ele>
    <time>2025-02-28T14:16:28Z</time>
   </trkpt>
   <trkpt lat="45.7775040" lon="4.7596040">
    <ele>274.0</ele>
    <time>2025-02-28T14:16:29Z</time>
   </trkpt>
   <trkpt lat="45.7775340" lon="4.7596060">
    <ele>274.1</ele>
    <time>2025-02-28T14:16:30Z</time>
   </trkpt>
   <trkpt lat="45.7775650" lon="4.7596130">
    <ele>274.2</ele>
    <time>2025-02-28T14:16:31Z</time>
   </trkpt>
   <trkpt lat="45.7775980" lon="4.7596070">
    <ele>274.2</ele>
    <time>2025-02-28T14:16:32Z</time>
   </trkpt>
   <trkpt lat="45.7776290" lon="4.7596150">
    <ele>274.3</ele>
    <time>2025-02-28T14:16:33Z</time>
   </trkpt>
   <trkpt lat="45.7776640" lon="4.7596080">
    <ele>274.4</ele>
    <time>2025-02-28T14:16:34Z</time>
   </trkpt>
   <trkpt lat="45.7776970" lon="4.7596150">
    <ele>274.5</ele>
    <time>2025-02-28T14:16:35Z</time>
   </trkpt>
   <trkpt lat="45.7777270" lon="4.7596040">
    <ele>274.6</ele>
    <time>2025-02-28T14:16:36Z</time>
   </trkpt>
   <trkpt lat="45.7777550" lon="4.7595970">
    <ele>274.6</ele>
    <time>2025-02-28T14:16:37Z</time>
   </trkpt>
   <trkpt lat="45.7777850" lon="4.7595970">
    <ele>274.7</ele>
    <time>2025-02-28T14:16:38Z</time>
   </trkpt>
   <trkpt lat="45.7778260" lon="4.7596050">
    <ele>274.7</ele>
    <time>2025-02-28T14:16:39Z</time>
   </trkpt>
   <trkpt lat="45.7778420" lon="4.7596030">
    <ele>274.8</ele>
    <time>2025-02-28T14:16:40Z</time>
   </trkpt>
   <trkpt lat="45.7778730" lon="4.7595950">
    <ele>274.8</ele>
    <time>2025-02-28T14:16:41Z</time>
   </trkpt>
   <trkpt lat="45.7779050" lon="4.7596020">
    <ele>274.9</ele>
    <time>2025-02-28T14:16:42Z</time>
   </trkpt>
   <trkpt lat="45.7779400" lon="4.7596020">
    <ele>274.9</ele>
    <time>2025-02-28T14:16:43Z</time>
   </trkpt>
   <trkpt lat="45.7779710" lon="4.7596020">
    <ele>274.9</ele>
    <time>2025-02-28T14:16:44Z</time>
   </trkpt>
   <trkpt lat="45.7780030" lon="4.7595910">
    <ele>275.0</ele>
    <time>2025-02-28T14:16:45Z</time>
   </trkpt>
   <trkpt lat="45.7780370" lon="4.7596080">
    <ele>275.0</ele>
    <time>2025-02-28T14:16:46Z</time>
   </trkpt>
   <trkpt lat="45.7780710" lon="4.7596110">
    <ele>275.1</ele>
    <time>2025-02-28T14:16:47Z</time>
   </trkpt>
   <trkpt lat="45.7781060" lon="4.7596100">
    <ele>275.1</ele>
    <time>2025-02-28T14:16:48Z</time>
   </trkpt>
   <trkpt lat="45.7781380" lon="4.7596160">
    <ele>275.2</ele>
    <time>2025-02-28T14:16:49Z</time>
   </trkpt>
   <trkpt lat="45.7781730" lon="4.7596090">
    <ele>275.2</ele>
    <time>2025-02-28T14:16:50Z</time>
   </trkpt>
   <trkpt lat="45.7781870" lon="4.7596080">
    <ele>275.3</ele>
    <time>2025-02-28T14:16:51Z</time>
   </trkpt>
   <trkpt lat="45.7782170" lon="4.7596150">
    <ele>275.3</ele>
    <time>2025-02-28T14:16:52Z</time>
   </trkpt>
   <trkpt lat="45.7782500" lon="4.7596150">
    <ele>275.4</ele>
    <time>2025-02-28T14:16:53Z</time>
   </trkpt>
   <trkpt lat="45.7782850" lon="4.7596080">
    <ele>275.4</ele>
    <time>2025-02-28T14:16:54Z</time>
   </trkpt>
   <trkpt lat="45.7783140" lon="4.7596140">
    <ele>275.5</ele>
    <time>2025-02-28T14:16:55Z</time>
   </trkpt>
   <trkpt lat="45.7783440" lon="4.7596150">
    <ele>275.5</ele>
    <time>2025-02-28T14:16:56Z</time>
   </trkpt>
   <trkpt lat="45.7783790" lon="4.7596190">
    <ele>275.6</ele>
    <time>2025-02-28T14:16:57Z</time>
   </trkpt>
   <trkpt lat="45.7783940" lon="4.7596170">
    <ele>275.6</ele>
    <time>2025-02-28T14:16:58Z</time>
   </trkpt>
   <trkpt lat="45.7784230" lon="4.7596280">
    <ele>275.6</ele>
    <time>2025-02-28T14:16:59Z</time>
   </trkpt>
   <trkpt lat="45.7784620" lon="4.7596100">
    <ele>275.7</ele>
    <time>2025-02-28T14:17:00Z</time>
   </trkpt>
   <trkpt lat="45.7784910" lon="4.7596160">
    <ele>275.7</ele>
    <time>2025-02-28T14:17:01Z</time>
   </trkpt>
   <trkpt lat="45.7785330" lon="4.7596100">
    <ele>275.8</ele>
    <time>2025-02-28T14:17:02Z</time>
   </trkpt>
   <trkpt lat="45.7785480" lon="4.7596100">
    <ele>275.8</ele>
    <time>2025-02-28T14:17:03Z</time>
   </trkpt>
   <trkpt lat="45.7785790" lon="4.7595970">
    <ele>275.8</ele>
    <time>2025-02-28T14:17:04Z</time>
   </trkpt>
   <trkpt lat="45.7786150" lon="4.7595990">
    <ele>275.9</ele>
    <time>2025-02-28T14:17:05Z</time>
   </trkpt>
   <trkpt lat="45.7786460" lon="4.7596230">
    <ele>275.9</ele>
    <time>2025-02-28T14:17:06Z</time>
   </trkpt>
   <trkpt lat="45.7786820" lon="4.7596140">
    <ele>275.9</ele>
    <time>2025-02-28T14:17:07Z</time>
   </trkpt>
   <trkpt lat="45.7787080" lon="4.7596250">
    <ele>276.0</ele>
    <time>2025-02-28T14:17:08Z</time>
   </trkpt>
   <trkpt lat="45.7787400" lon="4.7596350">
    <ele>276.0</ele>
    <time>2025-02-28T14:17:09Z</time>
   </trkpt>
   <trkpt lat="45.7787720" lon="4.7596360">
    <ele>276.0</ele>
    <time>2025-02-28T14:17:10Z</time>
   </trkpt>
   <trkpt lat="45.7787990" lon="4.7596300">
    <ele>276.0</ele>
    <time>2025-02-28T14:17:11Z</time>
   </trkpt>
   <trkpt lat="45.7788420" lon="4.7596270">
    <ele>276.1</ele>
    <time>2025-02-28T14:17:12Z</time>
   </trkpt>
   <trkpt lat="45.7788600" lon="4.7596220">
    <ele>276.1</ele>
    <time>2025-02-28T14:17:13Z</time>
   </trkpt>
   <trkpt lat="45.7788930" lon="4.7596290">
    <ele>276.1</ele>
    <time>2025-02-28T14:17:14Z</time>
   </trkpt>
   <trkpt lat="45.7789270" lon="4.7596370">
    <ele>276.1</ele>
    <time>2025-02-28T14:17:15Z</time>
   </trkpt>
   <trkpt lat="45.7789540" lon="4.7596490">
    <ele>276.1</ele>
    <time>2025-02-28T14:17:16Z</time>
   </trkpt>
   <trkpt lat="45.7789860" lon="4.7596400">
    <ele>276.1</ele>
    <time>2025-02-28T14:17:17Z</time>
   </trkpt>
   <trkpt lat="45.7790130" lon="4.7596520">
    <ele>276.1</ele>
    <time>2025-02-28T14:17:18Z</time>
   </trkpt>
   <trkpt lat="45.7790490" lon="4.7596540">
    <ele>276.1</ele>
    <time>2025-02-28T14:17:19Z</time>
   </trkpt>
   <trkpt lat="45.7790780" lon="4.7596530">
    <ele>276.1</ele>
    <time>2025-02-28T14:17:20Z</time>
   </trkpt>
   <trkpt lat="45.7791170" lon="4.7596590">
    <ele>276.1</ele>
    <time>2025-02-28T14:17:21Z</time>
   </trkpt>
   <trkpt lat="45.7791460" lon="4.7596480">
    <ele>276.1</ele>
    <time>2025-02-28T14:17:22Z</time>
   </trkpt>
   <trkpt lat="45.7791800" lon="4.7596410">
    <ele>276.1</ele>
    <time>2025-02-28T14:17:23Z</time>
   </trkpt>
   <trkpt lat="45.7792150" lon="4.7596390">
    <ele>276.1</ele>
    <time>2025-02-28T14:17:24Z</time>
   </trkpt>
   <trkpt lat="45.7792490" lon="4.7596320">
    <ele>276.1</ele>
    <time>2025-02-28T14:17:25Z</time>
   </trkpt>
   <trkpt lat="45.7792840" lon="4.7596670">
    <ele>276.1</ele>
    <time>2025-02-28T14:17:26Z</time>
   </trkpt>
   <trkpt lat="45.7793160" lon="4.7596610">
    <ele>276.1</ele>
    <time>2025-02-28T14:17:27Z</time>
   </trkpt>
   <trkpt lat="45.7793480" lon="4.7596910">
    <ele>276.2</ele>
    <time>2025-02-28T14:17:29Z</time>
   </trkpt>
   <trkpt lat="45.7793540" lon="4.7597100">
    <ele>276.2</ele>
    <time>2025-02-28T14:17:30Z</time>
   </trkpt>
   <trkpt lat="45.7793600" lon="4.7597290">
    <ele>276.2</ele>
    <time>2025-02-28T14:17:31Z</time>
   </trkpt>
   <trkpt lat="45.7793670" lon="4.7597880">
    <ele>276.2</ele>
    <time>2025-02-28T14:17:32Z</time>
   </trkpt>
   <trkpt lat="45.7793680" lon="4.7598140">
    <ele>276.2</ele>
    <time>2025-02-28T14:17:33Z</time>
   </trkpt>
   <trkpt lat="45.7793610" lon="4.7598530">
    <ele>276.3</ele>
    <time>2025-02-28T14:17:34Z</time>
   </trkpt>
   <trkpt lat="45.7793720" lon="4.7598920">
    <ele>276.3</ele>
    <time>2025-02-28T14:17:35Z</time>
   </trkpt>
   <trkpt lat="45.7793750" lon="4.7599320">
    <ele>276.3</ele>
    <time>2025-02-28T14:17:36Z</time>
   </trkpt>
   <trkpt lat="45.7793650" lon="4.7599770">
    <ele>276.3</ele>
    <time>2025-02-28T14:17:37Z</time>
   </trkpt>
   <trkpt lat="45.7793660" lon="4.7600220">
    <ele>276.4</ele>
    <time>2025-02-28T14:17:38Z</time>
   </trkpt>
   <trkpt lat="45.7793730" lon="4.7600680">
    <ele>276.4</ele>
    <time>2025-02-28T14:17:39Z</time>
   </trkpt>
   <trkpt lat="45.7793900" lon="4.7601090">
    <ele>276.4</ele>
    <time>2025-02-28T14:17:40Z</time>
   </trkpt>
   <trkpt lat="45.7793900" lon="4.7601720">
    <ele>276.4</ele>
    <time>2025-02-28T14:17:41Z</time>
   </trkpt>
   <trkpt lat="45.7793900" lon="4.7601990">
    <ele>276.4</ele>
    <time>2025-02-28T14:17:42Z</time>
   </trkpt>
   <trkpt lat="45.7793880" lon="4.7602540">
    <ele>276.4</ele>
    <time>2025-02-28T14:17:43Z</time>
   </trkpt>
   <trkpt lat="45.7794000" lon="4.7603080">
    <ele>276.4</ele>
    <time>2025-02-28T14:17:44Z</time>
   </trkpt>
   <trkpt lat="45.7794080" lon="4.7603280">
    <ele>276.4</ele>
    <time>2025-02-28T14:17:45Z</time>
   </trkpt>
   <trkpt lat="45.7794250" lon="4.7603810">
    <ele>276.5</ele>
    <time>2025-02-28T14:17:46Z</time>
   </trkpt>
   <trkpt lat="45.7794340" lon="4.7604220">
    <ele>276.5</ele>
    <time>2025-02-28T14:17:47Z</time>
   </trkpt>
   <trkpt lat="45.7794460" lon="4.7604740">
    <ele>276.5</ele>
    <time>2025-02-28T14:17:48Z</time>
   </trkpt>
   <trkpt lat="45.7794360" lon="4.7605240">
    <ele>276.5</ele>
    <time>2025-02-28T14:17:49Z</time>
   </trkpt>
   <trkpt lat="45.7794510" lon="4.7605590">
    <ele>276.5</ele>
    <time>2025-02-28T14:17:50Z</time>
   </trkpt>
   <trkpt lat="45.7794570" lon="4.7606110">
    <ele>276.5</ele>
    <time>2025-02-28T14:17:51Z</time>
   </trkpt>
   <trkpt lat="45.7794640" lon="4.7606510">
    <ele>276.5</ele>
    <time>2025-02-28T14:17:52Z</time>
   </trkpt>
   <trkpt lat="45.7794850" lon="4.7607030">
    <ele>276.5</ele>
    <time>2025-02-28T14:17:53Z</time>
   </trkpt>
   <trkpt lat="45.7795000" lon="4.7607510">
    <ele>276.5</ele>
    <time>2025-02-28T14:17:54Z</time>
   </trkpt>
   <trkpt lat="45.7795140" lon="4.7608250">
    <ele>276.5</ele>
    <time>2025-02-28T14:17:55Z</time>
   </trkpt>
   <trkpt lat="45.7795160" lon="4.7608580">
    <ele>276.5</ele>
    <time>2025-02-28T14:17:56Z</time>
   </trkpt>
   <trkpt lat="45.7795170" lon="4.7609120">
    <ele>276.5</ele>
    <time>2025-02-28T14:17:57Z</time>
   </trkpt>
   <trkpt lat="45.7795370" lon="4.7609490">
    <ele>276.5</ele>
    <time>2025-02-28T14:17:58Z</time>
   </trkpt>
   <trkpt lat="45.7795430" lon="4.7610000">
    <ele>276.5</ele>
    <time>2025-02-28T14:17:59Z</time>
   </trkpt>
   <trkpt lat="45.7795400" lon="4.7610610">
    <ele>276.5</ele>
    <time>2025-02-28T14:18:00Z</time>
   </trkpt>
   <trkpt lat="45.7795600" lon="4.7611100">
    <ele>276.6</ele>
    <time>2025-02-28T14:18:01Z</time>
   </trkpt>
   <trkpt lat="45.7795610" lon="4.7611520">
    <ele>276.6</ele>
    <time>2025-02-28T14:18:02Z</time>
   </trkpt>
   <trkpt lat="45.7795810" lon="4.7611910">
    <ele>276.6</ele>
    <time>2025-02-28T14:18:03Z</time>
   </trkpt>
   <trkpt lat="45.7796010" lon="4.7612310">
    <ele>276.6</ele>
    <time>2025-02-28T14:18:04Z</time>
   </trkpt>
   <trkpt lat="45.7796040" lon="4.7612710">
    <ele>276.6</ele>
    <time>2025-02-28T14:18:05Z</time>
   </trkpt>
   <trkpt lat="45.7796030" lon="4.7613170">
    <ele>276.6</ele>
    <time>2025-02-28T14:18:06Z</time>
   </trkpt>
   <trkpt lat="45.7796020" lon="4.7613660">
    <ele>276.6</ele>
    <time>2025-02-28T14:18:07Z</time>
   </trkpt>
   <trkpt lat="45.7796200" lon="4.7614040">
    <ele>276.6</ele>
    <time>2025-02-28T14:18:08Z</time>
   </trkpt>
   <trkpt lat="45.7796090" lon="4.7614470">
    <ele>276.6</ele>
    <time>2025-02-28T14:18:09Z</time>
   </trkpt>
   <trkpt lat="45.7796240" lon="4.7614950">
    <ele>276.6</ele>
    <time>2025-02-28T14:18:10Z</time>
   </trkpt>
   <trkpt lat="45.7796410" lon="4.7615430">
    <ele>276.6</ele>
    <time>2025-02-28T14:18:11Z</time>
   </trkpt>
   <trkpt lat="45.7796330" lon="4.7616020">
    <ele>276.6</ele>
    <time>2025-02-28T14:18:12Z</time>
   </trkpt>
   <trkpt lat="45.7796460" lon="4.7616510">
    <ele>276.6</ele>
    <time>2025-02-28T14:18:13Z</time>
   </trkpt>
   <trkpt lat="45.7796570" lon="4.7616670">
    <ele>276.6</ele>
    <time>2025-02-28T14:18:14Z</time>
   </trkpt>
   <trkpt lat="45.7796720" lon="4.7617190">
    <ele>276.6</ele>
    <time>2025-02-28T14:18:15Z</time>
   </trkpt>
   <trkpt lat="45.7796750" lon="4.7617830">
    <ele>276.6</ele>
    <time>2025-02-28T14:18:16Z</time>
   </trkpt>
   <trkpt lat="45.7796900" lon="4.7618320">
    <ele>276.6</ele>
    <time>2025-02-28T14:18:17Z</time>
   </trkpt>
   <trkpt lat="45.7797100" lon="4.7618770">
    <ele>276.7</ele>
    <time>2025-02-28T14:18:18Z</time>
   </trkpt>
   <trkpt lat="45.7797160" lon="4.7619090">
    <ele>276.7</ele>
    <time>2025-02-28T14:18:19Z</time>
   </trkpt>
   <trkpt lat="45.7797260" lon="4.7619470">
    <ele>276.7</ele>
    <time>2025-02-28T14:18:21Z</time>
   </trkpt>
   <trkpt lat="45.7797420" lon="4.7620010">
    <ele>276.7</ele>
    <time>2025-02-28T14:18:22Z</time>
   </trkpt>
   <trkpt lat="45.7797600" lon="4.7620520">
    <ele>276.7</ele>
    <time>2025-02-28T14:18:23Z</time>
   </trkpt>
   <trkpt lat="45.7797920" lon="4.7620960">
    <ele>276.7</ele>
    <time>2025-02-28T14:18:24Z</time>
   </trkpt>
   <trkpt lat="45.7798190" lon="4.7621400">
    <ele>276.7</ele>
    <time>2025-02-28T14:18:25Z</time>
   </trkpt>
   <trkpt lat="45.7798430" lon="4.7621810">
    <ele>276.7</ele>
    <time>2025-02-28T14:18:26Z</time>
   </trkpt>
   <trkpt lat="45.7798790" lon="4.7622250">
    <ele>276.7</ele>
    <time>2025-02-28T14:18:27Z</time>
   </trkpt>
   <trkpt lat="45.7798980" lon="4.7622640">
    <ele>276.7</ele>
    <time>2025-02-28T14:18:28Z</time>
   </trkpt>
   <trkpt lat="45.7799270" lon="4.7622920">
    <ele>276.7</ele>
    <time>2025-02-28T14:18:29Z</time>
   </trkpt>
   <trkpt lat="45.7799420" lon="4.7623400">
    <ele>276.7</ele>
    <time>2025-02-28T14:18:30Z</time>
   </trkpt>
   <trkpt lat="45.7799560" lon="4.7623800">
    <ele>276.7</ele>
    <time>2025-02-28T14:18:31Z</time>
   </trkpt>
   <trkpt lat="45.7799720" lon="4.7624170">
    <ele>276.7</ele>
    <time>2025-02-28T14:18:32Z</time>
   </trkpt>
   <trkpt lat="45.7800000" lon="4.7624410">
    <ele>276.8</ele>
    <time>2025-02-28T14:18:33Z</time>
   </trkpt>
   <trkpt lat="45.7800220" lon="4.7624720">
    <ele>276.8</ele>
    <time>2025-02-28T14:18:34Z</time>
   </trkpt>
   <trkpt lat="45.7800430" lon="4.7625130">
    <ele>276.8</ele>
    <time>2025-02-28T14:18:35Z</time>
   </trkpt>
   <trkpt lat="45.7800580" lon="4.7625550">
    <ele>276.8</ele>
    <time>2025-02-28T14:18:36Z</time>
   </trkpt>
   <trkpt lat="45.7800860" lon="4.7625810">
    <ele>276.8</ele>
    <time>2025-02-28T14:18:37Z</time>
   </trkpt>
   <trkpt lat="45.7801110" lon="4.7626190">
    <ele>276.9</ele>
    <time>2025-02-28T14:18:38Z</time>
   </trkpt>
   <trkpt lat="45.7801440" lon="4.7626570">
    <ele>276.9</ele>
    <time>2025-02-28T14:18:39Z</time>
   </trkpt>
   <trkpt lat="45.7801770" lon="4.7626880">
    <ele>276.9</ele>
    <time>2025-02-28T14:18:40Z</time>
   </trkpt>
   <trkpt lat="45.7802050" lon="4.7627220">
    <ele>276.8</ele>
    <time>2025-02-28T14:18:41Z</time>
   </trkpt>
   <trkpt lat="45.7802180" lon="4.7627800">
    <ele>276.8</ele>
    <time>2025-02-28T14:18:42Z</time>
   </trkpt>
   <trkpt lat="45.7802300" lon="4.7628260">
    <ele>276.8</ele>
    <time>2025-02-28T14:18:43Z</time>
   </trkpt>
   <trkpt lat="45.7802580" lon="4.7628530">
    <ele>276.8</ele>
    <time>2025-02-28T14:18:44Z</time>
   </trkpt>
   <trkpt lat="45.7802860" lon="4.7628760">
    <ele>276.8</ele>
    <time>2025-02-28T14:18:45Z</time>
   </trkpt>
   <trkpt lat="45.7803200" lon="4.7628940">
    <ele>276.8</ele>
    <time>2025-02-28T14:18:46Z</time>
   </trkpt>
   <trkpt lat="45.7803440" lon="4.7629250">
    <ele>276.8</ele>
    <time>2025-02-28T14:18:47Z</time>
   </trkpt>
   <trkpt lat="45.7803780" lon="4.7629640">
    <ele>276.7</ele>
    <time>2025-02-28T14:18:48Z</time>
   </trkpt>
   <trkpt lat="45.7803940" lon="4.7629840">
    <ele>276.7</ele>
    <time>2025-02-28T14:18:49Z</time>
   </trkpt>
   <trkpt lat="45.7804260" lon="4.7630070">
    <ele>276.7</ele>
    <time>2025-02-28T14:18:50Z</time>
   </trkpt>
   <trkpt lat="45.7804500" lon="4.7630410">
    <ele>276.6</ele>
    <time>2025-02-28T14:18:51Z</time>
   </trkpt>
   <trkpt lat="45.7804690" lon="4.7630780">
    <ele>276.6</ele>
    <time>2025-02-28T14:18:52Z</time>
   </trkpt>
   <trkpt lat="45.7804910" lon="4.7631230">
    <ele>276.6</ele>
    <time>2025-02-28T14:18:53Z</time>
   </trkpt>
   <trkpt lat="45.7805200" lon="4.7631770">
    <ele>276.5</ele>
    <time>2025-02-28T14:18:54Z</time>
   </trkpt>
   <trkpt lat="45.7805470" lon="4.7632080">
    <ele>276.4</ele>
    <time>2025-02-28T14:18:55Z</time>
   </trkpt>
   <trkpt lat="45.7805760" lon="4.7632540">
    <ele>276.4</ele>
    <time>2025-02-28T14:18:56Z</time>
   </trkpt>
   <trkpt lat="45.7805940" lon="4.7632750">
    <ele>276.3</ele>
    <time>2025-02-28T14:18:57Z</time>
   </trkpt>
   <trkpt lat="45.7806240" lon="4.7633100">
    <ele>276.3</ele>
    <time>2025-02-28T14:18:58Z</time>
   </trkpt>
   <trkpt lat="45.7806400" lon="4.7633560">
    <ele>276.2</ele>
    <time>2025-02-28T14:18:59Z</time>
   </trkpt>
   <trkpt lat="45.7806810" lon="4.7633820">
    <ele>276.1</ele>
    <time>2025-02-28T14:19:00Z</time>
   </trkpt>
   <trkpt lat="45.7807020" lon="4.7634140">
    <ele>276.1</ele>
    <time>2025-02-28T14:19:01Z</time>
   </trkpt>
   <trkpt lat="45.7807320" lon="4.7634510">
    <ele>276.0</ele>
    <time>2025-02-28T14:19:02Z</time>
   </trkpt>
   <trkpt lat="45.7807650" lon="4.7634840">
    <ele>275.9</ele>
    <time>2025-02-28T14:19:03Z</time>
   </trkpt>
   <trkpt lat="45.7807880" lon="4.7635180">
    <ele>275.8</ele>
    <time>2025-02-28T14:19:04Z</time>
   </trkpt>
   <trkpt lat="45.7808130" lon="4.7635470">
    <ele>275.7</ele>
    <time>2025-02-28T14:19:05Z</time>
   </trkpt>
   <trkpt lat="45.7808430" lon="4.7635650">
    <ele>275.6</ele>
    <time>2025-02-28T14:19:06Z</time>
   </trkpt>
   <trkpt lat="45.7808670" lon="4.7635970">
    <ele>275.4</ele>
    <time>2025-02-28T14:19:07Z</time>
   </trkpt>
   <trkpt lat="45.7809000" lon="4.7636520">
    <ele>275.2</ele>
    <time>2025-02-28T14:19:08Z</time>
   </trkpt>
   <trkpt lat="45.7809190" lon="4.7637020">
    <ele>275.1</ele>
    <time>2025-02-28T14:19:09Z</time>
   </trkpt>
   <trkpt lat="45.7809520" lon="4.7637360">
    <ele>274.9</ele>
    <time>2025-02-28T14:19:10Z</time>
   </trkpt>
   <trkpt lat="45.7809800" lon="4.7637710">
    <ele>274.7</ele>
    <time>2025-02-28T14:19:11Z</time>
   </trkpt>
   <trkpt lat="45.7810100" lon="4.7637920">
    <ele>274.6</ele>
    <time>2025-02-28T14:19:12Z</time>
   </trkpt>
   <trkpt lat="45.7810270" lon="4.7638290">
    <ele>274.4</ele>
    <time>2025-02-28T14:19:13Z</time>
   </trkpt>
   <trkpt lat="45.7810470" lon="4.7638580">
    <ele>274.3</ele>
    <time>2025-02-28T14:19:14Z</time>
   </trkpt>
   <trkpt lat="45.7810750" lon="4.7638790">
    <ele>274.2</ele>
    <time>2025-02-28T14:19:15Z</time>
   </trkpt>
   <trkpt lat="45.7810980" lon="4.7639150">
    <ele>274.0</ele>
    <time>2025-02-28T14:19:16Z</time>
   </trkpt>
   <trkpt lat="45.7811440" lon="4.7639290">
    <ele>273.8</ele>
    <time>2025-02-28T14:19:17Z</time>
   </trkpt>
   <trkpt lat="45.7811600" lon="4.7639740">
    <ele>273.6</ele>
    <time>2025-02-28T14:19:18Z</time>
   </trkpt>
   <trkpt lat="45.7811920" lon="4.7640080">
    <ele>273.5</ele>
    <time>2025-02-28T14:19:19Z</time>
   </trkpt>
   <trkpt lat="45.7812190" lon="4.7640420">
    <ele>273.3</ele>
    <time>2025-02-28T14:19:20Z</time>
   </trkpt>
   <trkpt lat="45.7812410" lon="4.7640780">
    <ele>273.2</ele>
    <time>2025-02-28T14:19:21Z</time>
   </trkpt>
   <trkpt lat="45.7812630" lon="4.7641120">
    <ele>273.1</ele>
    <time>2025-02-28T14:19:22Z</time>
   </trkpt>
   <trkpt lat="45.7812910" lon="4.7641440">
    <ele>273.0</ele>
    <time>2025-02-28T14:19:23Z</time>
   </trkpt>
   <trkpt lat="45.7813180" lon="4.7641780">
    <ele>272.9</ele>
    <time>2025-02-28T14:19:24Z</time>
   </trkpt>
   <trkpt lat="45.7813460" lon="4.7642100">
    <ele>272.8</ele>
    <time>2025-02-28T14:19:25Z</time>
   </trkpt>
   <trkpt lat="45.7813790" lon="4.7642170">
    <ele>272.8</ele>
    <time>2025-02-28T14:19:26Z</time>
   </trkpt>
   <trkpt lat="45.7814100" lon="4.7642180">
    <ele>272.8</ele>
    <time>2025-02-28T14:19:27Z</time>
   </trkpt>
   <trkpt lat="45.7814390" lon="4.7641930">
    <ele>272.8</ele>
    <time>2025-02-28T14:19:28Z</time>
   </trkpt>
   <trkpt lat="45.7814710" lon="4.7641690">
    <ele>272.8</ele>
    <time>2025-02-28T14:19:29Z</time>
   </trkpt>
   <trkpt lat="45.7815050" lon="4.7642170">
    <ele>272.8</ele>
    <time>2025-02-28T14:19:30Z</time>
   </trkpt>
   <trkpt lat="45.7815270" lon="4.7642450">
    <ele>272.8</ele>
    <time>2025-02-28T14:19:31Z</time>
   </trkpt>
   <trkpt lat="45.7815570" lon="4.7642680">
    <ele>272.8</ele>
    <time>2025-02-28T14:19:32Z</time>
   </trkpt>
   <trkpt lat="45.7815700" lon="4.7642730">
    <ele>272.8</ele>
    <time>2025-02-28T14:19:33Z</time>
   </trkpt>
   <trkpt lat="45.7816110" lon="4.7642690">
    <ele>272.8</ele>
    <time>2025-02-28T14:19:34Z</time>
   </trkpt>
   <trkpt lat="45.7816440" lon="4.7642730">
    <ele>272.8</ele>
    <time>2025-02-28T14:19:35Z</time>
   </trkpt>
   <trkpt lat="45.7816810" lon="4.7642430">
    <ele>272.9</ele>
    <time>2025-02-28T14:19:36Z</time>
   </trkpt>
   <trkpt lat="45.7816940" lon="4.7642200">
    <ele>272.9</ele>
    <time>2025-02-28T14:19:37Z</time>
   </trkpt>
   <trkpt lat="45.7817070" lon="4.7641800">
    <ele>273.0</ele>
    <time>2025-02-28T14:19:38Z</time>
   </trkpt>
   <trkpt lat="45.7817340" lon="4.7641720">
    <ele>273.0</ele>
    <time>2025-02-28T14:19:39Z</time>
   </trkpt>
   <trkpt lat="45.7817560" lon="4.7641350">
    <ele>273.1</ele>
    <time>2025-02-28T14:19:40Z</time>
   </trkpt>
   <trkpt lat="45.7817840" lon="4.7641040">
    <ele>273.2</ele>
    <time>2025-02-28T14:19:41Z</time>
   </trkpt>
   <trkpt lat="45.7817940" lon="4.7641000">
    <ele>273.2</ele>
    <time>2025-02-28T14:19:42Z</time>
   </trkpt>
   <trkpt lat="45.7818280" lon="4.7640690">
    <ele>273.3</ele>
    <time>2025-02-28T14:19:43Z</time>
   </trkpt>
   <trkpt lat="45.7818410" lon="4.7640580">
    <ele>273.3</ele>
    <time>2025-02-28T14:19:44Z</time>
   </trkpt>
   <trkpt lat="45.7818680" lon="4.7640320">
    <ele>273.4</ele>
    <time>2025-02-28T14:19:45Z</time>
   </trkpt>
   <trkpt lat="45.7819000" lon="4.7640160">
    <ele>273.5</ele>
    <time>2025-02-28T14:19:46Z</time>
   </trkpt>
   <trkpt lat="45.7819360" lon="4.7639880">
    <ele>273.6</ele>
    <time>2025-02-28T14:19:47Z</time>
   </trkpt>
   <trkpt lat="45.7819660" lon="4.7639370">
    <ele>273.7</ele>
    <time>2025-02-28T14:19:48Z</time>
   </trkpt>
   <trkpt lat="45.7819740" lon="4.7639090">
    <ele>273.7</ele>
    <time>2025-02-28T14:19:49Z</time>
   </trkpt>
   <trkpt lat="45.7819910" lon="4.7638710">
    <ele>273.8</ele>
    <time>2025-02-28T14:19:50Z</time>
   </trkpt>
   <trkpt lat="45.7820160" lon="4.7638490">
    <ele>273.9</ele>
    <time>2025-02-28T14:19:51Z</time>
   </trkpt>
   <trkpt lat="45.7820360" lon="4.7638180">
    <ele>274.0</ele>
    <time>2025-02-28T14:19:52Z</time>
   </trkpt>
   <trkpt lat="45.7820510" lon="4.7637860">
    <ele>274.1</ele>
    <time>2025-02-28T14:19:53Z</time>
   </trkpt>
   <trkpt lat="45.7820770" lon="4.7637450">
    <ele>274.2</ele>
    <time>2025-02-28T14:19:54Z</time>
   </trkpt>
   <trkpt lat="45.7820880" lon="4.7637340">
    <ele>274.2</ele>
    <time>2025-02-28T14:19:55Z</time>
   </trkpt>
   <trkpt lat="45.7821130" lon="4.7637080">
    <ele>274.3</ele>
    <time>2025-02-28T14:19:56Z</time>
   </trkpt>
   <trkpt lat="45.7821400" lon="4.7636780">
    <ele>274.4</ele>
    <time>2025-02-28T14:19:57Z</time>
   </trkpt>
   <trkpt lat="45.7821680" lon="4.7636540">
    <ele>274.6</ele>
    <time>2025-02-28T14:19:58Z</time>
   </trkpt>
   <trkpt lat="45.7821910" lon="4.7636290">
    <ele>274.6</ele>
    <time>2025-02-28T14:19:59Z</time>
   </trkpt>
   <trkpt lat="45.7822050" lon="4.7635900">
    <ele>274.8</ele>
    <time>2025-02-28T14:20:00Z</time>
   </trkpt>
   <trkpt lat="45.7822490" lon="4.7635310">
    <ele>275.0</ele>
    <time>2025-02-28T14:20:01Z</time>
   </trkpt>
   <trkpt lat="45.7822710" lon="4.7634840">
    <ele>275.1</ele>
    <time>2025-02-28T14:20:02Z</time>
   </trkpt>
   <trkpt lat="45.7822840" lon="4.7634710">
    <ele>275.1</ele>
    <time>2025-02-28T14:20:03Z</time>
   </trkpt>
   <trkpt lat="45.7823100" lon="4.7634450">
    <ele>275.2</ele>
    <time>2025-02-28T14:20:04Z</time>
   </trkpt>
   <trkpt lat="45.7823320" lon="4.7634200">
    <ele>275.3</ele>
    <time>2025-02-28T14:20:05Z</time>
   </trkpt>
   <trkpt lat="45.7823450" lon="4.7633730">
    <ele>275.5</ele>
    <time>2025-02-28T14:20:06Z</time>
   </trkpt>
   <trkpt lat="45.7823630" lon="4.7633320">
    <ele>275.6</ele>
    <time>2025-02-28T14:20:07Z</time>
   </trkpt>
   <trkpt lat="45.7823830" lon="4.7633120">
    <ele>275.6</ele>
    <time>2025-02-28T14:20:08Z</time>
   </trkpt>
   <trkpt lat="45.7823910" lon="4.7633020">
    <ele>275.7</ele>
    <time>2025-02-28T14:20:09Z</time>
   </trkpt>
   <trkpt lat="45.7824230" lon="4.7632750">
    <ele>275.8</ele>
    <time>2025-02-28T14:20:10Z</time>
   </trkpt>
   <trkpt lat="45.7824320" lon="4.7632640">
    <ele>275.8</ele>
    <time>2025-02-28T14:20:11Z</time>
   </trkpt>
   <trkpt lat="45.7824550" lon="4.7632360">
    <ele>275.9</ele>
    <time>2025-02-28T14:20:12Z</time>
   </trkpt>
   <trkpt lat="45.7824790" lon="4.7632000">
    <ele>276.0</ele>
    <time>2025-02-28T14:20:13Z</time>
   </trkpt>
   <trkpt lat="45.7824980" lon="4.7631680">
    <ele>276.1</ele>
    <time>2025-02-28T14:20:14Z</time>
   </trkpt>
   <trkpt lat="45.7825150" lon="4.7631420">
    <ele>276.1</ele>
    <time>2025-02-28T14:20:15Z</time>
   </trkpt>
   <trkpt lat="45.7825330" lon="4.7631140">
    <ele>276.2</ele>
    <time>2025-02-28T14:20:17Z</time>
   </trkpt>
   <trkpt lat="45.7825570" lon="4.7630660">
    <ele>276.3</ele>
    <time>2025-02-28T14:20:18Z</time>
   </trkpt>
   <trkpt lat="45.7825660" lon="4.7630430">
    <ele>276.3</ele>
    <time>2025-02-28T14:20:19Z</time>
   </trkpt>
   <trkpt lat="45.7825870" lon="4.7630190">
    <ele>276.4</ele>
    <time>2025-02-28T14:20:20Z</time>
   </trkpt>
   <trkpt lat="45.7826100" lon="4.7629830">
    <ele>276.4</ele>
    <time>2025-02-28T14:20:21Z</time>
   </trkpt>
   <trkpt lat="45.7826380" lon="4.7629450">
    <ele>276.5</ele>
    <time>2025-02-28T14:20:22Z</time>
   </trkpt>
   <trkpt lat="45.7826450" lon="4.7629280">
    <ele>276.5</ele>
    <time>2025-02-28T14:20:23Z</time>
   </trkpt>
   <trkpt lat="45.7826720" lon="4.7628920">
    <ele>276.5</ele>
    <time>2025-02-28T14:20:24Z</time>
   </trkpt>
   <trkpt lat="45.7826830" lon="4.7628790">
    <ele>276.6</ele>
    <time>2025-02-28T14:20:25Z</time>
   </trkpt>
   <trkpt lat="45.7827030" lon="4.7628490">
    <ele>276.6</ele>
    <time>2025-02-28T14:20:26Z</time>
   </trkpt>
   <trkpt lat="45.7827260" lon="4.7628180">
    <ele>276.6</ele>
    <time>2025-02-28T14:20:27Z</time>
   </trkpt>
   <trkpt lat="45.7827360" lon="4.7627810">
    <ele>276.7</ele>
    <time>2025-02-28T14:20:28Z</time>
   </trkpt>
   <trkpt lat="45.7827620" lon="4.7627430">
    <ele>276.7</ele>
    <time>2025-02-28T14:20:29Z</time>
   </trkpt>
   <trkpt lat="45.7827820" lon="4.7627120">
    <ele>276.7</ele>
    <time>2025-02-28T14:20:30Z</time>
   </trkpt>
   <trkpt lat="45.7828030" lon="4.7626870">
    <ele>276.8</ele>
    <time>2025-02-28T14:20:31Z</time>
   </trkpt>
   <trkpt lat="45.7828320" lon="4.7626450">
    <ele>276.8</ele>
    <time>2025-02-28T14:20:32Z</time>
   </trkpt>
   <trkpt lat="45.7828400" lon="4.7626280">
    <ele>276.8</ele>
    <time>2025-02-28T14:20:33Z</time>
   </trkpt>
   <trkpt lat="45.7828650" lon="4.7625760">
    <ele>276.9</ele>
    <time>2025-02-28T14:20:34Z</time>
   </trkpt>
   <trkpt lat="45.7828790" lon="4.7625580">
    <ele>276.9</ele>
    <time>2025-02-28T14:20:35Z</time>
   </trkpt>
   <trkpt lat="45.7828960" lon="4.7625220">
    <ele>276.9</ele>
    <time>2025-02-28T14:20:36Z</time>
   </trkpt>
   <trkpt lat="45.7829200" lon="4.7624750">
    <ele>276.9</ele>
    <time>2025-02-28T14:20:37Z</time>
   </trkpt>
   <trkpt lat="45.7829350" lon="4.7624620">
    <ele>277.0</ele>
    <time>2025-02-28T14:20:38Z</time>
   </trkpt>
   <trkpt lat="45.7829590" lon="4.7624160">
    <ele>277.0</ele>
    <time>2025-02-28T14:20:39Z</time>
   </trkpt>
   <trkpt lat="45.7829680" lon="4.7623970">
    <ele>277.0</ele>
    <time>2025-02-28T14:20:40Z</time>
   </trkpt>
   <trkpt lat="45.7829920" lon="4.7623570">
    <ele>277.1</ele>
    <time>2025-02-28T14:20:41Z</time>
   </trkpt>
   <trkpt lat="45.7830090" lon="4.7623450">
    <ele>277.1</ele>
    <time>2025-02-28T14:20:42Z</time>
   </trkpt>
   <trkpt lat="45.7830330" lon="4.7623100">
    <ele>277.1</ele>
    <time>2025-02-28T14:20:43Z</time>
   </trkpt>
   <trkpt lat="45.7830650" lon="4.7622700">
    <ele>277.1</ele>
    <time>2025-02-28T14:20:44Z</time>
   </trkpt>
   <trkpt lat="45.7830810" lon="4.7622600">
    <ele>277.2</ele>
    <time>2025-02-28T14:20:45Z</time>
   </trkpt>
   <trkpt lat="45.7830980" lon="4.7622300">
    <ele>277.2</ele>
    <time>2025-02-28T14:20:46Z</time>
   </trkpt>
   <trkpt lat="45.7831230" lon="4.7622020">
    <ele>277.2</ele>
    <time>2025-02-28T14:20:47Z</time>
   </trkpt>
   <trkpt lat="45.7831400" lon="4.7621630">
    <ele>277.3</ele>
    <time>2025-02-28T14:20:48Z</time>
   </trkpt>
   <trkpt lat="45.7831600" lon="4.7621270">
    <ele>277.3</ele>
    <time>2025-02-28T14:20:49Z</time>
   </trkpt>
   <trkpt lat="45.7831820" lon="4.7620990">
    <ele>277.3</ele>
    <time>2025-02-28T14:20:50Z</time>
   </trkpt>
   <trkpt lat="45.7832110" lon="4.7620550">
    <ele>277.4</ele>
    <time>2025-02-28T14:20:51Z</time>
   </trkpt>
   <trkpt lat="45.7832250" lon="4.7620410">
    <ele>277.4</ele>
    <time>2025-02-28T14:20:52Z</time>
   </trkpt>
   <trkpt lat="45.7832440" lon="4.7619990">
    <ele>277.4</ele>
    <time>2025-02-28T14:20:53Z</time>
   </trkpt>
   <trkpt lat="45.7832660" lon="4.7619740">
    <ele>277.4</ele>
    <time>2025-02-28T14:20:54Z</time>
   </trkpt>
   <trkpt lat="45.7832920" lon="4.7619500">
    <ele>277.5</ele>
    <time>2025-02-28T14:20:55Z</time>
   </trkpt>
   <trkpt lat="45.7833180" lon="4.7619050">
    <ele>277.6</ele>
    <time>2025-02-28T14:20:56Z</time>
   </trkpt>
   <trkpt lat="45.7833290" lon="4.7618900">
    <ele>277.6</ele>
    <time>2025-02-28T14:20:57Z</time>
   </trkpt>
   <trkpt lat="45.7833460" lon="4.7618530">
    <ele>277.7</ele>
    <time>2025-02-28T14:20:58Z</time>
   </trkpt>
   <trkpt lat="45.7833750" lon="4.7618190">
    <ele>277.8</ele>
    <time>2025-02-28T14:20:59Z</time>
   </trkpt>
   <trkpt lat="45.7833880" lon="4.7618100">
    <ele>277.8</ele>
    <time>2025-02-28T14:21:00Z</time>
   </trkpt>
   <trkpt lat="45.7834130" lon="4.7617810">
    <ele>277.9</ele>
    <time>2025-02-28T14:21:01Z</time>
   </trkpt>
   <trkpt lat="45.7834200" lon="4.7617700">
    <ele>277.9</ele>
    <time>2025-02-28T14:21:02Z</time>
   </trkpt>
   <trkpt lat="45.7834490" lon="4.7617350">
    <ele>278.0</ele>
    <time>2025-02-28T14:21:03Z</time>
   </trkpt>
   <trkpt lat="45.7834590" lon="4.7617250">
    <ele>278.0</ele>
    <time>2025-02-28T14:21:04Z</time>
   </trkpt>
   <trkpt lat="45.7834900" lon="4.7616910">
    <ele>278.1</ele>
    <time>2025-02-28T14:21:05Z</time>
   </trkpt>
   <trkpt lat="45.7834990" lon="4.7616740">
    <ele>278.2</ele>
    <time>2025-02-28T14:21:06Z</time>
   </trkpt>
   <trkpt lat="45.7835220" lon="4.7616490">
    <ele>278.2</ele>
    <time>2025-02-28T14:21:07Z</time>
   </trkpt>
   <trkpt lat="45.7835480" lon="4.7616230">
    <ele>278.3</ele>
    <time>2025-02-28T14:21:08Z</time>
   </trkpt>
   <trkpt lat="45.7835830" lon="4.7615880">
    <ele>278.4</ele>
    <time>2025-02-28T14:21:09Z</time>
   </trkpt>
   <trkpt lat="45.7835990" lon="4.7615750">
    <ele>278.5</ele>
    <time>2025-02-28T14:21:10Z</time>
   </trkpt>
   <trkpt lat="45.7836200" lon="4.7615510">
    <ele>278.5</ele>
    <time>2025-02-28T14:21:11Z</time>
   </trkpt>
   <trkpt lat="45.7836560" lon="4.7615190">
    <ele>278.7</ele>
    <time>2025-02-28T14:21:12Z</time>
   </trkpt>
   <trkpt lat="45.7836690" lon="4.7615070">
    <ele>278.7</ele>
    <time>2025-02-28T14:21:13Z</time>
   </trkpt>
   <trkpt lat="45.7836960" lon="4.7614850">
    <ele>278.8</ele>
    <time>2025-02-28T14:21:14Z</time>
   </trkpt>
   <trkpt lat="45.7837210" lon="4.7614610">
    <ele>278.9</ele>
    <time>2025-02-28T14:21:15Z</time>
   </trkpt>
   <trkpt lat="45.7837550" lon="4.7614370">
    <ele>279.0</ele>
    <time>2025-02-28T14:21:16Z</time>
   </trkpt>
   <trkpt lat="45.7837660" lon="4.7614280">
    <ele>279.0</ele>
    <time>2025-02-28T14:21:17Z</time>
   </trkpt>
   <trkpt lat="45.7837950" lon="4.7613910">
    <ele>279.2</ele>
    <time>2025-02-28T14:21:18Z</time>
   </trkpt>
   <trkpt lat="45.7838060" lon="4.7613810">
    <ele>279.2</ele>
    <time>2025-02-28T14:21:19Z</time>
   </trkpt>
   <trkpt lat="45.7838300" lon="4.7613520">
    <ele>279.3</ele>
    <time>2025-02-28T14:21:20Z</time>
   </trkpt>
   <trkpt lat="45.7838560" lon="4.7613160">
    <ele>279.5</ele>
    <time>2025-02-28T14:21:21Z</time>
   </trkpt>
   <trkpt lat="45.7838680" lon="4.7613060">
    <ele>279.5</ele>
    <time>2025-02-28T14:21:22Z</time>
   </trkpt>
   <trkpt lat="45.7838900" lon="4.7612740">
    <ele>279.6</ele>
    <time>2025-02-28T14:21:23Z</time>
   </trkpt>
   <trkpt lat="45.7838980" lon="4.7612640">
    <ele>279.7</ele>
    <time>2025-02-28T14:21:24Z</time>
   </trkpt>
   <trkpt lat="45.7839230" lon="4.7612490">
    <ele>279.8</ele>
    <time>2025-02-28T14:21:25Z</time>
   </trkpt>
   <trkpt lat="45.7839490" lon="4.7612130">
    <ele>280.0</ele>
    <time>2025-02-28T14:21:26Z</time>
   </trkpt>
   <trkpt lat="45.7839590" lon="4.7612020">
    <ele>280.0</ele>
    <time>2025-02-28T14:21:27Z</time>
   </trkpt>
   <trkpt lat="45.7839940" lon="4.7611730">
    <ele>280.2</ele>
    <time>2025-02-28T14:21:28Z</time>
   </trkpt>
   <trkpt lat="45.7840080" lon="4.7611650">
    <ele>280.3</ele>
    <time>2025-02-28T14:21:29Z</time>
   </trkpt>
   <trkpt lat="45.7840360" lon="4.7611490">
    <ele>280.4</ele>
    <time>2025-02-28T14:21:30Z</time>
   </trkpt>
   <trkpt lat="45.7840630" lon="4.7611250">
    <ele>280.6</ele>
    <time>2025-02-28T14:21:31Z</time>
   </trkpt>
   <trkpt lat="45.7840870" lon="4.7610990">
    <ele>280.8</ele>
    <time>2025-02-28T14:21:32Z</time>
   </trkpt>
   <trkpt lat="45.7841180" lon="4.7610770">
    <ele>280.9</ele>
    <time>2025-02-28T14:21:33Z</time>
   </trkpt>
   <trkpt lat="45.7841540" lon="4.7610540">
    <ele>281.2</ele>
    <time>2025-02-28T14:21:34Z</time>
   </trkpt>
   <trkpt lat="45.7841650" lon="4.7610430">
    <ele>281.2</ele>
    <time>2025-02-28T14:21:35Z</time>
   </trkpt>
   <trkpt lat="45.7841920" lon="4.7610190">
    <ele>281.4</ele>
    <time>2025-02-28T14:21:36Z</time>
   </trkpt>
   <trkpt lat="45.7842030" lon="4.7610130">
    <ele>281.5</ele>
    <time>2025-02-28T14:21:37Z</time>
   </trkpt>
   <trkpt lat="45.7842360" lon="4.7609870">
    <ele>281.7</ele>
    <time>2025-02-28T14:21:38Z</time>
   </trkpt>
   <trkpt lat="45.7842520" lon="4.7609820">
    <ele>281.8</ele>
    <time>2025-02-28T14:21:39Z</time>
   </trkpt>
   <trkpt lat="45.7842860" lon="4.7609710">
    <ele>282.0</ele>
    <time>2025-02-28T14:21:40Z</time>
   </trkpt>
   <trkpt lat="45.7843170" lon="4.7609400">
    <ele>282.2</ele>
    <time>2025-02-28T14:21:41Z</time>
   </trkpt>
   <trkpt lat="45.7843310" lon="4.7609350">
    <ele>282.3</ele>
    <time>2025-02-28T14:21:42Z</time>
   </trkpt>
   <trkpt lat="45.7843500" lon="4.7609070">
    <ele>282.4</ele>
    <time>2025-02-28T14:21:43Z</time>
   </trkpt>
   <trkpt lat="45.7843820" lon="4.7608790">
    <ele>282.7</ele>
    <time>2025-02-28T14:21:44Z</time>
   </trkpt>
   <trkpt lat="45.7843990" lon="4.7608700">
    <ele>282.8</ele>
    <time>2025-02-28T14:21:45Z</time>
   </trkpt>
   <trkpt lat="45.7844230" lon="4.7608470">
    <ele>282.9</ele>
    <time>2025-02-28T14:21:46Z</time>
   </trkpt>
   <trkpt lat="45.7844560" lon="4.7608130">
    <ele>283.2</ele>
    <time>2025-02-28T14:21:47Z</time>
   </trkpt>
   <trkpt lat="45.7844700" lon="4.7608010">
    <ele>283.3</ele>
    <time>2025-02-28T14:21:48Z</time>
   </trkpt>
   <trkpt lat="45.7845010" lon="4.7607940">
    <ele>283.5</ele>
    <time>2025-02-28T14:21:49Z</time>
   </trkpt>
   <trkpt lat="45.7845290" lon="4.7607640">
    <ele>283.7</ele>
    <time>2025-02-28T14:21:50Z</time>
   </trkpt>
   <trkpt lat="45.7845590" lon="4.7607590">
    <ele>283.8</ele>
    <time>2025-02-28T14:21:51Z</time>
   </trkpt>
   <trkpt lat="45.7845680" lon="4.7607650">
    <ele>283.9</ele>
    <time>2025-02-28T14:21:52Z</time>
   </trkpt>
   <trkpt lat="45.7845980" lon="4.7607510">
    <ele>284.0</ele>
    <time>2025-02-28T14:21:53Z</time>
   </trkpt>
   <trkpt lat="45.7846090" lon="4.7607560">
    <ele>284.1</ele>
    <time>2025-02-28T14:21:54Z</time>
   </trkpt>
   <trkpt lat="45.7846440" lon="4.7607250">
    <ele>284.3</ele>
    <time>2025-02-28T14:21:55Z</time>
   </trkpt>
   <trkpt lat="45.7846780" lon="4.7606880">
    <ele>284.5</ele>
    <time>2025-02-28T14:21:56Z</time>
   </trkpt>
   <trkpt lat="45.7847060" lon="4.7606670">
    <ele>284.6</ele>
    <time>2025-02-28T14:21:57Z</time>
   </trkpt>
   <trkpt lat="45.7847350" lon="4.7606500">
    <ele>284.7</ele>
    <time>2025-02-28T14:21:58Z</time>
   </trkpt>
   <trkpt lat="45.7847710" lon="4.7606250">
    <ele>284.9</ele>
    <time>2025-02-28T14:21:59Z</time>
   </trkpt>
   <trkpt lat="45.7847820" lon="4.7606130">
    <ele>284.9</ele>
    <time>2025-02-28T14:22:00Z</time>
   </trkpt>
   <trkpt lat="45.7848110" lon="4.7605930">
    <ele>285.0</ele>
    <time>2025-02-28T14:22:01Z</time>
   </trkpt>
   <trkpt lat="45.7848190" lon="4.7605830">
    <ele>285.1</ele>
    <time>2025-02-28T14:22:02Z</time>
   </trkpt>
   <trkpt lat="45.7848520" lon="4.7605590">
    <ele>285.2</ele>
    <time>2025-02-28T14:22:03Z</time>
   </trkpt>
   <trkpt lat="45.7848660" lon="4.7605470">
    <ele>285.3</ele>
    <time>2025-02-28T14:22:04Z</time>
   </trkpt>
   <trkpt lat="45.7848970" lon="4.7605150">
    <ele>285.5</ele>
    <time>2025-02-28T14:22:05Z</time>
   </trkpt>
   <trkpt lat="45.7849250" lon="4.7604940">
    <ele>285.6</ele>
    <time>2025-02-28T14:22:06Z</time>
   </trkpt>
   <trkpt lat="45.7849500" lon="4.7604800">
    <ele>285.8</ele>
    <time>2025-02-28T14:22:07Z</time>
   </trkpt>
   <trkpt lat="45.7849750" lon="4.7604580">
    <ele>286.0</ele>
    <time>2025-02-28T14:22:08Z</time>
   </trkpt>
   <trkpt lat="45.7850090" lon="4.7604280">
    <ele>286.2</ele>
    <time>2025-02-28T14:22:09Z</time>
   </trkpt>
   <trkpt lat="45.7850280" lon="4.7604120">
    <ele>286.3</ele>
    <time>2025-02-28T14:22:10Z</time>
   </trkpt>
   <trkpt lat="45.7850650" lon="4.7604050">
    <ele>286.5</ele>
    <time>2025-02-28T14:22:11Z</time>
   </trkpt>
   <trkpt lat="45.7850760" lon="4.7603970">
    <ele>286.6</ele>
    <time>2025-02-28T14:22:12Z</time>
   </trkpt>
   <trkpt lat="45.7851220" lon="4.7603650">
    <ele>286.9</ele>
    <time>2025-02-28T14:22:13Z</time>
   </trkpt>
   <trkpt lat="45.7851410" lon="4.7603280">
    <ele>287.1</ele>
    <time>2025-02-28T14:22:14Z</time>
   </trkpt>
   <trkpt lat="45.7851730" lon="4.7603000">
    <ele>287.3</ele>
    <time>2025-02-28T14:22:15Z</time>
   </trkpt>
   <trkpt lat="45.7851880" lon="4.7602980">
    <ele>287.4</ele>
    <time>2025-02-28T14:22:16Z</time>
   </trkpt>
   <trkpt lat="45.7852300" lon="4.7602920">
    <ele>287.6</ele>
    <time>2025-02-28T14:22:17Z</time>
   </trkpt>
   <trkpt lat="45.7852450" lon="4.7602760">
    <ele>287.7</ele>
    <time>2025-02-28T14:22:18Z</time>
   </trkpt>
   <trkpt lat="45.7852730" lon="4.7602490">
    <ele>287.9</ele>
    <time>2025-02-28T14:22:19Z</time>
   </trkpt>
   <trkpt lat="45.7853060" lon="4.7602320">
    <ele>288.1</ele>
    <time>2025-02-28T14:22:20Z</time>
   </trkpt>
   <trkpt lat="45.7853290" lon="4.7602020">
    <ele>288.3</ele>
    <time>2025-02-28T14:22:21Z</time>
   </trkpt>
   <trkpt lat="45.7853560" lon="4.7601760">
    <ele>288.5</ele>
    <time>2025-02-28T14:22:22Z</time>
   </trkpt>
   <trkpt lat="45.7853970" lon="4.7601490">
    <ele>288.7</ele>
    <time>2025-02-28T14:22:24Z</time>
   </trkpt>
   <trkpt lat="45.7854100" lon="4.7601360">
    <ele>288.7</ele>
    <time>2025-02-28T14:22:25Z</time>
   </trkpt>
   <trkpt lat="45.7854240" lon="4.7601240">
    <ele>288.8</ele>
    <time>2025-02-28T14:22:26Z</time>
   </trkpt>
   <trkpt lat="45.7854570" lon="4.7601080">
    <ele>289.0</ele>
    <time>2025-02-28T14:22:27Z</time>
   </trkpt>
   <trkpt lat="45.7854880" lon="4.7600900">
    <ele>289.1</ele>
    <time>2025-02-28T14:22:28Z</time>
   </trkpt>
   <trkpt lat="45.7855220" lon="4.7600650">
    <ele>289.3</ele>
    <time>2025-02-28T14:22:29Z</time>
   </trkpt>
   <trkpt lat="45.7855450" lon="4.7600290">
    <ele>289.5</ele>
    <time>2025-02-28T14:22:30Z</time>
   </trkpt>
   <trkpt lat="45.7855710" lon="4.7600020">
    <ele>289.6</ele>
    <time>2025-02-28T14:22:31Z</time>
   </trkpt>
   <trkpt lat="45.7856070" lon="4.7599860">
    <ele>289.8</ele>
    <time>2025-02-28T14:22:32Z</time>
   </trkpt>
   <trkpt lat="45.7856180" lon="4.7599780">
    <ele>289.8</ele>
    <time>2025-02-28T14:22:33Z</time>
   </trkpt>
   <trkpt lat="45.7856530" lon="4.7599610">
    <ele>290.0</ele>
    <time>2025-02-28T14:22:34Z</time>
   </trkpt>
   <trkpt lat="45.7856640" lon="4.7599550">
    <ele>290.1</ele>
    <time>2025-02-28T14:22:35Z</time>
   </trkpt>
   <trkpt lat="45.7856930" lon="4.7599230">
    <ele>290.3</ele>
    <time>2025-02-28T14:22:36Z</time>
   </trkpt>
   <trkpt lat="45.7857190" lon="4.7599040">
    <ele>290.4</ele>
    <time>2025-02-28T14:22:37Z</time>
   </trkpt>
   <trkpt lat="45.7857490" lon="4.7598850">
    <ele>290.6</ele>
    <time>2025-02-28T14:22:38Z</time>
   </trkpt>
   <trkpt lat="45.7857730" lon="4.7598660">
    <ele>290.7</ele>
    <time>2025-02-28T14:22:39Z</time>
   </trkpt>
   <trkpt lat="45.7858010" lon="4.7598530">
    <ele>290.9</ele>
    <time>2025-02-28T14:22:40Z</time>
   </trkpt>
   <trkpt lat="45.7858420" lon="4.7598350">
    <ele>291.1</ele>
    <time>2025-02-28T14:22:41Z</time>
   </trkpt>
   <trkpt lat="45.7858570" lon="4.7598260">
    <ele>291.2</ele>
    <time>2025-02-28T14:22:42Z</time>
   </trkpt>
   <trkpt lat="45.7858800" lon="4.7597900">
    <ele>291.4</ele>
    <time>2025-02-28T14:22:43Z</time>
   </trkpt>
   <trkpt lat="45.7858990" lon="4.7597620">
    <ele>291.5</ele>
    <time>2025-02-28T14:22:44Z</time>
   </trkpt>
   <trkpt lat="45.7859320" lon="4.7597480">
    <ele>291.7</ele>
    <time>2025-02-28T14:22:45Z</time>
   </trkpt>
   <trkpt lat="45.7859600" lon="4.7597280">
    <ele>291.9</ele>
    <time>2025-02-28T14:22:46Z</time>
   </trkpt>
   <trkpt lat="45.7859860" lon="4.7596950">
    <ele>292.1</ele>
    <time>2025-02-28T14:22:47Z</time>
   </trkpt>
   <trkpt lat="45.7859940" lon="4.7596840">
    <ele>292.1</ele>
    <time>2025-02-28T14:22:48Z</time>
   </trkpt>
   <trkpt lat="45.7860230" lon="4.7596790">
    <ele>292.3</ele>
    <time>2025-02-28T14:22:49Z</time>
   </trkpt>
   <trkpt lat="45.7860530" lon="4.7596540">
    <ele>292.4</ele>
    <time>2025-02-28T14:22:50Z</time>
   </trkpt>
   <trkpt lat="45.7860790" lon="4.7596280">
    <ele>292.6</ele>
    <time>2025-02-28T14:22:51Z</time>
   </trkpt>
   <trkpt lat="45.7861040" lon="4.7596010">
    <ele>292.8</ele>
    <time>2025-02-28T14:22:52Z</time>
   </trkpt>
   <trkpt lat="45.7861420" lon="4.7595950">
    <ele>292.9</ele>
    <time>2025-02-28T14:22:53Z</time>
   </trkpt>
   <trkpt lat="45.7861560" lon="4.7595910">
    <ele>293.0</ele>
    <time>2025-02-28T14:22:54Z</time>
   </trkpt>
   <trkpt lat="45.7861870" lon="4.7595740">
    <ele>293.2</ele>
    <time>2025-02-28T14:22:55Z</time>
   </trkpt>
   <trkpt lat="45.7862120" lon="4.7595490">
    <ele>293.4</ele>
    <time>2025-02-28T14:22:56Z</time>
   </trkpt>
   <trkpt lat="45.7862390" lon="4.7595280">
    <ele>293.5</ele>
    <time>2025-02-28T14:22:57Z</time>
   </trkpt>
   <trkpt lat="45.7862700" lon="4.7594910">
    <ele>293.7</ele>
    <time>2025-02-28T14:22:58Z</time>
   </trkpt>
   <trkpt lat="45.7862790" lon="4.7594750">
    <ele>293.8</ele>
    <time>2025-02-28T14:22:59Z</time>
   </trkpt>
   <trkpt lat="45.7863110" lon="4.7594650">
    <ele>294.0</ele>
    <time>2025-02-28T14:23:00Z</time>
   </trkpt>
   <trkpt lat="45.7863240" lon="4.7594600">
    <ele>294.0</ele>
    <time>2025-02-28T14:23:01Z</time>
   </trkpt>
   <trkpt lat="45.7863510" lon="4.7594330">
    <ele>294.2</ele>
    <time>2025-02-28T14:23:02Z</time>
   </trkpt>
   <trkpt lat="45.7863580" lon="4.7594110">
    <ele>294.3</ele>
    <time>2025-02-28T14:23:03Z</time>
   </trkpt>
   <trkpt lat="45.7863860" lon="4.7593970">
    <ele>294.4</ele>
    <time>2025-02-28T14:23:04Z</time>
   </trkpt>
   <trkpt lat="45.7864280" lon="4.7593760">
    <ele>294.6</ele>
    <time>2025-02-28T14:23:05Z</time>
   </trkpt>
   <trkpt lat="45.7864440" lon="4.7593630">
    <ele>294.7</ele>
    <time>2025-02-28T14:23:06Z</time>
   </trkpt>
   <trkpt lat="45.7864710" lon="4.7593490">
    <ele>294.8</ele>
    <time>2025-02-28T14:23:07Z</time>
   </trkpt>
   <trkpt lat="45.7864970" lon="4.7593370">
    <ele>294.9</ele>
    <time>2025-02-28T14:23:08Z</time>
   </trkpt>
   <trkpt lat="45.7865290" lon="4.7593290">
    <ele>295.0</ele>
    <time>2025-02-28T14:23:09Z</time>
   </trkpt>
   <trkpt lat="45.7865590" lon="4.7593200">
    <ele>295.1</ele>
    <time>2025-02-28T14:23:10Z</time>
   </trkpt>
   <trkpt lat="45.7865890" lon="4.7593100">
    <ele>295.2</ele>
    <time>2025-02-28T14:23:11Z</time>
   </trkpt>
   <trkpt lat="45.7865980" lon="4.7593050">
    <ele>295.2</ele>
    <time>2025-02-28T14:23:12Z</time>
   </trkpt>
   <trkpt lat="45.7866250" lon="4.7592930">
    <ele>295.3</ele>
    <time>2025-02-28T14:23:13Z</time>
   </trkpt>
   <trkpt lat="45.7866580" lon="4.7592850">
    <ele>295.4</ele>
    <time>2025-02-28T14:23:14Z</time>
   </trkpt>
   <trkpt lat="45.7866990" lon="4.7592890">
    <ele>295.6</ele>
    <time>2025-02-28T14:23:15Z</time>
   </trkpt>
   <trkpt lat="45.7867130" lon="4.7592860">
    <ele>295.6</ele>
    <time>2025-02-28T14:23:16Z</time>
   </trkpt>
   <trkpt lat="45.7867450" lon="4.7592800">
    <ele>295.7</ele>
    <time>2025-02-28T14:23:17Z</time>
   </trkpt>
   <trkpt lat="45.7867580" lon="4.7592810">
    <ele>295.8</ele>
    <time>2025-02-28T14:23:18Z</time>
   </trkpt>
   <trkpt lat="45.7867930" lon="4.7592800">
    <ele>295.9</ele>
    <time>2025-02-28T14:23:19Z</time>
   </trkpt>
   <trkpt lat="45.7868050" lon="4.7592860">
    <ele>295.9</ele>
    <time>2025-02-28T14:23:20Z</time>
   </trkpt>
   <trkpt lat="45.7868430" lon="4.7593030">
    <ele>296.1</ele>
    <time>2025-02-28T14:23:21Z</time>
   </trkpt>
   <trkpt lat="45.7868570" lon="4.7593120">
    <ele>296.2</ele>
    <time>2025-02-28T14:23:22Z</time>
   </trkpt>
   <trkpt lat="45.7868880" lon="4.7593030">
    <ele>296.3</ele>
    <time>2025-02-28T14:23:23Z</time>
   </trkpt>
   <trkpt lat="45.7869170" lon="4.7593020">
    <ele>296.4</ele>
    <time>2025-02-28T14:23:24Z</time>
   </trkpt>
   <trkpt lat="45.7869480" lon="4.7592930">
    <ele>296.5</ele>
    <time>2025-02-28T14:23:25Z</time>
   </trkpt>
   <trkpt lat="45.7869780" lon="4.7592910">
    <ele>296.6</ele>
    <time>2025-02-28T14:23:26Z</time>
   </trkpt>
   <trkpt lat="45.7869920" lon="4.7592940">
    <ele>296.7</ele>
    <time>2025-02-28T14:23:27Z</time>
   </trkpt>
   <trkpt lat="45.7870200" lon="4.7592900">
    <ele>296.8</ele>
    <time>2025-02-28T14:23:28Z</time>
   </trkpt>
   <trkpt lat="45.7870550" lon="4.7592880">
    <ele>297.0</ele>
    <time>2025-02-28T14:23:29Z</time>
   </trkpt>
   <trkpt lat="45.7870950" lon="4.7592850">
    <ele>297.1</ele>
    <time>2025-02-28T14:23:30Z</time>
   </trkpt>
   <trkpt lat="45.7871110" lon="4.7592890">
    <ele>297.2</ele>
    <time>2025-02-28T14:23:31Z</time>
   </trkpt>
   <trkpt lat="45.7871380" lon="4.7592800">
    <ele>297.3</ele>
    <time>2025-02-28T14:23:32Z</time>
   </trkpt>
   <trkpt lat="45.7871700" lon="4.7592900">
    <ele>297.4</ele>
    <time>2025-02-28T14:23:33Z</time>
   </trkpt>
   <trkpt lat="45.7871810" lon="4.7592910">
    <ele>297.4</ele>
    <time>2025-02-28T14:23:34Z</time>
   </trkpt>
   <trkpt lat="45.7872110" lon="4.7592950">
    <ele>297.6</ele>
    <time>2025-02-28T14:23:35Z</time>
   </trkpt>
   <trkpt lat="45.7872440" lon="4.7592980">
    <ele>297.7</ele>
    <time>2025-02-28T14:23:36Z</time>
   </trkpt>
   <trkpt lat="45.7872550" lon="4.7593350">
    <ele>297.8</ele>
    <time>2025-02-28T14:23:37Z</time>
   </trkpt>
   <trkpt lat="45.7872760" lon="4.7593680">
    <ele>297.8</ele>
    <time>2025-02-28T14:23:38Z</time>
   </trkpt>
   <trkpt lat="45.7872870" lon="4.7593760">
    <ele>297.8</ele>
    <time>2025-02-28T14:23:39Z</time>
   </trkpt>
   <trkpt lat="45.7873230" lon="4.7593890">
    <ele>297.8</ele>
    <time>2025-02-28T14:23:40Z</time>
   </trkpt>
   <trkpt lat="45.7873380" lon="4.7593880">
    <ele>297.8</ele>
    <time>2025-02-28T14:23:41Z</time>
   </trkpt>
   <trkpt lat="45.7873770" lon="4.7594220">
    <ele>298.0</ele>
    <time>2025-02-28T14:23:42Z</time>
   </trkpt>
   <trkpt lat="45.7873920" lon="4.7594360">
    <ele>298.0</ele>
    <time>2025-02-28T14:23:43Z</time>
   </trkpt>
   <trkpt lat="45.7874280" lon="4.7594640">
    <ele>298.1</ele>
    <time>2025-02-28T14:23:44Z</time>
   </trkpt>
   <trkpt lat="45.7874430" lon="4.7594730">
    <ele>298.2</ele>
    <time>2025-02-28T14:23:45Z</time>
   </trkpt>
   <trkpt lat="45.7874780" lon="4.7594930">
    <ele>298.3</ele>
    <time>2025-02-28T14:23:46Z</time>
   </trkpt>
   <trkpt lat="45.7875090" lon="4.7595010">
    <ele>298.3</ele>
    <time>2025-02-28T14:23:47Z</time>
   </trkpt>
   <trkpt lat="45.7875390" lon="4.7595190">
    <ele>298.4</ele>
    <time>2025-02-28T14:23:48Z</time>
   </trkpt>
   <trkpt lat="45.7875500" lon="4.7595300">
    <ele>298.4</ele>
    <time>2025-02-28T14:23:49Z</time>
   </trkpt>
   <trkpt lat="45.7875870" lon="4.7595120">
    <ele>298.5</ele>
    <time>2025-02-28T14:23:50Z</time>
   </trkpt>
   <trkpt lat="45.7876210" lon="4.7595370">
    <ele>298.6</ele>
    <time>2025-02-28T14:23:51Z</time>
   </trkpt>
   <trkpt lat="45.7876360" lon="4.7595630">
    <ele>298.6</ele>
    <time>2025-02-28T14:23:52Z</time>
   </trkpt>
   <trkpt lat="45.7876670" lon="4.7595850">
    <ele>298.7</ele>
    <time>2025-02-28T14:23:53Z</time>
   </trkpt>
   <trkpt lat="45.7876940" lon="4.7595990">
    <ele>298.7</ele>
    <time>2025-02-28T14:23:54Z</time>
   </trkpt>
   <trkpt lat="45.7877240" lon="4.7596060">
    <ele>298.7</ele>
    <time>2025-02-28T14:23:55Z</time>
   </trkpt>
   <trkpt lat="45.7877520" lon="4.7596260">
    <ele>298.8</ele>
    <time>2025-02-28T14:23:56Z</time>
   </trkpt>
   <trkpt lat="45.7877870" lon="4.7596510">
    <ele>298.8</ele>
    <time>2025-02-28T14:23:57Z</time>
   </trkpt>
   <trkpt lat="45.7877990" lon="4.7596630">
    <ele>298.8</ele>
    <time>2025-02-28T14:23:58Z</time>
   </trkpt>
   <trkpt lat="45.7878340" lon="4.7596540">
    <ele>298.9</ele>
    <time>2025-02-28T14:23:59Z</time>
   </trkpt>
   <trkpt lat="45.7878650" lon="4.7596760">
    <ele>298.9</ele>
    <time>2025-02-28T14:24:00Z</time>
   </trkpt>
   <trkpt lat="45.7878920" lon="4.7597090">
    <ele>299.0</ele>
    <time>2025-02-28T14:24:01Z</time>
   </trkpt>
   <trkpt lat="45.7879180" lon="4.7597330">
    <ele>299.0</ele>
    <time>2025-02-28T14:24:02Z</time>
   </trkpt>
   <trkpt lat="45.7879500" lon="4.7597480">
    <ele>299.1</ele>
    <time>2025-02-28T14:24:03Z</time>
   </trkpt>
   <trkpt lat="45.7879850" lon="4.7597640">
    <ele>299.1</ele>
    <time>2025-02-28T14:24:04Z</time>
   </trkpt>
   <trkpt lat="45.7879950" lon="4.7597750">
    <ele>299.1</ele>
    <time>2025-02-28T14:24:05Z</time>
   </trkpt>
   <trkpt lat="45.7880290" lon="4.7597800">
    <ele>299.2</ele>
    <time>2025-02-28T14:24:06Z</time>
   </trkpt>
   <trkpt lat="45.7880560" lon="4.7598160">
    <ele>299.3</ele>
    <time>2025-02-28T14:24:07Z</time>
   </trkpt>
   <trkpt lat="45.7880780" lon="4.7598520">
    <ele>299.3</ele>
    <time>2025-02-28T14:24:08Z</time>
   </trkpt>
   <trkpt lat="45.7881080" lon="4.7598710">
    <ele>299.4</ele>
    <time>2025-02-28T14:24:09Z</time>
   </trkpt>
   <trkpt lat="45.7881500" lon="4.7598690">
    <ele>299.4</ele>
    <time>2025-02-28T14:24:10Z</time>
   </trkpt>
   <trkpt lat="45.7882810" lon="4.7599610">
    <ele>299.6</ele>
    <time>2025-02-28T14:24:15Z</time>
   </trkpt>
   <trkpt lat="45.7883100" lon="4.7599730">
    <ele>299.6</ele>
    <time>2025-02-28T14:24:16Z</time>
   </trkpt>
   <trkpt lat="45.7883390" lon="4.7599980">
    <ele>299.6</ele>
    <time>2025-02-28T14:24:17Z</time>
   </trkpt>
   <trkpt lat="45.7883430" lon="4.7599960">
    <ele>299.6</ele>
    <time>2025-02-28T14:24:18Z</time>
   </trkpt>
   <trkpt lat="45.7883680" lon="4.7600220">
    <ele>299.6</ele>
    <time>2025-02-28T14:24:19Z</time>
   </trkpt>
   <trkpt lat="45.7883900" lon="4.7600470">
    <ele>299.6</ele>
    <time>2025-02-28T14:24:20Z</time>
   </trkpt>
   <trkpt lat="45.7883980" lon="4.7600550">
    <ele>299.6</ele>
    <time>2025-02-28T14:24:21Z</time>
   </trkpt>
   <trkpt lat="45.7884300" lon="4.7600820">
    <ele>299.7</ele>
    <time>2025-02-28T14:24:22Z</time>
   </trkpt>
   <trkpt lat="45.7884610" lon="4.7600920">
    <ele>299.7</ele>
    <time>2025-02-28T14:24:23Z</time>
   </trkpt>
   <trkpt lat="45.7884740" lon="4.7600940">
    <ele>299.7</ele>
    <time>2025-02-28T14:24:24Z</time>
   </trkpt>
   <trkpt lat="45.7884910" lon="4.7601250">
    <ele>299.6</ele>
    <time>2025-02-28T14:24:25Z</time>
   </trkpt>
   <trkpt lat="45.7885030" lon="4.7601400">
    <ele>299.6</ele>
    <time>2025-02-28T14:24:26Z</time>
   </trkpt>
   <trkpt lat="45.7885190" lon="4.7601560">
    <ele>299.6</ele>
    <time>2025-02-28T14:24:27Z</time>
   </trkpt>
   <trkpt lat="45.7885540" lon="4.7601650">
    <ele>299.6</ele>
    <time>2025-02-28T14:24:28Z</time>
   </trkpt>
   <trkpt lat="45.7885710" lon="4.7601720">
    <ele>299.6</ele>
    <time>2025-02-28T14:24:29Z</time>
   </trkpt>
   <trkpt lat="45.7886050" lon="4.7601830">
    <ele>299.6</ele>
    <time>2025-02-28T14:24:30Z</time>
   </trkpt>
   <trkpt lat="45.7886190" lon="4.7601860">
    <ele>299.6</ele>
    <time>2025-02-28T14:24:31Z</time>
   </trkpt>
   <trkpt lat="45.7886500" lon="4.7602030">
    <ele>299.6</ele>
    <time>2025-02-28T14:24:32Z</time>
   </trkpt>
   <trkpt lat="45.7886630" lon="4.7602100">
    <ele>299.6</ele>
    <time>2025-02-28T14:24:33Z</time>
   </trkpt>
   <trkpt lat="45.7886960" lon="4.7602340">
    <ele>299.6</ele>
    <time>2025-02-28T14:24:34Z</time>
   </trkpt>
   <trkpt lat="45.7887270" lon="4.7602410">
    <ele>299.6</ele>
    <time>2025-02-28T14:24:35Z</time>
   </trkpt>
   <trkpt lat="45.7887710" lon="4.7602650">
    <ele>299.5</ele>
    <time>2025-02-28T14:24:36Z</time>
   </trkpt>
   <trkpt lat="45.7888160" lon="4.7602950">
    <ele>299.5</ele>
    <time>2025-02-28T14:24:37Z</time>
   </trkpt>
   <trkpt lat="45.7888610" lon="4.7603340">
    <ele>299.4</ele>
    <time>2025-02-28T14:24:38Z</time>
   </trkpt>
   <trkpt lat="45.7889030" lon="4.7603590">
    <ele>299.3</ele>
    <time>2025-02-28T14:24:39Z</time>
   </trkpt>
   <trkpt lat="45.7889420" lon="4.7603690">
    <ele>299.2</ele>
    <time>2025-02-28T14:24:40Z</time>
   </trkpt>
   <trkpt lat="45.7889780" lon="4.7603900">
    <ele>299.1</ele>
    <time>2025-02-28T14:24:41Z</time>
   </trkpt>
   <trkpt lat="45.7890110" lon="4.7604240">
    <ele>299.0</ele>
    <time>2025-02-28T14:24:42Z</time>
   </trkpt>
   <trkpt lat="45.7890470" lon="4.7604370">
    <ele>298.9</ele>
    <time>2025-02-28T14:24:43Z</time>
   </trkpt>
   <trkpt lat="45.7890800" lon="4.7604590">
    <ele>298.7</ele>
    <time>2025-02-28T14:24:44Z</time>
   </trkpt>
   <trkpt lat="45.7891100" lon="4.7604740">
    <ele>298.6</ele>
    <time>2025-02-28T14:24:45Z</time>
   </trkpt>
   <trkpt lat="45.7891470" lon="4.7604930">
    <ele>298.4</ele>
    <time>2025-02-28T14:24:46Z</time>
   </trkpt>
   <trkpt lat="45.7891840" lon="4.7605110">
    <ele>298.2</ele>
    <time>2025-02-28T14:24:47Z</time>
   </trkpt>
   <trkpt lat="45.7892040" lon="4.7605370">
    <ele>298.1</ele>
    <time>2025-02-28T14:24:48Z</time>
   </trkpt>
   <trkpt lat="45.7892250" lon="4.7605760">
    <ele>297.9</ele>
    <time>2025-02-28T14:24:49Z</time>
   </trkpt>
   <trkpt lat="45.7892470" lon="4.7606220">
    <ele>297.7</ele>
    <time>2025-02-28T14:24:50Z</time>
   </trkpt>
   <trkpt lat="45.7892580" lon="4.7606340">
    <ele>297.7</ele>
    <time>2025-02-28T14:24:51Z</time>
   </trkpt>
   <trkpt lat="45.7892400" lon="4.7607100">
    <ele>297.4</ele>
    <time>2025-02-28T14:24:52Z</time>
   </trkpt>
   <trkpt lat="45.7892190" lon="4.7607610">
    <ele>297.3</ele>
    <time>2025-02-28T14:24:53Z</time>
   </trkpt>
   <trkpt lat="45.7892080" lon="4.7608060">
    <ele>297.2</ele>
    <time>2025-02-28T14:24:54Z</time>
   </trkpt>
   <trkpt lat="45.7891950" lon="4.7608620">
    <ele>297.1</ele>
    <time>2025-02-28T14:24:55Z</time>
   </trkpt>
   <trkpt lat="45.7891920" lon="4.7608820">
    <ele>297.1</ele>
    <time>2025-02-28T14:24:56Z</time>
   </trkpt>
   <trkpt lat="45.7891960" lon="4.7609300">
    <ele>297.0</ele>
    <time>2025-02-28T14:24:57Z</time>
   </trkpt>
   <trkpt lat="45.7891930" lon="4.7609690">
    <ele>297.0</ele>
    <time>2025-02-28T14:24:58Z</time>
   </trkpt>
   <trkpt lat="45.7891790" lon="4.7610140">
    <ele>297.0</ele>
    <time>2025-02-28T14:24:59Z</time>
   </trkpt>
   <trkpt lat="45.7891750" lon="4.7610620">
    <ele>296.9</ele>
    <time>2025-02-28T14:25:00Z</time>
   </trkpt>
   <trkpt lat="45.7891720" lon="4.7611040">
    <ele>296.9</ele>
    <time>2025-02-28T14:25:01Z</time>
   </trkpt>
   <trkpt lat="45.7891830" lon="4.7611570">
    <ele>296.9</ele>
    <time>2025-02-28T14:25:02Z</time>
   </trkpt>
   <trkpt lat="45.7891760" lon="4.7612010">
    <ele>296.9</ele>
    <time>2025-02-28T14:25:03Z</time>
   </trkpt>
   <trkpt lat="45.7891630" lon="4.7612610">
    <ele>296.9</ele>
    <time>2025-02-28T14:25:04Z</time>
   </trkpt>
   <trkpt lat="45.7891540" lon="4.7613070">
    <ele>297.0</ele>
    <time>2025-02-28T14:25:05Z</time>
   </trkpt>
   <trkpt lat="45.7891560" lon="4.7613530">
    <ele>297.0</ele>
    <time>2025-02-28T14:25:06Z</time>
   </trkpt>
   <trkpt lat="45.7891480" lon="4.7614000">
    <ele>297.1</ele>
    <time>2025-02-28T14:25:07Z</time>
   </trkpt>
   <trkpt lat="45.7891460" lon="4.7614140">
    <ele>297.1</ele>
    <time>2025-02-28T14:25:08Z</time>
   </trkpt>
   <trkpt lat="45.7891460" lon="4.7614610">
    <ele>297.2</ele>
    <time>2025-02-28T14:25:09Z</time>
   </trkpt>
   <trkpt lat="45.7891480" lon="4.7615070">
    <ele>297.3</ele>
    <time>2025-02-28T14:25:10Z</time>
   </trkpt>
   <trkpt lat="45.7891400" lon="4.7615490">
    <ele>297.4</ele>
    <time>2025-02-28T14:25:11Z</time>
   </trkpt>
   <trkpt lat="45.7891450" lon="4.7615990">
    <ele>297.5</ele>
    <time>2025-02-28T14:25:12Z</time>
   </trkpt>
   <trkpt lat="45.7891460" lon="4.7616200">
    <ele>297.6</ele>
    <time>2025-02-28T14:25:13Z</time>
   </trkpt>
   <trkpt lat="45.7891440" lon="4.7616650">
    <ele>297.7</ele>
    <time>2025-02-28T14:25:14Z</time>
   </trkpt>
   <trkpt lat="45.7891390" lon="4.7617130">
    <ele>297.9</ele>
    <time>2025-02-28T14:25:15Z</time>
   </trkpt>
   <trkpt lat="45.7891290" lon="4.7617640">
    <ele>298.1</ele>
    <time>2025-02-28T14:25:16Z</time>
   </trkpt>
   <trkpt lat="45.7891270" lon="4.7617790">
    <ele>298.1</ele>
    <time>2025-02-28T14:25:17Z</time>
   </trkpt>
   <trkpt lat="45.7891230" lon="4.7618310">
    <ele>298.3</ele>
    <time>2025-02-28T14:25:18Z</time>
   </trkpt>
   <trkpt lat="45.7891230" lon="4.7618530">
    <ele>298.4</ele>
    <time>2025-02-28T14:25:19Z</time>
   </trkpt>
   <trkpt lat="45.7891170" lon="4.7618970">
    <ele>298.6</ele>
    <time>2025-02-28T14:25:20Z</time>
   </trkpt>
   <trkpt lat="45.7891160" lon="4.7619380">
    <ele>298.8</ele>
    <time>2025-02-28T14:25:21Z</time>
   </trkpt>
   <trkpt lat="45.7891130" lon="4.7619770">
    <ele>298.9</ele>
    <time>2025-02-28T14:25:22Z</time>
   </trkpt>
   <trkpt lat="45.7891090" lon="4.7620220">
    <ele>299.1</ele>
    <time>2025-02-28T14:25:23Z</time>
   </trkpt>
   <trkpt lat="45.7891070" lon="4.7620650">
    <ele>299.3</ele>
    <time>2025-02-28T14:25:24Z</time>
   </trkpt>
   <trkpt lat="45.7891030" lon="4.7621080">
    <ele>299.5</ele>
    <time>2025-02-28T14:25:25Z</time>
   </trkpt>
   <trkpt lat="45.7891020" lon="4.7621610">
    <ele>299.8</ele>
    <time>2025-02-28T14:25:26Z</time>
   </trkpt>
   <trkpt lat="45.7890990" lon="4.7621810">
    <ele>299.8</ele>
    <time>2025-02-28T14:25:27Z</time>
   </trkpt>
   <trkpt lat="45.7890930" lon="4.7622210">
    <ele>300.0</ele>
    <time>2025-02-28T14:25:28Z</time>
   </trkpt>
   <trkpt lat="45.7890890" lon="4.7622610">
    <ele>300.2</ele>
    <time>2025-02-28T14:25:29Z</time>
   </trkpt>
   <trkpt lat="45.7890770" lon="4.7622970">
    <ele>300.4</ele>
    <time>2025-02-28T14:25:30Z</time>
   </trkpt>
   <trkpt lat="45.7890660" lon="4.7623420">
    <ele>300.6</ele>
    <time>2025-02-28T14:25:31Z</time>
   </trkpt>
   <trkpt lat="45.7890630" lon="4.7623600">
    <ele>300.7</ele>
    <time>2025-02-28T14:25:32Z</time>
   </trkpt>
   <trkpt lat="45.7890570" lon="4.7623990">
    <ele>300.8</ele>
    <time>2025-02-28T14:25:33Z</time>
   </trkpt>
   <trkpt lat="45.7890540" lon="4.7624470">
    <ele>301.0</ele>
    <time>2025-02-28T14:25:34Z</time>
   </trkpt>
   <trkpt lat="45.7890490" lon="4.7624980">
    <ele>301.2</ele>
    <time>2025-02-28T14:25:35Z</time>
   </trkpt>
   <trkpt lat="45.7890480" lon="4.7625140">
    <ele>301.3</ele>
    <time>2025-02-28T14:25:36Z</time>
   </trkpt>
   <trkpt lat="45.7890400" lon="4.7625530">
    <ele>301.4</ele>
    <time>2025-02-28T14:25:37Z</time>
   </trkpt>
   <trkpt lat="45.7890330" lon="4.7626030">
    <ele>301.6</ele>
    <time>2025-02-28T14:25:38Z</time>
   </trkpt>
   <trkpt lat="45.7890300" lon="4.7626450">
    <ele>301.7</ele>
    <time>2025-02-28T14:25:39Z</time>
   </trkpt>
   <trkpt lat="45.7890290" lon="4.7626840">
    <ele>301.8</ele>
    <time>2025-02-28T14:25:40Z</time>
   </trkpt>
   <trkpt lat="45.7890270" lon="4.7627380">
    <ele>301.9</ele>
    <time>2025-02-28T14:25:41Z</time>
   </trkpt>
   <trkpt lat="45.7890310" lon="4.7627590">
    <ele>301.9</ele>
    <time>2025-02-28T14:25:42Z</time>
   </trkpt>
   <trkpt lat="45.7890230" lon="4.7628000">
    <ele>301.9</ele>
    <time>2025-02-28T14:25:43Z</time>
   </trkpt>
   <trkpt lat="45.7890130" lon="4.7628480">
    <ele>302.0</ele>
    <time>2025-02-28T14:25:44Z</time>
   </trkpt>
   <trkpt lat="45.7889960" lon="4.7629010">
    <ele>302.0</ele>
    <time>2025-02-28T14:25:45Z</time>
   </trkpt>
   <trkpt lat="45.7889940" lon="4.7629240">
    <ele>302.0</ele>
    <time>2025-02-28T14:25:46Z</time>
   </trkpt>
   <trkpt lat="45.7890020" lon="4.7629760">
    <ele>302.0</ele>
    <time>2025-02-28T14:25:47Z</time>
   </trkpt>
   <trkpt lat="45.7890030" lon="4.7630000">
    <ele>302.0</ele>
    <time>2025-02-28T14:25:48Z</time>
   </trkpt>
   <trkpt lat="45.7889950" lon="4.7630390">
    <ele>301.9</ele>
    <time>2025-02-28T14:25:49Z</time>
   </trkpt>
   <trkpt lat="45.7890110" lon="4.7630840">
    <ele>301.8</ele>
    <time>2025-02-28T14:25:50Z</time>
   </trkpt>
   <trkpt lat="45.7890490" lon="4.7630970">
    <ele>301.9</ele>
    <time>2025-02-28T14:25:51Z</time>
   </trkpt>
   <trkpt lat="45.7890880" lon="4.7631130">
    <ele>302.0</ele>
    <time>2025-02-28T14:25:52Z</time>
   </trkpt>
   <trkpt lat="45.7891260" lon="4.7631300">
    <ele>302.1</ele>
    <time>2025-02-28T14:25:53Z</time>
   </trkpt>
   <trkpt lat="45.7891440" lon="4.7631370">
    <ele>302.2</ele>
    <time>2025-02-28T14:25:54Z</time>
   </trkpt>
   <trkpt lat="45.7891810" lon="4.7631270">
    <ele>302.3</ele>
    <time>2025-02-28T14:25:55Z</time>
   </trkpt>
   <trkpt lat="45.7891940" lon="4.7631170">
    <ele>302.3</ele>
    <time>2025-02-28T14:25:56Z</time>
   </trkpt>
   <trkpt lat="45.7892260" lon="4.7631140">
    <ele>302.4</ele>
    <time>2025-02-28T14:25:57Z</time>
   </trkpt>
   <trkpt lat="45.7892670" lon="4.7630930">
    <ele>302.4</ele>
    <time>2025-02-28T14:25:58Z</time>
   </trkpt>
   <trkpt lat="45.7893020" lon="4.7630900">
    <ele>302.5</ele>
    <time>2025-02-28T14:25:59Z</time>
   </trkpt>
   <trkpt lat="45.7893390" lon="4.7630890">
    <ele>302.5</ele>
    <time>2025-02-28T14:26:00Z</time>
   </trkpt>
   <trkpt lat="45.7893710" lon="4.7630800">
    <ele>302.5</ele>
    <time>2025-02-28T14:26:01Z</time>
   </trkpt>
   <trkpt lat="45.7894050" lon="4.7630900">
    <ele>302.6</ele>
    <time>2025-02-28T14:26:02Z</time>
   </trkpt>
   <trkpt lat="45.7894330" lon="4.7630730">
    <ele>302.6</ele>
    <time>2025-02-28T14:26:03Z</time>
   </trkpt>
   <trkpt lat="45.7894520" lon="4.7630420">
    <ele>302.6</ele>
    <time>2025-02-28T14:26:04Z</time>
   </trkpt>
   <trkpt lat="45.7894790" lon="4.7630240">
    <ele>302.6</ele>
    <time>2025-02-28T14:26:05Z</time>
   </trkpt>
   <trkpt lat="45.7894920" lon="4.7630160">
    <ele>302.6</ele>
    <time>2025-02-28T14:26:06Z</time>
   </trkpt>
   <trkpt lat="45.7895360" lon="4.7629930">
    <ele>302.6</ele>
    <time>2025-02-28T14:26:07Z</time>
   </trkpt>
   <trkpt lat="45.7895550" lon="4.7629840">
    <ele>302.6</ele>
    <time>2025-02-28T14:26:08Z</time>
   </trkpt>
   <trkpt lat="45.7895890" lon="4.7629690">
    <ele>302.6</ele>
    <time>2025-02-28T14:26:09Z</time>
   </trkpt>
   <trkpt lat="45.7896190" lon="4.7629570">
    <ele>302.6</ele>
    <time>2025-02-28T14:26:10Z</time>
   </trkpt>
   <trkpt lat="45.7896530" lon="4.7629430">
    <ele>302.6</ele>
    <time>2025-02-28T14:26:11Z</time>
   </trkpt>
   <trkpt lat="45.7896860" lon="4.7629220">
    <ele>302.6</ele>
    <time>2025-02-28T14:26:12Z</time>
   </trkpt>
   <trkpt lat="45.7896980" lon="4.7629140">
    <ele>302.6</ele>
    <time>2025-02-28T14:26:13Z</time>
   </trkpt>
   <trkpt lat="45.7897380" lon="4.7628990">
    <ele>302.6</ele>
    <time>2025-02-28T14:26:14Z</time>
   </trkpt>
   <trkpt lat="45.7897510" lon="4.7628920">
    <ele>302.6</ele>
    <time>2025-02-28T14:26:15Z</time>
   </trkpt>
   <trkpt lat="45.7897840" lon="4.7628870">
    <ele>302.5</ele>
    <time>2025-02-28T14:26:16Z</time>
   </trkpt>
   <trkpt lat="45.7898200" lon="4.7628800">
    <ele>302.5</ele>
    <time>2025-02-28T14:26:17Z</time>
   </trkpt>
   <trkpt lat="45.7898500" lon="4.7628500">
    <ele>302.5</ele>
    <time>2025-02-28T14:26:18Z</time>
   </trkpt>
   <trkpt lat="45.7898890" lon="4.7628340">
    <ele>302.4</ele>
    <time>2025-02-28T14:26:19Z</time>
   </trkpt>
   <trkpt lat="45.7899080" lon="4.7628270">
    <ele>302.4</ele>
    <time>2025-02-28T14:26:20Z</time>
   </trkpt>
   <trkpt lat="45.7899430" lon="4.7628200">
    <ele>302.3</ele>
    <time>2025-02-28T14:26:21Z</time>
   </trkpt>
   <trkpt lat="45.7899760" lon="4.7628160">
    <ele>302.3</ele>
    <time>2025-02-28T14:26:22Z</time>
   </trkpt>
   <trkpt lat="45.7899870" lon="4.7628080">
    <ele>302.3</ele>
    <time>2025-02-28T14:26:23Z</time>
   </trkpt>
   <trkpt lat="45.7900160" lon="4.7627900">
    <ele>302.2</ele>
    <time>2025-02-28T14:26:24Z</time>
   </trkpt>
   <trkpt lat="45.7900480" lon="4.7627900">
    <ele>302.2</ele>
    <time>2025-02-28T14:26:25Z</time>
   </trkpt>
   <trkpt lat="45.7900890" lon="4.7627810">
    <ele>302.1</ele>
    <time>2025-02-28T14:26:26Z</time>
   </trkpt>
   <trkpt lat="45.7901060" lon="4.7627800">
    <ele>302.1</ele>
    <time>2025-02-28T14:26:27Z</time>
   </trkpt>
   <trkpt lat="45.7901470" lon="4.7627630">
    <ele>302.0</ele>
    <time>2025-02-28T14:26:28Z</time>
   </trkpt>
   <trkpt lat="45.7901640" lon="4.7627600">
    <ele>302.0</ele>
    <time>2025-02-28T14:26:29Z</time>
   </trkpt>
   <trkpt lat="45.7901940" lon="4.7627520">
    <ele>301.9</ele>
    <time>2025-02-28T14:26:30Z</time>
   </trkpt>
   <trkpt lat="45.7902490" lon="4.7627290">
    <ele>301.8</ele>
    <time>2025-02-28T14:26:31Z</time>
   </trkpt>
   <trkpt lat="45.7902810" lon="4.7627450">
    <ele>301.8</ele>
    <time>2025-02-28T14:26:32Z</time>
   </trkpt>
   <trkpt lat="45.7903180" lon="4.7627270">
    <ele>301.7</ele>
    <time>2025-02-28T14:26:33Z</time>
   </trkpt>
   <trkpt lat="45.7903450" lon="4.7627180">
    <ele>301.7</ele>
    <time>2025-02-28T14:26:34Z</time>
   </trkpt>
   <trkpt lat="45.7903820" lon="4.7627030">
    <ele>301.6</ele>
    <time>2025-02-28T14:26:36Z</time>
   </trkpt>
   <trkpt lat="45.7903930" lon="4.7626940">
    <ele>301.6</ele>
    <time>2025-02-28T14:26:37Z</time>
   </trkpt>
   <trkpt lat="45.7904170" lon="4.7626610">
    <ele>301.5</ele>
    <time>2025-02-28T14:26:38Z</time>
   </trkpt>
   <trkpt lat="45.7904460" lon="4.7626430">
    <ele>301.4</ele>
    <time>2025-02-28T14:26:39Z</time>
   </trkpt>
   <trkpt lat="45.7904860" lon="4.7626380">
    <ele>301.3</ele>
    <time>2025-02-28T14:26:40Z</time>
   </trkpt>
   <trkpt lat="45.7905290" lon="4.7626240">
    <ele>301.2</ele>
    <time>2025-02-28T14:26:41Z</time>
   </trkpt>
   <trkpt lat="45.7905470" lon="4.7626130">
    <ele>301.2</ele>
    <time>2025-02-28T14:26:42Z</time>
   </trkpt>
   <trkpt lat="45.7905790" lon="4.7626100">
    <ele>301.1</ele>
    <time>2025-02-28T14:26:43Z</time>
   </trkpt>
   <trkpt lat="45.7906160" lon="4.7625930">
    <ele>301.1</ele>
    <time>2025-02-28T14:26:44Z</time>
   </trkpt>
   <trkpt lat="45.7906560" lon="4.7625820">
    <ele>301.0</ele>
    <time>2025-02-28T14:26:45Z</time>
   </trkpt>
   <trkpt lat="45.7906710" lon="4.7625790">
    <ele>301.0</ele>
    <time>2025-02-28T14:26:46Z</time>
   </trkpt>
   <trkpt lat="45.7907040" lon="4.7625640">
    <ele>300.9</ele>
    <time>2025-02-28T14:26:47Z</time>
   </trkpt>
   <trkpt lat="45.7907320" lon="4.7625410">
    <ele>300.8</ele>
    <time>2025-02-28T14:26:48Z</time>
   </trkpt>
   <trkpt lat="45.7907600" lon="4.7625180">
    <ele>300.8</ele>
    <time>2025-02-28T14:26:49Z</time>
   </trkpt>
   <trkpt lat="45.7907880" lon="4.7625120">
    <ele>300.7</ele>
    <time>2025-02-28T14:26:50Z</time>
   </trkpt>
   <trkpt lat="45.7908180" lon="4.7625020">
    <ele>300.7</ele>
    <time>2025-02-28T14:26:51Z</time>
   </trkpt>
   <trkpt lat="45.7908520" lon="4.7624860">
    <ele>300.6</ele>
    <time>2025-02-28T14:26:52Z</time>
   </trkpt>
   <trkpt lat="45.7908800" lon="4.7624790">
    <ele>300.6</ele>
    <time>2025-02-28T14:26:53Z</time>
   </trkpt>
   <trkpt lat="45.7909090" lon="4.7624670">
    <ele>300.5</ele>
    <time>2025-02-28T14:26:54Z</time>
   </trkpt>
   <trkpt lat="45.7909430" lon="4.7624480">
    <ele>300.4</ele>
    <time>2025-02-28T14:26:55Z</time>
   </trkpt>
   <trkpt lat="45.7909530" lon="4.7624380">
    <ele>300.4</ele>
    <time>2025-02-28T14:26:56Z</time>
   </trkpt>
   <trkpt lat="45.7909790" lon="4.7624210">
    <ele>300.4</ele>
    <time>2025-02-28T14:26:57Z</time>
   </trkpt>
   <trkpt lat="45.7910220" lon="4.7624060">
    <ele>300.3</ele>
    <time>2025-02-28T14:26:58Z</time>
   </trkpt>
   <trkpt lat="45.7910430" lon="4.7624000">
    <ele>300.2</ele>
    <time>2025-02-28T14:26:59Z</time>
   </trkpt>
   <trkpt lat="45.7910780" lon="4.7623880">
    <ele>300.2</ele>
    <time>2025-02-28T14:27:00Z</time>
   </trkpt>
   <trkpt lat="45.7911100" lon="4.7623830">
    <ele>300.1</ele>
    <time>2025-02-28T14:27:01Z</time>
   </trkpt>
   <trkpt lat="45.7911470" lon="4.7623750">
    <ele>300.0</ele>
    <time>2025-02-28T14:27:02Z</time>
   </trkpt>
   <trkpt lat="45.7911840" lon="4.7623670">
    <ele>300.0</ele>
    <time>2025-02-28T14:27:03Z</time>
   </trkpt>
   <trkpt lat="45.7912190" lon="4.7623540">
    <ele>299.9</ele>
    <time>2025-02-28T14:27:04Z</time>
   </trkpt>
   <trkpt lat="45.7912510" lon="4.7623350">
    <ele>299.9</ele>
    <time>2025-02-28T14:27:05Z</time>
   </trkpt>
   <trkpt lat="45.7912790" lon="4.7623290">
    <ele>299.8</ele>
    <time>2025-02-28T14:27:06Z</time>
   </trkpt>
   <trkpt lat="45.7913180" lon="4.7623010">
    <ele>299.8</ele>
    <time>2025-02-28T14:27:07Z</time>
   </trkpt>
   <trkpt lat="45.7913350" lon="4.7622880">
    <ele>299.7</ele>
    <time>2025-02-28T14:27:08Z</time>
   </trkpt>
   <trkpt lat="45.7913770" lon="4.7622760">
    <ele>299.7</ele>
    <time>2025-02-28T14:27:09Z</time>
   </trkpt>
   <trkpt lat="45.7913930" lon="4.7622700">
    <ele>299.7</ele>
    <time>2025-02-28T14:27:10Z</time>
   </trkpt>
   <trkpt lat="45.7914330" lon="4.7622640">
    <ele>299.6</ele>
    <time>2025-02-28T14:27:11Z</time>
   </trkpt>
   <trkpt lat="45.7914480" lon="4.7622580">
    <ele>299.6</ele>
    <time>2025-02-28T14:27:12Z</time>
   </trkpt>
   <trkpt lat="45.7914800" lon="4.7622500">
    <ele>299.5</ele>
    <time>2025-02-28T14:27:13Z</time>
   </trkpt>
   <trkpt lat="45.7915070" lon="4.7622350">
    <ele>299.5</ele>
    <time>2025-02-28T14:27:14Z</time>
   </trkpt>
   <trkpt lat="45.7915380" lon="4.7622300">
    <ele>299.5</ele>
    <time>2025-02-28T14:27:15Z</time>
   </trkpt>
   <trkpt lat="45.7915640" lon="4.7622190">
    <ele>299.4</ele>
    <time>2025-02-28T14:27:16Z</time>
   </trkpt>
   <trkpt lat="45.7915960" lon="4.7622080">
    <ele>299.4</ele>
    <time>2025-02-28T14:27:17Z</time>
   </trkpt>
   <trkpt lat="45.7916260" lon="4.7621850">
    <ele>299.3</ele>
    <time>2025-02-28T14:27:18Z</time>
   </trkpt>
   <trkpt lat="45.7916600" lon="4.7621730">
    <ele>299.3</ele>
    <time>2025-02-28T14:27:19Z</time>
   </trkpt>
   <trkpt lat="45.7916950" lon="4.7621670">
    <ele>299.2</ele>
    <time>2025-02-28T14:27:20Z</time>
   </trkpt>
   <trkpt lat="45.7917260" lon="4.7621540">
    <ele>299.1</ele>
    <time>2025-02-28T14:27:21Z</time>
   </trkpt>
   <trkpt lat="45.7917520" lon="4.7621260">
    <ele>299.0</ele>
    <time>2025-02-28T14:27:22Z</time>
   </trkpt>
   <trkpt lat="45.7917820" lon="4.7621010">
    <ele>298.9</ele>
    <time>2025-02-28T14:27:23Z</time>
   </trkpt>
   <trkpt lat="45.7918140" lon="4.7620790">
    <ele>298.7</ele>
    <time>2025-02-28T14:27:24Z</time>
   </trkpt>
   <trkpt lat="45.7918430" lon="4.7620790">
    <ele>298.6</ele>
    <time>2025-02-28T14:27:25Z</time>
   </trkpt>
   <trkpt lat="45.7918820" lon="4.7620560">
    <ele>298.4</ele>
    <time>2025-02-28T14:27:26Z</time>
   </trkpt>
   <trkpt lat="45.7919140" lon="4.7620490">
    <ele>298.3</ele>
    <time>2025-02-28T14:27:27Z</time>
   </trkpt>
   <trkpt lat="45.7919480" lon="4.7620540">
    <ele>298.1</ele>
    <time>2025-02-28T14:27:28Z</time>
   </trkpt>
   <trkpt lat="45.7919850" lon="4.7620490">
    <ele>297.9</ele>
    <time>2025-02-28T14:27:29Z</time>
   </trkpt>
   <trkpt lat="45.7920120" lon="4.7620300">
    <ele>297.8</ele>
    <time>2025-02-28T14:27:30Z</time>
   </trkpt>
   <trkpt lat="45.7920470" lon="4.7620280">
    <ele>297.6</ele>
    <time>2025-02-28T14:27:31Z</time>
   </trkpt>
   <trkpt lat="45.7920790" lon="4.7620160">
    <ele>297.5</ele>
    <time>2025-02-28T14:27:32Z</time>
   </trkpt>
   <trkpt lat="45.7921140" lon="4.7620070">
    <ele>297.3</ele>
    <time>2025-02-28T14:27:33Z</time>
   </trkpt>
   <trkpt lat="45.7921490" lon="4.7619950">
    <ele>297.0</ele>
    <time>2025-02-28T14:27:34Z</time>
   </trkpt>
   <trkpt lat="45.7921850" lon="4.7619730">
    <ele>296.8</ele>
    <time>2025-02-28T14:27:35Z</time>
   </trkpt>
   <trkpt lat="45.7922040" lon="4.7619780">
    <ele>296.7</ele>
    <time>2025-02-28T14:27:36Z</time>
   </trkpt>
   <trkpt lat="45.7922440" lon="4.7619790">
    <ele>296.5</ele>
    <time>2025-02-28T14:27:37Z</time>
   </trkpt>
   <trkpt lat="45.7922850" lon="4.7619690">
    <ele>296.2</ele>
    <time>2025-02-28T14:27:38Z</time>
   </trkpt>
   <trkpt lat="45.7923200" lon="4.7619610">
    <ele>296.0</ele>
    <time>2025-02-28T14:27:39Z</time>
   </trkpt>
   <trkpt lat="45.7923490" lon="4.7619490">
    <ele>295.8</ele>
    <time>2025-02-28T14:27:40Z</time>
   </trkpt>
   <trkpt lat="45.7923780" lon="4.7619340">
    <ele>295.6</ele>
    <time>2025-02-28T14:27:41Z</time>
   </trkpt>
   <trkpt lat="45.7924110" lon="4.7619340">
    <ele>295.4</ele>
    <time>2025-02-28T14:27:42Z</time>
   </trkpt>
   <trkpt lat="45.7924450" lon="4.7619190">
    <ele>295.2</ele>
    <time>2025-02-28T14:27:43Z</time>
   </trkpt>
   <trkpt lat="45.7924820" lon="4.7618960">
    <ele>294.9</ele>
    <time>2025-02-28T14:27:44Z</time>
   </trkpt>
   <trkpt lat="45.7925110" lon="4.7618840">
    <ele>294.7</ele>
    <time>2025-02-28T14:27:45Z</time>
   </trkpt>
   <trkpt lat="45.7925380" lon="4.7618610">
    <ele>294.4</ele>
    <time>2025-02-28T14:27:46Z</time>
   </trkpt>
   <trkpt lat="45.7925680" lon="4.7618420">
    <ele>294.1</ele>
    <time>2025-02-28T14:27:47Z</time>
   </trkpt>
   <trkpt lat="45.7925950" lon="4.7618310">
    <ele>293.8</ele>
    <time>2025-02-28T14:27:48Z</time>
   </trkpt>
   <trkpt lat="45.7926330" lon="4.7618450">
    <ele>293.4</ele>
    <time>2025-02-28T14:27:49Z</time>
   </trkpt>
   <trkpt lat="45.7926600" lon="4.7618360">
    <ele>293.1</ele>
    <time>2025-02-28T14:27:50Z</time>
   </trkpt>
   <trkpt lat="45.7926970" lon="4.7618190">
    <ele>292.6</ele>
    <time>2025-02-28T14:27:51Z</time>
   </trkpt>
   <trkpt lat="45.7927250" lon="4.7618110">
    <ele>292.3</ele>
    <time>2025-02-28T14:27:52Z</time>
   </trkpt>
   <trkpt lat="45.7927600" lon="4.7618010">
    <ele>291.8</ele>
    <time>2025-02-28T14:27:53Z</time>
   </trkpt>
   <trkpt lat="45.7928040" lon="4.7617940">
    <ele>291.2</ele>
    <time>2025-02-28T14:27:54Z</time>
   </trkpt>
   <trkpt lat="45.7928250" lon="4.7617930">
    <ele>290.8</ele>
    <time>2025-02-28T14:27:55Z</time>
   </trkpt>
   <trkpt lat="45.7928670" lon="4.7617840">
    <ele>290.2</ele>
    <time>2025-02-28T14:27:56Z</time>
   </trkpt>
   <trkpt lat="45.7928830" lon="4.7617780">
    <ele>289.9</ele>
    <time>2025-02-28T14:27:57Z</time>
   </trkpt>
   <trkpt lat="45.7929190" lon="4.7617620">
    <ele>289.3</ele>
    <time>2025-02-28T14:27:58Z</time>
   </trkpt>
   <trkpt lat="45.7929300" lon="4.7617580">
    <ele>289.1</ele>
    <time>2025-02-28T14:27:59Z</time>
   </trkpt>
   <trkpt lat="45.7929640" lon="4.7617500">
    <ele>288.5</ele>
    <time>2025-02-28T14:28:00Z</time>
   </trkpt>
   <trkpt lat="45.7929800" lon="4.7617330">
    <ele>288.2</ele>
    <time>2025-02-28T14:28:01Z</time>
   </trkpt>
   <trkpt lat="45.7930180" lon="4.7617170">
    <ele>287.5</ele>
    <time>2025-02-28T14:28:02Z</time>
   </trkpt>
   <trkpt lat="45.7930300" lon="4.7617090">
    <ele>287.3</ele>
    <time>2025-02-28T14:28:03Z</time>
   </trkpt>
   <trkpt lat="45.7930640" lon="4.7616990">
    <ele>286.6</ele>
    <time>2025-02-28T14:28:04Z</time>
   </trkpt>
   <trkpt lat="45.7930970" lon="4.7616960">
    <ele>286.0</ele>
    <time>2025-02-28T14:28:05Z</time>
   </trkpt>
   <trkpt lat="45.7931300" lon="4.7616680">
    <ele>285.3</ele>
    <time>2025-02-28T14:28:06Z</time>
   </trkpt>
   <trkpt lat="45.7931670" lon="4.7616580">
    <ele>284.6</ele>
    <time>2025-02-28T14:28:07Z</time>
   </trkpt>
   <trkpt lat="45.7932060" lon="4.7616310">
    <ele>283.8</ele>
    <time>2025-02-28T14:28:08Z</time>
   </trkpt>
   <trkpt lat="45.7932440" lon="4.7616140">
    <ele>283.1</ele>
    <time>2025-02-28T14:28:09Z</time>
   </trkpt>
   <trkpt lat="45.7932860" lon="4.7615980">
    <ele>282.4</ele>
    <time>2025-02-28T14:28:10Z</time>
   </trkpt>
   <trkpt lat="45.7933230" lon="4.7615640">
    <ele>281.7</ele>
    <time>2025-02-28T14:28:11Z</time>
   </trkpt>
   <trkpt lat="45.7933490" lon="4.7615170">
    <ele>281.0</ele>
    <time>2025-02-28T14:28:12Z</time>
   </trkpt>
   <trkpt lat="45.7933840" lon="4.7614850">
    <ele>280.4</ele>
    <time>2025-02-28T14:28:13Z</time>
   </trkpt>
   <trkpt lat="45.7934210" lon="4.7614470">
    <ele>279.8</ele>
    <time>2025-02-28T14:28:14Z</time>
   </trkpt>
   <trkpt lat="45.7934490" lon="4.7614050">
    <ele>279.2</ele>
    <time>2025-02-28T14:28:15Z</time>
   </trkpt>
   <trkpt lat="45.7934810" lon="4.7613630">
    <ele>278.6</ele>
    <time>2025-02-28T14:28:16Z</time>
   </trkpt>
   <trkpt lat="45.7935140" lon="4.7613520">
    <ele>278.2</ele>
    <time>2025-02-28T14:28:17Z</time>
   </trkpt>
   <trkpt lat="45.7935490" lon="4.7613280">
    <ele>277.7</ele>
    <time>2025-02-28T14:28:18Z</time>
   </trkpt>
   <trkpt lat="45.7935820" lon="4.7613180">
    <ele>277.4</ele>
    <time>2025-02-28T14:28:19Z</time>
   </trkpt>
   <trkpt lat="45.7936430" lon="4.7613630">
    <ele>276.6</ele>
    <time>2025-02-28T14:28:20Z</time>
   </trkpt>
   <trkpt lat="45.7936750" lon="4.7613620">
    <ele>276.3</ele>
    <time>2025-02-28T14:28:21Z</time>
   </trkpt>
   <trkpt lat="45.7937230" lon="4.7613530">
    <ele>275.9</ele>
    <time>2025-02-28T14:28:22Z</time>
   </trkpt>
   <trkpt lat="45.7937590" lon="4.7613580">
    <ele>275.5</ele>
    <time>2025-02-28T14:28:23Z</time>
   </trkpt>
   <trkpt lat="45.7937970" lon="4.7613640">
    <ele>275.2</ele>
    <time>2025-02-28T14:28:24Z</time>
   </trkpt>
   <trkpt lat="45.7938370" lon="4.7613680">
    <ele>274.8</ele>
    <time>2025-02-28T14:28:25Z</time>
   </trkpt>
   <trkpt lat="45.7938890" lon="4.7613520">
    <ele>274.3</ele>
    <time>2025-02-28T14:28:26Z</time>
   </trkpt>
   <trkpt lat="45.7939240" lon="4.7613540">
    <ele>274.0</ele>
    <time>2025-02-28T14:28:27Z</time>
   </trkpt>
   <trkpt lat="45.7939710" lon="4.7613420">
    <ele>273.6</ele>
    <time>2025-02-28T14:28:28Z</time>
   </trkpt>
   <trkpt lat="45.7940060" lon="4.7613240">
    <ele>273.3</ele>
    <time>2025-02-28T14:28:29Z</time>
   </trkpt>
   <trkpt lat="45.7940340" lon="4.7613060">
    <ele>273.0</ele>
    <time>2025-02-28T14:28:30Z</time>
   </trkpt>
   <trkpt lat="45.7940580" lon="4.7612870">
    <ele>272.7</ele>
    <time>2025-02-28T14:28:31Z</time>
   </trkpt>
   <trkpt lat="45.7941010" lon="4.7612740">
    <ele>272.3</ele>
    <time>2025-02-28T14:28:32Z</time>
   </trkpt>
   <trkpt lat="45.7941480" lon="4.7612760">
    <ele>271.9</ele>
    <time>2025-02-28T14:28:33Z</time>
   </trkpt>
   <trkpt lat="45.7941970" lon="4.7612900">
    <ele>271.4</ele>
    <time>2025-02-28T14:28:34Z</time>
   </trkpt>
   <trkpt lat="45.7942330" lon="4.7613000">
    <ele>271.0</ele>
    <time>2025-02-28T14:28:35Z</time>
   </trkpt>
   <trkpt lat="45.7942930" lon="4.7612910">
    <ele>270.4</ele>
    <time>2025-02-28T14:28:36Z</time>
   </trkpt>
   <trkpt lat="45.7943240" lon="4.7612880">
    <ele>270.1</ele>
    <time>2025-02-28T14:28:38Z</time>
   </trkpt>
   <trkpt lat="45.7943630" lon="4.7612930">
    <ele>269.8</ele>
    <time>2025-02-28T14:28:39Z</time>
   </trkpt>
   <trkpt lat="45.7944010" lon="4.7612860">
    <ele>269.4</ele>
    <time>2025-02-28T14:28:40Z</time>
   </trkpt>
   <trkpt lat="45.7944460" lon="4.7612970">
    <ele>269.0</ele>
    <time>2025-02-28T14:28:41Z</time>
   </trkpt>
   <trkpt lat="45.7944830" lon="4.7612960">
    <ele>268.7</ele>
    <time>2025-02-28T14:28:42Z</time>
   </trkpt>
   <trkpt lat="45.7945210" lon="4.7612910">
    <ele>268.4</ele>
    <time>2025-02-28T14:28:43Z</time>
   </trkpt>
   <trkpt lat="45.7945640" lon="4.7612970">
    <ele>268.0</ele>
    <time>2025-02-28T14:28:44Z</time>
   </trkpt>
   <trkpt lat="45.7946070" lon="4.7613030">
    <ele>267.6</ele>
    <time>2025-02-28T14:28:45Z</time>
   </trkpt>
   <trkpt lat="45.7946370" lon="4.7613110">
    <ele>267.4</ele>
    <time>2025-02-28T14:28:46Z</time>
   </trkpt>
   <trkpt lat="45.7946820" lon="4.7612880">
    <ele>266.9</ele>
    <time>2025-02-28T14:28:47Z</time>
   </trkpt>
   <trkpt lat="45.7947200" lon="4.7612740">
    <ele>266.5</ele>
    <time>2025-02-28T14:28:48Z</time>
   </trkpt>
   <trkpt lat="45.7947600" lon="4.7612770">
    <ele>266.1</ele>
    <time>2025-02-28T14:28:49Z</time>
   </trkpt>
   <trkpt lat="45.7948040" lon="4.7613040">
    <ele>265.5</ele>
    <time>2025-02-28T14:28:50Z</time>
   </trkpt>
   <trkpt lat="45.7948380" lon="4.7613000">
    <ele>265.1</ele>
    <time>2025-02-28T14:28:51Z</time>
   </trkpt>
   <trkpt lat="45.7948780" lon="4.7612910">
    <ele>264.6</ele>
    <time>2025-02-28T14:28:52Z</time>
   </trkpt>
   <trkpt lat="45.7949160" lon="4.7612690">
    <ele>264.0</ele>
    <time>2025-02-28T14:28:53Z</time>
   </trkpt>
   <trkpt lat="45.7949620" lon="4.7612540">
    <ele>263.4</ele>
    <time>2025-02-28T14:28:54Z</time>
   </trkpt>
   <trkpt lat="45.7950050" lon="4.7612400">
    <ele>262.8</ele>
    <time>2025-02-28T14:28:55Z</time>
   </trkpt>
   <trkpt lat="45.7950420" lon="4.7612230">
    <ele>262.3</ele>
    <time>2025-02-28T14:28:56Z</time>
   </trkpt>
   <trkpt lat="45.7950850" lon="4.7612430">
    <ele>261.8</ele>
    <time>2025-02-28T14:28:57Z</time>
   </trkpt>
   <trkpt lat="45.7951340" lon="4.7612300">
    <ele>261.3</ele>
    <time>2025-02-28T14:28:58Z</time>
   </trkpt>
   <trkpt lat="45.7951660" lon="4.7611510">
    <ele>260.8</ele>
    <time>2025-02-28T14:28:59Z</time>
   </trkpt>
   <trkpt lat="45.7951810" lon="4.7610680">
    <ele>260.4</ele>
    <time>2025-02-28T14:29:00Z</time>
   </trkpt>
   <trkpt lat="45.7951890" lon="4.7610300">
    <ele>260.3</ele>
    <time>2025-02-28T14:29:01Z</time>
   </trkpt>
   <trkpt lat="45.7952180" lon="4.7609920">
    <ele>260.1</ele>
    <time>2025-02-28T14:29:02Z</time>
   </trkpt>
   <trkpt lat="45.7952340" lon="4.7609810">
    <ele>260.0</ele>
    <time>2025-02-28T14:29:03Z</time>
   </trkpt>
   <trkpt lat="45.7952580" lon="4.7609560">
    <ele>260.0</ele>
    <time>2025-02-28T14:29:04Z</time>
   </trkpt>
   <trkpt lat="45.7952830" lon="4.7609320">
    <ele>259.9</ele>
    <time>2025-02-28T14:29:05Z</time>
   </trkpt>
   <trkpt lat="45.7953110" lon="4.7608900">
    <ele>259.8</ele>
    <time>2025-02-28T14:29:06Z</time>
   </trkpt>
   <trkpt lat="45.7953200" lon="4.7608700">
    <ele>259.8</ele>
    <time>2025-02-28T14:29:07Z</time>
   </trkpt>
   <trkpt lat="45.7953450" lon="4.7608280">
    <ele>259.7</ele>
    <time>2025-02-28T14:29:08Z</time>
   </trkpt>
   <trkpt lat="45.7953820" lon="4.7607580">
    <ele>259.7</ele>
    <time>2025-02-28T14:29:09Z</time>
   </trkpt>
   <trkpt lat="45.7954170" lon="4.7607250">
    <ele>259.7</ele>
    <time>2025-02-28T14:29:16Z</time>
   </trkpt>
   <trkpt lat="45.7954510" lon="4.7606930">
    <ele>259.7</ele>
    <time>2025-02-28T14:29:17Z</time>
   </trkpt>
   <trkpt lat="45.7954860" lon="4.7606600">
    <ele>259.7</ele>
    <time>2025-02-28T14:29:18Z</time>
   </trkpt>
   <trkpt lat="45.7955240" lon="4.7606370">
    <ele>259.8</ele>
    <time>2025-02-28T14:29:19Z</time>
   </trkpt>
   <trkpt lat="45.7955400" lon="4.7606320">
    <ele>259.8</ele>
    <time>2025-02-28T14:29:20Z</time>
   </trkpt>
   <trkpt lat="45.7955710" lon="4.7606310">
    <ele>259.8</ele>
    <time>2025-02-28T14:29:21Z</time>
   </trkpt>
   <trkpt lat="45.7956010" lon="4.7606110">
    <ele>259.8</ele>
    <time>2025-02-28T14:29:22Z</time>
   </trkpt>
   <trkpt lat="45.7956080" lon="4.7606000">
    <ele>259.9</ele>
    <time>2025-02-28T14:29:23Z</time>
   </trkpt>
   <trkpt lat="45.7956410" lon="4.7606010">
    <ele>259.9</ele>
    <time>2025-02-28T14:29:24Z</time>
   </trkpt>
   <trkpt lat="45.7956800" lon="4.7606000">
    <ele>260.1</ele>
    <time>2025-02-28T14:29:25Z</time>
   </trkpt>
   <trkpt lat="45.7957170" lon="4.7606090">
    <ele>260.4</ele>
    <time>2025-02-28T14:29:26Z</time>
   </trkpt>
   <trkpt lat="45.7957280" lon="4.7606120">
    <ele>260.4</ele>
    <time>2025-02-28T14:29:27Z</time>
   </trkpt>
   <trkpt lat="45.7957620" lon="4.7606250">
    <ele>260.7</ele>
    <time>2025-02-28T14:29:28Z</time>
   </trkpt>
   <trkpt lat="45.7957760" lon="4.7606270">
    <ele>260.8</ele>
    <time>2025-02-28T14:29:29Z</time>
   </trkpt>
   <trkpt lat="45.7958100" lon="4.7606120">
    <ele>261.0</ele>
    <time>2025-02-28T14:29:30Z</time>
   </trkpt>
   <trkpt lat="45.7958450" lon="4.7606020">
    <ele>261.3</ele>
    <time>2025-02-28T14:29:31Z</time>
   </trkpt>
   <trkpt lat="45.7958760" lon="4.7606020">
    <ele>261.5</ele>
    <time>2025-02-28T14:29:32Z</time>
   </trkpt>
   <trkpt lat="45.7959050" lon="4.7605830">
    <ele>261.8</ele>
    <time>2025-02-28T14:29:33Z</time>
   </trkpt>
   <trkpt lat="45.7959480" lon="4.7605790">
    <ele>262.2</ele>
    <time>2025-02-28T14:29:34Z</time>
   </trkpt>
   <trkpt lat="45.7959690" lon="4.7605800">
    <ele>262.3</ele>
    <time>2025-02-28T14:29:35Z</time>
   </trkpt>
   <trkpt lat="45.7959960" lon="4.7605630">
    <ele>262.6</ele>
    <time>2025-02-28T14:29:36Z</time>
   </trkpt>
   <trkpt lat="45.7960260" lon="4.7605390">
    <ele>262.9</ele>
    <time>2025-02-28T14:29:37Z</time>
   </trkpt>
   <trkpt lat="45.7960370" lon="4.7605260">
    <ele>263.0</ele>
    <time>2025-02-28T14:29:38Z</time>
   </trkpt>
   <trkpt lat="45.7960680" lon="4.7605150">
    <ele>263.2</ele>
    <time>2025-02-28T14:29:39Z</time>
   </trkpt>
   <trkpt lat="45.7960770" lon="4.7605180">
    <ele>263.3</ele>
    <time>2025-02-28T14:29:40Z</time>
   </trkpt>
   <trkpt lat="45.7961060" lon="4.7605050">
    <ele>263.6</ele>
    <time>2025-02-28T14:29:41Z</time>
   </trkpt>
   <trkpt lat="45.7961480" lon="4.7605000">
    <ele>264.0</ele>
    <time>2025-02-28T14:29:42Z</time>
   </trkpt>
   <trkpt lat="45.7961670" lon="4.7604960">
    <ele>264.1</ele>
    <time>2025-02-28T14:29:43Z</time>
   </trkpt>
   <trkpt lat="45.7961990" lon="4.7605140">
    <ele>264.4</ele>
    <time>2025-02-28T14:29:44Z</time>
   </trkpt>
   <trkpt lat="45.7962110" lon="4.7605130">
    <ele>264.5</ele>
    <time>2025-02-28T14:29:45Z</time>
   </trkpt>
   <trkpt lat="45.7962420" lon="4.7605000">
    <ele>264.9</ele>
    <time>2025-02-28T14:29:46Z</time>
   </trkpt>
   <trkpt lat="45.7962690" lon="4.7604930">
    <ele>265.2</ele>
    <time>2025-02-28T14:29:47Z</time>
   </trkpt>
   <trkpt lat="45.7962970" lon="4.7604760">
    <ele>265.5</ele>
    <time>2025-02-28T14:29:48Z</time>
   </trkpt>
   <trkpt lat="45.7963350" lon="4.7604690">
    <ele>265.9</ele>
    <time>2025-02-28T14:29:49Z</time>
   </trkpt>
   <trkpt lat="45.7963470" lon="4.7604640">
    <ele>266.1</ele>
    <time>2025-02-28T14:29:50Z</time>
   </trkpt>
   <trkpt lat="45.7963730" lon="4.7604570">
    <ele>266.4</ele>
    <time>2025-02-28T14:29:51Z</time>
   </trkpt>
   <trkpt lat="45.7963830" lon="4.7604500">
    <ele>266.5</ele>
    <time>2025-02-28T14:29:52Z</time>
   </trkpt>
   <trkpt lat="45.7964100" lon="4.7604330">
    <ele>266.9</ele>
    <time>2025-02-28T14:29:53Z</time>
   </trkpt>
   <trkpt lat="45.7964200" lon="4.7604270">
    <ele>267.0</ele>
    <time>2025-02-28T14:29:54Z</time>
   </trkpt>
   <trkpt lat="45.7964460" lon="4.7604060">
    <ele>267.4</ele>
    <time>2025-02-28T14:29:55Z</time>
   </trkpt>
   <trkpt lat="45.7964770" lon="4.7603750">
    <ele>267.9</ele>
    <time>2025-02-28T14:29:56Z</time>
   </trkpt>
   <trkpt lat="45.7964870" lon="4.7603580">
    <ele>268.1</ele>
    <time>2025-02-28T14:29:57Z</time>
   </trkpt>
   <trkpt lat="45.7965120" lon="4.7603220">
    <ele>268.6</ele>
    <time>2025-02-28T14:29:58Z</time>
   </trkpt>
   <trkpt lat="45.7965180" lon="4.7603080">
    <ele>268.7</ele>
    <time>2025-02-28T14:29:59Z</time>
   </trkpt>
   <trkpt lat="45.7965520" lon="4.7602950">
    <ele>269.2</ele>
    <time>2025-02-28T14:30:00Z</time>
   </trkpt>
   <trkpt lat="45.7965620" lon="4.7602880">
    <ele>269.4</ele>
    <time>2025-02-28T14:30:01Z</time>
   </trkpt>
   <trkpt lat="45.7965860" lon="4.7602550">
    <ele>269.9</ele>
    <time>2025-02-28T14:30:02Z</time>
   </trkpt>
   <trkpt lat="45.7965940" lon="4.7602470">
    <ele>270.0</ele>
    <time>2025-02-28T14:30:03Z</time>
   </trkpt>
   <trkpt lat="45.7966340" lon="4.7602360">
    <ele>270.6</ele>
    <time>2025-02-28T14:30:04Z</time>
   </trkpt>
   <trkpt lat="45.7966480" lon="4.7602350">
    <ele>270.9</ele>
    <time>2025-02-28T14:30:05Z</time>
   </trkpt>
   <trkpt lat="45.7966840" lon="4.7602260">
    <ele>271.4</ele>
    <time>2025-02-28T14:30:06Z</time>
   </trkpt>
   <trkpt lat="45.7966950" lon="4.7602270">
    <ele>271.6</ele>
    <time>2025-02-28T14:30:07Z</time>
   </trkpt>
   <trkpt lat="45.7967270" lon="4.7602190">
    <ele>272.1</ele>
    <time>2025-02-28T14:30:08Z</time>
   </trkpt>
   <trkpt lat="45.7967410" lon="4.7602130">
    <ele>272.3</ele>
    <time>2025-02-28T14:30:09Z</time>
   </trkpt>
   <trkpt lat="45.7967750" lon="4.7602040">
    <ele>272.7</ele>
    <time>2025-02-28T14:30:10Z</time>
   </trkpt>
   <trkpt lat="45.7967860" lon="4.7601970">
    <ele>272.8</ele>
    <time>2025-02-28T14:30:11Z</time>
   </trkpt>
   <trkpt lat="45.7968140" lon="4.7601980">
    <ele>273.1</ele>
    <time>2025-02-28T14:30:12Z</time>
   </trkpt>
   <trkpt lat="45.7968250" lon="4.7601980">
    <ele>273.2</ele>
    <time>2025-02-28T14:30:13Z</time>
   </trkpt>
   <trkpt lat="45.7968520" lon="4.7602040">
    <ele>273.3</ele>
    <time>2025-02-28T14:30:14Z</time>
   </trkpt>
   <trkpt lat="45.7968870" lon="4.7602150">
    <ele>273.5</ele>
    <time>2025-02-28T14:30:15Z</time>
   </trkpt>
   <trkpt lat="45.7969000" lon="4.7602170">
    <ele>273.6</ele>
    <time>2025-02-28T14:30:16Z</time>
   </trkpt>
   <trkpt lat="45.7969270" lon="4.7601890">
    <ele>273.7</ele>
    <time>2025-02-28T14:30:17Z</time>
   </trkpt>
   <trkpt lat="45.7969670" lon="4.7601920">
    <ele>273.7</ele>
    <time>2025-02-28T14:30:18Z</time>
   </trkpt>
   <trkpt lat="45.7969810" lon="4.7601900">
    <ele>273.7</ele>
    <time>2025-02-28T14:30:19Z</time>
   </trkpt>
   <trkpt lat="45.7970160" lon="4.7602100">
    <ele>273.4</ele>
    <time>2025-02-28T14:30:20Z</time>
   </trkpt>
   <trkpt lat="45.7970450" lon="4.7602240">
    <ele>273.0</ele>
    <time>2025-02-28T14:30:21Z</time>
   </trkpt>
   <trkpt lat="45.7970880" lon="4.7602260">
    <ele>272.5</ele>
    <time>2025-02-28T14:30:22Z</time>
   </trkpt>
   <trkpt lat="45.7971100" lon="4.7602210">
    <ele>272.2</ele>
    <time>2025-02-28T14:30:23Z</time>
   </trkpt>
   <trkpt lat="45.7971360" lon="4.7602090">
    <ele>271.9</ele>
    <time>2025-02-28T14:30:24Z</time>
   </trkpt>
   <trkpt lat="45.7971630" lon="4.7602190">
    <ele>271.5</ele>
    <time>2025-02-28T14:30:25Z</time>
   </trkpt>
   <trkpt lat="45.7971960" lon="4.7602190">
    <ele>271.1</ele>
    <time>2025-02-28T14:30:26Z</time>
   </trkpt>
   <trkpt lat="45.7972260" lon="4.7602050">
    <ele>270.7</ele>
    <time>2025-02-28T14:30:27Z</time>
   </trkpt>
   <trkpt lat="45.7972560" lon="4.7602030">
    <ele>270.3</ele>
    <time>2025-02-28T14:30:28Z</time>
   </trkpt>
   <trkpt lat="45.7972960" lon="4.7602100">
    <ele>269.8</ele>
    <time>2025-02-28T14:30:29Z</time>
   </trkpt>
   <trkpt lat="45.7973100" lon="4.7602090">
    <ele>269.7</ele>
    <time>2025-02-28T14:30:30Z</time>
   </trkpt>
   <trkpt lat="45.7973470" lon="4.7602180">
    <ele>269.2</ele>
    <time>2025-02-28T14:30:31Z</time>
   </trkpt>
   <trkpt lat="45.7973580" lon="4.7602160">
    <ele>269.1</ele>
    <time>2025-02-28T14:30:32Z</time>
   </trkpt>
   <trkpt lat="45.7973890" lon="4.7601410">
    <ele>268.5</ele>
    <time>2025-02-28T14:30:33Z</time>
   </trkpt>
   <trkpt lat="45.7974050" lon="4.7600790">
    <ele>268.7</ele>
    <time>2025-02-28T14:30:34Z</time>
   </trkpt>
   <trkpt lat="45.7974180" lon="4.7600380">
    <ele>268.8</ele>
    <time>2025-02-28T14:30:35Z</time>
   </trkpt>
   <trkpt lat="45.7974460" lon="4.7599930">
    <ele>269.0</ele>
    <time>2025-02-28T14:30:36Z</time>
   </trkpt>
   <trkpt lat="45.7974570" lon="4.7599730">
    <ele>269.0</ele>
    <time>2025-02-28T14:30:37Z</time>
   </trkpt>
   <trkpt lat="45.7974760" lon="4.7599190">
    <ele>269.2</ele>
    <time>2025-02-28T14:30:38Z</time>
   </trkpt>
   <trkpt lat="45.7974830" lon="4.7598990">
    <ele>269.3</ele>
    <time>2025-02-28T14:30:39Z</time>
   </trkpt>
   <trkpt lat="45.7974780" lon="4.7598390">
    <ele>269.5</ele>
    <time>2025-02-28T14:30:40Z</time>
   </trkpt>
   <trkpt lat="45.7974980" lon="4.7597880">
    <ele>269.7</ele>
    <time>2025-02-28T14:30:41Z</time>
   </trkpt>
   <trkpt lat="45.7975070" lon="4.7597710">
    <ele>269.7</ele>
    <time>2025-02-28T14:30:42Z</time>
   </trkpt>
   <trkpt lat="45.7975080" lon="4.7597260">
    <ele>269.9</ele>
    <time>2025-02-28T14:30:43Z</time>
   </trkpt>
   <trkpt lat="45.7974760" lon="4.7596860">
    <ele>270.1</ele>
    <time>2025-02-28T14:30:44Z</time>
   </trkpt>
   <trkpt lat="45.7974580" lon="4.7596360">
    <ele>270.3</ele>
    <time>2025-02-28T14:30:45Z</time>
   </trkpt>
   <trkpt lat="45.7974540" lon="4.7596170">
    <ele>270.4</ele>
    <time>2025-02-28T14:30:46Z</time>
   </trkpt>
   <trkpt lat="45.7974490" lon="4.7595630">
    <ele>270.6</ele>
    <time>2025-02-28T14:30:47Z</time>
   </trkpt>
   <trkpt lat="45.7974500" lon="4.7595430">
    <ele>270.7</ele>
    <time>2025-02-28T14:30:48Z</time>
   </trkpt>
   <trkpt lat="45.7974840" lon="4.7594770">
    <ele>271.0</ele>
    <time>2025-02-28T14:30:49Z</time>
   </trkpt>
   <trkpt lat="45.7975140" lon="4.7594560">
    <ele>271.2</ele>
    <time>2025-02-28T14:30:50Z</time>
   </trkpt>
   <trkpt lat="45.7975340" lon="4.7594100">
    <ele>271.4</ele>
    <time>2025-02-28T14:30:51Z</time>
   </trkpt>
   <trkpt lat="45.7975480" lon="4.7593650">
    <ele>271.6</ele>
    <time>2025-02-28T14:30:52Z</time>
   </trkpt>
   <trkpt lat="45.7975580" lon="4.7593280">
    <ele>271.7</ele>
    <time>2025-02-28T14:30:53Z</time>
   </trkpt>
   <trkpt lat="45.7975510" lon="4.7592830">
    <ele>271.9</ele>
    <time>2025-02-28T14:30:54Z</time>
   </trkpt>
   <trkpt lat="45.7975610" lon="4.7592410">
    <ele>272.1</ele>
    <time>2025-02-28T14:30:55Z</time>
   </trkpt>
   <trkpt lat="45.7975520" lon="4.7592180">
    <ele>272.2</ele>
    <time>2025-02-28T14:30:56Z</time>
   </trkpt>
   <trkpt lat="45.7975530" lon="4.7591720">
    <ele>272.4</ele>
    <time>2025-02-28T14:30:57Z</time>
   </trkpt>
   <trkpt lat="45.7975500" lon="4.7591560">
    <ele>272.4</ele>
    <time>2025-02-28T14:30:58Z</time>
   </trkpt>
   <trkpt lat="45.7975270" lon="4.7591220">
    <ele>272.6</ele>
    <time>2025-02-28T14:30:59Z</time>
   </trkpt>
   <trkpt lat="45.7975140" lon="4.7590800">
    <ele>272.8</ele>
    <time>2025-02-28T14:31:00Z</time>
   </trkpt>
   <trkpt lat="45.7975170" lon="4.7590660">
    <ele>272.8</ele>
    <time>2025-02-28T14:31:01Z</time>
   </trkpt>
   <trkpt lat="45.7975210" lon="4.7590280">
    <ele>273.0</ele>
    <time>2025-02-28T14:31:02Z</time>
   </trkpt>
   <trkpt lat="45.7975280" lon="4.7589840">
    <ele>273.1</ele>
    <time>2025-02-28T14:31:03Z</time>
   </trkpt>
   <trkpt lat="45.7975320" lon="4.7589450">
    <ele>273.3</ele>
    <time>2025-02-28T14:31:04Z</time>
   </trkpt>
   <trkpt lat="45.7975560" lon="4.7589040">
    <ele>273.5</ele>
    <time>2025-02-28T14:31:05Z</time>
   </trkpt>
   <trkpt lat="45.7975640" lon="4.7588910">
    <ele>273.6</ele>
    <time>2025-02-28T14:31:06Z</time>
   </trkpt>
   <trkpt lat="45.7975740" lon="4.7588510">
    <ele>273.7</ele>
    <time>2025-02-28T14:31:07Z</time>
   </trkpt>
   <trkpt lat="45.7975890" lon="4.7588150">
    <ele>273.9</ele>
    <time>2025-02-28T14:31:08Z</time>
   </trkpt>
   <trkpt lat="45.7975940" lon="4.7587590">
    <ele>274.1</ele>
    <time>2025-02-28T14:31:09Z</time>
   </trkpt>
   <trkpt lat="45.7975910" lon="4.7587380">
    <ele>274.2</ele>
    <time>2025-02-28T14:31:10Z</time>
   </trkpt>
   <trkpt lat="45.7975890" lon="4.7586930">
    <ele>274.3</ele>
    <time>2025-02-28T14:31:11Z</time>
   </trkpt>
   <trkpt lat="45.7975900" lon="4.7586720">
    <ele>274.4</ele>
    <time>2025-02-28T14:31:12Z</time>
   </trkpt>
   <trkpt lat="45.7975880" lon="4.7586320">
    <ele>274.6</ele>
    <time>2025-02-28T14:31:13Z</time>
   </trkpt>
   <trkpt lat="45.7975920" lon="4.7585790">
    <ele>274.9</ele>
    <time>2025-02-28T14:31:14Z</time>
   </trkpt>
   <trkpt lat="45.7975980" lon="4.7585600">
    <ele>275.0</ele>
    <time>2025-02-28T14:31:15Z</time>
   </trkpt>
   <trkpt lat="45.7976040" lon="4.7585160">
    <ele>275.2</ele>
    <time>2025-02-28T14:31:16Z</time>
   </trkpt>
   <trkpt lat="45.7976280" lon="4.7584830">
    <ele>275.4</ele>
    <time>2025-02-28T14:31:17Z</time>
   </trkpt>
   <trkpt lat="45.7976430" lon="4.7584450">
    <ele>275.6</ele>
    <time>2025-02-28T14:31:18Z</time>
   </trkpt>
   <trkpt lat="45.7976500" lon="4.7584020">
    <ele>275.8</ele>
    <time>2025-02-28T14:31:19Z</time>
   </trkpt>
   <trkpt lat="45.7976700" lon="4.7583690">
    <ele>276.1</ele>
    <time>2025-02-28T14:31:20Z</time>
   </trkpt>
   <trkpt lat="45.7976720" lon="4.7583120">
    <ele>276.4</ele>
    <time>2025-02-28T14:31:21Z</time>
   </trkpt>
   <trkpt lat="45.7976720" lon="4.7582910">
    <ele>276.5</ele>
    <time>2025-02-28T14:31:22Z</time>
   </trkpt>
   <trkpt lat="45.7976860" lon="4.7582500">
    <ele>276.7</ele>
    <time>2025-02-28T14:31:23Z</time>
   </trkpt>
   <trkpt lat="45.7976930" lon="4.7582370">
    <ele>276.8</ele>
    <time>2025-02-28T14:31:24Z</time>
   </trkpt>
   <trkpt lat="45.7977030" lon="4.7581980">
    <ele>277.0</ele>
    <time>2025-02-28T14:31:25Z</time>
   </trkpt>
   <trkpt lat="45.7977200" lon="4.7581560">
    <ele>277.3</ele>
    <time>2025-02-28T14:31:26Z</time>
   </trkpt>
   <trkpt lat="45.7977250" lon="4.7581470">
    <ele>277.3</ele>
    <time>2025-02-28T14:31:27Z</time>
   </trkpt>
   <trkpt lat="45.7977290" lon="4.7581010">
    <ele>277.6</ele>
    <time>2025-02-28T14:31:28Z</time>
   </trkpt>
   <trkpt lat="45.7977320" lon="4.7580900">
    <ele>277.7</ele>
    <time>2025-02-28T14:31:29Z</time>
   </trkpt>
   <trkpt lat="45.7977530" lon="4.7580520">
    <ele>277.9</ele>
    <time>2025-02-28T14:31:30Z</time>
   </trkpt>
   <trkpt lat="45.7977580" lon="4.7580360">
    <ele>278.0</ele>
    <time>2025-02-28T14:31:31Z</time>
   </trkpt>
   <trkpt lat="45.7977760" lon="4.7580080">
    <ele>278.2</ele>
    <time>2025-02-28T14:31:32Z</time>
   </trkpt>
   <trkpt lat="45.7978060" lon="4.7579710">
    <ele>278.5</ele>
    <time>2025-02-28T14:31:33Z</time>
   </trkpt>
   <trkpt lat="45.7978120" lon="4.7579520">
    <ele>278.6</ele>
    <time>2025-02-28T14:31:34Z</time>
   </trkpt>
   <trkpt lat="45.7978310" lon="4.7579080">
    <ele>278.9</ele>
    <time>2025-02-28T14:31:35Z</time>
   </trkpt>
   <trkpt lat="45.7978390" lon="4.7578940">
    <ele>279.0</ele>
    <time>2025-02-28T14:31:36Z</time>
   </trkpt>
   <trkpt lat="45.7978580" lon="4.7578520">
    <ele>279.3</ele>
    <time>2025-02-28T14:31:37Z</time>
   </trkpt>
   <trkpt lat="45.7978640" lon="4.7578330">
    <ele>279.4</ele>
    <time>2025-02-28T14:31:38Z</time>
   </trkpt>
   <trkpt lat="45.7978770" lon="4.7577970">
    <ele>279.6</ele>
    <time>2025-02-28T14:31:39Z</time>
   </trkpt>
   <trkpt lat="45.7979040" lon="4.7577610">
    <ele>279.9</ele>
    <time>2025-02-28T14:31:40Z</time>
   </trkpt>
   <trkpt lat="45.7979130" lon="4.7577460">
    <ele>280.0</ele>
    <time>2025-02-28T14:31:41Z</time>
   </trkpt>
   <trkpt lat="45.7979300" lon="4.7577030">
    <ele>280.2</ele>
    <time>2025-02-28T14:31:42Z</time>
   </trkpt>
   <trkpt lat="45.7979350" lon="4.7576880">
    <ele>280.3</ele>
    <time>2025-02-28T14:31:43Z</time>
   </trkpt>
   <trkpt lat="45.7979550" lon="4.7576540">
    <ele>280.6</ele>
    <time>2025-02-28T14:31:44Z</time>
   </trkpt>
   <trkpt lat="45.7979740" lon="4.7576090">
    <ele>280.9</ele>
    <time>2025-02-28T14:31:45Z</time>
   </trkpt>
   <trkpt lat="45.7979840" lon="4.7575990">
    <ele>281.0</ele>
    <time>2025-02-28T14:31:46Z</time>
   </trkpt>
   <trkpt lat="45.7980040" lon="4.7575570">
    <ele>281.6</ele>
    <time>2025-02-28T14:31:47Z</time>
   </trkpt>
   <trkpt lat="45.7980080" lon="4.7575370">
    <ele>281.8</ele>
    <time>2025-02-28T14:31:48Z</time>
   </trkpt>
   <trkpt lat="45.7980330" lon="4.7575100">
    <ele>282.3</ele>
    <time>2025-02-28T14:31:49Z</time>
   </trkpt>
   <trkpt lat="45.7980390" lon="4.7575000">
    <ele>282.4</ele>
    <time>2025-02-28T14:31:50Z</time>
   </trkpt>
   <trkpt lat="45.7980570" lon="4.7574530">
    <ele>282.9</ele>
    <time>2025-02-28T14:31:51Z</time>
   </trkpt>
   <trkpt lat="45.7980660" lon="4.7574370">
    <ele>283.0</ele>
    <time>2025-02-28T14:31:52Z</time>
   </trkpt>
   <trkpt lat="45.7980720" lon="4.7573990">
    <ele>283.1</ele>
    <time>2025-02-28T14:31:53Z</time>
   </trkpt>
   <trkpt lat="45.7980850" lon="4.7573580">
    <ele>283.3</ele>
    <time>2025-02-28T14:31:54Z</time>
   </trkpt>
   <trkpt lat="45.7980870" lon="4.7573410">
    <ele>283.5</ele>
    <time>2025-02-28T14:31:55Z</time>
   </trkpt>
   <trkpt lat="45.7980980" lon="4.7572890">
    <ele>283.8</ele>
    <time>2025-02-28T14:31:57Z</time>
   </trkpt>
   <trkpt lat="45.7980970" lon="4.7572700">
    <ele>283.9</ele>
    <time>2025-02-28T14:31:58Z</time>
   </trkpt>
   <trkpt lat="45.7981190" lon="4.7572390">
    <ele>284.2</ele>
    <time>2025-02-28T14:31:59Z</time>
   </trkpt>
   <trkpt lat="45.7981430" lon="4.7572090">
    <ele>284.5</ele>
    <time>2025-02-28T14:32:00Z</time>
   </trkpt>
   <trkpt lat="45.7981710" lon="4.7571840">
    <ele>284.6</ele>
    <time>2025-02-28T14:32:01Z</time>
   </trkpt>
   <trkpt lat="45.7981820" lon="4.7571800">
    <ele>284.6</ele>
    <time>2025-02-28T14:32:02Z</time>
   </trkpt>
   <trkpt lat="45.7982040" lon="4.7571390">
    <ele>284.7</ele>
    <time>2025-02-28T14:32:03Z</time>
   </trkpt>
   <trkpt lat="45.7982120" lon="4.7570840">
    <ele>284.8</ele>
    <time>2025-02-28T14:32:04Z</time>
   </trkpt>
   <trkpt lat="45.7982150" lon="4.7570650">
    <ele>284.8</ele>
    <time>2025-02-28T14:32:05Z</time>
   </trkpt>
   <trkpt lat="45.7982380" lon="4.7570200">
    <ele>285.0</ele>
    <time>2025-02-28T14:32:06Z</time>
   </trkpt>
   <trkpt lat="45.7982480" lon="4.7570030">
    <ele>285.0</ele>
    <time>2025-02-28T14:32:07Z</time>
   </trkpt>
   <trkpt lat="45.7982800" lon="4.7569800">
    <ele>285.3</ele>
    <time>2025-02-28T14:32:08Z</time>
   </trkpt>
   <trkpt lat="45.7982930" lon="4.7569750">
    <ele>285.4</ele>
    <time>2025-02-28T14:32:09Z</time>
   </trkpt>
   <trkpt lat="45.7983140" lon="4.7569440">
    <ele>285.7</ele>
    <time>2025-02-28T14:32:10Z</time>
   </trkpt>
   <trkpt lat="45.7983440" lon="4.7569170">
    <ele>286.0</ele>
    <time>2025-02-28T14:32:11Z</time>
   </trkpt>
   <trkpt lat="45.7983440" lon="4.7568690">
    <ele>286.3</ele>
    <time>2025-02-28T14:32:12Z</time>
   </trkpt>
   <trkpt lat="45.7983580" lon="4.7568310">
    <ele>286.5</ele>
    <time>2025-02-28T14:32:13Z</time>
   </trkpt>
   <trkpt lat="45.7983710" lon="4.7567910">
    <ele>286.8</ele>
    <time>2025-02-28T14:32:14Z</time>
   </trkpt>
   <trkpt lat="45.7983730" lon="4.7567790">
    <ele>286.9</ele>
    <time>2025-02-28T14:32:15Z</time>
   </trkpt>
   <trkpt lat="45.7983800" lon="4.7567420">
    <ele>287.1</ele>
    <time>2025-02-28T14:32:16Z</time>
   </trkpt>
   <trkpt lat="45.7983830" lon="4.7567250">
    <ele>287.2</ele>
    <time>2025-02-28T14:32:17Z</time>
   </trkpt>
   <trkpt lat="45.7984070" lon="4.7567010">
    <ele>287.4</ele>
    <time>2025-02-28T14:32:18Z</time>
   </trkpt>
   <trkpt lat="45.7984140" lon="4.7566970">
    <ele>287.5</ele>
    <time>2025-02-28T14:32:19Z</time>
   </trkpt>
   <trkpt lat="45.7984340" lon="4.7566660">
    <ele>287.8</ele>
    <time>2025-02-28T14:32:20Z</time>
   </trkpt>
   <trkpt lat="45.7984330" lon="4.7566250">
    <ele>288.0</ele>
    <time>2025-02-28T14:32:21Z</time>
   </trkpt>
   <trkpt lat="45.7984560" lon="4.7566000">
    <ele>288.2</ele>
    <time>2025-02-28T14:32:22Z</time>
   </trkpt>
   <trkpt lat="45.7984700" lon="4.7566040">
    <ele>288.4</ele>
    <time>2025-02-28T14:32:23Z</time>
   </trkpt>
   <trkpt lat="45.7984990" lon="4.7565740">
    <ele>288.7</ele>
    <time>2025-02-28T14:32:24Z</time>
   </trkpt>
   <trkpt lat="45.7985080" lon="4.7565660">
    <ele>288.8</ele>
    <time>2025-02-28T14:32:25Z</time>
   </trkpt>
   <trkpt lat="45.7985230" lon="4.7565280">
    <ele>289.0</ele>
    <time>2025-02-28T14:32:26Z</time>
   </trkpt>
   <trkpt lat="45.7985310" lon="4.7565100">
    <ele>289.1</ele>
    <time>2025-02-28T14:32:27Z</time>
   </trkpt>
   <trkpt lat="45.7985480" lon="4.7564650">
    <ele>289.4</ele>
    <time>2025-02-28T14:32:28Z</time>
   </trkpt>
   <trkpt lat="45.7985510" lon="4.7564440">
    <ele>289.5</ele>
    <time>2025-02-28T14:32:29Z</time>
   </trkpt>
   <trkpt lat="45.7985620" lon="4.7563900">
    <ele>289.9</ele>
    <time>2025-02-28T14:32:30Z</time>
   </trkpt>
   <trkpt lat="45.7985670" lon="4.7563720">
    <ele>290.0</ele>
    <time>2025-02-28T14:32:31Z</time>
   </trkpt>
   <trkpt lat="45.7985820" lon="4.7563360">
    <ele>290.2</ele>
    <time>2025-02-28T14:32:32Z</time>
   </trkpt>
   <trkpt lat="45.7985880" lon="4.7563200">
    <ele>290.3</ele>
    <time>2025-02-28T14:32:33Z</time>
   </trkpt>
   <trkpt lat="45.7986040" lon="4.7562740">
    <ele>290.7</ele>
    <time>2025-02-28T14:32:34Z</time>
   </trkpt>
   <trkpt lat="45.7986090" lon="4.7562550">
    <ele>290.8</ele>
    <time>2025-02-28T14:32:35Z</time>
   </trkpt>
   <trkpt lat="45.7986270" lon="4.7562240">
    <ele>291.0</ele>
    <time>2025-02-28T14:32:36Z</time>
   </trkpt>
   <trkpt lat="45.7986420" lon="4.7561530">
    <ele>291.4</ele>
    <time>2025-02-28T14:32:37Z</time>
   </trkpt>
   <trkpt lat="45.7986450" lon="4.7560960">
    <ele>291.8</ele>
    <time>2025-02-28T14:32:38Z</time>
   </trkpt>
   <trkpt lat="45.7986430" lon="4.7560760">
    <ele>291.9</ele>
    <time>2025-02-28T14:32:39Z</time>
   </trkpt>
   <trkpt lat="45.7986550" lon="4.7560290">
    <ele>292.2</ele>
    <time>2025-02-28T14:32:40Z</time>
   </trkpt>
   <trkpt lat="45.7986580" lon="4.7560130">
    <ele>292.3</ele>
    <time>2025-02-28T14:32:41Z</time>
   </trkpt>
   <trkpt lat="45.7986590" lon="4.7559630">
    <ele>292.6</ele>
    <time>2025-02-28T14:32:42Z</time>
   </trkpt>
   <trkpt lat="45.7986620" lon="4.7559480">
    <ele>292.7</ele>
    <time>2025-02-28T14:32:43Z</time>
   </trkpt>
   <trkpt lat="45.7986760" lon="4.7559130">
    <ele>292.9</ele>
    <time>2025-02-28T14:32:44Z</time>
   </trkpt>
   <trkpt lat="45.7986880" lon="4.7558740">
    <ele>293.1</ele>
    <time>2025-02-28T14:32:45Z</time>
   </trkpt>
   <trkpt lat="45.7986890" lon="4.7558600">
    <ele>293.2</ele>
    <time>2025-02-28T14:32:46Z</time>
   </trkpt>
   <trkpt lat="45.7987070" lon="4.7558290">
    <ele>293.4</ele>
    <time>2025-02-28T14:32:47Z</time>
   </trkpt>
   <trkpt lat="45.7987180" lon="4.7557920">
    <ele>293.7</ele>
    <time>2025-02-28T14:32:48Z</time>
   </trkpt>
   <trkpt lat="45.7987250" lon="4.7557520">
    <ele>293.9</ele>
    <time>2025-02-28T14:32:49Z</time>
   </trkpt>
   <trkpt lat="45.7987250" lon="4.7557110">
    <ele>294.1</ele>
    <time>2025-02-28T14:32:50Z</time>
   </trkpt>
   <trkpt lat="45.7987140" lon="4.7556570">
    <ele>294.4</ele>
    <time>2025-02-28T14:32:51Z</time>
   </trkpt>
   <trkpt lat="45.7987070" lon="4.7556340">
    <ele>294.5</ele>
    <time>2025-02-28T14:32:52Z</time>
   </trkpt>
   <trkpt lat="45.7987040" lon="4.7555890">
    <ele>294.7</ele>
    <time>2025-02-28T14:32:53Z</time>
   </trkpt>
   <trkpt lat="45.7986860" lon="4.7555500">
    <ele>295.0</ele>
    <time>2025-02-28T14:32:54Z</time>
   </trkpt>
   <trkpt lat="45.7986830" lon="4.7555410">
    <ele>295.0</ele>
    <time>2025-02-28T14:32:55Z</time>
   </trkpt>
   <trkpt lat="45.7986560" lon="4.7555030">
    <ele>295.3</ele>
    <time>2025-02-28T14:32:56Z</time>
   </trkpt>
   <trkpt lat="45.7986470" lon="4.7554920">
    <ele>295.3</ele>
    <time>2025-02-28T14:32:57Z</time>
   </trkpt>
   <trkpt lat="45.7986390" lon="4.7554580">
    <ele>295.5</ele>
    <time>2025-02-28T14:32:58Z</time>
   </trkpt>
   <trkpt lat="45.7986280" lon="4.7554270">
    <ele>295.6</ele>
    <time>2025-02-28T14:33:00Z</time>
   </trkpt>
   <trkpt lat="45.7986270" lon="4.7553860">
    <ele>295.7</ele>
    <time>2025-02-28T14:33:01Z</time>
   </trkpt>
   <trkpt lat="45.7986140" lon="4.7553510">
    <ele>295.9</ele>
    <time>2025-02-28T14:33:02Z</time>
   </trkpt>
   <trkpt lat="45.7986020" lon="4.7552950">
    <ele>296.0</ele>
    <time>2025-02-28T14:33:03Z</time>
   </trkpt>
   <trkpt lat="45.7985960" lon="4.7552740">
    <ele>296.1</ele>
    <time>2025-02-28T14:33:04Z</time>
   </trkpt>
   <trkpt lat="45.7985820" lon="4.7552340">
    <ele>296.2</ele>
    <time>2025-02-28T14:33:05Z</time>
   </trkpt>
   <trkpt lat="45.7985660" lon="4.7551990">
    <ele>296.3</ele>
    <time>2025-02-28T14:33:06Z</time>
   </trkpt>
   <trkpt lat="45.7985530" lon="4.7551560">
    <ele>296.3</ele>
    <time>2025-02-28T14:33:07Z</time>
   </trkpt>
   <trkpt lat="45.7985510" lon="4.7551360">
    <ele>296.3</ele>
    <time>2025-02-28T14:33:08Z</time>
   </trkpt>
   <trkpt lat="45.7985400" lon="4.7550990">
    <ele>296.3</ele>
    <time>2025-02-28T14:33:09Z</time>
   </trkpt>
   <trkpt lat="45.7985250" lon="4.7550630">
    <ele>296.3</ele>
    <time>2025-02-28T14:33:10Z</time>
   </trkpt>
   <trkpt lat="45.7985140" lon="4.7550140">
    <ele>296.4</ele>
    <time>2025-02-28T14:33:11Z</time>
   </trkpt>
   <trkpt lat="45.7985140" lon="4.7549920">
    <ele>296.4</ele>
    <time>2025-02-28T14:33:12Z</time>
   </trkpt>
   <trkpt lat="45.7985140" lon="4.7549480">
    <ele>296.4</ele>
    <time>2025-02-28T14:33:13Z</time>
   </trkpt>
   <trkpt lat="45.7984950" lon="4.7549030">
    <ele>296.4</ele>
    <time>2025-02-28T14:33:14Z</time>
   </trkpt>
   <trkpt lat="45.7984840" lon="4.7548880">
    <ele>296.4</ele>
    <time>2025-02-28T14:33:15Z</time>
   </trkpt>
   <trkpt lat="45.7984560" lon="4.7548510">
    <ele>296.4</ele>
    <time>2025-02-28T14:33:16Z</time>
   </trkpt>
   <trkpt lat="45.7984430" lon="4.7548050">
    <ele>296.4</ele>
    <time>2025-02-28T14:33:17Z</time>
   </trkpt>
   <trkpt lat="45.7984550" lon="4.7547560">
    <ele>296.5</ele>
    <time>2025-02-28T14:33:18Z</time>
   </trkpt>
   <trkpt lat="45.7984610" lon="4.7547400">
    <ele>296.5</ele>
    <time>2025-02-28T14:33:19Z</time>
   </trkpt>
   <trkpt lat="45.7984790" lon="4.7546990">
    <ele>296.5</ele>
    <time>2025-02-28T14:33:20Z</time>
   </trkpt>
   <trkpt lat="45.7984950" lon="4.7546510">
    <ele>296.4</ele>
    <time>2025-02-28T14:33:21Z</time>
   </trkpt>
   <trkpt lat="45.7984990" lon="4.7546120">
    <ele>296.4</ele>
    <time>2025-02-28T14:33:22Z</time>
   </trkpt>
   <trkpt lat="45.7985160" lon="4.7545810">
    <ele>296.4</ele>
    <time>2025-02-28T14:33:23Z</time>
   </trkpt>
   <trkpt lat="45.7985250" lon="4.7545360">
    <ele>296.4</ele>
    <time>2025-02-28T14:33:24Z</time>
   </trkpt>
   <trkpt lat="45.7985370" lon="4.7544830">
    <ele>296.3</ele>
    <time>2025-02-28T14:33:25Z</time>
   </trkpt>
   <trkpt lat="45.7985410" lon="4.7544670">
    <ele>296.3</ele>
    <time>2025-02-28T14:33:26Z</time>
   </trkpt>
   <trkpt lat="45.7985620" lon="4.7544230">
    <ele>296.3</ele>
    <time>2025-02-28T14:33:27Z</time>
   </trkpt>
   <trkpt lat="45.7985700" lon="4.7543850">
    <ele>296.3</ele>
    <time>2025-02-28T14:33:28Z</time>
   </trkpt>
   <trkpt lat="45.7985880" lon="4.7543350">
    <ele>296.3</ele>
    <time>2025-02-28T14:33:29Z</time>
   </trkpt>
   <trkpt lat="45.7985890" lon="4.7543110">
    <ele>296.3</ele>
    <time>2025-02-28T14:33:30Z</time>
   </trkpt>
   <trkpt lat="45.7985900" lon="4.7542520">
    <ele>296.3</ele>
    <time>2025-02-28T14:33:31Z</time>
   </trkpt>
   <trkpt lat="45.7985900" lon="4.7542260">
    <ele>296.3</ele>
    <time>2025-02-28T14:33:32Z</time>
   </trkpt>
   <trkpt lat="45.7985980" lon="4.7541690">
    <ele>296.3</ele>
    <time>2025-02-28T14:33:33Z</time>
   </trkpt>
   <trkpt lat="45.7985940" lon="4.7541220">
    <ele>296.3</ele>
    <time>2025-02-28T14:33:34Z</time>
   </trkpt>
   <trkpt lat="45.7985920" lon="4.7540660">
    <ele>296.3</ele>
    <time>2025-02-28T14:33:35Z</time>
   </trkpt>
   <trkpt lat="45.7985890" lon="4.7540450">
    <ele>296.4</ele>
    <time>2025-02-28T14:33:36Z</time>
   </trkpt>
   <trkpt lat="45.7985850" lon="4.7539940">
    <ele>296.4</ele>
    <time>2025-02-28T14:33:37Z</time>
   </trkpt>
   <trkpt lat="45.7985820" lon="4.7539780">
    <ele>296.4</ele>
    <time>2025-02-28T14:33:38Z</time>
   </trkpt>
   <trkpt lat="45.7985830" lon="4.7539150">
    <ele>296.5</ele>
    <time>2025-02-28T14:33:39Z</time>
   </trkpt>
   <trkpt lat="45.7985740" lon="4.7538560">
    <ele>296.6</ele>
    <time>2025-02-28T14:33:40Z</time>
   </trkpt>
   <trkpt lat="45.7985730" lon="4.7538330">
    <ele>296.6</ele>
    <time>2025-02-28T14:33:41Z</time>
   </trkpt>
   <trkpt lat="45.7985740" lon="4.7537930">
    <ele>296.7</ele>
    <time>2025-02-28T14:33:42Z</time>
   </trkpt>
   <trkpt lat="45.7985610" lon="4.7537380">
    <ele>296.8</ele>
    <time>2025-02-28T14:33:43Z</time>
   </trkpt>
   <trkpt lat="45.7985550" lon="4.7537180">
    <ele>296.8</ele>
    <time>2025-02-28T14:33:44Z</time>
   </trkpt>
   <trkpt lat="45.7985480" lon="4.7536630">
    <ele>296.9</ele>
    <time>2025-02-28T14:33:45Z</time>
   </trkpt>
   <trkpt lat="45.7985460" lon="4.7536470">
    <ele>296.9</ele>
    <time>2025-02-28T14:33:46Z</time>
   </trkpt>
   <trkpt lat="45.7985440" lon="4.7536000">
    <ele>297.0</ele>
    <time>2025-02-28T14:33:47Z</time>
   </trkpt>
   <trkpt lat="45.7985490" lon="4.7535580">
    <ele>297.1</ele>
    <time>2025-02-28T14:33:48Z</time>
   </trkpt>
   <trkpt lat="45.7985420" lon="4.7535110">
    <ele>297.1</ele>
    <time>2025-02-28T14:33:49Z</time>
   </trkpt>
   <trkpt lat="45.7985470" lon="4.7534690">
    <ele>297.2</ele>
    <time>2025-02-28T14:33:50Z</time>
   </trkpt>
   <trkpt lat="45.7985630" lon="4.7534360">
    <ele>297.3</ele>
    <time>2025-02-28T14:33:51Z</time>
   </trkpt>
   <trkpt lat="45.7985720" lon="4.7533930">
    <ele>297.3</ele>
    <time>2025-02-28T14:33:52Z</time>
   </trkpt>
   <trkpt lat="45.7985580" lon="4.7533360">
    <ele>297.4</ele>
    <time>2025-02-28T14:33:53Z</time>
   </trkpt>
   <trkpt lat="45.7985500" lon="4.7533110">
    <ele>297.5</ele>
    <time>2025-02-28T14:33:54Z</time>
   </trkpt>
   <trkpt lat="45.7985460" lon="4.7532680">
    <ele>297.5</ele>
    <time>2025-02-28T14:33:55Z</time>
   </trkpt>
   <trkpt lat="45.7985360" lon="4.7532250">
    <ele>297.6</ele>
    <time>2025-02-28T14:33:56Z</time>
   </trkpt>
   <trkpt lat="45.7985270" lon="4.7531800">
    <ele>297.6</ele>
    <time>2025-02-28T14:33:57Z</time>
   </trkpt>
   <trkpt lat="45.7985290" lon="4.7531610">
    <ele>297.7</ele>
    <time>2025-02-28T14:33:58Z</time>
   </trkpt>
   <trkpt lat="45.7985170" lon="4.7531060">
    <ele>297.7</ele>
    <time>2025-02-28T14:33:59Z</time>
   </trkpt>
   <trkpt lat="45.7985130" lon="4.7530890">
    <ele>297.7</ele>
    <time>2025-02-28T14:34:00Z</time>
   </trkpt>
   <trkpt lat="45.7985050" lon="4.7530510">
    <ele>297.8</ele>
    <time>2025-02-28T14:34:01Z</time>
   </trkpt>
   <trkpt lat="45.7985020" lon="4.7530100">
    <ele>297.8</ele>
    <time>2025-02-28T14:34:02Z</time>
   </trkpt>
   <trkpt lat="45.7985100" lon="4.7529800">
    <ele>297.8</ele>
    <time>2025-02-28T14:34:03Z</time>
   </trkpt>
   <trkpt lat="45.7985130" lon="4.7529690">
    <ele>297.9</ele>
    <time>2025-02-28T14:34:04Z</time>
   </trkpt>
   <trkpt lat="45.7985170" lon="4.7529410">
    <ele>297.9</ele>
    <time>2025-02-28T14:34:05Z</time>
   </trkpt>
   <trkpt lat="45.7985070" lon="4.7529140">
    <ele>297.9</ele>
    <time>2025-02-28T14:34:06Z</time>
   </trkpt>
   <trkpt lat="45.7984960" lon="4.7528880">
    <ele>297.9</ele>
    <time>2025-02-28T14:34:07Z</time>
   </trkpt>
   <trkpt lat="45.7984590" lon="4.7528600">
    <ele>297.9</ele>
    <time>2025-02-28T14:34:08Z</time>
   </trkpt>
   <trkpt lat="45.7984400" lon="4.7528540">
    <ele>297.9</ele>
    <time>2025-02-28T14:34:09Z</time>
   </trkpt>
   <trkpt lat="45.7984070" lon="4.7528440">
    <ele>297.9</ele>
    <time>2025-02-28T14:34:10Z</time>
   </trkpt>
   <trkpt lat="45.7983740" lon="4.7528250">
    <ele>297.9</ele>
    <time>2025-02-28T14:34:11Z</time>
   </trkpt>
   <trkpt lat="45.7983370" lon="4.7528340">
    <ele>297.9</ele>
    <time>2025-02-28T14:34:12Z</time>
   </trkpt>
   <trkpt lat="45.7983220" lon="4.7528370">
    <ele>297.9</ele>
    <time>2025-02-28T14:34:13Z</time>
   </trkpt>
   <trkpt lat="45.7982910" lon="4.7528270">
    <ele>297.9</ele>
    <time>2025-02-28T14:34:14Z</time>
   </trkpt>
   <trkpt lat="45.7982620" lon="4.7528300">
    <ele>297.9</ele>
    <time>2025-02-28T14:34:15Z</time>
   </trkpt>
   <trkpt lat="45.7982290" lon="4.7528180">
    <ele>297.9</ele>
    <time>2025-02-28T14:34:16Z</time>
   </trkpt>
   <trkpt lat="45.7982160" lon="4.7528170">
    <ele>297.9</ele>
    <time>2025-02-28T14:34:17Z</time>
   </trkpt>
   <trkpt lat="45.7981860" lon="4.7528170">
    <ele>297.9</ele>
    <time>2025-02-28T14:34:18Z</time>
   </trkpt>
   <trkpt lat="45.7981530" lon="4.7528100">
    <ele>297.9</ele>
    <time>2025-02-28T14:34:19Z</time>
   </trkpt>
   <trkpt lat="45.7981170" lon="4.7528250">
    <ele>297.9</ele>
    <time>2025-02-28T14:34:20Z</time>
   </trkpt>
   <trkpt lat="45.7980900" lon="4.7528210">
    <ele>297.9</ele>
    <time>2025-02-28T14:34:21Z</time>
   </trkpt>
   <trkpt lat="45.7980520" lon="4.7528370">
    <ele>297.9</ele>
    <time>2025-02-28T14:34:22Z</time>
   </trkpt>
   <trkpt lat="45.7980370" lon="4.7528370">
    <ele>297.9</ele>
    <time>2025-02-28T14:34:23Z</time>
   </trkpt>
   <trkpt lat="45.7980050" lon="4.7528400">
    <ele>297.9</ele>
    <time>2025-02-28T14:34:24Z</time>
   </trkpt>
   <trkpt lat="45.7979640" lon="4.7528400">
    <ele>297.9</ele>
    <time>2025-02-28T14:34:25Z</time>
   </trkpt>
   <trkpt lat="45.7979490" lon="4.7528410">
    <ele>297.9</ele>
    <time>2025-02-28T14:34:26Z</time>
   </trkpt>
   <trkpt lat="45.7979190" lon="4.7528440">
    <ele>297.9</ele>
    <time>2025-02-28T14:34:27Z</time>
   </trkpt>
   <trkpt lat="45.7978850" lon="4.7528470">
    <ele>298.0</ele>
    <time>2025-02-28T14:34:28Z</time>
   </trkpt>
   <trkpt lat="45.7978540" lon="4.7528520">
    <ele>298.0</ele>
    <time>2025-02-28T14:34:29Z</time>
   </trkpt>
   <trkpt lat="45.7978250" lon="4.7528590">
    <ele>298.0</ele>
    <time>2025-02-28T14:34:30Z</time>
   </trkpt>
   <trkpt lat="45.7977870" lon="4.7528430">
    <ele>298.0</ele>
    <time>2025-02-28T14:34:31Z</time>
   </trkpt>
   <trkpt lat="45.7977560" lon="4.7528460">
    <ele>298.0</ele>
    <time>2025-02-28T14:34:32Z</time>
   </trkpt>
   <trkpt lat="45.7977430" lon="4.7528420">
    <ele>298.0</ele>
    <time>2025-02-28T14:34:33Z</time>
   </trkpt>
   <trkpt lat="45.7977080" lon="4.7528480">
    <ele>298.1</ele>
    <time>2025-02-28T14:34:34Z</time>
   </trkpt>
   <trkpt lat="45.7976740" lon="4.7528540">
    <ele>298.1</ele>
    <time>2025-02-28T14:34:35Z</time>
   </trkpt>
   <trkpt lat="45.7976400" lon="4.7528540">
    <ele>298.1</ele>
    <time>2025-02-28T14:34:36Z</time>
   </trkpt>
   <trkpt lat="45.7976120" lon="4.7528610">
    <ele>298.1</ele>
    <time>2025-02-28T14:34:37Z</time>
   </trkpt>
   <trkpt lat="45.7975770" lon="4.7528650">
    <ele>298.2</ele>
    <time>2025-02-28T14:34:38Z</time>
   </trkpt>
   <trkpt lat="45.7975620" lon="4.7528680">
    <ele>298.2</ele>
    <time>2025-02-28T14:34:39Z</time>
   </trkpt>
   <trkpt lat="45.7975340" lon="4.7528790">
    <ele>298.2</ele>
    <time>2025-02-28T14:34:40Z</time>
   </trkpt>
   <trkpt lat="45.7974970" lon="4.7528790">
    <ele>298.2</ele>
    <time>2025-02-28T14:34:41Z</time>
   </trkpt>
   <trkpt lat="45.7974700" lon="4.7528820">
    <ele>298.3</ele>
    <time>2025-02-28T14:34:42Z</time>
   </trkpt>
   <trkpt lat="45.7974430" lon="4.7528760">
    <ele>298.3</ele>
    <time>2025-02-28T14:34:43Z</time>
   </trkpt>
   <trkpt lat="45.7974030" lon="4.7528900">
    <ele>298.3</ele>
    <time>2025-02-28T14:34:44Z</time>
   </trkpt>
   <trkpt lat="45.7973860" lon="4.7528940">
    <ele>298.3</ele>
    <time>2025-02-28T14:34:45Z</time>
   </trkpt>
   <trkpt lat="45.7973500" lon="4.7529070">
    <ele>298.3</ele>
    <time>2025-02-28T14:34:46Z</time>
   </trkpt>
   <trkpt lat="45.7973130" lon="4.7529100">
    <ele>298.3</ele>
    <time>2025-02-28T14:34:47Z</time>
   </trkpt>
   <trkpt lat="45.7972710" lon="4.7529090">
    <ele>298.2</ele>
    <time>2025-02-28T14:34:48Z</time>
   </trkpt>
   <trkpt lat="45.7972520" lon="4.7529140">
    <ele>298.2</ele>
    <time>2025-02-28T14:34:49Z</time>
   </trkpt>
   <trkpt lat="45.7972140" lon="4.7529310">
    <ele>298.2</ele>
    <time>2025-02-28T14:34:50Z</time>
   </trkpt>
   <trkpt lat="45.7971960" lon="4.7529380">
    <ele>298.1</ele>
    <time>2025-02-28T14:34:51Z</time>
   </trkpt>
   <trkpt lat="45.7971660" lon="4.7529320">
    <ele>298.1</ele>
    <time>2025-02-28T14:34:52Z</time>
   </trkpt>
   <trkpt lat="45.7971220" lon="4.7529250">
    <ele>297.9</ele>
    <time>2025-02-28T14:34:53Z</time>
   </trkpt>
   <trkpt lat="45.7971050" lon="4.7529240">
    <ele>297.9</ele>
    <time>2025-02-28T14:34:54Z</time>
   </trkpt>
   <trkpt lat="45.7970750" lon="4.7529340">
    <ele>297.8</ele>
    <time>2025-02-28T14:34:55Z</time>
   </trkpt>
   <trkpt lat="45.7970460" lon="4.7529340">
    <ele>297.7</ele>
    <time>2025-02-28T14:34:56Z</time>
   </trkpt>
   <trkpt lat="45.7970080" lon="4.7529490">
    <ele>297.5</ele>
    <time>2025-02-28T14:34:57Z</time>
   </trkpt>
   <trkpt lat="45.7969950" lon="4.7529550">
    <ele>297.4</ele>
    <time>2025-02-28T14:34:58Z</time>
   </trkpt>
   <trkpt lat="45.7969610" lon="4.7529660">
    <ele>297.2</ele>
    <time>2025-02-28T14:34:59Z</time>
   </trkpt>
   <trkpt lat="45.7969500" lon="4.7529710">
    <ele>297.1</ele>
    <time>2025-02-28T14:35:00Z</time>
   </trkpt>
   <trkpt lat="45.7969180" lon="4.7529740">
    <ele>297.0</ele>
    <time>2025-02-28T14:35:01Z</time>
   </trkpt>
   <trkpt lat="45.7968740" lon="4.7530020">
    <ele>296.6</ele>
    <time>2025-02-28T14:35:02Z</time>
   </trkpt>
   <trkpt lat="45.7968530" lon="4.7530120">
    <ele>296.5</ele>
    <time>2025-02-28T14:35:03Z</time>
   </trkpt>
   <trkpt lat="45.7968180" lon="4.7530180">
    <ele>296.2</ele>
    <time>2025-02-28T14:35:04Z</time>
   </trkpt>
   <trkpt lat="45.7967780" lon="4.7530080">
    <ele>295.9</ele>
    <time>2025-02-28T14:35:05Z</time>
   </trkpt>
   <trkpt lat="45.7967410" lon="4.7530310">
    <ele>295.6</ele>
    <time>2025-02-28T14:35:06Z</time>
   </trkpt>
   <trkpt lat="45.7967040" lon="4.7530290">
    <ele>295.3</ele>
    <time>2025-02-28T14:35:07Z</time>
   </trkpt>
   <trkpt lat="45.7966880" lon="4.7530310">
    <ele>295.1</ele>
    <time>2025-02-28T14:35:08Z</time>
   </trkpt>
   <trkpt lat="45.7966540" lon="4.7530450">
    <ele>294.8</ele>
    <time>2025-02-28T14:35:09Z</time>
   </trkpt>
   <trkpt lat="45.7966140" lon="4.7530500">
    <ele>294.5</ele>
    <time>2025-02-28T14:35:10Z</time>
   </trkpt>
   <trkpt lat="45.7966000" lon="4.7530580">
    <ele>294.4</ele>
    <time>2025-02-28T14:35:11Z</time>
   </trkpt>
   <trkpt lat="45.7965650" lon="4.7530530">
    <ele>294.1</ele>
    <time>2025-02-28T14:35:12Z</time>
   </trkpt>
   <trkpt lat="45.7965380" lon="4.7530520">
    <ele>293.9</ele>
    <time>2025-02-28T14:35:13Z</time>
   </trkpt>
   <trkpt lat="45.7964950" lon="4.7530590">
    <ele>293.5</ele>
    <time>2025-02-28T14:35:14Z</time>
   </trkpt>
   <trkpt lat="45.7964610" lon="4.7530760">
    <ele>293.2</ele>
    <time>2025-02-28T14:35:15Z</time>
   </trkpt>
   <trkpt lat="45.7964260" lon="4.7530900">
    <ele>293.0</ele>
    <time>2025-02-28T14:35:16Z</time>
   </trkpt>
   <trkpt lat="45.7963860" lon="4.7531040">
    <ele>292.7</ele>
    <time>2025-02-28T14:35:17Z</time>
   </trkpt>
   <trkpt lat="45.7963650" lon="4.7531050">
    <ele>292.5</ele>
    <time>2025-02-28T14:35:18Z</time>
   </trkpt>
   <trkpt lat="45.7963230" lon="4.7531220">
    <ele>292.2</ele>
    <time>2025-02-28T14:35:19Z</time>
   </trkpt>
   <trkpt lat="45.7963050" lon="4.7531260">
    <ele>292.1</ele>
    <time>2025-02-28T14:35:20Z</time>
   </trkpt>
   <trkpt lat="45.7962710" lon="4.7531370">
    <ele>291.9</ele>
    <time>2025-02-28T14:35:21Z</time>
   </trkpt>
   <trkpt lat="45.7962390" lon="4.7531510">
    <ele>291.7</ele>
    <time>2025-02-28T14:35:22Z</time>
   </trkpt>
   <trkpt lat="45.7962040" lon="4.7531490">
    <ele>291.5</ele>
    <time>2025-02-28T14:35:23Z</time>
   </trkpt>
   <trkpt lat="45.7961690" lon="4.7531640">
    <ele>291.3</ele>
    <time>2025-02-28T14:35:24Z</time>
   </trkpt>
   <trkpt lat="45.7961390" lon="4.7531770">
    <ele>291.1</ele>
    <time>2025-02-28T14:35:25Z</time>
   </trkpt>
   <trkpt lat="45.7961010" lon="4.7531780">
    <ele>291.0</ele>
    <time>2025-02-28T14:35:26Z</time>
   </trkpt>
   <trkpt lat="45.7960700" lon="4.7532050">
    <ele>290.8</ele>
    <time>2025-02-28T14:35:27Z</time>
   </trkpt>
   <trkpt lat="45.7960360" lon="4.7532090">
    <ele>290.6</ele>
    <time>2025-02-28T14:35:28Z</time>
   </trkpt>
   <trkpt lat="45.7959940" lon="4.7532090">
    <ele>290.5</ele>
    <time>2025-02-28T14:35:29Z</time>
   </trkpt>
   <trkpt lat="45.7959760" lon="4.7532110">
    <ele>290.4</ele>
    <time>2025-02-28T14:35:30Z</time>
   </trkpt>
   <trkpt lat="45.7959400" lon="4.7532150">
    <ele>290.2</ele>
    <time>2025-02-28T14:35:31Z</time>
   </trkpt>
   <trkpt lat="45.7959040" lon="4.7532220">
    <ele>290.1</ele>
    <time>2025-02-28T14:35:32Z</time>
   </trkpt>
   <trkpt lat="45.7958740" lon="4.7532340">
    <ele>290.0</ele>
    <time>2025-02-28T14:35:33Z</time>
   </trkpt>
   <trkpt lat="45.7958470" lon="4.7532280">
    <ele>289.9</ele>
    <time>2025-02-28T14:35:34Z</time>
   </trkpt>
   <trkpt lat="45.7958130" lon="4.7532320">
    <ele>289.8</ele>
    <time>2025-02-28T14:35:35Z</time>
   </trkpt>
   <trkpt lat="45.7957780" lon="4.7532480">
    <ele>289.7</ele>
    <time>2025-02-28T14:35:36Z</time>
   </trkpt>
   <trkpt lat="45.7957480" lon="4.7532650">
    <ele>289.6</ele>
    <time>2025-02-28T14:35:37Z</time>
   </trkpt>
   <trkpt lat="45.7957150" lon="4.7532780">
    <ele>289.5</ele>
    <time>2025-02-28T14:35:38Z</time>
   </trkpt>
   <trkpt lat="45.7956790" lon="4.7532610">
    <ele>289.4</ele>
    <time>2025-02-28T14:35:39Z</time>
   </trkpt>
   <trkpt lat="45.7956460" lon="4.7532690">
    <ele>289.3</ele>
    <time>2025-02-28T14:35:40Z</time>
   </trkpt>
   <trkpt lat="45.7956130" lon="4.7532760">
    <ele>289.2</ele>
    <time>2025-02-28T14:35:41Z</time>
   </trkpt>
   <trkpt lat="45.7955850" lon="4.7532960">
    <ele>289.2</ele>
    <time>2025-02-28T14:35:42Z</time>
   </trkpt>
   <trkpt lat="45.7955560" lon="4.7532830">
    <ele>289.1</ele>
    <time>2025-02-28T14:35:43Z</time>
   </trkpt>
   <trkpt lat="45.7955230" lon="4.7532690">
    <ele>289.0</ele>
    <time>2025-02-28T14:35:44Z</time>
   </trkpt>
   <trkpt lat="45.7954860" lon="4.7532720">
    <ele>288.9</ele>
    <time>2025-02-28T14:35:45Z</time>
   </trkpt>
   <trkpt lat="45.7954500" lon="4.7532590">
    <ele>288.8</ele>
    <time>2025-02-28T14:35:46Z</time>
   </trkpt>
   <trkpt lat="45.7954080" lon="4.7532630">
    <ele>288.7</ele>
    <time>2025-02-28T14:35:47Z</time>
   </trkpt>
   <trkpt lat="45.7953820" lon="4.7532440">
    <ele>288.7</ele>
    <time>2025-02-28T14:35:48Z</time>
   </trkpt>
   <trkpt lat="45.7953450" lon="4.7532360">
    <ele>288.6</ele>
    <time>2025-02-28T14:35:49Z</time>
   </trkpt>
   <trkpt lat="45.7953120" lon="4.7532090">
    <ele>288.4</ele>
    <time>2025-02-28T14:35:50Z</time>
   </trkpt>
   <trkpt lat="45.7952860" lon="4.7531840">
    <ele>288.4</ele>
    <time>2025-02-28T14:35:51Z</time>
   </trkpt>
   <trkpt lat="45.7952640" lon="4.7531580">
    <ele>288.3</ele>
    <time>2025-02-28T14:35:52Z</time>
   </trkpt>
   <trkpt lat="45.7952340" lon="4.7531310">
    <ele>288.2</ele>
    <time>2025-02-28T14:35:53Z</time>
   </trkpt>
   <trkpt lat="45.7951990" lon="4.7531170">
    <ele>288.1</ele>
    <time>2025-02-28T14:35:54Z</time>
   </trkpt>
   <trkpt lat="45.7951710" lon="4.7530960">
    <ele>288.0</ele>
    <time>2025-02-28T14:35:55Z</time>
   </trkpt>
   <trkpt lat="45.7951420" lon="4.7530640">
    <ele>287.9</ele>
    <time>2025-02-28T14:35:56Z</time>
   </trkpt>
   <trkpt lat="45.7951190" lon="4.7530330">
    <ele>287.7</ele>
    <time>2025-02-28T14:35:57Z</time>
   </trkpt>
   <trkpt lat="45.7950890" lon="4.7529990">
    <ele>287.6</ele>
    <time>2025-02-28T14:35:58Z</time>
   </trkpt>
   <trkpt lat="45.7950780" lon="4.7529880">
    <ele>287.6</ele>
    <time>2025-02-28T14:35:59Z</time>
   </trkpt>
   <trkpt lat="45.7950570" lon="4.7529500">
    <ele>287.4</ele>
    <time>2025-02-28T14:36:00Z</time>
   </trkpt>
   <trkpt lat="45.7950300" lon="4.7529270">
    <ele>287.3</ele>
    <time>2025-02-28T14:36:01Z</time>
   </trkpt>
   <trkpt lat="45.7949880" lon="4.7529200">
    <ele>287.1</ele>
    <time>2025-02-28T14:36:02Z</time>
   </trkpt>
   <trkpt lat="45.7949580" lon="4.7529020">
    <ele>286.9</ele>
    <time>2025-02-28T14:36:03Z</time>
   </trkpt>
   <trkpt lat="45.7949250" lon="4.7528800">
    <ele>286.8</ele>
    <time>2025-02-28T14:36:04Z</time>
   </trkpt>
   <trkpt lat="45.7948930" lon="4.7528760">
    <ele>286.6</ele>
    <time>2025-02-28T14:36:05Z</time>
   </trkpt>
   <trkpt lat="45.7948540" lon="4.7528560">
    <ele>286.4</ele>
    <time>2025-02-28T14:36:06Z</time>
   </trkpt>
   <trkpt lat="45.7948190" lon="4.7528270">
    <ele>286.2</ele>
    <time>2025-02-28T14:36:07Z</time>
   </trkpt>
   <trkpt lat="45.7948040" lon="4.7528190">
    <ele>286.2</ele>
    <time>2025-02-28T14:36:08Z</time>
   </trkpt>
   <trkpt lat="45.7947770" lon="4.7528070">
    <ele>286.0</ele>
    <time>2025-02-28T14:36:09Z</time>
   </trkpt>
   <trkpt lat="45.7947530" lon="4.7527770">
    <ele>285.9</ele>
    <time>2025-02-28T14:36:10Z</time>
   </trkpt>
   <trkpt lat="45.7947190" lon="4.7527420">
    <ele>285.7</ele>
    <time>2025-02-28T14:36:11Z</time>
   </trkpt>
   <trkpt lat="45.7946720" lon="4.7527360">
    <ele>285.6</ele>
    <time>2025-02-28T14:36:12Z</time>
   </trkpt>
   <trkpt lat="45.7946500" lon="4.7527360">
    <ele>285.5</ele>
    <time>2025-02-28T14:36:13Z</time>
   </trkpt>
   <trkpt lat="45.7946120" lon="4.7527290">
    <ele>285.3</ele>
    <time>2025-02-28T14:36:14Z</time>
   </trkpt>
   <trkpt lat="45.7945770" lon="4.7527280">
    <ele>285.2</ele>
    <time>2025-02-28T14:36:15Z</time>
   </trkpt>
   <trkpt lat="45.7945690" lon="4.7527170">
    <ele>285.2</ele>
    <time>2025-02-28T14:36:16Z</time>
   </trkpt>
   <trkpt lat="45.7945440" lon="4.7527080">
    <ele>285.1</ele>
    <time>2025-02-28T14:36:17Z</time>
   </trkpt>
   <trkpt lat="45.7945170" lon="4.7527020">
    <ele>285.0</ele>
    <time>2025-02-28T14:36:18Z</time>
   </trkpt>
   <trkpt lat="45.7944900" lon="4.7526900">
    <ele>284.8</ele>
    <time>2025-02-28T14:36:19Z</time>
   </trkpt>
   <trkpt lat="45.7944620" lon="4.7526770">
    <ele>284.7</ele>
    <time>2025-02-28T14:36:20Z</time>
   </trkpt>
   <trkpt lat="45.7944320" lon="4.7526730">
    <ele>284.6</ele>
    <time>2025-02-28T14:36:21Z</time>
   </trkpt>
   <trkpt lat="45.7943870" lon="4.7526740">
    <ele>284.5</ele>
    <time>2025-02-28T14:36:22Z</time>
   </trkpt>
   <trkpt lat="45.7943670" lon="4.7526690">
    <ele>284.4</ele>
    <time>2025-02-28T14:36:23Z</time>
   </trkpt>
   <trkpt lat="45.7943300" lon="4.7526550">
    <ele>284.3</ele>
    <time>2025-02-28T14:36:24Z</time>
   </trkpt>
   <trkpt lat="45.7943140" lon="4.7526550">
    <ele>284.2</ele>
    <time>2025-02-28T14:36:25Z</time>
   </trkpt>
   <trkpt lat="45.7942790" lon="4.7526570">
    <ele>284.1</ele>
    <time>2025-02-28T14:36:26Z</time>
   </trkpt>
   <trkpt lat="45.7942420" lon="4.7526630">
    <ele>284.0</ele>
    <time>2025-02-28T14:36:27Z</time>
   </trkpt>
   <trkpt lat="45.7941980" lon="4.7526730">
    <ele>283.9</ele>
    <time>2025-02-28T14:36:28Z</time>
   </trkpt>
   <trkpt lat="45.7941620" lon="4.7526790">
    <ele>283.8</ele>
    <time>2025-02-28T14:36:29Z</time>
   </trkpt>
   <trkpt lat="45.7941330" lon="4.7526630">
    <ele>283.8</ele>
    <time>2025-02-28T14:36:30Z</time>
   </trkpt>
   <trkpt lat="45.7940920" lon="4.7526730">
    <ele>283.7</ele>
    <time>2025-02-28T14:36:31Z</time>
   </trkpt>
   <trkpt lat="45.7940640" lon="4.7526730">
    <ele>283.6</ele>
    <time>2025-02-28T14:36:32Z</time>
   </trkpt>
   <trkpt lat="45.7940260" lon="4.7526720">
    <ele>283.6</ele>
    <time>2025-02-28T14:36:33Z</time>
   </trkpt>
   <trkpt lat="45.7939980" lon="4.7526600">
    <ele>283.5</ele>
    <time>2025-02-28T14:36:34Z</time>
   </trkpt>
   <trkpt lat="45.7939540" lon="4.7526580">
    <ele>283.5</ele>
    <time>2025-02-28T14:36:35Z</time>
   </trkpt>
   <trkpt lat="45.7939370" lon="4.7526580">
    <ele>283.5</ele>
    <time>2025-02-28T14:36:36Z</time>
   </trkpt>
   <trkpt lat="45.7939040" lon="4.7526500">
    <ele>283.5</ele>
    <time>2025-02-28T14:36:37Z</time>
   </trkpt>
   <trkpt lat="45.7938770" lon="4.7526290">
    <ele>283.4</ele>
    <time>2025-02-28T14:36:38Z</time>
   </trkpt>
   <trkpt lat="45.7938470" lon="4.7526060">
    <ele>283.4</ele>
    <time>2025-02-28T14:36:39Z</time>
   </trkpt>
   <trkpt lat="45.7938340" lon="4.7526010">
    <ele>283.4</ele>
    <time>2025-02-28T14:36:40Z</time>
   </trkpt>
   <trkpt lat="45.7938060" lon="4.7525840">
    <ele>283.4</ele>
    <time>2025-02-28T14:36:41Z</time>
   </trkpt>
   <trkpt lat="45.7937680" lon="4.7525780">
    <ele>283.3</ele>
    <time>2025-02-28T14:36:42Z</time>
   </trkpt>
   <trkpt lat="45.7937320" lon="4.7525690">
    <ele>283.3</ele>
    <time>2025-02-28T14:36:43Z</time>
   </trkpt>
   <trkpt lat="45.7937000" lon="4.7525560">
    <ele>283.2</ele>
    <time>2025-02-28T14:36:44Z</time>
   </trkpt>
   <trkpt lat="45.7936740" lon="4.7525480">
    <ele>283.2</ele>
    <time>2025-02-28T14:36:45Z</time>
   </trkpt>
   <trkpt lat="45.7936290" lon="4.7525290">
    <ele>283.1</ele>
    <time>2025-02-28T14:36:46Z</time>
   </trkpt>
   <trkpt lat="45.7936090" lon="4.7525250">
    <ele>283.1</ele>
    <time>2025-02-28T14:36:47Z</time>
   </trkpt>
   <trkpt lat="45.7935700" lon="4.7525110">
    <ele>283.1</ele>
    <time>2025-02-28T14:36:48Z</time>
   </trkpt>
   <trkpt lat="45.7935490" lon="4.7524970">
    <ele>283.1</ele>
    <time>2025-02-28T14:36:49Z</time>
   </trkpt>
   <trkpt lat="45.7935010" lon="4.7524920">
    <ele>283.0</ele>
    <time>2025-02-28T14:36:50Z</time>
   </trkpt>
   <trkpt lat="45.7934780" lon="4.7524930">
    <ele>283.0</ele>
    <time>2025-02-28T14:36:51Z</time>
   </trkpt>
   <trkpt lat="45.7934430" lon="4.7524870">
    <ele>283.0</ele>
    <time>2025-02-28T14:36:52Z</time>
   </trkpt>
   <trkpt lat="45.7934080" lon="4.7524880">
    <ele>283.0</ele>
    <time>2025-02-28T14:36:54Z</time>
   </trkpt>
   <trkpt lat="45.7933680" lon="4.7525000">
    <ele>283.0</ele>
    <time>2025-02-28T14:36:55Z</time>
   </trkpt>
   <trkpt lat="45.7933270" lon="4.7524910">
    <ele>283.0</ele>
    <time>2025-02-28T14:36:56Z</time>
   </trkpt>
   <trkpt lat="45.7933120" lon="4.7524820">
    <ele>283.0</ele>
    <time>2025-02-28T14:36:57Z</time>
   </trkpt>
   <trkpt lat="45.7932760" lon="4.7524690">
    <ele>282.9</ele>
    <time>2025-02-28T14:36:58Z</time>
   </trkpt>
   <trkpt lat="45.7932430" lon="4.7524620">
    <ele>282.9</ele>
    <time>2025-02-28T14:36:59Z</time>
   </trkpt>
   <trkpt lat="45.7932060" lon="4.7524440">
    <ele>282.9</ele>
    <time>2025-02-28T14:37:00Z</time>
   </trkpt>
   <trkpt lat="45.7931700" lon="4.7524390">
    <ele>282.9</ele>
    <time>2025-02-28T14:37:01Z</time>
   </trkpt>
   <trkpt lat="45.7931370" lon="4.7524330">
    <ele>282.8</ele>
    <time>2025-02-28T14:37:02Z</time>
   </trkpt>
   <trkpt lat="45.7930830" lon="4.7524670">
    <ele>282.7</ele>
    <time>2025-02-28T14:37:03Z</time>
   </trkpt>
   <trkpt lat="45.7930430" lon="4.7524720">
    <ele>282.7</ele>
    <time>2025-02-28T14:37:04Z</time>
   </trkpt>
   <trkpt lat="45.7930150" lon="4.7524700">
    <ele>282.6</ele>
    <time>2025-02-28T14:37:05Z</time>
   </trkpt>
   <trkpt lat="45.7929900" lon="4.7524410">
    <ele>282.6</ele>
    <time>2025-02-28T14:37:06Z</time>
   </trkpt>
   <trkpt lat="45.7929770" lon="4.7524360">
    <ele>282.5</ele>
    <time>2025-02-28T14:37:07Z</time>
   </trkpt>
   <trkpt lat="45.7929440" lon="4.7524370">
    <ele>282.5</ele>
    <time>2025-02-28T14:37:08Z</time>
   </trkpt>
   <trkpt lat="45.7929090" lon="4.7524340">
    <ele>282.3</ele>
    <time>2025-02-28T14:37:09Z</time>
   </trkpt>
   <trkpt lat="45.7928720" lon="4.7524300">
    <ele>282.2</ele>
    <time>2025-02-28T14:37:10Z</time>
   </trkpt>
   <trkpt lat="45.7928340" lon="4.7524180">
    <ele>282.0</ele>
    <time>2025-02-28T14:37:11Z</time>
   </trkpt>
   <trkpt lat="45.7928060" lon="4.7524180">
    <ele>281.8</ele>
    <time>2025-02-28T14:37:12Z</time>
   </trkpt>
   <trkpt lat="45.7927770" lon="4.7524090">
    <ele>281.6</ele>
    <time>2025-02-28T14:37:13Z</time>
   </trkpt>
   <trkpt lat="45.7927340" lon="4.7524230">
    <ele>281.3</ele>
    <time>2025-02-28T14:37:14Z</time>
   </trkpt>
   <trkpt lat="45.7926890" lon="4.7524130">
    <ele>280.9</ele>
    <time>2025-02-28T14:37:15Z</time>
   </trkpt>
   <trkpt lat="45.7926650" lon="4.7524130">
    <ele>280.7</ele>
    <time>2025-02-28T14:37:16Z</time>
   </trkpt>
   <trkpt lat="45.7926280" lon="4.7523820">
    <ele>280.2</ele>
    <time>2025-02-28T14:37:17Z</time>
   </trkpt>
   <trkpt lat="45.7926020" lon="4.7523590">
    <ele>279.9</ele>
    <time>2025-02-28T14:37:18Z</time>
   </trkpt>
   <trkpt lat="45.7925730" lon="4.7523290">
    <ele>279.2</ele>
    <time>2025-02-28T14:37:19Z</time>
   </trkpt>
   <trkpt lat="45.7925600" lon="4.7522850">
    <ele>278.6</ele>
    <time>2025-02-28T14:37:20Z</time>
   </trkpt>
   <trkpt lat="45.7925180" lon="4.7522560">
    <ele>277.7</ele>
    <time>2025-02-28T14:37:21Z</time>
   </trkpt>
   <trkpt lat="45.7924900" lon="4.7522390">
    <ele>277.1</ele>
    <time>2025-02-28T14:37:22Z</time>
   </trkpt>
   <trkpt lat="45.7924620" lon="4.7521990">
    <ele>276.3</ele>
    <time>2025-02-28T14:37:23Z</time>
   </trkpt>
   <trkpt lat="45.7924280" lon="4.7521850">
    <ele>275.5</ele>
    <time>2025-02-28T14:37:24Z</time>
   </trkpt>
   <trkpt lat="45.7923920" lon="4.7521500">
    <ele>274.6</ele>
    <time>2025-02-28T14:37:25Z</time>
   </trkpt>
   <trkpt lat="45.7923470" lon="4.7521150">
    <ele>273.5</ele>
    <time>2025-02-28T14:37:26Z</time>
   </trkpt>
   <trkpt lat="45.7923180" lon="4.7520830">
    <ele>272.7</ele>
    <time>2025-02-28T14:37:27Z</time>
   </trkpt>
   <trkpt lat="45.7922960" lon="4.7520580">
    <ele>272.1</ele>
    <time>2025-02-28T14:37:28Z</time>
   </trkpt>
   <trkpt lat="45.7922390" lon="4.7520600">
    <ele>271.5</ele>
    <time>2025-02-28T14:37:29Z</time>
   </trkpt>
   <trkpt lat="45.7921870" lon="4.7520590">
    <ele>270.9</ele>
    <time>2025-02-28T14:37:30Z</time>
   </trkpt>
   <trkpt lat="45.7921540" lon="4.7520410">
    <ele>270.1</ele>
    <time>2025-02-28T14:37:31Z</time>
   </trkpt>
   <trkpt lat="45.7921150" lon="4.7520320">
    <ele>269.1</ele>
    <time>2025-02-28T14:37:32Z</time>
   </trkpt>
   <trkpt lat="45.7920770" lon="4.7520260">
    <ele>268.1</ele>
    <time>2025-02-28T14:37:33Z</time>
   </trkpt>
   <trkpt lat="45.7920600" lon="4.7520230">
    <ele>267.7</ele>
    <time>2025-02-28T14:37:34Z</time>
   </trkpt>
   <trkpt lat="45.7920400" lon="4.7519920">
    <ele>266.9</ele>
    <time>2025-02-28T14:37:35Z</time>
   </trkpt>
   <trkpt lat="45.7920040" lon="4.7519830">
    <ele>265.9</ele>
    <time>2025-02-28T14:37:36Z</time>
   </trkpt>
   <trkpt lat="45.7919870" lon="4.7519810">
    <ele>265.4</ele>
    <time>2025-02-28T14:37:37Z</time>
   </trkpt>
   <trkpt lat="45.7919530" lon="4.7519560">
    <ele>264.3</ele>
    <time>2025-02-28T14:37:38Z</time>
   </trkpt>
   <trkpt lat="45.7919380" lon="4.7519420">
    <ele>263.8</ele>
    <time>2025-02-28T14:37:39Z</time>
   </trkpt>
   <trkpt lat="45.7919010" lon="4.7519120">
    <ele>262.6</ele>
    <time>2025-02-28T14:37:40Z</time>
   </trkpt>
   <trkpt lat="45.7918830" lon="4.7519070">
    <ele>262.1</ele>
    <time>2025-02-28T14:37:41Z</time>
   </trkpt>
   <trkpt lat="45.7918470" lon="4.7519150">
    <ele>261.3</ele>
    <time>2025-02-28T14:37:42Z</time>
   </trkpt>
   <trkpt lat="45.7918110" lon="4.7519100">
    <ele>260.4</ele>
    <time>2025-02-28T14:37:43Z</time>
   </trkpt>
   <trkpt lat="45.7918010" lon="4.7519050">
    <ele>260.1</ele>
    <time>2025-02-28T14:37:44Z</time>
   </trkpt>
   <trkpt lat="45.7917700" lon="4.7518910">
    <ele>259.3</ele>
    <time>2025-02-28T14:37:45Z</time>
   </trkpt>
   <trkpt lat="45.7917220" lon="4.7518950">
    <ele>258.2</ele>
    <time>2025-02-28T14:37:46Z</time>
   </trkpt>
   <trkpt lat="45.7916990" lon="4.7518930">
    <ele>257.6</ele>
    <time>2025-02-28T14:37:47Z</time>
   </trkpt>
   <trkpt lat="45.7916610" lon="4.7518770">
    <ele>256.7</ele>
    <time>2025-02-28T14:37:48Z</time>
   </trkpt>
   <trkpt lat="45.7916260" lon="4.7518510">
    <ele>255.7</ele>
    <time>2025-02-28T14:37:49Z</time>
   </trkpt>
   <trkpt lat="45.7916140" lon="4.7518430">
    <ele>255.4</ele>
    <time>2025-02-28T14:37:50Z</time>
   </trkpt>
   <trkpt lat="45.7915870" lon="4.7518210">
    <ele>254.7</ele>
    <time>2025-02-28T14:37:51Z</time>
   </trkpt>
   <trkpt lat="45.7915660" lon="4.7517880">
    <ele>254.0</ele>
    <time>2025-02-28T14:37:52Z</time>
   </trkpt>
   <trkpt lat="45.7915150" lon="4.7517850">
    <ele>252.9</ele>
    <time>2025-02-28T14:37:53Z</time>
   </trkpt>
   <trkpt lat="45.7914710" lon="4.7518120">
    <ele>252.1</ele>
    <time>2025-02-28T14:37:54Z</time>
   </trkpt>
   <trkpt lat="45.7914370" lon="4.7518210">
    <ele>251.5</ele>
    <time>2025-02-28T14:37:55Z</time>
   </trkpt>
   <trkpt lat="45.7914060" lon="4.7518280">
    <ele>251.0</ele>
    <time>2025-02-28T14:37:56Z</time>
   </trkpt>
   <trkpt lat="45.7913940" lon="4.7518300">
    <ele>250.8</ele>
    <time>2025-02-28T14:37:57Z</time>
   </trkpt>
   <trkpt lat="45.7913650" lon="4.7518040">
    <ele>250.2</ele>
    <time>2025-02-28T14:37:58Z</time>
   </trkpt>
   <trkpt lat="45.7913290" lon="4.7517880">
    <ele>249.6</ele>
    <time>2025-02-28T14:37:59Z</time>
   </trkpt>
   <trkpt lat="45.7913190" lon="4.7517780">
    <ele>249.5</ele>
    <time>2025-02-28T14:38:00Z</time>
   </trkpt>
   <trkpt lat="45.7913020" lon="4.7517580">
    <ele>249.1</ele>
    <time>2025-02-28T14:38:01Z</time>
   </trkpt>
   <trkpt lat="45.7912870" lon="4.7517650">
    <ele>248.9</ele>
    <time>2025-02-28T14:38:02Z</time>
   </trkpt>
   <trkpt lat="45.7913360" lon="4.7515840">
    <ele>249.0</ele>
    <time>2025-02-28T14:38:18Z</time>
   </trkpt>
   <trkpt lat="45.7913490" lon="4.7515610">
    <ele>249.0</ele>
    <time>2025-02-28T14:38:19Z</time>
   </trkpt>
   <trkpt lat="45.7913700" lon="4.7515290">
    <ele>249.0</ele>
    <time>2025-02-28T14:38:20Z</time>
   </trkpt>
   <trkpt lat="45.7913870" lon="4.7514770">
    <ele>249.0</ele>
    <time>2025-02-28T14:38:21Z</time>
   </trkpt>
   <trkpt lat="45.7913960" lon="4.7514530">
    <ele>249.0</ele>
    <time>2025-02-28T14:38:22Z</time>
   </trkpt>
   <trkpt lat="45.7914170" lon="4.7514130">
    <ele>249.0</ele>
    <time>2025-02-28T14:38:23Z</time>
   </trkpt>
   <trkpt lat="45.7914320" lon="4.7513630">
    <ele>249.1</ele>
    <time>2025-02-28T14:38:24Z</time>
   </trkpt>
   <trkpt lat="45.7914450" lon="4.7513270">
    <ele>249.1</ele>
    <time>2025-02-28T14:38:25Z</time>
   </trkpt>
   <trkpt lat="45.7914600" lon="4.7512870">
    <ele>249.2</ele>
    <time>2025-02-28T14:38:26Z</time>
   </trkpt>
   <trkpt lat="45.7914740" lon="4.7512520">
    <ele>249.2</ele>
    <time>2025-02-28T14:38:27Z</time>
   </trkpt>
   <trkpt lat="45.7914910" lon="4.7512180">
    <ele>249.3</ele>
    <time>2025-02-28T14:38:28Z</time>
   </trkpt>
   <trkpt lat="45.7915140" lon="4.7511830">
    <ele>249.3</ele>
    <time>2025-02-28T14:38:29Z</time>
   </trkpt>
   <trkpt lat="45.7915370" lon="4.7511600">
    <ele>249.4</ele>
    <time>2025-02-28T14:38:30Z</time>
   </trkpt>
   <trkpt lat="45.7915650" lon="4.7511040">
    <ele>249.5</ele>
    <time>2025-02-28T14:38:31Z</time>
   </trkpt>
   <trkpt lat="45.7915890" lon="4.7510690">
    <ele>249.6</ele>
    <time>2025-02-28T14:38:32Z</time>
   </trkpt>
   <trkpt lat="45.7916000" lon="4.7510320">
    <ele>249.6</ele>
    <time>2025-02-28T14:38:33Z</time>
   </trkpt>
   <trkpt lat="45.7915880" lon="4.7509960">
    <ele>249.6</ele>
    <time>2025-02-28T14:38:34Z</time>
   </trkpt>
   <trkpt lat="45.7915820" lon="4.7509440">
    <ele>249.7</ele>
    <time>2025-02-28T14:38:35Z</time>
   </trkpt>
   <trkpt lat="45.7915730" lon="4.7508860">
    <ele>249.9</ele>
    <time>2025-02-28T14:38:36Z</time>
   </trkpt>
   <trkpt lat="45.7915690" lon="4.7508360">
    <ele>250.0</ele>
    <time>2025-02-28T14:38:37Z</time>
   </trkpt>
   <trkpt lat="45.7915520" lon="4.7507830">
    <ele>250.2</ele>
    <time>2025-02-28T14:38:38Z</time>
   </trkpt>
   <trkpt lat="45.7915490" lon="4.7507620">
    <ele>250.3</ele>
    <time>2025-02-28T14:38:39Z</time>
   </trkpt>
   <trkpt lat="45.7915430" lon="4.7507230">
    <ele>250.5</ele>
    <time>2025-02-28T14:38:40Z</time>
   </trkpt>
   <trkpt lat="45.7915290" lon="4.7506800">
    <ele>250.6</ele>
    <time>2025-02-28T14:38:41Z</time>
   </trkpt>
   <trkpt lat="45.7915350" lon="4.7506370">
    <ele>250.8</ele>
    <time>2025-02-28T14:38:42Z</time>
   </trkpt>
   <trkpt lat="45.7915450" lon="4.7505860">
    <ele>251.0</ele>
    <time>2025-02-28T14:38:43Z</time>
   </trkpt>
   <trkpt lat="45.7915460" lon="4.7505680">
    <ele>251.1</ele>
    <time>2025-02-28T14:38:44Z</time>
   </trkpt>
   <trkpt lat="45.7915490" lon="4.7505110">
    <ele>251.4</ele>
    <time>2025-02-28T14:38:45Z</time>
   </trkpt>
   <trkpt lat="45.7915490" lon="4.7504870">
    <ele>251.5</ele>
    <time>2025-02-28T14:38:46Z</time>
   </trkpt>
   <trkpt lat="45.7915520" lon="4.7504410">
    <ele>251.6</ele>
    <time>2025-02-28T14:38:47Z</time>
   </trkpt>
   <trkpt lat="45.7915480" lon="4.7503790">
    <ele>251.9</ele>
    <time>2025-02-28T14:38:48Z</time>
   </trkpt>
   <trkpt lat="45.7915500" lon="4.7503340">
    <ele>252.1</ele>
    <time>2025-02-28T14:38:49Z</time>
   </trkpt>
   <trkpt lat="45.7915550" lon="4.7502880">
    <ele>252.2</ele>
    <time>2025-02-28T14:38:50Z</time>
   </trkpt>
   <trkpt lat="45.7915630" lon="4.7502510">
    <ele>252.3</ele>
    <time>2025-02-28T14:38:51Z</time>
   </trkpt>
   <trkpt lat="45.7915790" lon="4.7502060">
    <ele>252.5</ele>
    <time>2025-02-28T14:38:52Z</time>
   </trkpt>
   <trkpt lat="45.7916050" lon="4.7501710">
    <ele>252.6</ele>
    <time>2025-02-28T14:38:53Z</time>
   </trkpt>
   <trkpt lat="45.7916040" lon="4.7501320">
    <ele>252.7</ele>
    <time>2025-02-28T14:38:54Z</time>
   </trkpt>
   <trkpt lat="45.7916120" lon="4.7500910">
    <ele>252.8</ele>
    <time>2025-02-28T14:38:55Z</time>
   </trkpt>
   <trkpt lat="45.7916310" lon="4.7500600">
    <ele>252.9</ele>
    <time>2025-02-28T14:38:56Z</time>
   </trkpt>
   <trkpt lat="45.7916420" lon="4.7500190">
    <ele>253.0</ele>
    <time>2025-02-28T14:38:57Z</time>
   </trkpt>
   <trkpt lat="45.7916450" lon="4.7499640">
    <ele>253.1</ele>
    <time>2025-02-28T14:38:58Z</time>
   </trkpt>
   <trkpt lat="45.7916450" lon="4.7499430">
    <ele>253.2</ele>
    <time>2025-02-28T14:38:59Z</time>
   </trkpt>
   <trkpt lat="45.7916610" lon="4.7498920">
    <ele>253.4</ele>
    <time>2025-02-28T14:39:00Z</time>
   </trkpt>
   <trkpt lat="45.7916660" lon="4.7498720">
    <ele>253.4</ele>
    <time>2025-02-28T14:39:01Z</time>
   </trkpt>
   <trkpt lat="45.7916690" lon="4.7498260">
    <ele>253.6</ele>
    <time>2025-02-28T14:39:02Z</time>
   </trkpt>
   <trkpt lat="45.7916740" lon="4.7497790">
    <ele>253.7</ele>
    <time>2025-02-28T14:39:03Z</time>
   </trkpt>
   <trkpt lat="45.7916870" lon="4.7497370">
    <ele>253.8</ele>
    <time>2025-02-28T14:39:04Z</time>
   </trkpt>
   <trkpt lat="45.7916760" lon="4.7496970">
    <ele>254.0</ele>
    <time>2025-02-28T14:39:05Z</time>
   </trkpt>
   <trkpt lat="45.7916760" lon="4.7496480">
    <ele>254.2</ele>
    <time>2025-02-28T14:39:06Z</time>
   </trkpt>
   <trkpt lat="45.7916860" lon="4.7496050">
    <ele>254.4</ele>
    <time>2025-02-28T14:39:07Z</time>
   </trkpt>
   <trkpt lat="45.7917210" lon="4.7495710">
    <ele>254.6</ele>
    <time>2025-02-28T14:39:08Z</time>
   </trkpt>
   <trkpt lat="45.7917400" lon="4.7495330">
    <ele>254.8</ele>
    <time>2025-02-28T14:39:09Z</time>
   </trkpt>
   <trkpt lat="45.7917620" lon="4.7495070">
    <ele>255.0</ele>
    <time>2025-02-28T14:39:10Z</time>
   </trkpt>
   <trkpt lat="45.7917650" lon="4.7494680">
    <ele>255.1</ele>
    <time>2025-02-28T14:39:11Z</time>
   </trkpt>
   <trkpt lat="45.7917770" lon="4.7494230">
    <ele>255.3</ele>
    <time>2025-02-28T14:39:12Z</time>
   </trkpt>
   <trkpt lat="45.7917760" lon="4.7494080">
    <ele>255.4</ele>
    <time>2025-02-28T14:39:13Z</time>
   </trkpt>
   <trkpt lat="45.7917980" lon="4.7493640">
    <ele>255.6</ele>
    <time>2025-02-28T14:39:14Z</time>
   </trkpt>
   <trkpt lat="45.7918060" lon="4.7493510">
    <ele>255.6</ele>
    <time>2025-02-28T14:39:15Z</time>
   </trkpt>
   <trkpt lat="45.7918280" lon="4.7493010">
    <ele>255.8</ele>
    <time>2025-02-28T14:39:16Z</time>
   </trkpt>
   <trkpt lat="45.7918370" lon="4.7492850">
    <ele>255.9</ele>
    <time>2025-02-28T14:39:17Z</time>
   </trkpt>
   <trkpt lat="45.7918600" lon="4.7492530">
    <ele>256.0</ele>
    <time>2025-02-28T14:39:18Z</time>
   </trkpt>
   <trkpt lat="45.7918780" lon="4.7492090">
    <ele>256.2</ele>
    <time>2025-02-28T14:39:19Z</time>
   </trkpt>
   <trkpt lat="45.7918850" lon="4.7491980">
    <ele>256.2</ele>
    <time>2025-02-28T14:39:20Z</time>
   </trkpt>
   <trkpt lat="45.7918900" lon="4.7491590">
    <ele>256.4</ele>
    <time>2025-02-28T14:39:21Z</time>
   </trkpt>
   <trkpt lat="45.7919040" lon="4.7491140">
    <ele>256.5</ele>
    <time>2025-02-28T14:39:22Z</time>
   </trkpt>
   <trkpt lat="45.7919230" lon="4.7490770">
    <ele>256.6</ele>
    <time>2025-02-28T14:39:23Z</time>
   </trkpt>
   <trkpt lat="45.7919480" lon="4.7490320">
    <ele>256.8</ele>
    <time>2025-02-28T14:39:24Z</time>
   </trkpt>
   <trkpt lat="45.7919550" lon="4.7490150">
    <ele>256.9</ele>
    <time>2025-02-28T14:39:25Z</time>
   </trkpt>
   <trkpt lat="45.7919730" lon="4.7489790">
    <ele>257.0</ele>
    <time>2025-02-28T14:39:26Z</time>
   </trkpt>
   <trkpt lat="45.7919810" lon="4.7489220">
    <ele>257.2</ele>
    <time>2025-02-28T14:39:27Z</time>
   </trkpt>
   <trkpt lat="45.7919790" lon="4.7488980">
    <ele>257.3</ele>
    <time>2025-02-28T14:39:28Z</time>
   </trkpt>
   <trkpt lat="45.7919930" lon="4.7488580">
    <ele>257.5</ele>
    <time>2025-02-28T14:39:29Z</time>
   </trkpt>
   <trkpt lat="45.7920120" lon="4.7488130">
    <ele>257.7</ele>
    <time>2025-02-28T14:39:30Z</time>
   </trkpt>
   <trkpt lat="45.7920130" lon="4.7487950">
    <ele>257.7</ele>
    <time>2025-02-28T14:39:31Z</time>
   </trkpt>
   <trkpt lat="45.7920230" lon="4.7487570">
    <ele>257.9</ele>
    <time>2025-02-28T14:39:32Z</time>
   </trkpt>
   <trkpt lat="45.7920440" lon="4.7487040">
    <ele>258.1</ele>
    <time>2025-02-28T14:39:33Z</time>
   </trkpt>
   <trkpt lat="45.7920530" lon="4.7486790">
    <ele>258.3</ele>
    <time>2025-02-28T14:39:34Z</time>
   </trkpt>
   <trkpt lat="45.7920670" lon="4.7486440">
    <ele>258.4</ele>
    <time>2025-02-28T14:39:35Z</time>
   </trkpt>
   <trkpt lat="45.7920770" lon="4.7486000">
    <ele>258.6</ele>
    <time>2025-02-28T14:39:36Z</time>
   </trkpt>
   <trkpt lat="45.7920950" lon="4.7485620">
    <ele>258.9</ele>
    <time>2025-02-28T14:39:37Z</time>
   </trkpt>
   <trkpt lat="45.7920980" lon="4.7485520">
    <ele>258.9</ele>
    <time>2025-02-28T14:39:38Z</time>
   </trkpt>
   <trkpt lat="45.7921140" lon="4.7485030">
    <ele>259.2</ele>
    <time>2025-02-28T14:39:39Z</time>
   </trkpt>
   <trkpt lat="45.7921230" lon="4.7484880">
    <ele>259.3</ele>
    <time>2025-02-28T14:39:40Z</time>
   </trkpt>
   <trkpt lat="45.7921390" lon="4.7484400">
    <ele>259.6</ele>
    <time>2025-02-28T14:39:41Z</time>
   </trkpt>
   <trkpt lat="45.7921450" lon="4.7484260">
    <ele>259.7</ele>
    <time>2025-02-28T14:39:42Z</time>
   </trkpt>
   <trkpt lat="45.7921770" lon="4.7484010">
    <ele>259.9</ele>
    <time>2025-02-28T14:39:43Z</time>
   </trkpt>
   <trkpt lat="45.7921960" lon="4.7483640">
    <ele>260.2</ele>
    <time>2025-02-28T14:39:44Z</time>
   </trkpt>
   <trkpt lat="45.7922160" lon="4.7483220">
    <ele>260.4</ele>
    <time>2025-02-28T14:39:45Z</time>
   </trkpt>
   <trkpt lat="45.7922260" lon="4.7483120">
    <ele>260.5</ele>
    <time>2025-02-28T14:39:46Z</time>
   </trkpt>
   <trkpt lat="45.7922380" lon="4.7482630">
    <ele>260.8</ele>
    <time>2025-02-28T14:39:47Z</time>
   </trkpt>
   <trkpt lat="45.7922430" lon="4.7482470">
    <ele>260.8</ele>
    <time>2025-02-28T14:39:48Z</time>
   </trkpt>
   <trkpt lat="45.7922560" lon="4.7481970">
    <ele>261.1</ele>
    <time>2025-02-28T14:39:49Z</time>
   </trkpt>
   <trkpt lat="45.7922630" lon="4.7481740">
    <ele>261.2</ele>
    <time>2025-02-28T14:39:50Z</time>
   </trkpt>
   <trkpt lat="45.7922880" lon="4.7481310">
    <ele>261.4</ele>
    <time>2025-02-28T14:39:51Z</time>
   </trkpt>
   <trkpt lat="45.7922980" lon="4.7481160">
    <ele>261.5</ele>
    <time>2025-02-28T14:39:52Z</time>
   </trkpt>
   <trkpt lat="45.7923280" lon="4.7480870">
    <ele>261.7</ele>
    <time>2025-02-28T14:39:53Z</time>
   </trkpt>
   <trkpt lat="45.7923490" lon="4.7480580">
    <ele>261.9</ele>
    <time>2025-02-28T14:39:54Z</time>
   </trkpt>
   <trkpt lat="45.7923590" lon="4.7480200">
    <ele>262.1</ele>
    <time>2025-02-28T14:39:55Z</time>
   </trkpt>
   <trkpt lat="45.7923750" lon="4.7479800">
    <ele>262.3</ele>
    <time>2025-02-28T14:39:56Z</time>
   </trkpt>
   <trkpt lat="45.7923780" lon="4.7479630">
    <ele>262.4</ele>
    <time>2025-02-28T14:39:57Z</time>
   </trkpt>
   <trkpt lat="45.7924040" lon="4.7479480">
    <ele>262.5</ele>
    <time>2025-02-28T14:39:58Z</time>
   </trkpt>
   <trkpt lat="45.7924170" lon="4.7479120">
    <ele>262.7</ele>
    <time>2025-02-28T14:39:59Z</time>
   </trkpt>
   <trkpt lat="45.7924380" lon="4.7478710">
    <ele>263.0</ele>
    <time>2025-02-28T14:40:00Z</time>
   </trkpt>
   <trkpt lat="45.7924490" lon="4.7478610">
    <ele>263.1</ele>
    <time>2025-02-28T14:40:01Z</time>
   </trkpt>
   <trkpt lat="45.7924700" lon="4.7478190">
    <ele>263.3</ele>
    <time>2025-02-28T14:40:02Z</time>
   </trkpt>
   <trkpt lat="45.7924780" lon="4.7478040">
    <ele>263.4</ele>
    <time>2025-02-28T14:40:03Z</time>
   </trkpt>
   <trkpt lat="45.7924970" lon="4.7477670">
    <ele>263.7</ele>
    <time>2025-02-28T14:40:04Z</time>
   </trkpt>
   <trkpt lat="45.7925260" lon="4.7477330">
    <ele>264.0</ele>
    <time>2025-02-28T14:40:05Z</time>
   </trkpt>
   <trkpt lat="45.7925370" lon="4.7477260">
    <ele>264.1</ele>
    <time>2025-02-28T14:40:06Z</time>
   </trkpt>
   <trkpt lat="45.7925630" lon="4.7476840">
    <ele>264.4</ele>
    <time>2025-02-28T14:40:07Z</time>
   </trkpt>
   <trkpt lat="45.7925700" lon="4.7476660">
    <ele>264.5</ele>
    <time>2025-02-28T14:40:08Z</time>
   </trkpt>
   <trkpt lat="45.7925970" lon="4.7476280">
    <ele>264.9</ele>
    <time>2025-02-28T14:40:09Z</time>
   </trkpt>
   <trkpt lat="45.7926020" lon="4.7476090">
    <ele>265.0</ele>
    <time>2025-02-28T14:40:10Z</time>
   </trkpt>
   <trkpt lat="45.7926270" lon="4.7475620">
    <ele>265.4</ele>
    <time>2025-02-28T14:40:11Z</time>
   </trkpt>
   <trkpt lat="45.7926350" lon="4.7475420">
    <ele>265.5</ele>
    <time>2025-02-28T14:40:12Z</time>
   </trkpt>
   <trkpt lat="45.7926540" lon="4.7475030">
    <ele>265.8</ele>
    <time>2025-02-28T14:40:13Z</time>
   </trkpt>
   <trkpt lat="45.7926570" lon="4.7474920">
    <ele>265.9</ele>
    <time>2025-02-28T14:40:14Z</time>
   </trkpt>
   <trkpt lat="45.7926760" lon="4.7474650">
    <ele>266.1</ele>
    <time>2025-02-28T14:40:15Z</time>
   </trkpt>
   <trkpt lat="45.7926940" lon="4.7474310">
    <ele>266.4</ele>
    <time>2025-02-28T14:40:16Z</time>
   </trkpt>
   <trkpt lat="45.7927260" lon="4.7474040">
    <ele>266.7</ele>
    <time>2025-02-28T14:40:17Z</time>
   </trkpt>
   <trkpt lat="45.7927360" lon="4.7473900">
    <ele>266.8</ele>
    <time>2025-02-28T14:40:18Z</time>
   </trkpt>
   <trkpt lat="45.7927550" lon="4.7473430">
    <ele>267.1</ele>
    <time>2025-02-28T14:40:19Z</time>
   </trkpt>
   <trkpt lat="45.7927580" lon="4.7473230">
    <ele>267.2</ele>
    <time>2025-02-28T14:40:20Z</time>
   </trkpt>
   <trkpt lat="45.7927690" lon="4.7472820">
    <ele>267.3</ele>
    <time>2025-02-28T14:40:21Z</time>
   </trkpt>
   <trkpt lat="45.7927880" lon="4.7472350">
    <ele>267.5</ele>
    <time>2025-02-28T14:40:22Z</time>
   </trkpt>
   <trkpt lat="45.7928020" lon="4.7472240">
    <ele>267.6</ele>
    <time>2025-02-28T14:40:23Z</time>
   </trkpt>
   <trkpt lat="45.7928280" lon="4.7471900">
    <ele>267.7</ele>
    <time>2025-02-28T14:40:24Z</time>
   </trkpt>
   <trkpt lat="45.7928350" lon="4.7471800">
    <ele>267.8</ele>
    <time>2025-02-28T14:40:25Z</time>
   </trkpt>
   <trkpt lat="45.7928470" lon="4.7471360">
    <ele>267.9</ele>
    <time>2025-02-28T14:40:26Z</time>
   </trkpt>
   <trkpt lat="45.7928480" lon="4.7471220">
    <ele>267.9</ele>
    <time>2025-02-28T14:40:27Z</time>
   </trkpt>
   <trkpt lat="45.7928640" lon="4.7470870">
    <ele>268.0</ele>
    <time>2025-02-28T14:40:28Z</time>
   </trkpt>
   <trkpt lat="45.7928750" lon="4.7470510">
    <ele>268.1</ele>
    <time>2025-02-28T14:40:29Z</time>
   </trkpt>
   <trkpt lat="45.7929040" lon="4.7470180">
    <ele>268.1</ele>
    <time>2025-02-28T14:40:30Z</time>
   </trkpt>
   <trkpt lat="45.7929140" lon="4.7470050">
    <ele>268.1</ele>
    <time>2025-02-28T14:40:31Z</time>
   </trkpt>
   <trkpt lat="45.7929380" lon="4.7469880">
    <ele>268.2</ele>
    <time>2025-02-28T14:40:32Z</time>
   </trkpt>
   <trkpt lat="45.7929620" lon="4.7469260">
    <ele>268.2</ele>
    <time>2025-02-28T14:40:33Z</time>
   </trkpt>
   <trkpt lat="45.7929690" lon="4.7468840">
    <ele>268.3</ele>
    <time>2025-02-28T14:40:34Z</time>
   </trkpt>
   <trkpt lat="45.7929890" lon="4.7468250">
    <ele>268.3</ele>
    <time>2025-02-28T14:40:35Z</time>
   </trkpt>
   <trkpt lat="45.7930240" lon="4.7467980">
    <ele>268.4</ele>
    <time>2025-02-28T14:40:36Z</time>
   </trkpt>
   <trkpt lat="45.7930600" lon="4.7467860">
    <ele>268.4</ele>
    <time>2025-02-28T14:40:37Z</time>
   </trkpt>
   <trkpt lat="45.7930810" lon="4.7467580">
    <ele>268.5</ele>
    <time>2025-02-28T14:40:38Z</time>
   </trkpt>
   <trkpt lat="45.7930880" lon="4.7467470">
    <ele>268.5</ele>
    <time>2025-02-28T14:40:39Z</time>
   </trkpt>
   <trkpt lat="45.7931010" lon="4.7466920">
    <ele>268.5</ele>
    <time>2025-02-28T14:40:40Z</time>
   </trkpt>
   <trkpt lat="45.7931110" lon="4.7466220">
    <ele>268.6</ele>
    <time>2025-02-28T14:40:41Z</time>
   </trkpt>
   <trkpt lat="45.7931220" lon="4.7465800">
    <ele>268.7</ele>
    <time>2025-02-28T14:40:42Z</time>
   </trkpt>
   <trkpt lat="45.7931470" lon="4.7465530">
    <ele>268.8</ele>
    <time>2025-02-28T14:40:43Z</time>
   </trkpt>
   <trkpt lat="45.7931760" lon="4.7465090">
    <ele>268.9</ele>
    <time>2025-02-28T14:40:44Z</time>
   </trkpt>
   <trkpt lat="45.7931910" lon="4.7464750">
    <ele>269.0</ele>
    <time>2025-02-28T14:40:45Z</time>
   </trkpt>
   <trkpt lat="45.7932120" lon="4.7464390">
    <ele>269.1</ele>
    <time>2025-02-28T14:40:46Z</time>
   </trkpt>
   <trkpt lat="45.7932340" lon="4.7463970">
    <ele>269.3</ele>
    <time>2025-02-28T14:40:47Z</time>
   </trkpt>
   <trkpt lat="45.7932410" lon="4.7463840">
    <ele>269.4</ele>
    <time>2025-02-28T14:40:48Z</time>
   </trkpt>
   <trkpt lat="45.7932480" lon="4.7463440">
    <ele>269.5</ele>
    <time>2025-02-28T14:40:49Z</time>
   </trkpt>
   <trkpt lat="45.7932640" lon="4.7463060">
    <ele>269.7</ele>
    <time>2025-02-28T14:40:50Z</time>
   </trkpt>
   <trkpt lat="45.7932680" lon="4.7462960">
    <ele>269.7</ele>
    <time>2025-02-28T14:40:51Z</time>
   </trkpt>
   <trkpt lat="45.7932860" lon="4.7462640">
    <ele>269.9</ele>
    <time>2025-02-28T14:40:52Z</time>
   </trkpt>
   <trkpt lat="45.7932950" lon="4.7462260">
    <ele>270.1</ele>
    <time>2025-02-28T14:40:53Z</time>
   </trkpt>
   <trkpt lat="45.7933040" lon="4.7461880">
    <ele>270.3</ele>
    <time>2025-02-28T14:40:54Z</time>
   </trkpt>
   <trkpt lat="45.7933140" lon="4.7461450">
    <ele>270.5</ele>
    <time>2025-02-28T14:40:55Z</time>
   </trkpt>
   <trkpt lat="45.7933150" lon="4.7461300">
    <ele>270.6</ele>
    <time>2025-02-28T14:40:56Z</time>
   </trkpt>
   <trkpt lat="45.7933160" lon="4.7460740">
    <ele>270.9</ele>
    <time>2025-02-28T14:40:57Z</time>
   </trkpt>
   <trkpt lat="45.7933220" lon="4.7460210">
    <ele>271.2</ele>
    <time>2025-02-28T14:40:58Z</time>
   </trkpt>
   <trkpt lat="45.7933230" lon="4.7459990">
    <ele>271.4</ele>
    <time>2025-02-28T14:40:59Z</time>
   </trkpt>
   <trkpt lat="45.7933260" lon="4.7459230">
    <ele>271.9</ele>
    <time>2025-02-28T14:41:00Z</time>
   </trkpt>
   <trkpt lat="45.7933300" lon="4.7458840">
    <ele>272.2</ele>
    <time>2025-02-28T14:41:01Z</time>
   </trkpt>
   <trkpt lat="45.7933370" lon="4.7458240">
    <ele>272.6</ele>
    <time>2025-02-28T14:41:03Z</time>
   </trkpt>
   <trkpt lat="45.7933390" lon="4.7458010">
    <ele>272.8</ele>
    <time>2025-02-28T14:41:04Z</time>
   </trkpt>
   <trkpt lat="45.7933470" lon="4.7457520">
    <ele>273.1</ele>
    <time>2025-02-28T14:41:05Z</time>
   </trkpt>
   <trkpt lat="45.7933520" lon="4.7457370">
    <ele>273.3</ele>
    <time>2025-02-28T14:41:06Z</time>
   </trkpt>
   <trkpt lat="45.7933370" lon="4.7456880">
    <ele>273.7</ele>
    <time>2025-02-28T14:41:07Z</time>
   </trkpt>
   <trkpt lat="45.7933310" lon="4.7456720">
    <ele>273.8</ele>
    <time>2025-02-28T14:41:08Z</time>
   </trkpt>
   <trkpt lat="45.7933330" lon="4.7456310">
    <ele>274.1</ele>
    <time>2025-02-28T14:41:09Z</time>
   </trkpt>
   <trkpt lat="45.7933370" lon="4.7456160">
    <ele>274.2</ele>
    <time>2025-02-28T14:41:10Z</time>
   </trkpt>
   <trkpt lat="45.7933350" lon="4.7455690">
    <ele>274.6</ele>
    <time>2025-02-28T14:41:11Z</time>
   </trkpt>
   <trkpt lat="45.7933320" lon="4.7455490">
    <ele>274.8</ele>
    <time>2025-02-28T14:41:12Z</time>
   </trkpt>
   <trkpt lat="45.7933270" lon="4.7455010">
    <ele>275.1</ele>
    <time>2025-02-28T14:41:13Z</time>
   </trkpt>
   <trkpt lat="45.7933240" lon="4.7454800">
    <ele>275.3</ele>
    <time>2025-02-28T14:41:14Z</time>
   </trkpt>
   <trkpt lat="45.7933140" lon="4.7454320">
    <ele>275.7</ele>
    <time>2025-02-28T14:41:15Z</time>
   </trkpt>
   <trkpt lat="45.7933160" lon="4.7454160">
    <ele>275.8</ele>
    <time>2025-02-28T14:41:16Z</time>
   </trkpt>
   <trkpt lat="45.7933140" lon="4.7453630">
    <ele>276.2</ele>
    <time>2025-02-28T14:41:17Z</time>
   </trkpt>
   <trkpt lat="45.7933100" lon="4.7453470">
    <ele>276.4</ele>
    <time>2025-02-28T14:41:18Z</time>
   </trkpt>
   <trkpt lat="45.7933290" lon="4.7453040">
    <ele>276.8</ele>
    <time>2025-02-28T14:41:19Z</time>
   </trkpt>
   <trkpt lat="45.7933290" lon="4.7452900">
    <ele>276.9</ele>
    <time>2025-02-28T14:41:20Z</time>
   </trkpt>
   <trkpt lat="45.7933530" lon="4.7452410">
    <ele>277.4</ele>
    <time>2025-02-28T14:41:21Z</time>
   </trkpt>
   <trkpt lat="45.7933590" lon="4.7452190">
    <ele>277.6</ele>
    <time>2025-02-28T14:41:22Z</time>
   </trkpt>
   <trkpt lat="45.7933710" lon="4.7451950">
    <ele>277.8</ele>
    <time>2025-02-28T14:41:23Z</time>
   </trkpt>
   <trkpt lat="45.7933880" lon="4.7451880">
    <ele>278.1</ele>
    <time>2025-02-28T14:41:24Z</time>
   </trkpt>
   <trkpt lat="45.7934020" lon="4.7451520">
    <ele>278.4</ele>
    <time>2025-02-28T14:41:25Z</time>
   </trkpt>
   <trkpt lat="45.7934080" lon="4.7451430">
    <ele>278.5</ele>
    <time>2025-02-28T14:41:26Z</time>
   </trkpt>
   <trkpt lat="45.7934280" lon="4.7451140">
    <ele>278.9</ele>
    <time>2025-02-28T14:41:27Z</time>
   </trkpt>
   <trkpt lat="45.7934430" lon="4.7450760">
    <ele>279.2</ele>
    <time>2025-02-28T14:41:28Z</time>
   </trkpt>
   <trkpt lat="45.7934460" lon="4.7450580">
    <ele>279.4</ele>
    <time>2025-02-28T14:41:29Z</time>
   </trkpt>
   <trkpt lat="45.7934430" lon="4.7450190">
    <ele>279.7</ele>
    <time>2025-02-28T14:41:30Z</time>
   </trkpt>
   <trkpt lat="45.7934300" lon="4.7449780">
    <ele>280.0</ele>
    <time>2025-02-28T14:41:31Z</time>
   </trkpt>
   <trkpt lat="45.7934040" lon="4.7449320">
    <ele>280.4</ele>
    <time>2025-02-28T14:41:32Z</time>
   </trkpt>
   <trkpt lat="45.7933930" lon="4.7449150">
    <ele>280.6</ele>
    <time>2025-02-28T14:41:33Z</time>
   </trkpt>
   <trkpt lat="45.7933720" lon="4.7448880">
    <ele>280.8</ele>
    <time>2025-02-28T14:41:34Z</time>
   </trkpt>
   <trkpt lat="45.7933610" lon="4.7448830">
    <ele>280.9</ele>
    <time>2025-02-28T14:41:35Z</time>
   </trkpt>
   <trkpt lat="45.7933340" lon="4.7448580">
    <ele>281.2</ele>
    <time>2025-02-28T14:41:36Z</time>
   </trkpt>
   <trkpt lat="45.7933240" lon="4.7448500">
    <ele>281.2</ele>
    <time>2025-02-28T14:41:37Z</time>
   </trkpt>
   <trkpt lat="45.7933010" lon="4.7448290">
    <ele>281.4</ele>
    <time>2025-02-28T14:41:38Z</time>
   </trkpt>
   <trkpt lat="45.7932700" lon="4.7448170">
    <ele>281.6</ele>
    <time>2025-02-28T14:41:39Z</time>
   </trkpt>
   <trkpt lat="45.7932610" lon="4.7448170">
    <ele>281.7</ele>
    <time>2025-02-28T14:41:40Z</time>
   </trkpt>
   <trkpt lat="45.7932240" lon="4.7448080">
    <ele>282.0</ele>
    <time>2025-02-28T14:41:41Z</time>
   </trkpt>
   <trkpt lat="45.7932130" lon="4.7448010">
    <ele>282.0</ele>
    <time>2025-02-28T14:41:42Z</time>
   </trkpt>
   <trkpt lat="45.7931810" lon="4.7448040">
    <ele>282.2</ele>
    <time>2025-02-28T14:41:43Z</time>
   </trkpt>
   <trkpt lat="45.7931460" lon="4.7448000">
    <ele>282.5</ele>
    <time>2025-02-28T14:41:44Z</time>
   </trkpt>
   <trkpt lat="45.7931340" lon="4.7448020">
    <ele>282.6</ele>
    <time>2025-02-28T14:41:45Z</time>
   </trkpt>
   <trkpt lat="45.7931070" lon="4.7447890">
    <ele>282.8</ele>
    <time>2025-02-28T14:41:46Z</time>
   </trkpt>
   <trkpt lat="45.7930740" lon="4.7447820">
    <ele>283.1</ele>
    <time>2025-02-28T14:41:47Z</time>
   </trkpt>
   <trkpt lat="45.7930630" lon="4.7447820">
    <ele>283.2</ele>
    <time>2025-02-28T14:41:48Z</time>
   </trkpt>
   <trkpt lat="45.7930360" lon="4.7447780">
    <ele>283.5</ele>
    <time>2025-02-28T14:41:49Z</time>
   </trkpt>
   <trkpt lat="45.7930200" lon="4.7447690">
    <ele>283.6</ele>
    <time>2025-02-28T14:41:50Z</time>
   </trkpt>
   <trkpt lat="45.7930050" lon="4.7447680">
    <ele>283.8</ele>
    <time>2025-02-28T14:41:51Z</time>
   </trkpt>
   <trkpt lat="45.7929770" lon="4.7447690">
    <ele>284.1</ele>
    <time>2025-02-28T14:41:52Z</time>
   </trkpt>
   <trkpt lat="45.7929430" lon="4.7447740">
    <ele>284.5</ele>
    <time>2025-02-28T14:41:53Z</time>
   </trkpt>
   <trkpt lat="45.7929300" lon="4.7447840">
    <ele>284.6</ele>
    <time>2025-02-28T14:41:54Z</time>
   </trkpt>
   <trkpt lat="45.7928970" lon="4.7447710">
    <ele>285.0</ele>
    <time>2025-02-28T14:41:55Z</time>
   </trkpt>
   <trkpt lat="45.7928860" lon="4.7447700">
    <ele>285.2</ele>
    <time>2025-02-28T14:41:56Z</time>
   </trkpt>
   <trkpt lat="45.7928520" lon="4.7447680">
    <ele>285.6</ele>
    <time>2025-02-28T14:41:57Z</time>
   </trkpt>
   <trkpt lat="45.7928400" lon="4.7447650">
    <ele>285.7</ele>
    <time>2025-02-28T14:41:58Z</time>
   </trkpt>
   <trkpt lat="45.7928080" lon="4.7447650">
    <ele>286.1</ele>
    <time>2025-02-28T14:41:59Z</time>
   </trkpt>
   <trkpt lat="45.7927980" lon="4.7447650">
    <ele>286.3</ele>
    <time>2025-02-28T14:42:00Z</time>
   </trkpt>
   <trkpt lat="45.7927640" lon="4.7447670">
    <ele>286.7</ele>
    <time>2025-02-28T14:42:01Z</time>
   </trkpt>
   <trkpt lat="45.7927520" lon="4.7447700">
    <ele>286.8</ele>
    <time>2025-02-28T14:42:02Z</time>
   </trkpt>
   <trkpt lat="45.7927190" lon="4.7447620">
    <ele>287.2</ele>
    <time>2025-02-28T14:42:03Z</time>
   </trkpt>
   <trkpt lat="45.7927080" lon="4.7447650">
    <ele>287.3</ele>
    <time>2025-02-28T14:42:04Z</time>
   </trkpt>
   <trkpt lat="45.7926790" lon="4.7447740">
    <ele>287.7</ele>
    <time>2025-02-28T14:42:05Z</time>
   </trkpt>
   <trkpt lat="45.7926720" lon="4.7447730">
    <ele>287.8</ele>
    <time>2025-02-28T14:42:06Z</time>
   </trkpt>
   <trkpt lat="45.7926530" lon="4.7447630">
    <ele>288.0</ele>
    <time>2025-02-28T14:42:07Z</time>
   </trkpt>
   <trkpt lat="45.7926400" lon="4.7447590">
    <ele>288.1</ele>
    <time>2025-02-28T14:42:08Z</time>
   </trkpt>
   <trkpt lat="45.7926260" lon="4.7447540">
    <ele>288.3</ele>
    <time>2025-02-28T14:42:09Z</time>
   </trkpt>
   <trkpt lat="45.7925970" lon="4.7447430">
    <ele>288.6</ele>
    <time>2025-02-28T14:42:10Z</time>
   </trkpt>
   <trkpt lat="45.7925700" lon="4.7447140">
    <ele>288.9</ele>
    <time>2025-02-28T14:42:11Z</time>
   </trkpt>
   <trkpt lat="45.7925610" lon="4.7446980">
    <ele>289.0</ele>
    <time>2025-02-28T14:42:12Z</time>
   </trkpt>
   <trkpt lat="45.7925350" lon="4.7446550">
    <ele>289.4</ele>
    <time>2025-02-28T14:42:13Z</time>
   </trkpt>
   <trkpt lat="45.7925260" lon="4.7446390">
    <ele>289.5</ele>
    <time>2025-02-28T14:42:14Z</time>
   </trkpt>
   <trkpt lat="45.7925070" lon="4.7445980">
    <ele>289.8</ele>
    <time>2025-02-28T14:42:15Z</time>
   </trkpt>
   <trkpt lat="45.7924880" lon="4.7445500">
    <ele>290.2</ele>
    <time>2025-02-28T14:42:16Z</time>
   </trkpt>
   <trkpt lat="45.7924820" lon="4.7445350">
    <ele>290.3</ele>
    <time>2025-02-28T14:42:17Z</time>
   </trkpt>
   <trkpt lat="45.7924710" lon="4.7444990">
    <ele>290.5</ele>
    <time>2025-02-28T14:42:18Z</time>
   </trkpt>
   <trkpt lat="45.7924570" lon="4.7444580">
    <ele>290.8</ele>
    <time>2025-02-28T14:42:19Z</time>
   </trkpt>
   <trkpt lat="45.7924430" lon="4.7444090">
    <ele>291.2</ele>
    <time>2025-02-28T14:42:20Z</time>
   </trkpt>
   <trkpt lat="45.7924380" lon="4.7443940">
    <ele>291.3</ele>
    <time>2025-02-28T14:42:21Z</time>
   </trkpt>
   <trkpt lat="45.7924170" lon="4.7443550">
    <ele>291.6</ele>
    <time>2025-02-28T14:42:22Z</time>
   </trkpt>
   <trkpt lat="45.7924070" lon="4.7443440">
    <ele>291.7</ele>
    <time>2025-02-28T14:42:23Z</time>
   </trkpt>
   <trkpt lat="45.7923920" lon="4.7443080">
    <ele>291.9</ele>
    <time>2025-02-28T14:42:24Z</time>
   </trkpt>
   <trkpt lat="45.7923740" lon="4.7442660">
    <ele>292.2</ele>
    <time>2025-02-28T14:42:25Z</time>
   </trkpt>
   <trkpt lat="45.7923700" lon="4.7442490">
    <ele>292.3</ele>
    <time>2025-02-28T14:42:26Z</time>
   </trkpt>
   <trkpt lat="45.7923510" lon="4.7442020">
    <ele>292.6</ele>
    <time>2025-02-28T14:42:27Z</time>
   </trkpt>
   <trkpt lat="45.7923430" lon="4.7441870">
    <ele>292.7</ele>
    <time>2025-02-28T14:42:28Z</time>
   </trkpt>
   <trkpt lat="45.7923210" lon="4.7441500">
    <ele>292.9</ele>
    <time>2025-02-28T14:42:29Z</time>
   </trkpt>
   <trkpt lat="45.7923140" lon="4.7441310">
    <ele>293.0</ele>
    <time>2025-02-28T14:42:30Z</time>
   </trkpt>
   <trkpt lat="45.7922990" lon="4.7440800">
    <ele>293.2</ele>
    <time>2025-02-28T14:42:31Z</time>
   </trkpt>
   <trkpt lat="45.7922910" lon="4.7440650">
    <ele>293.3</ele>
    <time>2025-02-28T14:42:32Z</time>
   </trkpt>
   <trkpt lat="45.7922790" lon="4.7440280">
    <ele>293.5</ele>
    <time>2025-02-28T14:42:33Z</time>
   </trkpt>
   <trkpt lat="45.7922640" lon="4.7439900">
    <ele>293.6</ele>
    <time>2025-02-28T14:42:34Z</time>
   </trkpt>
   <trkpt lat="45.7922470" lon="4.7439540">
    <ele>293.8</ele>
    <time>2025-02-28T14:42:35Z</time>
   </trkpt>
   <trkpt lat="45.7922310" lon="4.7439060">
    <ele>294.0</ele>
    <time>2025-02-28T14:42:36Z</time>
   </trkpt>
   <trkpt lat="45.7922220" lon="4.7438890">
    <ele>294.0</ele>
    <time>2025-02-28T14:42:37Z</time>
   </trkpt>
   <trkpt lat="45.7922050" lon="4.7438460">
    <ele>294.2</ele>
    <time>2025-02-28T14:42:38Z</time>
   </trkpt>
   <trkpt lat="45.7921990" lon="4.7438320">
    <ele>294.2</ele>
    <time>2025-02-28T14:42:39Z</time>
   </trkpt>
   <trkpt lat="45.7921880" lon="4.7437960">
    <ele>294.3</ele>
    <time>2025-02-28T14:42:40Z</time>
   </trkpt>
   <trkpt lat="45.7921710" lon="4.7437660">
    <ele>294.4</ele>
    <time>2025-02-28T14:42:41Z</time>
   </trkpt>
   <trkpt lat="45.7921480" lon="4.7437240">
    <ele>294.5</ele>
    <time>2025-02-28T14:42:42Z</time>
   </trkpt>
   <trkpt lat="45.7921390" lon="4.7437080">
    <ele>294.6</ele>
    <time>2025-02-28T14:42:43Z</time>
   </trkpt>
   <trkpt lat="45.7921170" lon="4.7436620">
    <ele>294.7</ele>
    <time>2025-02-28T14:42:44Z</time>
   </trkpt>
   <trkpt lat="45.7921110" lon="4.7436470">
    <ele>294.8</ele>
    <time>2025-02-28T14:42:45Z</time>
   </trkpt>
   <trkpt lat="45.7920950" lon="4.7436110">
    <ele>294.9</ele>
    <time>2025-02-28T14:42:46Z</time>
   </trkpt>
   <trkpt lat="45.7920810" lon="4.7435780">
    <ele>295.0</ele>
    <time>2025-02-28T14:42:47Z</time>
   </trkpt>
   <trkpt lat="45.7920650" lon="4.7435340">
    <ele>295.1</ele>
    <time>2025-02-28T14:42:48Z</time>
   </trkpt>
   <trkpt lat="45.7920550" lon="4.7434960">
    <ele>295.2</ele>
    <time>2025-02-28T14:42:49Z</time>
   </trkpt>
   <trkpt lat="45.7920410" lon="4.7434450">
    <ele>295.3</ele>
    <time>2025-02-28T14:42:50Z</time>
   </trkpt>
   <trkpt lat="45.7920340" lon="4.7434280">
    <ele>295.4</ele>
    <time>2025-02-28T14:42:51Z</time>
   </trkpt>
   <trkpt lat="45.7920170" lon="4.7433890">
    <ele>295.5</ele>
    <time>2025-02-28T14:42:52Z</time>
   </trkpt>
   <trkpt lat="45.7920090" lon="4.7433520">
    <ele>295.5</ele>
    <time>2025-02-28T14:42:53Z</time>
   </trkpt>
   <trkpt lat="45.7919970" lon="4.7433140">
    <ele>295.6</ele>
    <time>2025-02-28T14:42:54Z</time>
   </trkpt>
   <trkpt lat="45.7919850" lon="4.7432560">
    <ele>295.7</ele>
    <time>2025-02-28T14:42:55Z</time>
   </trkpt>
   <trkpt lat="45.7919780" lon="4.7432370">
    <ele>295.7</ele>
    <time>2025-02-28T14:42:56Z</time>
   </trkpt>
   <trkpt lat="45.7919640" lon="4.7431950">
    <ele>295.8</ele>
    <time>2025-02-28T14:42:57Z</time>
   </trkpt>
   <trkpt lat="45.7919600" lon="4.7431550">
    <ele>295.8</ele>
    <time>2025-02-28T14:42:58Z</time>
   </trkpt>
   <trkpt lat="45.7919460" lon="4.7431180">
    <ele>295.9</ele>
    <time>2025-02-28T14:42:59Z</time>
   </trkpt>
   <trkpt lat="45.7919290" lon="4.7430760">
    <ele>296.0</ele>
    <time>2025-02-28T14:43:00Z</time>
   </trkpt>
   <trkpt lat="45.7919200" lon="4.7430360">
    <ele>296.0</ele>
    <time>2025-02-28T14:43:01Z</time>
   </trkpt>
   <trkpt lat="45.7919030" lon="4.7429940">
    <ele>296.1</ele>
    <time>2025-02-28T14:43:02Z</time>
   </trkpt>
   <trkpt lat="45.7918950" lon="4.7429860">
    <ele>296.1</ele>
    <time>2025-02-28T14:43:03Z</time>
   </trkpt>
   <trkpt lat="45.7918140" lon="4.7427630">
    <ele>296.1</ele>
    <time>2025-02-28T14:43:04Z</time>
   </trkpt>
   <trkpt lat="45.7917390" lon="4.7425600">
    <ele>295.9</ele>
    <time>2025-02-28T14:44:10Z</time>
   </trkpt>
   <trkpt lat="45.7916640" lon="4.7423570">
    <ele>295.2</ele>
    <time>2025-02-28T14:44:11Z</time>
   </trkpt>
   <trkpt lat="45.7916360" lon="4.7423120">
    <ele>295.1</ele>
    <time>2025-02-28T14:44:12Z</time>
   </trkpt>
   <trkpt lat="45.7916090" lon="4.7423180">
    <ele>295.1</ele>
    <time>2025-02-28T14:44:13Z</time>
   </trkpt>
   <trkpt lat="45.7915610" lon="4.7423020">
    <ele>295.1</ele>
    <time>2025-02-28T14:44:14Z</time>
   </trkpt>
   <trkpt lat="45.7915350" lon="4.7423240">
    <ele>295.1</ele>
    <time>2025-02-28T14:44:15Z</time>
   </trkpt>
   <trkpt lat="45.7915190" lon="4.7423330">
    <ele>295.1</ele>
    <time>2025-02-28T14:44:16Z</time>
   </trkpt>
   <trkpt lat="45.7914860" lon="4.7423480">
    <ele>295.0</ele>
    <time>2025-02-28T14:44:17Z</time>
   </trkpt>
   <trkpt lat="45.7914460" lon="4.7423850">
    <ele>295.0</ele>
    <time>2025-02-28T14:44:18Z</time>
   </trkpt>
   <trkpt lat="45.7914270" lon="4.7424080">
    <ele>295.0</ele>
    <time>2025-02-28T14:44:19Z</time>
   </trkpt>
   <trkpt lat="45.7913820" lon="4.7424330">
    <ele>295.0</ele>
    <time>2025-02-28T14:44:20Z</time>
   </trkpt>
   <trkpt lat="45.7913460" lon="4.7424490">
    <ele>295.0</ele>
    <time>2025-02-28T14:44:21Z</time>
   </trkpt>
   <trkpt lat="45.7913140" lon="4.7424870">
    <ele>295.0</ele>
    <time>2025-02-28T14:44:22Z</time>
   </trkpt>
   <trkpt lat="45.7912840" lon="4.7425000">
    <ele>295.0</ele>
    <time>2025-02-28T14:44:23Z</time>
   </trkpt>
   <trkpt lat="45.7912560" lon="4.7425210">
    <ele>295.0</ele>
    <time>2025-02-28T14:44:24Z</time>
   </trkpt>
   <trkpt lat="45.7912240" lon="4.7425460">
    <ele>295.0</ele>
    <time>2025-02-28T14:44:25Z</time>
   </trkpt>
   <trkpt lat="45.7911880" lon="4.7425690">
    <ele>295.0</ele>
    <time>2025-02-28T14:44:26Z</time>
   </trkpt>
   <trkpt lat="45.7911760" lon="4.7425800">
    <ele>295.0</ele>
    <time>2025-02-28T14:44:27Z</time>
   </trkpt>
   <trkpt lat="45.7911470" lon="4.7426100">
    <ele>295.0</ele>
    <time>2025-02-28T14:44:28Z</time>
   </trkpt>
   <trkpt lat="45.7911080" lon="4.7426300">
    <ele>295.0</ele>
    <time>2025-02-28T14:44:29Z</time>
   </trkpt>
   <trkpt lat="45.7910940" lon="4.7426380">
    <ele>295.0</ele>
    <time>2025-02-28T14:44:30Z</time>
   </trkpt>
   <trkpt lat="45.7910590" lon="4.7426710">
    <ele>295.1</ele>
    <time>2025-02-28T14:44:31Z</time>
   </trkpt>
   <trkpt lat="45.7910350" lon="4.7426970">
    <ele>295.1</ele>
    <time>2025-02-28T14:44:32Z</time>
   </trkpt>
   <trkpt lat="45.7909940" lon="4.7427210">
    <ele>295.1</ele>
    <time>2025-02-28T14:44:33Z</time>
   </trkpt>
   <trkpt lat="45.7909760" lon="4.7427320">
    <ele>295.1</ele>
    <time>2025-02-28T14:44:34Z</time>
   </trkpt>
   <trkpt lat="45.7909530" lon="4.7427610">
    <ele>295.2</ele>
    <time>2025-02-28T14:44:35Z</time>
   </trkpt>
   <trkpt lat="45.7909180" lon="4.7427940">
    <ele>295.2</ele>
    <time>2025-02-28T14:44:36Z</time>
   </trkpt>
   <trkpt lat="45.7909020" lon="4.7428040">
    <ele>295.2</ele>
    <time>2025-02-28T14:44:37Z</time>
   </trkpt>
   <trkpt lat="45.7908770" lon="4.7428350">
    <ele>295.3</ele>
    <time>2025-02-28T14:44:38Z</time>
   </trkpt>
   <trkpt lat="45.7908550" lon="4.7428750">
    <ele>295.3</ele>
    <time>2025-02-28T14:44:39Z</time>
   </trkpt>
   <trkpt lat="45.7908230" lon="4.7428930">
    <ele>295.4</ele>
    <time>2025-02-28T14:44:40Z</time>
   </trkpt>
   <trkpt lat="45.7907860" lon="4.7429210">
    <ele>295.4</ele>
    <time>2025-02-28T14:44:41Z</time>
   </trkpt>
   <trkpt lat="45.7907720" lon="4.7429340">
    <ele>295.4</ele>
    <time>2025-02-28T14:44:42Z</time>
   </trkpt>
   <trkpt lat="45.7907450" lon="4.7429550">
    <ele>295.5</ele>
    <time>2025-02-28T14:44:43Z</time>
   </trkpt>
   <trkpt lat="45.7907200" lon="4.7429830">
    <ele>295.5</ele>
    <time>2025-02-28T14:44:44Z</time>
   </trkpt>
   <trkpt lat="45.7906960" lon="4.7430010">
    <ele>295.5</ele>
    <time>2025-02-28T14:44:45Z</time>
   </trkpt>
   <trkpt lat="45.7906670" lon="4.7430230">
    <ele>295.6</ele>
    <time>2025-02-28T14:44:46Z</time>
   </trkpt>
   <trkpt lat="45.7906450" lon="4.7430500">
    <ele>295.6</ele>
    <time>2025-02-28T14:44:47Z</time>
   </trkpt>
   <trkpt lat="45.7906190" lon="4.7430780">
    <ele>295.7</ele>
    <time>2025-02-28T14:44:48Z</time>
   </trkpt>
   <trkpt lat="45.7905920" lon="4.7430870">
    <ele>295.7</ele>
    <time>2025-02-28T14:44:49Z</time>
   </trkpt>
   <trkpt lat="45.7905610" lon="4.7431220">
    <ele>295.8</ele>
    <time>2025-02-28T14:44:50Z</time>
   </trkpt>
   <trkpt lat="45.7905490" lon="4.7431340">
    <ele>295.8</ele>
    <time>2025-02-28T14:44:51Z</time>
   </trkpt>
   <trkpt lat="45.7905140" lon="4.7431560">
    <ele>295.9</ele>
    <time>2025-02-28T14:44:52Z</time>
   </trkpt>
   <trkpt lat="45.7904850" lon="4.7431640">
    <ele>295.9</ele>
    <time>2025-02-28T14:44:53Z</time>
   </trkpt>
   <trkpt lat="45.7904500" lon="4.7431940">
    <ele>296.0</ele>
    <time>2025-02-28T14:44:54Z</time>
   </trkpt>
   <trkpt lat="45.7904360" lon="4.7432040">
    <ele>296.0</ele>
    <time>2025-02-28T14:44:55Z</time>
   </trkpt>
   <trkpt lat="45.7904040" lon="4.7432420">
    <ele>296.1</ele>
    <time>2025-02-28T14:44:56Z</time>
   </trkpt>
   <trkpt lat="45.7903920" lon="4.7432560">
    <ele>296.1</ele>
    <time>2025-02-28T14:44:57Z</time>
   </trkpt>
   <trkpt lat="45.7903680" lon="4.7432870">
    <ele>296.2</ele>
    <time>2025-02-28T14:44:58Z</time>
   </trkpt>
   <trkpt lat="45.7903410" lon="4.7433070">
    <ele>296.2</ele>
    <time>2025-02-28T14:44:59Z</time>
   </trkpt>
   <trkpt lat="45.7903080" lon="4.7433320">
    <ele>296.3</ele>
    <time>2025-02-28T14:45:00Z</time>
   </trkpt>
   <trkpt lat="45.7902980" lon="4.7433470">
    <ele>296.3</ele>
    <time>2025-02-28T14:45:01Z</time>
   </trkpt>
   <trkpt lat="45.7902720" lon="4.7433680">
    <ele>296.4</ele>
    <time>2025-02-28T14:45:02Z</time>
   </trkpt>
   <trkpt lat="45.7902410" lon="4.7433980">
    <ele>296.5</ele>
    <time>2025-02-28T14:45:03Z</time>
   </trkpt>
   <trkpt lat="45.7902320" lon="4.7434070">
    <ele>296.5</ele>
    <time>2025-02-28T14:45:04Z</time>
   </trkpt>
   <trkpt lat="45.7902000" lon="4.7434450">
    <ele>296.6</ele>
    <time>2025-02-28T14:45:05Z</time>
   </trkpt>
   <trkpt lat="45.7901880" lon="4.7434610">
    <ele>296.6</ele>
    <time>2025-02-28T14:45:06Z</time>
   </trkpt>
   <trkpt lat="45.7901530" lon="4.7434980">
    <ele>296.7</ele>
    <time>2025-02-28T14:45:07Z</time>
   </trkpt>
   <trkpt lat="45.7901340" lon="4.7435130">
    <ele>296.8</ele>
    <time>2025-02-28T14:45:08Z</time>
   </trkpt>
   <trkpt lat="45.7901080" lon="4.7435350">
    <ele>296.8</ele>
    <time>2025-02-28T14:45:09Z</time>
   </trkpt>
   <trkpt lat="45.7900840" lon="4.7435580">
    <ele>296.9</ele>
    <time>2025-02-28T14:45:10Z</time>
   </trkpt>
   <trkpt lat="45.7900620" lon="4.7435850">
    <ele>297.0</ele>
    <time>2025-02-28T14:45:11Z</time>
   </trkpt>
   <trkpt lat="45.7900360" lon="4.7436070">
    <ele>297.0</ele>
    <time>2025-02-28T14:45:12Z</time>
   </trkpt>
   <trkpt lat="45.7900080" lon="4.7436340">
    <ele>297.1</ele>
    <time>2025-02-28T14:45:13Z</time>
   </trkpt>
   <trkpt lat="45.7899770" lon="4.7436610">
    <ele>297.1</ele>
    <time>2025-02-28T14:45:14Z</time>
   </trkpt>
   <trkpt lat="45.7899430" lon="4.7436950">
    <ele>297.2</ele>
    <time>2025-02-28T14:45:15Z</time>
   </trkpt>
   <trkpt lat="45.7899310" lon="4.7437090">
    <ele>297.2</ele>
    <time>2025-02-28T14:45:16Z</time>
   </trkpt>
   <trkpt lat="45.7899080" lon="4.7437330">
    <ele>297.2</ele>
    <time>2025-02-28T14:45:17Z</time>
   </trkpt>
   <trkpt lat="45.7898760" lon="4.7437510">
    <ele>297.3</ele>
    <time>2025-02-28T14:45:18Z</time>
   </trkpt>
   <trkpt lat="45.7898450" lon="4.7437900">
    <ele>297.4</ele>
    <time>2025-02-28T14:45:19Z</time>
   </trkpt>
   <trkpt lat="45.7898300" lon="4.7437990">
    <ele>297.4</ele>
    <time>2025-02-28T14:45:20Z</time>
   </trkpt>
   <trkpt lat="45.7898140" lon="4.7438340">
    <ele>297.4</ele>
    <time>2025-02-28T14:45:21Z</time>
   </trkpt>
   <trkpt lat="45.7897860" lon="4.7438540">
    <ele>297.5</ele>
    <time>2025-02-28T14:45:22Z</time>
   </trkpt>
   <trkpt lat="45.7897560" lon="4.7438840">
    <ele>297.5</ele>
    <time>2025-02-28T14:45:23Z</time>
   </trkpt>
   <trkpt lat="45.7897280" lon="4.7438980">
    <ele>297.6</ele>
    <time>2025-02-28T14:45:24Z</time>
   </trkpt>
   <trkpt lat="45.7896990" lon="4.7439130">
    <ele>297.6</ele>
    <time>2025-02-28T14:45:25Z</time>
   </trkpt>
   <trkpt lat="45.7896620" lon="4.7439400">
    <ele>297.7</ele>
    <time>2025-02-28T14:45:26Z</time>
   </trkpt>
   <trkpt lat="45.7896470" lon="4.7439550">
    <ele>297.7</ele>
    <time>2025-02-28T14:45:27Z</time>
   </trkpt>
   <trkpt lat="45.7896350" lon="4.7440030">
    <ele>297.5</ele>
    <time>2025-02-28T14:45:28Z</time>
   </trkpt>
   <trkpt lat="45.7895990" lon="4.7440080">
    <ele>297.3</ele>
    <time>2025-02-28T14:45:29Z</time>
   </trkpt>
   <trkpt lat="45.7895790" lon="4.7440000">
    <ele>297.3</ele>
    <time>2025-02-28T14:45:30Z</time>
   </trkpt>
   <trkpt lat="45.7895480" lon="4.7439730">
    <ele>297.2</ele>
    <time>2025-02-28T14:45:31Z</time>
   </trkpt>
   <trkpt lat="45.7895280" lon="4.7439470">
    <ele>297.1</ele>
    <time>2025-02-28T14:45:32Z</time>
   </trkpt>
   <trkpt lat="45.7894940" lon="4.7439280">
    <ele>297.0</ele>
    <time>2025-02-28T14:45:33Z</time>
   </trkpt>
   <trkpt lat="45.7894630" lon="4.7438990">
    <ele>296.9</ele>
    <time>2025-02-28T14:45:34Z</time>
   </trkpt>
   <trkpt lat="45.7894500" lon="4.7438920">
    <ele>296.9</ele>
    <time>2025-02-28T14:45:35Z</time>
   </trkpt>
   <trkpt lat="45.7894180" lon="4.7438560">
    <ele>296.8</ele>
    <time>2025-02-28T14:45:36Z</time>
   </trkpt>
   <trkpt lat="45.7893930" lon="4.7438360">
    <ele>296.7</ele>
    <time>2025-02-28T14:45:37Z</time>
   </trkpt>
   <trkpt lat="45.7893670" lon="4.7438050">
    <ele>296.6</ele>
    <time>2025-02-28T14:45:38Z</time>
   </trkpt>
   <trkpt lat="45.7893490" lon="4.7437740">
    <ele>296.5</ele>
    <time>2025-02-28T14:45:39Z</time>
   </trkpt>
   <trkpt lat="45.7893410" lon="4.7437210">
    <ele>296.4</ele>
    <time>2025-02-28T14:45:40Z</time>
   </trkpt>
   <trkpt lat="45.7893400" lon="4.7437010">
    <ele>296.3</ele>
    <time>2025-02-28T14:45:41Z</time>
   </trkpt>
   <trkpt lat="45.7893300" lon="4.7436580">
    <ele>296.2</ele>
    <time>2025-02-28T14:45:42Z</time>
   </trkpt>
   <trkpt lat="45.7893050" lon="4.7436240">
    <ele>296.1</ele>
    <time>2025-02-28T14:45:43Z</time>
   </trkpt>
   <trkpt lat="45.7892780" lon="4.7435970">
    <ele>296.0</ele>
    <time>2025-02-28T14:45:44Z</time>
   </trkpt>
   <trkpt lat="45.7892440" lon="4.7435740">
    <ele>295.9</ele>
    <time>2025-02-28T14:45:45Z</time>
   </trkpt>
   <trkpt lat="45.7892180" lon="4.7435310">
    <ele>295.7</ele>
    <time>2025-02-28T14:45:46Z</time>
   </trkpt>
   <trkpt lat="45.7891920" lon="4.7434940">
    <ele>295.6</ele>
    <time>2025-02-28T14:45:47Z</time>
   </trkpt>
   <trkpt lat="45.7891640" lon="4.7434710">
    <ele>295.5</ele>
    <time>2025-02-28T14:45:48Z</time>
   </trkpt>
   <trkpt lat="45.7891400" lon="4.7434300">
    <ele>295.4</ele>
    <time>2025-02-28T14:45:49Z</time>
   </trkpt>
   <trkpt lat="45.7891280" lon="4.7433930">
    <ele>295.3</ele>
    <time>2025-02-28T14:45:50Z</time>
   </trkpt>
   <trkpt lat="45.7891120" lon="4.7433610">
    <ele>295.2</ele>
    <time>2025-02-28T14:45:51Z</time>
   </trkpt>
   <trkpt lat="45.7890790" lon="4.7433350">
    <ele>295.1</ele>
    <time>2025-02-28T14:45:52Z</time>
   </trkpt>
   <trkpt lat="45.7890510" lon="4.7433170">
    <ele>295.0</ele>
    <time>2025-02-28T14:45:53Z</time>
   </trkpt>
   <trkpt lat="45.7890360" lon="4.7432770">
    <ele>294.9</ele>
    <time>2025-02-28T14:45:54Z</time>
   </trkpt>
   <trkpt lat="45.7890180" lon="4.7432250">
    <ele>294.7</ele>
    <time>2025-02-28T14:45:55Z</time>
   </trkpt>
   <trkpt lat="45.7890110" lon="4.7432050">
    <ele>294.7</ele>
    <time>2025-02-28T14:45:56Z</time>
   </trkpt>
   <trkpt lat="45.7889880" lon="4.7431690">
    <ele>294.6</ele>
    <time>2025-02-28T14:45:57Z</time>
   </trkpt>
   <trkpt lat="45.7889760" lon="4.7431260">
    <ele>294.5</ele>
    <time>2025-02-28T14:45:58Z</time>
   </trkpt>
   <trkpt lat="45.7889690" lon="4.7431040">
    <ele>294.4</ele>
    <time>2025-02-28T14:45:59Z</time>
   </trkpt>
   <trkpt lat="45.7889330" lon="4.7430730">
    <ele>294.3</ele>
    <time>2025-02-28T14:46:00Z</time>
   </trkpt>
   <trkpt lat="45.7889030" lon="4.7430300">
    <ele>294.2</ele>
    <time>2025-02-28T14:46:01Z</time>
   </trkpt>
   <trkpt lat="45.7888910" lon="4.7430140">
    <ele>294.1</ele>
    <time>2025-02-28T14:46:02Z</time>
   </trkpt>
   <trkpt lat="45.7888850" lon="4.7429760">
    <ele>294.0</ele>
    <time>2025-02-28T14:46:03Z</time>
   </trkpt>
   <trkpt lat="45.7888560" lon="4.7429320">
    <ele>293.9</ele>
    <time>2025-02-28T14:46:04Z</time>
   </trkpt>
   <trkpt lat="45.7888400" lon="4.7428980">
    <ele>293.8</ele>
    <time>2025-02-28T14:46:05Z</time>
   </trkpt>
   <trkpt lat="45.7888340" lon="4.7428570">
    <ele>293.7</ele>
    <time>2025-02-28T14:46:06Z</time>
   </trkpt>
   <trkpt lat="45.7888080" lon="4.7428160">
    <ele>293.6</ele>
    <time>2025-02-28T14:46:07Z</time>
   </trkpt>
   <trkpt lat="45.7887990" lon="4.7428010">
    <ele>293.6</ele>
    <time>2025-02-28T14:46:08Z</time>
   </trkpt>
   <trkpt lat="45.7887870" lon="4.7427500">
    <ele>293.5</ele>
    <time>2025-02-28T14:46:09Z</time>
   </trkpt>
   <trkpt lat="45.7887850" lon="4.7427320">
    <ele>293.4</ele>
    <time>2025-02-28T14:46:10Z</time>
   </trkpt>
   <trkpt lat="45.7887670" lon="4.7427000">
    <ele>293.4</ele>
    <time>2025-02-28T14:46:11Z</time>
   </trkpt>
   <trkpt lat="45.7887040" lon="4.7426730">
    <ele>293.3</ele>
    <time>2025-02-28T14:46:12Z</time>
   </trkpt>
   <trkpt lat="45.7886840" lon="4.7426350">
    <ele>293.2</ele>
    <time>2025-02-28T14:46:13Z</time>
   </trkpt>
   <trkpt lat="45.7886570" lon="4.7426070">
    <ele>293.2</ele>
    <time>2025-02-28T14:46:14Z</time>
   </trkpt>
   <trkpt lat="45.7886210" lon="4.7425690">
    <ele>293.1</ele>
    <time>2025-02-28T14:46:15Z</time>
   </trkpt>
   <trkpt lat="45.7885990" lon="4.7425260">
    <ele>293.1</ele>
    <time>2025-02-28T14:46:16Z</time>
   </trkpt>
   <trkpt lat="45.7885720" lon="4.7424990">
    <ele>293.1</ele>
    <time>2025-02-28T14:46:17Z</time>
   </trkpt>
   <trkpt lat="45.7885540" lon="4.7424600">
    <ele>293.0</ele>
    <time>2025-02-28T14:46:18Z</time>
   </trkpt>
   <trkpt lat="45.7885280" lon="4.7424260">
    <ele>293.0</ele>
    <time>2025-02-28T14:46:19Z</time>
   </trkpt>
   <trkpt lat="45.7885070" lon="4.7423970">
    <ele>293.0</ele>
    <time>2025-02-28T14:46:20Z</time>
   </trkpt>
   <trkpt lat="45.7884790" lon="4.7423660">
    <ele>292.9</ele>
    <time>2025-02-28T14:46:21Z</time>
   </trkpt>
   <trkpt lat="45.7884650" lon="4.7423170">
    <ele>292.9</ele>
    <time>2025-02-28T14:46:22Z</time>
   </trkpt>
   <trkpt lat="45.7884550" lon="4.7423040">
    <ele>292.9</ele>
    <time>2025-02-28T14:46:23Z</time>
   </trkpt>
   <trkpt lat="45.7884350" lon="4.7422720">
    <ele>292.8</ele>
    <time>2025-02-28T14:46:24Z</time>
   </trkpt>
   <trkpt lat="45.7884200" lon="4.7422280">
    <ele>292.8</ele>
    <time>2025-02-28T14:46:25Z</time>
   </trkpt>
   <trkpt lat="45.7884070" lon="4.7421940">
    <ele>292.8</ele>
    <time>2025-02-28T14:46:26Z</time>
   </trkpt>
   <trkpt lat="45.7883760" lon="4.7421550">
    <ele>292.7</ele>
    <time>2025-02-28T14:46:27Z</time>
   </trkpt>
   <trkpt lat="45.7883520" lon="4.7421440">
    <ele>292.7</ele>
    <time>2025-02-28T14:46:28Z</time>
   </trkpt>
   <trkpt lat="45.7883110" lon="4.7421260">
    <ele>292.7</ele>
    <time>2025-02-28T14:46:29Z</time>
   </trkpt>
   <trkpt lat="45.7882880" lon="4.7421020">
    <ele>292.7</ele>
    <time>2025-02-28T14:46:30Z</time>
   </trkpt>
   <trkpt lat="45.7882690" lon="4.7420630">
    <ele>292.7</ele>
    <time>2025-02-28T14:46:31Z</time>
   </trkpt>
   <trkpt lat="45.7882390" lon="4.7420300">
    <ele>292.7</ele>
    <time>2025-02-28T14:46:32Z</time>
   </trkpt>
   <trkpt lat="45.7882090" lon="4.7419960">
    <ele>292.6</ele>
    <time>2025-02-28T14:46:33Z</time>
   </trkpt>
   <trkpt lat="45.7881850" lon="4.7419700">
    <ele>292.6</ele>
    <time>2025-02-28T14:46:34Z</time>
   </trkpt>
   <trkpt lat="45.7881560" lon="4.7419450">
    <ele>292.6</ele>
    <time>2025-02-28T14:46:35Z</time>
   </trkpt>
   <trkpt lat="45.7881180" lon="4.7419270">
    <ele>292.6</ele>
    <time>2025-02-28T14:46:36Z</time>
   </trkpt>
   <trkpt lat="45.7880900" lon="4.7418970">
    <ele>292.6</ele>
    <time>2025-02-28T14:46:37Z</time>
   </trkpt>
   <trkpt lat="45.7880650" lon="4.7418740">
    <ele>292.5</ele>
    <time>2025-02-28T14:46:38Z</time>
   </trkpt>
   <trkpt lat="45.7880300" lon="4.7418530">
    <ele>292.5</ele>
    <time>2025-02-28T14:46:39Z</time>
   </trkpt>
   <trkpt lat="45.7880130" lon="4.7418470">
    <ele>292.5</ele>
    <time>2025-02-28T14:46:40Z</time>
   </trkpt>
   <trkpt lat="45.7879760" lon="4.7418450">
    <ele>292.5</ele>
    <time>2025-02-28T14:46:41Z</time>
   </trkpt>
   <trkpt lat="45.7879520" lon="4.7418180">
    <ele>292.5</ele>
    <time>2025-02-28T14:46:42Z</time>
   </trkpt>
   <trkpt lat="45.7879190" lon="4.7417940">
    <ele>292.5</ele>
    <time>2025-02-28T14:46:43Z</time>
   </trkpt>
   <trkpt lat="45.7879070" lon="4.7417910">
    <ele>292.5</ele>
    <time>2025-02-28T14:46:44Z</time>
   </trkpt>
   <trkpt lat="45.7878740" lon="4.7417750">
    <ele>292.6</ele>
    <time>2025-02-28T14:46:45Z</time>
   </trkpt>
   <trkpt lat="45.7878370" lon="4.7417570">
    <ele>292.6</ele>
    <time>2025-02-28T14:46:46Z</time>
   </trkpt>
   <trkpt lat="45.7878060" lon="4.7417310">
    <ele>292.7</ele>
    <time>2025-02-28T14:46:47Z</time>
   </trkpt>
   <trkpt lat="45.7877690" lon="4.7417140">
    <ele>292.7</ele>
    <time>2025-02-28T14:46:48Z</time>
   </trkpt>
   <trkpt lat="45.7877520" lon="4.7417110">
    <ele>292.7</ele>
    <time>2025-02-28T14:46:49Z</time>
   </trkpt>
   <trkpt lat="45.7877130" lon="4.7416990">
    <ele>292.8</ele>
    <time>2025-02-28T14:46:50Z</time>
   </trkpt>
   <trkpt lat="45.7876970" lon="4.7416950">
    <ele>292.8</ele>
    <time>2025-02-28T14:46:51Z</time>
   </trkpt>
   <trkpt lat="45.7876600" lon="4.7417040">
    <ele>292.9</ele>
    <time>2025-02-28T14:46:52Z</time>
   </trkpt>
   <trkpt lat="45.7876430" lon="4.7417120">
    <ele>292.9</ele>
    <time>2025-02-28T14:46:53Z</time>
   </trkpt>
   <trkpt lat="45.7876080" lon="4.7417330">
    <ele>293.0</ele>
    <time>2025-02-28T14:46:54Z</time>
   </trkpt>
   <trkpt lat="45.7875770" lon="4.7417370">
    <ele>293.0</ele>
    <time>2025-02-28T14:46:55Z</time>
   </trkpt>
   <trkpt lat="45.7875470" lon="4.7417300">
    <ele>293.1</ele>
    <time>2025-02-28T14:46:56Z</time>
   </trkpt>
   <trkpt lat="45.7875250" lon="4.7417550">
    <ele>293.1</ele>
    <time>2025-02-28T14:46:57Z</time>
   </trkpt>
   <trkpt lat="45.7874990" lon="4.7417690">
    <ele>293.2</ele>
    <time>2025-02-28T14:46:58Z</time>
   </trkpt>
   <trkpt lat="45.7874640" lon="4.7417730">
    <ele>293.2</ele>
    <time>2025-02-28T14:46:59Z</time>
   </trkpt>
   <trkpt lat="45.7874310" lon="4.7417680">
    <ele>293.3</ele>
    <time>2025-02-28T14:47:00Z</time>
   </trkpt>
   <trkpt lat="45.7873990" lon="4.7417650">
    <ele>293.4</ele>
    <time>2025-02-28T14:47:01Z</time>
   </trkpt>
   <trkpt lat="45.7873720" lon="4.7417720">
    <ele>293.4</ele>
    <time>2025-02-28T14:47:02Z</time>
   </trkpt>
   <trkpt lat="45.7873430" lon="4.7417830">
    <ele>293.5</ele>
    <time>2025-02-28T14:47:03Z</time>
   </trkpt>
   <trkpt lat="45.7873130" lon="4.7418020">
    <ele>293.5</ele>
    <time>2025-02-28T14:47:04Z</time>
   </trkpt>
   <trkpt lat="45.7872680" lon="4.7418130">
    <ele>293.6</ele>
    <time>2025-02-28T14:47:05Z</time>
   </trkpt>
   <trkpt lat="45.7872320" lon="4.7418190">
    <ele>293.7</ele>
    <time>2025-02-28T14:47:06Z</time>
   </trkpt>
   <trkpt lat="45.7872030" lon="4.7418490">
    <ele>293.7</ele>
    <time>2025-02-28T14:47:07Z</time>
   </trkpt>
   <trkpt lat="45.7871620" lon="4.7418620">
    <ele>293.8</ele>
    <time>2025-02-28T14:47:08Z</time>
   </trkpt>
   <trkpt lat="45.7871450" lon="4.7418670">
    <ele>293.8</ele>
    <time>2025-02-28T14:47:09Z</time>
   </trkpt>
   <trkpt lat="45.7871070" lon="4.7418800">
    <ele>293.8</ele>
    <time>2025-02-28T14:47:10Z</time>
   </trkpt>
   <trkpt lat="45.7870740" lon="4.7418880">
    <ele>293.9</ele>
    <time>2025-02-28T14:47:11Z</time>
   </trkpt>
   <trkpt lat="45.7870330" lon="4.7418940">
    <ele>293.9</ele>
    <time>2025-02-28T14:47:12Z</time>
   </trkpt>
   <trkpt lat="45.7870070" lon="4.7419050">
    <ele>293.9</ele>
    <time>2025-02-28T14:47:13Z</time>
   </trkpt>
   <trkpt lat="45.7869970" lon="4.7419090">
    <ele>293.9</ele>
    <time>2025-02-28T14:47:14Z</time>
   </trkpt>
   <trkpt lat="45.7869690" lon="4.7419220">
    <ele>294.0</ele>
    <time>2025-02-28T14:47:15Z</time>
   </trkpt>
   <trkpt lat="45.7869370" lon="4.7419330">
    <ele>294.0</ele>
    <time>2025-02-28T14:47:16Z</time>
   </trkpt>
   <trkpt lat="45.7869040" lon="4.7419500">
    <ele>294.1</ele>
    <time>2025-02-28T14:47:17Z</time>
   </trkpt>
   <trkpt lat="45.7868610" lon="4.7419700">
    <ele>294.1</ele>
    <time>2025-02-28T14:47:18Z</time>
   </trkpt>
   <trkpt lat="45.7868140" lon="4.7419930">
    <ele>294.2</ele>
    <time>2025-02-28T14:47:19Z</time>
   </trkpt>
   <trkpt lat="45.7867900" lon="4.7420020">
    <ele>294.2</ele>
    <time>2025-02-28T14:47:20Z</time>
   </trkpt>
   <trkpt lat="45.7867300" lon="4.7420010">
    <ele>294.3</ele>
    <time>2025-02-28T14:47:22Z</time>
   </trkpt>
   <trkpt lat="45.7866890" lon="4.7419940">
    <ele>294.3</ele>
    <time>2025-02-28T14:47:24Z</time>
   </trkpt>
   <trkpt lat="45.7866230" lon="4.7419990">
    <ele>294.4</ele>
    <time>2025-02-28T14:47:25Z</time>
   </trkpt>
   <trkpt lat="45.7865860" lon="4.7420210">
    <ele>294.3</ele>
    <time>2025-02-28T14:47:27Z</time>
   </trkpt>
   <trkpt lat="45.7865530" lon="4.7420510">
    <ele>294.3</ele>
    <time>2025-02-28T14:47:28Z</time>
   </trkpt>
   <trkpt lat="45.7865400" lon="4.7420620">
    <ele>294.3</ele>
    <time>2025-02-28T14:47:29Z</time>
   </trkpt>
   <trkpt lat="45.7865100" lon="4.7420800">
    <ele>294.3</ele>
    <time>2025-02-28T14:47:30Z</time>
   </trkpt>
   <trkpt lat="45.7864710" lon="4.7420940">
    <ele>294.2</ele>
    <time>2025-02-28T14:47:31Z</time>
   </trkpt>
   <trkpt lat="45.7864560" lon="4.7420950">
    <ele>294.2</ele>
    <time>2025-02-28T14:47:32Z</time>
   </trkpt>
   <trkpt lat="45.7864240" lon="4.7420910">
    <ele>294.2</ele>
    <time>2025-02-28T14:47:33Z</time>
   </trkpt>
   <trkpt lat="45.7863960" lon="4.7421070">
    <ele>294.1</ele>
    <time>2025-02-28T14:47:34Z</time>
   </trkpt>
   <trkpt lat="45.7863660" lon="4.7421180">
    <ele>294.1</ele>
    <time>2025-02-28T14:47:35Z</time>
   </trkpt>
   <trkpt lat="45.7863050" lon="4.7421310">
    <ele>294.0</ele>
    <time>2025-02-28T14:47:36Z</time>
   </trkpt>
   <trkpt lat="45.7862700" lon="4.7421530">
    <ele>293.9</ele>
    <time>2025-02-28T14:47:37Z</time>
   </trkpt>
   <trkpt lat="45.7862400" lon="4.7421860">
    <ele>293.8</ele>
    <time>2025-02-28T14:47:38Z</time>
   </trkpt>
   <trkpt lat="45.7862110" lon="4.7421950">
    <ele>293.7</ele>
    <time>2025-02-28T14:47:39Z</time>
   </trkpt>
   <trkpt lat="45.7861740" lon="4.7421880">
    <ele>293.6</ele>
    <time>2025-02-28T14:47:40Z</time>
   </trkpt>
   <trkpt lat="45.7861310" lon="4.7421760">
    <ele>293.5</ele>
    <time>2025-02-28T14:47:41Z</time>
   </trkpt>
   <trkpt lat="45.7861080" lon="4.7422000">
    <ele>293.5</ele>
    <time>2025-02-28T14:47:42Z</time>
   </trkpt>
   <trkpt lat="45.7860720" lon="4.7422110">
    <ele>293.4</ele>
    <time>2025-02-28T14:47:43Z</time>
   </trkpt>
   <trkpt lat="45.7860410" lon="4.7422230">
    <ele>293.3</ele>
    <time>2025-02-28T14:47:44Z</time>
   </trkpt>
   <trkpt lat="45.7860180" lon="4.7422280">
    <ele>293.3</ele>
    <time>2025-02-28T14:47:45Z</time>
   </trkpt>
   <trkpt lat="45.7859780" lon="4.7422290">
    <ele>293.2</ele>
    <time>2025-02-28T14:47:46Z</time>
   </trkpt>
   <trkpt lat="45.7859390" lon="4.7422360">
    <ele>293.1</ele>
    <time>2025-02-28T14:47:47Z</time>
   </trkpt>
   <trkpt lat="45.7859040" lon="4.7422500">
    <ele>293.0</ele>
    <time>2025-02-28T14:47:48Z</time>
   </trkpt>
   <trkpt lat="45.7858760" lon="4.7422660">
    <ele>292.9</ele>
    <time>2025-02-28T14:47:49Z</time>
   </trkpt>
   <trkpt lat="45.7858480" lon="4.7422770">
    <ele>292.9</ele>
    <time>2025-02-28T14:47:50Z</time>
   </trkpt>
   <trkpt lat="45.7858210" lon="4.7422890">
    <ele>292.8</ele>
    <time>2025-02-28T14:47:51Z</time>
   </trkpt>
   <trkpt lat="45.7857800" lon="4.7423110">
    <ele>292.7</ele>
    <time>2025-02-28T14:47:52Z</time>
   </trkpt>
   <trkpt lat="45.7857620" lon="4.7423170">
    <ele>292.7</ele>
    <time>2025-02-28T14:47:53Z</time>
   </trkpt>
   <trkpt lat="45.7857340" lon="4.7423300">
    <ele>292.6</ele>
    <time>2025-02-28T14:47:54Z</time>
   </trkpt>
   <trkpt lat="45.7857010" lon="4.7423240">
    <ele>292.6</ele>
    <time>2025-02-28T14:47:55Z</time>
   </trkpt>
   <trkpt lat="45.7856660" lon="4.7423380">
    <ele>292.5</ele>
    <time>2025-02-28T14:47:56Z</time>
   </trkpt>
   <trkpt lat="45.7856470" lon="4.7423450">
    <ele>292.5</ele>
    <time>2025-02-28T14:47:57Z</time>
   </trkpt>
   <trkpt lat="45.7856190" lon="4.7423350">
    <ele>292.4</ele>
    <time>2025-02-28T14:47:58Z</time>
   </trkpt>
   <trkpt lat="45.7855900" lon="4.7423050">
    <ele>292.4</ele>
    <time>2025-02-28T14:47:59Z</time>
   </trkpt>
   <trkpt lat="45.7855580" lon="4.7422880">
    <ele>292.3</ele>
    <time>2025-02-28T14:48:00Z</time>
   </trkpt>
   <trkpt lat="45.7855470" lon="4.7422860">
    <ele>292.3</ele>
    <time>2025-02-28T14:48:01Z</time>
   </trkpt>
   <trkpt lat="45.7855170" lon="4.7423060">
    <ele>292.3</ele>
    <time>2025-02-28T14:48:02Z</time>
   </trkpt>
   <trkpt lat="45.7854910" lon="4.7423240">
    <ele>292.2</ele>
    <time>2025-02-28T14:48:03Z</time>
   </trkpt>
   <trkpt lat="45.7854570" lon="4.7423400">
    <ele>292.2</ele>
    <time>2025-02-28T14:48:04Z</time>
   </trkpt>
   <trkpt lat="45.7854210" lon="4.7423620">
    <ele>292.1</ele>
    <time>2025-02-28T14:48:05Z</time>
   </trkpt>
   <trkpt lat="45.7853840" lon="4.7423780">
    <ele>292.0</ele>
    <time>2025-02-28T14:48:06Z</time>
   </trkpt>
   <trkpt lat="45.7853540" lon="4.7423920">
    <ele>292.0</ele>
    <time>2025-02-28T14:48:07Z</time>
   </trkpt>
   <trkpt lat="45.7853170" lon="4.7424020">
    <ele>291.9</ele>
    <time>2025-02-28T14:48:08Z</time>
   </trkpt>
   <trkpt lat="45.7853040" lon="4.7423980">
    <ele>291.9</ele>
    <time>2025-02-28T14:48:09Z</time>
   </trkpt>
   <trkpt lat="45.7852970" lon="4.7423410">
    <ele>291.8</ele>
    <time>2025-02-28T14:48:10Z</time>
   </trkpt>
   <trkpt lat="45.7852810" lon="4.7423350">
    <ele>291.9</ele>
    <time>2025-02-28T14:48:11Z</time>
   </trkpt>
   <trkpt lat="45.7852590" lon="4.7423540">
    <ele>291.9</ele>
    <time>2025-02-28T14:48:12Z</time>
   </trkpt>
   <trkpt lat="45.7852380" lon="4.7423720">
    <ele>291.9</ele>
    <time>2025-02-28T14:48:13Z</time>
   </trkpt>
   <trkpt lat="45.7851840" lon="4.7424090">
    <ele>291.9</ele>
    <time>2025-02-28T14:48:14Z</time>
   </trkpt>
   <trkpt lat="45.7851450" lon="4.7424470">
    <ele>291.8</ele>
    <time>2025-02-28T14:48:15Z</time>
   </trkpt>
   <trkpt lat="45.7850980" lon="4.7424390">
    <ele>291.7</ele>
    <time>2025-02-28T14:48:16Z</time>
   </trkpt>
   <trkpt lat="45.7850590" lon="4.7424390">
    <ele>291.6</ele>
    <time>2025-02-28T14:48:17Z</time>
   </trkpt>
   <trkpt lat="45.7850280" lon="4.7424330">
    <ele>291.5</ele>
    <time>2025-02-28T14:48:18Z</time>
   </trkpt>
   <trkpt lat="45.7849870" lon="4.7424500">
    <ele>291.3</ele>
    <time>2025-02-28T14:48:19Z</time>
   </trkpt>
   <trkpt lat="45.7849490" lon="4.7424600">
    <ele>291.2</ele>
    <time>2025-02-28T14:48:20Z</time>
   </trkpt>
   <trkpt lat="45.7849110" lon="4.7424690">
    <ele>291.0</ele>
    <time>2025-02-28T14:48:21Z</time>
   </trkpt>
   <trkpt lat="45.7848830" lon="4.7424760">
    <ele>290.9</ele>
    <time>2025-02-28T14:48:22Z</time>
   </trkpt>
   <trkpt lat="45.7848540" lon="4.7424880">
    <ele>290.7</ele>
    <time>2025-02-28T14:48:23Z</time>
   </trkpt>
   <trkpt lat="45.7848210" lon="4.7424940">
    <ele>290.5</ele>
    <time>2025-02-28T14:48:24Z</time>
   </trkpt>
   <trkpt lat="45.7847860" lon="4.7424680">
    <ele>290.3</ele>
    <time>2025-02-28T14:48:25Z</time>
   </trkpt>
   <trkpt lat="45.7847520" lon="4.7424550">
    <ele>290.0</ele>
    <time>2025-02-28T14:48:26Z</time>
   </trkpt>
   <trkpt lat="45.7847140" lon="4.7424660">
    <ele>289.8</ele>
    <time>2025-02-28T14:48:27Z</time>
   </trkpt>
   <trkpt lat="45.7846750" lon="4.7424740">
    <ele>289.5</ele>
    <time>2025-02-28T14:48:28Z</time>
   </trkpt>
   <trkpt lat="45.7846420" lon="4.7424820">
    <ele>289.3</ele>
    <time>2025-02-28T14:48:29Z</time>
   </trkpt>
   <trkpt lat="45.7846100" lon="4.7425340">
    <ele>288.9</ele>
    <time>2025-02-28T14:48:30Z</time>
   </trkpt>
   <trkpt lat="45.7845730" lon="4.7425550">
    <ele>288.6</ele>
    <time>2025-02-28T14:48:31Z</time>
   </trkpt>
   <trkpt lat="45.7845450" lon="4.7425460">
    <ele>288.3</ele>
    <time>2025-02-28T14:48:33Z</time>
   </trkpt>
   <trkpt lat="45.7845010" lon="4.7425590">
    <ele>287.9</ele>
    <time>2025-02-28T14:48:34Z</time>
   </trkpt>
   <trkpt lat="45.7844640" lon="4.7425780">
    <ele>287.6</ele>
    <time>2025-02-28T14:48:35Z</time>
   </trkpt>
   <trkpt lat="45.7844210" lon="4.7425930">
    <ele>287.2</ele>
    <time>2025-02-28T14:48:36Z</time>
   </trkpt>
   <trkpt lat="45.7844030" lon="4.7426020">
    <ele>287.0</ele>
    <time>2025-02-28T14:48:37Z</time>
   </trkpt>
   <trkpt lat="45.7843750" lon="4.7426100">
    <ele>286.7</ele>
    <time>2025-02-28T14:48:38Z</time>
   </trkpt>
   <trkpt lat="45.7843390" lon="4.7426120">
    <ele>286.4</ele>
    <time>2025-02-28T14:48:39Z</time>
   </trkpt>
   <trkpt lat="45.7843100" lon="4.7426140">
    <ele>286.2</ele>
    <time>2025-02-28T14:48:40Z</time>
   </trkpt>
   <trkpt lat="45.7842690" lon="4.7426150">
    <ele>285.8</ele>
    <time>2025-02-28T14:48:41Z</time>
   </trkpt>
   <trkpt lat="45.7842390" lon="4.7426290">
    <ele>285.6</ele>
    <time>2025-02-28T14:48:42Z</time>
   </trkpt>
   <trkpt lat="45.7842000" lon="4.7426200">
    <ele>285.3</ele>
    <time>2025-02-28T14:48:43Z</time>
   </trkpt>
   <trkpt lat="45.7841600" lon="4.7426280">
    <ele>285.0</ele>
    <time>2025-02-28T14:48:44Z</time>
   </trkpt>
   <trkpt lat="45.7841230" lon="4.7426410">
    <ele>284.7</ele>
    <time>2025-02-28T14:48:45Z</time>
   </trkpt>
   <trkpt lat="45.7840840" lon="4.7426510">
    <ele>284.4</ele>
    <time>2025-02-28T14:48:46Z</time>
   </trkpt>
   <trkpt lat="45.7840480" lon="4.7426630">
    <ele>284.1</ele>
    <time>2025-02-28T14:48:47Z</time>
   </trkpt>
   <trkpt lat="45.7840190" lon="4.7426830">
    <ele>283.9</ele>
    <time>2025-02-28T14:48:48Z</time>
   </trkpt>
   <trkpt lat="45.7839780" lon="4.7426920">
    <ele>283.6</ele>
    <time>2025-02-28T14:48:49Z</time>
   </trkpt>
   <trkpt lat="45.7839630" lon="4.7426960">
    <ele>283.5</ele>
    <time>2025-02-28T14:48:50Z</time>
   </trkpt>
   <trkpt lat="45.7839290" lon="4.7427210">
    <ele>283.3</ele>
    <time>2025-02-28T14:48:51Z</time>
   </trkpt>
   <trkpt lat="45.7838990" lon="4.7427240">
    <ele>283.1</ele>
    <time>2025-02-28T14:48:52Z</time>
   </trkpt>
   <trkpt lat="45.7838710" lon="4.7426820">
    <ele>282.8</ele>
    <time>2025-02-28T14:48:53Z</time>
   </trkpt>
   <trkpt lat="45.7838660" lon="4.7426550">
    <ele>282.7</ele>
    <time>2025-02-28T14:48:54Z</time>
   </trkpt>
   <trkpt lat="45.7838310" lon="4.7426700">
    <ele>282.4</ele>
    <time>2025-02-28T14:48:55Z</time>
   </trkpt>
   <trkpt lat="45.7838210" lon="4.7426840">
    <ele>282.4</ele>
    <time>2025-02-28T14:48:56Z</time>
   </trkpt>
   <trkpt lat="45.7837850" lon="4.7426980">
    <ele>282.1</ele>
    <time>2025-02-28T14:48:57Z</time>
   </trkpt>
   <trkpt lat="45.7837370" lon="4.7427030">
    <ele>281.8</ele>
    <time>2025-02-28T14:48:58Z</time>
   </trkpt>
   <trkpt lat="45.7837050" lon="4.7427060">
    <ele>281.5</ele>
    <time>2025-02-28T14:48:59Z</time>
   </trkpt>
   <trkpt lat="45.7836710" lon="4.7426840">
    <ele>281.3</ele>
    <time>2025-02-28T14:49:00Z</time>
   </trkpt>
   <trkpt lat="45.7836410" lon="4.7426510">
    <ele>280.7</ele>
    <time>2025-02-28T14:49:01Z</time>
   </trkpt>
   <trkpt lat="45.7836210" lon="4.7426060">
    <ele>280.2</ele>
    <time>2025-02-28T14:49:02Z</time>
   </trkpt>
   <trkpt lat="45.7836020" lon="4.7425700">
    <ele>279.8</ele>
    <time>2025-02-28T14:49:03Z</time>
   </trkpt>
   <trkpt lat="45.7835920" lon="4.7425290">
    <ele>279.4</ele>
    <time>2025-02-28T14:49:04Z</time>
   </trkpt>
   <trkpt lat="45.7835750" lon="4.7424760">
    <ele>278.9</ele>
    <time>2025-02-28T14:49:05Z</time>
   </trkpt>
   <trkpt lat="45.7835650" lon="4.7424560">
    <ele>278.7</ele>
    <time>2025-02-28T14:49:06Z</time>
   </trkpt>
   <trkpt lat="45.7835440" lon="4.7424200">
    <ele>278.3</ele>
    <time>2025-02-28T14:49:07Z</time>
   </trkpt>
   <trkpt lat="45.7835230" lon="4.7423780">
    <ele>277.9</ele>
    <time>2025-02-28T14:49:08Z</time>
   </trkpt>
   <trkpt lat="45.7835130" lon="4.7423590">
    <ele>277.7</ele>
    <time>2025-02-28T14:49:09Z</time>
   </trkpt>
   <trkpt lat="45.7834910" lon="4.7423070">
    <ele>277.2</ele>
    <time>2025-02-28T14:49:10Z</time>
   </trkpt>
   <trkpt lat="45.7834720" lon="4.7422690">
    <ele>276.8</ele>
    <time>2025-02-28T14:49:11Z</time>
   </trkpt>
   <trkpt lat="45.7834580" lon="4.7422200">
    <ele>276.3</ele>
    <time>2025-02-28T14:49:12Z</time>
   </trkpt>
   <trkpt lat="45.7834490" lon="4.7421820">
    <ele>275.9</ele>
    <time>2025-02-28T14:49:13Z</time>
   </trkpt>
   <trkpt lat="45.7834320" lon="4.7421360">
    <ele>275.5</ele>
    <time>2025-02-28T14:49:14Z</time>
   </trkpt>
   <trkpt lat="45.7834000" lon="4.7421090">
    <ele>275.0</ele>
    <time>2025-02-28T14:49:15Z</time>
   </trkpt>
   <trkpt lat="45.7833840" lon="4.7420570">
    <ele>274.6</ele>
    <time>2025-02-28T14:49:16Z</time>
   </trkpt>
   <trkpt lat="45.7833610" lon="4.7420230">
    <ele>274.2</ele>
    <time>2025-02-28T14:49:17Z</time>
   </trkpt>
   <trkpt lat="45.7833400" lon="4.7419840">
    <ele>273.8</ele>
    <time>2025-02-28T14:49:18Z</time>
   </trkpt>
   <trkpt lat="45.7833270" lon="4.7419420">
    <ele>273.4</ele>
    <time>2025-02-28T14:49:19Z</time>
   </trkpt>
   <trkpt lat="45.7833080" lon="4.7419030">
    <ele>273.0</ele>
    <time>2025-02-28T14:49:20Z</time>
   </trkpt>
   <trkpt lat="45.7832830" lon="4.7418600">
    <ele>272.6</ele>
    <time>2025-02-28T14:49:21Z</time>
   </trkpt>
   <trkpt lat="45.7832710" lon="4.7418340">
    <ele>272.3</ele>
    <time>2025-02-28T14:49:22Z</time>
   </trkpt>
   <trkpt lat="45.7832540" lon="4.7417720">
    <ele>271.9</ele>
    <time>2025-02-28T14:49:23Z</time>
   </trkpt>
   <trkpt lat="45.7832460" lon="4.7417110">
    <ele>271.4</ele>
    <time>2025-02-28T14:49:24Z</time>
   </trkpt>
   <trkpt lat="45.7831820" lon="4.7416560">
    <ele>270.6</ele>
    <time>2025-02-28T14:49:25Z</time>
   </trkpt>
   <trkpt lat="45.7831510" lon="4.7416270">
    <ele>270.2</ele>
    <time>2025-02-28T14:49:26Z</time>
   </trkpt>
   <trkpt lat="45.7831200" lon="4.7416050">
    <ele>269.9</ele>
    <time>2025-02-28T14:49:27Z</time>
   </trkpt>
   <trkpt lat="45.7830820" lon="4.7415770">
    <ele>269.5</ele>
    <time>2025-02-28T14:49:28Z</time>
   </trkpt>
   <trkpt lat="45.7830620" lon="4.7415600">
    <ele>269.2</ele>
    <time>2025-02-28T14:49:29Z</time>
   </trkpt>
   <trkpt lat="45.7830200" lon="4.7415360">
    <ele>268.8</ele>
    <time>2025-02-28T14:49:30Z</time>
   </trkpt>
   <trkpt lat="45.7829840" lon="4.7415150">
    <ele>268.4</ele>
    <time>2025-02-28T14:49:31Z</time>
   </trkpt>
   <trkpt lat="45.7829470" lon="4.7414920">
    <ele>268.0</ele>
    <time>2025-02-28T14:49:32Z</time>
   </trkpt>
   <trkpt lat="45.7829120" lon="4.7414790">
    <ele>267.7</ele>
    <time>2025-02-28T14:49:33Z</time>
   </trkpt>
   <trkpt lat="45.7828790" lon="4.7414660">
    <ele>267.4</ele>
    <time>2025-02-28T14:49:34Z</time>
   </trkpt>
   <trkpt lat="45.7828520" lon="4.7414310">
    <ele>267.1</ele>
    <time>2025-02-28T14:49:35Z</time>
   </trkpt>
   <trkpt lat="45.7828230" lon="4.7414040">
    <ele>266.8</ele>
    <time>2025-02-28T14:49:36Z</time>
   </trkpt>
   <trkpt lat="45.7827900" lon="4.7413790">
    <ele>266.5</ele>
    <time>2025-02-28T14:49:37Z</time>
   </trkpt>
   <trkpt lat="45.7827530" lon="4.7413610">
    <ele>266.2</ele>
    <time>2025-02-28T14:49:38Z</time>
   </trkpt>
   <trkpt lat="45.7827200" lon="4.7413600">
    <ele>265.9</ele>
    <time>2025-02-28T14:49:39Z</time>
   </trkpt>
   <trkpt lat="45.7826910" lon="4.7413740">
    <ele>265.6</ele>
    <time>2025-02-28T14:49:40Z</time>
   </trkpt>
   <trkpt lat="45.7826460" lon="4.7413770">
    <ele>265.1</ele>
    <time>2025-02-28T14:49:41Z</time>
   </trkpt>
   <trkpt lat="45.7826080" lon="4.7413680">
    <ele>264.7</ele>
    <time>2025-02-28T14:49:42Z</time>
   </trkpt>
   <trkpt lat="45.7825950" lon="4.7413520">
    <ele>264.4</ele>
    <time>2025-02-28T14:49:43Z</time>
   </trkpt>
   <trkpt lat="45.7825890" lon="4.7412970">
    <ele>263.8</ele>
    <time>2025-02-28T14:49:44Z</time>
   </trkpt>
   <trkpt lat="45.7826050" lon="4.7412590">
    <ele>263.4</ele>
    <time>2025-02-28T14:49:45Z</time>
   </trkpt>
   <trkpt lat="45.7826340" lon="4.7412220">
    <ele>262.8</ele>
    <time>2025-02-28T14:49:46Z</time>
   </trkpt>
   <trkpt lat="45.7826690" lon="4.7412020">
    <ele>262.3</ele>
    <time>2025-02-28T14:49:47Z</time>
   </trkpt>
   <trkpt lat="45.7826810" lon="4.7411940">
    <ele>262.1</ele>
    <time>2025-02-28T14:49:48Z</time>
   </trkpt>
   <trkpt lat="45.7826990" lon="4.7411610">
    <ele>261.7</ele>
    <time>2025-02-28T14:49:49Z</time>
   </trkpt>
   <trkpt lat="45.7827250" lon="4.7411360">
    <ele>261.4</ele>
    <time>2025-02-28T14:49:51Z</time>
   </trkpt>
   <trkpt lat="45.7827540" lon="4.7411060">
    <ele>260.9</ele>
    <time>2025-02-28T14:49:52Z</time>
   </trkpt>
   <trkpt lat="45.7827810" lon="4.7410550">
    <ele>260.3</ele>
    <time>2025-02-28T14:49:53Z</time>
   </trkpt>
   <trkpt lat="45.7827930" lon="4.7410370">
    <ele>260.1</ele>
    <time>2025-02-28T14:49:54Z</time>
   </trkpt>
   <trkpt lat="45.7828330" lon="4.7410150">
    <ele>259.6</ele>
    <time>2025-02-28T14:49:55Z</time>
   </trkpt>
   <trkpt lat="45.7828620" lon="4.7409760">
    <ele>259.1</ele>
    <time>2025-02-28T14:49:56Z</time>
   </trkpt>
   <trkpt lat="45.7828910" lon="4.7409530">
    <ele>258.7</ele>
    <time>2025-02-28T14:49:57Z</time>
   </trkpt>
   <trkpt lat="45.7829180" lon="4.7409240">
    <ele>258.3</ele>
    <time>2025-02-28T14:49:58Z</time>
   </trkpt>
   <trkpt lat="45.7829420" lon="4.7408890">
    <ele>257.9</ele>
    <time>2025-02-28T14:49:59Z</time>
   </trkpt>
   <trkpt lat="45.7829610" lon="4.7408370">
    <ele>257.4</ele>
    <time>2025-02-28T14:50:00Z</time>
   </trkpt>
   <trkpt lat="45.7829650" lon="4.7408180">
    <ele>257.3</ele>
    <time>2025-02-28T14:50:01Z</time>
   </trkpt>
   <trkpt lat="45.7829900" lon="4.7407810">
    <ele>256.9</ele>
    <time>2025-02-28T14:50:02Z</time>
   </trkpt>
   <trkpt lat="45.7830070" lon="4.7407400">
    <ele>256.5</ele>
    <time>2025-02-28T14:50:03Z</time>
   </trkpt>
   <trkpt lat="45.7830210" lon="4.7406950">
    <ele>256.1</ele>
    <time>2025-02-28T14:50:04Z</time>
   </trkpt>
   <trkpt lat="45.7830390" lon="4.7406330">
    <ele>255.5</ele>
    <time>2025-02-28T14:50:05Z</time>
   </trkpt>
   <trkpt lat="45.7830490" lon="4.7405890">
    <ele>255.2</ele>
    <time>2025-02-28T14:50:06Z</time>
   </trkpt>
   <trkpt lat="45.7830770" lon="4.7405490">
    <ele>254.7</ele>
    <time>2025-02-28T14:50:07Z</time>
   </trkpt>
   <trkpt lat="45.7831050" lon="4.7405170">
    <ele>254.3</ele>
    <time>2025-02-28T14:50:08Z</time>
   </trkpt>
   <trkpt lat="45.7831080" lon="4.7404940">
    <ele>254.2</ele>
    <time>2025-02-28T14:50:09Z</time>
   </trkpt>
   <trkpt lat="45.7831350" lon="4.7404330">
    <ele>253.7</ele>
    <time>2025-02-28T14:50:10Z</time>
   </trkpt>
   <trkpt lat="45.7831510" lon="4.7403820">
    <ele>253.3</ele>
    <time>2025-02-28T14:50:11Z</time>
   </trkpt>
   <trkpt lat="45.7831600" lon="4.7403320">
    <ele>252.9</ele>
    <time>2025-02-28T14:50:12Z</time>
   </trkpt>
   <trkpt lat="45.7831730" lon="4.7402740">
    <ele>252.5</ele>
    <time>2025-02-28T14:50:13Z</time>
   </trkpt>
   <trkpt lat="45.7831860" lon="4.7402250">
    <ele>252.1</ele>
    <time>2025-02-28T14:50:14Z</time>
   </trkpt>
   <trkpt lat="45.7832110" lon="4.7401700">
    <ele>251.7</ele>
    <time>2025-02-28T14:50:15Z</time>
   </trkpt>
   <trkpt lat="45.7832190" lon="4.7401440">
    <ele>251.5</ele>
    <time>2025-02-28T14:50:16Z</time>
   </trkpt>
   <trkpt lat="45.7832370" lon="4.7401040">
    <ele>251.2</ele>
    <time>2025-02-28T14:50:17Z</time>
   </trkpt>
   <trkpt lat="45.7832550" lon="4.7400480">
    <ele>250.7</ele>
    <time>2025-02-28T14:50:18Z</time>
   </trkpt>
   <trkpt lat="45.7832610" lon="4.7400240">
    <ele>250.5</ele>
    <time>2025-02-28T14:50:19Z</time>
   </trkpt>
   <trkpt lat="45.7832700" lon="4.7399730">
    <ele>250.1</ele>
    <time>2025-02-28T14:50:20Z</time>
   </trkpt>
   <trkpt lat="45.7832840" lon="4.7399280">
    <ele>249.8</ele>
    <time>2025-02-28T14:50:21Z</time>
   </trkpt>
   <trkpt lat="45.7833040" lon="4.7398680">
    <ele>249.3</ele>
    <time>2025-02-28T14:50:22Z</time>
   </trkpt>
   <trkpt lat="45.7833070" lon="4.7398260">
    <ele>249.0</ele>
    <time>2025-02-28T14:50:23Z</time>
   </trkpt>
   <trkpt lat="45.7833110" lon="4.7397810">
    <ele>248.7</ele>
    <time>2025-02-28T14:50:24Z</time>
   </trkpt>
   <trkpt lat="45.7833030" lon="4.7397270">
    <ele>248.3</ele>
    <time>2025-02-28T14:50:25Z</time>
   </trkpt>
   <trkpt lat="45.7832900" lon="4.7396750">
    <ele>247.9</ele>
    <time>2025-02-28T14:50:26Z</time>
   </trkpt>
   <trkpt lat="45.7832820" lon="4.7396330">
    <ele>247.6</ele>
    <time>2025-02-28T14:50:27Z</time>
   </trkpt>
   <trkpt lat="45.7832720" lon="4.7395850">
    <ele>247.3</ele>
    <time>2025-02-28T14:50:28Z</time>
   </trkpt>
   <trkpt lat="45.7832680" lon="4.7395740">
    <ele>247.2</ele>
    <time>2025-02-28T14:50:29Z</time>
   </trkpt>
   <trkpt lat="45.7832570" lon="4.7395270">
    <ele>246.8</ele>
    <time>2025-02-28T14:50:30Z</time>
   </trkpt>
   <trkpt lat="45.7832350" lon="4.7394620">
    <ele>246.3</ele>
    <time>2025-02-28T14:50:31Z</time>
   </trkpt>
   <trkpt lat="45.7832100" lon="4.7394340">
    <ele>246.0</ele>
    <time>2025-02-28T14:50:32Z</time>
   </trkpt>
   <trkpt lat="45.7831800" lon="4.7394190">
    <ele>245.7</ele>
    <time>2025-02-28T14:50:33Z</time>
   </trkpt>
   <trkpt lat="45.7831690" lon="4.7394100">
    <ele>245.5</ele>
    <time>2025-02-28T14:50:34Z</time>
   </trkpt>
   <trkpt lat="45.7831230" lon="4.7394230">
    <ele>245.1</ele>
    <time>2025-02-28T14:50:35Z</time>
   </trkpt>
   <trkpt lat="45.7830900" lon="4.7394150">
    <ele>244.7</ele>
    <time>2025-02-28T14:50:36Z</time>
   </trkpt>
   <trkpt lat="45.7830610" lon="4.7394020">
    <ele>244.4</ele>
    <time>2025-02-28T14:50:37Z</time>
   </trkpt>
   <trkpt lat="45.7830300" lon="4.7393850">
    <ele>244.0</ele>
    <time>2025-02-28T14:50:38Z</time>
   </trkpt>
   <trkpt lat="45.7830150" lon="4.7393720">
    <ele>243.8</ele>
    <time>2025-02-28T14:50:39Z</time>
   </trkpt>
   <trkpt lat="45.7829880" lon="4.7393550">
    <ele>243.5</ele>
    <time>2025-02-28T14:50:40Z</time>
   </trkpt>
   <trkpt lat="45.7829590" lon="4.7393390">
    <ele>243.1</ele>
    <time>2025-02-28T14:50:41Z</time>
   </trkpt>
   <trkpt lat="45.7829250" lon="4.7393040">
    <ele>242.6</ele>
    <time>2025-02-28T14:50:42Z</time>
   </trkpt>
   <trkpt lat="45.7828870" lon="4.7392880">
    <ele>242.2</ele>
    <time>2025-02-28T14:50:43Z</time>
   </trkpt>
   <trkpt lat="45.7828460" lon="4.7392830">
    <ele>241.7</ele>
    <time>2025-02-28T14:50:44Z</time>
   </trkpt>
   <trkpt lat="45.7828310" lon="4.7392750">
    <ele>241.5</ele>
    <time>2025-02-28T14:50:45Z</time>
   </trkpt>
   <trkpt lat="45.7828050" lon="4.7392550">
    <ele>241.1</ele>
    <time>2025-02-28T14:50:46Z</time>
   </trkpt>
   <trkpt lat="45.7827970" lon="4.7392480">
    <ele>241.0</ele>
    <time>2025-02-28T14:50:47Z</time>
   </trkpt>
   <trkpt lat="45.7827680" lon="4.7392400">
    <ele>240.9</ele>
    <time>2025-02-28T14:50:48Z</time>
   </trkpt>
   <trkpt lat="45.7827410" lon="4.7392050">
    <ele>240.8</ele>
    <time>2025-02-28T14:50:49Z</time>
   </trkpt>
   <trkpt lat="45.7826940" lon="4.7391910">
    <ele>240.7</ele>
    <time>2025-02-28T14:50:50Z</time>
   </trkpt>
   <trkpt lat="45.7826550" lon="4.7391850">
    <ele>240.4</ele>
    <time>2025-02-28T14:50:51Z</time>
   </trkpt>
   <trkpt lat="45.7826230" lon="4.7391720">
    <ele>240.0</ele>
    <time>2025-02-28T14:50:52Z</time>
   </trkpt>
   <trkpt lat="45.7825850" lon="4.7391390">
    <ele>239.5</ele>
    <time>2025-02-28T14:50:53Z</time>
   </trkpt>
   <trkpt lat="45.7825640" lon="4.7391310">
    <ele>239.3</ele>
    <time>2025-02-28T14:50:54Z</time>
   </trkpt>
   <trkpt lat="45.7825300" lon="4.7391020">
    <ele>238.8</ele>
    <time>2025-02-28T14:50:55Z</time>
   </trkpt>
   <trkpt lat="45.7825020" lon="4.7390710">
    <ele>238.4</ele>
    <time>2025-02-28T14:50:56Z</time>
   </trkpt>
   <trkpt lat="45.7824710" lon="4.7390340">
    <ele>237.9</ele>
    <time>2025-02-28T14:50:57Z</time>
   </trkpt>
   <trkpt lat="45.7824580" lon="4.7390230">
    <ele>237.8</ele>
    <time>2025-02-28T14:50:58Z</time>
   </trkpt>
   <trkpt lat="45.7824070" lon="4.7390060">
    <ele>237.2</ele>
    <time>2025-02-28T14:50:59Z</time>
   </trkpt>
   <trkpt lat="45.7823780" lon="4.7389720">
    <ele>236.8</ele>
    <time>2025-02-28T14:51:00Z</time>
   </trkpt>
   <trkpt lat="45.7823710" lon="4.7389580">
    <ele>236.7</ele>
    <time>2025-02-28T14:51:01Z</time>
   </trkpt>
   <trkpt lat="45.7823320" lon="4.7389340">
    <ele>236.3</ele>
    <time>2025-02-28T14:51:02Z</time>
   </trkpt>
   <trkpt lat="45.7823060" lon="4.7389170">
    <ele>236.0</ele>
    <time>2025-02-28T14:51:03Z</time>
   </trkpt>
   <trkpt lat="45.7822850" lon="4.7388860">
    <ele>235.7</ele>
    <time>2025-02-28T14:51:04Z</time>
   </trkpt>
   <trkpt lat="45.7822490" lon="4.7388590">
    <ele>235.3</ele>
    <time>2025-02-28T14:51:05Z</time>
   </trkpt>
   <trkpt lat="45.7822240" lon="4.7388260">
    <ele>235.0</ele>
    <time>2025-02-28T14:51:06Z</time>
   </trkpt>
   <trkpt lat="45.7822010" lon="4.7387910">
    <ele>234.6</ele>
    <time>2025-02-28T14:51:07Z</time>
   </trkpt>
   <trkpt lat="45.7821770" lon="4.7387530">
    <ele>234.6</ele>
    <time>2025-02-28T14:51:08Z</time>
   </trkpt>
   <trkpt lat="45.7821440" lon="4.7387340">
    <ele>235.2</ele>
    <time>2025-02-28T14:51:09Z</time>
   </trkpt>
   <trkpt lat="45.7821240" lon="4.7387030">
    <ele>235.3</ele>
    <time>2025-02-28T14:51:10Z</time>
   </trkpt>
   <trkpt lat="45.7821140" lon="4.7386990">
    <ele>235.2</ele>
    <time>2025-02-28T14:51:11Z</time>
   </trkpt>
   <trkpt lat="45.7820910" lon="4.7386570">
    <ele>234.8</ele>
    <time>2025-02-28T14:51:12Z</time>
   </trkpt>
   <trkpt lat="45.7820700" lon="4.7386170">
    <ele>234.5</ele>
    <time>2025-02-28T14:51:13Z</time>
   </trkpt>
   <trkpt lat="45.7820410" lon="4.7385880">
    <ele>234.2</ele>
    <time>2025-02-28T14:51:14Z</time>
   </trkpt>
   <trkpt lat="45.7820090" lon="4.7385720">
    <ele>233.9</ele>
    <time>2025-02-28T14:51:15Z</time>
   </trkpt>
   <trkpt lat="45.7819840" lon="4.7385400">
    <ele>233.7</ele>
    <time>2025-02-28T14:51:16Z</time>
   </trkpt>
   <trkpt lat="45.7819460" lon="4.7385260">
    <ele>233.3</ele>
    <time>2025-02-28T14:51:17Z</time>
   </trkpt>
   <trkpt lat="45.7819210" lon="4.7384970">
    <ele>233.1</ele>
    <time>2025-02-28T14:51:18Z</time>
   </trkpt>
   <trkpt lat="45.7818900" lon="4.7384740">
    <ele>232.8</ele>
    <time>2025-02-28T14:51:19Z</time>
   </trkpt>
   <trkpt lat="45.7818650" lon="4.7384580">
    <ele>232.6</ele>
    <time>2025-02-28T14:51:20Z</time>
   </trkpt>
   <trkpt lat="45.7818240" lon="4.7384340">
    <ele>232.5</ele>
    <time>2025-02-28T14:51:21Z</time>
   </trkpt>
   <trkpt lat="45.7817820" lon="4.7384390">
    <ele>232.4</ele>
    <time>2025-02-28T14:51:22Z</time>
   </trkpt>
   <trkpt lat="45.7817490" lon="4.7384570">
    <ele>232.3</ele>
    <time>2025-02-28T14:51:23Z</time>
   </trkpt>
   <trkpt lat="45.7817220" lon="4.7385000">
    <ele>232.3</ele>
    <time>2025-02-28T14:51:24Z</time>
   </trkpt>
   <trkpt lat="45.7817140" lon="4.7385420">
    <ele>232.3</ele>
    <time>2025-02-28T14:51:25Z</time>
   </trkpt>
   <trkpt lat="45.7817050" lon="4.7385890">
    <ele>232.2</ele>
    <time>2025-02-28T14:51:26Z</time>
   </trkpt>
   <trkpt lat="45.7816820" lon="4.7386270">
    <ele>232.2</ele>
    <time>2025-02-28T14:51:27Z</time>
   </trkpt>
   <trkpt lat="45.7816650" lon="4.7386800">
    <ele>232.2</ele>
    <time>2025-02-28T14:51:28Z</time>
   </trkpt>
   <trkpt lat="45.7816600" lon="4.7387230">
    <ele>232.2</ele>
    <time>2025-02-28T14:51:29Z</time>
   </trkpt>
   <trkpt lat="45.7816380" lon="4.7387810">
    <ele>232.2</ele>
    <time>2025-02-28T14:51:30Z</time>
   </trkpt>
   <trkpt lat="45.7816280" lon="4.7388060">
    <ele>232.2</ele>
    <time>2025-02-28T14:51:31Z</time>
   </trkpt>
   <trkpt lat="45.7816190" lon="4.7388450">
    <ele>232.2</ele>
    <time>2025-02-28T14:51:32Z</time>
   </trkpt>
   <trkpt lat="45.7816150" lon="4.7388870">
    <ele>232.1</ele>
    <time>2025-02-28T14:51:33Z</time>
   </trkpt>
   <trkpt lat="45.7816110" lon="4.7389370">
    <ele>232.1</ele>
    <time>2025-02-28T14:51:34Z</time>
   </trkpt>
   <trkpt lat="45.7816040" lon="4.7389800">
    <ele>232.1</ele>
    <time>2025-02-28T14:51:35Z</time>
   </trkpt>
   <trkpt lat="45.7816020" lon="4.7390200">
    <ele>232.1</ele>
    <time>2025-02-28T14:51:36Z</time>
   </trkpt>
   <trkpt lat="45.7815870" lon="4.7390530">
    <ele>232.1</ele>
    <time>2025-02-28T14:51:37Z</time>
   </trkpt>
   <trkpt lat="45.7815740" lon="4.7391050">
    <ele>232.1</ele>
    <time>2025-02-28T14:51:38Z</time>
   </trkpt>
   <trkpt lat="45.7815700" lon="4.7391260">
    <ele>232.1</ele>
    <time>2025-02-28T14:51:39Z</time>
   </trkpt>
   <trkpt lat="45.7815460" lon="4.7391450">
    <ele>232.1</ele>
    <time>2025-02-28T14:51:40Z</time>
   </trkpt>
   <trkpt lat="45.7815270" lon="4.7391960">
    <ele>232.0</ele>
    <time>2025-02-28T14:51:41Z</time>
   </trkpt>
   <trkpt lat="45.7815210" lon="4.7392180">
    <ele>232.0</ele>
    <time>2025-02-28T14:51:42Z</time>
   </trkpt>
   <trkpt lat="45.7815090" lon="4.7392530">
    <ele>232.0</ele>
    <time>2025-02-28T14:51:43Z</time>
   </trkpt>
   <trkpt lat="45.7815030" lon="4.7393030">
    <ele>232.0</ele>
    <time>2025-02-28T14:51:44Z</time>
   </trkpt>
   <trkpt lat="45.7814950" lon="4.7393430">
    <ele>232.0</ele>
    <time>2025-02-28T14:51:45Z</time>
   </trkpt>
   <trkpt lat="45.7814740" lon="4.7393740">
    <ele>232.0</ele>
    <time>2025-02-28T14:51:46Z</time>
   </trkpt>
   <trkpt lat="45.7814540" lon="4.7394050">
    <ele>232.0</ele>
    <time>2025-02-28T14:51:47Z</time>
   </trkpt>
   <trkpt lat="45.7814270" lon="4.7394580">
    <ele>232.0</ele>
    <time>2025-02-28T14:51:48Z</time>
   </trkpt>
   <trkpt lat="45.7814130" lon="4.7394820">
    <ele>232.0</ele>
    <time>2025-02-28T14:51:49Z</time>
   </trkpt>
   <trkpt lat="45.7814010" lon="4.7395230">
    <ele>232.0</ele>
    <time>2025-02-28T14:51:50Z</time>
   </trkpt>
   <trkpt lat="45.7813690" lon="4.7395550">
    <ele>231.9</ele>
    <time>2025-02-28T14:51:51Z</time>
   </trkpt>
   <trkpt lat="45.7813370" lon="4.7395730">
    <ele>231.9</ele>
    <time>2025-02-28T14:51:52Z</time>
   </trkpt>
   <trkpt lat="45.7813250" lon="4.7395830">
    <ele>231.9</ele>
    <time>2025-02-28T14:51:53Z</time>
   </trkpt>
   <trkpt lat="45.7812980" lon="4.7396230">
    <ele>231.9</ele>
    <time>2025-02-28T14:51:54Z</time>
   </trkpt>
   <trkpt lat="45.7812890" lon="4.7396410">
    <ele>231.9</ele>
    <time>2025-02-28T14:51:55Z</time>
   </trkpt>
   <trkpt lat="45.7812600" lon="4.7396670">
    <ele>231.8</ele>
    <time>2025-02-28T14:51:56Z</time>
   </trkpt>
   <trkpt lat="45.7812320" lon="4.7396820">
    <ele>231.8</ele>
    <time>2025-02-28T14:51:57Z</time>
   </trkpt>
   <trkpt lat="45.7812020" lon="4.7397090">
    <ele>231.8</ele>
    <time>2025-02-28T14:51:58Z</time>
   </trkpt>
   <trkpt lat="45.7811750" lon="4.7397250">
    <ele>231.7</ele>
    <time>2025-02-28T14:51:59Z</time>
   </trkpt>
   <trkpt lat="45.7811440" lon="4.7397470">
    <ele>231.7</ele>
    <time>2025-02-28T14:52:00Z</time>
   </trkpt>
   <trkpt lat="45.7811170" lon="4.7397600">
    <ele>231.7</ele>
    <time>2025-02-28T14:52:01Z</time>
   </trkpt>
   <trkpt lat="45.7811020" lon="4.7397960">
    <ele>231.6</ele>
    <time>2025-02-28T14:52:02Z</time>
   </trkpt>
   <trkpt lat="45.7810760" lon="4.7398290">
    <ele>231.6</ele>
    <time>2025-02-28T14:52:03Z</time>
   </trkpt>
   <trkpt lat="45.7810370" lon="4.7398380">
    <ele>231.6</ele>
    <time>2025-02-28T14:52:04Z</time>
   </trkpt>
   <trkpt lat="45.7810220" lon="4.7398420">
    <ele>231.5</ele>
    <time>2025-02-28T14:52:05Z</time>
   </trkpt>
   <trkpt lat="45.7809940" lon="4.7398720">
    <ele>231.5</ele>
    <time>2025-02-28T14:52:06Z</time>
   </trkpt>
   <trkpt lat="45.7809590" lon="4.7399020">
    <ele>231.5</ele>
    <time>2025-02-28T14:52:07Z</time>
   </trkpt>
   <trkpt lat="45.7809460" lon="4.7399180">
    <ele>231.4</ele>
    <time>2025-02-28T14:52:08Z</time>
   </trkpt>
   <trkpt lat="45.7809170" lon="4.7399420">
    <ele>231.4</ele>
    <time>2025-02-28T14:52:09Z</time>
   </trkpt>
   <trkpt lat="45.7808760" lon="4.7399470">
    <ele>231.4</ele>
    <time>2025-02-28T14:52:10Z</time>
   </trkpt>
   <trkpt lat="45.7808590" lon="4.7399420">
    <ele>231.4</ele>
    <time>2025-02-28T14:52:11Z</time>
   </trkpt>
   <trkpt lat="45.7808170" lon="4.7399400">
    <ele>231.4</ele>
    <time>2025-02-28T14:52:12Z</time>
   </trkpt>
   <trkpt lat="45.7807940" lon="4.7399650">
    <ele>231.3</ele>
    <time>2025-02-28T14:52:13Z</time>
   </trkpt>
   <trkpt lat="45.7807720" lon="4.7400010">
    <ele>231.3</ele>
    <time>2025-02-28T14:52:14Z</time>
   </trkpt>
   <trkpt lat="45.7807420" lon="4.7400100">
    <ele>231.3</ele>
    <time>2025-02-28T14:52:15Z</time>
   </trkpt>
   <trkpt lat="45.7807160" lon="4.7400480">
    <ele>231.3</ele>
    <time>2025-02-28T14:52:16Z</time>
   </trkpt>
   <trkpt lat="45.7807040" lon="4.7400570">
    <ele>231.3</ele>
    <time>2025-02-28T14:52:17Z</time>
   </trkpt>
   <trkpt lat="45.7806720" lon="4.7400940">
    <ele>231.3</ele>
    <time>2025-02-28T14:52:18Z</time>
   </trkpt>
   <trkpt lat="45.7806520" lon="4.7401210">
    <ele>231.3</ele>
    <time>2025-02-28T14:52:19Z</time>
   </trkpt>
   <trkpt lat="45.7806210" lon="4.7401200">
    <ele>231.3</ele>
    <time>2025-02-28T14:52:20Z</time>
   </trkpt>
   <trkpt lat="45.7806150" lon="4.7401150">
    <ele>231.3</ele>
    <time>2025-02-28T14:52:21Z</time>
   </trkpt>
   <trkpt lat="45.7805890" lon="4.7401330">
    <ele>231.3</ele>
    <time>2025-02-28T14:52:22Z</time>
   </trkpt>
   <trkpt lat="45.7805610" lon="4.7401280">
    <ele>231.2</ele>
    <time>2025-02-28T14:52:23Z</time>
   </trkpt>
   <trkpt lat="45.7805320" lon="4.7401220">
    <ele>231.2</ele>
    <time>2025-02-28T14:52:24Z</time>
   </trkpt>
   <trkpt lat="45.7805000" lon="4.7401370">
    <ele>231.2</ele>
    <time>2025-02-28T14:52:25Z</time>
   </trkpt>
   <trkpt lat="45.7804670" lon="4.7401530">
    <ele>231.2</ele>
    <time>2025-02-28T14:52:26Z</time>
   </trkpt>
   <trkpt lat="45.7804440" lon="4.7401790">
    <ele>231.2</ele>
    <time>2025-02-28T14:52:27Z</time>
   </trkpt>
   <trkpt lat="45.7804080" lon="4.7401890">
    <ele>231.2</ele>
    <time>2025-02-28T14:52:28Z</time>
   </trkpt>
   <trkpt lat="45.7803730" lon="4.7402220">
    <ele>231.2</ele>
    <time>2025-02-28T14:52:29Z</time>
   </trkpt>
   <trkpt lat="45.7803580" lon="4.7402340">
    <ele>231.2</ele>
    <time>2025-02-28T14:52:30Z</time>
   </trkpt>
   <trkpt lat="45.7803290" lon="4.7402470">
    <ele>231.1</ele>
    <time>2025-02-28T14:52:31Z</time>
   </trkpt>
   <trkpt lat="45.7802950" lon="4.7402560">
    <ele>231.1</ele>
    <time>2025-02-28T14:52:32Z</time>
   </trkpt>
   <trkpt lat="45.7802580" lon="4.7402620">
    <ele>231.1</ele>
    <time>2025-02-28T14:52:33Z</time>
   </trkpt>
   <trkpt lat="45.7802440" lon="4.7402640">
    <ele>231.1</ele>
    <time>2025-02-28T14:52:34Z</time>
   </trkpt>
   <trkpt lat="45.7802120" lon="4.7402870">
    <ele>231.1</ele>
    <time>2025-02-28T14:52:35Z</time>
   </trkpt>
   <trkpt lat="45.7801790" lon="4.7403200">
    <ele>231.1</ele>
    <time>2025-02-28T14:52:36Z</time>
   </trkpt>
   <trkpt lat="45.7801550" lon="4.7403500">
    <ele>231.0</ele>
    <time>2025-02-28T14:52:37Z</time>
   </trkpt>
   <trkpt lat="45.7801170" lon="4.7403600">
    <ele>231.0</ele>
    <time>2025-02-28T14:52:38Z</time>
   </trkpt>
   <trkpt lat="45.7800920" lon="4.7403830">
    <ele>231.0</ele>
    <time>2025-02-28T14:52:39Z</time>
   </trkpt>
   <trkpt lat="45.7800650" lon="4.7404140">
    <ele>231.0</ele>
    <time>2025-02-28T14:52:40Z</time>
   </trkpt>
   <trkpt lat="45.7800560" lon="4.7404250">
    <ele>230.9</ele>
    <time>2025-02-28T14:52:41Z</time>
   </trkpt>
   <trkpt lat="45.7800180" lon="4.7404470">
    <ele>230.9</ele>
    <time>2025-02-28T14:52:42Z</time>
   </trkpt>
   <trkpt lat="45.7800030" lon="4.7404550">
    <ele>230.9</ele>
    <time>2025-02-28T14:52:43Z</time>
   </trkpt>
   <trkpt lat="45.7799730" lon="4.7404820">
    <ele>230.9</ele>
    <time>2025-02-28T14:52:44Z</time>
   </trkpt>
   <trkpt lat="45.7799320" lon="4.7405190">
    <ele>230.8</ele>
    <time>2025-02-28T14:52:45Z</time>
   </trkpt>
   <trkpt lat="45.7798930" lon="4.7405380">
    <ele>230.8</ele>
    <time>2025-02-28T14:52:46Z</time>
   </trkpt>
   <trkpt lat="45.7798700" lon="4.7405710">
    <ele>230.8</ele>
    <time>2025-02-28T14:52:47Z</time>
   </trkpt>
   <trkpt lat="45.7798380" lon="4.7405920">
    <ele>230.8</ele>
    <time>2025-02-28T14:52:48Z</time>
   </trkpt>
   <trkpt lat="45.7798230" lon="4.7405990">
    <ele>230.8</ele>
    <time>2025-02-28T14:52:49Z</time>
   </trkpt>
   <trkpt lat="45.7797970" lon="4.7406130">
    <ele>230.7</ele>
    <time>2025-02-28T14:52:50Z</time>
   </trkpt>
   <trkpt lat="45.7797870" lon="4.7406190">
    <ele>230.7</ele>
    <time>2025-02-28T14:52:51Z</time>
   </trkpt>
   <trkpt lat="45.7797600" lon="4.7406510">
    <ele>230.7</ele>
    <time>2025-02-28T14:52:52Z</time>
   </trkpt>
   <trkpt lat="45.7797480" lon="4.7406570">
    <ele>230.7</ele>
    <time>2025-02-28T14:52:53Z</time>
   </trkpt>
   <trkpt lat="45.7797300" lon="4.7406920">
    <ele>230.7</ele>
    <time>2025-02-28T14:52:54Z</time>
   </trkpt>
   <trkpt lat="45.7796930" lon="4.7407250">
    <ele>230.7</ele>
    <time>2025-02-28T14:52:55Z</time>
   </trkpt>
   <trkpt lat="45.7796580" lon="4.7407520">
    <ele>230.6</ele>
    <time>2025-02-28T14:52:56Z</time>
   </trkpt>
   <trkpt lat="45.7796330" lon="4.7407840">
    <ele>230.6</ele>
    <time>2025-02-28T14:52:57Z</time>
   </trkpt>
   <trkpt lat="45.7796050" lon="4.7407930">
    <ele>230.6</ele>
    <time>2025-02-28T14:52:58Z</time>
   </trkpt>
   <trkpt lat="45.7795740" lon="4.7408160">
    <ele>230.6</ele>
    <time>2025-02-28T14:52:59Z</time>
   </trkpt>
   <trkpt lat="45.7795420" lon="4.7408430">
    <ele>230.6</ele>
    <time>2025-02-28T14:53:00Z</time>
   </trkpt>
   <trkpt lat="45.7795110" lon="4.7408630">
    <ele>230.5</ele>
    <time>2025-02-28T14:53:01Z</time>
   </trkpt>
   <trkpt lat="45.7794890" lon="4.7408930">
    <ele>230.5</ele>
    <time>2025-02-28T14:53:02Z</time>
   </trkpt>
   <trkpt lat="45.7794620" lon="4.7409040">
    <ele>230.5</ele>
    <time>2025-02-28T14:53:03Z</time>
   </trkpt>
   <trkpt lat="45.7794340" lon="4.7409300">
    <ele>230.5</ele>
    <time>2025-02-28T14:53:04Z</time>
   </trkpt>
   <trkpt lat="45.7793980" lon="4.7409600">
    <ele>230.4</ele>
    <time>2025-02-28T14:53:05Z</time>
   </trkpt>
   <trkpt lat="45.7793840" lon="4.7409720">
    <ele>230.4</ele>
    <time>2025-02-28T14:53:06Z</time>
   </trkpt>
   <trkpt lat="45.7793540" lon="4.7410000">
    <ele>230.4</ele>
    <time>2025-02-28T14:53:07Z</time>
   </trkpt>
   <trkpt lat="45.7793340" lon="4.7410420">
    <ele>230.4</ele>
    <time>2025-02-28T14:53:08Z</time>
   </trkpt>
   <trkpt lat="45.7792990" lon="4.7410730">
    <ele>230.4</ele>
    <time>2025-02-28T14:53:09Z</time>
   </trkpt>
   <trkpt lat="45.7792870" lon="4.7410870">
    <ele>230.4</ele>
    <time>2025-02-28T14:53:10Z</time>
   </trkpt>
   <trkpt lat="45.7792610" lon="4.7411100">
    <ele>230.4</ele>
    <time>2025-02-28T14:53:11Z</time>
   </trkpt>
   <trkpt lat="45.7792300" lon="4.7411370">
    <ele>230.4</ele>
    <time>2025-02-28T14:53:12Z</time>
   </trkpt>
   <trkpt lat="45.7791960" lon="4.7411610">
    <ele>230.4</ele>
    <time>2025-02-28T14:53:13Z</time>
   </trkpt>
   <trkpt lat="45.7791830" lon="4.7411720">
    <ele>230.4</ele>
    <time>2025-02-28T14:53:14Z</time>
   </trkpt>
   <trkpt lat="45.7791560" lon="4.7411960">
    <ele>230.4</ele>
    <time>2025-02-28T14:53:15Z</time>
   </trkpt>
   <trkpt lat="45.7791300" lon="4.7412140">
    <ele>230.4</ele>
    <time>2025-02-28T14:53:16Z</time>
   </trkpt>
   <trkpt lat="45.7791070" lon="4.7412460">
    <ele>230.4</ele>
    <time>2025-02-28T14:53:17Z</time>
   </trkpt>
   <trkpt lat="45.7790860" lon="4.7412960">
    <ele>230.5</ele>
    <time>2025-02-28T14:53:18Z</time>
   </trkpt>
   <trkpt lat="45.7790670" lon="4.7413280">
    <ele>230.5</ele>
    <time>2025-02-28T14:53:19Z</time>
   </trkpt>
   <trkpt lat="45.7790310" lon="4.7413610">
    <ele>230.5</ele>
    <time>2025-02-28T14:53:20Z</time>
   </trkpt>
   <trkpt lat="45.7790150" lon="4.7413740">
    <ele>230.5</ele>
    <time>2025-02-28T14:53:21Z</time>
   </trkpt>
   <trkpt lat="45.7789910" lon="4.7414020">
    <ele>230.6</ele>
    <time>2025-02-28T14:53:22Z</time>
   </trkpt>
   <trkpt lat="45.7789770" lon="4.7414410">
    <ele>230.6</ele>
    <time>2025-02-28T14:53:23Z</time>
   </trkpt>
   <trkpt lat="45.7789530" lon="4.7414670">
    <ele>230.6</ele>
    <time>2025-02-28T14:53:24Z</time>
   </trkpt>
   <trkpt lat="45.7789360" lon="4.7415000">
    <ele>230.7</ele>
    <time>2025-02-28T14:53:25Z</time>
   </trkpt>
   <trkpt lat="45.7789100" lon="4.7415180">
    <ele>230.7</ele>
    <time>2025-02-28T14:53:26Z</time>
   </trkpt>
   <trkpt lat="45.7788710" lon="4.7415490">
    <ele>230.7</ele>
    <time>2025-02-28T14:53:27Z</time>
   </trkpt>
   <trkpt lat="45.7788530" lon="4.7415580">
    <ele>230.7</ele>
    <time>2025-02-28T14:53:28Z</time>
   </trkpt>
   <trkpt lat="45.7788310" lon="4.7415830">
    <ele>230.7</ele>
    <time>2025-02-28T14:53:29Z</time>
   </trkpt>
   <trkpt lat="45.7788050" lon="4.7416270">
    <ele>230.8</ele>
    <time>2025-02-28T14:53:30Z</time>
   </trkpt>
   <trkpt lat="45.7787740" lon="4.7416660">
    <ele>230.8</ele>
    <time>2025-02-28T14:53:31Z</time>
   </trkpt>
   <trkpt lat="45.7787600" lon="4.7416760">
    <ele>230.8</ele>
    <time>2025-02-28T14:53:32Z</time>
   </trkpt>
   <trkpt lat="45.7787360" lon="4.7417100">
    <ele>230.8</ele>
    <time>2025-02-28T14:53:33Z</time>
   </trkpt>
   <trkpt lat="45.7787090" lon="4.7417300">
    <ele>230.8</ele>
    <time>2025-02-28T14:53:34Z</time>
   </trkpt>
   <trkpt lat="45.7786750" lon="4.7417520">
    <ele>230.8</ele>
    <time>2025-02-28T14:53:35Z</time>
   </trkpt>
   <trkpt lat="45.7786650" lon="4.7417660">
    <ele>230.8</ele>
    <time>2025-02-28T14:53:36Z</time>
   </trkpt>
   <trkpt lat="45.7786360" lon="4.7417980">
    <ele>230.8</ele>
    <time>2025-02-28T14:53:37Z</time>
   </trkpt>
   <trkpt lat="45.7786220" lon="4.7418040">
    <ele>230.8</ele>
    <time>2025-02-28T14:53:38Z</time>
   </trkpt>
   <trkpt lat="45.7785910" lon="4.7418010">
    <ele>230.9</ele>
    <time>2025-02-28T14:53:39Z</time>
   </trkpt>
   <trkpt lat="45.7785560" lon="4.7417920">
    <ele>230.9</ele>
    <time>2025-02-28T14:53:40Z</time>
   </trkpt>
   <trkpt lat="45.7785200" lon="4.7417700">
    <ele>231.0</ele>
    <time>2025-02-28T14:53:41Z</time>
   </trkpt>
   <trkpt lat="45.7784900" lon="4.7417460">
    <ele>231.0</ele>
    <time>2025-02-28T14:53:42Z</time>
   </trkpt>
   <trkpt lat="45.7784600" lon="4.7417250">
    <ele>231.0</ele>
    <time>2025-02-28T14:53:43Z</time>
   </trkpt>
   <trkpt lat="45.7784470" lon="4.7417190">
    <ele>231.0</ele>
    <time>2025-02-28T14:53:44Z</time>
   </trkpt>
   <trkpt lat="45.7784090" lon="4.7416830">
    <ele>231.0</ele>
    <time>2025-02-28T14:53:45Z</time>
   </trkpt>
   <trkpt lat="45.7783910" lon="4.7416680">
    <ele>231.0</ele>
    <time>2025-02-28T14:53:46Z</time>
   </trkpt>
   <trkpt lat="45.7783640" lon="4.7416210">
    <ele>231.1</ele>
    <time>2025-02-28T14:53:47Z</time>
   </trkpt>
   <trkpt lat="45.7783520" lon="4.7416050">
    <ele>231.1</ele>
    <time>2025-02-28T14:53:48Z</time>
   </trkpt>
   <trkpt lat="45.7783220" lon="4.7415850">
    <ele>231.1</ele>
    <time>2025-02-28T14:53:49Z</time>
   </trkpt>
   <trkpt lat="45.7782890" lon="4.7415610">
    <ele>231.1</ele>
    <time>2025-02-28T14:53:50Z</time>
   </trkpt>
   <trkpt lat="45.7782760" lon="4.7415460">
    <ele>231.1</ele>
    <time>2025-02-28T14:53:51Z</time>
   </trkpt>
   <trkpt lat="45.7782520" lon="4.7415020">
    <ele>231.1</ele>
    <time>2025-02-28T14:53:52Z</time>
   </trkpt>
   <trkpt lat="45.7782400" lon="4.7414860">
    <ele>231.2</ele>
    <time>2025-02-28T14:53:53Z</time>
   </trkpt>
   <trkpt lat="45.7782130" lon="4.7414660">
    <ele>231.2</ele>
    <time>2025-02-28T14:53:54Z</time>
   </trkpt>
   <trkpt lat="45.7781880" lon="4.7414220">
    <ele>231.2</ele>
    <time>2025-02-28T14:53:55Z</time>
   </trkpt>
   <trkpt lat="45.7781780" lon="4.7414010">
    <ele>231.2</ele>
    <time>2025-02-28T14:53:56Z</time>
   </trkpt>
   <trkpt lat="45.7781620" lon="4.7413570">
    <ele>231.3</ele>
    <time>2025-02-28T14:53:57Z</time>
   </trkpt>
   <trkpt lat="45.7781530" lon="4.7413400">
    <ele>231.3</ele>
    <time>2025-02-28T14:53:58Z</time>
   </trkpt>
   <trkpt lat="45.7781240" lon="4.7413030">
    <ele>231.3</ele>
    <time>2025-02-28T14:53:59Z</time>
   </trkpt>
   <trkpt lat="45.7781160" lon="4.7412880">
    <ele>231.4</ele>
    <time>2025-02-28T14:54:00Z</time>
   </trkpt>
   <trkpt lat="45.7781100" lon="4.7412470">
    <ele>231.4</ele>
    <time>2025-02-28T14:54:01Z</time>
   </trkpt>
   <trkpt lat="45.7781100" lon="4.7412040">
    <ele>231.5</ele>
    <time>2025-02-28T14:54:02Z</time>
   </trkpt>
   <trkpt lat="45.7780870" lon="4.7411640">
    <ele>231.5</ele>
    <time>2025-02-28T14:54:03Z</time>
   </trkpt>
   <trkpt lat="45.7780760" lon="4.7411530">
    <ele>231.6</ele>
    <time>2025-02-28T14:54:04Z</time>
   </trkpt>
   <trkpt lat="45.7780520" lon="4.7411160">
    <ele>231.7</ele>
    <time>2025-02-28T14:54:05Z</time>
   </trkpt>
   <trkpt lat="45.7780450" lon="4.7410970">
    <ele>231.7</ele>
    <time>2025-02-28T14:54:06Z</time>
   </trkpt>
   <trkpt lat="45.7780210" lon="4.7410560">
    <ele>231.8</ele>
    <time>2025-02-28T14:54:07Z</time>
   </trkpt>
   <trkpt lat="45.7780120" lon="4.7410440">
    <ele>231.8</ele>
    <time>2025-02-28T14:54:08Z</time>
   </trkpt>
   <trkpt lat="45.7779760" lon="4.7410200">
    <ele>231.8</ele>
    <time>2025-02-28T14:54:09Z</time>
   </trkpt>
   <trkpt lat="45.7779610" lon="4.7410150">
    <ele>231.9</ele>
    <time>2025-02-28T14:54:10Z</time>
   </trkpt>
   <trkpt lat="45.7779350" lon="4.7410340">
    <ele>232.0</ele>
    <time>2025-02-28T14:54:11Z</time>
   </trkpt>
   <trkpt lat="45.7779040" lon="4.7410500">
    <ele>232.1</ele>
    <time>2025-02-28T14:54:12Z</time>
   </trkpt>
   <trkpt lat="45.7778660" lon="4.7410460">
    <ele>232.3</ele>
    <time>2025-02-28T14:54:13Z</time>
   </trkpt>
   <trkpt lat="45.7778510" lon="4.7410480">
    <ele>232.3</ele>
    <time>2025-02-28T14:54:14Z</time>
   </trkpt>
   <trkpt lat="45.7778250" lon="4.7410650">
    <ele>232.5</ele>
    <time>2025-02-28T14:54:15Z</time>
   </trkpt>
   <trkpt lat="45.7777910" lon="4.7410680">
    <ele>232.6</ele>
    <time>2025-02-28T14:54:16Z</time>
   </trkpt>
   <trkpt lat="45.7777790" lon="4.7410700">
    <ele>232.7</ele>
    <time>2025-02-28T14:54:17Z</time>
   </trkpt>
   <trkpt lat="45.7777450" lon="4.7410730">
    <ele>232.9</ele>
    <time>2025-02-28T14:54:18Z</time>
   </trkpt>
   <trkpt lat="45.7777330" lon="4.7410750">
    <ele>232.9</ele>
    <time>2025-02-28T14:54:19Z</time>
   </trkpt>
   <trkpt lat="45.7777060" lon="4.7410820">
    <ele>233.1</ele>
    <time>2025-02-28T14:54:20Z</time>
   </trkpt>
   <trkpt lat="45.7776680" lon="4.7410900">
    <ele>233.3</ele>
    <time>2025-02-28T14:54:21Z</time>
   </trkpt>
   <trkpt lat="45.7776530" lon="4.7410910">
    <ele>233.4</ele>
    <time>2025-02-28T14:54:22Z</time>
   </trkpt>
   <trkpt lat="45.7776120" lon="4.7410920">
    <ele>233.6</ele>
    <time>2025-02-28T14:54:23Z</time>
   </trkpt>
   <trkpt lat="45.7775980" lon="4.7410900">
    <ele>233.7</ele>
    <time>2025-02-28T14:54:24Z</time>
   </trkpt>
   <trkpt lat="45.7775620" lon="4.7410880">
    <ele>233.9</ele>
    <time>2025-02-28T14:54:25Z</time>
   </trkpt>
   <trkpt lat="45.7775470" lon="4.7410940">
    <ele>234.0</ele>
    <time>2025-02-28T14:54:26Z</time>
   </trkpt>
   <trkpt lat="45.7775190" lon="4.7411040">
    <ele>234.1</ele>
    <time>2025-02-28T14:54:27Z</time>
   </trkpt>
   <trkpt lat="45.7774900" lon="4.7411100">
    <ele>234.3</ele>
    <time>2025-02-28T14:54:28Z</time>
   </trkpt>
   <trkpt lat="45.7774630" lon="4.7411280">
    <ele>234.4</ele>
    <time>2025-02-28T14:54:29Z</time>
   </trkpt>
   <trkpt lat="45.7774380" lon="4.7411430">
    <ele>234.6</ele>
    <time>2025-02-28T14:54:30Z</time>
   </trkpt>
   <trkpt lat="45.7774040" lon="4.7411480">
    <ele>234.8</ele>
    <time>2025-02-28T14:54:31Z</time>
   </trkpt>
   <trkpt lat="45.7773920" lon="4.7411490">
    <ele>234.8</ele>
    <time>2025-02-28T14:54:32Z</time>
   </trkpt>
   <trkpt lat="45.7773550" lon="4.7411420">
    <ele>235.0</ele>
    <time>2025-02-28T14:54:33Z</time>
   </trkpt>
   <trkpt lat="45.7773350" lon="4.7411550">
    <ele>235.1</ele>
    <time>2025-02-28T14:54:34Z</time>
   </trkpt>
   <trkpt lat="45.7773080" lon="4.7411850">
    <ele>235.3</ele>
    <time>2025-02-28T14:54:35Z</time>
   </trkpt>
   <trkpt lat="45.7772710" lon="4.7411560">
    <ele>235.5</ele>
    <time>2025-02-28T14:54:36Z</time>
   </trkpt>
   <trkpt lat="45.7772430" lon="4.7411750">
    <ele>235.7</ele>
    <time>2025-02-28T14:54:37Z</time>
   </trkpt>
   <trkpt lat="45.7772300" lon="4.7411770">
    <ele>235.7</ele>
    <time>2025-02-28T14:54:38Z</time>
   </trkpt>
   <trkpt lat="45.7772020" lon="4.7411940">
    <ele>235.9</ele>
    <time>2025-02-28T14:54:39Z</time>
   </trkpt>
   <trkpt lat="45.7771740" lon="4.7412180">
    <ele>236.1</ele>
    <time>2025-02-28T14:54:40Z</time>
   </trkpt>
   <trkpt lat="45.7771460" lon="4.7412260">
    <ele>236.3</ele>
    <time>2025-02-28T14:54:41Z</time>
   </trkpt>
   <trkpt lat="45.7771350" lon="4.7412270">
    <ele>236.3</ele>
    <time>2025-02-28T14:54:42Z</time>
   </trkpt>
   <trkpt lat="45.7770990" lon="4.7412450">
    <ele>236.5</ele>
    <time>2025-02-28T14:54:43Z</time>
   </trkpt>
   <trkpt lat="45.7770860" lon="4.7412510">
    <ele>236.6</ele>
    <time>2025-02-28T14:54:44Z</time>
   </trkpt>
   <trkpt lat="45.7770560" lon="4.7412630">
    <ele>236.8</ele>
    <time>2025-02-28T14:54:45Z</time>
   </trkpt>
   <trkpt lat="45.7770190" lon="4.7412850">
    <ele>237.0</ele>
    <time>2025-02-28T14:54:46Z</time>
   </trkpt>
   <trkpt lat="45.7770050" lon="4.7412890">
    <ele>237.0</ele>
    <time>2025-02-28T14:54:47Z</time>
   </trkpt>
   <trkpt lat="45.7769780" lon="4.7413140">
    <ele>237.2</ele>
    <time>2025-02-28T14:54:48Z</time>
   </trkpt>
   <trkpt lat="45.7769510" lon="4.7413310">
    <ele>237.3</ele>
    <time>2025-02-28T14:54:49Z</time>
   </trkpt>
   <trkpt lat="45.7769190" lon="4.7413400">
    <ele>237.4</ele>
    <time>2025-02-28T14:54:50Z</time>
   </trkpt>
   <trkpt lat="45.7769080" lon="4.7413430">
    <ele>237.4</ele>
    <time>2025-02-28T14:54:51Z</time>
   </trkpt>
   <trkpt lat="45.7768740" lon="4.7413650">
    <ele>237.6</ele>
    <time>2025-02-28T14:54:52Z</time>
   </trkpt>
   <trkpt lat="45.7768370" lon="4.7413830">
    <ele>237.7</ele>
    <time>2025-02-28T14:54:53Z</time>
   </trkpt>
   <trkpt lat="45.7768100" lon="4.7414000">
    <ele>237.8</ele>
    <time>2025-02-28T14:54:54Z</time>
   </trkpt>
   <trkpt lat="45.7767830" lon="4.7414020">
    <ele>237.9</ele>
    <time>2025-02-28T14:54:55Z</time>
   </trkpt>
   <trkpt lat="45.7767560" lon="4.7414150">
    <ele>238.0</ele>
    <time>2025-02-28T14:54:56Z</time>
   </trkpt>
   <trkpt lat="45.7767210" lon="4.7414250">
    <ele>238.1</ele>
    <time>2025-02-28T14:54:57Z</time>
   </trkpt>
   <trkpt lat="45.7766840" lon="4.7414510">
    <ele>238.3</ele>
    <time>2025-02-28T14:54:58Z</time>
   </trkpt>
   <trkpt lat="45.7766670" lon="4.7414590">
    <ele>238.4</ele>
    <time>2025-02-28T14:54:59Z</time>
   </trkpt>
   <trkpt lat="45.7766390" lon="4.7414770">
    <ele>238.5</ele>
    <time>2025-02-28T14:55:00Z</time>
   </trkpt>
   <trkpt lat="45.7766050" lon="4.7414850">
    <ele>238.6</ele>
    <time>2025-02-28T14:55:01Z</time>
   </trkpt>
   <trkpt lat="45.7765770" lon="4.7414900">
    <ele>238.7</ele>
    <time>2025-02-28T14:55:02Z</time>
   </trkpt>
   <trkpt lat="45.7765510" lon="4.7415290">
    <ele>238.9</ele>
    <time>2025-02-28T14:55:03Z</time>
   </trkpt>
   <trkpt lat="45.7765420" lon="4.7415470">
    <ele>238.9</ele>
    <time>2025-02-28T14:55:04Z</time>
   </trkpt>
   <trkpt lat="45.7765140" lon="4.7415850">
    <ele>239.1</ele>
    <time>2025-02-28T14:55:05Z</time>
   </trkpt>
   <trkpt lat="45.7765020" lon="4.7415980">
    <ele>239.1</ele>
    <time>2025-02-28T14:55:06Z</time>
   </trkpt>
   <trkpt lat="45.7764770" lon="4.7416200">
    <ele>239.2</ele>
    <time>2025-02-28T14:55:07Z</time>
   </trkpt>
   <trkpt lat="45.7764510" lon="4.7416380">
    <ele>239.3</ele>
    <time>2025-02-28T14:55:08Z</time>
   </trkpt>
   <trkpt lat="45.7764250" lon="4.7416550">
    <ele>239.4</ele>
    <time>2025-02-28T14:55:09Z</time>
   </trkpt>
   <trkpt lat="45.7763910" lon="4.7416750">
    <ele>239.5</ele>
    <time>2025-02-28T14:55:10Z</time>
   </trkpt>
   <trkpt lat="45.7763780" lon="4.7416800">
    <ele>239.6</ele>
    <time>2025-02-28T14:55:11Z</time>
   </trkpt>
   <trkpt lat="45.7763580" lon="4.7417090">
    <ele>239.7</ele>
    <time>2025-02-28T14:55:12Z</time>
   </trkpt>
   <trkpt lat="45.7763260" lon="4.7417370">
    <ele>239.8</ele>
    <time>2025-02-28T14:55:13Z</time>
   </trkpt>
   <trkpt lat="45.7763160" lon="4.7417480">
    <ele>239.8</ele>
    <time>2025-02-28T14:55:14Z</time>
   </trkpt>
   <trkpt lat="45.7762910" lon="4.7417690">
    <ele>239.9</ele>
    <time>2025-02-28T14:55:15Z</time>
   </trkpt>
   <trkpt lat="45.7762560" lon="4.7417800">
    <ele>240.1</ele>
    <time>2025-02-28T14:55:16Z</time>
   </trkpt>
   <trkpt lat="45.7762400" lon="4.7417870">
    <ele>240.1</ele>
    <time>2025-02-28T14:55:17Z</time>
   </trkpt>
   <trkpt lat="45.7762120" lon="4.7418170">
    <ele>240.2</ele>
    <time>2025-02-28T14:55:18Z</time>
   </trkpt>
   <trkpt lat="45.7762040" lon="4.7418280">
    <ele>240.3</ele>
    <time>2025-02-28T14:55:19Z</time>
   </trkpt>
   <trkpt lat="45.7761740" lon="4.7418520">
    <ele>240.4</ele>
    <time>2025-02-28T14:55:20Z</time>
   </trkpt>
   <trkpt lat="45.7761440" lon="4.7418540">
    <ele>240.5</ele>
    <time>2025-02-28T14:55:21Z</time>
   </trkpt>
   <trkpt lat="45.7761160" lon="4.7418730">
    <ele>240.5</ele>
    <time>2025-02-28T14:55:22Z</time>
   </trkpt>
   <trkpt lat="45.7760860" lon="4.7418910">
    <ele>240.6</ele>
    <time>2025-02-28T14:55:23Z</time>
   </trkpt>
   <trkpt lat="45.7760630" lon="4.7419170">
    <ele>240.7</ele>
    <time>2025-02-28T14:55:24Z</time>
   </trkpt>
   <trkpt lat="45.7760260" lon="4.7419330">
    <ele>240.8</ele>
    <time>2025-02-28T14:55:25Z</time>
   </trkpt>
   <trkpt lat="45.7760140" lon="4.7419400">
    <ele>240.8</ele>
    <time>2025-02-28T14:55:26Z</time>
   </trkpt>
   <trkpt lat="45.7759900" lon="4.7419640">
    <ele>240.8</ele>
    <time>2025-02-28T14:55:27Z</time>
   </trkpt>
   <trkpt lat="45.7759610" lon="4.7419750">
    <ele>240.9</ele>
    <time>2025-02-28T14:55:28Z</time>
   </trkpt>
   <trkpt lat="45.7759210" lon="4.7419930">
    <ele>240.9</ele>
    <time>2025-02-28T14:55:29Z</time>
   </trkpt>
   <trkpt lat="45.7759060" lon="4.7420000">
    <ele>241.0</ele>
    <time>2025-02-28T14:55:30Z</time>
   </trkpt>
   <trkpt lat="45.7758740" lon="4.7420090">
    <ele>241.0</ele>
    <time>2025-02-28T14:55:31Z</time>
   </trkpt>
   <trkpt lat="45.7758450" lon="4.7420460">
    <ele>241.0</ele>
    <time>2025-02-28T14:55:32Z</time>
   </trkpt>
   <trkpt lat="45.7758330" lon="4.7420580">
    <ele>241.0</ele>
    <time>2025-02-28T14:55:33Z</time>
   </trkpt>
   <trkpt lat="45.7758040" lon="4.7420850">
    <ele>241.1</ele>
    <time>2025-02-28T14:55:34Z</time>
   </trkpt>
   <trkpt lat="45.7757680" lon="4.7420900">
    <ele>241.1</ele>
    <time>2025-02-28T14:55:35Z</time>
   </trkpt>
   <trkpt lat="45.7757560" lon="4.7421040">
    <ele>241.1</ele>
    <time>2025-02-28T14:55:36Z</time>
   </trkpt>
   <trkpt lat="45.7757290" lon="4.7421180">
    <ele>241.1</ele>
    <time>2025-02-28T14:55:37Z</time>
   </trkpt>
   <trkpt lat="45.7757010" lon="4.7421370">
    <ele>241.1</ele>
    <time>2025-02-28T14:55:38Z</time>
   </trkpt>
   <trkpt lat="45.7756760" lon="4.7421550">
    <ele>241.1</ele>
    <time>2025-02-28T14:55:39Z</time>
   </trkpt>
   <trkpt lat="45.7756500" lon="4.7421710">
    <ele>241.1</ele>
    <time>2025-02-28T14:55:40Z</time>
   </trkpt>
   <trkpt lat="45.7756130" lon="4.7421760">
    <ele>241.1</ele>
    <time>2025-02-28T14:55:41Z</time>
   </trkpt>
   <trkpt lat="45.7755990" lon="4.7421740">
    <ele>241.1</ele>
    <time>2025-02-28T14:55:42Z</time>
   </trkpt>
   <trkpt lat="45.7755630" lon="4.7421990">
    <ele>241.1</ele>
    <time>2025-02-28T14:55:43Z</time>
   </trkpt>
   <trkpt lat="45.7755420" lon="4.7422480">
    <ele>241.1</ele>
    <time>2025-02-28T14:55:44Z</time>
   </trkpt>
   <trkpt lat="45.7755120" lon="4.7422810">
    <ele>241.0</ele>
    <time>2025-02-28T14:55:45Z</time>
   </trkpt>
   <trkpt lat="45.7754980" lon="4.7422840">
    <ele>241.0</ele>
    <time>2025-02-28T14:55:46Z</time>
   </trkpt>
   <trkpt lat="45.7754720" lon="4.7423130">
    <ele>241.0</ele>
    <time>2025-02-28T14:55:47Z</time>
   </trkpt>
   <trkpt lat="45.7754440" lon="4.7423390">
    <ele>241.0</ele>
    <time>2025-02-28T14:55:48Z</time>
   </trkpt>
   <trkpt lat="45.7754360" lon="4.7423520">
    <ele>241.0</ele>
    <time>2025-02-28T14:55:49Z</time>
   </trkpt>
   <trkpt lat="45.7754020" lon="4.7423840">
    <ele>241.0</ele>
    <time>2025-02-28T14:55:50Z</time>
   </trkpt>
   <trkpt lat="45.7753720" lon="4.7423720">
    <ele>241.0</ele>
    <time>2025-02-28T14:55:51Z</time>
   </trkpt>
   <trkpt lat="45.7753460" lon="4.7423860">
    <ele>241.0</ele>
    <time>2025-02-28T14:55:52Z</time>
   </trkpt>
   <trkpt lat="45.7753130" lon="4.7424060">
    <ele>241.0</ele>
    <time>2025-02-28T14:55:53Z</time>
   </trkpt>
   <trkpt lat="45.7752810" lon="4.7424360">
    <ele>241.0</ele>
    <time>2025-02-28T14:55:54Z</time>
   </trkpt>
   <trkpt lat="45.7752690" lon="4.7424430">
    <ele>240.9</ele>
    <time>2025-02-28T14:55:55Z</time>
   </trkpt>
   <trkpt lat="45.7752450" lon="4.7424810">
    <ele>240.9</ele>
    <time>2025-02-28T14:55:56Z</time>
   </trkpt>
   <trkpt lat="45.7752370" lon="4.7424940">
    <ele>240.9</ele>
    <time>2025-02-28T14:55:57Z</time>
   </trkpt>
   <trkpt lat="45.7752040" lon="4.7424950">
    <ele>240.9</ele>
    <time>2025-02-28T14:55:58Z</time>
   </trkpt>
   <trkpt lat="45.7751760" lon="4.7425310">
    <ele>240.9</ele>
    <time>2025-02-28T14:55:59Z</time>
   </trkpt>
   <trkpt lat="45.7751670" lon="4.7425480">
    <ele>240.9</ele>
    <time>2025-02-28T14:56:00Z</time>
   </trkpt>
   <trkpt lat="45.7751570" lon="4.7425880">
    <ele>240.9</ele>
    <time>2025-02-28T14:56:01Z</time>
   </trkpt>
   <trkpt lat="45.7751210" lon="4.7426140">
    <ele>240.9</ele>
    <time>2025-02-28T14:56:02Z</time>
   </trkpt>
   <trkpt lat="45.7751080" lon="4.7426210">
    <ele>240.9</ele>
    <time>2025-02-28T14:56:03Z</time>
   </trkpt>
   <trkpt lat="45.7750820" lon="4.7426320">
    <ele>240.9</ele>
    <time>2025-02-28T14:56:04Z</time>
   </trkpt>
   <trkpt lat="45.7750540" lon="4.7426560">
    <ele>240.9</ele>
    <time>2025-02-28T14:56:05Z</time>
   </trkpt>
   <trkpt lat="45.7750220" lon="4.7426860">
    <ele>240.9</ele>
    <time>2025-02-28T14:56:06Z</time>
   </trkpt>
   <trkpt lat="45.7749950" lon="4.7427090">
    <ele>240.9</ele>
    <time>2025-02-28T14:56:07Z</time>
   </trkpt>
   <trkpt lat="45.7749770" lon="4.7427480">
    <ele>240.9</ele>
    <time>2025-02-28T14:56:08Z</time>
   </trkpt>
   <trkpt lat="45.7749660" lon="4.7427660">
    <ele>240.9</ele>
    <time>2025-02-28T14:56:09Z</time>
   </trkpt>
   <trkpt lat="45.7749420" lon="4.7427880">
    <ele>240.9</ele>
    <time>2025-02-28T14:56:10Z</time>
   </trkpt>
   <trkpt lat="45.7749210" lon="4.7428180">
    <ele>240.9</ele>
    <time>2025-02-28T14:56:11Z</time>
   </trkpt>
   <trkpt lat="45.7748960" lon="4.7428450">
    <ele>240.9</ele>
    <time>2025-02-28T14:56:12Z</time>
   </trkpt>
   <trkpt lat="45.7748860" lon="4.7428480">
    <ele>240.9</ele>
    <time>2025-02-28T14:56:13Z</time>
   </trkpt>
   <trkpt lat="45.7748550" lon="4.7428730">
    <ele>240.9</ele>
    <time>2025-02-28T14:56:14Z</time>
   </trkpt>
   <trkpt lat="45.7748250" lon="4.7428970">
    <ele>240.9</ele>
    <time>2025-02-28T14:56:15Z</time>
   </trkpt>
   <trkpt lat="45.7748120" lon="4.7429020">
    <ele>240.9</ele>
    <time>2025-02-28T14:56:16Z</time>
   </trkpt>
   <trkpt lat="45.7747830" lon="4.7429000">
    <ele>240.9</ele>
    <time>2025-02-28T14:56:17Z</time>
   </trkpt>
   <trkpt lat="45.7747520" lon="4.7429100">
    <ele>240.9</ele>
    <time>2025-02-28T14:56:18Z</time>
   </trkpt>
   <trkpt lat="45.7747360" lon="4.7429170">
    <ele>240.9</ele>
    <time>2025-02-28T14:56:19Z</time>
   </trkpt>
   <trkpt lat="45.7746980" lon="4.7429340">
    <ele>240.9</ele>
    <time>2025-02-28T14:56:20Z</time>
   </trkpt>
   <trkpt lat="45.7746580" lon="4.7429560">
    <ele>240.9</ele>
    <time>2025-02-28T14:56:21Z</time>
   </trkpt>
   <trkpt lat="45.7746400" lon="4.7429740">
    <ele>240.9</ele>
    <time>2025-02-28T14:56:22Z</time>
   </trkpt>
   <trkpt lat="45.7746180" lon="4.7430040">
    <ele>240.9</ele>
    <time>2025-02-28T14:56:23Z</time>
   </trkpt>
   <trkpt lat="45.7745950" lon="4.7430540">
    <ele>240.9</ele>
    <time>2025-02-28T14:56:24Z</time>
   </trkpt>
   <trkpt lat="45.7745750" lon="4.7430950">
    <ele>240.8</ele>
    <time>2025-02-28T14:56:25Z</time>
   </trkpt>
   <trkpt lat="45.7745640" lon="4.7431070">
    <ele>240.8</ele>
    <time>2025-02-28T14:56:26Z</time>
   </trkpt>
   <trkpt lat="45.7745370" lon="4.7431570">
    <ele>240.8</ele>
    <time>2025-02-28T14:56:27Z</time>
   </trkpt>
   <trkpt lat="45.7745170" lon="4.7431940">
    <ele>240.8</ele>
    <time>2025-02-28T14:56:28Z</time>
   </trkpt>
   <trkpt lat="45.7744900" lon="4.7432190">
    <ele>240.8</ele>
    <time>2025-02-28T14:56:29Z</time>
   </trkpt>
   <trkpt lat="45.7744820" lon="4.7432350">
    <ele>240.8</ele>
    <time>2025-02-28T14:56:30Z</time>
   </trkpt>
   <trkpt lat="45.7744670" lon="4.7432870">
    <ele>240.8</ele>
    <time>2025-02-28T14:56:31Z</time>
   </trkpt>
   <trkpt lat="45.7744480" lon="4.7433410">
    <ele>240.7</ele>
    <time>2025-02-28T14:56:32Z</time>
   </trkpt>
   <trkpt lat="45.7744210" lon="4.7433540">
    <ele>240.7</ele>
    <time>2025-02-28T14:56:33Z</time>
   </trkpt>
   <trkpt lat="45.7744070" lon="4.7433570">
    <ele>240.7</ele>
    <time>2025-02-28T14:56:34Z</time>
   </trkpt>
   <trkpt lat="45.7743750" lon="4.7433920">
    <ele>240.7</ele>
    <time>2025-02-28T14:56:35Z</time>
   </trkpt>
   <trkpt lat="45.7743500" lon="4.7434060">
    <ele>240.7</ele>
    <time>2025-02-28T14:56:36Z</time>
   </trkpt>
   <trkpt lat="45.7743190" lon="4.7434230">
    <ele>240.7</ele>
    <time>2025-02-28T14:56:37Z</time>
   </trkpt>
   <trkpt lat="45.7743100" lon="4.7434350">
    <ele>240.7</ele>
    <time>2025-02-28T14:56:38Z</time>
   </trkpt>
   <trkpt lat="45.7742920" lon="4.7434650">
    <ele>240.7</ele>
    <time>2025-02-28T14:56:39Z</time>
   </trkpt>
   <trkpt lat="45.7742690" lon="4.7435120">
    <ele>240.7</ele>
    <time>2025-02-28T14:56:40Z</time>
   </trkpt>
   <trkpt lat="45.7742650" lon="4.7435330">
    <ele>240.7</ele>
    <time>2025-02-28T14:56:41Z</time>
   </trkpt>
   <trkpt lat="45.7742440" lon="4.7435660">
    <ele>240.7</ele>
    <time>2025-02-28T14:56:42Z</time>
   </trkpt>
   <trkpt lat="45.7742300" lon="4.7436210">
    <ele>240.7</ele>
    <time>2025-02-28T14:56:43Z</time>
   </trkpt>
   <trkpt lat="45.7742150" lon="4.7436680">
    <ele>240.7</ele>
    <time>2025-02-28T14:56:44Z</time>
   </trkpt>
   <trkpt lat="45.7741880" lon="4.7436930">
    <ele>240.7</ele>
    <time>2025-02-28T14:56:45Z</time>
   </trkpt>
   <trkpt lat="45.7741670" lon="4.7437310">
    <ele>240.7</ele>
    <time>2025-02-28T14:56:46Z</time>
   </trkpt>
   <trkpt lat="45.7741600" lon="4.7437410">
    <ele>240.7</ele>
    <time>2025-02-28T14:56:47Z</time>
   </trkpt>
   <trkpt lat="45.7741440" lon="4.7437770">
    <ele>240.8</ele>
    <time>2025-02-28T14:56:48Z</time>
   </trkpt>
   <trkpt lat="45.7741110" lon="4.7438270">
    <ele>240.8</ele>
    <time>2025-02-28T14:56:49Z</time>
   </trkpt>
   <trkpt lat="45.7740990" lon="4.7438550">
    <ele>240.8</ele>
    <time>2025-02-28T14:56:50Z</time>
   </trkpt>
   <trkpt lat="45.7740750" lon="4.7438800">
    <ele>240.8</ele>
    <time>2025-02-28T14:56:51Z</time>
   </trkpt>
   <trkpt lat="45.7740440" lon="4.7439120">
    <ele>240.9</ele>
    <time>2025-02-28T14:56:52Z</time>
   </trkpt>
   <trkpt lat="45.7740330" lon="4.7439280">
    <ele>240.9</ele>
    <time>2025-02-28T14:56:53Z</time>
   </trkpt>
   <trkpt lat="45.7740010" lon="4.7439480">
    <ele>240.9</ele>
    <time>2025-02-28T14:56:54Z</time>
   </trkpt>
   <trkpt lat="45.7739870" lon="4.7439480">
    <ele>241.0</ele>
    <time>2025-02-28T14:56:55Z</time>
   </trkpt>
   <trkpt lat="45.7739580" lon="4.7439890">
    <ele>241.0</ele>
    <time>2025-02-28T14:56:56Z</time>
   </trkpt>
   <trkpt lat="45.7739440" lon="4.7440080">
    <ele>241.0</ele>
    <time>2025-02-28T14:56:57Z</time>
   </trkpt>
   <trkpt lat="45.7739280" lon="4.7440570">
    <ele>241.1</ele>
    <time>2025-02-28T14:56:58Z</time>
   </trkpt>
   <trkpt lat="45.7739080" lon="4.7440930">
    <ele>241.1</ele>
    <time>2025-02-28T14:56:59Z</time>
   </trkpt>
   <trkpt lat="45.7738730" lon="4.7441210">
    <ele>241.2</ele>
    <time>2025-02-28T14:57:00Z</time>
   </trkpt>
   <trkpt lat="45.7738600" lon="4.7441340">
    <ele>241.2</ele>
    <time>2025-02-28T14:57:01Z</time>
   </trkpt>
   <trkpt lat="45.7738340" lon="4.7441830">
    <ele>241.2</ele>
    <time>2025-02-28T14:57:02Z</time>
   </trkpt>
   <trkpt lat="45.7738200" lon="4.7442000">
    <ele>241.3</ele>
    <time>2025-02-28T14:57:03Z</time>
   </trkpt>
   <trkpt lat="45.7737900" lon="4.7442430">
    <ele>241.3</ele>
    <time>2025-02-28T14:57:04Z</time>
   </trkpt>
   <trkpt lat="45.7737750" lon="4.7442560">
    <ele>241.3</ele>
    <time>2025-02-28T14:57:05Z</time>
   </trkpt>
   <trkpt lat="45.7737440" lon="4.7442810">
    <ele>241.4</ele>
    <time>2025-02-28T14:57:06Z</time>
   </trkpt>
   <trkpt lat="45.7737310" lon="4.7442830">
    <ele>241.4</ele>
    <time>2025-02-28T14:57:07Z</time>
   </trkpt>
   <trkpt lat="45.7737030" lon="4.7443080">
    <ele>241.4</ele>
    <time>2025-02-28T14:57:08Z</time>
   </trkpt>
   <trkpt lat="45.7736720" lon="4.7443490">
    <ele>241.4</ele>
    <time>2025-02-28T14:57:09Z</time>
   </trkpt>
   <trkpt lat="45.7736630" lon="4.7443720">
    <ele>241.4</ele>
    <time>2025-02-28T14:57:10Z</time>
   </trkpt>
   <trkpt lat="45.7736400" lon="4.7444110">
    <ele>241.4</ele>
    <time>2025-02-28T14:57:11Z</time>
   </trkpt>
   <trkpt lat="45.7736110" lon="4.7444510">
    <ele>241.3</ele>
    <time>2025-02-28T14:57:12Z</time>
   </trkpt>
   <trkpt lat="45.7735940" lon="4.7444640">
    <ele>241.3</ele>
    <time>2025-02-28T14:57:13Z</time>
   </trkpt>
   <trkpt lat="45.7735700" lon="4.7445070">
    <ele>241.3</ele>
    <time>2025-02-28T14:57:14Z</time>
   </trkpt>
   <trkpt lat="45.7735580" lon="4.7445270">
    <ele>241.3</ele>
    <time>2025-02-28T14:57:15Z</time>
   </trkpt>
   <trkpt lat="45.7735330" lon="4.7445640">
    <ele>241.3</ele>
    <time>2025-02-28T14:57:16Z</time>
   </trkpt>
   <trkpt lat="45.7735260" lon="4.7445830">
    <ele>241.3</ele>
    <time>2025-02-28T14:57:17Z</time>
   </trkpt>
   <trkpt lat="45.7734980" lon="4.7446100">
    <ele>241.3</ele>
    <time>2025-02-28T14:57:18Z</time>
   </trkpt>
   <trkpt lat="45.7734730" lon="4.7445920">
    <ele>241.5</ele>
    <time>2025-02-28T14:57:19Z</time>
   </trkpt>
   <trkpt lat="45.7734590" lon="4.7445680">
    <ele>241.7</ele>
    <time>2025-02-28T14:57:20Z</time>
   </trkpt>
   <trkpt lat="45.7734630" lon="4.7445460">
    <ele>241.9</ele>
    <time>2025-02-28T14:57:21Z</time>
   </trkpt>
   <trkpt lat="45.7734660" lon="4.7445250">
    <ele>242.1</ele>
    <time>2025-02-28T14:57:22Z</time>
   </trkpt>
   <trkpt lat="45.7734670" lon="4.7444990">
    <ele>242.3</ele>
    <time>2025-02-28T14:57:23Z</time>
   </trkpt>
   <trkpt lat="45.7734710" lon="4.7444820">
    <ele>242.4</ele>
    <time>2025-02-28T14:57:24Z</time>
   </trkpt>
   <trkpt lat="45.7734760" lon="4.7444640">
    <ele>242.6</ele>
    <time>2025-02-28T14:57:25Z</time>
   </trkpt>
   <trkpt lat="45.7734800" lon="4.7444470">
    <ele>242.7</ele>
    <time>2025-02-28T14:57:26Z</time>
   </trkpt>
   <trkpt lat="45.7734840" lon="4.7444050">
    <ele>243.0</ele>
    <time>2025-02-28T14:57:27Z</time>
   </trkpt>
   <trkpt lat="45.7734800" lon="4.7443550">
    <ele>243.5</ele>
    <time>2025-02-28T14:57:28Z</time>
   </trkpt>
   <trkpt lat="45.7734790" lon="4.7443430">
    <ele>243.6</ele>
    <time>2025-02-28T14:57:29Z</time>
   </trkpt>
   <trkpt lat="45.7734890" lon="4.7442980">
    <ele>243.9</ele>
    <time>2025-02-28T14:57:30Z</time>
   </trkpt>
   <trkpt lat="45.7734880" lon="4.7442860">
    <ele>244.0</ele>
    <time>2025-02-28T14:57:31Z</time>
   </trkpt>
   <trkpt lat="45.7735030" lon="4.7442410">
    <ele>244.5</ele>
    <time>2025-02-28T14:57:32Z</time>
   </trkpt>
   <trkpt lat="45.7735070" lon="4.7442260">
    <ele>244.6</ele>
    <time>2025-02-28T14:57:33Z</time>
   </trkpt>
   <trkpt lat="45.7735260" lon="4.7441890">
    <ele>245.0</ele>
    <time>2025-02-28T14:57:34Z</time>
   </trkpt>
   <trkpt lat="45.7735340" lon="4.7441420">
    <ele>245.4</ele>
    <time>2025-02-28T14:57:35Z</time>
   </trkpt>
   <trkpt lat="45.7735330" lon="4.7441220">
    <ele>245.6</ele>
    <time>2025-02-28T14:57:36Z</time>
   </trkpt>
   <trkpt lat="45.7735400" lon="4.7440730">
    <ele>246.0</ele>
    <time>2025-02-28T14:57:37Z</time>
   </trkpt>
   <trkpt lat="45.7735410" lon="4.7440570">
    <ele>246.1</ele>
    <time>2025-02-28T14:57:38Z</time>
   </trkpt>
   <trkpt lat="45.7735480" lon="4.7440110">
    <ele>246.5</ele>
    <time>2025-02-28T14:57:39Z</time>
   </trkpt>
   <trkpt lat="45.7735460" lon="4.7440010">
    <ele>246.6</ele>
    <time>2025-02-28T14:57:40Z</time>
   </trkpt>
   <trkpt lat="45.7735530" lon="4.7439560">
    <ele>247.0</ele>
    <time>2025-02-28T14:57:41Z</time>
   </trkpt>
   <trkpt lat="45.7735560" lon="4.7439380">
    <ele>247.1</ele>
    <time>2025-02-28T14:57:42Z</time>
   </trkpt>
   <trkpt lat="45.7735650" lon="4.7439010">
    <ele>247.5</ele>
    <time>2025-02-28T14:57:43Z</time>
   </trkpt>
   <trkpt lat="45.7735700" lon="4.7438870">
    <ele>247.6</ele>
    <time>2025-02-28T14:57:44Z</time>
   </trkpt>
   <trkpt lat="45.7735800" lon="4.7438480">
    <ele>247.9</ele>
    <time>2025-02-28T14:57:45Z</time>
   </trkpt>
   <trkpt lat="45.7735820" lon="4.7438330">
    <ele>248.1</ele>
    <time>2025-02-28T14:57:46Z</time>
   </trkpt>
   <trkpt lat="45.7735930" lon="4.7437810">
    <ele>248.5</ele>
    <time>2025-02-28T14:57:47Z</time>
   </trkpt>
   <trkpt lat="45.7735980" lon="4.7437640">
    <ele>248.7</ele>
    <time>2025-02-28T14:57:48Z</time>
   </trkpt>
   <trkpt lat="45.7735970" lon="4.7437390">
    <ele>248.9</ele>
    <time>2025-02-28T14:57:49Z</time>
   </trkpt>
   <trkpt lat="45.7736040" lon="4.7437140">
    <ele>249.1</ele>
    <time>2025-02-28T14:57:50Z</time>
   </trkpt>
   <trkpt lat="45.7736050" lon="4.7436890">
    <ele>249.3</ele>
    <time>2025-02-28T14:57:51Z</time>
   </trkpt>
   <trkpt lat="45.7736130" lon="4.7436690">
    <ele>249.5</ele>
    <time>2025-02-28T14:57:52Z</time>
   </trkpt>
   <trkpt lat="45.7736150" lon="4.7436180">
    <ele>250.0</ele>
    <time>2025-02-28T14:57:53Z</time>
   </trkpt>
   <trkpt lat="45.7736150" lon="4.7436010">
    <ele>250.1</ele>
    <time>2025-02-28T14:57:54Z</time>
   </trkpt>
   <trkpt lat="45.7736220" lon="4.7435730">
    <ele>250.4</ele>
    <time>2025-02-28T14:57:55Z</time>
   </trkpt>
   <trkpt lat="45.7736220" lon="4.7435530">
    <ele>250.5</ele>
    <time>2025-02-28T14:57:56Z</time>
   </trkpt>
   <trkpt lat="45.7736350" lon="4.7435090">
    <ele>251.0</ele>
    <time>2025-02-28T14:57:57Z</time>
   </trkpt>
   <trkpt lat="45.7736380" lon="4.7434940">
    <ele>251.1</ele>
    <time>2025-02-28T14:57:58Z</time>
   </trkpt>
   <trkpt lat="45.7736450" lon="4.7434570">
    <ele>251.5</ele>
    <time>2025-02-28T14:57:59Z</time>
   </trkpt>
   <trkpt lat="45.7736480" lon="4.7434420">
    <ele>251.6</ele>
    <time>2025-02-28T14:58:00Z</time>
   </trkpt>
   <trkpt lat="45.7736560" lon="4.7433960">
    <ele>252.0</ele>
    <time>2025-02-28T14:58:01Z</time>
   </trkpt>
   <trkpt lat="45.7736580" lon="4.7433790">
    <ele>252.2</ele>
    <time>2025-02-28T14:58:02Z</time>
   </trkpt>
   <trkpt lat="45.7736640" lon="4.7433410">
    <ele>252.6</ele>
    <time>2025-02-28T14:58:03Z</time>
   </trkpt>
   <trkpt lat="45.7736650" lon="4.7433250">
    <ele>252.7</ele>
    <time>2025-02-28T14:58:04Z</time>
   </trkpt>
   <trkpt lat="45.7736680" lon="4.7433020">
    <ele>253.0</ele>
    <time>2025-02-28T14:58:05Z</time>
   </trkpt>
   <trkpt lat="45.7736770" lon="4.7432780">
    <ele>253.2</ele>
    <time>2025-02-28T14:58:06Z</time>
   </trkpt>
   <trkpt lat="45.7736840" lon="4.7432530">
    <ele>253.5</ele>
    <time>2025-02-28T14:58:07Z</time>
   </trkpt>
   <trkpt lat="45.7736890" lon="4.7432370">
    <ele>253.7</ele>
    <time>2025-02-28T14:58:08Z</time>
   </trkpt>
   <trkpt lat="45.7736890" lon="4.7431900">
    <ele>254.1</ele>
    <time>2025-02-28T14:58:09Z</time>
   </trkpt>
   <trkpt lat="45.7736920" lon="4.7431740">
    <ele>254.3</ele>
    <time>2025-02-28T14:58:10Z</time>
   </trkpt>
   <trkpt lat="45.7737050" lon="4.7431320">
    <ele>254.8</ele>
    <time>2025-02-28T14:58:11Z</time>
   </trkpt>
   <trkpt lat="45.7737100" lon="4.7431150">
    <ele>255.0</ele>
    <time>2025-02-28T14:58:12Z</time>
   </trkpt>
   <trkpt lat="45.7737270" lon="4.7430640">
    <ele>255.5</ele>
    <time>2025-02-28T14:58:13Z</time>
   </trkpt>
   <trkpt lat="45.7737400" lon="4.7430200">
    <ele>256.0</ele>
    <time>2025-02-28T14:58:14Z</time>
   </trkpt>
   <trkpt lat="45.7737390" lon="4.7430020">
    <ele>256.2</ele>
    <time>2025-02-28T14:58:15Z</time>
   </trkpt>
   <trkpt lat="45.7737480" lon="4.7429770">
    <ele>256.5</ele>
    <time>2025-02-28T14:58:16Z</time>
   </trkpt>
   <trkpt lat="45.7737550" lon="4.7429600">
    <ele>256.7</ele>
    <time>2025-02-28T14:58:17Z</time>
   </trkpt>
   <trkpt lat="45.7737660" lon="4.7429170">
    <ele>257.2</ele>
    <time>2025-02-28T14:58:18Z</time>
   </trkpt>
   <trkpt lat="45.7737730" lon="4.7429060">
    <ele>257.4</ele>
    <time>2025-02-28T14:58:19Z</time>
   </trkpt>
   <trkpt lat="45.7737840" lon="4.7428920">
    <ele>257.6</ele>
    <time>2025-02-28T14:58:20Z</time>
   </trkpt>
   <trkpt lat="45.7737940" lon="4.7428690">
    <ele>257.8</ele>
    <time>2025-02-28T14:58:21Z</time>
   </trkpt>
   <trkpt lat="45.7738090" lon="4.7428340">
    <ele>258.3</ele>
    <time>2025-02-28T14:58:22Z</time>
   </trkpt>
   <trkpt lat="45.7738120" lon="4.7428200">
    <ele>258.4</ele>
    <time>2025-02-28T14:58:23Z</time>
   </trkpt>
   <trkpt lat="45.7738200" lon="4.7428060">
    <ele>258.6</ele>
    <time>2025-02-28T14:58:24Z</time>
   </trkpt>
   <trkpt lat="45.7738250" lon="4.7427740">
    <ele>259.0</ele>
    <time>2025-02-28T14:58:25Z</time>
   </trkpt>
   <trkpt lat="45.7738290" lon="4.7427540">
    <ele>259.2</ele>
    <time>2025-02-28T14:58:26Z</time>
   </trkpt>
   <trkpt lat="45.7738360" lon="4.7427260">
    <ele>259.5</ele>
    <time>2025-02-28T14:58:27Z</time>
   </trkpt>
   <trkpt lat="45.7738530" lon="4.7426830">
    <ele>260.0</ele>
    <time>2025-02-28T14:58:28Z</time>
   </trkpt>
   <trkpt lat="45.7738540" lon="4.7426700">
    <ele>260.2</ele>
    <time>2025-02-28T14:58:29Z</time>
   </trkpt>
   <trkpt lat="45.7738630" lon="4.7426480">
    <ele>260.5</ele>
    <time>2025-02-28T14:58:30Z</time>
   </trkpt>
   <trkpt lat="45.7738730" lon="4.7426300">
    <ele>260.7</ele>
    <time>2025-02-28T14:58:31Z</time>
   </trkpt>
   <trkpt lat="45.7738970" lon="4.7425990">
    <ele>261.2</ele>
    <time>2025-02-28T14:58:32Z</time>
   </trkpt>
   <trkpt lat="45.7739060" lon="4.7425890">
    <ele>261.4</ele>
    <time>2025-02-28T14:58:33Z</time>
   </trkpt>
   <trkpt lat="45.7739100" lon="4.7425670">
    <ele>261.7</ele>
    <time>2025-02-28T14:58:34Z</time>
   </trkpt>
   <trkpt lat="45.7739130" lon="4.7425380">
    <ele>262.0</ele>
    <time>2025-02-28T14:58:35Z</time>
   </trkpt>
   <trkpt lat="45.7739190" lon="4.7424850">
    <ele>262.7</ele>
    <time>2025-02-28T14:58:36Z</time>
   </trkpt>
   <trkpt lat="45.7739170" lon="4.7424690">
    <ele>262.9</ele>
    <time>2025-02-28T14:58:37Z</time>
   </trkpt>
   <trkpt lat="45.7739080" lon="4.7424450">
    <ele>263.2</ele>
    <time>2025-02-28T14:58:38Z</time>
   </trkpt>
   <trkpt lat="45.7739110" lon="4.7424190">
    <ele>263.5</ele>
    <time>2025-02-28T14:58:39Z</time>
   </trkpt>
   <trkpt lat="45.7739040" lon="4.7423740">
    <ele>264.1</ele>
    <time>2025-02-28T14:58:40Z</time>
   </trkpt>
   <trkpt lat="45.7738990" lon="4.7423640">
    <ele>264.2</ele>
    <time>2025-02-28T14:58:41Z</time>
   </trkpt>
   <trkpt lat="45.7738810" lon="4.7423290">
    <ele>264.7</ele>
    <time>2025-02-28T14:58:42Z</time>
   </trkpt>
   <trkpt lat="45.7738740" lon="4.7423180">
    <ele>264.9</ele>
    <time>2025-02-28T14:58:43Z</time>
   </trkpt>
   <trkpt lat="45.7738530" lon="4.7422780">
    <ele>265.5</ele>
    <time>2025-02-28T14:58:44Z</time>
   </trkpt>
   <trkpt lat="45.7738470" lon="4.7422620">
    <ele>265.7</ele>
    <time>2025-02-28T14:58:45Z</time>
   </trkpt>
   <trkpt lat="45.7738270" lon="4.7422230">
    <ele>266.3</ele>
    <time>2025-02-28T14:58:46Z</time>
   </trkpt>
   <trkpt lat="45.7738150" lon="4.7422090">
    <ele>266.5</ele>
    <time>2025-02-28T14:58:48Z</time>
   </trkpt>
   <trkpt lat="45.7738030" lon="4.7421940">
    <ele>266.8</ele>
    <time>2025-02-28T14:58:49Z</time>
   </trkpt>
   <trkpt lat="45.7737910" lon="4.7421800">
    <ele>267.0</ele>
    <time>2025-02-28T14:58:50Z</time>
   </trkpt>
   <trkpt lat="45.7737670" lon="4.7421430">
    <ele>267.5</ele>
    <time>2025-02-28T14:58:51Z</time>
   </trkpt>
   <trkpt lat="45.7737590" lon="4.7421340">
    <ele>267.6</ele>
    <time>2025-02-28T14:58:52Z</time>
   </trkpt>
   <trkpt lat="45.7737500" lon="4.7421120">
    <ele>267.9</ele>
    <time>2025-02-28T14:58:53Z</time>
   </trkpt>
   <trkpt lat="45.7737370" lon="4.7420940">
    <ele>268.1</ele>
    <time>2025-02-28T14:58:54Z</time>
   </trkpt>
   <trkpt lat="45.7737090" lon="4.7420770">
    <ele>268.5</ele>
    <time>2025-02-28T14:58:55Z</time>
   </trkpt>
   <trkpt lat="45.7737000" lon="4.7420740">
    <ele>268.6</ele>
    <time>2025-02-28T14:58:56Z</time>
   </trkpt>
   <trkpt lat="45.7736770" lon="4.7420460">
    <ele>269.0</ele>
    <time>2025-02-28T14:58:57Z</time>
   </trkpt>
   <trkpt lat="45.7736680" lon="4.7420340">
    <ele>269.1</ele>
    <time>2025-02-28T14:58:58Z</time>
   </trkpt>
   <trkpt lat="45.7736500" lon="4.7419950">
    <ele>269.5</ele>
    <time>2025-02-28T14:58:59Z</time>
   </trkpt>
   <trkpt lat="45.7736420" lon="4.7419820">
    <ele>269.7</ele>
    <time>2025-02-28T14:59:00Z</time>
   </trkpt>
   <trkpt lat="45.7736200" lon="4.7419570">
    <ele>270.0</ele>
    <time>2025-02-28T14:59:01Z</time>
   </trkpt>
   <trkpt lat="45.7736100" lon="4.7419480">
    <ele>270.1</ele>
    <time>2025-02-28T14:59:02Z</time>
   </trkpt>
   <trkpt lat="45.7735940" lon="4.7419130">
    <ele>270.4</ele>
    <time>2025-02-28T14:59:03Z</time>
   </trkpt>
   <trkpt lat="45.7735780" lon="4.7418740">
    <ele>270.8</ele>
    <time>2025-02-28T14:59:04Z</time>
   </trkpt>
   <trkpt lat="45.7735560" lon="4.7418470">
    <ele>270.8</ele>
    <time>2025-02-28T14:59:05Z</time>
   </trkpt>
   <trkpt lat="45.7735380" lon="4.7418270">
    <ele>270.9</ele>
    <time>2025-02-28T14:59:06Z</time>
   </trkpt>
   <trkpt lat="45.7735290" lon="4.7418290">
    <ele>270.9</ele>
    <time>2025-02-28T14:59:07Z</time>
   </trkpt>
   <trkpt lat="45.7735130" lon="4.7418240">
    <ele>270.9</ele>
    <time>2025-02-28T14:59:08Z</time>
   </trkpt>
   <trkpt lat="45.7734980" lon="4.7418150">
    <ele>270.9</ele>
    <time>2025-02-28T14:59:09Z</time>
   </trkpt>
   <trkpt lat="45.7731460" lon="4.7412690">
    <ele>271.2</ele>
    <time>2025-02-28T14:59:48Z</time>
   </trkpt>
   <trkpt lat="45.7731280" lon="4.7412630">
    <ele>271.2</ele>
    <time>2025-02-28T14:59:49Z</time>
   </trkpt>
   <trkpt lat="45.7731110" lon="4.7412560">
    <ele>271.2</ele>
    <time>2025-02-28T14:59:50Z</time>
   </trkpt>
   <trkpt lat="45.7730740" lon="4.7412260">
    <ele>271.3</ele>
    <time>2025-02-28T14:59:51Z</time>
   </trkpt>
   <trkpt lat="45.7730470" lon="4.7411900">
    <ele>271.3</ele>
    <time>2025-02-28T14:59:52Z</time>
   </trkpt>
   <trkpt lat="45.7730360" lon="4.7411730">
    <ele>271.3</ele>
    <time>2025-02-28T14:59:53Z</time>
   </trkpt>
   <trkpt lat="45.7730070" lon="4.7411410">
    <ele>271.3</ele>
    <time>2025-02-28T14:59:54Z</time>
   </trkpt>
   <trkpt lat="45.7729580" lon="4.7410880">
    <ele>271.4</ele>
    <time>2025-02-28T14:59:55Z</time>
   </trkpt>
   <trkpt lat="45.7729420" lon="4.7410530">
    <ele>271.4</ele>
    <time>2025-02-28T14:59:56Z</time>
   </trkpt>
   <trkpt lat="45.7729150" lon="4.7410330">
    <ele>271.4</ele>
    <time>2025-02-28T14:59:57Z</time>
   </trkpt>
   <trkpt lat="45.7728910" lon="4.7410150">
    <ele>271.4</ele>
    <time>2025-02-28T14:59:58Z</time>
   </trkpt>
   <trkpt lat="45.7728790" lon="4.7409950">
    <ele>271.4</ele>
    <time>2025-02-28T14:59:59Z</time>
   </trkpt>
   <trkpt lat="45.7728460" lon="4.7409640">
    <ele>271.5</ele>
    <time>2025-02-28T15:00:00Z</time>
   </trkpt>
   <trkpt lat="45.7728210" lon="4.7409060">
    <ele>271.5</ele>
    <time>2025-02-28T15:00:01Z</time>
   </trkpt>
   <trkpt lat="45.7728170" lon="4.7408680">
    <ele>271.5</ele>
    <time>2025-02-28T15:00:02Z</time>
   </trkpt>
   <trkpt lat="45.7727810" lon="4.7408330">
    <ele>271.5</ele>
    <time>2025-02-28T15:00:03Z</time>
   </trkpt>
   <trkpt lat="45.7727620" lon="4.7408220">
    <ele>271.5</ele>
    <time>2025-02-28T15:00:04Z</time>
   </trkpt>
   <trkpt lat="45.7727360" lon="4.7407940">
    <ele>271.5</ele>
    <time>2025-02-28T15:00:05Z</time>
   </trkpt>
   <trkpt lat="45.7727210" lon="4.7407410">
    <ele>271.5</ele>
    <time>2025-02-28T15:00:07Z</time>
   </trkpt>
   <trkpt lat="45.7727110" lon="4.7407050">
    <ele>271.5</ele>
    <time>2025-02-28T15:00:08Z</time>
   </trkpt>
   <trkpt lat="45.7726640" lon="4.7406930">
    <ele>271.5</ele>
    <time>2025-02-28T15:00:09Z</time>
   </trkpt>
   <trkpt lat="45.7726400" lon="4.7406660">
    <ele>271.5</ele>
    <time>2025-02-28T15:00:10Z</time>
   </trkpt>
   <trkpt lat="45.7726170" lon="4.7406400">
    <ele>271.4</ele>
    <time>2025-02-28T15:00:11Z</time>
   </trkpt>
   <trkpt lat="45.7725950" lon="4.7406020">
    <ele>271.4</ele>
    <time>2025-02-28T15:00:12Z</time>
   </trkpt>
   <trkpt lat="45.7725690" lon="4.7405760">
    <ele>271.4</ele>
    <time>2025-02-28T15:00:13Z</time>
   </trkpt>
   <trkpt lat="45.7725490" lon="4.7405470">
    <ele>271.4</ele>
    <time>2025-02-28T15:00:14Z</time>
   </trkpt>
   <trkpt lat="45.7725250" lon="4.7405170">
    <ele>271.4</ele>
    <time>2025-02-28T15:00:15Z</time>
   </trkpt>
   <trkpt lat="45.7725010" lon="4.7404830">
    <ele>271.4</ele>
    <time>2025-02-28T15:00:16Z</time>
   </trkpt>
   <trkpt lat="45.7724830" lon="4.7404310">
    <ele>271.3</ele>
    <time>2025-02-28T15:00:17Z</time>
   </trkpt>
   <trkpt lat="45.7724710" lon="4.7404140">
    <ele>271.3</ele>
    <time>2025-02-28T15:00:18Z</time>
   </trkpt>
   <trkpt lat="45.7724440" lon="4.7403800">
    <ele>271.3</ele>
    <time>2025-02-28T15:00:19Z</time>
   </trkpt>
   <trkpt lat="45.7724210" lon="4.7403500">
    <ele>271.3</ele>
    <time>2025-02-28T15:00:20Z</time>
   </trkpt>
   <trkpt lat="45.7724000" lon="4.7403180">
    <ele>271.3</ele>
    <time>2025-02-28T15:00:21Z</time>
   </trkpt>
   <trkpt lat="45.7723750" lon="4.7402680">
    <ele>271.3</ele>
    <time>2025-02-28T15:00:22Z</time>
   </trkpt>
   <trkpt lat="45.7723650" lon="4.7402500">
    <ele>271.3</ele>
    <time>2025-02-28T15:00:23Z</time>
   </trkpt>
   <trkpt lat="45.7723460" lon="4.7402160">
    <ele>271.2</ele>
    <time>2025-02-28T15:00:24Z</time>
   </trkpt>
   <trkpt lat="45.7723220" lon="4.7401860">
    <ele>271.2</ele>
    <time>2025-02-28T15:00:25Z</time>
   </trkpt>
   <trkpt lat="45.7722970" lon="4.7401610">
    <ele>271.2</ele>
    <time>2025-02-28T15:00:26Z</time>
   </trkpt>
   <trkpt lat="45.7722620" lon="4.7401450">
    <ele>271.2</ele>
    <time>2025-02-28T15:00:27Z</time>
   </trkpt>
   <trkpt lat="45.7722330" lon="4.7401160">
    <ele>271.2</ele>
    <time>2025-02-28T15:00:28Z</time>
   </trkpt>
   <trkpt lat="45.7722200" lon="4.7400790">
    <ele>271.2</ele>
    <time>2025-02-28T15:00:29Z</time>
   </trkpt>
   <trkpt lat="45.7722070" lon="4.7400400">
    <ele>271.2</ele>
    <time>2025-02-28T15:00:30Z</time>
   </trkpt>
   <trkpt lat="45.7721940" lon="4.7400030">
    <ele>271.2</ele>
    <time>2025-02-28T15:00:31Z</time>
   </trkpt>
   <trkpt lat="45.7721640" lon="4.7399850">
    <ele>271.2</ele>
    <time>2025-02-28T15:00:32Z</time>
   </trkpt>
   <trkpt lat="45.7721440" lon="4.7399590">
    <ele>271.2</ele>
    <time>2025-02-28T15:00:33Z</time>
   </trkpt>
   <trkpt lat="45.7721210" lon="4.7399390">
    <ele>271.2</ele>
    <time>2025-02-28T15:00:34Z</time>
   </trkpt>
   <trkpt lat="45.7721000" lon="4.7398950">
    <ele>271.2</ele>
    <time>2025-02-28T15:00:35Z</time>
   </trkpt>
   <trkpt lat="45.7720710" lon="4.7398670">
    <ele>271.2</ele>
    <time>2025-02-28T15:00:36Z</time>
   </trkpt>
   <trkpt lat="45.7720530" lon="4.7398300">
    <ele>271.2</ele>
    <time>2025-02-28T15:00:37Z</time>
   </trkpt>
   <trkpt lat="45.7720220" lon="4.7398140">
    <ele>271.2</ele>
    <time>2025-02-28T15:00:38Z</time>
   </trkpt>
   <trkpt lat="45.7720010" lon="4.7397830">
    <ele>271.2</ele>
    <time>2025-02-28T15:00:39Z</time>
   </trkpt>
   <trkpt lat="45.7719860" lon="4.7397410">
    <ele>271.2</ele>
    <time>2025-02-28T15:00:40Z</time>
   </trkpt>
   <trkpt lat="45.7719550" lon="4.7397160">
    <ele>271.3</ele>
    <time>2025-02-28T15:00:41Z</time>
   </trkpt>
   <trkpt lat="45.7719380" lon="4.7396830">
    <ele>271.3</ele>
    <time>2025-02-28T15:00:42Z</time>
   </trkpt>
   <trkpt lat="45.7719110" lon="4.7396600">
    <ele>271.3</ele>
    <time>2025-02-28T15:00:43Z</time>
   </trkpt>
   <trkpt lat="45.7718740" lon="4.7396560">
    <ele>271.3</ele>
    <time>2025-02-28T15:00:44Z</time>
   </trkpt>
   <trkpt lat="45.7718350" lon="4.7396600">
    <ele>271.4</ele>
    <time>2025-02-28T15:00:45Z</time>
   </trkpt>
   <trkpt lat="45.7718040" lon="4.7396550">
    <ele>271.4</ele>
    <time>2025-02-28T15:00:46Z</time>
   </trkpt>
   <trkpt lat="45.7717770" lon="4.7396530">
    <ele>271.4</ele>
    <time>2025-02-28T15:00:47Z</time>
   </trkpt>
   <trkpt lat="45.7717420" lon="4.7396530">
    <ele>271.4</ele>
    <time>2025-02-28T15:00:48Z</time>
   </trkpt>
   <trkpt lat="45.7717320" lon="4.7396630">
    <ele>271.4</ele>
    <time>2025-02-28T15:00:49Z</time>
   </trkpt>
   <trkpt lat="45.7716920" lon="4.7396640">
    <ele>271.4</ele>
    <time>2025-02-28T15:00:50Z</time>
   </trkpt>
   <trkpt lat="45.7716530" lon="4.7396910">
    <ele>271.4</ele>
    <time>2025-02-28T15:00:51Z</time>
   </trkpt>
   <trkpt lat="45.7716290" lon="4.7397140">
    <ele>271.4</ele>
    <time>2025-02-28T15:00:52Z</time>
   </trkpt>
   <trkpt lat="45.7716000" lon="4.7397490">
    <ele>271.3</ele>
    <time>2025-02-28T15:00:53Z</time>
   </trkpt>
   <trkpt lat="45.7715740" lon="4.7397850">
    <ele>271.3</ele>
    <time>2025-02-28T15:00:54Z</time>
   </trkpt>
   <trkpt lat="45.7715660" lon="4.7398000">
    <ele>271.3</ele>
    <time>2025-02-28T15:00:55Z</time>
   </trkpt>
   <trkpt lat="45.7715390" lon="4.7398290">
    <ele>271.3</ele>
    <time>2025-02-28T15:00:56Z</time>
   </trkpt>
   <trkpt lat="45.7715150" lon="4.7398570">
    <ele>271.3</ele>
    <time>2025-02-28T15:00:57Z</time>
   </trkpt>
   <trkpt lat="45.7714850" lon="4.7398680">
    <ele>271.3</ele>
    <time>2025-02-28T15:00:58Z</time>
   </trkpt>
   <trkpt lat="45.7714630" lon="4.7398950">
    <ele>271.3</ele>
    <time>2025-02-28T15:00:59Z</time>
   </trkpt>
   <trkpt lat="45.7714340" lon="4.7399200">
    <ele>271.3</ele>
    <time>2025-02-28T15:01:00Z</time>
   </trkpt>
   <trkpt lat="45.7714120" lon="4.7399480">
    <ele>271.3</ele>
    <time>2025-02-28T15:01:01Z</time>
   </trkpt>
   <trkpt lat="45.7713990" lon="4.7399830">
    <ele>271.3</ele>
    <time>2025-02-28T15:01:02Z</time>
   </trkpt>
   <trkpt lat="45.7713790" lon="4.7400120">
    <ele>271.3</ele>
    <time>2025-02-28T15:01:03Z</time>
   </trkpt>
   <trkpt lat="45.7713510" lon="4.7400330">
    <ele>271.3</ele>
    <time>2025-02-28T15:01:04Z</time>
   </trkpt>
   <trkpt lat="45.7713190" lon="4.7400540">
    <ele>271.3</ele>
    <time>2025-02-28T15:01:05Z</time>
   </trkpt>
   <trkpt lat="45.7712910" lon="4.7400680">
    <ele>271.3</ele>
    <time>2025-02-28T15:01:06Z</time>
   </trkpt>
   <trkpt lat="45.7712700" lon="4.7400940">
    <ele>271.3</ele>
    <time>2025-02-28T15:01:07Z</time>
   </trkpt>
   <trkpt lat="45.7712470" lon="4.7401180">
    <ele>271.3</ele>
    <time>2025-02-28T15:01:08Z</time>
   </trkpt>
   <trkpt lat="45.7712290" lon="4.7401690">
    <ele>271.3</ele>
    <time>2025-02-28T15:01:09Z</time>
   </trkpt>
   <trkpt lat="45.7712290" lon="4.7401920">
    <ele>271.3</ele>
    <time>2025-02-28T15:01:10Z</time>
   </trkpt>
   <trkpt lat="45.7712110" lon="4.7402260">
    <ele>271.3</ele>
    <time>2025-02-28T15:01:11Z</time>
   </trkpt>
   <trkpt lat="45.7711870" lon="4.7402540">
    <ele>271.3</ele>
    <time>2025-02-28T15:01:12Z</time>
   </trkpt>
   <trkpt lat="45.7711520" lon="4.7402980">
    <ele>271.3</ele>
    <time>2025-02-28T15:01:13Z</time>
   </trkpt>
   <trkpt lat="45.7711380" lon="4.7403180">
    <ele>271.3</ele>
    <time>2025-02-28T15:01:14Z</time>
   </trkpt>
   <trkpt lat="45.7711220" lon="4.7403550">
    <ele>271.3</ele>
    <time>2025-02-28T15:01:15Z</time>
   </trkpt>
   <trkpt lat="45.7710890" lon="4.7403750">
    <ele>271.3</ele>
    <time>2025-02-28T15:01:16Z</time>
   </trkpt>
   <trkpt lat="45.7710720" lon="4.7404070">
    <ele>271.2</ele>
    <time>2025-02-28T15:01:17Z</time>
   </trkpt>
   <trkpt lat="45.7710470" lon="4.7404290">
    <ele>271.2</ele>
    <time>2025-02-28T15:01:18Z</time>
   </trkpt>
   <trkpt lat="45.7710300" lon="4.7404660">
    <ele>271.2</ele>
    <time>2025-02-28T15:01:19Z</time>
   </trkpt>
   <trkpt lat="45.7710090" lon="4.7404930">
    <ele>271.2</ele>
    <time>2025-02-28T15:01:20Z</time>
   </trkpt>
   <trkpt lat="45.7709920" lon="4.7405250">
    <ele>271.2</ele>
    <time>2025-02-28T15:01:21Z</time>
   </trkpt>
   <trkpt lat="45.7709670" lon="4.7405480">
    <ele>271.2</ele>
    <time>2025-02-28T15:01:22Z</time>
   </trkpt>
   <trkpt lat="45.7709410" lon="4.7405630">
    <ele>271.1</ele>
    <time>2025-02-28T15:01:23Z</time>
   </trkpt>
   <trkpt lat="45.7709380" lon="4.7406060">
    <ele>271.1</ele>
    <time>2025-02-28T15:01:24Z</time>
   </trkpt>
   <trkpt lat="45.7709190" lon="4.7406540">
    <ele>271.1</ele>
    <time>2025-02-28T15:01:25Z</time>
   </trkpt>
   <trkpt lat="45.7708930" lon="4.7406770">
    <ele>271.1</ele>
    <time>2025-02-28T15:01:26Z</time>
   </trkpt>
   <trkpt lat="45.7708690" lon="4.7407010">
    <ele>271.1</ele>
    <time>2025-02-28T15:01:27Z</time>
   </trkpt>
   <trkpt lat="45.7708470" lon="4.7407230">
    <ele>271.0</ele>
    <time>2025-02-28T15:01:28Z</time>
   </trkpt>
   <trkpt lat="45.7708190" lon="4.7407440">
    <ele>271.0</ele>
    <time>2025-02-28T15:01:29Z</time>
   </trkpt>
   <trkpt lat="45.7708020" lon="4.7407770">
    <ele>271.0</ele>
    <time>2025-02-28T15:01:30Z</time>
   </trkpt>
   <trkpt lat="45.7707640" lon="4.7407890">
    <ele>271.0</ele>
    <time>2025-02-28T15:01:31Z</time>
   </trkpt>
   <trkpt lat="45.7707430" lon="4.7407900">
    <ele>270.9</ele>
    <time>2025-02-28T15:01:32Z</time>
   </trkpt>
   <trkpt lat="45.7707180" lon="4.7408190">
    <ele>270.9</ele>
    <time>2025-02-28T15:01:33Z</time>
   </trkpt>
   <trkpt lat="45.7706900" lon="4.7408640">
    <ele>270.9</ele>
    <time>2025-02-28T15:01:34Z</time>
   </trkpt>
   <trkpt lat="45.7706810" lon="4.7408830">
    <ele>270.9</ele>
    <time>2025-02-28T15:01:35Z</time>
   </trkpt>
   <trkpt lat="45.7706670" lon="4.7409200">
    <ele>270.8</ele>
    <time>2025-02-28T15:01:36Z</time>
   </trkpt>
   <trkpt lat="45.7706470" lon="4.7409540">
    <ele>270.8</ele>
    <time>2025-02-28T15:01:37Z</time>
   </trkpt>
   <trkpt lat="45.7706160" lon="4.7409910">
    <ele>270.7</ele>
    <time>2025-02-28T15:01:38Z</time>
   </trkpt>
   <trkpt lat="45.7705890" lon="4.7410080">
    <ele>270.7</ele>
    <time>2025-02-28T15:01:39Z</time>
   </trkpt>
   <trkpt lat="45.7705730" lon="4.7410470">
    <ele>270.7</ele>
    <time>2025-02-28T15:01:40Z</time>
   </trkpt>
   <trkpt lat="45.7705490" lon="4.7410930">
    <ele>270.6</ele>
    <time>2025-02-28T15:01:41Z</time>
   </trkpt>
   <trkpt lat="45.7705400" lon="4.7411080">
    <ele>270.6</ele>
    <time>2025-02-28T15:01:42Z</time>
   </trkpt>
   <trkpt lat="45.7705270" lon="4.7411540">
    <ele>270.6</ele>
    <time>2025-02-28T15:01:43Z</time>
   </trkpt>
   <trkpt lat="45.7705060" lon="4.7411910">
    <ele>270.5</ele>
    <time>2025-02-28T15:01:44Z</time>
   </trkpt>
   <trkpt lat="45.7704720" lon="4.7412270">
    <ele>270.5</ele>
    <time>2025-02-28T15:01:45Z</time>
   </trkpt>
   <trkpt lat="45.7704590" lon="4.7412400">
    <ele>270.5</ele>
    <time>2025-02-28T15:01:46Z</time>
   </trkpt>
   <trkpt lat="45.7704460" lon="4.7412760">
    <ele>270.4</ele>
    <time>2025-02-28T15:01:47Z</time>
   </trkpt>
   <trkpt lat="45.7704080" lon="4.7413100">
    <ele>270.4</ele>
    <time>2025-02-28T15:01:48Z</time>
   </trkpt>
   <trkpt lat="45.7703920" lon="4.7413240">
    <ele>270.3</ele>
    <time>2025-02-28T15:01:49Z</time>
   </trkpt>
   <trkpt lat="45.7703750" lon="4.7413630">
    <ele>270.3</ele>
    <time>2025-02-28T15:01:50Z</time>
   </trkpt>
   <trkpt lat="45.7703580" lon="4.7413950">
    <ele>270.2</ele>
    <time>2025-02-28T15:01:51Z</time>
   </trkpt>
   <trkpt lat="45.7703340" lon="4.7414150">
    <ele>270.2</ele>
    <time>2025-02-28T15:01:52Z</time>
   </trkpt>
   <trkpt lat="45.7703190" lon="4.7414550">
    <ele>270.1</ele>
    <time>2025-02-28T15:01:53Z</time>
   </trkpt>
   <trkpt lat="45.7702980" lon="4.7414870">
    <ele>270.1</ele>
    <time>2025-02-28T15:01:54Z</time>
   </trkpt>
   <trkpt lat="45.7702730" lon="4.7415190">
    <ele>270.0</ele>
    <time>2025-02-28T15:01:55Z</time>
   </trkpt>
   <trkpt lat="45.7702460" lon="4.7415500">
    <ele>270.0</ele>
    <time>2025-02-28T15:01:56Z</time>
   </trkpt>
   <trkpt lat="45.7702190" lon="4.7415970">
    <ele>269.9</ele>
    <time>2025-02-28T15:01:57Z</time>
   </trkpt>
   <trkpt lat="45.7702090" lon="4.7416140">
    <ele>269.8</ele>
    <time>2025-02-28T15:01:58Z</time>
   </trkpt>
   <trkpt lat="45.7701860" lon="4.7416430">
    <ele>269.8</ele>
    <time>2025-02-28T15:01:59Z</time>
   </trkpt>
   <trkpt lat="45.7701530" lon="4.7416790">
    <ele>269.6</ele>
    <time>2025-02-28T15:02:00Z</time>
   </trkpt>
   <trkpt lat="45.7701330" lon="4.7417060">
    <ele>269.6</ele>
    <time>2025-02-28T15:02:01Z</time>
   </trkpt>
   <trkpt lat="45.7701080" lon="4.7417450">
    <ele>269.4</ele>
    <time>2025-02-28T15:02:02Z</time>
   </trkpt>
   <trkpt lat="45.7700980" lon="4.7417640">
    <ele>269.4</ele>
    <time>2025-02-28T15:02:03Z</time>
   </trkpt>
   <trkpt lat="45.7700740" lon="4.7417970">
    <ele>269.2</ele>
    <time>2025-02-28T15:02:04Z</time>
   </trkpt>
   <trkpt lat="45.7700440" lon="4.7418360">
    <ele>269.1</ele>
    <time>2025-02-28T15:02:05Z</time>
   </trkpt>
   <trkpt lat="45.7700340" lon="4.7418530">
    <ele>269.0</ele>
    <time>2025-02-28T15:02:06Z</time>
   </trkpt>
   <trkpt lat="45.7700030" lon="4.7418770">
    <ele>268.8</ele>
    <time>2025-02-28T15:02:07Z</time>
   </trkpt>
   <trkpt lat="45.7699790" lon="4.7419220">
    <ele>268.7</ele>
    <time>2025-02-28T15:02:08Z</time>
   </trkpt>
   <trkpt lat="45.7699640" lon="4.7419600">
    <ele>268.5</ele>
    <time>2025-02-28T15:02:09Z</time>
   </trkpt>
   <trkpt lat="45.7699370" lon="4.7419980">
    <ele>268.4</ele>
    <time>2025-02-28T15:02:10Z</time>
   </trkpt>
   <trkpt lat="45.7698950" lon="4.7420010">
    <ele>268.2</ele>
    <time>2025-02-28T15:02:11Z</time>
   </trkpt>
   <trkpt lat="45.7698680" lon="4.7420190">
    <ele>268.1</ele>
    <time>2025-02-28T15:02:12Z</time>
   </trkpt>
   <trkpt lat="45.7698380" lon="4.7420230">
    <ele>267.9</ele>
    <time>2025-02-28T15:02:13Z</time>
   </trkpt>
   <trkpt lat="45.7698030" lon="4.7420120">
    <ele>267.8</ele>
    <time>2025-02-28T15:02:14Z</time>
   </trkpt>
   <trkpt lat="45.7697650" lon="4.7420220">
    <ele>268.0</ele>
    <time>2025-02-28T15:02:15Z</time>
   </trkpt>
   <trkpt lat="45.7697280" lon="4.7420250">
    <ele>268.1</ele>
    <time>2025-02-28T15:02:16Z</time>
   </trkpt>
   <trkpt lat="45.7696760" lon="4.7420250">
    <ele>268.3</ele>
    <time>2025-02-28T15:02:17Z</time>
   </trkpt>
   <trkpt lat="45.7696460" lon="4.7419940">
    <ele>268.4</ele>
    <time>2025-02-28T15:02:18Z</time>
   </trkpt>
   <trkpt lat="45.7696380" lon="4.7419830">
    <ele>268.5</ele>
    <time>2025-02-28T15:02:19Z</time>
   </trkpt>
   <trkpt lat="45.7696200" lon="4.7419440">
    <ele>268.6</ele>
    <time>2025-02-28T15:02:20Z</time>
   </trkpt>
   <trkpt lat="45.7696100" lon="4.7419330">
    <ele>268.7</ele>
    <time>2025-02-28T15:02:21Z</time>
   </trkpt>
   <trkpt lat="45.7695900" lon="4.7418920">
    <ele>268.8</ele>
    <time>2025-02-28T15:02:22Z</time>
   </trkpt>
   <trkpt lat="45.7695820" lon="4.7418780">
    <ele>268.9</ele>
    <time>2025-02-28T15:02:23Z</time>
   </trkpt>
   <trkpt lat="45.7695520" lon="4.7418460">
    <ele>269.0</ele>
    <time>2025-02-28T15:02:24Z</time>
   </trkpt>
   <trkpt lat="45.7695410" lon="4.7418390">
    <ele>269.0</ele>
    <time>2025-02-28T15:02:25Z</time>
   </trkpt>
   <trkpt lat="45.7695000" lon="4.7418380">
    <ele>269.3</ele>
    <time>2025-02-28T15:02:26Z</time>
   </trkpt>
   <trkpt lat="45.7694830" lon="4.7418380">
    <ele>269.3</ele>
    <time>2025-02-28T15:02:27Z</time>
   </trkpt>
   <trkpt lat="45.7694490" lon="4.7418500">
    <ele>269.3</ele>
    <time>2025-02-28T15:02:28Z</time>
   </trkpt>
   <trkpt lat="45.7694180" lon="4.7418610">
    <ele>269.3</ele>
    <time>2025-02-28T15:02:29Z</time>
   </trkpt>
   <trkpt lat="45.7693850" lon="4.7418720">
    <ele>269.4</ele>
    <time>2025-02-28T15:02:30Z</time>
   </trkpt>
   <trkpt lat="45.7693520" lon="4.7418860">
    <ele>269.4</ele>
    <time>2025-02-28T15:02:31Z</time>
   </trkpt>
   <trkpt lat="45.7693150" lon="4.7418980">
    <ele>269.4</ele>
    <time>2025-02-28T15:02:32Z</time>
   </trkpt>
   <trkpt lat="45.7692770" lon="4.7418990">
    <ele>269.4</ele>
    <time>2025-02-28T15:02:33Z</time>
   </trkpt>
   <trkpt lat="45.7692630" lon="4.7419040">
    <ele>269.5</ele>
    <time>2025-02-28T15:02:34Z</time>
   </trkpt>
   <trkpt lat="45.7692340" lon="4.7419190">
    <ele>269.5</ele>
    <time>2025-02-28T15:02:35Z</time>
   </trkpt>
   <trkpt lat="45.7692050" lon="4.7419290">
    <ele>269.5</ele>
    <time>2025-02-28T15:02:36Z</time>
   </trkpt>
   <trkpt lat="45.7691720" lon="4.7419560">
    <ele>269.5</ele>
    <time>2025-02-28T15:02:37Z</time>
   </trkpt>
   <trkpt lat="45.7691370" lon="4.7419730">
    <ele>269.6</ele>
    <time>2025-02-28T15:02:38Z</time>
   </trkpt>
   <trkpt lat="45.7691030" lon="4.7419840">
    <ele>269.6</ele>
    <time>2025-02-28T15:02:39Z</time>
   </trkpt>
   <trkpt lat="45.7690740" lon="4.7419840">
    <ele>269.6</ele>
    <time>2025-02-28T15:02:40Z</time>
   </trkpt>
   <trkpt lat="45.7690360" lon="4.7419980">
    <ele>269.6</ele>
    <time>2025-02-28T15:02:41Z</time>
   </trkpt>
   <trkpt lat="45.7690220" lon="4.7420060">
    <ele>269.6</ele>
    <time>2025-02-28T15:02:42Z</time>
   </trkpt>
   <trkpt lat="45.7689960" lon="4.7420440">
    <ele>269.6</ele>
    <time>2025-02-28T15:02:43Z</time>
   </trkpt>
   <trkpt lat="45.7689660" lon="4.7420560">
    <ele>269.7</ele>
    <time>2025-02-28T15:02:44Z</time>
   </trkpt>
   <trkpt lat="45.7689340" lon="4.7420640">
    <ele>269.7</ele>
    <time>2025-02-28T15:02:45Z</time>
   </trkpt>
   <trkpt lat="45.7688940" lon="4.7420840">
    <ele>269.7</ele>
    <time>2025-02-28T15:02:46Z</time>
   </trkpt>
   <trkpt lat="45.7688770" lon="4.7420880">
    <ele>269.7</ele>
    <time>2025-02-28T15:02:47Z</time>
   </trkpt>
   <trkpt lat="45.7688470" lon="4.7421100">
    <ele>269.7</ele>
    <time>2025-02-28T15:02:48Z</time>
   </trkpt>
   <trkpt lat="45.7688130" lon="4.7421150">
    <ele>269.8</ele>
    <time>2025-02-28T15:02:49Z</time>
   </trkpt>
   <trkpt lat="45.7687830" lon="4.7421280">
    <ele>269.8</ele>
    <time>2025-02-28T15:02:50Z</time>
   </trkpt>
   <trkpt lat="45.7687560" lon="4.7421450">
    <ele>269.8</ele>
    <time>2025-02-28T15:02:51Z</time>
   </trkpt>
   <trkpt lat="45.7687270" lon="4.7421630">
    <ele>269.8</ele>
    <time>2025-02-28T15:02:52Z</time>
   </trkpt>
   <trkpt lat="45.7687030" lon="4.7421820">
    <ele>269.8</ele>
    <time>2025-02-28T15:02:53Z</time>
   </trkpt>
   <trkpt lat="45.7686750" lon="4.7422050">
    <ele>269.9</ele>
    <time>2025-02-28T15:02:54Z</time>
   </trkpt>
   <trkpt lat="45.7686440" lon="4.7422240">
    <ele>269.9</ele>
    <time>2025-02-28T15:02:55Z</time>
   </trkpt>
   <trkpt lat="45.7686090" lon="4.7422400">
    <ele>269.9</ele>
    <time>2025-02-28T15:02:56Z</time>
   </trkpt>
   <trkpt lat="45.7685800" lon="4.7422530">
    <ele>269.9</ele>
    <time>2025-02-28T15:02:57Z</time>
   </trkpt>
   <trkpt lat="45.7685450" lon="4.7422780">
    <ele>269.9</ele>
    <time>2025-02-28T15:02:58Z</time>
   </trkpt>
   <trkpt lat="45.7685320" lon="4.7422890">
    <ele>269.9</ele>
    <time>2025-02-28T15:02:59Z</time>
   </trkpt>
   <trkpt lat="45.7684920" lon="4.7423080">
    <ele>269.9</ele>
    <time>2025-02-28T15:03:00Z</time>
   </trkpt>
   <trkpt lat="45.7684750" lon="4.7423140">
    <ele>270.0</ele>
    <time>2025-02-28T15:03:01Z</time>
   </trkpt>
   <trkpt lat="45.7684540" lon="4.7423430">
    <ele>270.0</ele>
    <time>2025-02-28T15:03:02Z</time>
   </trkpt>
   <trkpt lat="45.7684200" lon="4.7423670">
    <ele>270.0</ele>
    <time>2025-02-28T15:03:03Z</time>
   </trkpt>
   <trkpt lat="45.7683920" lon="4.7423840">
    <ele>270.0</ele>
    <time>2025-02-28T15:03:04Z</time>
   </trkpt>
   <trkpt lat="45.7683640" lon="4.7424000">
    <ele>270.0</ele>
    <time>2025-02-28T15:03:05Z</time>
   </trkpt>
   <trkpt lat="45.7683370" lon="4.7424230">
    <ele>270.1</ele>
    <time>2025-02-28T15:03:06Z</time>
   </trkpt>
   <trkpt lat="45.7683100" lon="4.7424490">
    <ele>270.1</ele>
    <time>2025-02-28T15:03:07Z</time>
   </trkpt>
   <trkpt lat="45.7682780" lon="4.7424670">
    <ele>270.1</ele>
    <time>2025-02-28T15:03:08Z</time>
   </trkpt>
   <trkpt lat="45.7682510" lon="4.7424900">
    <ele>270.1</ele>
    <time>2025-02-28T15:03:09Z</time>
   </trkpt>
   <trkpt lat="45.7682270" lon="4.7425190">
    <ele>270.2</ele>
    <time>2025-02-28T15:03:10Z</time>
   </trkpt>
   <trkpt lat="45.7682020" lon="4.7425440">
    <ele>270.2</ele>
    <time>2025-02-28T15:03:11Z</time>
   </trkpt>
   <trkpt lat="45.7681760" lon="4.7425790">
    <ele>270.2</ele>
    <time>2025-02-28T15:03:12Z</time>
   </trkpt>
   <trkpt lat="45.7681680" lon="4.7425960">
    <ele>270.2</ele>
    <time>2025-02-28T15:03:13Z</time>
   </trkpt>
   <trkpt lat="45.7681430" lon="4.7426180">
    <ele>270.2</ele>
    <time>2025-02-28T15:03:14Z</time>
   </trkpt>
   <trkpt lat="45.7681190" lon="4.7426410">
    <ele>270.3</ele>
    <time>2025-02-28T15:03:15Z</time>
   </trkpt>
   <trkpt lat="45.7680900" lon="4.7426610">
    <ele>270.3</ele>
    <time>2025-02-28T15:03:16Z</time>
   </trkpt>
   <trkpt lat="45.7680660" lon="4.7426790">
    <ele>270.3</ele>
    <time>2025-02-28T15:03:17Z</time>
   </trkpt>
   <trkpt lat="45.7680300" lon="4.7427090">
    <ele>270.4</ele>
    <time>2025-02-28T15:03:18Z</time>
   </trkpt>
   <trkpt lat="45.7680170" lon="4.7427200">
    <ele>270.4</ele>
    <time>2025-02-28T15:03:19Z</time>
   </trkpt>
   <trkpt lat="45.7679920" lon="4.7427390">
    <ele>270.4</ele>
    <time>2025-02-28T15:03:20Z</time>
   </trkpt>
   <trkpt lat="45.7679580" lon="4.7427410">
    <ele>270.5</ele>
    <time>2025-02-28T15:03:21Z</time>
   </trkpt>
   <trkpt lat="45.7679310" lon="4.7427600">
    <ele>270.5</ele>
    <time>2025-02-28T15:03:22Z</time>
   </trkpt>
   <trkpt lat="45.7678960" lon="4.7427650">
    <ele>270.5</ele>
    <time>2025-02-28T15:03:23Z</time>
   </trkpt>
   <trkpt lat="45.7678670" lon="4.7427940">
    <ele>270.5</ele>
    <time>2025-02-28T15:03:24Z</time>
   </trkpt>
   <trkpt lat="45.7678310" lon="4.7427970">
    <ele>270.6</ele>
    <time>2025-02-28T15:03:25Z</time>
   </trkpt>
   <trkpt lat="45.7678010" lon="4.7428300">
    <ele>270.6</ele>
    <time>2025-02-28T15:03:26Z</time>
   </trkpt>
   <trkpt lat="45.7677880" lon="4.7428360">
    <ele>270.6</ele>
    <time>2025-02-28T15:03:27Z</time>
   </trkpt>
   <trkpt lat="45.7677620" lon="4.7428740">
    <ele>270.6</ele>
    <time>2025-02-28T15:03:28Z</time>
   </trkpt>
   <trkpt lat="45.7677310" lon="4.7428730">
    <ele>270.6</ele>
    <time>2025-02-28T15:03:29Z</time>
   </trkpt>
   <trkpt lat="45.7677050" lon="4.7428980">
    <ele>270.7</ele>
    <time>2025-02-28T15:03:30Z</time>
   </trkpt>
   <trkpt lat="45.7676800" lon="4.7429180">
    <ele>270.7</ele>
    <time>2025-02-28T15:03:31Z</time>
   </trkpt>
   <trkpt lat="45.7676600" lon="4.7429610">
    <ele>270.7</ele>
    <time>2025-02-28T15:03:32Z</time>
   </trkpt>
   <trkpt lat="45.7676350" lon="4.7429850">
    <ele>270.7</ele>
    <time>2025-02-28T15:03:33Z</time>
   </trkpt>
   <trkpt lat="45.7675970" lon="4.7430030">
    <ele>270.7</ele>
    <time>2025-02-28T15:03:34Z</time>
   </trkpt>
   <trkpt lat="45.7675710" lon="4.7430250">
    <ele>270.7</ele>
    <time>2025-02-28T15:03:35Z</time>
   </trkpt>
   <trkpt lat="45.7675530" lon="4.7430540">
    <ele>270.7</ele>
    <time>2025-02-28T15:03:36Z</time>
   </trkpt>
   <trkpt lat="45.7675260" lon="4.7430710">
    <ele>270.7</ele>
    <time>2025-02-28T15:03:37Z</time>
   </trkpt>
   <trkpt lat="45.7674930" lon="4.7430960">
    <ele>270.7</ele>
    <time>2025-02-28T15:03:38Z</time>
   </trkpt>
   <trkpt lat="45.7674780" lon="4.7431000">
    <ele>270.7</ele>
    <time>2025-02-28T15:03:39Z</time>
   </trkpt>
   <trkpt lat="45.7674340" lon="4.7430930">
    <ele>270.7</ele>
    <time>2025-02-28T15:03:40Z</time>
   </trkpt>
   <trkpt lat="45.7673980" lon="4.7431240">
    <ele>270.7</ele>
    <time>2025-02-28T15:03:41Z</time>
   </trkpt>
   <trkpt lat="45.7673640" lon="4.7431420">
    <ele>270.8</ele>
    <time>2025-02-28T15:03:42Z</time>
   </trkpt>
   <trkpt lat="45.7673320" lon="4.7431640">
    <ele>270.8</ele>
    <time>2025-02-28T15:03:43Z</time>
   </trkpt>
   <trkpt lat="45.7672910" lon="4.7431710">
    <ele>270.8</ele>
    <time>2025-02-28T15:03:44Z</time>
   </trkpt>
   <trkpt lat="45.7672520" lon="4.7431700">
    <ele>270.8</ele>
    <time>2025-02-28T15:03:45Z</time>
   </trkpt>
   <trkpt lat="45.7672250" lon="4.7431860">
    <ele>270.8</ele>
    <time>2025-02-28T15:03:46Z</time>
   </trkpt>
   <trkpt lat="45.7671900" lon="4.7432130">
    <ele>270.8</ele>
    <time>2025-02-28T15:03:47Z</time>
   </trkpt>
   <trkpt lat="45.7671560" lon="4.7432150">
    <ele>270.8</ele>
    <time>2025-02-28T15:03:48Z</time>
   </trkpt>
   <trkpt lat="45.7671230" lon="4.7432240">
    <ele>270.8</ele>
    <time>2025-02-28T15:03:49Z</time>
   </trkpt>
   <trkpt lat="45.7670960" lon="4.7432270">
    <ele>270.8</ele>
    <time>2025-02-28T15:03:50Z</time>
   </trkpt>
   <trkpt lat="45.7670620" lon="4.7432260">
    <ele>270.8</ele>
    <time>2025-02-28T15:03:51Z</time>
   </trkpt>
   <trkpt lat="45.7670260" lon="4.7432340">
    <ele>270.8</ele>
    <time>2025-02-28T15:03:52Z</time>
   </trkpt>
   <trkpt lat="45.7669950" lon="4.7432510">
    <ele>270.8</ele>
    <time>2025-02-28T15:03:53Z</time>
   </trkpt>
   <trkpt lat="45.7669630" lon="4.7432650">
    <ele>270.8</ele>
    <time>2025-02-28T15:03:54Z</time>
   </trkpt>
   <trkpt lat="45.7669330" lon="4.7432750">
    <ele>270.8</ele>
    <time>2025-02-28T15:03:55Z</time>
   </trkpt>
   <trkpt lat="45.7669030" lon="4.7432820">
    <ele>270.8</ele>
    <time>2025-02-28T15:03:56Z</time>
   </trkpt>
   <trkpt lat="45.7668590" lon="4.7432870">
    <ele>270.8</ele>
    <time>2025-02-28T15:03:57Z</time>
   </trkpt>
   <trkpt lat="45.7668410" lon="4.7432860">
    <ele>270.8</ele>
    <time>2025-02-28T15:03:58Z</time>
   </trkpt>
   <trkpt lat="45.7668050" lon="4.7433070">
    <ele>270.8</ele>
    <time>2025-02-28T15:03:59Z</time>
   </trkpt>
   <trkpt lat="45.7667720" lon="4.7433130">
    <ele>270.8</ele>
    <time>2025-02-28T15:04:00Z</time>
   </trkpt>
   <trkpt lat="45.7667450" lon="4.7433390">
    <ele>270.8</ele>
    <time>2025-02-28T15:04:01Z</time>
   </trkpt>
   <trkpt lat="45.7667120" lon="4.7433500">
    <ele>270.8</ele>
    <time>2025-02-28T15:04:02Z</time>
   </trkpt>
   <trkpt lat="45.7666830" lon="4.7433610">
    <ele>270.8</ele>
    <time>2025-02-28T15:04:03Z</time>
   </trkpt>
   <trkpt lat="45.7666500" lon="4.7433740">
    <ele>270.8</ele>
    <time>2025-02-28T15:04:04Z</time>
   </trkpt>
   <trkpt lat="45.7666170" lon="4.7433740">
    <ele>270.9</ele>
    <time>2025-02-28T15:04:05Z</time>
   </trkpt>
   <trkpt lat="45.7665880" lon="4.7433790">
    <ele>270.9</ele>
    <time>2025-02-28T15:04:06Z</time>
   </trkpt>
   <trkpt lat="45.7665480" lon="4.7433910">
    <ele>270.9</ele>
    <time>2025-02-28T15:04:07Z</time>
   </trkpt>
   <trkpt lat="45.7665320" lon="4.7433950">
    <ele>270.9</ele>
    <time>2025-02-28T15:04:08Z</time>
   </trkpt>
   <trkpt lat="45.7665020" lon="4.7434020">
    <ele>270.9</ele>
    <time>2025-02-28T15:04:09Z</time>
   </trkpt>
   <trkpt lat="45.7664710" lon="4.7434170">
    <ele>270.9</ele>
    <time>2025-02-28T15:04:10Z</time>
   </trkpt>
   <trkpt lat="45.7664410" lon="4.7434110">
    <ele>271.0</ele>
    <time>2025-02-28T15:04:11Z</time>
   </trkpt>
   <trkpt lat="45.7664070" lon="4.7434050">
    <ele>271.0</ele>
    <time>2025-02-28T15:04:12Z</time>
   </trkpt>
   <trkpt lat="45.7663710" lon="4.7433980">
    <ele>271.0</ele>
    <time>2025-02-28T15:04:13Z</time>
   </trkpt>
   <trkpt lat="45.7663410" lon="4.7434210">
    <ele>271.0</ele>
    <time>2025-02-28T15:04:14Z</time>
   </trkpt>
   <trkpt lat="45.7663170" lon="4.7434520">
    <ele>271.0</ele>
    <time>2025-02-28T15:04:15Z</time>
   </trkpt>
   <trkpt lat="45.7662900" lon="4.7434880">
    <ele>271.1</ele>
    <time>2025-02-28T15:04:16Z</time>
   </trkpt>
   <trkpt lat="45.7662670" lon="4.7435080">
    <ele>271.1</ele>
    <time>2025-02-28T15:04:17Z</time>
   </trkpt>
   <trkpt lat="45.7662320" lon="4.7435340">
    <ele>271.1</ele>
    <time>2025-02-28T15:04:18Z</time>
   </trkpt>
   <trkpt lat="45.7662160" lon="4.7435400">
    <ele>271.1</ele>
    <time>2025-02-28T15:04:19Z</time>
   </trkpt>
   <trkpt lat="45.7661750" lon="4.7435440">
    <ele>271.1</ele>
    <time>2025-02-28T15:04:20Z</time>
   </trkpt>
   <trkpt lat="45.7661430" lon="4.7435560">
    <ele>271.1</ele>
    <time>2025-02-28T15:04:21Z</time>
   </trkpt>
   <trkpt lat="45.7661110" lon="4.7435760">
    <ele>271.1</ele>
    <time>2025-02-28T15:04:22Z</time>
   </trkpt>
   <trkpt lat="45.7660810" lon="4.7435710">
    <ele>271.2</ele>
    <time>2025-02-28T15:04:23Z</time>
   </trkpt>
   <trkpt lat="45.7660510" lon="4.7435760">
    <ele>271.2</ele>
    <time>2025-02-28T15:04:24Z</time>
   </trkpt>
   <trkpt lat="45.7660180" lon="4.7435800">
    <ele>271.2</ele>
    <time>2025-02-28T15:04:25Z</time>
   </trkpt>
   <trkpt lat="45.7659930" lon="4.7435970">
    <ele>271.2</ele>
    <time>2025-02-28T15:04:26Z</time>
   </trkpt>
   <trkpt lat="45.7659480" lon="4.7436100">
    <ele>271.3</ele>
    <time>2025-02-28T15:04:27Z</time>
   </trkpt>
   <trkpt lat="45.7659260" lon="4.7436150">
    <ele>271.3</ele>
    <time>2025-02-28T15:04:28Z</time>
   </trkpt>
   <trkpt lat="45.7658930" lon="4.7436310">
    <ele>271.4</ele>
    <time>2025-02-28T15:04:29Z</time>
   </trkpt>
   <trkpt lat="45.7658790" lon="4.7436360">
    <ele>271.4</ele>
    <time>2025-02-28T15:04:30Z</time>
   </trkpt>
   <trkpt lat="45.7658530" lon="4.7436530">
    <ele>271.4</ele>
    <time>2025-02-28T15:04:31Z</time>
   </trkpt>
   <trkpt lat="45.7658140" lon="4.7436530">
    <ele>271.4</ele>
    <time>2025-02-28T15:04:32Z</time>
   </trkpt>
   <trkpt lat="45.7657720" lon="4.7436630">
    <ele>271.5</ele>
    <time>2025-02-28T15:04:33Z</time>
   </trkpt>
   <trkpt lat="45.7657540" lon="4.7436630">
    <ele>271.5</ele>
    <time>2025-02-28T15:04:34Z</time>
   </trkpt>
   <trkpt lat="45.7657170" lon="4.7436580">
    <ele>271.5</ele>
    <time>2025-02-28T15:04:35Z</time>
   </trkpt>
   <trkpt lat="45.7656890" lon="4.7436760">
    <ele>271.6</ele>
    <time>2025-02-28T15:04:36Z</time>
   </trkpt>
   <trkpt lat="45.7656570" lon="4.7436900">
    <ele>271.6</ele>
    <time>2025-02-28T15:04:37Z</time>
   </trkpt>
   <trkpt lat="45.7656280" lon="4.7436990">
    <ele>271.6</ele>
    <time>2025-02-28T15:04:38Z</time>
   </trkpt>
   <trkpt lat="45.7656000" lon="4.7437110">
    <ele>271.6</ele>
    <time>2025-02-28T15:04:39Z</time>
   </trkpt>
   <trkpt lat="45.7655730" lon="4.7437260">
    <ele>271.6</ele>
    <time>2025-02-28T15:04:40Z</time>
   </trkpt>
   <trkpt lat="45.7655360" lon="4.7437360">
    <ele>271.6</ele>
    <time>2025-02-28T15:04:41Z</time>
   </trkpt>
   <trkpt lat="45.7655030" lon="4.7437610">
    <ele>271.6</ele>
    <time>2025-02-28T15:04:43Z</time>
   </trkpt>
   <trkpt lat="45.7654740" lon="4.7437740">
    <ele>271.6</ele>
    <time>2025-02-28T15:04:44Z</time>
   </trkpt>
   <trkpt lat="45.7654450" lon="4.7437830">
    <ele>271.6</ele>
    <time>2025-02-28T15:04:45Z</time>
   </trkpt>
   <trkpt lat="45.7654130" lon="4.7438110">
    <ele>271.6</ele>
    <time>2025-02-28T15:04:46Z</time>
   </trkpt>
   <trkpt lat="45.7653890" lon="4.7438400">
    <ele>271.6</ele>
    <time>2025-02-28T15:04:47Z</time>
   </trkpt>
   <trkpt lat="45.7653600" lon="4.7438550">
    <ele>271.6</ele>
    <time>2025-02-28T15:04:48Z</time>
   </trkpt>
   <trkpt lat="45.7653210" lon="4.7438690">
    <ele>271.6</ele>
    <time>2025-02-28T15:04:49Z</time>
   </trkpt>
   <trkpt lat="45.7652870" lon="4.7438920">
    <ele>271.6</ele>
    <time>2025-02-28T15:04:50Z</time>
   </trkpt>
   <trkpt lat="45.7652730" lon="4.7439000">
    <ele>271.6</ele>
    <time>2025-02-28T15:04:51Z</time>
   </trkpt>
   <trkpt lat="45.7652410" lon="4.7439170">
    <ele>271.6</ele>
    <time>2025-02-28T15:04:52Z</time>
   </trkpt>
   <trkpt lat="45.7652080" lon="4.7439390">
    <ele>271.6</ele>
    <time>2025-02-28T15:04:53Z</time>
   </trkpt>
   <trkpt lat="45.7651770" lon="4.7439480">
    <ele>271.7</ele>
    <time>2025-02-28T15:04:54Z</time>
   </trkpt>
   <trkpt lat="45.7651500" lon="4.7439610">
    <ele>271.7</ele>
    <time>2025-02-28T15:04:55Z</time>
   </trkpt>
   <trkpt lat="45.7651180" lon="4.7439580">
    <ele>271.7</ele>
    <time>2025-02-28T15:04:56Z</time>
   </trkpt>
   <trkpt lat="45.7650890" lon="4.7439800">
    <ele>271.7</ele>
    <time>2025-02-28T15:04:57Z</time>
   </trkpt>
   <trkpt lat="45.7650550" lon="4.7439970">
    <ele>271.7</ele>
    <time>2025-02-28T15:04:58Z</time>
   </trkpt>
   <trkpt lat="45.7650240" lon="4.7440180">
    <ele>271.7</ele>
    <time>2025-02-28T15:04:59Z</time>
   </trkpt>
   <trkpt lat="45.7649970" lon="4.7440400">
    <ele>271.7</ele>
    <time>2025-02-28T15:05:00Z</time>
   </trkpt>
   <trkpt lat="45.7649640" lon="4.7440420">
    <ele>271.7</ele>
    <time>2025-02-28T15:05:01Z</time>
   </trkpt>
   <trkpt lat="45.7649290" lon="4.7440530">
    <ele>271.8</ele>
    <time>2025-02-28T15:05:02Z</time>
   </trkpt>
   <trkpt lat="45.7649010" lon="4.7440610">
    <ele>271.8</ele>
    <time>2025-02-28T15:05:03Z</time>
   </trkpt>
   <trkpt lat="45.7648890" lon="4.7440620">
    <ele>271.8</ele>
    <time>2025-02-28T15:05:04Z</time>
   </trkpt>
   <trkpt lat="45.7648600" lon="4.7440860">
    <ele>271.8</ele>
    <time>2025-02-28T15:05:05Z</time>
   </trkpt>
   <trkpt lat="45.7648360" lon="4.7441200">
    <ele>271.8</ele>
    <time>2025-02-28T15:05:06Z</time>
   </trkpt>
   <trkpt lat="45.7648080" lon="4.7441380">
    <ele>271.9</ele>
    <time>2025-02-28T15:05:07Z</time>
   </trkpt>
   <trkpt lat="45.7647840" lon="4.7441630">
    <ele>271.9</ele>
    <time>2025-02-28T15:05:08Z</time>
   </trkpt>
   <trkpt lat="45.7647570" lon="4.7441710">
    <ele>271.9</ele>
    <time>2025-02-28T15:05:09Z</time>
   </trkpt>
   <trkpt lat="45.7647290" lon="4.7441800">
    <ele>271.9</ele>
    <time>2025-02-28T15:05:10Z</time>
   </trkpt>
   <trkpt lat="45.7647050" lon="4.7442210">
    <ele>271.9</ele>
    <time>2025-02-28T15:05:11Z</time>
   </trkpt>
   <trkpt lat="45.7646680" lon="4.7442330">
    <ele>271.9</ele>
    <time>2025-02-28T15:05:12Z</time>
   </trkpt>
   <trkpt lat="45.7646300" lon="4.7442220">
    <ele>272.0</ele>
    <time>2025-02-28T15:05:13Z</time>
   </trkpt>
   <trkpt lat="45.7646050" lon="4.7442440">
    <ele>272.0</ele>
    <time>2025-02-28T15:05:14Z</time>
   </trkpt>
   <trkpt lat="45.7645800" lon="4.7442610">
    <ele>272.0</ele>
    <time>2025-02-28T15:05:15Z</time>
   </trkpt>
   <trkpt lat="45.7645490" lon="4.7442720">
    <ele>272.0</ele>
    <time>2025-02-28T15:05:16Z</time>
   </trkpt>
   <trkpt lat="45.7645170" lon="4.7442740">
    <ele>271.9</ele>
    <time>2025-02-28T15:05:17Z</time>
   </trkpt>
   <trkpt lat="45.7644910" lon="4.7442600">
    <ele>271.9</ele>
    <time>2025-02-28T15:05:18Z</time>
   </trkpt>
   <trkpt lat="45.7644590" lon="4.7442710">
    <ele>271.9</ele>
    <time>2025-02-28T15:05:19Z</time>
   </trkpt>
   <trkpt lat="45.7644330" lon="4.7442530">
    <ele>271.9</ele>
    <time>2025-02-28T15:05:20Z</time>
   </trkpt>
   <trkpt lat="45.7644040" lon="4.7442500">
    <ele>271.9</ele>
    <time>2025-02-28T15:05:21Z</time>
   </trkpt>
   <trkpt lat="45.7643700" lon="4.7442520">
    <ele>271.9</ele>
    <time>2025-02-28T15:05:22Z</time>
   </trkpt>
   <trkpt lat="45.7643440" lon="4.7442650">
    <ele>271.9</ele>
    <time>2025-02-28T15:05:23Z</time>
   </trkpt>
   <trkpt lat="45.7643110" lon="4.7442660">
    <ele>271.9</ele>
    <time>2025-02-28T15:05:24Z</time>
   </trkpt>
   <trkpt lat="45.7642940" lon="4.7442670">
    <ele>271.9</ele>
    <time>2025-02-28T15:05:25Z</time>
   </trkpt>
   <trkpt lat="45.7642610" lon="4.7442730">
    <ele>271.9</ele>
    <time>2025-02-28T15:05:26Z</time>
   </trkpt>
   <trkpt lat="45.7642270" lon="4.7442810">
    <ele>271.8</ele>
    <time>2025-02-28T15:05:27Z</time>
   </trkpt>
   <trkpt lat="45.7641980" lon="4.7442940">
    <ele>271.8</ele>
    <time>2025-02-28T15:05:28Z</time>
   </trkpt>
   <trkpt lat="45.7641630" lon="4.7442990">
    <ele>271.8</ele>
    <time>2025-02-28T15:05:29Z</time>
   </trkpt>
   <trkpt lat="45.7641520" lon="4.7442990">
    <ele>271.8</ele>
    <time>2025-02-28T15:05:30Z</time>
   </trkpt>
   <trkpt lat="45.7641080" lon="4.7443220">
    <ele>271.7</ele>
    <time>2025-02-28T15:05:31Z</time>
   </trkpt>
   <trkpt lat="45.7640730" lon="4.7443410">
    <ele>271.7</ele>
    <time>2025-02-28T15:05:32Z</time>
   </trkpt>
   <trkpt lat="45.7640350" lon="4.7443480">
    <ele>271.6</ele>
    <time>2025-02-28T15:05:33Z</time>
   </trkpt>
   <trkpt lat="45.7640180" lon="4.7443580">
    <ele>271.6</ele>
    <time>2025-02-28T15:05:34Z</time>
   </trkpt>
   <trkpt lat="45.7639900" lon="4.7443750">
    <ele>271.6</ele>
    <time>2025-02-28T15:05:35Z</time>
   </trkpt>
   <trkpt lat="45.7639600" lon="4.7443890">
    <ele>271.5</ele>
    <time>2025-02-28T15:05:36Z</time>
   </trkpt>
   <trkpt lat="45.7639320" lon="4.7443980">
    <ele>271.5</ele>
    <time>2025-02-28T15:05:37Z</time>
   </trkpt>
   <trkpt lat="45.7639050" lon="4.7444080">
    <ele>271.4</ele>
    <time>2025-02-28T15:05:38Z</time>
   </trkpt>
   <trkpt lat="45.7638650" lon="4.7444300">
    <ele>271.3</ele>
    <time>2025-02-28T15:05:39Z</time>
   </trkpt>
   <trkpt lat="45.7638500" lon="4.7444360">
    <ele>271.3</ele>
    <time>2025-02-28T15:05:40Z</time>
   </trkpt>
   <trkpt lat="45.7638190" lon="4.7444630">
    <ele>271.2</ele>
    <time>2025-02-28T15:05:41Z</time>
   </trkpt>
   <trkpt lat="45.7637850" lon="4.7444780">
    <ele>271.1</ele>
    <time>2025-02-28T15:05:42Z</time>
   </trkpt>
   <trkpt lat="45.7637490" lon="4.7445010">
    <ele>271.0</ele>
    <time>2025-02-28T15:05:43Z</time>
   </trkpt>
   <trkpt lat="45.7637350" lon="4.7445150">
    <ele>271.0</ele>
    <time>2025-02-28T15:05:44Z</time>
   </trkpt>
   <trkpt lat="45.7637010" lon="4.7445600">
    <ele>270.9</ele>
    <time>2025-02-28T15:05:45Z</time>
   </trkpt>
   <trkpt lat="45.7636860" lon="4.7445790">
    <ele>270.9</ele>
    <time>2025-02-28T15:05:46Z</time>
   </trkpt>
   <trkpt lat="45.7636610" lon="4.7446110">
    <ele>270.8</ele>
    <time>2025-02-28T15:05:47Z</time>
   </trkpt>
   <trkpt lat="45.7636260" lon="4.7446250">
    <ele>270.7</ele>
    <time>2025-02-28T15:05:48Z</time>
   </trkpt>
   <trkpt lat="45.7636160" lon="4.7446310">
    <ele>270.7</ele>
    <time>2025-02-28T15:05:49Z</time>
   </trkpt>
   <trkpt lat="45.7635780" lon="4.7446660">
    <ele>270.6</ele>
    <time>2025-02-28T15:05:50Z</time>
   </trkpt>
   <trkpt lat="45.7635610" lon="4.7446760">
    <ele>270.6</ele>
    <time>2025-02-28T15:05:51Z</time>
   </trkpt>
   <trkpt lat="45.7635240" lon="4.7447240">
    <ele>270.5</ele>
    <time>2025-02-28T15:05:52Z</time>
   </trkpt>
   <trkpt lat="45.7634960" lon="4.7447510">
    <ele>270.4</ele>
    <time>2025-02-28T15:05:53Z</time>
   </trkpt>
   <trkpt lat="45.7634800" lon="4.7447860">
    <ele>270.4</ele>
    <time>2025-02-28T15:05:54Z</time>
   </trkpt>
   <trkpt lat="45.7634560" lon="4.7448160">
    <ele>270.3</ele>
    <time>2025-02-28T15:05:55Z</time>
   </trkpt>
   <trkpt lat="45.7634210" lon="4.7448400">
    <ele>270.3</ele>
    <time>2025-02-28T15:05:56Z</time>
   </trkpt>
   <trkpt lat="45.7633870" lon="4.7448710">
    <ele>270.2</ele>
    <time>2025-02-28T15:05:57Z</time>
   </trkpt>
   <trkpt lat="45.7633600" lon="4.7448850">
    <ele>270.2</ele>
    <time>2025-02-28T15:05:58Z</time>
   </trkpt>
   <trkpt lat="45.7633250" lon="4.7449100">
    <ele>270.2</ele>
    <time>2025-02-28T15:05:59Z</time>
   </trkpt>
   <trkpt lat="45.7632930" lon="4.7449140">
    <ele>270.2</ele>
    <time>2025-02-28T15:06:00Z</time>
   </trkpt>
   <trkpt lat="45.7632710" lon="4.7449370">
    <ele>270.2</ele>
    <time>2025-02-28T15:06:01Z</time>
   </trkpt>
   <trkpt lat="45.7632450" lon="4.7449600">
    <ele>270.2</ele>
    <time>2025-02-28T15:06:02Z</time>
   </trkpt>
   <trkpt lat="45.7632210" lon="4.7449890">
    <ele>270.2</ele>
    <time>2025-02-28T15:06:03Z</time>
   </trkpt>
   <trkpt lat="45.7631940" lon="4.7450170">
    <ele>270.2</ele>
    <time>2025-02-28T15:06:04Z</time>
   </trkpt>
   <trkpt lat="45.7631700" lon="4.7450530">
    <ele>270.2</ele>
    <time>2025-02-28T15:06:05Z</time>
   </trkpt>
   <trkpt lat="45.7631550" lon="4.7450570">
    <ele>270.2</ele>
    <time>2025-02-28T15:06:06Z</time>
   </trkpt>
   <trkpt lat="45.7631130" lon="4.7450580">
    <ele>270.2</ele>
    <time>2025-02-28T15:06:07Z</time>
   </trkpt>
   <trkpt lat="45.7630820" lon="4.7450700">
    <ele>270.2</ele>
    <time>2025-02-28T15:06:08Z</time>
   </trkpt>
   <trkpt lat="45.7630550" lon="4.7450920">
    <ele>270.2</ele>
    <time>2025-02-28T15:06:09Z</time>
   </trkpt>
   <trkpt lat="45.7630280" lon="4.7451040">
    <ele>270.2</ele>
    <time>2025-02-28T15:06:10Z</time>
   </trkpt>
   <trkpt lat="45.7629950" lon="4.7451390">
    <ele>270.2</ele>
    <time>2025-02-28T15:06:11Z</time>
   </trkpt>
   <trkpt lat="45.7629810" lon="4.7451540">
    <ele>270.2</ele>
    <time>2025-02-28T15:06:12Z</time>
   </trkpt>
   <trkpt lat="45.7629530" lon="4.7451710">
    <ele>270.2</ele>
    <time>2025-02-28T15:06:13Z</time>
   </trkpt>
   <trkpt lat="45.7629350" lon="4.7452000">
    <ele>270.1</ele>
    <time>2025-02-28T15:06:14Z</time>
   </trkpt>
   <trkpt lat="45.7629120" lon="4.7452210">
    <ele>270.1</ele>
    <time>2025-02-28T15:06:15Z</time>
   </trkpt>
   <trkpt lat="45.7628710" lon="4.7452130">
    <ele>270.1</ele>
    <time>2025-02-28T15:06:16Z</time>
   </trkpt>
   <trkpt lat="45.7628410" lon="4.7452190">
    <ele>270.1</ele>
    <time>2025-02-28T15:06:17Z</time>
   </trkpt>
   <trkpt lat="45.7628060" lon="4.7452200">
    <ele>270.1</ele>
    <time>2025-02-28T15:06:18Z</time>
   </trkpt>
   <trkpt lat="45.7627710" lon="4.7452080">
    <ele>270.1</ele>
    <time>2025-02-28T15:06:19Z</time>
   </trkpt>
   <trkpt lat="45.7627390" lon="4.7452120">
    <ele>270.1</ele>
    <time>2025-02-28T15:06:20Z</time>
   </trkpt>
   <trkpt lat="45.7627210" lon="4.7452560">
    <ele>270.1</ele>
    <time>2025-02-28T15:06:21Z</time>
   </trkpt>
   <trkpt lat="45.7626910" lon="4.7452690">
    <ele>270.2</ele>
    <time>2025-02-28T15:06:22Z</time>
   </trkpt>
   <trkpt lat="45.7626580" lon="4.7452820">
    <ele>270.2</ele>
    <time>2025-02-28T15:06:23Z</time>
   </trkpt>
   <trkpt lat="45.7626330" lon="4.7453060">
    <ele>270.2</ele>
    <time>2025-02-28T15:06:24Z</time>
   </trkpt>
   <trkpt lat="45.7626010" lon="4.7453040">
    <ele>270.2</ele>
    <time>2025-02-28T15:06:25Z</time>
   </trkpt>
   <trkpt lat="45.7625650" lon="4.7453210">
    <ele>270.2</ele>
    <time>2025-02-28T15:06:26Z</time>
   </trkpt>
   <trkpt lat="45.7625230" lon="4.7453320">
    <ele>270.2</ele>
    <time>2025-02-28T15:06:27Z</time>
   </trkpt>
   <trkpt lat="45.7624900" lon="4.7453490">
    <ele>270.2</ele>
    <time>2025-02-28T15:06:28Z</time>
   </trkpt>
   <trkpt lat="45.7624570" lon="4.7453530">
    <ele>270.2</ele>
    <time>2025-02-28T15:06:29Z</time>
   </trkpt>
   <trkpt lat="45.7624280" lon="4.7453610">
    <ele>270.2</ele>
    <time>2025-02-28T15:06:30Z</time>
   </trkpt>
   <trkpt lat="45.7623940" lon="4.7453660">
    <ele>270.2</ele>
    <time>2025-02-28T15:06:31Z</time>
   </trkpt>
   <trkpt lat="45.7623820" lon="4.7453670">
    <ele>270.2</ele>
    <time>2025-02-28T15:06:32Z</time>
   </trkpt>
   <trkpt lat="45.7623490" lon="4.7453650">
    <ele>270.1</ele>
    <time>2025-02-28T15:06:33Z</time>
   </trkpt>
   <trkpt lat="45.7623190" lon="4.7453570">
    <ele>270.1</ele>
    <time>2025-02-28T15:06:34Z</time>
   </trkpt>
   <trkpt lat="45.7622880" lon="4.7453840">
    <ele>270.1</ele>
    <time>2025-02-28T15:06:35Z</time>
   </trkpt>
   <trkpt lat="45.7622510" lon="4.7454100">
    <ele>270.0</ele>
    <time>2025-02-28T15:06:36Z</time>
   </trkpt>
   <trkpt lat="45.7622180" lon="4.7454410">
    <ele>270.0</ele>
    <time>2025-02-28T15:06:37Z</time>
   </trkpt>
   <trkpt lat="45.7621760" lon="4.7454620">
    <ele>269.9</ele>
    <time>2025-02-28T15:06:38Z</time>
   </trkpt>
   <trkpt lat="45.7621560" lon="4.7454650">
    <ele>269.9</ele>
    <time>2025-02-28T15:06:39Z</time>
   </trkpt>
   <trkpt lat="45.7621250" lon="4.7454960">
    <ele>269.8</ele>
    <time>2025-02-28T15:06:40Z</time>
   </trkpt>
   <trkpt lat="45.7620970" lon="4.7455120">
    <ele>269.7</ele>
    <time>2025-02-28T15:06:41Z</time>
   </trkpt>
   <trkpt lat="45.7620820" lon="4.7455580">
    <ele>269.6</ele>
    <time>2025-02-28T15:06:42Z</time>
   </trkpt>
   <trkpt lat="45.7620610" lon="4.7456010">
    <ele>269.5</ele>
    <time>2025-02-28T15:06:43Z</time>
   </trkpt>
   <trkpt lat="45.7620400" lon="4.7456370">
    <ele>269.5</ele>
    <time>2025-02-28T15:06:44Z</time>
   </trkpt>
   <trkpt lat="45.7620200" lon="4.7456760">
    <ele>269.4</ele>
    <time>2025-02-28T15:06:45Z</time>
   </trkpt>
   <trkpt lat="45.7620030" lon="4.7457110">
    <ele>269.3</ele>
    <time>2025-02-28T15:06:46Z</time>
   </trkpt>
   <trkpt lat="45.7619750" lon="4.7457610">
    <ele>269.2</ele>
    <time>2025-02-28T15:06:47Z</time>
   </trkpt>
   <trkpt lat="45.7619620" lon="4.7457790">
    <ele>269.1</ele>
    <time>2025-02-28T15:06:48Z</time>
   </trkpt>
   <trkpt lat="45.7619290" lon="4.7458050">
    <ele>269.0</ele>
    <time>2025-02-28T15:06:49Z</time>
   </trkpt>
   <trkpt lat="45.7619020" lon="4.7458500">
    <ele>268.9</ele>
    <time>2025-02-28T15:06:50Z</time>
   </trkpt>
   <trkpt lat="45.7618800" lon="4.7458790">
    <ele>268.8</ele>
    <time>2025-02-28T15:06:51Z</time>
   </trkpt>
   <trkpt lat="45.7618550" lon="4.7459100">
    <ele>268.7</ele>
    <time>2025-02-28T15:06:52Z</time>
   </trkpt>
   <trkpt lat="45.7618310" lon="4.7459460">
    <ele>268.6</ele>
    <time>2025-02-28T15:06:53Z</time>
   </trkpt>
   <trkpt lat="45.7618190" lon="4.7459850">
    <ele>268.5</ele>
    <time>2025-02-28T15:06:54Z</time>
   </trkpt>
   <trkpt lat="45.7617930" lon="4.7460070">
    <ele>268.4</ele>
    <time>2025-02-28T15:06:55Z</time>
   </trkpt>
   <trkpt lat="45.7617580" lon="4.7460380">
    <ele>268.3</ele>
    <time>2025-02-28T15:06:56Z</time>
   </trkpt>
   <trkpt lat="45.7617420" lon="4.7460450">
    <ele>268.3</ele>
    <time>2025-02-28T15:06:57Z</time>
   </trkpt>
   <trkpt lat="45.7617200" lon="4.7460820">
    <ele>268.3</ele>
    <time>2025-02-28T15:06:58Z</time>
   </trkpt>
   <trkpt lat="45.7616920" lon="4.7461110">
    <ele>268.2</ele>
    <time>2025-02-28T15:06:59Z</time>
   </trkpt>
   <trkpt lat="45.7616730" lon="4.7461460">
    <ele>268.2</ele>
    <time>2025-02-28T15:07:00Z</time>
   </trkpt>
   <trkpt lat="45.7616520" lon="4.7461960">
    <ele>268.1</ele>
    <time>2025-02-28T15:07:01Z</time>
   </trkpt>
   <trkpt lat="45.7616170" lon="4.7462200">
    <ele>268.0</ele>
    <time>2025-02-28T15:07:02Z</time>
   </trkpt>
   <trkpt lat="45.7615990" lon="4.7462600">
    <ele>268.0</ele>
    <time>2025-02-28T15:07:03Z</time>
   </trkpt>
   <trkpt lat="45.7615840" lon="4.7463010">
    <ele>267.9</ele>
    <time>2025-02-28T15:07:04Z</time>
   </trkpt>
   <trkpt lat="45.7615620" lon="4.7463290">
    <ele>267.9</ele>
    <time>2025-02-28T15:07:05Z</time>
   </trkpt>
   <trkpt lat="45.7615370" lon="4.7463630">
    <ele>267.9</ele>
    <time>2025-02-28T15:07:06Z</time>
   </trkpt>
   <trkpt lat="45.7615010" lon="4.7463820">
    <ele>267.8</ele>
    <time>2025-02-28T15:07:07Z</time>
   </trkpt>
   <trkpt lat="45.7614630" lon="4.7464030">
    <ele>267.8</ele>
    <time>2025-02-28T15:07:08Z</time>
   </trkpt>
   <trkpt lat="45.7614280" lon="4.7464200">
    <ele>267.7</ele>
    <time>2025-02-28T15:07:09Z</time>
   </trkpt>
   <trkpt lat="45.7614060" lon="4.7464540">
    <ele>267.7</ele>
    <time>2025-02-28T15:07:10Z</time>
   </trkpt>
   <trkpt lat="45.7613890" lon="4.7464970">
    <ele>267.6</ele>
    <time>2025-02-28T15:07:11Z</time>
   </trkpt>
   <trkpt lat="45.7613650" lon="4.7465280">
    <ele>267.6</ele>
    <time>2025-02-28T15:07:12Z</time>
   </trkpt>
   <trkpt lat="45.7613490" lon="4.7465630">
    <ele>267.5</ele>
    <time>2025-02-28T15:07:13Z</time>
   </trkpt>
   <trkpt lat="45.7613240" lon="4.7465970">
    <ele>267.4</ele>
    <time>2025-02-28T15:07:14Z</time>
   </trkpt>
   <trkpt lat="45.7613020" lon="4.7466270">
    <ele>267.3</ele>
    <time>2025-02-28T15:07:15Z</time>
   </trkpt>
   <trkpt lat="45.7612660" lon="4.7466340">
    <ele>267.2</ele>
    <time>2025-02-28T15:07:16Z</time>
   </trkpt>
   <trkpt lat="45.7612360" lon="4.7466700">
    <ele>267.1</ele>
    <time>2025-02-28T15:07:17Z</time>
   </trkpt>
   <trkpt lat="45.7612220" lon="4.7467160">
    <ele>267.0</ele>
    <time>2025-02-28T15:07:18Z</time>
   </trkpt>
   <trkpt lat="45.7612060" lon="4.7467480">
    <ele>266.9</ele>
    <time>2025-02-28T15:07:19Z</time>
   </trkpt>
   <trkpt lat="45.7611890" lon="4.7467820">
    <ele>266.8</ele>
    <time>2025-02-28T15:07:20Z</time>
   </trkpt>
   <trkpt lat="45.7611610" lon="4.7468120">
    <ele>266.7</ele>
    <time>2025-02-28T15:07:21Z</time>
   </trkpt>
   <trkpt lat="45.7611420" lon="4.7468490">
    <ele>266.6</ele>
    <time>2025-02-28T15:07:22Z</time>
   </trkpt>
   <trkpt lat="45.7611190" lon="4.7469150">
    <ele>266.4</ele>
    <time>2025-02-28T15:07:23Z</time>
   </trkpt>
   <trkpt lat="45.7611010" lon="4.7469740">
    <ele>266.2</ele>
    <time>2025-02-28T15:07:24Z</time>
   </trkpt>
   <trkpt lat="45.7610980" lon="4.7470200">
    <ele>266.1</ele>
    <time>2025-02-28T15:07:25Z</time>
   </trkpt>
   <trkpt lat="45.7610880" lon="4.7470770">
    <ele>265.9</ele>
    <time>2025-02-28T15:07:26Z</time>
   </trkpt>
   <trkpt lat="45.7610810" lon="4.7471250">
    <ele>265.7</ele>
    <time>2025-02-28T15:07:27Z</time>
   </trkpt>
   <trkpt lat="45.7610650" lon="4.7471640">
    <ele>265.6</ele>
    <time>2025-02-28T15:07:28Z</time>
   </trkpt>
   <trkpt lat="45.7610320" lon="4.7471980">
    <ele>265.3</ele>
    <time>2025-02-28T15:07:29Z</time>
   </trkpt>
   <trkpt lat="45.7610180" lon="4.7472340">
    <ele>265.2</ele>
    <time>2025-02-28T15:07:30Z</time>
   </trkpt>
   <trkpt lat="45.7610010" lon="4.7472800">
    <ele>265.0</ele>
    <time>2025-02-28T15:07:31Z</time>
   </trkpt>
   <trkpt lat="45.7609790" lon="4.7473240">
    <ele>264.7</ele>
    <time>2025-02-28T15:07:32Z</time>
   </trkpt>
   <trkpt lat="45.7609700" lon="4.7473640">
    <ele>264.6</ele>
    <time>2025-02-28T15:07:33Z</time>
   </trkpt>
   <trkpt lat="45.7609560" lon="4.7474170">
    <ele>264.3</ele>
    <time>2025-02-28T15:07:34Z</time>
   </trkpt>
   <trkpt lat="45.7609430" lon="4.7474560">
    <ele>264.1</ele>
    <time>2025-02-28T15:07:35Z</time>
   </trkpt>
   <trkpt lat="45.7609220" lon="4.7475210">
    <ele>263.7</ele>
    <time>2025-02-28T15:07:36Z</time>
   </trkpt>
   <trkpt lat="45.7609000" lon="4.7475490">
    <ele>263.5</ele>
    <time>2025-02-28T15:07:37Z</time>
   </trkpt>
   <trkpt lat="45.7608980" lon="4.7476050">
    <ele>263.1</ele>
    <time>2025-02-28T15:07:38Z</time>
   </trkpt>
   <trkpt lat="45.7608790" lon="4.7476460">
    <ele>262.9</ele>
    <time>2025-02-28T15:07:39Z</time>
   </trkpt>
   <trkpt lat="45.7608590" lon="4.7476980">
    <ele>262.5</ele>
    <time>2025-02-28T15:07:40Z</time>
   </trkpt>
   <trkpt lat="45.7608620" lon="4.7477490">
    <ele>262.2</ele>
    <time>2025-02-28T15:07:41Z</time>
   </trkpt>
   <trkpt lat="45.7608370" lon="4.7477700">
    <ele>262.0</ele>
    <time>2025-02-28T15:07:42Z</time>
   </trkpt>
   <trkpt lat="45.7608270" lon="4.7478320">
    <ele>261.6</ele>
    <time>2025-02-28T15:07:43Z</time>
   </trkpt>
   <trkpt lat="45.7608050" lon="4.7478840">
    <ele>261.3</ele>
    <time>2025-02-28T15:07:44Z</time>
   </trkpt>
   <trkpt lat="45.7607870" lon="4.7479260">
    <ele>261.0</ele>
    <time>2025-02-28T15:07:45Z</time>
   </trkpt>
   <trkpt lat="45.7607560" lon="4.7479640">
    <ele>260.6</ele>
    <time>2025-02-28T15:07:46Z</time>
   </trkpt>
   <trkpt lat="45.7607240" lon="4.7480060">
    <ele>260.2</ele>
    <time>2025-02-28T15:07:47Z</time>
   </trkpt>
   <trkpt lat="45.7607110" lon="4.7480530">
    <ele>259.9</ele>
    <time>2025-02-28T15:07:48Z</time>
   </trkpt>
   <trkpt lat="45.7606980" lon="4.7480930">
    <ele>259.7</ele>
    <time>2025-02-28T15:07:49Z</time>
   </trkpt>
   <trkpt lat="45.7606790" lon="4.7481340">
    <ele>259.4</ele>
    <time>2025-02-28T15:07:50Z</time>
   </trkpt>
   <trkpt lat="45.7606500" lon="4.7481700">
    <ele>259.1</ele>
    <time>2025-02-28T15:07:51Z</time>
   </trkpt>
   <trkpt lat="45.7606180" lon="4.7482090">
    <ele>258.7</ele>
    <time>2025-02-28T15:07:52Z</time>
   </trkpt>
   <trkpt lat="45.7605850" lon="4.7482190">
    <ele>258.4</ele>
    <time>2025-02-28T15:07:53Z</time>
   </trkpt>
   <trkpt lat="45.7605550" lon="4.7482440">
    <ele>258.1</ele>
    <time>2025-02-28T15:07:54Z</time>
   </trkpt>
   <trkpt lat="45.7605280" lon="4.7482780">
    <ele>257.8</ele>
    <time>2025-02-28T15:07:55Z</time>
   </trkpt>
   <trkpt lat="45.7605070" lon="4.7483100">
    <ele>257.5</ele>
    <time>2025-02-28T15:07:56Z</time>
   </trkpt>
   <trkpt lat="45.7604830" lon="4.7483580">
    <ele>257.2</ele>
    <time>2025-02-28T15:07:57Z</time>
   </trkpt>
   <trkpt lat="45.7604520" lon="4.7483770">
    <ele>256.9</ele>
    <time>2025-02-28T15:07:58Z</time>
   </trkpt>
   <trkpt lat="45.7604210" lon="4.7484190">
    <ele>256.5</ele>
    <time>2025-02-28T15:07:59Z</time>
   </trkpt>
   <trkpt lat="45.7603870" lon="4.7484620">
    <ele>256.1</ele>
    <time>2025-02-28T15:08:00Z</time>
   </trkpt>
   <trkpt lat="45.7603590" lon="4.7484890">
    <ele>255.8</ele>
    <time>2025-02-28T15:08:01Z</time>
   </trkpt>
   <trkpt lat="45.7603340" lon="4.7485060">
    <ele>255.5</ele>
    <time>2025-02-28T15:08:02Z</time>
   </trkpt>
   <trkpt lat="45.7602990" lon="4.7485210">
    <ele>255.2</ele>
    <time>2025-02-28T15:08:03Z</time>
   </trkpt>
   <trkpt lat="45.7602740" lon="4.7485650">
    <ele>254.8</ele>
    <time>2025-02-28T15:08:04Z</time>
   </trkpt>
   <trkpt lat="45.7602430" lon="4.7485950">
    <ele>254.5</ele>
    <time>2025-02-28T15:08:05Z</time>
   </trkpt>
   <trkpt lat="45.7602130" lon="4.7486470">
    <ele>254.1</ele>
    <time>2025-02-28T15:08:06Z</time>
   </trkpt>
   <trkpt lat="45.7601890" lon="4.7486970">
    <ele>253.7</ele>
    <time>2025-02-28T15:08:07Z</time>
   </trkpt>
   <trkpt lat="45.7601620" lon="4.7487220">
    <ele>253.4</ele>
    <time>2025-02-28T15:08:08Z</time>
   </trkpt>
   <trkpt lat="45.7601340" lon="4.7487550">
    <ele>253.1</ele>
    <time>2025-02-28T15:08:09Z</time>
   </trkpt>
   <trkpt lat="45.7601010" lon="4.7487640">
    <ele>252.9</ele>
    <time>2025-02-28T15:08:10Z</time>
   </trkpt>
   <trkpt lat="45.7600650" lon="4.7487880">
    <ele>252.6</ele>
    <time>2025-02-28T15:08:11Z</time>
   </trkpt>
   <trkpt lat="45.7600360" lon="4.7488220">
    <ele>252.3</ele>
    <time>2025-02-28T15:08:12Z</time>
   </trkpt>
   <trkpt lat="45.7600140" lon="4.7488550">
    <ele>252.0</ele>
    <time>2025-02-28T15:08:13Z</time>
   </trkpt>
   <trkpt lat="45.7600100" lon="4.7489030">
    <ele>251.8</ele>
    <time>2025-02-28T15:08:14Z</time>
   </trkpt>
   <trkpt lat="45.7599840" lon="4.7489450">
    <ele>251.5</ele>
    <time>2025-02-28T15:08:15Z</time>
   </trkpt>
   <trkpt lat="45.7599690" lon="4.7489870">
    <ele>251.2</ele>
    <time>2025-02-28T15:08:16Z</time>
   </trkpt>
   <trkpt lat="45.7599350" lon="4.7490230">
    <ele>250.9</ele>
    <time>2025-02-28T15:08:17Z</time>
   </trkpt>
   <trkpt lat="45.7599210" lon="4.7490360">
    <ele>250.7</ele>
    <time>2025-02-28T15:08:18Z</time>
   </trkpt>
   <trkpt lat="45.7598980" lon="4.7490690">
    <ele>250.5</ele>
    <time>2025-02-28T15:08:19Z</time>
   </trkpt>
   <trkpt lat="45.7598720" lon="4.7490820">
    <ele>250.3</ele>
    <time>2025-02-28T15:08:20Z</time>
   </trkpt>
   <trkpt lat="45.7598430" lon="4.7490900">
    <ele>250.0</ele>
    <time>2025-02-28T15:08:21Z</time>
   </trkpt>
   <trkpt lat="45.7598020" lon="4.7490780">
    <ele>249.6</ele>
    <time>2025-02-28T15:08:22Z</time>
   </trkpt>
   <trkpt lat="45.7597830" lon="4.7490730">
    <ele>249.5</ele>
    <time>2025-02-28T15:08:23Z</time>
   </trkpt>
   <trkpt lat="45.7597520" lon="4.7490890">
    <ele>249.2</ele>
    <time>2025-02-28T15:08:24Z</time>
   </trkpt>
   <trkpt lat="45.7597200" lon="4.7490930">
    <ele>248.9</ele>
    <time>2025-02-28T15:08:25Z</time>
   </trkpt>
   <trkpt lat="45.7596940" lon="4.7490600">
    <ele>248.6</ele>
    <time>2025-02-28T15:08:26Z</time>
   </trkpt>
   <trkpt lat="45.7596660" lon="4.7490340">
    <ele>248.4</ele>
    <time>2025-02-28T15:08:27Z</time>
   </trkpt>
   <trkpt lat="45.7596560" lon="4.7490200">
    <ele>248.3</ele>
    <time>2025-02-28T15:08:28Z</time>
   </trkpt>
   <trkpt lat="45.7596380" lon="4.7489890">
    <ele>248.0</ele>
    <time>2025-02-28T15:08:29Z</time>
   </trkpt>
   <trkpt lat="45.7596210" lon="4.7489560">
    <ele>247.8</ele>
    <time>2025-02-28T15:08:30Z</time>
   </trkpt>
   <trkpt lat="45.7595970" lon="4.7489260">
    <ele>247.6</ele>
    <time>2025-02-28T15:08:31Z</time>
   </trkpt>
   <trkpt lat="45.7595770" lon="4.7488970">
    <ele>247.4</ele>
    <time>2025-02-28T15:08:32Z</time>
   </trkpt>
   <trkpt lat="45.7595630" lon="4.7488570">
    <ele>247.1</ele>
    <time>2025-02-28T15:08:33Z</time>
   </trkpt>
   <trkpt lat="45.7595610" lon="4.7488170">
    <ele>246.9</ele>
    <time>2025-02-28T15:08:34Z</time>
   </trkpt>
   <trkpt lat="45.7595340" lon="4.7487890">
    <ele>246.7</ele>
    <time>2025-02-28T15:08:35Z</time>
   </trkpt>
   <trkpt lat="45.7595150" lon="4.7487590">
    <ele>246.5</ele>
    <time>2025-02-28T15:08:36Z</time>
   </trkpt>
   <trkpt lat="45.7594940" lon="4.7487280">
    <ele>246.3</ele>
    <time>2025-02-28T15:08:37Z</time>
   </trkpt>
   <trkpt lat="45.7594680" lon="4.7487030">
    <ele>246.0</ele>
    <time>2025-02-28T15:08:38Z</time>
   </trkpt>
   <trkpt lat="45.7594440" lon="4.7486640">
    <ele>245.8</ele>
    <time>2025-02-28T15:08:39Z</time>
   </trkpt>
   <trkpt lat="45.7594150" lon="4.7486460">
    <ele>245.5</ele>
    <time>2025-02-28T15:08:40Z</time>
   </trkpt>
   <trkpt lat="45.7593870" lon="4.7486150">
    <ele>245.3</ele>
    <time>2025-02-28T15:08:41Z</time>
   </trkpt>
   <trkpt lat="45.7593640" lon="4.7485750">
    <ele>245.0</ele>
    <time>2025-02-28T15:08:42Z</time>
   </trkpt>
   <trkpt lat="45.7593350" lon="4.7485460">
    <ele>244.8</ele>
    <time>2025-02-28T15:08:43Z</time>
   </trkpt>
   <trkpt lat="45.7593060" lon="4.7485180">
    <ele>244.5</ele>
    <time>2025-02-28T15:08:44Z</time>
   </trkpt>
   <trkpt lat="45.7592850" lon="4.7484860">
    <ele>244.3</ele>
    <time>2025-02-28T15:08:45Z</time>
   </trkpt>
   <trkpt lat="45.7592600" lon="4.7484560">
    <ele>244.1</ele>
    <time>2025-02-28T15:08:46Z</time>
   </trkpt>
   <trkpt lat="45.7592370" lon="4.7484280">
    <ele>243.9</ele>
    <time>2025-02-28T15:08:47Z</time>
   </trkpt>
   <trkpt lat="45.7592170" lon="4.7483820">
    <ele>243.7</ele>
    <time>2025-02-28T15:08:48Z</time>
   </trkpt>
   <trkpt lat="45.7591900" lon="4.7483420">
    <ele>243.4</ele>
    <time>2025-02-28T15:08:49Z</time>
   </trkpt>
   <trkpt lat="45.7591670" lon="4.7483100">
    <ele>243.2</ele>
    <time>2025-02-28T15:08:50Z</time>
   </trkpt>
   <trkpt lat="45.7591370" lon="4.7482660">
    <ele>243.0</ele>
    <time>2025-02-28T15:08:51Z</time>
   </trkpt>
   <trkpt lat="45.7591250" lon="4.7482480">
    <ele>242.8</ele>
    <time>2025-02-28T15:08:52Z</time>
   </trkpt>
   <trkpt lat="45.7590950" lon="4.7482210">
    <ele>242.6</ele>
    <time>2025-02-28T15:08:53Z</time>
   </trkpt>
   <trkpt lat="45.7590690" lon="4.7481960">
    <ele>242.4</ele>
    <time>2025-02-28T15:08:54Z</time>
   </trkpt>
   <trkpt lat="45.7590480" lon="4.7481370">
    <ele>242.1</ele>
    <time>2025-02-28T15:08:55Z</time>
   </trkpt>
   <trkpt lat="45.7590270" lon="4.7481120">
    <ele>241.9</ele>
    <time>2025-02-28T15:08:56Z</time>
   </trkpt>
   <trkpt lat="45.7590040" lon="4.7480760">
    <ele>241.7</ele>
    <time>2025-02-28T15:08:57Z</time>
   </trkpt>
   <trkpt lat="45.7589880" lon="4.7480300">
    <ele>241.4</ele>
    <time>2025-02-28T15:08:58Z</time>
   </trkpt>
   <trkpt lat="45.7589720" lon="4.7479960">
    <ele>241.3</ele>
    <time>2025-02-28T15:08:59Z</time>
   </trkpt>
   <trkpt lat="45.7589430" lon="4.7479600">
    <ele>241.0</ele>
    <time>2025-02-28T15:09:00Z</time>
   </trkpt>
   <trkpt lat="45.7589130" lon="4.7479270">
    <ele>240.7</ele>
    <time>2025-02-28T15:09:01Z</time>
   </trkpt>
   <trkpt lat="45.7588820" lon="4.7479060">
    <ele>240.5</ele>
    <time>2025-02-28T15:09:02Z</time>
   </trkpt>
   <trkpt lat="45.7588470" lon="4.7478710">
    <ele>240.2</ele>
    <time>2025-02-28T15:09:03Z</time>
   </trkpt>
   <trkpt lat="45.7588240" lon="4.7478440">
    <ele>240.0</ele>
    <time>2025-02-28T15:09:04Z</time>
   </trkpt>
   <trkpt lat="45.7588000" lon="4.7478100">
    <ele>239.7</ele>
    <time>2025-02-28T15:09:05Z</time>
   </trkpt>
   <trkpt lat="45.7587830" lon="4.7478040">
    <ele>239.6</ele>
    <time>2025-02-28T15:09:06Z</time>
   </trkpt>
   <trkpt lat="45.7587340" lon="4.7478120">
    <ele>239.2</ele>
    <time>2025-02-28T15:09:07Z</time>
   </trkpt>
   <trkpt lat="45.7586880" lon="4.7478050">
    <ele>238.8</ele>
    <time>2025-02-28T15:09:08Z</time>
   </trkpt>
   <trkpt lat="45.7586470" lon="4.7477990">
    <ele>238.5</ele>
    <time>2025-02-28T15:09:09Z</time>
   </trkpt>
   <trkpt lat="45.7586070" lon="4.7478210">
    <ele>238.1</ele>
    <time>2025-02-28T15:09:10Z</time>
   </trkpt>
   <trkpt lat="45.7585590" lon="4.7478250">
    <ele>237.7</ele>
    <time>2025-02-28T15:09:11Z</time>
   </trkpt>
   <trkpt lat="45.7585230" lon="4.7478470">
    <ele>237.3</ele>
    <time>2025-02-28T15:09:12Z</time>
   </trkpt>
   <trkpt lat="45.7584820" lon="4.7478690">
    <ele>236.9</ele>
    <time>2025-02-28T15:09:13Z</time>
   </trkpt>
   <trkpt lat="45.7584400" lon="4.7478970">
    <ele>236.4</ele>
    <time>2025-02-28T15:09:14Z</time>
   </trkpt>
   <trkpt lat="45.7583960" lon="4.7479060">
    <ele>236.0</ele>
    <time>2025-02-28T15:09:15Z</time>
   </trkpt>
   <trkpt lat="45.7583500" lon="4.7479180">
    <ele>235.5</ele>
    <time>2025-02-28T15:09:16Z</time>
   </trkpt>
   <trkpt lat="45.7583000" lon="4.7479130">
    <ele>235.0</ele>
    <time>2025-02-28T15:09:17Z</time>
   </trkpt>
   <trkpt lat="45.7582700" lon="4.7479410">
    <ele>234.6</ele>
    <time>2025-02-28T15:09:18Z</time>
   </trkpt>
   <trkpt lat="45.7582490" lon="4.7479840">
    <ele>234.2</ele>
    <time>2025-02-28T15:09:19Z</time>
   </trkpt>
   <trkpt lat="45.7582180" lon="4.7480080">
    <ele>233.8</ele>
    <time>2025-02-28T15:09:20Z</time>
   </trkpt>
   <trkpt lat="45.7581800" lon="4.7480340">
    <ele>233.4</ele>
    <time>2025-02-28T15:09:21Z</time>
   </trkpt>
   <trkpt lat="45.7581530" lon="4.7480740">
    <ele>233.0</ele>
    <time>2025-02-28T15:09:22Z</time>
   </trkpt>
   <trkpt lat="45.7581320" lon="4.7481030">
    <ele>232.7</ele>
    <time>2025-02-28T15:09:23Z</time>
   </trkpt>
   <trkpt lat="45.7581100" lon="4.7481510">
    <ele>232.2</ele>
    <time>2025-02-28T15:09:24Z</time>
   </trkpt>
   <trkpt lat="45.7580810" lon="4.7482060">
    <ele>231.8</ele>
    <time>2025-02-28T15:09:25Z</time>
   </trkpt>
   <trkpt lat="45.7580530" lon="4.7482520">
    <ele>231.3</ele>
    <time>2025-02-28T15:09:26Z</time>
   </trkpt>
   <trkpt lat="45.7580460" lon="4.7483260">
    <ele>230.8</ele>
    <time>2025-02-28T15:09:27Z</time>
   </trkpt>
   <trkpt lat="45.7580610" lon="4.7484200">
    <ele>230.1</ele>
    <time>2025-02-28T15:09:28Z</time>
   </trkpt>
   <trkpt lat="45.7580760" lon="4.7484890">
    <ele>229.6</ele>
    <time>2025-02-28T15:09:29Z</time>
   </trkpt>
   <trkpt lat="45.7580860" lon="4.7485530">
    <ele>229.1</ele>
    <time>2025-02-28T15:09:30Z</time>
   </trkpt>
   <trkpt lat="45.7581000" lon="4.7486070">
    <ele>228.7</ele>
    <time>2025-02-28T15:09:31Z</time>
   </trkpt>
   <trkpt lat="45.7581470" lon="4.7486560">
    <ele>228.2</ele>
    <time>2025-02-28T15:09:32Z</time>
   </trkpt>
   <trkpt lat="45.7581880" lon="4.7487020">
    <ele>227.7</ele>
    <time>2025-02-28T15:09:33Z</time>
   </trkpt>
   <trkpt lat="45.7582270" lon="4.7487250">
    <ele>227.3</ele>
    <time>2025-02-28T15:09:34Z</time>
   </trkpt>
   <trkpt lat="45.7582500" lon="4.7487700">
    <ele>226.9</ele>
    <time>2025-02-28T15:09:35Z</time>
   </trkpt>
   <trkpt lat="45.7582660" lon="4.7488160">
    <ele>226.6</ele>
    <time>2025-02-28T15:09:36Z</time>
   </trkpt>
   <trkpt lat="45.7582970" lon="4.7488450">
    <ele>226.3</ele>
    <time>2025-02-28T15:09:37Z</time>
   </trkpt>
   <trkpt lat="45.7583130" lon="4.7488940">
    <ele>225.9</ele>
    <time>2025-02-28T15:09:38Z</time>
   </trkpt>
   <trkpt lat="45.7583490" lon="4.7489190">
    <ele>225.6</ele>
    <time>2025-02-28T15:09:39Z</time>
   </trkpt>
   <trkpt lat="45.7583820" lon="4.7489550">
    <ele>225.3</ele>
    <time>2025-02-28T15:09:40Z</time>
   </trkpt>
   <trkpt lat="45.7584120" lon="4.7489770">
    <ele>225.0</ele>
    <time>2025-02-28T15:09:41Z</time>
   </trkpt>
   <trkpt lat="45.7584280" lon="4.7490280">
    <ele>224.7</ele>
    <time>2025-02-28T15:09:42Z</time>
   </trkpt>
   <trkpt lat="45.7584590" lon="4.7490650">
    <ele>224.3</ele>
    <time>2025-02-28T15:09:43Z</time>
   </trkpt>
   <trkpt lat="45.7584880" lon="4.7490930">
    <ele>224.0</ele>
    <time>2025-02-28T15:09:44Z</time>
   </trkpt>
   <trkpt lat="45.7585100" lon="4.7491310">
    <ele>223.8</ele>
    <time>2025-02-28T15:09:45Z</time>
   </trkpt>
   <trkpt lat="45.7585340" lon="4.7491560">
    <ele>223.5</ele>
    <time>2025-02-28T15:09:46Z</time>
   </trkpt>
   <trkpt lat="45.7585510" lon="4.7491900">
    <ele>223.3</ele>
    <time>2025-02-28T15:09:47Z</time>
   </trkpt>
   <trkpt lat="45.7585850" lon="4.7492070">
    <ele>223.0</ele>
    <time>2025-02-28T15:09:48Z</time>
   </trkpt>
   <trkpt lat="45.7586050" lon="4.7492420">
    <ele>222.7</ele>
    <time>2025-02-28T15:09:49Z</time>
   </trkpt>
   <trkpt lat="45.7586260" lon="4.7492790">
    <ele>222.5</ele>
    <time>2025-02-28T15:09:50Z</time>
   </trkpt>
   <trkpt lat="45.7586490" lon="4.7493060">
    <ele>222.2</ele>
    <time>2025-02-28T15:09:51Z</time>
   </trkpt>
   <trkpt lat="45.7586800" lon="4.7493240">
    <ele>222.0</ele>
    <time>2025-02-28T15:09:52Z</time>
   </trkpt>
   <trkpt lat="45.7587020" lon="4.7493630">
    <ele>221.7</ele>
    <time>2025-02-28T15:09:53Z</time>
   </trkpt>
   <trkpt lat="45.7587250" lon="4.7493910">
    <ele>221.4</ele>
    <time>2025-02-28T15:09:54Z</time>
   </trkpt>
   <trkpt lat="45.7587260" lon="4.7494530">
    <ele>221.1</ele>
    <time>2025-02-28T15:09:55Z</time>
   </trkpt>
   <trkpt lat="45.7587530" lon="4.7494960">
    <ele>220.8</ele>
    <time>2025-02-28T15:09:56Z</time>
   </trkpt>
   <trkpt lat="45.7587600" lon="4.7495130">
    <ele>220.7</ele>
    <time>2025-02-28T15:09:57Z</time>
   </trkpt>
   <trkpt lat="45.7587850" lon="4.7495530">
    <ele>220.4</ele>
    <time>2025-02-28T15:09:58Z</time>
   </trkpt>
   <trkpt lat="45.7587980" lon="4.7495960">
    <ele>220.1</ele>
    <time>2025-02-28T15:09:59Z</time>
   </trkpt>
   <trkpt lat="45.7588190" lon="4.7496260">
    <ele>219.9</ele>
    <time>2025-02-28T15:10:00Z</time>
   </trkpt>
   <trkpt lat="45.7588390" lon="4.7496650">
    <ele>219.6</ele>
    <time>2025-02-28T15:10:01Z</time>
   </trkpt>
   <trkpt lat="45.7588580" lon="4.7497130">
    <ele>219.3</ele>
    <time>2025-02-28T15:10:02Z</time>
   </trkpt>
   <trkpt lat="45.7588670" lon="4.7497320">
    <ele>219.2</ele>
    <time>2025-02-28T15:10:03Z</time>
   </trkpt>
   <trkpt lat="45.7588750" lon="4.7497790">
    <ele>219.0</ele>
    <time>2025-02-28T15:10:04Z</time>
   </trkpt>
   <trkpt lat="45.7588690" lon="4.7498330">
    <ele>218.7</ele>
    <time>2025-02-28T15:10:05Z</time>
   </trkpt>
   <trkpt lat="45.7588630" lon="4.7498730">
    <ele>218.5</ele>
    <time>2025-02-28T15:10:06Z</time>
   </trkpt>
   <trkpt lat="45.7588750" lon="4.7499150">
    <ele>218.2</ele>
    <time>2025-02-28T15:10:07Z</time>
   </trkpt>
   <trkpt lat="45.7588980" lon="4.7499640">
    <ele>217.9</ele>
    <time>2025-02-28T15:10:08Z</time>
   </trkpt>
   <trkpt lat="45.7589110" lon="4.7500040">
    <ele>217.7</ele>
    <time>2025-02-28T15:10:09Z</time>
   </trkpt>
   <trkpt lat="45.7589200" lon="4.7500590">
    <ele>217.4</ele>
    <time>2025-02-28T15:10:10Z</time>
   </trkpt>
   <trkpt lat="45.7589230" lon="4.7500770">
    <ele>217.3</ele>
    <time>2025-02-28T15:10:11Z</time>
   </trkpt>
   <trkpt lat="45.7589020" lon="4.7501200">
    <ele>217.0</ele>
    <time>2025-02-28T15:10:12Z</time>
   </trkpt>
   <trkpt lat="45.7589050" lon="4.7501650">
    <ele>216.8</ele>
    <time>2025-02-28T15:10:13Z</time>
   </trkpt>
   <trkpt lat="45.7588980" lon="4.7502060">
    <ele>216.5</ele>
    <time>2025-02-28T15:10:14Z</time>
   </trkpt>
   <trkpt lat="45.7588900" lon="4.7502500">
    <ele>216.2</ele>
    <time>2025-02-28T15:10:15Z</time>
   </trkpt>
   <trkpt lat="45.7588660" lon="4.7502840">
    <ele>215.9</ele>
    <time>2025-02-28T15:10:16Z</time>
   </trkpt>
   <trkpt lat="45.7588460" lon="4.7503210">
    <ele>215.7</ele>
    <time>2025-02-28T15:10:17Z</time>
   </trkpt>
   <trkpt lat="45.7588190" lon="4.7503570">
    <ele>215.3</ele>
    <time>2025-02-28T15:10:18Z</time>
   </trkpt>
   <trkpt lat="45.7587850" lon="4.7503950">
    <ele>214.9</ele>
    <time>2025-02-28T15:10:19Z</time>
   </trkpt>
   <trkpt lat="45.7587380" lon="4.7504060">
    <ele>214.5</ele>
    <time>2025-02-28T15:10:20Z</time>
   </trkpt>
   <trkpt lat="45.7587030" lon="4.7504250">
    <ele>214.2</ele>
    <time>2025-02-28T15:10:21Z</time>
   </trkpt>
   <trkpt lat="45.7586860" lon="4.7504250">
    <ele>214.0</ele>
    <time>2025-02-28T15:10:22Z</time>
   </trkpt>
   <trkpt lat="45.7586570" lon="4.7504360">
    <ele>213.8</ele>
    <time>2025-02-28T15:10:23Z</time>
   </trkpt>
   <trkpt lat="45.7586270" lon="4.7504400">
    <ele>213.5</ele>
    <time>2025-02-28T15:10:24Z</time>
   </trkpt>
   <trkpt lat="45.7585960" lon="4.7504600">
    <ele>213.2</ele>
    <time>2025-02-28T15:10:25Z</time>
   </trkpt>
   <trkpt lat="45.7585630" lon="4.7504760">
    <ele>212.9</ele>
    <time>2025-02-28T15:10:26Z</time>
   </trkpt>
   <trkpt lat="45.7585320" lon="4.7504710">
    <ele>212.7</ele>
    <time>2025-02-28T15:10:27Z</time>
   </trkpt>
   <trkpt lat="45.7585040" lon="4.7504840">
    <ele>212.4</ele>
    <time>2025-02-28T15:10:28Z</time>
   </trkpt>
   <trkpt lat="45.7584710" lon="4.7504770">
    <ele>212.2</ele>
    <time>2025-02-28T15:10:29Z</time>
   </trkpt>
   <trkpt lat="45.7584380" lon="4.7505160">
    <ele>211.8</ele>
    <time>2025-02-28T15:10:30Z</time>
   </trkpt>
   <trkpt lat="45.7584020" lon="4.7505270">
    <ele>211.5</ele>
    <time>2025-02-28T15:10:31Z</time>
   </trkpt>
   <trkpt lat="45.7583890" lon="4.7505330">
    <ele>211.4</ele>
    <time>2025-02-28T15:10:32Z</time>
   </trkpt>
   <trkpt lat="45.7583570" lon="4.7505450">
    <ele>211.1</ele>
    <time>2025-02-28T15:10:33Z</time>
   </trkpt>
   <trkpt lat="45.7583190" lon="4.7505570">
    <ele>210.8</ele>
    <time>2025-02-28T15:10:34Z</time>
   </trkpt>
   <trkpt lat="45.7582800" lon="4.7505660">
    <ele>210.5</ele>
    <time>2025-02-28T15:10:35Z</time>
   </trkpt>
   <trkpt lat="45.7582640" lon="4.7505740">
    <ele>210.4</ele>
    <time>2025-02-28T15:10:36Z</time>
   </trkpt>
   <trkpt lat="45.7581160" lon="4.7506010">
    <ele>209.4</ele>
    <time>2025-02-28T15:10:43Z</time>
   </trkpt>
   <trkpt lat="45.7580860" lon="4.7506060">
    <ele>209.2</ele>
    <time>2025-02-28T15:10:44Z</time>
   </trkpt>
   <trkpt lat="45.7580710" lon="4.7506050">
    <ele>209.1</ele>
    <time>2025-02-28T15:10:45Z</time>
   </trkpt>
   <trkpt lat="45.7580540" lon="4.7506180">
    <ele>209.0</ele>
    <time>2025-02-28T15:10:46Z</time>
   </trkpt>
   <trkpt lat="45.7580260" lon="4.7506170">
    <ele>208.9</ele>
    <time>2025-02-28T15:10:47Z</time>
   </trkpt>
   <trkpt lat="45.7580010" lon="4.7506390">
    <ele>208.7</ele>
    <time>2025-02-28T15:10:48Z</time>
   </trkpt>
   <trkpt lat="45.7579610" lon="4.7507120">
    <ele>208.0</ele>
    <time>2025-02-28T15:10:49Z</time>
   </trkpt>
   <trkpt lat="45.7579240" lon="4.7507660">
    <ele>207.9</ele>
    <time>2025-02-28T15:10:50Z</time>
   </trkpt>
   <trkpt lat="45.7579040" lon="4.7508120">
    <ele>207.8</ele>
    <time>2025-02-28T15:10:51Z</time>
   </trkpt>
   <trkpt lat="45.7578890" lon="4.7508740">
    <ele>207.8</ele>
    <time>2025-02-28T15:10:52Z</time>
   </trkpt>
   <trkpt lat="45.7578840" lon="4.7509000">
    <ele>207.7</ele>
    <time>2025-02-28T15:10:53Z</time>
   </trkpt>
   <trkpt lat="45.7578730" lon="4.7509530">
    <ele>207.7</ele>
    <time>2025-02-28T15:10:54Z</time>
   </trkpt>
   <trkpt lat="45.7578930" lon="4.7510030">
    <ele>207.6</ele>
    <time>2025-02-28T15:10:55Z</time>
   </trkpt>
   <trkpt lat="45.7578970" lon="4.7510280">
    <ele>207.6</ele>
    <time>2025-02-28T15:10:56Z</time>
   </trkpt>
   <trkpt lat="45.7579110" lon="4.7510690">
    <ele>207.6</ele>
    <time>2025-02-28T15:10:57Z</time>
   </trkpt>
   <trkpt lat="45.7579230" lon="4.7511190">
    <ele>207.6</ele>
    <time>2025-02-28T15:10:58Z</time>
   </trkpt>
   <trkpt lat="45.7579270" lon="4.7511370">
    <ele>207.6</ele>
    <time>2025-02-28T15:10:59Z</time>
   </trkpt>
   <trkpt lat="45.7579330" lon="4.7511840">
    <ele>207.6</ele>
    <time>2025-02-28T15:11:00Z</time>
   </trkpt>
   <trkpt lat="45.7579300" lon="4.7511970">
    <ele>207.6</ele>
    <time>2025-02-28T15:11:01Z</time>
   </trkpt>
   <trkpt lat="45.7579300" lon="4.7512130">
    <ele>207.6</ele>
    <time>2025-02-28T15:11:02Z</time>
   </trkpt>
   <trkpt lat="45.7579310" lon="4.7512360">
    <ele>207.6</ele>
    <time>2025-02-28T15:11:03Z</time>
   </trkpt>
   <trkpt lat="45.7579530" lon="4.7512870">
    <ele>207.6</ele>
    <time>2025-02-28T15:11:04Z</time>
   </trkpt>
   <trkpt lat="45.7579670" lon="4.7513370">
    <ele>207.6</ele>
    <time>2025-02-28T15:11:05Z</time>
   </trkpt>
   <trkpt lat="45.7579890" lon="4.7513640">
    <ele>207.6</ele>
    <time>2025-02-28T15:11:06Z</time>
   </trkpt>
   <trkpt lat="45.7580040" lon="4.7514020">
    <ele>207.6</ele>
    <time>2025-02-28T15:11:07Z</time>
   </trkpt>
   <trkpt lat="45.7580200" lon="4.7514470">
    <ele>207.6</ele>
    <time>2025-02-28T15:11:08Z</time>
   </trkpt>
   <trkpt lat="45.7580350" lon="4.7514900">
    <ele>207.6</ele>
    <time>2025-02-28T15:11:09Z</time>
   </trkpt>
   <trkpt lat="45.7580620" lon="4.7515210">
    <ele>207.6</ele>
    <time>2025-02-28T15:11:10Z</time>
   </trkpt>
   <trkpt lat="45.7580800" lon="4.7515640">
    <ele>207.6</ele>
    <time>2025-02-28T15:11:11Z</time>
   </trkpt>
   <trkpt lat="45.7581040" lon="4.7515930">
    <ele>207.6</ele>
    <time>2025-02-28T15:11:12Z</time>
   </trkpt>
   <trkpt lat="45.7581270" lon="4.7516300">
    <ele>207.6</ele>
    <time>2025-02-28T15:11:13Z</time>
   </trkpt>
   <trkpt lat="45.7581420" lon="4.7516690">
    <ele>207.6</ele>
    <time>2025-02-28T15:11:14Z</time>
   </trkpt>
   <trkpt lat="45.7581070" lon="4.7516850">
    <ele>207.6</ele>
    <time>2025-02-28T15:11:15Z</time>
   </trkpt>
   <trkpt lat="45.7580950" lon="4.7516850">
    <ele>207.6</ele>
    <time>2025-02-28T15:11:16Z</time>
   </trkpt>
   <trkpt lat="45.7580690" lon="4.7517040">
    <ele>207.7</ele>
    <time>2025-02-28T15:11:17Z</time>
   </trkpt>
   <trkpt lat="45.7580420" lon="4.7517120">
    <ele>207.7</ele>
    <time>2025-02-28T15:11:18Z</time>
   </trkpt>
   <trkpt lat="45.7580110" lon="4.7516960">
    <ele>207.6</ele>
    <time>2025-02-28T15:11:19Z</time>
   </trkpt>
   <trkpt lat="45.7579770" lon="4.7516890">
    <ele>207.6</ele>
    <time>2025-02-28T15:11:20Z</time>
   </trkpt>
   <trkpt lat="45.7579440" lon="4.7516720">
    <ele>207.5</ele>
    <time>2025-02-28T15:11:21Z</time>
   </trkpt>
   <trkpt lat="45.7579290" lon="4.7516700">
    <ele>207.5</ele>
    <time>2025-02-28T15:11:22Z</time>
   </trkpt>
   <trkpt lat="45.7578940" lon="4.7516740">
    <ele>207.5</ele>
    <time>2025-02-28T15:11:23Z</time>
   </trkpt>
   <trkpt lat="45.7578570" lon="4.7516790">
    <ele>207.5</ele>
    <time>2025-02-28T15:11:24Z</time>
   </trkpt>
   <trkpt lat="45.7578410" lon="4.7516830">
    <ele>207.5</ele>
    <time>2025-02-28T15:11:25Z</time>
   </trkpt>
   <trkpt lat="45.7577990" lon="4.7516880">
    <ele>207.5</ele>
    <time>2025-02-28T15:11:26Z</time>
   </trkpt>
   <trkpt lat="45.7577830" lon="4.7516880">
    <ele>207.5</ele>
    <time>2025-02-28T15:11:27Z</time>
   </trkpt>
   <trkpt lat="45.7577540" lon="4.7516810">
    <ele>207.5</ele>
    <time>2025-02-28T15:11:28Z</time>
   </trkpt>
   <trkpt lat="45.7577260" lon="4.7516690">
    <ele>207.5</ele>
    <time>2025-02-28T15:11:29Z</time>
   </trkpt>
   <trkpt lat="45.7576860" lon="4.7516770">
    <ele>207.6</ele>
    <time>2025-02-28T15:11:30Z</time>
   </trkpt>
   <trkpt lat="45.7576720" lon="4.7516840">
    <ele>207.6</ele>
    <time>2025-02-28T15:11:31Z</time>
   </trkpt>
   <trkpt lat="45.7576360" lon="4.7516870">
    <ele>207.7</ele>
    <time>2025-02-28T15:11:32Z</time>
   </trkpt>
   <trkpt lat="45.7576230" lon="4.7516980">
    <ele>207.7</ele>
    <time>2025-02-28T15:11:33Z</time>
   </trkpt>
   <trkpt lat="45.7575940" lon="4.7516890">
    <ele>207.7</ele>
    <time>2025-02-28T15:11:34Z</time>
   </trkpt>
   <trkpt lat="45.7575640" lon="4.7516740">
    <ele>207.8</ele>
    <time>2025-02-28T15:11:35Z</time>
   </trkpt>
   <trkpt lat="45.7575350" lon="4.7516630">
    <ele>207.9</ele>
    <time>2025-02-28T15:11:36Z</time>
   </trkpt>
   <trkpt lat="45.7574970" lon="4.7516600">
    <ele>208.0</ele>
    <time>2025-02-28T15:11:37Z</time>
   </trkpt>
   <trkpt lat="45.7574830" lon="4.7516630">
    <ele>208.0</ele>
    <time>2025-02-28T15:11:38Z</time>
   </trkpt>
   <trkpt lat="45.7574540" lon="4.7516590">
    <ele>208.1</ele>
    <time>2025-02-28T15:11:39Z</time>
   </trkpt>
   <trkpt lat="45.7574180" lon="4.7516480">
    <ele>208.2</ele>
    <time>2025-02-28T15:11:40Z</time>
   </trkpt>
   <trkpt lat="45.7574090" lon="4.7516430">
    <ele>208.2</ele>
    <time>2025-02-28T15:11:41Z</time>
   </trkpt>
   <trkpt lat="45.7573810" lon="4.7516440">
    <ele>208.3</ele>
    <time>2025-02-28T15:11:42Z</time>
   </trkpt>
   <trkpt lat="45.7573450" lon="4.7516430">
    <ele>208.4</ele>
    <time>2025-02-28T15:11:43Z</time>
   </trkpt>
   <trkpt lat="45.7573280" lon="4.7516430">
    <ele>208.5</ele>
    <time>2025-02-28T15:11:44Z</time>
   </trkpt>
   <trkpt lat="45.7573020" lon="4.7516290">
    <ele>208.6</ele>
    <time>2025-02-28T15:11:45Z</time>
   </trkpt>
   <trkpt lat="45.7572690" lon="4.7516220">
    <ele>208.7</ele>
    <time>2025-02-28T15:11:46Z</time>
   </trkpt>
   <trkpt lat="45.7572550" lon="4.7516180">
    <ele>208.7</ele>
    <time>2025-02-28T15:11:47Z</time>
   </trkpt>
   <trkpt lat="45.7572140" lon="4.7516210">
    <ele>208.9</ele>
    <time>2025-02-28T15:11:48Z</time>
   </trkpt>
   <trkpt lat="45.7572010" lon="4.7516210">
    <ele>208.9</ele>
    <time>2025-02-28T15:11:49Z</time>
   </trkpt>
   <trkpt lat="45.7571750" lon="4.7516220">
    <ele>209.0</ele>
    <time>2025-02-28T15:11:50Z</time>
   </trkpt>
   <trkpt lat="45.7571820" lon="4.7516030">
    <ele>209.1</ele>
    <time>2025-02-28T15:11:51Z</time>
   </trkpt>
   <trkpt lat="45.7571710" lon="4.7515960">
    <ele>209.1</ele>
    <time>2025-02-28T15:11:52Z</time>
   </trkpt>
   <trkpt lat="45.7571410" lon="4.7515720">
    <ele>209.2</ele>
    <time>2025-02-28T15:11:53Z</time>
   </trkpt>
   <trkpt lat="45.7571270" lon="4.7515690">
    <ele>209.2</ele>
    <time>2025-02-28T15:11:54Z</time>
   </trkpt>
   <trkpt lat="45.7570950" lon="4.7515730">
    <ele>209.2</ele>
    <time>2025-02-28T15:11:55Z</time>
   </trkpt>
   <trkpt lat="45.7570670" lon="4.7515790">
    <ele>209.2</ele>
    <time>2025-02-28T15:11:56Z</time>
   </trkpt>
   <trkpt lat="45.7570320" lon="4.7515820">
    <ele>209.4</ele>
    <time>2025-02-28T15:11:57Z</time>
   </trkpt>
   <trkpt lat="45.7569980" lon="4.7515810">
    <ele>209.7</ele>
    <time>2025-02-28T15:11:58Z</time>
   </trkpt>
   <trkpt lat="45.7569630" lon="4.7515840">
    <ele>210.0</ele>
    <time>2025-02-28T15:11:59Z</time>
   </trkpt>
   <trkpt lat="45.7569490" lon="4.7515820">
    <ele>210.1</ele>
    <time>2025-02-28T15:12:00Z</time>
   </trkpt>
   <trkpt lat="45.7569150" lon="4.7515780">
    <ele>210.3</ele>
    <time>2025-02-28T15:12:01Z</time>
   </trkpt>
   <trkpt lat="45.7569040" lon="4.7515720">
    <ele>210.4</ele>
    <time>2025-02-28T15:12:02Z</time>
   </trkpt>
   <trkpt lat="45.7568650" lon="4.7515700">
    <ele>210.7</ele>
    <time>2025-02-28T15:12:03Z</time>
   </trkpt>
   <trkpt lat="45.7568490" lon="4.7515710">
    <ele>210.8</ele>
    <time>2025-02-28T15:12:04Z</time>
   </trkpt>
   <trkpt lat="45.7568130" lon="4.7515600">
    <ele>211.1</ele>
    <time>2025-02-28T15:12:05Z</time>
   </trkpt>
   <trkpt lat="45.7568000" lon="4.7515590">
    <ele>211.2</ele>
    <time>2025-02-28T15:12:06Z</time>
   </trkpt>
   <trkpt lat="45.7567660" lon="4.7515480">
    <ele>211.5</ele>
    <time>2025-02-28T15:12:07Z</time>
   </trkpt>
   <trkpt lat="45.7567540" lon="4.7515480">
    <ele>211.6</ele>
    <time>2025-02-28T15:12:08Z</time>
   </trkpt>
   <trkpt lat="45.7567260" lon="4.7515490">
    <ele>211.9</ele>
    <time>2025-02-28T15:12:09Z</time>
   </trkpt>
   <trkpt lat="45.7567140" lon="4.7515490">
    <ele>211.9</ele>
    <time>2025-02-28T15:12:10Z</time>
   </trkpt>
   <trkpt lat="45.7566830" lon="4.7515430">
    <ele>212.2</ele>
    <time>2025-02-28T15:12:11Z</time>
   </trkpt>
   <trkpt lat="45.7566560" lon="4.7515360">
    <ele>212.4</ele>
    <time>2025-02-28T15:12:12Z</time>
   </trkpt>
   <trkpt lat="45.7566210" lon="4.7515450">
    <ele>212.7</ele>
    <time>2025-02-28T15:12:13Z</time>
   </trkpt>
   <trkpt lat="45.7566080" lon="4.7515490">
    <ele>212.8</ele>
    <time>2025-02-28T15:12:14Z</time>
   </trkpt>
   <trkpt lat="45.7565810" lon="4.7515470">
    <ele>213.0</ele>
    <time>2025-02-28T15:12:15Z</time>
   </trkpt>
   <trkpt lat="45.7565430" lon="4.7515480">
    <ele>213.4</ele>
    <time>2025-02-28T15:12:16Z</time>
   </trkpt>
   <trkpt lat="45.7565310" lon="4.7515450">
    <ele>213.5</ele>
    <time>2025-02-28T15:12:17Z</time>
   </trkpt>
   <trkpt lat="45.7564950" lon="4.7515440">
    <ele>213.7</ele>
    <time>2025-02-28T15:12:18Z</time>
   </trkpt>
   <trkpt lat="45.7564830" lon="4.7515430">
    <ele>213.8</ele>
    <time>2025-02-28T15:12:19Z</time>
   </trkpt>
   <trkpt lat="45.7564540" lon="4.7515380">
    <ele>213.9</ele>
    <time>2025-02-28T15:12:20Z</time>
   </trkpt>
   <trkpt lat="45.7564160" lon="4.7515330">
    <ele>214.0</ele>
    <time>2025-02-28T15:12:21Z</time>
   </trkpt>
   <trkpt lat="45.7564030" lon="4.7515290">
    <ele>214.0</ele>
    <time>2025-02-28T15:12:22Z</time>
   </trkpt>
   <trkpt lat="45.7563820" lon="4.7515210">
    <ele>214.1</ele>
    <time>2025-02-28T15:12:23Z</time>
   </trkpt>
   <trkpt lat="45.7563690" lon="4.7515480">
    <ele>214.1</ele>
    <time>2025-02-28T15:12:24Z</time>
   </trkpt>
   <trkpt lat="45.7563330" lon="4.7515320">
    <ele>214.2</ele>
    <time>2025-02-28T15:12:25Z</time>
   </trkpt>
   <trkpt lat="45.7563180" lon="4.7515260">
    <ele>214.3</ele>
    <time>2025-02-28T15:12:26Z</time>
   </trkpt>
   <trkpt lat="45.7562900" lon="4.7515160">
    <ele>214.3</ele>
    <time>2025-02-28T15:12:27Z</time>
   </trkpt>
   <trkpt lat="45.7562510" lon="4.7515070">
    <ele>214.4</ele>
    <time>2025-02-28T15:12:28Z</time>
   </trkpt>
   <trkpt lat="45.7562370" lon="4.7515060">
    <ele>214.5</ele>
    <time>2025-02-28T15:12:29Z</time>
   </trkpt>
   <trkpt lat="45.7562020" lon="4.7515030">
    <ele>214.6</ele>
    <time>2025-02-28T15:12:30Z</time>
   </trkpt>
   <trkpt lat="45.7561560" lon="4.7514920">
    <ele>214.7</ele>
    <time>2025-02-28T15:12:31Z</time>
   </trkpt>
   <trkpt lat="45.7561270" lon="4.7514840">
    <ele>214.8</ele>
    <time>2025-02-28T15:12:32Z</time>
   </trkpt>
   <trkpt lat="45.7561140" lon="4.7514820">
    <ele>214.8</ele>
    <time>2025-02-28T15:12:33Z</time>
   </trkpt>
   <trkpt lat="45.7560850" lon="4.7514820">
    <ele>214.9</ele>
    <time>2025-02-28T15:12:34Z</time>
   </trkpt>
   <trkpt lat="45.7560550" lon="4.7514790">
    <ele>215.0</ele>
    <time>2025-02-28T15:12:35Z</time>
   </trkpt>
   <trkpt lat="45.7560160" lon="4.7514720">
    <ele>215.0</ele>
    <time>2025-02-28T15:12:36Z</time>
   </trkpt>
   <trkpt lat="45.7560010" lon="4.7514700">
    <ele>215.1</ele>
    <time>2025-02-28T15:12:37Z</time>
   </trkpt>
   <trkpt lat="45.7559750" lon="4.7514620">
    <ele>215.1</ele>
    <time>2025-02-28T15:12:38Z</time>
   </trkpt>
   <trkpt lat="45.7559340" lon="4.7514600">
    <ele>215.2</ele>
    <time>2025-02-28T15:12:39Z</time>
   </trkpt>
   <trkpt lat="45.7559200" lon="4.7514600">
    <ele>215.3</ele>
    <time>2025-02-28T15:12:40Z</time>
   </trkpt>
   <trkpt lat="45.7558910" lon="4.7514520">
    <ele>215.3</ele>
    <time>2025-02-28T15:12:41Z</time>
   </trkpt>
   <trkpt lat="45.7558610" lon="4.7514460">
    <ele>215.4</ele>
    <time>2025-02-28T15:12:42Z</time>
   </trkpt>
   <trkpt lat="45.7558240" lon="4.7514420">
    <ele>215.5</ele>
    <time>2025-02-28T15:12:43Z</time>
   </trkpt>
   <trkpt lat="45.7557970" lon="4.7514380">
    <ele>215.5</ele>
    <time>2025-02-28T15:12:44Z</time>
   </trkpt>
   <trkpt lat="45.7557580" lon="4.7514240">
    <ele>215.6</ele>
    <time>2025-02-28T15:12:45Z</time>
   </trkpt>
   <trkpt lat="45.7557440" lon="4.7514150">
    <ele>215.6</ele>
    <time>2025-02-28T15:12:46Z</time>
   </trkpt>
   <trkpt lat="45.7557170" lon="4.7513950">
    <ele>215.7</ele>
    <time>2025-02-28T15:12:47Z</time>
   </trkpt>
   <trkpt lat="45.7557070" lon="4.7513850">
    <ele>215.7</ele>
    <time>2025-02-28T15:12:48Z</time>
   </trkpt>
   <trkpt lat="45.7556750" lon="4.7513880">
    <ele>215.8</ele>
    <time>2025-02-28T15:12:49Z</time>
   </trkpt>
   <trkpt lat="45.7556460" lon="4.7513690">
    <ele>215.9</ele>
    <time>2025-02-28T15:12:50Z</time>
   </trkpt>
   <trkpt lat="45.7556060" lon="4.7513560">
    <ele>215.9</ele>
    <time>2025-02-28T15:12:51Z</time>
   </trkpt>
   <trkpt lat="45.7555920" lon="4.7513510">
    <ele>216.0</ele>
    <time>2025-02-28T15:12:52Z</time>
   </trkpt>
   <trkpt lat="45.7555640" lon="4.7513350">
    <ele>216.0</ele>
    <time>2025-02-28T15:12:53Z</time>
   </trkpt>
   <trkpt lat="45.7555300" lon="4.7513060">
    <ele>216.0</ele>
    <time>2025-02-28T15:12:54Z</time>
   </trkpt>
   <trkpt lat="45.7555190" lon="4.7512940">
    <ele>216.1</ele>
    <time>2025-02-28T15:12:55Z</time>
   </trkpt>
   <trkpt lat="45.7554900" lon="4.7512640">
    <ele>216.1</ele>
    <time>2025-02-28T15:12:56Z</time>
   </trkpt>
   <trkpt lat="45.7554790" lon="4.7512560">
    <ele>216.1</ele>
    <time>2025-02-28T15:12:57Z</time>
   </trkpt>
   <trkpt lat="45.7554590" lon="4.7512250">
    <ele>216.2</ele>
    <time>2025-02-28T15:12:58Z</time>
   </trkpt>
   <trkpt lat="45.7554340" lon="4.7511880">
    <ele>216.2</ele>
    <time>2025-02-28T15:12:59Z</time>
   </trkpt>
   <trkpt lat="45.7554250" lon="4.7511750">
    <ele>216.3</ele>
    <time>2025-02-28T15:13:00Z</time>
   </trkpt>
   <trkpt lat="45.7554050" lon="4.7511440">
    <ele>216.3</ele>
    <time>2025-02-28T15:13:01Z</time>
   </trkpt>
   <trkpt lat="45.7553940" lon="4.7511050">
    <ele>216.3</ele>
    <time>2025-02-28T15:13:02Z</time>
   </trkpt>
   <trkpt lat="45.7553810" lon="4.7510540">
    <ele>216.4</ele>
    <time>2025-02-28T15:13:03Z</time>
   </trkpt>
   <trkpt lat="45.7553760" lon="4.7510390">
    <ele>216.4</ele>
    <time>2025-02-28T15:13:04Z</time>
   </trkpt>
   <trkpt lat="45.7553690" lon="4.7509960">
    <ele>216.5</ele>
    <time>2025-02-28T15:13:05Z</time>
   </trkpt>
   <trkpt lat="45.7553620" lon="4.7509800">
    <ele>216.5</ele>
    <time>2025-02-28T15:13:06Z</time>
   </trkpt>
   <trkpt lat="45.7553440" lon="4.7509300">
    <ele>216.6</ele>
    <time>2025-02-28T15:13:07Z</time>
   </trkpt>
   <trkpt lat="45.7553350" lon="4.7509130">
    <ele>216.6</ele>
    <time>2025-02-28T15:13:08Z</time>
   </trkpt>
   <trkpt lat="45.7553160" lon="4.7508860">
    <ele>216.7</ele>
    <time>2025-02-28T15:13:09Z</time>
   </trkpt>
   <trkpt lat="45.7553020" lon="4.7508420">
    <ele>216.8</ele>
    <time>2025-02-28T15:13:10Z</time>
   </trkpt>
   <trkpt lat="45.7552920" lon="4.7507910">
    <ele>216.9</ele>
    <time>2025-02-28T15:13:11Z</time>
   </trkpt>
   <trkpt lat="45.7552900" lon="4.7507730">
    <ele>216.9</ele>
    <time>2025-02-28T15:13:12Z</time>
   </trkpt>
   <trkpt lat="45.7552710" lon="4.7507320">
    <ele>217.0</ele>
    <time>2025-02-28T15:13:13Z</time>
   </trkpt>
   <trkpt lat="45.7552570" lon="4.7506910">
    <ele>217.1</ele>
    <time>2025-02-28T15:13:14Z</time>
   </trkpt>
   <trkpt lat="45.7552510" lon="4.7506780">
    <ele>217.2</ele>
    <time>2025-02-28T15:13:15Z</time>
   </trkpt>
   <trkpt lat="45.7552310" lon="4.7506310">
    <ele>217.3</ele>
    <time>2025-02-28T15:13:16Z</time>
   </trkpt>
   <trkpt lat="45.7552210" lon="4.7506200">
    <ele>217.4</ele>
    <time>2025-02-28T15:13:17Z</time>
   </trkpt>
   <trkpt lat="45.7552010" lon="4.7505910">
    <ele>217.5</ele>
    <time>2025-02-28T15:13:18Z</time>
   </trkpt>
   <trkpt lat="45.7551790" lon="4.7505620">
    <ele>217.5</ele>
    <time>2025-02-28T15:13:19Z</time>
   </trkpt>
   <trkpt lat="45.7551490" lon="4.7505400">
    <ele>217.5</ele>
    <time>2025-02-28T15:13:20Z</time>
   </trkpt>
   <trkpt lat="45.7551180" lon="4.7505070">
    <ele>217.6</ele>
    <time>2025-02-28T15:13:21Z</time>
   </trkpt>
   <trkpt lat="45.7551060" lon="4.7504960">
    <ele>217.6</ele>
    <time>2025-02-28T15:13:22Z</time>
   </trkpt>
   <trkpt lat="45.7550730" lon="4.7504780">
    <ele>217.7</ele>
    <time>2025-02-28T15:13:23Z</time>
   </trkpt>
   <trkpt lat="45.7550630" lon="4.7504740">
    <ele>217.7</ele>
    <time>2025-02-28T15:13:24Z</time>
   </trkpt>
   <trkpt lat="45.7550320" lon="4.7504610">
    <ele>217.9</ele>
    <time>2025-02-28T15:13:25Z</time>
   </trkpt>
   <trkpt lat="45.7550210" lon="4.7504560">
    <ele>217.9</ele>
    <time>2025-02-28T15:13:26Z</time>
   </trkpt>
   <trkpt lat="45.7549970" lon="4.7504450">
    <ele>218.0</ele>
    <time>2025-02-28T15:13:27Z</time>
   </trkpt>
   <trkpt lat="45.7549730" lon="4.7504290">
    <ele>218.1</ele>
    <time>2025-02-28T15:13:29Z</time>
   </trkpt>
   <trkpt lat="45.7549420" lon="4.7504210">
    <ele>218.2</ele>
    <time>2025-02-28T15:13:30Z</time>
   </trkpt>
   <trkpt lat="45.7549320" lon="4.7504210">
    <ele>218.2</ele>
    <time>2025-02-28T15:13:31Z</time>
   </trkpt>
   <trkpt lat="45.7549050" lon="4.7504150">
    <ele>218.3</ele>
    <time>2025-02-28T15:13:32Z</time>
   </trkpt>
   <trkpt lat="45.7548760" lon="4.7503960">
    <ele>218.4</ele>
    <time>2025-02-28T15:13:33Z</time>
   </trkpt>
   <trkpt lat="45.7548680" lon="4.7503950">
    <ele>218.5</ele>
    <time>2025-02-28T15:13:34Z</time>
   </trkpt>
   <trkpt lat="45.7548360" lon="4.7503930">
    <ele>218.6</ele>
    <time>2025-02-28T15:13:35Z</time>
   </trkpt>
   <trkpt lat="45.7548240" lon="4.7503870">
    <ele>218.7</ele>
    <time>2025-02-28T15:13:36Z</time>
   </trkpt>
   <trkpt lat="45.7547980" lon="4.7503990">
    <ele>218.8</ele>
    <time>2025-02-28T15:13:37Z</time>
   </trkpt>
   <trkpt lat="45.7547620" lon="4.7503910">
    <ele>219.0</ele>
    <time>2025-02-28T15:13:38Z</time>
   </trkpt>
   <trkpt lat="45.7547510" lon="4.7503940">
    <ele>219.0</ele>
    <time>2025-02-28T15:13:39Z</time>
   </trkpt>
   <trkpt lat="45.7547170" lon="4.7504040">
    <ele>219.2</ele>
    <time>2025-02-28T15:13:40Z</time>
   </trkpt>
   <trkpt lat="45.7547090" lon="4.7504030">
    <ele>219.3</ele>
    <time>2025-02-28T15:13:41Z</time>
   </trkpt>
   <trkpt lat="45.7546720" lon="4.7504070">
    <ele>219.5</ele>
    <time>2025-02-28T15:13:42Z</time>
   </trkpt>
   <trkpt lat="45.7546580" lon="4.7504040">
    <ele>219.6</ele>
    <time>2025-02-28T15:13:43Z</time>
   </trkpt>
   <trkpt lat="45.7546310" lon="4.7503970">
    <ele>219.7</ele>
    <time>2025-02-28T15:13:44Z</time>
   </trkpt>
   <trkpt lat="45.7545970" lon="4.7504020">
    <ele>219.9</ele>
    <time>2025-02-28T15:13:45Z</time>
   </trkpt>
   <trkpt lat="45.7545850" lon="4.7504010">
    <ele>220.0</ele>
    <time>2025-02-28T15:13:46Z</time>
   </trkpt>
   <trkpt lat="45.7545600" lon="4.7504160">
    <ele>220.2</ele>
    <time>2025-02-28T15:13:47Z</time>
   </trkpt>
   <trkpt lat="45.7545480" lon="4.7504130">
    <ele>220.3</ele>
    <time>2025-02-28T15:13:48Z</time>
   </trkpt>
   <trkpt lat="45.7545150" lon="4.7504090">
    <ele>220.5</ele>
    <time>2025-02-28T15:13:49Z</time>
   </trkpt>
   <trkpt lat="45.7545050" lon="4.7504080">
    <ele>220.6</ele>
    <time>2025-02-28T15:13:50Z</time>
   </trkpt>
   <trkpt lat="45.7544750" lon="4.7503900">
    <ele>220.8</ele>
    <time>2025-02-28T15:13:51Z</time>
   </trkpt>
   <trkpt lat="45.7544640" lon="4.7503870">
    <ele>220.9</ele>
    <time>2025-02-28T15:13:52Z</time>
   </trkpt>
   <trkpt lat="45.7544310" lon="4.7503830">
    <ele>221.1</ele>
    <time>2025-02-28T15:13:53Z</time>
   </trkpt>
   <trkpt lat="45.7544220" lon="4.7503820">
    <ele>221.1</ele>
    <time>2025-02-28T15:13:54Z</time>
   </trkpt>
   <trkpt lat="45.7543900" lon="4.7503980">
    <ele>221.4</ele>
    <time>2025-02-28T15:13:55Z</time>
   </trkpt>
   <trkpt lat="45.7543790" lon="4.7504020">
    <ele>221.4</ele>
    <time>2025-02-28T15:13:56Z</time>
   </trkpt>
   <trkpt lat="45.7543440" lon="4.7503880">
    <ele>221.7</ele>
    <time>2025-02-28T15:13:57Z</time>
   </trkpt>
   <trkpt lat="45.7543340" lon="4.7503750">
    <ele>221.8</ele>
    <time>2025-02-28T15:13:58Z</time>
   </trkpt>
   <trkpt lat="45.7543150" lon="4.7503310">
    <ele>222.0</ele>
    <time>2025-02-28T15:13:59Z</time>
   </trkpt>
   <trkpt lat="45.7543080" lon="4.7503160">
    <ele>222.1</ele>
    <time>2025-02-28T15:14:00Z</time>
   </trkpt>
   <trkpt lat="45.7543020" lon="4.7502710">
    <ele>222.3</ele>
    <time>2025-02-28T15:14:01Z</time>
   </trkpt>
   <trkpt lat="45.7543010" lon="4.7502570">
    <ele>222.4</ele>
    <time>2025-02-28T15:14:02Z</time>
   </trkpt>
   <trkpt lat="45.7542930" lon="4.7502070">
    <ele>222.7</ele>
    <time>2025-02-28T15:14:03Z</time>
   </trkpt>
   <trkpt lat="45.7542900" lon="4.7501940">
    <ele>222.7</ele>
    <time>2025-02-28T15:14:04Z</time>
   </trkpt>
   <trkpt lat="45.7542640" lon="4.7501720">
    <ele>223.0</ele>
    <time>2025-02-28T15:14:05Z</time>
   </trkpt>
   <trkpt lat="45.7542460" lon="4.7501280">
    <ele>223.2</ele>
    <time>2025-02-28T15:14:06Z</time>
   </trkpt>
   <trkpt lat="45.7542370" lon="4.7501140">
    <ele>223.3</ele>
    <time>2025-02-28T15:14:07Z</time>
   </trkpt>
   <trkpt lat="45.7542210" lon="4.7500650">
    <ele>223.6</ele>
    <time>2025-02-28T15:14:08Z</time>
   </trkpt>
   <trkpt lat="45.7542180" lon="4.7500490">
    <ele>223.7</ele>
    <time>2025-02-28T15:14:09Z</time>
   </trkpt>
   <trkpt lat="45.7542120" lon="4.7500080">
    <ele>223.9</ele>
    <time>2025-02-28T15:14:10Z</time>
   </trkpt>
   <trkpt lat="45.7542080" lon="4.7499980">
    <ele>224.0</ele>
    <time>2025-02-28T15:14:11Z</time>
   </trkpt>
   <trkpt lat="45.7541850" lon="4.7499730">
    <ele>224.2</ele>
    <time>2025-02-28T15:14:12Z</time>
   </trkpt>
   <trkpt lat="45.7541660" lon="4.7499330">
    <ele>224.5</ele>
    <time>2025-02-28T15:14:13Z</time>
   </trkpt>
   <trkpt lat="45.7541570" lon="4.7499200">
    <ele>224.6</ele>
    <time>2025-02-28T15:14:14Z</time>
   </trkpt>
   <trkpt lat="45.7541450" lon="4.7498770">
    <ele>224.9</ele>
    <time>2025-02-28T15:14:15Z</time>
   </trkpt>
   <trkpt lat="45.7541410" lon="4.7498630">
    <ele>225.0</ele>
    <time>2025-02-28T15:14:16Z</time>
   </trkpt>
   <trkpt lat="45.7541330" lon="4.7498290">
    <ele>225.2</ele>
    <time>2025-02-28T15:14:17Z</time>
   </trkpt>
   <trkpt lat="45.7541240" lon="4.7498160">
    <ele>225.3</ele>
    <time>2025-02-28T15:14:18Z</time>
   </trkpt>
   <trkpt lat="45.7541070" lon="4.7497850">
    <ele>225.5</ele>
    <time>2025-02-28T15:14:19Z</time>
   </trkpt>
   <trkpt lat="45.7540940" lon="4.7497380">
    <ele>225.8</ele>
    <time>2025-02-28T15:14:20Z</time>
   </trkpt>
   <trkpt lat="45.7540920" lon="4.7497220">
    <ele>225.9</ele>
    <time>2025-02-28T15:14:21Z</time>
   </trkpt>
   <trkpt lat="45.7540780" lon="4.7496750">
    <ele>226.4</ele>
    <time>2025-02-28T15:14:22Z</time>
   </trkpt>
   <trkpt lat="45.7540740" lon="4.7496640">
    <ele>226.5</ele>
    <time>2025-02-28T15:14:23Z</time>
   </trkpt>
   <trkpt lat="45.7540600" lon="4.7496270">
    <ele>226.9</ele>
    <time>2025-02-28T15:14:24Z</time>
   </trkpt>
   <trkpt lat="45.7540560" lon="4.7496150">
    <ele>227.0</ele>
    <time>2025-02-28T15:14:25Z</time>
   </trkpt>
   <trkpt lat="45.7540380" lon="4.7495720">
    <ele>227.6</ele>
    <time>2025-02-28T15:14:26Z</time>
   </trkpt>
   <trkpt lat="45.7540300" lon="4.7495560">
    <ele>227.8</ele>
    <time>2025-02-28T15:14:27Z</time>
   </trkpt>
   <trkpt lat="45.7540090" lon="4.7495260">
    <ele>228.2</ele>
    <time>2025-02-28T15:14:28Z</time>
   </trkpt>
   <trkpt lat="45.7540010" lon="4.7495170">
    <ele>228.3</ele>
    <time>2025-02-28T15:14:29Z</time>
   </trkpt>
   <trkpt lat="45.7539930" lon="4.7494750">
    <ele>228.8</ele>
    <time>2025-02-28T15:14:30Z</time>
   </trkpt>
   <trkpt lat="45.7539890" lon="4.7494640">
    <ele>228.9</ele>
    <time>2025-02-28T15:14:31Z</time>
   </trkpt>
   <trkpt lat="45.7539730" lon="4.7494240">
    <ele>229.4</ele>
    <time>2025-02-28T15:14:32Z</time>
   </trkpt>
   <trkpt lat="45.7539670" lon="4.7494100">
    <ele>229.6</ele>
    <time>2025-02-28T15:14:33Z</time>
   </trkpt>
   <trkpt lat="45.7539460" lon="4.7493690">
    <ele>230.1</ele>
    <time>2025-02-28T15:14:34Z</time>
   </trkpt>
   <trkpt lat="45.7539370" lon="4.7493570">
    <ele>230.3</ele>
    <time>2025-02-28T15:14:35Z</time>
   </trkpt>
   <trkpt lat="45.7539350" lon="4.7493330">
    <ele>230.6</ele>
    <time>2025-02-28T15:14:36Z</time>
   </trkpt>
   <trkpt lat="45.7539290" lon="4.7492840">
    <ele>231.1</ele>
    <time>2025-02-28T15:14:37Z</time>
   </trkpt>
   <trkpt lat="45.7539190" lon="4.7492640">
    <ele>231.3</ele>
    <time>2025-02-28T15:14:38Z</time>
   </trkpt>
   <trkpt lat="45.7539030" lon="4.7492310">
    <ele>231.8</ele>
    <time>2025-02-28T15:14:39Z</time>
   </trkpt>
   <trkpt lat="45.7538960" lon="4.7492220">
    <ele>231.9</ele>
    <time>2025-02-28T15:14:40Z</time>
   </trkpt>
   <trkpt lat="45.7538880" lon="4.7491810">
    <ele>232.4</ele>
    <time>2025-02-28T15:14:41Z</time>
   </trkpt>
   <trkpt lat="45.7538880" lon="4.7491640">
    <ele>232.5</ele>
    <time>2025-02-28T15:14:42Z</time>
   </trkpt>
   <trkpt lat="45.7538640" lon="4.7491260">
    <ele>233.1</ele>
    <time>2025-02-28T15:14:43Z</time>
   </trkpt>
   <trkpt lat="45.7538540" lon="4.7491160">
    <ele>233.3</ele>
    <time>2025-02-28T15:14:44Z</time>
   </trkpt>
   <trkpt lat="45.7538380" lon="4.7490780">
    <ele>233.3</ele>
    <time>2025-02-28T15:14:45Z</time>
   </trkpt>
   <trkpt lat="45.7538320" lon="4.7490630">
    <ele>233.2</ele>
    <time>2025-02-28T15:14:46Z</time>
   </trkpt>
   <trkpt lat="45.7538170" lon="4.7490250">
    <ele>233.5</ele>
    <time>2025-02-28T15:14:47Z</time>
   </trkpt>
   <trkpt lat="45.7538090" lon="4.7490130">
    <ele>233.6</ele>
    <time>2025-02-28T15:14:48Z</time>
   </trkpt>
   <trkpt lat="45.7537960" lon="4.7490050">
    <ele>233.8</ele>
    <time>2025-02-28T15:14:49Z</time>
   </trkpt>
   <trkpt lat="45.7537820" lon="4.7489900">
    <ele>234.0</ele>
    <time>2025-02-28T15:14:50Z</time>
   </trkpt>
   <trkpt lat="45.7537750" lon="4.7489390">
    <ele>234.5</ele>
    <time>2025-02-28T15:14:51Z</time>
   </trkpt>
   <trkpt lat="45.7537740" lon="4.7489200">
    <ele>234.7</ele>
    <time>2025-02-28T15:14:52Z</time>
   </trkpt>
   <trkpt lat="45.7537620" lon="4.7488860">
    <ele>235.0</ele>
    <time>2025-02-28T15:14:54Z</time>
   </trkpt>
   <trkpt lat="45.7537600" lon="4.7488690">
    <ele>235.2</ele>
    <time>2025-02-28T15:14:55Z</time>
   </trkpt>
   <trkpt lat="45.7537530" lon="4.7488170">
    <ele>235.7</ele>
    <time>2025-02-28T15:14:56Z</time>
   </trkpt>
   <trkpt lat="45.7537480" lon="4.7488010">
    <ele>235.8</ele>
    <time>2025-02-28T15:14:57Z</time>
   </trkpt>
   <trkpt lat="45.7537430" lon="4.7487590">
    <ele>236.2</ele>
    <time>2025-02-28T15:14:58Z</time>
   </trkpt>
   <trkpt lat="45.7537420" lon="4.7487480">
    <ele>236.3</ele>
    <time>2025-02-28T15:14:59Z</time>
   </trkpt>
   <trkpt lat="45.7537210" lon="4.7487180">
    <ele>236.7</ele>
    <time>2025-02-28T15:15:00Z</time>
   </trkpt>
   <trkpt lat="45.7537100" lon="4.7487060">
    <ele>236.9</ele>
    <time>2025-02-28T15:15:01Z</time>
   </trkpt>
   <trkpt lat="45.7536910" lon="4.7486790">
    <ele>237.2</ele>
    <time>2025-02-28T15:15:02Z</time>
   </trkpt>
   <trkpt lat="45.7536830" lon="4.7486710">
    <ele>237.4</ele>
    <time>2025-02-28T15:15:03Z</time>
   </trkpt>
   <trkpt lat="45.7536760" lon="4.7486320">
    <ele>237.8</ele>
    <time>2025-02-28T15:15:04Z</time>
   </trkpt>
   <trkpt lat="45.7536720" lon="4.7486150">
    <ele>237.9</ele>
    <time>2025-02-28T15:15:05Z</time>
   </trkpt>
   <trkpt lat="45.7536440" lon="4.7485810">
    <ele>238.4</ele>
    <time>2025-02-28T15:15:06Z</time>
   </trkpt>
   <trkpt lat="45.7536370" lon="4.7485720">
    <ele>238.6</ele>
    <time>2025-02-28T15:15:07Z</time>
   </trkpt>
   <trkpt lat="45.7536240" lon="4.7485540">
    <ele>238.8</ele>
    <time>2025-02-28T15:15:08Z</time>
   </trkpt>
   <trkpt lat="45.7536150" lon="4.7485360">
    <ele>239.0</ele>
    <time>2025-02-28T15:15:09Z</time>
   </trkpt>
   <trkpt lat="45.7536040" lon="4.7485130">
    <ele>239.3</ele>
    <time>2025-02-28T15:15:10Z</time>
   </trkpt>
   <trkpt lat="45.7536050" lon="4.7484940">
    <ele>239.5</ele>
    <time>2025-02-28T15:15:11Z</time>
   </trkpt>
   <trkpt lat="45.7536000" lon="4.7484540">
    <ele>239.9</ele>
    <time>2025-02-28T15:15:12Z</time>
   </trkpt>
   <trkpt lat="45.7535980" lon="4.7484400">
    <ele>240.0</ele>
    <time>2025-02-28T15:15:13Z</time>
   </trkpt>
   <trkpt lat="45.7535930" lon="4.7484160">
    <ele>240.3</ele>
    <time>2025-02-28T15:15:14Z</time>
   </trkpt>
   <trkpt lat="45.7535830" lon="4.7483970">
    <ele>240.5</ele>
    <time>2025-02-28T15:15:15Z</time>
   </trkpt>
   <trkpt lat="45.7535710" lon="4.7483790">
    <ele>240.8</ele>
    <time>2025-02-28T15:15:16Z</time>
   </trkpt>
   <trkpt lat="45.7535650" lon="4.7483540">
    <ele>241.0</ele>
    <time>2025-02-28T15:15:17Z</time>
   </trkpt>
   <trkpt lat="45.7535520" lon="4.7483140">
    <ele>241.5</ele>
    <time>2025-02-28T15:15:18Z</time>
   </trkpt>
   <trkpt lat="45.7535450" lon="4.7483040">
    <ele>241.6</ele>
    <time>2025-02-28T15:15:19Z</time>
   </trkpt>
   <trkpt lat="45.7535280" lon="4.7482700">
    <ele>242.0</ele>
    <time>2025-02-28T15:15:20Z</time>
   </trkpt>
   <trkpt lat="45.7535210" lon="4.7482570">
    <ele>242.2</ele>
    <time>2025-02-28T15:15:21Z</time>
   </trkpt>
   <trkpt lat="45.7535150" lon="4.7482370">
    <ele>242.4</ele>
    <time>2025-02-28T15:15:22Z</time>
   </trkpt>
   <trkpt lat="45.7535070" lon="4.7482160">
    <ele>242.7</ele>
    <time>2025-02-28T15:15:23Z</time>
   </trkpt>
   <trkpt lat="45.7535010" lon="4.7481930">
    <ele>242.9</ele>
    <time>2025-02-28T15:15:24Z</time>
   </trkpt>
   <trkpt lat="45.7534880" lon="4.7481760">
    <ele>243.2</ele>
    <time>2025-02-28T15:15:25Z</time>
   </trkpt>
   <trkpt lat="45.7534740" lon="4.7481380">
    <ele>243.7</ele>
    <time>2025-02-28T15:15:26Z</time>
   </trkpt>
   <trkpt lat="45.7534690" lon="4.7481240">
    <ele>243.8</ele>
    <time>2025-02-28T15:15:27Z</time>
   </trkpt>
   <trkpt lat="45.7534510" lon="4.7480870">
    <ele>244.3</ele>
    <time>2025-02-28T15:15:28Z</time>
   </trkpt>
   <trkpt lat="45.7534380" lon="4.7480830">
    <ele>244.5</ele>
    <time>2025-02-28T15:15:29Z</time>
   </trkpt>
   <trkpt lat="45.7534300" lon="4.7480330">
    <ele>245.0</ele>
    <time>2025-02-28T15:15:30Z</time>
   </trkpt>
   <trkpt lat="45.7534260" lon="4.7480170">
    <ele>245.2</ele>
    <time>2025-02-28T15:15:31Z</time>
   </trkpt>
   <trkpt lat="45.7534150" lon="4.7479960">
    <ele>245.5</ele>
    <time>2025-02-28T15:15:32Z</time>
   </trkpt>
   <trkpt lat="45.7534050" lon="4.7479760">
    <ele>245.7</ele>
    <time>2025-02-28T15:15:33Z</time>
   </trkpt>
   <trkpt lat="45.7533940" lon="4.7479410">
    <ele>246.1</ele>
    <time>2025-02-28T15:15:34Z</time>
   </trkpt>
   <trkpt lat="45.7533900" lon="4.7479270">
    <ele>246.3</ele>
    <time>2025-02-28T15:15:35Z</time>
   </trkpt>
   <trkpt lat="45.7533730" lon="4.7478850">
    <ele>246.8</ele>
    <time>2025-02-28T15:15:36Z</time>
   </trkpt>
   <trkpt lat="45.7533640" lon="4.7478770">
    <ele>247.0</ele>
    <time>2025-02-28T15:15:37Z</time>
   </trkpt>
   <trkpt lat="45.7533460" lon="4.7478490">
    <ele>247.4</ele>
    <time>2025-02-28T15:15:38Z</time>
   </trkpt>
   <trkpt lat="45.7533380" lon="4.7478410">
    <ele>247.5</ele>
    <time>2025-02-28T15:15:39Z</time>
   </trkpt>
   <trkpt lat="45.7533180" lon="4.7478130">
    <ele>247.9</ele>
    <time>2025-02-28T15:15:40Z</time>
   </trkpt>
   <trkpt lat="45.7533080" lon="4.7477990">
    <ele>248.1</ele>
    <time>2025-02-28T15:15:41Z</time>
   </trkpt>
   <trkpt lat="45.7533000" lon="4.7477690">
    <ele>248.4</ele>
    <time>2025-02-28T15:15:42Z</time>
   </trkpt>
   <trkpt lat="45.7532920" lon="4.7477200">
    <ele>248.7</ele>
    <time>2025-02-28T15:15:43Z</time>
   </trkpt>
   <trkpt lat="45.7532880" lon="4.7477060">
    <ele>248.7</ele>
    <time>2025-02-28T15:15:44Z</time>
   </trkpt>
   <trkpt lat="45.7532840" lon="4.7476750">
    <ele>248.7</ele>
    <time>2025-02-28T15:15:45Z</time>
   </trkpt>
   <trkpt lat="45.7532730" lon="4.7476680">
    <ele>248.8</ele>
    <time>2025-02-28T15:15:46Z</time>
   </trkpt>
   <trkpt lat="45.7532610" lon="4.7476230">
    <ele>249.3</ele>
    <time>2025-02-28T15:15:47Z</time>
   </trkpt>
   <trkpt lat="45.7532560" lon="4.7476080">
    <ele>249.4</ele>
    <time>2025-02-28T15:15:48Z</time>
   </trkpt>
   <trkpt lat="45.7532400" lon="4.7475680">
    <ele>249.9</ele>
    <time>2025-02-28T15:15:49Z</time>
   </trkpt>
   <trkpt lat="45.7532360" lon="4.7475550">
    <ele>250.0</ele>
    <time>2025-02-28T15:15:50Z</time>
   </trkpt>
   <trkpt lat="45.7532160" lon="4.7475230">
    <ele>250.4</ele>
    <time>2025-02-28T15:15:51Z</time>
   </trkpt>
   <trkpt lat="45.7532100" lon="4.7475120">
    <ele>250.6</ele>
    <time>2025-02-28T15:15:52Z</time>
   </trkpt>
   <trkpt lat="45.7531920" lon="4.7474710">
    <ele>251.0</ele>
    <time>2025-02-28T15:15:53Z</time>
   </trkpt>
   <trkpt lat="45.7531880" lon="4.7474560">
    <ele>251.2</ele>
    <time>2025-02-28T15:15:54Z</time>
   </trkpt>
   <trkpt lat="45.7531730" lon="4.7474250">
    <ele>251.5</ele>
    <time>2025-02-28T15:15:55Z</time>
   </trkpt>
   <trkpt lat="45.7531660" lon="4.7474120">
    <ele>251.7</ele>
    <time>2025-02-28T15:15:56Z</time>
   </trkpt>
   <trkpt lat="45.7531430" lon="4.7473770">
    <ele>252.1</ele>
    <time>2025-02-28T15:15:57Z</time>
   </trkpt>
   <trkpt lat="45.7531350" lon="4.7473660">
    <ele>252.3</ele>
    <time>2025-02-28T15:15:58Z</time>
   </trkpt>
   <trkpt lat="45.7531240" lon="4.7473240">
    <ele>252.7</ele>
    <time>2025-02-28T15:15:59Z</time>
   </trkpt>
   <trkpt lat="45.7531160" lon="4.7473120">
    <ele>252.8</ele>
    <time>2025-02-28T15:16:00Z</time>
   </trkpt>
   <trkpt lat="45.7530990" lon="4.7472650">
    <ele>253.3</ele>
    <time>2025-02-28T15:16:01Z</time>
   </trkpt>
   <trkpt lat="45.7530920" lon="4.7472500">
    <ele>253.5</ele>
    <time>2025-02-28T15:16:02Z</time>
   </trkpt>
   <trkpt lat="45.7530880" lon="4.7471930">
    <ele>254.0</ele>
    <time>2025-02-28T15:16:03Z</time>
   </trkpt>
   <trkpt lat="45.7530840" lon="4.7471750">
    <ele>254.2</ele>
    <time>2025-02-28T15:16:04Z</time>
   </trkpt>
   <trkpt lat="45.7530630" lon="4.7471380">
    <ele>254.7</ele>
    <time>2025-02-28T15:16:05Z</time>
   </trkpt>
   <trkpt lat="45.7530610" lon="4.7471260">
    <ele>254.8</ele>
    <time>2025-02-28T15:16:06Z</time>
   </trkpt>
   <trkpt lat="45.7530380" lon="4.7470870">
    <ele>255.3</ele>
    <time>2025-02-28T15:16:07Z</time>
   </trkpt>
   <trkpt lat="45.7530320" lon="4.7470730">
    <ele>255.4</ele>
    <time>2025-02-28T15:16:08Z</time>
   </trkpt>
   <trkpt lat="45.7530240" lon="4.7470600">
    <ele>255.6</ele>
    <time>2025-02-28T15:16:09Z</time>
   </trkpt>
   <trkpt lat="45.7530120" lon="4.7470350">
    <ele>255.8</ele>
    <time>2025-02-28T15:16:10Z</time>
   </trkpt>
   <trkpt lat="45.7530010" lon="4.7470170">
    <ele>256.0</ele>
    <time>2025-02-28T15:16:11Z</time>
   </trkpt>
   <trkpt lat="45.7529880" lon="4.7469970">
    <ele>256.3</ele>
    <time>2025-02-28T15:16:12Z</time>
   </trkpt>
   <trkpt lat="45.7529760" lon="4.7469450">
    <ele>256.7</ele>
    <time>2025-02-28T15:16:13Z</time>
   </trkpt>
   <trkpt lat="45.7529730" lon="4.7469280">
    <ele>256.9</ele>
    <time>2025-02-28T15:16:14Z</time>
   </trkpt>
   <trkpt lat="45.7529550" lon="4.7468770">
    <ele>257.3</ele>
    <time>2025-02-28T15:16:15Z</time>
   </trkpt>
   <trkpt lat="45.7529480" lon="4.7468620">
    <ele>257.5</ele>
    <time>2025-02-28T15:16:16Z</time>
   </trkpt>
   <trkpt lat="45.7529300" lon="4.7468190">
    <ele>257.9</ele>
    <time>2025-02-28T15:16:17Z</time>
   </trkpt>
   <trkpt lat="45.7529230" lon="4.7468060">
    <ele>258.0</ele>
    <time>2025-02-28T15:16:18Z</time>
   </trkpt>
   <trkpt lat="45.7529240" lon="4.7467540">
    <ele>258.4</ele>
    <time>2025-02-28T15:16:19Z</time>
   </trkpt>
   <trkpt lat="45.7529230" lon="4.7467350">
    <ele>258.5</ele>
    <time>2025-02-28T15:16:20Z</time>
   </trkpt>
   <trkpt lat="45.7528990" lon="4.7466930">
    <ele>258.9</ele>
    <time>2025-02-28T15:16:21Z</time>
   </trkpt>
   <trkpt lat="45.7528900" lon="4.7466800">
    <ele>259.1</ele>
    <time>2025-02-28T15:16:22Z</time>
   </trkpt>
   <trkpt lat="45.7528710" lon="4.7466440">
    <ele>259.4</ele>
    <time>2025-02-28T15:16:23Z</time>
   </trkpt>
   <trkpt lat="45.7528590" lon="4.7466380">
    <ele>259.6</ele>
    <time>2025-02-28T15:16:24Z</time>
   </trkpt>
   <trkpt lat="45.7528500" lon="4.7465950">
    <ele>259.9</ele>
    <time>2025-02-28T15:16:25Z</time>
   </trkpt>
   <trkpt lat="45.7528480" lon="4.7465790">
    <ele>260.0</ele>
    <time>2025-02-28T15:16:26Z</time>
   </trkpt>
   <trkpt lat="45.7528240" lon="4.7465400">
    <ele>260.4</ele>
    <time>2025-02-28T15:16:27Z</time>
   </trkpt>
   <trkpt lat="45.7528140" lon="4.7465320">
    <ele>260.5</ele>
    <time>2025-02-28T15:16:28Z</time>
   </trkpt>
   <trkpt lat="45.7527840" lon="4.7464960">
    <ele>260.9</ele>
    <time>2025-02-28T15:16:29Z</time>
   </trkpt>
   <trkpt lat="45.7527720" lon="4.7464850">
    <ele>261.1</ele>
    <time>2025-02-28T15:16:30Z</time>
   </trkpt>
   <trkpt lat="45.7527550" lon="4.7464480">
    <ele>261.4</ele>
    <time>2025-02-28T15:16:31Z</time>
   </trkpt>
   <trkpt lat="45.7527510" lon="4.7464320">
    <ele>261.5</ele>
    <time>2025-02-28T15:16:32Z</time>
   </trkpt>
   <trkpt lat="45.7527400" lon="4.7463880">
    <ele>261.8</ele>
    <time>2025-02-28T15:16:33Z</time>
   </trkpt>
   <trkpt lat="45.7527330" lon="4.7463760">
    <ele>261.9</ele>
    <time>2025-02-28T15:16:34Z</time>
   </trkpt>
   <trkpt lat="45.7527100" lon="4.7463420">
    <ele>262.2</ele>
    <time>2025-02-28T15:16:35Z</time>
   </trkpt>
   <trkpt lat="45.7527030" lon="4.7463330">
    <ele>262.2</ele>
    <time>2025-02-28T15:16:36Z</time>
   </trkpt>
   <trkpt lat="45.7526750" lon="4.7462980">
    <ele>262.5</ele>
    <time>2025-02-28T15:16:37Z</time>
   </trkpt>
   <trkpt lat="45.7526630" lon="4.7462920">
    <ele>262.6</ele>
    <time>2025-02-28T15:16:38Z</time>
   </trkpt>
   <trkpt lat="45.7526560" lon="4.7462400">
    <ele>262.9</ele>
    <time>2025-02-28T15:16:39Z</time>
   </trkpt>
   <trkpt lat="45.7526500" lon="4.7462250">
    <ele>263.0</ele>
    <time>2025-02-28T15:16:40Z</time>
   </trkpt>
   <trkpt lat="45.7526330" lon="4.7461790">
    <ele>263.1</ele>
    <time>2025-02-28T15:16:41Z</time>
   </trkpt>
   <trkpt lat="45.7526240" lon="4.7461680">
    <ele>263.1</ele>
    <time>2025-02-28T15:16:42Z</time>
   </trkpt>
   <trkpt lat="45.7526000" lon="4.7461490">
    <ele>263.1</ele>
    <time>2025-02-28T15:16:43Z</time>
   </trkpt>
   <trkpt lat="45.7525850" lon="4.7461150">
    <ele>263.1</ele>
    <time>2025-02-28T15:16:44Z</time>
   </trkpt>
   <trkpt lat="45.7525570" lon="4.7460830">
    <ele>263.2</ele>
    <time>2025-02-28T15:16:45Z</time>
   </trkpt>
   <trkpt lat="45.7525470" lon="4.7460730">
    <ele>263.2</ele>
    <time>2025-02-28T15:16:46Z</time>
   </trkpt>
   <trkpt lat="45.7525160" lon="4.7460510">
    <ele>263.3</ele>
    <time>2025-02-28T15:16:47Z</time>
   </trkpt>
   <trkpt lat="45.7525070" lon="4.7460440">
    <ele>263.3</ele>
    <time>2025-02-28T15:16:48Z</time>
   </trkpt>
   <trkpt lat="45.7524710" lon="4.7460240">
    <ele>263.4</ele>
    <time>2025-02-28T15:16:49Z</time>
   </trkpt>
   <trkpt lat="45.7524570" lon="4.7460190">
    <ele>263.4</ele>
    <time>2025-02-28T15:16:50Z</time>
   </trkpt>
   <trkpt lat="45.7524230" lon="4.7460270">
    <ele>263.4</ele>
    <time>2025-02-28T15:16:51Z</time>
   </trkpt>
   <trkpt lat="45.7523860" lon="4.7460090">
    <ele>263.5</ele>
    <time>2025-02-28T15:16:52Z</time>
   </trkpt>
   <trkpt lat="45.7523720" lon="4.7460010">
    <ele>263.5</ele>
    <time>2025-02-28T15:16:53Z</time>
   </trkpt>
   <trkpt lat="45.7523340" lon="4.7459820">
    <ele>263.5</ele>
    <time>2025-02-28T15:16:54Z</time>
   </trkpt>
   <trkpt lat="45.7523220" lon="4.7459730">
    <ele>263.4</ele>
    <time>2025-02-28T15:16:55Z</time>
   </trkpt>
   <trkpt lat="45.7522960" lon="4.7459530">
    <ele>263.4</ele>
    <time>2025-02-28T15:16:56Z</time>
   </trkpt>
   <trkpt lat="45.7522680" lon="4.7459410">
    <ele>263.4</ele>
    <time>2025-02-28T15:16:57Z</time>
   </trkpt>
   <trkpt lat="45.7522400" lon="4.7459260">
    <ele>263.4</ele>
    <time>2025-02-28T15:16:58Z</time>
   </trkpt>
   <trkpt lat="45.7522130" lon="4.7459120">
    <ele>263.4</ele>
    <time>2025-02-28T15:16:59Z</time>
   </trkpt>
   <trkpt lat="45.7521800" lon="4.7458770">
    <ele>263.4</ele>
    <time>2025-02-28T15:17:00Z</time>
   </trkpt>
   <trkpt lat="45.7521690" lon="4.7458650">
    <ele>263.4</ele>
    <time>2025-02-28T15:17:01Z</time>
   </trkpt>
   <trkpt lat="45.7521440" lon="4.7458450">
    <ele>263.3</ele>
    <time>2025-02-28T15:17:02Z</time>
   </trkpt>
   <trkpt lat="45.7521050" lon="4.7458290">
    <ele>263.3</ele>
    <time>2025-02-28T15:17:03Z</time>
   </trkpt>
   <trkpt lat="45.7520920" lon="4.7458220">
    <ele>263.3</ele>
    <time>2025-02-28T15:17:04Z</time>
   </trkpt>
   <trkpt lat="45.7520580" lon="4.7457990">
    <ele>263.3</ele>
    <time>2025-02-28T15:17:05Z</time>
   </trkpt>
   <trkpt lat="45.7520460" lon="4.7457940">
    <ele>263.3</ele>
    <time>2025-02-28T15:17:06Z</time>
   </trkpt>
   <trkpt lat="45.7520170" lon="4.7457750">
    <ele>263.3</ele>
    <time>2025-02-28T15:17:07Z</time>
   </trkpt>
   <trkpt lat="45.7519860" lon="4.7457500">
    <ele>263.2</ele>
    <time>2025-02-28T15:17:08Z</time>
   </trkpt>
   <trkpt lat="45.7519760" lon="4.7457410">
    <ele>263.2</ele>
    <time>2025-02-28T15:17:09Z</time>
   </trkpt>
   <trkpt lat="45.7519500" lon="4.7457290">
    <ele>263.2</ele>
    <time>2025-02-28T15:17:10Z</time>
   </trkpt>
   <trkpt lat="45.7519210" lon="4.7457130">
    <ele>263.2</ele>
    <time>2025-02-28T15:17:11Z</time>
   </trkpt>
   <trkpt lat="45.7518850" lon="4.7456860">
    <ele>263.2</ele>
    <time>2025-02-28T15:17:12Z</time>
   </trkpt>
   <trkpt lat="45.7518740" lon="4.7456770">
    <ele>263.2</ele>
    <time>2025-02-28T15:17:13Z</time>
   </trkpt>
   <trkpt lat="45.7518470" lon="4.7456690">
    <ele>263.2</ele>
    <time>2025-02-28T15:17:14Z</time>
   </trkpt>
   <trkpt lat="45.7518220" lon="4.7456560">
    <ele>263.2</ele>
    <time>2025-02-28T15:17:15Z</time>
   </trkpt>
   <trkpt lat="45.7517880" lon="4.7456310">
    <ele>263.2</ele>
    <time>2025-02-28T15:17:16Z</time>
   </trkpt>
   <trkpt lat="45.7517750" lon="4.7456260">
    <ele>263.2</ele>
    <time>2025-02-28T15:17:17Z</time>
   </trkpt>
   <trkpt lat="45.7517470" lon="4.7456010">
    <ele>263.2</ele>
    <time>2025-02-28T15:17:18Z</time>
   </trkpt>
   <trkpt lat="45.7517370" lon="4.7455930">
    <ele>263.2</ele>
    <time>2025-02-28T15:17:19Z</time>
   </trkpt>
   <trkpt lat="45.7517050" lon="4.7455690">
    <ele>263.2</ele>
    <time>2025-02-28T15:17:20Z</time>
   </trkpt>
   <trkpt lat="45.7516950" lon="4.7455600">
    <ele>263.2</ele>
    <time>2025-02-28T15:17:21Z</time>
   </trkpt>
   <trkpt lat="45.7516650" lon="4.7455240">
    <ele>263.2</ele>
    <time>2025-02-28T15:17:22Z</time>
   </trkpt>
   <trkpt lat="45.7516550" lon="4.7455120">
    <ele>263.2</ele>
    <time>2025-02-28T15:17:23Z</time>
   </trkpt>
   <trkpt lat="45.7516280" lon="4.7454990">
    <ele>263.2</ele>
    <time>2025-02-28T15:17:24Z</time>
   </trkpt>
   <trkpt lat="45.7515880" lon="4.7454860">
    <ele>263.2</ele>
    <time>2025-02-28T15:17:25Z</time>
   </trkpt>
   <trkpt lat="45.7515700" lon="4.7454860">
    <ele>263.2</ele>
    <time>2025-02-28T15:17:26Z</time>
   </trkpt>
   <trkpt lat="45.7515480" lon="4.7454480">
    <ele>263.2</ele>
    <time>2025-02-28T15:17:27Z</time>
   </trkpt>
   <trkpt lat="45.7515380" lon="4.7454340">
    <ele>263.2</ele>
    <time>2025-02-28T15:17:28Z</time>
   </trkpt>
   <trkpt lat="45.7515080" lon="4.7453990">
    <ele>263.2</ele>
    <time>2025-02-28T15:17:29Z</time>
   </trkpt>
   <trkpt lat="45.7514980" lon="4.7453870">
    <ele>263.2</ele>
    <time>2025-02-28T15:17:30Z</time>
   </trkpt>
   <trkpt lat="45.7514680" lon="4.7453570">
    <ele>263.2</ele>
    <time>2025-02-28T15:17:31Z</time>
   </trkpt>
   <trkpt lat="45.7514590" lon="4.7453510">
    <ele>263.2</ele>
    <time>2025-02-28T15:17:32Z</time>
   </trkpt>
   <trkpt lat="45.7514300" lon="4.7453170">
    <ele>263.2</ele>
    <time>2025-02-28T15:17:33Z</time>
   </trkpt>
   <trkpt lat="45.7514220" lon="4.7453040">
    <ele>263.2</ele>
    <time>2025-02-28T15:17:34Z</time>
   </trkpt>
   <trkpt lat="45.7514000" lon="4.7452750">
    <ele>263.2</ele>
    <time>2025-02-28T15:17:35Z</time>
   </trkpt>
   <trkpt lat="45.7513730" lon="4.7452580">
    <ele>263.1</ele>
    <time>2025-02-28T15:17:36Z</time>
   </trkpt>
   <trkpt lat="45.7513450" lon="4.7452220">
    <ele>263.1</ele>
    <time>2025-02-28T15:17:37Z</time>
   </trkpt>
   <trkpt lat="45.7513370" lon="4.7452100">
    <ele>263.1</ele>
    <time>2025-02-28T15:17:38Z</time>
   </trkpt>
   <trkpt lat="45.7513090" lon="4.7451910">
    <ele>263.0</ele>
    <time>2025-02-28T15:17:39Z</time>
   </trkpt>
   <trkpt lat="45.7512940" lon="4.7451550">
    <ele>263.0</ele>
    <time>2025-02-28T15:17:40Z</time>
   </trkpt>
   <trkpt lat="45.7512600" lon="4.7451200">
    <ele>263.0</ele>
    <time>2025-02-28T15:17:41Z</time>
   </trkpt>
   <trkpt lat="45.7512460" lon="4.7451100">
    <ele>263.0</ele>
    <time>2025-02-28T15:17:42Z</time>
   </trkpt>
   <trkpt lat="45.7512170" lon="4.7450790">
    <ele>262.9</ele>
    <time>2025-02-28T15:17:43Z</time>
   </trkpt>
   <trkpt lat="45.7512080" lon="4.7450680">
    <ele>262.9</ele>
    <time>2025-02-28T15:17:44Z</time>
   </trkpt>
   <trkpt lat="45.7511850" lon="4.7450470">
    <ele>262.9</ele>
    <time>2025-02-28T15:17:45Z</time>
   </trkpt>
   <trkpt lat="45.7511520" lon="4.7450250">
    <ele>262.9</ele>
    <time>2025-02-28T15:17:46Z</time>
   </trkpt>
   <trkpt lat="45.7511280" lon="4.7450070">
    <ele>262.9</ele>
    <time>2025-02-28T15:17:47Z</time>
   </trkpt>
   <trkpt lat="45.7510920" lon="4.7450070">
    <ele>262.8</ele>
    <time>2025-02-28T15:17:48Z</time>
   </trkpt>
   <trkpt lat="45.7510730" lon="4.7450180">
    <ele>262.8</ele>
    <time>2025-02-28T15:17:49Z</time>
   </trkpt>
   <trkpt lat="45.7510440" lon="4.7450400">
    <ele>262.8</ele>
    <time>2025-02-28T15:17:50Z</time>
   </trkpt>
   <trkpt lat="45.7510240" lon="4.7450850">
    <ele>262.8</ele>
    <time>2025-02-28T15:17:51Z</time>
   </trkpt>
   <trkpt lat="45.7509940" lon="4.7451190">
    <ele>262.8</ele>
    <time>2025-02-28T15:17:52Z</time>
   </trkpt>
   <trkpt lat="45.7509830" lon="4.7451270">
    <ele>262.8</ele>
    <time>2025-02-28T15:17:53Z</time>
   </trkpt>
   <trkpt lat="45.7509620" lon="4.7451660">
    <ele>262.9</ele>
    <time>2025-02-28T15:17:54Z</time>
   </trkpt>
   <trkpt lat="45.7509550" lon="4.7452150">
    <ele>262.9</ele>
    <time>2025-02-28T15:17:55Z</time>
   </trkpt>
   <trkpt lat="45.7509570" lon="4.7452670">
    <ele>262.9</ele>
    <time>2025-02-28T15:17:56Z</time>
   </trkpt>
   <trkpt lat="45.7509550" lon="4.7452810">
    <ele>262.9</ele>
    <time>2025-02-28T15:17:57Z</time>
   </trkpt>
   <trkpt lat="45.7509560" lon="4.7453350">
    <ele>262.9</ele>
    <time>2025-02-28T15:17:58Z</time>
   </trkpt>
   <trkpt lat="45.7509530" lon="4.7453540">
    <ele>262.9</ele>
    <time>2025-02-28T15:17:59Z</time>
   </trkpt>
   <trkpt lat="45.7509490" lon="4.7453980">
    <ele>262.9</ele>
    <time>2025-02-28T15:18:00Z</time>
   </trkpt>
   <trkpt lat="45.7509500" lon="4.7454540">
    <ele>262.9</ele>
    <time>2025-02-28T15:18:01Z</time>
   </trkpt>
   <trkpt lat="45.7509500" lon="4.7454710">
    <ele>262.9</ele>
    <time>2025-02-28T15:18:02Z</time>
   </trkpt>
   <trkpt lat="45.7509500" lon="4.7455170">
    <ele>262.9</ele>
    <time>2025-02-28T15:18:03Z</time>
   </trkpt>
   <trkpt lat="45.7509470" lon="4.7455350">
    <ele>262.9</ele>
    <time>2025-02-28T15:18:04Z</time>
   </trkpt>
   <trkpt lat="45.7509340" lon="4.7455810">
    <ele>262.9</ele>
    <time>2025-02-28T15:18:05Z</time>
   </trkpt>
   <trkpt lat="45.7509350" lon="4.7456290">
    <ele>262.9</ele>
    <time>2025-02-28T15:18:06Z</time>
   </trkpt>
   <trkpt lat="45.7509370" lon="4.7456490">
    <ele>262.9</ele>
    <time>2025-02-28T15:18:07Z</time>
   </trkpt>
   <trkpt lat="45.7509360" lon="4.7456880">
    <ele>262.9</ele>
    <time>2025-02-28T15:18:08Z</time>
   </trkpt>
   <trkpt lat="45.7509340" lon="4.7457290">
    <ele>262.9</ele>
    <time>2025-02-28T15:18:09Z</time>
   </trkpt>
   <trkpt lat="45.7509300" lon="4.7457710">
    <ele>262.9</ele>
    <time>2025-02-28T15:18:10Z</time>
   </trkpt>
   <trkpt lat="45.7509270" lon="4.7458160">
    <ele>262.9</ele>
    <time>2025-02-28T15:18:11Z</time>
   </trkpt>
   <trkpt lat="45.7509250" lon="4.7458700">
    <ele>262.9</ele>
    <time>2025-02-28T15:18:12Z</time>
   </trkpt>
   <trkpt lat="45.7509180" lon="4.7458890">
    <ele>262.9</ele>
    <time>2025-02-28T15:18:13Z</time>
   </trkpt>
   <trkpt lat="45.7509230" lon="4.7459270">
    <ele>262.8</ele>
    <time>2025-02-28T15:18:14Z</time>
   </trkpt>
   <trkpt lat="45.7509330" lon="4.7459640">
    <ele>262.8</ele>
    <time>2025-02-28T15:18:15Z</time>
   </trkpt>
   <trkpt lat="45.7509250" lon="4.7460040">
    <ele>262.7</ele>
    <time>2025-02-28T15:18:16Z</time>
   </trkpt>
   <trkpt lat="45.7509180" lon="4.7460430">
    <ele>262.6</ele>
    <time>2025-02-28T15:18:17Z</time>
   </trkpt>
   <trkpt lat="45.7509130" lon="4.7460870">
    <ele>262.6</ele>
    <time>2025-02-28T15:18:18Z</time>
   </trkpt>
   <trkpt lat="45.7509130" lon="4.7461360">
    <ele>262.5</ele>
    <time>2025-02-28T15:18:19Z</time>
   </trkpt>
   <trkpt lat="45.7508980" lon="4.7461790">
    <ele>262.4</ele>
    <time>2025-02-28T15:18:20Z</time>
   </trkpt>
   <trkpt lat="45.7508910" lon="4.7462350">
    <ele>262.2</ele>
    <time>2025-02-28T15:18:21Z</time>
   </trkpt>
   <trkpt lat="45.7508910" lon="4.7462550">
    <ele>262.2</ele>
    <time>2025-02-28T15:18:22Z</time>
   </trkpt>
   <trkpt lat="45.7508830" lon="4.7462920">
    <ele>262.1</ele>
    <time>2025-02-28T15:18:23Z</time>
   </trkpt>
   <trkpt lat="45.7508850" lon="4.7463320">
    <ele>262.0</ele>
    <time>2025-02-28T15:18:24Z</time>
   </trkpt>
   <trkpt lat="45.7508690" lon="4.7463800">
    <ele>261.8</ele>
    <time>2025-02-28T15:18:25Z</time>
   </trkpt>
   <trkpt lat="45.7508480" lon="4.7464050">
    <ele>261.7</ele>
    <time>2025-02-28T15:18:26Z</time>
   </trkpt>
   <trkpt lat="45.7508290" lon="4.7464090">
    <ele>261.7</ele>
    <time>2025-02-28T15:18:27Z</time>
   </trkpt>
   <trkpt lat="45.7508090" lon="4.7464430">
    <ele>261.8</ele>
    <time>2025-02-28T15:18:28Z</time>
   </trkpt>
   <trkpt lat="45.7507870" lon="4.7464550">
    <ele>261.8</ele>
    <time>2025-02-28T15:18:29Z</time>
   </trkpt>
   <trkpt lat="45.7507740" lon="4.7464530">
    <ele>261.8</ele>
    <time>2025-02-28T15:18:30Z</time>
   </trkpt>
   <trkpt lat="45.7507620" lon="4.7464510">
    <ele>261.8</ele>
    <time>2025-02-28T15:18:31Z</time>
   </trkpt>
   <trkpt lat="45.7507320" lon="4.7464500">
    <ele>261.9</ele>
    <time>2025-02-28T15:18:32Z</time>
   </trkpt>
   <trkpt lat="45.7507230" lon="4.7464500">
    <ele>261.9</ele>
    <time>2025-02-28T15:18:33Z</time>
   </trkpt>
   <trkpt lat="45.7506910" lon="4.7464650">
    <ele>262.0</ele>
    <time>2025-02-28T15:18:34Z</time>
   </trkpt>
   <trkpt lat="45.7506810" lon="4.7464810">
    <ele>262.0</ele>
    <time>2025-02-28T15:18:35Z</time>
   </trkpt>
   <trkpt lat="45.7506540" lon="4.7464790">
    <ele>262.1</ele>
    <time>2025-02-28T15:18:36Z</time>
   </trkpt>
   <trkpt lat="45.7506200" lon="4.7464530">
    <ele>262.1</ele>
    <time>2025-02-28T15:18:37Z</time>
   </trkpt>
   <trkpt lat="45.7505900" lon="4.7464420">
    <ele>262.2</ele>
    <time>2025-02-28T15:18:38Z</time>
   </trkpt>
   <trkpt lat="45.7505620" lon="4.7464290">
    <ele>262.2</ele>
    <time>2025-02-28T15:18:39Z</time>
   </trkpt>
   <trkpt lat="45.7505340" lon="4.7464180">
    <ele>262.3</ele>
    <time>2025-02-28T15:18:40Z</time>
   </trkpt>
   <trkpt lat="45.7505090" lon="4.7464030">
    <ele>262.3</ele>
    <time>2025-02-28T15:18:41Z</time>
   </trkpt>
   <trkpt lat="45.7504810" lon="4.7464080">
    <ele>262.4</ele>
    <time>2025-02-28T15:18:42Z</time>
   </trkpt>
   <trkpt lat="45.7504460" lon="4.7464060">
    <ele>262.4</ele>
    <time>2025-02-28T15:18:43Z</time>
   </trkpt>
   <trkpt lat="45.7504310" lon="4.7464060">
    <ele>262.4</ele>
    <time>2025-02-28T15:18:44Z</time>
   </trkpt>
   <trkpt lat="45.7504000" lon="4.7464000">
    <ele>262.5</ele>
    <time>2025-02-28T15:18:45Z</time>
   </trkpt>
   <trkpt lat="45.7503610" lon="4.7464010">
    <ele>262.5</ele>
    <time>2025-02-28T15:18:46Z</time>
   </trkpt>
   <trkpt lat="45.7503460" lon="4.7463990">
    <ele>262.5</ele>
    <time>2025-02-28T15:18:47Z</time>
   </trkpt>
   <trkpt lat="45.7503070" lon="4.7463930">
    <ele>262.5</ele>
    <time>2025-02-28T15:18:48Z</time>
   </trkpt>
   <trkpt lat="45.7502950" lon="4.7463920">
    <ele>262.5</ele>
    <time>2025-02-28T15:18:49Z</time>
   </trkpt>
   <trkpt lat="45.7502680" lon="4.7463870">
    <ele>262.5</ele>
    <time>2025-02-28T15:18:50Z</time>
   </trkpt>
   <trkpt lat="45.7502370" lon="4.7463790">
    <ele>262.6</ele>
    <time>2025-02-28T15:18:51Z</time>
   </trkpt>
   <trkpt lat="45.7502010" lon="4.7463730">
    <ele>262.6</ele>
    <time>2025-02-28T15:18:52Z</time>
   </trkpt>
   <trkpt lat="45.7501650" lon="4.7463700">
    <ele>262.6</ele>
    <time>2025-02-28T15:18:53Z</time>
   </trkpt>
   <trkpt lat="45.7501290" lon="4.7463620">
    <ele>262.6</ele>
    <time>2025-02-28T15:18:54Z</time>
   </trkpt>
   <trkpt lat="45.7501170" lon="4.7463560">
    <ele>262.6</ele>
    <time>2025-02-28T15:18:55Z</time>
   </trkpt>
   <trkpt lat="45.7500830" lon="4.7463570">
    <ele>262.6</ele>
    <time>2025-02-28T15:18:56Z</time>
   </trkpt>
   <trkpt lat="45.7500690" lon="4.7463640">
    <ele>262.6</ele>
    <time>2025-02-28T15:18:57Z</time>
   </trkpt>
   <trkpt lat="45.7500300" lon="4.7463680">
    <ele>262.6</ele>
    <time>2025-02-28T15:18:58Z</time>
   </trkpt>
   <trkpt lat="45.7499930" lon="4.7463660">
    <ele>262.6</ele>
    <time>2025-02-28T15:18:59Z</time>
   </trkpt>
   <trkpt lat="45.7499690" lon="4.7463470">
    <ele>262.6</ele>
    <time>2025-02-28T15:19:00Z</time>
   </trkpt>
   <trkpt lat="45.7499420" lon="4.7463350">
    <ele>262.6</ele>
    <time>2025-02-28T15:19:01Z</time>
   </trkpt>
   <trkpt lat="45.7499100" lon="4.7463400">
    <ele>262.6</ele>
    <time>2025-02-28T15:19:02Z</time>
   </trkpt>
   <trkpt lat="45.7498690" lon="4.7463420">
    <ele>262.6</ele>
    <time>2025-02-28T15:19:03Z</time>
   </trkpt>
   <trkpt lat="45.7498310" lon="4.7463260">
    <ele>262.6</ele>
    <time>2025-02-28T15:19:04Z</time>
   </trkpt>
   <trkpt lat="45.7498160" lon="4.7463190">
    <ele>262.6</ele>
    <time>2025-02-28T15:19:05Z</time>
   </trkpt>
   <trkpt lat="45.7497840" lon="4.7463140">
    <ele>262.6</ele>
    <time>2025-02-28T15:19:06Z</time>
   </trkpt>
   <trkpt lat="45.7497550" lon="4.7463180">
    <ele>262.6</ele>
    <time>2025-02-28T15:19:07Z</time>
   </trkpt>
   <trkpt lat="45.7497260" lon="4.7463110">
    <ele>262.6</ele>
    <time>2025-02-28T15:19:08Z</time>
   </trkpt>
   <trkpt lat="45.7496900" lon="4.7463140">
    <ele>262.6</ele>
    <time>2025-02-28T15:19:09Z</time>
   </trkpt>
   <trkpt lat="45.7496610" lon="4.7463230">
    <ele>262.6</ele>
    <time>2025-02-28T15:19:10Z</time>
   </trkpt>
   <trkpt lat="45.7496320" lon="4.7463250">
    <ele>262.6</ele>
    <time>2025-02-28T15:19:11Z</time>
   </trkpt>
   <trkpt lat="45.7496020" lon="4.7463260">
    <ele>262.6</ele>
    <time>2025-02-28T15:19:12Z</time>
   </trkpt>
   <trkpt lat="45.7495740" lon="4.7463400">
    <ele>262.6</ele>
    <time>2025-02-28T15:19:13Z</time>
   </trkpt>
   <trkpt lat="45.7495380" lon="4.7463500">
    <ele>262.6</ele>
    <time>2025-02-28T15:19:14Z</time>
   </trkpt>
   <trkpt lat="45.7495110" lon="4.7463560">
    <ele>262.6</ele>
    <time>2025-02-28T15:19:15Z</time>
   </trkpt>
   <trkpt lat="45.7494770" lon="4.7463550">
    <ele>262.6</ele>
    <time>2025-02-28T15:19:16Z</time>
   </trkpt>
   <trkpt lat="45.7494630" lon="4.7463580">
    <ele>262.6</ele>
    <time>2025-02-28T15:19:17Z</time>
   </trkpt>
   <trkpt lat="45.7494350" lon="4.7463620">
    <ele>262.6</ele>
    <time>2025-02-28T15:19:18Z</time>
   </trkpt>
   <trkpt lat="45.7494070" lon="4.7463600">
    <ele>262.6</ele>
    <time>2025-02-28T15:19:19Z</time>
   </trkpt>
   <trkpt lat="45.7493780" lon="4.7463580">
    <ele>262.6</ele>
    <time>2025-02-28T15:19:20Z</time>
   </trkpt>
   <trkpt lat="45.7493460" lon="4.7463670">
    <ele>262.6</ele>
    <time>2025-02-28T15:19:21Z</time>
   </trkpt>
   <trkpt lat="45.7493180" lon="4.7463570">
    <ele>262.6</ele>
    <time>2025-02-28T15:19:22Z</time>
   </trkpt>
   <trkpt lat="45.7492800" lon="4.7463760">
    <ele>262.6</ele>
    <time>2025-02-28T15:19:23Z</time>
   </trkpt>
   <trkpt lat="45.7492660" lon="4.7463800">
    <ele>262.6</ele>
    <time>2025-02-28T15:19:24Z</time>
   </trkpt>
   <trkpt lat="45.7492270" lon="4.7463880">
    <ele>262.6</ele>
    <time>2025-02-28T15:19:25Z</time>
   </trkpt>
   <trkpt lat="45.7491950" lon="4.7463980">
    <ele>262.6</ele>
    <time>2025-02-28T15:19:26Z</time>
   </trkpt>
   <trkpt lat="45.7491620" lon="4.7464110">
    <ele>262.6</ele>
    <time>2025-02-28T15:19:27Z</time>
   </trkpt>
   <trkpt lat="45.7491290" lon="4.7464230">
    <ele>262.6</ele>
    <time>2025-02-28T15:19:28Z</time>
   </trkpt>
   <trkpt lat="45.7491000" lon="4.7464200">
    <ele>262.6</ele>
    <time>2025-02-28T15:19:29Z</time>
   </trkpt>
   <trkpt lat="45.7490580" lon="4.7464170">
    <ele>262.6</ele>
    <time>2025-02-28T15:19:30Z</time>
   </trkpt>
   <trkpt lat="45.7490390" lon="4.7464200">
    <ele>262.6</ele>
    <time>2025-02-28T15:19:31Z</time>
   </trkpt>
   <trkpt lat="45.7490070" lon="4.7464260">
    <ele>262.6</ele>
    <time>2025-02-28T15:19:32Z</time>
   </trkpt>
   <trkpt lat="45.7489730" lon="4.7464230">
    <ele>262.6</ele>
    <time>2025-02-28T15:19:33Z</time>
   </trkpt>
   <trkpt lat="45.7489350" lon="4.7464250">
    <ele>262.7</ele>
    <time>2025-02-28T15:19:34Z</time>
   </trkpt>
   <trkpt lat="45.7489190" lon="4.7464250">
    <ele>262.7</ele>
    <time>2025-02-28T15:19:35Z</time>
   </trkpt>
   <trkpt lat="45.7488840" lon="4.7464310">
    <ele>262.7</ele>
    <time>2025-02-28T15:19:36Z</time>
   </trkpt>
   <trkpt lat="45.7488490" lon="4.7464400">
    <ele>262.7</ele>
    <time>2025-02-28T15:19:37Z</time>
   </trkpt>
   <trkpt lat="45.7488210" lon="4.7464310">
    <ele>262.7</ele>
    <time>2025-02-28T15:19:38Z</time>
   </trkpt>
   <trkpt lat="45.7487940" lon="4.7464400">
    <ele>262.7</ele>
    <time>2025-02-28T15:19:39Z</time>
   </trkpt>
   <trkpt lat="45.7487590" lon="4.7464470">
    <ele>262.7</ele>
    <time>2025-02-28T15:19:40Z</time>
   </trkpt>
   <trkpt lat="45.7487250" lon="4.7464550">
    <ele>262.7</ele>
    <time>2025-02-28T15:19:41Z</time>
   </trkpt>
   <trkpt lat="45.7486860" lon="4.7464550">
    <ele>262.7</ele>
    <time>2025-02-28T15:19:42Z</time>
   </trkpt>
   <trkpt lat="45.7486730" lon="4.7464550">
    <ele>262.7</ele>
    <time>2025-02-28T15:19:43Z</time>
   </trkpt>
   <trkpt lat="45.7486480" lon="4.7464670">
    <ele>262.7</ele>
    <time>2025-02-28T15:19:44Z</time>
   </trkpt>
   <trkpt lat="45.7486170" lon="4.7464690">
    <ele>262.7</ele>
    <time>2025-02-28T15:19:45Z</time>
   </trkpt>
   <trkpt lat="45.7485860" lon="4.7464820">
    <ele>262.7</ele>
    <time>2025-02-28T15:19:46Z</time>
   </trkpt>
   <trkpt lat="45.7485510" lon="4.7464870">
    <ele>262.7</ele>
    <time>2025-02-28T15:19:47Z</time>
   </trkpt>
   <trkpt lat="45.7485200" lon="4.7464850">
    <ele>262.7</ele>
    <time>2025-02-28T15:19:48Z</time>
   </trkpt>
   <trkpt lat="45.7484900" lon="4.7464870">
    <ele>262.7</ele>
    <time>2025-02-28T15:19:49Z</time>
   </trkpt>
   <trkpt lat="45.7484530" lon="4.7464920">
    <ele>262.7</ele>
    <time>2025-02-28T15:19:50Z</time>
   </trkpt>
   <trkpt lat="45.7484380" lon="4.7464980">
    <ele>262.7</ele>
    <time>2025-02-28T15:19:51Z</time>
   </trkpt>
   <trkpt lat="45.7484030" lon="4.7465090">
    <ele>262.7</ele>
    <time>2025-02-28T15:19:52Z</time>
   </trkpt>
   <trkpt lat="45.7483760" lon="4.7465140">
    <ele>262.7</ele>
    <time>2025-02-28T15:19:53Z</time>
   </trkpt>
   <trkpt lat="45.7483410" lon="4.7465110">
    <ele>262.7</ele>
    <time>2025-02-28T15:19:54Z</time>
   </trkpt>
   <trkpt lat="45.7483040" lon="4.7464920">
    <ele>262.7</ele>
    <time>2025-02-28T15:19:55Z</time>
   </trkpt>
   <trkpt lat="45.7482880" lon="4.7464920">
    <ele>262.7</ele>
    <time>2025-02-28T15:19:56Z</time>
   </trkpt>
   <trkpt lat="45.7482460" lon="4.7464970">
    <ele>262.7</ele>
    <time>2025-02-28T15:19:57Z</time>
   </trkpt>
   <trkpt lat="45.7482300" lon="4.7464960">
    <ele>262.7</ele>
    <time>2025-02-28T15:19:58Z</time>
   </trkpt>
   <trkpt lat="45.7482010" lon="4.7464760">
    <ele>262.7</ele>
    <time>2025-02-28T15:19:59Z</time>
   </trkpt>
   <trkpt lat="45.7481620" lon="4.7464700">
    <ele>262.7</ele>
    <time>2025-02-28T15:20:00Z</time>
   </trkpt>
   <trkpt lat="45.7481450" lon="4.7464730">
    <ele>262.7</ele>
    <time>2025-02-28T15:20:01Z</time>
   </trkpt>
   <trkpt lat="45.7481170" lon="4.7464610">
    <ele>262.8</ele>
    <time>2025-02-28T15:20:02Z</time>
   </trkpt>
   <trkpt lat="45.7480910" lon="4.7464410">
    <ele>262.8</ele>
    <time>2025-02-28T15:20:03Z</time>
   </trkpt>
   <trkpt lat="45.7480490" lon="4.7464390">
    <ele>262.8</ele>
    <time>2025-02-28T15:20:04Z</time>
   </trkpt>
   <trkpt lat="45.7480190" lon="4.7464400">
    <ele>262.8</ele>
    <time>2025-02-28T15:20:05Z</time>
   </trkpt>
   <trkpt lat="45.7479920" lon="4.7464280">
    <ele>262.8</ele>
    <time>2025-02-28T15:20:06Z</time>
   </trkpt>
   <trkpt lat="45.7479650" lon="4.7464180">
    <ele>262.8</ele>
    <time>2025-02-28T15:20:07Z</time>
   </trkpt>
   <trkpt lat="45.7479370" lon="4.7464130">
    <ele>262.8</ele>
    <time>2025-02-28T15:20:08Z</time>
   </trkpt>
   <trkpt lat="45.7479020" lon="4.7464000">
    <ele>262.9</ele>
    <time>2025-02-28T15:20:09Z</time>
   </trkpt>
   <trkpt lat="45.7478700" lon="4.7463970">
    <ele>262.9</ele>
    <time>2025-02-28T15:20:10Z</time>
   </trkpt>
   <trkpt lat="45.7478430" lon="4.7463810">
    <ele>262.9</ele>
    <time>2025-02-28T15:20:11Z</time>
   </trkpt>
   <trkpt lat="45.7478140" lon="4.7463760">
    <ele>262.9</ele>
    <time>2025-02-28T15:20:12Z</time>
   </trkpt>
   <trkpt lat="45.7477860" lon="4.7463810">
    <ele>262.9</ele>
    <time>2025-02-28T15:20:13Z</time>
   </trkpt>
   <trkpt lat="45.7477550" lon="4.7463680">
    <ele>262.9</ele>
    <time>2025-02-28T15:20:14Z</time>
   </trkpt>
   <trkpt lat="45.7477190" lon="4.7463610">
    <ele>262.9</ele>
    <time>2025-02-28T15:20:15Z</time>
   </trkpt>
   <trkpt lat="45.7477030" lon="4.7463600">
    <ele>263.0</ele>
    <time>2025-02-28T15:20:16Z</time>
   </trkpt>
   <trkpt lat="45.7476650" lon="4.7463440">
    <ele>263.0</ele>
    <time>2025-02-28T15:20:17Z</time>
   </trkpt>
   <trkpt lat="45.7476310" lon="4.7463420">
    <ele>263.0</ele>
    <time>2025-02-28T15:20:18Z</time>
   </trkpt>
   <trkpt lat="45.7476010" lon="4.7463320">
    <ele>263.1</ele>
    <time>2025-02-28T15:20:19Z</time>
   </trkpt>
   <trkpt lat="45.7475600" lon="4.7463260">
    <ele>263.1</ele>
    <time>2025-02-28T15:20:20Z</time>
   </trkpt>
   <trkpt lat="45.7475430" lon="4.7463250">
    <ele>263.1</ele>
    <time>2025-02-28T15:20:21Z</time>
   </trkpt>
   <trkpt lat="45.7475150" lon="4.7463160">
    <ele>263.1</ele>
    <time>2025-02-28T15:20:22Z</time>
   </trkpt>
   <trkpt lat="45.7474850" lon="4.7463040">
    <ele>263.2</ele>
    <time>2025-02-28T15:20:23Z</time>
   </trkpt>
   <trkpt lat="45.7474560" lon="4.7463030">
    <ele>263.2</ele>
    <time>2025-02-28T15:20:24Z</time>
   </trkpt>
   <trkpt lat="45.7474320" lon="4.7463250">
    <ele>263.2</ele>
    <time>2025-02-28T15:20:25Z</time>
   </trkpt>
   <trkpt lat="45.7474080" lon="4.7463580">
    <ele>263.1</ele>
    <time>2025-02-28T15:20:26Z</time>
   </trkpt>
   <trkpt lat="45.7474060" lon="4.7464230">
    <ele>263.1</ele>
    <time>2025-02-28T15:20:27Z</time>
   </trkpt>
   <trkpt lat="45.7474130" lon="4.7464780">
    <ele>263.1</ele>
    <time>2025-02-28T15:20:28Z</time>
   </trkpt>
   <trkpt lat="45.7474040" lon="4.7465320">
    <ele>263.0</ele>
    <time>2025-02-28T15:20:29Z</time>
   </trkpt>
   <trkpt lat="45.7474020" lon="4.7465570">
    <ele>263.0</ele>
    <time>2025-02-28T15:20:30Z</time>
   </trkpt>
   <trkpt lat="45.7473980" lon="4.7466050">
    <ele>263.0</ele>
    <time>2025-02-28T15:20:31Z</time>
   </trkpt>
   <trkpt lat="45.7473970" lon="4.7466210">
    <ele>263.0</ele>
    <time>2025-02-28T15:20:32Z</time>
   </trkpt>
   <trkpt lat="45.7473880" lon="4.7466640">
    <ele>262.9</ele>
    <time>2025-02-28T15:20:33Z</time>
   </trkpt>
   <trkpt lat="45.7473800" lon="4.7467020">
    <ele>262.9</ele>
    <time>2025-02-28T15:20:34Z</time>
   </trkpt>
   <trkpt lat="45.7473780" lon="4.7467560">
    <ele>262.8</ele>
    <time>2025-02-28T15:20:35Z</time>
   </trkpt>
   <trkpt lat="45.7473750" lon="4.7467740">
    <ele>262.8</ele>
    <time>2025-02-28T15:20:36Z</time>
   </trkpt>
   <trkpt lat="45.7473680" lon="4.7468260">
    <ele>262.8</ele>
    <time>2025-02-28T15:20:37Z</time>
   </trkpt>
   <trkpt lat="45.7473660" lon="4.7468490">
    <ele>262.8</ele>
    <time>2025-02-28T15:20:38Z</time>
   </trkpt>
   <trkpt lat="45.7473620" lon="4.7468910">
    <ele>262.7</ele>
    <time>2025-02-28T15:20:39Z</time>
   </trkpt>
   <trkpt lat="45.7473610" lon="4.7469310">
    <ele>262.7</ele>
    <time>2025-02-28T15:20:40Z</time>
   </trkpt>
   <trkpt lat="45.7473530" lon="4.7469830">
    <ele>262.6</ele>
    <time>2025-02-28T15:20:41Z</time>
   </trkpt>
   <trkpt lat="45.7473560" lon="4.7470040">
    <ele>262.6</ele>
    <time>2025-02-28T15:20:42Z</time>
   </trkpt>
   <trkpt lat="45.7473560" lon="4.7470630">
    <ele>262.6</ele>
    <time>2025-02-28T15:20:43Z</time>
   </trkpt>
   <trkpt lat="45.7473520" lon="4.7470870">
    <ele>262.5</ele>
    <time>2025-02-28T15:20:44Z</time>
   </trkpt>
   <trkpt lat="45.7473590" lon="4.7471440">
    <ele>262.5</ele>
    <time>2025-02-28T15:20:45Z</time>
   </trkpt>
   <trkpt lat="45.7473630" lon="4.7471650">
    <ele>262.5</ele>
    <time>2025-02-28T15:20:46Z</time>
   </trkpt>
   <trkpt lat="45.7473690" lon="4.7472180">
    <ele>262.4</ele>
    <time>2025-02-28T15:20:47Z</time>
   </trkpt>
   <trkpt lat="45.7473620" lon="4.7472610">
    <ele>262.3</ele>
    <time>2025-02-28T15:20:48Z</time>
   </trkpt>
   <trkpt lat="45.7473880" lon="4.7473210">
    <ele>262.3</ele>
    <time>2025-02-28T15:20:49Z</time>
   </trkpt>
   <trkpt lat="45.7473840" lon="4.7473650">
    <ele>262.2</ele>
    <time>2025-02-28T15:20:50Z</time>
   </trkpt>
   <trkpt lat="45.7473710" lon="4.7474160">
    <ele>262.1</ele>
    <time>2025-02-28T15:20:51Z</time>
   </trkpt>
   <trkpt lat="45.7473700" lon="4.7474410">
    <ele>262.1</ele>
    <time>2025-02-28T15:20:52Z</time>
   </trkpt>
   <trkpt lat="45.7473620" lon="4.7474800">
    <ele>262.0</ele>
    <time>2025-02-28T15:20:53Z</time>
   </trkpt>
   <trkpt lat="45.7473610" lon="4.7475310">
    <ele>261.9</ele>
    <time>2025-02-28T15:20:54Z</time>
   </trkpt>
   <trkpt lat="45.7473660" lon="4.7476300">
    <ele>261.7</ele>
    <time>2025-02-28T15:20:55Z</time>
   </trkpt>
   <trkpt lat="45.7473710" lon="4.7476850">
    <ele>261.5</ele>
    <time>2025-02-28T15:20:56Z</time>
   </trkpt>
   <trkpt lat="45.7473790" lon="4.7477340">
    <ele>261.4</ele>
    <time>2025-02-28T15:20:57Z</time>
   </trkpt>
   <trkpt lat="45.7473800" lon="4.7477850">
    <ele>261.3</ele>
    <time>2025-02-28T15:20:59Z</time>
   </trkpt>
   <trkpt lat="45.7473880" lon="4.7478310">
    <ele>261.2</ele>
    <time>2025-02-28T15:21:00Z</time>
   </trkpt>
   <trkpt lat="45.7473840" lon="4.7478760">
    <ele>261.1</ele>
    <time>2025-02-28T15:21:01Z</time>
   </trkpt>
   <trkpt lat="45.7473860" lon="4.7479270">
    <ele>261.0</ele>
    <time>2025-02-28T15:21:02Z</time>
   </trkpt>
   <trkpt lat="45.7473770" lon="4.7479700">
    <ele>260.9</ele>
    <time>2025-02-28T15:21:03Z</time>
   </trkpt>
   <trkpt lat="45.7473790" lon="4.7480100">
    <ele>260.7</ele>
    <time>2025-02-28T15:21:04Z</time>
   </trkpt>
   <trkpt lat="45.7473800" lon="4.7480500">
    <ele>260.6</ele>
    <time>2025-02-28T15:21:05Z</time>
   </trkpt>
   <trkpt lat="45.7473800" lon="4.7480950">
    <ele>260.5</ele>
    <time>2025-02-28T15:21:06Z</time>
   </trkpt>
   <trkpt lat="45.7473840" lon="4.7481450">
    <ele>260.3</ele>
    <time>2025-02-28T15:21:07Z</time>
   </trkpt>
   <trkpt lat="45.7473880" lon="4.7482370">
    <ele>260.0</ele>
    <time>2025-02-28T15:21:08Z</time>
   </trkpt>
   <trkpt lat="45.7473880" lon="4.7482800">
    <ele>259.9</ele>
    <time>2025-02-28T15:21:09Z</time>
   </trkpt>
   <trkpt lat="45.7473880" lon="4.7483280">
    <ele>259.7</ele>
    <time>2025-02-28T15:21:10Z</time>
   </trkpt>
   <trkpt lat="45.7473830" lon="4.7483670">
    <ele>259.6</ele>
    <time>2025-02-28T15:21:11Z</time>
   </trkpt>
   <trkpt lat="45.7473900" lon="4.7484200">
    <ele>259.4</ele>
    <time>2025-02-28T15:21:12Z</time>
   </trkpt>
   <trkpt lat="45.7473810" lon="4.7484680">
    <ele>259.3</ele>
    <time>2025-02-28T15:21:13Z</time>
   </trkpt>
   <trkpt lat="45.7473790" lon="4.7485220">
    <ele>259.1</ele>
    <time>2025-02-28T15:21:14Z</time>
   </trkpt>
   <trkpt lat="45.7473730" lon="4.7485610">
    <ele>259.0</ele>
    <time>2025-02-28T15:21:15Z</time>
   </trkpt>
   <trkpt lat="45.7473710" lon="4.7486000">
    <ele>258.9</ele>
    <time>2025-02-28T15:21:16Z</time>
   </trkpt>
   <trkpt lat="45.7473810" lon="4.7486530">
    <ele>258.7</ele>
    <time>2025-02-28T15:21:17Z</time>
   </trkpt>
   <trkpt lat="45.7473860" lon="4.7487020">
    <ele>258.6</ele>
    <time>2025-02-28T15:21:18Z</time>
   </trkpt>
   <trkpt lat="45.7473890" lon="4.7487430">
    <ele>258.5</ele>
    <time>2025-02-28T15:21:19Z</time>
   </trkpt>
   <trkpt lat="45.7473890" lon="4.7487820">
    <ele>258.3</ele>
    <time>2025-02-28T15:21:20Z</time>
   </trkpt>
   <trkpt lat="45.7473900" lon="4.7488410">
    <ele>258.2</ele>
    <time>2025-02-28T15:21:21Z</time>
   </trkpt>
   <trkpt lat="45.7473920" lon="4.7488700">
    <ele>258.1</ele>
    <time>2025-02-28T15:21:22Z</time>
   </trkpt>
   <trkpt lat="45.7473920" lon="4.7489100">
    <ele>258.0</ele>
    <time>2025-02-28T15:21:23Z</time>
   </trkpt>
   <trkpt lat="45.7473880" lon="4.7489620">
    <ele>257.9</ele>
    <time>2025-02-28T15:21:24Z</time>
   </trkpt>
   <trkpt lat="45.7473890" lon="4.7489850">
    <ele>257.8</ele>
    <time>2025-02-28T15:21:25Z</time>
   </trkpt>
   <trkpt lat="45.7473850" lon="4.7490240">
    <ele>257.7</ele>
    <time>2025-02-28T15:21:26Z</time>
   </trkpt>
   <trkpt lat="45.7473850" lon="4.7490790">
    <ele>257.5</ele>
    <time>2025-02-28T15:21:27Z</time>
   </trkpt>
   <trkpt lat="45.7473940" lon="4.7491320">
    <ele>257.4</ele>
    <time>2025-02-28T15:21:28Z</time>
   </trkpt>
   <trkpt lat="45.7473740" lon="4.7491610">
    <ele>257.3</ele>
    <time>2025-02-28T15:21:29Z</time>
   </trkpt>
   <trkpt lat="45.7473720" lon="4.7492090">
    <ele>257.1</ele>
    <time>2025-02-28T15:21:30Z</time>
   </trkpt>
   <trkpt lat="45.7473680" lon="4.7492500">
    <ele>257.0</ele>
    <time>2025-02-28T15:21:31Z</time>
   </trkpt>
   <trkpt lat="45.7473700" lon="4.7492980">
    <ele>256.9</ele>
    <time>2025-02-28T15:21:32Z</time>
   </trkpt>
   <trkpt lat="45.7473670" lon="4.7493370">
    <ele>256.7</ele>
    <time>2025-02-28T15:21:33Z</time>
   </trkpt>
   <trkpt lat="45.7473600" lon="4.7493780">
    <ele>256.6</ele>
    <time>2025-02-28T15:21:34Z</time>
   </trkpt>
   <trkpt lat="45.7473600" lon="4.7494170">
    <ele>256.5</ele>
    <time>2025-02-28T15:21:35Z</time>
   </trkpt>
   <trkpt lat="45.7473680" lon="4.7494640">
    <ele>256.4</ele>
    <time>2025-02-28T15:21:36Z</time>
   </trkpt>
   <trkpt lat="45.7473560" lon="4.7495230">
    <ele>256.2</ele>
    <time>2025-02-28T15:21:37Z</time>
   </trkpt>
   <trkpt lat="45.7473510" lon="4.7495460">
    <ele>256.1</ele>
    <time>2025-02-28T15:21:38Z</time>
   </trkpt>
   <trkpt lat="45.7473550" lon="4.7495890">
    <ele>256.0</ele>
    <time>2025-02-28T15:21:40Z</time>
   </trkpt>
   <trkpt lat="45.7473520" lon="4.7496400">
    <ele>255.9</ele>
    <time>2025-02-28T15:21:41Z</time>
   </trkpt>
   <trkpt lat="45.7473520" lon="4.7496820">
    <ele>255.8</ele>
    <time>2025-02-28T15:21:42Z</time>
   </trkpt>
   <trkpt lat="45.7473480" lon="4.7497200">
    <ele>255.8</ele>
    <time>2025-02-28T15:21:43Z</time>
   </trkpt>
   <trkpt lat="45.7473530" lon="4.7497730">
    <ele>255.7</ele>
    <time>2025-02-28T15:21:44Z</time>
   </trkpt>
   <trkpt lat="45.7473540" lon="4.7498130">
    <ele>255.6</ele>
    <time>2025-02-28T15:21:45Z</time>
   </trkpt>
   <trkpt lat="45.7473430" lon="4.7498630">
    <ele>255.5</ele>
    <time>2025-02-28T15:21:46Z</time>
   </trkpt>
   <trkpt lat="45.7473380" lon="4.7498820">
    <ele>255.5</ele>
    <time>2025-02-28T15:21:47Z</time>
   </trkpt>
   <trkpt lat="45.7473450" lon="4.7499280">
    <ele>255.4</ele>
    <time>2025-02-28T15:21:48Z</time>
   </trkpt>
   <trkpt lat="45.7473480" lon="4.7499740">
    <ele>255.3</ele>
    <time>2025-02-28T15:21:49Z</time>
   </trkpt>
   <trkpt lat="45.7473510" lon="4.7500250">
    <ele>255.3</ele>
    <time>2025-02-28T15:21:50Z</time>
   </trkpt>
   <trkpt lat="45.7473490" lon="4.7500760">
    <ele>255.2</ele>
    <time>2025-02-28T15:21:51Z</time>
   </trkpt>
   <trkpt lat="45.7473580" lon="4.7501270">
    <ele>255.1</ele>
    <time>2025-02-28T15:21:52Z</time>
   </trkpt>
   <trkpt lat="45.7473580" lon="4.7501760">
    <ele>255.0</ele>
    <time>2025-02-28T15:21:53Z</time>
   </trkpt>
   <trkpt lat="45.7473560" lon="4.7502200">
    <ele>254.8</ele>
    <time>2025-02-28T15:21:54Z</time>
   </trkpt>
   <trkpt lat="45.7473560" lon="4.7502750">
    <ele>254.6</ele>
    <time>2025-02-28T15:21:55Z</time>
   </trkpt>
   <trkpt lat="45.7473550" lon="4.7502950">
    <ele>254.6</ele>
    <time>2025-02-28T15:21:56Z</time>
   </trkpt>
   <trkpt lat="45.7473550" lon="4.7503340">
    <ele>254.4</ele>
    <time>2025-02-28T15:21:57Z</time>
   </trkpt>
   <trkpt lat="45.7473540" lon="4.7503760">
    <ele>254.3</ele>
    <time>2025-02-28T15:21:58Z</time>
   </trkpt>
   <trkpt lat="45.7473530" lon="4.7504270">
    <ele>254.1</ele>
    <time>2025-02-28T15:21:59Z</time>
   </trkpt>
   <trkpt lat="45.7473570" lon="4.7504700">
    <ele>254.0</ele>
    <time>2025-02-28T15:22:00Z</time>
   </trkpt>
   <trkpt lat="45.7473600" lon="4.7505120">
    <ele>253.8</ele>
    <time>2025-02-28T15:22:01Z</time>
   </trkpt>
   <trkpt lat="45.7473380" lon="4.7505460">
    <ele>253.7</ele>
    <time>2025-02-28T15:22:02Z</time>
   </trkpt>
   <trkpt lat="45.7473320" lon="4.7505840">
    <ele>253.6</ele>
    <time>2025-02-28T15:22:03Z</time>
   </trkpt>
   <trkpt lat="45.7473290" lon="4.7506270">
    <ele>253.4</ele>
    <time>2025-02-28T15:22:04Z</time>
   </trkpt>
   <trkpt lat="45.7473400" lon="4.7506870">
    <ele>253.2</ele>
    <time>2025-02-28T15:22:05Z</time>
   </trkpt>
   <trkpt lat="45.7473450" lon="4.7507330">
    <ele>253.1</ele>
    <time>2025-02-28T15:22:06Z</time>
   </trkpt>
   <trkpt lat="45.7473420" lon="4.7507880">
    <ele>252.9</ele>
    <time>2025-02-28T15:22:07Z</time>
   </trkpt>
   <trkpt lat="45.7473390" lon="4.7508050">
    <ele>252.9</ele>
    <time>2025-02-28T15:22:08Z</time>
   </trkpt>
   <trkpt lat="45.7473440" lon="4.7508580">
    <ele>252.7</ele>
    <time>2025-02-28T15:22:09Z</time>
   </trkpt>
   <trkpt lat="45.7473350" lon="4.7509080">
    <ele>252.6</ele>
    <time>2025-02-28T15:22:10Z</time>
   </trkpt>
   <trkpt lat="45.7473320" lon="4.7509230">
    <ele>252.5</ele>
    <time>2025-02-28T15:22:11Z</time>
   </trkpt>
   <trkpt lat="45.7473390" lon="4.7509760">
    <ele>252.4</ele>
    <time>2025-02-28T15:22:12Z</time>
   </trkpt>
   <trkpt lat="45.7473540" lon="4.7510290">
    <ele>252.3</ele>
    <time>2025-02-28T15:22:13Z</time>
   </trkpt>
   <trkpt lat="45.7473520" lon="4.7510770">
    <ele>252.2</ele>
    <time>2025-02-28T15:22:14Z</time>
   </trkpt>
   <trkpt lat="45.7473630" lon="4.7511340">
    <ele>252.0</ele>
    <time>2025-02-28T15:22:15Z</time>
   </trkpt>
   <trkpt lat="45.7473690" lon="4.7511880">
    <ele>251.9</ele>
    <time>2025-02-28T15:22:16Z</time>
   </trkpt>
   <trkpt lat="45.7473610" lon="4.7512490">
    <ele>251.8</ele>
    <time>2025-02-28T15:22:17Z</time>
   </trkpt>
   <trkpt lat="45.7473620" lon="4.7512770">
    <ele>251.7</ele>
    <time>2025-02-28T15:22:18Z</time>
   </trkpt>
   <trkpt lat="45.7473640" lon="4.7513320">
    <ele>251.6</ele>
    <time>2025-02-28T15:22:19Z</time>
   </trkpt>
   <trkpt lat="45.7473450" lon="4.7513680">
    <ele>251.5</ele>
    <time>2025-02-28T15:22:20Z</time>
   </trkpt>
   <trkpt lat="45.7473340" lon="4.7514120">
    <ele>251.5</ele>
    <time>2025-02-28T15:22:21Z</time>
   </trkpt>
   <trkpt lat="45.7473280" lon="4.7514610">
    <ele>251.4</ele>
    <time>2025-02-28T15:22:22Z</time>
   </trkpt>
   <trkpt lat="45.7473240" lon="4.7514790">
    <ele>251.3</ele>
    <time>2025-02-28T15:22:23Z</time>
   </trkpt>
   <trkpt lat="45.7473180" lon="4.7515350">
    <ele>251.2</ele>
    <time>2025-02-28T15:22:24Z</time>
   </trkpt>
   <trkpt lat="45.7473160" lon="4.7515520">
    <ele>251.2</ele>
    <time>2025-02-28T15:22:25Z</time>
   </trkpt>
   <trkpt lat="45.7472960" lon="4.7515820">
    <ele>251.1</ele>
    <time>2025-02-28T15:22:26Z</time>
   </trkpt>
   <trkpt lat="45.7472760" lon="4.7516330">
    <ele>251.0</ele>
    <time>2025-02-28T15:22:27Z</time>
   </trkpt>
   <trkpt lat="45.7472730" lon="4.7516540">
    <ele>250.9</ele>
    <time>2025-02-28T15:22:28Z</time>
   </trkpt>
   <trkpt lat="45.7472720" lon="4.7516960">
    <ele>250.8</ele>
    <time>2025-02-28T15:22:29Z</time>
   </trkpt>
   <trkpt lat="45.7472710" lon="4.7517110">
    <ele>250.8</ele>
    <time>2025-02-28T15:22:30Z</time>
   </trkpt>
   <trkpt lat="45.7472870" lon="4.7517480">
    <ele>250.7</ele>
    <time>2025-02-28T15:22:31Z</time>
   </trkpt>
   <trkpt lat="45.7472920" lon="4.7517630">
    <ele>250.7</ele>
    <time>2025-02-28T15:22:32Z</time>
   </trkpt>
   <trkpt lat="45.7472960" lon="4.7517750">
    <ele>250.6</ele>
    <time>2025-02-28T15:22:33Z</time>
   </trkpt>
   <trkpt lat="45.7473040" lon="4.7518040">
    <ele>250.6</ele>
    <time>2025-02-28T15:22:34Z</time>
   </trkpt>
   <trkpt lat="45.7473060" lon="4.7518620">
    <ele>250.4</ele>
    <time>2025-02-28T15:22:35Z</time>
   </trkpt>
   <trkpt lat="45.7473090" lon="4.7518850">
    <ele>250.4</ele>
    <time>2025-02-28T15:22:36Z</time>
   </trkpt>
   <trkpt lat="45.7472920" lon="4.7519230">
    <ele>250.3</ele>
    <time>2025-02-28T15:22:37Z</time>
   </trkpt>
   <trkpt lat="45.7472760" lon="4.7519690">
    <ele>250.2</ele>
    <time>2025-02-28T15:22:38Z</time>
   </trkpt>
   <trkpt lat="45.7472690" lon="4.7520170">
    <ele>250.0</ele>
    <time>2025-02-28T15:22:39Z</time>
   </trkpt>
   <trkpt lat="45.7472780" lon="4.7520760">
    <ele>249.9</ele>
    <time>2025-02-28T15:22:40Z</time>
   </trkpt>
   <trkpt lat="45.7472860" lon="4.7521260">
    <ele>249.8</ele>
    <time>2025-02-28T15:22:41Z</time>
   </trkpt>
   <trkpt lat="45.7472940" lon="4.7521860">
    <ele>249.7</ele>
    <time>2025-02-28T15:22:42Z</time>
   </trkpt>
   <trkpt lat="45.7472790" lon="4.7522250">
    <ele>249.6</ele>
    <time>2025-02-28T15:22:43Z</time>
   </trkpt>
   <trkpt lat="45.7472850" lon="4.7522810">
    <ele>249.5</ele>
    <time>2025-02-28T15:22:44Z</time>
   </trkpt>
   <trkpt lat="45.7472810" lon="4.7523050">
    <ele>249.4</ele>
    <time>2025-02-28T15:22:45Z</time>
   </trkpt>
   <trkpt lat="45.7472800" lon="4.7523540">
    <ele>249.3</ele>
    <time>2025-02-28T15:22:46Z</time>
   </trkpt>
   <trkpt lat="45.7472870" lon="4.7523990">
    <ele>249.2</ele>
    <time>2025-02-28T15:22:47Z</time>
   </trkpt>
   <trkpt lat="45.7472930" lon="4.7524380">
    <ele>249.2</ele>
    <time>2025-02-28T15:22:48Z</time>
   </trkpt>
   <trkpt lat="45.7473020" lon="4.7524830">
    <ele>249.1</ele>
    <time>2025-02-28T15:22:49Z</time>
   </trkpt>
   <trkpt lat="45.7472890" lon="4.7525370">
    <ele>249.0</ele>
    <time>2025-02-28T15:22:50Z</time>
   </trkpt>
   <trkpt lat="45.7472920" lon="4.7525820">
    <ele>248.9</ele>
    <time>2025-02-28T15:22:51Z</time>
   </trkpt>
   <trkpt lat="45.7472980" lon="4.7526370">
    <ele>248.8</ele>
    <time>2025-02-28T15:22:52Z</time>
   </trkpt>
   <trkpt lat="45.7473080" lon="4.7526910">
    <ele>248.7</ele>
    <time>2025-02-28T15:22:53Z</time>
   </trkpt>
   <trkpt lat="45.7473000" lon="4.7527470">
    <ele>248.5</ele>
    <time>2025-02-28T15:22:54Z</time>
   </trkpt>
   <trkpt lat="45.7472990" lon="4.7527710">
    <ele>248.5</ele>
    <time>2025-02-28T15:22:55Z</time>
   </trkpt>
   <trkpt lat="45.7472990" lon="4.7528260">
    <ele>248.4</ele>
    <time>2025-02-28T15:22:56Z</time>
   </trkpt>
   <trkpt lat="45.7472930" lon="4.7528670">
    <ele>248.3</ele>
    <time>2025-02-28T15:22:57Z</time>
   </trkpt>
   <trkpt lat="45.7473010" lon="4.7529050">
    <ele>248.2</ele>
    <time>2025-02-28T15:22:58Z</time>
   </trkpt>
   <trkpt lat="45.7473040" lon="4.7529700">
    <ele>248.1</ele>
    <time>2025-02-28T15:22:59Z</time>
   </trkpt>
   <trkpt lat="45.7473050" lon="4.7529980">
    <ele>248.1</ele>
    <time>2025-02-28T15:23:00Z</time>
   </trkpt>
   <trkpt lat="45.7472990" lon="4.7530840">
    <ele>247.9</ele>
    <time>2025-02-28T15:23:01Z</time>
   </trkpt>
   <trkpt lat="45.7472880" lon="4.7531300">
    <ele>247.8</ele>
    <time>2025-02-28T15:23:02Z</time>
   </trkpt>
   <trkpt lat="45.7472850" lon="4.7531700">
    <ele>247.7</ele>
    <time>2025-02-28T15:23:03Z</time>
   </trkpt>
   <trkpt lat="45.7472860" lon="4.7532110">
    <ele>247.7</ele>
    <time>2025-02-28T15:23:04Z</time>
   </trkpt>
   <trkpt lat="45.7472870" lon="4.7532640">
    <ele>247.6</ele>
    <time>2025-02-28T15:23:05Z</time>
   </trkpt>
   <trkpt lat="45.7472930" lon="4.7533120">
    <ele>247.5</ele>
    <time>2025-02-28T15:23:06Z</time>
   </trkpt>
   <trkpt lat="45.7472930" lon="4.7533260">
    <ele>247.5</ele>
    <time>2025-02-28T15:23:07Z</time>
   </trkpt>
   <trkpt lat="45.7472900" lon="4.7533820">
    <ele>247.4</ele>
    <time>2025-02-28T15:23:08Z</time>
   </trkpt>
   <trkpt lat="45.7472900" lon="4.7534040">
    <ele>247.3</ele>
    <time>2025-02-28T15:23:09Z</time>
   </trkpt>
   <trkpt lat="45.7472790" lon="4.7534530">
    <ele>247.3</ele>
    <time>2025-02-28T15:23:10Z</time>
   </trkpt>
   <trkpt lat="45.7472710" lon="4.7534910">
    <ele>247.2</ele>
    <time>2025-02-28T15:23:11Z</time>
   </trkpt>
   <trkpt lat="45.7472810" lon="4.7535480">
    <ele>247.2</ele>
    <time>2025-02-28T15:23:13Z</time>
   </trkpt>
   <trkpt lat="45.7472890" lon="4.7535890">
    <ele>247.1</ele>
    <time>2025-02-28T15:23:14Z</time>
   </trkpt>
   <trkpt lat="45.7472920" lon="4.7536310">
    <ele>247.1</ele>
    <time>2025-02-28T15:23:15Z</time>
   </trkpt>
   <trkpt lat="45.7472930" lon="4.7536780">
    <ele>247.0</ele>
    <time>2025-02-28T15:23:16Z</time>
   </trkpt>
   <trkpt lat="45.7472820" lon="4.7537360">
    <ele>246.9</ele>
    <time>2025-02-28T15:23:17Z</time>
   </trkpt>
   <trkpt lat="45.7472710" lon="4.7537580">
    <ele>246.9</ele>
    <time>2025-02-28T15:23:18Z</time>
   </trkpt>
   <trkpt lat="45.7472850" lon="4.7538140">
    <ele>246.9</ele>
    <time>2025-02-28T15:23:19Z</time>
   </trkpt>
   <trkpt lat="45.7472910" lon="4.7538620">
    <ele>246.8</ele>
    <time>2025-02-28T15:23:20Z</time>
   </trkpt>
   <trkpt lat="45.7472950" lon="4.7539020">
    <ele>246.8</ele>
    <time>2025-02-28T15:23:21Z</time>
   </trkpt>
   <trkpt lat="45.7473210" lon="4.7539360">
    <ele>246.8</ele>
    <time>2025-02-28T15:23:22Z</time>
   </trkpt>
   <trkpt lat="45.7473380" lon="4.7539850">
    <ele>246.7</ele>
    <time>2025-02-28T15:23:23Z</time>
   </trkpt>
   <trkpt lat="45.7473360" lon="4.7540420">
    <ele>246.7</ele>
    <time>2025-02-28T15:23:24Z</time>
   </trkpt>
   <trkpt lat="45.7473210" lon="4.7540990">
    <ele>246.7</ele>
    <time>2025-02-28T15:23:25Z</time>
   </trkpt>
   <trkpt lat="45.7473040" lon="4.7541170">
    <ele>246.6</ele>
    <time>2025-02-28T15:23:26Z</time>
   </trkpt>
   <trkpt lat="45.7472680" lon="4.7541370">
    <ele>246.6</ele>
    <time>2025-02-28T15:23:27Z</time>
   </trkpt>
   <trkpt lat="45.7472410" lon="4.7541810">
    <ele>246.6</ele>
    <time>2025-02-28T15:23:28Z</time>
   </trkpt>
   <trkpt lat="45.7472400" lon="4.7542340">
    <ele>246.6</ele>
    <time>2025-02-28T15:23:29Z</time>
   </trkpt>
   <trkpt lat="45.7472440" lon="4.7542540">
    <ele>246.6</ele>
    <time>2025-02-28T15:23:30Z</time>
   </trkpt>
   <trkpt lat="45.7472420" lon="4.7542980">
    <ele>246.5</ele>
    <time>2025-02-28T15:23:31Z</time>
   </trkpt>
   <trkpt lat="45.7472460" lon="4.7543140">
    <ele>246.5</ele>
    <time>2025-02-28T15:23:32Z</time>
   </trkpt>
   <trkpt lat="45.7472590" lon="4.7543650">
    <ele>246.5</ele>
    <time>2025-02-28T15:23:33Z</time>
   </trkpt>
   <trkpt lat="45.7472640" lon="4.7543890">
    <ele>246.5</ele>
    <time>2025-02-28T15:23:34Z</time>
   </trkpt>
   <trkpt lat="45.7472710" lon="4.7544450">
    <ele>246.4</ele>
    <time>2025-02-28T15:23:35Z</time>
   </trkpt>
   <trkpt lat="45.7472770" lon="4.7544670">
    <ele>246.4</ele>
    <time>2025-02-28T15:23:36Z</time>
   </trkpt>
   <trkpt lat="45.7472790" lon="4.7545170">
    <ele>246.4</ele>
    <time>2025-02-28T15:23:37Z</time>
   </trkpt>
   <trkpt lat="45.7472740" lon="4.7545840">
    <ele>246.3</ele>
    <time>2025-02-28T15:23:38Z</time>
   </trkpt>
   <trkpt lat="45.7472760" lon="4.7546220">
    <ele>246.3</ele>
    <time>2025-02-28T15:23:39Z</time>
   </trkpt>
   <trkpt lat="45.7472970" lon="4.7546690">
    <ele>246.2</ele>
    <time>2025-02-28T15:23:40Z</time>
   </trkpt>
   <trkpt lat="45.7473030" lon="4.7547180">
    <ele>246.2</ele>
    <time>2025-02-28T15:23:41Z</time>
   </trkpt>
   <trkpt lat="45.7473060" lon="4.7547600">
    <ele>246.2</ele>
    <time>2025-02-28T15:23:42Z</time>
   </trkpt>
   <trkpt lat="45.7473180" lon="4.7548150">
    <ele>246.2</ele>
    <time>2025-02-28T15:23:43Z</time>
   </trkpt>
   <trkpt lat="45.7473240" lon="4.7548730">
    <ele>246.2</ele>
    <time>2025-02-28T15:23:44Z</time>
   </trkpt>
   <trkpt lat="45.7473220" lon="4.7549250">
    <ele>246.1</ele>
    <time>2025-02-28T15:23:45Z</time>
   </trkpt>
   <trkpt lat="45.7473060" lon="4.7549770">
    <ele>246.1</ele>
    <time>2025-02-28T15:23:46Z</time>
   </trkpt>
   <trkpt lat="45.7473030" lon="4.7550000">
    <ele>246.1</ele>
    <time>2025-02-28T15:23:47Z</time>
   </trkpt>
   <trkpt lat="45.7473270" lon="4.7550710">
    <ele>246.0</ele>
    <time>2025-02-28T15:23:48Z</time>
   </trkpt>
   <trkpt lat="45.7473210" lon="4.7551230">
    <ele>246.0</ele>
    <time>2025-02-28T15:23:49Z</time>
   </trkpt>
   <trkpt lat="45.7473270" lon="4.7551820">
    <ele>246.0</ele>
    <time>2025-02-28T15:23:50Z</time>
   </trkpt>
   <trkpt lat="45.7473120" lon="4.7552280">
    <ele>245.9</ele>
    <time>2025-02-28T15:23:51Z</time>
   </trkpt>
   <trkpt lat="45.7473040" lon="4.7552900">
    <ele>245.9</ele>
    <time>2025-02-28T15:23:52Z</time>
   </trkpt>
   <trkpt lat="45.7472870" lon="4.7553400">
    <ele>245.9</ele>
    <time>2025-02-28T15:23:53Z</time>
   </trkpt>
   <trkpt lat="45.7472990" lon="4.7553930">
    <ele>245.8</ele>
    <time>2025-02-28T15:23:54Z</time>
   </trkpt>
   <trkpt lat="45.7473040" lon="4.7554670">
    <ele>245.8</ele>
    <time>2025-02-28T15:23:55Z</time>
   </trkpt>
   <trkpt lat="45.7473130" lon="4.7555240">
    <ele>245.8</ele>
    <time>2025-02-28T15:23:56Z</time>
   </trkpt>
   <trkpt lat="45.7473110" lon="4.7555830">
    <ele>245.7</ele>
    <time>2025-02-28T15:23:57Z</time>
   </trkpt>
   <trkpt lat="45.7473290" lon="4.7556360">
    <ele>245.7</ele>
    <time>2025-02-28T15:23:58Z</time>
   </trkpt>
   <trkpt lat="45.7473400" lon="4.7556880">
    <ele>245.7</ele>
    <time>2025-02-28T15:23:59Z</time>
   </trkpt>
   <trkpt lat="45.7473360" lon="4.7557460">
    <ele>245.6</ele>
    <time>2025-02-28T15:24:00Z</time>
   </trkpt>
   <trkpt lat="45.7473370" lon="4.7557660">
    <ele>245.6</ele>
    <time>2025-02-28T15:24:01Z</time>
   </trkpt>
   <trkpt lat="45.7473250" lon="4.7558160">
    <ele>245.6</ele>
    <time>2025-02-28T15:24:02Z</time>
   </trkpt>
   <trkpt lat="45.7473500" lon="4.7558660">
    <ele>245.5</ele>
    <time>2025-02-28T15:24:03Z</time>
   </trkpt>
   <trkpt lat="45.7473560" lon="4.7558880">
    <ele>245.5</ele>
    <time>2025-02-28T15:24:04Z</time>
   </trkpt>
   <trkpt lat="45.7473670" lon="4.7559470">
    <ele>245.5</ele>
    <time>2025-02-28T15:24:05Z</time>
   </trkpt>
   <trkpt lat="45.7473710" lon="4.7559780">
    <ele>245.5</ele>
    <time>2025-02-28T15:24:06Z</time>
   </trkpt>
   <trkpt lat="45.7473530" lon="4.7560320">
    <ele>245.4</ele>
    <time>2025-02-28T15:24:07Z</time>
   </trkpt>
   <trkpt lat="45.7473220" lon="4.7560780">
    <ele>245.3</ele>
    <time>2025-02-28T15:24:08Z</time>
   </trkpt>
   <trkpt lat="45.7473100" lon="4.7561270">
    <ele>245.3</ele>
    <time>2025-02-28T15:24:09Z</time>
   </trkpt>
   <trkpt lat="45.7472850" lon="4.7561610">
    <ele>245.2</ele>
    <time>2025-02-28T15:24:10Z</time>
   </trkpt>
   <trkpt lat="45.7472670" lon="4.7562210">
    <ele>245.1</ele>
    <time>2025-02-28T15:24:11Z</time>
   </trkpt>
   <trkpt lat="45.7472750" lon="4.7562760">
    <ele>245.0</ele>
    <time>2025-02-28T15:24:12Z</time>
   </trkpt>
   <trkpt lat="45.7472500" lon="4.7563000">
    <ele>244.9</ele>
    <time>2025-02-28T15:24:13Z</time>
   </trkpt>
   <trkpt lat="45.7472390" lon="4.7563310">
    <ele>244.9</ele>
    <time>2025-02-28T15:24:14Z</time>
   </trkpt>
   <trkpt lat="45.7472330" lon="4.7563340">
    <ele>244.8</ele>
    <time>2025-02-28T15:24:15Z</time>
   </trkpt>
   <trkpt lat="45.7472330" lon="4.7563740">
    <ele>244.8</ele>
    <time>2025-02-28T15:24:16Z</time>
   </trkpt>
   <trkpt lat="45.7472310" lon="4.7564010">
    <ele>244.7</ele>
    <time>2025-02-28T15:24:17Z</time>
   </trkpt>
   <trkpt lat="45.7472290" lon="4.7564290">
    <ele>244.7</ele>
    <time>2025-02-28T15:24:18Z</time>
   </trkpt>
   <trkpt lat="45.7472350" lon="4.7564800">
    <ele>244.6</ele>
    <time>2025-02-28T15:24:19Z</time>
   </trkpt>
   <trkpt lat="45.7472440" lon="4.7564980">
    <ele>244.5</ele>
    <time>2025-02-28T15:24:20Z</time>
   </trkpt>
   <trkpt lat="45.7472490" lon="4.7565400">
    <ele>244.5</ele>
    <time>2025-02-28T15:24:21Z</time>
   </trkpt>
   <trkpt lat="45.7472630" lon="4.7565770">
    <ele>244.4</ele>
    <time>2025-02-28T15:24:22Z</time>
   </trkpt>
   <trkpt lat="45.7472730" lon="4.7566330">
    <ele>244.2</ele>
    <time>2025-02-28T15:24:23Z</time>
   </trkpt>
   <trkpt lat="45.7472800" lon="4.7566840">
    <ele>244.1</ele>
    <time>2025-02-28T15:24:24Z</time>
   </trkpt>
   <trkpt lat="45.7472870" lon="4.7567430">
    <ele>243.9</ele>
    <time>2025-02-28T15:24:25Z</time>
   </trkpt>
   <trkpt lat="45.7472900" lon="4.7567900">
    <ele>243.8</ele>
    <time>2025-02-28T15:24:26Z</time>
   </trkpt>
   <trkpt lat="45.7472910" lon="4.7568360">
    <ele>243.7</ele>
    <time>2025-02-28T15:24:27Z</time>
   </trkpt>
   <trkpt lat="45.7472940" lon="4.7568560">
    <ele>243.6</ele>
    <time>2025-02-28T15:24:28Z</time>
   </trkpt>
   <trkpt lat="45.7472830" lon="4.7569200">
    <ele>243.5</ele>
    <time>2025-02-28T15:24:29Z</time>
   </trkpt>
   <trkpt lat="45.7472750" lon="4.7569690">
    <ele>243.3</ele>
    <time>2025-02-28T15:24:30Z</time>
   </trkpt>
   <trkpt lat="45.7472720" lon="4.7569820">
    <ele>243.3</ele>
    <time>2025-02-28T15:24:31Z</time>
   </trkpt>
   <trkpt lat="45.7472850" lon="4.7570160">
    <ele>243.2</ele>
    <time>2025-02-28T15:24:32Z</time>
   </trkpt>
   <trkpt lat="45.7472950" lon="4.7570270">
    <ele>243.1</ele>
    <time>2025-02-28T15:24:33Z</time>
   </trkpt>
   <trkpt lat="45.7473020" lon="4.7570680">
    <ele>243.0</ele>
    <time>2025-02-28T15:24:34Z</time>
   </trkpt>
   <trkpt lat="45.7473300" lon="4.7571090">
    <ele>242.8</ele>
    <time>2025-02-28T15:24:35Z</time>
   </trkpt>
   <trkpt lat="45.7473330" lon="4.7571730">
    <ele>242.7</ele>
    <time>2025-02-28T15:24:36Z</time>
   </trkpt>
   <trkpt lat="45.7473400" lon="4.7572330">
    <ele>242.5</ele>
    <time>2025-02-28T15:24:37Z</time>
   </trkpt>
   <trkpt lat="45.7473480" lon="4.7572960">
    <ele>242.3</ele>
    <time>2025-02-28T15:24:38Z</time>
   </trkpt>
   <trkpt lat="45.7473490" lon="4.7573650">
    <ele>242.1</ele>
    <time>2025-02-28T15:24:39Z</time>
   </trkpt>
   <trkpt lat="45.7473280" lon="4.7574250">
    <ele>241.9</ele>
    <time>2025-02-28T15:24:40Z</time>
   </trkpt>
   <trkpt lat="45.7473340" lon="4.7574800">
    <ele>241.7</ele>
    <time>2025-02-28T15:24:41Z</time>
   </trkpt>
   <trkpt lat="45.7473380" lon="4.7575060">
    <ele>241.6</ele>
    <time>2025-02-28T15:24:42Z</time>
   </trkpt>
   <trkpt lat="45.7473510" lon="4.7575570">
    <ele>241.5</ele>
    <time>2025-02-28T15:24:43Z</time>
   </trkpt>
   <trkpt lat="45.7473590" lon="4.7575980">
    <ele>241.3</ele>
    <time>2025-02-28T15:24:44Z</time>
   </trkpt>
   <trkpt lat="45.7473620" lon="4.7576480">
    <ele>241.2</ele>
    <time>2025-02-28T15:24:45Z</time>
   </trkpt>
   <trkpt lat="45.7473570" lon="4.7576690">
    <ele>241.1</ele>
    <time>2025-02-28T15:24:46Z</time>
   </trkpt>
   <trkpt lat="45.7473500" lon="4.7577150">
    <ele>241.0</ele>
    <time>2025-02-28T15:24:47Z</time>
   </trkpt>
   <trkpt lat="45.7473540" lon="4.7577730">
    <ele>240.8</ele>
    <time>2025-02-28T15:24:48Z</time>
   </trkpt>
   <trkpt lat="45.7473620" lon="4.7578220">
    <ele>240.6</ele>
    <time>2025-02-28T15:24:49Z</time>
   </trkpt>
   <trkpt lat="45.7473610" lon="4.7578480">
    <ele>240.5</ele>
    <time>2025-02-28T15:24:50Z</time>
   </trkpt>
   <trkpt lat="45.7473620" lon="4.7578670">
    <ele>240.5</ele>
    <time>2025-02-28T15:24:51Z</time>
   </trkpt>
   <trkpt lat="45.7473740" lon="4.7579030">
    <ele>240.3</ele>
    <time>2025-02-28T15:24:52Z</time>
   </trkpt>
   <trkpt lat="45.7473900" lon="4.7579450">
    <ele>240.2</ele>
    <time>2025-02-28T15:24:53Z</time>
   </trkpt>
   <trkpt lat="45.7473980" lon="4.7579910">
    <ele>240.0</ele>
    <time>2025-02-28T15:24:54Z</time>
   </trkpt>
   <trkpt lat="45.7473870" lon="4.7580470">
    <ele>239.8</ele>
    <time>2025-02-28T15:24:55Z</time>
   </trkpt>
   <trkpt lat="45.7473710" lon="4.7580850">
    <ele>239.7</ele>
    <time>2025-02-28T15:24:56Z</time>
   </trkpt>
   <trkpt lat="45.7473760" lon="4.7581090">
    <ele>239.6</ele>
    <time>2025-02-28T15:24:57Z</time>
   </trkpt>
   <trkpt lat="45.7473880" lon="4.7581530">
    <ele>239.4</ele>
    <time>2025-02-28T15:24:58Z</time>
   </trkpt>
   <trkpt lat="45.7473910" lon="4.7582110">
    <ele>239.2</ele>
    <time>2025-02-28T15:24:59Z</time>
   </trkpt>
   <trkpt lat="45.7473990" lon="4.7582340">
    <ele>239.2</ele>
    <time>2025-02-28T15:25:00Z</time>
   </trkpt>
   <trkpt lat="45.7474200" lon="4.7582610">
    <ele>239.0</ele>
    <time>2025-02-28T15:25:01Z</time>
   </trkpt>
   <trkpt lat="45.7474410" lon="4.7583270">
    <ele>238.8</ele>
    <time>2025-02-28T15:25:02Z</time>
   </trkpt>
   <trkpt lat="45.7474720" lon="4.7583710">
    <ele>238.5</ele>
    <time>2025-02-28T15:25:03Z</time>
   </trkpt>
   <trkpt lat="45.7474930" lon="4.7584170">
    <ele>238.3</ele>
    <time>2025-02-28T15:25:04Z</time>
   </trkpt>
   <trkpt lat="45.7474960" lon="4.7584810">
    <ele>238.0</ele>
    <time>2025-02-28T15:25:05Z</time>
   </trkpt>
   <trkpt lat="45.7475120" lon="4.7585200">
    <ele>237.8</ele>
    <time>2025-02-28T15:25:06Z</time>
   </trkpt>
   <trkpt lat="45.7475240" lon="4.7585930">
    <ele>237.3</ele>
    <time>2025-02-28T15:25:07Z</time>
   </trkpt>
   <trkpt lat="45.7475400" lon="4.7586410">
    <ele>237.0</ele>
    <time>2025-02-28T15:25:08Z</time>
   </trkpt>
   <trkpt lat="45.7475480" lon="4.7587110">
    <ele>236.5</ele>
    <time>2025-02-28T15:25:09Z</time>
   </trkpt>
   <trkpt lat="45.7475580" lon="4.7587660">
    <ele>236.1</ele>
    <time>2025-02-28T15:25:10Z</time>
   </trkpt>
   <trkpt lat="45.7475890" lon="4.7588160">
    <ele>235.7</ele>
    <time>2025-02-28T15:25:11Z</time>
   </trkpt>
   <trkpt lat="45.7476080" lon="4.7588700">
    <ele>235.3</ele>
    <time>2025-02-28T15:25:12Z</time>
   </trkpt>
   <trkpt lat="45.7476130" lon="4.7588930">
    <ele>235.1</ele>
    <time>2025-02-28T15:25:13Z</time>
   </trkpt>
   <trkpt lat="45.7476320" lon="4.7589420">
    <ele>234.7</ele>
    <time>2025-02-28T15:25:14Z</time>
   </trkpt>
   <trkpt lat="45.7476390" lon="4.7589910">
    <ele>234.4</ele>
    <time>2025-02-28T15:25:15Z</time>
   </trkpt>
   <trkpt lat="45.7476520" lon="4.7590520">
    <ele>233.9</ele>
    <time>2025-02-28T15:25:16Z</time>
   </trkpt>
   <trkpt lat="45.7476690" lon="4.7590920">
    <ele>233.6</ele>
    <time>2025-02-28T15:25:17Z</time>
   </trkpt>
   <trkpt lat="45.7476900" lon="4.7591210">
    <ele>233.3</ele>
    <time>2025-02-28T15:25:18Z</time>
   </trkpt>
   <trkpt lat="45.7477130" lon="4.7591470">
    <ele>233.0</ele>
    <time>2025-02-28T15:25:19Z</time>
   </trkpt>
   <trkpt lat="45.7477190" lon="4.7591580">
    <ele>232.9</ele>
    <time>2025-02-28T15:25:20Z</time>
   </trkpt>
   <trkpt lat="45.7477380" lon="4.7592320">
    <ele>232.4</ele>
    <time>2025-02-28T15:25:21Z</time>
   </trkpt>
   <trkpt lat="45.7477640" lon="4.7592960">
    <ele>231.9</ele>
    <time>2025-02-28T15:25:22Z</time>
   </trkpt>
   <trkpt lat="45.7477730" lon="4.7593480">
    <ele>231.5</ele>
    <time>2025-02-28T15:25:23Z</time>
   </trkpt>
   <trkpt lat="45.7477940" lon="4.7593930">
    <ele>231.2</ele>
    <time>2025-02-28T15:25:24Z</time>
   </trkpt>
   <trkpt lat="45.7478030" lon="4.7594420">
    <ele>230.9</ele>
    <time>2025-02-28T15:25:25Z</time>
   </trkpt>
   <trkpt lat="45.7478190" lon="4.7594780">
    <ele>230.6</ele>
    <time>2025-02-28T15:25:26Z</time>
   </trkpt>
   <trkpt lat="45.7478310" lon="4.7595320">
    <ele>230.3</ele>
    <time>2025-02-28T15:25:27Z</time>
   </trkpt>
   <trkpt lat="45.7478360" lon="4.7595560">
    <ele>230.2</ele>
    <time>2025-02-28T15:25:28Z</time>
   </trkpt>
   <trkpt lat="45.7478490" lon="4.7596160">
    <ele>229.8</ele>
    <time>2025-02-28T15:25:29Z</time>
   </trkpt>
   <trkpt lat="45.7478540" lon="4.7596400">
    <ele>229.7</ele>
    <time>2025-02-28T15:25:30Z</time>
   </trkpt>
   <trkpt lat="45.7478720" lon="4.7596820">
    <ele>229.4</ele>
    <time>2025-02-28T15:25:31Z</time>
   </trkpt>
   <trkpt lat="45.7478690" lon="4.7597290">
    <ele>229.1</ele>
    <time>2025-02-28T15:25:32Z</time>
   </trkpt>
   <trkpt lat="45.7478880" lon="4.7597770">
    <ele>228.8</ele>
    <time>2025-02-28T15:25:33Z</time>
   </trkpt>
   <trkpt lat="45.7479020" lon="4.7598120">
    <ele>228.5</ele>
    <time>2025-02-28T15:25:34Z</time>
   </trkpt>
   <trkpt lat="45.7479370" lon="4.7598420">
    <ele>228.1</ele>
    <time>2025-02-28T15:25:35Z</time>
   </trkpt>
   <trkpt lat="45.7479600" lon="4.7598780">
    <ele>227.8</ele>
    <time>2025-02-28T15:25:36Z</time>
   </trkpt>
   <trkpt lat="45.7479860" lon="4.7599220">
    <ele>227.5</ele>
    <time>2025-02-28T15:25:37Z</time>
   </trkpt>
   <trkpt lat="45.7479770" lon="4.7599830">
    <ele>227.1</ele>
    <time>2025-02-28T15:25:38Z</time>
   </trkpt>
   <trkpt lat="45.7479950" lon="4.7600240">
    <ele>226.9</ele>
    <time>2025-02-28T15:25:39Z</time>
   </trkpt>
   <trkpt lat="45.7480220" lon="4.7600510">
    <ele>226.6</ele>
    <time>2025-02-28T15:25:40Z</time>
   </trkpt>
   <trkpt lat="45.7480320" lon="4.7600610">
    <ele>226.5</ele>
    <time>2025-02-28T15:25:41Z</time>
   </trkpt>
   <trkpt lat="45.7480670" lon="4.7601040">
    <ele>226.1</ele>
    <time>2025-02-28T15:25:42Z</time>
   </trkpt>
   <trkpt lat="45.7480860" lon="4.7601430">
    <ele>225.9</ele>
    <time>2025-02-28T15:25:43Z</time>
   </trkpt>
   <trkpt lat="45.7481060" lon="4.7601920">
    <ele>225.6</ele>
    <time>2025-02-28T15:25:44Z</time>
   </trkpt>
   <trkpt lat="45.7481350" lon="4.7602190">
    <ele>225.3</ele>
    <time>2025-02-28T15:25:45Z</time>
   </trkpt>
   <trkpt lat="45.7481600" lon="4.7602560">
    <ele>225.1</ele>
    <time>2025-02-28T15:25:46Z</time>
   </trkpt>
   <trkpt lat="45.7481870" lon="4.7603040">
    <ele>224.8</ele>
    <time>2025-02-28T15:25:47Z</time>
   </trkpt>
   <trkpt lat="45.7481980" lon="4.7603220">
    <ele>224.7</ele>
    <time>2025-02-28T15:25:48Z</time>
   </trkpt>
   <trkpt lat="45.7482020" lon="4.7603710">
    <ele>224.4</ele>
    <time>2025-02-28T15:25:49Z</time>
   </trkpt>
   <trkpt lat="45.7482290" lon="4.7604070">
    <ele>224.2</ele>
    <time>2025-02-28T15:25:50Z</time>
   </trkpt>
   <trkpt lat="45.7482460" lon="4.7604580">
    <ele>223.9</ele>
    <time>2025-02-28T15:25:51Z</time>
   </trkpt>
   <trkpt lat="45.7482650" lon="4.7604890">
    <ele>223.7</ele>
    <time>2025-02-28T15:25:52Z</time>
   </trkpt>
   <trkpt lat="45.7482860" lon="4.7605250">
    <ele>223.4</ele>
    <time>2025-02-28T15:25:53Z</time>
   </trkpt>
   <trkpt lat="45.7483040" lon="4.7605530">
    <ele>223.2</ele>
    <time>2025-02-28T15:25:54Z</time>
   </trkpt>
   <trkpt lat="45.7483160" lon="4.7606090">
    <ele>222.9</ele>
    <time>2025-02-28T15:25:55Z</time>
   </trkpt>
   <trkpt lat="45.7483450" lon="4.7606400">
    <ele>222.7</ele>
    <time>2025-02-28T15:25:56Z</time>
   </trkpt>
   <trkpt lat="45.7483680" lon="4.7606890">
    <ele>222.3</ele>
    <time>2025-02-28T15:25:57Z</time>
   </trkpt>
   <trkpt lat="45.7484020" lon="4.7607070">
    <ele>222.0</ele>
    <time>2025-02-28T15:25:58Z</time>
   </trkpt>
   <trkpt lat="45.7484330" lon="4.7607230">
    <ele>221.8</ele>
    <time>2025-02-28T15:25:59Z</time>
   </trkpt>
   <trkpt lat="45.7484640" lon="4.7607570">
    <ele>221.5</ele>
    <time>2025-02-28T15:26:00Z</time>
   </trkpt>
   <trkpt lat="45.7484770" lon="4.7607790">
    <ele>221.3</ele>
    <time>2025-02-28T15:26:01Z</time>
   </trkpt>
   <trkpt lat="45.7485020" lon="4.7608140">
    <ele>221.0</ele>
    <time>2025-02-28T15:26:02Z</time>
   </trkpt>
   <trkpt lat="45.7485150" lon="4.7608600">
    <ele>220.8</ele>
    <time>2025-02-28T15:26:03Z</time>
   </trkpt>
   <trkpt lat="45.7485460" lon="4.7608880">
    <ele>220.5</ele>
    <time>2025-02-28T15:26:04Z</time>
   </trkpt>
   <trkpt lat="45.7485600" lon="4.7608890">
    <ele>220.4</ele>
    <time>2025-02-28T15:26:05Z</time>
   </trkpt>
   <trkpt lat="45.7485930" lon="4.7609050">
    <ele>220.2</ele>
    <time>2025-02-28T15:26:06Z</time>
   </trkpt>
   <trkpt lat="45.7486280" lon="4.7609170">
    <ele>220.1</ele>
    <time>2025-02-28T15:26:07Z</time>
   </trkpt>
   <trkpt lat="45.7486650" lon="4.7609230">
    <ele>219.9</ele>
    <time>2025-02-28T15:26:08Z</time>
   </trkpt>
   <trkpt lat="45.7486920" lon="4.7609370">
    <ele>219.7</ele>
    <time>2025-02-28T15:26:09Z</time>
   </trkpt>
   <trkpt lat="45.7487220" lon="4.7609500">
    <ele>219.5</ele>
    <time>2025-02-28T15:26:10Z</time>
   </trkpt>
   <trkpt lat="45.7487540" lon="4.7609690">
    <ele>219.3</ele>
    <time>2025-02-28T15:26:11Z</time>
   </trkpt>
   <trkpt lat="45.7487950" lon="4.7609800">
    <ele>219.0</ele>
    <time>2025-02-28T15:26:12Z</time>
   </trkpt>
   <trkpt lat="45.7488230" lon="4.7609900">
    <ele>218.8</ele>
    <time>2025-02-28T15:26:13Z</time>
   </trkpt>
   <trkpt lat="45.7488640" lon="4.7609930">
    <ele>218.5</ele>
    <time>2025-02-28T15:26:14Z</time>
   </trkpt>
   <trkpt lat="45.7488780" lon="4.7609950">
    <ele>218.4</ele>
    <time>2025-02-28T15:26:15Z</time>
   </trkpt>
   <trkpt lat="45.7489060" lon="4.7610040">
    <ele>218.2</ele>
    <time>2025-02-28T15:26:16Z</time>
   </trkpt>
   <trkpt lat="45.7489410" lon="4.7610110">
    <ele>217.9</ele>
    <time>2025-02-28T15:26:17Z</time>
   </trkpt>
   <trkpt lat="45.7489840" lon="4.7610230">
    <ele>217.6</ele>
    <time>2025-02-28T15:26:18Z</time>
   </trkpt>
   <trkpt lat="45.7490250" lon="4.7610360">
    <ele>217.2</ele>
    <time>2025-02-28T15:26:19Z</time>
   </trkpt>
   <trkpt lat="45.7490600" lon="4.7610370">
    <ele>216.9</ele>
    <time>2025-02-28T15:26:20Z</time>
   </trkpt>
   <trkpt lat="45.7491010" lon="4.7610350">
    <ele>216.6</ele>
    <time>2025-02-28T15:26:21Z</time>
   </trkpt>
   <trkpt lat="45.7491190" lon="4.7610410">
    <ele>216.5</ele>
    <time>2025-02-28T15:26:22Z</time>
   </trkpt>
   <trkpt lat="45.7491560" lon="4.7610850">
    <ele>216.1</ele>
    <time>2025-02-28T15:26:23Z</time>
   </trkpt>
   <trkpt lat="45.7491870" lon="4.7611090">
    <ele>215.9</ele>
    <time>2025-02-28T15:26:24Z</time>
   </trkpt>
   <trkpt lat="45.7492030" lon="4.7611100">
    <ele>215.7</ele>
    <time>2025-02-28T15:26:25Z</time>
   </trkpt>
   <trkpt lat="45.7492550" lon="4.7611090">
    <ele>215.4</ele>
    <time>2025-02-28T15:26:26Z</time>
   </trkpt>
   <trkpt lat="45.7492970" lon="4.7611200">
    <ele>215.1</ele>
    <time>2025-02-28T15:26:27Z</time>
   </trkpt>
   <trkpt lat="45.7494790" lon="4.7611570">
    <ele>213.9</ele>
    <time>2025-02-28T15:26:32Z</time>
   </trkpt>
   <trkpt lat="45.7495190" lon="4.7611640">
    <ele>213.6</ele>
    <time>2025-02-28T15:26:33Z</time>
   </trkpt>
   <trkpt lat="45.7495530" lon="4.7611720">
    <ele>213.4</ele>
    <time>2025-02-28T15:26:34Z</time>
   </trkpt>
   <trkpt lat="45.7495820" lon="4.7611620">
    <ele>213.3</ele>
    <time>2025-02-28T15:26:35Z</time>
   </trkpt>
   <trkpt lat="45.7496110" lon="4.7611710">
    <ele>213.1</ele>
    <time>2025-02-28T15:26:36Z</time>
   </trkpt>
   <trkpt lat="45.7496140" lon="4.7611790">
    <ele>213.0</ele>
    <time>2025-02-28T15:26:37Z</time>
   </trkpt>
   <trkpt lat="45.7496420" lon="4.7611830">
    <ele>212.9</ele>
    <time>2025-02-28T15:26:38Z</time>
   </trkpt>
   <trkpt lat="45.7496800" lon="4.7611960">
    <ele>212.7</ele>
    <time>2025-02-28T15:26:39Z</time>
   </trkpt>
   <trkpt lat="45.7497000" lon="4.7612000">
    <ele>212.6</ele>
    <time>2025-02-28T15:26:40Z</time>
   </trkpt>
   <trkpt lat="45.7497290" lon="4.7611960">
    <ele>212.4</ele>
    <time>2025-02-28T15:26:41Z</time>
   </trkpt>
   <trkpt lat="45.7497440" lon="4.7612030">
    <ele>212.3</ele>
    <time>2025-02-28T15:26:42Z</time>
   </trkpt>
   <trkpt lat="45.7497790" lon="4.7612170">
    <ele>212.1</ele>
    <time>2025-02-28T15:26:43Z</time>
   </trkpt>
   <trkpt lat="45.7498170" lon="4.7612220">
    <ele>211.9</ele>
    <time>2025-02-28T15:26:44Z</time>
   </trkpt>
   <trkpt lat="45.7498390" lon="4.7612260">
    <ele>211.8</ele>
    <time>2025-02-28T15:26:45Z</time>
   </trkpt>
   <trkpt lat="45.7498530" lon="4.7612270">
    <ele>211.7</ele>
    <time>2025-02-28T15:26:46Z</time>
   </trkpt>
   <trkpt lat="45.7498710" lon="4.7612340">
    <ele>211.6</ele>
    <time>2025-02-28T15:26:47Z</time>
   </trkpt>
   <trkpt lat="45.7499060" lon="4.7612290">
    <ele>211.5</ele>
    <time>2025-02-28T15:26:48Z</time>
   </trkpt>
   <trkpt lat="45.7499230" lon="4.7612270">
    <ele>211.4</ele>
    <time>2025-02-28T15:26:49Z</time>
   </trkpt>
   <trkpt lat="45.7499760" lon="4.7612430">
    <ele>211.1</ele>
    <time>2025-02-28T15:26:50Z</time>
   </trkpt>
   <trkpt lat="45.7500110" lon="4.7612610">
    <ele>211.0</ele>
    <time>2025-02-28T15:26:51Z</time>
   </trkpt>
   <trkpt lat="45.7500430" lon="4.7612700">
    <ele>210.9</ele>
    <time>2025-02-28T15:26:52Z</time>
   </trkpt>
   <trkpt lat="45.7500620" lon="4.7612810">
    <ele>210.8</ele>
    <time>2025-02-28T15:26:53Z</time>
   </trkpt>
   <trkpt lat="45.7500950" lon="4.7612880">
    <ele>210.6</ele>
    <time>2025-02-28T15:26:54Z</time>
   </trkpt>
   <trkpt lat="45.7501420" lon="4.7612890">
    <ele>210.5</ele>
    <time>2025-02-28T15:26:55Z</time>
   </trkpt>
   <trkpt lat="45.7501990" lon="4.7613020">
    <ele>210.2</ele>
    <time>2025-02-28T15:26:56Z</time>
   </trkpt>
   <trkpt lat="45.7502420" lon="4.7613190">
    <ele>210.1</ele>
    <time>2025-02-28T15:26:57Z</time>
   </trkpt>
   <trkpt lat="45.7502780" lon="4.7613270">
    <ele>210.0</ele>
    <time>2025-02-28T15:26:58Z</time>
   </trkpt>
   <trkpt lat="45.7503160" lon="4.7613400">
    <ele>209.8</ele>
    <time>2025-02-28T15:26:59Z</time>
   </trkpt>
   <trkpt lat="45.7503550" lon="4.7613550">
    <ele>209.7</ele>
    <time>2025-02-28T15:27:00Z</time>
   </trkpt>
   <trkpt lat="45.7503860" lon="4.7613680">
    <ele>209.6</ele>
    <time>2025-02-28T15:27:01Z</time>
   </trkpt>
   <trkpt lat="45.7504230" lon="4.7613690">
    <ele>209.5</ele>
    <time>2025-02-28T15:27:02Z</time>
   </trkpt>
   <trkpt lat="45.7504360" lon="4.7613720">
    <ele>209.4</ele>
    <time>2025-02-28T15:27:03Z</time>
   </trkpt>
   <trkpt lat="45.7504700" lon="4.7613870">
    <ele>209.3</ele>
    <time>2025-02-28T15:27:04Z</time>
   </trkpt>
   <trkpt lat="45.7505070" lon="4.7613820">
    <ele>209.2</ele>
    <time>2025-02-28T15:27:05Z</time>
   </trkpt>
   <trkpt lat="45.7505470" lon="4.7613860">
    <ele>209.1</ele>
    <time>2025-02-28T15:27:06Z</time>
   </trkpt>
   <trkpt lat="45.7505690" lon="4.7613490">
    <ele>209.0</ele>
    <time>2025-02-28T15:27:07Z</time>
   </trkpt>
   <trkpt lat="45.7506010" lon="4.7613380">
    <ele>209.0</ele>
    <time>2025-02-28T15:27:08Z</time>
   </trkpt>
   <trkpt lat="45.7506330" lon="4.7613580">
    <ele>208.8</ele>
    <time>2025-02-28T15:27:09Z</time>
   </trkpt>
   <trkpt lat="45.7506670" lon="4.7613640">
    <ele>208.7</ele>
    <time>2025-02-28T15:27:10Z</time>
   </trkpt>
   <trkpt lat="45.7507040" lon="4.7614170">
    <ele>208.6</ele>
    <time>2025-02-28T15:27:11Z</time>
   </trkpt>
   <trkpt lat="45.7507400" lon="4.7614350">
    <ele>208.5</ele>
    <time>2025-02-28T15:27:12Z</time>
   </trkpt>
   <trkpt lat="45.7507900" lon="4.7614500">
    <ele>208.3</ele>
    <time>2025-02-28T15:27:13Z</time>
   </trkpt>
   <trkpt lat="45.7508190" lon="4.7614550">
    <ele>208.2</ele>
    <time>2025-02-28T15:27:14Z</time>
   </trkpt>
   <trkpt lat="45.7508550" lon="4.7614520">
    <ele>208.1</ele>
    <time>2025-02-28T15:27:15Z</time>
   </trkpt>
   <trkpt lat="45.7508820" lon="4.7614460">
    <ele>208.1</ele>
    <time>2025-02-28T15:27:16Z</time>
   </trkpt>
   <trkpt lat="45.7509240" lon="4.7614390">
    <ele>208.0</ele>
    <time>2025-02-28T15:27:17Z</time>
   </trkpt>
   <trkpt lat="45.7509650" lon="4.7614290">
    <ele>207.9</ele>
    <time>2025-02-28T15:27:18Z</time>
   </trkpt>
   <trkpt lat="45.7510030" lon="4.7614260">
    <ele>207.7</ele>
    <time>2025-02-28T15:27:19Z</time>
   </trkpt>
   <trkpt lat="45.7510400" lon="4.7614210">
    <ele>207.6</ele>
    <time>2025-02-28T15:27:20Z</time>
   </trkpt>
   <trkpt lat="45.7510790" lon="4.7614150">
    <ele>207.4</ele>
    <time>2025-02-28T15:27:21Z</time>
   </trkpt>
   <trkpt lat="45.7511210" lon="4.7614220">
    <ele>207.3</ele>
    <time>2025-02-28T15:27:23Z</time>
   </trkpt>
   <trkpt lat="45.7511370" lon="4.7614180">
    <ele>207.2</ele>
    <time>2025-02-28T15:27:24Z</time>
   </trkpt>
   <trkpt lat="45.7511630" lon="4.7614340">
    <ele>207.1</ele>
    <time>2025-02-28T15:27:25Z</time>
   </trkpt>
   <trkpt lat="45.7511970" lon="4.7614530">
    <ele>206.9</ele>
    <time>2025-02-28T15:27:26Z</time>
   </trkpt>
   <trkpt lat="45.7512270" lon="4.7614690">
    <ele>206.7</ele>
    <time>2025-02-28T15:27:27Z</time>
   </trkpt>
   <trkpt lat="45.7512630" lon="4.7614750">
    <ele>206.6</ele>
    <time>2025-02-28T15:27:28Z</time>
   </trkpt>
   <trkpt lat="45.7512960" lon="4.7614770">
    <ele>206.4</ele>
    <time>2025-02-28T15:27:29Z</time>
   </trkpt>
   <trkpt lat="45.7513300" lon="4.7614760">
    <ele>206.3</ele>
    <time>2025-02-28T15:27:30Z</time>
   </trkpt>
   <trkpt lat="45.7513680" lon="4.7614690">
    <ele>206.1</ele>
    <time>2025-02-28T15:27:31Z</time>
   </trkpt>
   <trkpt lat="45.7513970" lon="4.7614790">
    <ele>205.9</ele>
    <time>2025-02-28T15:27:32Z</time>
   </trkpt>
   <trkpt lat="45.7514240" lon="4.7615100">
    <ele>205.8</ele>
    <time>2025-02-28T15:27:33Z</time>
   </trkpt>
   <trkpt lat="45.7514360" lon="4.7615190">
    <ele>205.7</ele>
    <time>2025-02-28T15:27:34Z</time>
   </trkpt>
   <trkpt lat="45.7514660" lon="4.7615410">
    <ele>205.6</ele>
    <time>2025-02-28T15:27:35Z</time>
   </trkpt>
   <trkpt lat="45.7514990" lon="4.7615530">
    <ele>205.4</ele>
    <time>2025-02-28T15:27:36Z</time>
   </trkpt>
   <trkpt lat="45.7515290" lon="4.7615800">
    <ele>205.3</ele>
    <time>2025-02-28T15:27:37Z</time>
   </trkpt>
   <trkpt lat="45.7515660" lon="4.7616050">
    <ele>205.1</ele>
    <time>2025-02-28T15:27:38Z</time>
   </trkpt>
   <trkpt lat="45.7515810" lon="4.7616150">
    <ele>205.0</ele>
    <time>2025-02-28T15:27:39Z</time>
   </trkpt>
   <trkpt lat="45.7516090" lon="4.7616310">
    <ele>204.9</ele>
    <time>2025-02-28T15:27:40Z</time>
   </trkpt>
   <trkpt lat="45.7516470" lon="4.7616650">
    <ele>204.8</ele>
    <time>2025-02-28T15:27:41Z</time>
   </trkpt>
   <trkpt lat="45.7516670" lon="4.7617090">
    <ele>204.6</ele>
    <time>2025-02-28T15:27:42Z</time>
   </trkpt>
   <trkpt lat="45.7516730" lon="4.7617340">
    <ele>204.6</ele>
    <time>2025-02-28T15:27:43Z</time>
   </trkpt>
   <trkpt lat="45.7516900" lon="4.7617700">
    <ele>204.5</ele>
    <time>2025-02-28T15:27:44Z</time>
   </trkpt>
   <trkpt lat="45.7517110" lon="4.7618010">
    <ele>204.5</ele>
    <time>2025-02-28T15:27:45Z</time>
   </trkpt>
   <trkpt lat="45.7517260" lon="4.7618430">
    <ele>204.5</ele>
    <time>2025-02-28T15:27:46Z</time>
   </trkpt>
   <trkpt lat="45.7517470" lon="4.7618950">
    <ele>204.5</ele>
    <time>2025-02-28T15:27:47Z</time>
   </trkpt>
   <trkpt lat="45.7517530" lon="4.7619180">
    <ele>204.5</ele>
    <time>2025-02-28T15:27:48Z</time>
   </trkpt>
   <trkpt lat="45.7517630" lon="4.7619570">
    <ele>204.5</ele>
    <time>2025-02-28T15:27:49Z</time>
   </trkpt>
   <trkpt lat="45.7517720" lon="4.7620010">
    <ele>204.5</ele>
    <time>2025-02-28T15:27:50Z</time>
   </trkpt>
   <trkpt lat="45.7517930" lon="4.7620430">
    <ele>204.5</ele>
    <time>2025-02-28T15:27:51Z</time>
   </trkpt>
   <trkpt lat="45.7517980" lon="4.7620540">
    <ele>204.5</ele>
    <time>2025-02-28T15:27:52Z</time>
   </trkpt>
   <trkpt lat="45.7518120" lon="4.7620900">
    <ele>204.5</ele>
    <time>2025-02-28T15:27:53Z</time>
   </trkpt>
   <trkpt lat="45.7518210" lon="4.7621430">
    <ele>204.5</ele>
    <time>2025-02-28T15:27:54Z</time>
   </trkpt>
   <trkpt lat="45.7518250" lon="4.7621600">
    <ele>204.5</ele>
    <time>2025-02-28T15:27:55Z</time>
   </trkpt>
   <trkpt lat="45.7518340" lon="4.7622000">
    <ele>204.5</ele>
    <time>2025-02-28T15:27:56Z</time>
   </trkpt>
   <trkpt lat="45.7518440" lon="4.7622400">
    <ele>204.4</ele>
    <time>2025-02-28T15:27:57Z</time>
   </trkpt>
   <trkpt lat="45.7518620" lon="4.7622840">
    <ele>204.3</ele>
    <time>2025-02-28T15:27:58Z</time>
   </trkpt>
   <trkpt lat="45.7518700" lon="4.7623230">
    <ele>204.3</ele>
    <time>2025-02-28T15:27:59Z</time>
   </trkpt>
   <trkpt lat="45.7518650" lon="4.7623740">
    <ele>204.4</ele>
    <time>2025-02-28T15:28:00Z</time>
   </trkpt>
   <trkpt lat="45.7518580" lon="4.7623890">
    <ele>204.5</ele>
    <time>2025-02-28T15:28:01Z</time>
   </trkpt>
   <trkpt lat="45.7518510" lon="4.7624360">
    <ele>204.5</ele>
    <time>2025-02-28T15:28:02Z</time>
   </trkpt>
   <trkpt lat="45.7518500" lon="4.7624540">
    <ele>204.6</ele>
    <time>2025-02-28T15:28:03Z</time>
   </trkpt>
   <trkpt lat="45.7518440" lon="4.7624940">
    <ele>204.6</ele>
    <time>2025-02-28T15:28:04Z</time>
   </trkpt>
   <trkpt lat="45.7518370" lon="4.7625050">
    <ele>204.7</ele>
    <time>2025-02-28T15:28:05Z</time>
   </trkpt>
   <trkpt lat="45.7518320" lon="4.7625550">
    <ele>204.8</ele>
    <time>2025-02-28T15:28:06Z</time>
   </trkpt>
   <trkpt lat="45.7518260" lon="4.7625770">
    <ele>204.8</ele>
    <time>2025-02-28T15:28:07Z</time>
   </trkpt>
   <trkpt lat="45.7518030" lon="4.7626140">
    <ele>204.9</ele>
    <time>2025-02-28T15:28:08Z</time>
   </trkpt>
   <trkpt lat="45.7517960" lon="4.7626310">
    <ele>204.9</ele>
    <time>2025-02-28T15:28:09Z</time>
   </trkpt>
   <trkpt lat="45.7517780" lon="4.7626720">
    <ele>205.0</ele>
    <time>2025-02-28T15:28:10Z</time>
   </trkpt>
   <trkpt lat="45.7517730" lon="4.7626890">
    <ele>205.0</ele>
    <time>2025-02-28T15:28:11Z</time>
   </trkpt>
   <trkpt lat="45.7517500" lon="4.7627310">
    <ele>205.1</ele>
    <time>2025-02-28T15:28:12Z</time>
   </trkpt>
   <trkpt lat="45.7517430" lon="4.7627460">
    <ele>205.2</ele>
    <time>2025-02-28T15:28:13Z</time>
   </trkpt>
   <trkpt lat="45.7517280" lon="4.7627840">
    <ele>205.3</ele>
    <time>2025-02-28T15:28:14Z</time>
   </trkpt>
   <trkpt lat="45.7517110" lon="4.7628230">
    <ele>205.4</ele>
    <time>2025-02-28T15:28:15Z</time>
   </trkpt>
   <trkpt lat="45.7517030" lon="4.7628300">
    <ele>205.4</ele>
    <time>2025-02-28T15:28:16Z</time>
   </trkpt>
   <trkpt lat="45.7516950" lon="4.7628810">
    <ele>205.5</ele>
    <time>2025-02-28T15:28:17Z</time>
   </trkpt>
   <trkpt lat="45.7516880" lon="4.7629010">
    <ele>205.5</ele>
    <time>2025-02-28T15:28:18Z</time>
   </trkpt>
   <trkpt lat="45.7516720" lon="4.7629460">
    <ele>205.7</ele>
    <time>2025-02-28T15:28:19Z</time>
   </trkpt>
   <trkpt lat="45.7516650" lon="4.7629570">
    <ele>205.7</ele>
    <time>2025-02-28T15:28:20Z</time>
   </trkpt>
   <trkpt lat="45.7516470" lon="4.7629930">
    <ele>205.8</ele>
    <time>2025-02-28T15:28:21Z</time>
   </trkpt>
   <trkpt lat="45.7516300" lon="4.7630350">
    <ele>205.9</ele>
    <time>2025-02-28T15:28:22Z</time>
   </trkpt>
   <trkpt lat="45.7516140" lon="4.7630710">
    <ele>206.0</ele>
    <time>2025-02-28T15:28:23Z</time>
   </trkpt>
   <trkpt lat="45.7515960" lon="4.7631010">
    <ele>206.1</ele>
    <time>2025-02-28T15:28:24Z</time>
   </trkpt>
   <trkpt lat="45.7515720" lon="4.7631350">
    <ele>206.2</ele>
    <time>2025-02-28T15:28:25Z</time>
   </trkpt>
   <trkpt lat="45.7515680" lon="4.7631570">
    <ele>206.2</ele>
    <time>2025-02-28T15:28:26Z</time>
   </trkpt>
   <trkpt lat="45.7515610" lon="4.7632190">
    <ele>206.4</ele>
    <time>2025-02-28T15:28:27Z</time>
   </trkpt>
   <trkpt lat="45.7515380" lon="4.7632630">
    <ele>206.6</ele>
    <time>2025-02-28T15:28:28Z</time>
   </trkpt>
   <trkpt lat="45.7515250" lon="4.7632720">
    <ele>206.6</ele>
    <time>2025-02-28T15:28:29Z</time>
   </trkpt>
   <trkpt lat="45.7515070" lon="4.7633190">
    <ele>206.8</ele>
    <time>2025-02-28T15:28:30Z</time>
   </trkpt>
   <trkpt lat="45.7514990" lon="4.7633330">
    <ele>206.8</ele>
    <time>2025-02-28T15:28:31Z</time>
   </trkpt>
   <trkpt lat="45.7514820" lon="4.7633790">
    <ele>207.0</ele>
    <time>2025-02-28T15:28:32Z</time>
   </trkpt>
   <trkpt lat="45.7514630" lon="4.7634120">
    <ele>207.1</ele>
    <time>2025-02-28T15:28:33Z</time>
   </trkpt>
   <trkpt lat="45.7514550" lon="4.7634180">
    <ele>207.2</ele>
    <time>2025-02-28T15:28:34Z</time>
   </trkpt>
   <trkpt lat="45.7514300" lon="4.7634410">
    <ele>207.3</ele>
    <time>2025-02-28T15:28:35Z</time>
   </trkpt>
   <trkpt lat="45.7514180" lon="4.7634760">
    <ele>207.4</ele>
    <time>2025-02-28T15:28:36Z</time>
   </trkpt>
   <trkpt lat="45.7513950" lon="4.7635000">
    <ele>207.6</ele>
    <time>2025-02-28T15:28:37Z</time>
   </trkpt>
   <trkpt lat="45.7513810" lon="4.7635340">
    <ele>207.7</ele>
    <time>2025-02-28T15:28:38Z</time>
   </trkpt>
   <trkpt lat="45.7513570" lon="4.7635730">
    <ele>207.9</ele>
    <time>2025-02-28T15:28:39Z</time>
   </trkpt>
   <trkpt lat="45.7513460" lon="4.7635820">
    <ele>208.0</ele>
    <time>2025-02-28T15:28:40Z</time>
   </trkpt>
   <trkpt lat="45.7513310" lon="4.7636240">
    <ele>208.2</ele>
    <time>2025-02-28T15:28:41Z</time>
   </trkpt>
   <trkpt lat="45.7513140" lon="4.7636660">
    <ele>208.4</ele>
    <time>2025-02-28T15:28:42Z</time>
   </trkpt>
   <trkpt lat="45.7513080" lon="4.7636830">
    <ele>208.4</ele>
    <time>2025-02-28T15:28:43Z</time>
   </trkpt>
   <trkpt lat="45.7512750" lon="4.7637080">
    <ele>208.7</ele>
    <time>2025-02-28T15:28:44Z</time>
   </trkpt>
   <trkpt lat="45.7512600" lon="4.7637150">
    <ele>208.8</ele>
    <time>2025-02-28T15:28:45Z</time>
   </trkpt>
   <trkpt lat="45.7512330" lon="4.7637160">
    <ele>208.9</ele>
    <time>2025-02-28T15:28:46Z</time>
   </trkpt>
   <trkpt lat="45.7511990" lon="4.7637560">
    <ele>209.2</ele>
    <time>2025-02-28T15:28:47Z</time>
   </trkpt>
   <trkpt lat="45.7511890" lon="4.7637780">
    <ele>209.3</ele>
    <time>2025-02-28T15:28:48Z</time>
   </trkpt>
   <trkpt lat="45.7511740" lon="4.7638130">
    <ele>209.5</ele>
    <time>2025-02-28T15:28:49Z</time>
   </trkpt>
   <trkpt lat="45.7511640" lon="4.7638240">
    <ele>209.5</ele>
    <time>2025-02-28T15:28:50Z</time>
   </trkpt>
   <trkpt lat="45.7511310" lon="4.7638410">
    <ele>209.7</ele>
    <time>2025-02-28T15:28:51Z</time>
   </trkpt>
   <trkpt lat="45.7511220" lon="4.7638420">
    <ele>209.8</ele>
    <time>2025-02-28T15:28:52Z</time>
   </trkpt>
   <trkpt lat="45.7510880" lon="4.7638670">
    <ele>210.0</ele>
    <time>2025-02-28T15:28:53Z</time>
   </trkpt>
   <trkpt lat="45.7510740" lon="4.7638840">
    <ele>210.2</ele>
    <time>2025-02-28T15:28:54Z</time>
   </trkpt>
   <trkpt lat="45.7510380" lon="4.7638860">
    <ele>210.4</ele>
    <time>2025-02-28T15:28:55Z</time>
   </trkpt>
   <trkpt lat="45.7510280" lon="4.7638910">
    <ele>210.4</ele>
    <time>2025-02-28T15:28:56Z</time>
   </trkpt>
   <trkpt lat="45.7510160" lon="4.7639350">
    <ele>210.7</ele>
    <time>2025-02-28T15:28:57Z</time>
   </trkpt>
   <trkpt lat="45.7510040" lon="4.7639770">
    <ele>210.9</ele>
    <time>2025-02-28T15:28:58Z</time>
   </trkpt>
   <trkpt lat="45.7509860" lon="4.7640190">
    <ele>211.1</ele>
    <time>2025-02-28T15:28:59Z</time>
   </trkpt>
   <trkpt lat="45.7509750" lon="4.7640260">
    <ele>211.2</ele>
    <time>2025-02-28T15:29:00Z</time>
   </trkpt>
   <trkpt lat="45.7509450" lon="4.7640310">
    <ele>211.4</ele>
    <time>2025-02-28T15:29:01Z</time>
   </trkpt>
   <trkpt lat="45.7509150" lon="4.7640550">
    <ele>211.6</ele>
    <time>2025-02-28T15:29:02Z</time>
   </trkpt>
   <trkpt lat="45.7509020" lon="4.7640540">
    <ele>211.7</ele>
    <time>2025-02-28T15:29:03Z</time>
   </trkpt>
   <trkpt lat="45.7508710" lon="4.7640790">
    <ele>211.9</ele>
    <time>2025-02-28T15:29:04Z</time>
   </trkpt>
   <trkpt lat="45.7508600" lon="4.7640810">
    <ele>212.0</ele>
    <time>2025-02-28T15:29:05Z</time>
   </trkpt>
   <trkpt lat="45.7508360" lon="4.7641040">
    <ele>212.2</ele>
    <time>2025-02-28T15:29:06Z</time>
   </trkpt>
   <trkpt lat="45.7508150" lon="4.7641290">
    <ele>212.4</ele>
    <time>2025-02-28T15:29:07Z</time>
   </trkpt>
   <trkpt lat="45.7507880" lon="4.7641610">
    <ele>212.7</ele>
    <time>2025-02-28T15:29:08Z</time>
   </trkpt>
   <trkpt lat="45.7507760" lon="4.7641690">
    <ele>212.8</ele>
    <time>2025-02-28T15:29:09Z</time>
   </trkpt>
   <trkpt lat="45.7507560" lon="4.7642130">
    <ele>213.0</ele>
    <time>2025-02-28T15:29:10Z</time>
   </trkpt>
   <trkpt lat="45.7507470" lon="4.7642240">
    <ele>213.1</ele>
    <time>2025-02-28T15:29:11Z</time>
   </trkpt>
   <trkpt lat="45.7507260" lon="4.7642510">
    <ele>213.3</ele>
    <time>2025-02-28T15:29:12Z</time>
   </trkpt>
   <trkpt lat="45.7506980" lon="4.7642730">
    <ele>213.5</ele>
    <time>2025-02-28T15:29:13Z</time>
   </trkpt>
   <trkpt lat="45.7506900" lon="4.7642830">
    <ele>213.6</ele>
    <time>2025-02-28T15:29:14Z</time>
   </trkpt>
   <trkpt lat="45.7506590" lon="4.7642760">
    <ele>213.8</ele>
    <time>2025-02-28T15:29:15Z</time>
   </trkpt>
   <trkpt lat="45.7506330" lon="4.7642920">
    <ele>214.1</ele>
    <time>2025-02-28T15:29:16Z</time>
   </trkpt>
   <trkpt lat="45.7506170" lon="4.7643260">
    <ele>214.3</ele>
    <time>2025-02-28T15:29:17Z</time>
   </trkpt>
   <trkpt lat="45.7505930" lon="4.7643620">
    <ele>214.5</ele>
    <time>2025-02-28T15:29:18Z</time>
   </trkpt>
   <trkpt lat="45.7505840" lon="4.7643760">
    <ele>214.6</ele>
    <time>2025-02-28T15:29:19Z</time>
   </trkpt>
   <trkpt lat="45.7505730" lon="4.7644360">
    <ele>215.0</ele>
    <time>2025-02-28T15:29:20Z</time>
   </trkpt>
   <trkpt lat="45.7505590" lon="4.7644730">
    <ele>215.2</ele>
    <time>2025-02-28T15:29:21Z</time>
   </trkpt>
   <trkpt lat="45.7505560" lon="4.7644860">
    <ele>215.3</ele>
    <time>2025-02-28T15:29:22Z</time>
   </trkpt>
   <trkpt lat="45.7505420" lon="4.7645290">
    <ele>215.5</ele>
    <time>2025-02-28T15:29:23Z</time>
   </trkpt>
   <trkpt lat="45.7505290" lon="4.7645680">
    <ele>215.8</ele>
    <time>2025-02-28T15:29:24Z</time>
   </trkpt>
   <trkpt lat="45.7505210" lon="4.7645750">
    <ele>215.8</ele>
    <time>2025-02-28T15:29:25Z</time>
   </trkpt>
   <trkpt lat="45.7505090" lon="4.7645850">
    <ele>215.9</ele>
    <time>2025-02-28T15:29:26Z</time>
   </trkpt>
   <trkpt lat="45.7505010" lon="4.7646120">
    <ele>216.1</ele>
    <time>2025-02-28T15:29:27Z</time>
   </trkpt>
   <trkpt lat="45.7504850" lon="4.7646620">
    <ele>216.4</ele>
    <time>2025-02-28T15:29:28Z</time>
   </trkpt>
   <trkpt lat="45.7504810" lon="4.7646810">
    <ele>216.5</ele>
    <time>2025-02-28T15:29:29Z</time>
   </trkpt>
   <trkpt lat="45.7504740" lon="4.7647290">
    <ele>216.8</ele>
    <time>2025-02-28T15:29:30Z</time>
   </trkpt>
   <trkpt lat="45.7504740" lon="4.7647460">
    <ele>216.9</ele>
    <time>2025-02-28T15:29:31Z</time>
   </trkpt>
   <trkpt lat="45.7504740" lon="4.7647970">
    <ele>217.2</ele>
    <time>2025-02-28T15:29:32Z</time>
   </trkpt>
   <trkpt lat="45.7504740" lon="4.7648160">
    <ele>217.2</ele>
    <time>2025-02-28T15:29:33Z</time>
   </trkpt>
   <trkpt lat="45.7504800" lon="4.7648590">
    <ele>217.5</ele>
    <time>2025-02-28T15:29:34Z</time>
   </trkpt>
   <trkpt lat="45.7504810" lon="4.7648730">
    <ele>217.5</ele>
    <time>2025-02-28T15:29:35Z</time>
   </trkpt>
   <trkpt lat="45.7504850" lon="4.7649200">
    <ele>217.8</ele>
    <time>2025-02-28T15:29:36Z</time>
   </trkpt>
   <trkpt lat="45.7504870" lon="4.7649340">
    <ele>217.8</ele>
    <time>2025-02-28T15:29:37Z</time>
   </trkpt>
   <trkpt lat="45.7504810" lon="4.7649850">
    <ele>218.1</ele>
    <time>2025-02-28T15:29:38Z</time>
   </trkpt>
   <trkpt lat="45.7504740" lon="4.7650040">
    <ele>218.2</ele>
    <time>2025-02-28T15:29:39Z</time>
   </trkpt>
   <trkpt lat="45.7505030" lon="4.7650470">
    <ele>218.5</ele>
    <time>2025-02-28T15:29:40Z</time>
   </trkpt>
   <trkpt lat="45.7505160" lon="4.7650620">
    <ele>218.6</ele>
    <time>2025-02-28T15:29:41Z</time>
   </trkpt>
   <trkpt lat="45.7505270" lon="4.7650980">
    <ele>218.8</ele>
    <time>2025-02-28T15:29:42Z</time>
   </trkpt>
   <trkpt lat="45.7505160" lon="4.7651490">
    <ele>219.1</ele>
    <time>2025-02-28T15:29:43Z</time>
   </trkpt>
   <trkpt lat="45.7505150" lon="4.7651650">
    <ele>219.2</ele>
    <time>2025-02-28T15:29:44Z</time>
   </trkpt>
   <trkpt lat="45.7505180" lon="4.7652080">
    <ele>219.4</ele>
    <time>2025-02-28T15:29:45Z</time>
   </trkpt>
   <trkpt lat="45.7505240" lon="4.7652250">
    <ele>219.5</ele>
    <time>2025-02-28T15:29:46Z</time>
   </trkpt>
   <trkpt lat="45.7505450" lon="4.7652680">
    <ele>219.8</ele>
    <time>2025-02-28T15:29:47Z</time>
   </trkpt>
   <trkpt lat="45.7505800" lon="4.7652870">
    <ele>220.0</ele>
    <time>2025-02-28T15:29:48Z</time>
   </trkpt>
   <trkpt lat="45.7505980" lon="4.7652810">
    <ele>220.2</ele>
    <time>2025-02-28T15:29:49Z</time>
   </trkpt>
   <trkpt lat="45.7506390" lon="4.7652940">
    <ele>220.5</ele>
    <time>2025-02-28T15:29:50Z</time>
   </trkpt>
   <trkpt lat="45.7506740" lon="4.7653080">
    <ele>220.6</ele>
    <time>2025-02-28T15:29:51Z</time>
   </trkpt>
   <trkpt lat="45.7507000" lon="4.7653460">
    <ele>220.7</ele>
    <time>2025-02-28T15:29:52Z</time>
   </trkpt>
   <trkpt lat="45.7507080" lon="4.7653630">
    <ele>220.7</ele>
    <time>2025-02-28T15:29:53Z</time>
   </trkpt>
   <trkpt lat="45.7507230" lon="4.7653960">
    <ele>220.8</ele>
    <time>2025-02-28T15:29:54Z</time>
   </trkpt>
   <trkpt lat="45.7507290" lon="4.7654350">
    <ele>220.9</ele>
    <time>2025-02-28T15:29:55Z</time>
   </trkpt>
   <trkpt lat="45.7507520" lon="4.7654740">
    <ele>220.9</ele>
    <time>2025-02-28T15:29:56Z</time>
   </trkpt>
   <trkpt lat="45.7507770" lon="4.7655030">
    <ele>221.0</ele>
    <time>2025-02-28T15:29:57Z</time>
   </trkpt>
   <trkpt lat="45.7508080" lon="4.7655340">
    <ele>221.1</ele>
    <time>2025-02-28T15:29:58Z</time>
   </trkpt>
   <trkpt lat="45.7508190" lon="4.7655440">
    <ele>221.1</ele>
    <time>2025-02-28T15:29:59Z</time>
   </trkpt>
   <trkpt lat="45.7508470" lon="4.7655740">
    <ele>221.1</ele>
    <time>2025-02-28T15:30:00Z</time>
   </trkpt>
   <trkpt lat="45.7508600" lon="4.7655820">
    <ele>221.2</ele>
    <time>2025-02-28T15:30:01Z</time>
   </trkpt>
   <trkpt lat="45.7508970" lon="4.7655900">
    <ele>221.2</ele>
    <time>2025-02-28T15:30:02Z</time>
   </trkpt>
   <trkpt lat="45.7509090" lon="4.7655860">
    <ele>221.3</ele>
    <time>2025-02-28T15:30:03Z</time>
   </trkpt>
   <trkpt lat="45.7509400" lon="4.7655990">
    <ele>221.3</ele>
    <time>2025-02-28T15:30:04Z</time>
   </trkpt>
   <trkpt lat="45.7509700" lon="4.7656110">
    <ele>221.4</ele>
    <time>2025-02-28T15:30:05Z</time>
   </trkpt>
   <trkpt lat="45.7510100" lon="4.7656170">
    <ele>221.5</ele>
    <time>2025-02-28T15:30:06Z</time>
   </trkpt>
   <trkpt lat="45.7510250" lon="4.7656150">
    <ele>221.5</ele>
    <time>2025-02-28T15:30:07Z</time>
   </trkpt>
   <trkpt lat="45.7510540" lon="4.7656220">
    <ele>221.6</ele>
    <time>2025-02-28T15:30:08Z</time>
   </trkpt>
   <trkpt lat="45.7510940" lon="4.7656150">
    <ele>221.7</ele>
    <time>2025-02-28T15:30:09Z</time>
   </trkpt>
   <trkpt lat="45.7511080" lon="4.7656090">
    <ele>221.7</ele>
    <time>2025-02-28T15:30:10Z</time>
   </trkpt>
   <trkpt lat="45.7511400" lon="4.7656080">
    <ele>221.8</ele>
    <time>2025-02-28T15:30:11Z</time>
   </trkpt>
   <trkpt lat="45.7511670" lon="4.7656270">
    <ele>221.8</ele>
    <time>2025-02-28T15:30:12Z</time>
   </trkpt>
   <trkpt lat="45.7511780" lon="4.7656290">
    <ele>221.8</ele>
    <time>2025-02-28T15:30:13Z</time>
   </trkpt>
   <trkpt lat="45.7512020" lon="4.7656550">
    <ele>221.9</ele>
    <time>2025-02-28T15:30:14Z</time>
   </trkpt>
   <trkpt lat="45.7512180" lon="4.7656620">
    <ele>221.9</ele>
    <time>2025-02-28T15:30:15Z</time>
   </trkpt>
   <trkpt lat="45.7512360" lon="4.7656760">
    <ele>222.0</ele>
    <time>2025-02-28T15:30:16Z</time>
   </trkpt>
   <trkpt lat="45.7512670" lon="4.7656910">
    <ele>222.0</ele>
    <time>2025-02-28T15:30:17Z</time>
   </trkpt>
   <trkpt lat="45.7512940" lon="4.7657010">
    <ele>222.1</ele>
    <time>2025-02-28T15:30:18Z</time>
   </trkpt>
   <trkpt lat="45.7513240" lon="4.7657270">
    <ele>222.1</ele>
    <time>2025-02-28T15:30:19Z</time>
   </trkpt>
   <trkpt lat="45.7513350" lon="4.7657390">
    <ele>222.1</ele>
    <time>2025-02-28T15:30:20Z</time>
   </trkpt>
   <trkpt lat="45.7513600" lon="4.7657540">
    <ele>222.2</ele>
    <time>2025-02-28T15:30:21Z</time>
   </trkpt>
   <trkpt lat="45.7513870" lon="4.7657700">
    <ele>222.2</ele>
    <time>2025-02-28T15:30:22Z</time>
   </trkpt>
   <trkpt lat="45.7514140" lon="4.7657850">
    <ele>222.3</ele>
    <time>2025-02-28T15:30:23Z</time>
   </trkpt>
   <trkpt lat="45.7514410" lon="4.7657950">
    <ele>222.3</ele>
    <time>2025-02-28T15:30:24Z</time>
   </trkpt>
   <trkpt lat="45.7514550" lon="4.7657960">
    <ele>222.3</ele>
    <time>2025-02-28T15:30:25Z</time>
   </trkpt>
   <trkpt lat="45.7514890" lon="4.7658020">
    <ele>222.4</ele>
    <time>2025-02-28T15:30:26Z</time>
   </trkpt>
   <trkpt lat="45.7515260" lon="4.7658030">
    <ele>222.4</ele>
    <time>2025-02-28T15:30:27Z</time>
   </trkpt>
   <trkpt lat="45.7515390" lon="4.7658070">
    <ele>222.5</ele>
    <time>2025-02-28T15:30:28Z</time>
   </trkpt>
   <trkpt lat="45.7515700" lon="4.7658110">
    <ele>222.5</ele>
    <time>2025-02-28T15:30:29Z</time>
   </trkpt>
   <trkpt lat="45.7516070" lon="4.7658010">
    <ele>222.6</ele>
    <time>2025-02-28T15:30:30Z</time>
   </trkpt>
   <trkpt lat="45.7516190" lon="4.7658020">
    <ele>222.6</ele>
    <time>2025-02-28T15:30:31Z</time>
   </trkpt>
   <trkpt lat="45.7516450" lon="4.7658120">
    <ele>222.6</ele>
    <time>2025-02-28T15:30:32Z</time>
   </trkpt>
   <trkpt lat="45.7516570" lon="4.7658090">
    <ele>222.6</ele>
    <time>2025-02-28T15:30:33Z</time>
   </trkpt>
   <trkpt lat="45.7516840" lon="4.7658080">
    <ele>222.7</ele>
    <time>2025-02-28T15:30:34Z</time>
   </trkpt>
   <trkpt lat="45.7517250" lon="4.7658070">
    <ele>222.7</ele>
    <time>2025-02-28T15:30:35Z</time>
   </trkpt>
   <trkpt lat="45.7517660" lon="4.7658000">
    <ele>222.8</ele>
    <time>2025-02-28T15:30:36Z</time>
   </trkpt>
   <trkpt lat="45.7517820" lon="4.7658010">
    <ele>222.8</ele>
    <time>2025-02-28T15:30:37Z</time>
   </trkpt>
   <trkpt lat="45.7518200" lon="4.7657950">
    <ele>222.8</ele>
    <time>2025-02-28T15:30:38Z</time>
   </trkpt>
   <trkpt lat="45.7518320" lon="4.7657920">
    <ele>222.8</ele>
    <time>2025-02-28T15:30:39Z</time>
   </trkpt>
   <trkpt lat="45.7518700" lon="4.7657900">
    <ele>222.9</ele>
    <time>2025-02-28T15:30:40Z</time>
   </trkpt>
   <trkpt lat="45.7518810" lon="4.7657920">
    <ele>222.9</ele>
    <time>2025-02-28T15:30:41Z</time>
   </trkpt>
   <trkpt lat="45.7519160" lon="4.7657890">
    <ele>222.9</ele>
    <time>2025-02-28T15:30:42Z</time>
   </trkpt>
   <trkpt lat="45.7519300" lon="4.7657860">
    <ele>222.9</ele>
    <time>2025-02-28T15:30:43Z</time>
   </trkpt>
   <trkpt lat="45.7519550" lon="4.7658020">
    <ele>222.9</ele>
    <time>2025-02-28T15:30:44Z</time>
   </trkpt>
   <trkpt lat="45.7519910" lon="4.7658070">
    <ele>222.9</ele>
    <time>2025-02-28T15:30:45Z</time>
   </trkpt>
   <trkpt lat="45.7520010" lon="4.7658030">
    <ele>222.9</ele>
    <time>2025-02-28T15:30:46Z</time>
   </trkpt>
   <trkpt lat="45.7520320" lon="4.7657930">
    <ele>222.9</ele>
    <time>2025-02-28T15:30:47Z</time>
   </trkpt>
   <trkpt lat="45.7520420" lon="4.7657890">
    <ele>222.9</ele>
    <time>2025-02-28T15:30:48Z</time>
   </trkpt>
   <trkpt lat="45.7520710" lon="4.7657830">
    <ele>223.0</ele>
    <time>2025-02-28T15:30:49Z</time>
   </trkpt>
   <trkpt lat="45.7521100" lon="4.7657810">
    <ele>223.0</ele>
    <time>2025-02-28T15:30:50Z</time>
   </trkpt>
   <trkpt lat="45.7521240" lon="4.7657770">
    <ele>223.0</ele>
    <time>2025-02-28T15:30:51Z</time>
   </trkpt>
   <trkpt lat="45.7521510" lon="4.7657580">
    <ele>223.0</ele>
    <time>2025-02-28T15:30:52Z</time>
   </trkpt>
   <trkpt lat="45.7521820" lon="4.7657600">
    <ele>223.0</ele>
    <time>2025-02-28T15:30:53Z</time>
   </trkpt>
   <trkpt lat="45.7521920" lon="4.7657590">
    <ele>223.0</ele>
    <time>2025-02-28T15:30:54Z</time>
   </trkpt>
   <trkpt lat="45.7522300" lon="4.7657720">
    <ele>223.0</ele>
    <time>2025-02-28T15:30:55Z</time>
   </trkpt>
   <trkpt lat="45.7522430" lon="4.7657710">
    <ele>223.0</ele>
    <time>2025-02-28T15:30:56Z</time>
   </trkpt>
   <trkpt lat="45.7522760" lon="4.7657640">
    <ele>223.0</ele>
    <time>2025-02-28T15:30:57Z</time>
   </trkpt>
   <trkpt lat="45.7522920" lon="4.7657650">
    <ele>223.0</ele>
    <time>2025-02-28T15:30:58Z</time>
   </trkpt>
   <trkpt lat="45.7523250" lon="4.7657480">
    <ele>223.0</ele>
    <time>2025-02-28T15:30:59Z</time>
   </trkpt>
   <trkpt lat="45.7523530" lon="4.7657440">
    <ele>223.0</ele>
    <time>2025-02-28T15:31:00Z</time>
   </trkpt>
   <trkpt lat="45.7523870" lon="4.7657360">
    <ele>223.0</ele>
    <time>2025-02-28T15:31:01Z</time>
   </trkpt>
   <trkpt lat="45.7524170" lon="4.7657140">
    <ele>223.1</ele>
    <time>2025-02-28T15:31:02Z</time>
   </trkpt>
   <trkpt lat="45.7524560" lon="4.7657090">
    <ele>223.1</ele>
    <time>2025-02-28T15:31:03Z</time>
   </trkpt>
   <trkpt lat="45.7524700" lon="4.7657100">
    <ele>223.1</ele>
    <time>2025-02-28T15:31:04Z</time>
   </trkpt>
   <trkpt lat="45.7524970" lon="4.7657230">
    <ele>223.1</ele>
    <time>2025-02-28T15:31:05Z</time>
   </trkpt>
   <trkpt lat="45.7525320" lon="4.7657240">
    <ele>223.2</ele>
    <time>2025-02-28T15:31:06Z</time>
   </trkpt>
   <trkpt lat="45.7525460" lon="4.7657130">
    <ele>223.2</ele>
    <time>2025-02-28T15:31:07Z</time>
   </trkpt>
   <trkpt lat="45.7525790" lon="4.7656950">
    <ele>223.2</ele>
    <time>2025-02-28T15:31:08Z</time>
   </trkpt>
   <trkpt lat="45.7526060" lon="4.7656790">
    <ele>223.3</ele>
    <time>2025-02-28T15:31:09Z</time>
   </trkpt>
   <trkpt lat="45.7526370" lon="4.7656470">
    <ele>223.3</ele>
    <time>2025-02-28T15:31:10Z</time>
   </trkpt>
   <trkpt lat="45.7526800" lon="4.7656490">
    <ele>223.4</ele>
    <time>2025-02-28T15:31:11Z</time>
   </trkpt>
   <trkpt lat="45.7526970" lon="4.7656550">
    <ele>223.4</ele>
    <time>2025-02-28T15:31:12Z</time>
   </trkpt>
   <trkpt lat="45.7527370" lon="4.7656530">
    <ele>223.5</ele>
    <time>2025-02-28T15:31:13Z</time>
   </trkpt>
   <trkpt lat="45.7527520" lon="4.7656420">
    <ele>223.5</ele>
    <time>2025-02-28T15:31:14Z</time>
   </trkpt>
   <trkpt lat="45.7527900" lon="4.7656460">
    <ele>223.5</ele>
    <time>2025-02-28T15:31:15Z</time>
   </trkpt>
   <trkpt lat="45.7528050" lon="4.7656470">
    <ele>223.5</ele>
    <time>2025-02-28T15:31:16Z</time>
   </trkpt>
   <trkpt lat="45.7528480" lon="4.7656240">
    <ele>223.6</ele>
    <time>2025-02-28T15:31:17Z</time>
   </trkpt>
   <trkpt lat="45.7528650" lon="4.7656080">
    <ele>223.6</ele>
    <time>2025-02-28T15:31:18Z</time>
   </trkpt>
   <trkpt lat="45.7528930" lon="4.7655770">
    <ele>223.6</ele>
    <time>2025-02-28T15:31:19Z</time>
   </trkpt>
   <trkpt lat="45.7529210" lon="4.7655540">
    <ele>223.7</ele>
    <time>2025-02-28T15:31:20Z</time>
   </trkpt>
   <trkpt lat="45.7529470" lon="4.7655310">
    <ele>223.7</ele>
    <time>2025-02-28T15:31:21Z</time>
   </trkpt>
   <trkpt lat="45.7529800" lon="4.7655060">
    <ele>223.7</ele>
    <time>2025-02-28T15:31:22Z</time>
   </trkpt>
   <trkpt lat="45.7529930" lon="4.7654990">
    <ele>223.7</ele>
    <time>2025-02-28T15:31:23Z</time>
   </trkpt>
   <trkpt lat="45.7530640" lon="4.7654860">
    <ele>223.7</ele>
    <time>2025-02-28T15:31:24Z</time>
   </trkpt>
   <trkpt lat="45.7530970" lon="4.7654610">
    <ele>223.7</ele>
    <time>2025-02-28T15:31:25Z</time>
   </trkpt>
   <trkpt lat="45.7531320" lon="4.7654740">
    <ele>223.7</ele>
    <time>2025-02-28T15:31:26Z</time>
   </trkpt>
   <trkpt lat="45.7531420" lon="4.7654730">
    <ele>223.7</ele>
    <time>2025-02-28T15:31:27Z</time>
   </trkpt>
   <trkpt lat="45.7531800" lon="4.7654580">
    <ele>223.7</ele>
    <time>2025-02-28T15:31:28Z</time>
   </trkpt>
   <trkpt lat="45.7531950" lon="4.7654470">
    <ele>223.7</ele>
    <time>2025-02-28T15:31:29Z</time>
   </trkpt>
   <trkpt lat="45.7532250" lon="4.7654320">
    <ele>223.7</ele>
    <time>2025-02-28T15:31:30Z</time>
   </trkpt>
   <trkpt lat="45.7532360" lon="4.7654220">
    <ele>223.7</ele>
    <time>2025-02-28T15:31:31Z</time>
   </trkpt>
   <trkpt lat="45.7532660" lon="4.7654110">
    <ele>223.7</ele>
    <time>2025-02-28T15:31:32Z</time>
   </trkpt>
   <trkpt lat="45.7532980" lon="4.7653820">
    <ele>223.8</ele>
    <time>2025-02-28T15:31:33Z</time>
   </trkpt>
   <trkpt lat="45.7533080" lon="4.7653750">
    <ele>223.8</ele>
    <time>2025-02-28T15:31:34Z</time>
   </trkpt>
   <trkpt lat="45.7533380" lon="4.7653620">
    <ele>223.8</ele>
    <time>2025-02-28T15:31:35Z</time>
   </trkpt>
   <trkpt lat="45.7533670" lon="4.7653200">
    <ele>223.8</ele>
    <time>2025-02-28T15:31:36Z</time>
   </trkpt>
   <trkpt lat="45.7533950" lon="4.7652990">
    <ele>223.8</ele>
    <time>2025-02-28T15:31:37Z</time>
   </trkpt>
   <trkpt lat="45.7534300" lon="4.7652700">
    <ele>223.8</ele>
    <time>2025-02-28T15:31:38Z</time>
   </trkpt>
   <trkpt lat="45.7534420" lon="4.7652600">
    <ele>223.8</ele>
    <time>2025-02-28T15:31:39Z</time>
   </trkpt>
   <trkpt lat="45.7534750" lon="4.7652450">
    <ele>223.8</ele>
    <time>2025-02-28T15:31:40Z</time>
   </trkpt>
   <trkpt lat="45.7535070" lon="4.7652100">
    <ele>223.8</ele>
    <time>2025-02-28T15:31:42Z</time>
   </trkpt>
   <trkpt lat="45.7535370" lon="4.7651700">
    <ele>223.8</ele>
    <time>2025-02-28T15:31:43Z</time>
   </trkpt>
   <trkpt lat="45.7535650" lon="4.7651550">
    <ele>223.8</ele>
    <time>2025-02-28T15:31:44Z</time>
   </trkpt>
   <trkpt lat="45.7535880" lon="4.7651190">
    <ele>223.8</ele>
    <time>2025-02-28T15:31:45Z</time>
   </trkpt>
   <trkpt lat="45.7537420" lon="4.7649570">
    <ele>223.8</ele>
    <time>2025-02-28T15:31:51Z</time>
   </trkpt>
   <trkpt lat="45.7537710" lon="4.7649130">
    <ele>223.8</ele>
    <time>2025-02-28T15:31:52Z</time>
   </trkpt>
   <trkpt lat="45.7537990" lon="4.7648760">
    <ele>223.8</ele>
    <time>2025-02-28T15:31:53Z</time>
   </trkpt>
   <trkpt lat="45.7538120" lon="4.7648670">
    <ele>223.8</ele>
    <time>2025-02-28T15:31:54Z</time>
   </trkpt>
   <trkpt lat="45.7538390" lon="4.7648490">
    <ele>223.8</ele>
    <time>2025-02-28T15:31:55Z</time>
   </trkpt>
   <trkpt lat="45.7538660" lon="4.7648300">
    <ele>223.8</ele>
    <time>2025-02-28T15:31:56Z</time>
   </trkpt>
   <trkpt lat="45.7539090" lon="4.7648090">
    <ele>223.8</ele>
    <time>2025-02-28T15:31:57Z</time>
   </trkpt>
   <trkpt lat="45.7539310" lon="4.7648070">
    <ele>223.8</ele>
    <time>2025-02-28T15:31:58Z</time>
   </trkpt>
   <trkpt lat="45.7539440" lon="4.7648130">
    <ele>223.8</ele>
    <time>2025-02-28T15:31:59Z</time>
   </trkpt>
   <trkpt lat="45.7539580" lon="4.7648380">
    <ele>223.8</ele>
    <time>2025-02-28T15:32:00Z</time>
   </trkpt>
   <trkpt lat="45.7539800" lon="4.7648640">
    <ele>223.8</ele>
    <time>2025-02-28T15:32:01Z</time>
   </trkpt>
   <trkpt lat="45.7539980" lon="4.7649170">
    <ele>223.8</ele>
    <time>2025-02-28T15:32:02Z</time>
   </trkpt>
   <trkpt lat="45.7540110" lon="4.7649750">
    <ele>223.9</ele>
    <time>2025-02-28T15:32:03Z</time>
   </trkpt>
   <trkpt lat="45.7540060" lon="4.7650140">
    <ele>223.9</ele>
    <time>2025-02-28T15:32:04Z</time>
   </trkpt>
   <trkpt lat="45.7540010" lon="4.7650720">
    <ele>223.9</ele>
    <time>2025-02-28T15:32:05Z</time>
   </trkpt>
   <trkpt lat="45.7539990" lon="4.7650940">
    <ele>223.9</ele>
    <time>2025-02-28T15:32:06Z</time>
   </trkpt>
   <trkpt lat="45.7540000" lon="4.7651490">
    <ele>223.9</ele>
    <time>2025-02-28T15:32:07Z</time>
   </trkpt>
   <trkpt lat="45.7540030" lon="4.7652000">
    <ele>223.9</ele>
    <time>2025-02-28T15:32:08Z</time>
   </trkpt>
   <trkpt lat="45.7540090" lon="4.7652440">
    <ele>223.9</ele>
    <time>2025-02-28T15:32:09Z</time>
   </trkpt>
   <trkpt lat="45.7540210" lon="4.7652880">
    <ele>224.0</ele>
    <time>2025-02-28T15:32:10Z</time>
   </trkpt>
   <trkpt lat="45.7540300" lon="4.7653450">
    <ele>224.0</ele>
    <time>2025-02-28T15:32:11Z</time>
   </trkpt>
   <trkpt lat="45.7540260" lon="4.7653710">
    <ele>224.0</ele>
    <time>2025-02-28T15:32:12Z</time>
   </trkpt>
   <trkpt lat="45.7540250" lon="4.7654110">
    <ele>224.0</ele>
    <time>2025-02-28T15:32:13Z</time>
   </trkpt>
   <trkpt lat="45.7540350" lon="4.7654580">
    <ele>224.0</ele>
    <time>2025-02-28T15:32:14Z</time>
   </trkpt>
   <trkpt lat="45.7540480" lon="4.7655010">
    <ele>224.0</ele>
    <time>2025-02-28T15:32:15Z</time>
   </trkpt>
   <trkpt lat="45.7540440" lon="4.7655470">
    <ele>224.0</ele>
    <time>2025-02-28T15:32:16Z</time>
   </trkpt>
   <trkpt lat="45.7540380" lon="4.7655850">
    <ele>224.0</ele>
    <time>2025-02-28T15:32:17Z</time>
   </trkpt>
   <trkpt lat="45.7540450" lon="4.7656270">
    <ele>224.0</ele>
    <time>2025-02-28T15:32:18Z</time>
   </trkpt>
   <trkpt lat="45.7540510" lon="4.7656750">
    <ele>223.9</ele>
    <time>2025-02-28T15:32:19Z</time>
   </trkpt>
   <trkpt lat="45.7540550" lon="4.7657240">
    <ele>223.9</ele>
    <time>2025-02-28T15:32:20Z</time>
   </trkpt>
   <trkpt lat="45.7540520" lon="4.7657750">
    <ele>223.9</ele>
    <time>2025-02-28T15:32:21Z</time>
   </trkpt>
   <trkpt lat="45.7540470" lon="4.7658140">
    <ele>223.9</ele>
    <time>2025-02-28T15:32:22Z</time>
   </trkpt>
   <trkpt lat="45.7540560" lon="4.7658560">
    <ele>223.9</ele>
    <time>2025-02-28T15:32:23Z</time>
   </trkpt>
   <trkpt lat="45.7540550" lon="4.7659140">
    <ele>223.8</ele>
    <time>2025-02-28T15:32:24Z</time>
   </trkpt>
   <trkpt lat="45.7540610" lon="4.7659720">
    <ele>223.8</ele>
    <time>2025-02-28T15:32:25Z</time>
   </trkpt>
   <trkpt lat="45.7540600" lon="4.7659950">
    <ele>223.8</ele>
    <time>2025-02-28T15:32:26Z</time>
   </trkpt>
   <trkpt lat="45.7540530" lon="4.7660390">
    <ele>223.8</ele>
    <time>2025-02-28T15:32:27Z</time>
   </trkpt>
   <trkpt lat="45.7540580" lon="4.7660840">
    <ele>223.7</ele>
    <time>2025-02-28T15:32:28Z</time>
   </trkpt>
   <trkpt lat="45.7540520" lon="4.7661270">
    <ele>223.7</ele>
    <time>2025-02-28T15:32:29Z</time>
   </trkpt>
   <trkpt lat="45.7540530" lon="4.7661670">
    <ele>223.7</ele>
    <time>2025-02-28T15:32:30Z</time>
   </trkpt>
   <trkpt lat="45.7540550" lon="4.7662250">
    <ele>223.7</ele>
    <time>2025-02-28T15:32:31Z</time>
   </trkpt>
   <trkpt lat="45.7540570" lon="4.7662730">
    <ele>223.6</ele>
    <time>2025-02-28T15:32:32Z</time>
   </trkpt>
   <trkpt lat="45.7540790" lon="4.7663150">
    <ele>223.6</ele>
    <time>2025-02-28T15:32:33Z</time>
   </trkpt>
   <trkpt lat="45.7540940" lon="4.7663620">
    <ele>223.6</ele>
    <time>2025-02-28T15:32:34Z</time>
   </trkpt>
   <trkpt lat="45.7541120" lon="4.7664070">
    <ele>223.6</ele>
    <time>2025-02-28T15:32:35Z</time>
   </trkpt>
   <trkpt lat="45.7541190" lon="4.7664510">
    <ele>223.5</ele>
    <time>2025-02-28T15:32:36Z</time>
   </trkpt>
   <trkpt lat="45.7541610" lon="4.7664800">
    <ele>223.5</ele>
    <time>2025-02-28T15:32:37Z</time>
   </trkpt>
   <trkpt lat="45.7542060" lon="4.7664990">
    <ele>223.5</ele>
    <time>2025-02-28T15:32:38Z</time>
   </trkpt>
   <trkpt lat="45.7542460" lon="4.7664990">
    <ele>223.5</ele>
    <time>2025-02-28T15:32:39Z</time>
   </trkpt>
   <trkpt lat="45.7542790" lon="4.7664930">
    <ele>223.4</ele>
    <time>2025-02-28T15:32:40Z</time>
   </trkpt>
   <trkpt lat="45.7543110" lon="4.7665020">
    <ele>223.4</ele>
    <time>2025-02-28T15:32:41Z</time>
   </trkpt>
   <trkpt lat="45.7543490" lon="4.7664980">
    <ele>223.4</ele>
    <time>2025-02-28T15:32:42Z</time>
   </trkpt>
   <trkpt lat="45.7543770" lon="4.7664980">
    <ele>223.4</ele>
    <time>2025-02-28T15:32:43Z</time>
   </trkpt>
   <trkpt lat="45.7544120" lon="4.7665030">
    <ele>223.4</ele>
    <time>2025-02-28T15:32:44Z</time>
   </trkpt>
   <trkpt lat="45.7544420" lon="4.7665060">
    <ele>223.4</ele>
    <time>2025-02-28T15:32:45Z</time>
   </trkpt>
   <trkpt lat="45.7544810" lon="4.7665000">
    <ele>223.4</ele>
    <time>2025-02-28T15:32:46Z</time>
   </trkpt>
   <trkpt lat="45.7545080" lon="4.7664840">
    <ele>223.4</ele>
    <time>2025-02-28T15:32:47Z</time>
   </trkpt>
   <trkpt lat="45.7545410" lon="4.7664760">
    <ele>223.3</ele>
    <time>2025-02-28T15:32:48Z</time>
   </trkpt>
   <trkpt lat="45.7545780" lon="4.7664880">
    <ele>223.3</ele>
    <time>2025-02-28T15:32:49Z</time>
   </trkpt>
   <trkpt lat="45.7545910" lon="4.7664940">
    <ele>223.2</ele>
    <time>2025-02-28T15:32:50Z</time>
   </trkpt>
   <trkpt lat="45.7546220" lon="4.7665050">
    <ele>223.2</ele>
    <time>2025-02-28T15:32:51Z</time>
   </trkpt>
   <trkpt lat="45.7546540" lon="4.7665070">
    <ele>223.1</ele>
    <time>2025-02-28T15:32:52Z</time>
   </trkpt>
   <trkpt lat="45.7546890" lon="4.7665190">
    <ele>223.1</ele>
    <time>2025-02-28T15:32:53Z</time>
   </trkpt>
   <trkpt lat="45.7547210" lon="4.7665210">
    <ele>223.0</ele>
    <time>2025-02-28T15:32:54Z</time>
   </trkpt>
   <trkpt lat="45.7547610" lon="4.7665280">
    <ele>222.9</ele>
    <time>2025-02-28T15:32:55Z</time>
   </trkpt>
   <trkpt lat="45.7547760" lon="4.7665310">
    <ele>222.9</ele>
    <time>2025-02-28T15:32:56Z</time>
   </trkpt>
   <trkpt lat="45.7547930" lon="4.7665700">
    <ele>222.8</ele>
    <time>2025-02-28T15:32:57Z</time>
   </trkpt>
   <trkpt lat="45.7548110" lon="4.7666200">
    <ele>222.8</ele>
    <time>2025-02-28T15:32:58Z</time>
   </trkpt>
   <trkpt lat="45.7548320" lon="4.7666540">
    <ele>222.7</ele>
    <time>2025-02-28T15:32:59Z</time>
   </trkpt>
   <trkpt lat="45.7548550" lon="4.7666970">
    <ele>222.6</ele>
    <time>2025-02-28T15:33:00Z</time>
   </trkpt>
   <trkpt lat="45.7548600" lon="4.7667370">
    <ele>222.6</ele>
    <time>2025-02-28T15:33:01Z</time>
   </trkpt>
   <trkpt lat="45.7548640" lon="4.7667770">
    <ele>222.5</ele>
    <time>2025-02-28T15:33:02Z</time>
   </trkpt>
   <trkpt lat="45.7548660" lon="4.7668430">
    <ele>222.5</ele>
    <time>2025-02-28T15:33:03Z</time>
   </trkpt>
   <trkpt lat="45.7548660" lon="4.7668700">
    <ele>222.4</ele>
    <time>2025-02-28T15:33:04Z</time>
   </trkpt>
   <trkpt lat="45.7548640" lon="4.7669210">
    <ele>222.4</ele>
    <time>2025-02-28T15:33:05Z</time>
   </trkpt>
   <trkpt lat="45.7548580" lon="4.7669780">
    <ele>222.3</ele>
    <time>2025-02-28T15:33:06Z</time>
   </trkpt>
   <trkpt lat="45.7548550" lon="4.7669970">
    <ele>222.3</ele>
    <time>2025-02-28T15:33:07Z</time>
   </trkpt>
   <trkpt lat="45.7548580" lon="4.7670410">
    <ele>222.2</ele>
    <time>2025-02-28T15:33:08Z</time>
   </trkpt>
   <trkpt lat="45.7548610" lon="4.7670950">
    <ele>222.2</ele>
    <time>2025-02-28T15:33:09Z</time>
   </trkpt>
   <trkpt lat="45.7548640" lon="4.7671440">
    <ele>222.2</ele>
    <time>2025-02-28T15:33:10Z</time>
   </trkpt>
   <trkpt lat="45.7548700" lon="4.7671870">
    <ele>222.1</ele>
    <time>2025-02-28T15:33:11Z</time>
   </trkpt>
   <trkpt lat="45.7548670" lon="4.7672320">
    <ele>222.1</ele>
    <time>2025-02-28T15:33:12Z</time>
   </trkpt>
   <trkpt lat="45.7548720" lon="4.7672750">
    <ele>222.1</ele>
    <time>2025-02-28T15:33:13Z</time>
   </trkpt>
   <trkpt lat="45.7548750" lon="4.7672900">
    <ele>222.1</ele>
    <time>2025-02-28T15:33:14Z</time>
   </trkpt>
   <trkpt lat="45.7548900" lon="4.7673340">
    <ele>222.1</ele>
    <time>2025-02-28T15:33:15Z</time>
   </trkpt>
   <trkpt lat="45.7549260" lon="4.7673790">
    <ele>222.1</ele>
    <time>2025-02-28T15:33:16Z</time>
   </trkpt>
   <trkpt lat="45.7549680" lon="4.7674040">
    <ele>222.2</ele>
    <time>2025-02-28T15:33:17Z</time>
   </trkpt>
   <trkpt lat="45.7549960" lon="4.7674260">
    <ele>222.2</ele>
    <time>2025-02-28T15:33:18Z</time>
   </trkpt>
   <trkpt lat="45.7550320" lon="4.7674410">
    <ele>222.2</ele>
    <time>2025-02-28T15:33:19Z</time>
   </trkpt>
   <trkpt lat="45.7550610" lon="4.7674480">
    <ele>222.2</ele>
    <time>2025-02-28T15:33:20Z</time>
   </trkpt>
   <trkpt lat="45.7550950" lon="4.7674610">
    <ele>222.2</ele>
    <time>2025-02-28T15:33:21Z</time>
   </trkpt>
   <trkpt lat="45.7551250" lon="4.7674600">
    <ele>222.3</ele>
    <time>2025-02-28T15:33:22Z</time>
   </trkpt>
   <trkpt lat="45.7551610" lon="4.7674580">
    <ele>222.3</ele>
    <time>2025-02-28T15:33:23Z</time>
   </trkpt>
   <trkpt lat="45.7551740" lon="4.7674600">
    <ele>222.3</ele>
    <time>2025-02-28T15:33:24Z</time>
   </trkpt>
   <trkpt lat="45.7552130" lon="4.7674730">
    <ele>222.3</ele>
    <time>2025-02-28T15:33:25Z</time>
   </trkpt>
   <trkpt lat="45.7552450" lon="4.7674880">
    <ele>222.3</ele>
    <time>2025-02-28T15:33:26Z</time>
   </trkpt>
   <trkpt lat="45.7552730" lon="4.7674860">
    <ele>222.3</ele>
    <time>2025-02-28T15:33:27Z</time>
   </trkpt>
   <trkpt lat="45.7553020" lon="4.7674930">
    <ele>222.4</ele>
    <time>2025-02-28T15:33:28Z</time>
   </trkpt>
   <trkpt lat="45.7553330" lon="4.7675070">
    <ele>222.4</ele>
    <time>2025-02-28T15:33:29Z</time>
   </trkpt>
   <trkpt lat="45.7553610" lon="4.7675260">
    <ele>222.4</ele>
    <time>2025-02-28T15:33:30Z</time>
   </trkpt>
   <trkpt lat="45.7554000" lon="4.7675090">
    <ele>222.4</ele>
    <time>2025-02-28T15:33:31Z</time>
   </trkpt>
   <trkpt lat="45.7554330" lon="4.7675060">
    <ele>222.4</ele>
    <time>2025-02-28T15:33:32Z</time>
   </trkpt>
   <trkpt lat="45.7554690" lon="4.7675010">
    <ele>222.5</ele>
    <time>2025-02-28T15:33:33Z</time>
   </trkpt>
   <trkpt lat="45.7555010" lon="4.7675000">
    <ele>222.5</ele>
    <time>2025-02-28T15:33:34Z</time>
   </trkpt>
   <trkpt lat="45.7555290" lon="4.7674990">
    <ele>222.5</ele>
    <time>2025-02-28T15:33:35Z</time>
   </trkpt>
   <trkpt lat="45.7555620" lon="4.7675020">
    <ele>222.5</ele>
    <time>2025-02-28T15:33:36Z</time>
   </trkpt>
   <trkpt lat="45.7555980" lon="4.7674930">
    <ele>222.5</ele>
    <time>2025-02-28T15:33:37Z</time>
   </trkpt>
   <trkpt lat="45.7556080" lon="4.7674900">
    <ele>222.5</ele>
    <time>2025-02-28T15:33:38Z</time>
   </trkpt>
   <trkpt lat="45.7556360" lon="4.7674900">
    <ele>222.5</ele>
    <time>2025-02-28T15:33:39Z</time>
   </trkpt>
   <trkpt lat="45.7556770" lon="4.7674870">
    <ele>222.5</ele>
    <time>2025-02-28T15:33:40Z</time>
   </trkpt>
   <trkpt lat="45.7556920" lon="4.7674820">
    <ele>222.5</ele>
    <time>2025-02-28T15:33:41Z</time>
   </trkpt>
   <trkpt lat="45.7557240" lon="4.7674830">
    <ele>222.5</ele>
    <time>2025-02-28T15:33:42Z</time>
   </trkpt>
   <trkpt lat="45.7557560" lon="4.7675050">
    <ele>222.5</ele>
    <time>2025-02-28T15:33:43Z</time>
   </trkpt>
   <trkpt lat="45.7557960" lon="4.7675080">
    <ele>222.6</ele>
    <time>2025-02-28T15:33:44Z</time>
   </trkpt>
   <trkpt lat="45.7558110" lon="4.7675070">
    <ele>222.6</ele>
    <time>2025-02-28T15:33:45Z</time>
   </trkpt>
   <trkpt lat="45.7558480" lon="4.7674950">
    <ele>222.6</ele>
    <time>2025-02-28T15:33:46Z</time>
   </trkpt>
   <trkpt lat="45.7558780" lon="4.7674840">
    <ele>222.6</ele>
    <time>2025-02-28T15:33:47Z</time>
   </trkpt>
   <trkpt lat="45.7559100" lon="4.7674840">
    <ele>222.6</ele>
    <time>2025-02-28T15:33:48Z</time>
   </trkpt>
   <trkpt lat="45.7559420" lon="4.7674900">
    <ele>222.6</ele>
    <time>2025-02-28T15:33:49Z</time>
   </trkpt>
   <trkpt lat="45.7559840" lon="4.7674920">
    <ele>222.6</ele>
    <time>2025-02-28T15:33:50Z</time>
   </trkpt>
   <trkpt lat="45.7560000" lon="4.7674890">
    <ele>222.6</ele>
    <time>2025-02-28T15:33:51Z</time>
   </trkpt>
   <trkpt lat="45.7560410" lon="4.7674880">
    <ele>222.6</ele>
    <time>2025-02-28T15:33:52Z</time>
   </trkpt>
   <trkpt lat="45.7560570" lon="4.7674860">
    <ele>222.6</ele>
    <time>2025-02-28T15:33:53Z</time>
   </trkpt>
   <trkpt lat="45.7560960" lon="4.7674850">
    <ele>222.6</ele>
    <time>2025-02-28T15:33:54Z</time>
   </trkpt>
   <trkpt lat="45.7561110" lon="4.7674850">
    <ele>222.6</ele>
    <time>2025-02-28T15:33:55Z</time>
   </trkpt>
   <trkpt lat="45.7561400" lon="4.7674860">
    <ele>222.6</ele>
    <time>2025-02-28T15:33:56Z</time>
   </trkpt>
   <trkpt lat="45.7561720" lon="4.7674660">
    <ele>222.6</ele>
    <time>2025-02-28T15:33:57Z</time>
   </trkpt>
   <trkpt lat="45.7562020" lon="4.7674670">
    <ele>222.6</ele>
    <time>2025-02-28T15:33:58Z</time>
   </trkpt>
   <trkpt lat="45.7562350" lon="4.7674740">
    <ele>222.5</ele>
    <time>2025-02-28T15:33:59Z</time>
   </trkpt>
   <trkpt lat="45.7562750" lon="4.7674840">
    <ele>222.5</ele>
    <time>2025-02-28T15:34:00Z</time>
   </trkpt>
   <trkpt lat="45.7563130" lon="4.7674780">
    <ele>222.5</ele>
    <time>2025-02-28T15:34:01Z</time>
   </trkpt>
   <trkpt lat="45.7563500" lon="4.7674720">
    <ele>222.5</ele>
    <time>2025-02-28T15:34:02Z</time>
   </trkpt>
   <trkpt lat="45.7563790" lon="4.7674650">
    <ele>222.5</ele>
    <time>2025-02-28T15:34:03Z</time>
   </trkpt>
   <trkpt lat="45.7564080" lon="4.7674700">
    <ele>222.4</ele>
    <time>2025-02-28T15:34:04Z</time>
   </trkpt>
   <trkpt lat="45.7564370" lon="4.7674680">
    <ele>222.4</ele>
    <time>2025-02-28T15:34:05Z</time>
   </trkpt>
   <trkpt lat="45.7564630" lon="4.7674580">
    <ele>222.4</ele>
    <time>2025-02-28T15:34:06Z</time>
   </trkpt>
   <trkpt lat="45.7564970" lon="4.7674580">
    <ele>222.4</ele>
    <time>2025-02-28T15:34:07Z</time>
   </trkpt>
   <trkpt lat="45.7565250" lon="4.7674640">
    <ele>222.4</ele>
    <time>2025-02-28T15:34:08Z</time>
   </trkpt>
   <trkpt lat="45.7565610" lon="4.7674700">
    <ele>222.4</ele>
    <time>2025-02-28T15:34:09Z</time>
   </trkpt>
   <trkpt lat="45.7565870" lon="4.7674890">
    <ele>222.3</ele>
    <time>2025-02-28T15:34:10Z</time>
   </trkpt>
   <trkpt lat="45.7566270" lon="4.7674740">
    <ele>222.3</ele>
    <time>2025-02-28T15:34:11Z</time>
   </trkpt>
   <trkpt lat="45.7566440" lon="4.7674680">
    <ele>222.3</ele>
    <time>2025-02-28T15:34:12Z</time>
   </trkpt>
   <trkpt lat="45.7566820" lon="4.7674450">
    <ele>222.3</ele>
    <time>2025-02-28T15:34:13Z</time>
   </trkpt>
   <trkpt lat="45.7567200" lon="4.7674410">
    <ele>222.2</ele>
    <time>2025-02-28T15:34:14Z</time>
   </trkpt>
   <trkpt lat="45.7567350" lon="4.7674390">
    <ele>222.2</ele>
    <time>2025-02-28T15:34:15Z</time>
   </trkpt>
   <trkpt lat="45.7567660" lon="4.7674200">
    <ele>222.2</ele>
    <time>2025-02-28T15:34:16Z</time>
   </trkpt>
   <trkpt lat="45.7567980" lon="4.7674070">
    <ele>222.2</ele>
    <time>2025-02-28T15:34:17Z</time>
   </trkpt>
   <trkpt lat="45.7568290" lon="4.7674050">
    <ele>222.2</ele>
    <time>2025-02-28T15:34:18Z</time>
   </trkpt>
   <trkpt lat="45.7568650" lon="4.7674140">
    <ele>222.1</ele>
    <time>2025-02-28T15:34:19Z</time>
   </trkpt>
   <trkpt lat="45.7569020" lon="4.7674300">
    <ele>222.1</ele>
    <time>2025-02-28T15:34:20Z</time>
   </trkpt>
   <trkpt lat="45.7569350" lon="4.7674000">
    <ele>222.1</ele>
    <time>2025-02-28T15:34:21Z</time>
   </trkpt>
   <trkpt lat="45.7569490" lon="4.7673950">
    <ele>222.1</ele>
    <time>2025-02-28T15:34:22Z</time>
   </trkpt>
   <trkpt lat="45.7569840" lon="4.7674070">
    <ele>222.0</ele>
    <time>2025-02-28T15:34:23Z</time>
   </trkpt>
   <trkpt lat="45.7569990" lon="4.7674070">
    <ele>222.0</ele>
    <time>2025-02-28T15:34:24Z</time>
   </trkpt>
   <trkpt lat="45.7570280" lon="4.7674080">
    <ele>222.0</ele>
    <time>2025-02-28T15:34:25Z</time>
   </trkpt>
   <trkpt lat="45.7570590" lon="4.7673970">
    <ele>222.0</ele>
    <time>2025-02-28T15:34:26Z</time>
   </trkpt>
   <trkpt lat="45.7570860" lon="4.7673900">
    <ele>222.0</ele>
    <time>2025-02-28T15:34:27Z</time>
   </trkpt>
   <trkpt lat="45.7571180" lon="4.7673790">
    <ele>221.9</ele>
    <time>2025-02-28T15:34:28Z</time>
   </trkpt>
   <trkpt lat="45.7571610" lon="4.7673860">
    <ele>221.9</ele>
    <time>2025-02-28T15:34:29Z</time>
   </trkpt>
   <trkpt lat="45.7571820" lon="4.7673950">
    <ele>221.9</ele>
    <time>2025-02-28T15:34:30Z</time>
   </trkpt>
   <trkpt lat="45.7572130" lon="4.7673910">
    <ele>221.9</ele>
    <time>2025-02-28T15:34:31Z</time>
   </trkpt>
   <trkpt lat="45.7572430" lon="4.7674040">
    <ele>221.9</ele>
    <time>2025-02-28T15:34:32Z</time>
   </trkpt>
   <trkpt lat="45.7572820" lon="4.7674140">
    <ele>221.8</ele>
    <time>2025-02-28T15:34:33Z</time>
   </trkpt>
   <trkpt lat="45.7573170" lon="4.7674040">
    <ele>221.8</ele>
    <time>2025-02-28T15:34:34Z</time>
   </trkpt>
   <trkpt lat="45.7573520" lon="4.7673750">
    <ele>221.8</ele>
    <time>2025-02-28T15:34:35Z</time>
   </trkpt>
   <trkpt lat="45.7573660" lon="4.7673660">
    <ele>221.8</ele>
    <time>2025-02-28T15:34:36Z</time>
   </trkpt>
   <trkpt lat="45.7574080" lon="4.7673680">
    <ele>221.8</ele>
    <time>2025-02-28T15:34:37Z</time>
   </trkpt>
   <trkpt lat="45.7574250" lon="4.7673750">
    <ele>221.8</ele>
    <time>2025-02-28T15:34:38Z</time>
   </trkpt>
   <trkpt lat="45.7574530" lon="4.7673790">
    <ele>221.8</ele>
    <time>2025-02-28T15:34:39Z</time>
   </trkpt>
   <trkpt lat="45.7574960" lon="4.7673860">
    <ele>221.8</ele>
    <time>2025-02-28T15:34:40Z</time>
   </trkpt>
   <trkpt lat="45.7575140" lon="4.7673830">
    <ele>221.8</ele>
    <time>2025-02-28T15:34:41Z</time>
   </trkpt>
   <trkpt lat="45.7575440" lon="4.7673800">
    <ele>221.7</ele>
    <time>2025-02-28T15:34:42Z</time>
   </trkpt>
   <trkpt lat="45.7575850" lon="4.7673720">
    <ele>221.7</ele>
    <time>2025-02-28T15:34:43Z</time>
   </trkpt>
   <trkpt lat="45.7575990" lon="4.7673670">
    <ele>221.7</ele>
    <time>2025-02-28T15:34:44Z</time>
   </trkpt>
   <trkpt lat="45.7576320" lon="4.7673460">
    <ele>221.7</ele>
    <time>2025-02-28T15:34:45Z</time>
   </trkpt>
   <trkpt lat="45.7576620" lon="4.7673300">
    <ele>221.7</ele>
    <time>2025-02-28T15:34:46Z</time>
   </trkpt>
   <trkpt lat="45.7577010" lon="4.7673260">
    <ele>221.7</ele>
    <time>2025-02-28T15:34:47Z</time>
   </trkpt>
   <trkpt lat="45.7577200" lon="4.7673600">
    <ele>221.7</ele>
    <time>2025-02-28T15:34:48Z</time>
   </trkpt>
   <trkpt lat="45.7577220" lon="4.7673730">
    <ele>221.7</ele>
    <time>2025-02-28T15:34:49Z</time>
   </trkpt>
   <trkpt lat="45.7577570" lon="4.7674040">
    <ele>221.6</ele>
    <time>2025-02-28T15:34:50Z</time>
   </trkpt>
   <trkpt lat="45.7578000" lon="4.7673930">
    <ele>221.6</ele>
    <time>2025-02-28T15:34:51Z</time>
   </trkpt>
   <trkpt lat="45.7578460" lon="4.7673870">
    <ele>221.6</ele>
    <time>2025-02-28T15:34:52Z</time>
   </trkpt>
   <trkpt lat="45.7578850" lon="4.7673860">
    <ele>221.6</ele>
    <time>2025-02-28T15:34:53Z</time>
   </trkpt>
   <trkpt lat="45.7579270" lon="4.7673840">
    <ele>221.5</ele>
    <time>2025-02-28T15:34:54Z</time>
   </trkpt>
   <trkpt lat="45.7579460" lon="4.7673850">
    <ele>221.5</ele>
    <time>2025-02-28T15:34:55Z</time>
   </trkpt>
   <trkpt lat="45.7579750" lon="4.7673890">
    <ele>221.5</ele>
    <time>2025-02-28T15:34:56Z</time>
   </trkpt>
   <trkpt lat="45.7580120" lon="4.7673930">
    <ele>221.5</ele>
    <time>2025-02-28T15:34:57Z</time>
   </trkpt>
   <trkpt lat="45.7580520" lon="4.7673930">
    <ele>221.5</ele>
    <time>2025-02-28T15:34:58Z</time>
   </trkpt>
   <trkpt lat="45.7580850" lon="4.7673830">
    <ele>221.4</ele>
    <time>2025-02-28T15:34:59Z</time>
   </trkpt>
   <trkpt lat="45.7581130" lon="4.7673850">
    <ele>221.4</ele>
    <time>2025-02-28T15:35:00Z</time>
   </trkpt>
   <trkpt lat="45.7581530" lon="4.7673780">
    <ele>221.4</ele>
    <time>2025-02-28T15:35:01Z</time>
   </trkpt>
   <trkpt lat="45.7581700" lon="4.7673730">
    <ele>221.4</ele>
    <time>2025-02-28T15:35:02Z</time>
   </trkpt>
   <trkpt lat="45.7582080" lon="4.7673900">
    <ele>221.3</ele>
    <time>2025-02-28T15:35:03Z</time>
   </trkpt>
   <trkpt lat="45.7582430" lon="4.7674010">
    <ele>221.3</ele>
    <time>2025-02-28T15:35:04Z</time>
   </trkpt>
   <trkpt lat="45.7582760" lon="4.7674010">
    <ele>221.3</ele>
    <time>2025-02-28T15:35:05Z</time>
   </trkpt>
   <trkpt lat="45.7583130" lon="4.7673980">
    <ele>221.2</ele>
    <time>2025-02-28T15:35:06Z</time>
   </trkpt>
   <trkpt lat="45.7583250" lon="4.7673910">
    <ele>221.2</ele>
    <time>2025-02-28T15:35:07Z</time>
   </trkpt>
   <trkpt lat="45.7583690" lon="4.7673870">
    <ele>221.2</ele>
    <time>2025-02-28T15:35:08Z</time>
   </trkpt>
   <trkpt lat="45.7583900" lon="4.7673830">
    <ele>221.2</ele>
    <time>2025-02-28T15:35:09Z</time>
   </trkpt>
   <trkpt lat="45.7584270" lon="4.7673690">
    <ele>221.1</ele>
    <time>2025-02-28T15:35:10Z</time>
   </trkpt>
   <trkpt lat="45.7584380" lon="4.7673630">
    <ele>221.1</ele>
    <time>2025-02-28T15:35:11Z</time>
   </trkpt>
   <trkpt lat="45.7584820" lon="4.7673580">
    <ele>221.1</ele>
    <time>2025-02-28T15:35:12Z</time>
   </trkpt>
   <trkpt lat="45.7584990" lon="4.7673610">
    <ele>221.1</ele>
    <time>2025-02-28T15:35:13Z</time>
   </trkpt>
   <trkpt lat="45.7585370" lon="4.7673710">
    <ele>221.0</ele>
    <time>2025-02-28T15:35:14Z</time>
   </trkpt>
   <trkpt lat="45.7585660" lon="4.7673730">
    <ele>221.0</ele>
    <time>2025-02-28T15:35:15Z</time>
   </trkpt>
   <trkpt lat="45.7585770" lon="4.7673760">
    <ele>221.0</ele>
    <time>2025-02-28T15:35:16Z</time>
   </trkpt>
   <trkpt lat="45.7586130" lon="4.7673630">
    <ele>221.0</ele>
    <time>2025-02-28T15:35:17Z</time>
   </trkpt>
   <trkpt lat="45.7586500" lon="4.7673660">
    <ele>221.0</ele>
    <time>2025-02-28T15:35:18Z</time>
   </trkpt>
   <trkpt lat="45.7586900" lon="4.7673900">
    <ele>221.0</ele>
    <time>2025-02-28T15:35:19Z</time>
   </trkpt>
   <trkpt lat="45.7587210" lon="4.7674230">
    <ele>220.9</ele>
    <time>2025-02-28T15:35:20Z</time>
   </trkpt>
   <trkpt lat="45.7587460" lon="4.7674460">
    <ele>220.9</ele>
    <time>2025-02-28T15:35:21Z</time>
   </trkpt>
   <trkpt lat="45.7587890" lon="4.7674540">
    <ele>220.9</ele>
    <time>2025-02-28T15:35:22Z</time>
   </trkpt>
   <trkpt lat="45.7588200" lon="4.7674890">
    <ele>220.8</ele>
    <time>2025-02-28T15:35:23Z</time>
   </trkpt>
   <trkpt lat="45.7588370" lon="4.7675430">
    <ele>220.7</ele>
    <time>2025-02-28T15:35:24Z</time>
   </trkpt>
   <trkpt lat="45.7588500" lon="4.7675830">
    <ele>220.7</ele>
    <time>2025-02-28T15:35:25Z</time>
   </trkpt>
   <trkpt lat="45.7588750" lon="4.7676230">
    <ele>220.6</ele>
    <time>2025-02-28T15:35:26Z</time>
   </trkpt>
   <trkpt lat="45.7588800" lon="4.7676670">
    <ele>220.5</ele>
    <time>2025-02-28T15:35:27Z</time>
   </trkpt>
   <trkpt lat="45.7588690" lon="4.7677130">
    <ele>220.4</ele>
    <time>2025-02-28T15:35:28Z</time>
   </trkpt>
   <trkpt lat="45.7588710" lon="4.7677710">
    <ele>220.3</ele>
    <time>2025-02-28T15:35:29Z</time>
   </trkpt>
   <trkpt lat="45.7588720" lon="4.7677920">
    <ele>220.3</ele>
    <time>2025-02-28T15:35:30Z</time>
   </trkpt>
   <trkpt lat="45.7588780" lon="4.7678390">
    <ele>220.2</ele>
    <time>2025-02-28T15:35:31Z</time>
   </trkpt>
   <trkpt lat="45.7588880" lon="4.7678990">
    <ele>220.1</ele>
    <time>2025-02-28T15:35:32Z</time>
   </trkpt>
   <trkpt lat="45.7588920" lon="4.7679230">
    <ele>220.1</ele>
    <time>2025-02-28T15:35:33Z</time>
   </trkpt>
   <trkpt lat="45.7589010" lon="4.7679730">
    <ele>220.0</ele>
    <time>2025-02-28T15:35:34Z</time>
   </trkpt>
   <trkpt lat="45.7589010" lon="4.7679920">
    <ele>220.0</ele>
    <time>2025-02-28T15:35:35Z</time>
   </trkpt>
   <trkpt lat="45.7589010" lon="4.7680480">
    <ele>219.9</ele>
    <time>2025-02-28T15:35:36Z</time>
   </trkpt>
   <trkpt lat="45.7588950" lon="4.7680660">
    <ele>219.9</ele>
    <time>2025-02-28T15:35:37Z</time>
   </trkpt>
   <trkpt lat="45.7588950" lon="4.7681200">
    <ele>219.8</ele>
    <time>2025-02-28T15:35:38Z</time>
   </trkpt>
   <trkpt lat="45.7588970" lon="4.7681670">
    <ele>219.7</ele>
    <time>2025-02-28T15:35:39Z</time>
   </trkpt>
   <trkpt lat="45.7588930" lon="4.7682250">
    <ele>219.7</ele>
    <time>2025-02-28T15:35:40Z</time>
   </trkpt>
   <trkpt lat="45.7588920" lon="4.7682480">
    <ele>219.6</ele>
    <time>2025-02-28T15:35:41Z</time>
   </trkpt>
   <trkpt lat="45.7588790" lon="4.7682960">
    <ele>219.6</ele>
    <time>2025-02-28T15:35:42Z</time>
   </trkpt>
   <trkpt lat="45.7588770" lon="4.7683140">
    <ele>219.6</ele>
    <time>2025-02-28T15:35:43Z</time>
   </trkpt>
   <trkpt lat="45.7588770" lon="4.7683690">
    <ele>219.5</ele>
    <time>2025-02-28T15:35:44Z</time>
   </trkpt>
   <trkpt lat="45.7588960" lon="4.7684280">
    <ele>219.5</ele>
    <time>2025-02-28T15:35:45Z</time>
   </trkpt>
   <trkpt lat="45.7589100" lon="4.7684900">
    <ele>219.5</ele>
    <time>2025-02-28T15:35:46Z</time>
   </trkpt>
   <trkpt lat="45.7589140" lon="4.7685350">
    <ele>219.4</ele>
    <time>2025-02-28T15:35:47Z</time>
   </trkpt>
   <trkpt lat="45.7589200" lon="4.7685950">
    <ele>219.4</ele>
    <time>2025-02-28T15:35:48Z</time>
   </trkpt>
   <trkpt lat="45.7589230" lon="4.7686330">
    <ele>219.4</ele>
    <time>2025-02-28T15:35:49Z</time>
   </trkpt>
   <trkpt lat="45.7589280" lon="4.7686930">
    <ele>219.4</ele>
    <time>2025-02-28T15:35:50Z</time>
   </trkpt>
   <trkpt lat="45.7589290" lon="4.7687170">
    <ele>219.4</ele>
    <time>2025-02-28T15:35:51Z</time>
   </trkpt>
   <trkpt lat="45.7589290" lon="4.7687800">
    <ele>219.4</ele>
    <time>2025-02-28T15:35:52Z</time>
   </trkpt>
   <trkpt lat="45.7589260" lon="4.7688050">
    <ele>219.4</ele>
    <time>2025-02-28T15:35:53Z</time>
   </trkpt>
   <trkpt lat="45.7589350" lon="4.7688530">
    <ele>219.3</ele>
    <time>2025-02-28T15:35:54Z</time>
   </trkpt>
   <trkpt lat="45.7589350" lon="4.7688780">
    <ele>219.3</ele>
    <time>2025-02-28T15:35:55Z</time>
   </trkpt>
   <trkpt lat="45.7589340" lon="4.7689180">
    <ele>219.3</ele>
    <time>2025-02-28T15:35:56Z</time>
   </trkpt>
   <trkpt lat="45.7589380" lon="4.7689600">
    <ele>219.3</ele>
    <time>2025-02-28T15:35:57Z</time>
   </trkpt>
   <trkpt lat="45.7589320" lon="4.7690050">
    <ele>219.3</ele>
    <time>2025-02-28T15:35:58Z</time>
   </trkpt>
   <trkpt lat="45.7589480" lon="4.7690550">
    <ele>219.3</ele>
    <time>2025-02-28T15:35:59Z</time>
   </trkpt>
   <trkpt lat="45.7589920" lon="4.7690920">
    <ele>219.2</ele>
    <time>2025-02-28T15:36:00Z</time>
   </trkpt>
   <trkpt lat="45.7590330" lon="4.7691150">
    <ele>219.2</ele>
    <time>2025-02-28T15:36:01Z</time>
   </trkpt>
   <trkpt lat="45.7590650" lon="4.7691340">
    <ele>219.2</ele>
    <time>2025-02-28T15:36:02Z</time>
   </trkpt>
   <trkpt lat="45.7590960" lon="4.7691590">
    <ele>219.2</ele>
    <time>2025-02-28T15:36:03Z</time>
   </trkpt>
   <trkpt lat="45.7591410" lon="4.7691580">
    <ele>219.2</ele>
    <time>2025-02-28T15:36:04Z</time>
   </trkpt>
   <trkpt lat="45.7591820" lon="4.7691600">
    <ele>219.2</ele>
    <time>2025-02-28T15:36:05Z</time>
   </trkpt>
   <trkpt lat="45.7591970" lon="4.7691580">
    <ele>219.2</ele>
    <time>2025-02-28T15:36:06Z</time>
   </trkpt>
   <trkpt lat="45.7592230" lon="4.7691660">
    <ele>219.2</ele>
    <time>2025-02-28T15:36:07Z</time>
   </trkpt>
   <trkpt lat="45.7592600" lon="4.7691540">
    <ele>219.1</ele>
    <time>2025-02-28T15:36:08Z</time>
   </trkpt>
   <trkpt lat="45.7592870" lon="4.7691630">
    <ele>219.1</ele>
    <time>2025-02-28T15:36:09Z</time>
   </trkpt>
   <trkpt lat="45.7593160" lon="4.7691580">
    <ele>219.1</ele>
    <time>2025-02-28T15:36:10Z</time>
   </trkpt>
   <trkpt lat="45.7593520" lon="4.7691620">
    <ele>219.1</ele>
    <time>2025-02-28T15:36:11Z</time>
   </trkpt>
   <trkpt lat="45.7593620" lon="4.7691580">
    <ele>219.1</ele>
    <time>2025-02-28T15:36:12Z</time>
   </trkpt>
   <trkpt lat="45.7593900" lon="4.7691590">
    <ele>219.1</ele>
    <time>2025-02-28T15:36:13Z</time>
   </trkpt>
   <trkpt lat="45.7594200" lon="4.7691540">
    <ele>219.1</ele>
    <time>2025-02-28T15:36:14Z</time>
   </trkpt>
   <trkpt lat="45.7594550" lon="4.7691420">
    <ele>219.1</ele>
    <time>2025-02-28T15:36:15Z</time>
   </trkpt>
   <trkpt lat="45.7594850" lon="4.7691110">
    <ele>219.1</ele>
    <time>2025-02-28T15:36:16Z</time>
   </trkpt>
   <trkpt lat="45.7595250" lon="4.7691140">
    <ele>219.2</ele>
    <time>2025-02-28T15:36:17Z</time>
   </trkpt>
   <trkpt lat="45.7595390" lon="4.7691240">
    <ele>219.2</ele>
    <time>2025-02-28T15:36:18Z</time>
   </trkpt>
   <trkpt lat="45.7595710" lon="4.7691350">
    <ele>219.2</ele>
    <time>2025-02-28T15:36:19Z</time>
   </trkpt>
   <trkpt lat="45.7596050" lon="4.7691270">
    <ele>219.2</ele>
    <time>2025-02-28T15:36:20Z</time>
   </trkpt>
   <trkpt lat="45.7596160" lon="4.7691230">
    <ele>219.2</ele>
    <time>2025-02-28T15:36:21Z</time>
   </trkpt>
   <trkpt lat="45.7596450" lon="4.7691170">
    <ele>219.2</ele>
    <time>2025-02-28T15:36:22Z</time>
   </trkpt>
   <trkpt lat="45.7596730" lon="4.7691110">
    <ele>219.2</ele>
    <time>2025-02-28T15:36:23Z</time>
   </trkpt>
   <trkpt lat="45.7597010" lon="4.7690930">
    <ele>219.2</ele>
    <time>2025-02-28T15:36:24Z</time>
   </trkpt>
   <trkpt lat="45.7597270" lon="4.7690650">
    <ele>219.3</ele>
    <time>2025-02-28T15:36:25Z</time>
   </trkpt>
   <trkpt lat="45.7597620" lon="4.7690430">
    <ele>219.3</ele>
    <time>2025-02-28T15:36:26Z</time>
   </trkpt>
   <trkpt lat="45.7597740" lon="4.7690340">
    <ele>219.3</ele>
    <time>2025-02-28T15:36:27Z</time>
   </trkpt>
   <trkpt lat="45.7598090" lon="4.7690370">
    <ele>219.3</ele>
    <time>2025-02-28T15:36:28Z</time>
   </trkpt>
   <trkpt lat="45.7598450" lon="4.7690430">
    <ele>219.3</ele>
    <time>2025-02-28T15:36:29Z</time>
   </trkpt>
   <trkpt lat="45.7598800" lon="4.7690410">
    <ele>219.3</ele>
    <time>2025-02-28T15:36:30Z</time>
   </trkpt>
   <trkpt lat="45.7598910" lon="4.7690500">
    <ele>219.3</ele>
    <time>2025-02-28T15:36:31Z</time>
   </trkpt>
   <trkpt lat="45.7599340" lon="4.7690630">
    <ele>219.4</ele>
    <time>2025-02-28T15:36:32Z</time>
   </trkpt>
   <trkpt lat="45.7599630" lon="4.7690890">
    <ele>219.4</ele>
    <time>2025-02-28T15:36:33Z</time>
   </trkpt>
   <trkpt lat="45.7599920" lon="4.7690880">
    <ele>219.4</ele>
    <time>2025-02-28T15:36:34Z</time>
   </trkpt>
   <trkpt lat="45.7600210" lon="4.7690920">
    <ele>219.4</ele>
    <time>2025-02-28T15:36:35Z</time>
   </trkpt>
   <trkpt lat="45.7600570" lon="4.7690900">
    <ele>219.4</ele>
    <time>2025-02-28T15:36:36Z</time>
   </trkpt>
   <trkpt lat="45.7600980" lon="4.7690910">
    <ele>219.5</ele>
    <time>2025-02-28T15:36:37Z</time>
   </trkpt>
   <trkpt lat="45.7601120" lon="4.7690960">
    <ele>219.5</ele>
    <time>2025-02-28T15:36:38Z</time>
   </trkpt>
   <trkpt lat="45.7601540" lon="4.7691120">
    <ele>219.6</ele>
    <time>2025-02-28T15:36:39Z</time>
   </trkpt>
   <trkpt lat="45.7601730" lon="4.7691120">
    <ele>219.6</ele>
    <time>2025-02-28T15:36:40Z</time>
   </trkpt>
   <trkpt lat="45.7602100" lon="4.7691170">
    <ele>219.7</ele>
    <time>2025-02-28T15:36:41Z</time>
   </trkpt>
   <trkpt lat="45.7602240" lon="4.7691210">
    <ele>219.7</ele>
    <time>2025-02-28T15:36:42Z</time>
   </trkpt>
   <trkpt lat="45.7602540" lon="4.7691370">
    <ele>219.8</ele>
    <time>2025-02-28T15:36:43Z</time>
   </trkpt>
   <trkpt lat="45.7602950" lon="4.7691660">
    <ele>219.9</ele>
    <time>2025-02-28T15:36:44Z</time>
   </trkpt>
   <trkpt lat="45.7603280" lon="4.7691760">
    <ele>219.9</ele>
    <time>2025-02-28T15:36:45Z</time>
   </trkpt>
   <trkpt lat="45.7603570" lon="4.7691630">
    <ele>220.0</ele>
    <time>2025-02-28T15:36:46Z</time>
   </trkpt>
   <trkpt lat="45.7603850" lon="4.7691780">
    <ele>220.1</ele>
    <time>2025-02-28T15:36:47Z</time>
   </trkpt>
   <trkpt lat="45.7604150" lon="4.7691680">
    <ele>220.1</ele>
    <time>2025-02-28T15:36:48Z</time>
   </trkpt>
   <trkpt lat="45.7604460" lon="4.7691650">
    <ele>220.2</ele>
    <time>2025-02-28T15:36:49Z</time>
   </trkpt>
   <trkpt lat="45.7604660" lon="4.7692390">
    <ele>220.2</ele>
    <time>2025-02-28T15:36:50Z</time>
   </trkpt>
   <trkpt lat="45.7604800" lon="4.7692980">
    <ele>220.1</ele>
    <time>2025-02-28T15:36:51Z</time>
   </trkpt>
   <trkpt lat="45.7604810" lon="4.7693480">
    <ele>220.1</ele>
    <time>2025-02-28T15:36:52Z</time>
   </trkpt>
   <trkpt lat="45.7604820" lon="4.7693940">
    <ele>220.1</ele>
    <time>2025-02-28T15:36:53Z</time>
   </trkpt>
   <trkpt lat="45.7604790" lon="4.7694430">
    <ele>220.0</ele>
    <time>2025-02-28T15:36:54Z</time>
   </trkpt>
   <trkpt lat="45.7604750" lon="4.7695000">
    <ele>220.0</ele>
    <time>2025-02-28T15:36:55Z</time>
   </trkpt>
   <trkpt lat="45.7604690" lon="4.7695210">
    <ele>220.0</ele>
    <time>2025-02-28T15:36:56Z</time>
   </trkpt>
   <trkpt lat="45.7604560" lon="4.7695690">
    <ele>220.0</ele>
    <time>2025-02-28T15:36:57Z</time>
   </trkpt>
   <trkpt lat="45.7604440" lon="4.7696150">
    <ele>219.9</ele>
    <time>2025-02-28T15:36:58Z</time>
   </trkpt>
   <trkpt lat="45.7604360" lon="4.7696610">
    <ele>219.9</ele>
    <time>2025-02-28T15:36:59Z</time>
   </trkpt>
   <trkpt lat="45.7604220" lon="4.7697160">
    <ele>219.9</ele>
    <time>2025-02-28T15:37:00Z</time>
   </trkpt>
   <trkpt lat="45.7604170" lon="4.7697360">
    <ele>219.9</ele>
    <time>2025-02-28T15:37:01Z</time>
   </trkpt>
   <trkpt lat="45.7604120" lon="4.7697880">
    <ele>219.9</ele>
    <time>2025-02-28T15:37:02Z</time>
   </trkpt>
   <trkpt lat="45.7604080" lon="4.7698040">
    <ele>219.9</ele>
    <time>2025-02-28T15:37:03Z</time>
   </trkpt>
   <trkpt lat="45.7604140" lon="4.7698730">
    <ele>219.9</ele>
    <time>2025-02-28T15:37:04Z</time>
   </trkpt>
   <trkpt lat="45.7604100" lon="4.7699340">
    <ele>219.9</ele>
    <time>2025-02-28T15:37:05Z</time>
   </trkpt>
   <trkpt lat="45.7604070" lon="4.7699840">
    <ele>219.9</ele>
    <time>2025-02-28T15:37:06Z</time>
   </trkpt>
   <trkpt lat="45.7603840" lon="4.7700300">
    <ele>219.9</ele>
    <time>2025-02-28T15:37:07Z</time>
   </trkpt>
   <trkpt lat="45.7603540" lon="4.7700650">
    <ele>219.9</ele>
    <time>2025-02-28T15:37:08Z</time>
   </trkpt>
   <trkpt lat="45.7603640" lon="4.7701110">
    <ele>219.9</ele>
    <time>2025-02-28T15:37:09Z</time>
   </trkpt>
   <trkpt lat="45.7603680" lon="4.7701380">
    <ele>219.9</ele>
    <time>2025-02-28T15:37:10Z</time>
   </trkpt>
   <trkpt lat="45.7603750" lon="4.7701840">
    <ele>219.9</ele>
    <time>2025-02-28T15:37:11Z</time>
   </trkpt>
   <trkpt lat="45.7603840" lon="4.7702290">
    <ele>219.9</ele>
    <time>2025-02-28T15:37:12Z</time>
   </trkpt>
   <trkpt lat="45.7603860" lon="4.7702730">
    <ele>219.9</ele>
    <time>2025-02-28T15:37:13Z</time>
   </trkpt>
   <trkpt lat="45.7603910" lon="4.7703200">
    <ele>219.9</ele>
    <time>2025-02-28T15:37:14Z</time>
   </trkpt>
   <trkpt lat="45.7603960" lon="4.7703590">
    <ele>219.9</ele>
    <time>2025-02-28T15:37:15Z</time>
   </trkpt>
   <trkpt lat="45.7603910" lon="4.7704150">
    <ele>219.9</ele>
    <time>2025-02-28T15:37:16Z</time>
   </trkpt>
   <trkpt lat="45.7603880" lon="4.7704370">
    <ele>219.9</ele>
    <time>2025-02-28T15:37:17Z</time>
   </trkpt>
   <trkpt lat="45.7603820" lon="4.7704870">
    <ele>219.9</ele>
    <time>2025-02-28T15:37:18Z</time>
   </trkpt>
   <trkpt lat="45.7603770" lon="4.7705270">
    <ele>219.9</ele>
    <time>2025-02-28T15:37:19Z</time>
   </trkpt>
   <trkpt lat="45.7603860" lon="4.7705760">
    <ele>219.9</ele>
    <time>2025-02-28T15:37:20Z</time>
   </trkpt>
   <trkpt lat="45.7603850" lon="4.7706170">
    <ele>219.9</ele>
    <time>2025-02-28T15:37:21Z</time>
   </trkpt>
   <trkpt lat="45.7603800" lon="4.7706680">
    <ele>219.9</ele>
    <time>2025-02-28T15:37:22Z</time>
   </trkpt>
   <trkpt lat="45.7603780" lon="4.7707100">
    <ele>219.9</ele>
    <time>2025-02-28T15:37:23Z</time>
   </trkpt>
   <trkpt lat="45.7603740" lon="4.7707620">
    <ele>219.9</ele>
    <time>2025-02-28T15:37:24Z</time>
   </trkpt>
   <trkpt lat="45.7603690" lon="4.7708160">
    <ele>219.9</ele>
    <time>2025-02-28T15:37:25Z</time>
   </trkpt>
   <trkpt lat="45.7603690" lon="4.7708350">
    <ele>219.9</ele>
    <time>2025-02-28T15:37:26Z</time>
   </trkpt>
   <trkpt lat="45.7603740" lon="4.7708770">
    <ele>219.9</ele>
    <time>2025-02-28T15:37:27Z</time>
   </trkpt>
   <trkpt lat="45.7603720" lon="4.7709220">
    <ele>219.9</ele>
    <time>2025-02-28T15:37:28Z</time>
   </trkpt>
   <trkpt lat="45.7603750" lon="4.7709700">
    <ele>219.9</ele>
    <time>2025-02-28T15:37:29Z</time>
   </trkpt>
   <trkpt lat="45.7603740" lon="4.7710150">
    <ele>220.0</ele>
    <time>2025-02-28T15:37:30Z</time>
   </trkpt>
   <trkpt lat="45.7603510" lon="4.7710560">
    <ele>220.0</ele>
    <time>2025-02-28T15:37:31Z</time>
   </trkpt>
   <trkpt lat="45.7603600" lon="4.7711020">
    <ele>220.0</ele>
    <time>2025-02-28T15:37:32Z</time>
   </trkpt>
   <trkpt lat="45.7603790" lon="4.7711740">
    <ele>220.0</ele>
    <time>2025-02-28T15:37:33Z</time>
   </trkpt>
   <trkpt lat="45.7603710" lon="4.7712240">
    <ele>220.0</ele>
    <time>2025-02-28T15:37:34Z</time>
   </trkpt>
   <trkpt lat="45.7603470" lon="4.7712640">
    <ele>220.0</ele>
    <time>2025-02-28T15:37:35Z</time>
   </trkpt>
   <trkpt lat="45.7603380" lon="4.7712760">
    <ele>220.0</ele>
    <time>2025-02-28T15:37:36Z</time>
   </trkpt>
   <trkpt lat="45.7603020" lon="4.7713010">
    <ele>220.0</ele>
    <time>2025-02-28T15:37:37Z</time>
   </trkpt>
   <trkpt lat="45.7602880" lon="4.7713120">
    <ele>220.1</ele>
    <time>2025-02-28T15:37:38Z</time>
   </trkpt>
   <trkpt lat="45.7603060" lon="4.7713440">
    <ele>220.1</ele>
    <time>2025-02-28T15:37:39Z</time>
   </trkpt>
   <trkpt lat="45.7603030" lon="4.7713950">
    <ele>220.1</ele>
    <time>2025-02-28T15:37:40Z</time>
   </trkpt>
   <trkpt lat="45.7603070" lon="4.7714350">
    <ele>220.1</ele>
    <time>2025-02-28T15:37:41Z</time>
   </trkpt>
   <trkpt lat="45.7603450" lon="4.7715440">
    <ele>220.1</ele>
    <time>2025-02-28T15:37:42Z</time>
   </trkpt>
   <trkpt lat="45.7603460" lon="4.7716010">
    <ele>220.2</ele>
    <time>2025-02-28T15:37:43Z</time>
   </trkpt>
   <trkpt lat="45.7603580" lon="4.7716540">
    <ele>220.2</ele>
    <time>2025-02-28T15:37:44Z</time>
   </trkpt>
   <trkpt lat="45.7603540" lon="4.7716980">
    <ele>220.2</ele>
    <time>2025-02-28T15:37:45Z</time>
   </trkpt>
   <trkpt lat="45.7603560" lon="4.7717460">
    <ele>220.2</ele>
    <time>2025-02-28T15:37:46Z</time>
   </trkpt>
   <trkpt lat="45.7603640" lon="4.7717950">
    <ele>220.3</ele>
    <time>2025-02-28T15:37:47Z</time>
   </trkpt>
   <trkpt lat="45.7603700" lon="4.7718390">
    <ele>220.3</ele>
    <time>2025-02-28T15:37:48Z</time>
   </trkpt>
   <trkpt lat="45.7603890" lon="4.7718930">
    <ele>220.3</ele>
    <time>2025-02-28T15:37:49Z</time>
   </trkpt>
   <trkpt lat="45.7604000" lon="4.7719170">
    <ele>220.3</ele>
    <time>2025-02-28T15:37:50Z</time>
   </trkpt>
   <trkpt lat="45.7603900" lon="4.7719640">
    <ele>220.4</ele>
    <time>2025-02-28T15:37:52Z</time>
   </trkpt>
   <trkpt lat="45.7603700" lon="4.7719980">
    <ele>220.4</ele>
    <time>2025-02-28T15:37:53Z</time>
   </trkpt>
   <trkpt lat="45.7603680" lon="4.7720490">
    <ele>220.4</ele>
    <time>2025-02-28T15:37:54Z</time>
   </trkpt>
   <trkpt lat="45.7603910" lon="4.7721440">
    <ele>220.5</ele>
    <time>2025-02-28T15:37:55Z</time>
   </trkpt>
   <trkpt lat="45.7603820" lon="4.7721840">
    <ele>220.5</ele>
    <time>2025-02-28T15:37:57Z</time>
   </trkpt>
   <trkpt lat="45.7603810" lon="4.7722330">
    <ele>220.5</ele>
    <time>2025-02-28T15:37:58Z</time>
   </trkpt>
   <trkpt lat="45.7603860" lon="4.7722780">
    <ele>220.5</ele>
    <time>2025-02-28T15:37:59Z</time>
   </trkpt>
   <trkpt lat="45.7603920" lon="4.7723210">
    <ele>220.5</ele>
    <time>2025-02-28T15:38:00Z</time>
   </trkpt>
   <trkpt lat="45.7603770" lon="4.7723810">
    <ele>220.6</ele>
    <time>2025-02-28T15:38:01Z</time>
   </trkpt>
   <trkpt lat="45.7603690" lon="4.7724050">
    <ele>220.6</ele>
    <time>2025-02-28T15:38:02Z</time>
   </trkpt>
   <trkpt lat="45.7603450" lon="4.7724480">
    <ele>220.6</ele>
    <time>2025-02-28T15:38:03Z</time>
   </trkpt>
   <trkpt lat="45.7603430" lon="4.7724700">
    <ele>220.6</ele>
    <time>2025-02-28T15:38:04Z</time>
   </trkpt>
   <trkpt lat="45.7603600" lon="4.7725200">
    <ele>220.6</ele>
    <time>2025-02-28T15:38:05Z</time>
   </trkpt>
   <trkpt lat="45.7603570" lon="4.7725650">
    <ele>220.6</ele>
    <time>2025-02-28T15:38:06Z</time>
   </trkpt>
   <trkpt lat="45.7603550" lon="4.7726070">
    <ele>220.6</ele>
    <time>2025-02-28T15:38:07Z</time>
   </trkpt>
   <trkpt lat="45.7603380" lon="4.7726540">
    <ele>220.6</ele>
    <time>2025-02-28T15:38:08Z</time>
   </trkpt>
   <trkpt lat="45.7603340" lon="4.7726710">
    <ele>220.7</ele>
    <time>2025-02-28T15:38:09Z</time>
   </trkpt>
   <trkpt lat="45.7603230" lon="4.7727190">
    <ele>220.7</ele>
    <time>2025-02-28T15:38:10Z</time>
   </trkpt>
   <trkpt lat="45.7603200" lon="4.7727320">
    <ele>220.7</ele>
    <time>2025-02-28T15:38:11Z</time>
   </trkpt>
   <trkpt lat="45.7603350" lon="4.7727870">
    <ele>220.7</ele>
    <time>2025-02-28T15:38:12Z</time>
   </trkpt>
   <trkpt lat="45.7603340" lon="4.7728360">
    <ele>220.7</ele>
    <time>2025-02-28T15:38:13Z</time>
   </trkpt>
   <trkpt lat="45.7603400" lon="4.7728900">
    <ele>220.8</ele>
    <time>2025-02-28T15:38:14Z</time>
   </trkpt>
   <trkpt lat="45.7603440" lon="4.7729440">
    <ele>220.8</ele>
    <time>2025-02-28T15:38:15Z</time>
   </trkpt>
   <trkpt lat="45.7603590" lon="4.7729890">
    <ele>220.8</ele>
    <time>2025-02-28T15:38:16Z</time>
   </trkpt>
   <trkpt lat="45.7603540" lon="4.7730420">
    <ele>220.9</ele>
    <time>2025-02-28T15:38:17Z</time>
   </trkpt>
   <trkpt lat="45.7603490" lon="4.7730680">
    <ele>220.9</ele>
    <time>2025-02-28T15:38:18Z</time>
   </trkpt>
   <trkpt lat="45.7603300" lon="4.7731010">
    <ele>220.9</ele>
    <time>2025-02-28T15:38:19Z</time>
   </trkpt>
   <trkpt lat="45.7603480" lon="4.7731550">
    <ele>220.9</ele>
    <time>2025-02-28T15:38:20Z</time>
   </trkpt>
   <trkpt lat="45.7603670" lon="4.7731840">
    <ele>220.9</ele>
    <time>2025-02-28T15:38:21Z</time>
   </trkpt>
   <trkpt lat="45.7603930" lon="4.7732320">
    <ele>220.9</ele>
    <time>2025-02-28T15:38:22Z</time>
   </trkpt>
   <trkpt lat="45.7604330" lon="4.7732630">
    <ele>220.9</ele>
    <time>2025-02-28T15:38:23Z</time>
   </trkpt>
   <trkpt lat="45.7604440" lon="4.7733070">
    <ele>220.9</ele>
    <time>2025-02-28T15:38:24Z</time>
   </trkpt>
   <trkpt lat="45.7604350" lon="4.7733460">
    <ele>220.9</ele>
    <time>2025-02-28T15:38:25Z</time>
   </trkpt>
   <trkpt lat="45.7604250" lon="4.7733830">
    <ele>220.9</ele>
    <time>2025-02-28T15:38:26Z</time>
   </trkpt>
   <trkpt lat="45.7604220" lon="4.7734250">
    <ele>220.9</ele>
    <time>2025-02-28T15:38:27Z</time>
   </trkpt>
   <trkpt lat="45.7604400" lon="4.7734720">
    <ele>220.9</ele>
    <time>2025-02-28T15:38:28Z</time>
   </trkpt>
   <trkpt lat="45.7604690" lon="4.7735160">
    <ele>220.9</ele>
    <time>2025-02-28T15:38:29Z</time>
   </trkpt>
   <trkpt lat="45.7604920" lon="4.7735750">
    <ele>220.8</ele>
    <time>2025-02-28T15:38:30Z</time>
   </trkpt>
   <trkpt lat="45.7605130" lon="4.7736330">
    <ele>220.8</ele>
    <time>2025-02-28T15:38:31Z</time>
   </trkpt>
   <trkpt lat="45.7605210" lon="4.7736610">
    <ele>220.8</ele>
    <time>2025-02-28T15:38:32Z</time>
   </trkpt>
   <trkpt lat="45.7605420" lon="4.7736960">
    <ele>220.8</ele>
    <time>2025-02-28T15:38:33Z</time>
   </trkpt>
   <trkpt lat="45.7605670" lon="4.7737350">
    <ele>220.8</ele>
    <time>2025-02-28T15:38:34Z</time>
   </trkpt>
   <trkpt lat="45.7605870" lon="4.7737830">
    <ele>220.8</ele>
    <time>2025-02-28T15:38:35Z</time>
   </trkpt>
   <trkpt lat="45.7606150" lon="4.7738380">
    <ele>220.8</ele>
    <time>2025-02-28T15:38:36Z</time>
   </trkpt>
   <trkpt lat="45.7606310" lon="4.7738750">
    <ele>220.8</ele>
    <time>2025-02-28T15:38:37Z</time>
   </trkpt>
   <trkpt lat="45.7606550" lon="4.7739280">
    <ele>220.7</ele>
    <time>2025-02-28T15:38:38Z</time>
   </trkpt>
   <trkpt lat="45.7606700" lon="4.7739740">
    <ele>220.7</ele>
    <time>2025-02-28T15:38:39Z</time>
   </trkpt>
   <trkpt lat="45.7606860" lon="4.7740110">
    <ele>220.7</ele>
    <time>2025-02-28T15:38:40Z</time>
   </trkpt>
   <trkpt lat="45.7607050" lon="4.7740530">
    <ele>220.7</ele>
    <time>2025-02-28T15:38:41Z</time>
   </trkpt>
   <trkpt lat="45.7607140" lon="4.7740930">
    <ele>220.7</ele>
    <time>2025-02-28T15:38:42Z</time>
   </trkpt>
   <trkpt lat="45.7607400" lon="4.7741360">
    <ele>220.7</ele>
    <time>2025-02-28T15:38:43Z</time>
   </trkpt>
   <trkpt lat="45.7607600" lon="4.7741780">
    <ele>220.7</ele>
    <time>2025-02-28T15:38:44Z</time>
   </trkpt>
   <trkpt lat="45.7607770" lon="4.7742250">
    <ele>220.7</ele>
    <time>2025-02-28T15:38:45Z</time>
   </trkpt>
   <trkpt lat="45.7607970" lon="4.7742610">
    <ele>220.7</ele>
    <time>2025-02-28T15:38:46Z</time>
   </trkpt>
   <trkpt lat="45.7608100" lon="4.7743160">
    <ele>220.7</ele>
    <time>2025-02-28T15:38:47Z</time>
   </trkpt>
   <trkpt lat="45.7608320" lon="4.7743500">
    <ele>220.7</ele>
    <time>2025-02-28T15:38:48Z</time>
   </trkpt>
   <trkpt lat="45.7608460" lon="4.7743940">
    <ele>220.7</ele>
    <time>2025-02-28T15:38:49Z</time>
   </trkpt>
   <trkpt lat="45.7608630" lon="4.7744270">
    <ele>220.7</ele>
    <time>2025-02-28T15:38:50Z</time>
   </trkpt>
   <trkpt lat="45.7608680" lon="4.7744680">
    <ele>220.7</ele>
    <time>2025-02-28T15:38:51Z</time>
   </trkpt>
   <trkpt lat="45.7608970" lon="4.7745030">
    <ele>220.7</ele>
    <time>2025-02-28T15:38:52Z</time>
   </trkpt>
   <trkpt lat="45.7609180" lon="4.7745430">
    <ele>220.7</ele>
    <time>2025-02-28T15:38:53Z</time>
   </trkpt>
   <trkpt lat="45.7609290" lon="4.7745560">
    <ele>220.7</ele>
    <time>2025-02-28T15:38:54Z</time>
   </trkpt>
   <trkpt lat="45.7609330" lon="4.7746120">
    <ele>220.7</ele>
    <time>2025-02-28T15:38:55Z</time>
   </trkpt>
   <trkpt lat="45.7609470" lon="4.7746520">
    <ele>220.7</ele>
    <time>2025-02-28T15:38:56Z</time>
   </trkpt>
   <trkpt lat="45.7609730" lon="4.7746800">
    <ele>220.7</ele>
    <time>2025-02-28T15:38:57Z</time>
   </trkpt>
   <trkpt lat="45.7609940" lon="4.7747210">
    <ele>220.7</ele>
    <time>2025-02-28T15:38:58Z</time>
   </trkpt>
   <trkpt lat="45.7610180" lon="4.7747510">
    <ele>220.7</ele>
    <time>2025-02-28T15:38:59Z</time>
   </trkpt>
   <trkpt lat="45.7610340" lon="4.7747940">
    <ele>220.7</ele>
    <time>2025-02-28T15:39:00Z</time>
   </trkpt>
   <trkpt lat="45.7610400" lon="4.7748460">
    <ele>220.8</ele>
    <time>2025-02-28T15:39:01Z</time>
   </trkpt>
   <trkpt lat="45.7610650" lon="4.7748890">
    <ele>220.8</ele>
    <time>2025-02-28T15:39:02Z</time>
   </trkpt>
   <trkpt lat="45.7610760" lon="4.7749410">
    <ele>220.8</ele>
    <time>2025-02-28T15:39:03Z</time>
   </trkpt>
   <trkpt lat="45.7610860" lon="4.7749870">
    <ele>220.8</ele>
    <time>2025-02-28T15:39:04Z</time>
   </trkpt>
   <trkpt lat="45.7611150" lon="4.7750350">
    <ele>220.8</ele>
    <time>2025-02-28T15:39:05Z</time>
   </trkpt>
   <trkpt lat="45.7611300" lon="4.7750550">
    <ele>220.8</ele>
    <time>2025-02-28T15:39:06Z</time>
   </trkpt>
   <trkpt lat="45.7611320" lon="4.7751070">
    <ele>220.9</ele>
    <time>2025-02-28T15:39:07Z</time>
   </trkpt>
   <trkpt lat="45.7611440" lon="4.7751610">
    <ele>220.9</ele>
    <time>2025-02-28T15:39:08Z</time>
   </trkpt>
   <trkpt lat="45.7611550" lon="4.7752120">
    <ele>220.9</ele>
    <time>2025-02-28T15:39:09Z</time>
   </trkpt>
   <trkpt lat="45.7611670" lon="4.7752550">
    <ele>220.9</ele>
    <time>2025-02-28T15:39:10Z</time>
   </trkpt>
   <trkpt lat="45.7611760" lon="4.7753010">
    <ele>220.9</ele>
    <time>2025-02-28T15:39:11Z</time>
   </trkpt>
   <trkpt lat="45.7612000" lon="4.7753470">
    <ele>221.0</ele>
    <time>2025-02-28T15:39:12Z</time>
   </trkpt>
   <trkpt lat="45.7612220" lon="4.7753830">
    <ele>221.0</ele>
    <time>2025-02-28T15:39:13Z</time>
   </trkpt>
   <trkpt lat="45.7612270" lon="4.7754270">
    <ele>221.0</ele>
    <time>2025-02-28T15:39:14Z</time>
   </trkpt>
   <trkpt lat="45.7612480" lon="4.7754680">
    <ele>221.0</ele>
    <time>2025-02-28T15:39:15Z</time>
   </trkpt>
   <trkpt lat="45.7612670" lon="4.7755140">
    <ele>221.1</ele>
    <time>2025-02-28T15:39:16Z</time>
   </trkpt>
   <trkpt lat="45.7612900" lon="4.7755540">
    <ele>221.1</ele>
    <time>2025-02-28T15:39:17Z</time>
   </trkpt>
   <trkpt lat="45.7613120" lon="4.7755860">
    <ele>221.1</ele>
    <time>2025-02-28T15:39:18Z</time>
   </trkpt>
   <trkpt lat="45.7613400" lon="4.7756210">
    <ele>221.1</ele>
    <time>2025-02-28T15:39:19Z</time>
   </trkpt>
   <trkpt lat="45.7613440" lon="4.7756610">
    <ele>221.1</ele>
    <time>2025-02-28T15:39:20Z</time>
   </trkpt>
   <trkpt lat="45.7613690" lon="4.7756850">
    <ele>221.1</ele>
    <time>2025-02-28T15:39:21Z</time>
   </trkpt>
   <trkpt lat="45.7614010" lon="4.7757010">
    <ele>221.1</ele>
    <time>2025-02-28T15:39:22Z</time>
   </trkpt>
   <trkpt lat="45.7614360" lon="4.7757010">
    <ele>221.0</ele>
    <time>2025-02-28T15:39:23Z</time>
   </trkpt>
   <trkpt lat="45.7614700" lon="4.7757050">
    <ele>221.0</ele>
    <time>2025-02-28T15:39:24Z</time>
   </trkpt>
   <trkpt lat="45.7615100" lon="4.7757230">
    <ele>221.0</ele>
    <time>2025-02-28T15:39:25Z</time>
   </trkpt>
   <trkpt lat="45.7615450" lon="4.7757230">
    <ele>221.0</ele>
    <time>2025-02-28T15:39:26Z</time>
   </trkpt>
   <trkpt lat="45.7615780" lon="4.7757270">
    <ele>220.9</ele>
    <time>2025-02-28T15:39:27Z</time>
   </trkpt>
   <trkpt lat="45.7616140" lon="4.7757320">
    <ele>220.9</ele>
    <time>2025-02-28T15:39:28Z</time>
   </trkpt>
   <trkpt lat="45.7616460" lon="4.7757340">
    <ele>220.9</ele>
    <time>2025-02-28T15:39:29Z</time>
   </trkpt>
   <trkpt lat="45.7616780" lon="4.7757340">
    <ele>220.9</ele>
    <time>2025-02-28T15:39:30Z</time>
   </trkpt>
   <trkpt lat="45.7617040" lon="4.7757150">
    <ele>220.9</ele>
    <time>2025-02-28T15:39:31Z</time>
   </trkpt>
   <trkpt lat="45.7617430" lon="4.7757220">
    <ele>220.9</ele>
    <time>2025-02-28T15:39:32Z</time>
   </trkpt>
   <trkpt lat="45.7617870" lon="4.7757310">
    <ele>220.8</ele>
    <time>2025-02-28T15:39:33Z</time>
   </trkpt>
   <trkpt lat="45.7618240" lon="4.7757330">
    <ele>220.8</ele>
    <time>2025-02-28T15:39:34Z</time>
   </trkpt>
   <trkpt lat="45.7618570" lon="4.7757170">
    <ele>220.8</ele>
    <time>2025-02-28T15:39:35Z</time>
   </trkpt>
   <trkpt lat="45.7618940" lon="4.7757380">
    <ele>220.7</ele>
    <time>2025-02-28T15:39:36Z</time>
   </trkpt>
   <trkpt lat="45.7619280" lon="4.7757480">
    <ele>220.7</ele>
    <time>2025-02-28T15:39:37Z</time>
   </trkpt>
   <trkpt lat="45.7619640" lon="4.7757480">
    <ele>220.7</ele>
    <time>2025-02-28T15:39:38Z</time>
   </trkpt>
   <trkpt lat="45.7619990" lon="4.7757360">
    <ele>220.7</ele>
    <time>2025-02-28T15:39:39Z</time>
   </trkpt>
   <trkpt lat="45.7620310" lon="4.7757470">
    <ele>220.7</ele>
    <time>2025-02-28T15:39:40Z</time>
   </trkpt>
   <trkpt lat="45.7620640" lon="4.7757280">
    <ele>220.7</ele>
    <time>2025-02-28T15:39:41Z</time>
   </trkpt>
   <trkpt lat="45.7620940" lon="4.7757400">
    <ele>220.6</ele>
    <time>2025-02-28T15:39:42Z</time>
   </trkpt>
   <trkpt lat="45.7621360" lon="4.7757430">
    <ele>220.6</ele>
    <time>2025-02-28T15:39:43Z</time>
   </trkpt>
   <trkpt lat="45.7621540" lon="4.7757390">
    <ele>220.6</ele>
    <time>2025-02-28T15:39:44Z</time>
   </trkpt>
   <trkpt lat="45.7622090" lon="4.7757790">
    <ele>220.6</ele>
    <time>2025-02-28T15:39:45Z</time>
   </trkpt>
   <trkpt lat="45.7622410" lon="4.7757750">
    <ele>220.5</ele>
    <time>2025-02-28T15:39:46Z</time>
   </trkpt>
   <trkpt lat="45.7622830" lon="4.7757730">
    <ele>220.5</ele>
    <time>2025-02-28T15:39:47Z</time>
   </trkpt>
   <trkpt lat="45.7623170" lon="4.7757550">
    <ele>220.5</ele>
    <time>2025-02-28T15:39:48Z</time>
   </trkpt>
   <trkpt lat="45.7623590" lon="4.7757470">
    <ele>220.5</ele>
    <time>2025-02-28T15:39:49Z</time>
   </trkpt>
   <trkpt lat="45.7623930" lon="4.7757260">
    <ele>220.5</ele>
    <time>2025-02-28T15:39:50Z</time>
   </trkpt>
   <trkpt lat="45.7624230" lon="4.7757170">
    <ele>220.5</ele>
    <time>2025-02-28T15:39:51Z</time>
   </trkpt>
   <trkpt lat="45.7624540" lon="4.7757120">
    <ele>220.5</ele>
    <time>2025-02-28T15:39:52Z</time>
   </trkpt>
   <trkpt lat="45.7624910" lon="4.7757120">
    <ele>220.5</ele>
    <time>2025-02-28T15:39:53Z</time>
   </trkpt>
   <trkpt lat="45.7625230" lon="4.7756970">
    <ele>220.5</ele>
    <time>2025-02-28T15:39:54Z</time>
   </trkpt>
   <trkpt lat="45.7625340" lon="4.7756890">
    <ele>220.5</ele>
    <time>2025-02-28T15:39:55Z</time>
   </trkpt>
   <trkpt lat="45.7625710" lon="4.7756830">
    <ele>220.5</ele>
    <time>2025-02-28T15:39:56Z</time>
   </trkpt>
   <trkpt lat="45.7626020" lon="4.7756720">
    <ele>220.5</ele>
    <time>2025-02-28T15:39:57Z</time>
   </trkpt>
   <trkpt lat="45.7626340" lon="4.7756590">
    <ele>220.5</ele>
    <time>2025-02-28T15:39:58Z</time>
   </trkpt>
   <trkpt lat="45.7626760" lon="4.7756580">
    <ele>220.5</ele>
    <time>2025-02-28T15:39:59Z</time>
   </trkpt>
   <trkpt lat="45.7627150" lon="4.7756680">
    <ele>220.5</ele>
    <time>2025-02-28T15:40:00Z</time>
   </trkpt>
   <trkpt lat="45.7627530" lon="4.7756550">
    <ele>220.5</ele>
    <time>2025-02-28T15:40:01Z</time>
   </trkpt>
   <trkpt lat="45.7627850" lon="4.7756470">
    <ele>220.5</ele>
    <time>2025-02-28T15:40:02Z</time>
   </trkpt>
   <trkpt lat="45.7628210" lon="4.7756300">
    <ele>220.5</ele>
    <time>2025-02-28T15:40:03Z</time>
   </trkpt>
   <trkpt lat="45.7628600" lon="4.7756190">
    <ele>220.5</ele>
    <time>2025-02-28T15:40:04Z</time>
   </trkpt>
   <trkpt lat="45.7628920" lon="4.7756190">
    <ele>220.5</ele>
    <time>2025-02-28T15:40:05Z</time>
   </trkpt>
   <trkpt lat="45.7629300" lon="4.7756180">
    <ele>220.6</ele>
    <time>2025-02-28T15:40:06Z</time>
   </trkpt>
   <trkpt lat="45.7629670" lon="4.7756000">
    <ele>220.6</ele>
    <time>2025-02-28T15:40:07Z</time>
   </trkpt>
   <trkpt lat="45.7629830" lon="4.7755900">
    <ele>220.6</ele>
    <time>2025-02-28T15:40:08Z</time>
   </trkpt>
   <trkpt lat="45.7630180" lon="4.7755720">
    <ele>220.6</ele>
    <time>2025-02-28T15:40:09Z</time>
   </trkpt>
   <trkpt lat="45.7630490" lon="4.7755550">
    <ele>220.6</ele>
    <time>2025-02-28T15:40:10Z</time>
   </trkpt>
   <trkpt lat="45.7630860" lon="4.7755410">
    <ele>220.6</ele>
    <time>2025-02-28T15:40:11Z</time>
   </trkpt>
   <trkpt lat="45.7631100" lon="4.7755140">
    <ele>220.6</ele>
    <time>2025-02-28T15:40:12Z</time>
   </trkpt>
   <trkpt lat="45.7631540" lon="4.7755380">
    <ele>220.6</ele>
    <time>2025-02-28T15:40:13Z</time>
   </trkpt>
   <trkpt lat="45.7631850" lon="4.7755440">
    <ele>220.6</ele>
    <time>2025-02-28T15:40:14Z</time>
   </trkpt>
   <trkpt lat="45.7631940" lon="4.7755510">
    <ele>220.6</ele>
    <time>2025-02-28T15:40:15Z</time>
   </trkpt>
   <trkpt lat="45.7632090" lon="4.7755580">
    <ele>220.6</ele>
    <time>2025-02-28T15:40:16Z</time>
   </trkpt>
   <trkpt lat="45.7632260" lon="4.7755450">
    <ele>220.6</ele>
    <time>2025-02-28T15:40:17Z</time>
   </trkpt>
   <trkpt lat="45.7632590" lon="4.7755430">
    <ele>220.6</ele>
    <time>2025-02-28T15:40:18Z</time>
   </trkpt>
   <trkpt lat="45.7632970" lon="4.7755310">
    <ele>220.6</ele>
    <time>2025-02-28T15:40:19Z</time>
   </trkpt>
   <trkpt lat="45.7633460" lon="4.7755530">
    <ele>220.6</ele>
    <time>2025-02-28T15:40:20Z</time>
   </trkpt>
   <trkpt lat="45.7633870" lon="4.7755320">
    <ele>220.7</ele>
    <time>2025-02-28T15:40:21Z</time>
   </trkpt>
   <trkpt lat="45.7634300" lon="4.7755420">
    <ele>220.7</ele>
    <time>2025-02-28T15:40:22Z</time>
   </trkpt>
   <trkpt lat="45.7634750" lon="4.7755380">
    <ele>220.7</ele>
    <time>2025-02-28T15:40:23Z</time>
   </trkpt>
   <trkpt lat="45.7635140" lon="4.7755370">
    <ele>220.7</ele>
    <time>2025-02-28T15:40:24Z</time>
   </trkpt>
   <trkpt lat="45.7635440" lon="4.7755040">
    <ele>220.7</ele>
    <time>2025-02-28T15:40:25Z</time>
   </trkpt>
   <trkpt lat="45.7635870" lon="4.7754700">
    <ele>220.8</ele>
    <time>2025-02-28T15:40:26Z</time>
   </trkpt>
   <trkpt lat="45.7636340" lon="4.7755040">
    <ele>220.8</ele>
    <time>2025-02-28T15:40:27Z</time>
   </trkpt>
   <trkpt lat="45.7636520" lon="4.7755640">
    <ele>220.9</ele>
    <time>2025-02-28T15:40:28Z</time>
   </trkpt>
   <trkpt lat="45.7636520" lon="4.7756160">
    <ele>220.9</ele>
    <time>2025-02-28T15:40:29Z</time>
   </trkpt>
  </trkseg>
 </trk>
</gpx>
