<?xml version="1.0" encoding="UTF-8"?>
<gpx creator="StravaGPX" version="1.1" xmlns="http://www.topografix.com/GPX/1/1" xmlns:xsi="http://www.w3.org/2001/XMLSchema-instance" xsi:schemaLocation="http://www.topografix.com/GPX/1/1 http://www.topografix.com/GPX/1/1/gpx.xsd">
 <metadata>
  <time>2026-07-01T11:06:08Z</time>
 </metadata>
 <trk>
  <name>Course à pied dans l'après-midi</name>
  <type>running</type>
  <trkseg>
   <trkpt lat="45.7636410" lon="4.7755950">
    <ele>220.2</ele>
    <time>2026-07-01T11:06:08Z</time>
   </trkpt>
   <trkpt lat="45.7635810" lon="4.7754970">
    <ele>220.1</ele>
    <time>2026-07-01T11:06:17Z</time>
   </trkpt>
   <trkpt lat="45.7635560" lon="4.7754950">
    <ele>220.2</ele>
    <time>2026-07-01T11:06:18Z</time>
   </trkpt>
   <trkpt lat="45.7635350" lon="4.7754900">
    <ele>220.2</ele>
    <time>2026-07-01T11:06:19Z</time>
   </trkpt>
   <trkpt lat="45.7635130" lon="4.7754790">
    <ele>220.2</ele>
    <time>2026-07-01T11:06:20Z</time>
   </trkpt>
   <trkpt lat="45.7634990" lon="4.7754890">
    <ele>220.2</ele>
    <time>2026-07-01T11:06:21Z</time>
   </trkpt>
   <trkpt lat="45.7634740" lon="4.7754930">
    <ele>220.2</ele>
    <time>2026-07-01T11:06:22Z</time>
   </trkpt>
   <trkpt lat="45.7634540" lon="4.7754860">
    <ele>220.2</ele>
    <time>2026-07-01T11:06:23Z</time>
   </trkpt>
   <trkpt lat="45.7634320" lon="4.7755070">
    <ele>220.2</ele>
    <time>2026-07-01T11:06:24Z</time>
   </trkpt>
   <trkpt lat="45.7634100" lon="4.7755250">
    <ele>220.2</ele>
    <time>2026-07-01T11:06:25Z</time>
   </trkpt>
   <trkpt lat="45.7633870" lon="4.7755420">
    <ele>220.3</ele>
    <time>2026-07-01T11:06:26Z</time>
   </trkpt>
   <trkpt lat="45.7633710" lon="4.7755580">
    <ele>220.3</ele>
    <time>2026-07-01T11:06:27Z</time>
   </trkpt>
   <trkpt lat="45.7633470" lon="4.7755820">
    <ele>220.3</ele>
    <time>2026-07-01T11:06:28Z</time>
   </trkpt>
   <trkpt lat="45.7633160" lon="4.7755620">
    <ele>220.3</ele>
    <time>2026-07-01T11:06:29Z</time>
   </trkpt>
   <trkpt lat="45.7632910" lon="4.7755650">
    <ele>220.3</ele>
    <time>2026-07-01T11:06:30Z</time>
   </trkpt>
   <trkpt lat="45.7632550" lon="4.7755550">
    <ele>220.3</ele>
    <time>2026-07-01T11:06:31Z</time>
   </trkpt>
   <trkpt lat="45.7632270" lon="4.7755750">
    <ele>220.3</ele>
    <time>2026-07-01T11:06:32Z</time>
   </trkpt>
   <trkpt lat="45.7632000" lon="4.7755850">
    <ele>220.3</ele>
    <time>2026-07-01T11:06:33Z</time>
   </trkpt>
   <trkpt lat="45.7631690" lon="4.7756130">
    <ele>220.3</ele>
    <time>2026-07-01T11:06:34Z</time>
   </trkpt>
   <trkpt lat="45.7631430" lon="4.7756120">
    <ele>220.3</ele>
    <time>2026-07-01T11:06:35Z</time>
   </trkpt>
   <trkpt lat="45.7631100" lon="4.7756190">
    <ele>220.3</ele>
    <time>2026-07-01T11:06:36Z</time>
   </trkpt>
   <trkpt lat="45.7630800" lon="4.7756180">
    <ele>220.3</ele>
    <time>2026-07-01T11:06:37Z</time>
   </trkpt>
   <trkpt lat="45.7630560" lon="4.7756190">
    <ele>220.3</ele>
    <time>2026-07-01T11:06:38Z</time>
   </trkpt>
   <trkpt lat="45.7630310" lon="4.7756310">
    <ele>220.3</ele>
    <time>2026-07-01T11:06:39Z</time>
   </trkpt>
   <trkpt lat="45.7629990" lon="4.7756240">
    <ele>220.4</ele>
    <time>2026-07-01T11:06:40Z</time>
   </trkpt>
   <trkpt lat="45.7629670" lon="4.7756310">
    <ele>220.4</ele>
    <time>2026-07-01T11:06:41Z</time>
   </trkpt>
   <trkpt lat="45.7629340" lon="4.7756370">
    <ele>220.4</ele>
    <time>2026-07-01T11:06:42Z</time>
   </trkpt>
   <trkpt lat="45.7629060" lon="4.7756610">
    <ele>220.4</ele>
    <time>2026-07-01T11:06:43Z</time>
   </trkpt>
   <trkpt lat="45.7628790" lon="4.7756770">
    <ele>220.4</ele>
    <time>2026-07-01T11:06:44Z</time>
   </trkpt>
   <trkpt lat="45.7628520" lon="4.7756880">
    <ele>220.4</ele>
    <time>2026-07-01T11:06:45Z</time>
   </trkpt>
   <trkpt lat="45.7628290" lon="4.7756960">
    <ele>220.4</ele>
    <time>2026-07-01T11:06:46Z</time>
   </trkpt>
   <trkpt lat="45.7628070" lon="4.7757230">
    <ele>220.4</ele>
    <time>2026-07-01T11:06:47Z</time>
   </trkpt>
   <trkpt lat="45.7627820" lon="4.7757180">
    <ele>220.4</ele>
    <time>2026-07-01T11:06:48Z</time>
   </trkpt>
   <trkpt lat="45.7627520" lon="4.7757390">
    <ele>220.4</ele>
    <time>2026-07-01T11:06:49Z</time>
   </trkpt>
   <trkpt lat="45.7627270" lon="4.7757360">
    <ele>220.4</ele>
    <time>2026-07-01T11:06:50Z</time>
   </trkpt>
   <trkpt lat="45.7627030" lon="4.7757360">
    <ele>220.4</ele>
    <time>2026-07-01T11:06:51Z</time>
   </trkpt>
   <trkpt lat="45.7626830" lon="4.7757220">
    <ele>220.4</ele>
    <time>2026-07-01T11:06:52Z</time>
   </trkpt>
   <trkpt lat="45.7626550" lon="4.7757210">
    <ele>220.4</ele>
    <time>2026-07-01T11:06:53Z</time>
   </trkpt>
   <trkpt lat="45.7626220" lon="4.7757320">
    <ele>220.5</ele>
    <time>2026-07-01T11:06:54Z</time>
   </trkpt>
   <trkpt lat="45.7625930" lon="4.7757270">
    <ele>220.5</ele>
    <time>2026-07-01T11:06:55Z</time>
   </trkpt>
   <trkpt lat="45.7625670" lon="4.7757320">
    <ele>220.5</ele>
    <time>2026-07-01T11:06:56Z</time>
   </trkpt>
   <trkpt lat="45.7625360" lon="4.7757470">
    <ele>220.5</ele>
    <time>2026-07-01T11:06:57Z</time>
   </trkpt>
   <trkpt lat="45.7625090" lon="4.7757540">
    <ele>220.5</ele>
    <time>2026-07-01T11:06:58Z</time>
   </trkpt>
   <trkpt lat="45.7624830" lon="4.7757600">
    <ele>220.5</ele>
    <time>2026-07-01T11:06:59Z</time>
   </trkpt>
   <trkpt lat="45.7624610" lon="4.7757690">
    <ele>220.5</ele>
    <time>2026-07-01T11:07:00Z</time>
   </trkpt>
   <trkpt lat="45.7624400" lon="4.7757790">
    <ele>220.6</ele>
    <time>2026-07-01T11:07:01Z</time>
   </trkpt>
   <trkpt lat="45.7624090" lon="4.7757790">
    <ele>220.6</ele>
    <time>2026-07-01T11:07:02Z</time>
   </trkpt>
   <trkpt lat="45.7623780" lon="4.7757810">
    <ele>220.6</ele>
    <time>2026-07-01T11:07:03Z</time>
   </trkpt>
   <trkpt lat="45.7623540" lon="4.7757890">
    <ele>220.6</ele>
    <time>2026-07-01T11:07:04Z</time>
   </trkpt>
   <trkpt lat="45.7623260" lon="4.7757950">
    <ele>220.6</ele>
    <time>2026-07-01T11:07:05Z</time>
   </trkpt>
   <trkpt lat="45.7623020" lon="4.7758020">
    <ele>220.6</ele>
    <time>2026-07-01T11:07:06Z</time>
   </trkpt>
   <trkpt lat="45.7622830" lon="4.7757920">
    <ele>220.6</ele>
    <time>2026-07-01T11:07:07Z</time>
   </trkpt>
   <trkpt lat="45.7622590" lon="4.7757940">
    <ele>220.6</ele>
    <time>2026-07-01T11:07:08Z</time>
   </trkpt>
   <trkpt lat="45.7622340" lon="4.7758000">
    <ele>220.6</ele>
    <time>2026-07-01T11:07:09Z</time>
   </trkpt>
   <trkpt lat="45.7622100" lon="4.7758030">
    <ele>220.6</ele>
    <time>2026-07-01T11:07:10Z</time>
   </trkpt>
   <trkpt lat="45.7621830" lon="4.7758060">
    <ele>220.6</ele>
    <time>2026-07-01T11:07:11Z</time>
   </trkpt>
   <trkpt lat="45.7621560" lon="4.7758130">
    <ele>220.7</ele>
    <time>2026-07-01T11:07:12Z</time>
   </trkpt>
   <trkpt lat="45.7621300" lon="4.7758180">
    <ele>220.7</ele>
    <time>2026-07-01T11:07:13Z</time>
   </trkpt>
   <trkpt lat="45.7621070" lon="4.7758250">
    <ele>220.7</ele>
    <time>2026-07-01T11:07:14Z</time>
   </trkpt>
   <trkpt lat="45.7620810" lon="4.7758210">
    <ele>220.7</ele>
    <time>2026-07-01T11:07:15Z</time>
   </trkpt>
   <trkpt lat="45.7620570" lon="4.7758160">
    <ele>220.7</ele>
    <time>2026-07-01T11:07:16Z</time>
   </trkpt>
   <trkpt lat="45.7620340" lon="4.7758110">
    <ele>220.7</ele>
    <time>2026-07-01T11:07:17Z</time>
   </trkpt>
   <trkpt lat="45.7620140" lon="4.7757980">
    <ele>220.7</ele>
    <time>2026-07-01T11:07:18Z</time>
   </trkpt>
   <trkpt lat="45.7619810" lon="4.7757910">
    <ele>220.7</ele>
    <time>2026-07-01T11:07:20Z</time>
   </trkpt>
   <trkpt lat="45.7619550" lon="4.7757990">
    <ele>220.7</ele>
    <time>2026-07-01T11:07:21Z</time>
   </trkpt>
   <trkpt lat="45.7619320" lon="4.7757940">
    <ele>220.7</ele>
    <time>2026-07-01T11:07:22Z</time>
   </trkpt>
   <trkpt lat="45.7619160" lon="4.7757940">
    <ele>220.7</ele>
    <time>2026-07-01T11:07:23Z</time>
   </trkpt>
   <trkpt lat="45.7618960" lon="4.7757680">
    <ele>220.7</ele>
    <time>2026-07-01T11:07:24Z</time>
   </trkpt>
   <trkpt lat="45.7618780" lon="4.7757500">
    <ele>220.7</ele>
    <time>2026-07-01T11:07:25Z</time>
   </trkpt>
   <trkpt lat="45.7618520" lon="4.7757440">
    <ele>220.7</ele>
    <time>2026-07-01T11:07:26Z</time>
   </trkpt>
   <trkpt lat="45.7618210" lon="4.7757450">
    <ele>220.7</ele>
    <time>2026-07-01T11:07:27Z</time>
   </trkpt>
   <trkpt lat="45.7617960" lon="4.7757330">
    <ele>220.7</ele>
    <time>2026-07-01T11:07:28Z</time>
   </trkpt>
   <trkpt lat="45.7617800" lon="4.7757070">
    <ele>220.7</ele>
    <time>2026-07-01T11:07:29Z</time>
   </trkpt>
   <trkpt lat="45.7617530" lon="4.7757380">
    <ele>220.7</ele>
    <time>2026-07-01T11:07:30Z</time>
   </trkpt>
   <trkpt lat="45.7617270" lon="4.7757410">
    <ele>220.7</ele>
    <time>2026-07-01T11:07:31Z</time>
   </trkpt>
   <trkpt lat="45.7617040" lon="4.7757270">
    <ele>220.7</ele>
    <time>2026-07-01T11:07:32Z</time>
   </trkpt>
   <trkpt lat="45.7616820" lon="4.7757040">
    <ele>220.7</ele>
    <time>2026-07-01T11:07:33Z</time>
   </trkpt>
   <trkpt lat="45.7616580" lon="4.7756920">
    <ele>220.7</ele>
    <time>2026-07-01T11:07:34Z</time>
   </trkpt>
   <trkpt lat="45.7616320" lon="4.7756840">
    <ele>220.7</ele>
    <time>2026-07-01T11:07:35Z</time>
   </trkpt>
   <trkpt lat="45.7616080" lon="4.7756810">
    <ele>220.7</ele>
    <time>2026-07-01T11:07:36Z</time>
   </trkpt>
   <trkpt lat="45.7615800" lon="4.7756810">
    <ele>220.7</ele>
    <time>2026-07-01T11:07:37Z</time>
   </trkpt>
   <trkpt lat="45.7615460" lon="4.7756720">
    <ele>220.7</ele>
    <time>2026-07-01T11:07:38Z</time>
   </trkpt>
   <trkpt lat="45.7615230" lon="4.7756720">
    <ele>220.7</ele>
    <time>2026-07-01T11:07:39Z</time>
   </trkpt>
   <trkpt lat="45.7615010" lon="4.7756710">
    <ele>220.7</ele>
    <time>2026-07-01T11:07:40Z</time>
   </trkpt>
   <trkpt lat="45.7614770" lon="4.7756720">
    <ele>220.7</ele>
    <time>2026-07-01T11:07:41Z</time>
   </trkpt>
   <trkpt lat="45.7614580" lon="4.7756830">
    <ele>220.7</ele>
    <time>2026-07-01T11:07:42Z</time>
   </trkpt>
   <trkpt lat="45.7614360" lon="4.7756740">
    <ele>220.7</ele>
    <time>2026-07-01T11:07:43Z</time>
   </trkpt>
   <trkpt lat="45.7614100" lon="4.7756510">
    <ele>220.7</ele>
    <time>2026-07-01T11:07:44Z</time>
   </trkpt>
   <trkpt lat="45.7613880" lon="4.7756230">
    <ele>220.7</ele>
    <time>2026-07-01T11:07:45Z</time>
   </trkpt>
   <trkpt lat="45.7613680" lon="4.7756010">
    <ele>220.7</ele>
    <time>2026-07-01T11:07:46Z</time>
   </trkpt>
   <trkpt lat="45.7613530" lon="4.7755720">
    <ele>220.7</ele>
    <time>2026-07-01T11:07:47Z</time>
   </trkpt>
   <trkpt lat="45.7613390" lon="4.7755350">
    <ele>220.7</ele>
    <time>2026-07-01T11:07:48Z</time>
   </trkpt>
   <trkpt lat="45.7613230" lon="4.7755020">
    <ele>220.7</ele>
    <time>2026-07-01T11:07:49Z</time>
   </trkpt>
   <trkpt lat="45.7613060" lon="4.7754690">
    <ele>220.7</ele>
    <time>2026-07-01T11:07:50Z</time>
   </trkpt>
   <trkpt lat="45.7612850" lon="4.7754300">
    <ele>220.7</ele>
    <time>2026-07-01T11:07:51Z</time>
   </trkpt>
   <trkpt lat="45.7612650" lon="4.7753980">
    <ele>220.7</ele>
    <time>2026-07-01T11:07:52Z</time>
   </trkpt>
   <trkpt lat="45.7612510" lon="4.7753660">
    <ele>220.7</ele>
    <time>2026-07-01T11:07:53Z</time>
   </trkpt>
   <trkpt lat="45.7612450" lon="4.7753410">
    <ele>220.7</ele>
    <time>2026-07-01T11:07:54Z</time>
   </trkpt>
   <trkpt lat="45.7612250" lon="4.7752980">
    <ele>220.6</ele>
    <time>2026-07-01T11:07:55Z</time>
   </trkpt>
   <trkpt lat="45.7612050" lon="4.7752550">
    <ele>220.6</ele>
    <time>2026-07-01T11:07:56Z</time>
   </trkpt>
   <trkpt lat="45.7611910" lon="4.7752200">
    <ele>220.6</ele>
    <time>2026-07-01T11:07:57Z</time>
   </trkpt>
   <trkpt lat="45.7611630" lon="4.7751570">
    <ele>220.5</ele>
    <time>2026-07-01T11:07:59Z</time>
   </trkpt>
   <trkpt lat="45.7611550" lon="4.7751280">
    <ele>220.5</ele>
    <time>2026-07-01T11:08:00Z</time>
   </trkpt>
   <trkpt lat="45.7611350" lon="4.7751000">
    <ele>220.5</ele>
    <time>2026-07-01T11:08:01Z</time>
   </trkpt>
   <trkpt lat="45.7611250" lon="4.7750710">
    <ele>220.5</ele>
    <time>2026-07-01T11:08:02Z</time>
   </trkpt>
   <trkpt lat="45.7611140" lon="4.7750420">
    <ele>220.5</ele>
    <time>2026-07-01T11:08:03Z</time>
   </trkpt>
   <trkpt lat="45.7611010" lon="4.7750120">
    <ele>220.5</ele>
    <time>2026-07-01T11:08:04Z</time>
   </trkpt>
   <trkpt lat="45.7610880" lon="4.7749740">
    <ele>220.5</ele>
    <time>2026-07-01T11:08:05Z</time>
   </trkpt>
   <trkpt lat="45.7610750" lon="4.7749320">
    <ele>220.4</ele>
    <time>2026-07-01T11:08:06Z</time>
   </trkpt>
   <trkpt lat="45.7610560" lon="4.7748920">
    <ele>220.4</ele>
    <time>2026-07-01T11:08:07Z</time>
   </trkpt>
   <trkpt lat="45.7610380" lon="4.7748620">
    <ele>220.4</ele>
    <time>2026-07-01T11:08:08Z</time>
   </trkpt>
   <trkpt lat="45.7610260" lon="4.7748220">
    <ele>220.4</ele>
    <time>2026-07-01T11:08:09Z</time>
   </trkpt>
   <trkpt lat="45.7610170" lon="4.7747900">
    <ele>220.4</ele>
    <time>2026-07-01T11:08:10Z</time>
   </trkpt>
   <trkpt lat="45.7610050" lon="4.7747530">
    <ele>220.3</ele>
    <time>2026-07-01T11:08:11Z</time>
   </trkpt>
   <trkpt lat="45.7609950" lon="4.7747150">
    <ele>220.3</ele>
    <time>2026-07-01T11:08:12Z</time>
   </trkpt>
   <trkpt lat="45.7609850" lon="4.7746780">
    <ele>220.3</ele>
    <time>2026-07-01T11:08:13Z</time>
   </trkpt>
   <trkpt lat="45.7609750" lon="4.7746410">
    <ele>220.3</ele>
    <time>2026-07-01T11:08:14Z</time>
   </trkpt>
   <trkpt lat="45.7609590" lon="4.7746050">
    <ele>220.3</ele>
    <time>2026-07-01T11:08:15Z</time>
   </trkpt>
   <trkpt lat="45.7609460" lon="4.7745740">
    <ele>220.3</ele>
    <time>2026-07-01T11:08:16Z</time>
   </trkpt>
   <trkpt lat="45.7609330" lon="4.7745440">
    <ele>220.3</ele>
    <time>2026-07-01T11:08:17Z</time>
   </trkpt>
   <trkpt lat="45.7609160" lon="4.7745040">
    <ele>220.3</ele>
    <time>2026-07-01T11:08:18Z</time>
   </trkpt>
   <trkpt lat="45.7609030" lon="4.7744710">
    <ele>220.3</ele>
    <time>2026-07-01T11:08:19Z</time>
   </trkpt>
   <trkpt lat="45.7608880" lon="4.7744400">
    <ele>220.3</ele>
    <time>2026-07-01T11:08:20Z</time>
   </trkpt>
   <trkpt lat="45.7608710" lon="4.7744070">
    <ele>220.3</ele>
    <time>2026-07-01T11:08:21Z</time>
   </trkpt>
   <trkpt lat="45.7608590" lon="4.7743820">
    <ele>220.3</ele>
    <time>2026-07-01T11:08:22Z</time>
   </trkpt>
   <trkpt lat="45.7608490" lon="4.7743500">
    <ele>220.3</ele>
    <time>2026-07-01T11:08:23Z</time>
   </trkpt>
   <trkpt lat="45.7608380" lon="4.7743180">
    <ele>220.3</ele>
    <time>2026-07-01T11:08:24Z</time>
   </trkpt>
   <trkpt lat="45.7608220" lon="4.7742860">
    <ele>220.3</ele>
    <time>2026-07-01T11:08:25Z</time>
   </trkpt>
   <trkpt lat="45.7608060" lon="4.7742580">
    <ele>220.3</ele>
    <time>2026-07-01T11:08:26Z</time>
   </trkpt>
   <trkpt lat="45.7607950" lon="4.7742240">
    <ele>220.3</ele>
    <time>2026-07-01T11:08:27Z</time>
   </trkpt>
   <trkpt lat="45.7607850" lon="4.7741900">
    <ele>220.3</ele>
    <time>2026-07-01T11:08:28Z</time>
   </trkpt>
   <trkpt lat="45.7607720" lon="4.7741590">
    <ele>220.3</ele>
    <time>2026-07-01T11:08:29Z</time>
   </trkpt>
   <trkpt lat="45.7607570" lon="4.7741270">
    <ele>220.3</ele>
    <time>2026-07-01T11:08:30Z</time>
   </trkpt>
   <trkpt lat="45.7607460" lon="4.7740990">
    <ele>220.3</ele>
    <time>2026-07-01T11:08:31Z</time>
   </trkpt>
   <trkpt lat="45.7607270" lon="4.7740690">
    <ele>220.3</ele>
    <time>2026-07-01T11:08:32Z</time>
   </trkpt>
   <trkpt lat="45.7607110" lon="4.7740400">
    <ele>220.3</ele>
    <time>2026-07-01T11:08:33Z</time>
   </trkpt>
   <trkpt lat="45.7607020" lon="4.7739840">
    <ele>220.4</ele>
    <time>2026-07-01T11:08:34Z</time>
   </trkpt>
   <trkpt lat="45.7606910" lon="4.7739560">
    <ele>220.4</ele>
    <time>2026-07-01T11:08:35Z</time>
   </trkpt>
   <trkpt lat="45.7606790" lon="4.7739290">
    <ele>220.4</ele>
    <time>2026-07-01T11:08:36Z</time>
   </trkpt>
   <trkpt lat="45.7606650" lon="4.7738930">
    <ele>220.4</ele>
    <time>2026-07-01T11:08:37Z</time>
   </trkpt>
   <trkpt lat="45.7606510" lon="4.7738630">
    <ele>220.4</ele>
    <time>2026-07-01T11:08:38Z</time>
   </trkpt>
   <trkpt lat="45.7606410" lon="4.7738320">
    <ele>220.4</ele>
    <time>2026-07-01T11:08:39Z</time>
   </trkpt>
   <trkpt lat="45.7606300" lon="4.7737980">
    <ele>220.4</ele>
    <time>2026-07-01T11:08:40Z</time>
   </trkpt>
   <trkpt lat="45.7606220" lon="4.7737640">
    <ele>220.4</ele>
    <time>2026-07-01T11:08:41Z</time>
   </trkpt>
   <trkpt lat="45.7606080" lon="4.7737240">
    <ele>220.4</ele>
    <time>2026-07-01T11:08:42Z</time>
   </trkpt>
   <trkpt lat="45.7605990" lon="4.7736890">
    <ele>220.4</ele>
    <time>2026-07-01T11:08:43Z</time>
   </trkpt>
   <trkpt lat="45.7605960" lon="4.7736550">
    <ele>220.4</ele>
    <time>2026-07-01T11:08:44Z</time>
   </trkpt>
   <trkpt lat="45.7605930" lon="4.7736140">
    <ele>220.4</ele>
    <time>2026-07-01T11:08:45Z</time>
   </trkpt>
   <trkpt lat="45.7605900" lon="4.7735750">
    <ele>220.4</ele>
    <time>2026-07-01T11:08:46Z</time>
   </trkpt>
   <trkpt lat="45.7605830" lon="4.7735320">
    <ele>220.4</ele>
    <time>2026-07-01T11:08:47Z</time>
   </trkpt>
   <trkpt lat="45.7605660" lon="4.7734970">
    <ele>220.4</ele>
    <time>2026-07-01T11:08:48Z</time>
   </trkpt>
   <trkpt lat="45.7605470" lon="4.7734730">
    <ele>220.4</ele>
    <time>2026-07-01T11:08:49Z</time>
   </trkpt>
   <trkpt lat="45.7605210" lon="4.7734790">
    <ele>220.4</ele>
    <time>2026-07-01T11:08:50Z</time>
   </trkpt>
   <trkpt lat="45.7604960" lon="4.7735040">
    <ele>220.3</ele>
    <time>2026-07-01T11:08:51Z</time>
   </trkpt>
   <trkpt lat="45.7604630" lon="4.7735350">
    <ele>220.3</ele>
    <time>2026-07-01T11:08:52Z</time>
   </trkpt>
   <trkpt lat="45.7604290" lon="4.7735720">
    <ele>220.3</ele>
    <time>2026-07-01T11:08:53Z</time>
   </trkpt>
   <trkpt lat="45.7604030" lon="4.7735910">
    <ele>220.2</ele>
    <time>2026-07-01T11:08:54Z</time>
   </trkpt>
   <trkpt lat="45.7603840" lon="4.7735940">
    <ele>220.2</ele>
    <time>2026-07-01T11:08:55Z</time>
   </trkpt>
   <trkpt lat="45.7603610" lon="4.7735960">
    <ele>220.2</ele>
    <time>2026-07-01T11:08:56Z</time>
   </trkpt>
   <trkpt lat="45.7603380" lon="4.7735870">
    <ele>220.2</ele>
    <time>2026-07-01T11:08:57Z</time>
   </trkpt>
   <trkpt lat="45.7603110" lon="4.7735750">
    <ele>220.2</ele>
    <time>2026-07-01T11:08:58Z</time>
   </trkpt>
   <trkpt lat="45.7602870" lon="4.7735740">
    <ele>220.2</ele>
    <time>2026-07-01T11:08:59Z</time>
   </trkpt>
   <trkpt lat="45.7602720" lon="4.7735780">
    <ele>220.2</ele>
    <time>2026-07-01T11:09:00Z</time>
   </trkpt>
   <trkpt lat="45.7602520" lon="4.7735910">
    <ele>220.2</ele>
    <time>2026-07-01T11:09:01Z</time>
   </trkpt>
   <trkpt lat="45.7602320" lon="4.7735980">
    <ele>220.2</ele>
    <time>2026-07-01T11:09:02Z</time>
   </trkpt>
   <trkpt lat="45.7602140" lon="4.7736110">
    <ele>220.1</ele>
    <time>2026-07-01T11:09:03Z</time>
   </trkpt>
   <trkpt lat="45.7601920" lon="4.7736220">
    <ele>220.1</ele>
    <time>2026-07-01T11:09:04Z</time>
   </trkpt>
   <trkpt lat="45.7601570" lon="4.7736220">
    <ele>220.1</ele>
    <time>2026-07-01T11:09:05Z</time>
   </trkpt>
   <trkpt lat="45.7601380" lon="4.7736300">
    <ele>220.1</ele>
    <time>2026-07-01T11:09:06Z</time>
   </trkpt>
   <trkpt lat="45.7601150" lon="4.7736490">
    <ele>220.1</ele>
    <time>2026-07-01T11:09:07Z</time>
   </trkpt>
   <trkpt lat="45.7600880" lon="4.7736700">
    <ele>220.1</ele>
    <time>2026-07-01T11:09:08Z</time>
   </trkpt>
   <trkpt lat="45.7600640" lon="4.7736800">
    <ele>220.1</ele>
    <time>2026-07-01T11:09:09Z</time>
   </trkpt>
   <trkpt lat="45.7600310" lon="4.7736840">
    <ele>220.1</ele>
    <time>2026-07-01T11:09:10Z</time>
   </trkpt>
   <trkpt lat="45.7600100" lon="4.7736960">
    <ele>220.1</ele>
    <time>2026-07-01T11:09:11Z</time>
   </trkpt>
   <trkpt lat="45.7599900" lon="4.7737100">
    <ele>220.1</ele>
    <time>2026-07-01T11:09:12Z</time>
   </trkpt>
   <trkpt lat="45.7599690" lon="4.7737140">
    <ele>220.1</ele>
    <time>2026-07-01T11:09:13Z</time>
   </trkpt>
   <trkpt lat="45.7599390" lon="4.7737200">
    <ele>220.0</ele>
    <time>2026-07-01T11:09:14Z</time>
   </trkpt>
   <trkpt lat="45.7599130" lon="4.7737420">
    <ele>220.0</ele>
    <time>2026-07-01T11:09:15Z</time>
   </trkpt>
   <trkpt lat="45.7598960" lon="4.7737590">
    <ele>220.0</ele>
    <time>2026-07-01T11:09:16Z</time>
   </trkpt>
   <trkpt lat="45.7598730" lon="4.7737750">
    <ele>220.0</ele>
    <time>2026-07-01T11:09:17Z</time>
   </trkpt>
   <trkpt lat="45.7598520" lon="4.7737960">
    <ele>220.0</ele>
    <time>2026-07-01T11:09:18Z</time>
   </trkpt>
   <trkpt lat="45.7598280" lon="4.7738200">
    <ele>220.0</ele>
    <time>2026-07-01T11:09:19Z</time>
   </trkpt>
   <trkpt lat="45.7598040" lon="4.7738270">
    <ele>220.0</ele>
    <time>2026-07-01T11:09:20Z</time>
   </trkpt>
   <trkpt lat="45.7597810" lon="4.7738320">
    <ele>220.0</ele>
    <time>2026-07-01T11:09:21Z</time>
   </trkpt>
   <trkpt lat="45.7597520" lon="4.7738490">
    <ele>220.0</ele>
    <time>2026-07-01T11:09:22Z</time>
   </trkpt>
   <trkpt lat="45.7597210" lon="4.7738770">
    <ele>220.0</ele>
    <time>2026-07-01T11:09:23Z</time>
   </trkpt>
   <trkpt lat="45.7596950" lon="4.7739010">
    <ele>220.0</ele>
    <time>2026-07-01T11:09:24Z</time>
   </trkpt>
   <trkpt lat="45.7596700" lon="4.7739170">
    <ele>220.0</ele>
    <time>2026-07-01T11:09:26Z</time>
   </trkpt>
   <trkpt lat="45.7596490" lon="4.7739360">
    <ele>219.9</ele>
    <time>2026-07-01T11:09:27Z</time>
   </trkpt>
   <trkpt lat="45.7596240" lon="4.7739500">
    <ele>219.9</ele>
    <time>2026-07-01T11:09:28Z</time>
   </trkpt>
   <trkpt lat="45.7595990" lon="4.7739680">
    <ele>219.9</ele>
    <time>2026-07-01T11:09:29Z</time>
   </trkpt>
   <trkpt lat="45.7595750" lon="4.7739870">
    <ele>219.9</ele>
    <time>2026-07-01T11:09:30Z</time>
   </trkpt>
   <trkpt lat="45.7595500" lon="4.7740060">
    <ele>219.9</ele>
    <time>2026-07-01T11:09:31Z</time>
   </trkpt>
   <trkpt lat="45.7595310" lon="4.7740330">
    <ele>219.9</ele>
    <time>2026-07-01T11:09:32Z</time>
   </trkpt>
   <trkpt lat="45.7595140" lon="4.7740480">
    <ele>219.9</ele>
    <time>2026-07-01T11:09:33Z</time>
   </trkpt>
   <trkpt lat="45.7594950" lon="4.7740780">
    <ele>219.9</ele>
    <time>2026-07-01T11:09:34Z</time>
   </trkpt>
   <trkpt lat="45.7594620" lon="4.7740960">
    <ele>219.9</ele>
    <time>2026-07-01T11:09:35Z</time>
   </trkpt>
   <trkpt lat="45.7594340" lon="4.7741050">
    <ele>219.8</ele>
    <time>2026-07-01T11:09:36Z</time>
   </trkpt>
   <trkpt lat="45.7594020" lon="4.7741070">
    <ele>219.8</ele>
    <time>2026-07-01T11:09:37Z</time>
   </trkpt>
   <trkpt lat="45.7593700" lon="4.7741190">
    <ele>219.8</ele>
    <time>2026-07-01T11:09:38Z</time>
   </trkpt>
   <trkpt lat="45.7593490" lon="4.7741290">
    <ele>219.8</ele>
    <time>2026-07-01T11:09:39Z</time>
   </trkpt>
   <trkpt lat="45.7593320" lon="4.7741380">
    <ele>219.8</ele>
    <time>2026-07-01T11:09:40Z</time>
   </trkpt>
   <trkpt lat="45.7593070" lon="4.7741520">
    <ele>219.8</ele>
    <time>2026-07-01T11:09:41Z</time>
   </trkpt>
   <trkpt lat="45.7592790" lon="4.7741670">
    <ele>219.8</ele>
    <time>2026-07-01T11:09:42Z</time>
   </trkpt>
   <trkpt lat="45.7592520" lon="4.7741810">
    <ele>219.8</ele>
    <time>2026-07-01T11:09:43Z</time>
   </trkpt>
   <trkpt lat="45.7592340" lon="4.7742030">
    <ele>219.7</ele>
    <time>2026-07-01T11:09:44Z</time>
   </trkpt>
   <trkpt lat="45.7592120" lon="4.7742290">
    <ele>219.7</ele>
    <time>2026-07-01T11:09:45Z</time>
   </trkpt>
   <trkpt lat="45.7591850" lon="4.7742440">
    <ele>219.7</ele>
    <time>2026-07-01T11:09:46Z</time>
   </trkpt>
   <trkpt lat="45.7591590" lon="4.7742580">
    <ele>219.7</ele>
    <time>2026-07-01T11:09:47Z</time>
   </trkpt>
   <trkpt lat="45.7591310" lon="4.7742730">
    <ele>219.7</ele>
    <time>2026-07-01T11:09:48Z</time>
   </trkpt>
   <trkpt lat="45.7591010" lon="4.7742820">
    <ele>219.7</ele>
    <time>2026-07-01T11:09:49Z</time>
   </trkpt>
   <trkpt lat="45.7590700" lon="4.7742920">
    <ele>219.7</ele>
    <time>2026-07-01T11:09:50Z</time>
   </trkpt>
   <trkpt lat="45.7590480" lon="4.7743050">
    <ele>219.7</ele>
    <time>2026-07-01T11:09:51Z</time>
   </trkpt>
   <trkpt lat="45.7590220" lon="4.7743150">
    <ele>219.7</ele>
    <time>2026-07-01T11:09:52Z</time>
   </trkpt>
   <trkpt lat="45.7589990" lon="4.7743300">
    <ele>219.7</ele>
    <time>2026-07-01T11:09:53Z</time>
   </trkpt>
   <trkpt lat="45.7589730" lon="4.7743450">
    <ele>219.7</ele>
    <time>2026-07-01T11:09:54Z</time>
   </trkpt>
   <trkpt lat="45.7589490" lon="4.7743550">
    <ele>219.7</ele>
    <time>2026-07-01T11:09:55Z</time>
   </trkpt>
   <trkpt lat="45.7589230" lon="4.7743720">
    <ele>219.6</ele>
    <time>2026-07-01T11:09:56Z</time>
   </trkpt>
   <trkpt lat="45.7589030" lon="4.7743890">
    <ele>219.6</ele>
    <time>2026-07-01T11:09:57Z</time>
   </trkpt>
   <trkpt lat="45.7588800" lon="4.7744060">
    <ele>219.6</ele>
    <time>2026-07-01T11:09:58Z</time>
   </trkpt>
   <trkpt lat="45.7588160" lon="4.7744430">
    <ele>219.5</ele>
    <time>2026-07-01T11:09:59Z</time>
   </trkpt>
   <trkpt lat="45.7587790" lon="4.7744500">
    <ele>219.5</ele>
    <time>2026-07-01T11:10:00Z</time>
   </trkpt>
   <trkpt lat="45.7587480" lon="4.7744640">
    <ele>219.5</ele>
    <time>2026-07-01T11:10:01Z</time>
   </trkpt>
   <trkpt lat="45.7587310" lon="4.7744760">
    <ele>219.5</ele>
    <time>2026-07-01T11:10:02Z</time>
   </trkpt>
   <trkpt lat="45.7587060" lon="4.7744880">
    <ele>219.5</ele>
    <time>2026-07-01T11:10:03Z</time>
   </trkpt>
   <trkpt lat="45.7586760" lon="4.7744970">
    <ele>219.4</ele>
    <time>2026-07-01T11:10:04Z</time>
   </trkpt>
   <trkpt lat="45.7586520" lon="4.7745090">
    <ele>219.4</ele>
    <time>2026-07-01T11:10:05Z</time>
   </trkpt>
   <trkpt lat="45.7586340" lon="4.7745230">
    <ele>219.4</ele>
    <time>2026-07-01T11:10:06Z</time>
   </trkpt>
   <trkpt lat="45.7586050" lon="4.7745400">
    <ele>219.4</ele>
    <time>2026-07-01T11:10:07Z</time>
   </trkpt>
   <trkpt lat="45.7585720" lon="4.7745480">
    <ele>219.4</ele>
    <time>2026-07-01T11:10:08Z</time>
   </trkpt>
   <trkpt lat="45.7585470" lon="4.7745390">
    <ele>219.4</ele>
    <time>2026-07-01T11:10:09Z</time>
   </trkpt>
   <trkpt lat="45.7585220" lon="4.7745160">
    <ele>219.3</ele>
    <time>2026-07-01T11:10:10Z</time>
   </trkpt>
   <trkpt lat="45.7585000" lon="4.7744900">
    <ele>219.3</ele>
    <time>2026-07-01T11:10:11Z</time>
   </trkpt>
   <trkpt lat="45.7584800" lon="4.7744840">
    <ele>219.3</ele>
    <time>2026-07-01T11:10:12Z</time>
   </trkpt>
   <trkpt lat="45.7584410" lon="4.7745030">
    <ele>219.4</ele>
    <time>2026-07-01T11:10:13Z</time>
   </trkpt>
   <trkpt lat="45.7584090" lon="4.7745210">
    <ele>219.4</ele>
    <time>2026-07-01T11:10:14Z</time>
   </trkpt>
   <trkpt lat="45.7583970" lon="4.7745190">
    <ele>219.4</ele>
    <time>2026-07-01T11:10:15Z</time>
   </trkpt>
   <trkpt lat="45.7583740" lon="4.7744930">
    <ele>219.3</ele>
    <time>2026-07-01T11:10:16Z</time>
   </trkpt>
   <trkpt lat="45.7583520" lon="4.7744610">
    <ele>219.3</ele>
    <time>2026-07-01T11:10:17Z</time>
   </trkpt>
   <trkpt lat="45.7583300" lon="4.7744330">
    <ele>219.3</ele>
    <time>2026-07-01T11:10:18Z</time>
   </trkpt>
   <trkpt lat="45.7583090" lon="4.7744050">
    <ele>219.4</ele>
    <time>2026-07-01T11:10:19Z</time>
   </trkpt>
   <trkpt lat="45.7582850" lon="4.7743710">
    <ele>219.4</ele>
    <time>2026-07-01T11:10:20Z</time>
   </trkpt>
   <trkpt lat="45.7582650" lon="4.7743410">
    <ele>219.5</ele>
    <time>2026-07-01T11:10:21Z</time>
   </trkpt>
   <trkpt lat="45.7582470" lon="4.7743030">
    <ele>219.6</ele>
    <time>2026-07-01T11:10:22Z</time>
   </trkpt>
   <trkpt lat="45.7582500" lon="4.7742550">
    <ele>219.6</ele>
    <time>2026-07-01T11:10:23Z</time>
   </trkpt>
   <trkpt lat="45.7582600" lon="4.7742180">
    <ele>219.6</ele>
    <time>2026-07-01T11:10:24Z</time>
   </trkpt>
   <trkpt lat="45.7582690" lon="4.7741860">
    <ele>219.6</ele>
    <time>2026-07-01T11:10:25Z</time>
   </trkpt>
   <trkpt lat="45.7582720" lon="4.7741460">
    <ele>219.6</ele>
    <time>2026-07-01T11:10:26Z</time>
   </trkpt>
   <trkpt lat="45.7582730" lon="4.7741120">
    <ele>219.7</ele>
    <time>2026-07-01T11:10:27Z</time>
   </trkpt>
   <trkpt lat="45.7582780" lon="4.7740740">
    <ele>219.7</ele>
    <time>2026-07-01T11:10:28Z</time>
   </trkpt>
   <trkpt lat="45.7582880" lon="4.7740310">
    <ele>219.7</ele>
    <time>2026-07-01T11:10:29Z</time>
   </trkpt>
   <trkpt lat="45.7582930" lon="4.7739990">
    <ele>219.7</ele>
    <time>2026-07-01T11:10:30Z</time>
   </trkpt>
   <trkpt lat="45.7583020" lon="4.7739620">
    <ele>219.7</ele>
    <time>2026-07-01T11:10:31Z</time>
   </trkpt>
   <trkpt lat="45.7583110" lon="4.7739160">
    <ele>219.7</ele>
    <time>2026-07-01T11:10:32Z</time>
   </trkpt>
   <trkpt lat="45.7583100" lon="4.7738780">
    <ele>219.7</ele>
    <time>2026-07-01T11:10:33Z</time>
   </trkpt>
   <trkpt lat="45.7583120" lon="4.7738380">
    <ele>219.7</ele>
    <time>2026-07-01T11:10:34Z</time>
   </trkpt>
   <trkpt lat="45.7583100" lon="4.7737950">
    <ele>219.7</ele>
    <time>2026-07-01T11:10:35Z</time>
   </trkpt>
   <trkpt lat="45.7583300" lon="4.7737610">
    <ele>219.7</ele>
    <time>2026-07-01T11:10:36Z</time>
   </trkpt>
   <trkpt lat="45.7583370" lon="4.7737280">
    <ele>219.7</ele>
    <time>2026-07-01T11:10:37Z</time>
   </trkpt>
   <trkpt lat="45.7583440" lon="4.7736810">
    <ele>219.7</ele>
    <time>2026-07-01T11:10:38Z</time>
   </trkpt>
   <trkpt lat="45.7583460" lon="4.7736410">
    <ele>219.7</ele>
    <time>2026-07-01T11:10:39Z</time>
   </trkpt>
   <trkpt lat="45.7583480" lon="4.7736070">
    <ele>219.6</ele>
    <time>2026-07-01T11:10:40Z</time>
   </trkpt>
   <trkpt lat="45.7583520" lon="4.7735650">
    <ele>219.6</ele>
    <time>2026-07-01T11:10:41Z</time>
   </trkpt>
   <trkpt lat="45.7583590" lon="4.7735190">
    <ele>219.6</ele>
    <time>2026-07-01T11:10:42Z</time>
   </trkpt>
   <trkpt lat="45.7583640" lon="4.7734840">
    <ele>219.6</ele>
    <time>2026-07-01T11:10:43Z</time>
   </trkpt>
   <trkpt lat="45.7583730" lon="4.7734490">
    <ele>219.6</ele>
    <time>2026-07-01T11:10:44Z</time>
   </trkpt>
   <trkpt lat="45.7583740" lon="4.7734020">
    <ele>219.5</ele>
    <time>2026-07-01T11:10:45Z</time>
   </trkpt>
   <trkpt lat="45.7583720" lon="4.7733560">
    <ele>219.5</ele>
    <time>2026-07-01T11:10:46Z</time>
   </trkpt>
   <trkpt lat="45.7583730" lon="4.7733130">
    <ele>219.5</ele>
    <time>2026-07-01T11:10:47Z</time>
   </trkpt>
   <trkpt lat="45.7583860" lon="4.7732730">
    <ele>219.5</ele>
    <time>2026-07-01T11:10:48Z</time>
   </trkpt>
   <trkpt lat="45.7583890" lon="4.7732350">
    <ele>219.4</ele>
    <time>2026-07-01T11:10:49Z</time>
   </trkpt>
   <trkpt lat="45.7583880" lon="4.7731880">
    <ele>219.4</ele>
    <time>2026-07-01T11:10:50Z</time>
   </trkpt>
   <trkpt lat="45.7583940" lon="4.7731480">
    <ele>219.4</ele>
    <time>2026-07-01T11:10:51Z</time>
   </trkpt>
   <trkpt lat="45.7584070" lon="4.7731090">
    <ele>219.4</ele>
    <time>2026-07-01T11:10:52Z</time>
   </trkpt>
   <trkpt lat="45.7584140" lon="4.7730710">
    <ele>219.4</ele>
    <time>2026-07-01T11:10:53Z</time>
   </trkpt>
   <trkpt lat="45.7584240" lon="4.7730320">
    <ele>219.3</ele>
    <time>2026-07-01T11:10:54Z</time>
   </trkpt>
   <trkpt lat="45.7584370" lon="4.7729930">
    <ele>219.3</ele>
    <time>2026-07-01T11:10:55Z</time>
   </trkpt>
   <trkpt lat="45.7584450" lon="4.7729540">
    <ele>219.3</ele>
    <time>2026-07-01T11:10:56Z</time>
   </trkpt>
   <trkpt lat="45.7584550" lon="4.7729210">
    <ele>219.3</ele>
    <time>2026-07-01T11:10:57Z</time>
   </trkpt>
   <trkpt lat="45.7584630" lon="4.7728840">
    <ele>219.3</ele>
    <time>2026-07-01T11:10:58Z</time>
   </trkpt>
   <trkpt lat="45.7584770" lon="4.7728470">
    <ele>219.3</ele>
    <time>2026-07-01T11:10:59Z</time>
   </trkpt>
   <trkpt lat="45.7584760" lon="4.7728080">
    <ele>219.3</ele>
    <time>2026-07-01T11:11:00Z</time>
   </trkpt>
   <trkpt lat="45.7584750" lon="4.7727760">
    <ele>219.2</ele>
    <time>2026-07-01T11:11:01Z</time>
   </trkpt>
   <trkpt lat="45.7584770" lon="4.7727380">
    <ele>219.2</ele>
    <time>2026-07-01T11:11:02Z</time>
   </trkpt>
   <trkpt lat="45.7584910" lon="4.7727000">
    <ele>219.2</ele>
    <time>2026-07-01T11:11:03Z</time>
   </trkpt>
   <trkpt lat="45.7585040" lon="4.7726660">
    <ele>219.2</ele>
    <time>2026-07-01T11:11:04Z</time>
   </trkpt>
   <trkpt lat="45.7585160" lon="4.7726330">
    <ele>219.2</ele>
    <time>2026-07-01T11:11:05Z</time>
   </trkpt>
   <trkpt lat="45.7585190" lon="4.7725920">
    <ele>219.2</ele>
    <time>2026-07-01T11:11:06Z</time>
   </trkpt>
   <trkpt lat="45.7585220" lon="4.7725510">
    <ele>219.2</ele>
    <time>2026-07-01T11:11:07Z</time>
   </trkpt>
   <trkpt lat="45.7585340" lon="4.7725160">
    <ele>219.1</ele>
    <time>2026-07-01T11:11:08Z</time>
   </trkpt>
   <trkpt lat="45.7585520" lon="4.7724830">
    <ele>219.1</ele>
    <time>2026-07-01T11:11:09Z</time>
   </trkpt>
   <trkpt lat="45.7585640" lon="4.7724500">
    <ele>219.1</ele>
    <time>2026-07-01T11:11:10Z</time>
   </trkpt>
   <trkpt lat="45.7585800" lon="4.7724180">
    <ele>219.1</ele>
    <time>2026-07-01T11:11:11Z</time>
   </trkpt>
   <trkpt lat="45.7586020" lon="4.7723820">
    <ele>219.1</ele>
    <time>2026-07-01T11:11:12Z</time>
   </trkpt>
   <trkpt lat="45.7586220" lon="4.7723490">
    <ele>219.0</ele>
    <time>2026-07-01T11:11:13Z</time>
   </trkpt>
   <trkpt lat="45.7586320" lon="4.7723190">
    <ele>219.0</ele>
    <time>2026-07-01T11:11:14Z</time>
   </trkpt>
   <trkpt lat="45.7586420" lon="4.7722810">
    <ele>219.0</ele>
    <time>2026-07-01T11:11:15Z</time>
   </trkpt>
   <trkpt lat="45.7586530" lon="4.7722440">
    <ele>219.0</ele>
    <time>2026-07-01T11:11:16Z</time>
   </trkpt>
   <trkpt lat="45.7586650" lon="4.7722040">
    <ele>218.9</ele>
    <time>2026-07-01T11:11:17Z</time>
   </trkpt>
   <trkpt lat="45.7586740" lon="4.7721660">
    <ele>218.9</ele>
    <time>2026-07-01T11:11:18Z</time>
   </trkpt>
   <trkpt lat="45.7586750" lon="4.7721310">
    <ele>218.9</ele>
    <time>2026-07-01T11:11:19Z</time>
   </trkpt>
   <trkpt lat="45.7586830" lon="4.7720940">
    <ele>218.9</ele>
    <time>2026-07-01T11:11:20Z</time>
   </trkpt>
   <trkpt lat="45.7586930" lon="4.7720600">
    <ele>218.9</ele>
    <time>2026-07-01T11:11:21Z</time>
   </trkpt>
   <trkpt lat="45.7587000" lon="4.7720230">
    <ele>218.8</ele>
    <time>2026-07-01T11:11:22Z</time>
   </trkpt>
   <trkpt lat="45.7587120" lon="4.7719870">
    <ele>218.8</ele>
    <time>2026-07-01T11:11:23Z</time>
   </trkpt>
   <trkpt lat="45.7587250" lon="4.7719500">
    <ele>218.8</ele>
    <time>2026-07-01T11:11:24Z</time>
   </trkpt>
   <trkpt lat="45.7587300" lon="4.7719150">
    <ele>218.8</ele>
    <time>2026-07-01T11:11:25Z</time>
   </trkpt>
   <trkpt lat="45.7587340" lon="4.7718760">
    <ele>218.8</ele>
    <time>2026-07-01T11:11:26Z</time>
   </trkpt>
   <trkpt lat="45.7587490" lon="4.7718410">
    <ele>218.8</ele>
    <time>2026-07-01T11:11:27Z</time>
   </trkpt>
   <trkpt lat="45.7587640" lon="4.7718080">
    <ele>218.7</ele>
    <time>2026-07-01T11:11:28Z</time>
   </trkpt>
   <trkpt lat="45.7587700" lon="4.7717710">
    <ele>218.7</ele>
    <time>2026-07-01T11:11:29Z</time>
   </trkpt>
   <trkpt lat="45.7587810" lon="4.7717340">
    <ele>218.7</ele>
    <time>2026-07-01T11:11:30Z</time>
   </trkpt>
   <trkpt lat="45.7587820" lon="4.7716910">
    <ele>218.7</ele>
    <time>2026-07-01T11:11:32Z</time>
   </trkpt>
   <trkpt lat="45.7587920" lon="4.7716500">
    <ele>218.7</ele>
    <time>2026-07-01T11:11:33Z</time>
   </trkpt>
   <trkpt lat="45.7588020" lon="4.7716090">
    <ele>218.7</ele>
    <time>2026-07-01T11:11:34Z</time>
   </trkpt>
   <trkpt lat="45.7588020" lon="4.7715590">
    <ele>218.6</ele>
    <time>2026-07-01T11:11:35Z</time>
   </trkpt>
   <trkpt lat="45.7588110" lon="4.7715230">
    <ele>218.6</ele>
    <time>2026-07-01T11:11:36Z</time>
   </trkpt>
   <trkpt lat="45.7588170" lon="4.7714850">
    <ele>218.6</ele>
    <time>2026-07-01T11:11:37Z</time>
   </trkpt>
   <trkpt lat="45.7588210" lon="4.7714440">
    <ele>218.6</ele>
    <time>2026-07-01T11:11:38Z</time>
   </trkpt>
   <trkpt lat="45.7588230" lon="4.7713960">
    <ele>218.6</ele>
    <time>2026-07-01T11:11:39Z</time>
   </trkpt>
   <trkpt lat="45.7588320" lon="4.7713540">
    <ele>218.6</ele>
    <time>2026-07-01T11:11:40Z</time>
   </trkpt>
   <trkpt lat="45.7588430" lon="4.7713180">
    <ele>218.5</ele>
    <time>2026-07-01T11:11:41Z</time>
   </trkpt>
   <trkpt lat="45.7588460" lon="4.7712760">
    <ele>218.5</ele>
    <time>2026-07-01T11:11:42Z</time>
   </trkpt>
   <trkpt lat="45.7588380" lon="4.7712350">
    <ele>218.5</ele>
    <time>2026-07-01T11:11:43Z</time>
   </trkpt>
   <trkpt lat="45.7588350" lon="4.7712010">
    <ele>218.5</ele>
    <time>2026-07-01T11:11:44Z</time>
   </trkpt>
   <trkpt lat="45.7588400" lon="4.7711630">
    <ele>218.5</ele>
    <time>2026-07-01T11:11:45Z</time>
   </trkpt>
   <trkpt lat="45.7588530" lon="4.7711290">
    <ele>218.5</ele>
    <time>2026-07-01T11:11:46Z</time>
   </trkpt>
   <trkpt lat="45.7588580" lon="4.7710990">
    <ele>218.5</ele>
    <time>2026-07-01T11:11:47Z</time>
   </trkpt>
   <trkpt lat="45.7588640" lon="4.7710620">
    <ele>218.5</ele>
    <time>2026-07-01T11:11:48Z</time>
   </trkpt>
   <trkpt lat="45.7588710" lon="4.7710210">
    <ele>218.5</ele>
    <time>2026-07-01T11:11:49Z</time>
   </trkpt>
   <trkpt lat="45.7588630" lon="4.7709740">
    <ele>218.5</ele>
    <time>2026-07-01T11:11:50Z</time>
   </trkpt>
   <trkpt lat="45.7588600" lon="4.7709340">
    <ele>218.6</ele>
    <time>2026-07-01T11:11:51Z</time>
   </trkpt>
   <trkpt lat="45.7588710" lon="4.7709040">
    <ele>218.6</ele>
    <time>2026-07-01T11:11:52Z</time>
   </trkpt>
   <trkpt lat="45.7588730" lon="4.7708640">
    <ele>218.6</ele>
    <time>2026-07-01T11:11:53Z</time>
   </trkpt>
   <trkpt lat="45.7588810" lon="4.7708310">
    <ele>218.6</ele>
    <time>2026-07-01T11:11:54Z</time>
   </trkpt>
   <trkpt lat="45.7588850" lon="4.7707910">
    <ele>218.6</ele>
    <time>2026-07-01T11:11:55Z</time>
   </trkpt>
   <trkpt lat="45.7588860" lon="4.7707550">
    <ele>218.7</ele>
    <time>2026-07-01T11:11:56Z</time>
   </trkpt>
   <trkpt lat="45.7589010" lon="4.7707210">
    <ele>218.7</ele>
    <time>2026-07-01T11:11:57Z</time>
   </trkpt>
   <trkpt lat="45.7589180" lon="4.7706850">
    <ele>218.7</ele>
    <time>2026-07-01T11:11:58Z</time>
   </trkpt>
   <trkpt lat="45.7589340" lon="4.7706580">
    <ele>218.7</ele>
    <time>2026-07-01T11:11:59Z</time>
   </trkpt>
   <trkpt lat="45.7589390" lon="4.7706250">
    <ele>218.7</ele>
    <time>2026-07-01T11:12:00Z</time>
   </trkpt>
   <trkpt lat="45.7589500" lon="4.7705880">
    <ele>218.7</ele>
    <time>2026-07-01T11:12:01Z</time>
   </trkpt>
   <trkpt lat="45.7589520" lon="4.7705520">
    <ele>218.7</ele>
    <time>2026-07-01T11:12:02Z</time>
   </trkpt>
   <trkpt lat="45.7589470" lon="4.7705150">
    <ele>218.7</ele>
    <time>2026-07-01T11:12:03Z</time>
   </trkpt>
   <trkpt lat="45.7589510" lon="4.7704680">
    <ele>218.7</ele>
    <time>2026-07-01T11:12:04Z</time>
   </trkpt>
   <trkpt lat="45.7589380" lon="4.7704260">
    <ele>218.7</ele>
    <time>2026-07-01T11:12:05Z</time>
   </trkpt>
   <trkpt lat="45.7589110" lon="4.7703810">
    <ele>218.7</ele>
    <time>2026-07-01T11:12:06Z</time>
   </trkpt>
   <trkpt lat="45.7589020" lon="4.7703350">
    <ele>218.7</ele>
    <time>2026-07-01T11:12:07Z</time>
   </trkpt>
   <trkpt lat="45.7589020" lon="4.7702990">
    <ele>218.7</ele>
    <time>2026-07-01T11:12:08Z</time>
   </trkpt>
   <trkpt lat="45.7588900" lon="4.7702600">
    <ele>218.8</ele>
    <time>2026-07-01T11:12:09Z</time>
   </trkpt>
   <trkpt lat="45.7588950" lon="4.7702070">
    <ele>218.8</ele>
    <time>2026-07-01T11:12:10Z</time>
   </trkpt>
   <trkpt lat="45.7588970" lon="4.7701720">
    <ele>218.8</ele>
    <time>2026-07-01T11:12:11Z</time>
   </trkpt>
   <trkpt lat="45.7588970" lon="4.7701410">
    <ele>218.8</ele>
    <time>2026-07-01T11:12:12Z</time>
   </trkpt>
   <trkpt lat="45.7588930" lon="4.7700980">
    <ele>218.8</ele>
    <time>2026-07-01T11:12:13Z</time>
   </trkpt>
   <trkpt lat="45.7588920" lon="4.7700610">
    <ele>218.8</ele>
    <time>2026-07-01T11:12:14Z</time>
   </trkpt>
   <trkpt lat="45.7588940" lon="4.7700240">
    <ele>218.8</ele>
    <time>2026-07-01T11:12:15Z</time>
   </trkpt>
   <trkpt lat="45.7588960" lon="4.7699850">
    <ele>218.8</ele>
    <time>2026-07-01T11:12:16Z</time>
   </trkpt>
   <trkpt lat="45.7588960" lon="4.7699440">
    <ele>218.8</ele>
    <time>2026-07-01T11:12:17Z</time>
   </trkpt>
   <trkpt lat="45.7588970" lon="4.7699040">
    <ele>218.8</ele>
    <time>2026-07-01T11:12:18Z</time>
   </trkpt>
   <trkpt lat="45.7588970" lon="4.7698160">
    <ele>218.8</ele>
    <time>2026-07-01T11:12:19Z</time>
   </trkpt>
   <trkpt lat="45.7589000" lon="4.7697780">
    <ele>218.8</ele>
    <time>2026-07-01T11:12:20Z</time>
   </trkpt>
   <trkpt lat="45.7589030" lon="4.7697380">
    <ele>218.8</ele>
    <time>2026-07-01T11:12:21Z</time>
   </trkpt>
   <trkpt lat="45.7588970" lon="4.7697060">
    <ele>218.8</ele>
    <time>2026-07-01T11:12:22Z</time>
   </trkpt>
   <trkpt lat="45.7588790" lon="4.7696660">
    <ele>218.9</ele>
    <time>2026-07-01T11:12:23Z</time>
   </trkpt>
   <trkpt lat="45.7588750" lon="4.7696220">
    <ele>218.9</ele>
    <time>2026-07-01T11:12:24Z</time>
   </trkpt>
   <trkpt lat="45.7588770" lon="4.7695820">
    <ele>218.9</ele>
    <time>2026-07-01T11:12:25Z</time>
   </trkpt>
   <trkpt lat="45.7588760" lon="4.7695380">
    <ele>218.9</ele>
    <time>2026-07-01T11:12:26Z</time>
   </trkpt>
   <trkpt lat="45.7588750" lon="4.7695010">
    <ele>218.9</ele>
    <time>2026-07-01T11:12:27Z</time>
   </trkpt>
   <trkpt lat="45.7588680" lon="4.7694620">
    <ele>218.9</ele>
    <time>2026-07-01T11:12:28Z</time>
   </trkpt>
   <trkpt lat="45.7588640" lon="4.7694250">
    <ele>218.9</ele>
    <time>2026-07-01T11:12:29Z</time>
   </trkpt>
   <trkpt lat="45.7588630" lon="4.7693810">
    <ele>218.9</ele>
    <time>2026-07-01T11:12:30Z</time>
   </trkpt>
   <trkpt lat="45.7588590" lon="4.7693400">
    <ele>218.9</ele>
    <time>2026-07-01T11:12:31Z</time>
   </trkpt>
   <trkpt lat="45.7588540" lon="4.7692980">
    <ele>218.9</ele>
    <time>2026-07-01T11:12:32Z</time>
   </trkpt>
   <trkpt lat="45.7588460" lon="4.7692600">
    <ele>219.0</ele>
    <time>2026-07-01T11:12:33Z</time>
   </trkpt>
   <trkpt lat="45.7588400" lon="4.7692170">
    <ele>219.0</ele>
    <time>2026-07-01T11:12:34Z</time>
   </trkpt>
   <trkpt lat="45.7588370" lon="4.7691720">
    <ele>219.0</ele>
    <time>2026-07-01T11:12:35Z</time>
   </trkpt>
   <trkpt lat="45.7588310" lon="4.7691330">
    <ele>219.0</ele>
    <time>2026-07-01T11:12:36Z</time>
   </trkpt>
   <trkpt lat="45.7588290" lon="4.7691010">
    <ele>219.0</ele>
    <time>2026-07-01T11:12:37Z</time>
   </trkpt>
   <trkpt lat="45.7588330" lon="4.7690620">
    <ele>219.0</ele>
    <time>2026-07-01T11:12:38Z</time>
   </trkpt>
   <trkpt lat="45.7588340" lon="4.7690140">
    <ele>219.1</ele>
    <time>2026-07-01T11:12:39Z</time>
   </trkpt>
   <trkpt lat="45.7588400" lon="4.7689800">
    <ele>219.1</ele>
    <time>2026-07-01T11:12:40Z</time>
   </trkpt>
   <trkpt lat="45.7588300" lon="4.7689340">
    <ele>219.1</ele>
    <time>2026-07-01T11:12:41Z</time>
   </trkpt>
   <trkpt lat="45.7588180" lon="4.7688960">
    <ele>219.1</ele>
    <time>2026-07-01T11:12:42Z</time>
   </trkpt>
   <trkpt lat="45.7588130" lon="4.7688600">
    <ele>219.1</ele>
    <time>2026-07-01T11:12:43Z</time>
   </trkpt>
   <trkpt lat="45.7588160" lon="4.7688180">
    <ele>219.2</ele>
    <time>2026-07-01T11:12:44Z</time>
   </trkpt>
   <trkpt lat="45.7588140" lon="4.7687800">
    <ele>219.2</ele>
    <time>2026-07-01T11:12:45Z</time>
   </trkpt>
   <trkpt lat="45.7588100" lon="4.7687350">
    <ele>219.2</ele>
    <time>2026-07-01T11:12:46Z</time>
   </trkpt>
   <trkpt lat="45.7588080" lon="4.7686890">
    <ele>219.2</ele>
    <time>2026-07-01T11:12:47Z</time>
   </trkpt>
   <trkpt lat="45.7588010" lon="4.7686540">
    <ele>219.2</ele>
    <time>2026-07-01T11:12:48Z</time>
   </trkpt>
   <trkpt lat="45.7587980" lon="4.7686180">
    <ele>219.2</ele>
    <time>2026-07-01T11:12:49Z</time>
   </trkpt>
   <trkpt lat="45.7587940" lon="4.7685850">
    <ele>219.3</ele>
    <time>2026-07-01T11:12:50Z</time>
   </trkpt>
   <trkpt lat="45.7587920" lon="4.7685480">
    <ele>219.3</ele>
    <time>2026-07-01T11:12:51Z</time>
   </trkpt>
   <trkpt lat="45.7587950" lon="4.7685060">
    <ele>219.3</ele>
    <time>2026-07-01T11:12:52Z</time>
   </trkpt>
   <trkpt lat="45.7587970" lon="4.7684680">
    <ele>219.3</ele>
    <time>2026-07-01T11:12:53Z</time>
   </trkpt>
   <trkpt lat="45.7587930" lon="4.7684310">
    <ele>219.3</ele>
    <time>2026-07-01T11:12:54Z</time>
   </trkpt>
   <trkpt lat="45.7587900" lon="4.7683910">
    <ele>219.3</ele>
    <time>2026-07-01T11:12:55Z</time>
   </trkpt>
   <trkpt lat="45.7587860" lon="4.7683550">
    <ele>219.4</ele>
    <time>2026-07-01T11:12:56Z</time>
   </trkpt>
   <trkpt lat="45.7587840" lon="4.7683180">
    <ele>219.4</ele>
    <time>2026-07-01T11:12:57Z</time>
   </trkpt>
   <trkpt lat="45.7587820" lon="4.7682780">
    <ele>219.4</ele>
    <time>2026-07-01T11:12:58Z</time>
   </trkpt>
   <trkpt lat="45.7587740" lon="4.7682390">
    <ele>219.4</ele>
    <time>2026-07-01T11:12:59Z</time>
   </trkpt>
   <trkpt lat="45.7587680" lon="4.7682070">
    <ele>219.5</ele>
    <time>2026-07-01T11:13:00Z</time>
   </trkpt>
   <trkpt lat="45.7587690" lon="4.7681700">
    <ele>219.5</ele>
    <time>2026-07-01T11:13:01Z</time>
   </trkpt>
   <trkpt lat="45.7587700" lon="4.7681360">
    <ele>219.5</ele>
    <time>2026-07-01T11:13:02Z</time>
   </trkpt>
   <trkpt lat="45.7587640" lon="4.7681050">
    <ele>219.6</ele>
    <time>2026-07-01T11:13:03Z</time>
   </trkpt>
   <trkpt lat="45.7587610" lon="4.7680640">
    <ele>219.6</ele>
    <time>2026-07-01T11:13:04Z</time>
   </trkpt>
   <trkpt lat="45.7587620" lon="4.7680280">
    <ele>219.6</ele>
    <time>2026-07-01T11:13:05Z</time>
   </trkpt>
   <trkpt lat="45.7587620" lon="4.7679950">
    <ele>219.7</ele>
    <time>2026-07-01T11:13:06Z</time>
   </trkpt>
   <trkpt lat="45.7587670" lon="4.7679590">
    <ele>219.7</ele>
    <time>2026-07-01T11:13:07Z</time>
   </trkpt>
   <trkpt lat="45.7587540" lon="4.7679150">
    <ele>219.8</ele>
    <time>2026-07-01T11:13:08Z</time>
   </trkpt>
   <trkpt lat="45.7587500" lon="4.7678690">
    <ele>219.8</ele>
    <time>2026-07-01T11:13:09Z</time>
   </trkpt>
   <trkpt lat="45.7587540" lon="4.7678280">
    <ele>219.9</ele>
    <time>2026-07-01T11:13:10Z</time>
   </trkpt>
   <trkpt lat="45.7587570" lon="4.7677960">
    <ele>219.9</ele>
    <time>2026-07-01T11:13:11Z</time>
   </trkpt>
   <trkpt lat="45.7587620" lon="4.7677590">
    <ele>220.0</ele>
    <time>2026-07-01T11:13:12Z</time>
   </trkpt>
   <trkpt lat="45.7587530" lon="4.7677150">
    <ele>220.0</ele>
    <time>2026-07-01T11:13:13Z</time>
   </trkpt>
   <trkpt lat="45.7587470" lon="4.7676760">
    <ele>220.1</ele>
    <time>2026-07-01T11:13:14Z</time>
   </trkpt>
   <trkpt lat="45.7587460" lon="4.7676400">
    <ele>220.1</ele>
    <time>2026-07-01T11:13:15Z</time>
   </trkpt>
   <trkpt lat="45.7587520" lon="4.7675910">
    <ele>220.2</ele>
    <time>2026-07-01T11:13:16Z</time>
   </trkpt>
   <trkpt lat="45.7587480" lon="4.7675530">
    <ele>220.2</ele>
    <time>2026-07-01T11:13:17Z</time>
   </trkpt>
   <trkpt lat="45.7587450" lon="4.7675150">
    <ele>220.3</ele>
    <time>2026-07-01T11:13:18Z</time>
   </trkpt>
   <trkpt lat="45.7587350" lon="4.7674730">
    <ele>220.3</ele>
    <time>2026-07-01T11:13:19Z</time>
   </trkpt>
   <trkpt lat="45.7587300" lon="4.7674310">
    <ele>220.4</ele>
    <time>2026-07-01T11:13:20Z</time>
   </trkpt>
   <trkpt lat="45.7587290" lon="4.7673900">
    <ele>220.5</ele>
    <time>2026-07-01T11:13:21Z</time>
   </trkpt>
   <trkpt lat="45.7587250" lon="4.7673460">
    <ele>220.5</ele>
    <time>2026-07-01T11:13:22Z</time>
   </trkpt>
   <trkpt lat="45.7587190" lon="4.7673120">
    <ele>220.5</ele>
    <time>2026-07-01T11:13:23Z</time>
   </trkpt>
   <trkpt lat="45.7587130" lon="4.7672760">
    <ele>220.6</ele>
    <time>2026-07-01T11:13:24Z</time>
   </trkpt>
   <trkpt lat="45.7587130" lon="4.7672330">
    <ele>220.6</ele>
    <time>2026-07-01T11:13:25Z</time>
   </trkpt>
   <trkpt lat="45.7587180" lon="4.7671920">
    <ele>220.7</ele>
    <time>2026-07-01T11:13:26Z</time>
   </trkpt>
   <trkpt lat="45.7587300" lon="4.7671530">
    <ele>220.7</ele>
    <time>2026-07-01T11:13:27Z</time>
   </trkpt>
   <trkpt lat="45.7587410" lon="4.7671090">
    <ele>220.8</ele>
    <time>2026-07-01T11:13:28Z</time>
   </trkpt>
   <trkpt lat="45.7587480" lon="4.7670710">
    <ele>220.9</ele>
    <time>2026-07-01T11:13:29Z</time>
   </trkpt>
   <trkpt lat="45.7587560" lon="4.7670330">
    <ele>220.9</ele>
    <time>2026-07-01T11:13:30Z</time>
   </trkpt>
   <trkpt lat="45.7587620" lon="4.7669940">
    <ele>221.0</ele>
    <time>2026-07-01T11:13:31Z</time>
   </trkpt>
   <trkpt lat="45.7587620" lon="4.7669610">
    <ele>221.0</ele>
    <time>2026-07-01T11:13:32Z</time>
   </trkpt>
   <trkpt lat="45.7587600" lon="4.7669210">
    <ele>221.0</ele>
    <time>2026-07-01T11:13:33Z</time>
   </trkpt>
   <trkpt lat="45.7587550" lon="4.7668780">
    <ele>221.1</ele>
    <time>2026-07-01T11:13:34Z</time>
   </trkpt>
   <trkpt lat="45.7587530" lon="4.7668390">
    <ele>221.1</ele>
    <time>2026-07-01T11:13:35Z</time>
   </trkpt>
   <trkpt lat="45.7587470" lon="4.7668000">
    <ele>221.2</ele>
    <time>2026-07-01T11:13:36Z</time>
   </trkpt>
   <trkpt lat="45.7587400" lon="4.7667610">
    <ele>221.2</ele>
    <time>2026-07-01T11:13:38Z</time>
   </trkpt>
   <trkpt lat="45.7587380" lon="4.7667260">
    <ele>221.3</ele>
    <time>2026-07-01T11:13:39Z</time>
   </trkpt>
   <trkpt lat="45.7587410" lon="4.7666890">
    <ele>221.3</ele>
    <time>2026-07-01T11:13:40Z</time>
   </trkpt>
   <trkpt lat="45.7587310" lon="4.7666520">
    <ele>221.4</ele>
    <time>2026-07-01T11:13:41Z</time>
   </trkpt>
   <trkpt lat="45.7587310" lon="4.7666190">
    <ele>221.4</ele>
    <time>2026-07-01T11:13:42Z</time>
   </trkpt>
   <trkpt lat="45.7587230" lon="4.7665830">
    <ele>221.5</ele>
    <time>2026-07-01T11:13:43Z</time>
   </trkpt>
   <trkpt lat="45.7587080" lon="4.7665470">
    <ele>221.5</ele>
    <time>2026-07-01T11:13:44Z</time>
   </trkpt>
   <trkpt lat="45.7587060" lon="4.7665120">
    <ele>221.6</ele>
    <time>2026-07-01T11:13:45Z</time>
   </trkpt>
   <trkpt lat="45.7587180" lon="4.7664710">
    <ele>221.7</ele>
    <time>2026-07-01T11:13:46Z</time>
   </trkpt>
   <trkpt lat="45.7587180" lon="4.7664310">
    <ele>221.7</ele>
    <time>2026-07-01T11:13:47Z</time>
   </trkpt>
   <trkpt lat="45.7587260" lon="4.7663930">
    <ele>221.8</ele>
    <time>2026-07-01T11:13:48Z</time>
   </trkpt>
   <trkpt lat="45.7587310" lon="4.7663640">
    <ele>221.8</ele>
    <time>2026-07-01T11:13:49Z</time>
   </trkpt>
   <trkpt lat="45.7587220" lon="4.7663070">
    <ele>221.9</ele>
    <time>2026-07-01T11:13:50Z</time>
   </trkpt>
   <trkpt lat="45.7587140" lon="4.7662730">
    <ele>221.9</ele>
    <time>2026-07-01T11:13:51Z</time>
   </trkpt>
   <trkpt lat="45.7587040" lon="4.7662420">
    <ele>222.0</ele>
    <time>2026-07-01T11:13:52Z</time>
   </trkpt>
   <trkpt lat="45.7586700" lon="4.7660470">
    <ele>222.3</ele>
    <time>2026-07-01T11:13:58Z</time>
   </trkpt>
   <trkpt lat="45.7586680" lon="4.7660060">
    <ele>222.3</ele>
    <time>2026-07-01T11:13:59Z</time>
   </trkpt>
   <trkpt lat="45.7586700" lon="4.7659700">
    <ele>222.4</ele>
    <time>2026-07-01T11:14:00Z</time>
   </trkpt>
   <trkpt lat="45.7586690" lon="4.7659380">
    <ele>222.4</ele>
    <time>2026-07-01T11:14:01Z</time>
   </trkpt>
   <trkpt lat="45.7586670" lon="4.7659150">
    <ele>222.4</ele>
    <time>2026-07-01T11:14:02Z</time>
   </trkpt>
   <trkpt lat="45.7586690" lon="4.7658880">
    <ele>222.5</ele>
    <time>2026-07-01T11:14:03Z</time>
   </trkpt>
   <trkpt lat="45.7586680" lon="4.7658600">
    <ele>222.5</ele>
    <time>2026-07-01T11:14:04Z</time>
   </trkpt>
   <trkpt lat="45.7586620" lon="4.7658270">
    <ele>222.5</ele>
    <time>2026-07-01T11:14:05Z</time>
   </trkpt>
   <trkpt lat="45.7586550" lon="4.7657920">
    <ele>222.6</ele>
    <time>2026-07-01T11:14:06Z</time>
   </trkpt>
   <trkpt lat="45.7586550" lon="4.7657590">
    <ele>222.6</ele>
    <time>2026-07-01T11:14:07Z</time>
   </trkpt>
   <trkpt lat="45.7586530" lon="4.7657280">
    <ele>222.7</ele>
    <time>2026-07-01T11:14:08Z</time>
   </trkpt>
   <trkpt lat="45.7586430" lon="4.7657000">
    <ele>222.7</ele>
    <time>2026-07-01T11:14:09Z</time>
   </trkpt>
   <trkpt lat="45.7586270" lon="4.7656390">
    <ele>222.8</ele>
    <time>2026-07-01T11:14:10Z</time>
   </trkpt>
   <trkpt lat="45.7586290" lon="4.7655960">
    <ele>222.9</ele>
    <time>2026-07-01T11:14:11Z</time>
   </trkpt>
   <trkpt lat="45.7586230" lon="4.7655390">
    <ele>223.0</ele>
    <time>2026-07-01T11:14:12Z</time>
   </trkpt>
   <trkpt lat="45.7586180" lon="4.7654970">
    <ele>223.0</ele>
    <time>2026-07-01T11:14:13Z</time>
   </trkpt>
   <trkpt lat="45.7586200" lon="4.7654440">
    <ele>223.1</ele>
    <time>2026-07-01T11:14:14Z</time>
   </trkpt>
   <trkpt lat="45.7586160" lon="4.7653900">
    <ele>223.2</ele>
    <time>2026-07-01T11:14:15Z</time>
   </trkpt>
   <trkpt lat="45.7586090" lon="4.7653350">
    <ele>223.2</ele>
    <time>2026-07-01T11:14:16Z</time>
   </trkpt>
   <trkpt lat="45.7586050" lon="4.7652870">
    <ele>223.3</ele>
    <time>2026-07-01T11:14:17Z</time>
   </trkpt>
   <trkpt lat="45.7586000" lon="4.7652400">
    <ele>223.4</ele>
    <time>2026-07-01T11:14:18Z</time>
   </trkpt>
   <trkpt lat="45.7585980" lon="4.7651940">
    <ele>223.5</ele>
    <time>2026-07-01T11:14:19Z</time>
   </trkpt>
   <trkpt lat="45.7585840" lon="4.7651500">
    <ele>223.5</ele>
    <time>2026-07-01T11:14:20Z</time>
   </trkpt>
   <trkpt lat="45.7585810" lon="4.7651110">
    <ele>223.6</ele>
    <time>2026-07-01T11:14:21Z</time>
   </trkpt>
   <trkpt lat="45.7585780" lon="4.7650710">
    <ele>223.7</ele>
    <time>2026-07-01T11:14:22Z</time>
   </trkpt>
   <trkpt lat="45.7585710" lon="4.7650310">
    <ele>223.8</ele>
    <time>2026-07-01T11:14:23Z</time>
   </trkpt>
   <trkpt lat="45.7585680" lon="4.7649910">
    <ele>223.8</ele>
    <time>2026-07-01T11:14:24Z</time>
   </trkpt>
   <trkpt lat="45.7585670" lon="4.7649510">
    <ele>223.9</ele>
    <time>2026-07-01T11:14:25Z</time>
   </trkpt>
   <trkpt lat="45.7585660" lon="4.7649170">
    <ele>224.0</ele>
    <time>2026-07-01T11:14:26Z</time>
   </trkpt>
   <trkpt lat="45.7585690" lon="4.7648810">
    <ele>224.1</ele>
    <time>2026-07-01T11:14:27Z</time>
   </trkpt>
   <trkpt lat="45.7585660" lon="4.7648350">
    <ele>224.2</ele>
    <time>2026-07-01T11:14:28Z</time>
   </trkpt>
   <trkpt lat="45.7585560" lon="4.7647990">
    <ele>224.2</ele>
    <time>2026-07-01T11:14:29Z</time>
   </trkpt>
   <trkpt lat="45.7585540" lon="4.7647550">
    <ele>224.3</ele>
    <time>2026-07-01T11:14:30Z</time>
   </trkpt>
   <trkpt lat="45.7585460" lon="4.7647180">
    <ele>224.4</ele>
    <time>2026-07-01T11:14:31Z</time>
   </trkpt>
   <trkpt lat="45.7585300" lon="4.7646920">
    <ele>224.5</ele>
    <time>2026-07-01T11:14:32Z</time>
   </trkpt>
   <trkpt lat="45.7585050" lon="4.7646780">
    <ele>224.6</ele>
    <time>2026-07-01T11:14:33Z</time>
   </trkpt>
   <trkpt lat="45.7585080" lon="4.7646400">
    <ele>224.6</ele>
    <time>2026-07-01T11:14:34Z</time>
   </trkpt>
   <trkpt lat="45.7585200" lon="4.7645940">
    <ele>224.8</ele>
    <time>2026-07-01T11:14:35Z</time>
   </trkpt>
   <trkpt lat="45.7585330" lon="4.7645470">
    <ele>224.9</ele>
    <time>2026-07-01T11:14:36Z</time>
   </trkpt>
   <trkpt lat="45.7585410" lon="4.7645090">
    <ele>225.0</ele>
    <time>2026-07-01T11:14:37Z</time>
   </trkpt>
   <trkpt lat="45.7585310" lon="4.7644690">
    <ele>225.1</ele>
    <time>2026-07-01T11:14:38Z</time>
   </trkpt>
   <trkpt lat="45.7585350" lon="4.7644330">
    <ele>225.1</ele>
    <time>2026-07-01T11:14:39Z</time>
   </trkpt>
   <trkpt lat="45.7585280" lon="4.7643960">
    <ele>225.2</ele>
    <time>2026-07-01T11:14:40Z</time>
   </trkpt>
   <trkpt lat="45.7585160" lon="4.7643620">
    <ele>225.3</ele>
    <time>2026-07-01T11:14:41Z</time>
   </trkpt>
   <trkpt lat="45.7585120" lon="4.7643210">
    <ele>225.4</ele>
    <time>2026-07-01T11:14:42Z</time>
   </trkpt>
   <trkpt lat="45.7585140" lon="4.7642820">
    <ele>225.5</ele>
    <time>2026-07-01T11:14:43Z</time>
   </trkpt>
   <trkpt lat="45.7585140" lon="4.7642530">
    <ele>225.5</ele>
    <time>2026-07-01T11:14:44Z</time>
   </trkpt>
   <trkpt lat="45.7585080" lon="4.7642170">
    <ele>225.6</ele>
    <time>2026-07-01T11:14:45Z</time>
   </trkpt>
   <trkpt lat="45.7585010" lon="4.7641790">
    <ele>225.7</ele>
    <time>2026-07-01T11:14:46Z</time>
   </trkpt>
   <trkpt lat="45.7584900" lon="4.7641430">
    <ele>225.8</ele>
    <time>2026-07-01T11:14:47Z</time>
   </trkpt>
   <trkpt lat="45.7584850" lon="4.7641030">
    <ele>225.8</ele>
    <time>2026-07-01T11:14:48Z</time>
   </trkpt>
   <trkpt lat="45.7584810" lon="4.7640630">
    <ele>225.9</ele>
    <time>2026-07-01T11:14:49Z</time>
   </trkpt>
   <trkpt lat="45.7584730" lon="4.7640320">
    <ele>226.0</ele>
    <time>2026-07-01T11:14:50Z</time>
   </trkpt>
   <trkpt lat="45.7584680" lon="4.7639920">
    <ele>226.0</ele>
    <time>2026-07-01T11:14:51Z</time>
   </trkpt>
   <trkpt lat="45.7584680" lon="4.7639550">
    <ele>226.1</ele>
    <time>2026-07-01T11:14:52Z</time>
   </trkpt>
   <trkpt lat="45.7584640" lon="4.7639250">
    <ele>226.1</ele>
    <time>2026-07-01T11:14:53Z</time>
   </trkpt>
   <trkpt lat="45.7584600" lon="4.7638920">
    <ele>226.2</ele>
    <time>2026-07-01T11:14:54Z</time>
   </trkpt>
   <trkpt lat="45.7584630" lon="4.7638620">
    <ele>226.3</ele>
    <time>2026-07-01T11:14:55Z</time>
   </trkpt>
   <trkpt lat="45.7584550" lon="4.7638250">
    <ele>226.3</ele>
    <time>2026-07-01T11:14:56Z</time>
   </trkpt>
   <trkpt lat="45.7584460" lon="4.7637850">
    <ele>226.4</ele>
    <time>2026-07-01T11:14:57Z</time>
   </trkpt>
   <trkpt lat="45.7584490" lon="4.7637550">
    <ele>226.5</ele>
    <time>2026-07-01T11:14:58Z</time>
   </trkpt>
   <trkpt lat="45.7584450" lon="4.7637090">
    <ele>226.6</ele>
    <time>2026-07-01T11:14:59Z</time>
   </trkpt>
   <trkpt lat="45.7584410" lon="4.7636690">
    <ele>226.7</ele>
    <time>2026-07-01T11:15:00Z</time>
   </trkpt>
   <trkpt lat="45.7584370" lon="4.7636340">
    <ele>226.8</ele>
    <time>2026-07-01T11:15:01Z</time>
   </trkpt>
   <trkpt lat="45.7584350" lon="4.7635980">
    <ele>226.8</ele>
    <time>2026-07-01T11:15:02Z</time>
   </trkpt>
   <trkpt lat="45.7584310" lon="4.7635520">
    <ele>227.0</ele>
    <time>2026-07-01T11:15:03Z</time>
   </trkpt>
   <trkpt lat="45.7584270" lon="4.7635170">
    <ele>227.0</ele>
    <time>2026-07-01T11:15:04Z</time>
   </trkpt>
   <trkpt lat="45.7584260" lon="4.7634790">
    <ele>227.1</ele>
    <time>2026-07-01T11:15:05Z</time>
   </trkpt>
   <trkpt lat="45.7584190" lon="4.7634420">
    <ele>227.2</ele>
    <time>2026-07-01T11:15:06Z</time>
   </trkpt>
   <trkpt lat="45.7584090" lon="4.7634000">
    <ele>227.3</ele>
    <time>2026-07-01T11:15:07Z</time>
   </trkpt>
   <trkpt lat="45.7584020" lon="4.7633600">
    <ele>227.4</ele>
    <time>2026-07-01T11:15:08Z</time>
   </trkpt>
   <trkpt lat="45.7583970" lon="4.7633230">
    <ele>227.5</ele>
    <time>2026-07-01T11:15:09Z</time>
   </trkpt>
   <trkpt lat="45.7583940" lon="4.7632830">
    <ele>227.6</ele>
    <time>2026-07-01T11:15:10Z</time>
   </trkpt>
   <trkpt lat="45.7583920" lon="4.7632470">
    <ele>227.7</ele>
    <time>2026-07-01T11:15:11Z</time>
   </trkpt>
   <trkpt lat="45.7583940" lon="4.7632090">
    <ele>227.8</ele>
    <time>2026-07-01T11:15:12Z</time>
   </trkpt>
   <trkpt lat="45.7583910" lon="4.7631780">
    <ele>227.9</ele>
    <time>2026-07-01T11:15:13Z</time>
   </trkpt>
   <trkpt lat="45.7583840" lon="4.7631480">
    <ele>228.0</ele>
    <time>2026-07-01T11:15:14Z</time>
   </trkpt>
   <trkpt lat="45.7583680" lon="4.7631160">
    <ele>228.1</ele>
    <time>2026-07-01T11:15:15Z</time>
   </trkpt>
   <trkpt lat="45.7583550" lon="4.7630890">
    <ele>228.1</ele>
    <time>2026-07-01T11:15:16Z</time>
   </trkpt>
   <trkpt lat="45.7583420" lon="4.7630510">
    <ele>228.2</ele>
    <time>2026-07-01T11:15:17Z</time>
   </trkpt>
   <trkpt lat="45.7583320" lon="4.7630150">
    <ele>228.3</ele>
    <time>2026-07-01T11:15:18Z</time>
   </trkpt>
   <trkpt lat="45.7583220" lon="4.7629800">
    <ele>228.4</ele>
    <time>2026-07-01T11:15:19Z</time>
   </trkpt>
   <trkpt lat="45.7583200" lon="4.7629380">
    <ele>228.5</ele>
    <time>2026-07-01T11:15:20Z</time>
   </trkpt>
   <trkpt lat="45.7583170" lon="4.7628990">
    <ele>228.6</ele>
    <time>2026-07-01T11:15:21Z</time>
   </trkpt>
   <trkpt lat="45.7583100" lon="4.7628610">
    <ele>228.7</ele>
    <time>2026-07-01T11:15:22Z</time>
   </trkpt>
   <trkpt lat="45.7583050" lon="4.7628200">
    <ele>228.8</ele>
    <time>2026-07-01T11:15:23Z</time>
   </trkpt>
   <trkpt lat="45.7583050" lon="4.7627820">
    <ele>228.9</ele>
    <time>2026-07-01T11:15:24Z</time>
   </trkpt>
   <trkpt lat="45.7583050" lon="4.7627440">
    <ele>229.0</ele>
    <time>2026-07-01T11:15:25Z</time>
   </trkpt>
   <trkpt lat="45.7583010" lon="4.7627000">
    <ele>229.0</ele>
    <time>2026-07-01T11:15:26Z</time>
   </trkpt>
   <trkpt lat="45.7582960" lon="4.7626600">
    <ele>229.1</ele>
    <time>2026-07-01T11:15:27Z</time>
   </trkpt>
   <trkpt lat="45.7582930" lon="4.7626250">
    <ele>229.2</ele>
    <time>2026-07-01T11:15:28Z</time>
   </trkpt>
   <trkpt lat="45.7582900" lon="4.7625860">
    <ele>229.3</ele>
    <time>2026-07-01T11:15:29Z</time>
   </trkpt>
   <trkpt lat="45.7582850" lon="4.7625510">
    <ele>229.3</ele>
    <time>2026-07-01T11:15:30Z</time>
   </trkpt>
   <trkpt lat="45.7582760" lon="4.7625140">
    <ele>229.4</ele>
    <time>2026-07-01T11:15:31Z</time>
   </trkpt>
   <trkpt lat="45.7582670" lon="4.7624700">
    <ele>229.5</ele>
    <time>2026-07-01T11:15:32Z</time>
   </trkpt>
   <trkpt lat="45.7582590" lon="4.7624310">
    <ele>229.6</ele>
    <time>2026-07-01T11:15:33Z</time>
   </trkpt>
   <trkpt lat="45.7582510" lon="4.7623960">
    <ele>229.6</ele>
    <time>2026-07-01T11:15:34Z</time>
   </trkpt>
   <trkpt lat="45.7582410" lon="4.7623590">
    <ele>229.7</ele>
    <time>2026-07-01T11:15:35Z</time>
   </trkpt>
   <trkpt lat="45.7582360" lon="4.7623210">
    <ele>229.7</ele>
    <time>2026-07-01T11:15:36Z</time>
   </trkpt>
   <trkpt lat="45.7582360" lon="4.7622790">
    <ele>229.8</ele>
    <time>2026-07-01T11:15:37Z</time>
   </trkpt>
   <trkpt lat="45.7582400" lon="4.7622300">
    <ele>229.9</ele>
    <time>2026-07-01T11:15:38Z</time>
   </trkpt>
   <trkpt lat="45.7582260" lon="4.7621930">
    <ele>229.9</ele>
    <time>2026-07-01T11:15:39Z</time>
   </trkpt>
   <trkpt lat="45.7582170" lon="4.7621550">
    <ele>230.0</ele>
    <time>2026-07-01T11:15:40Z</time>
   </trkpt>
   <trkpt lat="45.7582060" lon="4.7621170">
    <ele>230.0</ele>
    <time>2026-07-01T11:15:41Z</time>
   </trkpt>
   <trkpt lat="45.7581970" lon="4.7620820">
    <ele>230.1</ele>
    <time>2026-07-01T11:15:42Z</time>
   </trkpt>
   <trkpt lat="45.7581890" lon="4.7620460">
    <ele>230.1</ele>
    <time>2026-07-01T11:15:44Z</time>
   </trkpt>
   <trkpt lat="45.7581800" lon="4.7620120">
    <ele>230.1</ele>
    <time>2026-07-01T11:15:45Z</time>
   </trkpt>
   <trkpt lat="45.7581710" lon="4.7619820">
    <ele>230.2</ele>
    <time>2026-07-01T11:15:46Z</time>
   </trkpt>
   <trkpt lat="45.7581630" lon="4.7619430">
    <ele>230.2</ele>
    <time>2026-07-01T11:15:47Z</time>
   </trkpt>
   <trkpt lat="45.7581520" lon="4.7618980">
    <ele>230.3</ele>
    <time>2026-07-01T11:15:48Z</time>
   </trkpt>
   <trkpt lat="45.7581410" lon="4.7618590">
    <ele>230.3</ele>
    <time>2026-07-01T11:15:49Z</time>
   </trkpt>
   <trkpt lat="45.7581330" lon="4.7618230">
    <ele>230.4</ele>
    <time>2026-07-01T11:15:50Z</time>
   </trkpt>
   <trkpt lat="45.7581220" lon="4.7617880">
    <ele>230.4</ele>
    <time>2026-07-01T11:15:51Z</time>
   </trkpt>
   <trkpt lat="45.7581150" lon="4.7617540">
    <ele>230.5</ele>
    <time>2026-07-01T11:15:52Z</time>
   </trkpt>
   <trkpt lat="45.7581090" lon="4.7617090">
    <ele>230.5</ele>
    <time>2026-07-01T11:15:53Z</time>
   </trkpt>
   <trkpt lat="45.7581030" lon="4.7616730">
    <ele>230.5</ele>
    <time>2026-07-01T11:15:54Z</time>
   </trkpt>
   <trkpt lat="45.7580930" lon="4.7616410">
    <ele>230.6</ele>
    <time>2026-07-01T11:15:55Z</time>
   </trkpt>
   <trkpt lat="45.7580880" lon="4.7615970">
    <ele>230.6</ele>
    <time>2026-07-01T11:15:56Z</time>
   </trkpt>
   <trkpt lat="45.7580800" lon="4.7615680">
    <ele>230.7</ele>
    <time>2026-07-01T11:15:57Z</time>
   </trkpt>
   <trkpt lat="45.7580630" lon="4.7615450">
    <ele>230.7</ele>
    <time>2026-07-01T11:15:58Z</time>
   </trkpt>
   <trkpt lat="45.7580390" lon="4.7615270">
    <ele>230.8</ele>
    <time>2026-07-01T11:15:59Z</time>
   </trkpt>
   <trkpt lat="45.7580120" lon="4.7615270">
    <ele>230.7</ele>
    <time>2026-07-01T11:16:00Z</time>
   </trkpt>
   <trkpt lat="45.7579840" lon="4.7615440">
    <ele>230.7</ele>
    <time>2026-07-01T11:16:01Z</time>
   </trkpt>
   <trkpt lat="45.7579670" lon="4.7615650">
    <ele>230.7</ele>
    <time>2026-07-01T11:16:02Z</time>
   </trkpt>
   <trkpt lat="45.7579540" lon="4.7615840">
    <ele>230.7</ele>
    <time>2026-07-01T11:16:03Z</time>
   </trkpt>
   <trkpt lat="45.7579070" lon="4.7616420">
    <ele>230.6</ele>
    <time>2026-07-01T11:16:04Z</time>
   </trkpt>
   <trkpt lat="45.7578780" lon="4.7616650">
    <ele>230.6</ele>
    <time>2026-07-01T11:16:05Z</time>
   </trkpt>
   <trkpt lat="45.7578550" lon="4.7616780">
    <ele>230.5</ele>
    <time>2026-07-01T11:16:06Z</time>
   </trkpt>
   <trkpt lat="45.7578370" lon="4.7617020">
    <ele>230.5</ele>
    <time>2026-07-01T11:16:07Z</time>
   </trkpt>
   <trkpt lat="45.7578160" lon="4.7617210">
    <ele>230.4</ele>
    <time>2026-07-01T11:16:08Z</time>
   </trkpt>
   <trkpt lat="45.7577890" lon="4.7617380">
    <ele>230.4</ele>
    <time>2026-07-01T11:16:09Z</time>
   </trkpt>
   <trkpt lat="45.7577580" lon="4.7617480">
    <ele>230.3</ele>
    <time>2026-07-01T11:16:10Z</time>
   </trkpt>
   <trkpt lat="45.7577220" lon="4.7617490">
    <ele>230.2</ele>
    <time>2026-07-01T11:16:11Z</time>
   </trkpt>
   <trkpt lat="45.7576810" lon="4.7617340">
    <ele>230.2</ele>
    <time>2026-07-01T11:16:12Z</time>
   </trkpt>
   <trkpt lat="45.7576470" lon="4.7617370">
    <ele>230.1</ele>
    <time>2026-07-01T11:16:13Z</time>
   </trkpt>
   <trkpt lat="45.7576140" lon="4.7617490">
    <ele>230.0</ele>
    <time>2026-07-01T11:16:14Z</time>
   </trkpt>
   <trkpt lat="45.7575880" lon="4.7617670">
    <ele>229.9</ele>
    <time>2026-07-01T11:16:15Z</time>
   </trkpt>
   <trkpt lat="45.7575740" lon="4.7617760">
    <ele>229.9</ele>
    <time>2026-07-01T11:16:16Z</time>
   </trkpt>
   <trkpt lat="45.7575580" lon="4.7617980">
    <ele>229.8</ele>
    <time>2026-07-01T11:16:17Z</time>
   </trkpt>
   <trkpt lat="45.7575390" lon="4.7618190">
    <ele>229.8</ele>
    <time>2026-07-01T11:16:18Z</time>
   </trkpt>
   <trkpt lat="45.7575160" lon="4.7618300">
    <ele>229.7</ele>
    <time>2026-07-01T11:16:19Z</time>
   </trkpt>
   <trkpt lat="45.7574970" lon="4.7618440">
    <ele>229.6</ele>
    <time>2026-07-01T11:16:20Z</time>
   </trkpt>
   <trkpt lat="45.7574720" lon="4.7618570">
    <ele>229.5</ele>
    <time>2026-07-01T11:16:21Z</time>
   </trkpt>
   <trkpt lat="45.7574510" lon="4.7618760">
    <ele>229.4</ele>
    <time>2026-07-01T11:16:22Z</time>
   </trkpt>
   <trkpt lat="45.7574200" lon="4.7618980">
    <ele>229.3</ele>
    <time>2026-07-01T11:16:23Z</time>
   </trkpt>
   <trkpt lat="45.7573990" lon="4.7619260">
    <ele>229.2</ele>
    <time>2026-07-01T11:16:24Z</time>
   </trkpt>
   <trkpt lat="45.7573720" lon="4.7619600">
    <ele>229.0</ele>
    <time>2026-07-01T11:16:25Z</time>
   </trkpt>
   <trkpt lat="45.7573470" lon="4.7619890">
    <ele>228.9</ele>
    <time>2026-07-01T11:16:26Z</time>
   </trkpt>
   <trkpt lat="45.7573190" lon="4.7620440">
    <ele>228.7</ele>
    <time>2026-07-01T11:16:27Z</time>
   </trkpt>
   <trkpt lat="45.7572960" lon="4.7620660">
    <ele>228.5</ele>
    <time>2026-07-01T11:16:28Z</time>
   </trkpt>
   <trkpt lat="45.7572740" lon="4.7620880">
    <ele>228.4</ele>
    <time>2026-07-01T11:16:29Z</time>
   </trkpt>
   <trkpt lat="45.7572570" lon="4.7621110">
    <ele>228.3</ele>
    <time>2026-07-01T11:16:30Z</time>
   </trkpt>
   <trkpt lat="45.7572350" lon="4.7621240">
    <ele>228.2</ele>
    <time>2026-07-01T11:16:31Z</time>
   </trkpt>
   <trkpt lat="45.7572110" lon="4.7621460">
    <ele>228.1</ele>
    <time>2026-07-01T11:16:32Z</time>
   </trkpt>
   <trkpt lat="45.7571910" lon="4.7621630">
    <ele>227.9</ele>
    <time>2026-07-01T11:16:33Z</time>
   </trkpt>
   <trkpt lat="45.7571640" lon="4.7621830">
    <ele>227.8</ele>
    <time>2026-07-01T11:16:34Z</time>
   </trkpt>
   <trkpt lat="45.7571430" lon="4.7622230">
    <ele>227.6</ele>
    <time>2026-07-01T11:16:35Z</time>
   </trkpt>
   <trkpt lat="45.7571210" lon="4.7622590">
    <ele>227.5</ele>
    <time>2026-07-01T11:16:36Z</time>
   </trkpt>
   <trkpt lat="45.7570890" lon="4.7622930">
    <ele>227.3</ele>
    <time>2026-07-01T11:16:37Z</time>
   </trkpt>
   <trkpt lat="45.7570740" lon="4.7623330">
    <ele>227.1</ele>
    <time>2026-07-01T11:16:38Z</time>
   </trkpt>
   <trkpt lat="45.7570570" lon="4.7623680">
    <ele>227.0</ele>
    <time>2026-07-01T11:16:39Z</time>
   </trkpt>
   <trkpt lat="45.7570320" lon="4.7623900">
    <ele>226.8</ele>
    <time>2026-07-01T11:16:40Z</time>
   </trkpt>
   <trkpt lat="45.7570070" lon="4.7624190">
    <ele>226.7</ele>
    <time>2026-07-01T11:16:41Z</time>
   </trkpt>
   <trkpt lat="45.7569850" lon="4.7624500">
    <ele>226.5</ele>
    <time>2026-07-01T11:16:42Z</time>
   </trkpt>
   <trkpt lat="45.7569620" lon="4.7624790">
    <ele>226.4</ele>
    <time>2026-07-01T11:16:43Z</time>
   </trkpt>
   <trkpt lat="45.7569360" lon="4.7625150">
    <ele>226.3</ele>
    <time>2026-07-01T11:16:44Z</time>
   </trkpt>
   <trkpt lat="45.7569120" lon="4.7625440">
    <ele>226.2</ele>
    <time>2026-07-01T11:16:45Z</time>
   </trkpt>
   <trkpt lat="45.7568880" lon="4.7625790">
    <ele>226.1</ele>
    <time>2026-07-01T11:16:46Z</time>
   </trkpt>
   <trkpt lat="45.7568630" lon="4.7626110">
    <ele>225.9</ele>
    <time>2026-07-01T11:16:47Z</time>
   </trkpt>
   <trkpt lat="45.7568410" lon="4.7626350">
    <ele>225.9</ele>
    <time>2026-07-01T11:16:48Z</time>
   </trkpt>
   <trkpt lat="45.7568150" lon="4.7626520">
    <ele>225.8</ele>
    <time>2026-07-01T11:16:49Z</time>
   </trkpt>
   <trkpt lat="45.7567860" lon="4.7626690">
    <ele>225.7</ele>
    <time>2026-07-01T11:16:50Z</time>
   </trkpt>
   <trkpt lat="45.7567590" lon="4.7626880">
    <ele>225.6</ele>
    <time>2026-07-01T11:16:51Z</time>
   </trkpt>
   <trkpt lat="45.7567340" lon="4.7627090">
    <ele>225.5</ele>
    <time>2026-07-01T11:16:52Z</time>
   </trkpt>
   <trkpt lat="45.7567040" lon="4.7627290">
    <ele>225.4</ele>
    <time>2026-07-01T11:16:53Z</time>
   </trkpt>
   <trkpt lat="45.7566780" lon="4.7627510">
    <ele>225.3</ele>
    <time>2026-07-01T11:16:54Z</time>
   </trkpt>
   <trkpt lat="45.7566520" lon="4.7627740">
    <ele>225.3</ele>
    <time>2026-07-01T11:16:55Z</time>
   </trkpt>
   <trkpt lat="45.7566270" lon="4.7627940">
    <ele>225.2</ele>
    <time>2026-07-01T11:16:56Z</time>
   </trkpt>
   <trkpt lat="45.7566000" lon="4.7628120">
    <ele>225.2</ele>
    <time>2026-07-01T11:16:57Z</time>
   </trkpt>
   <trkpt lat="45.7565730" lon="4.7628330">
    <ele>225.1</ele>
    <time>2026-07-01T11:16:58Z</time>
   </trkpt>
   <trkpt lat="45.7565500" lon="4.7628450">
    <ele>225.1</ele>
    <time>2026-07-01T11:16:59Z</time>
   </trkpt>
   <trkpt lat="45.7565230" lon="4.7628610">
    <ele>225.0</ele>
    <time>2026-07-01T11:17:00Z</time>
   </trkpt>
   <trkpt lat="45.7564980" lon="4.7628810">
    <ele>225.0</ele>
    <time>2026-07-01T11:17:01Z</time>
   </trkpt>
   <trkpt lat="45.7564650" lon="4.7628970">
    <ele>224.9</ele>
    <time>2026-07-01T11:17:02Z</time>
   </trkpt>
   <trkpt lat="45.7564350" lon="4.7629110">
    <ele>224.9</ele>
    <time>2026-07-01T11:17:03Z</time>
   </trkpt>
   <trkpt lat="45.7564130" lon="4.7629360">
    <ele>224.8</ele>
    <time>2026-07-01T11:17:04Z</time>
   </trkpt>
   <trkpt lat="45.7563920" lon="4.7629620">
    <ele>224.8</ele>
    <time>2026-07-01T11:17:05Z</time>
   </trkpt>
   <trkpt lat="45.7563710" lon="4.7629680">
    <ele>224.7</ele>
    <time>2026-07-01T11:17:06Z</time>
   </trkpt>
   <trkpt lat="45.7563490" lon="4.7629870">
    <ele>224.7</ele>
    <time>2026-07-01T11:17:07Z</time>
   </trkpt>
   <trkpt lat="45.7563200" lon="4.7630060">
    <ele>224.6</ele>
    <time>2026-07-01T11:17:08Z</time>
   </trkpt>
   <trkpt lat="45.7562940" lon="4.7630240">
    <ele>224.5</ele>
    <time>2026-07-01T11:17:09Z</time>
   </trkpt>
   <trkpt lat="45.7562720" lon="4.7630260">
    <ele>224.5</ele>
    <time>2026-07-01T11:17:10Z</time>
   </trkpt>
   <trkpt lat="45.7562430" lon="4.7630400">
    <ele>224.4</ele>
    <time>2026-07-01T11:17:11Z</time>
   </trkpt>
   <trkpt lat="45.7562160" lon="4.7630560">
    <ele>224.4</ele>
    <time>2026-07-01T11:17:12Z</time>
   </trkpt>
   <trkpt lat="45.7561910" lon="4.7630740">
    <ele>224.4</ele>
    <time>2026-07-01T11:17:13Z</time>
   </trkpt>
   <trkpt lat="45.7561620" lon="4.7630930">
    <ele>224.3</ele>
    <time>2026-07-01T11:17:14Z</time>
   </trkpt>
   <trkpt lat="45.7561400" lon="4.7631060">
    <ele>224.3</ele>
    <time>2026-07-01T11:17:15Z</time>
   </trkpt>
   <trkpt lat="45.7561170" lon="4.7631180">
    <ele>224.2</ele>
    <time>2026-07-01T11:17:16Z</time>
   </trkpt>
   <trkpt lat="45.7560910" lon="4.7631360">
    <ele>224.2</ele>
    <time>2026-07-01T11:17:17Z</time>
   </trkpt>
   <trkpt lat="45.7560660" lon="4.7631500">
    <ele>224.2</ele>
    <time>2026-07-01T11:17:18Z</time>
   </trkpt>
   <trkpt lat="45.7560420" lon="4.7631610">
    <ele>224.2</ele>
    <time>2026-07-01T11:17:19Z</time>
   </trkpt>
   <trkpt lat="45.7560150" lon="4.7631720">
    <ele>224.1</ele>
    <time>2026-07-01T11:17:20Z</time>
   </trkpt>
   <trkpt lat="45.7559910" lon="4.7631880">
    <ele>224.1</ele>
    <time>2026-07-01T11:17:21Z</time>
   </trkpt>
   <trkpt lat="45.7559670" lon="4.7631970">
    <ele>224.1</ele>
    <time>2026-07-01T11:17:22Z</time>
   </trkpt>
   <trkpt lat="45.7559380" lon="4.7632300">
    <ele>224.0</ele>
    <time>2026-07-01T11:17:23Z</time>
   </trkpt>
   <trkpt lat="45.7559150" lon="4.7632490">
    <ele>224.0</ele>
    <time>2026-07-01T11:17:24Z</time>
   </trkpt>
   <trkpt lat="45.7558920" lon="4.7632630">
    <ele>224.0</ele>
    <time>2026-07-01T11:17:25Z</time>
   </trkpt>
   <trkpt lat="45.7558700" lon="4.7632720">
    <ele>224.0</ele>
    <time>2026-07-01T11:17:26Z</time>
   </trkpt>
   <trkpt lat="45.7558480" lon="4.7632780">
    <ele>224.0</ele>
    <time>2026-07-01T11:17:27Z</time>
   </trkpt>
   <trkpt lat="45.7558190" lon="4.7633040">
    <ele>223.9</ele>
    <time>2026-07-01T11:17:28Z</time>
   </trkpt>
   <trkpt lat="45.7557950" lon="4.7633200">
    <ele>223.9</ele>
    <time>2026-07-01T11:17:29Z</time>
   </trkpt>
   <trkpt lat="45.7557700" lon="4.7633300">
    <ele>223.9</ele>
    <time>2026-07-01T11:17:30Z</time>
   </trkpt>
   <trkpt lat="45.7557450" lon="4.7633600">
    <ele>223.9</ele>
    <time>2026-07-01T11:17:31Z</time>
   </trkpt>
   <trkpt lat="45.7557180" lon="4.7633720">
    <ele>223.9</ele>
    <time>2026-07-01T11:17:32Z</time>
   </trkpt>
   <trkpt lat="45.7556930" lon="4.7633840">
    <ele>223.9</ele>
    <time>2026-07-01T11:17:33Z</time>
   </trkpt>
   <trkpt lat="45.7556710" lon="4.7633970">
    <ele>223.9</ele>
    <time>2026-07-01T11:17:34Z</time>
   </trkpt>
   <trkpt lat="45.7556440" lon="4.7634150">
    <ele>223.9</ele>
    <time>2026-07-01T11:17:35Z</time>
   </trkpt>
   <trkpt lat="45.7556190" lon="4.7634300">
    <ele>223.9</ele>
    <time>2026-07-01T11:17:36Z</time>
   </trkpt>
   <trkpt lat="45.7555970" lon="4.7634360">
    <ele>223.9</ele>
    <time>2026-07-01T11:17:37Z</time>
   </trkpt>
   <trkpt lat="45.7555680" lon="4.7634560">
    <ele>223.9</ele>
    <time>2026-07-01T11:17:38Z</time>
   </trkpt>
   <trkpt lat="45.7555500" lon="4.7634760">
    <ele>223.9</ele>
    <time>2026-07-01T11:17:39Z</time>
   </trkpt>
   <trkpt lat="45.7555290" lon="4.7634980">
    <ele>223.9</ele>
    <time>2026-07-01T11:17:40Z</time>
   </trkpt>
   <trkpt lat="45.7555030" lon="4.7635250">
    <ele>223.9</ele>
    <time>2026-07-01T11:17:41Z</time>
   </trkpt>
   <trkpt lat="45.7554790" lon="4.7635410">
    <ele>223.9</ele>
    <time>2026-07-01T11:17:42Z</time>
   </trkpt>
   <trkpt lat="45.7554520" lon="4.7635580">
    <ele>223.9</ele>
    <time>2026-07-01T11:17:43Z</time>
   </trkpt>
   <trkpt lat="45.7554280" lon="4.7635710">
    <ele>223.9</ele>
    <time>2026-07-01T11:17:44Z</time>
   </trkpt>
   <trkpt lat="45.7554030" lon="4.7635800">
    <ele>223.9</ele>
    <time>2026-07-01T11:17:45Z</time>
   </trkpt>
   <trkpt lat="45.7553850" lon="4.7635970">
    <ele>223.9</ele>
    <time>2026-07-01T11:17:46Z</time>
   </trkpt>
   <trkpt lat="45.7553640" lon="4.7636130">
    <ele>223.9</ele>
    <time>2026-07-01T11:17:47Z</time>
   </trkpt>
   <trkpt lat="45.7553340" lon="4.7636180">
    <ele>223.9</ele>
    <time>2026-07-01T11:17:49Z</time>
   </trkpt>
   <trkpt lat="45.7553020" lon="4.7636260">
    <ele>223.9</ele>
    <time>2026-07-01T11:17:50Z</time>
   </trkpt>
   <trkpt lat="45.7552740" lon="4.7636410">
    <ele>223.9</ele>
    <time>2026-07-01T11:17:51Z</time>
   </trkpt>
   <trkpt lat="45.7552440" lon="4.7636590">
    <ele>223.9</ele>
    <time>2026-07-01T11:17:52Z</time>
   </trkpt>
   <trkpt lat="45.7552120" lon="4.7636870">
    <ele>223.9</ele>
    <time>2026-07-01T11:17:53Z</time>
   </trkpt>
   <trkpt lat="45.7551840" lon="4.7636990">
    <ele>223.9</ele>
    <time>2026-07-01T11:17:54Z</time>
   </trkpt>
   <trkpt lat="45.7551590" lon="4.7637100">
    <ele>223.8</ele>
    <time>2026-07-01T11:17:55Z</time>
   </trkpt>
   <trkpt lat="45.7551360" lon="4.7637260">
    <ele>223.8</ele>
    <time>2026-07-01T11:17:56Z</time>
   </trkpt>
   <trkpt lat="45.7551120" lon="4.7637330">
    <ele>223.8</ele>
    <time>2026-07-01T11:17:57Z</time>
   </trkpt>
   <trkpt lat="45.7550630" lon="4.7637620">
    <ele>223.8</ele>
    <time>2026-07-01T11:17:58Z</time>
   </trkpt>
   <trkpt lat="45.7550290" lon="4.7637760">
    <ele>223.8</ele>
    <time>2026-07-01T11:17:59Z</time>
   </trkpt>
   <trkpt lat="45.7550130" lon="4.7637870">
    <ele>223.8</ele>
    <time>2026-07-01T11:18:00Z</time>
   </trkpt>
   <trkpt lat="45.7549980" lon="4.7637960">
    <ele>223.9</ele>
    <time>2026-07-01T11:18:01Z</time>
   </trkpt>
   <trkpt lat="45.7549710" lon="4.7638150">
    <ele>223.9</ele>
    <time>2026-07-01T11:18:02Z</time>
   </trkpt>
   <trkpt lat="45.7549500" lon="4.7638410">
    <ele>223.9</ele>
    <time>2026-07-01T11:18:03Z</time>
   </trkpt>
   <trkpt lat="45.7549310" lon="4.7638630">
    <ele>223.9</ele>
    <time>2026-07-01T11:18:04Z</time>
   </trkpt>
   <trkpt lat="45.7549110" lon="4.7639050">
    <ele>223.9</ele>
    <time>2026-07-01T11:18:05Z</time>
   </trkpt>
   <trkpt lat="45.7548850" lon="4.7639280">
    <ele>223.9</ele>
    <time>2026-07-01T11:18:06Z</time>
   </trkpt>
   <trkpt lat="45.7548580" lon="4.7639440">
    <ele>223.8</ele>
    <time>2026-07-01T11:18:07Z</time>
   </trkpt>
   <trkpt lat="45.7548310" lon="4.7639610">
    <ele>223.8</ele>
    <time>2026-07-01T11:18:08Z</time>
   </trkpt>
   <trkpt lat="45.7548070" lon="4.7639790">
    <ele>223.8</ele>
    <time>2026-07-01T11:18:09Z</time>
   </trkpt>
   <trkpt lat="45.7547800" lon="4.7640090">
    <ele>223.8</ele>
    <time>2026-07-01T11:18:10Z</time>
   </trkpt>
   <trkpt lat="45.7547550" lon="4.7640340">
    <ele>223.8</ele>
    <time>2026-07-01T11:18:11Z</time>
   </trkpt>
   <trkpt lat="45.7547240" lon="4.7640420">
    <ele>223.8</ele>
    <time>2026-07-01T11:18:12Z</time>
   </trkpt>
   <trkpt lat="45.7546920" lon="4.7640630">
    <ele>223.8</ele>
    <time>2026-07-01T11:18:13Z</time>
   </trkpt>
   <trkpt lat="45.7546650" lon="4.7640760">
    <ele>223.8</ele>
    <time>2026-07-01T11:18:14Z</time>
   </trkpt>
   <trkpt lat="45.7546410" lon="4.7640900">
    <ele>223.8</ele>
    <time>2026-07-01T11:18:15Z</time>
   </trkpt>
   <trkpt lat="45.7546130" lon="4.7641150">
    <ele>223.8</ele>
    <time>2026-07-01T11:18:16Z</time>
   </trkpt>
   <trkpt lat="45.7545860" lon="4.7641400">
    <ele>223.8</ele>
    <time>2026-07-01T11:18:17Z</time>
   </trkpt>
   <trkpt lat="45.7545610" lon="4.7641590">
    <ele>223.8</ele>
    <time>2026-07-01T11:18:18Z</time>
   </trkpt>
   <trkpt lat="45.7545350" lon="4.7641650">
    <ele>223.8</ele>
    <time>2026-07-01T11:18:19Z</time>
   </trkpt>
   <trkpt lat="45.7545060" lon="4.7641830">
    <ele>223.8</ele>
    <time>2026-07-01T11:18:20Z</time>
   </trkpt>
   <trkpt lat="45.7544760" lon="4.7642040">
    <ele>223.8</ele>
    <time>2026-07-01T11:18:21Z</time>
   </trkpt>
   <trkpt lat="45.7544530" lon="4.7642300">
    <ele>223.8</ele>
    <time>2026-07-01T11:18:22Z</time>
   </trkpt>
   <trkpt lat="45.7544260" lon="4.7642410">
    <ele>223.8</ele>
    <time>2026-07-01T11:18:23Z</time>
   </trkpt>
   <trkpt lat="45.7544040" lon="4.7642570">
    <ele>223.8</ele>
    <time>2026-07-01T11:18:24Z</time>
   </trkpt>
   <trkpt lat="45.7543740" lon="4.7642740">
    <ele>223.8</ele>
    <time>2026-07-01T11:18:25Z</time>
   </trkpt>
   <trkpt lat="45.7543530" lon="4.7642940">
    <ele>223.8</ele>
    <time>2026-07-01T11:18:26Z</time>
   </trkpt>
   <trkpt lat="45.7543310" lon="4.7643200">
    <ele>223.8</ele>
    <time>2026-07-01T11:18:27Z</time>
   </trkpt>
   <trkpt lat="45.7543170" lon="4.7643460">
    <ele>223.8</ele>
    <time>2026-07-01T11:18:28Z</time>
   </trkpt>
   <trkpt lat="45.7542970" lon="4.7643590">
    <ele>223.8</ele>
    <time>2026-07-01T11:18:29Z</time>
   </trkpt>
   <trkpt lat="45.7542700" lon="4.7643780">
    <ele>223.8</ele>
    <time>2026-07-01T11:18:30Z</time>
   </trkpt>
   <trkpt lat="45.7542430" lon="4.7643980">
    <ele>223.8</ele>
    <time>2026-07-01T11:18:31Z</time>
   </trkpt>
   <trkpt lat="45.7542170" lon="4.7644080">
    <ele>223.8</ele>
    <time>2026-07-01T11:18:32Z</time>
   </trkpt>
   <trkpt lat="45.7541850" lon="4.7644260">
    <ele>223.8</ele>
    <time>2026-07-01T11:18:33Z</time>
   </trkpt>
   <trkpt lat="45.7541630" lon="4.7644510">
    <ele>223.8</ele>
    <time>2026-07-01T11:18:34Z</time>
   </trkpt>
   <trkpt lat="45.7541390" lon="4.7644620">
    <ele>223.8</ele>
    <time>2026-07-01T11:18:35Z</time>
   </trkpt>
   <trkpt lat="45.7541160" lon="4.7644810">
    <ele>223.7</ele>
    <time>2026-07-01T11:18:36Z</time>
   </trkpt>
   <trkpt lat="45.7540870" lon="4.7644900">
    <ele>223.7</ele>
    <time>2026-07-01T11:18:37Z</time>
   </trkpt>
   <trkpt lat="45.7540620" lon="4.7645020">
    <ele>223.7</ele>
    <time>2026-07-01T11:18:38Z</time>
   </trkpt>
   <trkpt lat="45.7540330" lon="4.7645150">
    <ele>223.7</ele>
    <time>2026-07-01T11:18:39Z</time>
   </trkpt>
   <trkpt lat="45.7540080" lon="4.7645360">
    <ele>223.7</ele>
    <time>2026-07-01T11:18:40Z</time>
   </trkpt>
   <trkpt lat="45.7539860" lon="4.7645570">
    <ele>223.7</ele>
    <time>2026-07-01T11:18:41Z</time>
   </trkpt>
   <trkpt lat="45.7539680" lon="4.7645720">
    <ele>223.7</ele>
    <time>2026-07-01T11:18:42Z</time>
   </trkpt>
   <trkpt lat="45.7539430" lon="4.7645850">
    <ele>223.7</ele>
    <time>2026-07-01T11:18:43Z</time>
   </trkpt>
   <trkpt lat="45.7539180" lon="4.7646010">
    <ele>223.7</ele>
    <time>2026-07-01T11:18:44Z</time>
   </trkpt>
   <trkpt lat="45.7538880" lon="4.7646210">
    <ele>223.7</ele>
    <time>2026-07-01T11:18:45Z</time>
   </trkpt>
   <trkpt lat="45.7538640" lon="4.7646430">
    <ele>223.7</ele>
    <time>2026-07-01T11:18:46Z</time>
   </trkpt>
   <trkpt lat="45.7538440" lon="4.7646530">
    <ele>223.7</ele>
    <time>2026-07-01T11:18:47Z</time>
   </trkpt>
   <trkpt lat="45.7538200" lon="4.7646810">
    <ele>223.7</ele>
    <time>2026-07-01T11:18:48Z</time>
   </trkpt>
   <trkpt lat="45.7537950" lon="4.7646920">
    <ele>223.7</ele>
    <time>2026-07-01T11:18:49Z</time>
   </trkpt>
   <trkpt lat="45.7537710" lon="4.7647160">
    <ele>223.7</ele>
    <time>2026-07-01T11:18:50Z</time>
   </trkpt>
   <trkpt lat="45.7537460" lon="4.7647320">
    <ele>223.7</ele>
    <time>2026-07-01T11:18:51Z</time>
   </trkpt>
   <trkpt lat="45.7537170" lon="4.7647530">
    <ele>223.7</ele>
    <time>2026-07-01T11:18:52Z</time>
   </trkpt>
   <trkpt lat="45.7536960" lon="4.7647680">
    <ele>223.7</ele>
    <time>2026-07-01T11:18:53Z</time>
   </trkpt>
   <trkpt lat="45.7536760" lon="4.7647800">
    <ele>223.7</ele>
    <time>2026-07-01T11:18:54Z</time>
   </trkpt>
   <trkpt lat="45.7536480" lon="4.7648000">
    <ele>223.7</ele>
    <time>2026-07-01T11:18:55Z</time>
   </trkpt>
   <trkpt lat="45.7536260" lon="4.7648190">
    <ele>223.7</ele>
    <time>2026-07-01T11:18:56Z</time>
   </trkpt>
   <trkpt lat="45.7536000" lon="4.7648400">
    <ele>223.7</ele>
    <time>2026-07-01T11:18:57Z</time>
   </trkpt>
   <trkpt lat="45.7535800" lon="4.7648700">
    <ele>223.7</ele>
    <time>2026-07-01T11:18:58Z</time>
   </trkpt>
   <trkpt lat="45.7535590" lon="4.7648860">
    <ele>223.7</ele>
    <time>2026-07-01T11:18:59Z</time>
   </trkpt>
   <trkpt lat="45.7535300" lon="4.7649080">
    <ele>223.7</ele>
    <time>2026-07-01T11:19:00Z</time>
   </trkpt>
   <trkpt lat="45.7535040" lon="4.7649360">
    <ele>223.7</ele>
    <time>2026-07-01T11:19:01Z</time>
   </trkpt>
   <trkpt lat="45.7534730" lon="4.7649680">
    <ele>223.7</ele>
    <time>2026-07-01T11:19:02Z</time>
   </trkpt>
   <trkpt lat="45.7534420" lon="4.7649870">
    <ele>223.7</ele>
    <time>2026-07-01T11:19:03Z</time>
   </trkpt>
   <trkpt lat="45.7534210" lon="4.7650100">
    <ele>223.7</ele>
    <time>2026-07-01T11:19:04Z</time>
   </trkpt>
   <trkpt lat="45.7533930" lon="4.7650380">
    <ele>223.7</ele>
    <time>2026-07-01T11:19:05Z</time>
   </trkpt>
   <trkpt lat="45.7533690" lon="4.7650510">
    <ele>223.7</ele>
    <time>2026-07-01T11:19:06Z</time>
   </trkpt>
   <trkpt lat="45.7533440" lon="4.7650650">
    <ele>223.7</ele>
    <time>2026-07-01T11:19:07Z</time>
   </trkpt>
   <trkpt lat="45.7533200" lon="4.7650840">
    <ele>223.7</ele>
    <time>2026-07-01T11:19:08Z</time>
   </trkpt>
   <trkpt lat="45.7532920" lon="4.7651090">
    <ele>223.7</ele>
    <time>2026-07-01T11:19:09Z</time>
   </trkpt>
   <trkpt lat="45.7532660" lon="4.7651180">
    <ele>223.6</ele>
    <time>2026-07-01T11:19:10Z</time>
   </trkpt>
   <trkpt lat="45.7532390" lon="4.7651240">
    <ele>223.6</ele>
    <time>2026-07-01T11:19:11Z</time>
   </trkpt>
   <trkpt lat="45.7532100" lon="4.7651490">
    <ele>223.6</ele>
    <time>2026-07-01T11:19:12Z</time>
   </trkpt>
   <trkpt lat="45.7531830" lon="4.7651760">
    <ele>223.6</ele>
    <time>2026-07-01T11:19:13Z</time>
   </trkpt>
   <trkpt lat="45.7531570" lon="4.7652070">
    <ele>223.6</ele>
    <time>2026-07-01T11:19:14Z</time>
   </trkpt>
   <trkpt lat="45.7531270" lon="4.7652300">
    <ele>223.6</ele>
    <time>2026-07-01T11:19:15Z</time>
   </trkpt>
   <trkpt lat="45.7531010" lon="4.7652490">
    <ele>223.6</ele>
    <time>2026-07-01T11:19:16Z</time>
   </trkpt>
   <trkpt lat="45.7530700" lon="4.7652690">
    <ele>223.6</ele>
    <time>2026-07-01T11:19:17Z</time>
   </trkpt>
   <trkpt lat="45.7530420" lon="4.7652870">
    <ele>223.6</ele>
    <time>2026-07-01T11:19:18Z</time>
   </trkpt>
   <trkpt lat="45.7530120" lon="4.7652970">
    <ele>223.6</ele>
    <time>2026-07-01T11:19:19Z</time>
   </trkpt>
   <trkpt lat="45.7529830" lon="4.7653050">
    <ele>223.6</ele>
    <time>2026-07-01T11:19:20Z</time>
   </trkpt>
   <trkpt lat="45.7529570" lon="4.7653150">
    <ele>223.6</ele>
    <time>2026-07-01T11:19:21Z</time>
   </trkpt>
   <trkpt lat="45.7529300" lon="4.7653370">
    <ele>223.5</ele>
    <time>2026-07-01T11:19:22Z</time>
   </trkpt>
   <trkpt lat="45.7528980" lon="4.7653440">
    <ele>223.5</ele>
    <time>2026-07-01T11:19:23Z</time>
   </trkpt>
   <trkpt lat="45.7528680" lon="4.7653610">
    <ele>223.5</ele>
    <time>2026-07-01T11:19:24Z</time>
   </trkpt>
   <trkpt lat="45.7528410" lon="4.7653770">
    <ele>223.4</ele>
    <time>2026-07-01T11:19:25Z</time>
   </trkpt>
   <trkpt lat="45.7528110" lon="4.7653870">
    <ele>223.4</ele>
    <time>2026-07-01T11:19:26Z</time>
   </trkpt>
   <trkpt lat="45.7527880" lon="4.7654080">
    <ele>223.4</ele>
    <time>2026-07-01T11:19:27Z</time>
   </trkpt>
   <trkpt lat="45.7527640" lon="4.7654210">
    <ele>223.4</ele>
    <time>2026-07-01T11:19:28Z</time>
   </trkpt>
   <trkpt lat="45.7527350" lon="4.7654390">
    <ele>223.3</ele>
    <time>2026-07-01T11:19:29Z</time>
   </trkpt>
   <trkpt lat="45.7527020" lon="4.7654550">
    <ele>223.3</ele>
    <time>2026-07-01T11:19:30Z</time>
   </trkpt>
   <trkpt lat="45.7526770" lon="4.7654670">
    <ele>223.2</ele>
    <time>2026-07-01T11:19:31Z</time>
   </trkpt>
   <trkpt lat="45.7526530" lon="4.7654790">
    <ele>223.2</ele>
    <time>2026-07-01T11:19:32Z</time>
   </trkpt>
   <trkpt lat="45.7526280" lon="4.7654970">
    <ele>223.2</ele>
    <time>2026-07-01T11:19:33Z</time>
   </trkpt>
   <trkpt lat="45.7526050" lon="4.7655100">
    <ele>223.1</ele>
    <time>2026-07-01T11:19:34Z</time>
   </trkpt>
   <trkpt lat="45.7525670" lon="4.7655320">
    <ele>223.1</ele>
    <time>2026-07-01T11:19:35Z</time>
   </trkpt>
   <trkpt lat="45.7525340" lon="4.7655540">
    <ele>223.0</ele>
    <time>2026-07-01T11:19:36Z</time>
   </trkpt>
   <trkpt lat="45.7525010" lon="4.7655710">
    <ele>223.0</ele>
    <time>2026-07-01T11:19:37Z</time>
   </trkpt>
   <trkpt lat="45.7524730" lon="4.7655860">
    <ele>222.9</ele>
    <time>2026-07-01T11:19:38Z</time>
   </trkpt>
   <trkpt lat="45.7524510" lon="4.7655980">
    <ele>222.9</ele>
    <time>2026-07-01T11:19:39Z</time>
   </trkpt>
   <trkpt lat="45.7524230" lon="4.7656100">
    <ele>222.9</ele>
    <time>2026-07-01T11:19:40Z</time>
   </trkpt>
   <trkpt lat="45.7523950" lon="4.7656180">
    <ele>222.9</ele>
    <time>2026-07-01T11:19:41Z</time>
   </trkpt>
   <trkpt lat="45.7523740" lon="4.7656210">
    <ele>222.9</ele>
    <time>2026-07-01T11:19:42Z</time>
   </trkpt>
   <trkpt lat="45.7523440" lon="4.7656240">
    <ele>222.8</ele>
    <time>2026-07-01T11:19:43Z</time>
   </trkpt>
   <trkpt lat="45.7523140" lon="4.7656260">
    <ele>222.8</ele>
    <time>2026-07-01T11:19:44Z</time>
   </trkpt>
   <trkpt lat="45.7522840" lon="4.7656300">
    <ele>222.8</ele>
    <time>2026-07-01T11:19:45Z</time>
   </trkpt>
   <trkpt lat="45.7522560" lon="4.7656500">
    <ele>222.8</ele>
    <time>2026-07-01T11:19:46Z</time>
   </trkpt>
   <trkpt lat="45.7522340" lon="4.7656550">
    <ele>222.8</ele>
    <time>2026-07-01T11:19:47Z</time>
   </trkpt>
   <trkpt lat="45.7522110" lon="4.7656550">
    <ele>222.8</ele>
    <time>2026-07-01T11:19:48Z</time>
   </trkpt>
   <trkpt lat="45.7521770" lon="4.7656670">
    <ele>222.8</ele>
    <time>2026-07-01T11:19:49Z</time>
   </trkpt>
   <trkpt lat="45.7521490" lon="4.7656740">
    <ele>222.8</ele>
    <time>2026-07-01T11:19:50Z</time>
   </trkpt>
   <trkpt lat="45.7521240" lon="4.7656870">
    <ele>222.8</ele>
    <time>2026-07-01T11:19:51Z</time>
   </trkpt>
   <trkpt lat="45.7521000" lon="4.7656960">
    <ele>222.8</ele>
    <time>2026-07-01T11:19:52Z</time>
   </trkpt>
   <trkpt lat="45.7520750" lon="4.7656970">
    <ele>222.8</ele>
    <time>2026-07-01T11:19:53Z</time>
   </trkpt>
   <trkpt lat="45.7520520" lon="4.7657030">
    <ele>222.8</ele>
    <time>2026-07-01T11:19:54Z</time>
   </trkpt>
   <trkpt lat="45.7520220" lon="4.7657060">
    <ele>222.8</ele>
    <time>2026-07-01T11:19:55Z</time>
   </trkpt>
   <trkpt lat="45.7519940" lon="4.7657190">
    <ele>222.8</ele>
    <time>2026-07-01T11:19:56Z</time>
   </trkpt>
   <trkpt lat="45.7519660" lon="4.7657150">
    <ele>222.8</ele>
    <time>2026-07-01T11:19:57Z</time>
   </trkpt>
   <trkpt lat="45.7519400" lon="4.7657200">
    <ele>222.8</ele>
    <time>2026-07-01T11:19:58Z</time>
   </trkpt>
   <trkpt lat="45.7519120" lon="4.7657320">
    <ele>222.8</ele>
    <time>2026-07-01T11:19:59Z</time>
   </trkpt>
   <trkpt lat="45.7518850" lon="4.7657430">
    <ele>222.8</ele>
    <time>2026-07-01T11:20:00Z</time>
   </trkpt>
   <trkpt lat="45.7518590" lon="4.7657510">
    <ele>222.8</ele>
    <time>2026-07-01T11:20:01Z</time>
   </trkpt>
   <trkpt lat="45.7518330" lon="4.7657630">
    <ele>222.7</ele>
    <time>2026-07-01T11:20:02Z</time>
   </trkpt>
   <trkpt lat="45.7518040" lon="4.7657730">
    <ele>222.7</ele>
    <time>2026-07-01T11:20:03Z</time>
   </trkpt>
   <trkpt lat="45.7517690" lon="4.7657750">
    <ele>222.7</ele>
    <time>2026-07-01T11:20:04Z</time>
   </trkpt>
   <trkpt lat="45.7517420" lon="4.7657780">
    <ele>222.7</ele>
    <time>2026-07-01T11:20:05Z</time>
   </trkpt>
   <trkpt lat="45.7517190" lon="4.7657800">
    <ele>222.6</ele>
    <time>2026-07-01T11:20:06Z</time>
   </trkpt>
   <trkpt lat="45.7516980" lon="4.7657920">
    <ele>222.6</ele>
    <time>2026-07-01T11:20:07Z</time>
   </trkpt>
   <trkpt lat="45.7516710" lon="4.7657930">
    <ele>222.6</ele>
    <time>2026-07-01T11:20:08Z</time>
   </trkpt>
   <trkpt lat="45.7516390" lon="4.7658010">
    <ele>222.5</ele>
    <time>2026-07-01T11:20:09Z</time>
   </trkpt>
   <trkpt lat="45.7516060" lon="4.7658200">
    <ele>222.5</ele>
    <time>2026-07-01T11:20:10Z</time>
   </trkpt>
   <trkpt lat="45.7515720" lon="4.7658200">
    <ele>222.4</ele>
    <time>2026-07-01T11:20:11Z</time>
   </trkpt>
   <trkpt lat="45.7515390" lon="4.7658150">
    <ele>222.4</ele>
    <time>2026-07-01T11:20:12Z</time>
   </trkpt>
   <trkpt lat="45.7515080" lon="4.7658150">
    <ele>222.3</ele>
    <time>2026-07-01T11:20:13Z</time>
   </trkpt>
   <trkpt lat="45.7514770" lon="4.7658180">
    <ele>222.3</ele>
    <time>2026-07-01T11:20:14Z</time>
   </trkpt>
   <trkpt lat="45.7514440" lon="4.7658070">
    <ele>222.2</ele>
    <time>2026-07-01T11:20:15Z</time>
   </trkpt>
   <trkpt lat="45.7514160" lon="4.7657900">
    <ele>222.2</ele>
    <time>2026-07-01T11:20:16Z</time>
   </trkpt>
   <trkpt lat="45.7513900" lon="4.7657630">
    <ele>222.1</ele>
    <time>2026-07-01T11:20:17Z</time>
   </trkpt>
   <trkpt lat="45.7513610" lon="4.7657410">
    <ele>222.0</ele>
    <time>2026-07-01T11:20:18Z</time>
   </trkpt>
   <trkpt lat="45.7513300" lon="4.7657090">
    <ele>222.0</ele>
    <time>2026-07-01T11:20:19Z</time>
   </trkpt>
   <trkpt lat="45.7513000" lon="4.7656900">
    <ele>221.9</ele>
    <time>2026-07-01T11:20:20Z</time>
   </trkpt>
   <trkpt lat="45.7512720" lon="4.7656680">
    <ele>221.9</ele>
    <time>2026-07-01T11:20:21Z</time>
   </trkpt>
   <trkpt lat="45.7512460" lon="4.7656540">
    <ele>221.8</ele>
    <time>2026-07-01T11:20:22Z</time>
   </trkpt>
   <trkpt lat="45.7512250" lon="4.7656260">
    <ele>221.7</ele>
    <time>2026-07-01T11:20:23Z</time>
   </trkpt>
   <trkpt lat="45.7511970" lon="4.7656140">
    <ele>221.7</ele>
    <time>2026-07-01T11:20:24Z</time>
   </trkpt>
   <trkpt lat="45.7511710" lon="4.7656010">
    <ele>221.6</ele>
    <time>2026-07-01T11:20:25Z</time>
   </trkpt>
   <trkpt lat="45.7511430" lon="4.7655870">
    <ele>221.5</ele>
    <time>2026-07-01T11:20:26Z</time>
   </trkpt>
   <trkpt lat="45.7511130" lon="4.7655810">
    <ele>221.5</ele>
    <time>2026-07-01T11:20:27Z</time>
   </trkpt>
   <trkpt lat="45.7510810" lon="4.7655840">
    <ele>221.4</ele>
    <time>2026-07-01T11:20:28Z</time>
   </trkpt>
   <trkpt lat="45.7510540" lon="4.7655780">
    <ele>221.3</ele>
    <time>2026-07-01T11:20:29Z</time>
   </trkpt>
   <trkpt lat="45.7510250" lon="4.7655680">
    <ele>221.3</ele>
    <time>2026-07-01T11:20:30Z</time>
   </trkpt>
   <trkpt lat="45.7509940" lon="4.7655750">
    <ele>221.2</ele>
    <time>2026-07-01T11:20:31Z</time>
   </trkpt>
   <trkpt lat="45.7509650" lon="4.7655750">
    <ele>221.1</ele>
    <time>2026-07-01T11:20:32Z</time>
   </trkpt>
   <trkpt lat="45.7509350" lon="4.7655620">
    <ele>221.0</ele>
    <time>2026-07-01T11:20:33Z</time>
   </trkpt>
   <trkpt lat="45.7509070" lon="4.7655410">
    <ele>221.0</ele>
    <time>2026-07-01T11:20:34Z</time>
   </trkpt>
   <trkpt lat="45.7508760" lon="4.7655190">
    <ele>220.9</ele>
    <time>2026-07-01T11:20:35Z</time>
   </trkpt>
   <trkpt lat="45.7508480" lon="4.7654990">
    <ele>220.9</ele>
    <time>2026-07-01T11:20:36Z</time>
   </trkpt>
   <trkpt lat="45.7508260" lon="4.7654700">
    <ele>220.8</ele>
    <time>2026-07-01T11:20:37Z</time>
   </trkpt>
   <trkpt lat="45.7508020" lon="4.7654440">
    <ele>220.7</ele>
    <time>2026-07-01T11:20:38Z</time>
   </trkpt>
   <trkpt lat="45.7507820" lon="4.7654070">
    <ele>220.7</ele>
    <time>2026-07-01T11:20:39Z</time>
   </trkpt>
   <trkpt lat="45.7507620" lon="4.7653720">
    <ele>220.6</ele>
    <time>2026-07-01T11:20:40Z</time>
   </trkpt>
   <trkpt lat="45.7507380" lon="4.7653440">
    <ele>220.5</ele>
    <time>2026-07-01T11:20:41Z</time>
   </trkpt>
   <trkpt lat="45.7507070" lon="4.7653340">
    <ele>220.4</ele>
    <time>2026-07-01T11:20:42Z</time>
   </trkpt>
   <trkpt lat="45.7506710" lon="4.7653400">
    <ele>220.4</ele>
    <time>2026-07-01T11:20:43Z</time>
   </trkpt>
   <trkpt lat="45.7506390" lon="4.7653400">
    <ele>220.3</ele>
    <time>2026-07-01T11:20:44Z</time>
   </trkpt>
   <trkpt lat="45.7506130" lon="4.7653590">
    <ele>220.2</ele>
    <time>2026-07-01T11:20:45Z</time>
   </trkpt>
   <trkpt lat="45.7505910" lon="4.7653850">
    <ele>220.2</ele>
    <time>2026-07-01T11:20:46Z</time>
   </trkpt>
   <trkpt lat="45.7505720" lon="4.7654040">
    <ele>220.2</ele>
    <time>2026-07-01T11:20:47Z</time>
   </trkpt>
   <trkpt lat="45.7505490" lon="4.7654290">
    <ele>220.2</ele>
    <time>2026-07-01T11:20:48Z</time>
   </trkpt>
   <trkpt lat="45.7505190" lon="4.7654450">
    <ele>220.3</ele>
    <time>2026-07-01T11:20:49Z</time>
   </trkpt>
   <trkpt lat="45.7504890" lon="4.7654660">
    <ele>220.3</ele>
    <time>2026-07-01T11:20:50Z</time>
   </trkpt>
   <trkpt lat="45.7504650" lon="4.7654870">
    <ele>220.3</ele>
    <time>2026-07-01T11:20:51Z</time>
   </trkpt>
   <trkpt lat="45.7504410" lon="4.7655140">
    <ele>220.3</ele>
    <time>2026-07-01T11:20:52Z</time>
   </trkpt>
   <trkpt lat="45.7504290" lon="4.7655650">
    <ele>220.4</ele>
    <time>2026-07-01T11:20:53Z</time>
   </trkpt>
   <trkpt lat="45.7504260" lon="4.7656100">
    <ele>220.4</ele>
    <time>2026-07-01T11:20:54Z</time>
   </trkpt>
   <trkpt lat="45.7504240" lon="4.7656500">
    <ele>220.5</ele>
    <time>2026-07-01T11:20:55Z</time>
   </trkpt>
   <trkpt lat="45.7504310" lon="4.7656920">
    <ele>220.5</ele>
    <time>2026-07-01T11:20:56Z</time>
   </trkpt>
   <trkpt lat="45.7504290" lon="4.7657320">
    <ele>220.5</ele>
    <time>2026-07-01T11:20:57Z</time>
   </trkpt>
   <trkpt lat="45.7504240" lon="4.7657700">
    <ele>220.5</ele>
    <time>2026-07-01T11:20:58Z</time>
   </trkpt>
   <trkpt lat="45.7504060" lon="4.7657960">
    <ele>220.5</ele>
    <time>2026-07-01T11:20:59Z</time>
   </trkpt>
   <trkpt lat="45.7503790" lon="4.7658290">
    <ele>220.5</ele>
    <time>2026-07-01T11:21:00Z</time>
   </trkpt>
   <trkpt lat="45.7503610" lon="4.7658730">
    <ele>220.5</ele>
    <time>2026-07-01T11:21:01Z</time>
   </trkpt>
   <trkpt lat="45.7503410" lon="4.7658700">
    <ele>220.4</ele>
    <time>2026-07-01T11:21:02Z</time>
   </trkpt>
   <trkpt lat="45.7503100" lon="4.7658760">
    <ele>220.4</ele>
    <time>2026-07-01T11:21:03Z</time>
   </trkpt>
   <trkpt lat="45.7502790" lon="4.7658920">
    <ele>220.4</ele>
    <time>2026-07-01T11:21:04Z</time>
   </trkpt>
   <trkpt lat="45.7502510" lon="4.7659080">
    <ele>220.3</ele>
    <time>2026-07-01T11:21:05Z</time>
   </trkpt>
   <trkpt lat="45.7502170" lon="4.7659180">
    <ele>220.3</ele>
    <time>2026-07-01T11:21:06Z</time>
   </trkpt>
   <trkpt lat="45.7501860" lon="4.7659200">
    <ele>220.2</ele>
    <time>2026-07-01T11:21:07Z</time>
   </trkpt>
   <trkpt lat="45.7501560" lon="4.7659200">
    <ele>220.0</ele>
    <time>2026-07-01T11:21:08Z</time>
   </trkpt>
   <trkpt lat="45.7501330" lon="4.7659310">
    <ele>219.9</ele>
    <time>2026-07-01T11:21:09Z</time>
   </trkpt>
   <trkpt lat="45.7501120" lon="4.7659280">
    <ele>219.7</ele>
    <time>2026-07-01T11:21:10Z</time>
   </trkpt>
   <trkpt lat="45.7500760" lon="4.7659370">
    <ele>219.5</ele>
    <time>2026-07-01T11:21:11Z</time>
   </trkpt>
   <trkpt lat="45.7500470" lon="4.7659460">
    <ele>219.4</ele>
    <time>2026-07-01T11:21:12Z</time>
   </trkpt>
   <trkpt lat="45.7500190" lon="4.7659530">
    <ele>219.2</ele>
    <time>2026-07-01T11:21:13Z</time>
   </trkpt>
   <trkpt lat="45.7499890" lon="4.7659640">
    <ele>219.0</ele>
    <time>2026-07-01T11:21:14Z</time>
   </trkpt>
   <trkpt lat="45.7499570" lon="4.7659740">
    <ele>218.8</ele>
    <time>2026-07-01T11:21:15Z</time>
   </trkpt>
   <trkpt lat="45.7499250" lon="4.7659820">
    <ele>218.6</ele>
    <time>2026-07-01T11:21:16Z</time>
   </trkpt>
   <trkpt lat="45.7498920" lon="4.7659840">
    <ele>218.4</ele>
    <time>2026-07-01T11:21:17Z</time>
   </trkpt>
   <trkpt lat="45.7498680" lon="4.7659870">
    <ele>218.2</ele>
    <time>2026-07-01T11:21:18Z</time>
   </trkpt>
   <trkpt lat="45.7498390" lon="4.7659920">
    <ele>218.1</ele>
    <time>2026-07-01T11:21:19Z</time>
   </trkpt>
   <trkpt lat="45.7497990" lon="4.7659930">
    <ele>217.8</ele>
    <time>2026-07-01T11:21:20Z</time>
   </trkpt>
   <trkpt lat="45.7497590" lon="4.7659880">
    <ele>217.6</ele>
    <time>2026-07-01T11:21:21Z</time>
   </trkpt>
   <trkpt lat="45.7497270" lon="4.7659870">
    <ele>217.4</ele>
    <time>2026-07-01T11:21:22Z</time>
   </trkpt>
   <trkpt lat="45.7496940" lon="4.7660060">
    <ele>217.2</ele>
    <time>2026-07-01T11:21:23Z</time>
   </trkpt>
   <trkpt lat="45.7496620" lon="4.7660210">
    <ele>217.0</ele>
    <time>2026-07-01T11:21:24Z</time>
   </trkpt>
   <trkpt lat="45.7496340" lon="4.7660410">
    <ele>216.8</ele>
    <time>2026-07-01T11:21:25Z</time>
   </trkpt>
   <trkpt lat="45.7496080" lon="4.7660610">
    <ele>216.7</ele>
    <time>2026-07-01T11:21:26Z</time>
   </trkpt>
   <trkpt lat="45.7495790" lon="4.7660870">
    <ele>216.5</ele>
    <time>2026-07-01T11:21:27Z</time>
   </trkpt>
   <trkpt lat="45.7495560" lon="4.7661130">
    <ele>216.4</ele>
    <time>2026-07-01T11:21:28Z</time>
   </trkpt>
   <trkpt lat="45.7495370" lon="4.7661570">
    <ele>216.3</ele>
    <time>2026-07-01T11:21:29Z</time>
   </trkpt>
   <trkpt lat="45.7495230" lon="4.7661970">
    <ele>216.3</ele>
    <time>2026-07-01T11:21:30Z</time>
   </trkpt>
   <trkpt lat="45.7495040" lon="4.7662360">
    <ele>216.2</ele>
    <time>2026-07-01T11:21:31Z</time>
   </trkpt>
   <trkpt lat="45.7494820" lon="4.7662720">
    <ele>216.0</ele>
    <time>2026-07-01T11:21:32Z</time>
   </trkpt>
   <trkpt lat="45.7494590" lon="4.7663240">
    <ele>215.8</ele>
    <time>2026-07-01T11:21:33Z</time>
   </trkpt>
   <trkpt lat="45.7494340" lon="4.7663590">
    <ele>215.5</ele>
    <time>2026-07-01T11:21:34Z</time>
   </trkpt>
   <trkpt lat="45.7494100" lon="4.7664000">
    <ele>215.3</ele>
    <time>2026-07-01T11:21:35Z</time>
   </trkpt>
   <trkpt lat="45.7493910" lon="4.7664310">
    <ele>215.1</ele>
    <time>2026-07-01T11:21:36Z</time>
   </trkpt>
   <trkpt lat="45.7493640" lon="4.7664610">
    <ele>214.8</ele>
    <time>2026-07-01T11:21:37Z</time>
   </trkpt>
   <trkpt lat="45.7493380" lon="4.7664840">
    <ele>214.6</ele>
    <time>2026-07-01T11:21:38Z</time>
   </trkpt>
   <trkpt lat="45.7493120" lon="4.7665140">
    <ele>214.3</ele>
    <time>2026-07-01T11:21:39Z</time>
   </trkpt>
   <trkpt lat="45.7492860" lon="4.7665340">
    <ele>214.1</ele>
    <time>2026-07-01T11:21:40Z</time>
   </trkpt>
   <trkpt lat="45.7492590" lon="4.7665610">
    <ele>213.9</ele>
    <time>2026-07-01T11:21:41Z</time>
   </trkpt>
   <trkpt lat="45.7492330" lon="4.7665830">
    <ele>213.6</ele>
    <time>2026-07-01T11:21:42Z</time>
   </trkpt>
   <trkpt lat="45.7492040" lon="4.7666110">
    <ele>213.2</ele>
    <time>2026-07-01T11:21:43Z</time>
   </trkpt>
   <trkpt lat="45.7491750" lon="4.7666350">
    <ele>212.9</ele>
    <time>2026-07-01T11:21:44Z</time>
   </trkpt>
   <trkpt lat="45.7491450" lon="4.7666480">
    <ele>212.6</ele>
    <time>2026-07-01T11:21:45Z</time>
   </trkpt>
   <trkpt lat="45.7491110" lon="4.7666630">
    <ele>212.3</ele>
    <time>2026-07-01T11:21:46Z</time>
   </trkpt>
   <trkpt lat="45.7490900" lon="4.7666930">
    <ele>212.0</ele>
    <time>2026-07-01T11:21:47Z</time>
   </trkpt>
   <trkpt lat="45.7490630" lon="4.7667230">
    <ele>211.7</ele>
    <time>2026-07-01T11:21:48Z</time>
   </trkpt>
   <trkpt lat="45.7490270" lon="4.7667480">
    <ele>211.3</ele>
    <time>2026-07-01T11:21:49Z</time>
   </trkpt>
   <trkpt lat="45.7490030" lon="4.7667670">
    <ele>211.1</ele>
    <time>2026-07-01T11:21:50Z</time>
   </trkpt>
   <trkpt lat="45.7489790" lon="4.7667880">
    <ele>210.8</ele>
    <time>2026-07-01T11:21:51Z</time>
   </trkpt>
   <trkpt lat="45.7489510" lon="4.7668240">
    <ele>210.5</ele>
    <time>2026-07-01T11:21:52Z</time>
   </trkpt>
   <trkpt lat="45.7489230" lon="4.7668380">
    <ele>210.2</ele>
    <time>2026-07-01T11:21:53Z</time>
   </trkpt>
   <trkpt lat="45.7488990" lon="4.7668570">
    <ele>210.0</ele>
    <time>2026-07-01T11:21:54Z</time>
   </trkpt>
   <trkpt lat="45.7488630" lon="4.7668880">
    <ele>209.6</ele>
    <time>2026-07-01T11:21:55Z</time>
   </trkpt>
   <trkpt lat="45.7488320" lon="4.7669080">
    <ele>209.3</ele>
    <time>2026-07-01T11:21:56Z</time>
   </trkpt>
   <trkpt lat="45.7488030" lon="4.7669330">
    <ele>209.0</ele>
    <time>2026-07-01T11:21:57Z</time>
   </trkpt>
   <trkpt lat="45.7487700" lon="4.7669550">
    <ele>208.7</ele>
    <time>2026-07-01T11:21:58Z</time>
   </trkpt>
   <trkpt lat="45.7487430" lon="4.7669820">
    <ele>208.5</ele>
    <time>2026-07-01T11:21:59Z</time>
   </trkpt>
   <trkpt lat="45.7487180" lon="4.7669990">
    <ele>208.3</ele>
    <time>2026-07-01T11:22:00Z</time>
   </trkpt>
   <trkpt lat="45.7486870" lon="4.7670180">
    <ele>208.1</ele>
    <time>2026-07-01T11:22:01Z</time>
   </trkpt>
   <trkpt lat="45.7486590" lon="4.7670360">
    <ele>207.9</ele>
    <time>2026-07-01T11:22:02Z</time>
   </trkpt>
   <trkpt lat="45.7486300" lon="4.7670690">
    <ele>207.7</ele>
    <time>2026-07-01T11:22:03Z</time>
   </trkpt>
   <trkpt lat="45.7485960" lon="4.7670780">
    <ele>207.4</ele>
    <time>2026-07-01T11:22:04Z</time>
   </trkpt>
   <trkpt lat="45.7485760" lon="4.7670890">
    <ele>207.3</ele>
    <time>2026-07-01T11:22:05Z</time>
   </trkpt>
   <trkpt lat="45.7485490" lon="4.7671190">
    <ele>207.1</ele>
    <time>2026-07-01T11:22:06Z</time>
   </trkpt>
   <trkpt lat="45.7485170" lon="4.7671440">
    <ele>206.8</ele>
    <time>2026-07-01T11:22:07Z</time>
   </trkpt>
   <trkpt lat="45.7484890" lon="4.7671650">
    <ele>206.6</ele>
    <time>2026-07-01T11:22:08Z</time>
   </trkpt>
   <trkpt lat="45.7484610" lon="4.7671820">
    <ele>206.4</ele>
    <time>2026-07-01T11:22:09Z</time>
   </trkpt>
   <trkpt lat="45.7484310" lon="4.7672020">
    <ele>206.2</ele>
    <time>2026-07-01T11:22:10Z</time>
   </trkpt>
   <trkpt lat="45.7484040" lon="4.7672090">
    <ele>206.1</ele>
    <time>2026-07-01T11:22:11Z</time>
   </trkpt>
   <trkpt lat="45.7483780" lon="4.7672210">
    <ele>205.9</ele>
    <time>2026-07-01T11:22:12Z</time>
   </trkpt>
   <trkpt lat="45.7483480" lon="4.7672300">
    <ele>205.7</ele>
    <time>2026-07-01T11:22:13Z</time>
   </trkpt>
   <trkpt lat="45.7483210" lon="4.7672390">
    <ele>205.6</ele>
    <time>2026-07-01T11:22:14Z</time>
   </trkpt>
   <trkpt lat="45.7483000" lon="4.7672630">
    <ele>205.4</ele>
    <time>2026-07-01T11:22:15Z</time>
   </trkpt>
   <trkpt lat="45.7482700" lon="4.7673040">
    <ele>205.1</ele>
    <time>2026-07-01T11:22:16Z</time>
   </trkpt>
   <trkpt lat="45.7482430" lon="4.7673380">
    <ele>204.9</ele>
    <time>2026-07-01T11:22:17Z</time>
   </trkpt>
   <trkpt lat="45.7482170" lon="4.7673690">
    <ele>204.7</ele>
    <time>2026-07-01T11:22:18Z</time>
   </trkpt>
   <trkpt lat="45.7481900" lon="4.7673910">
    <ele>204.5</ele>
    <time>2026-07-01T11:22:19Z</time>
   </trkpt>
   <trkpt lat="45.7481610" lon="4.7673970">
    <ele>204.4</ele>
    <time>2026-07-01T11:22:20Z</time>
   </trkpt>
   <trkpt lat="45.7481350" lon="4.7674190">
    <ele>204.2</ele>
    <time>2026-07-01T11:22:21Z</time>
   </trkpt>
   <trkpt lat="45.7481130" lon="4.7674360">
    <ele>204.0</ele>
    <time>2026-07-01T11:22:22Z</time>
   </trkpt>
   <trkpt lat="45.7480950" lon="4.7674630">
    <ele>203.9</ele>
    <time>2026-07-01T11:22:23Z</time>
   </trkpt>
   <trkpt lat="45.7480700" lon="4.7674900">
    <ele>203.7</ele>
    <time>2026-07-01T11:22:24Z</time>
   </trkpt>
   <trkpt lat="45.7480440" lon="4.7675020">
    <ele>203.5</ele>
    <time>2026-07-01T11:22:25Z</time>
   </trkpt>
   <trkpt lat="45.7480110" lon="4.7675210">
    <ele>203.3</ele>
    <time>2026-07-01T11:22:26Z</time>
   </trkpt>
   <trkpt lat="45.7479810" lon="4.7675400">
    <ele>203.1</ele>
    <time>2026-07-01T11:22:27Z</time>
   </trkpt>
   <trkpt lat="45.7479540" lon="4.7675620">
    <ele>202.8</ele>
    <time>2026-07-01T11:22:28Z</time>
   </trkpt>
   <trkpt lat="45.7479250" lon="4.7675870">
    <ele>202.6</ele>
    <time>2026-07-01T11:22:29Z</time>
   </trkpt>
   <trkpt lat="45.7478890" lon="4.7676110">
    <ele>202.3</ele>
    <time>2026-07-01T11:22:30Z</time>
   </trkpt>
   <trkpt lat="45.7478590" lon="4.7676400">
    <ele>202.1</ele>
    <time>2026-07-01T11:22:31Z</time>
   </trkpt>
   <trkpt lat="45.7478320" lon="4.7676610">
    <ele>201.9</ele>
    <time>2026-07-01T11:22:32Z</time>
   </trkpt>
   <trkpt lat="45.7478060" lon="4.7676840">
    <ele>201.7</ele>
    <time>2026-07-01T11:22:33Z</time>
   </trkpt>
   <trkpt lat="45.7477830" lon="4.7677060">
    <ele>201.5</ele>
    <time>2026-07-01T11:22:34Z</time>
   </trkpt>
   <trkpt lat="45.7477590" lon="4.7677300">
    <ele>201.3</ele>
    <time>2026-07-01T11:22:35Z</time>
   </trkpt>
   <trkpt lat="45.7477290" lon="4.7677460">
    <ele>201.1</ele>
    <time>2026-07-01T11:22:36Z</time>
   </trkpt>
   <trkpt lat="45.7477020" lon="4.7677580">
    <ele>201.0</ele>
    <time>2026-07-01T11:22:37Z</time>
   </trkpt>
   <trkpt lat="45.7476700" lon="4.7677780">
    <ele>200.8</ele>
    <time>2026-07-01T11:22:38Z</time>
   </trkpt>
   <trkpt lat="45.7476390" lon="4.7678040">
    <ele>200.6</ele>
    <time>2026-07-01T11:22:39Z</time>
   </trkpt>
   <trkpt lat="45.7476110" lon="4.7678250">
    <ele>200.4</ele>
    <time>2026-07-01T11:22:40Z</time>
   </trkpt>
   <trkpt lat="45.7475800" lon="4.7678540">
    <ele>200.2</ele>
    <time>2026-07-01T11:22:41Z</time>
   </trkpt>
   <trkpt lat="45.7475490" lon="4.7678690">
    <ele>200.1</ele>
    <time>2026-07-01T11:22:42Z</time>
   </trkpt>
   <trkpt lat="45.7475170" lon="4.7678860">
    <ele>199.9</ele>
    <time>2026-07-01T11:22:43Z</time>
   </trkpt>
   <trkpt lat="45.7474900" lon="4.7679020">
    <ele>199.8</ele>
    <time>2026-07-01T11:22:44Z</time>
   </trkpt>
   <trkpt lat="45.7474560" lon="4.7679140">
    <ele>199.7</ele>
    <time>2026-07-01T11:22:45Z</time>
   </trkpt>
   <trkpt lat="45.7474300" lon="4.7679280">
    <ele>199.6</ele>
    <time>2026-07-01T11:22:46Z</time>
   </trkpt>
   <trkpt lat="45.7473960" lon="4.7679220">
    <ele>199.5</ele>
    <time>2026-07-01T11:22:47Z</time>
   </trkpt>
   <trkpt lat="45.7473640" lon="4.7679080">
    <ele>199.5</ele>
    <time>2026-07-01T11:22:48Z</time>
   </trkpt>
   <trkpt lat="45.7473300" lon="4.7678880">
    <ele>199.4</ele>
    <time>2026-07-01T11:22:49Z</time>
   </trkpt>
   <trkpt lat="45.7473050" lon="4.7678510">
    <ele>199.3</ele>
    <time>2026-07-01T11:22:50Z</time>
   </trkpt>
   <trkpt lat="45.7472750" lon="4.7678290">
    <ele>199.2</ele>
    <time>2026-07-01T11:22:51Z</time>
   </trkpt>
   <trkpt lat="45.7472450" lon="4.7678120">
    <ele>199.1</ele>
    <time>2026-07-01T11:22:52Z</time>
   </trkpt>
   <trkpt lat="45.7472150" lon="4.7677940">
    <ele>199.1</ele>
    <time>2026-07-01T11:22:53Z</time>
   </trkpt>
   <trkpt lat="45.7471860" lon="4.7677720">
    <ele>199.0</ele>
    <time>2026-07-01T11:22:54Z</time>
   </trkpt>
   <trkpt lat="45.7471570" lon="4.7677500">
    <ele>199.0</ele>
    <time>2026-07-01T11:22:55Z</time>
   </trkpt>
   <trkpt lat="45.7471320" lon="4.7677230">
    <ele>198.9</ele>
    <time>2026-07-01T11:22:56Z</time>
   </trkpt>
   <trkpt lat="45.7471030" lon="4.7677010">
    <ele>198.9</ele>
    <time>2026-07-01T11:22:57Z</time>
   </trkpt>
   <trkpt lat="45.7470730" lon="4.7676810">
    <ele>198.8</ele>
    <time>2026-07-01T11:22:58Z</time>
   </trkpt>
   <trkpt lat="45.7470450" lon="4.7676720">
    <ele>198.8</ele>
    <time>2026-07-01T11:22:59Z</time>
   </trkpt>
   <trkpt lat="45.7470220" lon="4.7676590">
    <ele>198.8</ele>
    <time>2026-07-01T11:23:00Z</time>
   </trkpt>
   <trkpt lat="45.7469940" lon="4.7676490">
    <ele>198.7</ele>
    <time>2026-07-01T11:23:01Z</time>
   </trkpt>
   <trkpt lat="45.7469630" lon="4.7676450">
    <ele>198.7</ele>
    <time>2026-07-01T11:23:02Z</time>
   </trkpt>
   <trkpt lat="45.7469420" lon="4.7676390">
    <ele>198.7</ele>
    <time>2026-07-01T11:23:03Z</time>
   </trkpt>
   <trkpt lat="45.7469140" lon="4.7676230">
    <ele>198.7</ele>
    <time>2026-07-01T11:23:04Z</time>
   </trkpt>
   <trkpt lat="45.7468840" lon="4.7676110">
    <ele>198.7</ele>
    <time>2026-07-01T11:23:05Z</time>
   </trkpt>
   <trkpt lat="45.7468550" lon="4.7675930">
    <ele>198.6</ele>
    <time>2026-07-01T11:23:06Z</time>
   </trkpt>
   <trkpt lat="45.7468270" lon="4.7675770">
    <ele>198.6</ele>
    <time>2026-07-01T11:23:07Z</time>
   </trkpt>
   <trkpt lat="45.7467960" lon="4.7675690">
    <ele>198.6</ele>
    <time>2026-07-01T11:23:08Z</time>
   </trkpt>
   <trkpt lat="45.7467710" lon="4.7675630">
    <ele>198.6</ele>
    <time>2026-07-01T11:23:09Z</time>
   </trkpt>
   <trkpt lat="45.7467440" lon="4.7675560">
    <ele>198.6</ele>
    <time>2026-07-01T11:23:10Z</time>
   </trkpt>
   <trkpt lat="45.7467160" lon="4.7675470">
    <ele>198.6</ele>
    <time>2026-07-01T11:23:11Z</time>
   </trkpt>
   <trkpt lat="45.7466870" lon="4.7675430">
    <ele>198.6</ele>
    <time>2026-07-01T11:23:12Z</time>
   </trkpt>
   <trkpt lat="45.7466540" lon="4.7675390">
    <ele>198.6</ele>
    <time>2026-07-01T11:23:13Z</time>
   </trkpt>
   <trkpt lat="45.7466210" lon="4.7675420">
    <ele>198.6</ele>
    <time>2026-07-01T11:23:14Z</time>
   </trkpt>
   <trkpt lat="45.7465950" lon="4.7675430">
    <ele>198.6</ele>
    <time>2026-07-01T11:23:15Z</time>
   </trkpt>
   <trkpt lat="45.7465700" lon="4.7675420">
    <ele>198.6</ele>
    <time>2026-07-01T11:23:16Z</time>
   </trkpt>
   <trkpt lat="45.7465480" lon="4.7675390">
    <ele>198.6</ele>
    <time>2026-07-01T11:23:17Z</time>
   </trkpt>
   <trkpt lat="45.7465240" lon="4.7675460">
    <ele>198.6</ele>
    <time>2026-07-01T11:23:18Z</time>
   </trkpt>
   <trkpt lat="45.7465010" lon="4.7675490">
    <ele>198.6</ele>
    <time>2026-07-01T11:23:19Z</time>
   </trkpt>
   <trkpt lat="45.7464710" lon="4.7675620">
    <ele>198.6</ele>
    <time>2026-07-01T11:23:20Z</time>
   </trkpt>
   <trkpt lat="45.7464410" lon="4.7675690">
    <ele>198.6</ele>
    <time>2026-07-01T11:23:21Z</time>
   </trkpt>
   <trkpt lat="45.7464140" lon="4.7675740">
    <ele>198.6</ele>
    <time>2026-07-01T11:23:22Z</time>
   </trkpt>
   <trkpt lat="45.7463880" lon="4.7675790">
    <ele>198.7</ele>
    <time>2026-07-01T11:23:23Z</time>
   </trkpt>
   <trkpt lat="45.7463640" lon="4.7675820">
    <ele>198.7</ele>
    <time>2026-07-01T11:23:24Z</time>
   </trkpt>
   <trkpt lat="45.7463380" lon="4.7676150">
    <ele>198.7</ele>
    <time>2026-07-01T11:23:25Z</time>
   </trkpt>
   <trkpt lat="45.7463190" lon="4.7676480">
    <ele>198.7</ele>
    <time>2026-07-01T11:23:26Z</time>
   </trkpt>
   <trkpt lat="45.7462860" lon="4.7676720">
    <ele>198.7</ele>
    <time>2026-07-01T11:23:27Z</time>
   </trkpt>
   <trkpt lat="45.7462560" lon="4.7676810">
    <ele>198.7</ele>
    <time>2026-07-01T11:23:28Z</time>
   </trkpt>
   <trkpt lat="45.7462260" lon="4.7676980">
    <ele>198.7</ele>
    <time>2026-07-01T11:23:29Z</time>
   </trkpt>
   <trkpt lat="45.7461980" lon="4.7677160">
    <ele>198.7</ele>
    <time>2026-07-01T11:23:30Z</time>
   </trkpt>
   <trkpt lat="45.7461740" lon="4.7677350">
    <ele>198.7</ele>
    <time>2026-07-01T11:23:31Z</time>
   </trkpt>
   <trkpt lat="45.7461500" lon="4.7677470">
    <ele>198.7</ele>
    <time>2026-07-01T11:23:32Z</time>
   </trkpt>
   <trkpt lat="45.7461210" lon="4.7677600">
    <ele>198.7</ele>
    <time>2026-07-01T11:23:33Z</time>
   </trkpt>
   <trkpt lat="45.7460940" lon="4.7677720">
    <ele>198.7</ele>
    <time>2026-07-01T11:23:34Z</time>
   </trkpt>
   <trkpt lat="45.7460690" lon="4.7677850">
    <ele>198.7</ele>
    <time>2026-07-01T11:23:35Z</time>
   </trkpt>
   <trkpt lat="45.7460380" lon="4.7677870">
    <ele>198.7</ele>
    <time>2026-07-01T11:23:36Z</time>
   </trkpt>
   <trkpt lat="45.7460120" lon="4.7677910">
    <ele>198.7</ele>
    <time>2026-07-01T11:23:37Z</time>
   </trkpt>
   <trkpt lat="45.7459840" lon="4.7677940">
    <ele>198.7</ele>
    <time>2026-07-01T11:23:38Z</time>
   </trkpt>
   <trkpt lat="45.7459570" lon="4.7677930">
    <ele>198.7</ele>
    <time>2026-07-01T11:23:39Z</time>
   </trkpt>
   <trkpt lat="45.7459240" lon="4.7678030">
    <ele>198.7</ele>
    <time>2026-07-01T11:23:40Z</time>
   </trkpt>
   <trkpt lat="45.7458960" lon="4.7678210">
    <ele>198.7</ele>
    <time>2026-07-01T11:23:41Z</time>
   </trkpt>
   <trkpt lat="45.7458680" lon="4.7678340">
    <ele>198.6</ele>
    <time>2026-07-01T11:23:42Z</time>
   </trkpt>
   <trkpt lat="45.7458420" lon="4.7678370">
    <ele>198.6</ele>
    <time>2026-07-01T11:23:43Z</time>
   </trkpt>
   <trkpt lat="45.7458150" lon="4.7678370">
    <ele>198.6</ele>
    <time>2026-07-01T11:23:44Z</time>
   </trkpt>
   <trkpt lat="45.7457910" lon="4.7678350">
    <ele>198.6</ele>
    <time>2026-07-01T11:23:45Z</time>
   </trkpt>
   <trkpt lat="45.7457680" lon="4.7678390">
    <ele>198.5</ele>
    <time>2026-07-01T11:23:46Z</time>
   </trkpt>
   <trkpt lat="45.7457400" lon="4.7678510">
    <ele>198.5</ele>
    <time>2026-07-01T11:23:47Z</time>
   </trkpt>
   <trkpt lat="45.7457120" lon="4.7678580">
    <ele>198.5</ele>
    <time>2026-07-01T11:23:48Z</time>
   </trkpt>
   <trkpt lat="45.7456870" lon="4.7678830">
    <ele>198.4</ele>
    <time>2026-07-01T11:23:49Z</time>
   </trkpt>
   <trkpt lat="45.7456640" lon="4.7679030">
    <ele>198.4</ele>
    <time>2026-07-01T11:23:50Z</time>
   </trkpt>
   <trkpt lat="45.7456490" lon="4.7679260">
    <ele>198.3</ele>
    <time>2026-07-01T11:23:51Z</time>
   </trkpt>
   <trkpt lat="45.7456310" lon="4.7679480">
    <ele>198.3</ele>
    <time>2026-07-01T11:23:52Z</time>
   </trkpt>
   <trkpt lat="45.7456070" lon="4.7679680">
    <ele>198.2</ele>
    <time>2026-07-01T11:23:53Z</time>
   </trkpt>
   <trkpt lat="45.7455840" lon="4.7679780">
    <ele>198.2</ele>
    <time>2026-07-01T11:23:54Z</time>
   </trkpt>
   <trkpt lat="45.7455540" lon="4.7679940">
    <ele>198.1</ele>
    <time>2026-07-01T11:23:55Z</time>
   </trkpt>
   <trkpt lat="45.7455250" lon="4.7679970">
    <ele>198.0</ele>
    <time>2026-07-01T11:23:56Z</time>
   </trkpt>
   <trkpt lat="45.7454950" lon="4.7680110">
    <ele>198.0</ele>
    <time>2026-07-01T11:23:57Z</time>
   </trkpt>
   <trkpt lat="45.7454640" lon="4.7680110">
    <ele>197.9</ele>
    <time>2026-07-01T11:23:58Z</time>
   </trkpt>
   <trkpt lat="45.7454330" lon="4.7680170">
    <ele>197.8</ele>
    <time>2026-07-01T11:23:59Z</time>
   </trkpt>
   <trkpt lat="45.7454030" lon="4.7680230">
    <ele>197.7</ele>
    <time>2026-07-01T11:24:00Z</time>
   </trkpt>
   <trkpt lat="45.7453740" lon="4.7680350">
    <ele>197.7</ele>
    <time>2026-07-01T11:24:01Z</time>
   </trkpt>
   <trkpt lat="45.7453470" lon="4.7680690">
    <ele>197.5</ele>
    <time>2026-07-01T11:24:02Z</time>
   </trkpt>
   <trkpt lat="45.7453240" lon="4.7680750">
    <ele>197.5</ele>
    <time>2026-07-01T11:24:03Z</time>
   </trkpt>
   <trkpt lat="45.7452910" lon="4.7680580">
    <ele>197.4</ele>
    <time>2026-07-01T11:24:04Z</time>
   </trkpt>
   <trkpt lat="45.7452660" lon="4.7680480">
    <ele>197.3</ele>
    <time>2026-07-01T11:24:05Z</time>
   </trkpt>
   <trkpt lat="45.7452400" lon="4.7680560">
    <ele>197.2</ele>
    <time>2026-07-01T11:24:06Z</time>
   </trkpt>
   <trkpt lat="45.7452120" lon="4.7680400">
    <ele>197.1</ele>
    <time>2026-07-01T11:24:07Z</time>
   </trkpt>
   <trkpt lat="45.7451850" lon="4.7680300">
    <ele>196.9</ele>
    <time>2026-07-01T11:24:08Z</time>
   </trkpt>
   <trkpt lat="45.7451570" lon="4.7680260">
    <ele>196.8</ele>
    <time>2026-07-01T11:24:09Z</time>
   </trkpt>
   <trkpt lat="45.7451260" lon="4.7680180">
    <ele>196.7</ele>
    <time>2026-07-01T11:24:10Z</time>
   </trkpt>
   <trkpt lat="45.7451040" lon="4.7680130">
    <ele>196.6</ele>
    <time>2026-07-01T11:24:11Z</time>
   </trkpt>
   <trkpt lat="45.7450810" lon="4.7680120">
    <ele>196.5</ele>
    <time>2026-07-01T11:24:12Z</time>
   </trkpt>
   <trkpt lat="45.7450510" lon="4.7680090">
    <ele>196.4</ele>
    <time>2026-07-01T11:24:13Z</time>
   </trkpt>
   <trkpt lat="45.7450300" lon="4.7679900">
    <ele>196.3</ele>
    <time>2026-07-01T11:24:14Z</time>
   </trkpt>
   <trkpt lat="45.7450020" lon="4.7679880">
    <ele>196.2</ele>
    <time>2026-07-01T11:24:15Z</time>
   </trkpt>
   <trkpt lat="45.7449700" lon="4.7679830">
    <ele>196.1</ele>
    <time>2026-07-01T11:24:16Z</time>
   </trkpt>
   <trkpt lat="45.7449440" lon="4.7679870">
    <ele>196.0</ele>
    <time>2026-07-01T11:24:17Z</time>
   </trkpt>
   <trkpt lat="45.7449170" lon="4.7679720">
    <ele>195.9</ele>
    <time>2026-07-01T11:24:18Z</time>
   </trkpt>
   <trkpt lat="45.7448860" lon="4.7679560">
    <ele>195.8</ele>
    <time>2026-07-01T11:24:19Z</time>
   </trkpt>
   <trkpt lat="45.7448610" lon="4.7679550">
    <ele>195.7</ele>
    <time>2026-07-01T11:24:20Z</time>
   </trkpt>
   <trkpt lat="45.7448330" lon="4.7679410">
    <ele>195.7</ele>
    <time>2026-07-01T11:24:21Z</time>
   </trkpt>
   <trkpt lat="45.7448100" lon="4.7679370">
    <ele>195.6</ele>
    <time>2026-07-01T11:24:22Z</time>
   </trkpt>
   <trkpt lat="45.7447840" lon="4.7679260">
    <ele>195.6</ele>
    <time>2026-07-01T11:24:23Z</time>
   </trkpt>
   <trkpt lat="45.7447520" lon="4.7679180">
    <ele>195.5</ele>
    <time>2026-07-01T11:24:24Z</time>
   </trkpt>
   <trkpt lat="45.7447180" lon="4.7679120">
    <ele>195.4</ele>
    <time>2026-07-01T11:24:25Z</time>
   </trkpt>
   <trkpt lat="45.7446920" lon="4.7679030">
    <ele>195.4</ele>
    <time>2026-07-01T11:24:26Z</time>
   </trkpt>
   <trkpt lat="45.7446720" lon="4.7678840">
    <ele>195.4</ele>
    <time>2026-07-01T11:24:27Z</time>
   </trkpt>
   <trkpt lat="45.7446440" lon="4.7678740">
    <ele>195.3</ele>
    <time>2026-07-01T11:24:28Z</time>
   </trkpt>
   <trkpt lat="45.7446170" lon="4.7678640">
    <ele>195.3</ele>
    <time>2026-07-01T11:24:29Z</time>
   </trkpt>
   <trkpt lat="45.7445860" lon="4.7678520">
    <ele>195.3</ele>
    <time>2026-07-01T11:24:30Z</time>
   </trkpt>
   <trkpt lat="45.7445620" lon="4.7678490">
    <ele>195.3</ele>
    <time>2026-07-01T11:24:31Z</time>
   </trkpt>
   <trkpt lat="45.7445420" lon="4.7678390">
    <ele>195.2</ele>
    <time>2026-07-01T11:24:32Z</time>
   </trkpt>
   <trkpt lat="45.7445130" lon="4.7678310">
    <ele>195.2</ele>
    <time>2026-07-01T11:24:33Z</time>
   </trkpt>
   <trkpt lat="45.7444870" lon="4.7678350">
    <ele>195.2</ele>
    <time>2026-07-01T11:24:34Z</time>
   </trkpt>
   <trkpt lat="45.7444600" lon="4.7678440">
    <ele>195.2</ele>
    <time>2026-07-01T11:24:35Z</time>
   </trkpt>
   <trkpt lat="45.7444260" lon="4.7678490">
    <ele>195.2</ele>
    <time>2026-07-01T11:24:36Z</time>
   </trkpt>
   <trkpt lat="45.7444040" lon="4.7678360">
    <ele>195.2</ele>
    <time>2026-07-01T11:24:37Z</time>
   </trkpt>
   <trkpt lat="45.7443730" lon="4.7678200">
    <ele>195.2</ele>
    <time>2026-07-01T11:24:38Z</time>
   </trkpt>
   <trkpt lat="45.7443430" lon="4.7678230">
    <ele>195.2</ele>
    <time>2026-07-01T11:24:39Z</time>
   </trkpt>
   <trkpt lat="45.7443180" lon="4.7678290">
    <ele>195.2</ele>
    <time>2026-07-01T11:24:40Z</time>
   </trkpt>
   <trkpt lat="45.7442920" lon="4.7678350">
    <ele>195.3</ele>
    <time>2026-07-01T11:24:41Z</time>
   </trkpt>
   <trkpt lat="45.7442700" lon="4.7678320">
    <ele>195.3</ele>
    <time>2026-07-01T11:24:42Z</time>
   </trkpt>
   <trkpt lat="45.7442450" lon="4.7678500">
    <ele>195.3</ele>
    <time>2026-07-01T11:24:43Z</time>
   </trkpt>
   <trkpt lat="45.7442320" lon="4.7678540">
    <ele>195.3</ele>
    <time>2026-07-01T11:24:44Z</time>
   </trkpt>
   <trkpt lat="45.7442090" lon="4.7678590">
    <ele>195.3</ele>
    <time>2026-07-01T11:24:45Z</time>
   </trkpt>
   <trkpt lat="45.7441880" lon="4.7678600">
    <ele>195.3</ele>
    <time>2026-07-01T11:24:46Z</time>
   </trkpt>
   <trkpt lat="45.7441640" lon="4.7678650">
    <ele>195.3</ele>
    <time>2026-07-01T11:24:47Z</time>
   </trkpt>
   <trkpt lat="45.7441390" lon="4.7678740">
    <ele>195.3</ele>
    <time>2026-07-01T11:24:48Z</time>
   </trkpt>
   <trkpt lat="45.7441140" lon="4.7678830">
    <ele>195.3</ele>
    <time>2026-07-01T11:24:49Z</time>
   </trkpt>
   <trkpt lat="45.7440930" lon="4.7678930">
    <ele>195.2</ele>
    <time>2026-07-01T11:24:50Z</time>
   </trkpt>
   <trkpt lat="45.7440700" lon="4.7679050">
    <ele>195.2</ele>
    <time>2026-07-01T11:24:51Z</time>
   </trkpt>
   <trkpt lat="45.7440480" lon="4.7679260">
    <ele>195.2</ele>
    <time>2026-07-01T11:24:52Z</time>
   </trkpt>
   <trkpt lat="45.7440210" lon="4.7679340">
    <ele>195.2</ele>
    <time>2026-07-01T11:24:53Z</time>
   </trkpt>
   <trkpt lat="45.7439980" lon="4.7679420">
    <ele>195.2</ele>
    <time>2026-07-01T11:24:54Z</time>
   </trkpt>
   <trkpt lat="45.7439670" lon="4.7679470">
    <ele>195.1</ele>
    <time>2026-07-01T11:24:55Z</time>
   </trkpt>
   <trkpt lat="45.7439440" lon="4.7679610">
    <ele>195.1</ele>
    <time>2026-07-01T11:24:56Z</time>
   </trkpt>
   <trkpt lat="45.7439160" lon="4.7679720">
    <ele>195.1</ele>
    <time>2026-07-01T11:24:57Z</time>
   </trkpt>
   <trkpt lat="45.7438880" lon="4.7679720">
    <ele>195.1</ele>
    <time>2026-07-01T11:24:58Z</time>
   </trkpt>
   <trkpt lat="45.7438640" lon="4.7679850">
    <ele>195.0</ele>
    <time>2026-07-01T11:24:59Z</time>
   </trkpt>
   <trkpt lat="45.7438380" lon="4.7680110">
    <ele>195.0</ele>
    <time>2026-07-01T11:25:00Z</time>
   </trkpt>
   <trkpt lat="45.7438130" lon="4.7680330">
    <ele>195.0</ele>
    <time>2026-07-01T11:25:01Z</time>
   </trkpt>
   <trkpt lat="45.7437850" lon="4.7680310">
    <ele>195.0</ele>
    <time>2026-07-01T11:25:02Z</time>
   </trkpt>
   <trkpt lat="45.7437560" lon="4.7680320">
    <ele>195.0</ele>
    <time>2026-07-01T11:25:03Z</time>
   </trkpt>
   <trkpt lat="45.7437280" lon="4.7680370">
    <ele>195.0</ele>
    <time>2026-07-01T11:25:04Z</time>
   </trkpt>
   <trkpt lat="45.7437020" lon="4.7680420">
    <ele>195.0</ele>
    <time>2026-07-01T11:25:05Z</time>
   </trkpt>
   <trkpt lat="45.7436520" lon="4.7680630">
    <ele>194.9</ele>
    <time>2026-07-01T11:25:06Z</time>
   </trkpt>
   <trkpt lat="45.7436080" lon="4.7680770">
    <ele>194.9</ele>
    <time>2026-07-01T11:25:07Z</time>
   </trkpt>
   <trkpt lat="45.7435680" lon="4.7680930">
    <ele>194.9</ele>
    <time>2026-07-01T11:25:08Z</time>
   </trkpt>
   <trkpt lat="45.7435330" lon="4.7681050">
    <ele>194.9</ele>
    <time>2026-07-01T11:25:09Z</time>
   </trkpt>
   <trkpt lat="45.7434910" lon="4.7681250">
    <ele>194.9</ele>
    <time>2026-07-01T11:25:10Z</time>
   </trkpt>
   <trkpt lat="45.7434520" lon="4.7681350">
    <ele>194.9</ele>
    <time>2026-07-01T11:25:11Z</time>
   </trkpt>
   <trkpt lat="45.7434220" lon="4.7681430">
    <ele>194.9</ele>
    <time>2026-07-01T11:25:12Z</time>
   </trkpt>
   <trkpt lat="45.7433920" lon="4.7681530">
    <ele>194.9</ele>
    <time>2026-07-01T11:25:13Z</time>
   </trkpt>
   <trkpt lat="45.7433590" lon="4.7681730">
    <ele>194.9</ele>
    <time>2026-07-01T11:25:14Z</time>
   </trkpt>
   <trkpt lat="45.7433250" lon="4.7681740">
    <ele>194.9</ele>
    <time>2026-07-01T11:25:15Z</time>
   </trkpt>
   <trkpt lat="45.7432850" lon="4.7681740">
    <ele>194.9</ele>
    <time>2026-07-01T11:25:16Z</time>
   </trkpt>
   <trkpt lat="45.7432540" lon="4.7681780">
    <ele>194.9</ele>
    <time>2026-07-01T11:25:17Z</time>
   </trkpt>
   <trkpt lat="45.7432280" lon="4.7681800">
    <ele>194.8</ele>
    <time>2026-07-01T11:25:18Z</time>
   </trkpt>
   <trkpt lat="45.7431940" lon="4.7681880">
    <ele>194.8</ele>
    <time>2026-07-01T11:25:19Z</time>
   </trkpt>
   <trkpt lat="45.7431580" lon="4.7681950">
    <ele>194.8</ele>
    <time>2026-07-01T11:25:20Z</time>
   </trkpt>
   <trkpt lat="45.7431230" lon="4.7681950">
    <ele>194.8</ele>
    <time>2026-07-01T11:25:21Z</time>
   </trkpt>
   <trkpt lat="45.7431030" lon="4.7682020">
    <ele>194.7</ele>
    <time>2026-07-01T11:25:22Z</time>
   </trkpt>
   <trkpt lat="45.7430740" lon="4.7682000">
    <ele>194.7</ele>
    <time>2026-07-01T11:25:23Z</time>
   </trkpt>
   <trkpt lat="45.7430490" lon="4.7682000">
    <ele>194.7</ele>
    <time>2026-07-01T11:25:24Z</time>
   </trkpt>
   <trkpt lat="45.7430240" lon="4.7682040">
    <ele>194.7</ele>
    <time>2026-07-01T11:25:25Z</time>
   </trkpt>
   <trkpt lat="45.7429920" lon="4.7681870">
    <ele>194.7</ele>
    <time>2026-07-01T11:25:26Z</time>
   </trkpt>
   <trkpt lat="45.7429590" lon="4.7681840">
    <ele>194.6</ele>
    <time>2026-07-01T11:25:27Z</time>
   </trkpt>
   <trkpt lat="45.7429330" lon="4.7681810">
    <ele>194.6</ele>
    <time>2026-07-01T11:25:28Z</time>
   </trkpt>
   <trkpt lat="45.7429070" lon="4.7681750">
    <ele>194.6</ele>
    <time>2026-07-01T11:25:29Z</time>
   </trkpt>
   <trkpt lat="45.7428710" lon="4.7681680">
    <ele>194.5</ele>
    <time>2026-07-01T11:25:30Z</time>
   </trkpt>
   <trkpt lat="45.7428380" lon="4.7681610">
    <ele>194.5</ele>
    <time>2026-07-01T11:25:31Z</time>
   </trkpt>
   <trkpt lat="45.7428040" lon="4.7681480">
    <ele>194.5</ele>
    <time>2026-07-01T11:25:32Z</time>
   </trkpt>
   <trkpt lat="45.7427720" lon="4.7681460">
    <ele>194.4</ele>
    <time>2026-07-01T11:25:33Z</time>
   </trkpt>
   <trkpt lat="45.7427450" lon="4.7681340">
    <ele>194.4</ele>
    <time>2026-07-01T11:25:34Z</time>
   </trkpt>
   <trkpt lat="45.7427120" lon="4.7681260">
    <ele>194.4</ele>
    <time>2026-07-01T11:25:35Z</time>
   </trkpt>
   <trkpt lat="45.7426840" lon="4.7681140">
    <ele>194.4</ele>
    <time>2026-07-01T11:25:36Z</time>
   </trkpt>
   <trkpt lat="45.7426530" lon="4.7681180">
    <ele>194.4</ele>
    <time>2026-07-01T11:25:37Z</time>
   </trkpt>
   <trkpt lat="45.7426240" lon="4.7681140">
    <ele>194.3</ele>
    <time>2026-07-01T11:25:38Z</time>
   </trkpt>
   <trkpt lat="45.7425980" lon="4.7681180">
    <ele>194.3</ele>
    <time>2026-07-01T11:25:39Z</time>
   </trkpt>
   <trkpt lat="45.7425670" lon="4.7681180">
    <ele>194.3</ele>
    <time>2026-07-01T11:25:40Z</time>
   </trkpt>
   <trkpt lat="45.7425410" lon="4.7681160">
    <ele>194.3</ele>
    <time>2026-07-01T11:25:41Z</time>
   </trkpt>
   <trkpt lat="45.7425130" lon="4.7681150">
    <ele>194.3</ele>
    <time>2026-07-01T11:25:42Z</time>
   </trkpt>
   <trkpt lat="45.7424840" lon="4.7681130">
    <ele>194.3</ele>
    <time>2026-07-01T11:25:43Z</time>
   </trkpt>
   <trkpt lat="45.7424590" lon="4.7681170">
    <ele>194.3</ele>
    <time>2026-07-01T11:25:44Z</time>
   </trkpt>
   <trkpt lat="45.7424310" lon="4.7681190">
    <ele>194.3</ele>
    <time>2026-07-01T11:25:45Z</time>
   </trkpt>
   <trkpt lat="45.7424050" lon="4.7681180">
    <ele>194.2</ele>
    <time>2026-07-01T11:25:46Z</time>
   </trkpt>
   <trkpt lat="45.7423750" lon="4.7681270">
    <ele>194.2</ele>
    <time>2026-07-01T11:25:47Z</time>
   </trkpt>
   <trkpt lat="45.7423460" lon="4.7681270">
    <ele>194.2</ele>
    <time>2026-07-01T11:25:48Z</time>
   </trkpt>
   <trkpt lat="45.7423210" lon="4.7681240">
    <ele>194.2</ele>
    <time>2026-07-01T11:25:49Z</time>
   </trkpt>
   <trkpt lat="45.7422930" lon="4.7681280">
    <ele>194.2</ele>
    <time>2026-07-01T11:25:50Z</time>
   </trkpt>
   <trkpt lat="45.7422630" lon="4.7681350">
    <ele>194.2</ele>
    <time>2026-07-01T11:25:51Z</time>
   </trkpt>
   <trkpt lat="45.7422310" lon="4.7681330">
    <ele>194.2</ele>
    <time>2026-07-01T11:25:52Z</time>
   </trkpt>
   <trkpt lat="45.7422070" lon="4.7681380">
    <ele>194.1</ele>
    <time>2026-07-01T11:25:53Z</time>
   </trkpt>
   <trkpt lat="45.7421800" lon="4.7681430">
    <ele>194.1</ele>
    <time>2026-07-01T11:25:54Z</time>
   </trkpt>
   <trkpt lat="45.7421530" lon="4.7681400">
    <ele>194.1</ele>
    <time>2026-07-01T11:25:55Z</time>
   </trkpt>
   <trkpt lat="45.7421270" lon="4.7681450">
    <ele>194.1</ele>
    <time>2026-07-01T11:25:56Z</time>
   </trkpt>
   <trkpt lat="45.7420990" lon="4.7681470">
    <ele>194.1</ele>
    <time>2026-07-01T11:25:57Z</time>
   </trkpt>
   <trkpt lat="45.7420700" lon="4.7681500">
    <ele>194.1</ele>
    <time>2026-07-01T11:25:58Z</time>
   </trkpt>
   <trkpt lat="45.7420390" lon="4.7681490">
    <ele>194.1</ele>
    <time>2026-07-01T11:25:59Z</time>
   </trkpt>
   <trkpt lat="45.7420080" lon="4.7681570">
    <ele>194.1</ele>
    <time>2026-07-01T11:26:00Z</time>
   </trkpt>
   <trkpt lat="45.7419710" lon="4.7681420">
    <ele>194.0</ele>
    <time>2026-07-01T11:26:01Z</time>
   </trkpt>
   <trkpt lat="45.7419410" lon="4.7681300">
    <ele>194.0</ele>
    <time>2026-07-01T11:26:02Z</time>
   </trkpt>
   <trkpt lat="45.7419120" lon="4.7681240">
    <ele>194.0</ele>
    <time>2026-07-01T11:26:03Z</time>
   </trkpt>
   <trkpt lat="45.7418800" lon="4.7681330">
    <ele>194.0</ele>
    <time>2026-07-01T11:26:04Z</time>
   </trkpt>
   <trkpt lat="45.7418490" lon="4.7681340">
    <ele>194.0</ele>
    <time>2026-07-01T11:26:05Z</time>
   </trkpt>
   <trkpt lat="45.7418260" lon="4.7681360">
    <ele>194.0</ele>
    <time>2026-07-01T11:26:06Z</time>
   </trkpt>
   <trkpt lat="45.7417990" lon="4.7681390">
    <ele>193.9</ele>
    <time>2026-07-01T11:26:07Z</time>
   </trkpt>
   <trkpt lat="45.7417710" lon="4.7681490">
    <ele>193.9</ele>
    <time>2026-07-01T11:26:08Z</time>
   </trkpt>
   <trkpt lat="45.7417430" lon="4.7681590">
    <ele>193.9</ele>
    <time>2026-07-01T11:26:09Z</time>
   </trkpt>
   <trkpt lat="45.7417150" lon="4.7681510">
    <ele>193.9</ele>
    <time>2026-07-01T11:26:10Z</time>
   </trkpt>
   <trkpt lat="45.7416840" lon="4.7681490">
    <ele>193.9</ele>
    <time>2026-07-01T11:26:11Z</time>
   </trkpt>
   <trkpt lat="45.7416520" lon="4.7681460">
    <ele>193.9</ele>
    <time>2026-07-01T11:26:12Z</time>
   </trkpt>
   <trkpt lat="45.7416220" lon="4.7681600">
    <ele>193.8</ele>
    <time>2026-07-01T11:26:13Z</time>
   </trkpt>
   <trkpt lat="45.7415960" lon="4.7681400">
    <ele>193.8</ele>
    <time>2026-07-01T11:26:14Z</time>
   </trkpt>
   <trkpt lat="45.7415750" lon="4.7681270">
    <ele>193.8</ele>
    <time>2026-07-01T11:26:15Z</time>
   </trkpt>
   <trkpt lat="45.7415640" lon="4.7680950">
    <ele>193.8</ele>
    <time>2026-07-01T11:26:16Z</time>
   </trkpt>
   <trkpt lat="45.7415670" lon="4.7680480">
    <ele>193.8</ele>
    <time>2026-07-01T11:26:17Z</time>
   </trkpt>
   <trkpt lat="45.7415720" lon="4.7679810">
    <ele>193.8</ele>
    <time>2026-07-01T11:26:18Z</time>
   </trkpt>
   <trkpt lat="45.7415810" lon="4.7679330">
    <ele>193.8</ele>
    <time>2026-07-01T11:26:19Z</time>
   </trkpt>
   <trkpt lat="45.7415890" lon="4.7678950">
    <ele>193.9</ele>
    <time>2026-07-01T11:26:20Z</time>
   </trkpt>
   <trkpt lat="45.7416130" lon="4.7678530">
    <ele>193.9</ele>
    <time>2026-07-01T11:26:21Z</time>
   </trkpt>
   <trkpt lat="45.7416290" lon="4.7678150">
    <ele>193.9</ele>
    <time>2026-07-01T11:26:22Z</time>
   </trkpt>
   <trkpt lat="45.7416390" lon="4.7677760">
    <ele>194.0</ele>
    <time>2026-07-01T11:26:23Z</time>
   </trkpt>
   <trkpt lat="45.7416530" lon="4.7677380">
    <ele>194.0</ele>
    <time>2026-07-01T11:26:24Z</time>
   </trkpt>
   <trkpt lat="45.7416630" lon="4.7677000">
    <ele>194.1</ele>
    <time>2026-07-01T11:26:25Z</time>
   </trkpt>
   <trkpt lat="45.7416780" lon="4.7676640">
    <ele>194.1</ele>
    <time>2026-07-01T11:26:26Z</time>
   </trkpt>
   <trkpt lat="45.7416930" lon="4.7676300">
    <ele>194.2</ele>
    <time>2026-07-01T11:26:27Z</time>
   </trkpt>
   <trkpt lat="45.7417020" lon="4.7675950">
    <ele>194.2</ele>
    <time>2026-07-01T11:26:28Z</time>
   </trkpt>
   <trkpt lat="45.7417160" lon="4.7675580">
    <ele>194.2</ele>
    <time>2026-07-01T11:26:29Z</time>
   </trkpt>
   <trkpt lat="45.7417280" lon="4.7675160">
    <ele>194.3</ele>
    <time>2026-07-01T11:26:30Z</time>
   </trkpt>
   <trkpt lat="45.7417340" lon="4.7674820">
    <ele>194.3</ele>
    <time>2026-07-01T11:26:31Z</time>
   </trkpt>
   <trkpt lat="45.7417470" lon="4.7674460">
    <ele>194.3</ele>
    <time>2026-07-01T11:26:32Z</time>
   </trkpt>
   <trkpt lat="45.7417580" lon="4.7674150">
    <ele>194.3</ele>
    <time>2026-07-01T11:26:33Z</time>
   </trkpt>
   <trkpt lat="45.7417700" lon="4.7673770">
    <ele>194.3</ele>
    <time>2026-07-01T11:26:34Z</time>
   </trkpt>
   <trkpt lat="45.7417900" lon="4.7673370">
    <ele>194.3</ele>
    <time>2026-07-01T11:26:35Z</time>
   </trkpt>
   <trkpt lat="45.7418060" lon="4.7673080">
    <ele>194.3</ele>
    <time>2026-07-01T11:26:36Z</time>
   </trkpt>
   <trkpt lat="45.7418160" lon="4.7672720">
    <ele>194.3</ele>
    <time>2026-07-01T11:26:37Z</time>
   </trkpt>
   <trkpt lat="45.7418310" lon="4.7672310">
    <ele>194.3</ele>
    <time>2026-07-01T11:26:38Z</time>
   </trkpt>
   <trkpt lat="45.7418480" lon="4.7671940">
    <ele>194.3</ele>
    <time>2026-07-01T11:26:39Z</time>
   </trkpt>
   <trkpt lat="45.7418650" lon="4.7671540">
    <ele>194.3</ele>
    <time>2026-07-01T11:26:40Z</time>
   </trkpt>
   <trkpt lat="45.7418850" lon="4.7671220">
    <ele>194.2</ele>
    <time>2026-07-01T11:26:41Z</time>
   </trkpt>
   <trkpt lat="45.7418970" lon="4.7670880">
    <ele>194.2</ele>
    <time>2026-07-01T11:26:42Z</time>
   </trkpt>
   <trkpt lat="45.7419030" lon="4.7670490">
    <ele>194.1</ele>
    <time>2026-07-01T11:26:43Z</time>
   </trkpt>
   <trkpt lat="45.7419140" lon="4.7670140">
    <ele>194.1</ele>
    <time>2026-07-01T11:26:44Z</time>
   </trkpt>
   <trkpt lat="45.7419300" lon="4.7669770">
    <ele>194.1</ele>
    <time>2026-07-01T11:26:45Z</time>
   </trkpt>
   <trkpt lat="45.7419430" lon="4.7669360">
    <ele>194.0</ele>
    <time>2026-07-01T11:26:46Z</time>
   </trkpt>
   <trkpt lat="45.7419570" lon="4.7669060">
    <ele>194.0</ele>
    <time>2026-07-01T11:26:47Z</time>
   </trkpt>
   <trkpt lat="45.7419670" lon="4.7668700">
    <ele>194.0</ele>
    <time>2026-07-01T11:26:48Z</time>
   </trkpt>
   <trkpt lat="45.7419790" lon="4.7668260">
    <ele>194.0</ele>
    <time>2026-07-01T11:26:49Z</time>
   </trkpt>
   <trkpt lat="45.7419940" lon="4.7667930">
    <ele>194.0</ele>
    <time>2026-07-01T11:26:50Z</time>
   </trkpt>
   <trkpt lat="45.7420040" lon="4.7667540">
    <ele>194.0</ele>
    <time>2026-07-01T11:26:51Z</time>
   </trkpt>
   <trkpt lat="45.7420210" lon="4.7667220">
    <ele>194.0</ele>
    <time>2026-07-01T11:26:52Z</time>
   </trkpt>
   <trkpt lat="45.7420290" lon="4.7666780">
    <ele>194.0</ele>
    <time>2026-07-01T11:26:53Z</time>
   </trkpt>
   <trkpt lat="45.7420330" lon="4.7666350">
    <ele>194.0</ele>
    <time>2026-07-01T11:26:54Z</time>
   </trkpt>
   <trkpt lat="45.7420420" lon="4.7665950">
    <ele>194.0</ele>
    <time>2026-07-01T11:26:55Z</time>
   </trkpt>
   <trkpt lat="45.7420500" lon="4.7665560">
    <ele>194.1</ele>
    <time>2026-07-01T11:26:56Z</time>
   </trkpt>
   <trkpt lat="45.7420590" lon="4.7665240">
    <ele>194.1</ele>
    <time>2026-07-01T11:26:57Z</time>
   </trkpt>
   <trkpt lat="45.7420650" lon="4.7664790">
    <ele>194.1</ele>
    <time>2026-07-01T11:26:58Z</time>
   </trkpt>
   <trkpt lat="45.7420650" lon="4.7664340">
    <ele>194.0</ele>
    <time>2026-07-01T11:26:59Z</time>
   </trkpt>
   <trkpt lat="45.7420640" lon="4.7663960">
    <ele>194.0</ele>
    <time>2026-07-01T11:27:00Z</time>
   </trkpt>
   <trkpt lat="45.7420720" lon="4.7663440">
    <ele>194.0</ele>
    <time>2026-07-01T11:27:01Z</time>
   </trkpt>
   <trkpt lat="45.7420690" lon="4.7663010">
    <ele>193.9</ele>
    <time>2026-07-01T11:27:02Z</time>
   </trkpt>
   <trkpt lat="45.7420680" lon="4.7662570">
    <ele>193.9</ele>
    <time>2026-07-01T11:27:03Z</time>
   </trkpt>
   <trkpt lat="45.7420660" lon="4.7662100">
    <ele>193.9</ele>
    <time>2026-07-01T11:27:04Z</time>
   </trkpt>
   <trkpt lat="45.7420600" lon="4.7661650">
    <ele>193.8</ele>
    <time>2026-07-01T11:27:05Z</time>
   </trkpt>
   <trkpt lat="45.7420650" lon="4.7661200">
    <ele>193.8</ele>
    <time>2026-07-01T11:27:06Z</time>
   </trkpt>
   <trkpt lat="45.7420630" lon="4.7660780">
    <ele>193.8</ele>
    <time>2026-07-01T11:27:07Z</time>
   </trkpt>
   <trkpt lat="45.7420660" lon="4.7660420">
    <ele>193.8</ele>
    <time>2026-07-01T11:27:08Z</time>
   </trkpt>
   <trkpt lat="45.7420700" lon="4.7660100">
    <ele>193.8</ele>
    <time>2026-07-01T11:27:09Z</time>
   </trkpt>
   <trkpt lat="45.7420710" lon="4.7659700">
    <ele>193.8</ele>
    <time>2026-07-01T11:27:10Z</time>
   </trkpt>
   <trkpt lat="45.7420670" lon="4.7659320">
    <ele>193.8</ele>
    <time>2026-07-01T11:27:11Z</time>
   </trkpt>
   <trkpt lat="45.7420690" lon="4.7658880">
    <ele>193.8</ele>
    <time>2026-07-01T11:27:12Z</time>
   </trkpt>
   <trkpt lat="45.7420720" lon="4.7658480">
    <ele>193.8</ele>
    <time>2026-07-01T11:27:13Z</time>
   </trkpt>
   <trkpt lat="45.7420670" lon="4.7658110">
    <ele>193.8</ele>
    <time>2026-07-01T11:27:14Z</time>
   </trkpt>
   <trkpt lat="45.7420630" lon="4.7657690">
    <ele>193.8</ele>
    <time>2026-07-01T11:27:15Z</time>
   </trkpt>
   <trkpt lat="45.7420620" lon="4.7657340">
    <ele>193.8</ele>
    <time>2026-07-01T11:27:16Z</time>
   </trkpt>
   <trkpt lat="45.7420620" lon="4.7656940">
    <ele>193.8</ele>
    <time>2026-07-01T11:27:17Z</time>
   </trkpt>
   <trkpt lat="45.7420620" lon="4.7656490">
    <ele>193.8</ele>
    <time>2026-07-01T11:27:18Z</time>
   </trkpt>
   <trkpt lat="45.7420590" lon="4.7656120">
    <ele>193.8</ele>
    <time>2026-07-01T11:27:19Z</time>
   </trkpt>
   <trkpt lat="45.7420600" lon="4.7655670">
    <ele>193.8</ele>
    <time>2026-07-01T11:27:20Z</time>
   </trkpt>
   <trkpt lat="45.7420590" lon="4.7655340">
    <ele>193.9</ele>
    <time>2026-07-01T11:27:21Z</time>
   </trkpt>
   <trkpt lat="45.7420570" lon="4.7654950">
    <ele>193.9</ele>
    <time>2026-07-01T11:27:22Z</time>
   </trkpt>
   <trkpt lat="45.7420580" lon="4.7654470">
    <ele>193.9</ele>
    <time>2026-07-01T11:27:23Z</time>
   </trkpt>
   <trkpt lat="45.7420540" lon="4.7654010">
    <ele>193.9</ele>
    <time>2026-07-01T11:27:24Z</time>
   </trkpt>
   <trkpt lat="45.7420520" lon="4.7653660">
    <ele>194.0</ele>
    <time>2026-07-01T11:27:25Z</time>
   </trkpt>
   <trkpt lat="45.7420530" lon="4.7653260">
    <ele>194.0</ele>
    <time>2026-07-01T11:27:26Z</time>
   </trkpt>
   <trkpt lat="45.7420570" lon="4.7652920">
    <ele>194.0</ele>
    <time>2026-07-01T11:27:27Z</time>
   </trkpt>
   <trkpt lat="45.7420550" lon="4.7652570">
    <ele>194.0</ele>
    <time>2026-07-01T11:27:28Z</time>
   </trkpt>
   <trkpt lat="45.7420590" lon="4.7652160">
    <ele>194.1</ele>
    <time>2026-07-01T11:27:29Z</time>
   </trkpt>
   <trkpt lat="45.7420630" lon="4.7651740">
    <ele>194.2</ele>
    <time>2026-07-01T11:27:30Z</time>
   </trkpt>
   <trkpt lat="45.7420640" lon="4.7651390">
    <ele>194.2</ele>
    <time>2026-07-01T11:27:31Z</time>
   </trkpt>
   <trkpt lat="45.7420640" lon="4.7651010">
    <ele>194.3</ele>
    <time>2026-07-01T11:27:32Z</time>
   </trkpt>
   <trkpt lat="45.7420610" lon="4.7650600">
    <ele>194.4</ele>
    <time>2026-07-01T11:27:33Z</time>
   </trkpt>
   <trkpt lat="45.7420540" lon="4.7650210">
    <ele>194.5</ele>
    <time>2026-07-01T11:27:34Z</time>
   </trkpt>
   <trkpt lat="45.7420420" lon="4.7649800">
    <ele>194.6</ele>
    <time>2026-07-01T11:27:35Z</time>
   </trkpt>
   <trkpt lat="45.7420360" lon="4.7649420">
    <ele>194.6</ele>
    <time>2026-07-01T11:27:36Z</time>
   </trkpt>
   <trkpt lat="45.7420370" lon="4.7648980">
    <ele>194.7</ele>
    <time>2026-07-01T11:27:37Z</time>
   </trkpt>
   <trkpt lat="45.7420400" lon="4.7648640">
    <ele>194.7</ele>
    <time>2026-07-01T11:27:38Z</time>
   </trkpt>
   <trkpt lat="45.7420340" lon="4.7648240">
    <ele>194.8</ele>
    <time>2026-07-01T11:27:39Z</time>
   </trkpt>
   <trkpt lat="45.7420340" lon="4.7647860">
    <ele>194.8</ele>
    <time>2026-07-01T11:27:40Z</time>
   </trkpt>
   <trkpt lat="45.7420340" lon="4.7647470">
    <ele>194.8</ele>
    <time>2026-07-01T11:27:41Z</time>
   </trkpt>
   <trkpt lat="45.7420330" lon="4.7647090">
    <ele>194.8</ele>
    <time>2026-07-01T11:27:42Z</time>
   </trkpt>
   <trkpt lat="45.7420380" lon="4.7646600">
    <ele>194.8</ele>
    <time>2026-07-01T11:27:43Z</time>
   </trkpt>
   <trkpt lat="45.7420420" lon="4.7646130">
    <ele>194.7</ele>
    <time>2026-07-01T11:27:44Z</time>
   </trkpt>
   <trkpt lat="45.7420410" lon="4.7645760">
    <ele>194.7</ele>
    <time>2026-07-01T11:27:45Z</time>
   </trkpt>
   <trkpt lat="45.7420410" lon="4.7645330">
    <ele>194.7</ele>
    <time>2026-07-01T11:27:46Z</time>
   </trkpt>
   <trkpt lat="45.7420350" lon="4.7644980">
    <ele>194.8</ele>
    <time>2026-07-01T11:27:47Z</time>
   </trkpt>
   <trkpt lat="45.7420380" lon="4.7644560">
    <ele>194.8</ele>
    <time>2026-07-01T11:27:48Z</time>
   </trkpt>
   <trkpt lat="45.7420420" lon="4.7644080">
    <ele>194.8</ele>
    <time>2026-07-01T11:27:49Z</time>
   </trkpt>
   <trkpt lat="45.7420390" lon="4.7643660">
    <ele>194.9</ele>
    <time>2026-07-01T11:27:50Z</time>
   </trkpt>
   <trkpt lat="45.7420300" lon="4.7643240">
    <ele>194.9</ele>
    <time>2026-07-01T11:27:51Z</time>
   </trkpt>
   <trkpt lat="45.7420200" lon="4.7642900">
    <ele>195.0</ele>
    <time>2026-07-01T11:27:52Z</time>
   </trkpt>
   <trkpt lat="45.7420130" lon="4.7642530">
    <ele>195.0</ele>
    <time>2026-07-01T11:27:53Z</time>
   </trkpt>
   <trkpt lat="45.7420030" lon="4.7642180">
    <ele>195.1</ele>
    <time>2026-07-01T11:27:54Z</time>
   </trkpt>
   <trkpt lat="45.7419980" lon="4.7641880">
    <ele>195.1</ele>
    <time>2026-07-01T11:27:55Z</time>
   </trkpt>
   <trkpt lat="45.7419940" lon="4.7641610">
    <ele>195.1</ele>
    <time>2026-07-01T11:27:56Z</time>
   </trkpt>
   <trkpt lat="45.7419920" lon="4.7641300">
    <ele>195.1</ele>
    <time>2026-07-01T11:27:57Z</time>
   </trkpt>
   <trkpt lat="45.7419890" lon="4.7640890">
    <ele>195.0</ele>
    <time>2026-07-01T11:27:58Z</time>
   </trkpt>
   <trkpt lat="45.7419950" lon="4.7640680">
    <ele>195.0</ele>
    <time>2026-07-01T11:27:59Z</time>
   </trkpt>
   <trkpt lat="45.7420220" lon="4.7640590">
    <ele>194.9</ele>
    <time>2026-07-01T11:28:00Z</time>
   </trkpt>
   <trkpt lat="45.7420670" lon="4.7640540">
    <ele>194.7</ele>
    <time>2026-07-01T11:28:01Z</time>
   </trkpt>
   <trkpt lat="45.7420930" lon="4.7640480">
    <ele>194.7</ele>
    <time>2026-07-01T11:28:02Z</time>
   </trkpt>
   <trkpt lat="45.7421260" lon="4.7640430">
    <ele>194.6</ele>
    <time>2026-07-01T11:28:03Z</time>
   </trkpt>
   <trkpt lat="45.7421530" lon="4.7640390">
    <ele>194.6</ele>
    <time>2026-07-01T11:28:04Z</time>
   </trkpt>
   <trkpt lat="45.7421790" lon="4.7640150">
    <ele>194.7</ele>
    <time>2026-07-01T11:28:05Z</time>
   </trkpt>
   <trkpt lat="45.7421990" lon="4.7640050">
    <ele>194.7</ele>
    <time>2026-07-01T11:28:06Z</time>
   </trkpt>
   <trkpt lat="45.7422230" lon="4.7640220">
    <ele>194.8</ele>
    <time>2026-07-01T11:28:07Z</time>
   </trkpt>
   <trkpt lat="45.7422540" lon="4.7640130">
    <ele>194.9</ele>
    <time>2026-07-01T11:28:08Z</time>
   </trkpt>
   <trkpt lat="45.7422930" lon="4.7639980">
    <ele>195.1</ele>
    <time>2026-07-01T11:28:09Z</time>
   </trkpt>
   <trkpt lat="45.7423210" lon="4.7639760">
    <ele>195.3</ele>
    <time>2026-07-01T11:28:10Z</time>
   </trkpt>
   <trkpt lat="45.7423370" lon="4.7639580">
    <ele>195.5</ele>
    <time>2026-07-01T11:28:11Z</time>
   </trkpt>
   <trkpt lat="45.7423540" lon="4.7639320">
    <ele>195.6</ele>
    <time>2026-07-01T11:28:12Z</time>
   </trkpt>
   <trkpt lat="45.7423700" lon="4.7639050">
    <ele>195.8</ele>
    <time>2026-07-01T11:28:13Z</time>
   </trkpt>
   <trkpt lat="45.7423860" lon="4.7638820">
    <ele>196.0</ele>
    <time>2026-07-01T11:28:14Z</time>
   </trkpt>
   <trkpt lat="45.7423920" lon="4.7638470">
    <ele>196.1</ele>
    <time>2026-07-01T11:28:15Z</time>
   </trkpt>
   <trkpt lat="45.7424020" lon="4.7638290">
    <ele>196.2</ele>
    <time>2026-07-01T11:28:16Z</time>
   </trkpt>
   <trkpt lat="45.7424170" lon="4.7637990">
    <ele>196.4</ele>
    <time>2026-07-01T11:28:17Z</time>
   </trkpt>
   <trkpt lat="45.7424290" lon="4.7637730">
    <ele>196.5</ele>
    <time>2026-07-01T11:28:18Z</time>
   </trkpt>
   <trkpt lat="45.7424530" lon="4.7637520">
    <ele>196.6</ele>
    <time>2026-07-01T11:28:19Z</time>
   </trkpt>
   <trkpt lat="45.7424870" lon="4.7637530">
    <ele>196.6</ele>
    <time>2026-07-01T11:28:20Z</time>
   </trkpt>
   <trkpt lat="45.7425240" lon="4.7637580">
    <ele>196.6</ele>
    <time>2026-07-01T11:28:21Z</time>
   </trkpt>
   <trkpt lat="45.7425620" lon="4.7637650">
    <ele>196.7</ele>
    <time>2026-07-01T11:28:22Z</time>
   </trkpt>
   <trkpt lat="45.7425820" lon="4.7637730">
    <ele>196.7</ele>
    <time>2026-07-01T11:28:23Z</time>
   </trkpt>
   <trkpt lat="45.7426030" lon="4.7637780">
    <ele>196.6</ele>
    <time>2026-07-01T11:28:24Z</time>
   </trkpt>
   <trkpt lat="45.7426130" lon="4.7637580">
    <ele>196.6</ele>
    <time>2026-07-01T11:28:25Z</time>
   </trkpt>
   <trkpt lat="45.7426210" lon="4.7637020">
    <ele>196.6</ele>
    <time>2026-07-01T11:28:26Z</time>
   </trkpt>
   <trkpt lat="45.7426140" lon="4.7636510">
    <ele>196.6</ele>
    <time>2026-07-01T11:28:27Z</time>
   </trkpt>
   <trkpt lat="45.7426260" lon="4.7636100">
    <ele>196.6</ele>
    <time>2026-07-01T11:28:28Z</time>
   </trkpt>
   <trkpt lat="45.7426580" lon="4.7635900">
    <ele>196.6</ele>
    <time>2026-07-01T11:28:29Z</time>
   </trkpt>
   <trkpt lat="45.7426820" lon="4.7635620">
    <ele>196.6</ele>
    <time>2026-07-01T11:28:30Z</time>
   </trkpt>
   <trkpt lat="45.7427060" lon="4.7635420">
    <ele>196.7</ele>
    <time>2026-07-01T11:28:31Z</time>
   </trkpt>
   <trkpt lat="45.7427260" lon="4.7635200">
    <ele>196.7</ele>
    <time>2026-07-01T11:28:32Z</time>
   </trkpt>
   <trkpt lat="45.7427530" lon="4.7635000">
    <ele>196.8</ele>
    <time>2026-07-01T11:28:33Z</time>
   </trkpt>
   <trkpt lat="45.7427790" lon="4.7634910">
    <ele>196.8</ele>
    <time>2026-07-01T11:28:34Z</time>
   </trkpt>
   <trkpt lat="45.7428030" lon="4.7634780">
    <ele>196.8</ele>
    <time>2026-07-01T11:28:35Z</time>
   </trkpt>
   <trkpt lat="45.7428290" lon="4.7634630">
    <ele>196.9</ele>
    <time>2026-07-01T11:28:36Z</time>
   </trkpt>
   <trkpt lat="45.7428510" lon="4.7634390">
    <ele>196.9</ele>
    <time>2026-07-01T11:28:37Z</time>
   </trkpt>
   <trkpt lat="45.7428730" lon="4.7634210">
    <ele>197.0</ele>
    <time>2026-07-01T11:28:38Z</time>
   </trkpt>
   <trkpt lat="45.7428990" lon="4.7634100">
    <ele>197.0</ele>
    <time>2026-07-01T11:28:39Z</time>
   </trkpt>
   <trkpt lat="45.7429220" lon="4.7633990">
    <ele>197.0</ele>
    <time>2026-07-01T11:28:40Z</time>
   </trkpt>
   <trkpt lat="45.7429410" lon="4.7633820">
    <ele>197.1</ele>
    <time>2026-07-01T11:28:41Z</time>
   </trkpt>
   <trkpt lat="45.7429670" lon="4.7633630">
    <ele>197.1</ele>
    <time>2026-07-01T11:28:42Z</time>
   </trkpt>
   <trkpt lat="45.7429890" lon="4.7633550">
    <ele>197.2</ele>
    <time>2026-07-01T11:28:43Z</time>
   </trkpt>
   <trkpt lat="45.7430120" lon="4.7633390">
    <ele>197.2</ele>
    <time>2026-07-01T11:28:44Z</time>
   </trkpt>
   <trkpt lat="45.7430330" lon="4.7633260">
    <ele>197.2</ele>
    <time>2026-07-01T11:28:45Z</time>
   </trkpt>
   <trkpt lat="45.7430540" lon="4.7633080">
    <ele>197.2</ele>
    <time>2026-07-01T11:28:46Z</time>
   </trkpt>
   <trkpt lat="45.7430750" lon="4.7632800">
    <ele>197.3</ele>
    <time>2026-07-01T11:28:47Z</time>
   </trkpt>
   <trkpt lat="45.7430970" lon="4.7632640">
    <ele>197.3</ele>
    <time>2026-07-01T11:28:48Z</time>
   </trkpt>
   <trkpt lat="45.7431170" lon="4.7632450">
    <ele>197.3</ele>
    <time>2026-07-01T11:28:49Z</time>
   </trkpt>
   <trkpt lat="45.7431400" lon="4.7632300">
    <ele>197.4</ele>
    <time>2026-07-01T11:28:50Z</time>
   </trkpt>
   <trkpt lat="45.7431670" lon="4.7632090">
    <ele>197.4</ele>
    <time>2026-07-01T11:28:51Z</time>
   </trkpt>
   <trkpt lat="45.7431960" lon="4.7631960">
    <ele>197.4</ele>
    <time>2026-07-01T11:28:52Z</time>
   </trkpt>
   <trkpt lat="45.7432120" lon="4.7631720">
    <ele>197.4</ele>
    <time>2026-07-01T11:28:53Z</time>
   </trkpt>
   <trkpt lat="45.7432350" lon="4.7631520">
    <ele>197.4</ele>
    <time>2026-07-01T11:28:54Z</time>
   </trkpt>
   <trkpt lat="45.7432570" lon="4.7631360">
    <ele>197.4</ele>
    <time>2026-07-01T11:28:55Z</time>
   </trkpt>
   <trkpt lat="45.7432840" lon="4.7631210">
    <ele>197.4</ele>
    <time>2026-07-01T11:28:56Z</time>
   </trkpt>
   <trkpt lat="45.7433080" lon="4.7631050">
    <ele>197.4</ele>
    <time>2026-07-01T11:28:57Z</time>
   </trkpt>
   <trkpt lat="45.7433300" lon="4.7630960">
    <ele>197.4</ele>
    <time>2026-07-01T11:28:58Z</time>
   </trkpt>
   <trkpt lat="45.7433580" lon="4.7630740">
    <ele>197.5</ele>
    <time>2026-07-01T11:28:59Z</time>
   </trkpt>
   <trkpt lat="45.7433820" lon="4.7630430">
    <ele>197.5</ele>
    <time>2026-07-01T11:29:00Z</time>
   </trkpt>
   <trkpt lat="45.7434000" lon="4.7630150">
    <ele>197.5</ele>
    <time>2026-07-01T11:29:01Z</time>
   </trkpt>
   <trkpt lat="45.7434190" lon="4.7629880">
    <ele>197.5</ele>
    <time>2026-07-01T11:29:02Z</time>
   </trkpt>
   <trkpt lat="45.7434370" lon="4.7629650">
    <ele>197.5</ele>
    <time>2026-07-01T11:29:03Z</time>
   </trkpt>
   <trkpt lat="45.7434610" lon="4.7629560">
    <ele>197.5</ele>
    <time>2026-07-01T11:29:04Z</time>
   </trkpt>
   <trkpt lat="45.7434830" lon="4.7629230">
    <ele>197.5</ele>
    <time>2026-07-01T11:29:05Z</time>
   </trkpt>
   <trkpt lat="45.7435020" lon="4.7628960">
    <ele>197.5</ele>
    <time>2026-07-01T11:29:06Z</time>
   </trkpt>
   <trkpt lat="45.7435220" lon="4.7628740">
    <ele>197.5</ele>
    <time>2026-07-01T11:29:07Z</time>
   </trkpt>
   <trkpt lat="45.7435440" lon="4.7628520">
    <ele>197.5</ele>
    <time>2026-07-01T11:29:08Z</time>
   </trkpt>
   <trkpt lat="45.7435630" lon="4.7628270">
    <ele>197.6</ele>
    <time>2026-07-01T11:29:09Z</time>
   </trkpt>
   <trkpt lat="45.7435790" lon="4.7628030">
    <ele>197.6</ele>
    <time>2026-07-01T11:29:10Z</time>
   </trkpt>
   <trkpt lat="45.7435990" lon="4.7627780">
    <ele>197.6</ele>
    <time>2026-07-01T11:29:11Z</time>
   </trkpt>
   <trkpt lat="45.7436140" lon="4.7627490">
    <ele>197.6</ele>
    <time>2026-07-01T11:29:12Z</time>
   </trkpt>
   <trkpt lat="45.7436350" lon="4.7627270">
    <ele>197.6</ele>
    <time>2026-07-01T11:29:13Z</time>
   </trkpt>
   <trkpt lat="45.7436560" lon="4.7626930">
    <ele>197.7</ele>
    <time>2026-07-01T11:29:14Z</time>
   </trkpt>
   <trkpt lat="45.7436750" lon="4.7626750">
    <ele>197.7</ele>
    <time>2026-07-01T11:29:15Z</time>
   </trkpt>
   <trkpt lat="45.7436940" lon="4.7626550">
    <ele>197.8</ele>
    <time>2026-07-01T11:29:16Z</time>
   </trkpt>
   <trkpt lat="45.7437160" lon="4.7626330">
    <ele>197.8</ele>
    <time>2026-07-01T11:29:17Z</time>
   </trkpt>
   <trkpt lat="45.7437300" lon="4.7626080">
    <ele>197.8</ele>
    <time>2026-07-01T11:29:18Z</time>
   </trkpt>
   <trkpt lat="45.7437510" lon="4.7625860">
    <ele>197.9</ele>
    <time>2026-07-01T11:29:19Z</time>
   </trkpt>
   <trkpt lat="45.7437680" lon="4.7625660">
    <ele>197.9</ele>
    <time>2026-07-01T11:29:20Z</time>
   </trkpt>
   <trkpt lat="45.7437920" lon="4.7625530">
    <ele>197.9</ele>
    <time>2026-07-01T11:29:21Z</time>
   </trkpt>
   <trkpt lat="45.7438150" lon="4.7625340">
    <ele>198.0</ele>
    <time>2026-07-01T11:29:22Z</time>
   </trkpt>
   <trkpt lat="45.7438330" lon="4.7625080">
    <ele>198.0</ele>
    <time>2026-07-01T11:29:23Z</time>
   </trkpt>
   <trkpt lat="45.7438450" lon="4.7624710">
    <ele>198.1</ele>
    <time>2026-07-01T11:29:24Z</time>
   </trkpt>
   <trkpt lat="45.7438500" lon="4.7624320">
    <ele>198.1</ele>
    <time>2026-07-01T11:29:25Z</time>
   </trkpt>
   <trkpt lat="45.7438570" lon="4.7623890">
    <ele>198.1</ele>
    <time>2026-07-01T11:29:26Z</time>
   </trkpt>
   <trkpt lat="45.7438590" lon="4.7623490">
    <ele>198.1</ele>
    <time>2026-07-01T11:29:27Z</time>
   </trkpt>
   <trkpt lat="45.7438520" lon="4.7623070">
    <ele>198.2</ele>
    <time>2026-07-01T11:29:28Z</time>
   </trkpt>
   <trkpt lat="45.7438410" lon="4.7622730">
    <ele>198.2</ele>
    <time>2026-07-01T11:29:29Z</time>
   </trkpt>
   <trkpt lat="45.7438350" lon="4.7622320">
    <ele>198.2</ele>
    <time>2026-07-01T11:29:30Z</time>
   </trkpt>
   <trkpt lat="45.7438300" lon="4.7621970">
    <ele>198.2</ele>
    <time>2026-07-01T11:29:31Z</time>
   </trkpt>
   <trkpt lat="45.7438100" lon="4.7621580">
    <ele>198.3</ele>
    <time>2026-07-01T11:29:32Z</time>
   </trkpt>
   <trkpt lat="45.7437980" lon="4.7621110">
    <ele>198.3</ele>
    <time>2026-07-01T11:29:33Z</time>
   </trkpt>
   <trkpt lat="45.7437840" lon="4.7620800">
    <ele>198.3</ele>
    <time>2026-07-01T11:29:34Z</time>
   </trkpt>
   <trkpt lat="45.7437750" lon="4.7620450">
    <ele>198.4</ele>
    <time>2026-07-01T11:29:35Z</time>
   </trkpt>
   <trkpt lat="45.7437640" lon="4.7620120">
    <ele>198.4</ele>
    <time>2026-07-01T11:29:36Z</time>
   </trkpt>
   <trkpt lat="45.7437470" lon="4.7619780">
    <ele>198.4</ele>
    <time>2026-07-01T11:29:37Z</time>
   </trkpt>
   <trkpt lat="45.7437320" lon="4.7619480">
    <ele>198.4</ele>
    <time>2026-07-01T11:29:38Z</time>
   </trkpt>
   <trkpt lat="45.7437250" lon="4.7619160">
    <ele>198.5</ele>
    <time>2026-07-01T11:29:39Z</time>
   </trkpt>
   <trkpt lat="45.7437160" lon="4.7618810">
    <ele>198.5</ele>
    <time>2026-07-01T11:29:40Z</time>
   </trkpt>
   <trkpt lat="45.7437080" lon="4.7618470">
    <ele>198.5</ele>
    <time>2026-07-01T11:29:41Z</time>
   </trkpt>
   <trkpt lat="45.7436950" lon="4.7618060">
    <ele>198.6</ele>
    <time>2026-07-01T11:29:42Z</time>
   </trkpt>
   <trkpt lat="45.7436880" lon="4.7617750">
    <ele>198.6</ele>
    <time>2026-07-01T11:29:43Z</time>
   </trkpt>
   <trkpt lat="45.7436750" lon="4.7617370">
    <ele>198.6</ele>
    <time>2026-07-01T11:29:44Z</time>
   </trkpt>
   <trkpt lat="45.7436680" lon="4.7617010">
    <ele>198.7</ele>
    <time>2026-07-01T11:29:45Z</time>
   </trkpt>
   <trkpt lat="45.7436610" lon="4.7616570">
    <ele>198.7</ele>
    <time>2026-07-01T11:29:46Z</time>
   </trkpt>
   <trkpt lat="45.7436530" lon="4.7616090">
    <ele>198.8</ele>
    <time>2026-07-01T11:29:47Z</time>
   </trkpt>
   <trkpt lat="45.7436470" lon="4.7615700">
    <ele>198.8</ele>
    <time>2026-07-01T11:29:48Z</time>
   </trkpt>
   <trkpt lat="45.7436430" lon="4.7615340">
    <ele>198.8</ele>
    <time>2026-07-01T11:29:49Z</time>
   </trkpt>
   <trkpt lat="45.7436350" lon="4.7614880">
    <ele>198.9</ele>
    <time>2026-07-01T11:29:50Z</time>
   </trkpt>
   <trkpt lat="45.7436240" lon="4.7614440">
    <ele>198.9</ele>
    <time>2026-07-01T11:29:51Z</time>
   </trkpt>
   <trkpt lat="45.7436260" lon="4.7614040">
    <ele>198.9</ele>
    <time>2026-07-01T11:29:52Z</time>
   </trkpt>
   <trkpt lat="45.7436200" lon="4.7613670">
    <ele>199.0</ele>
    <time>2026-07-01T11:29:53Z</time>
   </trkpt>
   <trkpt lat="45.7436090" lon="4.7613290">
    <ele>199.0</ele>
    <time>2026-07-01T11:29:54Z</time>
   </trkpt>
   <trkpt lat="45.7435970" lon="4.7613000">
    <ele>199.0</ele>
    <time>2026-07-01T11:29:55Z</time>
   </trkpt>
   <trkpt lat="45.7435880" lon="4.7612720">
    <ele>199.1</ele>
    <time>2026-07-01T11:29:56Z</time>
   </trkpt>
   <trkpt lat="45.7435780" lon="4.7612340">
    <ele>199.1</ele>
    <time>2026-07-01T11:29:57Z</time>
   </trkpt>
   <trkpt lat="45.7435690" lon="4.7611980">
    <ele>199.1</ele>
    <time>2026-07-01T11:29:58Z</time>
   </trkpt>
   <trkpt lat="45.7435540" lon="4.7611600">
    <ele>199.2</ele>
    <time>2026-07-01T11:29:59Z</time>
   </trkpt>
   <trkpt lat="45.7435440" lon="4.7611220">
    <ele>199.2</ele>
    <time>2026-07-01T11:30:00Z</time>
   </trkpt>
   <trkpt lat="45.7435350" lon="4.7610900">
    <ele>199.2</ele>
    <time>2026-07-01T11:30:01Z</time>
   </trkpt>
   <trkpt lat="45.7435290" lon="4.7610550">
    <ele>199.3</ele>
    <time>2026-07-01T11:30:02Z</time>
   </trkpt>
   <trkpt lat="45.7435250" lon="4.7610180">
    <ele>199.3</ele>
    <time>2026-07-01T11:30:03Z</time>
   </trkpt>
   <trkpt lat="45.7435200" lon="4.7609800">
    <ele>199.3</ele>
    <time>2026-07-01T11:30:04Z</time>
   </trkpt>
   <trkpt lat="45.7435190" lon="4.7609420">
    <ele>199.3</ele>
    <time>2026-07-01T11:30:05Z</time>
   </trkpt>
   <trkpt lat="45.7435110" lon="4.7609080">
    <ele>199.3</ele>
    <time>2026-07-01T11:30:06Z</time>
   </trkpt>
   <trkpt lat="45.7434940" lon="4.7608750">
    <ele>199.3</ele>
    <time>2026-07-01T11:30:07Z</time>
   </trkpt>
   <trkpt lat="45.7434780" lon="4.7608450">
    <ele>199.3</ele>
    <time>2026-07-01T11:30:08Z</time>
   </trkpt>
   <trkpt lat="45.7434730" lon="4.7608030">
    <ele>199.3</ele>
    <time>2026-07-01T11:30:09Z</time>
   </trkpt>
   <trkpt lat="45.7434770" lon="4.7607620">
    <ele>199.3</ele>
    <time>2026-07-01T11:30:10Z</time>
   </trkpt>
   <trkpt lat="45.7434910" lon="4.7607180">
    <ele>199.2</ele>
    <time>2026-07-01T11:30:11Z</time>
   </trkpt>
   <trkpt lat="45.7435110" lon="4.7606820">
    <ele>199.2</ele>
    <time>2026-07-01T11:30:12Z</time>
   </trkpt>
   <trkpt lat="45.7435190" lon="4.7606550">
    <ele>199.2</ele>
    <time>2026-07-01T11:30:13Z</time>
   </trkpt>
   <trkpt lat="45.7435190" lon="4.7606150">
    <ele>199.1</ele>
    <time>2026-07-01T11:30:14Z</time>
   </trkpt>
   <trkpt lat="45.7435180" lon="4.7605730">
    <ele>199.1</ele>
    <time>2026-07-01T11:30:15Z</time>
   </trkpt>
   <trkpt lat="45.7435230" lon="4.7605390">
    <ele>199.1</ele>
    <time>2026-07-01T11:30:16Z</time>
   </trkpt>
   <trkpt lat="45.7435220" lon="4.7604820">
    <ele>199.1</ele>
    <time>2026-07-01T11:30:17Z</time>
   </trkpt>
   <trkpt lat="45.7435200" lon="4.7604330">
    <ele>199.1</ele>
    <time>2026-07-01T11:30:18Z</time>
   </trkpt>
   <trkpt lat="45.7435150" lon="4.7603990">
    <ele>199.1</ele>
    <time>2026-07-01T11:30:19Z</time>
   </trkpt>
   <trkpt lat="45.7435190" lon="4.7603600">
    <ele>199.1</ele>
    <time>2026-07-01T11:30:20Z</time>
   </trkpt>
   <trkpt lat="45.7435140" lon="4.7603270">
    <ele>199.1</ele>
    <time>2026-07-01T11:30:21Z</time>
   </trkpt>
   <trkpt lat="45.7435120" lon="4.7602950">
    <ele>199.1</ele>
    <time>2026-07-01T11:30:22Z</time>
   </trkpt>
   <trkpt lat="45.7435130" lon="4.7602650">
    <ele>199.1</ele>
    <time>2026-07-01T11:30:23Z</time>
   </trkpt>
   <trkpt lat="45.7435110" lon="4.7602290">
    <ele>199.2</ele>
    <time>2026-07-01T11:30:24Z</time>
   </trkpt>
   <trkpt lat="45.7435080" lon="4.7601900">
    <ele>199.2</ele>
    <time>2026-07-01T11:30:25Z</time>
   </trkpt>
   <trkpt lat="45.7435040" lon="4.7601560">
    <ele>199.2</ele>
    <time>2026-07-01T11:30:26Z</time>
   </trkpt>
   <trkpt lat="45.7434940" lon="4.7601020">
    <ele>199.3</ele>
    <time>2026-07-01T11:30:27Z</time>
   </trkpt>
   <trkpt lat="45.7434980" lon="4.7600490">
    <ele>199.3</ele>
    <time>2026-07-01T11:30:28Z</time>
   </trkpt>
   <trkpt lat="45.7434960" lon="4.7600110">
    <ele>199.4</ele>
    <time>2026-07-01T11:30:29Z</time>
   </trkpt>
   <trkpt lat="45.7435090" lon="4.7599840">
    <ele>199.4</ele>
    <time>2026-07-01T11:30:30Z</time>
   </trkpt>
   <trkpt lat="45.7435160" lon="4.7599520">
    <ele>199.4</ele>
    <time>2026-07-01T11:30:31Z</time>
   </trkpt>
   <trkpt lat="45.7435240" lon="4.7599120">
    <ele>199.4</ele>
    <time>2026-07-01T11:30:32Z</time>
   </trkpt>
   <trkpt lat="45.7435340" lon="4.7598720">
    <ele>199.5</ele>
    <time>2026-07-01T11:30:33Z</time>
   </trkpt>
   <trkpt lat="45.7435470" lon="4.7598520">
    <ele>199.5</ele>
    <time>2026-07-01T11:30:34Z</time>
   </trkpt>
   <trkpt lat="45.7435750" lon="4.7598270">
    <ele>199.5</ele>
    <time>2026-07-01T11:30:35Z</time>
   </trkpt>
   <trkpt lat="45.7435950" lon="4.7597940">
    <ele>199.4</ele>
    <time>2026-07-01T11:30:36Z</time>
   </trkpt>
   <trkpt lat="45.7436140" lon="4.7597670">
    <ele>199.4</ele>
    <time>2026-07-01T11:30:37Z</time>
   </trkpt>
   <trkpt lat="45.7436320" lon="4.7597460">
    <ele>199.4</ele>
    <time>2026-07-01T11:30:38Z</time>
   </trkpt>
   <trkpt lat="45.7436530" lon="4.7597090">
    <ele>199.4</ele>
    <time>2026-07-01T11:30:39Z</time>
   </trkpt>
   <trkpt lat="45.7436670" lon="4.7596720">
    <ele>199.4</ele>
    <time>2026-07-01T11:30:40Z</time>
   </trkpt>
   <trkpt lat="45.7436840" lon="4.7596530">
    <ele>199.4</ele>
    <time>2026-07-01T11:30:41Z</time>
   </trkpt>
   <trkpt lat="45.7436970" lon="4.7596240">
    <ele>199.4</ele>
    <time>2026-07-01T11:30:42Z</time>
   </trkpt>
   <trkpt lat="45.7437030" lon="4.7595840">
    <ele>199.4</ele>
    <time>2026-07-01T11:30:43Z</time>
   </trkpt>
   <trkpt lat="45.7437150" lon="4.7595460">
    <ele>199.4</ele>
    <time>2026-07-01T11:30:44Z</time>
   </trkpt>
   <trkpt lat="45.7437160" lon="4.7595070">
    <ele>199.4</ele>
    <time>2026-07-01T11:30:45Z</time>
   </trkpt>
   <trkpt lat="45.7437250" lon="4.7594750">
    <ele>199.5</ele>
    <time>2026-07-01T11:30:46Z</time>
   </trkpt>
   <trkpt lat="45.7437310" lon="4.7594300">
    <ele>199.5</ele>
    <time>2026-07-01T11:30:47Z</time>
   </trkpt>
   <trkpt lat="45.7437400" lon="4.7593920">
    <ele>199.5</ele>
    <time>2026-07-01T11:30:48Z</time>
   </trkpt>
   <trkpt lat="45.7437460" lon="4.7593540">
    <ele>199.6</ele>
    <time>2026-07-01T11:30:49Z</time>
   </trkpt>
   <trkpt lat="45.7437480" lon="4.7593180">
    <ele>199.6</ele>
    <time>2026-07-01T11:30:50Z</time>
   </trkpt>
   <trkpt lat="45.7437450" lon="4.7592740">
    <ele>199.6</ele>
    <time>2026-07-01T11:30:51Z</time>
   </trkpt>
   <trkpt lat="45.7437460" lon="4.7592320">
    <ele>199.7</ele>
    <time>2026-07-01T11:30:52Z</time>
   </trkpt>
   <trkpt lat="45.7437430" lon="4.7591880">
    <ele>199.7</ele>
    <time>2026-07-01T11:30:53Z</time>
   </trkpt>
   <trkpt lat="45.7437550" lon="4.7591440">
    <ele>199.8</ele>
    <time>2026-07-01T11:30:54Z</time>
   </trkpt>
   <trkpt lat="45.7437650" lon="4.7591100">
    <ele>199.8</ele>
    <time>2026-07-01T11:30:55Z</time>
   </trkpt>
   <trkpt lat="45.7437690" lon="4.7590760">
    <ele>199.9</ele>
    <time>2026-07-01T11:30:56Z</time>
   </trkpt>
   <trkpt lat="45.7437720" lon="4.7590430">
    <ele>199.9</ele>
    <time>2026-07-01T11:30:57Z</time>
   </trkpt>
   <trkpt lat="45.7437780" lon="4.7590090">
    <ele>200.0</ele>
    <time>2026-07-01T11:30:58Z</time>
   </trkpt>
   <trkpt lat="45.7437780" lon="4.7589680">
    <ele>200.0</ele>
    <time>2026-07-01T11:30:59Z</time>
   </trkpt>
   <trkpt lat="45.7437760" lon="4.7589260">
    <ele>200.1</ele>
    <time>2026-07-01T11:31:00Z</time>
   </trkpt>
   <trkpt lat="45.7437760" lon="4.7588920">
    <ele>200.1</ele>
    <time>2026-07-01T11:31:01Z</time>
   </trkpt>
   <trkpt lat="45.7437760" lon="4.7588580">
    <ele>200.2</ele>
    <time>2026-07-01T11:31:02Z</time>
   </trkpt>
   <trkpt lat="45.7437840" lon="4.7588250">
    <ele>200.2</ele>
    <time>2026-07-01T11:31:03Z</time>
   </trkpt>
   <trkpt lat="45.7437910" lon="4.7587880">
    <ele>200.2</ele>
    <time>2026-07-01T11:31:04Z</time>
   </trkpt>
   <trkpt lat="45.7437870" lon="4.7587500">
    <ele>200.3</ele>
    <time>2026-07-01T11:31:05Z</time>
   </trkpt>
   <trkpt lat="45.7437810" lon="4.7587080">
    <ele>200.3</ele>
    <time>2026-07-01T11:31:06Z</time>
   </trkpt>
   <trkpt lat="45.7437910" lon="4.7586730">
    <ele>200.3</ele>
    <time>2026-07-01T11:31:07Z</time>
   </trkpt>
   <trkpt lat="45.7438010" lon="4.7586400">
    <ele>200.3</ele>
    <time>2026-07-01T11:31:08Z</time>
   </trkpt>
   <trkpt lat="45.7438080" lon="4.7586030">
    <ele>200.4</ele>
    <time>2026-07-01T11:31:09Z</time>
   </trkpt>
   <trkpt lat="45.7438050" lon="4.7585660">
    <ele>200.4</ele>
    <time>2026-07-01T11:31:10Z</time>
   </trkpt>
   <trkpt lat="45.7438000" lon="4.7585280">
    <ele>200.4</ele>
    <time>2026-07-01T11:31:11Z</time>
   </trkpt>
   <trkpt lat="45.7437930" lon="4.7584880">
    <ele>200.4</ele>
    <time>2026-07-01T11:31:12Z</time>
   </trkpt>
   <trkpt lat="45.7437720" lon="4.7584450">
    <ele>200.5</ele>
    <time>2026-07-01T11:31:13Z</time>
   </trkpt>
   <trkpt lat="45.7437630" lon="4.7584150">
    <ele>200.5</ele>
    <time>2026-07-01T11:31:14Z</time>
   </trkpt>
   <trkpt lat="45.7437590" lon="4.7583820">
    <ele>200.5</ele>
    <time>2026-07-01T11:31:15Z</time>
   </trkpt>
   <trkpt lat="45.7437510" lon="4.7583450">
    <ele>200.6</ele>
    <time>2026-07-01T11:31:16Z</time>
   </trkpt>
   <trkpt lat="45.7437400" lon="4.7583060">
    <ele>200.6</ele>
    <time>2026-07-01T11:31:17Z</time>
   </trkpt>
   <trkpt lat="45.7437270" lon="4.7582690">
    <ele>200.6</ele>
    <time>2026-07-01T11:31:18Z</time>
   </trkpt>
   <trkpt lat="45.7437150" lon="4.7582370">
    <ele>200.7</ele>
    <time>2026-07-01T11:31:19Z</time>
   </trkpt>
   <trkpt lat="45.7437020" lon="4.7582090">
    <ele>200.7</ele>
    <time>2026-07-01T11:31:20Z</time>
   </trkpt>
   <trkpt lat="45.7436920" lon="4.7581740">
    <ele>200.7</ele>
    <time>2026-07-01T11:31:21Z</time>
   </trkpt>
   <trkpt lat="45.7436840" lon="4.7581550">
    <ele>200.8</ele>
    <time>2026-07-01T11:31:22Z</time>
   </trkpt>
   <trkpt lat="45.7436690" lon="4.7581240">
    <ele>200.8</ele>
    <time>2026-07-01T11:31:23Z</time>
   </trkpt>
   <trkpt lat="45.7436550" lon="4.7580980">
    <ele>200.8</ele>
    <time>2026-07-01T11:31:24Z</time>
   </trkpt>
   <trkpt lat="45.7436430" lon="4.7580700">
    <ele>200.9</ele>
    <time>2026-07-01T11:31:25Z</time>
   </trkpt>
   <trkpt lat="45.7436340" lon="4.7580340">
    <ele>200.9</ele>
    <time>2026-07-01T11:31:26Z</time>
   </trkpt>
   <trkpt lat="45.7436220" lon="4.7580080">
    <ele>200.9</ele>
    <time>2026-07-01T11:31:27Z</time>
   </trkpt>
   <trkpt lat="45.7436010" lon="4.7579790">
    <ele>200.9</ele>
    <time>2026-07-01T11:31:28Z</time>
   </trkpt>
   <trkpt lat="45.7435860" lon="4.7579390">
    <ele>201.0</ele>
    <time>2026-07-01T11:31:29Z</time>
   </trkpt>
   <trkpt lat="45.7435660" lon="4.7579030">
    <ele>201.0</ele>
    <time>2026-07-01T11:31:30Z</time>
   </trkpt>
   <trkpt lat="45.7435610" lon="4.7578740">
    <ele>201.0</ele>
    <time>2026-07-01T11:31:31Z</time>
   </trkpt>
   <trkpt lat="45.7435490" lon="4.7578380">
    <ele>201.1</ele>
    <time>2026-07-01T11:31:32Z</time>
   </trkpt>
   <trkpt lat="45.7435390" lon="4.7578040">
    <ele>201.1</ele>
    <time>2026-07-01T11:31:33Z</time>
   </trkpt>
   <trkpt lat="45.7435180" lon="4.7577920">
    <ele>201.2</ele>
    <time>2026-07-01T11:31:34Z</time>
   </trkpt>
   <trkpt lat="45.7435010" lon="4.7577440">
    <ele>201.3</ele>
    <time>2026-07-01T11:31:35Z</time>
   </trkpt>
   <trkpt lat="45.7434910" lon="4.7576960">
    <ele>201.4</ele>
    <time>2026-07-01T11:31:36Z</time>
   </trkpt>
   <trkpt lat="45.7434840" lon="4.7576620">
    <ele>201.5</ele>
    <time>2026-07-01T11:31:37Z</time>
   </trkpt>
   <trkpt lat="45.7434800" lon="4.7576220">
    <ele>201.6</ele>
    <time>2026-07-01T11:31:38Z</time>
   </trkpt>
   <trkpt lat="45.7434700" lon="4.7575850">
    <ele>201.7</ele>
    <time>2026-07-01T11:31:39Z</time>
   </trkpt>
   <trkpt lat="45.7434660" lon="4.7575430">
    <ele>201.8</ele>
    <time>2026-07-01T11:31:40Z</time>
   </trkpt>
   <trkpt lat="45.7434560" lon="4.7575150">
    <ele>201.9</ele>
    <time>2026-07-01T11:31:41Z</time>
   </trkpt>
   <trkpt lat="45.7434450" lon="4.7574780">
    <ele>202.0</ele>
    <time>2026-07-01T11:31:42Z</time>
   </trkpt>
   <trkpt lat="45.7434380" lon="4.7574410">
    <ele>202.2</ele>
    <time>2026-07-01T11:31:43Z</time>
   </trkpt>
   <trkpt lat="45.7434350" lon="4.7574190">
    <ele>202.2</ele>
    <time>2026-07-01T11:31:44Z</time>
   </trkpt>
   <trkpt lat="45.7434300" lon="4.7573780">
    <ele>202.3</ele>
    <time>2026-07-01T11:31:45Z</time>
   </trkpt>
   <trkpt lat="45.7434280" lon="4.7573370">
    <ele>202.4</ele>
    <time>2026-07-01T11:31:46Z</time>
   </trkpt>
   <trkpt lat="45.7434140" lon="4.7573130">
    <ele>202.5</ele>
    <time>2026-07-01T11:31:47Z</time>
   </trkpt>
   <trkpt lat="45.7434100" lon="4.7572800">
    <ele>202.6</ele>
    <time>2026-07-01T11:31:48Z</time>
   </trkpt>
   <trkpt lat="45.7434070" lon="4.7572430">
    <ele>202.6</ele>
    <time>2026-07-01T11:31:49Z</time>
   </trkpt>
   <trkpt lat="45.7434210" lon="4.7572000">
    <ele>202.7</ele>
    <time>2026-07-01T11:31:50Z</time>
   </trkpt>
   <trkpt lat="45.7434050" lon="4.7571500">
    <ele>202.8</ele>
    <time>2026-07-01T11:31:51Z</time>
   </trkpt>
   <trkpt lat="45.7434020" lon="4.7571110">
    <ele>202.8</ele>
    <time>2026-07-01T11:31:52Z</time>
   </trkpt>
   <trkpt lat="45.7433950" lon="4.7570630">
    <ele>202.9</ele>
    <time>2026-07-01T11:31:53Z</time>
   </trkpt>
   <trkpt lat="45.7433980" lon="4.7570320">
    <ele>202.9</ele>
    <time>2026-07-01T11:31:54Z</time>
   </trkpt>
   <trkpt lat="45.7433910" lon="4.7569950">
    <ele>203.0</ele>
    <time>2026-07-01T11:31:55Z</time>
   </trkpt>
   <trkpt lat="45.7433960" lon="4.7569620">
    <ele>203.0</ele>
    <time>2026-07-01T11:31:56Z</time>
   </trkpt>
   <trkpt lat="45.7434020" lon="4.7569260">
    <ele>203.0</ele>
    <time>2026-07-01T11:31:57Z</time>
   </trkpt>
   <trkpt lat="45.7433970" lon="4.7568840">
    <ele>203.1</ele>
    <time>2026-07-01T11:31:58Z</time>
   </trkpt>
   <trkpt lat="45.7433840" lon="4.7568470">
    <ele>203.1</ele>
    <time>2026-07-01T11:31:59Z</time>
   </trkpt>
   <trkpt lat="45.7433880" lon="4.7568080">
    <ele>203.1</ele>
    <time>2026-07-01T11:32:00Z</time>
   </trkpt>
   <trkpt lat="45.7433880" lon="4.7567640">
    <ele>203.1</ele>
    <time>2026-07-01T11:32:01Z</time>
   </trkpt>
   <trkpt lat="45.7433920" lon="4.7567170">
    <ele>203.1</ele>
    <time>2026-07-01T11:32:02Z</time>
   </trkpt>
   <trkpt lat="45.7433770" lon="4.7566690">
    <ele>203.2</ele>
    <time>2026-07-01T11:32:03Z</time>
   </trkpt>
   <trkpt lat="45.7433690" lon="4.7566230">
    <ele>203.2</ele>
    <time>2026-07-01T11:32:04Z</time>
   </trkpt>
   <trkpt lat="45.7433570" lon="4.7565930">
    <ele>203.2</ele>
    <time>2026-07-01T11:32:05Z</time>
   </trkpt>
   <trkpt lat="45.7433680" lon="4.7565640">
    <ele>203.2</ele>
    <time>2026-07-01T11:32:06Z</time>
   </trkpt>
   <trkpt lat="45.7433800" lon="4.7565240">
    <ele>203.3</ele>
    <time>2026-07-01T11:32:07Z</time>
   </trkpt>
   <trkpt lat="45.7433680" lon="4.7564920">
    <ele>203.3</ele>
    <time>2026-07-01T11:32:08Z</time>
   </trkpt>
   <trkpt lat="45.7433600" lon="4.7564560">
    <ele>203.3</ele>
    <time>2026-07-01T11:32:09Z</time>
   </trkpt>
   <trkpt lat="45.7433650" lon="4.7564140">
    <ele>203.3</ele>
    <time>2026-07-01T11:32:10Z</time>
   </trkpt>
   <trkpt lat="45.7433740" lon="4.7563750">
    <ele>203.4</ele>
    <time>2026-07-01T11:32:11Z</time>
   </trkpt>
   <trkpt lat="45.7433840" lon="4.7563440">
    <ele>203.4</ele>
    <time>2026-07-01T11:32:12Z</time>
   </trkpt>
   <trkpt lat="45.7434010" lon="4.7563140">
    <ele>203.4</ele>
    <time>2026-07-01T11:32:13Z</time>
   </trkpt>
   <trkpt lat="45.7434110" lon="4.7562850">
    <ele>203.4</ele>
    <time>2026-07-01T11:32:14Z</time>
   </trkpt>
   <trkpt lat="45.7434150" lon="4.7562520">
    <ele>203.4</ele>
    <time>2026-07-01T11:32:15Z</time>
   </trkpt>
   <trkpt lat="45.7434210" lon="4.7562230">
    <ele>203.5</ele>
    <time>2026-07-01T11:32:16Z</time>
   </trkpt>
   <trkpt lat="45.7434240" lon="4.7561770">
    <ele>203.5</ele>
    <time>2026-07-01T11:32:17Z</time>
   </trkpt>
   <trkpt lat="45.7434430" lon="4.7561530">
    <ele>203.5</ele>
    <time>2026-07-01T11:32:18Z</time>
   </trkpt>
   <trkpt lat="45.7434530" lon="4.7561120">
    <ele>203.5</ele>
    <time>2026-07-01T11:32:19Z</time>
   </trkpt>
   <trkpt lat="45.7434570" lon="4.7560850">
    <ele>203.5</ele>
    <time>2026-07-01T11:32:20Z</time>
   </trkpt>
   <trkpt lat="45.7434420" lon="4.7560420">
    <ele>203.5</ele>
    <time>2026-07-01T11:32:21Z</time>
   </trkpt>
   <trkpt lat="45.7434250" lon="4.7559980">
    <ele>203.5</ele>
    <time>2026-07-01T11:32:22Z</time>
   </trkpt>
   <trkpt lat="45.7434120" lon="4.7559520">
    <ele>203.5</ele>
    <time>2026-07-01T11:32:23Z</time>
   </trkpt>
   <trkpt lat="45.7434000" lon="4.7559110">
    <ele>203.5</ele>
    <time>2026-07-01T11:32:24Z</time>
   </trkpt>
   <trkpt lat="45.7433890" lon="4.7558650">
    <ele>203.6</ele>
    <time>2026-07-01T11:32:25Z</time>
   </trkpt>
   <trkpt lat="45.7433840" lon="4.7558430">
    <ele>203.6</ele>
    <time>2026-07-01T11:32:26Z</time>
   </trkpt>
   <trkpt lat="45.7433750" lon="4.7558010">
    <ele>203.6</ele>
    <time>2026-07-01T11:32:27Z</time>
   </trkpt>
   <trkpt lat="45.7433730" lon="4.7557610">
    <ele>203.6</ele>
    <time>2026-07-01T11:32:28Z</time>
   </trkpt>
   <trkpt lat="45.7433600" lon="4.7557230">
    <ele>203.7</ele>
    <time>2026-07-01T11:32:29Z</time>
   </trkpt>
   <trkpt lat="45.7433490" lon="4.7556860">
    <ele>203.7</ele>
    <time>2026-07-01T11:32:30Z</time>
   </trkpt>
   <trkpt lat="45.7433400" lon="4.7556520">
    <ele>203.8</ele>
    <time>2026-07-01T11:32:31Z</time>
   </trkpt>
   <trkpt lat="45.7433310" lon="4.7556130">
    <ele>203.8</ele>
    <time>2026-07-01T11:32:32Z</time>
   </trkpt>
   <trkpt lat="45.7433150" lon="4.7555680">
    <ele>203.9</ele>
    <time>2026-07-01T11:32:33Z</time>
   </trkpt>
   <trkpt lat="45.7433040" lon="4.7555440">
    <ele>203.9</ele>
    <time>2026-07-01T11:32:34Z</time>
   </trkpt>
   <trkpt lat="45.7432840" lon="4.7555170">
    <ele>203.9</ele>
    <time>2026-07-01T11:32:35Z</time>
   </trkpt>
   <trkpt lat="45.7432620" lon="4.7554850">
    <ele>204.0</ele>
    <time>2026-07-01T11:32:36Z</time>
   </trkpt>
   <trkpt lat="45.7432460" lon="4.7554620">
    <ele>204.0</ele>
    <time>2026-07-01T11:32:37Z</time>
   </trkpt>
   <trkpt lat="45.7432220" lon="4.7554350">
    <ele>204.1</ele>
    <time>2026-07-01T11:32:38Z</time>
   </trkpt>
   <trkpt lat="45.7432030" lon="4.7554130">
    <ele>204.2</ele>
    <time>2026-07-01T11:32:39Z</time>
   </trkpt>
   <trkpt lat="45.7431810" lon="4.7554050">
    <ele>204.2</ele>
    <time>2026-07-01T11:32:40Z</time>
   </trkpt>
   <trkpt lat="45.7431580" lon="4.7553890">
    <ele>204.3</ele>
    <time>2026-07-01T11:32:41Z</time>
   </trkpt>
   <trkpt lat="45.7431290" lon="4.7553870">
    <ele>204.3</ele>
    <time>2026-07-01T11:32:42Z</time>
   </trkpt>
   <trkpt lat="45.7431050" lon="4.7553790">
    <ele>204.4</ele>
    <time>2026-07-01T11:32:43Z</time>
   </trkpt>
   <trkpt lat="45.7430800" lon="4.7553720">
    <ele>204.4</ele>
    <time>2026-07-01T11:32:44Z</time>
   </trkpt>
   <trkpt lat="45.7430530" lon="4.7553650">
    <ele>204.5</ele>
    <time>2026-07-01T11:32:45Z</time>
   </trkpt>
   <trkpt lat="45.7430280" lon="4.7553650">
    <ele>204.5</ele>
    <time>2026-07-01T11:32:46Z</time>
   </trkpt>
   <trkpt lat="45.7430050" lon="4.7553630">
    <ele>204.5</ele>
    <time>2026-07-01T11:32:47Z</time>
   </trkpt>
   <trkpt lat="45.7429810" lon="4.7553430">
    <ele>204.6</ele>
    <time>2026-07-01T11:32:48Z</time>
   </trkpt>
   <trkpt lat="45.7429580" lon="4.7553270">
    <ele>204.6</ele>
    <time>2026-07-01T11:32:49Z</time>
   </trkpt>
   <trkpt lat="45.7429320" lon="4.7553090">
    <ele>204.6</ele>
    <time>2026-07-01T11:32:50Z</time>
   </trkpt>
   <trkpt lat="45.7429070" lon="4.7552910">
    <ele>204.6</ele>
    <time>2026-07-01T11:32:51Z</time>
   </trkpt>
   <trkpt lat="45.7428760" lon="4.7552840">
    <ele>204.7</ele>
    <time>2026-07-01T11:32:52Z</time>
   </trkpt>
   <trkpt lat="45.7428450" lon="4.7552890">
    <ele>204.7</ele>
    <time>2026-07-01T11:32:53Z</time>
   </trkpt>
   <trkpt lat="45.7428190" lon="4.7552900">
    <ele>204.7</ele>
    <time>2026-07-01T11:32:54Z</time>
   </trkpt>
   <trkpt lat="45.7427930" lon="4.7552820">
    <ele>204.7</ele>
    <time>2026-07-01T11:32:55Z</time>
   </trkpt>
   <trkpt lat="45.7427650" lon="4.7552700">
    <ele>204.7</ele>
    <time>2026-07-01T11:32:56Z</time>
   </trkpt>
   <trkpt lat="45.7427370" lon="4.7552580">
    <ele>204.7</ele>
    <time>2026-07-01T11:32:57Z</time>
   </trkpt>
   <trkpt lat="45.7427100" lon="4.7552690">
    <ele>204.8</ele>
    <time>2026-07-01T11:32:58Z</time>
   </trkpt>
   <trkpt lat="45.7426820" lon="4.7552730">
    <ele>204.8</ele>
    <time>2026-07-01T11:32:59Z</time>
   </trkpt>
   <trkpt lat="45.7426510" lon="4.7552720">
    <ele>204.9</ele>
    <time>2026-07-01T11:33:00Z</time>
   </trkpt>
   <trkpt lat="45.7426180" lon="4.7552660">
    <ele>204.9</ele>
    <time>2026-07-01T11:33:01Z</time>
   </trkpt>
   <trkpt lat="45.7425890" lon="4.7552550">
    <ele>205.0</ele>
    <time>2026-07-01T11:33:02Z</time>
   </trkpt>
   <trkpt lat="45.7425650" lon="4.7552570">
    <ele>205.1</ele>
    <time>2026-07-01T11:33:03Z</time>
   </trkpt>
   <trkpt lat="45.7425420" lon="4.7552400">
    <ele>205.1</ele>
    <time>2026-07-01T11:33:04Z</time>
   </trkpt>
   <trkpt lat="45.7425240" lon="4.7552270">
    <ele>205.2</ele>
    <time>2026-07-01T11:33:05Z</time>
   </trkpt>
   <trkpt lat="45.7425030" lon="4.7552260">
    <ele>205.3</ele>
    <time>2026-07-01T11:33:06Z</time>
   </trkpt>
   <trkpt lat="45.7424800" lon="4.7552200">
    <ele>205.3</ele>
    <time>2026-07-01T11:33:07Z</time>
   </trkpt>
   <trkpt lat="45.7424510" lon="4.7552290">
    <ele>205.4</ele>
    <time>2026-07-01T11:33:08Z</time>
   </trkpt>
   <trkpt lat="45.7424210" lon="4.7552480">
    <ele>205.5</ele>
    <time>2026-07-01T11:33:09Z</time>
   </trkpt>
   <trkpt lat="45.7423910" lon="4.7552650">
    <ele>205.6</ele>
    <time>2026-07-01T11:33:10Z</time>
   </trkpt>
   <trkpt lat="45.7423640" lon="4.7552710">
    <ele>205.7</ele>
    <time>2026-07-01T11:33:11Z</time>
   </trkpt>
   <trkpt lat="45.7423410" lon="4.7552770">
    <ele>205.7</ele>
    <time>2026-07-01T11:33:12Z</time>
   </trkpt>
   <trkpt lat="45.7423170" lon="4.7552900">
    <ele>205.8</ele>
    <time>2026-07-01T11:33:13Z</time>
   </trkpt>
   <trkpt lat="45.7422970" lon="4.7552870">
    <ele>205.8</ele>
    <time>2026-07-01T11:33:14Z</time>
   </trkpt>
   <trkpt lat="45.7422710" lon="4.7552900">
    <ele>205.9</ele>
    <time>2026-07-01T11:33:15Z</time>
   </trkpt>
   <trkpt lat="45.7422370" lon="4.7552860">
    <ele>206.0</ele>
    <time>2026-07-01T11:33:16Z</time>
   </trkpt>
   <trkpt lat="45.7422110" lon="4.7552700">
    <ele>206.0</ele>
    <time>2026-07-01T11:33:17Z</time>
   </trkpt>
   <trkpt lat="45.7421890" lon="4.7552700">
    <ele>206.1</ele>
    <time>2026-07-01T11:33:18Z</time>
   </trkpt>
   <trkpt lat="45.7421610" lon="4.7552460">
    <ele>206.1</ele>
    <time>2026-07-01T11:33:19Z</time>
   </trkpt>
   <trkpt lat="45.7421330" lon="4.7552200">
    <ele>206.2</ele>
    <time>2026-07-01T11:33:20Z</time>
   </trkpt>
   <trkpt lat="45.7421110" lon="4.7551810">
    <ele>206.2</ele>
    <time>2026-07-01T11:33:21Z</time>
   </trkpt>
   <trkpt lat="45.7420940" lon="4.7551500">
    <ele>206.3</ele>
    <time>2026-07-01T11:33:22Z</time>
   </trkpt>
   <trkpt lat="45.7420800" lon="4.7551100">
    <ele>206.3</ele>
    <time>2026-07-01T11:33:23Z</time>
   </trkpt>
   <trkpt lat="45.7420600" lon="4.7550780">
    <ele>206.3</ele>
    <time>2026-07-01T11:33:24Z</time>
   </trkpt>
   <trkpt lat="45.7420340" lon="4.7550550">
    <ele>206.4</ele>
    <time>2026-07-01T11:33:25Z</time>
   </trkpt>
   <trkpt lat="45.7420230" lon="4.7550140">
    <ele>206.5</ele>
    <time>2026-07-01T11:33:26Z</time>
   </trkpt>
   <trkpt lat="45.7419910" lon="4.7549990">
    <ele>206.5</ele>
    <time>2026-07-01T11:33:27Z</time>
   </trkpt>
   <trkpt lat="45.7419790" lon="4.7549630">
    <ele>206.6</ele>
    <time>2026-07-01T11:33:28Z</time>
   </trkpt>
   <trkpt lat="45.7419660" lon="4.7549220">
    <ele>206.7</ele>
    <time>2026-07-01T11:33:29Z</time>
   </trkpt>
   <trkpt lat="45.7419470" lon="4.7548930">
    <ele>206.8</ele>
    <time>2026-07-01T11:33:30Z</time>
   </trkpt>
   <trkpt lat="45.7419390" lon="4.7548520">
    <ele>206.9</ele>
    <time>2026-07-01T11:33:31Z</time>
   </trkpt>
   <trkpt lat="45.7419120" lon="4.7548450">
    <ele>207.0</ele>
    <time>2026-07-01T11:33:32Z</time>
   </trkpt>
   <trkpt lat="45.7418950" lon="4.7548190">
    <ele>207.1</ele>
    <time>2026-07-01T11:33:33Z</time>
   </trkpt>
   <trkpt lat="45.7418920" lon="4.7547800">
    <ele>207.3</ele>
    <time>2026-07-01T11:33:34Z</time>
   </trkpt>
   <trkpt lat="45.7418870" lon="4.7547340">
    <ele>207.4</ele>
    <time>2026-07-01T11:33:35Z</time>
   </trkpt>
   <trkpt lat="45.7418770" lon="4.7547020">
    <ele>207.5</ele>
    <time>2026-07-01T11:33:36Z</time>
   </trkpt>
   <trkpt lat="45.7418680" lon="4.7546610">
    <ele>207.6</ele>
    <time>2026-07-01T11:33:37Z</time>
   </trkpt>
   <trkpt lat="45.7418600" lon="4.7546310">
    <ele>207.7</ele>
    <time>2026-07-01T11:33:38Z</time>
   </trkpt>
   <trkpt lat="45.7418440" lon="4.7545900">
    <ele>207.9</ele>
    <time>2026-07-01T11:33:39Z</time>
   </trkpt>
   <trkpt lat="45.7418320" lon="4.7545570">
    <ele>208.0</ele>
    <time>2026-07-01T11:33:40Z</time>
   </trkpt>
   <trkpt lat="45.7418220" lon="4.7545240">
    <ele>208.1</ele>
    <time>2026-07-01T11:33:41Z</time>
   </trkpt>
   <trkpt lat="45.7418180" lon="4.7544980">
    <ele>208.1</ele>
    <time>2026-07-01T11:33:42Z</time>
   </trkpt>
   <trkpt lat="45.7418150" lon="4.7544660">
    <ele>208.2</ele>
    <time>2026-07-01T11:33:43Z</time>
   </trkpt>
   <trkpt lat="45.7418080" lon="4.7544350">
    <ele>208.3</ele>
    <time>2026-07-01T11:33:44Z</time>
   </trkpt>
   <trkpt lat="45.7417900" lon="4.7544220">
    <ele>208.3</ele>
    <time>2026-07-01T11:33:45Z</time>
   </trkpt>
   <trkpt lat="45.7417900" lon="4.7543880">
    <ele>208.3</ele>
    <time>2026-07-01T11:33:46Z</time>
   </trkpt>
   <trkpt lat="45.7418080" lon="4.7543360">
    <ele>208.2</ele>
    <time>2026-07-01T11:33:47Z</time>
   </trkpt>
   <trkpt lat="45.7418440" lon="4.7543000">
    <ele>208.1</ele>
    <time>2026-07-01T11:33:48Z</time>
   </trkpt>
   <trkpt lat="45.7418670" lon="4.7542750">
    <ele>208.0</ele>
    <time>2026-07-01T11:33:49Z</time>
   </trkpt>
   <trkpt lat="45.7418920" lon="4.7542540">
    <ele>207.9</ele>
    <time>2026-07-01T11:33:50Z</time>
   </trkpt>
   <trkpt lat="45.7419160" lon="4.7542290">
    <ele>207.8</ele>
    <time>2026-07-01T11:33:51Z</time>
   </trkpt>
   <trkpt lat="45.7419260" lon="4.7541850">
    <ele>207.8</ele>
    <time>2026-07-01T11:33:52Z</time>
   </trkpt>
   <trkpt lat="45.7419240" lon="4.7541400">
    <ele>207.7</ele>
    <time>2026-07-01T11:33:53Z</time>
   </trkpt>
   <trkpt lat="45.7419310" lon="4.7541010">
    <ele>207.6</ele>
    <time>2026-07-01T11:33:54Z</time>
   </trkpt>
   <trkpt lat="45.7419340" lon="4.7540600">
    <ele>207.5</ele>
    <time>2026-07-01T11:33:55Z</time>
   </trkpt>
   <trkpt lat="45.7419280" lon="4.7540210">
    <ele>207.5</ele>
    <time>2026-07-01T11:33:56Z</time>
   </trkpt>
   <trkpt lat="45.7419240" lon="4.7539850">
    <ele>207.4</ele>
    <time>2026-07-01T11:33:57Z</time>
   </trkpt>
   <trkpt lat="45.7419100" lon="4.7539530">
    <ele>207.3</ele>
    <time>2026-07-01T11:33:58Z</time>
   </trkpt>
   <trkpt lat="45.7418880" lon="4.7539380">
    <ele>207.1</ele>
    <time>2026-07-01T11:33:59Z</time>
   </trkpt>
   <trkpt lat="45.7418620" lon="4.7539260">
    <ele>206.9</ele>
    <time>2026-07-01T11:34:00Z</time>
   </trkpt>
   <trkpt lat="45.7418310" lon="4.7538960">
    <ele>206.7</ele>
    <time>2026-07-01T11:34:01Z</time>
   </trkpt>
   <trkpt lat="45.7418040" lon="4.7538750">
    <ele>206.6</ele>
    <time>2026-07-01T11:34:02Z</time>
   </trkpt>
   <trkpt lat="45.7417790" lon="4.7538500">
    <ele>206.5</ele>
    <time>2026-07-01T11:34:03Z</time>
   </trkpt>
   <trkpt lat="45.7417650" lon="4.7538130">
    <ele>206.4</ele>
    <time>2026-07-01T11:34:04Z</time>
   </trkpt>
   <trkpt lat="45.7417590" lon="4.7537680">
    <ele>206.4</ele>
    <time>2026-07-01T11:34:05Z</time>
   </trkpt>
   <trkpt lat="45.7417560" lon="4.7537240">
    <ele>206.3</ele>
    <time>2026-07-01T11:34:06Z</time>
   </trkpt>
   <trkpt lat="45.7417490" lon="4.7536930">
    <ele>206.3</ele>
    <time>2026-07-01T11:34:07Z</time>
   </trkpt>
   <trkpt lat="45.7417360" lon="4.7536610">
    <ele>206.3</ele>
    <time>2026-07-01T11:34:08Z</time>
   </trkpt>
   <trkpt lat="45.7417360" lon="4.7536240">
    <ele>206.3</ele>
    <time>2026-07-01T11:34:09Z</time>
   </trkpt>
   <trkpt lat="45.7417350" lon="4.7535960">
    <ele>206.4</ele>
    <time>2026-07-01T11:34:10Z</time>
   </trkpt>
   <trkpt lat="45.7417080" lon="4.7535530">
    <ele>206.4</ele>
    <time>2026-07-01T11:34:11Z</time>
   </trkpt>
   <trkpt lat="45.7416840" lon="4.7535100">
    <ele>206.5</ele>
    <time>2026-07-01T11:34:12Z</time>
   </trkpt>
   <trkpt lat="45.7416710" lon="4.7534590">
    <ele>206.6</ele>
    <time>2026-07-01T11:34:13Z</time>
   </trkpt>
   <trkpt lat="45.7416690" lon="4.7534140">
    <ele>206.6</ele>
    <time>2026-07-01T11:34:14Z</time>
   </trkpt>
   <trkpt lat="45.7416650" lon="4.7533820">
    <ele>206.7</ele>
    <time>2026-07-01T11:34:15Z</time>
   </trkpt>
   <trkpt lat="45.7416550" lon="4.7533530">
    <ele>206.7</ele>
    <time>2026-07-01T11:34:16Z</time>
   </trkpt>
   <trkpt lat="45.7416480" lon="4.7533150">
    <ele>206.8</ele>
    <time>2026-07-01T11:34:17Z</time>
   </trkpt>
   <trkpt lat="45.7416470" lon="4.7532780">
    <ele>206.9</ele>
    <time>2026-07-01T11:34:18Z</time>
   </trkpt>
   <trkpt lat="45.7416470" lon="4.7532490">
    <ele>206.9</ele>
    <time>2026-07-01T11:34:19Z</time>
   </trkpt>
   <trkpt lat="45.7416310" lon="4.7532030">
    <ele>207.0</ele>
    <time>2026-07-01T11:34:20Z</time>
   </trkpt>
   <trkpt lat="45.7416270" lon="4.7531640">
    <ele>207.1</ele>
    <time>2026-07-01T11:34:21Z</time>
   </trkpt>
   <trkpt lat="45.7416020" lon="4.7531280">
    <ele>207.3</ele>
    <time>2026-07-01T11:34:22Z</time>
   </trkpt>
   <trkpt lat="45.7415920" lon="4.7530870">
    <ele>207.4</ele>
    <time>2026-07-01T11:34:23Z</time>
   </trkpt>
   <trkpt lat="45.7415940" lon="4.7530600">
    <ele>207.4</ele>
    <time>2026-07-01T11:34:24Z</time>
   </trkpt>
   <trkpt lat="45.7415890" lon="4.7530270">
    <ele>207.5</ele>
    <time>2026-07-01T11:34:25Z</time>
   </trkpt>
   <trkpt lat="45.7415870" lon="4.7529960">
    <ele>207.6</ele>
    <time>2026-07-01T11:34:26Z</time>
   </trkpt>
   <trkpt lat="45.7415780" lon="4.7529550">
    <ele>207.7</ele>
    <time>2026-07-01T11:34:27Z</time>
   </trkpt>
   <trkpt lat="45.7415610" lon="4.7529020">
    <ele>207.9</ele>
    <time>2026-07-01T11:34:28Z</time>
   </trkpt>
   <trkpt lat="45.7415630" lon="4.7528530">
    <ele>208.0</ele>
    <time>2026-07-01T11:34:29Z</time>
   </trkpt>
   <trkpt lat="45.7415570" lon="4.7528170">
    <ele>208.1</ele>
    <time>2026-07-01T11:34:30Z</time>
   </trkpt>
   <trkpt lat="45.7415610" lon="4.7527850">
    <ele>208.2</ele>
    <time>2026-07-01T11:34:31Z</time>
   </trkpt>
   <trkpt lat="45.7415690" lon="4.7527510">
    <ele>208.3</ele>
    <time>2026-07-01T11:34:32Z</time>
   </trkpt>
   <trkpt lat="45.7415720" lon="4.7527050">
    <ele>208.4</ele>
    <time>2026-07-01T11:34:33Z</time>
   </trkpt>
   <trkpt lat="45.7415720" lon="4.7526650">
    <ele>208.5</ele>
    <time>2026-07-01T11:34:34Z</time>
   </trkpt>
   <trkpt lat="45.7415730" lon="4.7526300">
    <ele>208.6</ele>
    <time>2026-07-01T11:34:35Z</time>
   </trkpt>
   <trkpt lat="45.7415690" lon="4.7525970">
    <ele>208.6</ele>
    <time>2026-07-01T11:34:36Z</time>
   </trkpt>
   <trkpt lat="45.7415610" lon="4.7525780">
    <ele>208.6</ele>
    <time>2026-07-01T11:34:37Z</time>
   </trkpt>
   <trkpt lat="45.7415550" lon="4.7525520">
    <ele>208.7</ele>
    <time>2026-07-01T11:34:38Z</time>
   </trkpt>
   <trkpt lat="45.7415390" lon="4.7525270">
    <ele>208.7</ele>
    <time>2026-07-01T11:34:39Z</time>
   </trkpt>
   <trkpt lat="45.7415170" lon="4.7524960">
    <ele>208.7</ele>
    <time>2026-07-01T11:34:40Z</time>
   </trkpt>
   <trkpt lat="45.7414940" lon="4.7524660">
    <ele>208.7</ele>
    <time>2026-07-01T11:34:41Z</time>
   </trkpt>
   <trkpt lat="45.7414730" lon="4.7524330">
    <ele>208.6</ele>
    <time>2026-07-01T11:34:42Z</time>
   </trkpt>
   <trkpt lat="45.7414610" lon="4.7523910">
    <ele>208.6</ele>
    <time>2026-07-01T11:34:43Z</time>
   </trkpt>
   <trkpt lat="45.7414440" lon="4.7523510">
    <ele>208.5</ele>
    <time>2026-07-01T11:34:44Z</time>
   </trkpt>
   <trkpt lat="45.7414300" lon="4.7523230">
    <ele>208.5</ele>
    <time>2026-07-01T11:34:45Z</time>
   </trkpt>
   <trkpt lat="45.7414200" lon="4.7522860">
    <ele>208.5</ele>
    <time>2026-07-01T11:34:46Z</time>
   </trkpt>
   <trkpt lat="45.7414060" lon="4.7522520">
    <ele>208.4</ele>
    <time>2026-07-01T11:34:47Z</time>
   </trkpt>
   <trkpt lat="45.7413910" lon="4.7522150">
    <ele>208.4</ele>
    <time>2026-07-01T11:34:48Z</time>
   </trkpt>
   <trkpt lat="45.7413810" lon="4.7521740">
    <ele>208.4</ele>
    <time>2026-07-01T11:34:49Z</time>
   </trkpt>
   <trkpt lat="45.7413630" lon="4.7521340">
    <ele>208.3</ele>
    <time>2026-07-01T11:34:50Z</time>
   </trkpt>
   <trkpt lat="45.7413600" lon="4.7520900">
    <ele>208.3</ele>
    <time>2026-07-01T11:34:51Z</time>
   </trkpt>
   <trkpt lat="45.7413560" lon="4.7520600">
    <ele>208.3</ele>
    <time>2026-07-01T11:34:52Z</time>
   </trkpt>
   <trkpt lat="45.7413440" lon="4.7520280">
    <ele>208.3</ele>
    <time>2026-07-01T11:34:53Z</time>
   </trkpt>
   <trkpt lat="45.7413300" lon="4.7519800">
    <ele>208.4</ele>
    <time>2026-07-01T11:34:54Z</time>
   </trkpt>
   <trkpt lat="45.7413110" lon="4.7519410">
    <ele>208.4</ele>
    <time>2026-07-01T11:34:55Z</time>
   </trkpt>
   <trkpt lat="45.7412960" lon="4.7518860">
    <ele>208.4</ele>
    <time>2026-07-01T11:34:56Z</time>
   </trkpt>
   <trkpt lat="45.7412870" lon="4.7518370">
    <ele>208.4</ele>
    <time>2026-07-01T11:34:57Z</time>
   </trkpt>
   <trkpt lat="45.7412820" lon="4.7518050">
    <ele>208.4</ele>
    <time>2026-07-01T11:34:58Z</time>
   </trkpt>
   <trkpt lat="45.7412760" lon="4.7517550">
    <ele>208.4</ele>
    <time>2026-07-01T11:34:59Z</time>
   </trkpt>
   <trkpt lat="45.7412650" lon="4.7517140">
    <ele>208.4</ele>
    <time>2026-07-01T11:35:00Z</time>
   </trkpt>
   <trkpt lat="45.7412400" lon="4.7516900">
    <ele>208.4</ele>
    <time>2026-07-01T11:35:01Z</time>
   </trkpt>
   <trkpt lat="45.7412360" lon="4.7516480">
    <ele>208.4</ele>
    <time>2026-07-01T11:35:02Z</time>
   </trkpt>
   <trkpt lat="45.7412270" lon="4.7516030">
    <ele>208.4</ele>
    <time>2026-07-01T11:35:03Z</time>
   </trkpt>
   <trkpt lat="45.7412170" lon="4.7515680">
    <ele>208.5</ele>
    <time>2026-07-01T11:35:04Z</time>
   </trkpt>
   <trkpt lat="45.7412080" lon="4.7515360">
    <ele>208.5</ele>
    <time>2026-07-01T11:35:05Z</time>
   </trkpt>
   <trkpt lat="45.7412100" lon="4.7514910">
    <ele>208.6</ele>
    <time>2026-07-01T11:35:06Z</time>
   </trkpt>
   <trkpt lat="45.7412040" lon="4.7514460">
    <ele>208.7</ele>
    <time>2026-07-01T11:35:07Z</time>
   </trkpt>
   <trkpt lat="45.7412120" lon="4.7514070">
    <ele>208.8</ele>
    <time>2026-07-01T11:35:08Z</time>
   </trkpt>
   <trkpt lat="45.7412290" lon="4.7513440">
    <ele>208.9</ele>
    <time>2026-07-01T11:35:09Z</time>
   </trkpt>
   <trkpt lat="45.7412450" lon="4.7513060">
    <ele>209.1</ele>
    <time>2026-07-01T11:35:10Z</time>
   </trkpt>
   <trkpt lat="45.7412600" lon="4.7512730">
    <ele>209.2</ele>
    <time>2026-07-01T11:35:11Z</time>
   </trkpt>
   <trkpt lat="45.7412750" lon="4.7512620">
    <ele>209.2</ele>
    <time>2026-07-01T11:35:12Z</time>
   </trkpt>
   <trkpt lat="45.7412940" lon="4.7512360">
    <ele>209.3</ele>
    <time>2026-07-01T11:35:13Z</time>
   </trkpt>
   <trkpt lat="45.7413110" lon="4.7511940">
    <ele>209.4</ele>
    <time>2026-07-01T11:35:14Z</time>
   </trkpt>
   <trkpt lat="45.7413280" lon="4.7511620">
    <ele>209.5</ele>
    <time>2026-07-01T11:35:15Z</time>
   </trkpt>
   <trkpt lat="45.7413410" lon="4.7511390">
    <ele>209.5</ele>
    <time>2026-07-01T11:35:16Z</time>
   </trkpt>
   <trkpt lat="45.7413520" lon="4.7511050">
    <ele>209.6</ele>
    <time>2026-07-01T11:35:17Z</time>
   </trkpt>
   <trkpt lat="45.7413550" lon="4.7510630">
    <ele>209.6</ele>
    <time>2026-07-01T11:35:18Z</time>
   </trkpt>
   <trkpt lat="45.7413660" lon="4.7510220">
    <ele>209.7</ele>
    <time>2026-07-01T11:35:19Z</time>
   </trkpt>
   <trkpt lat="45.7413660" lon="4.7509810">
    <ele>209.8</ele>
    <time>2026-07-01T11:35:20Z</time>
   </trkpt>
   <trkpt lat="45.7413680" lon="4.7509470">
    <ele>209.8</ele>
    <time>2026-07-01T11:35:21Z</time>
   </trkpt>
   <trkpt lat="45.7413760" lon="4.7509300">
    <ele>209.8</ele>
    <time>2026-07-01T11:35:22Z</time>
   </trkpt>
   <trkpt lat="45.7413840" lon="4.7509000">
    <ele>209.9</ele>
    <time>2026-07-01T11:35:23Z</time>
   </trkpt>
   <trkpt lat="45.7413930" lon="4.7508630">
    <ele>209.9</ele>
    <time>2026-07-01T11:35:24Z</time>
   </trkpt>
   <trkpt lat="45.7414020" lon="4.7508170">
    <ele>210.0</ele>
    <time>2026-07-01T11:35:25Z</time>
   </trkpt>
   <trkpt lat="45.7414050" lon="4.7507830">
    <ele>210.0</ele>
    <time>2026-07-01T11:35:26Z</time>
   </trkpt>
   <trkpt lat="45.7414140" lon="4.7507580">
    <ele>210.0</ele>
    <time>2026-07-01T11:35:27Z</time>
   </trkpt>
   <trkpt lat="45.7414170" lon="4.7507270">
    <ele>210.1</ele>
    <time>2026-07-01T11:35:28Z</time>
   </trkpt>
   <trkpt lat="45.7414220" lon="4.7506870">
    <ele>210.1</ele>
    <time>2026-07-01T11:35:29Z</time>
   </trkpt>
   <trkpt lat="45.7414270" lon="4.7506490">
    <ele>210.1</ele>
    <time>2026-07-01T11:35:30Z</time>
   </trkpt>
   <trkpt lat="45.7414290" lon="4.7505970">
    <ele>210.2</ele>
    <time>2026-07-01T11:35:31Z</time>
   </trkpt>
   <trkpt lat="45.7414400" lon="4.7505540">
    <ele>210.2</ele>
    <time>2026-07-01T11:35:32Z</time>
   </trkpt>
   <trkpt lat="45.7414500" lon="4.7505110">
    <ele>210.2</ele>
    <time>2026-07-01T11:35:33Z</time>
   </trkpt>
   <trkpt lat="45.7414460" lon="4.7504690">
    <ele>210.2</ele>
    <time>2026-07-01T11:35:34Z</time>
   </trkpt>
   <trkpt lat="45.7414480" lon="4.7504310">
    <ele>210.3</ele>
    <time>2026-07-01T11:35:35Z</time>
   </trkpt>
   <trkpt lat="45.7414580" lon="4.7503980">
    <ele>210.3</ele>
    <time>2026-07-01T11:35:36Z</time>
   </trkpt>
   <trkpt lat="45.7414650" lon="4.7503630">
    <ele>210.3</ele>
    <time>2026-07-01T11:35:37Z</time>
   </trkpt>
   <trkpt lat="45.7414690" lon="4.7503290">
    <ele>210.4</ele>
    <time>2026-07-01T11:35:38Z</time>
   </trkpt>
   <trkpt lat="45.7414710" lon="4.7502850">
    <ele>210.4</ele>
    <time>2026-07-01T11:35:39Z</time>
   </trkpt>
   <trkpt lat="45.7414700" lon="4.7502490">
    <ele>210.5</ele>
    <time>2026-07-01T11:35:40Z</time>
   </trkpt>
   <trkpt lat="45.7414760" lon="4.7502010">
    <ele>210.6</ele>
    <time>2026-07-01T11:35:41Z</time>
   </trkpt>
   <trkpt lat="45.7414810" lon="4.7501570">
    <ele>210.7</ele>
    <time>2026-07-01T11:35:42Z</time>
   </trkpt>
   <trkpt lat="45.7414800" lon="4.7501150">
    <ele>210.7</ele>
    <time>2026-07-01T11:35:43Z</time>
   </trkpt>
   <trkpt lat="45.7414950" lon="4.7500800">
    <ele>210.8</ele>
    <time>2026-07-01T11:35:44Z</time>
   </trkpt>
   <trkpt lat="45.7415170" lon="4.7500480">
    <ele>210.9</ele>
    <time>2026-07-01T11:35:45Z</time>
   </trkpt>
   <trkpt lat="45.7415300" lon="4.7500190">
    <ele>211.1</ele>
    <time>2026-07-01T11:35:46Z</time>
   </trkpt>
   <trkpt lat="45.7415410" lon="4.7499950">
    <ele>211.2</ele>
    <time>2026-07-01T11:35:47Z</time>
   </trkpt>
   <trkpt lat="45.7415520" lon="4.7499670">
    <ele>211.3</ele>
    <time>2026-07-01T11:35:48Z</time>
   </trkpt>
   <trkpt lat="45.7415800" lon="4.7499630">
    <ele>211.5</ele>
    <time>2026-07-01T11:35:49Z</time>
   </trkpt>
   <trkpt lat="45.7416150" lon="4.7499910">
    <ele>211.7</ele>
    <time>2026-07-01T11:35:50Z</time>
   </trkpt>
   <trkpt lat="45.7416380" lon="4.7500190">
    <ele>211.9</ele>
    <time>2026-07-01T11:35:51Z</time>
   </trkpt>
   <trkpt lat="45.7416600" lon="4.7500280">
    <ele>212.1</ele>
    <time>2026-07-01T11:35:52Z</time>
   </trkpt>
   <trkpt lat="45.7416790" lon="4.7500370">
    <ele>212.3</ele>
    <time>2026-07-01T11:35:53Z</time>
   </trkpt>
   <trkpt lat="45.7417010" lon="4.7500380">
    <ele>212.4</ele>
    <time>2026-07-01T11:35:54Z</time>
   </trkpt>
   <trkpt lat="45.7417280" lon="4.7500390">
    <ele>212.7</ele>
    <time>2026-07-01T11:35:55Z</time>
   </trkpt>
   <trkpt lat="45.7417570" lon="4.7500360">
    <ele>213.0</ele>
    <time>2026-07-01T11:35:56Z</time>
   </trkpt>
   <trkpt lat="45.7417810" lon="4.7500280">
    <ele>213.2</ele>
    <time>2026-07-01T11:35:57Z</time>
   </trkpt>
   <trkpt lat="45.7418040" lon="4.7500250">
    <ele>213.5</ele>
    <time>2026-07-01T11:35:58Z</time>
   </trkpt>
   <trkpt lat="45.7418240" lon="4.7500290">
    <ele>213.8</ele>
    <time>2026-07-01T11:35:59Z</time>
   </trkpt>
   <trkpt lat="45.7418470" lon="4.7500210">
    <ele>214.1</ele>
    <time>2026-07-01T11:36:00Z</time>
   </trkpt>
   <trkpt lat="45.7418690" lon="4.7500320">
    <ele>214.5</ele>
    <time>2026-07-01T11:36:01Z</time>
   </trkpt>
   <trkpt lat="45.7418780" lon="4.7500820">
    <ele>215.0</ele>
    <time>2026-07-01T11:36:02Z</time>
   </trkpt>
   <trkpt lat="45.7418800" lon="4.7501280">
    <ele>215.6</ele>
    <time>2026-07-01T11:36:03Z</time>
   </trkpt>
   <trkpt lat="45.7418970" lon="4.7501550">
    <ele>216.1</ele>
    <time>2026-07-01T11:36:04Z</time>
   </trkpt>
   <trkpt lat="45.7419190" lon="4.7501670">
    <ele>216.5</ele>
    <time>2026-07-01T11:36:05Z</time>
   </trkpt>
   <trkpt lat="45.7419240" lon="4.7501550">
    <ele>216.6</ele>
    <time>2026-07-01T11:36:06Z</time>
   </trkpt>
   <trkpt lat="45.7419310" lon="4.7501260">
    <ele>217.0</ele>
    <time>2026-07-01T11:36:07Z</time>
   </trkpt>
   <trkpt lat="45.7419360" lon="4.7500940">
    <ele>217.4</ele>
    <time>2026-07-01T11:36:08Z</time>
   </trkpt>
   <trkpt lat="45.7419420" lon="4.7500730">
    <ele>217.7</ele>
    <time>2026-07-01T11:36:09Z</time>
   </trkpt>
   <trkpt lat="45.7419440" lon="4.7500500">
    <ele>217.9</ele>
    <time>2026-07-01T11:36:10Z</time>
   </trkpt>
   <trkpt lat="45.7419570" lon="4.7500290">
    <ele>218.3</ele>
    <time>2026-07-01T11:36:11Z</time>
   </trkpt>
   <trkpt lat="45.7419710" lon="4.7500160">
    <ele>218.5</ele>
    <time>2026-07-01T11:36:12Z</time>
   </trkpt>
   <trkpt lat="45.7419900" lon="4.7500090">
    <ele>218.9</ele>
    <time>2026-07-01T11:36:13Z</time>
   </trkpt>
   <trkpt lat="45.7420150" lon="4.7500170">
    <ele>219.3</ele>
    <time>2026-07-01T11:36:14Z</time>
   </trkpt>
   <trkpt lat="45.7420310" lon="4.7500060">
    <ele>219.3</ele>
    <time>2026-07-01T11:36:15Z</time>
   </trkpt>
   <trkpt lat="45.7420440" lon="4.7499970">
    <ele>219.3</ele>
    <time>2026-07-01T11:36:16Z</time>
   </trkpt>
   <trkpt lat="45.7420520" lon="4.7499600">
    <ele>219.3</ele>
    <time>2026-07-01T11:36:17Z</time>
   </trkpt>
   <trkpt lat="45.7420620" lon="4.7499160">
    <ele>219.3</ele>
    <time>2026-07-01T11:36:18Z</time>
   </trkpt>
   <trkpt lat="45.7420700" lon="4.7498830">
    <ele>219.3</ele>
    <time>2026-07-01T11:36:19Z</time>
   </trkpt>
   <trkpt lat="45.7420770" lon="4.7498510">
    <ele>219.2</ele>
    <time>2026-07-01T11:36:20Z</time>
   </trkpt>
   <trkpt lat="45.7421010" lon="4.7498190">
    <ele>219.2</ele>
    <time>2026-07-01T11:36:21Z</time>
   </trkpt>
   <trkpt lat="45.7421250" lon="4.7497880">
    <ele>219.1</ele>
    <time>2026-07-01T11:36:22Z</time>
   </trkpt>
   <trkpt lat="45.7421400" lon="4.7497640">
    <ele>219.0</ele>
    <time>2026-07-01T11:36:23Z</time>
   </trkpt>
   <trkpt lat="45.7421590" lon="4.7497330">
    <ele>219.0</ele>
    <time>2026-07-01T11:36:24Z</time>
   </trkpt>
   <trkpt lat="45.7421840" lon="4.7497150">
    <ele>218.9</ele>
    <time>2026-07-01T11:36:25Z</time>
   </trkpt>
   <trkpt lat="45.7422070" lon="4.7496890">
    <ele>218.9</ele>
    <time>2026-07-01T11:36:26Z</time>
   </trkpt>
   <trkpt lat="45.7422290" lon="4.7496590">
    <ele>218.8</ele>
    <time>2026-07-01T11:36:27Z</time>
   </trkpt>
   <trkpt lat="45.7422540" lon="4.7496310">
    <ele>218.8</ele>
    <time>2026-07-01T11:36:28Z</time>
   </trkpt>
   <trkpt lat="45.7422800" lon="4.7496070">
    <ele>218.8</ele>
    <time>2026-07-01T11:36:29Z</time>
   </trkpt>
   <trkpt lat="45.7423020" lon="4.7495840">
    <ele>218.8</ele>
    <time>2026-07-01T11:36:30Z</time>
   </trkpt>
   <trkpt lat="45.7423320" lon="4.7495660">
    <ele>218.8</ele>
    <time>2026-07-01T11:36:31Z</time>
   </trkpt>
   <trkpt lat="45.7423460" lon="4.7495570">
    <ele>218.8</ele>
    <time>2026-07-01T11:36:32Z</time>
   </trkpt>
   <trkpt lat="45.7423680" lon="4.7495360">
    <ele>218.8</ele>
    <time>2026-07-01T11:36:33Z</time>
   </trkpt>
   <trkpt lat="45.7424020" lon="4.7495370">
    <ele>218.8</ele>
    <time>2026-07-01T11:36:34Z</time>
   </trkpt>
   <trkpt lat="45.7424260" lon="4.7495240">
    <ele>218.8</ele>
    <time>2026-07-01T11:36:35Z</time>
   </trkpt>
   <trkpt lat="45.7424490" lon="4.7495100">
    <ele>218.9</ele>
    <time>2026-07-01T11:36:36Z</time>
   </trkpt>
   <trkpt lat="45.7424750" lon="4.7495130">
    <ele>219.0</ele>
    <time>2026-07-01T11:36:37Z</time>
   </trkpt>
   <trkpt lat="45.7424950" lon="4.7494970">
    <ele>219.2</ele>
    <time>2026-07-01T11:36:38Z</time>
   </trkpt>
   <trkpt lat="45.7425140" lon="4.7494870">
    <ele>219.3</ele>
    <time>2026-07-01T11:36:39Z</time>
   </trkpt>
   <trkpt lat="45.7425280" lon="4.7494810">
    <ele>219.4</ele>
    <time>2026-07-01T11:36:40Z</time>
   </trkpt>
   <trkpt lat="45.7425480" lon="4.7494830">
    <ele>219.5</ele>
    <time>2026-07-01T11:36:41Z</time>
   </trkpt>
   <trkpt lat="45.7425570" lon="4.7494650">
    <ele>219.6</ele>
    <time>2026-07-01T11:36:42Z</time>
   </trkpt>
   <trkpt lat="45.7425750" lon="4.7494430">
    <ele>219.8</ele>
    <time>2026-07-01T11:36:43Z</time>
   </trkpt>
   <trkpt lat="45.7425900" lon="4.7494290">
    <ele>219.8</ele>
    <time>2026-07-01T11:36:44Z</time>
   </trkpt>
   <trkpt lat="45.7426120" lon="4.7494090">
    <ele>220.0</ele>
    <time>2026-07-01T11:36:45Z</time>
   </trkpt>
   <trkpt lat="45.7426410" lon="4.7493970">
    <ele>220.1</ele>
    <time>2026-07-01T11:36:46Z</time>
   </trkpt>
   <trkpt lat="45.7426560" lon="4.7493780">
    <ele>220.2</ele>
    <time>2026-07-01T11:36:47Z</time>
   </trkpt>
   <trkpt lat="45.7426660" lon="4.7493390">
    <ele>220.3</ele>
    <time>2026-07-01T11:36:48Z</time>
   </trkpt>
   <trkpt lat="45.7426850" lon="4.7493080">
    <ele>220.4</ele>
    <time>2026-07-01T11:36:49Z</time>
   </trkpt>
   <trkpt lat="45.7427070" lon="4.7492940">
    <ele>220.5</ele>
    <time>2026-07-01T11:36:50Z</time>
   </trkpt>
   <trkpt lat="45.7427240" lon="4.7492730">
    <ele>220.5</ele>
    <time>2026-07-01T11:36:51Z</time>
   </trkpt>
   <trkpt lat="45.7427400" lon="4.7492470">
    <ele>220.5</ele>
    <time>2026-07-01T11:36:52Z</time>
   </trkpt>
   <trkpt lat="45.7427670" lon="4.7492450">
    <ele>220.5</ele>
    <time>2026-07-01T11:36:53Z</time>
   </trkpt>
   <trkpt lat="45.7427960" lon="4.7492370">
    <ele>220.5</ele>
    <time>2026-07-01T11:36:54Z</time>
   </trkpt>
   <trkpt lat="45.7428270" lon="4.7492400">
    <ele>220.5</ele>
    <time>2026-07-01T11:36:55Z</time>
   </trkpt>
   <trkpt lat="45.7428490" lon="4.7492160">
    <ele>220.4</ele>
    <time>2026-07-01T11:36:56Z</time>
   </trkpt>
   <trkpt lat="45.7428690" lon="4.7491920">
    <ele>220.3</ele>
    <time>2026-07-01T11:36:57Z</time>
   </trkpt>
   <trkpt lat="45.7428890" lon="4.7491780">
    <ele>220.2</ele>
    <time>2026-07-01T11:36:58Z</time>
   </trkpt>
   <trkpt lat="45.7429120" lon="4.7491490">
    <ele>220.1</ele>
    <time>2026-07-01T11:36:59Z</time>
   </trkpt>
   <trkpt lat="45.7429330" lon="4.7491220">
    <ele>220.0</ele>
    <time>2026-07-01T11:37:00Z</time>
   </trkpt>
   <trkpt lat="45.7429550" lon="4.7490950">
    <ele>220.0</ele>
    <time>2026-07-01T11:37:01Z</time>
   </trkpt>
   <trkpt lat="45.7429840" lon="4.7490760">
    <ele>219.9</ele>
    <time>2026-07-01T11:37:02Z</time>
   </trkpt>
   <trkpt lat="45.7430160" lon="4.7490590">
    <ele>219.9</ele>
    <time>2026-07-01T11:37:03Z</time>
   </trkpt>
   <trkpt lat="45.7430350" lon="4.7490500">
    <ele>219.9</ele>
    <time>2026-07-01T11:37:04Z</time>
   </trkpt>
   <trkpt lat="45.7430680" lon="4.7490620">
    <ele>220.1</ele>
    <time>2026-07-01T11:37:05Z</time>
   </trkpt>
   <trkpt lat="45.7430970" lon="4.7490610">
    <ele>220.2</ele>
    <time>2026-07-01T11:37:06Z</time>
   </trkpt>
   <trkpt lat="45.7431160" lon="4.7490540">
    <ele>220.3</ele>
    <time>2026-07-01T11:37:07Z</time>
   </trkpt>
   <trkpt lat="45.7431460" lon="4.7490690">
    <ele>220.6</ele>
    <time>2026-07-01T11:37:08Z</time>
   </trkpt>
   <trkpt lat="45.7431730" lon="4.7490930">
    <ele>220.9</ele>
    <time>2026-07-01T11:37:09Z</time>
   </trkpt>
   <trkpt lat="45.7431920" lon="4.7491190">
    <ele>221.3</ele>
    <time>2026-07-01T11:37:10Z</time>
   </trkpt>
   <trkpt lat="45.7432060" lon="4.7491440">
    <ele>221.6</ele>
    <time>2026-07-01T11:37:11Z</time>
   </trkpt>
   <trkpt lat="45.7432160" lon="4.7491720">
    <ele>221.9</ele>
    <time>2026-07-01T11:37:12Z</time>
   </trkpt>
   <trkpt lat="45.7432200" lon="4.7491970">
    <ele>222.3</ele>
    <time>2026-07-01T11:37:13Z</time>
   </trkpt>
   <trkpt lat="45.7432460" lon="4.7492390">
    <ele>223.0</ele>
    <time>2026-07-01T11:37:14Z</time>
   </trkpt>
   <trkpt lat="45.7432540" lon="4.7492750">
    <ele>223.5</ele>
    <time>2026-07-01T11:37:15Z</time>
   </trkpt>
   <trkpt lat="45.7432520" lon="4.7492970">
    <ele>223.8</ele>
    <time>2026-07-01T11:37:16Z</time>
   </trkpt>
   <trkpt lat="45.7432620" lon="4.7493190">
    <ele>224.1</ele>
    <time>2026-07-01T11:37:17Z</time>
   </trkpt>
   <trkpt lat="45.7432680" lon="4.7493460">
    <ele>224.5</ele>
    <time>2026-07-01T11:37:18Z</time>
   </trkpt>
   <trkpt lat="45.7432760" lon="4.7493800">
    <ele>225.0</ele>
    <time>2026-07-01T11:37:19Z</time>
   </trkpt>
   <trkpt lat="45.7432860" lon="4.7494040">
    <ele>225.3</ele>
    <time>2026-07-01T11:37:20Z</time>
   </trkpt>
   <trkpt lat="45.7432970" lon="4.7494270">
    <ele>225.6</ele>
    <time>2026-07-01T11:37:21Z</time>
   </trkpt>
   <trkpt lat="45.7433130" lon="4.7494460">
    <ele>225.9</ele>
    <time>2026-07-01T11:37:22Z</time>
   </trkpt>
   <trkpt lat="45.7433270" lon="4.7494640">
    <ele>226.1</ele>
    <time>2026-07-01T11:37:23Z</time>
   </trkpt>
   <trkpt lat="45.7433460" lon="4.7494930">
    <ele>226.4</ele>
    <time>2026-07-01T11:37:24Z</time>
   </trkpt>
   <trkpt lat="45.7433690" lon="4.7495120">
    <ele>226.6</ele>
    <time>2026-07-01T11:37:25Z</time>
   </trkpt>
   <trkpt lat="45.7433880" lon="4.7495210">
    <ele>226.7</ele>
    <time>2026-07-01T11:37:26Z</time>
   </trkpt>
   <trkpt lat="45.7434050" lon="4.7495310">
    <ele>226.8</ele>
    <time>2026-07-01T11:37:27Z</time>
   </trkpt>
   <trkpt lat="45.7434200" lon="4.7495400">
    <ele>226.9</ele>
    <time>2026-07-01T11:37:28Z</time>
   </trkpt>
   <trkpt lat="45.7434440" lon="4.7495390">
    <ele>227.0</ele>
    <time>2026-07-01T11:37:29Z</time>
   </trkpt>
   <trkpt lat="45.7434660" lon="4.7495480">
    <ele>227.0</ele>
    <time>2026-07-01T11:37:30Z</time>
   </trkpt>
   <trkpt lat="45.7434890" lon="4.7495530">
    <ele>227.1</ele>
    <time>2026-07-01T11:37:31Z</time>
   </trkpt>
   <trkpt lat="45.7435120" lon="4.7495530">
    <ele>227.2</ele>
    <time>2026-07-01T11:37:32Z</time>
   </trkpt>
   <trkpt lat="45.7435340" lon="4.7495610">
    <ele>227.2</ele>
    <time>2026-07-01T11:37:33Z</time>
   </trkpt>
   <trkpt lat="45.7435520" lon="4.7495720">
    <ele>227.3</ele>
    <time>2026-07-01T11:37:34Z</time>
   </trkpt>
   <trkpt lat="45.7435700" lon="4.7495790">
    <ele>227.3</ele>
    <time>2026-07-01T11:37:35Z</time>
   </trkpt>
   <trkpt lat="45.7435950" lon="4.7495800">
    <ele>227.4</ele>
    <time>2026-07-01T11:37:36Z</time>
   </trkpt>
   <trkpt lat="45.7436200" lon="4.7495850">
    <ele>227.5</ele>
    <time>2026-07-01T11:37:37Z</time>
   </trkpt>
   <trkpt lat="45.7436410" lon="4.7495970">
    <ele>227.6</ele>
    <time>2026-07-01T11:37:38Z</time>
   </trkpt>
   <trkpt lat="45.7436660" lon="4.7496030">
    <ele>227.7</ele>
    <time>2026-07-01T11:37:39Z</time>
   </trkpt>
   <trkpt lat="45.7436900" lon="4.7496110">
    <ele>227.8</ele>
    <time>2026-07-01T11:37:40Z</time>
   </trkpt>
   <trkpt lat="45.7437150" lon="4.7496080">
    <ele>227.9</ele>
    <time>2026-07-01T11:37:41Z</time>
   </trkpt>
   <trkpt lat="45.7437330" lon="4.7496250">
    <ele>228.0</ele>
    <time>2026-07-01T11:37:42Z</time>
   </trkpt>
   <trkpt lat="45.7437520" lon="4.7496330">
    <ele>228.1</ele>
    <time>2026-07-01T11:37:43Z</time>
   </trkpt>
   <trkpt lat="45.7437730" lon="4.7496320">
    <ele>228.2</ele>
    <time>2026-07-01T11:37:44Z</time>
   </trkpt>
   <trkpt lat="45.7437900" lon="4.7496280">
    <ele>228.3</ele>
    <time>2026-07-01T11:37:45Z</time>
   </trkpt>
   <trkpt lat="45.7438030" lon="4.7496210">
    <ele>228.3</ele>
    <time>2026-07-01T11:37:46Z</time>
   </trkpt>
   <trkpt lat="45.7438200" lon="4.7496280">
    <ele>228.4</ele>
    <time>2026-07-01T11:37:47Z</time>
   </trkpt>
   <trkpt lat="45.7438410" lon="4.7496300">
    <ele>228.5</ele>
    <time>2026-07-01T11:37:48Z</time>
   </trkpt>
   <trkpt lat="45.7438630" lon="4.7496390">
    <ele>228.6</ele>
    <time>2026-07-01T11:37:49Z</time>
   </trkpt>
   <trkpt lat="45.7438850" lon="4.7496310">
    <ele>228.7</ele>
    <time>2026-07-01T11:37:50Z</time>
   </trkpt>
   <trkpt lat="45.7439020" lon="4.7496490">
    <ele>228.8</ele>
    <time>2026-07-01T11:37:51Z</time>
   </trkpt>
   <trkpt lat="45.7439150" lon="4.7496820">
    <ele>229.0</ele>
    <time>2026-07-01T11:37:52Z</time>
   </trkpt>
   <trkpt lat="45.7439380" lon="4.7496860">
    <ele>229.1</ele>
    <time>2026-07-01T11:37:53Z</time>
   </trkpt>
   <trkpt lat="45.7439600" lon="4.7496950">
    <ele>229.3</ele>
    <time>2026-07-01T11:37:54Z</time>
   </trkpt>
   <trkpt lat="45.7439840" lon="4.7496900">
    <ele>229.5</ele>
    <time>2026-07-01T11:37:55Z</time>
   </trkpt>
   <trkpt lat="45.7440180" lon="4.7496870">
    <ele>229.8</ele>
    <time>2026-07-01T11:37:56Z</time>
   </trkpt>
   <trkpt lat="45.7440340" lon="4.7496980">
    <ele>229.9</ele>
    <time>2026-07-01T11:37:57Z</time>
   </trkpt>
   <trkpt lat="45.7440550" lon="4.7496980">
    <ele>230.1</ele>
    <time>2026-07-01T11:37:58Z</time>
   </trkpt>
   <trkpt lat="45.7440740" lon="4.7497030">
    <ele>230.3</ele>
    <time>2026-07-01T11:37:59Z</time>
   </trkpt>
   <trkpt lat="45.7440980" lon="4.7497080">
    <ele>230.5</ele>
    <time>2026-07-01T11:38:00Z</time>
   </trkpt>
   <trkpt lat="45.7441150" lon="4.7497100">
    <ele>230.7</ele>
    <time>2026-07-01T11:38:01Z</time>
   </trkpt>
   <trkpt lat="45.7441420" lon="4.7497110">
    <ele>230.9</ele>
    <time>2026-07-01T11:38:02Z</time>
   </trkpt>
   <trkpt lat="45.7441730" lon="4.7497300">
    <ele>231.3</ele>
    <time>2026-07-01T11:38:03Z</time>
   </trkpt>
   <trkpt lat="45.7442000" lon="4.7497270">
    <ele>231.6</ele>
    <time>2026-07-01T11:38:04Z</time>
   </trkpt>
   <trkpt lat="45.7442170" lon="4.7497240">
    <ele>231.7</ele>
    <time>2026-07-01T11:38:05Z</time>
   </trkpt>
   <trkpt lat="45.7442400" lon="4.7497300">
    <ele>232.0</ele>
    <time>2026-07-01T11:38:06Z</time>
   </trkpt>
   <trkpt lat="45.7442580" lon="4.7497320">
    <ele>232.2</ele>
    <time>2026-07-01T11:38:07Z</time>
   </trkpt>
   <trkpt lat="45.7442780" lon="4.7497360">
    <ele>232.5</ele>
    <time>2026-07-01T11:38:08Z</time>
   </trkpt>
   <trkpt lat="45.7443030" lon="4.7497330">
    <ele>232.8</ele>
    <time>2026-07-01T11:38:09Z</time>
   </trkpt>
   <trkpt lat="45.7443220" lon="4.7497390">
    <ele>233.1</ele>
    <time>2026-07-01T11:38:10Z</time>
   </trkpt>
   <trkpt lat="45.7443450" lon="4.7497470">
    <ele>233.4</ele>
    <time>2026-07-01T11:38:11Z</time>
   </trkpt>
   <trkpt lat="45.7443680" lon="4.7497490">
    <ele>233.8</ele>
    <time>2026-07-01T11:38:12Z</time>
   </trkpt>
   <trkpt lat="45.7443860" lon="4.7497630">
    <ele>234.1</ele>
    <time>2026-07-01T11:38:13Z</time>
   </trkpt>
   <trkpt lat="45.7444010" lon="4.7497780">
    <ele>234.3</ele>
    <time>2026-07-01T11:38:14Z</time>
   </trkpt>
   <trkpt lat="45.7444270" lon="4.7497830">
    <ele>234.7</ele>
    <time>2026-07-01T11:38:15Z</time>
   </trkpt>
   <trkpt lat="45.7444410" lon="4.7497940">
    <ele>235.0</ele>
    <time>2026-07-01T11:38:16Z</time>
   </trkpt>
   <trkpt lat="45.7444600" lon="4.7498020">
    <ele>235.3</ele>
    <time>2026-07-01T11:38:17Z</time>
   </trkpt>
   <trkpt lat="45.7444760" lon="4.7498020">
    <ele>235.5</ele>
    <time>2026-07-01T11:38:18Z</time>
   </trkpt>
   <trkpt lat="45.7444990" lon="4.7498010">
    <ele>235.9</ele>
    <time>2026-07-01T11:38:19Z</time>
   </trkpt>
   <trkpt lat="45.7445140" lon="4.7498180">
    <ele>236.2</ele>
    <time>2026-07-01T11:38:20Z</time>
   </trkpt>
   <trkpt lat="45.7445390" lon="4.7498200">
    <ele>236.6</ele>
    <time>2026-07-01T11:38:21Z</time>
   </trkpt>
   <trkpt lat="45.7445650" lon="4.7498260">
    <ele>237.0</ele>
    <time>2026-07-01T11:38:22Z</time>
   </trkpt>
   <trkpt lat="45.7445870" lon="4.7498250">
    <ele>237.4</ele>
    <time>2026-07-01T11:38:23Z</time>
   </trkpt>
   <trkpt lat="45.7446090" lon="4.7498300">
    <ele>237.8</ele>
    <time>2026-07-01T11:38:24Z</time>
   </trkpt>
   <trkpt lat="45.7446280" lon="4.7498220">
    <ele>238.1</ele>
    <time>2026-07-01T11:38:25Z</time>
   </trkpt>
   <trkpt lat="45.7446540" lon="4.7498510">
    <ele>238.6</ele>
    <time>2026-07-01T11:38:26Z</time>
   </trkpt>
   <trkpt lat="45.7446790" lon="4.7498670">
    <ele>239.1</ele>
    <time>2026-07-01T11:38:27Z</time>
   </trkpt>
   <trkpt lat="45.7446970" lon="4.7498750">
    <ele>239.4</ele>
    <time>2026-07-01T11:38:28Z</time>
   </trkpt>
   <trkpt lat="45.7447200" lon="4.7498770">
    <ele>239.8</ele>
    <time>2026-07-01T11:38:29Z</time>
   </trkpt>
   <trkpt lat="45.7447340" lon="4.7498950">
    <ele>240.1</ele>
    <time>2026-07-01T11:38:30Z</time>
   </trkpt>
   <trkpt lat="45.7447530" lon="4.7499080">
    <ele>240.4</ele>
    <time>2026-07-01T11:38:31Z</time>
   </trkpt>
   <trkpt lat="45.7447800" lon="4.7499130">
    <ele>240.9</ele>
    <time>2026-07-01T11:38:32Z</time>
   </trkpt>
   <trkpt lat="45.7448090" lon="4.7499350">
    <ele>241.5</ele>
    <time>2026-07-01T11:38:33Z</time>
   </trkpt>
   <trkpt lat="45.7448300" lon="4.7499420">
    <ele>241.8</ele>
    <time>2026-07-01T11:38:34Z</time>
   </trkpt>
   <trkpt lat="45.7448570" lon="4.7499460">
    <ele>242.3</ele>
    <time>2026-07-01T11:38:35Z</time>
   </trkpt>
   <trkpt lat="45.7448780" lon="4.7499590">
    <ele>242.7</ele>
    <time>2026-07-01T11:38:36Z</time>
   </trkpt>
   <trkpt lat="45.7448910" lon="4.7499680">
    <ele>243.0</ele>
    <time>2026-07-01T11:38:37Z</time>
   </trkpt>
   <trkpt lat="45.7449110" lon="4.7499880">
    <ele>243.4</ele>
    <time>2026-07-01T11:38:38Z</time>
   </trkpt>
   <trkpt lat="45.7449230" lon="4.7500120">
    <ele>243.7</ele>
    <time>2026-07-01T11:38:39Z</time>
   </trkpt>
   <trkpt lat="45.7449410" lon="4.7500200">
    <ele>244.1</ele>
    <time>2026-07-01T11:38:40Z</time>
   </trkpt>
   <trkpt lat="45.7449500" lon="4.7500230">
    <ele>244.2</ele>
    <time>2026-07-01T11:38:41Z</time>
   </trkpt>
   <trkpt lat="45.7449700" lon="4.7500370">
    <ele>244.6</ele>
    <time>2026-07-01T11:38:42Z</time>
   </trkpt>
   <trkpt lat="45.7449900" lon="4.7500500">
    <ele>245.0</ele>
    <time>2026-07-01T11:38:43Z</time>
   </trkpt>
   <trkpt lat="45.7450040" lon="4.7500710">
    <ele>245.4</ele>
    <time>2026-07-01T11:38:44Z</time>
   </trkpt>
   <trkpt lat="45.7450240" lon="4.7500860">
    <ele>245.8</ele>
    <time>2026-07-01T11:38:45Z</time>
   </trkpt>
   <trkpt lat="45.7450350" lon="4.7500980">
    <ele>246.0</ele>
    <time>2026-07-01T11:38:46Z</time>
   </trkpt>
   <trkpt lat="45.7450490" lon="4.7501080">
    <ele>246.3</ele>
    <time>2026-07-01T11:38:47Z</time>
   </trkpt>
   <trkpt lat="45.7450680" lon="4.7501260">
    <ele>246.8</ele>
    <time>2026-07-01T11:38:48Z</time>
   </trkpt>
   <trkpt lat="45.7450770" lon="4.7501460">
    <ele>247.1</ele>
    <time>2026-07-01T11:38:49Z</time>
   </trkpt>
   <trkpt lat="45.7450950" lon="4.7501760">
    <ele>247.6</ele>
    <time>2026-07-01T11:38:50Z</time>
   </trkpt>
   <trkpt lat="45.7451080" lon="4.7501910">
    <ele>247.9</ele>
    <time>2026-07-01T11:38:51Z</time>
   </trkpt>
   <trkpt lat="45.7451260" lon="4.7502110">
    <ele>248.3</ele>
    <time>2026-07-01T11:38:52Z</time>
   </trkpt>
   <trkpt lat="45.7451390" lon="4.7502300">
    <ele>248.7</ele>
    <time>2026-07-01T11:38:53Z</time>
   </trkpt>
   <trkpt lat="45.7451390" lon="4.7502480">
    <ele>248.9</ele>
    <time>2026-07-01T11:38:54Z</time>
   </trkpt>
   <trkpt lat="45.7451540" lon="4.7502710">
    <ele>249.3</ele>
    <time>2026-07-01T11:38:55Z</time>
   </trkpt>
   <trkpt lat="45.7451770" lon="4.7502850">
    <ele>249.7</ele>
    <time>2026-07-01T11:38:56Z</time>
   </trkpt>
   <trkpt lat="45.7451860" lon="4.7503070">
    <ele>250.0</ele>
    <time>2026-07-01T11:38:57Z</time>
   </trkpt>
   <trkpt lat="45.7451950" lon="4.7503310">
    <ele>250.3</ele>
    <time>2026-07-01T11:38:58Z</time>
   </trkpt>
   <trkpt lat="45.7452090" lon="4.7503510">
    <ele>250.6</ele>
    <time>2026-07-01T11:38:59Z</time>
   </trkpt>
   <trkpt lat="45.7452200" lon="4.7503730">
    <ele>250.8</ele>
    <time>2026-07-01T11:39:00Z</time>
   </trkpt>
   <trkpt lat="45.7452310" lon="4.7503950">
    <ele>251.1</ele>
    <time>2026-07-01T11:39:01Z</time>
   </trkpt>
   <trkpt lat="45.7452370" lon="4.7504290">
    <ele>251.3</ele>
    <time>2026-07-01T11:39:02Z</time>
   </trkpt>
   <trkpt lat="45.7452320" lon="4.7504670">
    <ele>251.6</ele>
    <time>2026-07-01T11:39:03Z</time>
   </trkpt>
   <trkpt lat="45.7452400" lon="4.7504890">
    <ele>251.8</ele>
    <time>2026-07-01T11:39:04Z</time>
   </trkpt>
   <trkpt lat="45.7452580" lon="4.7505060">
    <ele>252.0</ele>
    <time>2026-07-01T11:39:05Z</time>
   </trkpt>
   <trkpt lat="45.7452780" lon="4.7505310">
    <ele>252.1</ele>
    <time>2026-07-01T11:39:06Z</time>
   </trkpt>
   <trkpt lat="45.7452950" lon="4.7505650">
    <ele>252.0</ele>
    <time>2026-07-01T11:39:07Z</time>
   </trkpt>
   <trkpt lat="45.7453030" lon="4.7505990">
    <ele>252.0</ele>
    <time>2026-07-01T11:39:08Z</time>
   </trkpt>
   <trkpt lat="45.7453000" lon="4.7506360">
    <ele>252.0</ele>
    <time>2026-07-01T11:39:09Z</time>
   </trkpt>
   <trkpt lat="45.7453120" lon="4.7506770">
    <ele>251.9</ele>
    <time>2026-07-01T11:39:10Z</time>
   </trkpt>
   <trkpt lat="45.7453160" lon="4.7507190">
    <ele>251.9</ele>
    <time>2026-07-01T11:39:11Z</time>
   </trkpt>
   <trkpt lat="45.7453190" lon="4.7507600">
    <ele>251.9</ele>
    <time>2026-07-01T11:39:12Z</time>
   </trkpt>
   <trkpt lat="45.7453270" lon="4.7507970">
    <ele>251.8</ele>
    <time>2026-07-01T11:39:13Z</time>
   </trkpt>
   <trkpt lat="45.7453310" lon="4.7508330">
    <ele>251.8</ele>
    <time>2026-07-01T11:39:14Z</time>
   </trkpt>
   <trkpt lat="45.7453300" lon="4.7508690">
    <ele>251.7</ele>
    <time>2026-07-01T11:39:15Z</time>
   </trkpt>
   <trkpt lat="45.7453310" lon="4.7509060">
    <ele>251.6</ele>
    <time>2026-07-01T11:39:16Z</time>
   </trkpt>
   <trkpt lat="45.7453320" lon="4.7509420">
    <ele>251.6</ele>
    <time>2026-07-01T11:39:17Z</time>
   </trkpt>
   <trkpt lat="45.7453360" lon="4.7509780">
    <ele>251.5</ele>
    <time>2026-07-01T11:39:18Z</time>
   </trkpt>
   <trkpt lat="45.7453190" lon="4.7510090">
    <ele>251.5</ele>
    <time>2026-07-01T11:39:19Z</time>
   </trkpt>
   <trkpt lat="45.7453220" lon="4.7510490">
    <ele>251.4</ele>
    <time>2026-07-01T11:39:20Z</time>
   </trkpt>
   <trkpt lat="45.7453240" lon="4.7510780">
    <ele>251.3</ele>
    <time>2026-07-01T11:39:21Z</time>
   </trkpt>
   <trkpt lat="45.7453260" lon="4.7511090">
    <ele>251.3</ele>
    <time>2026-07-01T11:39:22Z</time>
   </trkpt>
   <trkpt lat="45.7453110" lon="4.7511410">
    <ele>251.2</ele>
    <time>2026-07-01T11:39:23Z</time>
   </trkpt>
   <trkpt lat="45.7453100" lon="4.7511720">
    <ele>251.2</ele>
    <time>2026-07-01T11:39:24Z</time>
   </trkpt>
   <trkpt lat="45.7453090" lon="4.7512150">
    <ele>251.1</ele>
    <time>2026-07-01T11:39:25Z</time>
   </trkpt>
   <trkpt lat="45.7453220" lon="4.7512580">
    <ele>251.1</ele>
    <time>2026-07-01T11:39:26Z</time>
   </trkpt>
   <trkpt lat="45.7453290" lon="4.7513030">
    <ele>251.0</ele>
    <time>2026-07-01T11:39:27Z</time>
   </trkpt>
   <trkpt lat="45.7453340" lon="4.7513400">
    <ele>251.0</ele>
    <time>2026-07-01T11:39:28Z</time>
   </trkpt>
   <trkpt lat="45.7453440" lon="4.7513810">
    <ele>250.9</ele>
    <time>2026-07-01T11:39:29Z</time>
   </trkpt>
   <trkpt lat="45.7453440" lon="4.7514180">
    <ele>250.9</ele>
    <time>2026-07-01T11:39:30Z</time>
   </trkpt>
   <trkpt lat="45.7453530" lon="4.7514530">
    <ele>250.8</ele>
    <time>2026-07-01T11:39:31Z</time>
   </trkpt>
   <trkpt lat="45.7453580" lon="4.7514890">
    <ele>250.8</ele>
    <time>2026-07-01T11:39:32Z</time>
   </trkpt>
   <trkpt lat="45.7453560" lon="4.7515350">
    <ele>250.7</ele>
    <time>2026-07-01T11:39:33Z</time>
   </trkpt>
   <trkpt lat="45.7453640" lon="4.7515770">
    <ele>250.6</ele>
    <time>2026-07-01T11:39:34Z</time>
   </trkpt>
   <trkpt lat="45.7453730" lon="4.7516180">
    <ele>250.6</ele>
    <time>2026-07-01T11:39:35Z</time>
   </trkpt>
   <trkpt lat="45.7453740" lon="4.7516560">
    <ele>250.5</ele>
    <time>2026-07-01T11:39:36Z</time>
   </trkpt>
   <trkpt lat="45.7453650" lon="4.7516860">
    <ele>250.4</ele>
    <time>2026-07-01T11:39:37Z</time>
   </trkpt>
   <trkpt lat="45.7453730" lon="4.7517240">
    <ele>250.4</ele>
    <time>2026-07-01T11:39:38Z</time>
   </trkpt>
   <trkpt lat="45.7453690" lon="4.7517750">
    <ele>250.3</ele>
    <time>2026-07-01T11:39:39Z</time>
   </trkpt>
   <trkpt lat="45.7453700" lon="4.7518170">
    <ele>250.2</ele>
    <time>2026-07-01T11:39:40Z</time>
   </trkpt>
   <trkpt lat="45.7453720" lon="4.7518510">
    <ele>250.1</ele>
    <time>2026-07-01T11:39:41Z</time>
   </trkpt>
   <trkpt lat="45.7453730" lon="4.7518840">
    <ele>250.1</ele>
    <time>2026-07-01T11:39:42Z</time>
   </trkpt>
   <trkpt lat="45.7453850" lon="4.7519270">
    <ele>250.0</ele>
    <time>2026-07-01T11:39:43Z</time>
   </trkpt>
   <trkpt lat="45.7453830" lon="4.7519700">
    <ele>249.9</ele>
    <time>2026-07-01T11:39:44Z</time>
   </trkpt>
   <trkpt lat="45.7453770" lon="4.7520060">
    <ele>249.9</ele>
    <time>2026-07-01T11:39:45Z</time>
   </trkpt>
   <trkpt lat="45.7453810" lon="4.7520460">
    <ele>249.8</ele>
    <time>2026-07-01T11:39:46Z</time>
   </trkpt>
   <trkpt lat="45.7453780" lon="4.7520890">
    <ele>249.7</ele>
    <time>2026-07-01T11:39:47Z</time>
   </trkpt>
   <trkpt lat="45.7453830" lon="4.7521340">
    <ele>249.7</ele>
    <time>2026-07-01T11:39:48Z</time>
   </trkpt>
   <trkpt lat="45.7453840" lon="4.7521850">
    <ele>249.6</ele>
    <time>2026-07-01T11:39:49Z</time>
   </trkpt>
   <trkpt lat="45.7453920" lon="4.7522260">
    <ele>249.5</ele>
    <time>2026-07-01T11:39:50Z</time>
   </trkpt>
   <trkpt lat="45.7453940" lon="4.7522620">
    <ele>249.5</ele>
    <time>2026-07-01T11:39:51Z</time>
   </trkpt>
   <trkpt lat="45.7453960" lon="4.7523030">
    <ele>249.4</ele>
    <time>2026-07-01T11:39:52Z</time>
   </trkpt>
   <trkpt lat="45.7453990" lon="4.7523420">
    <ele>249.4</ele>
    <time>2026-07-01T11:39:53Z</time>
   </trkpt>
   <trkpt lat="45.7453980" lon="4.7523870">
    <ele>249.3</ele>
    <time>2026-07-01T11:39:54Z</time>
   </trkpt>
   <trkpt lat="45.7454020" lon="4.7524320">
    <ele>249.3</ele>
    <time>2026-07-01T11:39:55Z</time>
   </trkpt>
   <trkpt lat="45.7454060" lon="4.7524690">
    <ele>249.2</ele>
    <time>2026-07-01T11:39:56Z</time>
   </trkpt>
   <trkpt lat="45.7454120" lon="4.7525120">
    <ele>249.2</ele>
    <time>2026-07-01T11:39:57Z</time>
   </trkpt>
   <trkpt lat="45.7454120" lon="4.7525500">
    <ele>249.1</ele>
    <time>2026-07-01T11:39:58Z</time>
   </trkpt>
   <trkpt lat="45.7454120" lon="4.7525950">
    <ele>249.1</ele>
    <time>2026-07-01T11:39:59Z</time>
   </trkpt>
   <trkpt lat="45.7454130" lon="4.7526280">
    <ele>249.0</ele>
    <time>2026-07-01T11:40:00Z</time>
   </trkpt>
   <trkpt lat="45.7454200" lon="4.7526650">
    <ele>249.0</ele>
    <time>2026-07-01T11:40:01Z</time>
   </trkpt>
   <trkpt lat="45.7454180" lon="4.7527100">
    <ele>248.9</ele>
    <time>2026-07-01T11:40:02Z</time>
   </trkpt>
   <trkpt lat="45.7454180" lon="4.7527530">
    <ele>248.9</ele>
    <time>2026-07-01T11:40:03Z</time>
   </trkpt>
   <trkpt lat="45.7454190" lon="4.7527860">
    <ele>248.9</ele>
    <time>2026-07-01T11:40:04Z</time>
   </trkpt>
   <trkpt lat="45.7454210" lon="4.7528230">
    <ele>248.8</ele>
    <time>2026-07-01T11:40:05Z</time>
   </trkpt>
   <trkpt lat="45.7454240" lon="4.7528610">
    <ele>248.8</ele>
    <time>2026-07-01T11:40:06Z</time>
   </trkpt>
   <trkpt lat="45.7454280" lon="4.7529060">
    <ele>248.7</ele>
    <time>2026-07-01T11:40:07Z</time>
   </trkpt>
   <trkpt lat="45.7454350" lon="4.7529530">
    <ele>248.7</ele>
    <time>2026-07-01T11:40:08Z</time>
   </trkpt>
   <trkpt lat="45.7454350" lon="4.7529920">
    <ele>248.7</ele>
    <time>2026-07-01T11:40:10Z</time>
   </trkpt>
   <trkpt lat="45.7454410" lon="4.7530400">
    <ele>248.6</ele>
    <time>2026-07-01T11:40:11Z</time>
   </trkpt>
   <trkpt lat="45.7454290" lon="4.7530880">
    <ele>248.6</ele>
    <time>2026-07-01T11:40:12Z</time>
   </trkpt>
   <trkpt lat="45.7454230" lon="4.7531270">
    <ele>248.6</ele>
    <time>2026-07-01T11:40:13Z</time>
   </trkpt>
   <trkpt lat="45.7454260" lon="4.7531670">
    <ele>248.5</ele>
    <time>2026-07-01T11:40:14Z</time>
   </trkpt>
   <trkpt lat="45.7454260" lon="4.7532100">
    <ele>248.5</ele>
    <time>2026-07-01T11:40:15Z</time>
   </trkpt>
   <trkpt lat="45.7454390" lon="4.7532540">
    <ele>248.5</ele>
    <time>2026-07-01T11:40:16Z</time>
   </trkpt>
   <trkpt lat="45.7454410" lon="4.7532950">
    <ele>248.5</ele>
    <time>2026-07-01T11:40:17Z</time>
   </trkpt>
   <trkpt lat="45.7454510" lon="4.7533260">
    <ele>248.4</ele>
    <time>2026-07-01T11:40:18Z</time>
   </trkpt>
   <trkpt lat="45.7454600" lon="4.7533520">
    <ele>248.4</ele>
    <time>2026-07-01T11:40:19Z</time>
   </trkpt>
   <trkpt lat="45.7454610" lon="4.7533950">
    <ele>248.3</ele>
    <time>2026-07-01T11:40:20Z</time>
   </trkpt>
   <trkpt lat="45.7454580" lon="4.7534410">
    <ele>248.3</ele>
    <time>2026-07-01T11:40:21Z</time>
   </trkpt>
   <trkpt lat="45.7454490" lon="4.7534710">
    <ele>248.2</ele>
    <time>2026-07-01T11:40:22Z</time>
   </trkpt>
   <trkpt lat="45.7454470" lon="4.7535050">
    <ele>248.2</ele>
    <time>2026-07-01T11:40:23Z</time>
   </trkpt>
   <trkpt lat="45.7454480" lon="4.7535490">
    <ele>248.1</ele>
    <time>2026-07-01T11:40:24Z</time>
   </trkpt>
   <trkpt lat="45.7454440" lon="4.7535910">
    <ele>248.0</ele>
    <time>2026-07-01T11:40:25Z</time>
   </trkpt>
   <trkpt lat="45.7454400" lon="4.7536320">
    <ele>248.0</ele>
    <time>2026-07-01T11:40:26Z</time>
   </trkpt>
   <trkpt lat="45.7454280" lon="4.7536710">
    <ele>247.9</ele>
    <time>2026-07-01T11:40:27Z</time>
   </trkpt>
   <trkpt lat="45.7454190" lon="4.7537190">
    <ele>247.8</ele>
    <time>2026-07-01T11:40:28Z</time>
   </trkpt>
   <trkpt lat="45.7454180" lon="4.7537600">
    <ele>247.8</ele>
    <time>2026-07-01T11:40:29Z</time>
   </trkpt>
   <trkpt lat="45.7454170" lon="4.7538000">
    <ele>247.7</ele>
    <time>2026-07-01T11:40:30Z</time>
   </trkpt>
   <trkpt lat="45.7454100" lon="4.7538450">
    <ele>247.6</ele>
    <time>2026-07-01T11:40:31Z</time>
   </trkpt>
   <trkpt lat="45.7453960" lon="4.7538880">
    <ele>247.5</ele>
    <time>2026-07-01T11:40:32Z</time>
   </trkpt>
   <trkpt lat="45.7453850" lon="4.7539160">
    <ele>247.5</ele>
    <time>2026-07-01T11:40:33Z</time>
   </trkpt>
   <trkpt lat="45.7453710" lon="4.7539470">
    <ele>247.4</ele>
    <time>2026-07-01T11:40:34Z</time>
   </trkpt>
   <trkpt lat="45.7453490" lon="4.7539880">
    <ele>247.3</ele>
    <time>2026-07-01T11:40:35Z</time>
   </trkpt>
   <trkpt lat="45.7453380" lon="4.7540260">
    <ele>247.3</ele>
    <time>2026-07-01T11:40:36Z</time>
   </trkpt>
   <trkpt lat="45.7453390" lon="4.7540620">
    <ele>247.2</ele>
    <time>2026-07-01T11:40:37Z</time>
   </trkpt>
   <trkpt lat="45.7453290" lon="4.7541010">
    <ele>247.2</ele>
    <time>2026-07-01T11:40:38Z</time>
   </trkpt>
   <trkpt lat="45.7453150" lon="4.7541450">
    <ele>247.1</ele>
    <time>2026-07-01T11:40:39Z</time>
   </trkpt>
   <trkpt lat="45.7453080" lon="4.7541780">
    <ele>247.0</ele>
    <time>2026-07-01T11:40:40Z</time>
   </trkpt>
   <trkpt lat="45.7452960" lon="4.7542140">
    <ele>247.0</ele>
    <time>2026-07-01T11:40:41Z</time>
   </trkpt>
   <trkpt lat="45.7452900" lon="4.7542570">
    <ele>246.9</ele>
    <time>2026-07-01T11:40:42Z</time>
   </trkpt>
   <trkpt lat="45.7452890" lon="4.7543010">
    <ele>246.8</ele>
    <time>2026-07-01T11:40:43Z</time>
   </trkpt>
   <trkpt lat="45.7452840" lon="4.7543430">
    <ele>246.8</ele>
    <time>2026-07-01T11:40:44Z</time>
   </trkpt>
   <trkpt lat="45.7452820" lon="4.7543820">
    <ele>246.7</ele>
    <time>2026-07-01T11:40:45Z</time>
   </trkpt>
   <trkpt lat="45.7452710" lon="4.7544160">
    <ele>246.7</ele>
    <time>2026-07-01T11:40:46Z</time>
   </trkpt>
   <trkpt lat="45.7452690" lon="4.7544610">
    <ele>246.7</ele>
    <time>2026-07-01T11:40:47Z</time>
   </trkpt>
   <trkpt lat="45.7452670" lon="4.7545030">
    <ele>246.6</ele>
    <time>2026-07-01T11:40:48Z</time>
   </trkpt>
   <trkpt lat="45.7452650" lon="4.7545480">
    <ele>246.6</ele>
    <time>2026-07-01T11:40:49Z</time>
   </trkpt>
   <trkpt lat="45.7452690" lon="4.7545890">
    <ele>246.6</ele>
    <time>2026-07-01T11:40:50Z</time>
   </trkpt>
   <trkpt lat="45.7452620" lon="4.7546370">
    <ele>246.6</ele>
    <time>2026-07-01T11:40:51Z</time>
   </trkpt>
   <trkpt lat="45.7452540" lon="4.7546760">
    <ele>246.6</ele>
    <time>2026-07-01T11:40:52Z</time>
   </trkpt>
   <trkpt lat="45.7452480" lon="4.7547130">
    <ele>246.6</ele>
    <time>2026-07-01T11:40:53Z</time>
   </trkpt>
   <trkpt lat="45.7452470" lon="4.7547610">
    <ele>246.6</ele>
    <time>2026-07-01T11:40:54Z</time>
   </trkpt>
   <trkpt lat="45.7452500" lon="4.7548020">
    <ele>246.6</ele>
    <time>2026-07-01T11:40:55Z</time>
   </trkpt>
   <trkpt lat="45.7452420" lon="4.7548410">
    <ele>246.6</ele>
    <time>2026-07-01T11:40:56Z</time>
   </trkpt>
   <trkpt lat="45.7452380" lon="4.7548800">
    <ele>246.7</ele>
    <time>2026-07-01T11:40:57Z</time>
   </trkpt>
   <trkpt lat="45.7452370" lon="4.7549160">
    <ele>246.7</ele>
    <time>2026-07-01T11:40:58Z</time>
   </trkpt>
   <trkpt lat="45.7452410" lon="4.7549570">
    <ele>246.7</ele>
    <time>2026-07-01T11:40:59Z</time>
   </trkpt>
   <trkpt lat="45.7452480" lon="4.7549930">
    <ele>246.7</ele>
    <time>2026-07-01T11:41:00Z</time>
   </trkpt>
   <trkpt lat="45.7452540" lon="4.7550270">
    <ele>246.7</ele>
    <time>2026-07-01T11:41:01Z</time>
   </trkpt>
   <trkpt lat="45.7452540" lon="4.7550740">
    <ele>246.8</ele>
    <time>2026-07-01T11:41:02Z</time>
   </trkpt>
   <trkpt lat="45.7452570" lon="4.7551120">
    <ele>246.8</ele>
    <time>2026-07-01T11:41:03Z</time>
   </trkpt>
   <trkpt lat="45.7452630" lon="4.7551530">
    <ele>246.8</ele>
    <time>2026-07-01T11:41:04Z</time>
   </trkpt>
   <trkpt lat="45.7452740" lon="4.7551930">
    <ele>246.8</ele>
    <time>2026-07-01T11:41:05Z</time>
   </trkpt>
   <trkpt lat="45.7452760" lon="4.7552310">
    <ele>246.9</ele>
    <time>2026-07-01T11:41:06Z</time>
   </trkpt>
   <trkpt lat="45.7452800" lon="4.7552740">
    <ele>246.9</ele>
    <time>2026-07-01T11:41:07Z</time>
   </trkpt>
   <trkpt lat="45.7452760" lon="4.7553130">
    <ele>246.9</ele>
    <time>2026-07-01T11:41:08Z</time>
   </trkpt>
   <trkpt lat="45.7452850" lon="4.7553550">
    <ele>247.0</ele>
    <time>2026-07-01T11:41:09Z</time>
   </trkpt>
   <trkpt lat="45.7452930" lon="4.7553950">
    <ele>247.0</ele>
    <time>2026-07-01T11:41:10Z</time>
   </trkpt>
   <trkpt lat="45.7452970" lon="4.7554340">
    <ele>247.0</ele>
    <time>2026-07-01T11:41:11Z</time>
   </trkpt>
   <trkpt lat="45.7452960" lon="4.7554720">
    <ele>247.0</ele>
    <time>2026-07-01T11:41:12Z</time>
   </trkpt>
   <trkpt lat="45.7452960" lon="4.7555080">
    <ele>247.0</ele>
    <time>2026-07-01T11:41:13Z</time>
   </trkpt>
   <trkpt lat="45.7452960" lon="4.7555420">
    <ele>247.0</ele>
    <time>2026-07-01T11:41:14Z</time>
   </trkpt>
   <trkpt lat="45.7453010" lon="4.7555810">
    <ele>247.0</ele>
    <time>2026-07-01T11:41:15Z</time>
   </trkpt>
   <trkpt lat="45.7453010" lon="4.7556070">
    <ele>247.0</ele>
    <time>2026-07-01T11:41:16Z</time>
   </trkpt>
   <trkpt lat="45.7453080" lon="4.7556450">
    <ele>247.0</ele>
    <time>2026-07-01T11:41:17Z</time>
   </trkpt>
   <trkpt lat="45.7453160" lon="4.7556990">
    <ele>247.0</ele>
    <time>2026-07-01T11:41:18Z</time>
   </trkpt>
   <trkpt lat="45.7453180" lon="4.7557370">
    <ele>246.9</ele>
    <time>2026-07-01T11:41:19Z</time>
   </trkpt>
   <trkpt lat="45.7453190" lon="4.7557750">
    <ele>246.9</ele>
    <time>2026-07-01T11:41:20Z</time>
   </trkpt>
   <trkpt lat="45.7453240" lon="4.7558170">
    <ele>246.9</ele>
    <time>2026-07-01T11:41:21Z</time>
   </trkpt>
   <trkpt lat="45.7453310" lon="4.7558540">
    <ele>246.9</ele>
    <time>2026-07-01T11:41:22Z</time>
   </trkpt>
   <trkpt lat="45.7453340" lon="4.7558960">
    <ele>246.8</ele>
    <time>2026-07-01T11:41:23Z</time>
   </trkpt>
   <trkpt lat="45.7453410" lon="4.7559400">
    <ele>246.8</ele>
    <time>2026-07-01T11:41:24Z</time>
   </trkpt>
   <trkpt lat="45.7453580" lon="4.7559830">
    <ele>246.8</ele>
    <time>2026-07-01T11:41:25Z</time>
   </trkpt>
   <trkpt lat="45.7453700" lon="4.7560240">
    <ele>246.7</ele>
    <time>2026-07-01T11:41:26Z</time>
   </trkpt>
   <trkpt lat="45.7453850" lon="4.7560660">
    <ele>246.7</ele>
    <time>2026-07-01T11:41:27Z</time>
   </trkpt>
   <trkpt lat="45.7454010" lon="4.7561010">
    <ele>246.6</ele>
    <time>2026-07-01T11:41:28Z</time>
   </trkpt>
   <trkpt lat="45.7454200" lon="4.7561280">
    <ele>246.6</ele>
    <time>2026-07-01T11:41:29Z</time>
   </trkpt>
   <trkpt lat="45.7454380" lon="4.7561620">
    <ele>246.6</ele>
    <time>2026-07-01T11:41:30Z</time>
   </trkpt>
   <trkpt lat="45.7454510" lon="4.7562020">
    <ele>246.5</ele>
    <time>2026-07-01T11:41:31Z</time>
   </trkpt>
   <trkpt lat="45.7454660" lon="4.7562420">
    <ele>246.5</ele>
    <time>2026-07-01T11:41:32Z</time>
   </trkpt>
   <trkpt lat="45.7454790" lon="4.7562770">
    <ele>246.5</ele>
    <time>2026-07-01T11:41:33Z</time>
   </trkpt>
   <trkpt lat="45.7454980" lon="4.7563100">
    <ele>246.4</ele>
    <time>2026-07-01T11:41:34Z</time>
   </trkpt>
   <trkpt lat="45.7455200" lon="4.7563480">
    <ele>246.4</ele>
    <time>2026-07-01T11:41:35Z</time>
   </trkpt>
   <trkpt lat="45.7455370" lon="4.7563890">
    <ele>246.3</ele>
    <time>2026-07-01T11:41:36Z</time>
   </trkpt>
   <trkpt lat="45.7455570" lon="4.7564260">
    <ele>246.3</ele>
    <time>2026-07-01T11:41:37Z</time>
   </trkpt>
   <trkpt lat="45.7455760" lon="4.7564600">
    <ele>246.2</ele>
    <time>2026-07-01T11:41:38Z</time>
   </trkpt>
   <trkpt lat="45.7455930" lon="4.7564900">
    <ele>246.2</ele>
    <time>2026-07-01T11:41:39Z</time>
   </trkpt>
   <trkpt lat="45.7456100" lon="4.7565260">
    <ele>246.1</ele>
    <time>2026-07-01T11:41:40Z</time>
   </trkpt>
   <trkpt lat="45.7456280" lon="4.7565550">
    <ele>246.1</ele>
    <time>2026-07-01T11:41:41Z</time>
   </trkpt>
   <trkpt lat="45.7456410" lon="4.7565810">
    <ele>246.0</ele>
    <time>2026-07-01T11:41:42Z</time>
   </trkpt>
   <trkpt lat="45.7456620" lon="4.7566190">
    <ele>246.0</ele>
    <time>2026-07-01T11:41:43Z</time>
   </trkpt>
   <trkpt lat="45.7456790" lon="4.7566530">
    <ele>245.9</ele>
    <time>2026-07-01T11:41:44Z</time>
   </trkpt>
   <trkpt lat="45.7456910" lon="4.7566840">
    <ele>245.9</ele>
    <time>2026-07-01T11:41:45Z</time>
   </trkpt>
   <trkpt lat="45.7457010" lon="4.7567130">
    <ele>245.8</ele>
    <time>2026-07-01T11:41:46Z</time>
   </trkpt>
   <trkpt lat="45.7457080" lon="4.7567570">
    <ele>245.7</ele>
    <time>2026-07-01T11:41:47Z</time>
   </trkpt>
   <trkpt lat="45.7457070" lon="4.7568040">
    <ele>245.6</ele>
    <time>2026-07-01T11:41:48Z</time>
   </trkpt>
   <trkpt lat="45.7457130" lon="4.7568380">
    <ele>245.6</ele>
    <time>2026-07-01T11:41:49Z</time>
   </trkpt>
   <trkpt lat="45.7457180" lon="4.7568690">
    <ele>245.5</ele>
    <time>2026-07-01T11:41:50Z</time>
   </trkpt>
   <trkpt lat="45.7457280" lon="4.7569100">
    <ele>245.5</ele>
    <time>2026-07-01T11:41:51Z</time>
   </trkpt>
   <trkpt lat="45.7457330" lon="4.7569430">
    <ele>245.4</ele>
    <time>2026-07-01T11:41:52Z</time>
   </trkpt>
   <trkpt lat="45.7457320" lon="4.7569840">
    <ele>245.3</ele>
    <time>2026-07-01T11:41:53Z</time>
   </trkpt>
   <trkpt lat="45.7457420" lon="4.7570200">
    <ele>245.3</ele>
    <time>2026-07-01T11:41:54Z</time>
   </trkpt>
   <trkpt lat="45.7457650" lon="4.7570550">
    <ele>245.2</ele>
    <time>2026-07-01T11:41:55Z</time>
   </trkpt>
   <trkpt lat="45.7457760" lon="4.7570990">
    <ele>245.1</ele>
    <time>2026-07-01T11:41:56Z</time>
   </trkpt>
   <trkpt lat="45.7457800" lon="4.7571360">
    <ele>245.1</ele>
    <time>2026-07-01T11:41:57Z</time>
   </trkpt>
   <trkpt lat="45.7457820" lon="4.7571740">
    <ele>245.0</ele>
    <time>2026-07-01T11:41:58Z</time>
   </trkpt>
   <trkpt lat="45.7457860" lon="4.7572290">
    <ele>244.9</ele>
    <time>2026-07-01T11:41:59Z</time>
   </trkpt>
   <trkpt lat="45.7458010" lon="4.7572710">
    <ele>244.8</ele>
    <time>2026-07-01T11:42:00Z</time>
   </trkpt>
   <trkpt lat="45.7458170" lon="4.7573100">
    <ele>244.8</ele>
    <time>2026-07-01T11:42:01Z</time>
   </trkpt>
   <trkpt lat="45.7458320" lon="4.7573540">
    <ele>244.7</ele>
    <time>2026-07-01T11:42:02Z</time>
   </trkpt>
   <trkpt lat="45.7458420" lon="4.7573910">
    <ele>244.6</ele>
    <time>2026-07-01T11:42:03Z</time>
   </trkpt>
   <trkpt lat="45.7458520" lon="4.7574200">
    <ele>244.6</ele>
    <time>2026-07-01T11:42:04Z</time>
   </trkpt>
   <trkpt lat="45.7458500" lon="4.7574570">
    <ele>244.5</ele>
    <time>2026-07-01T11:42:05Z</time>
   </trkpt>
   <trkpt lat="45.7458350" lon="4.7575060">
    <ele>244.4</ele>
    <time>2026-07-01T11:42:06Z</time>
   </trkpt>
   <trkpt lat="45.7458510" lon="4.7575460">
    <ele>244.3</ele>
    <time>2026-07-01T11:42:07Z</time>
   </trkpt>
   <trkpt lat="45.7458650" lon="4.7575770">
    <ele>244.3</ele>
    <time>2026-07-01T11:42:08Z</time>
   </trkpt>
   <trkpt lat="45.7458800" lon="4.7576060">
    <ele>244.2</ele>
    <time>2026-07-01T11:42:09Z</time>
   </trkpt>
   <trkpt lat="45.7458890" lon="4.7576420">
    <ele>244.1</ele>
    <time>2026-07-01T11:42:10Z</time>
   </trkpt>
   <trkpt lat="45.7458880" lon="4.7576840">
    <ele>243.9</ele>
    <time>2026-07-01T11:42:11Z</time>
   </trkpt>
   <trkpt lat="45.7459060" lon="4.7577260">
    <ele>243.8</ele>
    <time>2026-07-01T11:42:12Z</time>
   </trkpt>
   <trkpt lat="45.7459090" lon="4.7577710">
    <ele>243.7</ele>
    <time>2026-07-01T11:42:13Z</time>
   </trkpt>
   <trkpt lat="45.7459180" lon="4.7578050">
    <ele>243.6</ele>
    <time>2026-07-01T11:42:14Z</time>
   </trkpt>
   <trkpt lat="45.7459380" lon="4.7578250">
    <ele>243.4</ele>
    <time>2026-07-01T11:42:15Z</time>
   </trkpt>
   <trkpt lat="45.7459510" lon="4.7578490">
    <ele>243.3</ele>
    <time>2026-07-01T11:42:16Z</time>
   </trkpt>
   <trkpt lat="45.7459590" lon="4.7578990">
    <ele>243.2</ele>
    <time>2026-07-01T11:42:17Z</time>
   </trkpt>
   <trkpt lat="45.7459690" lon="4.7579510">
    <ele>243.0</ele>
    <time>2026-07-01T11:42:18Z</time>
   </trkpt>
   <trkpt lat="45.7459740" lon="4.7580020">
    <ele>242.8</ele>
    <time>2026-07-01T11:42:19Z</time>
   </trkpt>
   <trkpt lat="45.7459850" lon="4.7580430">
    <ele>242.7</ele>
    <time>2026-07-01T11:42:20Z</time>
   </trkpt>
   <trkpt lat="45.7459960" lon="4.7580730">
    <ele>242.6</ele>
    <time>2026-07-01T11:42:21Z</time>
   </trkpt>
   <trkpt lat="45.7460050" lon="4.7581000">
    <ele>242.5</ele>
    <time>2026-07-01T11:42:22Z</time>
   </trkpt>
   <trkpt lat="45.7460220" lon="4.7581350">
    <ele>242.4</ele>
    <time>2026-07-01T11:42:23Z</time>
   </trkpt>
   <trkpt lat="45.7460250" lon="4.7581760">
    <ele>242.2</ele>
    <time>2026-07-01T11:42:24Z</time>
   </trkpt>
   <trkpt lat="45.7460290" lon="4.7582100">
    <ele>242.1</ele>
    <time>2026-07-01T11:42:25Z</time>
   </trkpt>
   <trkpt lat="45.7460360" lon="4.7582540">
    <ele>242.0</ele>
    <time>2026-07-01T11:42:26Z</time>
   </trkpt>
   <trkpt lat="45.7460500" lon="4.7582970">
    <ele>241.8</ele>
    <time>2026-07-01T11:42:27Z</time>
   </trkpt>
   <trkpt lat="45.7460700" lon="4.7583290">
    <ele>241.7</ele>
    <time>2026-07-01T11:42:28Z</time>
   </trkpt>
   <trkpt lat="45.7461290" lon="4.7585120">
    <ele>241.4</ele>
    <time>2026-07-01T11:42:33Z</time>
   </trkpt>
   <trkpt lat="45.7461370" lon="4.7585520">
    <ele>241.3</ele>
    <time>2026-07-01T11:42:34Z</time>
   </trkpt>
   <trkpt lat="45.7461470" lon="4.7585920">
    <ele>241.1</ele>
    <time>2026-07-01T11:42:35Z</time>
   </trkpt>
   <trkpt lat="45.7461630" lon="4.7586250">
    <ele>241.0</ele>
    <time>2026-07-01T11:42:36Z</time>
   </trkpt>
   <trkpt lat="45.7461740" lon="4.7586660">
    <ele>240.9</ele>
    <time>2026-07-01T11:42:37Z</time>
   </trkpt>
   <trkpt lat="45.7461880" lon="4.7587040">
    <ele>240.8</ele>
    <time>2026-07-01T11:42:38Z</time>
   </trkpt>
   <trkpt lat="45.7462040" lon="4.7587380">
    <ele>240.7</ele>
    <time>2026-07-01T11:42:39Z</time>
   </trkpt>
   <trkpt lat="45.7462310" lon="4.7587770">
    <ele>240.6</ele>
    <time>2026-07-01T11:42:40Z</time>
   </trkpt>
   <trkpt lat="45.7462420" lon="4.7588190">
    <ele>240.4</ele>
    <time>2026-07-01T11:42:41Z</time>
   </trkpt>
   <trkpt lat="45.7462420" lon="4.7588550">
    <ele>240.3</ele>
    <time>2026-07-01T11:42:42Z</time>
   </trkpt>
   <trkpt lat="45.7462530" lon="4.7588890">
    <ele>240.1</ele>
    <time>2026-07-01T11:42:43Z</time>
   </trkpt>
   <trkpt lat="45.7462710" lon="4.7589280">
    <ele>240.0</ele>
    <time>2026-07-01T11:42:44Z</time>
   </trkpt>
   <trkpt lat="45.7462790" lon="4.7589710">
    <ele>239.8</ele>
    <time>2026-07-01T11:42:45Z</time>
   </trkpt>
   <trkpt lat="45.7462950" lon="4.7590110">
    <ele>239.6</ele>
    <time>2026-07-01T11:42:46Z</time>
   </trkpt>
   <trkpt lat="45.7463080" lon="4.7590510">
    <ele>239.5</ele>
    <time>2026-07-01T11:42:47Z</time>
   </trkpt>
   <trkpt lat="45.7463140" lon="4.7590900">
    <ele>239.3</ele>
    <time>2026-07-01T11:42:48Z</time>
   </trkpt>
   <trkpt lat="45.7463260" lon="4.7591200">
    <ele>239.2</ele>
    <time>2026-07-01T11:42:49Z</time>
   </trkpt>
   <trkpt lat="45.7463370" lon="4.7591500">
    <ele>239.1</ele>
    <time>2026-07-01T11:42:50Z</time>
   </trkpt>
   <trkpt lat="45.7463330" lon="4.7591630">
    <ele>239.1</ele>
    <time>2026-07-01T11:42:51Z</time>
   </trkpt>
   <trkpt lat="45.7463420" lon="4.7591930">
    <ele>238.9</ele>
    <time>2026-07-01T11:42:52Z</time>
   </trkpt>
   <trkpt lat="45.7463500" lon="4.7592480">
    <ele>238.7</ele>
    <time>2026-07-01T11:42:53Z</time>
   </trkpt>
   <trkpt lat="45.7463610" lon="4.7592730">
    <ele>238.6</ele>
    <time>2026-07-01T11:42:54Z</time>
   </trkpt>
   <trkpt lat="45.7463770" lon="4.7593400">
    <ele>238.4</ele>
    <time>2026-07-01T11:42:55Z</time>
   </trkpt>
   <trkpt lat="45.7463930" lon="4.7593900">
    <ele>238.2</ele>
    <time>2026-07-01T11:42:56Z</time>
   </trkpt>
   <trkpt lat="45.7464050" lon="4.7594300">
    <ele>238.1</ele>
    <time>2026-07-01T11:42:57Z</time>
   </trkpt>
   <trkpt lat="45.7464230" lon="4.7594760">
    <ele>237.9</ele>
    <time>2026-07-01T11:42:58Z</time>
   </trkpt>
   <trkpt lat="45.7464320" lon="4.7595210">
    <ele>237.7</ele>
    <time>2026-07-01T11:42:59Z</time>
   </trkpt>
   <trkpt lat="45.7464420" lon="4.7595670">
    <ele>237.6</ele>
    <time>2026-07-01T11:43:00Z</time>
   </trkpt>
   <trkpt lat="45.7464640" lon="4.7596150">
    <ele>237.6</ele>
    <time>2026-07-01T11:43:01Z</time>
   </trkpt>
   <trkpt lat="45.7464760" lon="4.7596480">
    <ele>237.5</ele>
    <time>2026-07-01T11:43:02Z</time>
   </trkpt>
   <trkpt lat="45.7465050" lon="4.7596810">
    <ele>237.4</ele>
    <time>2026-07-01T11:43:03Z</time>
   </trkpt>
   <trkpt lat="45.7465310" lon="4.7597070">
    <ele>237.2</ele>
    <time>2026-07-01T11:43:04Z</time>
   </trkpt>
   <trkpt lat="45.7465490" lon="4.7597530">
    <ele>236.9</ele>
    <time>2026-07-01T11:43:05Z</time>
   </trkpt>
   <trkpt lat="45.7465810" lon="4.7597910">
    <ele>236.6</ele>
    <time>2026-07-01T11:43:06Z</time>
   </trkpt>
   <trkpt lat="45.7466060" lon="4.7598210">
    <ele>236.2</ele>
    <time>2026-07-01T11:43:07Z</time>
   </trkpt>
   <trkpt lat="45.7466250" lon="4.7598510">
    <ele>236.0</ele>
    <time>2026-07-01T11:43:08Z</time>
   </trkpt>
   <trkpt lat="45.7466400" lon="4.7598790">
    <ele>235.7</ele>
    <time>2026-07-01T11:43:09Z</time>
   </trkpt>
   <trkpt lat="45.7466530" lon="4.7599230">
    <ele>235.3</ele>
    <time>2026-07-01T11:43:10Z</time>
   </trkpt>
   <trkpt lat="45.7466600" lon="4.7599610">
    <ele>235.0</ele>
    <time>2026-07-01T11:43:11Z</time>
   </trkpt>
   <trkpt lat="45.7466770" lon="4.7600200">
    <ele>234.5</ele>
    <time>2026-07-01T11:43:12Z</time>
   </trkpt>
   <trkpt lat="45.7466810" lon="4.7600750">
    <ele>234.1</ele>
    <time>2026-07-01T11:43:13Z</time>
   </trkpt>
   <trkpt lat="45.7466890" lon="4.7601140">
    <ele>233.7</ele>
    <time>2026-07-01T11:43:14Z</time>
   </trkpt>
   <trkpt lat="45.7467040" lon="4.7601490">
    <ele>233.3</ele>
    <time>2026-07-01T11:43:15Z</time>
   </trkpt>
   <trkpt lat="45.7467130" lon="4.7601950">
    <ele>232.9</ele>
    <time>2026-07-01T11:43:16Z</time>
   </trkpt>
   <trkpt lat="45.7467280" lon="4.7602450">
    <ele>232.4</ele>
    <time>2026-07-01T11:43:17Z</time>
   </trkpt>
   <trkpt lat="45.7467320" lon="4.7602960">
    <ele>231.9</ele>
    <time>2026-07-01T11:43:18Z</time>
   </trkpt>
   <trkpt lat="45.7467410" lon="4.7603450">
    <ele>231.5</ele>
    <time>2026-07-01T11:43:19Z</time>
   </trkpt>
   <trkpt lat="45.7467550" lon="4.7603880">
    <ele>231.0</ele>
    <time>2026-07-01T11:43:20Z</time>
   </trkpt>
   <trkpt lat="45.7467740" lon="4.7604340">
    <ele>230.5</ele>
    <time>2026-07-01T11:43:21Z</time>
   </trkpt>
   <trkpt lat="45.7467980" lon="4.7604690">
    <ele>230.1</ele>
    <time>2026-07-01T11:43:22Z</time>
   </trkpt>
   <trkpt lat="45.7468110" lon="4.7605190">
    <ele>229.6</ele>
    <time>2026-07-01T11:43:23Z</time>
   </trkpt>
   <trkpt lat="45.7468200" lon="4.7605800">
    <ele>228.9</ele>
    <time>2026-07-01T11:43:24Z</time>
   </trkpt>
   <trkpt lat="45.7468220" lon="4.7606320">
    <ele>228.4</ele>
    <time>2026-07-01T11:43:25Z</time>
   </trkpt>
   <trkpt lat="45.7468300" lon="4.7606760">
    <ele>227.9</ele>
    <time>2026-07-01T11:43:26Z</time>
   </trkpt>
   <trkpt lat="45.7468480" lon="4.7607130">
    <ele>227.4</ele>
    <time>2026-07-01T11:43:27Z</time>
   </trkpt>
   <trkpt lat="45.7468480" lon="4.7607580">
    <ele>226.9</ele>
    <time>2026-07-01T11:43:28Z</time>
   </trkpt>
   <trkpt lat="45.7468530" lon="4.7608050">
    <ele>226.4</ele>
    <time>2026-07-01T11:43:29Z</time>
   </trkpt>
   <trkpt lat="45.7468650" lon="4.7608530">
    <ele>225.8</ele>
    <time>2026-07-01T11:43:30Z</time>
   </trkpt>
   <trkpt lat="45.7468700" lon="4.7608920">
    <ele>225.4</ele>
    <time>2026-07-01T11:43:31Z</time>
   </trkpt>
   <trkpt lat="45.7468840" lon="4.7609340">
    <ele>224.8</ele>
    <time>2026-07-01T11:43:32Z</time>
   </trkpt>
   <trkpt lat="45.7469010" lon="4.7609810">
    <ele>224.3</ele>
    <time>2026-07-01T11:43:33Z</time>
   </trkpt>
   <trkpt lat="45.7469150" lon="4.7610180">
    <ele>224.0</ele>
    <time>2026-07-01T11:43:34Z</time>
   </trkpt>
   <trkpt lat="45.7469270" lon="4.7610680">
    <ele>223.5</ele>
    <time>2026-07-01T11:43:35Z</time>
   </trkpt>
   <trkpt lat="45.7469380" lon="4.7611160">
    <ele>223.1</ele>
    <time>2026-07-01T11:43:36Z</time>
   </trkpt>
   <trkpt lat="45.7469460" lon="4.7611740">
    <ele>222.7</ele>
    <time>2026-07-01T11:43:37Z</time>
   </trkpt>
   <trkpt lat="45.7469560" lon="4.7612240">
    <ele>222.3</ele>
    <time>2026-07-01T11:43:38Z</time>
   </trkpt>
   <trkpt lat="45.7469620" lon="4.7612740">
    <ele>221.9</ele>
    <time>2026-07-01T11:43:39Z</time>
   </trkpt>
   <trkpt lat="45.7469650" lon="4.7613130">
    <ele>221.6</ele>
    <time>2026-07-01T11:43:40Z</time>
   </trkpt>
   <trkpt lat="45.7469860" lon="4.7613480">
    <ele>221.3</ele>
    <time>2026-07-01T11:43:41Z</time>
   </trkpt>
   <trkpt lat="45.7469900" lon="4.7613750">
    <ele>221.2</ele>
    <time>2026-07-01T11:43:42Z</time>
   </trkpt>
   <trkpt lat="45.7469860" lon="4.7614160">
    <ele>220.9</ele>
    <time>2026-07-01T11:43:43Z</time>
   </trkpt>
   <trkpt lat="45.7469840" lon="4.7614610">
    <ele>220.6</ele>
    <time>2026-07-01T11:43:44Z</time>
   </trkpt>
   <trkpt lat="45.7469890" lon="4.7615060">
    <ele>220.3</ele>
    <time>2026-07-01T11:43:45Z</time>
   </trkpt>
   <trkpt lat="45.7470030" lon="4.7615490">
    <ele>220.1</ele>
    <time>2026-07-01T11:43:46Z</time>
   </trkpt>
   <trkpt lat="45.7470090" lon="4.7615940">
    <ele>219.8</ele>
    <time>2026-07-01T11:43:47Z</time>
   </trkpt>
   <trkpt lat="45.7470100" lon="4.7616470">
    <ele>219.5</ele>
    <time>2026-07-01T11:43:48Z</time>
   </trkpt>
   <trkpt lat="45.7470180" lon="4.7616950">
    <ele>219.2</ele>
    <time>2026-07-01T11:43:49Z</time>
   </trkpt>
   <trkpt lat="45.7470350" lon="4.7617370">
    <ele>218.9</ele>
    <time>2026-07-01T11:43:50Z</time>
   </trkpt>
   <trkpt lat="45.7470460" lon="4.7617670">
    <ele>218.7</ele>
    <time>2026-07-01T11:43:51Z</time>
   </trkpt>
   <trkpt lat="45.7470780" lon="4.7617850">
    <ele>218.4</ele>
    <time>2026-07-01T11:43:52Z</time>
   </trkpt>
   <trkpt lat="45.7471150" lon="4.7617840">
    <ele>218.2</ele>
    <time>2026-07-01T11:43:53Z</time>
   </trkpt>
   <trkpt lat="45.7471510" lon="4.7617900">
    <ele>218.1</ele>
    <time>2026-07-01T11:43:54Z</time>
   </trkpt>
   <trkpt lat="45.7471780" lon="4.7618120">
    <ele>218.0</ele>
    <time>2026-07-01T11:43:55Z</time>
   </trkpt>
   <trkpt lat="45.7472130" lon="4.7618280">
    <ele>218.0</ele>
    <time>2026-07-01T11:43:56Z</time>
   </trkpt>
   <trkpt lat="45.7472360" lon="4.7618620">
    <ele>217.9</ele>
    <time>2026-07-01T11:43:57Z</time>
   </trkpt>
   <trkpt lat="45.7472610" lon="4.7618860">
    <ele>217.9</ele>
    <time>2026-07-01T11:43:58Z</time>
   </trkpt>
   <trkpt lat="45.7472920" lon="4.7618860">
    <ele>217.8</ele>
    <time>2026-07-01T11:43:59Z</time>
   </trkpt>
   <trkpt lat="45.7473230" lon="4.7618770">
    <ele>217.8</ele>
    <time>2026-07-01T11:44:00Z</time>
   </trkpt>
   <trkpt lat="45.7473530" lon="4.7618600">
    <ele>217.8</ele>
    <time>2026-07-01T11:44:01Z</time>
   </trkpt>
   <trkpt lat="45.7473770" lon="4.7618300">
    <ele>217.8</ele>
    <time>2026-07-01T11:44:02Z</time>
   </trkpt>
   <trkpt lat="45.7474160" lon="4.7618370">
    <ele>217.8</ele>
    <time>2026-07-01T11:44:03Z</time>
   </trkpt>
   <trkpt lat="45.7474350" lon="4.7618290">
    <ele>217.8</ele>
    <time>2026-07-01T11:44:04Z</time>
   </trkpt>
   <trkpt lat="45.7474620" lon="4.7618270">
    <ele>217.8</ele>
    <time>2026-07-01T11:44:05Z</time>
   </trkpt>
   <trkpt lat="45.7474900" lon="4.7618200">
    <ele>217.8</ele>
    <time>2026-07-01T11:44:06Z</time>
   </trkpt>
   <trkpt lat="45.7475170" lon="4.7618110">
    <ele>217.8</ele>
    <time>2026-07-01T11:44:07Z</time>
   </trkpt>
   <trkpt lat="45.7475490" lon="4.7618030">
    <ele>217.8</ele>
    <time>2026-07-01T11:44:08Z</time>
   </trkpt>
   <trkpt lat="45.7475770" lon="4.7618070">
    <ele>217.8</ele>
    <time>2026-07-01T11:44:09Z</time>
   </trkpt>
   <trkpt lat="45.7476020" lon="4.7618060">
    <ele>217.8</ele>
    <time>2026-07-01T11:44:10Z</time>
   </trkpt>
   <trkpt lat="45.7476190" lon="4.7618090">
    <ele>217.8</ele>
    <time>2026-07-01T11:44:11Z</time>
   </trkpt>
   <trkpt lat="45.7476450" lon="4.7618040">
    <ele>217.8</ele>
    <time>2026-07-01T11:44:12Z</time>
   </trkpt>
   <trkpt lat="45.7476590" lon="4.7618030">
    <ele>217.8</ele>
    <time>2026-07-01T11:44:13Z</time>
   </trkpt>
   <trkpt lat="45.7476810" lon="4.7617850">
    <ele>217.8</ele>
    <time>2026-07-01T11:44:14Z</time>
   </trkpt>
   <trkpt lat="45.7477090" lon="4.7617520">
    <ele>217.8</ele>
    <time>2026-07-01T11:44:15Z</time>
   </trkpt>
   <trkpt lat="45.7477300" lon="4.7617170">
    <ele>217.8</ele>
    <time>2026-07-01T11:44:16Z</time>
   </trkpt>
   <trkpt lat="45.7477440" lon="4.7616860">
    <ele>217.8</ele>
    <time>2026-07-01T11:44:17Z</time>
   </trkpt>
   <trkpt lat="45.7477620" lon="4.7616680">
    <ele>217.8</ele>
    <time>2026-07-01T11:44:18Z</time>
   </trkpt>
   <trkpt lat="45.7477800" lon="4.7616520">
    <ele>217.8</ele>
    <time>2026-07-01T11:44:19Z</time>
   </trkpt>
   <trkpt lat="45.7478060" lon="4.7616250">
    <ele>217.8</ele>
    <time>2026-07-01T11:44:20Z</time>
   </trkpt>
   <trkpt lat="45.7478310" lon="4.7615980">
    <ele>217.8</ele>
    <time>2026-07-01T11:44:21Z</time>
   </trkpt>
   <trkpt lat="45.7478540" lon="4.7615550">
    <ele>217.8</ele>
    <time>2026-07-01T11:44:22Z</time>
   </trkpt>
   <trkpt lat="45.7478740" lon="4.7615390">
    <ele>217.8</ele>
    <time>2026-07-01T11:44:23Z</time>
   </trkpt>
   <trkpt lat="45.7478960" lon="4.7615040">
    <ele>217.8</ele>
    <time>2026-07-01T11:44:24Z</time>
   </trkpt>
   <trkpt lat="45.7479240" lon="4.7614760">
    <ele>217.8</ele>
    <time>2026-07-01T11:44:25Z</time>
   </trkpt>
   <trkpt lat="45.7479500" lon="4.7614490">
    <ele>217.8</ele>
    <time>2026-07-01T11:44:26Z</time>
   </trkpt>
   <trkpt lat="45.7479680" lon="4.7614200">
    <ele>217.8</ele>
    <time>2026-07-01T11:44:27Z</time>
   </trkpt>
   <trkpt lat="45.7479880" lon="4.7614010">
    <ele>217.8</ele>
    <time>2026-07-01T11:44:28Z</time>
   </trkpt>
   <trkpt lat="45.7480130" lon="4.7613940">
    <ele>217.8</ele>
    <time>2026-07-01T11:44:29Z</time>
   </trkpt>
   <trkpt lat="45.7480390" lon="4.7613770">
    <ele>217.9</ele>
    <time>2026-07-01T11:44:30Z</time>
   </trkpt>
   <trkpt lat="45.7480660" lon="4.7613560">
    <ele>217.9</ele>
    <time>2026-07-01T11:44:31Z</time>
   </trkpt>
   <trkpt lat="45.7480880" lon="4.7613320">
    <ele>218.0</ele>
    <time>2026-07-01T11:44:32Z</time>
   </trkpt>
   <trkpt lat="45.7481100" lon="4.7613070">
    <ele>218.0</ele>
    <time>2026-07-01T11:44:33Z</time>
   </trkpt>
   <trkpt lat="45.7481200" lon="4.7612660">
    <ele>218.1</ele>
    <time>2026-07-01T11:44:34Z</time>
   </trkpt>
   <trkpt lat="45.7481420" lon="4.7612540">
    <ele>218.2</ele>
    <time>2026-07-01T11:44:35Z</time>
   </trkpt>
   <trkpt lat="45.7481680" lon="4.7612380">
    <ele>218.2</ele>
    <time>2026-07-01T11:44:36Z</time>
   </trkpt>
   <trkpt lat="45.7481880" lon="4.7612110">
    <ele>218.3</ele>
    <time>2026-07-01T11:44:37Z</time>
   </trkpt>
   <trkpt lat="45.7482070" lon="4.7611850">
    <ele>218.4</ele>
    <time>2026-07-01T11:44:38Z</time>
   </trkpt>
   <trkpt lat="45.7482310" lon="4.7611720">
    <ele>218.5</ele>
    <time>2026-07-01T11:44:39Z</time>
   </trkpt>
   <trkpt lat="45.7482630" lon="4.7611570">
    <ele>218.6</ele>
    <time>2026-07-01T11:44:40Z</time>
   </trkpt>
   <trkpt lat="45.7482920" lon="4.7611480">
    <ele>218.7</ele>
    <time>2026-07-01T11:44:41Z</time>
   </trkpt>
   <trkpt lat="45.7483190" lon="4.7611290">
    <ele>218.9</ele>
    <time>2026-07-01T11:44:42Z</time>
   </trkpt>
   <trkpt lat="45.7483430" lon="4.7611140">
    <ele>219.0</ele>
    <time>2026-07-01T11:44:43Z</time>
   </trkpt>
   <trkpt lat="45.7483680" lon="4.7610950">
    <ele>219.1</ele>
    <time>2026-07-01T11:44:44Z</time>
   </trkpt>
   <trkpt lat="45.7483910" lon="4.7610730">
    <ele>219.2</ele>
    <time>2026-07-01T11:44:45Z</time>
   </trkpt>
   <trkpt lat="45.7484210" lon="4.7610690">
    <ele>219.4</ele>
    <time>2026-07-01T11:44:46Z</time>
   </trkpt>
   <trkpt lat="45.7484430" lon="4.7610650">
    <ele>219.5</ele>
    <time>2026-07-01T11:44:47Z</time>
   </trkpt>
   <trkpt lat="45.7484780" lon="4.7610300">
    <ele>219.7</ele>
    <time>2026-07-01T11:44:48Z</time>
   </trkpt>
   <trkpt lat="45.7485060" lon="4.7610040">
    <ele>219.8</ele>
    <time>2026-07-01T11:44:49Z</time>
   </trkpt>
   <trkpt lat="45.7485300" lon="4.7609860">
    <ele>219.9</ele>
    <time>2026-07-01T11:44:50Z</time>
   </trkpt>
   <trkpt lat="45.7485480" lon="4.7609730">
    <ele>220.0</ele>
    <time>2026-07-01T11:44:51Z</time>
   </trkpt>
   <trkpt lat="45.7485700" lon="4.7609600">
    <ele>220.1</ele>
    <time>2026-07-01T11:44:52Z</time>
   </trkpt>
   <trkpt lat="45.7485970" lon="4.7609490">
    <ele>220.2</ele>
    <time>2026-07-01T11:44:53Z</time>
   </trkpt>
   <trkpt lat="45.7486280" lon="4.7609440">
    <ele>219.9</ele>
    <time>2026-07-01T11:44:54Z</time>
   </trkpt>
   <trkpt lat="45.7486510" lon="4.7609400">
    <ele>219.8</ele>
    <time>2026-07-01T11:44:55Z</time>
   </trkpt>
   <trkpt lat="45.7486820" lon="4.7609350">
    <ele>219.6</ele>
    <time>2026-07-01T11:44:56Z</time>
   </trkpt>
   <trkpt lat="45.7487100" lon="4.7609430">
    <ele>219.4</ele>
    <time>2026-07-01T11:44:57Z</time>
   </trkpt>
   <trkpt lat="45.7487680" lon="4.7609730">
    <ele>219.0</ele>
    <time>2026-07-01T11:44:58Z</time>
   </trkpt>
   <trkpt lat="45.7487970" lon="4.7609820">
    <ele>218.8</ele>
    <time>2026-07-01T11:44:59Z</time>
   </trkpt>
   <trkpt lat="45.7488250" lon="4.7609860">
    <ele>218.6</ele>
    <time>2026-07-01T11:45:00Z</time>
   </trkpt>
   <trkpt lat="45.7488510" lon="4.7609970">
    <ele>218.4</ele>
    <time>2026-07-01T11:45:01Z</time>
   </trkpt>
   <trkpt lat="45.7488840" lon="4.7610140">
    <ele>218.1</ele>
    <time>2026-07-01T11:45:02Z</time>
   </trkpt>
   <trkpt lat="45.7489130" lon="4.7610250">
    <ele>217.9</ele>
    <time>2026-07-01T11:45:03Z</time>
   </trkpt>
   <trkpt lat="45.7489430" lon="4.7610210">
    <ele>217.7</ele>
    <time>2026-07-01T11:45:05Z</time>
   </trkpt>
   <trkpt lat="45.7489680" lon="4.7610340">
    <ele>217.5</ele>
    <time>2026-07-01T11:45:06Z</time>
   </trkpt>
   <trkpt lat="45.7490000" lon="4.7610370">
    <ele>217.2</ele>
    <time>2026-07-01T11:45:07Z</time>
   </trkpt>
   <trkpt lat="45.7490310" lon="4.7610420">
    <ele>217.0</ele>
    <time>2026-07-01T11:45:08Z</time>
   </trkpt>
   <trkpt lat="45.7490640" lon="4.7610570">
    <ele>216.7</ele>
    <time>2026-07-01T11:45:09Z</time>
   </trkpt>
   <trkpt lat="45.7490920" lon="4.7610680">
    <ele>216.5</ele>
    <time>2026-07-01T11:45:10Z</time>
   </trkpt>
   <trkpt lat="45.7491190" lon="4.7610940">
    <ele>216.2</ele>
    <time>2026-07-01T11:45:11Z</time>
   </trkpt>
   <trkpt lat="45.7491450" lon="4.7611060">
    <ele>216.0</ele>
    <time>2026-07-01T11:45:12Z</time>
   </trkpt>
   <trkpt lat="45.7491650" lon="4.7611280">
    <ele>215.8</ele>
    <time>2026-07-01T11:45:13Z</time>
   </trkpt>
   <trkpt lat="45.7491970" lon="4.7611380">
    <ele>215.6</ele>
    <time>2026-07-01T11:45:14Z</time>
   </trkpt>
   <trkpt lat="45.7492330" lon="4.7611420">
    <ele>215.4</ele>
    <time>2026-07-01T11:45:15Z</time>
   </trkpt>
   <trkpt lat="45.7492680" lon="4.7611430">
    <ele>215.1</ele>
    <time>2026-07-01T11:45:16Z</time>
   </trkpt>
   <trkpt lat="45.7492970" lon="4.7611590">
    <ele>214.9</ele>
    <time>2026-07-01T11:45:17Z</time>
   </trkpt>
   <trkpt lat="45.7493290" lon="4.7611700">
    <ele>214.7</ele>
    <time>2026-07-01T11:45:18Z</time>
   </trkpt>
   <trkpt lat="45.7493680" lon="4.7611780">
    <ele>214.4</ele>
    <time>2026-07-01T11:45:19Z</time>
   </trkpt>
   <trkpt lat="45.7493990" lon="4.7611850">
    <ele>214.2</ele>
    <time>2026-07-01T11:45:20Z</time>
   </trkpt>
   <trkpt lat="45.7494400" lon="4.7611870">
    <ele>214.0</ele>
    <time>2026-07-01T11:45:21Z</time>
   </trkpt>
   <trkpt lat="45.7494710" lon="4.7612010">
    <ele>213.8</ele>
    <time>2026-07-01T11:45:22Z</time>
   </trkpt>
   <trkpt lat="45.7495040" lon="4.7612110">
    <ele>213.5</ele>
    <time>2026-07-01T11:45:23Z</time>
   </trkpt>
   <trkpt lat="45.7495360" lon="4.7612070">
    <ele>213.3</ele>
    <time>2026-07-01T11:45:24Z</time>
   </trkpt>
   <trkpt lat="45.7495690" lon="4.7612130">
    <ele>213.1</ele>
    <time>2026-07-01T11:45:25Z</time>
   </trkpt>
   <trkpt lat="45.7496000" lon="4.7612090">
    <ele>213.0</ele>
    <time>2026-07-01T11:45:26Z</time>
   </trkpt>
   <trkpt lat="45.7496300" lon="4.7612000">
    <ele>212.8</ele>
    <time>2026-07-01T11:45:27Z</time>
   </trkpt>
   <trkpt lat="45.7496500" lon="4.7612160">
    <ele>212.7</ele>
    <time>2026-07-01T11:45:28Z</time>
   </trkpt>
   <trkpt lat="45.7496770" lon="4.7612080">
    <ele>212.5</ele>
    <time>2026-07-01T11:45:29Z</time>
   </trkpt>
   <trkpt lat="45.7497130" lon="4.7611960">
    <ele>212.3</ele>
    <time>2026-07-01T11:45:30Z</time>
   </trkpt>
   <trkpt lat="45.7497400" lon="4.7612030">
    <ele>212.2</ele>
    <time>2026-07-01T11:45:31Z</time>
   </trkpt>
   <trkpt lat="45.7497710" lon="4.7612000">
    <ele>212.0</ele>
    <time>2026-07-01T11:45:32Z</time>
   </trkpt>
   <trkpt lat="45.7498010" lon="4.7612100">
    <ele>211.8</ele>
    <time>2026-07-01T11:45:33Z</time>
   </trkpt>
   <trkpt lat="45.7498290" lon="4.7612140">
    <ele>211.7</ele>
    <time>2026-07-01T11:45:34Z</time>
   </trkpt>
   <trkpt lat="45.7498640" lon="4.7612260">
    <ele>211.5</ele>
    <time>2026-07-01T11:45:35Z</time>
   </trkpt>
   <trkpt lat="45.7498900" lon="4.7612330">
    <ele>211.3</ele>
    <time>2026-07-01T11:45:36Z</time>
   </trkpt>
   <trkpt lat="45.7499250" lon="4.7612440">
    <ele>211.2</ele>
    <time>2026-07-01T11:45:37Z</time>
   </trkpt>
   <trkpt lat="45.7499540" lon="4.7612400">
    <ele>211.0</ele>
    <time>2026-07-01T11:45:38Z</time>
   </trkpt>
   <trkpt lat="45.7499920" lon="4.7612640">
    <ele>210.8</ele>
    <time>2026-07-01T11:45:39Z</time>
   </trkpt>
   <trkpt lat="45.7500190" lon="4.7612750">
    <ele>210.7</ele>
    <time>2026-07-01T11:45:40Z</time>
   </trkpt>
   <trkpt lat="45.7500520" lon="4.7612840">
    <ele>210.6</ele>
    <time>2026-07-01T11:45:41Z</time>
   </trkpt>
   <trkpt lat="45.7500850" lon="4.7612910">
    <ele>210.4</ele>
    <time>2026-07-01T11:45:42Z</time>
   </trkpt>
   <trkpt lat="45.7501190" lon="4.7612790">
    <ele>210.3</ele>
    <time>2026-07-01T11:45:43Z</time>
   </trkpt>
   <trkpt lat="45.7501400" lon="4.7612910">
    <ele>210.2</ele>
    <time>2026-07-01T11:45:44Z</time>
   </trkpt>
   <trkpt lat="45.7501710" lon="4.7612920">
    <ele>210.1</ele>
    <time>2026-07-01T11:45:45Z</time>
   </trkpt>
   <trkpt lat="45.7502050" lon="4.7612880">
    <ele>210.0</ele>
    <time>2026-07-01T11:45:46Z</time>
   </trkpt>
   <trkpt lat="45.7502410" lon="4.7612890">
    <ele>209.9</ele>
    <time>2026-07-01T11:45:47Z</time>
   </trkpt>
   <trkpt lat="45.7502690" lon="4.7613000">
    <ele>209.8</ele>
    <time>2026-07-01T11:45:48Z</time>
   </trkpt>
   <trkpt lat="45.7502960" lon="4.7613310">
    <ele>209.6</ele>
    <time>2026-07-01T11:45:49Z</time>
   </trkpt>
   <trkpt lat="45.7503270" lon="4.7613330">
    <ele>209.5</ele>
    <time>2026-07-01T11:45:50Z</time>
   </trkpt>
   <trkpt lat="45.7503590" lon="4.7613270">
    <ele>209.4</ele>
    <time>2026-07-01T11:45:51Z</time>
   </trkpt>
   <trkpt lat="45.7503980" lon="4.7613430">
    <ele>209.3</ele>
    <time>2026-07-01T11:45:52Z</time>
   </trkpt>
   <trkpt lat="45.7504390" lon="4.7613610">
    <ele>209.1</ele>
    <time>2026-07-01T11:45:53Z</time>
   </trkpt>
   <trkpt lat="45.7504720" lon="4.7613660">
    <ele>209.0</ele>
    <time>2026-07-01T11:45:54Z</time>
   </trkpt>
   <trkpt lat="45.7505080" lon="4.7613620">
    <ele>208.9</ele>
    <time>2026-07-01T11:45:55Z</time>
   </trkpt>
   <trkpt lat="45.7505420" lon="4.7613640">
    <ele>208.8</ele>
    <time>2026-07-01T11:45:56Z</time>
   </trkpt>
   <trkpt lat="45.7505680" lon="4.7613630">
    <ele>208.7</ele>
    <time>2026-07-01T11:45:57Z</time>
   </trkpt>
   <trkpt lat="45.7506020" lon="4.7613710">
    <ele>208.6</ele>
    <time>2026-07-01T11:45:58Z</time>
   </trkpt>
   <trkpt lat="45.7506340" lon="4.7613840">
    <ele>208.5</ele>
    <time>2026-07-01T11:45:59Z</time>
   </trkpt>
   <trkpt lat="45.7506620" lon="4.7613850">
    <ele>208.4</ele>
    <time>2026-07-01T11:46:00Z</time>
   </trkpt>
   <trkpt lat="45.7506910" lon="4.7613870">
    <ele>208.3</ele>
    <time>2026-07-01T11:46:01Z</time>
   </trkpt>
   <trkpt lat="45.7507280" lon="4.7613820">
    <ele>208.2</ele>
    <time>2026-07-01T11:46:02Z</time>
   </trkpt>
   <trkpt lat="45.7507580" lon="4.7614130">
    <ele>208.1</ele>
    <time>2026-07-01T11:46:03Z</time>
   </trkpt>
   <trkpt lat="45.7507890" lon="4.7614210">
    <ele>208.0</ele>
    <time>2026-07-01T11:46:04Z</time>
   </trkpt>
   <trkpt lat="45.7508180" lon="4.7614150">
    <ele>207.9</ele>
    <time>2026-07-01T11:46:05Z</time>
   </trkpt>
   <trkpt lat="45.7508540" lon="4.7613940">
    <ele>207.8</ele>
    <time>2026-07-01T11:46:06Z</time>
   </trkpt>
   <trkpt lat="45.7508990" lon="4.7613710">
    <ele>207.7</ele>
    <time>2026-07-01T11:46:07Z</time>
   </trkpt>
   <trkpt lat="45.7509370" lon="4.7613540">
    <ele>207.6</ele>
    <time>2026-07-01T11:46:08Z</time>
   </trkpt>
   <trkpt lat="45.7509710" lon="4.7613580">
    <ele>207.5</ele>
    <time>2026-07-01T11:46:09Z</time>
   </trkpt>
   <trkpt lat="45.7510040" lon="4.7613700">
    <ele>207.4</ele>
    <time>2026-07-01T11:46:10Z</time>
   </trkpt>
   <trkpt lat="45.7510390" lon="4.7613790">
    <ele>207.3</ele>
    <time>2026-07-01T11:46:11Z</time>
   </trkpt>
   <trkpt lat="45.7510720" lon="4.7613810">
    <ele>207.2</ele>
    <time>2026-07-01T11:46:12Z</time>
   </trkpt>
   <trkpt lat="45.7511040" lon="4.7613800">
    <ele>207.1</ele>
    <time>2026-07-01T11:46:13Z</time>
   </trkpt>
   <trkpt lat="45.7511430" lon="4.7613890">
    <ele>206.9</ele>
    <time>2026-07-01T11:46:14Z</time>
   </trkpt>
   <trkpt lat="45.7511740" lon="4.7613860">
    <ele>206.8</ele>
    <time>2026-07-01T11:46:15Z</time>
   </trkpt>
   <trkpt lat="45.7511990" lon="4.7613890">
    <ele>206.7</ele>
    <time>2026-07-01T11:46:16Z</time>
   </trkpt>
   <trkpt lat="45.7512250" lon="4.7614010">
    <ele>206.6</ele>
    <time>2026-07-01T11:46:17Z</time>
   </trkpt>
   <trkpt lat="45.7512540" lon="4.7613990">
    <ele>206.4</ele>
    <time>2026-07-01T11:46:18Z</time>
   </trkpt>
   <trkpt lat="45.7512820" lon="4.7614060">
    <ele>206.3</ele>
    <time>2026-07-01T11:46:19Z</time>
   </trkpt>
   <trkpt lat="45.7513120" lon="4.7614180">
    <ele>206.2</ele>
    <time>2026-07-01T11:46:20Z</time>
   </trkpt>
   <trkpt lat="45.7513380" lon="4.7614260">
    <ele>206.0</ele>
    <time>2026-07-01T11:46:21Z</time>
   </trkpt>
   <trkpt lat="45.7513720" lon="4.7614270">
    <ele>205.9</ele>
    <time>2026-07-01T11:46:22Z</time>
   </trkpt>
   <trkpt lat="45.7514000" lon="4.7614330">
    <ele>205.7</ele>
    <time>2026-07-01T11:46:23Z</time>
   </trkpt>
   <trkpt lat="45.7514300" lon="4.7614440">
    <ele>205.6</ele>
    <time>2026-07-01T11:46:24Z</time>
   </trkpt>
   <trkpt lat="45.7514590" lon="4.7614560">
    <ele>205.5</ele>
    <time>2026-07-01T11:46:25Z</time>
   </trkpt>
   <trkpt lat="45.7514930" lon="4.7614790">
    <ele>205.3</ele>
    <time>2026-07-01T11:46:26Z</time>
   </trkpt>
   <trkpt lat="45.7515200" lon="4.7615000">
    <ele>205.1</ele>
    <time>2026-07-01T11:46:27Z</time>
   </trkpt>
   <trkpt lat="45.7515460" lon="4.7615060">
    <ele>205.0</ele>
    <time>2026-07-01T11:46:28Z</time>
   </trkpt>
   <trkpt lat="45.7515860" lon="4.7615110">
    <ele>204.8</ele>
    <time>2026-07-01T11:46:29Z</time>
   </trkpt>
   <trkpt lat="45.7516140" lon="4.7615350">
    <ele>204.7</ele>
    <time>2026-07-01T11:46:30Z</time>
   </trkpt>
   <trkpt lat="45.7516470" lon="4.7615670">
    <ele>204.5</ele>
    <time>2026-07-01T11:46:31Z</time>
   </trkpt>
   <trkpt lat="45.7516740" lon="4.7615900">
    <ele>204.4</ele>
    <time>2026-07-01T11:46:32Z</time>
   </trkpt>
   <trkpt lat="45.7516940" lon="4.7616180">
    <ele>204.2</ele>
    <time>2026-07-01T11:46:33Z</time>
   </trkpt>
   <trkpt lat="45.7517130" lon="4.7616500">
    <ele>204.1</ele>
    <time>2026-07-01T11:46:34Z</time>
   </trkpt>
   <trkpt lat="45.7517370" lon="4.7616750">
    <ele>204.0</ele>
    <time>2026-07-01T11:46:35Z</time>
   </trkpt>
   <trkpt lat="45.7517560" lon="4.7617090">
    <ele>203.9</ele>
    <time>2026-07-01T11:46:36Z</time>
   </trkpt>
   <trkpt lat="45.7517680" lon="4.7617510">
    <ele>203.9</ele>
    <time>2026-07-01T11:46:37Z</time>
   </trkpt>
   <trkpt lat="45.7517810" lon="4.7617860">
    <ele>203.9</ele>
    <time>2026-07-01T11:46:38Z</time>
   </trkpt>
   <trkpt lat="45.7517980" lon="4.7618090">
    <ele>203.9</ele>
    <time>2026-07-01T11:46:39Z</time>
   </trkpt>
   <trkpt lat="45.7518050" lon="4.7618550">
    <ele>203.9</ele>
    <time>2026-07-01T11:46:40Z</time>
   </trkpt>
   <trkpt lat="45.7518160" lon="4.7618890">
    <ele>203.9</ele>
    <time>2026-07-01T11:46:41Z</time>
   </trkpt>
   <trkpt lat="45.7518390" lon="4.7619260">
    <ele>203.9</ele>
    <time>2026-07-01T11:46:42Z</time>
   </trkpt>
   <trkpt lat="45.7518500" lon="4.7619640">
    <ele>203.9</ele>
    <time>2026-07-01T11:46:43Z</time>
   </trkpt>
   <trkpt lat="45.7518520" lon="4.7620040">
    <ele>203.9</ele>
    <time>2026-07-01T11:46:44Z</time>
   </trkpt>
   <trkpt lat="45.7518520" lon="4.7620340">
    <ele>203.9</ele>
    <time>2026-07-01T11:46:45Z</time>
   </trkpt>
   <trkpt lat="45.7518440" lon="4.7620710">
    <ele>203.9</ele>
    <time>2026-07-01T11:46:46Z</time>
   </trkpt>
   <trkpt lat="45.7518690" lon="4.7621330">
    <ele>203.9</ele>
    <time>2026-07-01T11:46:47Z</time>
   </trkpt>
   <trkpt lat="45.7518780" lon="4.7621750">
    <ele>203.8</ele>
    <time>2026-07-01T11:46:48Z</time>
   </trkpt>
   <trkpt lat="45.7518870" lon="4.7622100">
    <ele>203.8</ele>
    <time>2026-07-01T11:46:49Z</time>
   </trkpt>
   <trkpt lat="45.7518970" lon="4.7622470">
    <ele>203.8</ele>
    <time>2026-07-01T11:46:50Z</time>
   </trkpt>
   <trkpt lat="45.7519040" lon="4.7622780">
    <ele>203.8</ele>
    <time>2026-07-01T11:46:51Z</time>
   </trkpt>
   <trkpt lat="45.7519200" lon="4.7622960">
    <ele>203.7</ele>
    <time>2026-07-01T11:46:52Z</time>
   </trkpt>
   <trkpt lat="45.7519300" lon="4.7623670">
    <ele>203.8</ele>
    <time>2026-07-01T11:46:53Z</time>
   </trkpt>
   <trkpt lat="45.7519250" lon="4.7623890">
    <ele>203.8</ele>
    <time>2026-07-01T11:46:54Z</time>
   </trkpt>
   <trkpt lat="45.7519260" lon="4.7624080">
    <ele>203.8</ele>
    <time>2026-07-01T11:46:55Z</time>
   </trkpt>
   <trkpt lat="45.7519300" lon="4.7624380">
    <ele>203.9</ele>
    <time>2026-07-01T11:46:56Z</time>
   </trkpt>
   <trkpt lat="45.7519220" lon="4.7624670">
    <ele>203.9</ele>
    <time>2026-07-01T11:46:57Z</time>
   </trkpt>
   <trkpt lat="45.7519160" lon="4.7624970">
    <ele>203.9</ele>
    <time>2026-07-01T11:46:58Z</time>
   </trkpt>
   <trkpt lat="45.7519220" lon="4.7625300">
    <ele>204.0</ele>
    <time>2026-07-01T11:46:59Z</time>
   </trkpt>
   <trkpt lat="45.7519290" lon="4.7625750">
    <ele>204.0</ele>
    <time>2026-07-01T11:47:00Z</time>
   </trkpt>
   <trkpt lat="45.7519290" lon="4.7626080">
    <ele>204.1</ele>
    <time>2026-07-01T11:47:01Z</time>
   </trkpt>
   <trkpt lat="45.7519280" lon="4.7626450">
    <ele>204.1</ele>
    <time>2026-07-01T11:47:02Z</time>
   </trkpt>
   <trkpt lat="45.7519180" lon="4.7626750">
    <ele>204.2</ele>
    <time>2026-07-01T11:47:03Z</time>
   </trkpt>
   <trkpt lat="45.7518810" lon="4.7627070">
    <ele>204.3</ele>
    <time>2026-07-01T11:47:04Z</time>
   </trkpt>
   <trkpt lat="45.7518760" lon="4.7627350">
    <ele>204.4</ele>
    <time>2026-07-01T11:47:05Z</time>
   </trkpt>
   <trkpt lat="45.7518690" lon="4.7627770">
    <ele>204.5</ele>
    <time>2026-07-01T11:47:06Z</time>
   </trkpt>
   <trkpt lat="45.7518570" lon="4.7628170">
    <ele>204.5</ele>
    <time>2026-07-01T11:47:07Z</time>
   </trkpt>
   <trkpt lat="45.7518420" lon="4.7628580">
    <ele>204.6</ele>
    <time>2026-07-01T11:47:08Z</time>
   </trkpt>
   <trkpt lat="45.7518360" lon="4.7628960">
    <ele>204.7</ele>
    <time>2026-07-01T11:47:09Z</time>
   </trkpt>
   <trkpt lat="45.7518280" lon="4.7629300">
    <ele>204.8</ele>
    <time>2026-07-01T11:47:11Z</time>
   </trkpt>
   <trkpt lat="45.7518190" lon="4.7629640">
    <ele>204.9</ele>
    <time>2026-07-01T11:47:12Z</time>
   </trkpt>
   <trkpt lat="45.7518100" lon="4.7630000">
    <ele>205.0</ele>
    <time>2026-07-01T11:47:13Z</time>
   </trkpt>
   <trkpt lat="45.7518000" lon="4.7630340">
    <ele>205.1</ele>
    <time>2026-07-01T11:47:14Z</time>
   </trkpt>
   <trkpt lat="45.7517810" lon="4.7630580">
    <ele>205.2</ele>
    <time>2026-07-01T11:47:15Z</time>
   </trkpt>
   <trkpt lat="45.7517620" lon="4.7630900">
    <ele>205.3</ele>
    <time>2026-07-01T11:47:16Z</time>
   </trkpt>
   <trkpt lat="45.7517410" lon="4.7631140">
    <ele>205.4</ele>
    <time>2026-07-01T11:47:17Z</time>
   </trkpt>
   <trkpt lat="45.7517250" lon="4.7631370">
    <ele>205.5</ele>
    <time>2026-07-01T11:47:18Z</time>
   </trkpt>
   <trkpt lat="45.7517130" lon="4.7631570">
    <ele>205.6</ele>
    <time>2026-07-01T11:47:19Z</time>
   </trkpt>
   <trkpt lat="45.7517050" lon="4.7631800">
    <ele>205.6</ele>
    <time>2026-07-01T11:47:20Z</time>
   </trkpt>
   <trkpt lat="45.7516990" lon="4.7632090">
    <ele>205.7</ele>
    <time>2026-07-01T11:47:21Z</time>
   </trkpt>
   <trkpt lat="45.7516790" lon="4.7632380">
    <ele>205.8</ele>
    <time>2026-07-01T11:47:22Z</time>
   </trkpt>
   <trkpt lat="45.7516660" lon="4.7632620">
    <ele>205.9</ele>
    <time>2026-07-01T11:47:23Z</time>
   </trkpt>
   <trkpt lat="45.7516550" lon="4.7632880">
    <ele>206.0</ele>
    <time>2026-07-01T11:47:24Z</time>
   </trkpt>
   <trkpt lat="45.7516420" lon="4.7633070">
    <ele>206.1</ele>
    <time>2026-07-01T11:47:25Z</time>
   </trkpt>
   <trkpt lat="45.7516240" lon="4.7633570">
    <ele>206.3</ele>
    <time>2026-07-01T11:47:26Z</time>
   </trkpt>
   <trkpt lat="45.7516170" lon="4.7633950">
    <ele>206.4</ele>
    <time>2026-07-01T11:47:27Z</time>
   </trkpt>
   <trkpt lat="45.7515910" lon="4.7634150">
    <ele>206.5</ele>
    <time>2026-07-01T11:47:28Z</time>
   </trkpt>
   <trkpt lat="45.7515680" lon="4.7634430">
    <ele>206.7</ele>
    <time>2026-07-01T11:47:29Z</time>
   </trkpt>
   <trkpt lat="45.7515390" lon="4.7634690">
    <ele>206.9</ele>
    <time>2026-07-01T11:47:30Z</time>
   </trkpt>
   <trkpt lat="45.7515230" lon="4.7634850">
    <ele>207.0</ele>
    <time>2026-07-01T11:47:31Z</time>
   </trkpt>
   <trkpt lat="45.7514840" lon="4.7635270">
    <ele>207.2</ele>
    <time>2026-07-01T11:47:32Z</time>
   </trkpt>
   <trkpt lat="45.7514690" lon="4.7635560">
    <ele>207.3</ele>
    <time>2026-07-01T11:47:33Z</time>
   </trkpt>
   <trkpt lat="45.7514610" lon="4.7635750">
    <ele>207.4</ele>
    <time>2026-07-01T11:47:34Z</time>
   </trkpt>
   <trkpt lat="45.7514440" lon="4.7635940">
    <ele>207.5</ele>
    <time>2026-07-01T11:47:35Z</time>
   </trkpt>
   <trkpt lat="45.7514170" lon="4.7636150">
    <ele>207.7</ele>
    <time>2026-07-01T11:47:36Z</time>
   </trkpt>
   <trkpt lat="45.7514110" lon="4.7636400">
    <ele>207.8</ele>
    <time>2026-07-01T11:47:37Z</time>
   </trkpt>
   <trkpt lat="45.7514000" lon="4.7636620">
    <ele>207.9</ele>
    <time>2026-07-01T11:47:38Z</time>
   </trkpt>
   <trkpt lat="45.7513750" lon="4.7636850">
    <ele>208.1</ele>
    <time>2026-07-01T11:47:39Z</time>
   </trkpt>
   <trkpt lat="45.7513540" lon="4.7637040">
    <ele>208.2</ele>
    <time>2026-07-01T11:47:40Z</time>
   </trkpt>
   <trkpt lat="45.7513300" lon="4.7637180">
    <ele>208.4</ele>
    <time>2026-07-01T11:47:41Z</time>
   </trkpt>
   <trkpt lat="45.7513130" lon="4.7637210">
    <ele>208.5</ele>
    <time>2026-07-01T11:47:42Z</time>
   </trkpt>
   <trkpt lat="45.7512970" lon="4.7637260">
    <ele>208.6</ele>
    <time>2026-07-01T11:47:43Z</time>
   </trkpt>
   <trkpt lat="45.7512820" lon="4.7637510">
    <ele>208.7</ele>
    <time>2026-07-01T11:47:44Z</time>
   </trkpt>
   <trkpt lat="45.7512570" lon="4.7637710">
    <ele>208.9</ele>
    <time>2026-07-01T11:47:45Z</time>
   </trkpt>
   <trkpt lat="45.7512420" lon="4.7637910">
    <ele>209.0</ele>
    <time>2026-07-01T11:47:46Z</time>
   </trkpt>
   <trkpt lat="45.7512230" lon="4.7638140">
    <ele>209.1</ele>
    <time>2026-07-01T11:47:47Z</time>
   </trkpt>
   <trkpt lat="45.7512000" lon="4.7638340">
    <ele>209.3</ele>
    <time>2026-07-01T11:47:48Z</time>
   </trkpt>
   <trkpt lat="45.7511790" lon="4.7638490">
    <ele>209.4</ele>
    <time>2026-07-01T11:47:49Z</time>
   </trkpt>
   <trkpt lat="45.7511650" lon="4.7638840">
    <ele>209.6</ele>
    <time>2026-07-01T11:47:50Z</time>
   </trkpt>
   <trkpt lat="45.7511350" lon="4.7639090">
    <ele>209.8</ele>
    <time>2026-07-01T11:47:51Z</time>
   </trkpt>
   <trkpt lat="45.7511150" lon="4.7639310">
    <ele>209.9</ele>
    <time>2026-07-01T11:47:52Z</time>
   </trkpt>
   <trkpt lat="45.7510940" lon="4.7639430">
    <ele>210.1</ele>
    <time>2026-07-01T11:47:53Z</time>
   </trkpt>
   <trkpt lat="45.7510700" lon="4.7639570">
    <ele>210.3</ele>
    <time>2026-07-01T11:47:54Z</time>
   </trkpt>
   <trkpt lat="45.7510470" lon="4.7639730">
    <ele>210.4</ele>
    <time>2026-07-01T11:47:55Z</time>
   </trkpt>
   <trkpt lat="45.7510220" lon="4.7639840">
    <ele>210.6</ele>
    <time>2026-07-01T11:47:56Z</time>
   </trkpt>
   <trkpt lat="45.7510020" lon="4.7639970">
    <ele>210.7</ele>
    <time>2026-07-01T11:47:57Z</time>
   </trkpt>
   <trkpt lat="45.7509800" lon="4.7640150">
    <ele>210.9</ele>
    <time>2026-07-01T11:47:58Z</time>
   </trkpt>
   <trkpt lat="45.7509660" lon="4.7640420">
    <ele>211.1</ele>
    <time>2026-07-01T11:47:59Z</time>
   </trkpt>
   <trkpt lat="45.7509590" lon="4.7640780">
    <ele>211.2</ele>
    <time>2026-07-01T11:48:00Z</time>
   </trkpt>
   <trkpt lat="45.7509400" lon="4.7641010">
    <ele>211.4</ele>
    <time>2026-07-01T11:48:01Z</time>
   </trkpt>
   <trkpt lat="45.7509160" lon="4.7641220">
    <ele>211.6</ele>
    <time>2026-07-01T11:48:02Z</time>
   </trkpt>
   <trkpt lat="45.7508870" lon="4.7641430">
    <ele>211.8</ele>
    <time>2026-07-01T11:48:03Z</time>
   </trkpt>
   <trkpt lat="45.7508680" lon="4.7641720">
    <ele>212.0</ele>
    <time>2026-07-01T11:48:04Z</time>
   </trkpt>
   <trkpt lat="45.7508490" lon="4.7641900">
    <ele>212.2</ele>
    <time>2026-07-01T11:48:05Z</time>
   </trkpt>
   <trkpt lat="45.7508420" lon="4.7642220">
    <ele>212.3</ele>
    <time>2026-07-01T11:48:06Z</time>
   </trkpt>
   <trkpt lat="45.7508150" lon="4.7642310">
    <ele>212.5</ele>
    <time>2026-07-01T11:48:07Z</time>
   </trkpt>
   <trkpt lat="45.7507900" lon="4.7642480">
    <ele>212.7</ele>
    <time>2026-07-01T11:48:08Z</time>
   </trkpt>
   <trkpt lat="45.7507650" lon="4.7642750">
    <ele>213.0</ele>
    <time>2026-07-01T11:48:09Z</time>
   </trkpt>
   <trkpt lat="45.7507420" lon="4.7642960">
    <ele>213.2</ele>
    <time>2026-07-01T11:48:10Z</time>
   </trkpt>
   <trkpt lat="45.7507210" lon="4.7643030">
    <ele>213.3</ele>
    <time>2026-07-01T11:48:11Z</time>
   </trkpt>
   <trkpt lat="45.7506960" lon="4.7643240">
    <ele>213.6</ele>
    <time>2026-07-01T11:48:12Z</time>
   </trkpt>
   <trkpt lat="45.7506680" lon="4.7643450">
    <ele>213.8</ele>
    <time>2026-07-01T11:48:13Z</time>
   </trkpt>
   <trkpt lat="45.7506500" lon="4.7643750">
    <ele>214.0</ele>
    <time>2026-07-01T11:48:14Z</time>
   </trkpt>
   <trkpt lat="45.7506360" lon="4.7644050">
    <ele>214.2</ele>
    <time>2026-07-01T11:48:15Z</time>
   </trkpt>
   <trkpt lat="45.7506060" lon="4.7644280">
    <ele>214.5</ele>
    <time>2026-07-01T11:48:16Z</time>
   </trkpt>
   <trkpt lat="45.7505920" lon="4.7644590">
    <ele>214.7</ele>
    <time>2026-07-01T11:48:17Z</time>
   </trkpt>
   <trkpt lat="45.7505840" lon="4.7644910">
    <ele>214.9</ele>
    <time>2026-07-01T11:48:18Z</time>
   </trkpt>
   <trkpt lat="45.7505740" lon="4.7645230">
    <ele>215.2</ele>
    <time>2026-07-01T11:48:19Z</time>
   </trkpt>
   <trkpt lat="45.7505640" lon="4.7645620">
    <ele>215.4</ele>
    <time>2026-07-01T11:48:20Z</time>
   </trkpt>
   <trkpt lat="45.7505500" lon="4.7645870">
    <ele>215.6</ele>
    <time>2026-07-01T11:48:21Z</time>
   </trkpt>
   <trkpt lat="45.7505410" lon="4.7646140">
    <ele>215.8</ele>
    <time>2026-07-01T11:48:22Z</time>
   </trkpt>
   <trkpt lat="45.7505380" lon="4.7646420">
    <ele>216.0</ele>
    <time>2026-07-01T11:48:23Z</time>
   </trkpt>
   <trkpt lat="45.7505280" lon="4.7646690">
    <ele>216.1</ele>
    <time>2026-07-01T11:48:24Z</time>
   </trkpt>
   <trkpt lat="45.7505160" lon="4.7647000">
    <ele>216.4</ele>
    <time>2026-07-01T11:48:25Z</time>
   </trkpt>
   <trkpt lat="45.7505070" lon="4.7647280">
    <ele>216.5</ele>
    <time>2026-07-01T11:48:26Z</time>
   </trkpt>
   <trkpt lat="45.7505050" lon="4.7647600">
    <ele>216.7</ele>
    <time>2026-07-01T11:48:27Z</time>
   </trkpt>
   <trkpt lat="45.7504930" lon="4.7648020">
    <ele>217.0</ele>
    <time>2026-07-01T11:48:28Z</time>
   </trkpt>
   <trkpt lat="45.7505010" lon="4.7648260">
    <ele>217.1</ele>
    <time>2026-07-01T11:48:29Z</time>
   </trkpt>
   <trkpt lat="45.7505060" lon="4.7648600">
    <ele>217.3</ele>
    <time>2026-07-01T11:48:30Z</time>
   </trkpt>
   <trkpt lat="45.7504940" lon="4.7648900">
    <ele>217.5</ele>
    <time>2026-07-01T11:48:31Z</time>
   </trkpt>
   <trkpt lat="45.7504840" lon="4.7649090">
    <ele>217.6</ele>
    <time>2026-07-01T11:48:32Z</time>
   </trkpt>
   <trkpt lat="45.7504820" lon="4.7649500">
    <ele>217.8</ele>
    <time>2026-07-01T11:48:33Z</time>
   </trkpt>
   <trkpt lat="45.7504940" lon="4.7649860">
    <ele>218.0</ele>
    <time>2026-07-01T11:48:34Z</time>
   </trkpt>
   <trkpt lat="45.7505000" lon="4.7650300">
    <ele>218.3</ele>
    <time>2026-07-01T11:48:35Z</time>
   </trkpt>
   <trkpt lat="45.7505050" lon="4.7650640">
    <ele>218.5</ele>
    <time>2026-07-01T11:48:36Z</time>
   </trkpt>
   <trkpt lat="45.7505070" lon="4.7651000">
    <ele>218.8</ele>
    <time>2026-07-01T11:48:37Z</time>
   </trkpt>
   <trkpt lat="45.7505170" lon="4.7651390">
    <ele>219.1</ele>
    <time>2026-07-01T11:48:38Z</time>
   </trkpt>
   <trkpt lat="45.7505360" lon="4.7651710">
    <ele>219.4</ele>
    <time>2026-07-01T11:48:39Z</time>
   </trkpt>
   <trkpt lat="45.7505470" lon="4.7652030">
    <ele>219.6</ele>
    <time>2026-07-01T11:48:40Z</time>
   </trkpt>
   <trkpt lat="45.7505700" lon="4.7652340">
    <ele>219.9</ele>
    <time>2026-07-01T11:48:41Z</time>
   </trkpt>
   <trkpt lat="45.7505870" lon="4.7652630">
    <ele>220.0</ele>
    <time>2026-07-01T11:48:42Z</time>
   </trkpt>
   <trkpt lat="45.7506020" lon="4.7652960">
    <ele>219.7</ele>
    <time>2026-07-01T11:48:43Z</time>
   </trkpt>
   <trkpt lat="45.7506140" lon="4.7653270">
    <ele>219.5</ele>
    <time>2026-07-01T11:48:44Z</time>
   </trkpt>
   <trkpt lat="45.7506440" lon="4.7653360">
    <ele>219.8</ele>
    <time>2026-07-01T11:48:45Z</time>
   </trkpt>
   <trkpt lat="45.7506810" lon="4.7653310">
    <ele>220.1</ele>
    <time>2026-07-01T11:48:46Z</time>
   </trkpt>
   <trkpt lat="45.7507220" lon="4.7653310">
    <ele>220.3</ele>
    <time>2026-07-01T11:48:47Z</time>
   </trkpt>
   <trkpt lat="45.7507680" lon="4.7653840">
    <ele>220.5</ele>
    <time>2026-07-01T11:48:48Z</time>
   </trkpt>
   <trkpt lat="45.7507880" lon="4.7654250">
    <ele>220.6</ele>
    <time>2026-07-01T11:48:49Z</time>
   </trkpt>
   <trkpt lat="45.7508090" lon="4.7654570">
    <ele>220.7</ele>
    <time>2026-07-01T11:48:50Z</time>
   </trkpt>
   <trkpt lat="45.7508230" lon="4.7654860">
    <ele>220.7</ele>
    <time>2026-07-01T11:48:51Z</time>
   </trkpt>
   <trkpt lat="45.7508420" lon="4.7655090">
    <ele>220.8</ele>
    <time>2026-07-01T11:48:52Z</time>
   </trkpt>
   <trkpt lat="45.7508760" lon="4.7655180">
    <ele>220.9</ele>
    <time>2026-07-01T11:48:53Z</time>
   </trkpt>
   <trkpt lat="45.7509020" lon="4.7655290">
    <ele>220.9</ele>
    <time>2026-07-01T11:48:54Z</time>
   </trkpt>
   <trkpt lat="45.7509260" lon="4.7655320">
    <ele>221.0</ele>
    <time>2026-07-01T11:48:55Z</time>
   </trkpt>
   <trkpt lat="45.7509560" lon="4.7655380">
    <ele>221.1</ele>
    <time>2026-07-01T11:48:56Z</time>
   </trkpt>
   <trkpt lat="45.7509820" lon="4.7655370">
    <ele>221.1</ele>
    <time>2026-07-01T11:48:57Z</time>
   </trkpt>
   <trkpt lat="45.7510100" lon="4.7655510">
    <ele>221.2</ele>
    <time>2026-07-01T11:48:58Z</time>
   </trkpt>
   <trkpt lat="45.7510220" lon="4.7655670">
    <ele>221.2</ele>
    <time>2026-07-01T11:48:59Z</time>
   </trkpt>
   <trkpt lat="45.7510400" lon="4.7655780">
    <ele>221.3</ele>
    <time>2026-07-01T11:49:00Z</time>
   </trkpt>
   <trkpt lat="45.7510680" lon="4.7655730">
    <ele>221.4</ele>
    <time>2026-07-01T11:49:01Z</time>
   </trkpt>
   <trkpt lat="45.7511000" lon="4.7655760">
    <ele>221.4</ele>
    <time>2026-07-01T11:49:02Z</time>
   </trkpt>
   <trkpt lat="45.7511240" lon="4.7655880">
    <ele>221.5</ele>
    <time>2026-07-01T11:49:03Z</time>
   </trkpt>
   <trkpt lat="45.7511490" lon="4.7656020">
    <ele>221.6</ele>
    <time>2026-07-01T11:49:04Z</time>
   </trkpt>
   <trkpt lat="45.7511720" lon="4.7656260">
    <ele>221.6</ele>
    <time>2026-07-01T11:49:05Z</time>
   </trkpt>
   <trkpt lat="45.7511920" lon="4.7656390">
    <ele>221.7</ele>
    <time>2026-07-01T11:49:06Z</time>
   </trkpt>
   <trkpt lat="45.7512130" lon="4.7656430">
    <ele>221.7</ele>
    <time>2026-07-01T11:49:07Z</time>
   </trkpt>
   <trkpt lat="45.7512390" lon="4.7656660">
    <ele>221.8</ele>
    <time>2026-07-01T11:49:08Z</time>
   </trkpt>
   <trkpt lat="45.7512680" lon="4.7656760">
    <ele>221.8</ele>
    <time>2026-07-01T11:49:09Z</time>
   </trkpt>
   <trkpt lat="45.7512870" lon="4.7656720">
    <ele>221.9</ele>
    <time>2026-07-01T11:49:10Z</time>
   </trkpt>
   <trkpt lat="45.7513120" lon="4.7656750">
    <ele>221.9</ele>
    <time>2026-07-01T11:49:11Z</time>
   </trkpt>
   <trkpt lat="45.7513390" lon="4.7656790">
    <ele>222.0</ele>
    <time>2026-07-01T11:49:12Z</time>
   </trkpt>
   <trkpt lat="45.7513630" lon="4.7656930">
    <ele>222.0</ele>
    <time>2026-07-01T11:49:13Z</time>
   </trkpt>
   <trkpt lat="45.7513900" lon="4.7657070">
    <ele>222.1</ele>
    <time>2026-07-01T11:49:14Z</time>
   </trkpt>
   <trkpt lat="45.7514130" lon="4.7657310">
    <ele>222.1</ele>
    <time>2026-07-01T11:49:15Z</time>
   </trkpt>
   <trkpt lat="45.7514320" lon="4.7657460">
    <ele>222.2</ele>
    <time>2026-07-01T11:49:17Z</time>
   </trkpt>
   <trkpt lat="45.7514470" lon="4.7657630">
    <ele>222.2</ele>
    <time>2026-07-01T11:49:18Z</time>
   </trkpt>
   <trkpt lat="45.7514710" lon="4.7657710">
    <ele>222.3</ele>
    <time>2026-07-01T11:49:19Z</time>
   </trkpt>
   <trkpt lat="45.7515020" lon="4.7657780">
    <ele>222.3</ele>
    <time>2026-07-01T11:49:20Z</time>
   </trkpt>
   <trkpt lat="45.7515310" lon="4.7657760">
    <ele>222.4</ele>
    <time>2026-07-01T11:49:21Z</time>
   </trkpt>
   <trkpt lat="45.7515580" lon="4.7657730">
    <ele>222.4</ele>
    <time>2026-07-01T11:49:22Z</time>
   </trkpt>
   <trkpt lat="45.7515840" lon="4.7657740">
    <ele>222.4</ele>
    <time>2026-07-01T11:49:23Z</time>
   </trkpt>
   <trkpt lat="45.7516170" lon="4.7657730">
    <ele>222.5</ele>
    <time>2026-07-01T11:49:24Z</time>
   </trkpt>
   <trkpt lat="45.7516470" lon="4.7657750">
    <ele>222.5</ele>
    <time>2026-07-01T11:49:25Z</time>
   </trkpt>
   <trkpt lat="45.7516730" lon="4.7657670">
    <ele>222.6</ele>
    <time>2026-07-01T11:49:26Z</time>
   </trkpt>
   <trkpt lat="45.7516930" lon="4.7657640">
    <ele>222.6</ele>
    <time>2026-07-01T11:49:27Z</time>
   </trkpt>
   <trkpt lat="45.7517100" lon="4.7657670">
    <ele>222.6</ele>
    <time>2026-07-01T11:49:28Z</time>
   </trkpt>
   <trkpt lat="45.7517290" lon="4.7657590">
    <ele>222.6</ele>
    <time>2026-07-01T11:49:29Z</time>
   </trkpt>
   <trkpt lat="45.7517530" lon="4.7657480">
    <ele>222.7</ele>
    <time>2026-07-01T11:49:30Z</time>
   </trkpt>
   <trkpt lat="45.7517730" lon="4.7657480">
    <ele>222.7</ele>
    <time>2026-07-01T11:49:31Z</time>
   </trkpt>
   <trkpt lat="45.7517970" lon="4.7657510">
    <ele>222.7</ele>
    <time>2026-07-01T11:49:32Z</time>
   </trkpt>
   <trkpt lat="45.7518270" lon="4.7657500">
    <ele>222.7</ele>
    <time>2026-07-01T11:49:33Z</time>
   </trkpt>
   <trkpt lat="45.7518460" lon="4.7657510">
    <ele>222.7</ele>
    <time>2026-07-01T11:49:34Z</time>
   </trkpt>
   <trkpt lat="45.7518710" lon="4.7657530">
    <ele>222.8</ele>
    <time>2026-07-01T11:49:35Z</time>
   </trkpt>
   <trkpt lat="45.7518950" lon="4.7657510">
    <ele>222.8</ele>
    <time>2026-07-01T11:49:36Z</time>
   </trkpt>
   <trkpt lat="45.7519190" lon="4.7657500">
    <ele>222.8</ele>
    <time>2026-07-01T11:49:37Z</time>
   </trkpt>
   <trkpt lat="45.7519380" lon="4.7657380">
    <ele>222.8</ele>
    <time>2026-07-01T11:49:38Z</time>
   </trkpt>
   <trkpt lat="45.7519710" lon="4.7657200">
    <ele>222.8</ele>
    <time>2026-07-01T11:49:39Z</time>
   </trkpt>
   <trkpt lat="45.7519990" lon="4.7657020">
    <ele>222.8</ele>
    <time>2026-07-01T11:49:40Z</time>
   </trkpt>
   <trkpt lat="45.7520270" lon="4.7657040">
    <ele>222.8</ele>
    <time>2026-07-01T11:49:41Z</time>
   </trkpt>
   <trkpt lat="45.7520550" lon="4.7657050">
    <ele>222.8</ele>
    <time>2026-07-01T11:49:42Z</time>
   </trkpt>
   <trkpt lat="45.7520750" lon="4.7656960">
    <ele>222.8</ele>
    <time>2026-07-01T11:49:43Z</time>
   </trkpt>
   <trkpt lat="45.7521010" lon="4.7656950">
    <ele>222.8</ele>
    <time>2026-07-01T11:49:44Z</time>
   </trkpt>
   <trkpt lat="45.7521130" lon="4.7656860">
    <ele>222.8</ele>
    <time>2026-07-01T11:49:45Z</time>
   </trkpt>
   <trkpt lat="45.7521350" lon="4.7656840">
    <ele>222.8</ele>
    <time>2026-07-01T11:49:46Z</time>
   </trkpt>
   <trkpt lat="45.7521540" lon="4.7656820">
    <ele>222.8</ele>
    <time>2026-07-01T11:49:47Z</time>
   </trkpt>
   <trkpt lat="45.7521850" lon="4.7656650">
    <ele>222.8</ele>
    <time>2026-07-01T11:49:48Z</time>
   </trkpt>
   <trkpt lat="45.7522140" lon="4.7656570">
    <ele>222.8</ele>
    <time>2026-07-01T11:49:49Z</time>
   </trkpt>
   <trkpt lat="45.7522390" lon="4.7656540">
    <ele>222.8</ele>
    <time>2026-07-01T11:49:50Z</time>
   </trkpt>
   <trkpt lat="45.7522670" lon="4.7656480">
    <ele>222.8</ele>
    <time>2026-07-01T11:49:51Z</time>
   </trkpt>
   <trkpt lat="45.7522990" lon="4.7656400">
    <ele>222.8</ele>
    <time>2026-07-01T11:49:52Z</time>
   </trkpt>
   <trkpt lat="45.7523240" lon="4.7656300">
    <ele>222.8</ele>
    <time>2026-07-01T11:49:53Z</time>
   </trkpt>
   <trkpt lat="45.7523510" lon="4.7656230">
    <ele>222.8</ele>
    <time>2026-07-01T11:49:54Z</time>
   </trkpt>
   <trkpt lat="45.7523760" lon="4.7656140">
    <ele>222.9</ele>
    <time>2026-07-01T11:49:55Z</time>
   </trkpt>
   <trkpt lat="45.7524020" lon="4.7655990">
    <ele>222.9</ele>
    <time>2026-07-01T11:49:56Z</time>
   </trkpt>
   <trkpt lat="45.7524220" lon="4.7655870">
    <ele>222.9</ele>
    <time>2026-07-01T11:49:57Z</time>
   </trkpt>
   <trkpt lat="45.7524460" lon="4.7655850">
    <ele>222.9</ele>
    <time>2026-07-01T11:49:58Z</time>
   </trkpt>
   <trkpt lat="45.7524720" lon="4.7655730">
    <ele>222.9</ele>
    <time>2026-07-01T11:49:59Z</time>
   </trkpt>
   <trkpt lat="45.7525020" lon="4.7655690">
    <ele>222.9</ele>
    <time>2026-07-01T11:50:00Z</time>
   </trkpt>
   <trkpt lat="45.7525300" lon="4.7655660">
    <ele>223.0</ele>
    <time>2026-07-01T11:50:01Z</time>
   </trkpt>
   <trkpt lat="45.7525570" lon="4.7655450">
    <ele>223.0</ele>
    <time>2026-07-01T11:50:02Z</time>
   </trkpt>
   <trkpt lat="45.7525930" lon="4.7655280">
    <ele>223.1</ele>
    <time>2026-07-01T11:50:03Z</time>
   </trkpt>
   <trkpt lat="45.7526190" lon="4.7655130">
    <ele>223.1</ele>
    <time>2026-07-01T11:50:04Z</time>
   </trkpt>
   <trkpt lat="45.7526480" lon="4.7654920">
    <ele>223.2</ele>
    <time>2026-07-01T11:50:05Z</time>
   </trkpt>
   <trkpt lat="45.7526690" lon="4.7654910">
    <ele>223.2</ele>
    <time>2026-07-01T11:50:06Z</time>
   </trkpt>
   <trkpt lat="45.7526920" lon="4.7654750">
    <ele>223.2</ele>
    <time>2026-07-01T11:50:07Z</time>
   </trkpt>
   <trkpt lat="45.7527160" lon="4.7654710">
    <ele>223.3</ele>
    <time>2026-07-01T11:50:08Z</time>
   </trkpt>
   <trkpt lat="45.7527330" lon="4.7654660">
    <ele>223.3</ele>
    <time>2026-07-01T11:50:09Z</time>
   </trkpt>
   <trkpt lat="45.7527610" lon="4.7654640">
    <ele>223.3</ele>
    <time>2026-07-01T11:50:10Z</time>
   </trkpt>
   <trkpt lat="45.7527840" lon="4.7654600">
    <ele>223.4</ele>
    <time>2026-07-01T11:50:11Z</time>
   </trkpt>
   <trkpt lat="45.7528060" lon="4.7654530">
    <ele>223.4</ele>
    <time>2026-07-01T11:50:12Z</time>
   </trkpt>
   <trkpt lat="45.7528280" lon="4.7654420">
    <ele>223.4</ele>
    <time>2026-07-01T11:50:13Z</time>
   </trkpt>
   <trkpt lat="45.7528520" lon="4.7654300">
    <ele>223.4</ele>
    <time>2026-07-01T11:50:14Z</time>
   </trkpt>
   <trkpt lat="45.7528690" lon="4.7654230">
    <ele>223.4</ele>
    <time>2026-07-01T11:50:15Z</time>
   </trkpt>
   <trkpt lat="45.7528880" lon="4.7654100">
    <ele>223.5</ele>
    <time>2026-07-01T11:50:16Z</time>
   </trkpt>
   <trkpt lat="45.7529080" lon="4.7654000">
    <ele>223.5</ele>
    <time>2026-07-01T11:50:17Z</time>
   </trkpt>
   <trkpt lat="45.7529330" lon="4.7653970">
    <ele>223.5</ele>
    <time>2026-07-01T11:50:18Z</time>
   </trkpt>
   <trkpt lat="45.7529500" lon="4.7653710">
    <ele>223.5</ele>
    <time>2026-07-01T11:50:19Z</time>
   </trkpt>
   <trkpt lat="45.7529720" lon="4.7653420">
    <ele>223.6</ele>
    <time>2026-07-01T11:50:20Z</time>
   </trkpt>
   <trkpt lat="45.7530040" lon="4.7653200">
    <ele>223.6</ele>
    <time>2026-07-01T11:50:21Z</time>
   </trkpt>
   <trkpt lat="45.7530280" lon="4.7653020">
    <ele>223.6</ele>
    <time>2026-07-01T11:50:22Z</time>
   </trkpt>
   <trkpt lat="45.7530500" lon="4.7652790">
    <ele>223.6</ele>
    <time>2026-07-01T11:50:23Z</time>
   </trkpt>
   <trkpt lat="45.7530800" lon="4.7652600">
    <ele>223.6</ele>
    <time>2026-07-01T11:50:24Z</time>
   </trkpt>
   <trkpt lat="45.7531140" lon="4.7652460">
    <ele>223.6</ele>
    <time>2026-07-01T11:50:25Z</time>
   </trkpt>
   <trkpt lat="45.7531480" lon="4.7652270">
    <ele>223.6</ele>
    <time>2026-07-01T11:50:26Z</time>
   </trkpt>
   <trkpt lat="45.7531850" lon="4.7652280">
    <ele>223.6</ele>
    <time>2026-07-01T11:50:27Z</time>
   </trkpt>
   <trkpt lat="45.7532130" lon="4.7652130">
    <ele>223.6</ele>
    <time>2026-07-01T11:50:28Z</time>
   </trkpt>
   <trkpt lat="45.7532340" lon="4.7651990">
    <ele>223.6</ele>
    <time>2026-07-01T11:50:29Z</time>
   </trkpt>
   <trkpt lat="45.7532600" lon="4.7651760">
    <ele>223.6</ele>
    <time>2026-07-01T11:50:30Z</time>
   </trkpt>
   <trkpt lat="45.7532910" lon="4.7651600">
    <ele>223.6</ele>
    <time>2026-07-01T11:50:31Z</time>
   </trkpt>
   <trkpt lat="45.7533150" lon="4.7651430">
    <ele>223.7</ele>
    <time>2026-07-01T11:50:32Z</time>
   </trkpt>
   <trkpt lat="45.7533370" lon="4.7651280">
    <ele>223.7</ele>
    <time>2026-07-01T11:50:33Z</time>
   </trkpt>
   <trkpt lat="45.7533640" lon="4.7650990">
    <ele>223.7</ele>
    <time>2026-07-01T11:50:34Z</time>
   </trkpt>
   <trkpt lat="45.7533850" lon="4.7650790">
    <ele>223.7</ele>
    <time>2026-07-01T11:50:35Z</time>
   </trkpt>
   <trkpt lat="45.7534080" lon="4.7650630">
    <ele>223.7</ele>
    <time>2026-07-01T11:50:36Z</time>
   </trkpt>
   <trkpt lat="45.7534290" lon="4.7650240">
    <ele>223.7</ele>
    <time>2026-07-01T11:50:37Z</time>
   </trkpt>
   <trkpt lat="45.7534520" lon="4.7650050">
    <ele>223.7</ele>
    <time>2026-07-01T11:50:38Z</time>
   </trkpt>
   <trkpt lat="45.7534760" lon="4.7649940">
    <ele>223.7</ele>
    <time>2026-07-01T11:50:39Z</time>
   </trkpt>
   <trkpt lat="45.7535000" lon="4.7649840">
    <ele>223.7</ele>
    <time>2026-07-01T11:50:40Z</time>
   </trkpt>
   <trkpt lat="45.7535270" lon="4.7649670">
    <ele>223.7</ele>
    <time>2026-07-01T11:50:41Z</time>
   </trkpt>
   <trkpt lat="45.7535550" lon="4.7649500">
    <ele>223.7</ele>
    <time>2026-07-01T11:50:42Z</time>
   </trkpt>
   <trkpt lat="45.7535870" lon="4.7649540">
    <ele>223.7</ele>
    <time>2026-07-01T11:50:43Z</time>
   </trkpt>
   <trkpt lat="45.7536110" lon="4.7649310">
    <ele>223.7</ele>
    <time>2026-07-01T11:50:44Z</time>
   </trkpt>
   <trkpt lat="45.7536330" lon="4.7648950">
    <ele>223.7</ele>
    <time>2026-07-01T11:50:45Z</time>
   </trkpt>
   <trkpt lat="45.7536600" lon="4.7648810">
    <ele>223.7</ele>
    <time>2026-07-01T11:50:46Z</time>
   </trkpt>
   <trkpt lat="45.7536900" lon="4.7648520">
    <ele>223.7</ele>
    <time>2026-07-01T11:50:47Z</time>
   </trkpt>
   <trkpt lat="45.7537200" lon="4.7648270">
    <ele>223.7</ele>
    <time>2026-07-01T11:50:48Z</time>
   </trkpt>
   <trkpt lat="45.7537400" lon="4.7648110">
    <ele>223.7</ele>
    <time>2026-07-01T11:50:49Z</time>
   </trkpt>
   <trkpt lat="45.7537610" lon="4.7647840">
    <ele>223.7</ele>
    <time>2026-07-01T11:50:50Z</time>
   </trkpt>
   <trkpt lat="45.7537840" lon="4.7647620">
    <ele>223.7</ele>
    <time>2026-07-01T11:50:51Z</time>
   </trkpt>
   <trkpt lat="45.7538080" lon="4.7647330">
    <ele>223.7</ele>
    <time>2026-07-01T11:50:52Z</time>
   </trkpt>
   <trkpt lat="45.7538260" lon="4.7647210">
    <ele>223.7</ele>
    <time>2026-07-01T11:50:53Z</time>
   </trkpt>
   <trkpt lat="45.7538490" lon="4.7647030">
    <ele>223.7</ele>
    <time>2026-07-01T11:50:54Z</time>
   </trkpt>
   <trkpt lat="45.7538720" lon="4.7646770">
    <ele>223.7</ele>
    <time>2026-07-01T11:50:55Z</time>
   </trkpt>
   <trkpt lat="45.7538970" lon="4.7646510">
    <ele>223.7</ele>
    <time>2026-07-01T11:50:56Z</time>
   </trkpt>
   <trkpt lat="45.7539210" lon="4.7646330">
    <ele>223.7</ele>
    <time>2026-07-01T11:50:57Z</time>
   </trkpt>
   <trkpt lat="45.7539430" lon="4.7646200">
    <ele>223.7</ele>
    <time>2026-07-01T11:50:58Z</time>
   </trkpt>
   <trkpt lat="45.7539720" lon="4.7646100">
    <ele>223.7</ele>
    <time>2026-07-01T11:50:59Z</time>
   </trkpt>
   <trkpt lat="45.7540000" lon="4.7645830">
    <ele>223.7</ele>
    <time>2026-07-01T11:51:00Z</time>
   </trkpt>
   <trkpt lat="45.7540210" lon="4.7645650">
    <ele>223.7</ele>
    <time>2026-07-01T11:51:01Z</time>
   </trkpt>
   <trkpt lat="45.7540490" lon="4.7645390">
    <ele>223.7</ele>
    <time>2026-07-01T11:51:02Z</time>
   </trkpt>
   <trkpt lat="45.7540740" lon="4.7645190">
    <ele>223.7</ele>
    <time>2026-07-01T11:51:03Z</time>
   </trkpt>
   <trkpt lat="45.7540960" lon="4.7645010">
    <ele>223.7</ele>
    <time>2026-07-01T11:51:04Z</time>
   </trkpt>
   <trkpt lat="45.7541170" lon="4.7644830">
    <ele>223.7</ele>
    <time>2026-07-01T11:51:05Z</time>
   </trkpt>
   <trkpt lat="45.7541380" lon="4.7644590">
    <ele>223.8</ele>
    <time>2026-07-01T11:51:06Z</time>
   </trkpt>
   <trkpt lat="45.7541650" lon="4.7644380">
    <ele>223.8</ele>
    <time>2026-07-01T11:51:07Z</time>
   </trkpt>
   <trkpt lat="45.7542100" lon="4.7644150">
    <ele>223.8</ele>
    <time>2026-07-01T11:51:08Z</time>
   </trkpt>
   <trkpt lat="45.7542340" lon="4.7643890">
    <ele>223.8</ele>
    <time>2026-07-01T11:51:09Z</time>
   </trkpt>
   <trkpt lat="45.7542590" lon="4.7643750">
    <ele>223.8</ele>
    <time>2026-07-01T11:51:10Z</time>
   </trkpt>
   <trkpt lat="45.7542840" lon="4.7643520">
    <ele>223.8</ele>
    <time>2026-07-01T11:51:11Z</time>
   </trkpt>
   <trkpt lat="45.7543100" lon="4.7643260">
    <ele>223.8</ele>
    <time>2026-07-01T11:51:12Z</time>
   </trkpt>
   <trkpt lat="45.7544250" lon="4.7642300">
    <ele>223.8</ele>
    <time>2026-07-01T11:51:17Z</time>
   </trkpt>
   <trkpt lat="45.7544440" lon="4.7642040">
    <ele>223.8</ele>
    <time>2026-07-01T11:51:18Z</time>
   </trkpt>
   <trkpt lat="45.7544700" lon="4.7641840">
    <ele>223.8</ele>
    <time>2026-07-01T11:51:19Z</time>
   </trkpt>
   <trkpt lat="45.7544940" lon="4.7641650">
    <ele>223.8</ele>
    <time>2026-07-01T11:51:20Z</time>
   </trkpt>
   <trkpt lat="45.7545150" lon="4.7641380">
    <ele>223.8</ele>
    <time>2026-07-01T11:51:21Z</time>
   </trkpt>
   <trkpt lat="45.7545430" lon="4.7641260">
    <ele>223.8</ele>
    <time>2026-07-01T11:51:23Z</time>
   </trkpt>
   <trkpt lat="45.7545720" lon="4.7641110">
    <ele>223.8</ele>
    <time>2026-07-01T11:51:24Z</time>
   </trkpt>
   <trkpt lat="45.7545980" lon="4.7640970">
    <ele>223.8</ele>
    <time>2026-07-01T11:51:25Z</time>
   </trkpt>
   <trkpt lat="45.7546230" lon="4.7640800">
    <ele>223.8</ele>
    <time>2026-07-01T11:51:26Z</time>
   </trkpt>
   <trkpt lat="45.7546530" lon="4.7640640">
    <ele>223.8</ele>
    <time>2026-07-01T11:51:27Z</time>
   </trkpt>
   <trkpt lat="45.7546790" lon="4.7640480">
    <ele>223.8</ele>
    <time>2026-07-01T11:51:28Z</time>
   </trkpt>
   <trkpt lat="45.7547020" lon="4.7640240">
    <ele>223.8</ele>
    <time>2026-07-01T11:51:29Z</time>
   </trkpt>
   <trkpt lat="45.7547210" lon="4.7639990">
    <ele>223.8</ele>
    <time>2026-07-01T11:51:30Z</time>
   </trkpt>
   <trkpt lat="45.7547440" lon="4.7639850">
    <ele>223.8</ele>
    <time>2026-07-01T11:51:31Z</time>
   </trkpt>
   <trkpt lat="45.7547750" lon="4.7639810">
    <ele>223.8</ele>
    <time>2026-07-01T11:51:32Z</time>
   </trkpt>
   <trkpt lat="45.7547990" lon="4.7639640">
    <ele>223.8</ele>
    <time>2026-07-01T11:51:33Z</time>
   </trkpt>
   <trkpt lat="45.7548200" lon="4.7639430">
    <ele>223.8</ele>
    <time>2026-07-01T11:51:34Z</time>
   </trkpt>
   <trkpt lat="45.7548440" lon="4.7639340">
    <ele>223.8</ele>
    <time>2026-07-01T11:51:35Z</time>
   </trkpt>
   <trkpt lat="45.7548660" lon="4.7639260">
    <ele>223.9</ele>
    <time>2026-07-01T11:51:36Z</time>
   </trkpt>
   <trkpt lat="45.7548950" lon="4.7639110">
    <ele>223.9</ele>
    <time>2026-07-01T11:51:37Z</time>
   </trkpt>
   <trkpt lat="45.7549170" lon="4.7638900">
    <ele>223.9</ele>
    <time>2026-07-01T11:51:38Z</time>
   </trkpt>
   <trkpt lat="45.7549420" lon="4.7638670">
    <ele>223.9</ele>
    <time>2026-07-01T11:51:39Z</time>
   </trkpt>
   <trkpt lat="45.7549610" lon="4.7638480">
    <ele>223.9</ele>
    <time>2026-07-01T11:51:40Z</time>
   </trkpt>
   <trkpt lat="45.7549820" lon="4.7638110">
    <ele>223.9</ele>
    <time>2026-07-01T11:51:41Z</time>
   </trkpt>
   <trkpt lat="45.7550030" lon="4.7637900">
    <ele>223.9</ele>
    <time>2026-07-01T11:51:42Z</time>
   </trkpt>
   <trkpt lat="45.7550240" lon="4.7637710">
    <ele>223.8</ele>
    <time>2026-07-01T11:51:43Z</time>
   </trkpt>
   <trkpt lat="45.7550410" lon="4.7637470">
    <ele>223.8</ele>
    <time>2026-07-01T11:51:44Z</time>
   </trkpt>
   <trkpt lat="45.7550620" lon="4.7637310">
    <ele>223.8</ele>
    <time>2026-07-01T11:51:45Z</time>
   </trkpt>
   <trkpt lat="45.7550840" lon="4.7637110">
    <ele>223.8</ele>
    <time>2026-07-01T11:51:46Z</time>
   </trkpt>
   <trkpt lat="45.7551080" lon="4.7636890">
    <ele>223.8</ele>
    <time>2026-07-01T11:51:47Z</time>
   </trkpt>
   <trkpt lat="45.7551330" lon="4.7636770">
    <ele>223.8</ele>
    <time>2026-07-01T11:51:48Z</time>
   </trkpt>
   <trkpt lat="45.7551580" lon="4.7636630">
    <ele>223.8</ele>
    <time>2026-07-01T11:51:49Z</time>
   </trkpt>
   <trkpt lat="45.7551780" lon="4.7636500">
    <ele>223.9</ele>
    <time>2026-07-01T11:51:50Z</time>
   </trkpt>
   <trkpt lat="45.7551980" lon="4.7636350">
    <ele>223.9</ele>
    <time>2026-07-01T11:51:51Z</time>
   </trkpt>
   <trkpt lat="45.7552220" lon="4.7636210">
    <ele>223.9</ele>
    <time>2026-07-01T11:51:52Z</time>
   </trkpt>
   <trkpt lat="45.7552400" lon="4.7636020">
    <ele>223.9</ele>
    <time>2026-07-01T11:51:53Z</time>
   </trkpt>
   <trkpt lat="45.7552590" lon="4.7635920">
    <ele>223.9</ele>
    <time>2026-07-01T11:51:54Z</time>
   </trkpt>
   <trkpt lat="45.7552810" lon="4.7635800">
    <ele>223.9</ele>
    <time>2026-07-01T11:51:55Z</time>
   </trkpt>
   <trkpt lat="45.7553090" lon="4.7635890">
    <ele>223.9</ele>
    <time>2026-07-01T11:51:56Z</time>
   </trkpt>
   <trkpt lat="45.7553450" lon="4.7635720">
    <ele>223.9</ele>
    <time>2026-07-01T11:51:57Z</time>
   </trkpt>
   <trkpt lat="45.7553770" lon="4.7635600">
    <ele>223.9</ele>
    <time>2026-07-01T11:51:58Z</time>
   </trkpt>
   <trkpt lat="45.7554050" lon="4.7635520">
    <ele>223.9</ele>
    <time>2026-07-01T11:51:59Z</time>
   </trkpt>
   <trkpt lat="45.7554380" lon="4.7635380">
    <ele>223.9</ele>
    <time>2026-07-01T11:52:00Z</time>
   </trkpt>
   <trkpt lat="45.7554690" lon="4.7635180">
    <ele>223.9</ele>
    <time>2026-07-01T11:52:01Z</time>
   </trkpt>
   <trkpt lat="45.7554930" lon="4.7635040">
    <ele>223.9</ele>
    <time>2026-07-01T11:52:02Z</time>
   </trkpt>
   <trkpt lat="45.7555210" lon="4.7634880">
    <ele>223.9</ele>
    <time>2026-07-01T11:52:03Z</time>
   </trkpt>
   <trkpt lat="45.7555440" lon="4.7634750">
    <ele>223.9</ele>
    <time>2026-07-01T11:52:04Z</time>
   </trkpt>
   <trkpt lat="45.7555650" lon="4.7634540">
    <ele>223.9</ele>
    <time>2026-07-01T11:52:05Z</time>
   </trkpt>
   <trkpt lat="45.7555870" lon="4.7634360">
    <ele>223.9</ele>
    <time>2026-07-01T11:52:06Z</time>
   </trkpt>
   <trkpt lat="45.7556130" lon="4.7634290">
    <ele>223.9</ele>
    <time>2026-07-01T11:52:07Z</time>
   </trkpt>
   <trkpt lat="45.7556390" lon="4.7634110">
    <ele>223.9</ele>
    <time>2026-07-01T11:52:08Z</time>
   </trkpt>
   <trkpt lat="45.7556660" lon="4.7633880">
    <ele>223.9</ele>
    <time>2026-07-01T11:52:09Z</time>
   </trkpt>
   <trkpt lat="45.7556890" lon="4.7633770">
    <ele>223.9</ele>
    <time>2026-07-01T11:52:10Z</time>
   </trkpt>
   <trkpt lat="45.7557150" lon="4.7633650">
    <ele>223.9</ele>
    <time>2026-07-01T11:52:11Z</time>
   </trkpt>
   <trkpt lat="45.7557410" lon="4.7633450">
    <ele>223.9</ele>
    <time>2026-07-01T11:52:12Z</time>
   </trkpt>
   <trkpt lat="45.7557630" lon="4.7633270">
    <ele>223.9</ele>
    <time>2026-07-01T11:52:13Z</time>
   </trkpt>
   <trkpt lat="45.7557890" lon="4.7633140">
    <ele>223.9</ele>
    <time>2026-07-01T11:52:14Z</time>
   </trkpt>
   <trkpt lat="45.7558100" lon="4.7632910">
    <ele>223.9</ele>
    <time>2026-07-01T11:52:15Z</time>
   </trkpt>
   <trkpt lat="45.7558340" lon="4.7632820">
    <ele>223.9</ele>
    <time>2026-07-01T11:52:16Z</time>
   </trkpt>
   <trkpt lat="45.7558560" lon="4.7632710">
    <ele>224.0</ele>
    <time>2026-07-01T11:52:17Z</time>
   </trkpt>
   <trkpt lat="45.7558820" lon="4.7632550">
    <ele>224.0</ele>
    <time>2026-07-01T11:52:18Z</time>
   </trkpt>
   <trkpt lat="45.7559080" lon="4.7632310">
    <ele>224.0</ele>
    <time>2026-07-01T11:52:19Z</time>
   </trkpt>
   <trkpt lat="45.7559360" lon="4.7632180">
    <ele>224.0</ele>
    <time>2026-07-01T11:52:20Z</time>
   </trkpt>
   <trkpt lat="45.7559630" lon="4.7632040">
    <ele>224.1</ele>
    <time>2026-07-01T11:52:21Z</time>
   </trkpt>
   <trkpt lat="45.7559930" lon="4.7631940">
    <ele>224.1</ele>
    <time>2026-07-01T11:52:22Z</time>
   </trkpt>
   <trkpt lat="45.7560130" lon="4.7631800">
    <ele>224.1</ele>
    <time>2026-07-01T11:52:23Z</time>
   </trkpt>
   <trkpt lat="45.7560350" lon="4.7631660">
    <ele>224.1</ele>
    <time>2026-07-01T11:52:24Z</time>
   </trkpt>
   <trkpt lat="45.7560610" lon="4.7631520">
    <ele>224.2</ele>
    <time>2026-07-01T11:52:25Z</time>
   </trkpt>
   <trkpt lat="45.7560860" lon="4.7631320">
    <ele>224.2</ele>
    <time>2026-07-01T11:52:26Z</time>
   </trkpt>
   <trkpt lat="45.7561170" lon="4.7631110">
    <ele>224.2</ele>
    <time>2026-07-01T11:52:27Z</time>
   </trkpt>
   <trkpt lat="45.7561430" lon="4.7631030">
    <ele>224.3</ele>
    <time>2026-07-01T11:52:28Z</time>
   </trkpt>
   <trkpt lat="45.7561640" lon="4.7630930">
    <ele>224.3</ele>
    <time>2026-07-01T11:52:29Z</time>
   </trkpt>
   <trkpt lat="45.7561940" lon="4.7630690">
    <ele>224.4</ele>
    <time>2026-07-01T11:52:30Z</time>
   </trkpt>
   <trkpt lat="45.7562190" lon="4.7630490">
    <ele>224.4</ele>
    <time>2026-07-01T11:52:31Z</time>
   </trkpt>
   <trkpt lat="45.7562430" lon="4.7630310">
    <ele>224.5</ele>
    <time>2026-07-01T11:52:32Z</time>
   </trkpt>
   <trkpt lat="45.7562680" lon="4.7630180">
    <ele>224.5</ele>
    <time>2026-07-01T11:52:33Z</time>
   </trkpt>
   <trkpt lat="45.7562920" lon="4.7629950">
    <ele>224.6</ele>
    <time>2026-07-01T11:52:34Z</time>
   </trkpt>
   <trkpt lat="45.7563160" lon="4.7629850">
    <ele>224.6</ele>
    <time>2026-07-01T11:52:35Z</time>
   </trkpt>
   <trkpt lat="45.7563400" lon="4.7629810">
    <ele>224.7</ele>
    <time>2026-07-01T11:52:36Z</time>
   </trkpt>
   <trkpt lat="45.7563640" lon="4.7629580">
    <ele>224.7</ele>
    <time>2026-07-01T11:52:37Z</time>
   </trkpt>
   <trkpt lat="45.7563900" lon="4.7629390">
    <ele>224.8</ele>
    <time>2026-07-01T11:52:38Z</time>
   </trkpt>
   <trkpt lat="45.7564150" lon="4.7629250">
    <ele>224.8</ele>
    <time>2026-07-01T11:52:39Z</time>
   </trkpt>
   <trkpt lat="45.7564380" lon="4.7629120">
    <ele>224.9</ele>
    <time>2026-07-01T11:52:40Z</time>
   </trkpt>
   <trkpt lat="45.7564650" lon="4.7629010">
    <ele>224.9</ele>
    <time>2026-07-01T11:52:41Z</time>
   </trkpt>
   <trkpt lat="45.7564900" lon="4.7628860">
    <ele>225.0</ele>
    <time>2026-07-01T11:52:42Z</time>
   </trkpt>
   <trkpt lat="45.7565200" lon="4.7628660">
    <ele>225.0</ele>
    <time>2026-07-01T11:52:43Z</time>
   </trkpt>
   <trkpt lat="45.7565440" lon="4.7628430">
    <ele>225.1</ele>
    <time>2026-07-01T11:52:44Z</time>
   </trkpt>
   <trkpt lat="45.7565710" lon="4.7628230">
    <ele>225.1</ele>
    <time>2026-07-01T11:52:45Z</time>
   </trkpt>
   <trkpt lat="45.7566030" lon="4.7628010">
    <ele>225.2</ele>
    <time>2026-07-01T11:52:46Z</time>
   </trkpt>
   <trkpt lat="45.7566220" lon="4.7627890">
    <ele>225.2</ele>
    <time>2026-07-01T11:52:47Z</time>
   </trkpt>
   <trkpt lat="45.7566450" lon="4.7627750">
    <ele>225.3</ele>
    <time>2026-07-01T11:52:48Z</time>
   </trkpt>
   <trkpt lat="45.7566750" lon="4.7627490">
    <ele>225.3</ele>
    <time>2026-07-01T11:52:49Z</time>
   </trkpt>
   <trkpt lat="45.7566970" lon="4.7627380">
    <ele>225.4</ele>
    <time>2026-07-01T11:52:50Z</time>
   </trkpt>
   <trkpt lat="45.7567160" lon="4.7627190">
    <ele>225.4</ele>
    <time>2026-07-01T11:52:51Z</time>
   </trkpt>
   <trkpt lat="45.7567370" lon="4.7627010">
    <ele>225.5</ele>
    <time>2026-07-01T11:52:52Z</time>
   </trkpt>
   <trkpt lat="45.7567660" lon="4.7626770">
    <ele>225.6</ele>
    <time>2026-07-01T11:52:53Z</time>
   </trkpt>
   <trkpt lat="45.7567960" lon="4.7626740">
    <ele>225.7</ele>
    <time>2026-07-01T11:52:54Z</time>
   </trkpt>
   <trkpt lat="45.7568210" lon="4.7626600">
    <ele>225.8</ele>
    <time>2026-07-01T11:52:55Z</time>
   </trkpt>
   <trkpt lat="45.7568400" lon="4.7626380">
    <ele>225.9</ele>
    <time>2026-07-01T11:52:56Z</time>
   </trkpt>
   <trkpt lat="45.7568640" lon="4.7626150">
    <ele>226.0</ele>
    <time>2026-07-01T11:52:57Z</time>
   </trkpt>
   <trkpt lat="45.7568790" lon="4.7625970">
    <ele>226.0</ele>
    <time>2026-07-01T11:52:58Z</time>
   </trkpt>
   <trkpt lat="45.7569040" lon="4.7625800">
    <ele>226.1</ele>
    <time>2026-07-01T11:52:59Z</time>
   </trkpt>
   <trkpt lat="45.7569250" lon="4.7625620">
    <ele>226.2</ele>
    <time>2026-07-01T11:53:00Z</time>
   </trkpt>
   <trkpt lat="45.7569460" lon="4.7625400">
    <ele>226.3</ele>
    <time>2026-07-01T11:53:01Z</time>
   </trkpt>
   <trkpt lat="45.7569680" lon="4.7625150">
    <ele>226.4</ele>
    <time>2026-07-01T11:53:02Z</time>
   </trkpt>
   <trkpt lat="45.7569880" lon="4.7624800">
    <ele>226.5</ele>
    <time>2026-07-01T11:53:03Z</time>
   </trkpt>
   <trkpt lat="45.7570100" lon="4.7624550">
    <ele>226.6</ele>
    <time>2026-07-01T11:53:04Z</time>
   </trkpt>
   <trkpt lat="45.7570300" lon="4.7624350">
    <ele>226.8</ele>
    <time>2026-07-01T11:53:05Z</time>
   </trkpt>
   <trkpt lat="45.7570510" lon="4.7624060">
    <ele>226.9</ele>
    <time>2026-07-01T11:53:06Z</time>
   </trkpt>
   <trkpt lat="45.7570720" lon="4.7623870">
    <ele>227.0</ele>
    <time>2026-07-01T11:53:07Z</time>
   </trkpt>
   <trkpt lat="45.7570810" lon="4.7623400">
    <ele>227.2</ele>
    <time>2026-07-01T11:53:08Z</time>
   </trkpt>
   <trkpt lat="45.7571010" lon="4.7623140">
    <ele>227.3</ele>
    <time>2026-07-01T11:53:09Z</time>
   </trkpt>
   <trkpt lat="45.7571220" lon="4.7622880">
    <ele>227.5</ele>
    <time>2026-07-01T11:53:10Z</time>
   </trkpt>
   <trkpt lat="45.7571460" lon="4.7622570">
    <ele>227.6</ele>
    <time>2026-07-01T11:53:11Z</time>
   </trkpt>
   <trkpt lat="45.7571650" lon="4.7622400">
    <ele>227.7</ele>
    <time>2026-07-01T11:53:12Z</time>
   </trkpt>
   <trkpt lat="45.7571910" lon="4.7622220">
    <ele>227.8</ele>
    <time>2026-07-01T11:53:13Z</time>
   </trkpt>
   <trkpt lat="45.7572000" lon="4.7621780">
    <ele>228.0</ele>
    <time>2026-07-01T11:53:14Z</time>
   </trkpt>
   <trkpt lat="45.7572220" lon="4.7621490">
    <ele>228.1</ele>
    <time>2026-07-01T11:53:15Z</time>
   </trkpt>
   <trkpt lat="45.7572390" lon="4.7621240">
    <ele>228.2</ele>
    <time>2026-07-01T11:53:16Z</time>
   </trkpt>
   <trkpt lat="45.7572530" lon="4.7620950">
    <ele>228.4</ele>
    <time>2026-07-01T11:53:17Z</time>
   </trkpt>
   <trkpt lat="45.7572910" lon="4.7620350">
    <ele>228.6</ele>
    <time>2026-07-01T11:53:18Z</time>
   </trkpt>
   <trkpt lat="45.7573230" lon="4.7620200">
    <ele>228.8</ele>
    <time>2026-07-01T11:53:19Z</time>
   </trkpt>
   <trkpt lat="45.7573550" lon="4.7620010">
    <ele>229.0</ele>
    <time>2026-07-01T11:53:20Z</time>
   </trkpt>
   <trkpt lat="45.7573810" lon="4.7619760">
    <ele>229.1</ele>
    <time>2026-07-01T11:53:21Z</time>
   </trkpt>
   <trkpt lat="45.7574100" lon="4.7619570">
    <ele>229.2</ele>
    <time>2026-07-01T11:53:22Z</time>
   </trkpt>
   <trkpt lat="45.7574380" lon="4.7619350">
    <ele>229.4</ele>
    <time>2026-07-01T11:53:23Z</time>
   </trkpt>
   <trkpt lat="45.7574600" lon="4.7619140">
    <ele>229.5</ele>
    <time>2026-07-01T11:53:24Z</time>
   </trkpt>
   <trkpt lat="45.7574830" lon="4.7618720">
    <ele>229.6</ele>
    <time>2026-07-01T11:53:25Z</time>
   </trkpt>
   <trkpt lat="45.7575030" lon="4.7618480">
    <ele>229.7</ele>
    <time>2026-07-01T11:53:26Z</time>
   </trkpt>
   <trkpt lat="45.7575330" lon="4.7618240">
    <ele>229.8</ele>
    <time>2026-07-01T11:53:27Z</time>
   </trkpt>
   <trkpt lat="45.7575480" lon="4.7618040">
    <ele>229.8</ele>
    <time>2026-07-01T11:53:29Z</time>
   </trkpt>
   <trkpt lat="45.7575620" lon="4.7617760">
    <ele>229.9</ele>
    <time>2026-07-01T11:53:30Z</time>
   </trkpt>
   <trkpt lat="45.7575770" lon="4.7617450">
    <ele>230.0</ele>
    <time>2026-07-01T11:53:31Z</time>
   </trkpt>
   <trkpt lat="45.7576030" lon="4.7617200">
    <ele>230.0</ele>
    <time>2026-07-01T11:53:32Z</time>
   </trkpt>
   <trkpt lat="45.7576290" lon="4.7616890">
    <ele>230.1</ele>
    <time>2026-07-01T11:53:33Z</time>
   </trkpt>
   <trkpt lat="45.7576510" lon="4.7616720">
    <ele>230.2</ele>
    <time>2026-07-01T11:53:34Z</time>
   </trkpt>
   <trkpt lat="45.7576650" lon="4.7616550">
    <ele>230.2</ele>
    <time>2026-07-01T11:53:35Z</time>
   </trkpt>
   <trkpt lat="45.7576840" lon="4.7616300">
    <ele>230.3</ele>
    <time>2026-07-01T11:53:36Z</time>
   </trkpt>
   <trkpt lat="45.7577150" lon="4.7616030">
    <ele>230.3</ele>
    <time>2026-07-01T11:53:37Z</time>
   </trkpt>
   <trkpt lat="45.7577360" lon="4.7615910">
    <ele>230.4</ele>
    <time>2026-07-01T11:53:38Z</time>
   </trkpt>
   <trkpt lat="45.7577620" lon="4.7615790">
    <ele>230.4</ele>
    <time>2026-07-01T11:53:39Z</time>
   </trkpt>
   <trkpt lat="45.7577850" lon="4.7615490">
    <ele>230.5</ele>
    <time>2026-07-01T11:53:40Z</time>
   </trkpt>
   <trkpt lat="45.7578090" lon="4.7615190">
    <ele>230.5</ele>
    <time>2026-07-01T11:53:41Z</time>
   </trkpt>
   <trkpt lat="45.7578310" lon="4.7614930">
    <ele>230.6</ele>
    <time>2026-07-01T11:53:42Z</time>
   </trkpt>
   <trkpt lat="45.7578540" lon="4.7614660">
    <ele>230.6</ele>
    <time>2026-07-01T11:53:43Z</time>
   </trkpt>
   <trkpt lat="45.7578830" lon="4.7614450">
    <ele>230.7</ele>
    <time>2026-07-01T11:53:44Z</time>
   </trkpt>
   <trkpt lat="45.7579060" lon="4.7614220">
    <ele>230.7</ele>
    <time>2026-07-01T11:53:45Z</time>
   </trkpt>
   <trkpt lat="45.7579310" lon="4.7614090">
    <ele>230.7</ele>
    <time>2026-07-01T11:53:46Z</time>
   </trkpt>
   <trkpt lat="45.7579620" lon="4.7613950">
    <ele>230.7</ele>
    <time>2026-07-01T11:53:47Z</time>
   </trkpt>
   <trkpt lat="45.7579890" lon="4.7613830">
    <ele>230.8</ele>
    <time>2026-07-01T11:53:48Z</time>
   </trkpt>
   <trkpt lat="45.7580130" lon="4.7613550">
    <ele>230.8</ele>
    <time>2026-07-01T11:53:49Z</time>
   </trkpt>
   <trkpt lat="45.7580340" lon="4.7613130">
    <ele>230.8</ele>
    <time>2026-07-01T11:53:50Z</time>
   </trkpt>
   <trkpt lat="45.7580500" lon="4.7612690">
    <ele>230.8</ele>
    <time>2026-07-01T11:53:51Z</time>
   </trkpt>
   <trkpt lat="45.7580670" lon="4.7612350">
    <ele>230.8</ele>
    <time>2026-07-01T11:53:52Z</time>
   </trkpt>
   <trkpt lat="45.7580720" lon="4.7611970">
    <ele>230.8</ele>
    <time>2026-07-01T11:53:53Z</time>
   </trkpt>
   <trkpt lat="45.7580730" lon="4.7611700">
    <ele>230.8</ele>
    <time>2026-07-01T11:53:54Z</time>
   </trkpt>
   <trkpt lat="45.7580930" lon="4.7611590">
    <ele>230.8</ele>
    <time>2026-07-01T11:54:27Z</time>
   </trkpt>
   <trkpt lat="45.7581100" lon="4.7611600">
    <ele>230.8</ele>
    <time>2026-07-01T11:54:28Z</time>
   </trkpt>
   <trkpt lat="45.7581320" lon="4.7611650">
    <ele>230.8</ele>
    <time>2026-07-01T11:54:29Z</time>
   </trkpt>
   <trkpt lat="45.7581580" lon="4.7611550">
    <ele>230.8</ele>
    <time>2026-07-01T11:54:30Z</time>
   </trkpt>
   <trkpt lat="45.7581940" lon="4.7611450">
    <ele>230.8</ele>
    <time>2026-07-01T11:54:31Z</time>
   </trkpt>
   <trkpt lat="45.7582140" lon="4.7611440">
    <ele>230.9</ele>
    <time>2026-07-01T11:54:32Z</time>
   </trkpt>
   <trkpt lat="45.7582380" lon="4.7611350">
    <ele>230.9</ele>
    <time>2026-07-01T11:54:33Z</time>
   </trkpt>
   <trkpt lat="45.7582650" lon="4.7611340">
    <ele>230.9</ele>
    <time>2026-07-01T11:54:34Z</time>
   </trkpt>
   <trkpt lat="45.7582870" lon="4.7611350">
    <ele>230.9</ele>
    <time>2026-07-01T11:54:35Z</time>
   </trkpt>
   <trkpt lat="45.7583120" lon="4.7611440">
    <ele>230.9</ele>
    <time>2026-07-01T11:54:36Z</time>
   </trkpt>
   <trkpt lat="45.7583420" lon="4.7611460">
    <ele>230.9</ele>
    <time>2026-07-01T11:54:37Z</time>
   </trkpt>
   <trkpt lat="45.7583670" lon="4.7611240">
    <ele>230.9</ele>
    <time>2026-07-01T11:54:38Z</time>
   </trkpt>
   <trkpt lat="45.7583940" lon="4.7611130">
    <ele>230.9</ele>
    <time>2026-07-01T11:54:39Z</time>
   </trkpt>
   <trkpt lat="45.7584210" lon="4.7611010">
    <ele>230.9</ele>
    <time>2026-07-01T11:54:40Z</time>
   </trkpt>
   <trkpt lat="45.7584500" lon="4.7610920">
    <ele>230.9</ele>
    <time>2026-07-01T11:54:41Z</time>
   </trkpt>
   <trkpt lat="45.7584680" lon="4.7610860">
    <ele>230.9</ele>
    <time>2026-07-01T11:54:42Z</time>
   </trkpt>
   <trkpt lat="45.7584910" lon="4.7610720">
    <ele>230.9</ele>
    <time>2026-07-01T11:54:43Z</time>
   </trkpt>
   <trkpt lat="45.7585190" lon="4.7610660">
    <ele>230.9</ele>
    <time>2026-07-01T11:54:44Z</time>
   </trkpt>
   <trkpt lat="45.7585490" lon="4.7610540">
    <ele>231.0</ele>
    <time>2026-07-01T11:54:45Z</time>
   </trkpt>
   <trkpt lat="45.7585840" lon="4.7610540">
    <ele>231.0</ele>
    <time>2026-07-01T11:54:46Z</time>
   </trkpt>
   <trkpt lat="45.7586160" lon="4.7610530">
    <ele>231.0</ele>
    <time>2026-07-01T11:54:47Z</time>
   </trkpt>
   <trkpt lat="45.7586370" lon="4.7610520">
    <ele>231.0</ele>
    <time>2026-07-01T11:54:48Z</time>
   </trkpt>
   <trkpt lat="45.7586700" lon="4.7610450">
    <ele>231.0</ele>
    <time>2026-07-01T11:54:49Z</time>
   </trkpt>
   <trkpt lat="45.7587000" lon="4.7610260">
    <ele>231.0</ele>
    <time>2026-07-01T11:54:50Z</time>
   </trkpt>
   <trkpt lat="45.7587330" lon="4.7610150">
    <ele>231.1</ele>
    <time>2026-07-01T11:54:51Z</time>
   </trkpt>
   <trkpt lat="45.7587640" lon="4.7610070">
    <ele>231.1</ele>
    <time>2026-07-01T11:54:52Z</time>
   </trkpt>
   <trkpt lat="45.7587960" lon="4.7609970">
    <ele>231.1</ele>
    <time>2026-07-01T11:54:53Z</time>
   </trkpt>
   <trkpt lat="45.7588230" lon="4.7609960">
    <ele>231.1</ele>
    <time>2026-07-01T11:54:54Z</time>
   </trkpt>
   <trkpt lat="45.7588520" lon="4.7610110">
    <ele>231.2</ele>
    <time>2026-07-01T11:54:55Z</time>
   </trkpt>
   <trkpt lat="45.7588820" lon="4.7610100">
    <ele>231.2</ele>
    <time>2026-07-01T11:54:56Z</time>
   </trkpt>
   <trkpt lat="45.7589120" lon="4.7610100">
    <ele>231.2</ele>
    <time>2026-07-01T11:54:57Z</time>
   </trkpt>
   <trkpt lat="45.7589380" lon="4.7610120">
    <ele>231.3</ele>
    <time>2026-07-01T11:54:58Z</time>
   </trkpt>
   <trkpt lat="45.7589670" lon="4.7610130">
    <ele>231.3</ele>
    <time>2026-07-01T11:54:59Z</time>
   </trkpt>
   <trkpt lat="45.7589940" lon="4.7610070">
    <ele>231.3</ele>
    <time>2026-07-01T11:55:00Z</time>
   </trkpt>
   <trkpt lat="45.7590170" lon="4.7610090">
    <ele>231.3</ele>
    <time>2026-07-01T11:55:01Z</time>
   </trkpt>
   <trkpt lat="45.7590460" lon="4.7610170">
    <ele>231.4</ele>
    <time>2026-07-01T11:55:02Z</time>
   </trkpt>
   <trkpt lat="45.7590780" lon="4.7610180">
    <ele>231.4</ele>
    <time>2026-07-01T11:55:03Z</time>
   </trkpt>
   <trkpt lat="45.7591040" lon="4.7610100">
    <ele>231.4</ele>
    <time>2026-07-01T11:55:04Z</time>
   </trkpt>
   <trkpt lat="45.7591290" lon="4.7609950">
    <ele>231.4</ele>
    <time>2026-07-01T11:55:05Z</time>
   </trkpt>
   <trkpt lat="45.7591590" lon="4.7609940">
    <ele>231.5</ele>
    <time>2026-07-01T11:55:06Z</time>
   </trkpt>
   <trkpt lat="45.7591920" lon="4.7610030">
    <ele>231.5</ele>
    <time>2026-07-01T11:55:07Z</time>
   </trkpt>
   <trkpt lat="45.7592270" lon="4.7610070">
    <ele>231.6</ele>
    <time>2026-07-01T11:55:08Z</time>
   </trkpt>
   <trkpt lat="45.7592570" lon="4.7610100">
    <ele>231.6</ele>
    <time>2026-07-01T11:55:09Z</time>
   </trkpt>
   <trkpt lat="45.7592910" lon="4.7610270">
    <ele>231.6</ele>
    <time>2026-07-01T11:55:10Z</time>
   </trkpt>
   <trkpt lat="45.7593230" lon="4.7610510">
    <ele>231.7</ele>
    <time>2026-07-01T11:55:11Z</time>
   </trkpt>
   <trkpt lat="45.7593480" lon="4.7610720">
    <ele>231.8</ele>
    <time>2026-07-01T11:55:12Z</time>
   </trkpt>
   <trkpt lat="45.7593720" lon="4.7610890">
    <ele>231.8</ele>
    <time>2026-07-01T11:55:13Z</time>
   </trkpt>
   <trkpt lat="45.7593980" lon="4.7610970">
    <ele>231.8</ele>
    <time>2026-07-01T11:55:14Z</time>
   </trkpt>
   <trkpt lat="45.7594280" lon="4.7611000">
    <ele>231.9</ele>
    <time>2026-07-01T11:55:15Z</time>
   </trkpt>
   <trkpt lat="45.7594540" lon="4.7610880">
    <ele>231.9</ele>
    <time>2026-07-01T11:55:16Z</time>
   </trkpt>
   <trkpt lat="45.7594790" lon="4.7610760">
    <ele>232.0</ele>
    <time>2026-07-01T11:55:17Z</time>
   </trkpt>
   <trkpt lat="45.7595110" lon="4.7610820">
    <ele>232.0</ele>
    <time>2026-07-01T11:55:18Z</time>
   </trkpt>
   <trkpt lat="45.7595370" lon="4.7610850">
    <ele>232.0</ele>
    <time>2026-07-01T11:55:19Z</time>
   </trkpt>
   <trkpt lat="45.7595600" lon="4.7610890">
    <ele>232.1</ele>
    <time>2026-07-01T11:55:20Z</time>
   </trkpt>
   <trkpt lat="45.7595880" lon="4.7610900">
    <ele>232.1</ele>
    <time>2026-07-01T11:55:21Z</time>
   </trkpt>
   <trkpt lat="45.7596090" lon="4.7610830">
    <ele>232.1</ele>
    <time>2026-07-01T11:55:22Z</time>
   </trkpt>
   <trkpt lat="45.7596320" lon="4.7610780">
    <ele>232.2</ele>
    <time>2026-07-01T11:55:23Z</time>
   </trkpt>
   <trkpt lat="45.7596520" lon="4.7610720">
    <ele>232.2</ele>
    <time>2026-07-01T11:55:24Z</time>
   </trkpt>
   <trkpt lat="45.7596750" lon="4.7610630">
    <ele>232.2</ele>
    <time>2026-07-01T11:55:25Z</time>
   </trkpt>
   <trkpt lat="45.7596950" lon="4.7610530">
    <ele>232.2</ele>
    <time>2026-07-01T11:55:26Z</time>
   </trkpt>
   <trkpt lat="45.7597160" lon="4.7610510">
    <ele>232.3</ele>
    <time>2026-07-01T11:55:27Z</time>
   </trkpt>
   <trkpt lat="45.7597680" lon="4.7610390">
    <ele>232.3</ele>
    <time>2026-07-01T11:55:28Z</time>
   </trkpt>
   <trkpt lat="45.7597920" lon="4.7610240">
    <ele>232.4</ele>
    <time>2026-07-01T11:55:29Z</time>
   </trkpt>
   <trkpt lat="45.7598210" lon="4.7610150">
    <ele>232.5</ele>
    <time>2026-07-01T11:55:30Z</time>
   </trkpt>
   <trkpt lat="45.7598460" lon="4.7610130">
    <ele>232.5</ele>
    <time>2026-07-01T11:55:31Z</time>
   </trkpt>
   <trkpt lat="45.7598760" lon="4.7610050">
    <ele>232.6</ele>
    <time>2026-07-01T11:55:32Z</time>
   </trkpt>
   <trkpt lat="45.7599040" lon="4.7609980">
    <ele>232.7</ele>
    <time>2026-07-01T11:55:33Z</time>
   </trkpt>
   <trkpt lat="45.7599270" lon="4.7609870">
    <ele>232.7</ele>
    <time>2026-07-01T11:55:35Z</time>
   </trkpt>
   <trkpt lat="45.7599550" lon="4.7609870">
    <ele>232.8</ele>
    <time>2026-07-01T11:55:36Z</time>
   </trkpt>
   <trkpt lat="45.7599820" lon="4.7609800">
    <ele>232.9</ele>
    <time>2026-07-01T11:55:37Z</time>
   </trkpt>
   <trkpt lat="45.7600070" lon="4.7609720">
    <ele>232.9</ele>
    <time>2026-07-01T11:55:38Z</time>
   </trkpt>
   <trkpt lat="45.7600340" lon="4.7609630">
    <ele>233.0</ele>
    <time>2026-07-01T11:55:39Z</time>
   </trkpt>
   <trkpt lat="45.7600570" lon="4.7609560">
    <ele>233.0</ele>
    <time>2026-07-01T11:55:40Z</time>
   </trkpt>
   <trkpt lat="45.7600890" lon="4.7609530">
    <ele>233.1</ele>
    <time>2026-07-01T11:55:41Z</time>
   </trkpt>
   <trkpt lat="45.7601140" lon="4.7609470">
    <ele>233.1</ele>
    <time>2026-07-01T11:55:42Z</time>
   </trkpt>
   <trkpt lat="45.7601430" lon="4.7609360">
    <ele>233.1</ele>
    <time>2026-07-01T11:55:43Z</time>
   </trkpt>
   <trkpt lat="45.7601710" lon="4.7609230">
    <ele>233.2</ele>
    <time>2026-07-01T11:55:44Z</time>
   </trkpt>
   <trkpt lat="45.7602010" lon="4.7609080">
    <ele>233.2</ele>
    <time>2026-07-01T11:55:45Z</time>
   </trkpt>
   <trkpt lat="45.7602270" lon="4.7608900">
    <ele>233.3</ele>
    <time>2026-07-01T11:55:46Z</time>
   </trkpt>
   <trkpt lat="45.7602520" lon="4.7608840">
    <ele>233.3</ele>
    <time>2026-07-01T11:55:47Z</time>
   </trkpt>
   <trkpt lat="45.7602840" lon="4.7608690">
    <ele>233.3</ele>
    <time>2026-07-01T11:55:48Z</time>
   </trkpt>
   <trkpt lat="45.7603110" lon="4.7608580">
    <ele>233.4</ele>
    <time>2026-07-01T11:55:49Z</time>
   </trkpt>
   <trkpt lat="45.7603360" lon="4.7608450">
    <ele>233.4</ele>
    <time>2026-07-01T11:55:50Z</time>
   </trkpt>
   <trkpt lat="45.7603600" lon="4.7608240">
    <ele>233.4</ele>
    <time>2026-07-01T11:55:51Z</time>
   </trkpt>
   <trkpt lat="45.7603770" lon="4.7608020">
    <ele>233.5</ele>
    <time>2026-07-01T11:55:52Z</time>
   </trkpt>
   <trkpt lat="45.7604030" lon="4.7608030">
    <ele>233.5</ele>
    <time>2026-07-01T11:55:53Z</time>
   </trkpt>
   <trkpt lat="45.7604310" lon="4.7607740">
    <ele>233.6</ele>
    <time>2026-07-01T11:55:54Z</time>
   </trkpt>
   <trkpt lat="45.7604510" lon="4.7607540">
    <ele>233.6</ele>
    <time>2026-07-01T11:55:55Z</time>
   </trkpt>
   <trkpt lat="45.7604800" lon="4.7607420">
    <ele>233.6</ele>
    <time>2026-07-01T11:55:56Z</time>
   </trkpt>
   <trkpt lat="45.7605070" lon="4.7607320">
    <ele>233.7</ele>
    <time>2026-07-01T11:55:57Z</time>
   </trkpt>
   <trkpt lat="45.7605370" lon="4.7607150">
    <ele>233.7</ele>
    <time>2026-07-01T11:55:58Z</time>
   </trkpt>
   <trkpt lat="45.7605610" lon="4.7607100">
    <ele>233.8</ele>
    <time>2026-07-01T11:55:59Z</time>
   </trkpt>
   <trkpt lat="45.7605860" lon="4.7606910">
    <ele>233.8</ele>
    <time>2026-07-01T11:56:00Z</time>
   </trkpt>
   <trkpt lat="45.7606110" lon="4.7606790">
    <ele>233.8</ele>
    <time>2026-07-01T11:56:01Z</time>
   </trkpt>
   <trkpt lat="45.7606390" lon="4.7606700">
    <ele>233.8</ele>
    <time>2026-07-01T11:56:02Z</time>
   </trkpt>
   <trkpt lat="45.7606690" lon="4.7606520">
    <ele>233.9</ele>
    <time>2026-07-01T11:56:03Z</time>
   </trkpt>
   <trkpt lat="45.7606970" lon="4.7606530">
    <ele>233.9</ele>
    <time>2026-07-01T11:56:04Z</time>
   </trkpt>
   <trkpt lat="45.7607270" lon="4.7606430">
    <ele>233.9</ele>
    <time>2026-07-01T11:56:05Z</time>
   </trkpt>
   <trkpt lat="45.7607560" lon="4.7606380">
    <ele>234.0</ele>
    <time>2026-07-01T11:56:06Z</time>
   </trkpt>
   <trkpt lat="45.7607800" lon="4.7606220">
    <ele>234.0</ele>
    <time>2026-07-01T11:56:07Z</time>
   </trkpt>
   <trkpt lat="45.7608070" lon="4.7606090">
    <ele>234.0</ele>
    <time>2026-07-01T11:56:08Z</time>
   </trkpt>
   <trkpt lat="45.7608360" lon="4.7606020">
    <ele>234.1</ele>
    <time>2026-07-01T11:56:09Z</time>
   </trkpt>
   <trkpt lat="45.7608650" lon="4.7605870">
    <ele>234.1</ele>
    <time>2026-07-01T11:56:10Z</time>
   </trkpt>
   <trkpt lat="45.7608880" lon="4.7605770">
    <ele>234.1</ele>
    <time>2026-07-01T11:56:11Z</time>
   </trkpt>
   <trkpt lat="45.7609200" lon="4.7605800">
    <ele>234.0</ele>
    <time>2026-07-01T11:56:12Z</time>
   </trkpt>
   <trkpt lat="45.7609500" lon="4.7605770">
    <ele>234.0</ele>
    <time>2026-07-01T11:56:13Z</time>
   </trkpt>
   <trkpt lat="45.7609740" lon="4.7605770">
    <ele>234.0</ele>
    <time>2026-07-01T11:56:14Z</time>
   </trkpt>
   <trkpt lat="45.7609990" lon="4.7605830">
    <ele>234.0</ele>
    <time>2026-07-01T11:56:15Z</time>
   </trkpt>
   <trkpt lat="45.7610220" lon="4.7605990">
    <ele>234.1</ele>
    <time>2026-07-01T11:56:16Z</time>
   </trkpt>
   <trkpt lat="45.7610360" lon="4.7606220">
    <ele>234.1</ele>
    <time>2026-07-01T11:56:17Z</time>
   </trkpt>
   <trkpt lat="45.7610310" lon="4.7606620">
    <ele>234.0</ele>
    <time>2026-07-01T11:56:18Z</time>
   </trkpt>
   <trkpt lat="45.7610320" lon="4.7606830">
    <ele>234.0</ele>
    <time>2026-07-01T11:56:19Z</time>
   </trkpt>
   <trkpt lat="45.7610410" lon="4.7607270">
    <ele>234.0</ele>
    <time>2026-07-01T11:56:20Z</time>
   </trkpt>
   <trkpt lat="45.7610420" lon="4.7607750">
    <ele>234.0</ele>
    <time>2026-07-01T11:56:21Z</time>
   </trkpt>
   <trkpt lat="45.7610370" lon="4.7608120">
    <ele>233.9</ele>
    <time>2026-07-01T11:56:22Z</time>
   </trkpt>
   <trkpt lat="45.7610350" lon="4.7608510">
    <ele>233.9</ele>
    <time>2026-07-01T11:56:23Z</time>
   </trkpt>
   <trkpt lat="45.7610420" lon="4.7608850">
    <ele>233.9</ele>
    <time>2026-07-01T11:56:24Z</time>
   </trkpt>
   <trkpt lat="45.7610360" lon="4.7609220">
    <ele>233.8</ele>
    <time>2026-07-01T11:56:25Z</time>
   </trkpt>
   <trkpt lat="45.7610400" lon="4.7609560">
    <ele>233.8</ele>
    <time>2026-07-01T11:56:26Z</time>
   </trkpt>
   <trkpt lat="45.7610280" lon="4.7609960">
    <ele>233.8</ele>
    <time>2026-07-01T11:56:27Z</time>
   </trkpt>
   <trkpt lat="45.7610210" lon="4.7610280">
    <ele>233.7</ele>
    <time>2026-07-01T11:56:28Z</time>
   </trkpt>
   <trkpt lat="45.7610170" lon="4.7610690">
    <ele>233.7</ele>
    <time>2026-07-01T11:56:29Z</time>
   </trkpt>
   <trkpt lat="45.7610200" lon="4.7611070">
    <ele>233.6</ele>
    <time>2026-07-01T11:56:30Z</time>
   </trkpt>
   <trkpt lat="45.7610220" lon="4.7611480">
    <ele>233.6</ele>
    <time>2026-07-01T11:56:31Z</time>
   </trkpt>
   <trkpt lat="45.7610260" lon="4.7611960">
    <ele>233.6</ele>
    <time>2026-07-01T11:56:32Z</time>
   </trkpt>
   <trkpt lat="45.7610330" lon="4.7612460">
    <ele>233.5</ele>
    <time>2026-07-01T11:56:33Z</time>
   </trkpt>
   <trkpt lat="45.7610340" lon="4.7612960">
    <ele>233.5</ele>
    <time>2026-07-01T11:56:34Z</time>
   </trkpt>
   <trkpt lat="45.7610290" lon="4.7613390">
    <ele>233.5</ele>
    <time>2026-07-01T11:56:35Z</time>
   </trkpt>
   <trkpt lat="45.7610300" lon="4.7613900">
    <ele>233.5</ele>
    <time>2026-07-01T11:56:36Z</time>
   </trkpt>
   <trkpt lat="45.7610280" lon="4.7614400">
    <ele>233.5</ele>
    <time>2026-07-01T11:56:37Z</time>
   </trkpt>
   <trkpt lat="45.7610240" lon="4.7614900">
    <ele>233.4</ele>
    <time>2026-07-01T11:56:38Z</time>
   </trkpt>
   <trkpt lat="45.7610250" lon="4.7615330">
    <ele>233.4</ele>
    <time>2026-07-01T11:56:39Z</time>
   </trkpt>
   <trkpt lat="45.7610230" lon="4.7615780">
    <ele>233.4</ele>
    <time>2026-07-01T11:56:40Z</time>
   </trkpt>
   <trkpt lat="45.7610290" lon="4.7616200">
    <ele>233.4</ele>
    <time>2026-07-01T11:56:41Z</time>
   </trkpt>
   <trkpt lat="45.7610230" lon="4.7616560">
    <ele>233.3</ele>
    <time>2026-07-01T11:56:42Z</time>
   </trkpt>
   <trkpt lat="45.7610230" lon="4.7616990">
    <ele>233.3</ele>
    <time>2026-07-01T11:56:43Z</time>
   </trkpt>
   <trkpt lat="45.7610210" lon="4.7617330">
    <ele>233.3</ele>
    <time>2026-07-01T11:56:44Z</time>
   </trkpt>
   <trkpt lat="45.7610300" lon="4.7617630">
    <ele>233.3</ele>
    <time>2026-07-01T11:56:45Z</time>
   </trkpt>
   <trkpt lat="45.7610290" lon="4.7617900">
    <ele>233.3</ele>
    <time>2026-07-01T11:56:46Z</time>
   </trkpt>
   <trkpt lat="45.7610300" lon="4.7618310">
    <ele>233.2</ele>
    <time>2026-07-01T11:56:47Z</time>
   </trkpt>
   <trkpt lat="45.7610260" lon="4.7618690">
    <ele>233.2</ele>
    <time>2026-07-01T11:56:48Z</time>
   </trkpt>
   <trkpt lat="45.7610290" lon="4.7619020">
    <ele>233.2</ele>
    <time>2026-07-01T11:56:49Z</time>
   </trkpt>
   <trkpt lat="45.7610330" lon="4.7619480">
    <ele>233.2</ele>
    <time>2026-07-01T11:56:50Z</time>
   </trkpt>
   <trkpt lat="45.7610320" lon="4.7619930">
    <ele>233.2</ele>
    <time>2026-07-01T11:56:51Z</time>
   </trkpt>
   <trkpt lat="45.7610340" lon="4.7620360">
    <ele>233.1</ele>
    <time>2026-07-01T11:56:52Z</time>
   </trkpt>
   <trkpt lat="45.7610370" lon="4.7620770">
    <ele>233.1</ele>
    <time>2026-07-01T11:56:53Z</time>
   </trkpt>
   <trkpt lat="45.7610420" lon="4.7621120">
    <ele>233.1</ele>
    <time>2026-07-01T11:56:54Z</time>
   </trkpt>
   <trkpt lat="45.7610500" lon="4.7621400">
    <ele>233.1</ele>
    <time>2026-07-01T11:56:55Z</time>
   </trkpt>
   <trkpt lat="45.7610470" lon="4.7621770">
    <ele>233.1</ele>
    <time>2026-07-01T11:56:56Z</time>
   </trkpt>
   <trkpt lat="45.7610440" lon="4.7622160">
    <ele>233.1</ele>
    <time>2026-07-01T11:56:57Z</time>
   </trkpt>
   <trkpt lat="45.7610510" lon="4.7622590">
    <ele>233.1</ele>
    <time>2026-07-01T11:56:58Z</time>
   </trkpt>
   <trkpt lat="45.7610570" lon="4.7623020">
    <ele>233.1</ele>
    <time>2026-07-01T11:56:59Z</time>
   </trkpt>
   <trkpt lat="45.7610600" lon="4.7623430">
    <ele>233.1</ele>
    <time>2026-07-01T11:57:00Z</time>
   </trkpt>
   <trkpt lat="45.7610600" lon="4.7623920">
    <ele>233.1</ele>
    <time>2026-07-01T11:57:01Z</time>
   </trkpt>
   <trkpt lat="45.7610530" lon="4.7624380">
    <ele>233.1</ele>
    <time>2026-07-01T11:57:02Z</time>
   </trkpt>
   <trkpt lat="45.7610560" lon="4.7624770">
    <ele>233.1</ele>
    <time>2026-07-01T11:57:03Z</time>
   </trkpt>
   <trkpt lat="45.7610540" lon="4.7625180">
    <ele>233.1</ele>
    <time>2026-07-01T11:57:04Z</time>
   </trkpt>
   <trkpt lat="45.7610570" lon="4.7625560">
    <ele>233.1</ele>
    <time>2026-07-01T11:57:05Z</time>
   </trkpt>
   <trkpt lat="45.7610610" lon="4.7626010">
    <ele>233.1</ele>
    <time>2026-07-01T11:57:06Z</time>
   </trkpt>
   <trkpt lat="45.7610640" lon="4.7626410">
    <ele>233.0</ele>
    <time>2026-07-01T11:57:07Z</time>
   </trkpt>
   <trkpt lat="45.7610640" lon="4.7626820">
    <ele>233.0</ele>
    <time>2026-07-01T11:57:08Z</time>
   </trkpt>
   <trkpt lat="45.7610640" lon="4.7627230">
    <ele>233.0</ele>
    <time>2026-07-01T11:57:09Z</time>
   </trkpt>
   <trkpt lat="45.7610760" lon="4.7627640">
    <ele>232.9</ele>
    <time>2026-07-01T11:57:10Z</time>
   </trkpt>
   <trkpt lat="45.7610780" lon="4.7628050">
    <ele>232.9</ele>
    <time>2026-07-01T11:57:11Z</time>
   </trkpt>
   <trkpt lat="45.7610720" lon="4.7628520">
    <ele>232.9</ele>
    <time>2026-07-01T11:57:12Z</time>
   </trkpt>
   <trkpt lat="45.7610730" lon="4.7628980">
    <ele>232.8</ele>
    <time>2026-07-01T11:57:13Z</time>
   </trkpt>
   <trkpt lat="45.7610690" lon="4.7629490">
    <ele>232.8</ele>
    <time>2026-07-01T11:57:14Z</time>
   </trkpt>
   <trkpt lat="45.7610650" lon="4.7629970">
    <ele>232.8</ele>
    <time>2026-07-01T11:57:15Z</time>
   </trkpt>
   <trkpt lat="45.7610650" lon="4.7630480">
    <ele>232.7</ele>
    <time>2026-07-01T11:57:16Z</time>
   </trkpt>
   <trkpt lat="45.7610720" lon="4.7630910">
    <ele>232.7</ele>
    <time>2026-07-01T11:57:17Z</time>
   </trkpt>
   <trkpt lat="45.7610700" lon="4.7631420">
    <ele>232.7</ele>
    <time>2026-07-01T11:57:18Z</time>
   </trkpt>
   <trkpt lat="45.7610610" lon="4.7631800">
    <ele>232.7</ele>
    <time>2026-07-01T11:57:19Z</time>
   </trkpt>
   <trkpt lat="45.7610610" lon="4.7632130">
    <ele>232.7</ele>
    <time>2026-07-01T11:57:20Z</time>
   </trkpt>
   <trkpt lat="45.7610600" lon="4.7632580">
    <ele>232.6</ele>
    <time>2026-07-01T11:57:21Z</time>
   </trkpt>
   <trkpt lat="45.7610600" lon="4.7632990">
    <ele>232.6</ele>
    <time>2026-07-01T11:57:22Z</time>
   </trkpt>
   <trkpt lat="45.7610530" lon="4.7633440">
    <ele>232.6</ele>
    <time>2026-07-01T11:57:23Z</time>
   </trkpt>
   <trkpt lat="45.7610410" lon="4.7633950">
    <ele>232.6</ele>
    <time>2026-07-01T11:57:24Z</time>
   </trkpt>
   <trkpt lat="45.7610360" lon="4.7634360">
    <ele>232.6</ele>
    <time>2026-07-01T11:57:25Z</time>
   </trkpt>
   <trkpt lat="45.7610310" lon="4.7634830">
    <ele>232.5</ele>
    <time>2026-07-01T11:57:26Z</time>
   </trkpt>
   <trkpt lat="45.7610210" lon="4.7635700">
    <ele>232.5</ele>
    <time>2026-07-01T11:57:27Z</time>
   </trkpt>
   <trkpt lat="45.7610190" lon="4.7636130">
    <ele>232.5</ele>
    <time>2026-07-01T11:57:28Z</time>
   </trkpt>
   <trkpt lat="45.7610190" lon="4.7636600">
    <ele>232.4</ele>
    <time>2026-07-01T11:57:29Z</time>
   </trkpt>
   <trkpt lat="45.7610100" lon="4.7637080">
    <ele>232.4</ele>
    <time>2026-07-01T11:57:30Z</time>
   </trkpt>
   <trkpt lat="45.7610150" lon="4.7637540">
    <ele>232.4</ele>
    <time>2026-07-01T11:57:31Z</time>
   </trkpt>
   <trkpt lat="45.7610080" lon="4.7637990">
    <ele>232.3</ele>
    <time>2026-07-01T11:57:32Z</time>
   </trkpt>
   <trkpt lat="45.7610020" lon="4.7638510">
    <ele>232.3</ele>
    <time>2026-07-01T11:57:33Z</time>
   </trkpt>
   <trkpt lat="45.7609970" lon="4.7638920">
    <ele>232.2</ele>
    <time>2026-07-01T11:57:34Z</time>
   </trkpt>
   <trkpt lat="45.7609950" lon="4.7639350">
    <ele>232.2</ele>
    <time>2026-07-01T11:57:35Z</time>
   </trkpt>
   <trkpt lat="45.7609990" lon="4.7639730">
    <ele>232.1</ele>
    <time>2026-07-01T11:57:36Z</time>
   </trkpt>
   <trkpt lat="45.7609910" lon="4.7640080">
    <ele>232.1</ele>
    <time>2026-07-01T11:57:37Z</time>
   </trkpt>
   <trkpt lat="45.7609910" lon="4.7640510">
    <ele>232.0</ele>
    <time>2026-07-01T11:57:38Z</time>
   </trkpt>
   <trkpt lat="45.7609950" lon="4.7641040">
    <ele>232.0</ele>
    <time>2026-07-01T11:57:39Z</time>
   </trkpt>
   <trkpt lat="45.7609900" lon="4.7641600">
    <ele>231.9</ele>
    <time>2026-07-01T11:57:41Z</time>
   </trkpt>
   <trkpt lat="45.7609850" lon="4.7642060">
    <ele>231.9</ele>
    <time>2026-07-01T11:57:42Z</time>
   </trkpt>
   <trkpt lat="45.7609800" lon="4.7642480">
    <ele>231.8</ele>
    <time>2026-07-01T11:57:43Z</time>
   </trkpt>
   <trkpt lat="45.7609770" lon="4.7642880">
    <ele>231.8</ele>
    <time>2026-07-01T11:57:44Z</time>
   </trkpt>
   <trkpt lat="45.7609740" lon="4.7643390">
    <ele>231.7</ele>
    <time>2026-07-01T11:57:45Z</time>
   </trkpt>
   <trkpt lat="45.7609700" lon="4.7643820">
    <ele>231.7</ele>
    <time>2026-07-01T11:57:46Z</time>
   </trkpt>
   <trkpt lat="45.7609750" lon="4.7644290">
    <ele>231.6</ele>
    <time>2026-07-01T11:57:47Z</time>
   </trkpt>
   <trkpt lat="45.7609750" lon="4.7644740">
    <ele>231.6</ele>
    <time>2026-07-01T11:57:48Z</time>
   </trkpt>
   <trkpt lat="45.7609730" lon="4.7645250">
    <ele>231.5</ele>
    <time>2026-07-01T11:57:49Z</time>
   </trkpt>
   <trkpt lat="45.7609670" lon="4.7645760">
    <ele>231.5</ele>
    <time>2026-07-01T11:57:50Z</time>
   </trkpt>
   <trkpt lat="45.7609650" lon="4.7646210">
    <ele>231.4</ele>
    <time>2026-07-01T11:57:51Z</time>
   </trkpt>
   <trkpt lat="45.7609630" lon="4.7646700">
    <ele>231.4</ele>
    <time>2026-07-01T11:57:52Z</time>
   </trkpt>
   <trkpt lat="45.7609640" lon="4.7647160">
    <ele>231.3</ele>
    <time>2026-07-01T11:57:53Z</time>
   </trkpt>
   <trkpt lat="45.7609640" lon="4.7647630">
    <ele>231.2</ele>
    <time>2026-07-01T11:57:54Z</time>
   </trkpt>
   <trkpt lat="45.7609590" lon="4.7648080">
    <ele>231.2</ele>
    <time>2026-07-01T11:57:55Z</time>
   </trkpt>
   <trkpt lat="45.7609630" lon="4.7648620">
    <ele>231.1</ele>
    <time>2026-07-01T11:57:56Z</time>
   </trkpt>
   <trkpt lat="45.7609590" lon="4.7649050">
    <ele>231.0</ele>
    <time>2026-07-01T11:57:57Z</time>
   </trkpt>
   <trkpt lat="45.7609570" lon="4.7649480">
    <ele>230.9</ele>
    <time>2026-07-01T11:57:58Z</time>
   </trkpt>
   <trkpt lat="45.7609540" lon="4.7649980">
    <ele>230.8</ele>
    <time>2026-07-01T11:57:59Z</time>
   </trkpt>
   <trkpt lat="45.7609570" lon="4.7650440">
    <ele>230.8</ele>
    <time>2026-07-01T11:58:00Z</time>
   </trkpt>
   <trkpt lat="45.7609640" lon="4.7650920">
    <ele>230.7</ele>
    <time>2026-07-01T11:58:01Z</time>
   </trkpt>
   <trkpt lat="45.7609610" lon="4.7651490">
    <ele>230.6</ele>
    <time>2026-07-01T11:58:02Z</time>
   </trkpt>
   <trkpt lat="45.7609570" lon="4.7651990">
    <ele>230.5</ele>
    <time>2026-07-01T11:58:03Z</time>
   </trkpt>
   <trkpt lat="45.7609550" lon="4.7652390">
    <ele>230.4</ele>
    <time>2026-07-01T11:58:04Z</time>
   </trkpt>
   <trkpt lat="45.7609510" lon="4.7652850">
    <ele>230.3</ele>
    <time>2026-07-01T11:58:05Z</time>
   </trkpt>
   <trkpt lat="45.7609510" lon="4.7653320">
    <ele>230.2</ele>
    <time>2026-07-01T11:58:06Z</time>
   </trkpt>
   <trkpt lat="45.7609470" lon="4.7653780">
    <ele>230.1</ele>
    <time>2026-07-01T11:58:07Z</time>
   </trkpt>
   <trkpt lat="45.7609500" lon="4.7654370">
    <ele>230.0</ele>
    <time>2026-07-01T11:58:08Z</time>
   </trkpt>
   <trkpt lat="45.7609450" lon="4.7654840">
    <ele>229.9</ele>
    <time>2026-07-01T11:58:09Z</time>
   </trkpt>
   <trkpt lat="45.7609380" lon="4.7655340">
    <ele>229.8</ele>
    <time>2026-07-01T11:58:10Z</time>
   </trkpt>
   <trkpt lat="45.7609340" lon="4.7655810">
    <ele>229.7</ele>
    <time>2026-07-01T11:58:11Z</time>
   </trkpt>
   <trkpt lat="45.7609290" lon="4.7656250">
    <ele>229.6</ele>
    <time>2026-07-01T11:58:12Z</time>
   </trkpt>
   <trkpt lat="45.7609330" lon="4.7656620">
    <ele>229.6</ele>
    <time>2026-07-01T11:58:13Z</time>
   </trkpt>
   <trkpt lat="45.7609340" lon="4.7657080">
    <ele>229.4</ele>
    <time>2026-07-01T11:58:14Z</time>
   </trkpt>
   <trkpt lat="45.7609230" lon="4.7657690">
    <ele>229.3</ele>
    <time>2026-07-01T11:58:15Z</time>
   </trkpt>
   <trkpt lat="45.7609090" lon="4.7658140">
    <ele>229.2</ele>
    <time>2026-07-01T11:58:16Z</time>
   </trkpt>
   <trkpt lat="45.7608990" lon="4.7658580">
    <ele>229.0</ele>
    <time>2026-07-01T11:58:17Z</time>
   </trkpt>
   <trkpt lat="45.7608870" lon="4.7659020">
    <ele>228.9</ele>
    <time>2026-07-01T11:58:18Z</time>
   </trkpt>
   <trkpt lat="45.7608820" lon="4.7659550">
    <ele>228.7</ele>
    <time>2026-07-01T11:58:19Z</time>
   </trkpt>
   <trkpt lat="45.7608840" lon="4.7660060">
    <ele>228.5</ele>
    <time>2026-07-01T11:58:20Z</time>
   </trkpt>
   <trkpt lat="45.7608860" lon="4.7660540">
    <ele>228.3</ele>
    <time>2026-07-01T11:58:21Z</time>
   </trkpt>
   <trkpt lat="45.7608700" lon="4.7661000">
    <ele>228.2</ele>
    <time>2026-07-01T11:58:22Z</time>
   </trkpt>
   <trkpt lat="45.7608510" lon="4.7661550">
    <ele>227.9</ele>
    <time>2026-07-01T11:58:23Z</time>
   </trkpt>
   <trkpt lat="45.7608430" lon="4.7662070">
    <ele>227.8</ele>
    <time>2026-07-01T11:58:24Z</time>
   </trkpt>
   <trkpt lat="45.7608470" lon="4.7662600">
    <ele>227.6</ele>
    <time>2026-07-01T11:58:25Z</time>
   </trkpt>
   <trkpt lat="45.7608410" lon="4.7663170">
    <ele>227.4</ele>
    <time>2026-07-01T11:58:26Z</time>
   </trkpt>
   <trkpt lat="45.7608430" lon="4.7663610">
    <ele>227.2</ele>
    <time>2026-07-01T11:58:27Z</time>
   </trkpt>
   <trkpt lat="45.7608270" lon="4.7664170">
    <ele>227.0</ele>
    <time>2026-07-01T11:58:28Z</time>
   </trkpt>
   <trkpt lat="45.7608180" lon="4.7664640">
    <ele>226.9</ele>
    <time>2026-07-01T11:58:29Z</time>
   </trkpt>
   <trkpt lat="45.7608140" lon="4.7665110">
    <ele>226.7</ele>
    <time>2026-07-01T11:58:30Z</time>
   </trkpt>
   <trkpt lat="45.7608020" lon="4.7665570">
    <ele>226.6</ele>
    <time>2026-07-01T11:58:31Z</time>
   </trkpt>
   <trkpt lat="45.7608020" lon="4.7666100">
    <ele>226.4</ele>
    <time>2026-07-01T11:58:32Z</time>
   </trkpt>
   <trkpt lat="45.7607970" lon="4.7666500">
    <ele>226.2</ele>
    <time>2026-07-01T11:58:33Z</time>
   </trkpt>
   <trkpt lat="45.7607850" lon="4.7667080">
    <ele>226.0</ele>
    <time>2026-07-01T11:58:34Z</time>
   </trkpt>
   <trkpt lat="45.7607810" lon="4.7667600">
    <ele>225.9</ele>
    <time>2026-07-01T11:58:35Z</time>
   </trkpt>
   <trkpt lat="45.7607770" lon="4.7668080">
    <ele>225.7</ele>
    <time>2026-07-01T11:58:36Z</time>
   </trkpt>
   <trkpt lat="45.7607600" lon="4.7668740">
    <ele>225.5</ele>
    <time>2026-07-01T11:58:37Z</time>
   </trkpt>
   <trkpt lat="45.7607550" lon="4.7669180">
    <ele>225.3</ele>
    <time>2026-07-01T11:58:38Z</time>
   </trkpt>
   <trkpt lat="45.7607490" lon="4.7669720">
    <ele>225.1</ele>
    <time>2026-07-01T11:58:39Z</time>
   </trkpt>
   <trkpt lat="45.7607430" lon="4.7670200">
    <ele>224.9</ele>
    <time>2026-07-01T11:58:40Z</time>
   </trkpt>
   <trkpt lat="45.7607420" lon="4.7670700">
    <ele>224.7</ele>
    <time>2026-07-01T11:58:41Z</time>
   </trkpt>
   <trkpt lat="45.7607390" lon="4.7671240">
    <ele>224.5</ele>
    <time>2026-07-01T11:58:42Z</time>
   </trkpt>
   <trkpt lat="45.7607330" lon="4.7671830">
    <ele>224.3</ele>
    <time>2026-07-01T11:58:43Z</time>
   </trkpt>
   <trkpt lat="45.7607340" lon="4.7672330">
    <ele>224.1</ele>
    <time>2026-07-01T11:58:44Z</time>
   </trkpt>
   <trkpt lat="45.7607410" lon="4.7672820">
    <ele>223.9</ele>
    <time>2026-07-01T11:58:45Z</time>
   </trkpt>
   <trkpt lat="45.7607280" lon="4.7673290">
    <ele>223.7</ele>
    <time>2026-07-01T11:58:46Z</time>
   </trkpt>
   <trkpt lat="45.7607050" lon="4.7673960">
    <ele>223.5</ele>
    <time>2026-07-01T11:58:47Z</time>
   </trkpt>
   <trkpt lat="45.7607040" lon="4.7674490">
    <ele>223.3</ele>
    <time>2026-07-01T11:58:48Z</time>
   </trkpt>
   <trkpt lat="45.7607000" lon="4.7675020">
    <ele>223.1</ele>
    <time>2026-07-01T11:58:49Z</time>
   </trkpt>
   <trkpt lat="45.7606990" lon="4.7675560">
    <ele>222.9</ele>
    <time>2026-07-01T11:58:50Z</time>
   </trkpt>
   <trkpt lat="45.7607070" lon="4.7676230">
    <ele>222.7</ele>
    <time>2026-07-01T11:58:51Z</time>
   </trkpt>
   <trkpt lat="45.7607000" lon="4.7676840">
    <ele>222.5</ele>
    <time>2026-07-01T11:58:52Z</time>
   </trkpt>
   <trkpt lat="45.7606810" lon="4.7680180">
    <ele>221.6</ele>
    <time>2026-07-01T11:58:57Z</time>
   </trkpt>
   <trkpt lat="45.7606720" lon="4.7680720">
    <ele>221.4</ele>
    <time>2026-07-01T11:58:58Z</time>
   </trkpt>
   <trkpt lat="45.7606720" lon="4.7681160">
    <ele>221.3</ele>
    <time>2026-07-01T11:58:59Z</time>
   </trkpt>
   <trkpt lat="45.7606740" lon="4.7681640">
    <ele>221.3</ele>
    <time>2026-07-01T11:59:00Z</time>
   </trkpt>
   <trkpt lat="45.7606720" lon="4.7682210">
    <ele>221.3</ele>
    <time>2026-07-01T11:59:01Z</time>
   </trkpt>
   <trkpt lat="45.7606630" lon="4.7682750">
    <ele>221.2</ele>
    <time>2026-07-01T11:59:02Z</time>
   </trkpt>
   <trkpt lat="45.7606470" lon="4.7683260">
    <ele>221.1</ele>
    <time>2026-07-01T11:59:03Z</time>
   </trkpt>
   <trkpt lat="45.7606410" lon="4.7683730">
    <ele>221.0</ele>
    <time>2026-07-01T11:59:04Z</time>
   </trkpt>
   <trkpt lat="45.7606420" lon="4.7684200">
    <ele>220.9</ele>
    <time>2026-07-01T11:59:05Z</time>
   </trkpt>
   <trkpt lat="45.7606460" lon="4.7684670">
    <ele>220.9</ele>
    <time>2026-07-01T11:59:06Z</time>
   </trkpt>
   <trkpt lat="45.7606520" lon="4.7685200">
    <ele>220.8</ele>
    <time>2026-07-01T11:59:07Z</time>
   </trkpt>
   <trkpt lat="45.7606460" lon="4.7685880">
    <ele>220.7</ele>
    <time>2026-07-01T11:59:08Z</time>
   </trkpt>
   <trkpt lat="45.7606430" lon="4.7686400">
    <ele>220.6</ele>
    <time>2026-07-01T11:59:09Z</time>
   </trkpt>
   <trkpt lat="45.7606300" lon="4.7686920">
    <ele>220.5</ele>
    <time>2026-07-01T11:59:10Z</time>
   </trkpt>
   <trkpt lat="45.7606190" lon="4.7687460">
    <ele>220.4</ele>
    <time>2026-07-01T11:59:11Z</time>
   </trkpt>
   <trkpt lat="45.7606110" lon="4.7687890">
    <ele>220.4</ele>
    <time>2026-07-01T11:59:12Z</time>
   </trkpt>
   <trkpt lat="45.7606020" lon="4.7688400">
    <ele>220.3</ele>
    <time>2026-07-01T11:59:13Z</time>
   </trkpt>
   <trkpt lat="45.7605980" lon="4.7688860">
    <ele>220.2</ele>
    <time>2026-07-01T11:59:14Z</time>
   </trkpt>
   <trkpt lat="45.7605840" lon="4.7689490">
    <ele>220.1</ele>
    <time>2026-07-01T11:59:15Z</time>
   </trkpt>
   <trkpt lat="45.7605820" lon="4.7690090">
    <ele>220.0</ele>
    <time>2026-07-01T11:59:16Z</time>
   </trkpt>
   <trkpt lat="45.7605720" lon="4.7690640">
    <ele>220.0</ele>
    <time>2026-07-01T11:59:17Z</time>
   </trkpt>
   <trkpt lat="45.7605610" lon="4.7691120">
    <ele>219.9</ele>
    <time>2026-07-01T11:59:18Z</time>
   </trkpt>
   <trkpt lat="45.7605560" lon="4.7691600">
    <ele>219.8</ele>
    <time>2026-07-01T11:59:19Z</time>
   </trkpt>
   <trkpt lat="45.7605500" lon="4.7692210">
    <ele>219.8</ele>
    <time>2026-07-01T11:59:20Z</time>
   </trkpt>
   <trkpt lat="45.7605500" lon="4.7692760">
    <ele>219.8</ele>
    <time>2026-07-01T11:59:21Z</time>
   </trkpt>
   <trkpt lat="45.7605370" lon="4.7693240">
    <ele>219.8</ele>
    <time>2026-07-01T11:59:22Z</time>
   </trkpt>
   <trkpt lat="45.7605290" lon="4.7693710">
    <ele>219.8</ele>
    <time>2026-07-01T11:59:23Z</time>
   </trkpt>
   <trkpt lat="45.7605140" lon="4.7694300">
    <ele>219.8</ele>
    <time>2026-07-01T11:59:24Z</time>
   </trkpt>
   <trkpt lat="45.7605010" lon="4.7694780">
    <ele>219.8</ele>
    <time>2026-07-01T11:59:25Z</time>
   </trkpt>
   <trkpt lat="45.7604970" lon="4.7695260">
    <ele>219.7</ele>
    <time>2026-07-01T11:59:26Z</time>
   </trkpt>
   <trkpt lat="45.7604910" lon="4.7695690">
    <ele>219.7</ele>
    <time>2026-07-01T11:59:27Z</time>
   </trkpt>
   <trkpt lat="45.7605020" lon="4.7696100">
    <ele>219.7</ele>
    <time>2026-07-01T11:59:28Z</time>
   </trkpt>
   <trkpt lat="45.7605090" lon="4.7696600">
    <ele>219.7</ele>
    <time>2026-07-01T11:59:29Z</time>
   </trkpt>
   <trkpt lat="45.7605110" lon="4.7697190">
    <ele>219.7</ele>
    <time>2026-07-01T11:59:30Z</time>
   </trkpt>
   <trkpt lat="45.7604970" lon="4.7697840">
    <ele>219.6</ele>
    <time>2026-07-01T11:59:31Z</time>
   </trkpt>
   <trkpt lat="45.7604950" lon="4.7698400">
    <ele>219.6</ele>
    <time>2026-07-01T11:59:32Z</time>
   </trkpt>
   <trkpt lat="45.7604870" lon="4.7699010">
    <ele>219.6</ele>
    <time>2026-07-01T11:59:33Z</time>
   </trkpt>
   <trkpt lat="45.7604750" lon="4.7699460">
    <ele>219.6</ele>
    <time>2026-07-01T11:59:34Z</time>
   </trkpt>
   <trkpt lat="45.7604620" lon="4.7699940">
    <ele>219.6</ele>
    <time>2026-07-01T11:59:35Z</time>
   </trkpt>
   <trkpt lat="45.7604510" lon="4.7700480">
    <ele>219.6</ele>
    <time>2026-07-01T11:59:36Z</time>
   </trkpt>
   <trkpt lat="45.7604490" lon="4.7701010">
    <ele>219.6</ele>
    <time>2026-07-01T11:59:37Z</time>
   </trkpt>
   <trkpt lat="45.7604460" lon="4.7701660">
    <ele>219.6</ele>
    <time>2026-07-01T11:59:38Z</time>
   </trkpt>
   <trkpt lat="45.7604390" lon="4.7702170">
    <ele>219.6</ele>
    <time>2026-07-01T11:59:39Z</time>
   </trkpt>
   <trkpt lat="45.7604360" lon="4.7702590">
    <ele>219.6</ele>
    <time>2026-07-01T11:59:40Z</time>
   </trkpt>
   <trkpt lat="45.7604340" lon="4.7703070">
    <ele>219.6</ele>
    <time>2026-07-01T11:59:41Z</time>
   </trkpt>
   <trkpt lat="45.7604310" lon="4.7703540">
    <ele>219.6</ele>
    <time>2026-07-01T11:59:42Z</time>
   </trkpt>
   <trkpt lat="45.7604360" lon="4.7704050">
    <ele>219.5</ele>
    <time>2026-07-01T11:59:43Z</time>
   </trkpt>
   <trkpt lat="45.7604390" lon="4.7704520">
    <ele>219.5</ele>
    <time>2026-07-01T11:59:44Z</time>
   </trkpt>
   <trkpt lat="45.7604410" lon="4.7705040">
    <ele>219.5</ele>
    <time>2026-07-01T11:59:45Z</time>
   </trkpt>
   <trkpt lat="45.7604350" lon="4.7705660">
    <ele>219.5</ele>
    <time>2026-07-01T11:59:47Z</time>
   </trkpt>
   <trkpt lat="45.7604340" lon="4.7706120">
    <ele>219.5</ele>
    <time>2026-07-01T11:59:48Z</time>
   </trkpt>
   <trkpt lat="45.7604360" lon="4.7706600">
    <ele>219.6</ele>
    <time>2026-07-01T11:59:49Z</time>
   </trkpt>
   <trkpt lat="45.7604400" lon="4.7706990">
    <ele>219.6</ele>
    <time>2026-07-01T11:59:50Z</time>
   </trkpt>
   <trkpt lat="45.7604380" lon="4.7707540">
    <ele>219.6</ele>
    <time>2026-07-01T11:59:51Z</time>
   </trkpt>
   <trkpt lat="45.7604510" lon="4.7708080">
    <ele>219.6</ele>
    <time>2026-07-01T11:59:52Z</time>
   </trkpt>
   <trkpt lat="45.7604530" lon="4.7708610">
    <ele>219.6</ele>
    <time>2026-07-01T11:59:53Z</time>
   </trkpt>
   <trkpt lat="45.7604620" lon="4.7709190">
    <ele>219.6</ele>
    <time>2026-07-01T11:59:54Z</time>
   </trkpt>
   <trkpt lat="45.7604480" lon="4.7709850">
    <ele>219.6</ele>
    <time>2026-07-01T11:59:55Z</time>
   </trkpt>
   <trkpt lat="45.7604340" lon="4.7710430">
    <ele>219.7</ele>
    <time>2026-07-01T11:59:56Z</time>
   </trkpt>
   <trkpt lat="45.7604190" lon="4.7710710">
    <ele>219.7</ele>
    <time>2026-07-01T11:59:57Z</time>
   </trkpt>
   <trkpt lat="45.7604330" lon="4.7711340">
    <ele>219.7</ele>
    <time>2026-07-01T11:59:58Z</time>
   </trkpt>
   <trkpt lat="45.7604240" lon="4.7711850">
    <ele>219.7</ele>
    <time>2026-07-01T11:59:59Z</time>
   </trkpt>
   <trkpt lat="45.7604140" lon="4.7712390">
    <ele>219.7</ele>
    <time>2026-07-01T12:00:00Z</time>
   </trkpt>
   <trkpt lat="45.7604050" lon="4.7712880">
    <ele>219.8</ele>
    <time>2026-07-01T12:00:01Z</time>
   </trkpt>
   <trkpt lat="45.7604000" lon="4.7713350">
    <ele>219.8</ele>
    <time>2026-07-01T12:00:02Z</time>
   </trkpt>
   <trkpt lat="45.7604080" lon="4.7713940">
    <ele>219.8</ele>
    <time>2026-07-01T12:00:03Z</time>
   </trkpt>
   <trkpt lat="45.7604000" lon="4.7714410">
    <ele>219.8</ele>
    <time>2026-07-01T12:00:04Z</time>
   </trkpt>
   <trkpt lat="45.7604090" lon="4.7714920">
    <ele>219.8</ele>
    <time>2026-07-01T12:00:05Z</time>
   </trkpt>
   <trkpt lat="45.7604130" lon="4.7715430">
    <ele>219.9</ele>
    <time>2026-07-01T12:00:06Z</time>
   </trkpt>
   <trkpt lat="45.7604150" lon="4.7715920">
    <ele>219.9</ele>
    <time>2026-07-01T12:00:07Z</time>
   </trkpt>
   <trkpt lat="45.7604260" lon="4.7716550">
    <ele>219.9</ele>
    <time>2026-07-01T12:00:08Z</time>
   </trkpt>
   <trkpt lat="45.7604330" lon="4.7717090">
    <ele>219.9</ele>
    <time>2026-07-01T12:00:09Z</time>
   </trkpt>
   <trkpt lat="45.7604310" lon="4.7717680">
    <ele>220.0</ele>
    <time>2026-07-01T12:00:10Z</time>
   </trkpt>
   <trkpt lat="45.7604210" lon="4.7718200">
    <ele>220.0</ele>
    <time>2026-07-01T12:00:11Z</time>
   </trkpt>
   <trkpt lat="45.7604180" lon="4.7718770">
    <ele>220.0</ele>
    <time>2026-07-01T12:00:12Z</time>
   </trkpt>
   <trkpt lat="45.7604120" lon="4.7719240">
    <ele>220.1</ele>
    <time>2026-07-01T12:00:13Z</time>
   </trkpt>
   <trkpt lat="45.7604090" lon="4.7719840">
    <ele>220.1</ele>
    <time>2026-07-01T12:00:14Z</time>
   </trkpt>
   <trkpt lat="45.7604100" lon="4.7720350">
    <ele>220.1</ele>
    <time>2026-07-01T12:00:15Z</time>
   </trkpt>
   <trkpt lat="45.7604110" lon="4.7720860">
    <ele>220.1</ele>
    <time>2026-07-01T12:00:16Z</time>
   </trkpt>
   <trkpt lat="45.7604090" lon="4.7721450">
    <ele>220.2</ele>
    <time>2026-07-01T12:00:17Z</time>
   </trkpt>
   <trkpt lat="45.7604020" lon="4.7721900">
    <ele>220.2</ele>
    <time>2026-07-01T12:00:18Z</time>
   </trkpt>
   <trkpt lat="45.7604060" lon="4.7722540">
    <ele>220.2</ele>
    <time>2026-07-01T12:00:19Z</time>
   </trkpt>
   <trkpt lat="45.7604010" lon="4.7723000">
    <ele>220.2</ele>
    <time>2026-07-01T12:00:20Z</time>
   </trkpt>
   <trkpt lat="45.7604020" lon="4.7723490">
    <ele>220.3</ele>
    <time>2026-07-01T12:00:21Z</time>
   </trkpt>
   <trkpt lat="45.7604000" lon="4.7724050">
    <ele>220.3</ele>
    <time>2026-07-01T12:00:22Z</time>
   </trkpt>
   <trkpt lat="45.7603920" lon="4.7724530">
    <ele>220.3</ele>
    <time>2026-07-01T12:00:23Z</time>
   </trkpt>
   <trkpt lat="45.7603800" lon="4.7725120">
    <ele>220.3</ele>
    <time>2026-07-01T12:00:24Z</time>
   </trkpt>
   <trkpt lat="45.7603810" lon="4.7725550">
    <ele>220.3</ele>
    <time>2026-07-01T12:00:25Z</time>
   </trkpt>
   <trkpt lat="45.7603970" lon="4.7725910">
    <ele>220.3</ele>
    <time>2026-07-01T12:00:26Z</time>
   </trkpt>
   <trkpt lat="45.7604060" lon="4.7726310">
    <ele>220.3</ele>
    <time>2026-07-01T12:00:27Z</time>
   </trkpt>
   <trkpt lat="45.7604170" lon="4.7726830">
    <ele>220.4</ele>
    <time>2026-07-01T12:00:28Z</time>
   </trkpt>
   <trkpt lat="45.7604280" lon="4.7727360">
    <ele>220.4</ele>
    <time>2026-07-01T12:00:29Z</time>
   </trkpt>
   <trkpt lat="45.7604040" lon="4.7727930">
    <ele>220.4</ele>
    <time>2026-07-01T12:00:30Z</time>
   </trkpt>
   <trkpt lat="45.7603940" lon="4.7728530">
    <ele>220.4</ele>
    <time>2026-07-01T12:00:31Z</time>
   </trkpt>
   <trkpt lat="45.7603800" lon="4.7728980">
    <ele>220.4</ele>
    <time>2026-07-01T12:00:32Z</time>
   </trkpt>
   <trkpt lat="45.7603860" lon="4.7729490">
    <ele>220.4</ele>
    <time>2026-07-01T12:00:33Z</time>
   </trkpt>
   <trkpt lat="45.7603920" lon="4.7730010">
    <ele>220.4</ele>
    <time>2026-07-01T12:00:34Z</time>
   </trkpt>
   <trkpt lat="45.7603990" lon="4.7730700">
    <ele>220.4</ele>
    <time>2026-07-01T12:00:35Z</time>
   </trkpt>
   <trkpt lat="45.7604370" lon="4.7731300">
    <ele>220.5</ele>
    <time>2026-07-01T12:00:36Z</time>
   </trkpt>
   <trkpt lat="45.7604300" lon="4.7731800">
    <ele>220.5</ele>
    <time>2026-07-01T12:00:37Z</time>
   </trkpt>
   <trkpt lat="45.7604280" lon="4.7732390">
    <ele>220.5</ele>
    <time>2026-07-01T12:00:38Z</time>
   </trkpt>
   <trkpt lat="45.7604320" lon="4.7732740">
    <ele>220.4</ele>
    <time>2026-07-01T12:00:39Z</time>
   </trkpt>
  </trkseg>
 </trk>
</gpx>
